,mean,sd,hdi_3%,hdi_97%,mcse_mean,mcse_sd,ess_bulk,ess_tail,r_hat
celltype_bmi_slope[0],0.006,0.023,-0.037,0.049,0.0,0.0,8752.0,5323.0,1.0
celltype_bmi_slope[1],-0.094,0.058,-0.209,0.012,0.001,0.001,5518.0,4213.0,1.0
celltype_bmi_slope[2],-0.056,0.094,-0.233,0.146,0.001,0.002,4930.0,3962.0,1.0
celltype_bmi_slope[3],-0.027,0.027,-0.079,0.025,0.0,0.0,7254.0,4971.0,1.0
celltype_bmi_slope[4],0.02,0.025,-0.025,0.067,0.0,0.0,9299.0,4835.0,1.0
feature_baseline[0],-0.026,0.054,-0.13,0.072,0.0,0.001,15022.0,5575.0,1.0
feature_baseline[1],-0.021,0.054,-0.119,0.087,0.0,0.001,20187.0,5330.0,1.0
feature_baseline[2],-0.014,0.054,-0.117,0.084,0.0,0.001,15066.0,5270.0,1.0
feature_baseline[3],-0.011,0.053,-0.113,0.09,0.0,0.001,17970.0,6018.0,1.0
feature_baseline[4],-0.027,0.053,-0.126,0.072,0.0,0.001,16328.0,5930.0,1.0
feature_baseline[5],-0.015,0.055,-0.115,0.091,0.0,0.001,17208.0,5996.0,1.0
feature_baseline[6],-0.028,0.052,-0.126,0.071,0.0,0.001,17867.0,5924.0,1.0
feature_baseline[7],-0.014,0.054,-0.112,0.088,0.0,0.001,16503.0,5883.0,1.0
feature_baseline[8],-0.027,0.055,-0.127,0.08,0.0,0.001,19912.0,5216.0,1.0
feature_baseline[9],-0.017,0.053,-0.116,0.084,0.0,0.001,16548.0,5926.0,1.0
feature_baseline[10],-0.042,0.054,-0.142,0.059,0.0,0.001,17528.0,5264.0,1.0
feature_baseline[11],-0.017,0.055,-0.122,0.084,0.0,0.001,13784.0,6146.0,1.0
feature_baseline[12],-0.034,0.054,-0.137,0.065,0.0,0.001,12635.0,5903.0,1.0
feature_baseline[13],-0.027,0.054,-0.134,0.071,0.0,0.001,16431.0,5805.0,1.0
feature_baseline[14],-0.015,0.054,-0.119,0.086,0.0,0.001,18615.0,5472.0,1.0
feature_baseline[15],-0.011,0.054,-0.113,0.087,0.0,0.001,15472.0,5618.0,1.0
feature_baseline[16],-0.013,0.054,-0.111,0.089,0.0,0.001,17335.0,6221.0,1.0
feature_baseline[17],-0.006,0.055,-0.113,0.094,0.0,0.001,17544.0,5312.0,1.0
feature_baseline[18],-0.019,0.055,-0.123,0.081,0.0,0.001,13914.0,5505.0,1.0
feature_baseline[19],-0.012,0.055,-0.11,0.095,0.0,0.001,15193.0,6099.0,1.0
feature_baseline[20],-0.03,0.055,-0.134,0.072,0.0,0.001,16417.0,5786.0,1.0
feature_baseline[21],-0.019,0.054,-0.118,0.088,0.0,0.001,16054.0,5957.0,1.0
feature_baseline[22],-0.019,0.053,-0.116,0.082,0.0,0.001,15375.0,5698.0,1.0
feature_baseline[23],-0.013,0.053,-0.109,0.089,0.0,0.001,16363.0,5855.0,1.0
feature_baseline[24],-0.017,0.054,-0.117,0.088,0.001,0.001,11488.0,5221.0,1.0
feature_baseline[25],-0.012,0.055,-0.116,0.089,0.0,0.001,19962.0,5024.0,1.0
feature_baseline[26],-0.023,0.054,-0.131,0.074,0.0,0.001,13122.0,5946.0,1.0
feature_bmi_slope[0],0.01,0.03,-0.048,0.069,0.0,0.0,13352.0,6721.0,1.0
feature_bmi_slope[1],0.017,0.033,-0.043,0.079,0.0,0.0,11318.0,6335.0,1.0
feature_bmi_slope[2],-0.003,0.032,-0.065,0.057,0.0,0.0,11670.0,6931.0,1.0
feature_bmi_slope[3],0.006,0.03,-0.052,0.062,0.0,0.0,12677.0,7218.0,1.0
feature_bmi_slope[4],0.013,0.031,-0.042,0.076,0.0,0.0,11961.0,7098.0,1.0
feature_bmi_slope[5],0.012,0.031,-0.047,0.072,0.0,0.0,12234.0,6758.0,1.0
feature_bmi_slope[6],-0.004,0.032,-0.07,0.053,0.0,0.0,11996.0,6754.0,1.0
feature_bmi_slope[7],-0.002,0.031,-0.064,0.053,0.0,0.0,11998.0,6196.0,1.0
feature_bmi_slope[8],-0.099,0.043,-0.186,-0.024,0.0,0.0,10780.0,6997.0,1.0
feature_bmi_slope[9],-0.116,0.045,-0.206,-0.034,0.0,0.0,8289.0,6278.0,1.0
feature_bmi_slope[10],-0.075,0.046,-0.158,0.016,0.0,0.0,9228.0,6437.0,1.0
feature_bmi_slope[11],-0.04,0.049,-0.132,0.052,0.001,0.0,8263.0,7002.0,1.0
feature_bmi_slope[12],-0.08,0.05,-0.176,0.01,0.001,0.0,8778.0,6130.0,1.0
feature_bmi_slope[13],-0.015,0.035,-0.079,0.054,0.0,0.0,10741.0,6930.0,1.0
feature_bmi_slope[14],-0.012,0.037,-0.079,0.061,0.0,0.0,9803.0,6966.0,1.0
feature_bmi_slope[15],-0.013,0.036,-0.075,0.061,0.0,0.0,10334.0,6988.0,1.0
feature_bmi_slope[16],-0.045,0.037,-0.117,0.021,0.0,0.0,9072.0,7168.0,1.0
feature_bmi_slope[17],-0.032,0.035,-0.096,0.037,0.0,0.0,14058.0,7485.0,1.0
feature_bmi_slope[18],-0.027,0.035,-0.094,0.039,0.0,0.0,13328.0,6788.0,1.0
feature_bmi_slope[19],-0.049,0.039,-0.13,0.018,0.0,0.0,8409.0,7151.0,1.0
feature_bmi_slope[20],0.023,0.031,-0.036,0.084,0.0,0.0,13824.0,7347.0,1.0
feature_bmi_slope[21],0.026,0.032,-0.033,0.087,0.0,0.0,12426.0,6342.0,1.0
feature_bmi_slope[22],0.027,0.031,-0.033,0.086,0.0,0.0,12549.0,6328.0,1.0
feature_bmi_slope[23],0.018,0.031,-0.04,0.079,0.0,0.0,14052.0,6863.0,1.0
feature_bmi_slope[24],0.028,0.032,-0.028,0.094,0.0,0.0,11187.0,6388.0,1.0
feature_bmi_slope[25],0.011,0.032,-0.051,0.07,0.0,0.0,11738.0,7274.0,1.0
feature_bmi_slope[26],0.007,0.034,-0.062,0.064,0.0,0.0,8968.0,6329.0,1.0
feature_deviation_bmi_raw[0],0.093,0.906,-1.632,1.783,0.008,0.012,14608.0,5886.0,1.0
feature_deviation_bmi_raw[1],0.319,0.93,-1.498,2.016,0.008,0.012,14150.0,5272.0,1.0
feature_deviation_bmi_raw[2],-0.252,0.906,-1.987,1.417,0.008,0.011,13694.0,6157.0,1.0
feature_deviation_bmi_raw[3],-0.015,0.914,-1.707,1.797,0.008,0.011,12692.0,6332.0,1.0
feature_deviation_bmi_raw[4],0.186,0.931,-1.611,1.869,0.008,0.012,12924.0,5611.0,1.0
feature_deviation_bmi_raw[5],0.152,0.919,-1.609,1.878,0.008,0.012,13138.0,5602.0,1.0
feature_deviation_bmi_raw[6],-0.271,0.95,-1.973,1.597,0.008,0.013,13431.0,4782.0,1.0
feature_deviation_bmi_raw[7],-0.245,0.909,-2.002,1.43,0.009,0.011,11321.0,5681.0,1.0
feature_deviation_bmi_raw[8],-0.051,0.815,-1.63,1.464,0.009,0.009,8606.0,6418.0,1.0
feature_deviation_bmi_raw[9],-0.288,0.812,-1.838,1.252,0.009,0.009,7545.0,6436.0,1.0
feature_deviation_bmi_raw[10],0.292,0.841,-1.37,1.838,0.009,0.011,8126.0,5813.0,1.0
feature_deviation_bmi_raw[11],0.188,0.825,-1.43,1.693,0.01,0.009,7123.0,6396.0,1.0
feature_deviation_bmi_raw[12],-0.253,0.839,-1.835,1.328,0.01,0.01,6479.0,6258.0,1.0
feature_deviation_bmi_raw[13],0.269,0.886,-1.39,1.924,0.008,0.011,11280.0,5670.0,1.0
feature_deviation_bmi_raw[14],0.329,0.886,-1.283,2.109,0.009,0.01,10725.0,6255.0,1.0
feature_deviation_bmi_raw[15],0.325,0.866,-1.268,1.993,0.008,0.012,11530.0,5298.0,1.0
feature_deviation_bmi_raw[16],-0.394,0.877,-2.052,1.267,0.009,0.011,9888.0,5960.0,1.0
feature_deviation_bmi_raw[17],-0.1,0.876,-1.819,1.467,0.008,0.011,11464.0,6385.0,1.0
feature_deviation_bmi_raw[18],0.008,0.86,-1.627,1.629,0.008,0.011,12158.0,5867.0,1.0
feature_deviation_bmi_raw[19],-0.485,0.9,-2.16,1.272,0.009,0.011,9833.0,5871.0,1.0
feature_deviation_bmi_raw[20],0.085,0.903,-1.693,1.683,0.008,0.011,13177.0,5565.0,1.0
feature_deviation_bmi_raw[21],0.172,0.917,-1.555,1.896,0.008,0.011,12033.0,6240.0,1.0
feature_deviation_bmi_raw[22],0.175,0.897,-1.638,1.796,0.009,0.01,9804.0,6261.0,1.0
feature_deviation_bmi_raw[23],-0.064,0.899,-1.759,1.584,0.008,0.012,12866.0,5184.0,1.0
feature_deviation_bmi_raw[24],0.207,0.916,-1.588,1.844,0.009,0.011,10917.0,6033.0,1.0
feature_deviation_bmi_raw[25],-0.243,0.905,-1.948,1.477,0.009,0.011,11267.0,6041.0,1.0
feature_deviation_bmi_raw[26],-0.353,0.933,-2.131,1.411,0.009,0.012,10897.0,6155.0,1.0
feature_sigma_bmi[0],0.027,0.023,0.0,0.065,0.0,0.0,4274.0,3438.0,1.0
feature_sigma_bmi[1],0.071,0.067,0.0,0.195,0.001,0.001,3274.0,4254.0,1.0
feature_sigma_bmi[2],0.104,0.091,0.0,0.275,0.001,0.001,3459.0,4262.0,1.0
feature_sigma_bmi[3],0.037,0.031,0.0,0.091,0.001,0.001,3368.0,3506.0,1.0
feature_sigma_bmi[4],0.028,0.024,0.0,0.07,0.0,0.0,3661.0,3477.0,1.0
mu[0],-0.021,0.057,-0.127,0.086,0.0,0.001,14972.0,5329.0,1.0
mu[1],-0.024,0.055,-0.125,0.079,0.0,0.001,15043.0,5448.0,1.0
mu[2],-0.008,0.079,-0.15,0.149,0.001,0.001,14137.0,6427.0,1.0
mu[3],-0.03,0.056,-0.135,0.072,0.0,0.001,14811.0,5716.0,1.0
mu[4],-0.034,0.059,-0.145,0.076,0.0,0.001,14513.0,6154.0,1.0
mu[5],-0.023,0.055,-0.123,0.083,0.0,0.001,15027.0,5447.0,1.0
mu[6],-0.028,0.054,-0.132,0.071,0.0,0.001,14971.0,5538.0,1.0
mu[7],-0.02,0.058,-0.128,0.088,0.0,0.001,14915.0,5292.0,1.0
mu[8],-0.034,0.059,-0.146,0.078,0.0,0.001,14470.0,6165.0,1.0
mu[9],-0.04,0.068,-0.169,0.087,0.001,0.001,14041.0,6496.0,1.0
mu[10],-0.018,0.061,-0.127,0.099,0.001,0.001,14730.0,5370.0,1.0
mu[11],-0.018,0.06,-0.125,0.098,0.0,0.001,14768.0,5331.0,1.0
mu[12],0.017,0.147,-0.25,0.311,0.001,0.002,13652.0,6671.0,1.0
mu[13],-0.022,0.056,-0.128,0.082,0.0,0.001,14995.0,5432.0,1.0
mu[14],-0.028,0.054,-0.131,0.072,0.0,0.001,14990.0,5620.0,1.0
mu[15],-0.025,0.054,-0.126,0.076,0.0,0.001,15054.0,5483.0,1.0
mu[16],-0.023,0.055,-0.123,0.084,0.0,0.001,15028.0,5447.0,1.0
mu[17],-0.037,0.063,-0.153,0.085,0.001,0.001,14248.0,6274.0,1.0
mu[18],-0.012,0.071,-0.14,0.125,0.001,0.001,14375.0,5513.0,1.0
mu[19],-0.037,0.064,-0.156,0.085,0.001,0.001,14216.0,6353.0,1.0
mu[20],-0.021,0.057,-0.125,0.087,0.0,0.001,14985.0,5209.0,1.0
mu[21],-0.024,0.055,-0.125,0.078,0.0,0.001,15055.0,5587.0,1.0
mu[22],-0.021,0.057,-0.125,0.087,0.0,0.001,14990.0,5245.0,1.0
mu[23],-0.001,0.098,-0.189,0.182,0.001,0.001,13875.0,6164.0,1.0
mu[24],-0.026,0.054,-0.129,0.073,0.0,0.001,15021.0,5514.0,1.0
mu[25],-0.022,0.057,-0.128,0.083,0.0,0.001,14991.0,5300.0,1.0
mu[26],-0.015,0.065,-0.129,0.114,0.001,0.001,14539.0,5503.0,1.0
mu[27],-0.022,0.056,-0.128,0.083,0.0,0.001,14986.0,5432.0,1.0
mu[28],-0.024,0.055,-0.124,0.08,0.0,0.001,15050.0,5447.0,1.0
mu[29],-0.028,0.054,-0.131,0.072,0.0,0.001,15000.0,5661.0,1.0
mu[30],-0.013,0.069,-0.138,0.121,0.001,0.001,14441.0,5721.0,1.0
mu[31],-0.035,0.061,-0.155,0.074,0.001,0.001,14386.0,6169.0,1.0
mu[32],-0.031,0.056,-0.141,0.07,0.0,0.001,14736.0,5671.0,1.0
mu[33],-0.025,0.054,-0.127,0.075,0.0,0.001,15033.0,5615.0,1.0
mu[34],-0.025,0.054,-0.126,0.077,0.0,0.001,15050.0,5544.0,1.0
mu[35],-0.034,0.059,-0.146,0.077,0.0,0.001,14470.0,6165.0,1.0
mu[36],-0.03,0.055,-0.138,0.068,0.0,0.001,14853.0,5760.0,1.0
mu[37],-0.039,0.067,-0.166,0.086,0.001,0.001,14089.0,6497.0,1.0
mu[38],-0.036,0.061,-0.156,0.074,0.001,0.001,14372.0,6145.0,1.0
mu[39],-0.024,0.055,-0.125,0.078,0.0,0.001,15052.0,5587.0,1.0
mu[40],-0.022,0.056,-0.128,0.082,0.0,0.001,14984.0,5432.0,1.0
mu[41],-0.01,0.076,-0.149,0.139,0.001,0.001,14217.0,6012.0,1.0
mu[42],-0.034,0.06,-0.146,0.078,0.0,0.001,14467.0,6247.0,1.0
mu[43],-0.018,0.06,-0.126,0.097,0.0,0.001,14784.0,5427.0,1.0
mu[44],-0.041,0.07,-0.171,0.093,0.001,0.001,13980.0,6413.0,1.0
mu[45],-0.002,0.094,-0.18,0.176,0.001,0.001,13894.0,6043.0,1.0
mu[46],-0.02,0.058,-0.128,0.088,0.0,0.001,14917.0,5292.0,1.0
mu[47],-0.025,0.054,-0.126,0.076,0.0,0.001,15050.0,5647.0,1.0
mu[48],-0.027,0.054,-0.135,0.068,0.0,0.001,15002.0,5606.0,1.0
mu[49],-0.03,0.055,-0.134,0.073,0.0,0.001,14815.0,5716.0,1.0
mu[50],-0.039,0.067,-0.167,0.087,0.001,0.001,14078.0,6496.0,1.0
mu[51],-0.007,0.082,-0.162,0.148,0.001,0.001,14089.0,6325.0,1.0
mu[52],-0.026,0.054,-0.129,0.073,0.0,0.001,15018.0,5555.0,1.0
mu[53],-0.026,0.054,-0.129,0.073,0.0,0.001,15019.0,5617.0,1.0
mu[54],-0.026,0.054,-0.129,0.073,0.0,0.001,15018.0,5555.0,1.0
mu[55],-0.039,0.066,-0.164,0.085,0.001,0.001,14122.0,6467.0,1.0
mu[56],-0.032,0.057,-0.141,0.072,0.0,0.001,14661.0,5843.0,1.0
mu[57],-0.02,0.058,-0.127,0.087,0.0,0.001,14933.0,5293.0,1.0
mu[58],-0.031,0.056,-0.138,0.072,0.0,0.001,14748.0,5671.0,1.0
mu[59],-0.034,0.058,-0.143,0.077,0.0,0.001,14527.0,6083.0,1.0
mu[60],-0.019,0.059,-0.129,0.092,0.0,0.001,14865.0,5297.0,1.0
mu[61],-0.028,0.055,-0.132,0.071,0.0,0.001,14960.0,5693.0,1.0
mu[62],-0.017,0.062,-0.124,0.106,0.001,0.001,14665.0,5241.0,1.0
mu[63],-0.039,0.067,-0.167,0.087,0.001,0.001,14072.0,6497.0,1.0
mu[64],-0.013,0.069,-0.138,0.119,0.001,0.001,14453.0,5899.0,1.0
mu[65],-0.022,0.056,-0.128,0.081,0.0,0.001,15006.0,5409.0,1.0
mu[66],-0.022,0.056,-0.128,0.082,0.0,0.001,14994.0,5432.0,1.0
mu[67],-0.028,0.054,-0.132,0.071,0.0,0.001,14968.0,5518.0,1.0
mu[68],-0.02,0.058,-0.128,0.09,0.0,0.001,14889.0,5391.0,1.0
mu[69],-0.028,0.054,-0.132,0.071,0.0,0.001,14968.0,5518.0,1.0
mu[70],-0.022,0.056,-0.128,0.082,0.0,0.001,14994.0,5432.0,1.0
mu[71],-0.013,0.069,-0.138,0.12,0.001,0.001,14449.0,5700.0,1.0
mu[72],-0.035,0.06,-0.146,0.08,0.0,0.001,14449.0,6118.0,1.0
mu[73],-0.035,0.06,-0.146,0.08,0.0,0.001,14449.0,6118.0,1.0
mu[74],-0.026,0.054,-0.129,0.073,0.0,0.001,15014.0,5555.0,1.0
mu[75],-0.027,0.054,-0.131,0.071,0.0,0.001,15014.0,5597.0,1.0
mu[76],-0.023,0.055,-0.123,0.084,0.0,0.001,15028.0,5447.0,1.0
mu[77],-0.023,0.055,-0.123,0.083,0.0,0.001,15027.0,5447.0,1.0
mu[78],-0.033,0.057,-0.143,0.072,0.0,0.001,14635.0,5957.0,1.0
mu[79],-0.025,0.054,-0.127,0.075,0.0,0.001,15037.0,5605.0,1.0
mu[80],-0.039,0.067,-0.166,0.086,0.001,0.001,14089.0,6497.0,1.0
mu[81],-0.035,0.06,-0.146,0.08,0.0,0.001,14449.0,6118.0,1.0
mu[82],-0.028,0.054,-0.132,0.071,0.0,0.001,14968.0,5518.0,1.0
mu[83],-0.037,0.063,-0.154,0.081,0.001,0.001,14290.0,6185.0,1.0
mu[84],-0.018,0.061,-0.126,0.103,0.001,0.001,14706.0,5350.0,1.0
mu[85],-0.015,0.065,-0.129,0.114,0.001,0.001,14548.0,5509.0,1.0
mu[86],-0.031,0.056,-0.136,0.073,0.0,0.001,14777.0,5671.0,1.0
mu[87],-0.03,0.056,-0.135,0.072,0.0,0.001,14811.0,5716.0,1.0
mu[88],-0.024,0.055,-0.124,0.08,0.0,0.001,15050.0,5447.0,1.0
mu[89],-0.022,0.056,-0.128,0.082,0.0,0.001,14994.0,5432.0,1.0
mu[90],-0.039,0.067,-0.166,0.086,0.001,0.001,14089.0,6497.0,1.0
mu[91],-0.039,0.066,-0.164,0.085,0.001,0.001,14122.0,6467.0,1.0
mu[92],-0.001,0.098,-0.187,0.182,0.001,0.001,13879.0,6164.0,1.0
mu[93],-0.022,0.056,-0.128,0.082,0.0,0.001,14994.0,5432.0,1.0
mu[94],-0.038,0.064,-0.158,0.084,0.001,0.001,14210.0,6379.0,1.0
mu[95],-0.033,0.058,-0.146,0.074,0.0,0.001,14540.0,6037.0,1.0
mu[96],-0.042,0.072,-0.174,0.097,0.001,0.001,13903.0,6496.0,1.0
mu[97],-0.033,0.057,-0.143,0.072,0.0,0.001,14635.0,5957.0,1.0
mu[98],-0.011,0.073,-0.147,0.127,0.001,0.001,14309.0,5473.0,1.0
mu[99],-0.025,0.055,-0.125,0.078,0.0,0.001,15054.0,5525.0,1.0
mu[100],-0.027,0.054,-0.131,0.071,0.0,0.001,15010.0,5596.0,1.0
mu[101],-0.036,0.062,-0.152,0.083,0.001,0.001,14305.0,6180.0,1.0
mu[102],-0.018,0.061,-0.126,0.101,0.001,0.001,14730.0,5370.0,1.0
mu[103],-0.022,0.056,-0.128,0.082,0.0,0.001,14994.0,5432.0,1.0
mu[104],-0.024,0.055,-0.124,0.08,0.0,0.001,15050.0,5447.0,1.0
mu[105],-0.035,0.06,-0.146,0.08,0.0,0.001,14449.0,6118.0,1.0
mu[106],-0.041,0.071,-0.171,0.094,0.001,0.001,13956.0,6386.0,1.0
mu[107],-0.038,0.065,-0.159,0.085,0.001,0.001,14187.0,6461.0,1.0
mu[108],-0.017,0.062,-0.123,0.106,0.001,0.001,14668.0,5241.0,1.0
mu[109],-0.04,0.07,-0.17,0.092,0.001,0.001,13991.0,6440.0,1.0
mu[110],-0.031,0.056,-0.136,0.072,0.0,0.001,14794.0,5671.0,1.0
mu[111],-0.022,0.056,-0.128,0.081,0.0,0.001,14998.0,5508.0,1.0
mu[112],-0.033,0.057,-0.143,0.072,0.0,0.001,14635.0,5957.0,1.0
mu[113],-0.035,0.06,-0.146,0.08,0.0,0.001,14449.0,6118.0,1.0
mu[114],-0.028,0.054,-0.132,0.071,0.0,0.001,14968.0,5518.0,1.0
mu[115],-0.026,0.054,-0.129,0.073,0.0,0.001,15014.0,5555.0,1.0
mu[116],-0.03,0.056,-0.135,0.072,0.0,0.001,14811.0,5716.0,1.0
mu[117],-0.028,0.054,-0.132,0.071,0.0,0.001,14968.0,5518.0,1.0
mu[118],-0.018,0.061,-0.126,0.103,0.001,0.001,14706.0,5350.0,1.0
mu[119],-0.032,0.057,-0.142,0.069,0.0,0.001,14709.0,5777.0,1.0
mu[120],-0.029,0.055,-0.133,0.071,0.0,0.001,14948.0,5658.0,1.0
mu[121],-0.023,0.056,-0.123,0.085,0.0,0.001,15013.0,5448.0,1.0
mu[122],-0.038,0.065,-0.162,0.085,0.001,0.001,14159.0,6467.0,1.0
mu[123],-0.031,0.056,-0.138,0.072,0.0,0.001,14753.0,5672.0,1.0
mu[124],-0.03,0.055,-0.138,0.068,0.0,0.001,14878.0,5875.0,1.0
mu[125],-0.041,0.071,-0.172,0.096,0.001,0.001,13940.0,6468.0,1.0
mu[126],-0.033,0.057,-0.143,0.072,0.0,0.001,14635.0,5957.0,1.0
mu[127],-0.011,0.057,-0.12,0.098,0.0,0.001,18757.0,5653.0,1.0
mu[128],-0.017,0.055,-0.12,0.088,0.0,0.001,19939.0,5257.0,1.0
mu[129],0.012,0.082,-0.151,0.161,0.001,0.001,13217.0,6249.0,1.0
mu[130],-0.029,0.056,-0.133,0.077,0.0,0.001,19156.0,5716.0,1.0
mu[131],-0.035,0.06,-0.151,0.075,0.0,0.001,17497.0,5966.0,1.0
mu[132],-0.015,0.055,-0.119,0.091,0.0,0.001,19632.0,5274.0,1.0
mu[133],-0.024,0.055,-0.126,0.081,0.0,0.001,19951.0,5538.0,1.0
mu[134],-0.01,0.058,-0.121,0.1,0.0,0.001,18394.0,5738.0,1.0
mu[135],-0.035,0.061,-0.154,0.075,0.0,0.001,17304.0,5874.0,1.0
mu[136],-0.045,0.071,-0.175,0.09,0.001,0.001,15170.0,6376.0,1.0
mu[137],-0.006,0.062,-0.123,0.111,0.0,0.001,17160.0,5781.0,1.0
mu[138],-0.007,0.061,-0.124,0.107,0.0,0.001,17468.0,5801.0,1.0
mu[139],0.057,0.157,-0.229,0.362,0.001,0.002,11417.0,6272.0,1.0
mu[140],-0.013,0.056,-0.116,0.099,0.0,0.001,19118.0,5508.0,1.0
mu[141],-0.024,0.054,-0.125,0.081,0.0,0.001,20061.0,5564.0,1.0
mu[142],-0.019,0.054,-0.116,0.091,0.0,0.001,20096.0,5425.0,1.0
mu[143],-0.015,0.055,-0.114,0.097,0.0,0.001,19606.0,5220.0,1.0
mu[144],-0.041,0.065,-0.158,0.087,0.001,0.001,16114.0,6017.0,1.0
mu[145],0.004,0.072,-0.132,0.143,0.001,0.001,14804.0,6101.0,1.0
mu[146],-0.041,0.066,-0.159,0.088,0.001,0.001,15952.0,6042.0,1.0
mu[147],-0.012,0.057,-0.109,0.108,0.0,0.001,18871.0,5675.0,1.0
mu[148],-0.017,0.055,-0.122,0.085,0.0,0.001,19966.0,5256.0,1.0
mu[149],-0.012,0.057,-0.12,0.097,0.0,0.001,18884.0,5674.0,1.0
mu[150],0.026,0.103,-0.172,0.217,0.001,0.001,12301.0,6326.0,1.0
mu[151],-0.02,0.054,-0.118,0.088,0.0,0.001,20185.0,5406.0,1.0
mu[152],-0.012,0.057,-0.121,0.095,0.0,0.001,18991.0,5611.0,1.0
mu[153],-0.001,0.066,-0.123,0.128,0.001,0.001,15920.0,5993.0,1.0
mu[154],-0.013,0.057,-0.121,0.095,0.0,0.001,19038.0,5548.0,1.0
mu[155],-0.017,0.055,-0.12,0.088,0.0,0.001,19884.0,5257.0,1.0
mu[156],-0.023,0.054,-0.123,0.083,0.0,0.001,20096.0,5543.0,1.0
mu[157],0.003,0.071,-0.13,0.138,0.001,0.001,15061.0,6101.0,1.0
mu[158],-0.038,0.062,-0.149,0.086,0.0,0.001,16765.0,5860.0,1.0
mu[159],-0.03,0.057,-0.137,0.077,0.0,0.001,18692.0,5830.0,1.0
mu[160],-0.02,0.054,-0.116,0.09,0.0,0.001,20165.0,5445.0,1.0
mu[161],-0.019,0.054,-0.117,0.09,0.0,0.001,20127.0,5464.0,1.0
mu[162],-0.035,0.061,-0.153,0.076,0.0,0.001,17295.0,5874.0,1.0
mu[163],-0.028,0.056,-0.131,0.078,0.0,0.001,19329.0,5588.0,1.0
mu[164],-0.044,0.069,-0.173,0.085,0.001,0.001,15384.0,6376.0,1.0
mu[165],-0.038,0.063,-0.148,0.087,0.0,0.001,16728.0,5860.0,1.0
mu[166],-0.017,0.055,-0.122,0.085,0.0,0.001,19966.0,5256.0,1.0
mu[167],-0.013,0.057,-0.121,0.095,0.0,0.001,19058.0,5568.0,1.0
mu[168],0.009,0.079,-0.142,0.158,0.001,0.001,13617.0,6174.0,1.0
mu[169],-0.036,0.061,-0.158,0.072,0.0,0.001,17222.0,5851.0,1.0
mu[170],-0.007,0.061,-0.123,0.107,0.0,0.001,17519.0,5801.0,1.0
mu[171],-0.047,0.073,-0.18,0.093,0.001,0.001,14884.0,6401.0,1.0
mu[172],0.023,0.099,-0.165,0.207,0.001,0.001,12451.0,6296.0,1.0
mu[173],-0.01,0.058,-0.121,0.1,0.0,0.001,18430.0,5695.0,1.0
mu[174],-0.019,0.054,-0.116,0.09,0.0,0.001,20138.0,5465.0,1.0
mu[175],-0.023,0.054,-0.123,0.082,0.0,0.001,20120.0,5563.0,1.0
mu[176],-0.028,0.056,-0.133,0.077,0.0,0.001,19178.0,5672.0,1.0
mu[177],-0.045,0.07,-0.173,0.087,0.001,0.001,15331.0,6403.0,1.0
mu[178],0.014,0.086,-0.149,0.174,0.001,0.001,12984.0,6327.0,1.0
mu[179],-0.021,0.054,-0.118,0.088,0.0,0.001,20183.0,5368.0,1.0
mu[180],-0.021,0.054,-0.118,0.088,0.0,0.001,20187.0,5330.0,1.0
mu[181],-0.021,0.054,-0.118,0.088,0.0,0.001,20183.0,5368.0,1.0
mu[182],-0.043,0.068,-0.17,0.085,0.001,0.001,15527.0,6246.0,1.0
mu[183],-0.032,0.058,-0.141,0.077,0.0,0.001,18270.0,5671.0,1.0
mu[184],-0.01,0.058,-0.121,0.1,0.0,0.001,18501.0,5835.0,1.0
mu[185],-0.03,0.057,-0.136,0.077,0.0,0.001,18752.0,5852.0,1.0
mu[186],-0.034,0.059,-0.149,0.076,0.0,0.001,17624.0,5830.0,1.0
mu[187],-0.008,0.06,-0.121,0.106,0.0,0.001,17859.0,5758.0,1.0
mu[188],-0.025,0.055,-0.126,0.081,0.0,0.001,19861.0,5504.0,1.0
mu[189],-0.005,0.063,-0.122,0.115,0.0,0.001,16883.0,5861.0,1.0
mu[190],-0.045,0.07,-0.174,0.087,0.001,0.001,15309.0,6403.0,1.0
mu[191],0.003,0.07,-0.13,0.135,0.001,0.001,15149.0,6151.0,1.0
mu[192],-0.014,0.056,-0.113,0.1,0.0,0.001,19299.0,5409.0,1.0
mu[193],-0.013,0.056,-0.116,0.099,0.0,0.001,19121.0,5508.0,1.0
mu[194],-0.025,0.055,-0.127,0.08,0.0,0.001,19922.0,5485.0,1.0
mu[195],-0.009,0.059,-0.12,0.105,0.0,0.001,18117.0,5761.0,1.0
mu[196],-0.025,0.055,-0.127,0.08,0.0,0.001,19922.0,5485.0,1.0
mu[197],-0.013,0.056,-0.116,0.099,0.0,0.001,19121.0,5508.0,1.0
mu[198],0.003,0.071,-0.13,0.136,0.001,0.001,15090.0,6101.0,1.0
mu[199],-0.036,0.061,-0.15,0.082,0.0,0.001,17079.0,5852.0,1.0
mu[200],-0.036,0.061,-0.15,0.082,0.0,0.001,17079.0,5852.0,1.0
mu[201],-0.021,0.054,-0.118,0.088,0.0,0.001,20189.0,5330.0,1.0
mu[202],-0.022,0.054,-0.121,0.085,0.0,0.001,20162.0,5348.0,1.0
mu[203],-0.015,0.055,-0.119,0.091,0.0,0.001,19644.0,5274.0,1.0
mu[204],-0.015,0.055,-0.119,0.091,0.0,0.001,19632.0,5274.0,1.0
mu[205],-0.032,0.058,-0.142,0.077,0.0,0.001,18113.0,5673.0,1.0
mu[206],-0.019,0.054,-0.116,0.09,0.0,0.001,20157.0,5445.0,1.0
mu[207],-0.044,0.069,-0.173,0.085,0.001,0.001,15384.0,6376.0,1.0
mu[208],-0.036,0.061,-0.15,0.082,0.0,0.001,17079.0,5852.0,1.0
mu[209],-0.025,0.055,-0.127,0.08,0.0,0.001,19922.0,5485.0,1.0
mu[210],-0.04,0.064,-0.155,0.087,0.001,0.001,16294.0,5970.0,1.0
mu[211],-0.005,0.062,-0.123,0.113,0.0,0.001,16997.0,5940.0,1.0
mu[212],-0.001,0.066,-0.123,0.127,0.001,0.001,15967.0,5946.0,1.0
mu[213],-0.029,0.056,-0.136,0.076,0.0,0.001,18994.0,5826.0,1.0
mu[214],-0.029,0.056,-0.133,0.077,0.0,0.001,19156.0,5716.0,1.0
mu[215],-0.017,0.055,-0.12,0.088,0.0,0.001,19895.0,5257.0,1.0
mu[216],-0.013,0.056,-0.116,0.099,0.0,0.001,19121.0,5508.0,1.0
mu[217],-0.044,0.069,-0.173,0.085,0.001,0.001,15384.0,6376.0,1.0
mu[218],-0.043,0.068,-0.17,0.085,0.001,0.001,15527.0,6246.0,1.0
mu[219],0.025,0.103,-0.171,0.216,0.001,0.001,12310.0,6353.0,1.0
mu[220],-0.013,0.056,-0.116,0.099,0.0,0.001,19121.0,5508.0,1.0
mu[221],-0.041,0.066,-0.165,0.083,0.001,0.001,15905.0,6115.0,1.0
mu[222],-0.034,0.059,-0.148,0.076,0.0,0.001,17675.0,5721.0,1.0
mu[223],-0.049,0.075,-0.189,0.094,0.001,0.001,14593.0,6318.0,1.0
mu[224],-0.032,0.058,-0.142,0.077,0.0,0.001,18113.0,5673.0,1.0
mu[225],0.007,0.076,-0.141,0.146,0.001,0.001,14406.0,6099.0,1.0
mu[226],-0.018,0.055,-0.119,0.089,0.0,0.001,20041.0,5292.0,1.0
mu[227],-0.022,0.054,-0.121,0.085,0.0,0.001,20168.0,5329.0,1.0
mu[228],-0.039,0.064,-0.153,0.087,0.001,0.001,16365.0,5923.0,1.0
mu[229],-0.005,0.062,-0.123,0.111,0.0,0.001,17137.0,5806.0,1.0
mu[230],-0.013,0.056,-0.116,0.099,0.0,0.001,19121.0,5508.0,1.0
mu[231],-0.017,0.055,-0.12,0.088,0.0,0.001,19895.0,5257.0,1.0
mu[232],-0.036,0.061,-0.15,0.082,0.0,0.001,17079.0,5852.0,1.0
mu[233],-0.048,0.074,-0.182,0.094,0.001,0.001,14791.0,6361.0,1.0
mu[234],-0.042,0.067,-0.166,0.084,0.001,0.001,15803.0,6091.0,1.0
mu[235],-0.005,0.063,-0.122,0.115,0.0,0.001,16891.0,5861.0,1.0
mu[236],-0.047,0.072,-0.179,0.092,0.001,0.001,14959.0,6366.0,1.0
mu[237],-0.029,0.056,-0.135,0.076,0.0,0.001,19040.0,5781.0,1.0
mu[238],-0.013,0.056,-0.118,0.096,0.0,0.001,19206.0,5488.0,1.0
mu[239],-0.032,0.058,-0.142,0.077,0.0,0.001,18113.0,5673.0,1.0
mu[240],-0.036,0.061,-0.15,0.082,0.0,0.001,17079.0,5852.0,1.0
mu[241],-0.025,0.055,-0.127,0.08,0.0,0.001,19922.0,5485.0,1.0
mu[242],-0.021,0.054,-0.118,0.088,0.0,0.001,20189.0,5330.0,1.0
mu[243],-0.029,0.056,-0.133,0.077,0.0,0.001,19156.0,5716.0,1.0
mu[244],-0.025,0.055,-0.127,0.08,0.0,0.001,19922.0,5485.0,1.0
mu[245],-0.005,0.062,-0.123,0.113,0.0,0.001,16997.0,5940.0,1.0
mu[246],-0.031,0.057,-0.138,0.078,0.0,0.001,18526.0,5721.0,1.0
mu[247],-0.025,0.055,-0.126,0.081,0.0,0.001,19811.0,5523.0,1.0
mu[248],-0.014,0.056,-0.122,0.091,0.0,0.001,19397.0,5429.0,1.0
mu[249],-0.043,0.068,-0.167,0.085,0.001,0.001,15672.0,6165.0,1.0
mu[250],-0.03,0.057,-0.135,0.078,0.0,0.001,18814.0,5830.0,1.0
mu[251],-0.027,0.055,-0.133,0.077,0.0,0.001,19462.0,5568.0,1.0
mu[252],-0.048,0.074,-0.185,0.093,0.001,0.001,14730.0,6369.0,1.0
mu[253],-0.032,0.058,-0.142,0.077,0.0,0.001,18113.0,5673.0,1.0
mu[254],-0.015,0.056,-0.121,0.091,0.0,0.001,14816.0,5545.0,1.0
mu[255],-0.014,0.054,-0.118,0.084,0.0,0.001,15020.0,5403.0,1.0
mu[256],-0.019,0.08,-0.174,0.132,0.001,0.001,13427.0,6275.0,1.0
mu[257],-0.013,0.056,-0.117,0.092,0.0,0.001,14564.0,5553.0,1.0
mu[258],-0.012,0.059,-0.123,0.1,0.001,0.001,13991.0,6042.0,1.0
mu[259],-0.015,0.055,-0.119,0.086,0.0,0.001,14962.0,5472.0,1.0
mu[260],-0.013,0.054,-0.114,0.088,0.0,0.001,14885.0,5521.0,1.0
mu[261],-0.015,0.057,-0.122,0.093,0.0,0.001,14715.0,5614.0,1.0
mu[262],-0.012,0.06,-0.123,0.101,0.001,0.001,13934.0,6044.0,1.0
mu[263],-0.01,0.07,-0.138,0.124,0.001,0.001,13229.0,6418.0,1.0
mu[264],-0.016,0.061,-0.134,0.094,0.001,0.001,14418.0,5720.0,1.0
mu[265],-0.016,0.06,-0.131,0.094,0.0,0.001,14486.0,5684.0,1.0
mu[266],-0.025,0.151,-0.319,0.257,0.001,0.002,12229.0,6591.0,1.0
mu[267],-0.015,0.056,-0.117,0.092,0.0,0.001,14896.0,5395.0,1.0
mu[268],-0.013,0.054,-0.113,0.089,0.0,0.001,14945.0,5499.0,1.0
mu[269],-0.014,0.054,-0.118,0.083,0.0,0.001,15042.0,5355.0,1.0
mu[270],-0.015,0.055,-0.12,0.086,0.0,0.001,14959.0,5433.0,1.0
mu[271],-0.011,0.064,-0.126,0.118,0.001,0.001,13801.0,6215.0,1.0
mu[272],-0.018,0.071,-0.152,0.118,0.001,0.001,13779.0,5954.0,1.0
mu[273],-0.011,0.065,-0.127,0.119,0.001,0.001,13701.0,6267.0,1.0
mu[274],-0.015,0.056,-0.118,0.093,0.0,0.001,14841.0,5459.0,1.0
mu[275],-0.014,0.054,-0.118,0.084,0.0,0.001,15022.0,5429.0,1.0
mu[276],-0.015,0.056,-0.117,0.093,0.0,0.001,14845.0,5454.0,1.0
mu[277],-0.021,0.1,-0.21,0.169,0.001,0.001,13069.0,6423.0,1.0
mu[278],-0.014,0.054,-0.112,0.089,0.0,0.001,15070.0,5268.0,1.0
mu[279],-0.015,0.056,-0.118,0.092,0.0,0.001,14864.0,5375.0,1.0
mu[280],-0.017,0.065,-0.141,0.104,0.001,0.001,14099.0,5803.0,1.0
mu[281],-0.015,0.056,-0.116,0.093,0.0,0.001,14878.0,5395.0,1.0
mu[282],-0.014,0.054,-0.119,0.084,0.0,0.001,15015.0,5414.0,1.0
mu[283],-0.014,0.054,-0.115,0.086,0.0,0.001,14968.0,5498.0,1.0
mu[284],-0.017,0.069,-0.154,0.109,0.001,0.001,13854.0,5925.0,1.0
mu[285],-0.011,0.062,-0.121,0.112,0.001,0.001,13765.0,6100.0,1.0
mu[286],-0.012,0.057,-0.114,0.098,0.0,0.001,14400.0,5694.0,1.0
mu[287],-0.014,0.054,-0.116,0.085,0.0,0.001,15059.0,5405.0,1.0
mu[288],-0.014,0.054,-0.118,0.083,0.0,0.001,15048.0,5384.0,1.0
mu[289],-0.012,0.06,-0.125,0.1,0.001,0.001,13931.0,6044.0,1.0
mu[290],-0.013,0.055,-0.113,0.094,0.0,0.001,14648.0,5373.0,1.0
mu[291],-0.01,0.068,-0.134,0.123,0.001,0.001,13356.0,6363.0,1.0
mu[292],-0.011,0.062,-0.124,0.11,0.001,0.001,14167.0,6174.0,1.0
mu[293],-0.014,0.054,-0.118,0.084,0.0,0.001,15020.0,5429.0,1.0
mu[294],-0.015,0.056,-0.116,0.093,0.0,0.001,14878.0,5395.0,1.0
mu[295],-0.018,0.077,-0.168,0.126,0.001,0.001,13534.0,6198.0,1.0
mu[296],-0.012,0.06,-0.125,0.101,0.001,0.001,13909.0,5995.0,1.0
mu[297],-0.016,0.06,-0.132,0.093,0.0,0.001,14506.0,5707.0,1.0
mu[298],-0.01,0.072,-0.14,0.129,0.001,0.001,13081.0,6413.0,1.0
mu[299],-0.02,0.095,-0.209,0.157,0.001,0.001,13115.0,6317.0,1.0
mu[300],-0.015,0.057,-0.118,0.097,0.0,0.001,14751.0,5615.0,1.0
mu[301],-0.014,0.054,-0.119,0.083,0.0,0.001,15048.0,5365.0,1.0
mu[302],-0.014,0.054,-0.114,0.087,0.0,0.001,14994.0,5498.0,1.0
mu[303],-0.013,0.056,-0.117,0.092,0.0,0.001,14577.0,5573.0,1.0
mu[304],-0.01,0.069,-0.133,0.126,0.001,0.001,13324.0,6379.0,1.0
mu[305],-0.019,0.083,-0.188,0.13,0.001,0.001,13337.0,6354.0,1.0
mu[306],-0.014,0.054,-0.112,0.088,0.0,0.001,15063.0,5232.0,1.0
mu[307],-0.014,0.054,-0.117,0.084,0.0,0.001,15062.0,5234.0,1.0
mu[308],-0.014,0.054,-0.112,0.088,0.0,0.001,15063.0,5232.0,1.0
mu[309],-0.011,0.067,-0.132,0.122,0.001,0.001,13446.0,6333.0,1.0
mu[310],-0.012,0.057,-0.125,0.091,0.0,0.001,14245.0,5543.0,1.0
mu[311],-0.015,0.057,-0.121,0.093,0.0,0.001,14754.0,5636.0,1.0
mu[312],-0.013,0.056,-0.114,0.098,0.0,0.001,14423.0,5744.0,1.0
mu[313],-0.012,0.059,-0.124,0.097,0.0,0.001,14034.0,5923.0,1.0
mu[314],-0.016,0.059,-0.125,0.096,0.0,0.001,14601.0,5709.0,1.0
mu[315],-0.013,0.054,-0.115,0.089,0.0,0.001,14855.0,5421.0,1.0
mu[316],-0.016,0.061,-0.136,0.096,0.001,0.001,14348.0,5712.0,1.0
mu[317],-0.01,0.069,-0.133,0.126,0.001,0.001,13313.0,6310.0,1.0
mu[318],-0.017,0.068,-0.152,0.108,0.001,0.001,13878.0,5951.0,1.0
mu[319],-0.015,0.055,-0.117,0.091,0.0,0.001,14905.0,5364.0,1.0
mu[320],-0.015,0.056,-0.116,0.092,0.0,0.001,14892.0,5395.0,1.0
mu[321],-0.013,0.054,-0.113,0.089,0.0,0.001,14879.0,5521.0,1.0
mu[322],-0.016,0.058,-0.121,0.097,0.0,0.001,14659.0,5708.0,1.0
mu[323],-0.013,0.054,-0.113,0.089,0.0,0.001,14879.0,5521.0,1.0
mu[324],-0.015,0.056,-0.116,0.092,0.0,0.001,14892.0,5395.0,1.0
mu[325],-0.017,0.069,-0.153,0.109,0.001,0.001,13863.0,5934.0,1.0
mu[326],-0.012,0.061,-0.125,0.103,0.001,0.001,13867.0,5995.0,1.0
mu[327],-0.012,0.061,-0.125,0.103,0.001,0.001,13867.0,5995.0,1.0
mu[328],-0.014,0.054,-0.112,0.088,0.0,0.001,15063.0,5232.0,1.0
mu[329],-0.014,0.054,-0.115,0.086,0.0,0.001,15050.0,5301.0,1.0
mu[330],-0.015,0.055,-0.119,0.086,0.0,0.001,14966.0,5472.0,1.0
mu[331],-0.015,0.055,-0.119,0.086,0.0,0.001,14962.0,5472.0,1.0
mu[332],-0.012,0.058,-0.123,0.094,0.0,0.001,14188.0,5612.0,1.0
mu[333],-0.014,0.054,-0.118,0.083,0.0,0.001,15055.0,5405.0,1.0
mu[334],-0.01,0.068,-0.134,0.123,0.001,0.001,13356.0,6363.0,1.0
mu[335],-0.012,0.061,-0.125,0.103,0.001,0.001,13867.0,5995.0,1.0
mu[336],-0.013,0.054,-0.113,0.089,0.0,0.001,14879.0,5521.0,1.0
mu[337],-0.011,0.064,-0.123,0.117,0.001,0.001,13897.0,6256.0,1.0
mu[338],-0.016,0.061,-0.134,0.096,0.001,0.001,14383.0,5638.0,1.0
mu[339],-0.017,0.065,-0.142,0.102,0.001,0.001,14108.0,5825.0,1.0
mu[340],-0.013,0.056,-0.114,0.096,0.0,0.001,14513.0,5628.0,1.0
mu[341],-0.013,0.056,-0.117,0.092,0.0,0.001,14564.0,5553.0,1.0
mu[342],-0.014,0.054,-0.119,0.084,0.0,0.001,15020.0,5393.0,1.0
mu[343],-0.015,0.056,-0.116,0.092,0.0,0.001,14892.0,5395.0,1.0
mu[344],-0.01,0.068,-0.134,0.123,0.001,0.001,13356.0,6363.0,1.0
mu[345],-0.011,0.067,-0.132,0.122,0.001,0.001,13446.0,6333.0,1.0
mu[346],-0.021,0.099,-0.209,0.168,0.001,0.001,13076.0,6383.0,1.0
mu[347],-0.015,0.056,-0.116,0.092,0.0,0.001,14892.0,5395.0,1.0
mu[348],-0.011,0.065,-0.127,0.119,0.001,0.001,13682.0,6241.0,1.0
mu[349],-0.012,0.059,-0.124,0.097,0.0,0.001,14057.0,5900.0,1.0
mu[350],-0.01,0.074,-0.144,0.134,0.001,0.001,12932.0,6332.0,1.0
mu[351],-0.012,0.058,-0.123,0.094,0.0,0.001,14188.0,5612.0,1.0
mu[352],-0.018,0.073,-0.158,0.123,0.001,0.001,13651.0,6111.0,1.0
mu[353],-0.014,0.054,-0.118,0.084,0.0,0.001,15044.0,5472.0,1.0
mu[354],-0.014,0.054,-0.115,0.086,0.0,0.001,15049.0,5357.0,1.0
mu[355],-0.011,0.063,-0.122,0.117,0.001,0.001,13943.0,6304.0,1.0
mu[356],-0.016,0.061,-0.134,0.094,0.001,0.001,14410.0,5711.0,1.0
mu[357],-0.015,0.056,-0.116,0.092,0.0,0.001,14892.0,5395.0,1.0
mu[358],-0.014,0.054,-0.119,0.084,0.0,0.001,15020.0,5393.0,1.0
mu[359],-0.012,0.061,-0.125,0.103,0.001,0.001,13867.0,5995.0,1.0
mu[360],-0.01,0.072,-0.14,0.132,0.001,0.001,13038.0,6359.0,1.0
mu[361],-0.011,0.066,-0.132,0.117,0.001,0.001,13613.0,6294.0,1.0
mu[362],-0.016,0.061,-0.135,0.097,0.001,0.001,14350.0,5712.0,1.0
mu[363],-0.01,0.071,-0.14,0.128,0.001,0.001,13112.0,6414.0,1.0
mu[364],-0.013,0.056,-0.116,0.093,0.0,0.001,14530.0,5553.0,1.0
mu[365],-0.015,0.056,-0.117,0.091,0.0,0.001,14892.0,5393.0,1.0
mu[366],-0.012,0.058,-0.123,0.094,0.0,0.001,14188.0,5612.0,1.0
mu[367],-0.012,0.061,-0.125,0.103,0.001,0.001,13867.0,5995.0,1.0
mu[368],-0.013,0.054,-0.113,0.089,0.0,0.001,14879.0,5521.0,1.0
mu[369],-0.014,0.054,-0.112,0.088,0.0,0.001,15063.0,5232.0,1.0
mu[370],-0.013,0.056,-0.117,0.092,0.0,0.001,14564.0,5553.0,1.0
mu[371],-0.013,0.054,-0.113,0.089,0.0,0.001,14879.0,5521.0,1.0
mu[372],-0.016,0.061,-0.134,0.096,0.001,0.001,14383.0,5638.0,1.0
mu[373],-0.012,0.057,-0.115,0.099,0.0,0.001,14344.0,5688.0,1.0
mu[374],-0.013,0.054,-0.115,0.088,0.0,0.001,14836.0,5442.0,1.0
mu[375],-0.015,0.055,-0.117,0.09,0.0,0.001,14918.0,5355.0,1.0
mu[376],-0.011,0.067,-0.131,0.12,0.001,0.001,13548.0,6319.0,1.0
mu[377],-0.013,0.056,-0.118,0.093,0.0,0.001,14468.0,5628.0,1.0
mu[378],-0.013,0.055,-0.114,0.092,0.0,0.001,14704.0,5331.0,1.0
mu[379],-0.01,0.073,-0.143,0.131,0.001,0.001,13008.0,6385.0,1.0
mu[380],-0.012,0.058,-0.123,0.094,0.0,0.001,14188.0,5612.0,1.0
mu[381],-0.008,0.056,-0.114,0.096,0.0,0.001,16686.0,6275.0,1.0
mu[382],-0.01,0.054,-0.107,0.096,0.0,0.001,17478.0,5882.0,1.0
mu[383],-0.0,0.077,-0.139,0.146,0.001,0.001,14123.0,6636.0,1.0
mu[384],-0.014,0.055,-0.117,0.09,0.0,0.001,18134.0,6231.0,1.0
mu[385],-0.016,0.059,-0.124,0.098,0.0,0.001,17201.0,6429.0,1.0
mu[386],-0.009,0.054,-0.112,0.093,0.0,0.001,17183.0,6227.0,1.0
mu[387],-0.012,0.054,-0.107,0.097,0.0,0.001,18158.0,6203.0,1.0
mu[388],-0.008,0.056,-0.114,0.098,0.0,0.001,16458.0,6229.0,1.0
mu[389],-0.016,0.059,-0.125,0.099,0.0,0.001,17096.0,6465.0,1.0
mu[390],-0.019,0.069,-0.149,0.112,0.001,0.001,15737.0,6984.0,1.0
mu[391],-0.006,0.059,-0.115,0.106,0.0,0.001,15740.0,6348.0,1.0
mu[392],-0.007,0.059,-0.114,0.105,0.0,0.001,15888.0,6320.0,1.0
mu[393],0.015,0.144,-0.26,0.279,0.001,0.002,12944.0,7100.0,1.0
mu[394],-0.009,0.055,-0.111,0.096,0.0,0.001,16917.0,6302.0,1.0
mu[395],-0.012,0.054,-0.106,0.097,0.0,0.001,18139.0,6155.0,1.0
mu[396],-0.011,0.054,-0.107,0.095,0.0,0.001,17711.0,5945.0,1.0
mu[397],-0.009,0.054,-0.112,0.093,0.0,0.001,17178.0,6193.0,1.0
mu[398],-0.018,0.064,-0.139,0.103,0.0,0.001,16381.0,6631.0,1.0
mu[399],-0.003,0.068,-0.131,0.123,0.001,0.001,14566.0,6372.0,1.0
mu[400],-0.018,0.064,-0.143,0.102,0.001,0.001,16280.0,6690.0,1.0
mu[401],-0.008,0.055,-0.112,0.097,0.0,0.001,16750.0,6241.0,1.0
mu[402],-0.01,0.054,-0.107,0.095,0.0,0.001,17530.0,5976.0,1.0
mu[403],-0.008,0.055,-0.112,0.097,0.0,0.001,16757.0,6241.0,1.0
mu[404],0.004,0.096,-0.175,0.18,0.001,0.001,13740.0,6799.0,1.0
mu[405],-0.011,0.053,-0.108,0.095,0.0,0.001,17925.0,5905.0,1.0
mu[406],-0.008,0.055,-0.113,0.095,0.0,0.001,16809.0,6301.0,1.0
mu[407],-0.005,0.063,-0.124,0.112,0.001,0.001,15104.0,6268.0,1.0
mu[408],-0.009,0.055,-0.112,0.096,0.0,0.001,16845.0,6292.0,1.0
mu[409],-0.01,0.054,-0.107,0.096,0.0,0.001,17418.0,5837.0,1.0
mu[410],-0.012,0.054,-0.104,0.099,0.0,0.001,18106.0,6078.0,1.0
mu[411],-0.003,0.067,-0.132,0.117,0.001,0.001,14701.0,6428.0,1.0
mu[412],-0.017,0.061,-0.132,0.1,0.0,0.001,16771.0,6466.0,1.0
mu[413],-0.014,0.056,-0.121,0.089,0.0,0.001,18027.0,6334.0,1.0
mu[414],-0.011,0.053,-0.111,0.091,0.0,0.001,17829.0,5945.0,1.0
mu[415],-0.011,0.054,-0.108,0.094,0.0,0.001,17745.0,5877.0,1.0
mu[416],-0.016,0.059,-0.125,0.099,0.0,0.001,17090.0,6465.0,1.0
mu[417],-0.014,0.055,-0.117,0.088,0.0,0.001,18105.0,6257.0,1.0
mu[418],-0.019,0.067,-0.153,0.103,0.001,0.001,15892.0,6879.0,1.0
mu[419],-0.017,0.061,-0.132,0.1,0.0,0.001,16751.0,6522.0,1.0
mu[420],-0.01,0.054,-0.107,0.095,0.0,0.001,17536.0,5976.0,1.0
mu[421],-0.009,0.055,-0.112,0.096,0.0,0.001,16861.0,6301.0,1.0
mu[422],-0.001,0.074,-0.132,0.142,0.001,0.001,14243.0,6573.0,1.0
mu[423],-0.016,0.06,-0.123,0.103,0.0,0.001,17042.0,6438.0,1.0
mu[424],-0.007,0.058,-0.112,0.107,0.0,0.001,15922.0,6291.0,1.0
mu[425],-0.02,0.07,-0.151,0.117,0.001,0.001,15538.0,6887.0,1.0
mu[426],0.003,0.092,-0.163,0.178,0.001,0.001,13795.0,6796.0,1.0
mu[427],-0.008,0.056,-0.115,0.097,0.0,0.001,16479.0,6242.0,1.0
mu[428],-0.011,0.053,-0.108,0.094,0.0,0.001,17757.0,5899.0,1.0
mu[429],-0.012,0.054,-0.103,0.099,0.0,0.001,18085.0,5981.0,1.0
mu[430],-0.014,0.055,-0.117,0.09,0.0,0.001,18128.0,6231.0,1.0
mu[431],-0.019,0.068,-0.153,0.104,0.001,0.001,15855.0,6889.0,1.0
mu[432],0.0,0.08,-0.146,0.148,0.001,0.001,14056.0,6708.0,1.0
mu[433],-0.011,0.053,-0.108,0.095,0.0,0.001,17936.0,5905.0,1.0
mu[434],-0.011,0.053,-0.113,0.09,0.0,0.001,17977.0,5977.0,1.0
mu[435],-0.011,0.053,-0.108,0.095,0.0,0.001,17936.0,5905.0,1.0
mu[436],-0.019,0.066,-0.142,0.111,0.001,0.001,15994.0,6849.0,1.0
mu[437],-0.015,0.057,-0.121,0.093,0.0,0.001,17968.0,6351.0,1.0
mu[438],-0.008,0.056,-0.114,0.098,0.0,0.001,16533.0,6255.0,1.0
mu[439],-0.014,0.056,-0.121,0.089,0.0,0.001,18039.0,6334.0,1.0
mu[440],-0.016,0.058,-0.123,0.098,0.0,0.001,17268.0,6443.0,1.0
mu[441],-0.007,0.058,-0.111,0.105,0.0,0.001,16140.0,6326.0,1.0
mu[442],-0.013,0.054,-0.11,0.094,0.0,0.001,18180.0,6179.0,1.0
mu[443],-0.006,0.06,-0.115,0.109,0.0,0.001,15602.0,6321.0,1.0
mu[444],-0.019,0.068,-0.154,0.104,0.001,0.001,15838.0,6889.0,1.0
mu[445],-0.003,0.066,-0.129,0.118,0.001,0.001,14743.0,6388.0,1.0
mu[446],-0.009,0.055,-0.111,0.096,0.0,0.001,17018.0,6176.0,1.0
mu[447],-0.009,0.055,-0.111,0.096,0.0,0.001,16912.0,6302.0,1.0
mu[448],-0.013,0.054,-0.106,0.098,0.0,0.001,18161.0,6178.0,1.0
mu[449],-0.007,0.057,-0.114,0.1,0.0,0.001,16294.0,6316.0,1.0
mu[450],-0.013,0.054,-0.106,0.098,0.0,0.001,18161.0,6178.0,1.0
mu[451],-0.009,0.055,-0.111,0.096,0.0,0.001,16912.0,6302.0,1.0
mu[452],-0.003,0.067,-0.13,0.118,0.001,0.001,14718.0,6428.0,1.0
mu[453],-0.016,0.06,-0.124,0.103,0.0,0.001,16955.0,6455.0,1.0
mu[454],-0.016,0.06,-0.124,0.103,0.0,0.001,16955.0,6455.0,1.0
mu[455],-0.011,0.053,-0.108,0.095,0.0,0.001,17948.0,5953.0,1.0
mu[456],-0.012,0.053,-0.114,0.089,0.0,0.001,18037.0,5954.0,1.0
mu[457],-0.009,0.054,-0.106,0.099,0.0,0.001,17187.0,6171.0,1.0
mu[458],-0.009,0.054,-0.112,0.093,0.0,0.001,17183.0,6227.0,1.0
mu[459],-0.015,0.057,-0.12,0.095,0.0,0.001,17925.0,6364.0,1.0
mu[460],-0.011,0.053,-0.108,0.094,0.0,0.001,17796.0,5945.0,1.0
mu[461],-0.019,0.067,-0.153,0.103,0.001,0.001,15892.0,6879.0,1.0
mu[462],-0.016,0.06,-0.124,0.103,0.0,0.001,16955.0,6455.0,1.0
mu[463],-0.013,0.054,-0.106,0.098,0.0,0.001,18161.0,6178.0,1.0
mu[464],-0.018,0.063,-0.135,0.103,0.0,0.001,16489.0,6716.0,1.0
mu[465],-0.006,0.06,-0.115,0.109,0.0,0.001,15663.0,6374.0,1.0
mu[466],-0.005,0.063,-0.125,0.11,0.001,0.001,15134.0,6281.0,1.0
mu[467],-0.014,0.056,-0.121,0.087,0.0,0.001,18079.0,6212.0,1.0
mu[468],-0.014,0.055,-0.117,0.09,0.0,0.001,18134.0,6231.0,1.0
mu[469],-0.01,0.054,-0.107,0.096,0.0,0.001,17436.0,5815.0,1.0
mu[470],-0.009,0.055,-0.111,0.096,0.0,0.001,16912.0,6302.0,1.0
mu[471],-0.019,0.067,-0.153,0.103,0.001,0.001,15892.0,6879.0,1.0
mu[472],-0.019,0.066,-0.142,0.111,0.001,0.001,15994.0,6849.0,1.0
mu[473],0.004,0.095,-0.171,0.183,0.001,0.001,13748.0,6830.0,1.0
mu[474],-0.009,0.055,-0.111,0.096,0.0,0.001,16912.0,6302.0,1.0
mu[475],-0.018,0.064,-0.143,0.102,0.001,0.001,16245.0,6706.0,1.0
mu[476],-0.016,0.058,-0.122,0.098,0.0,0.001,17298.0,6457.0,1.0
mu[477],-0.021,0.073,-0.156,0.119,0.001,0.001,15312.0,6935.0,1.0
mu[478],-0.015,0.057,-0.12,0.095,0.0,0.001,17925.0,6364.0,1.0
mu[479],-0.002,0.071,-0.138,0.125,0.001,0.001,14391.0,6489.0,1.0
mu[480],-0.01,0.054,-0.108,0.094,0.0,0.001,17646.0,5905.0,1.0
mu[481],-0.012,0.054,-0.114,0.089,0.0,0.001,18039.0,5932.0,1.0
mu[482],-0.017,0.063,-0.134,0.103,0.0,0.001,16534.0,6695.0,1.0
mu[483],-0.006,0.059,-0.115,0.107,0.0,0.001,15730.0,6348.0,1.0
mu[484],-0.009,0.055,-0.111,0.096,0.0,0.001,16912.0,6302.0,1.0
mu[485],-0.01,0.054,-0.107,0.096,0.0,0.001,17436.0,5815.0,1.0
mu[486],-0.016,0.06,-0.124,0.103,0.0,0.001,16955.0,6455.0,1.0
mu[487],-0.02,0.071,-0.152,0.117,0.001,0.001,15463.0,6902.0,1.0
mu[488],-0.018,0.065,-0.143,0.104,0.001,0.001,16180.0,6706.0,1.0
mu[489],-0.006,0.06,-0.115,0.109,0.0,0.001,15607.0,6321.0,1.0
mu[490],-0.02,0.07,-0.15,0.115,0.001,0.001,15588.0,6902.0,1.0
mu[491],-0.014,0.055,-0.12,0.088,0.0,0.001,18093.0,6187.0,1.0
mu[492],-0.009,0.055,-0.111,0.096,0.0,0.001,16979.0,6249.0,1.0
mu[493],-0.015,0.057,-0.12,0.095,0.0,0.001,17925.0,6364.0,1.0
mu[494],-0.016,0.06,-0.124,0.103,0.0,0.001,16955.0,6455.0,1.0
mu[495],-0.013,0.054,-0.106,0.098,0.0,0.001,18161.0,6178.0,1.0
mu[496],-0.011,0.053,-0.108,0.095,0.0,0.001,17948.0,5953.0,1.0
mu[497],-0.014,0.055,-0.117,0.09,0.0,0.001,18134.0,6231.0,1.0
mu[498],-0.013,0.054,-0.106,0.098,0.0,0.001,18161.0,6178.0,1.0
mu[499],-0.006,0.06,-0.115,0.109,0.0,0.001,15663.0,6374.0,1.0
mu[500],-0.015,0.056,-0.119,0.093,0.0,0.001,18007.0,6288.0,1.0
mu[501],-0.013,0.054,-0.11,0.094,0.0,0.001,18178.0,6105.0,1.0
mu[502],-0.009,0.055,-0.11,0.096,0.0,0.001,17078.0,6134.0,1.0
mu[503],-0.019,0.066,-0.139,0.11,0.001,0.001,16086.0,6766.0,1.0
mu[504],-0.014,0.056,-0.121,0.088,0.0,0.001,18054.0,6342.0,1.0
mu[505],-0.013,0.055,-0.117,0.088,0.0,0.001,18130.0,6231.0,1.0
mu[506],-0.02,0.072,-0.154,0.117,0.001,0.001,15411.0,6902.0,1.0
mu[507],-0.015,0.057,-0.12,0.095,0.0,0.001,17925.0,6364.0,1.0
mu[508],-0.02,0.055,-0.12,0.088,0.0,0.001,15304.0,6146.0,1.0
mu[509],-0.024,0.053,-0.127,0.073,0.0,0.001,15934.0,6145.0,1.0
mu[510],-0.003,0.078,-0.148,0.148,0.001,0.001,13207.0,6488.0,1.0
mu[511],-0.032,0.054,-0.138,0.066,0.0,0.001,16399.0,5896.0,1.0
mu[512],-0.037,0.058,-0.145,0.072,0.0,0.001,16071.0,6096.0,1.0
mu[513],-0.022,0.054,-0.122,0.079,0.0,0.001,15733.0,6189.0,1.0
mu[514],-0.029,0.053,-0.13,0.069,0.0,0.001,16450.0,5752.0,1.0
mu[515],-0.019,0.056,-0.128,0.084,0.0,0.001,15123.0,6123.0,1.0
mu[516],-0.037,0.059,-0.147,0.072,0.0,0.001,16011.0,6077.0,1.0
mu[517],-0.044,0.068,-0.176,0.078,0.001,0.001,15075.0,6487.0,1.0
mu[518],-0.015,0.059,-0.127,0.098,0.0,0.001,14588.0,6248.0,1.0
mu[519],-0.016,0.059,-0.125,0.097,0.0,0.001,14714.0,6249.0,1.0
mu[520],0.03,0.148,-0.244,0.324,0.001,0.002,12267.0,7029.0,1.0
mu[521],-0.021,0.055,-0.123,0.082,0.0,0.001,15471.0,6053.0,1.0
mu[522],-0.029,0.053,-0.129,0.07,0.0,0.001,16451.0,5752.0,1.0
mu[523],-0.025,0.053,-0.125,0.074,0.0,0.001,16091.0,6046.0,1.0
mu[524],-0.022,0.054,-0.124,0.078,0.0,0.001,15721.0,6189.0,1.0
mu[525],-0.041,0.063,-0.159,0.075,0.001,0.001,15545.0,5965.0,1.0
mu[526],-0.008,0.069,-0.141,0.119,0.001,0.001,13689.0,6604.0,1.0
mu[527],-0.041,0.064,-0.157,0.079,0.001,0.001,15470.0,6142.0,1.0
mu[528],-0.02,0.055,-0.12,0.087,0.0,0.001,15362.0,6122.0,1.0
mu[529],-0.024,0.053,-0.126,0.073,0.0,0.001,15961.0,6120.0,1.0
mu[530],-0.02,0.055,-0.12,0.087,0.0,0.001,15365.0,6122.0,1.0
mu[531],0.007,0.098,-0.175,0.195,0.001,0.001,12704.0,7078.0,1.0
mu[532],-0.026,0.053,-0.126,0.072,0.0,0.001,16265.0,5980.0,1.0
mu[533],-0.02,0.055,-0.123,0.084,0.0,0.001,15408.0,6030.0,1.0
mu[534],-0.012,0.064,-0.131,0.109,0.001,0.001,14142.0,6292.0,1.0
mu[535],-0.02,0.055,-0.123,0.083,0.0,0.001,15432.0,6006.0,1.0
mu[536],-0.023,0.053,-0.123,0.077,0.0,0.001,15885.0,6171.0,1.0
mu[537],-0.028,0.053,-0.127,0.071,0.0,0.001,16449.0,5795.0,1.0
mu[538],-0.009,0.068,-0.135,0.12,0.001,0.001,13804.0,6356.0,1.0
mu[539],-0.039,0.06,-0.152,0.072,0.0,0.001,15823.0,6084.0,1.0
mu[540],-0.033,0.055,-0.14,0.067,0.0,0.001,16332.0,6047.0,1.0
mu[541],-0.026,0.053,-0.126,0.072,0.0,0.001,16175.0,5952.0,1.0
mu[542],-0.025,0.053,-0.127,0.072,0.0,0.001,16116.0,6000.0,1.0
mu[543],-0.037,0.059,-0.147,0.072,0.0,0.001,16008.0,6054.0,1.0
mu[544],-0.032,0.054,-0.133,0.069,0.0,0.001,16436.0,5896.0,1.0
mu[545],-0.044,0.067,-0.169,0.078,0.001,0.001,15192.0,6498.0,1.0
mu[546],-0.039,0.061,-0.152,0.072,0.0,0.001,15807.0,6084.0,1.0
mu[547],-0.024,0.053,-0.126,0.073,0.0,0.001,15966.0,6120.0,1.0
mu[548],-0.021,0.055,-0.123,0.083,0.0,0.001,15438.0,6006.0,1.0
mu[549],-0.004,0.075,-0.143,0.141,0.001,0.001,13338.0,6566.0,1.0
mu[550],-0.037,0.059,-0.148,0.072,0.0,0.001,15986.0,6023.0,1.0
mu[551],-0.016,0.058,-0.125,0.096,0.0,0.001,14739.0,6298.0,1.0
mu[552],-0.046,0.07,-0.18,0.081,0.001,0.001,14904.0,6287.0,1.0
mu[553],0.005,0.094,-0.167,0.189,0.001,0.001,12787.0,6856.0,1.0
mu[554],-0.019,0.056,-0.128,0.084,0.0,0.001,15135.0,6123.0,1.0
mu[555],-0.025,0.053,-0.127,0.072,0.0,0.001,16128.0,5976.0,1.0
mu[556],-0.028,0.053,-0.126,0.072,0.0,0.001,16429.0,5807.0,1.0
mu[557],-0.032,0.054,-0.138,0.066,0.0,0.001,16406.0,5896.0,1.0
mu[558],-0.044,0.067,-0.171,0.078,0.001,0.001,15162.0,6484.0,1.0
mu[559],-0.001,0.081,-0.152,0.155,0.001,0.001,13109.0,6546.0,1.0
mu[560],-0.026,0.053,-0.126,0.072,0.0,0.001,16276.0,5980.0,1.0
mu[561],-0.027,0.053,-0.126,0.073,0.0,0.001,16325.0,5954.0,1.0
mu[562],-0.026,0.053,-0.126,0.072,0.0,0.001,16276.0,5980.0,1.0
mu[563],-0.043,0.066,-0.166,0.078,0.001,0.001,15264.0,6182.0,1.0
mu[564],-0.035,0.056,-0.137,0.073,0.0,0.001,16247.0,6096.0,1.0
mu[565],-0.019,0.056,-0.128,0.083,0.0,0.001,15187.0,6147.0,1.0
mu[566],-0.033,0.055,-0.141,0.066,0.0,0.001,16351.0,6047.0,1.0
mu[567],-0.036,0.058,-0.142,0.073,0.0,0.001,16107.0,6083.0,1.0
mu[568],-0.017,0.057,-0.125,0.092,0.0,0.001,14888.0,6198.0,1.0
mu[569],-0.03,0.053,-0.13,0.069,0.0,0.001,16477.0,5828.0,1.0
mu[570],-0.015,0.06,-0.133,0.095,0.001,0.001,14474.0,6405.0,1.0
mu[571],-0.044,0.067,-0.171,0.079,0.001,0.001,15149.0,6442.0,1.0
mu[572],-0.009,0.067,-0.132,0.12,0.001,0.001,13844.0,6330.0,1.0
mu[573],-0.021,0.054,-0.122,0.081,0.0,0.001,15568.0,6076.0,1.0
mu[574],-0.021,0.055,-0.123,0.082,0.0,0.001,15467.0,6053.0,1.0
mu[575],-0.029,0.053,-0.131,0.068,0.0,0.001,16460.0,5730.0,1.0
mu[576],-0.018,0.057,-0.127,0.088,0.0,0.001,14989.0,6148.0,1.0
mu[577],-0.029,0.053,-0.131,0.068,0.0,0.001,16460.0,5730.0,1.0
mu[578],-0.021,0.055,-0.123,0.082,0.0,0.001,15467.0,6053.0,1.0
mu[579],-0.009,0.067,-0.134,0.12,0.001,0.001,13816.0,6356.0,1.0
mu[580],-0.038,0.059,-0.15,0.071,0.0,0.001,15931.0,5976.0,1.0
mu[581],-0.038,0.059,-0.15,0.071,0.0,0.001,15931.0,5976.0,1.0
mu[582],-0.026,0.053,-0.126,0.072,0.0,0.001,16288.0,5910.0,1.0
mu[583],-0.027,0.053,-0.126,0.072,0.0,0.001,16381.0,5953.0,1.0
mu[584],-0.022,0.054,-0.122,0.079,0.0,0.001,15741.0,6189.0,1.0
mu[585],-0.022,0.054,-0.122,0.079,0.0,0.001,15733.0,6189.0,1.0
mu[586],-0.035,0.057,-0.137,0.074,0.0,0.001,16216.0,6145.0,1.0
mu[587],-0.025,0.053,-0.126,0.072,0.0,0.001,16157.0,5976.0,1.0
mu[588],-0.044,0.067,-0.169,0.078,0.001,0.001,15192.0,6498.0,1.0
mu[589],-0.038,0.059,-0.15,0.071,0.0,0.001,15931.0,5976.0,1.0
mu[590],-0.029,0.053,-0.131,0.068,0.0,0.001,16460.0,5730.0,1.0
mu[591],-0.04,0.062,-0.158,0.073,0.0,0.001,15610.0,5996.0,1.0
mu[592],-0.015,0.06,-0.132,0.095,0.0,0.001,14521.0,6409.0,1.0
mu[593],-0.012,0.063,-0.133,0.106,0.001,0.001,14147.0,6292.0,1.0
mu[594],-0.033,0.055,-0.139,0.066,0.0,0.001,16377.0,5862.0,1.0
mu[595],-0.032,0.054,-0.138,0.066,0.0,0.001,16399.0,5896.0,1.0
mu[596],-0.024,0.053,-0.126,0.073,0.0,0.001,15895.0,6146.0,1.0
mu[597],-0.021,0.055,-0.123,0.082,0.0,0.001,15467.0,6053.0,1.0
mu[598],-0.044,0.067,-0.169,0.078,0.001,0.001,15192.0,6498.0,1.0
mu[599],-0.043,0.066,-0.166,0.078,0.001,0.001,15264.0,6182.0,1.0
mu[600],0.007,0.097,-0.175,0.195,0.001,0.001,12712.0,7129.0,1.0
mu[601],-0.021,0.055,-0.123,0.082,0.0,0.001,15467.0,6053.0,1.0
mu[602],-0.042,0.064,-0.159,0.078,0.001,0.001,15452.0,6068.0,1.0
mu[603],-0.036,0.058,-0.141,0.074,0.0,0.001,16122.0,6133.0,1.0
mu[604],-0.047,0.073,-0.191,0.08,0.001,0.001,14716.0,6444.0,1.0
mu[605],-0.035,0.057,-0.137,0.074,0.0,0.001,16216.0,6145.0,1.0
mu[606],-0.006,0.072,-0.141,0.129,0.001,0.001,13513.0,6538.0,1.0
mu[607],-0.025,0.053,-0.125,0.074,0.0,0.001,16041.0,6095.0,1.0
mu[608],-0.027,0.053,-0.126,0.072,0.0,0.001,16386.0,5907.0,1.0
mu[609],-0.04,0.062,-0.158,0.072,0.0,0.001,15649.0,6029.0,1.0
mu[610],-0.015,0.059,-0.132,0.094,0.0,0.001,14573.0,6197.0,1.0
mu[611],-0.021,0.055,-0.123,0.082,0.0,0.001,15467.0,6053.0,1.0
mu[612],-0.024,0.053,-0.126,0.073,0.0,0.001,15895.0,6146.0,1.0
mu[613],-0.038,0.059,-0.15,0.071,0.0,0.001,15931.0,5976.0,1.0
mu[614],-0.046,0.071,-0.185,0.079,0.001,0.001,14850.0,6448.0,1.0
mu[615],-0.042,0.065,-0.16,0.078,0.001,0.001,15408.0,6130.0,1.0
mu[616],-0.015,0.06,-0.132,0.096,0.001,0.001,14476.0,6378.0,1.0
mu[617],-0.045,0.07,-0.178,0.081,0.001,0.001,14941.0,6393.0,1.0
mu[618],-0.032,0.055,-0.137,0.067,0.0,0.001,16387.0,5873.0,1.0
mu[619],-0.021,0.054,-0.121,0.083,0.0,0.001,15516.0,6076.0,1.0
mu[620],-0.035,0.057,-0.137,0.074,0.0,0.001,16216.0,6145.0,1.0
mu[621],-0.038,0.059,-0.15,0.071,0.0,0.001,15931.0,5976.0,1.0
mu[622],-0.029,0.053,-0.131,0.068,0.0,0.001,16460.0,5730.0,1.0
mu[623],-0.026,0.053,-0.126,0.072,0.0,0.001,16288.0,5910.0,1.0
mu[624],-0.032,0.054,-0.138,0.066,0.0,0.001,16399.0,5896.0,1.0
mu[625],-0.029,0.053,-0.131,0.068,0.0,0.001,16460.0,5730.0,1.0
mu[626],-0.015,0.06,-0.132,0.095,0.0,0.001,14521.0,6409.0,1.0
mu[627],-0.034,0.056,-0.141,0.067,0.0,0.001,16301.0,6023.0,1.0
mu[628],-0.03,0.053,-0.131,0.068,0.0,0.001,16472.0,5839.0,1.0
mu[629],-0.022,0.054,-0.123,0.079,0.0,0.001,15627.0,6126.0,1.0
mu[630],-0.042,0.065,-0.162,0.079,0.001,0.001,15342.0,6178.0,1.0
mu[631],-0.033,0.055,-0.14,0.066,0.0,0.001,16359.0,5989.0,1.0
mu[632],-0.031,0.054,-0.134,0.068,0.0,0.001,16453.0,5885.0,1.0
mu[633],-0.046,0.071,-0.186,0.08,0.001,0.001,14807.0,6381.0,1.0
mu[634],-0.035,0.057,-0.137,0.074,0.0,0.001,16216.0,6145.0,1.0
mu[635],-0.009,0.058,-0.115,0.098,0.0,0.001,15226.0,5581.0,1.0
mu[636],-0.012,0.056,-0.113,0.093,0.0,0.001,16763.0,6099.0,1.0
mu[637],0.007,0.08,-0.139,0.163,0.001,0.001,12812.0,6781.0,1.0
mu[638],-0.02,0.057,-0.127,0.085,0.0,0.001,17401.0,5660.0,1.0
mu[639],-0.024,0.061,-0.142,0.084,0.0,0.001,17059.0,5614.0,1.0
mu[640],-0.011,0.056,-0.116,0.093,0.0,0.001,16496.0,5942.0,1.0
mu[641],-0.017,0.056,-0.12,0.087,0.0,0.001,17392.0,5854.0,1.0
mu[642],-0.007,0.059,-0.115,0.102,0.0,0.001,14922.0,5950.0,1.0
mu[643],-0.025,0.062,-0.143,0.085,0.0,0.001,17003.0,5740.0,1.0
mu[644],-0.032,0.071,-0.162,0.105,0.001,0.001,15317.0,6486.0,1.0
mu[645],-0.004,0.062,-0.123,0.108,0.001,0.001,14070.0,5879.0,1.0
mu[646],-0.005,0.061,-0.118,0.11,0.001,0.001,14250.0,5837.0,1.0
mu[647],0.038,0.149,-0.228,0.336,0.001,0.002,12136.0,6893.0,1.0
mu[648],-0.009,0.057,-0.115,0.095,0.0,0.001,15519.0,5581.0,1.0
mu[649],-0.017,0.056,-0.12,0.087,0.0,0.001,17358.0,5854.0,1.0
mu[650],-0.013,0.056,-0.114,0.092,0.0,0.001,16946.0,5996.0,1.0
mu[651],-0.011,0.056,-0.115,0.093,0.0,0.001,16483.0,5895.0,1.0
mu[652],-0.028,0.066,-0.158,0.088,0.001,0.001,15852.0,6184.0,1.0
mu[653],0.002,0.071,-0.138,0.131,0.001,0.001,12798.0,6276.0,1.0
mu[654],-0.029,0.067,-0.159,0.09,0.001,0.001,15759.0,6184.0,1.0
mu[655],-0.009,0.058,-0.115,0.097,0.0,0.001,15321.0,5619.0,1.0
mu[656],-0.013,0.056,-0.113,0.093,0.0,0.001,16799.0,6099.0,1.0
mu[657],-0.009,0.058,-0.115,0.097,0.0,0.001,15325.0,5619.0,1.0
mu[658],0.017,0.099,-0.159,0.217,0.001,0.001,12535.0,6896.0,1.0
mu[659],-0.015,0.055,-0.114,0.091,0.0,0.001,17174.0,5995.0,1.0
mu[660],-0.009,0.057,-0.115,0.097,0.0,0.001,15425.0,5541.0,1.0
mu[661],-0.001,0.066,-0.131,0.116,0.001,0.001,13372.0,5830.0,1.0
mu[662],-0.009,0.057,-0.115,0.096,0.0,0.001,15462.0,5622.0,1.0
mu[663],-0.012,0.056,-0.114,0.092,0.0,0.001,16727.0,6095.0,1.0
mu[664],-0.017,0.056,-0.12,0.085,0.0,0.001,17336.0,5924.0,1.0
mu[665],0.001,0.069,-0.132,0.131,0.001,0.001,12879.0,6150.0,1.0
mu[666],-0.026,0.063,-0.147,0.089,0.0,0.001,16735.0,5697.0,1.0
mu[667],-0.021,0.058,-0.127,0.089,0.0,0.001,17346.0,5556.0,1.0
mu[668],-0.014,0.055,-0.114,0.091,0.0,0.001,17071.0,5924.0,1.0
mu[669],-0.014,0.056,-0.114,0.091,0.0,0.001,16985.0,5925.0,1.0
mu[670],-0.025,0.062,-0.143,0.085,0.0,0.001,16998.0,5740.0,1.0
mu[671],-0.02,0.057,-0.126,0.085,0.0,0.001,17406.0,5678.0,1.0
mu[672],-0.031,0.07,-0.166,0.096,0.001,0.001,15460.0,6299.0,1.0
mu[673],-0.027,0.063,-0.147,0.09,0.0,0.001,16715.0,5697.0,1.0
mu[674],-0.013,0.056,-0.113,0.093,0.0,0.001,16806.0,6099.0,1.0
mu[675],-0.009,0.057,-0.115,0.096,0.0,0.001,15476.0,5622.0,1.0
mu[676],0.006,0.077,-0.138,0.152,0.001,0.001,12922.0,6676.0,1.0
mu[677],-0.025,0.062,-0.144,0.085,0.0,0.001,16975.0,5784.0,1.0
mu[678],-0.005,0.061,-0.118,0.11,0.001,0.001,14289.0,5836.0,1.0
mu[679],-0.033,0.073,-0.171,0.105,0.001,0.001,15161.0,6500.0,1.0
mu[680],0.015,0.095,-0.157,0.204,0.001,0.001,12517.0,6835.0,1.0
mu[681],-0.008,0.058,-0.115,0.102,0.0,0.001,14937.0,5927.0,1.0
mu[682],-0.014,0.056,-0.114,0.091,0.0,0.001,17023.0,5901.0,1.0
mu[683],-0.016,0.056,-0.121,0.085,0.0,0.001,17313.0,5948.0,1.0
mu[684],-0.02,0.057,-0.127,0.085,0.0,0.001,17401.0,5639.0,1.0
mu[685],-0.031,0.07,-0.167,0.097,0.001,0.001,15418.0,6298.0,1.0
mu[686],0.009,0.083,-0.14,0.174,0.001,0.001,12703.0,6915.0,1.0
mu[687],-0.015,0.055,-0.115,0.091,0.0,0.001,17178.0,5995.0,1.0
mu[688],-0.015,0.055,-0.115,0.09,0.0,0.001,17199.0,5996.0,1.0
mu[689],-0.015,0.055,-0.115,0.091,0.0,0.001,17178.0,5995.0,1.0
mu[690],-0.03,0.069,-0.163,0.096,0.001,0.001,15527.0,6247.0,1.0
mu[691],-0.022,0.059,-0.132,0.087,0.0,0.001,17255.0,5517.0,1.0
mu[692],-0.008,0.058,-0.116,0.1,0.0,0.001,15004.0,5862.0,1.0
mu[693],-0.021,0.058,-0.129,0.087,0.0,0.001,17363.0,5617.0,1.0
mu[694],-0.024,0.061,-0.141,0.084,0.0,0.001,17114.0,5519.0,1.0
mu[695],-0.006,0.06,-0.117,0.106,0.0,0.001,14534.0,5685.0,1.0
mu[696],-0.018,0.056,-0.123,0.085,0.0,0.001,17421.0,5878.0,1.0
mu[697],-0.004,0.062,-0.123,0.111,0.001,0.001,13911.0,5707.0,1.0
mu[698],-0.031,0.07,-0.167,0.097,0.001,0.001,15401.0,6298.0,1.0
mu[699],0.001,0.069,-0.134,0.127,0.001,0.001,12920.0,6120.0,1.0
mu[700],-0.01,0.057,-0.115,0.095,0.0,0.001,15695.0,5786.0,1.0
mu[701],-0.009,0.057,-0.116,0.095,0.0,0.001,15513.0,5581.0,1.0
mu[702],-0.017,0.056,-0.12,0.087,0.0,0.001,17400.0,5878.0,1.0
mu[703],-0.007,0.059,-0.12,0.101,0.0,0.001,14714.0,5883.0,1.0
mu[704],-0.017,0.056,-0.12,0.087,0.0,0.001,17400.0,5878.0,1.0
mu[705],-0.009,0.057,-0.116,0.095,0.0,0.001,15513.0,5581.0,1.0
mu[706],0.001,0.069,-0.135,0.127,0.001,0.001,12892.0,6211.0,1.0
mu[707],-0.026,0.062,-0.144,0.088,0.0,0.001,16929.0,5623.0,1.0
mu[708],-0.026,0.062,-0.144,0.088,0.0,0.001,16929.0,5623.0,1.0
mu[709],-0.015,0.055,-0.115,0.09,0.0,0.001,17188.0,5996.0,1.0
mu[710],-0.016,0.056,-0.115,0.091,0.0,0.001,17259.0,5812.0,1.0
mu[711],-0.011,0.056,-0.115,0.093,0.0,0.001,16504.0,5941.0,1.0
mu[712],-0.011,0.056,-0.116,0.093,0.0,0.001,16496.0,5942.0,1.0
mu[713],-0.023,0.059,-0.135,0.086,0.0,0.001,17231.0,5370.0,1.0
mu[714],-0.014,0.056,-0.114,0.091,0.0,0.001,17060.0,5972.0,1.0
mu[715],-0.031,0.07,-0.166,0.096,0.001,0.001,15460.0,6299.0,1.0
mu[716],-0.026,0.062,-0.144,0.088,0.0,0.001,16929.0,5623.0,1.0
mu[717],-0.017,0.056,-0.12,0.087,0.0,0.001,17400.0,5878.0,1.0
mu[718],-0.028,0.065,-0.153,0.09,0.001,0.001,16526.0,6153.0,1.0
mu[719],-0.004,0.062,-0.122,0.11,0.001,0.001,13976.0,5768.0,1.0
mu[720],-0.001,0.065,-0.129,0.117,0.001,0.001,13397.0,5966.0,1.0
mu[721],-0.021,0.058,-0.128,0.086,0.0,0.001,17380.0,5767.0,1.0
mu[722],-0.02,0.057,-0.127,0.085,0.0,0.001,17401.0,5660.0,1.0
mu[723],-0.012,0.056,-0.114,0.092,0.0,0.001,16747.0,6023.0,1.0
mu[724],-0.009,0.057,-0.116,0.095,0.0,0.001,15513.0,5581.0,1.0
mu[725],-0.031,0.07,-0.166,0.096,0.001,0.001,15460.0,6299.0,1.0
mu[726],-0.03,0.069,-0.163,0.096,0.001,0.001,15527.0,6247.0,1.0
mu[727],0.017,0.099,-0.159,0.216,0.001,0.001,12530.0,6896.0,1.0
mu[728],-0.009,0.057,-0.116,0.095,0.0,0.001,15513.0,5581.0,1.0
mu[729],-0.029,0.067,-0.156,0.094,0.001,0.001,15732.0,6159.0,1.0
mu[730],-0.024,0.06,-0.14,0.084,0.0,0.001,17132.0,5552.0,1.0
mu[731],-0.034,0.075,-0.187,0.097,0.001,0.001,14985.0,6430.0,1.0
mu[732],-0.023,0.059,-0.135,0.086,0.0,0.001,17231.0,5370.0,1.0
mu[733],0.004,0.074,-0.138,0.142,0.001,0.001,13089.0,6435.0,1.0
mu[734],-0.013,0.056,-0.113,0.093,0.0,0.001,16896.0,6115.0,1.0
mu[735],-0.016,0.056,-0.12,0.086,0.0,0.001,17271.0,5765.0,1.0
mu[736],-0.028,0.065,-0.155,0.087,0.001,0.001,16549.0,6039.0,1.0
mu[737],-0.004,0.062,-0.123,0.108,0.001,0.001,14058.0,5879.0,1.0
mu[738],-0.009,0.057,-0.116,0.095,0.0,0.001,15513.0,5581.0,1.0
mu[739],-0.012,0.056,-0.114,0.092,0.0,0.001,16747.0,6023.0,1.0
mu[740],-0.026,0.062,-0.144,0.088,0.0,0.001,16929.0,5623.0,1.0
mu[741],-0.033,0.074,-0.173,0.105,0.001,0.001,15106.0,6472.0,1.0
mu[742],-0.029,0.067,-0.158,0.094,0.001,0.001,15676.0,6146.0,1.0
mu[743],-0.004,0.062,-0.124,0.11,0.001,0.001,13912.0,5707.0,1.0
mu[744],-0.033,0.073,-0.169,0.105,0.001,0.001,15198.0,6473.0,1.0
mu[745],-0.02,0.058,-0.128,0.085,0.0,0.001,17386.0,5702.0,1.0
mu[746],-0.01,0.057,-0.115,0.095,0.0,0.001,15607.0,5636.0,1.0
mu[747],-0.023,0.059,-0.135,0.086,0.0,0.001,17231.0,5370.0,1.0
mu[748],-0.026,0.062,-0.144,0.088,0.0,0.001,16929.0,5623.0,1.0
mu[749],-0.017,0.056,-0.12,0.087,0.0,0.001,17400.0,5878.0,1.0
mu[750],-0.015,0.055,-0.115,0.09,0.0,0.001,17188.0,5996.0,1.0
mu[751],-0.02,0.057,-0.127,0.085,0.0,0.001,17401.0,5660.0,1.0
mu[752],-0.017,0.056,-0.12,0.087,0.0,0.001,17400.0,5878.0,1.0
mu[753],-0.004,0.062,-0.122,0.11,0.001,0.001,13976.0,5768.0,1.0
mu[754],-0.022,0.059,-0.129,0.089,0.0,0.001,17312.0,5529.0,1.0
mu[755],-0.018,0.056,-0.122,0.086,0.0,0.001,17419.0,5878.0,1.0
mu[756],-0.01,0.057,-0.113,0.096,0.0,0.001,15789.0,5772.0,1.0
mu[757],-0.03,0.068,-0.159,0.096,0.001,0.001,15603.0,6171.0,1.0
mu[758],-0.021,0.058,-0.128,0.087,0.0,0.001,17352.0,5596.0,1.0
mu[759],-0.019,0.057,-0.126,0.084,0.0,0.001,17423.0,5854.0,1.0
mu[760],-0.034,0.074,-0.175,0.105,0.001,0.001,15075.0,6472.0,1.0
mu[761],-0.023,0.059,-0.135,0.086,0.0,0.001,17231.0,5370.0,1.0
mu[762],-0.03,0.055,-0.131,0.078,0.0,0.001,16572.0,6267.0,1.0
mu[763],-0.029,0.053,-0.126,0.074,0.0,0.001,17445.0,5962.0,1.0
mu[764],-0.035,0.08,-0.188,0.116,0.001,0.001,13573.0,6603.0,1.0
mu[765],-0.027,0.054,-0.133,0.07,0.0,0.001,17603.0,5975.0,1.0
mu[766],-0.025,0.058,-0.134,0.083,0.0,0.001,16790.0,6366.0,1.0
mu[767],-0.029,0.054,-0.132,0.07,0.0,0.001,17170.0,6027.0,1.0
mu[768],-0.027,0.053,-0.126,0.072,0.0,0.001,17873.0,6041.0,1.0
mu[769],-0.03,0.056,-0.133,0.079,0.0,0.001,16299.0,6347.0,1.0
mu[770],-0.025,0.059,-0.135,0.083,0.0,0.001,16663.0,6453.0,1.0
mu[771],-0.023,0.069,-0.146,0.115,0.001,0.001,15053.0,6629.0,1.0
mu[772],-0.031,0.06,-0.145,0.081,0.0,0.001,15287.0,6424.0,1.0
mu[773],-0.031,0.059,-0.142,0.08,0.0,0.001,15479.0,6536.0,1.0
mu[774],-0.044,0.153,-0.344,0.243,0.001,0.002,12631.0,6302.0,1.0
mu[775],-0.03,0.055,-0.136,0.07,0.0,0.001,16813.0,6168.0,1.0
mu[776],-0.028,0.053,-0.125,0.072,0.0,0.001,17907.0,5900.0,1.0
mu[777],-0.029,0.053,-0.126,0.073,0.0,0.001,17680.0,5966.0,1.0
mu[778],-0.029,0.054,-0.127,0.076,0.0,0.001,17146.0,6076.0,1.0
mu[779],-0.024,0.063,-0.14,0.098,0.001,0.001,15922.0,6596.0,1.0
mu[780],-0.033,0.07,-0.168,0.098,0.001,0.001,14183.0,6426.0,1.0
mu[781],-0.024,0.064,-0.14,0.1,0.001,0.001,15832.0,6749.0,1.0
mu[782],-0.03,0.055,-0.13,0.077,0.0,0.001,16644.0,6268.0,1.0
mu[783],-0.029,0.053,-0.126,0.074,0.0,0.001,17494.0,5938.0,1.0
mu[784],-0.03,0.055,-0.13,0.077,0.0,0.001,16648.0,6243.0,1.0
mu[785],-0.038,0.101,-0.235,0.146,0.001,0.001,12975.0,6357.0,1.0
mu[786],-0.028,0.052,-0.127,0.07,0.0,0.001,17850.0,5969.0,1.0
mu[787],-0.03,0.055,-0.137,0.07,0.0,0.001,16727.0,6142.0,1.0
mu[788],-0.032,0.064,-0.156,0.086,0.001,0.001,14571.0,6526.0,1.0
mu[789],-0.03,0.055,-0.137,0.069,0.0,0.001,16751.0,6218.0,1.0
mu[790],-0.029,0.053,-0.127,0.073,0.0,0.001,17401.0,6022.0,1.0
mu[791],-0.028,0.052,-0.128,0.069,0.0,0.001,17907.0,5924.0,1.0
mu[792],-0.033,0.069,-0.164,0.095,0.001,0.001,14333.0,6565.0,1.0
mu[793],-0.025,0.06,-0.135,0.091,0.0,0.001,16318.0,6430.0,1.0
mu[794],-0.026,0.055,-0.132,0.075,0.0,0.001,17388.0,6098.0,1.0
mu[795],-0.028,0.052,-0.127,0.071,0.0,0.001,17761.0,5888.0,1.0
mu[796],-0.029,0.053,-0.127,0.072,0.0,0.001,17711.0,5935.0,1.0
mu[797],-0.025,0.059,-0.135,0.083,0.0,0.001,16652.0,6453.0,1.0
mu[798],-0.027,0.054,-0.133,0.069,0.0,0.001,17692.0,6095.0,1.0
mu[799],-0.023,0.067,-0.148,0.107,0.001,0.001,15215.0,6629.0,1.0
mu[800],-0.025,0.061,-0.136,0.091,0.0,0.001,16295.0,6429.0,1.0
mu[801],-0.029,0.053,-0.126,0.074,0.0,0.001,17498.0,5938.0,1.0
mu[802],-0.03,0.055,-0.137,0.069,0.0,0.001,16765.0,6218.0,1.0
mu[803],-0.034,0.077,-0.181,0.11,0.001,0.001,13737.0,6677.0,1.0
mu[804],-0.025,0.059,-0.135,0.085,0.0,0.001,16598.0,6399.0,1.0
mu[805],-0.031,0.059,-0.141,0.079,0.0,0.001,15519.0,6357.0,1.0
mu[806],-0.023,0.071,-0.152,0.117,0.001,0.001,14847.0,6515.0,1.0
mu[807],-0.037,0.097,-0.225,0.141,0.001,0.001,13054.0,6383.0,1.0
mu[808],-0.03,0.056,-0.133,0.079,0.0,0.001,16320.0,6320.0,1.0
mu[809],-0.028,0.053,-0.131,0.068,0.0,0.001,17724.0,5935.0,1.0
mu[810],-0.028,0.052,-0.127,0.07,0.0,0.001,17917.0,5831.0,1.0
mu[811],-0.027,0.054,-0.133,0.07,0.0,0.001,17619.0,5998.0,1.0
mu[812],-0.023,0.068,-0.143,0.113,0.001,0.001,15175.0,6600.0,1.0
mu[813],-0.035,0.083,-0.2,0.116,0.001,0.001,13436.0,6517.0,1.0
mu[814],-0.028,0.052,-0.127,0.07,0.0,0.001,17858.0,5969.0,1.0
mu[815],-0.028,0.052,-0.128,0.069,0.0,0.001,17867.0,5947.0,1.0
mu[816],-0.028,0.052,-0.127,0.07,0.0,0.001,17858.0,5969.0,1.0
mu[817],-0.023,0.066,-0.144,0.106,0.001,0.001,15507.0,6659.0,1.0
mu[818],-0.026,0.056,-0.133,0.077,0.0,0.001,17185.0,6219.0,1.0
mu[819],-0.03,0.056,-0.133,0.078,0.0,0.001,16374.0,6319.0,1.0
mu[820],-0.026,0.055,-0.132,0.075,0.0,0.001,17412.0,6098.0,1.0
mu[821],-0.025,0.058,-0.132,0.083,0.0,0.001,16872.0,6313.0,1.0
mu[822],-0.031,0.058,-0.137,0.08,0.0,0.001,15982.0,6310.0,1.0
mu[823],-0.027,0.053,-0.126,0.073,0.0,0.001,17863.0,6041.0,1.0
mu[824],-0.031,0.061,-0.149,0.08,0.0,0.001,15116.0,6367.0,1.0
mu[825],-0.023,0.068,-0.143,0.114,0.001,0.001,15158.0,6629.0,1.0
mu[826],-0.033,0.068,-0.163,0.094,0.001,0.001,14389.0,6566.0,1.0
mu[827],-0.03,0.054,-0.136,0.069,0.0,0.001,16945.0,6218.0,1.0
mu[828],-0.03,0.055,-0.137,0.069,0.0,0.001,16808.0,6168.0,1.0
mu[829],-0.027,0.053,-0.126,0.072,0.0,0.001,17874.0,6017.0,1.0
mu[830],-0.031,0.057,-0.135,0.079,0.0,0.001,16138.0,6294.0,1.0
mu[831],-0.027,0.053,-0.126,0.072,0.0,0.001,17874.0,6017.0,1.0
mu[832],-0.03,0.055,-0.137,0.069,0.0,0.001,16808.0,6168.0,1.0
mu[833],-0.033,0.069,-0.163,0.095,0.001,0.001,14351.0,6565.0,1.0
mu[834],-0.025,0.059,-0.135,0.086,0.0,0.001,16514.0,6372.0,1.0
mu[835],-0.025,0.059,-0.135,0.086,0.0,0.001,16514.0,6372.0,1.0
mu[836],-0.028,0.052,-0.128,0.069,0.0,0.001,17859.0,5970.0,1.0
mu[837],-0.028,0.052,-0.126,0.07,0.0,0.001,17888.0,5787.0,1.0
mu[838],-0.029,0.054,-0.132,0.071,0.0,0.001,17179.0,6003.0,1.0
mu[839],-0.029,0.054,-0.132,0.07,0.0,0.001,17170.0,6027.0,1.0
mu[840],-0.026,0.056,-0.131,0.081,0.0,0.001,17114.0,6313.0,1.0
mu[841],-0.028,0.052,-0.126,0.073,0.0,0.001,17739.0,5909.0,1.0
mu[842],-0.023,0.067,-0.148,0.107,0.001,0.001,15215.0,6629.0,1.0
mu[843],-0.025,0.059,-0.135,0.086,0.0,0.001,16514.0,6372.0,1.0
mu[844],-0.027,0.053,-0.126,0.072,0.0,0.001,17874.0,6017.0,1.0
mu[845],-0.024,0.062,-0.139,0.096,0.0,0.001,16036.0,6498.0,1.0
mu[846],-0.031,0.06,-0.148,0.08,0.0,0.001,15194.0,6202.0,1.0
mu[847],-0.032,0.064,-0.155,0.087,0.001,0.001,14596.0,6472.0,1.0
mu[848],-0.026,0.054,-0.133,0.072,0.0,0.001,17522.0,6070.0,1.0
mu[849],-0.027,0.054,-0.133,0.07,0.0,0.001,17603.0,5975.0,1.0
mu[850],-0.029,0.053,-0.126,0.074,0.0,0.001,17409.0,6057.0,1.0
mu[851],-0.03,0.055,-0.137,0.069,0.0,0.001,16808.0,6168.0,1.0
mu[852],-0.023,0.067,-0.148,0.107,0.001,0.001,15215.0,6629.0,1.0
mu[853],-0.023,0.066,-0.144,0.106,0.001,0.001,15507.0,6659.0,1.0
mu[854],-0.038,0.1,-0.235,0.146,0.001,0.001,12980.0,6357.0,1.0
mu[855],-0.03,0.055,-0.137,0.069,0.0,0.001,16808.0,6168.0,1.0
mu[856],-0.024,0.064,-0.141,0.101,0.001,0.001,15798.0,6809.0,1.0
mu[857],-0.025,0.057,-0.131,0.083,0.0,0.001,16901.0,6260.0,1.0
mu[858],-0.022,0.073,-0.163,0.115,0.001,0.001,14615.0,6548.0,1.0
mu[859],-0.026,0.056,-0.131,0.081,0.0,0.001,17114.0,6313.0,1.0
mu[860],-0.034,0.073,-0.174,0.103,0.001,0.001,13953.0,6431.0,1.0
mu[861],-0.029,0.053,-0.126,0.074,0.0,0.001,17615.0,6029.0,1.0
mu[862],-0.028,0.052,-0.128,0.069,0.0,0.001,17895.0,5787.0,1.0
mu[863],-0.024,0.062,-0.14,0.094,0.0,0.001,16089.0,6457.0,1.0
mu[864],-0.031,0.06,-0.145,0.081,0.0,0.001,15272.0,6317.0,1.0
mu[865],-0.03,0.055,-0.137,0.069,0.0,0.001,16808.0,6168.0,1.0
mu[866],-0.029,0.053,-0.126,0.074,0.0,0.001,17409.0,6057.0,1.0
mu[867],-0.025,0.059,-0.135,0.086,0.0,0.001,16514.0,6372.0,1.0
mu[868],-0.023,0.072,-0.16,0.112,0.001,0.001,14781.0,6657.0,1.0
mu[869],-0.024,0.065,-0.142,0.102,0.001,0.001,15722.0,6601.0,1.0
mu[870],-0.031,0.061,-0.149,0.08,0.0,0.001,15123.0,6367.0,1.0
mu[871],-0.023,0.07,-0.153,0.114,0.001,0.001,14896.0,6629.0,1.0
mu[872],-0.026,0.054,-0.132,0.072,0.0,0.001,17549.0,6022.0,1.0
mu[873],-0.03,0.054,-0.137,0.069,0.0,0.001,16880.0,6193.0,1.0
mu[874],-0.026,0.056,-0.131,0.081,0.0,0.001,17114.0,6313.0,1.0
mu[875],-0.025,0.059,-0.135,0.086,0.0,0.001,16514.0,6372.0,1.0
mu[876],-0.027,0.053,-0.126,0.072,0.0,0.001,17874.0,6017.0,1.0
mu[877],-0.028,0.052,-0.128,0.069,0.0,0.001,17859.0,5970.0,1.0
mu[878],-0.027,0.054,-0.133,0.07,0.0,0.001,17603.0,5975.0,1.0
mu[879],-0.027,0.053,-0.126,0.072,0.0,0.001,17874.0,6017.0,1.0
mu[880],-0.031,0.06,-0.148,0.08,0.0,0.001,15194.0,6202.0,1.0
mu[881],-0.026,0.055,-0.133,0.075,0.0,0.001,17300.0,6111.0,1.0
mu[882],-0.027,0.053,-0.128,0.071,0.0,0.001,17847.0,5924.0,1.0
mu[883],-0.03,0.054,-0.128,0.076,0.0,0.001,17021.0,6143.0,1.0
mu[884],-0.024,0.066,-0.142,0.106,0.001,0.001,15624.0,6660.0,1.0
mu[885],-0.026,0.055,-0.131,0.075,0.0,0.001,17445.0,6122.0,1.0
mu[886],-0.027,0.053,-0.134,0.068,0.0,0.001,17749.0,6047.0,1.0
mu[887],-0.023,0.072,-0.161,0.113,0.001,0.001,14731.0,6657.0,1.0
mu[888],-0.026,0.056,-0.131,0.081,0.0,0.001,17114.0,6313.0,1.0
mu[889],-0.015,0.057,-0.122,0.088,0.0,0.001,16313.0,5798.0,1.0
mu[890],-0.014,0.055,-0.115,0.086,0.0,0.001,16547.0,5864.0,1.0
mu[891],-0.018,0.08,-0.167,0.132,0.001,0.001,13901.0,5883.0,1.0
mu[892],-0.013,0.056,-0.12,0.087,0.0,0.001,15875.0,5489.0,1.0
mu[893],-0.012,0.059,-0.123,0.099,0.0,0.001,15092.0,6018.0,1.0
mu[894],-0.015,0.055,-0.114,0.089,0.0,0.001,16512.0,5890.0,1.0
mu[895],-0.013,0.054,-0.113,0.089,0.0,0.001,16280.0,5856.0,1.0
mu[896],-0.015,0.058,-0.119,0.094,0.0,0.001,16209.0,5606.0,1.0
mu[897],-0.012,0.06,-0.122,0.101,0.0,0.001,14994.0,5994.0,1.0
mu[898],-0.011,0.069,-0.139,0.12,0.001,0.001,13831.0,6347.0,1.0
mu[899],-0.016,0.061,-0.13,0.094,0.0,0.001,15800.0,5939.0,1.0
mu[900],-0.016,0.06,-0.126,0.095,0.0,0.001,15946.0,5879.0,1.0
mu[901],-0.024,0.149,-0.316,0.25,0.001,0.002,12531.0,5886.0,1.0
mu[902],-0.015,0.056,-0.123,0.084,0.0,0.001,16413.0,6007.0,1.0
mu[903],-0.014,0.054,-0.114,0.086,0.0,0.001,16337.0,5847.0,1.0
mu[904],-0.014,0.054,-0.114,0.086,0.0,0.001,16554.0,5899.0,1.0
mu[905],-0.015,0.055,-0.114,0.089,0.0,0.001,16514.0,5868.0,1.0
mu[906],-0.011,0.064,-0.126,0.115,0.001,0.001,14343.0,6126.0,1.0
mu[907],-0.017,0.07,-0.152,0.111,0.001,0.001,14574.0,6066.0,1.0
mu[908],-0.011,0.065,-0.136,0.108,0.001,0.001,14267.0,6381.0,1.0
mu[909],-0.015,0.057,-0.124,0.084,0.0,0.001,16349.0,5921.0,1.0
mu[910],-0.014,0.055,-0.115,0.086,0.0,0.001,16555.0,5853.0,1.0
mu[911],-0.015,0.057,-0.122,0.086,0.0,0.001,16351.0,5944.0,1.0
mu[912],-0.02,0.099,-0.218,0.158,0.001,0.001,13172.0,5856.0,1.0
mu[913],-0.014,0.054,-0.112,0.088,0.0,0.001,16520.0,5861.0,1.0
mu[914],-0.015,0.056,-0.122,0.085,0.0,0.001,16374.0,5995.0,1.0
mu[915],-0.017,0.065,-0.138,0.103,0.001,0.001,15157.0,6264.0,1.0
mu[916],-0.015,0.056,-0.123,0.084,0.0,0.001,16389.0,6043.0,1.0
mu[917],-0.014,0.055,-0.115,0.087,0.0,0.001,16552.0,5852.0,1.0
mu[918],-0.014,0.054,-0.115,0.085,0.0,0.001,16365.0,5823.0,1.0
mu[919],-0.017,0.069,-0.151,0.106,0.001,0.001,14705.0,6114.0,1.0
mu[920],-0.012,0.062,-0.125,0.106,0.001,0.001,14705.0,6037.0,1.0
mu[921],-0.013,0.057,-0.123,0.088,0.0,0.001,15639.0,5736.0,1.0
mu[922],-0.014,0.054,-0.115,0.086,0.0,0.001,16549.0,5881.0,1.0
mu[923],-0.014,0.054,-0.114,0.087,0.0,0.001,16551.0,5842.0,1.0
mu[924],-0.012,0.06,-0.123,0.101,0.0,0.001,14990.0,5994.0,1.0
mu[925],-0.013,0.055,-0.119,0.087,0.0,0.001,15970.0,5608.0,1.0
mu[926],-0.011,0.068,-0.138,0.115,0.001,0.001,13963.0,6308.0,1.0
mu[927],-0.012,0.062,-0.126,0.106,0.001,0.001,14690.0,6015.0,1.0
mu[928],-0.014,0.055,-0.113,0.088,0.0,0.001,16555.0,5853.0,1.0
mu[929],-0.015,0.056,-0.123,0.084,0.0,0.001,16395.0,6043.0,1.0
mu[930],-0.018,0.077,-0.158,0.129,0.001,0.001,14102.0,6088.0,1.0
mu[931],-0.012,0.06,-0.123,0.102,0.0,0.001,14958.0,5995.0,1.0
mu[932],-0.016,0.06,-0.131,0.09,0.0,0.001,15975.0,5948.0,1.0
mu[933],-0.01,0.071,-0.145,0.121,0.001,0.001,13680.0,6356.0,1.0
mu[934],-0.02,0.095,-0.205,0.155,0.001,0.001,13259.0,5902.0,1.0
mu[935],-0.015,0.058,-0.119,0.093,0.0,0.001,16218.0,5606.0,1.0
mu[936],-0.014,0.054,-0.114,0.087,0.0,0.001,16545.0,5842.0,1.0
mu[937],-0.014,0.054,-0.116,0.084,0.0,0.001,16393.0,5805.0,1.0
mu[938],-0.013,0.056,-0.119,0.087,0.0,0.001,15891.0,5488.0,1.0
mu[939],-0.011,0.068,-0.138,0.116,0.001,0.001,13932.0,6256.0,1.0
mu[940],-0.019,0.083,-0.173,0.138,0.001,0.001,13722.0,5883.0,1.0
mu[941],-0.014,0.054,-0.112,0.088,0.0,0.001,16518.0,5861.0,1.0
mu[942],-0.014,0.054,-0.112,0.088,0.0,0.001,16507.0,5861.0,1.0
mu[943],-0.014,0.054,-0.112,0.088,0.0,0.001,16518.0,5861.0,1.0
mu[944],-0.011,0.067,-0.137,0.113,0.001,0.001,14042.0,6347.0,1.0
mu[945],-0.012,0.057,-0.12,0.094,0.0,0.001,15446.0,5713.0,1.0
mu[946],-0.015,0.057,-0.118,0.094,0.0,0.001,16245.0,5658.0,1.0
mu[947],-0.013,0.056,-0.122,0.088,0.0,0.001,15669.0,5650.0,1.0
mu[948],-0.012,0.059,-0.123,0.097,0.0,0.001,15164.0,5954.0,1.0
mu[949],-0.016,0.059,-0.127,0.091,0.0,0.001,16027.0,5842.0,1.0
mu[950],-0.013,0.055,-0.118,0.084,0.0,0.001,16240.0,5800.0,1.0
mu[951],-0.016,0.062,-0.135,0.092,0.0,0.001,15648.0,6065.0,1.0
mu[952],-0.011,0.068,-0.138,0.116,0.001,0.001,13920.0,6243.0,1.0
mu[953],-0.017,0.068,-0.148,0.107,0.001,0.001,14751.0,6164.0,1.0
mu[954],-0.015,0.056,-0.116,0.089,0.0,0.001,16460.0,5983.0,1.0
mu[955],-0.015,0.056,-0.123,0.084,0.0,0.001,16409.0,5983.0,1.0
mu[956],-0.013,0.054,-0.113,0.089,0.0,0.001,16269.0,5856.0,1.0
mu[957],-0.015,0.058,-0.123,0.092,0.0,0.001,16116.0,5777.0,1.0
mu[958],-0.013,0.054,-0.113,0.089,0.0,0.001,16269.0,5856.0,1.0
mu[959],-0.015,0.056,-0.123,0.084,0.0,0.001,16409.0,5983.0,1.0
mu[960],-0.017,0.069,-0.149,0.107,0.001,0.001,14719.0,6164.0,1.0
mu[961],-0.012,0.06,-0.126,0.1,0.0,0.001,14876.0,6090.0,1.0
mu[962],-0.012,0.06,-0.126,0.1,0.0,0.001,14876.0,6090.0,1.0
mu[963],-0.014,0.054,-0.112,0.088,0.0,0.001,16515.0,5861.0,1.0
mu[964],-0.014,0.054,-0.113,0.087,0.0,0.001,16445.0,5864.0,1.0
mu[965],-0.015,0.055,-0.114,0.089,0.0,0.001,16516.0,5891.0,1.0
mu[966],-0.015,0.055,-0.114,0.089,0.0,0.001,16512.0,5890.0,1.0
mu[967],-0.012,0.058,-0.12,0.096,0.0,0.001,15384.0,5802.0,1.0
mu[968],-0.014,0.054,-0.113,0.088,0.0,0.001,16550.0,5775.0,1.0
mu[969],-0.011,0.068,-0.138,0.115,0.001,0.001,13963.0,6308.0,1.0
mu[970],-0.012,0.06,-0.126,0.1,0.0,0.001,14876.0,6090.0,1.0
mu[971],-0.013,0.054,-0.113,0.089,0.0,0.001,16269.0,5856.0,1.0
mu[972],-0.011,0.063,-0.125,0.113,0.001,0.001,14441.0,6040.0,1.0
mu[973],-0.016,0.061,-0.134,0.092,0.0,0.001,15714.0,6009.0,1.0
mu[974],-0.017,0.065,-0.138,0.102,0.001,0.001,15177.0,6265.0,1.0
mu[975],-0.013,0.056,-0.12,0.089,0.0,0.001,15790.0,5568.0,1.0
mu[976],-0.013,0.056,-0.12,0.087,0.0,0.001,15875.0,5489.0,1.0
mu[977],-0.014,0.055,-0.113,0.089,0.0,0.001,16550.0,5852.0,1.0
mu[978],-0.015,0.056,-0.123,0.084,0.0,0.001,16409.0,5983.0,1.0
mu[979],-0.011,0.068,-0.138,0.115,0.001,0.001,13963.0,6308.0,1.0
mu[980],-0.011,0.067,-0.137,0.113,0.001,0.001,14042.0,6347.0,1.0
mu[981],-0.02,0.098,-0.217,0.157,0.001,0.001,13179.0,5856.0,1.0
mu[982],-0.015,0.056,-0.123,0.084,0.0,0.001,16409.0,5983.0,1.0
mu[983],-0.011,0.065,-0.127,0.117,0.001,0.001,14241.0,6354.0,1.0
mu[984],-0.012,0.059,-0.123,0.097,0.0,0.001,15189.0,5931.0,1.0
mu[985],-0.01,0.073,-0.15,0.125,0.001,0.001,13521.0,6347.0,1.0
mu[986],-0.012,0.058,-0.12,0.096,0.0,0.001,15384.0,5802.0,1.0
mu[987],-0.018,0.073,-0.154,0.122,0.001,0.001,14326.0,5969.0,1.0
mu[988],-0.014,0.054,-0.115,0.086,0.0,0.001,16560.0,5840.0,1.0
mu[989],-0.014,0.054,-0.113,0.087,0.0,0.001,16440.0,5864.0,1.0
mu[990],-0.011,0.063,-0.129,0.108,0.001,0.001,14484.0,6137.0,1.0
mu[991],-0.016,0.061,-0.13,0.095,0.0,0.001,15783.0,5962.0,1.0
mu[992],-0.015,0.056,-0.123,0.084,0.0,0.001,16409.0,5983.0,1.0
mu[993],-0.014,0.055,-0.113,0.089,0.0,0.001,16550.0,5852.0,1.0
mu[994],-0.012,0.06,-0.126,0.1,0.0,0.001,14876.0,6090.0,1.0
mu[995],-0.01,0.072,-0.146,0.122,0.001,0.001,13632.0,6321.0,1.0
mu[996],-0.011,0.066,-0.133,0.112,0.001,0.001,14183.0,6330.0,1.0
mu[997],-0.016,0.062,-0.135,0.092,0.0,0.001,15653.0,6065.0,1.0
mu[998],-0.011,0.071,-0.14,0.124,0.001,0.001,13715.0,6320.0,1.0
mu[999],-0.013,0.056,-0.122,0.086,0.0,0.001,15821.0,5546.0,1.0
mu[1000],-0.015,0.056,-0.116,0.09,0.0,0.001,16438.0,5937.0,1.0
mu[1001],-0.012,0.058,-0.12,0.096,0.0,0.001,15384.0,5802.0,1.0
mu[1002],-0.012,0.06,-0.126,0.1,0.0,0.001,14876.0,6090.0,1.0
mu[1003],-0.013,0.054,-0.113,0.089,0.0,0.001,16269.0,5856.0,1.0
mu[1004],-0.014,0.054,-0.112,0.088,0.0,0.001,16515.0,5861.0,1.0
mu[1005],-0.013,0.056,-0.12,0.087,0.0,0.001,15875.0,5489.0,1.0
mu[1006],-0.013,0.054,-0.113,0.089,0.0,0.001,16269.0,5856.0,1.0
mu[1007],-0.016,0.061,-0.134,0.092,0.0,0.001,15714.0,6009.0,1.0
mu[1008],-0.013,0.057,-0.116,0.096,0.0,0.001,15561.0,5714.0,1.0
mu[1009],-0.013,0.055,-0.118,0.084,0.0,0.001,16211.0,5800.0,1.0
mu[1010],-0.015,0.056,-0.116,0.088,0.0,0.001,16486.0,5914.0,1.0
mu[1011],-0.011,0.066,-0.136,0.113,0.001,0.001,14107.0,6303.0,1.0
mu[1012],-0.013,0.056,-0.12,0.089,0.0,0.001,15701.0,5672.0,1.0
mu[1013],-0.013,0.055,-0.118,0.086,0.0,0.001,16035.0,5587.0,1.0
mu[1014],-0.01,0.072,-0.148,0.122,0.001,0.001,13599.0,6383.0,1.0
mu[1015],-0.012,0.058,-0.12,0.096,0.0,0.001,15384.0,5802.0,1.0
mu[1016],-0.081,0.06,-0.196,0.029,0.0,0.001,17846.0,5903.0,1.0
mu[1017],-0.049,0.056,-0.153,0.057,0.0,0.001,19892.0,5343.0,1.0
mu[1018],-0.213,0.097,-0.394,-0.027,0.001,0.001,12427.0,7152.0,1.0
mu[1019],0.016,0.058,-0.092,0.127,0.0,0.001,17624.0,5565.0,1.0
mu[1020],0.051,0.065,-0.073,0.17,0.001,0.001,15534.0,6025.0,1.0
mu[1021],-0.06,0.057,-0.166,0.047,0.0,0.001,19096.0,5399.0,1.0
mu[1022],-0.008,0.056,-0.111,0.099,0.0,0.001,19143.0,5411.0,1.0
mu[1023],-0.09,0.061,-0.205,0.025,0.0,0.001,17308.0,5950.0,1.0
mu[1024],0.055,0.066,-0.071,0.176,0.001,0.001,15324.0,6096.0,1.0
mu[1025],0.112,0.082,-0.036,0.269,0.001,0.001,13265.0,6974.0,1.0
mu[1026],-0.115,0.067,-0.242,0.007,0.001,0.001,15841.0,6411.0,1.0
mu[1027],-0.109,0.065,-0.233,0.01,0.001,0.001,16151.0,6252.0,1.0
mu[1028],-0.47,0.199,-0.856,-0.106,0.002,0.002,11004.0,7357.0,1.0
mu[1029],-0.073,0.058,-0.183,0.036,0.0,0.001,18321.0,5707.0,1.0
mu[1030],-0.012,0.056,-0.117,0.093,0.0,0.001,19405.0,5172.0,1.0
mu[1031],-0.04,0.055,-0.145,0.063,0.0,0.001,20054.0,5435.0,1.0
mu[1032],-0.061,0.057,-0.167,0.046,0.0,0.001,19060.0,5438.0,1.0
mu[1033],0.084,0.073,-0.057,0.217,0.001,0.001,14106.0,6550.0,1.0
mu[1034],-0.171,0.083,-0.331,-0.019,0.001,0.001,13326.0,6920.0,1.0
mu[1035],0.088,0.075,-0.05,0.228,0.001,0.001,13949.0,6724.0,1.0
mu[1036],-0.079,0.059,-0.189,0.034,0.0,0.001,18002.0,5830.0,1.0
mu[1037],-0.048,0.056,-0.15,0.059,0.0,0.001,19928.0,5324.0,1.0
mu[1038],-0.078,0.059,-0.193,0.031,0.0,0.001,18015.0,5830.0,1.0
mu[1039],-0.291,0.126,-0.536,-0.056,0.001,0.001,11611.0,7319.0,1.0
mu[1040],-0.03,0.055,-0.131,0.076,0.0,0.001,19947.0,5250.0,1.0
mu[1041],-0.076,0.059,-0.189,0.032,0.0,0.001,18150.0,5829.0,1.0
mu[1042],-0.141,0.074,-0.282,-0.006,0.001,0.001,14586.0,6756.0,1.0
mu[1043],-0.075,0.059,-0.186,0.034,0.0,0.001,18209.0,5784.0,1.0
mu[1044],-0.051,0.056,-0.156,0.054,0.0,0.001,19815.0,5323.0,1.0
mu[1045],-0.014,0.055,-0.12,0.089,0.0,0.001,19522.0,5225.0,1.0
mu[1046],-0.163,0.08,-0.312,-0.01,0.001,0.001,13556.0,6822.0,1.0
mu[1047],0.068,0.069,-0.063,0.195,0.001,0.001,14756.0,6222.0,1.0
mu[1048],0.026,0.06,-0.084,0.142,0.0,0.001,16983.0,5688.0,1.0
mu[1049],-0.035,0.055,-0.138,0.069,0.0,0.001,20002.0,5398.0,1.0
mu[1050],-0.039,0.055,-0.143,0.065,0.0,0.001,20037.0,5436.0,1.0
mu[1051],0.055,0.066,-0.071,0.176,0.001,0.001,15316.0,6096.0,1.0
mu[1052],0.011,0.058,-0.096,0.121,0.0,0.001,17956.0,5509.0,1.0
mu[1053],0.105,0.08,-0.04,0.257,0.001,0.001,13445.0,7033.0,1.0
mu[1054],0.068,0.069,-0.062,0.196,0.001,0.001,14720.0,6300.0,1.0
mu[1055],-0.047,0.056,-0.15,0.059,0.0,0.001,19933.0,5362.0,1.0
mu[1056],-0.074,0.059,-0.185,0.035,0.0,0.001,18230.0,5762.0,1.0
mu[1057],-0.199,0.092,-0.38,-0.033,0.001,0.001,12663.0,6826.0,1.0
mu[1058],0.057,0.066,-0.068,0.18,0.001,0.001,15240.0,6121.0,1.0
mu[1059],-0.108,0.065,-0.232,0.011,0.001,0.001,16210.0,6226.0,1.0
mu[1060],0.121,0.085,-0.032,0.284,0.001,0.001,13038.0,6941.0,1.0
mu[1061],-0.275,0.12,-0.517,-0.06,0.001,0.001,11718.0,7324.0,1.0
mu[1062],-0.089,0.061,-0.204,0.025,0.0,0.001,17354.0,5927.0,1.0
mu[1063],-0.038,0.055,-0.142,0.066,0.0,0.001,20033.0,5379.0,1.0
mu[1064],-0.017,0.055,-0.122,0.087,0.0,0.001,19612.0,5255.0,1.0
mu[1065],0.015,0.058,-0.093,0.126,0.0,0.001,17669.0,5565.0,1.0
mu[1066],0.106,0.08,-0.038,0.26,0.001,0.001,13393.0,7035.0,1.0
mu[1067],-0.225,0.102,-0.421,-0.036,0.001,0.001,12236.0,7236.0,1.0
mu[1068],-0.029,0.055,-0.131,0.077,0.0,0.001,19938.0,5197.0,1.0
mu[1069],-0.027,0.055,-0.13,0.077,0.0,0.001,19920.0,5148.0,1.0
mu[1070],-0.029,0.055,-0.131,0.077,0.0,0.001,19938.0,5197.0,1.0
mu[1071],0.1,0.078,-0.044,0.248,0.001,0.001,13569.0,6969.0,1.0
mu[1072],0.035,0.062,-0.084,0.147,0.0,0.001,16481.0,5796.0,1.0
mu[1073],-0.087,0.061,-0.203,0.026,0.0,0.001,17467.0,5928.0,1.0
mu[1074],0.025,0.06,-0.083,0.143,0.0,0.001,17068.0,5689.0,1.0
mu[1075],0.048,0.064,-0.078,0.162,0.001,0.001,15679.0,5885.0,1.0
mu[1076],-0.101,0.063,-0.218,0.019,0.0,0.001,16616.0,6202.0,1.0
mu[1077],-0.004,0.056,-0.11,0.101,0.0,0.001,18967.0,5392.0,1.0
mu[1078],-0.12,0.068,-0.252,0.003,0.001,0.001,15530.0,6516.0,1.0
mu[1079],0.107,0.081,-0.038,0.261,0.001,0.001,13374.0,7068.0,1.0
mu[1080],-0.16,0.079,-0.311,-0.011,0.001,0.001,13638.0,6703.0,1.0
mu[1081],-0.068,0.058,-0.176,0.042,0.0,0.001,18593.0,5657.0,1.0
mu[1082],-0.073,0.058,-0.184,0.035,0.0,0.001,18304.0,5665.0,1.0
mu[1083],-0.006,0.056,-0.111,0.099,0.0,0.001,19105.0,5430.0,1.0
mu[1084],-0.095,0.062,-0.213,0.02,0.0,0.001,16922.0,6019.0,1.0
mu[1085],-0.006,0.056,-0.111,0.099,0.0,0.001,19105.0,5430.0,1.0
mu[1086],-0.073,0.058,-0.184,0.035,0.0,0.001,18304.0,5665.0,1.0
mu[1087],-0.162,0.08,-0.31,-0.009,0.001,0.001,13585.0,6762.0,1.0
mu[1088],0.06,0.067,-0.068,0.183,0.001,0.001,15088.0,6147.0,1.0
mu[1089],0.06,0.067,-0.068,0.183,0.001,0.001,15088.0,6147.0,1.0
mu[1090],-0.029,0.055,-0.131,0.077,0.0,0.001,19939.0,5148.0,1.0
mu[1091],-0.022,0.055,-0.124,0.084,0.0,0.001,19777.0,5113.0,1.0
mu[1092],-0.06,0.057,-0.165,0.048,0.0,0.001,19123.0,5399.0,1.0
mu[1093],-0.06,0.057,-0.166,0.047,0.0,0.001,19096.0,5399.0,1.0
mu[1094],0.038,0.062,-0.082,0.151,0.0,0.001,16260.0,5773.0,1.0
mu[1095],-0.036,0.055,-0.14,0.068,0.0,0.001,20004.0,5360.0,1.0
mu[1096],0.105,0.08,-0.04,0.257,0.001,0.001,13445.0,7033.0,1.0
mu[1097],0.06,0.067,-0.068,0.183,0.001,0.001,15088.0,6147.0,1.0
mu[1098],-0.006,0.056,-0.111,0.099,0.0,0.001,19105.0,5430.0,1.0
mu[1099],0.079,0.072,-0.058,0.212,0.001,0.001,14271.0,6437.0,1.0
mu[1100],-0.118,0.067,-0.247,0.005,0.001,0.001,15672.0,6412.0,1.0
mu[1101],-0.14,0.073,-0.28,-0.004,0.001,0.001,14635.0,6756.0,1.0
mu[1102],0.02,0.059,-0.091,0.132,0.0,0.001,17372.0,5585.0,1.0
mu[1103],0.016,0.058,-0.092,0.127,0.0,0.001,17624.0,5565.0,1.0
mu[1104],-0.051,0.056,-0.155,0.055,0.0,0.001,19831.0,5361.0,1.0
mu[1105],-0.073,0.058,-0.184,0.035,0.0,0.001,18304.0,5665.0,1.0
mu[1106],0.105,0.08,-0.04,0.257,0.001,0.001,13445.0,7033.0,1.0
mu[1107],0.1,0.078,-0.044,0.248,0.001,0.001,13569.0,6969.0,1.0
mu[1108],-0.29,0.126,-0.534,-0.056,0.001,0.001,11620.0,7319.0,1.0
mu[1109],-0.073,0.058,-0.184,0.035,0.0,0.001,18304.0,5665.0,1.0
mu[1110],0.089,0.075,-0.051,0.229,0.001,0.001,13902.0,6754.0,1.0
mu[1111],0.047,0.064,-0.076,0.164,0.001,0.001,15741.0,5931.0,1.0
mu[1112],0.133,0.089,-0.033,0.296,0.001,0.001,12813.0,7138.0,1.0
mu[1113],0.038,0.062,-0.082,0.151,0.0,0.001,16260.0,5773.0,1.0
mu[1114],-0.184,0.087,-0.35,-0.022,0.001,0.001,12985.0,6921.0,1.0
mu[1115],-0.043,0.055,-0.145,0.063,0.0,0.001,20010.0,5516.0,1.0
mu[1116],-0.021,0.055,-0.123,0.086,0.0,0.001,19763.0,5113.0,1.0
mu[1117],0.077,0.072,-0.059,0.209,0.001,0.001,14350.0,6432.0,1.0
mu[1118],-0.115,0.067,-0.242,0.007,0.001,0.001,15816.0,6411.0,1.0
mu[1119],-0.073,0.058,-0.184,0.035,0.0,0.001,18304.0,5665.0,1.0
mu[1120],-0.051,0.056,-0.155,0.055,0.0,0.001,19831.0,5361.0,1.0
mu[1121],0.06,0.067,-0.068,0.183,0.001,0.001,15088.0,6147.0,1.0
mu[1122],0.125,0.086,-0.029,0.29,0.001,0.001,12969.0,6973.0,1.0
mu[1123],0.092,0.076,-0.049,0.233,0.001,0.001,13816.0,6874.0,1.0
mu[1124],-0.12,0.068,-0.251,0.003,0.001,0.001,15539.0,6516.0,1.0
mu[1125],0.119,0.084,-0.032,0.281,0.001,0.001,13087.0,7039.0,1.0
mu[1126],0.018,0.059,-0.092,0.13,0.0,0.001,17450.0,5585.0,1.0
mu[1127],-0.071,0.058,-0.181,0.037,0.0,0.001,18460.0,5720.0,1.0
mu[1128],0.038,0.062,-0.082,0.151,0.0,0.001,16260.0,5773.0,1.0
mu[1129],0.06,0.067,-0.068,0.183,0.001,0.001,15088.0,6147.0,1.0
mu[1130],-0.006,0.056,-0.111,0.099,0.0,0.001,19105.0,5430.0,1.0
mu[1131],-0.029,0.055,-0.131,0.077,0.0,0.001,19939.0,5148.0,1.0
mu[1132],0.016,0.058,-0.092,0.127,0.0,0.001,17624.0,5565.0,1.0
mu[1133],-0.006,0.056,-0.111,0.099,0.0,0.001,19105.0,5430.0,1.0
mu[1134],-0.118,0.067,-0.247,0.005,0.001,0.001,15672.0,6412.0,1.0
mu[1135],0.03,0.061,-0.083,0.146,0.0,0.001,16792.0,5731.0,1.0
mu[1136],-0.003,0.056,-0.104,0.108,0.0,0.001,18898.0,5373.0,1.0
mu[1137],-0.066,0.057,-0.171,0.045,0.0,0.001,18755.0,5535.0,1.0
mu[1138],0.096,0.077,-0.046,0.241,0.001,0.001,13709.0,6936.0,1.0
mu[1139],0.023,0.06,-0.084,0.14,0.0,0.001,17163.0,5646.0,1.0
mu[1140],0.007,0.057,-0.097,0.118,0.0,0.001,18189.0,5570.0,1.0
mu[1141],0.127,0.087,-0.033,0.289,0.001,0.001,12914.0,7102.0,1.0
mu[1142],0.038,0.062,-0.082,0.151,0.0,0.001,16260.0,5773.0,1.0
mu[1143],-0.08,0.059,-0.19,0.03,0.0,0.001,14442.0,6867.0,1.0
mu[1144],-0.043,0.054,-0.147,0.055,0.0,0.001,16177.0,6165.0,1.0
mu[1145],-0.234,0.1,-0.414,-0.039,0.001,0.001,9910.0,7586.0,1.0
mu[1146],0.033,0.057,-0.073,0.14,0.0,0.001,14523.0,5970.0,1.0
mu[1147],0.074,0.064,-0.042,0.199,0.001,0.001,12327.0,6652.0,1.0
mu[1148],-0.056,0.055,-0.162,0.045,0.0,0.001,15670.0,6495.0,1.0
mu[1149],0.006,0.054,-0.094,0.108,0.0,0.001,15915.0,5948.0,1.0
mu[1150],-0.09,0.06,-0.2,0.026,0.001,0.001,13922.0,6994.0,1.0
mu[1151],0.079,0.065,-0.04,0.205,0.001,0.001,12103.0,6720.0,1.0
mu[1152],0.145,0.083,-0.008,0.304,0.001,0.001,10144.0,7131.0,1.0
mu[1153],-0.119,0.066,-0.249,-0.0,0.001,0.001,12578.0,7238.0,1.0
mu[1154],-0.113,0.065,-0.241,0.003,0.001,0.001,12857.0,7136.0,1.0
mu[1155],-0.534,0.208,-0.937,-0.151,0.002,0.002,8789.0,6567.0,1.0
mu[1156],-0.071,0.057,-0.18,0.034,0.0,0.001,14956.0,6718.0,1.0
mu[1157],0.0,0.054,-0.1,0.101,0.0,0.001,16119.0,6059.0,1.0
mu[1158],-0.032,0.054,-0.132,0.069,0.0,0.001,16469.0,6020.0,1.0
mu[1159],-0.057,0.055,-0.164,0.044,0.0,0.001,15633.0,6495.0,1.0
mu[1160],0.112,0.074,-0.022,0.254,0.001,0.001,10919.0,7098.0,1.0
mu[1161],-0.185,0.084,-0.339,-0.022,0.001,0.001,10657.0,7781.0,1.0
mu[1162],0.117,0.075,-0.032,0.25,0.001,0.001,10793.0,7199.0,1.0
mu[1163],-0.078,0.058,-0.185,0.033,0.0,0.001,14596.0,6855.0,1.0
mu[1164],-0.041,0.054,-0.143,0.058,0.0,0.001,16238.0,6036.0,1.0
mu[1165],-0.077,0.058,-0.185,0.033,0.0,0.001,14611.0,6896.0,1.0
mu[1166],-0.325,0.131,-0.568,-0.076,0.001,0.001,9220.0,7139.0,1.0
mu[1167],-0.02,0.053,-0.12,0.079,0.0,0.001,16570.0,6035.0,1.0
mu[1168],-0.074,0.058,-0.185,0.031,0.0,0.001,14765.0,6759.0,1.0
mu[1169],-0.15,0.074,-0.283,-0.005,0.001,0.001,11496.0,7422.0,1.0
mu[1170],-0.073,0.057,-0.182,0.033,0.0,0.001,14836.0,6684.0,1.0
mu[1171],-0.046,0.054,-0.15,0.052,0.0,0.001,16105.0,6254.0,1.0
mu[1172],-0.003,0.054,-0.107,0.094,0.0,0.001,16219.0,5964.0,1.0
mu[1173],-0.176,0.081,-0.324,-0.018,0.001,0.001,10840.0,7489.0,1.0
mu[1174],0.093,0.069,-0.035,0.223,0.001,0.001,11517.0,7060.0,1.0
mu[1175],0.045,0.059,-0.062,0.159,0.0,0.001,13863.0,6126.0,1.0
mu[1176],-0.027,0.053,-0.123,0.077,0.0,0.001,16553.0,5926.0,1.0
mu[1177],-0.031,0.053,-0.13,0.07,0.0,0.001,16492.0,5996.0,1.0
mu[1178],0.079,0.065,-0.04,0.205,0.001,0.001,12091.0,6720.0,1.0
mu[1179],0.027,0.056,-0.081,0.131,0.0,0.001,14841.0,6043.0,1.0
mu[1180],0.137,0.081,-0.019,0.283,0.001,0.001,10313.0,7131.0,1.0
mu[1181],0.094,0.069,-0.034,0.225,0.001,0.001,11477.0,7033.0,1.0
mu[1182],-0.041,0.054,-0.143,0.059,0.0,0.001,16244.0,6036.0,1.0
mu[1183],-0.073,0.057,-0.179,0.036,0.0,0.001,14866.0,6743.0,1.0
mu[1184],-0.218,0.094,-0.394,-0.039,0.001,0.001,10112.0,7587.0,1.0
mu[1185],0.081,0.066,-0.043,0.203,0.001,0.001,12009.0,6720.0,1.0
mu[1186],-0.111,0.064,-0.239,0.003,0.001,0.001,12914.0,7169.0,1.0
mu[1187],0.156,0.086,0.003,0.327,0.001,0.001,9947.0,7268.0,1.0
mu[1188],-0.307,0.125,-0.543,-0.074,0.001,0.001,9308.0,7245.0,1.0
mu[1189],-0.089,0.06,-0.201,0.025,0.001,0.001,13964.0,6994.0,1.0
mu[1190],-0.03,0.053,-0.134,0.066,0.0,0.001,16504.0,6020.0,1.0
mu[1191],-0.005,0.053,-0.109,0.092,0.0,0.001,16303.0,5915.0,1.0
mu[1192],0.032,0.057,-0.074,0.139,0.0,0.001,14571.0,5994.0,1.0
mu[1193],0.139,0.081,-0.018,0.286,0.001,0.001,10268.0,7131.0,1.0
mu[1194],-0.249,0.105,-0.449,-0.055,0.001,0.001,9753.0,7553.0,1.0
mu[1195],-0.02,0.053,-0.12,0.08,0.0,0.001,16567.0,6059.0,1.0
mu[1196],-0.018,0.053,-0.117,0.083,0.0,0.001,16556.0,5996.0,1.0
mu[1197],-0.02,0.053,-0.12,0.08,0.0,0.001,16567.0,6059.0,1.0
mu[1198],0.131,0.079,-0.025,0.272,0.001,0.001,10431.0,7000.0,1.0
mu[1199],0.055,0.06,-0.061,0.165,0.001,0.001,13304.0,6442.0,1.0
mu[1200],-0.087,0.06,-0.199,0.026,0.001,0.001,14073.0,6930.0,1.0
mu[1201],0.043,0.058,-0.063,0.157,0.0,0.001,13942.0,5934.0,1.0
mu[1202],0.07,0.063,-0.045,0.192,0.001,0.001,12489.0,6711.0,1.0
mu[1203],-0.103,0.063,-0.225,0.011,0.001,0.001,13290.0,7159.0,1.0
mu[1204],0.009,0.054,-0.092,0.112,0.0,0.001,15748.0,6053.0,1.0
mu[1205],-0.126,0.068,-0.256,-0.001,0.001,0.001,12315.0,7387.0,1.0
mu[1206],0.139,0.081,-0.018,0.287,0.001,0.001,10250.0,7064.0,1.0
mu[1207],-0.173,0.08,-0.318,-0.015,0.001,0.001,10911.0,7488.0,1.0
mu[1208],-0.066,0.056,-0.171,0.041,0.0,0.001,15236.0,6733.0,1.0
mu[1209],-0.071,0.057,-0.18,0.034,0.0,0.001,14944.0,6718.0,1.0
mu[1210],0.007,0.054,-0.094,0.109,0.0,0.001,15861.0,5987.0,1.0
mu[1211],-0.097,0.061,-0.218,0.014,0.001,0.001,13571.0,7093.0,1.0
mu[1212],0.007,0.054,-0.094,0.109,0.0,0.001,15861.0,5987.0,1.0
mu[1213],-0.071,0.057,-0.18,0.034,0.0,0.001,14944.0,6718.0,1.0
mu[1214],-0.175,0.081,-0.323,-0.017,0.001,0.001,10864.0,7489.0,1.0
mu[1215],0.085,0.067,-0.038,0.212,0.001,0.001,11849.0,6951.0,1.0
mu[1216],0.085,0.067,-0.038,0.212,0.001,0.001,11849.0,6951.0,1.0
mu[1217],-0.019,0.053,-0.119,0.08,0.0,0.001,16563.0,6059.0,1.0
mu[1218],-0.011,0.053,-0.112,0.089,0.0,0.001,16458.0,5756.0,1.0
mu[1219],-0.056,0.055,-0.162,0.044,0.0,0.001,15689.0,6495.0,1.0
mu[1220],-0.056,0.055,-0.162,0.045,0.0,0.001,15670.0,6495.0,1.0
mu[1221],0.059,0.061,-0.051,0.179,0.001,0.001,13089.0,6472.0,1.0
mu[1222],-0.028,0.053,-0.132,0.068,0.0,0.001,16534.0,6020.0,1.0
mu[1223],0.137,0.081,-0.019,0.283,0.001,0.001,10313.0,7131.0,1.0
mu[1224],0.085,0.067,-0.038,0.212,0.001,0.001,11849.0,6951.0,1.0
mu[1225],0.007,0.054,-0.094,0.109,0.0,0.001,15861.0,5987.0,1.0
mu[1226],0.107,0.072,-0.028,0.244,0.001,0.001,11068.0,6999.0,1.0
mu[1227],-0.123,0.067,-0.253,-0.001,0.001,0.001,12439.0,7309.0,1.0
mu[1228],-0.149,0.074,-0.281,-0.005,0.001,0.001,11534.0,7422.0,1.0
mu[1229],0.037,0.057,-0.069,0.148,0.0,0.001,14254.0,5890.0,1.0
mu[1230],0.033,0.057,-0.073,0.14,0.0,0.001,14523.0,5970.0,1.0
mu[1231],-0.045,0.054,-0.15,0.053,0.0,0.001,16121.0,6228.0,1.0
mu[1232],-0.071,0.057,-0.18,0.034,0.0,0.001,14944.0,6718.0,1.0
mu[1233],0.137,0.081,-0.019,0.283,0.001,0.001,10313.0,7131.0,1.0
mu[1234],0.131,0.079,-0.025,0.272,0.001,0.001,10431.0,7000.0,1.0
mu[1235],-0.324,0.131,-0.567,-0.076,0.001,0.001,9227.0,7139.0,1.0
mu[1236],-0.071,0.057,-0.18,0.034,0.0,0.001,14944.0,6718.0,1.0
mu[1237],0.118,0.075,-0.031,0.252,0.001,0.001,10753.0,7199.0,1.0
mu[1238],0.069,0.063,-0.045,0.191,0.001,0.001,12551.0,6753.0,1.0
mu[1239],0.169,0.09,0.006,0.345,0.001,0.001,9761.0,7373.0,1.0
mu[1240],0.059,0.061,-0.051,0.179,0.001,0.001,13089.0,6472.0,1.0
mu[1241],-0.201,0.089,-0.361,-0.027,0.001,0.001,10374.0,7742.0,1.0
mu[1242],-0.036,0.054,-0.134,0.067,0.0,0.001,16410.0,6034.0,1.0
mu[1243],-0.01,0.053,-0.112,0.088,0.0,0.001,16441.0,5633.0,1.0
mu[1244],0.105,0.072,-0.03,0.239,0.001,0.001,11138.0,7000.0,1.0
mu[1245],-0.12,0.066,-0.25,-0.0,0.001,0.001,12560.0,7308.0,1.0
mu[1246],-0.071,0.057,-0.18,0.034,0.0,0.001,14944.0,6718.0,1.0
mu[1247],-0.045,0.054,-0.15,0.053,0.0,0.001,16121.0,6228.0,1.0
mu[1248],0.085,0.067,-0.038,0.212,0.001,0.001,11849.0,6951.0,1.0
mu[1249],0.16,0.087,-0.004,0.324,0.001,0.001,9892.0,7267.0,1.0
mu[1250],0.122,0.076,-0.028,0.259,0.001,0.001,10663.0,7131.0,1.0
mu[1251],-0.126,0.068,-0.256,-0.001,0.001,0.001,12325.0,7387.0,1.0
mu[1252],0.153,0.085,-0.004,0.317,0.001,0.001,9996.0,7338.0,1.0
mu[1253],0.036,0.057,-0.069,0.146,0.0,0.001,14343.0,5970.0,1.0
mu[1254],-0.068,0.057,-0.177,0.035,0.0,0.001,15097.0,6688.0,1.0
mu[1255],0.059,0.061,-0.051,0.179,0.001,0.001,13089.0,6472.0,1.0
mu[1256],0.085,0.067,-0.038,0.212,0.001,0.001,11849.0,6951.0,1.0
mu[1257],0.007,0.054,-0.094,0.109,0.0,0.001,15861.0,5987.0,1.0
mu[1258],-0.019,0.053,-0.119,0.08,0.0,0.001,16563.0,6059.0,1.0
mu[1259],0.033,0.057,-0.073,0.14,0.0,0.001,14523.0,5970.0,1.0
mu[1260],0.007,0.054,-0.094,0.109,0.0,0.001,15861.0,5987.0,1.0
mu[1261],-0.123,0.067,-0.253,-0.001,0.001,0.001,12439.0,7309.0,1.0
mu[1262],0.049,0.059,-0.059,0.165,0.001,0.001,13640.0,6329.0,1.0
mu[1263],0.011,0.054,-0.091,0.114,0.0,0.001,15668.0,6016.0,1.0
mu[1264],-0.063,0.056,-0.169,0.041,0.0,0.001,15373.0,6700.0,1.0
mu[1265],0.126,0.078,-0.027,0.264,0.001,0.001,10548.0,7000.0,1.0
mu[1266],0.042,0.058,-0.064,0.154,0.0,0.001,14034.0,5982.0,1.0
mu[1267],0.023,0.056,-0.086,0.124,0.0,0.001,15073.0,6090.0,1.0
mu[1268],0.163,0.088,-0.003,0.329,0.001,0.001,9849.0,7268.0,1.0
mu[1269],0.059,0.061,-0.051,0.179,0.001,0.001,13089.0,6472.0,1.0
mu[1270],-0.083,0.06,-0.193,0.033,0.0,0.001,15015.0,6225.0,1.0
mu[1271],-0.059,0.055,-0.159,0.047,0.0,0.001,16842.0,5668.0,1.0
mu[1272],-0.182,0.103,-0.37,0.008,0.001,0.001,10777.0,7112.0,1.0
mu[1273],-0.01,0.057,-0.121,0.094,0.0,0.001,16374.0,5857.0,1.0
mu[1274],0.017,0.065,-0.108,0.132,0.001,0.001,13883.0,6545.0,1.0
mu[1275],-0.067,0.057,-0.168,0.044,0.0,0.001,16241.0,5780.0,1.0
mu[1276],-0.027,0.055,-0.133,0.07,0.0,0.001,17282.0,5283.0,1.0
mu[1277],-0.089,0.062,-0.202,0.031,0.001,0.001,14551.0,6391.0,1.0
mu[1278],0.02,0.066,-0.109,0.135,0.001,0.001,13653.0,6331.0,1.0
mu[1279],0.063,0.084,-0.098,0.215,0.001,0.001,11542.0,6528.0,1.0
mu[1280],-0.108,0.068,-0.23,0.024,0.001,0.001,13237.0,7050.0,1.0
mu[1281],-0.104,0.067,-0.227,0.022,0.001,0.001,13502.0,6952.0,1.0
mu[1282],-0.376,0.214,-0.781,0.017,0.002,0.002,9567.0,6909.0,1.0
mu[1283],-0.077,0.059,-0.185,0.034,0.0,0.001,15495.0,5991.0,1.0
mu[1284],-0.031,0.055,-0.135,0.067,0.0,0.001,17411.0,5200.0,1.0
mu[1285],-0.052,0.055,-0.151,0.052,0.0,0.001,17219.0,5673.0,1.0
mu[1286],-0.068,0.057,-0.169,0.044,0.0,0.001,16203.0,5803.0,1.0
mu[1287],0.042,0.074,-0.1,0.175,0.001,0.001,12377.0,6689.0,1.0
mu[1288],-0.15,0.087,-0.31,0.011,0.001,0.001,11473.0,7248.0,1.0
mu[1289],0.045,0.075,-0.098,0.183,0.001,0.001,12232.0,6704.0,1.0
mu[1290],-0.081,0.06,-0.19,0.033,0.0,0.001,15155.0,6152.0,1.0
mu[1291],-0.057,0.055,-0.157,0.048,0.0,0.001,16914.0,5697.0,1.0
mu[1292],-0.081,0.06,-0.19,0.034,0.0,0.001,15168.0,6152.0,1.0
mu[1293],-0.241,0.135,-0.477,0.022,0.001,0.001,10074.0,7321.0,1.0
mu[1294],-0.044,0.054,-0.143,0.059,0.0,0.001,17475.0,5273.0,1.0
mu[1295],-0.079,0.059,-0.189,0.032,0.0,0.001,15307.0,6054.0,1.0
mu[1296],-0.128,0.076,-0.267,0.017,0.001,0.001,12228.0,7212.0,1.0
mu[1297],-0.078,0.059,-0.188,0.033,0.0,0.001,15368.0,6128.0,1.0
mu[1298],-0.06,0.056,-0.162,0.045,0.0,0.001,16746.0,5646.0,1.0
mu[1299],-0.032,0.054,-0.137,0.065,0.0,0.001,17446.0,5230.0,1.0
mu[1300],-0.144,0.084,-0.301,0.009,0.001,0.001,11640.0,7282.0,1.0
mu[1301],0.029,0.069,-0.104,0.153,0.001,0.001,13035.0,6677.0,1.0
mu[1302],-0.002,0.059,-0.119,0.101,0.0,0.001,15793.0,5785.0,1.0
mu[1303],-0.048,0.054,-0.145,0.057,0.0,0.001,17344.0,5568.0,1.0
mu[1304],-0.051,0.055,-0.149,0.053,0.0,0.001,17256.0,5675.0,1.0
mu[1305],0.02,0.066,-0.109,0.135,0.001,0.001,13641.0,6465.0,1.0
mu[1306],-0.013,0.057,-0.118,0.094,0.0,0.001,16627.0,5659.0,1.0
mu[1307],0.057,0.081,-0.097,0.207,0.001,0.001,11722.0,6613.0,1.0
mu[1308],0.03,0.07,-0.104,0.154,0.001,0.001,12994.0,6692.0,1.0
mu[1309],-0.057,0.055,-0.157,0.048,0.0,0.001,16930.0,5697.0,1.0
mu[1310],-0.078,0.059,-0.187,0.033,0.0,0.001,15396.0,6054.0,1.0
mu[1311],-0.172,0.097,-0.348,0.011,0.001,0.001,10963.0,7145.0,1.0
mu[1312],0.021,0.066,-0.11,0.136,0.001,0.001,13553.0,6475.0,1.0
mu[1313],-0.103,0.066,-0.224,0.023,0.001,0.001,13560.0,6926.0,1.0
mu[1314],0.07,0.087,-0.096,0.231,0.001,0.001,11321.0,6586.0,1.0
mu[1315],-0.229,0.128,-0.454,0.02,0.001,0.001,10162.0,7294.0,1.0
mu[1316],-0.089,0.062,-0.205,0.027,0.001,0.001,14582.0,6364.0,1.0
mu[1317],-0.05,0.055,-0.149,0.053,0.0,0.001,17283.0,5653.0,1.0
mu[1318],-0.034,0.054,-0.136,0.066,0.0,0.001,17496.0,5093.0,1.0
mu[1319],-0.01,0.057,-0.12,0.093,0.0,0.001,16417.0,5702.0,1.0
mu[1320],0.059,0.082,-0.097,0.209,0.001,0.001,11673.0,6613.0,1.0
mu[1321],-0.192,0.108,-0.384,0.013,0.001,0.001,10620.0,7253.0,1.0
mu[1322],-0.044,0.054,-0.143,0.058,0.0,0.001,17479.0,5237.0,1.0
mu[1323],-0.042,0.054,-0.142,0.058,0.0,0.001,17526.0,5210.0,1.0
mu[1324],-0.044,0.054,-0.143,0.058,0.0,0.001,17479.0,5237.0,1.0
mu[1325],0.054,0.08,-0.093,0.205,0.001,0.001,11842.0,6560.0,1.0
mu[1326],0.005,0.061,-0.121,0.105,0.0,0.001,14898.0,6259.0,1.0
mu[1327],-0.087,0.061,-0.2,0.031,0.001,0.001,14671.0,6380.0,1.0
mu[1328],-0.003,0.059,-0.12,0.099,0.0,0.001,15860.0,5785.0,1.0
mu[1329],0.015,0.064,-0.107,0.129,0.001,0.001,14048.0,6287.0,1.0
mu[1330],-0.097,0.065,-0.22,0.021,0.001,0.001,13933.0,6656.0,1.0
mu[1331],-0.025,0.055,-0.13,0.074,0.0,0.001,17161.0,5299.0,1.0
mu[1332],-0.112,0.07,-0.236,0.024,0.001,0.001,12991.0,6952.0,1.0
mu[1333],0.059,0.082,-0.097,0.21,0.001,0.001,11655.0,6641.0,1.0
mu[1334],-0.142,0.083,-0.298,0.009,0.001,0.001,11708.0,7317.0,1.0
mu[1335],-0.073,0.058,-0.18,0.037,0.0,0.001,15769.0,5986.0,1.0
mu[1336],-0.077,0.059,-0.185,0.034,0.0,0.001,15482.0,5986.0,1.0
mu[1337],-0.026,0.055,-0.132,0.072,0.0,0.001,17239.0,5226.0,1.0
mu[1338],-0.094,0.063,-0.212,0.025,0.001,0.001,14217.0,6581.0,1.0
mu[1339],-0.026,0.055,-0.132,0.072,0.0,0.001,17239.0,5226.0,1.0
mu[1340],-0.077,0.059,-0.185,0.034,0.0,0.001,15482.0,5986.0,1.0
mu[1341],-0.144,0.084,-0.3,0.009,0.001,0.001,11665.0,7282.0,1.0
mu[1342],0.024,0.067,-0.105,0.144,0.001,0.001,13387.0,6602.0,1.0
mu[1343],0.024,0.067,-0.105,0.144,0.001,0.001,13387.0,6602.0,1.0
mu[1344],-0.043,0.054,-0.142,0.059,0.0,0.001,17488.0,5292.0,1.0
mu[1345],-0.038,0.054,-0.136,0.065,0.0,0.001,17550.0,5268.0,1.0
mu[1346],-0.067,0.057,-0.169,0.043,0.0,0.001,16272.0,5715.0,1.0
mu[1347],-0.067,0.057,-0.168,0.044,0.0,0.001,16241.0,5780.0,1.0
mu[1348],0.007,0.062,-0.12,0.109,0.001,0.001,14675.0,6262.0,1.0
mu[1349],-0.049,0.054,-0.147,0.055,0.0,0.001,17315.0,5610.0,1.0
mu[1350],0.057,0.081,-0.097,0.207,0.001,0.001,11722.0,6613.0,1.0
mu[1351],0.024,0.067,-0.105,0.144,0.001,0.001,13387.0,6602.0,1.0
mu[1352],-0.026,0.055,-0.132,0.072,0.0,0.001,17239.0,5226.0,1.0
mu[1353],0.038,0.073,-0.102,0.168,0.001,0.001,12541.0,6674.0,1.0
mu[1354],-0.11,0.069,-0.235,0.023,0.001,0.001,13108.0,6922.0,1.0
mu[1355],-0.127,0.076,-0.269,0.013,0.001,0.001,12261.0,7212.0,1.0
mu[1356],-0.007,0.058,-0.12,0.097,0.0,0.001,16124.0,5675.0,1.0
mu[1357],-0.01,0.057,-0.121,0.094,0.0,0.001,16374.0,5857.0,1.0
mu[1358],-0.06,0.056,-0.162,0.045,0.0,0.001,16768.0,5689.0,1.0
mu[1359],-0.077,0.059,-0.185,0.034,0.0,0.001,15482.0,5986.0,1.0
mu[1360],0.057,0.081,-0.097,0.207,0.001,0.001,11722.0,6613.0,1.0
mu[1361],0.054,0.08,-0.093,0.205,0.001,0.001,11842.0,6560.0,1.0
mu[1362],-0.24,0.134,-0.475,0.021,0.001,0.001,10081.0,7286.0,1.0
mu[1363],-0.077,0.059,-0.185,0.034,0.0,0.001,15482.0,5986.0,1.0
mu[1364],0.046,0.076,-0.098,0.185,0.001,0.001,12189.0,6746.0,1.0
mu[1365],0.014,0.064,-0.107,0.129,0.001,0.001,14115.0,6135.0,1.0
mu[1366],0.078,0.091,-0.091,0.251,0.001,0.001,11100.0,6543.0,1.0
mu[1367],0.007,0.062,-0.12,0.109,0.001,0.001,14675.0,6262.0,1.0
mu[1368],-0.161,0.092,-0.325,0.014,0.001,0.001,11222.0,7250.0,1.0
mu[1369],-0.054,0.055,-0.153,0.051,0.0,0.001,17126.0,5609.0,1.0
mu[1370],-0.038,0.054,-0.135,0.066,0.0,0.001,17550.0,5159.0,1.0
mu[1371],0.037,0.072,-0.104,0.164,0.001,0.001,12617.0,6599.0,1.0
mu[1372],-0.108,0.068,-0.23,0.024,0.001,0.001,13220.0,7050.0,1.0
mu[1373],-0.077,0.059,-0.185,0.034,0.0,0.001,15482.0,5986.0,1.0
mu[1374],-0.06,0.056,-0.162,0.045,0.0,0.001,16768.0,5689.0,1.0
mu[1375],0.024,0.067,-0.105,0.144,0.001,0.001,13387.0,6602.0,1.0
mu[1376],0.072,0.088,-0.096,0.235,0.001,0.001,11255.0,6498.0,1.0
mu[1377],0.048,0.077,-0.097,0.19,0.001,0.001,12093.0,6716.0,1.0
mu[1378],-0.112,0.07,-0.236,0.024,0.001,0.001,12998.0,6952.0,1.0
mu[1379],0.068,0.086,-0.096,0.228,0.001,0.001,11374.0,6613.0,1.0
mu[1380],-0.008,0.058,-0.121,0.095,0.0,0.001,16219.0,5762.0,1.0
mu[1381],-0.075,0.058,-0.181,0.036,0.0,0.001,15640.0,5920.0,1.0
mu[1382],0.007,0.062,-0.12,0.109,0.001,0.001,14675.0,6262.0,1.0
mu[1383],0.024,0.067,-0.105,0.144,0.001,0.001,13387.0,6602.0,1.0
mu[1384],-0.026,0.055,-0.132,0.072,0.0,0.001,17239.0,5226.0,1.0
mu[1385],-0.043,0.054,-0.142,0.059,0.0,0.001,17488.0,5292.0,1.0
mu[1386],-0.01,0.057,-0.121,0.094,0.0,0.001,16374.0,5857.0,1.0
mu[1387],-0.026,0.055,-0.132,0.072,0.0,0.001,17239.0,5226.0,1.0
mu[1388],-0.11,0.069,-0.235,0.023,0.001,0.001,13108.0,6922.0,1.0
mu[1389],0.001,0.06,-0.119,0.104,0.0,0.001,15612.0,5698.0,1.0
mu[1390],-0.024,0.055,-0.128,0.077,0.0,0.001,17105.0,5318.0,1.0
mu[1391],-0.071,0.057,-0.177,0.038,0.0,0.001,15917.0,5986.0,1.0
mu[1392],0.051,0.078,-0.094,0.198,0.001,0.001,11973.0,6628.0,1.0
mu[1393],-0.004,0.059,-0.122,0.097,0.0,0.001,15942.0,5658.0,1.0
mu[1394],-0.016,0.056,-0.127,0.083,0.0,0.001,16764.0,5678.0,1.0
mu[1395],0.074,0.089,-0.09,0.245,0.001,0.001,11202.0,6554.0,1.0
mu[1396],0.007,0.062,-0.12,0.109,0.001,0.001,14675.0,6262.0,1.0
mu[1397],-0.039,0.061,-0.155,0.07,0.001,0.001,11924.0,6736.0,1.0
mu[1398],-0.026,0.056,-0.131,0.079,0.0,0.001,13265.0,6294.0,1.0
mu[1399],-0.091,0.107,-0.287,0.114,0.001,0.001,9061.0,7322.0,1.0
mu[1400],0.0,0.059,-0.111,0.11,0.001,0.001,13024.0,6536.0,1.0
mu[1401],0.014,0.067,-0.112,0.139,0.001,0.001,11721.0,7113.0,1.0
mu[1402],-0.03,0.057,-0.141,0.072,0.001,0.001,12805.0,6358.0,1.0
mu[1403],-0.009,0.056,-0.114,0.097,0.0,0.001,13696.0,6167.0,1.0
mu[1404],-0.042,0.063,-0.165,0.067,0.001,0.001,11576.0,6631.0,1.0
mu[1405],0.016,0.068,-0.112,0.143,0.001,0.001,11578.0,7215.0,1.0
mu[1406],0.038,0.088,-0.127,0.199,0.001,0.001,10171.0,7706.0,1.0
mu[1407],-0.052,0.07,-0.183,0.075,0.001,0.001,10699.0,6992.0,1.0
mu[1408],-0.05,0.068,-0.173,0.078,0.001,0.001,10870.0,6787.0,1.0
mu[1409],-0.194,0.225,-0.622,0.229,0.002,0.002,8404.0,6753.0,1.0
mu[1410],-0.035,0.059,-0.148,0.073,0.001,0.001,12258.0,6751.0,1.0
mu[1411],-0.011,0.056,-0.117,0.092,0.0,0.001,13760.0,6072.0,1.0
mu[1412],-0.022,0.055,-0.124,0.083,0.0,0.001,13556.0,6043.0,1.0
mu[1413],-0.031,0.057,-0.137,0.076,0.001,0.001,12780.0,6332.0,1.0
mu[1414],0.027,0.078,-0.115,0.175,0.001,0.001,10739.0,7667.0,1.0
mu[1415],-0.074,0.09,-0.236,0.099,0.001,0.001,9502.0,7308.0,1.0
mu[1416],0.029,0.079,-0.113,0.183,0.001,0.001,10643.0,7667.0,1.0
mu[1417],-0.038,0.061,-0.152,0.072,0.001,0.001,12015.0,6707.0,1.0
mu[1418],-0.025,0.056,-0.129,0.08,0.0,0.001,13329.0,6129.0,1.0
mu[1419],-0.038,0.061,-0.152,0.071,0.001,0.001,12021.0,6736.0,1.0
mu[1420],-0.122,0.141,-0.382,0.154,0.002,0.001,8725.0,6963.0,1.0
mu[1421],-0.018,0.055,-0.122,0.084,0.0,0.001,13769.0,6101.0,1.0
mu[1422],-0.037,0.06,-0.154,0.068,0.001,0.001,12123.0,6739.0,1.0
mu[1423],-0.063,0.079,-0.209,0.083,0.001,0.001,10013.0,7199.0,1.0
mu[1424],-0.036,0.06,-0.149,0.072,0.001,0.001,12172.0,6798.0,1.0
mu[1425],-0.027,0.056,-0.135,0.075,0.0,0.001,13198.0,6242.0,1.0
mu[1426],-0.012,0.055,-0.115,0.094,0.0,0.001,13783.0,6085.0,1.0
mu[1427],-0.071,0.087,-0.235,0.088,0.001,0.001,9612.0,7163.0,1.0
mu[1428],0.021,0.072,-0.116,0.154,0.001,0.001,11181.0,7521.0,1.0
mu[1429],0.004,0.061,-0.107,0.122,0.001,0.001,12629.0,6707.0,1.0
mu[1430],-0.02,0.055,-0.12,0.087,0.0,0.001,13672.0,6128.0,1.0
mu[1431],-0.022,0.055,-0.124,0.084,0.0,0.001,13591.0,6043.0,1.0
mu[1432],0.016,0.068,-0.112,0.144,0.001,0.001,11568.0,7250.0,1.0
mu[1433],-0.002,0.058,-0.109,0.11,0.001,0.001,13200.0,6550.0,1.0
mu[1434],0.036,0.085,-0.126,0.191,0.001,0.001,10290.0,7629.0,1.0
mu[1435],0.021,0.072,-0.116,0.155,0.001,0.001,11158.0,7520.0,1.0
mu[1436],-0.025,0.056,-0.129,0.079,0.0,0.001,13336.0,6129.0,1.0
mu[1437],-0.036,0.06,-0.149,0.073,0.001,0.001,12190.0,6768.0,1.0
mu[1438],-0.086,0.101,-0.271,0.107,0.001,0.001,9176.0,7334.0,1.0
mu[1439],0.017,0.069,-0.111,0.147,0.001,0.001,11516.0,7267.0,1.0
mu[1440],-0.049,0.068,-0.172,0.079,0.001,0.001,10907.0,6697.0,1.0
mu[1441],0.042,0.091,-0.13,0.212,0.001,0.001,10013.0,7668.0,1.0
mu[1442],-0.116,0.134,-0.364,0.144,0.001,0.001,8786.0,7027.0,1.0
mu[1443],-0.042,0.063,-0.165,0.067,0.001,0.001,11604.0,6634.0,1.0
mu[1444],-0.021,0.055,-0.123,0.084,0.0,0.001,13605.0,6067.0,1.0
mu[1445],-0.013,0.055,-0.114,0.094,0.0,0.001,13798.0,6105.0,1.0
mu[1446],-0.0,0.059,-0.112,0.11,0.001,0.001,13056.0,6564.0,1.0
mu[1447],0.036,0.086,-0.127,0.192,0.001,0.001,10264.0,7591.0,1.0
mu[1448],-0.096,0.112,-0.308,0.115,0.001,0.001,8973.0,7217.0,1.0
mu[1449],-0.018,0.055,-0.122,0.084,0.0,0.001,13775.0,6077.0,1.0
mu[1450],-0.017,0.055,-0.122,0.084,0.0,0.001,13784.0,6095.0,1.0
mu[1451],-0.018,0.055,-0.122,0.084,0.0,0.001,13775.0,6077.0,1.0
mu[1452],0.034,0.083,-0.12,0.192,0.001,0.001,10378.0,7706.0,1.0
mu[1453],0.008,0.063,-0.117,0.12,0.001,0.001,12308.0,7045.0,1.0
mu[1454],-0.041,0.062,-0.164,0.066,0.001,0.001,11679.0,6735.0,1.0
mu[1455],0.004,0.061,-0.107,0.121,0.001,0.001,12679.0,6692.0,1.0
mu[1456],0.013,0.066,-0.112,0.137,0.001,0.001,11821.0,7180.0,1.0
mu[1457],-0.046,0.066,-0.173,0.069,0.001,0.001,11153.0,6649.0,1.0
mu[1458],-0.008,0.056,-0.112,0.1,0.0,0.001,13644.0,6167.0,1.0
mu[1459],-0.054,0.072,-0.187,0.077,0.001,0.001,10525.0,7024.0,1.0
mu[1460],0.037,0.086,-0.127,0.193,0.001,0.001,10252.0,7628.0,1.0
mu[1461],-0.07,0.086,-0.231,0.088,0.001,0.001,9654.0,7129.0,1.0
mu[1462],-0.034,0.059,-0.144,0.074,0.001,0.001,12457.0,6574.0,1.0
mu[1463],-0.035,0.059,-0.152,0.068,0.001,0.001,12248.0,6751.0,1.0
mu[1464],-0.009,0.056,-0.113,0.098,0.0,0.001,13676.0,6142.0,1.0
mu[1465],-0.044,0.064,-0.166,0.071,0.001,0.001,11351.0,6566.0,1.0
mu[1466],-0.009,0.056,-0.113,0.098,0.0,0.001,13676.0,6142.0,1.0
mu[1467],-0.035,0.059,-0.152,0.068,0.001,0.001,12248.0,6751.0,1.0
mu[1468],-0.071,0.086,-0.234,0.088,0.001,0.001,9626.0,7163.0,1.0
mu[1469],0.018,0.07,-0.11,0.151,0.001,0.001,11407.0,7216.0,1.0
mu[1470],0.018,0.07,-0.11,0.151,0.001,0.001,11407.0,7216.0,1.0
mu[1471],-0.018,0.055,-0.122,0.084,0.0,0.001,13777.0,6040.0,1.0
mu[1472],-0.015,0.055,-0.115,0.093,0.0,0.001,13803.0,6117.0,1.0
mu[1473],-0.03,0.057,-0.139,0.075,0.001,0.001,12823.0,6318.0,1.0
mu[1474],-0.03,0.057,-0.141,0.072,0.001,0.001,12805.0,6358.0,1.0
mu[1475],0.009,0.064,-0.109,0.129,0.001,0.001,12193.0,7103.0,1.0
mu[1476],-0.021,0.055,-0.122,0.085,0.0,0.001,13647.0,6104.0,1.0
mu[1477],0.036,0.085,-0.126,0.191,0.001,0.001,10290.0,7629.0,1.0
mu[1478],0.018,0.07,-0.11,0.151,0.001,0.001,11407.0,7216.0,1.0
mu[1479],-0.009,0.056,-0.113,0.098,0.0,0.001,13676.0,6142.0,1.0
mu[1480],0.026,0.076,-0.116,0.169,0.001,0.001,10856.0,7603.0,1.0
mu[1481],-0.053,0.071,-0.186,0.075,0.001,0.001,10604.0,6993.0,1.0
mu[1482],-0.062,0.078,-0.207,0.083,0.001,0.001,10038.0,7199.0,1.0
mu[1483],0.002,0.06,-0.112,0.112,0.001,0.001,12866.0,6631.0,1.0
mu[1484],0.0,0.059,-0.111,0.11,0.001,0.001,13024.0,6536.0,1.0
mu[1485],-0.027,0.056,-0.136,0.075,0.0,0.001,13215.0,6242.0,1.0
mu[1486],-0.035,0.059,-0.152,0.068,0.001,0.001,12248.0,6751.0,1.0
mu[1487],0.036,0.085,-0.126,0.191,0.001,0.001,10290.0,7629.0,1.0
mu[1488],0.034,0.083,-0.12,0.192,0.001,0.001,10378.0,7706.0,1.0
mu[1489],-0.122,0.14,-0.38,0.154,0.001,0.001,8729.0,6995.0,1.0
mu[1490],-0.035,0.059,-0.152,0.068,0.001,0.001,12248.0,6751.0,1.0
mu[1491],0.029,0.079,-0.111,0.187,0.001,0.001,10615.0,7667.0,1.0
mu[1492],0.013,0.066,-0.11,0.137,0.001,0.001,11862.0,7214.0,1.0
mu[1493],0.047,0.096,-0.133,0.225,0.001,0.001,9841.0,7746.0,1.0
mu[1494],0.009,0.064,-0.109,0.129,0.001,0.001,12193.0,7103.0,1.0
mu[1495],-0.08,0.095,-0.255,0.1,0.001,0.001,9328.0,7411.0,1.0
mu[1496],-0.023,0.056,-0.126,0.082,0.0,0.001,13480.0,6080.0,1.0
mu[1497],-0.015,0.055,-0.116,0.092,0.0,0.001,13805.0,6098.0,1.0
mu[1498],0.025,0.075,-0.115,0.167,0.001,0.001,10909.0,7595.0,1.0
mu[1499],-0.052,0.07,-0.183,0.075,0.001,0.001,10686.0,6976.0,1.0
mu[1500],-0.035,0.059,-0.152,0.068,0.001,0.001,12248.0,6751.0,1.0
mu[1501],-0.027,0.056,-0.136,0.075,0.0,0.001,13215.0,6242.0,1.0
mu[1502],0.018,0.07,-0.11,0.151,0.001,0.001,11407.0,7216.0,1.0
mu[1503],0.044,0.093,-0.129,0.217,0.001,0.001,9963.0,7707.0,1.0
mu[1504],0.031,0.08,-0.113,0.187,0.001,0.001,10546.0,7669.0,1.0
mu[1505],-0.054,0.072,-0.189,0.075,0.001,0.001,10531.0,7024.0,1.0
mu[1506],0.041,0.091,-0.129,0.208,0.001,0.001,10049.0,7706.0,1.0
mu[1507],0.001,0.059,-0.11,0.113,0.001,0.001,12918.0,6519.0,1.0
mu[1508],-0.034,0.059,-0.145,0.074,0.001,0.001,12356.0,6662.0,1.0
mu[1509],0.009,0.064,-0.109,0.129,0.001,0.001,12193.0,7103.0,1.0
mu[1510],0.018,0.07,-0.11,0.151,0.001,0.001,11407.0,7216.0,1.0
mu[1511],-0.009,0.056,-0.113,0.098,0.0,0.001,13676.0,6142.0,1.0
mu[1512],-0.018,0.055,-0.122,0.084,0.0,0.001,13777.0,6040.0,1.0
mu[1513],0.0,0.059,-0.111,0.11,0.001,0.001,13024.0,6536.0,1.0
mu[1514],-0.009,0.056,-0.113,0.098,0.0,0.001,13676.0,6142.0,1.0
mu[1515],-0.053,0.071,-0.186,0.075,0.001,0.001,10604.0,6993.0,1.0
mu[1516],0.006,0.062,-0.115,0.116,0.001,0.001,12499.0,6972.0,1.0
mu[1517],-0.007,0.056,-0.111,0.102,0.0,0.001,13611.0,6256.0,1.0
mu[1518],-0.033,0.058,-0.144,0.072,0.001,0.001,12568.0,6518.0,1.0
mu[1519],0.032,0.082,-0.115,0.191,0.001,0.001,10464.0,7707.0,1.0
mu[1520],0.003,0.06,-0.107,0.12,0.001,0.001,12735.0,6662.0,1.0
mu[1521],-0.003,0.058,-0.11,0.107,0.0,0.001,13315.0,6522.0,1.0
mu[1522],0.045,0.094,-0.132,0.218,0.001,0.001,9924.0,7785.0,1.0
mu[1523],0.009,0.064,-0.109,0.129,0.001,0.001,12193.0,7103.0,1.0
mu[1524],-0.078,0.06,-0.193,0.033,0.001,0.001,11720.0,6146.0,1.0
mu[1525],-0.052,0.055,-0.159,0.047,0.0,0.001,12368.0,6063.0,1.0
mu[1526],-0.185,0.107,-0.382,0.023,0.001,0.001,9546.0,6774.0,1.0
mu[1527],0.0,0.058,-0.11,0.106,0.001,0.001,12055.0,6634.0,1.0
mu[1528],0.029,0.067,-0.094,0.157,0.001,0.001,11070.0,6640.0,1.0
mu[1529],-0.061,0.057,-0.17,0.041,0.001,0.001,12377.0,5932.0,1.0
mu[1530],-0.018,0.055,-0.117,0.087,0.0,0.001,12516.0,6118.0,1.0
mu[1531],-0.085,0.062,-0.204,0.029,0.001,0.001,11483.0,6235.0,1.0
mu[1532],0.032,0.068,-0.091,0.164,0.001,0.001,10976.0,6552.0,1.0
mu[1533],0.078,0.088,-0.083,0.246,0.001,0.001,9960.0,6901.0,1.0
mu[1534],-0.105,0.07,-0.244,0.017,0.001,0.001,10860.0,6677.0,1.0
mu[1535],-0.1,0.068,-0.233,0.021,0.001,0.001,10986.0,6636.0,1.0
mu[1536],-0.393,0.228,-0.817,0.04,0.002,0.002,8968.0,6359.0,1.0
mu[1537],-0.071,0.059,-0.185,0.034,0.001,0.001,11973.0,6072.0,1.0
mu[1538],-0.022,0.055,-0.122,0.081,0.0,0.001,12567.0,6058.0,1.0
mu[1539],-0.045,0.054,-0.148,0.056,0.0,0.001,12525.0,5870.0,1.0
mu[1540],-0.062,0.057,-0.17,0.04,0.001,0.001,12357.0,5906.0,1.0
mu[1541],0.056,0.077,-0.095,0.196,0.001,0.001,10369.0,6477.0,1.0
mu[1542],-0.151,0.09,-0.318,0.019,0.001,0.001,9878.0,7032.0,1.0
mu[1543],0.059,0.079,-0.093,0.202,0.001,0.001,10299.0,6484.0,1.0
mu[1544],-0.076,0.06,-0.191,0.033,0.001,0.001,11791.0,6084.0,1.0
mu[1545],-0.051,0.055,-0.16,0.046,0.0,0.001,12399.0,6015.0,1.0
mu[1546],-0.076,0.06,-0.19,0.033,0.001,0.001,11800.0,6084.0,1.0
mu[1547],-0.248,0.143,-0.507,0.03,0.001,0.001,9218.0,6597.0,1.0
mu[1548],-0.036,0.054,-0.14,0.062,0.0,0.001,12626.0,5974.0,1.0
mu[1549],-0.074,0.059,-0.188,0.034,0.001,0.001,11876.0,6048.0,1.0
mu[1550],-0.126,0.079,-0.274,0.02,0.001,0.001,10387.0,6992.0,1.0
mu[1551],-0.073,0.059,-0.186,0.034,0.001,0.001,11903.0,6072.0,1.0
mu[1552],-0.054,0.055,-0.159,0.048,0.0,0.001,12332.0,5910.0,1.0
mu[1553],-0.024,0.054,-0.124,0.079,0.0,0.001,12592.0,6143.0,1.0
mu[1554],-0.144,0.087,-0.304,0.021,0.001,0.001,9963.0,6781.0,1.0
mu[1555],0.042,0.072,-0.099,0.172,0.001,0.001,10697.0,6762.0,1.0
mu[1556],0.009,0.06,-0.105,0.12,0.001,0.001,11782.0,6796.0,1.0
mu[1557],-0.041,0.054,-0.144,0.06,0.0,0.001,12570.0,5846.0,1.0
mu[1558],-0.044,0.054,-0.149,0.054,0.0,0.001,12548.0,5871.0,1.0
mu[1559],0.033,0.068,-0.091,0.164,0.001,0.001,10970.0,6552.0,1.0
mu[1560],-0.004,0.057,-0.112,0.101,0.001,0.001,12169.0,6492.0,1.0
mu[1561],0.072,0.085,-0.088,0.23,0.001,0.001,10048.0,6867.0,1.0
mu[1562],0.043,0.072,-0.091,0.181,0.001,0.001,10676.0,6762.0,1.0
mu[1563],-0.051,0.055,-0.16,0.046,0.0,0.001,12401.0,6015.0,1.0
mu[1564],-0.073,0.059,-0.185,0.034,0.001,0.001,11916.0,6084.0,1.0
mu[1565],-0.174,0.102,-0.359,0.024,0.001,0.001,9635.0,6959.0,1.0
mu[1566],0.034,0.068,-0.091,0.167,0.001,0.001,10935.0,6503.0,1.0
mu[1567],-0.099,0.067,-0.23,0.022,0.001,0.001,11008.0,6587.0,1.0
mu[1568],0.086,0.092,-0.09,0.254,0.001,0.001,9850.0,7140.0,1.0
mu[1569],-0.235,0.135,-0.491,0.019,0.001,0.001,9263.0,6540.0,1.0
mu[1570],-0.084,0.062,-0.202,0.03,0.001,0.001,11500.0,6261.0,1.0
mu[1571],-0.043,0.054,-0.149,0.055,0.0,0.001,12553.0,5881.0,1.0
mu[1572],-0.026,0.054,-0.125,0.076,0.0,0.001,12605.0,6202.0,1.0
mu[1573],-0.0,0.058,-0.111,0.106,0.001,0.001,12073.0,6634.0,1.0
mu[1574],0.074,0.086,-0.089,0.232,0.001,0.001,10024.0,6838.0,1.0
mu[1575],-0.195,0.113,-0.409,0.017,0.001,0.001,9474.0,6774.0,1.0
mu[1576],-0.036,0.054,-0.14,0.062,0.0,0.001,12629.0,5950.0,1.0
mu[1577],-0.034,0.054,-0.137,0.065,0.0,0.001,12636.0,5860.0,1.0
mu[1578],-0.036,0.054,-0.14,0.062,0.0,0.001,12629.0,5950.0,1.0
mu[1579],0.069,0.083,-0.089,0.224,0.001,0.001,10112.0,6599.0,1.0
mu[1580],0.016,0.062,-0.095,0.138,0.001,0.001,11520.0,6905.0,1.0
mu[1581],-0.083,0.062,-0.2,0.031,0.001,0.001,11543.0,6287.0,1.0
mu[1582],0.008,0.06,-0.106,0.118,0.001,0.001,11821.0,6736.0,1.0
mu[1583],0.027,0.066,-0.097,0.151,0.001,0.001,11143.0,6439.0,1.0
mu[1584],-0.094,0.065,-0.22,0.024,0.001,0.001,11184.0,6610.0,1.0
mu[1585],-0.016,0.055,-0.115,0.091,0.0,0.001,12477.0,6231.0,1.0
mu[1586],-0.11,0.071,-0.246,0.023,0.001,0.001,10733.0,6630.0,1.0
mu[1587],0.074,0.086,-0.089,0.233,0.001,0.001,10014.0,6882.0,1.0
mu[1588],-0.142,0.086,-0.302,0.019,0.001,0.001,9996.0,6690.0,1.0
mu[1589],-0.068,0.058,-0.18,0.035,0.001,0.001,12119.0,6145.0,1.0
mu[1590],-0.072,0.059,-0.185,0.034,0.001,0.001,11967.0,6072.0,1.0
mu[1591],-0.018,0.055,-0.116,0.088,0.0,0.001,12503.0,6135.0,1.0
mu[1592],-0.09,0.064,-0.215,0.024,0.001,0.001,11320.0,6468.0,1.0
mu[1593],-0.018,0.055,-0.116,0.088,0.0,0.001,12503.0,6135.0,1.0
mu[1594],-0.072,0.059,-0.185,0.034,0.001,0.001,11967.0,6072.0,1.0
mu[1595],-0.144,0.087,-0.304,0.02,0.001,0.001,9976.0,6781.0,1.0
mu[1596],0.036,0.069,-0.091,0.17,0.001,0.001,10853.0,6674.0,1.0
mu[1597],0.036,0.069,-0.091,0.17,0.001,0.001,10853.0,6674.0,1.0
mu[1598],-0.036,0.054,-0.14,0.062,0.0,0.001,12633.0,5861.0,1.0
mu[1599],-0.03,0.054,-0.134,0.068,0.0,0.001,12637.0,6101.0,1.0
mu[1600],-0.061,0.057,-0.169,0.041,0.001,0.001,12390.0,5897.0,1.0
mu[1601],-0.061,0.057,-0.17,0.041,0.001,0.001,12377.0,5932.0,1.0
mu[1602],0.018,0.063,-0.095,0.142,0.001,0.001,11419.0,6874.0,1.0
mu[1603],-0.042,0.054,-0.145,0.058,0.0,0.001,12565.0,5791.0,1.0
mu[1604],0.072,0.085,-0.088,0.23,0.001,0.001,10048.0,6867.0,1.0
mu[1605],0.036,0.069,-0.091,0.17,0.001,0.001,10853.0,6674.0,1.0
mu[1606],-0.018,0.055,-0.116,0.088,0.0,0.001,12503.0,6135.0,1.0
mu[1607],0.052,0.076,-0.1,0.185,0.001,0.001,10456.0,6452.0,1.0
mu[1608],-0.108,0.071,-0.248,0.017,0.001,0.001,10800.0,6753.0,1.0
mu[1609],-0.126,0.078,-0.272,0.02,0.001,0.001,10406.0,6920.0,1.0
mu[1610],0.004,0.059,-0.108,0.112,0.001,0.001,11956.0,6782.0,1.0
mu[1611],0.0,0.058,-0.11,0.106,0.001,0.001,12055.0,6634.0,1.0
mu[1612],-0.054,0.055,-0.154,0.053,0.0,0.001,12342.0,5910.0,1.0
mu[1613],-0.072,0.059,-0.185,0.034,0.001,0.001,11967.0,6072.0,1.0
mu[1614],0.072,0.085,-0.088,0.23,0.001,0.001,10048.0,6867.0,1.0
mu[1615],0.069,0.083,-0.089,0.224,0.001,0.001,10112.0,6599.0,1.0
mu[1616],-0.247,0.142,-0.504,0.03,0.001,0.001,9221.0,6626.0,1.0
mu[1617],-0.072,0.059,-0.185,0.034,0.001,0.001,11967.0,6072.0,1.0
mu[1618],0.06,0.079,-0.093,0.204,0.001,0.001,10277.0,6510.0,1.0
mu[1619],0.026,0.065,-0.096,0.15,0.001,0.001,11170.0,6576.0,1.0
mu[1620],0.095,0.096,-0.088,0.273,0.001,0.001,9739.0,7058.0,1.0
mu[1621],0.018,0.063,-0.095,0.142,0.001,0.001,11419.0,6874.0,1.0
mu[1622],-0.162,0.095,-0.34,0.02,0.001,0.001,9753.0,7124.0,1.0
mu[1623],-0.047,0.055,-0.151,0.054,0.0,0.001,12477.0,6069.0,1.0
mu[1624],-0.029,0.054,-0.133,0.068,0.0,0.001,12634.0,6139.0,1.0
mu[1625],0.05,0.075,-0.099,0.183,0.001,0.001,10492.0,6597.0,1.0
mu[1626],-0.105,0.07,-0.244,0.017,0.001,0.001,10855.0,6677.0,1.0
mu[1627],-0.072,0.059,-0.185,0.034,0.001,0.001,11967.0,6072.0,1.0
mu[1628],-0.054,0.055,-0.154,0.053,0.0,0.001,12342.0,5910.0,1.0
mu[1629],0.036,0.069,-0.091,0.17,0.001,0.001,10853.0,6674.0,1.0
mu[1630],0.088,0.093,-0.088,0.26,0.001,0.001,9817.0,7090.0,1.0
mu[1631],0.062,0.08,-0.093,0.208,0.001,0.001,10235.0,6383.0,1.0
mu[1632],-0.11,0.071,-0.246,0.022,0.001,0.001,10739.0,6747.0,1.0
mu[1633],0.084,0.091,-0.084,0.256,0.001,0.001,9877.0,6950.0,1.0
mu[1634],0.003,0.059,-0.109,0.11,0.001,0.001,11996.0,6722.0,1.0
mu[1635],-0.07,0.058,-0.182,0.035,0.001,0.001,12038.0,6108.0,1.0
mu[1636],0.018,0.063,-0.095,0.142,0.001,0.001,11419.0,6874.0,1.0
mu[1637],0.036,0.069,-0.091,0.17,0.001,0.001,10853.0,6674.0,1.0
mu[1638],-0.018,0.055,-0.116,0.088,0.0,0.001,12503.0,6135.0,1.0
mu[1639],-0.036,0.054,-0.14,0.062,0.0,0.001,12633.0,5861.0,1.0
mu[1640],0.0,0.058,-0.11,0.106,0.001,0.001,12055.0,6634.0,1.0
mu[1641],-0.018,0.055,-0.116,0.088,0.0,0.001,12503.0,6135.0,1.0
mu[1642],-0.108,0.071,-0.248,0.017,0.001,0.001,10800.0,6753.0,1.0
mu[1643],0.012,0.061,-0.098,0.131,0.001,0.001,11681.0,6937.0,1.0
mu[1644],-0.015,0.055,-0.113,0.093,0.0,0.001,12440.0,6245.0,1.0
mu[1645],-0.066,0.057,-0.174,0.04,0.001,0.001,12197.0,5977.0,1.0
mu[1646],0.065,0.082,-0.091,0.216,0.001,0.001,10176.0,6451.0,1.0
mu[1647],0.007,0.06,-0.107,0.116,0.001,0.001,11864.0,6752.0,1.0
mu[1648],-0.006,0.057,-0.115,0.096,0.001,0.001,12248.0,6492.0,1.0
mu[1649],0.09,0.094,-0.088,0.265,0.001,0.001,9793.0,7139.0,1.0
mu[1650],0.018,0.063,-0.095,0.142,0.001,0.001,11419.0,6874.0,1.0
mu[1651],-0.035,0.058,-0.138,0.077,0.0,0.001,15045.0,6041.0,1.0
mu[1652],-0.03,0.055,-0.128,0.08,0.0,0.001,16016.0,5959.0,1.0
mu[1653],-0.056,0.085,-0.207,0.11,0.001,0.001,11868.0,6525.0,1.0
mu[1654],-0.02,0.057,-0.126,0.088,0.0,0.001,16236.0,5607.0,1.0
mu[1655],-0.015,0.061,-0.127,0.104,0.0,0.001,15330.0,5728.0,1.0
mu[1656],-0.032,0.056,-0.131,0.079,0.0,0.001,15705.0,6211.0,1.0
mu[1657],-0.024,0.055,-0.133,0.073,0.0,0.001,16520.0,5753.0,1.0
mu[1658],-0.036,0.059,-0.138,0.081,0.0,0.001,14750.0,6212.0,1.0
mu[1659],-0.014,0.062,-0.131,0.103,0.001,0.001,15200.0,5779.0,1.0
mu[1660],-0.005,0.074,-0.145,0.135,0.001,0.001,13727.0,6055.0,1.0
mu[1661],-0.04,0.062,-0.156,0.077,0.001,0.001,13965.0,6311.0,1.0
mu[1662],-0.039,0.061,-0.152,0.078,0.001,0.001,14144.0,6234.0,1.0
mu[1663],-0.095,0.166,-0.396,0.227,0.002,0.002,10817.0,7156.0,1.0
mu[1664],-0.034,0.057,-0.137,0.075,0.0,0.001,15327.0,6138.0,1.0
mu[1665],-0.024,0.055,-0.132,0.073,0.0,0.001,16518.0,5775.0,1.0
mu[1666],-0.029,0.055,-0.134,0.073,0.0,0.001,16254.0,5938.0,1.0
mu[1667],-0.032,0.056,-0.133,0.077,0.0,0.001,15686.0,6185.0,1.0
mu[1668],-0.01,0.068,-0.141,0.116,0.001,0.001,14394.0,5913.0,1.0
mu[1669],-0.049,0.074,-0.187,0.09,0.001,0.001,12509.0,6627.0,1.0
mu[1670],-0.009,0.068,-0.142,0.118,0.001,0.001,14289.0,5959.0,1.0
mu[1671],-0.035,0.057,-0.137,0.078,0.0,0.001,15112.0,6139.0,1.0
mu[1672],-0.03,0.055,-0.131,0.077,0.0,0.001,16064.0,6012.0,1.0
mu[1673],-0.035,0.057,-0.137,0.078,0.0,0.001,15122.0,6114.0,1.0
mu[1674],-0.068,0.108,-0.267,0.136,0.001,0.001,11239.0,6966.0,1.0
mu[1675],-0.027,0.054,-0.135,0.07,0.0,0.001,16409.0,5868.0,1.0
mu[1676],-0.034,0.057,-0.139,0.074,0.0,0.001,15214.0,6090.0,1.0
mu[1677],-0.044,0.068,-0.171,0.08,0.001,0.001,13195.0,6747.0,1.0
mu[1678],-0.034,0.057,-0.138,0.075,0.0,0.001,15247.0,6113.0,1.0
mu[1679],-0.031,0.055,-0.129,0.079,0.0,0.001,15966.0,6006.0,1.0
mu[1680],-0.025,0.055,-0.132,0.073,0.0,0.001,16523.0,5710.0,1.0
mu[1681],-0.048,0.072,-0.182,0.087,0.001,0.001,12669.0,6621.0,1.0
mu[1682],-0.012,0.064,-0.133,0.11,0.001,0.001,14804.0,5823.0,1.0
mu[1683],-0.018,0.058,-0.125,0.092,0.0,0.001,15984.0,5804.0,1.0
mu[1684],-0.028,0.055,-0.137,0.069,0.0,0.001,16338.0,5986.0,1.0
mu[1685],-0.029,0.055,-0.135,0.072,0.0,0.001,16285.0,5916.0,1.0
mu[1686],-0.014,0.062,-0.131,0.103,0.001,0.001,15193.0,5779.0,1.0
mu[1687],-0.021,0.056,-0.129,0.083,0.0,0.001,16315.0,5804.0,1.0
mu[1688],-0.006,0.072,-0.143,0.132,0.001,0.001,13879.0,5937.0,1.0
mu[1689],-0.012,0.064,-0.132,0.111,0.001,0.001,14780.0,5891.0,1.0
mu[1690],-0.03,0.055,-0.131,0.077,0.0,0.001,16068.0,6036.0,1.0
mu[1691],-0.034,0.057,-0.139,0.074,0.0,0.001,15264.0,6138.0,1.0
mu[1692],-0.053,0.081,-0.2,0.102,0.001,0.001,12057.0,6495.0,1.0
mu[1693],-0.014,0.062,-0.132,0.103,0.001,0.001,15138.0,5801.0,1.0
mu[1694],-0.039,0.061,-0.157,0.073,0.001,0.001,14176.0,6260.0,1.0
mu[1695],-0.004,0.076,-0.15,0.14,0.001,0.001,13528.0,6129.0,1.0
mu[1696],-0.065,0.103,-0.252,0.133,0.001,0.001,11326.0,6935.0,1.0
mu[1697],-0.036,0.059,-0.138,0.081,0.0,0.001,14776.0,6162.0,1.0
mu[1698],-0.028,0.055,-0.135,0.072,0.0,0.001,16310.0,5915.0,1.0
mu[1699],-0.025,0.055,-0.131,0.074,0.0,0.001,16517.0,5717.0,1.0
mu[1700],-0.02,0.057,-0.128,0.086,0.0,0.001,16247.0,5628.0,1.0
mu[1701],-0.006,0.073,-0.144,0.132,0.001,0.001,13839.0,5959.0,1.0
mu[1702],-0.058,0.089,-0.214,0.117,0.001,0.001,11718.0,6657.0,1.0
mu[1703],-0.027,0.054,-0.136,0.069,0.0,0.001,16412.0,5779.0,1.0
mu[1704],-0.027,0.054,-0.134,0.071,0.0,0.001,16429.0,5805.0,1.0
mu[1705],-0.027,0.054,-0.136,0.069,0.0,0.001,16412.0,5779.0,1.0
mu[1706],-0.007,0.071,-0.147,0.123,0.001,0.001,13977.0,5913.0,1.0
mu[1707],-0.017,0.059,-0.128,0.094,0.0,0.001,15779.0,5890.0,1.0
mu[1708],-0.036,0.058,-0.137,0.081,0.0,0.001,14849.0,6090.0,1.0
mu[1709],-0.019,0.058,-0.125,0.091,0.0,0.001,16021.0,5848.0,1.0
mu[1710],-0.015,0.061,-0.129,0.1,0.0,0.001,15412.0,5868.0,1.0
mu[1711],-0.038,0.06,-0.147,0.078,0.001,0.001,14401.0,6311.0,1.0
mu[1712],-0.023,0.055,-0.132,0.075,0.0,0.001,16487.0,5693.0,1.0
mu[1713],-0.041,0.063,-0.159,0.077,0.001,0.001,13796.0,6365.0,1.0
mu[1714],-0.006,0.073,-0.144,0.132,0.001,0.001,13824.0,5960.0,1.0
mu[1715],-0.047,0.072,-0.181,0.085,0.001,0.001,12724.0,6515.0,1.0
mu[1716],-0.033,0.056,-0.135,0.076,0.0,0.001,15463.0,6161.0,1.0
mu[1717],-0.034,0.057,-0.138,0.075,0.0,0.001,15316.0,6138.0,1.0
mu[1718],-0.024,0.055,-0.133,0.074,0.0,0.001,16504.0,5731.0,1.0
mu[1719],-0.037,0.059,-0.149,0.074,0.0,0.001,14553.0,6137.0,1.0
mu[1720],-0.024,0.055,-0.133,0.074,0.0,0.001,16504.0,5731.0,1.0
mu[1721],-0.034,0.057,-0.138,0.075,0.0,0.001,15316.0,6138.0,1.0
mu[1722],-0.048,0.072,-0.182,0.086,0.001,0.001,12686.0,6599.0,1.0
mu[1723],-0.013,0.063,-0.132,0.104,0.001,0.001,15036.0,5823.0,1.0
mu[1724],-0.013,0.063,-0.132,0.104,0.001,0.001,15036.0,5823.0,1.0
mu[1725],-0.027,0.054,-0.135,0.07,0.0,0.001,16414.0,5692.0,1.0
mu[1726],-0.026,0.055,-0.132,0.072,0.0,0.001,16472.0,5697.0,1.0
mu[1727],-0.032,0.056,-0.13,0.079,0.0,0.001,15719.0,6186.0,1.0
mu[1728],-0.032,0.056,-0.131,0.079,0.0,0.001,15705.0,6211.0,1.0
mu[1729],-0.017,0.059,-0.129,0.094,0.0,0.001,15701.0,5818.0,1.0
mu[1730],-0.028,0.055,-0.138,0.068,0.0,0.001,16323.0,5922.0,1.0
mu[1731],-0.006,0.072,-0.143,0.132,0.001,0.001,13879.0,5937.0,1.0
mu[1732],-0.013,0.063,-0.132,0.104,0.001,0.001,15036.0,5823.0,1.0
mu[1733],-0.024,0.055,-0.133,0.074,0.0,0.001,16504.0,5731.0,1.0
mu[1734],-0.01,0.067,-0.139,0.114,0.001,0.001,14499.0,5937.0,1.0
mu[1735],-0.041,0.063,-0.158,0.077,0.001,0.001,13865.0,6311.0,1.0
mu[1736],-0.044,0.067,-0.173,0.077,0.001,0.001,13226.0,6686.0,1.0
mu[1737],-0.019,0.057,-0.128,0.088,0.0,0.001,16152.0,5778.0,1.0
mu[1738],-0.02,0.057,-0.126,0.088,0.0,0.001,16236.0,5607.0,1.0
mu[1739],-0.03,0.055,-0.129,0.079,0.0,0.001,15978.0,5958.0,1.0
mu[1740],-0.034,0.057,-0.138,0.075,0.0,0.001,15316.0,6138.0,1.0
mu[1741],-0.006,0.072,-0.143,0.132,0.001,0.001,13879.0,5937.0,1.0
mu[1742],-0.007,0.071,-0.147,0.123,0.001,0.001,13977.0,5913.0,1.0
mu[1743],-0.067,0.108,-0.266,0.135,0.001,0.001,11245.0,6934.0,1.0
mu[1744],-0.034,0.057,-0.138,0.075,0.0,0.001,15316.0,6138.0,1.0
mu[1745],-0.009,0.069,-0.144,0.118,0.001,0.001,14257.0,5959.0,1.0
mu[1746],-0.015,0.061,-0.13,0.098,0.0,0.001,15452.0,5823.0,1.0
mu[1747],-0.002,0.079,-0.153,0.149,0.001,0.001,13328.0,6105.0,1.0
mu[1748],-0.017,0.059,-0.129,0.094,0.0,0.001,15701.0,5818.0,1.0
mu[1749],-0.051,0.078,-0.192,0.097,0.001,0.001,12274.0,6464.0,1.0
mu[1750],-0.029,0.055,-0.13,0.077,0.0,0.001,16192.0,6058.0,1.0
mu[1751],-0.026,0.055,-0.132,0.073,0.0,0.001,16477.0,5740.0,1.0
mu[1752],-0.011,0.066,-0.137,0.114,0.001,0.001,14551.0,5913.0,1.0
mu[1753],-0.04,0.062,-0.156,0.077,0.001,0.001,13950.0,6311.0,1.0
mu[1754],-0.034,0.057,-0.138,0.075,0.0,0.001,15316.0,6138.0,1.0
mu[1755],-0.03,0.055,-0.129,0.079,0.0,0.001,15978.0,5958.0,1.0
mu[1756],-0.013,0.063,-0.132,0.104,0.001,0.001,15036.0,5823.0,1.0
mu[1757],-0.003,0.077,-0.15,0.143,0.001,0.001,13473.0,6080.0,1.0
mu[1758],-0.008,0.069,-0.145,0.118,0.001,0.001,14185.0,5935.0,1.0
mu[1759],-0.041,0.063,-0.159,0.077,0.001,0.001,13801.0,6365.0,1.0
mu[1760],-0.004,0.076,-0.147,0.14,0.001,0.001,13582.0,6105.0,1.0
mu[1761],-0.02,0.057,-0.127,0.088,0.0,0.001,16175.0,5734.0,1.0
mu[1762],-0.034,0.056,-0.137,0.075,0.0,0.001,15390.0,6186.0,1.0
mu[1763],-0.017,0.059,-0.129,0.094,0.0,0.001,15701.0,5818.0,1.0
mu[1764],-0.013,0.063,-0.132,0.104,0.001,0.001,15036.0,5823.0,1.0
mu[1765],-0.024,0.055,-0.133,0.074,0.0,0.001,16504.0,5731.0,1.0
mu[1766],-0.027,0.054,-0.135,0.07,0.0,0.001,16414.0,5692.0,1.0
mu[1767],-0.02,0.057,-0.126,0.088,0.0,0.001,16236.0,5607.0,1.0
mu[1768],-0.024,0.055,-0.133,0.074,0.0,0.001,16504.0,5731.0,1.0
mu[1769],-0.041,0.063,-0.158,0.077,0.001,0.001,13865.0,6311.0,1.0
mu[1770],-0.018,0.058,-0.124,0.095,0.0,0.001,15896.0,5800.0,1.0
mu[1771],-0.023,0.055,-0.133,0.075,0.0,0.001,16465.0,5683.0,1.0
mu[1772],-0.033,0.056,-0.133,0.078,0.0,0.001,15545.0,6186.0,1.0
mu[1773],-0.008,0.07,-0.146,0.121,0.001,0.001,14082.0,5982.0,1.0
mu[1774],-0.019,0.058,-0.125,0.092,0.0,0.001,16066.0,5895.0,1.0
mu[1775],-0.021,0.056,-0.13,0.082,0.0,0.001,16361.0,5982.0,1.0
mu[1776],-0.003,0.078,-0.15,0.145,0.001,0.001,13424.0,6056.0,1.0
mu[1777],-0.017,0.059,-0.129,0.094,0.0,0.001,15701.0,5818.0,1.0
mu[1778],-0.022,0.058,-0.131,0.088,0.0,0.001,16516.0,5682.0,1.0
mu[1779],-0.018,0.055,-0.119,0.089,0.0,0.001,18027.0,5281.0,1.0
mu[1780],-0.038,0.088,-0.207,0.123,0.001,0.001,11926.0,6211.0,1.0
mu[1781],-0.01,0.057,-0.115,0.096,0.0,0.001,17908.0,5840.0,1.0
mu[1782],-0.006,0.062,-0.119,0.112,0.0,0.001,16269.0,6116.0,1.0
mu[1783],-0.019,0.056,-0.123,0.087,0.0,0.001,17544.0,5325.0,1.0
mu[1784],-0.013,0.055,-0.12,0.086,0.0,0.001,18578.0,5413.0,1.0
mu[1785],-0.023,0.059,-0.132,0.091,0.0,0.001,16074.0,5598.0,1.0
mu[1786],-0.005,0.063,-0.121,0.113,0.0,0.001,16073.0,6192.0,1.0
mu[1787],0.002,0.075,-0.137,0.146,0.001,0.001,13992.0,6483.0,1.0
mu[1788],-0.026,0.064,-0.145,0.092,0.001,0.001,14790.0,5640.0,1.0
mu[1789],-0.025,0.062,-0.144,0.089,0.001,0.001,15068.0,5602.0,1.0
mu[1790],-0.07,0.175,-0.365,0.294,0.002,0.002,10037.0,6572.0,1.0
mu[1791],-0.021,0.057,-0.128,0.088,0.0,0.001,16935.0,5469.0,1.0
mu[1792],-0.013,0.055,-0.119,0.087,0.0,0.001,18640.0,5460.0,1.0
mu[1793],-0.017,0.055,-0.119,0.088,0.0,0.001,18385.0,5573.0,1.0
mu[1794],-0.019,0.056,-0.123,0.087,0.0,0.001,17519.0,5534.0,1.0
mu[1795],-0.002,0.069,-0.131,0.125,0.001,0.001,14902.0,6623.0,1.0
mu[1796],-0.033,0.077,-0.184,0.102,0.001,0.001,12789.0,6280.0,1.0
mu[1797],-0.001,0.069,-0.131,0.128,0.001,0.001,14755.0,6633.0,1.0
mu[1798],-0.022,0.058,-0.134,0.084,0.0,0.001,16650.0,5661.0,1.0
mu[1799],-0.018,0.055,-0.12,0.087,0.0,0.001,18100.0,5433.0,1.0
mu[1800],-0.022,0.058,-0.134,0.084,0.0,0.001,16659.0,5603.0,1.0
mu[1801],-0.048,0.113,-0.258,0.163,0.001,0.001,10902.0,6415.0,1.0
mu[1802],-0.016,0.054,-0.119,0.086,0.0,0.001,18594.0,5531.0,1.0
mu[1803],-0.021,0.057,-0.126,0.091,0.0,0.001,16777.0,5467.0,1.0
mu[1804],-0.029,0.069,-0.159,0.099,0.001,0.001,13716.0,6080.0,1.0
mu[1805],-0.021,0.057,-0.128,0.089,0.0,0.001,16840.0,5487.0,1.0
mu[1806],-0.018,0.055,-0.12,0.088,0.0,0.001,17949.0,5216.0,1.0
mu[1807],-0.014,0.055,-0.117,0.089,0.0,0.001,18673.0,5442.0,1.0
mu[1808],-0.032,0.075,-0.173,0.106,0.001,0.001,13015.0,6178.0,1.0
mu[1809],-0.004,0.065,-0.13,0.113,0.001,0.001,15519.0,6404.0,1.0
mu[1810],-0.009,0.058,-0.114,0.103,0.0,0.001,17429.0,5665.0,1.0
mu[1811],-0.016,0.055,-0.118,0.087,0.0,0.001,18483.0,5619.0,1.0
mu[1812],-0.017,0.055,-0.119,0.087,0.0,0.001,18412.0,5573.0,1.0
mu[1813],-0.005,0.063,-0.121,0.113,0.0,0.001,16062.0,6192.0,1.0
mu[1814],-0.011,0.056,-0.114,0.096,0.0,0.001,18098.0,5552.0,1.0
mu[1815],0.001,0.074,-0.138,0.137,0.001,0.001,14199.0,6722.0,1.0
mu[1816],-0.004,0.065,-0.13,0.114,0.001,0.001,15481.0,6429.0,1.0
mu[1817],-0.018,0.055,-0.12,0.087,0.0,0.001,18109.0,5433.0,1.0
mu[1818],-0.021,0.057,-0.128,0.088,0.0,0.001,16863.0,5432.0,1.0
mu[1819],-0.036,0.084,-0.197,0.118,0.001,0.001,12165.0,6312.0,1.0
mu[1820],-0.005,0.063,-0.121,0.114,0.0,0.001,15992.0,6296.0,1.0
mu[1821],-0.025,0.062,-0.144,0.089,0.001,0.001,15125.0,5601.0,1.0
mu[1822],0.003,0.078,-0.143,0.15,0.001,0.001,13732.0,6649.0,1.0
mu[1823],-0.046,0.108,-0.239,0.163,0.001,0.001,11055.0,6414.0,1.0
mu[1824],-0.023,0.059,-0.134,0.089,0.0,0.001,16106.0,5598.0,1.0
mu[1825],-0.017,0.055,-0.119,0.087,0.0,0.001,18428.0,5600.0,1.0
mu[1826],-0.014,0.055,-0.117,0.089,0.0,0.001,18686.0,5567.0,1.0
mu[1827],-0.01,0.057,-0.115,0.096,0.0,0.001,17929.0,5842.0,1.0
mu[1828],0.001,0.074,-0.138,0.14,0.001,0.001,14148.0,6722.0,1.0
mu[1829],-0.04,0.092,-0.218,0.126,0.001,0.001,11730.0,6135.0,1.0
mu[1830],-0.016,0.054,-0.119,0.086,0.0,0.001,18601.0,5530.0,1.0
mu[1831],-0.015,0.054,-0.119,0.085,0.0,0.001,18608.0,5472.0,1.0
mu[1832],-0.016,0.054,-0.119,0.086,0.0,0.001,18601.0,5530.0,1.0
mu[1833],0.0,0.072,-0.135,0.136,0.001,0.001,14332.0,6741.0,1.0
mu[1834],-0.008,0.059,-0.118,0.103,0.0,0.001,17018.0,5792.0,1.0
mu[1835],-0.023,0.059,-0.133,0.089,0.0,0.001,16203.0,5682.0,1.0
mu[1836],-0.009,0.058,-0.114,0.101,0.0,0.001,17491.0,5667.0,1.0
mu[1837],-0.006,0.061,-0.12,0.108,0.0,0.001,16404.0,6035.0,1.0
mu[1838],-0.024,0.061,-0.14,0.088,0.0,0.001,15480.0,5685.0,1.0
mu[1839],-0.013,0.055,-0.119,0.088,0.0,0.001,18534.0,5472.0,1.0
mu[1840],-0.027,0.065,-0.151,0.09,0.001,0.001,14522.0,5791.0,1.0
mu[1841],0.001,0.074,-0.141,0.137,0.001,0.001,14126.0,6722.0,1.0
mu[1842],-0.032,0.074,-0.172,0.104,0.001,0.001,13092.0,6178.0,1.0
mu[1843],-0.02,0.057,-0.126,0.087,0.0,0.001,17156.0,5470.0,1.0
mu[1844],-0.021,0.057,-0.124,0.092,0.0,0.001,16931.0,5450.0,1.0
mu[1845],-0.013,0.055,-0.12,0.087,0.0,0.001,18565.0,5502.0,1.0
mu[1846],-0.024,0.06,-0.14,0.086,0.0,0.001,15757.0,5661.0,1.0
mu[1847],-0.013,0.055,-0.12,0.087,0.0,0.001,18565.0,5502.0,1.0
mu[1848],-0.021,0.057,-0.124,0.092,0.0,0.001,16931.0,5450.0,1.0
mu[1849],-0.032,0.074,-0.172,0.105,0.001,0.001,13038.0,6178.0,1.0
mu[1850],-0.005,0.064,-0.127,0.111,0.001,0.001,15845.0,6337.0,1.0
mu[1851],-0.005,0.064,-0.127,0.111,0.001,0.001,15845.0,6337.0,1.0
mu[1852],-0.016,0.054,-0.12,0.085,0.0,0.001,18602.0,5552.0,1.0
mu[1853],-0.015,0.055,-0.118,0.087,0.0,0.001,18672.0,5513.0,1.0
mu[1854],-0.019,0.056,-0.123,0.087,0.0,0.001,17565.0,5284.0,1.0
mu[1855],-0.019,0.056,-0.123,0.087,0.0,0.001,17544.0,5325.0,1.0
mu[1856],-0.007,0.06,-0.12,0.103,0.0,0.001,16862.0,5775.0,1.0
mu[1857],-0.016,0.055,-0.118,0.087,0.0,0.001,18466.0,5635.0,1.0
mu[1858],0.001,0.074,-0.138,0.137,0.001,0.001,14199.0,6722.0,1.0
mu[1859],-0.005,0.064,-0.127,0.111,0.001,0.001,15845.0,6337.0,1.0
mu[1860],-0.013,0.055,-0.12,0.087,0.0,0.001,18565.0,5502.0,1.0
mu[1861],-0.002,0.068,-0.131,0.122,0.001,0.001,15067.0,6608.0,1.0
mu[1862],-0.026,0.064,-0.144,0.095,0.001,0.001,14645.0,5726.0,1.0
mu[1863],-0.029,0.069,-0.158,0.098,0.001,0.001,13758.0,6031.0,1.0
mu[1864],-0.01,0.057,-0.113,0.099,0.0,0.001,17740.0,5796.0,1.0
mu[1865],-0.01,0.057,-0.115,0.096,0.0,0.001,17908.0,5840.0,1.0
mu[1866],-0.018,0.055,-0.12,0.088,0.0,0.001,17968.0,5268.0,1.0
mu[1867],-0.021,0.057,-0.124,0.092,0.0,0.001,16931.0,5450.0,1.0
mu[1868],0.001,0.074,-0.138,0.137,0.001,0.001,14199.0,6722.0,1.0
mu[1869],0.0,0.072,-0.135,0.136,0.001,0.001,14332.0,6741.0,1.0
mu[1870],-0.048,0.112,-0.258,0.161,0.001,0.001,10914.0,6415.0,1.0
mu[1871],-0.021,0.057,-0.124,0.092,0.0,0.001,16931.0,5450.0,1.0
mu[1872],-0.001,0.07,-0.132,0.129,0.001,0.001,14708.0,6723.0,1.0
mu[1873],-0.006,0.061,-0.121,0.107,0.0,0.001,16453.0,6019.0,1.0
mu[1874],0.004,0.081,-0.155,0.149,0.001,0.001,13457.0,6707.0,1.0
mu[1875],-0.007,0.06,-0.12,0.103,0.0,0.001,16862.0,5775.0,1.0
mu[1876],-0.035,0.08,-0.186,0.113,0.001,0.001,12463.0,6259.0,1.0
mu[1877],-0.017,0.055,-0.118,0.089,0.0,0.001,18281.0,5448.0,1.0
mu[1878],-0.015,0.055,-0.117,0.088,0.0,0.001,18683.0,5532.0,1.0
mu[1879],-0.002,0.067,-0.131,0.121,0.001,0.001,15138.0,6622.0,1.0
mu[1880],-0.026,0.064,-0.146,0.092,0.001,0.001,14763.0,5683.0,1.0
mu[1881],-0.021,0.057,-0.124,0.092,0.0,0.001,16931.0,5450.0,1.0
mu[1882],-0.018,0.055,-0.12,0.088,0.0,0.001,17968.0,5268.0,1.0
mu[1883],-0.005,0.064,-0.127,0.111,0.001,0.001,15845.0,6337.0,1.0
mu[1884],0.003,0.079,-0.152,0.144,0.001,0.001,13649.0,6617.0,1.0
mu[1885],-0.001,0.07,-0.132,0.131,0.001,0.001,14592.0,6712.0,1.0
mu[1886],-0.027,0.065,-0.145,0.095,0.001,0.001,14534.0,5791.0,1.0
mu[1887],0.003,0.077,-0.139,0.151,0.001,0.001,13803.0,6650.0,1.0
mu[1888],-0.01,0.057,-0.114,0.098,0.0,0.001,17791.0,5795.0,1.0
mu[1889],-0.021,0.057,-0.125,0.089,0.0,0.001,17044.0,5511.0,1.0
mu[1890],-0.007,0.06,-0.12,0.103,0.0,0.001,16862.0,5775.0,1.0
mu[1891],-0.005,0.064,-0.127,0.111,0.001,0.001,15845.0,6337.0,1.0
mu[1892],-0.013,0.055,-0.12,0.087,0.0,0.001,18565.0,5502.0,1.0
mu[1893],-0.016,0.054,-0.12,0.085,0.0,0.001,18602.0,5552.0,1.0
mu[1894],-0.01,0.057,-0.115,0.096,0.0,0.001,17908.0,5840.0,1.0
mu[1895],-0.013,0.055,-0.12,0.087,0.0,0.001,18565.0,5502.0,1.0
mu[1896],-0.026,0.064,-0.144,0.095,0.001,0.001,14645.0,5726.0,1.0
mu[1897],-0.008,0.058,-0.114,0.104,0.0,0.001,17261.0,5866.0,1.0
mu[1898],-0.012,0.055,-0.119,0.088,0.0,0.001,18514.0,5532.0,1.0
mu[1899],-0.02,0.056,-0.126,0.086,0.0,0.001,17285.0,5480.0,1.0
mu[1900],-0.0,0.071,-0.133,0.133,0.001,0.001,14466.0,6802.0,1.0
mu[1901],-0.009,0.058,-0.113,0.101,0.0,0.001,17571.0,5661.0,1.0
mu[1902],-0.011,0.056,-0.116,0.094,0.0,0.001,18228.0,5730.0,1.0
mu[1903],0.004,0.079,-0.151,0.147,0.001,0.001,13591.0,6646.0,1.0
mu[1904],-0.007,0.06,-0.12,0.103,0.0,0.001,16862.0,5775.0,1.0
mu[1905],-0.018,0.057,-0.125,0.089,0.0,0.001,14791.0,6072.0,1.0
mu[1906],-0.014,0.054,-0.121,0.082,0.0,0.001,15665.0,5267.0,1.0
mu[1907],-0.035,0.086,-0.192,0.135,0.001,0.001,12261.0,7344.0,1.0
mu[1908],-0.006,0.056,-0.112,0.094,0.0,0.001,13718.0,6130.0,1.0
mu[1909],-0.001,0.061,-0.113,0.111,0.001,0.001,12816.0,6372.0,1.0
mu[1910],-0.016,0.055,-0.115,0.09,0.0,0.001,15084.0,5703.0,1.0
mu[1911],-0.009,0.054,-0.111,0.09,0.0,0.001,14774.0,5930.0,1.0
mu[1912],-0.019,0.058,-0.128,0.091,0.0,0.001,14611.0,6170.0,1.0
mu[1913],-0.001,0.062,-0.114,0.112,0.001,0.001,12716.0,6456.0,1.0
mu[1914],0.007,0.074,-0.134,0.14,0.001,0.001,11799.0,6874.0,1.0
mu[1915],-0.023,0.062,-0.142,0.093,0.001,0.001,14068.0,6349.0,1.0
mu[1916],-0.022,0.061,-0.14,0.091,0.001,0.001,14201.0,6431.0,1.0
mu[1917],-0.069,0.169,-0.381,0.267,0.002,0.002,10936.0,7122.0,1.0
mu[1918],-0.017,0.056,-0.117,0.093,0.0,0.001,14929.0,6160.0,1.0
mu[1919],-0.009,0.054,-0.111,0.09,0.0,0.001,15006.0,5815.0,1.0
mu[1920],-0.013,0.054,-0.115,0.086,0.0,0.001,15635.0,5410.0,1.0
mu[1921],-0.016,0.055,-0.116,0.09,0.0,0.001,15079.0,5836.0,1.0
mu[1922],0.003,0.067,-0.126,0.122,0.001,0.001,12149.0,6812.0,1.0
mu[1923],-0.03,0.075,-0.172,0.111,0.001,0.001,12896.0,7134.0,1.0
mu[1924],0.003,0.068,-0.129,0.123,0.001,0.001,12113.0,6855.0,1.0
mu[1925],-0.018,0.057,-0.125,0.088,0.0,0.001,14830.0,6263.0,1.0
mu[1926],-0.014,0.054,-0.119,0.083,0.0,0.001,15652.0,5243.0,1.0
mu[1927],-0.018,0.057,-0.125,0.088,0.0,0.001,14833.0,6263.0,1.0
mu[1928],-0.045,0.11,-0.243,0.177,0.001,0.001,11574.0,7270.0,1.0
mu[1929],-0.012,0.054,-0.113,0.087,0.0,0.001,15509.0,5596.0,1.0
mu[1930],-0.018,0.056,-0.118,0.094,0.0,0.001,14873.0,6264.0,1.0
mu[1931],-0.026,0.068,-0.158,0.098,0.001,0.001,13474.0,6714.0,1.0
mu[1932],-0.018,0.056,-0.117,0.094,0.0,0.001,14895.0,6238.0,1.0
mu[1933],-0.015,0.054,-0.12,0.084,0.0,0.001,15668.0,5229.0,1.0
mu[1934],-0.01,0.054,-0.111,0.089,0.0,0.001,15144.0,5793.0,1.0
mu[1935],-0.029,0.073,-0.164,0.111,0.001,0.001,13039.0,7098.0,1.0
mu[1936],0.001,0.064,-0.119,0.116,0.001,0.001,12483.0,6453.0,1.0
mu[1937],-0.004,0.057,-0.113,0.097,0.0,0.001,13472.0,6196.0,1.0
mu[1938],-0.012,0.054,-0.114,0.086,0.0,0.001,15591.0,5663.0,1.0
mu[1939],-0.013,0.054,-0.116,0.085,0.0,0.001,15629.0,5412.0,1.0
mu[1940],-0.001,0.062,-0.113,0.113,0.001,0.001,12712.0,6484.0,1.0
mu[1941],-0.006,0.055,-0.111,0.094,0.0,0.001,13899.0,6007.0,1.0
mu[1942],0.006,0.072,-0.13,0.137,0.001,0.001,11863.0,6781.0,1.0
mu[1943],0.001,0.064,-0.119,0.116,0.001,0.001,12466.0,6481.0,1.0
mu[1944],-0.014,0.054,-0.119,0.083,0.0,0.001,15655.0,5392.0,1.0
mu[1945],-0.017,0.056,-0.117,0.094,0.0,0.001,14903.0,6262.0,1.0
mu[1946],-0.034,0.082,-0.189,0.122,0.001,0.001,12453.0,7312.0,1.0
mu[1947],-0.001,0.062,-0.114,0.114,0.001,0.001,12688.0,6484.0,1.0
mu[1948],-0.022,0.061,-0.135,0.096,0.001,0.001,14230.0,6378.0,1.0
mu[1949],0.008,0.076,-0.138,0.145,0.001,0.001,11714.0,6997.0,1.0
mu[1950],-0.043,0.105,-0.23,0.171,0.001,0.001,11672.0,7270.0,1.0
mu[1951],-0.019,0.058,-0.126,0.093,0.0,0.001,14628.0,6170.0,1.0
mu[1952],-0.013,0.054,-0.116,0.085,0.0,0.001,15622.0,5413.0,1.0
mu[1953],-0.01,0.054,-0.113,0.087,0.0,0.001,15257.0,5750.0,1.0
mu[1954],-0.006,0.056,-0.112,0.095,0.0,0.001,13739.0,6105.0,1.0
mu[1955],0.006,0.073,-0.13,0.139,0.001,0.001,11848.0,6781.0,1.0
mu[1956],-0.037,0.09,-0.205,0.136,0.001,0.001,12112.0,7308.0,1.0
mu[1957],-0.012,0.054,-0.113,0.087,0.0,0.001,15505.0,5596.0,1.0
mu[1958],-0.011,0.054,-0.113,0.087,0.0,0.001,15477.0,5638.0,1.0
mu[1959],-0.012,0.054,-0.113,0.087,0.0,0.001,15505.0,5596.0,1.0
mu[1960],0.005,0.071,-0.131,0.132,0.001,0.001,11936.0,6796.0,1.0
mu[1961],-0.003,0.058,-0.113,0.1,0.001,0.001,13226.0,6299.0,1.0
mu[1962],-0.019,0.058,-0.127,0.09,0.0,0.001,14664.0,6127.0,1.0
mu[1963],-0.005,0.057,-0.114,0.096,0.0,0.001,13508.0,6196.0,1.0
mu[1964],-0.002,0.06,-0.116,0.107,0.001,0.001,12900.0,6294.0,1.0
mu[1965],-0.021,0.06,-0.129,0.096,0.0,0.001,14403.0,6318.0,1.0
mu[1966],-0.008,0.054,-0.109,0.092,0.0,0.001,14627.0,5882.0,1.0
mu[1967],-0.023,0.063,-0.138,0.102,0.001,0.001,13939.0,6454.0,1.0
mu[1968],0.006,0.073,-0.13,0.139,0.001,0.001,11839.0,6812.0,1.0
mu[1969],-0.029,0.072,-0.164,0.109,0.001,0.001,13089.0,7165.0,1.0
mu[1970],-0.017,0.056,-0.116,0.092,0.0,0.001,14997.0,5932.0,1.0
mu[1971],-0.017,0.056,-0.117,0.093,0.0,0.001,14924.0,6160.0,1.0
mu[1972],-0.009,0.054,-0.112,0.089,0.0,0.001,14729.0,5884.0,1.0
mu[1973],-0.02,0.059,-0.128,0.093,0.0,0.001,14499.0,6267.0,1.0
mu[1974],-0.009,0.054,-0.112,0.089,0.0,0.001,14729.0,5884.0,1.0
mu[1975],-0.017,0.056,-0.117,0.093,0.0,0.001,14924.0,6160.0,1.0
mu[1976],-0.029,0.072,-0.163,0.111,0.001,0.001,13054.0,7165.0,1.0
mu[1977],-0.0,0.062,-0.115,0.115,0.001,0.001,12623.0,6456.0,1.0
mu[1978],-0.0,0.062,-0.115,0.115,0.001,0.001,12623.0,6456.0,1.0
mu[1979],-0.012,0.054,-0.113,0.087,0.0,0.001,15494.0,5596.0,1.0
mu[1980],-0.011,0.054,-0.112,0.088,0.0,0.001,15385.0,5707.0,1.0
mu[1981],-0.016,0.055,-0.115,0.09,0.0,0.001,15087.0,5703.0,1.0
mu[1982],-0.016,0.055,-0.115,0.09,0.0,0.001,15084.0,5703.0,1.0
mu[1983],-0.003,0.059,-0.114,0.102,0.001,0.001,13147.0,6275.0,1.0
mu[1984],-0.013,0.054,-0.115,0.085,0.0,0.001,15603.0,5663.0,1.0
mu[1985],0.006,0.072,-0.13,0.137,0.001,0.001,11863.0,6781.0,1.0
mu[1986],-0.0,0.062,-0.115,0.115,0.001,0.001,12623.0,6456.0,1.0
mu[1987],-0.009,0.054,-0.112,0.089,0.0,0.001,14729.0,5884.0,1.0
mu[1988],0.002,0.066,-0.125,0.12,0.001,0.001,12245.0,6719.0,1.0
mu[1989],-0.023,0.063,-0.144,0.094,0.001,0.001,13997.0,6374.0,1.0
mu[1990],-0.026,0.067,-0.158,0.098,0.001,0.001,13498.0,6684.0,1.0
mu[1991],-0.005,0.056,-0.112,0.096,0.0,0.001,13594.0,6122.0,1.0
mu[1992],-0.006,0.056,-0.112,0.094,0.0,0.001,13718.0,6130.0,1.0
mu[1993],-0.014,0.054,-0.119,0.084,0.0,0.001,15670.0,5213.0,1.0
mu[1994],-0.017,0.056,-0.117,0.093,0.0,0.001,14924.0,6160.0,1.0
mu[1995],0.006,0.072,-0.13,0.137,0.001,0.001,11863.0,6781.0,1.0
mu[1996],0.005,0.071,-0.131,0.132,0.001,0.001,11936.0,6796.0,1.0
mu[1997],-0.045,0.109,-0.242,0.176,0.001,0.001,11582.0,7270.0,1.0
mu[1998],-0.017,0.056,-0.117,0.093,0.0,0.001,14924.0,6160.0,1.0
mu[1999],0.004,0.068,-0.129,0.123,0.001,0.001,12094.0,6887.0,1.0
mu[2000],-0.002,0.06,-0.117,0.104,0.001,0.001,12916.0,6242.0,1.0
mu[2001],0.009,0.079,-0.141,0.153,0.001,0.001,11610.0,7063.0,1.0
mu[2002],-0.003,0.059,-0.114,0.102,0.001,0.001,13147.0,6275.0,1.0
mu[2003],-0.032,0.078,-0.183,0.113,0.001,0.001,12670.0,7272.0,1.0
mu[2004],-0.013,0.054,-0.119,0.083,0.0,0.001,15652.0,5299.0,1.0
mu[2005],-0.011,0.054,-0.112,0.088,0.0,0.001,15375.0,5707.0,1.0
mu[2006],0.002,0.066,-0.125,0.118,0.001,0.001,12283.0,6729.0,1.0
mu[2007],-0.023,0.062,-0.143,0.093,0.001,0.001,14061.0,6376.0,1.0
mu[2008],-0.017,0.056,-0.117,0.093,0.0,0.001,14924.0,6160.0,1.0
mu[2009],-0.014,0.054,-0.119,0.084,0.0,0.001,15670.0,5213.0,1.0
mu[2010],-0.0,0.062,-0.115,0.115,0.001,0.001,12623.0,6456.0,1.0
mu[2011],0.008,0.077,-0.139,0.147,0.001,0.001,11686.0,6997.0,1.0
mu[2012],0.004,0.069,-0.131,0.125,0.001,0.001,12039.0,6872.0,1.0
mu[2013],-0.023,0.063,-0.137,0.102,0.001,0.001,13943.0,6454.0,1.0
mu[2014],0.008,0.076,-0.135,0.146,0.001,0.001,11733.0,6997.0,1.0
mu[2015],-0.005,0.056,-0.112,0.095,0.0,0.001,13630.0,6148.0,1.0
mu[2016],-0.017,0.056,-0.115,0.093,0.0,0.001,14971.0,5979.0,1.0
mu[2017],-0.003,0.059,-0.114,0.102,0.001,0.001,13147.0,6275.0,1.0
mu[2018],-0.0,0.062,-0.115,0.115,0.001,0.001,12623.0,6456.0,1.0
mu[2019],-0.009,0.054,-0.112,0.089,0.0,0.001,14729.0,5884.0,1.0
mu[2020],-0.012,0.054,-0.113,0.087,0.0,0.001,15494.0,5596.0,1.0
mu[2021],-0.006,0.056,-0.112,0.094,0.0,0.001,13718.0,6130.0,1.0
mu[2022],-0.009,0.054,-0.112,0.089,0.0,0.001,14729.0,5884.0,1.0
mu[2023],-0.023,0.063,-0.144,0.094,0.001,0.001,13997.0,6374.0,1.0
mu[2024],-0.004,0.058,-0.114,0.097,0.0,0.001,13354.0,6297.0,1.0
mu[2025],-0.008,0.054,-0.109,0.093,0.0,0.001,14563.0,5838.0,1.0
mu[2026],-0.016,0.055,-0.118,0.089,0.0,0.001,15029.0,5899.0,1.0
mu[2027],0.005,0.07,-0.125,0.134,0.001,0.001,11987.0,6857.0,1.0
mu[2028],-0.005,0.057,-0.114,0.095,0.0,0.001,13523.0,6147.0,1.0
mu[2029],-0.007,0.055,-0.111,0.093,0.0,0.001,14093.0,5979.0,1.0
mu[2030],0.009,0.078,-0.14,0.149,0.001,0.001,11661.0,7029.0,1.0
mu[2031],-0.003,0.059,-0.114,0.102,0.001,0.001,13147.0,6275.0,1.0
mu[2032],-0.038,0.057,-0.145,0.068,0.0,0.001,15278.0,6383.0,1.0
mu[2033],-0.023,0.054,-0.124,0.078,0.0,0.001,16742.0,6099.0,1.0
mu[2034],-0.097,0.088,-0.264,0.069,0.001,0.001,10664.0,6919.0,1.0
mu[2035],0.006,0.056,-0.101,0.109,0.0,0.001,16508.0,6223.0,1.0
mu[2036],0.022,0.061,-0.092,0.136,0.0,0.001,14803.0,6348.0,1.0
mu[2037],-0.028,0.055,-0.127,0.078,0.0,0.001,16266.0,5977.0,1.0
mu[2038],-0.004,0.054,-0.104,0.099,0.0,0.001,17243.0,6142.0,1.0
mu[2039],-0.041,0.059,-0.15,0.068,0.0,0.001,15052.0,6409.0,1.0
mu[2040],0.024,0.061,-0.091,0.14,0.001,0.001,14612.0,6307.0,1.0
mu[2041],0.05,0.074,-0.093,0.187,0.001,0.001,12438.0,6806.0,1.0
mu[2042],-0.053,0.063,-0.168,0.067,0.001,0.001,13625.0,6259.0,1.0
mu[2043],-0.05,0.062,-0.165,0.067,0.001,0.001,13942.0,6391.0,1.0
mu[2044],-0.214,0.174,-0.559,0.098,0.002,0.002,9218.0,7152.0,1.0
mu[2045],-0.034,0.056,-0.14,0.068,0.0,0.001,15699.0,6198.0,1.0
mu[2046],-0.006,0.054,-0.107,0.096,0.0,0.001,17318.0,6145.0,1.0
mu[2047],-0.019,0.054,-0.121,0.08,0.0,0.001,17065.0,6249.0,1.0
mu[2048],-0.028,0.055,-0.127,0.077,0.0,0.001,16237.0,5953.0,1.0
mu[2049],0.037,0.067,-0.087,0.166,0.001,0.001,13375.0,6406.0,1.0
mu[2050],-0.078,0.076,-0.225,0.063,0.001,0.001,11543.0,6765.0,1.0
mu[2051],0.039,0.068,-0.088,0.168,0.001,0.001,13229.0,6352.0,1.0
mu[2052],-0.036,0.057,-0.142,0.069,0.0,0.001,15401.0,6411.0,1.0
mu[2053],-0.022,0.054,-0.124,0.078,0.0,0.001,16812.0,6074.0,1.0
mu[2054],-0.036,0.057,-0.142,0.069,0.0,0.001,15413.0,6384.0,1.0
mu[2055],-0.133,0.112,-0.358,0.067,0.001,0.001,9833.0,7249.0,1.0
mu[2056],-0.014,0.054,-0.113,0.087,0.0,0.001,17297.0,6247.0,1.0
mu[2057],-0.035,0.057,-0.14,0.069,0.0,0.001,15542.0,6384.0,1.0
mu[2058],-0.065,0.069,-0.197,0.06,0.001,0.001,12460.0,6654.0,1.0
mu[2059],-0.035,0.057,-0.14,0.069,0.0,0.001,15598.0,6330.0,1.0
mu[2060],-0.024,0.054,-0.125,0.077,0.0,0.001,16662.0,6077.0,1.0
mu[2061],-0.007,0.054,-0.106,0.096,0.0,0.001,17356.0,6097.0,1.0
mu[2062],-0.075,0.074,-0.215,0.064,0.001,0.001,11745.0,6739.0,1.0
mu[2063],0.03,0.064,-0.089,0.152,0.001,0.001,14037.0,6318.0,1.0
mu[2064],0.011,0.057,-0.094,0.119,0.0,0.001,16058.0,6242.0,1.0
mu[2065],-0.017,0.054,-0.119,0.083,0.0,0.001,17196.0,6221.0,1.0
mu[2066],-0.018,0.054,-0.12,0.081,0.0,0.001,17094.0,6222.0,1.0
mu[2067],0.024,0.061,-0.091,0.14,0.001,0.001,14601.0,6307.0,1.0
mu[2068],0.004,0.055,-0.103,0.104,0.0,0.001,16720.0,6222.0,1.0
mu[2069],0.047,0.072,-0.086,0.187,0.001,0.001,12649.0,6521.0,1.0
mu[2070],0.03,0.064,-0.089,0.153,0.001,0.001,14001.0,6298.0,1.0
mu[2071],-0.022,0.054,-0.124,0.078,0.0,0.001,16823.0,6123.0,1.0
mu[2072],-0.034,0.056,-0.14,0.069,0.0,0.001,15620.0,6278.0,1.0
mu[2073],-0.091,0.084,-0.249,0.069,0.001,0.001,10901.0,6957.0,1.0
mu[2074],0.025,0.062,-0.092,0.14,0.001,0.001,14520.0,6295.0,1.0
mu[2075],-0.05,0.062,-0.164,0.066,0.001,0.001,13995.0,6392.0,1.0
mu[2076],0.054,0.077,-0.088,0.201,0.001,0.001,12189.0,6866.0,1.0
mu[2077],-0.126,0.107,-0.337,0.068,0.001,0.001,9933.0,7200.0,1.0
mu[2078],-0.041,0.058,-0.15,0.067,0.0,0.001,15100.0,6464.0,1.0
mu[2079],-0.018,0.054,-0.119,0.083,0.0,0.001,17117.0,6274.0,1.0
mu[2080],-0.008,0.054,-0.108,0.094,0.0,0.001,17376.0,6173.0,1.0
mu[2081],0.006,0.056,-0.1,0.109,0.0,0.001,16534.0,6224.0,1.0
mu[2082],0.048,0.073,-0.093,0.181,0.001,0.001,12593.0,6636.0,1.0
mu[2083],-0.103,0.092,-0.277,0.07,0.001,0.001,10469.0,7021.0,1.0
mu[2084],-0.014,0.054,-0.114,0.087,0.0,0.001,17305.0,6247.0,1.0
mu[2085],-0.013,0.054,-0.112,0.089,0.0,0.001,17324.0,6247.0,1.0
mu[2086],-0.014,0.054,-0.114,0.087,0.0,0.001,17305.0,6247.0,1.0
mu[2087],0.045,0.071,-0.086,0.182,0.001,0.001,12800.0,6437.0,1.0
mu[2088],0.015,0.058,-0.091,0.126,0.0,0.001,15649.0,6194.0,1.0
mu[2089],-0.04,0.058,-0.148,0.069,0.0,0.001,15223.0,6396.0,1.0
mu[2090],0.011,0.057,-0.094,0.118,0.0,0.001,16116.0,6267.0,1.0
mu[2091],0.021,0.06,-0.094,0.133,0.0,0.001,14960.0,6333.0,1.0
mu[2092],-0.046,0.06,-0.157,0.068,0.001,0.001,14428.0,6474.0,1.0
mu[2093],-0.003,0.054,-0.105,0.099,0.0,0.001,17179.0,6245.0,1.0
mu[2094],-0.055,0.064,-0.176,0.064,0.001,0.001,13356.0,6473.0,1.0
mu[2095],0.048,0.073,-0.093,0.182,0.001,0.001,12572.0,6665.0,1.0
mu[2096],-0.073,0.073,-0.212,0.065,0.001,0.001,11817.0,6621.0,1.0
mu[2097],-0.032,0.056,-0.133,0.074,0.0,0.001,15901.0,6122.0,1.0
mu[2098],-0.034,0.056,-0.14,0.068,0.0,0.001,15685.0,6173.0,1.0
mu[2099],-0.004,0.054,-0.105,0.098,0.0,0.001,17226.0,6107.0,1.0
mu[2100],-0.044,0.059,-0.154,0.067,0.0,0.001,14716.0,6475.0,1.0
mu[2101],-0.004,0.054,-0.105,0.098,0.0,0.001,17226.0,6107.0,1.0
mu[2102],-0.034,0.056,-0.14,0.068,0.0,0.001,15685.0,6173.0,1.0
mu[2103],-0.074,0.074,-0.214,0.064,0.001,0.001,11769.0,6679.0,1.0
mu[2104],0.027,0.062,-0.09,0.144,0.001,0.001,14362.0,6293.0,1.0
mu[2105],0.027,0.062,-0.09,0.144,0.001,0.001,14362.0,6293.0,1.0
mu[2106],-0.014,0.054,-0.113,0.087,0.0,0.001,17314.0,6247.0,1.0
mu[2107],-0.011,0.054,-0.109,0.092,0.0,0.001,17387.0,6153.0,1.0
mu[2108],-0.028,0.055,-0.126,0.078,0.0,0.001,16283.0,5953.0,1.0
mu[2109],-0.028,0.055,-0.127,0.078,0.0,0.001,16266.0,5977.0,1.0
mu[2110],0.017,0.059,-0.091,0.129,0.0,0.001,15471.0,6094.0,1.0
mu[2111],-0.017,0.054,-0.118,0.083,0.0,0.001,17167.0,6273.0,1.0
mu[2112],0.047,0.072,-0.086,0.187,0.001,0.001,12649.0,6521.0,1.0
mu[2113],0.027,0.062,-0.09,0.144,0.001,0.001,14362.0,6293.0,1.0
mu[2114],-0.004,0.054,-0.105,0.098,0.0,0.001,17226.0,6107.0,1.0
mu[2115],0.035,0.066,-0.088,0.162,0.001,0.001,13552.0,6296.0,1.0
mu[2116],-0.054,0.063,-0.172,0.067,0.001,0.001,13483.0,6391.0,1.0
mu[2117],-0.064,0.068,-0.193,0.064,0.001,0.001,12504.0,6596.0,1.0
mu[2118],0.008,0.056,-0.098,0.113,0.0,0.001,16342.0,6223.0,1.0
mu[2119],0.006,0.056,-0.101,0.109,0.0,0.001,16508.0,6223.0,1.0
mu[2120],-0.024,0.054,-0.125,0.077,0.0,0.001,16684.0,6077.0,1.0
mu[2121],-0.034,0.056,-0.14,0.068,0.0,0.001,15685.0,6173.0,1.0
mu[2122],0.047,0.072,-0.086,0.187,0.001,0.001,12649.0,6521.0,1.0
mu[2123],0.045,0.071,-0.086,0.182,0.001,0.001,12800.0,6437.0,1.0
mu[2124],-0.132,0.112,-0.356,0.068,0.001,0.001,9840.0,7249.0,1.0
mu[2125],-0.034,0.056,-0.14,0.068,0.0,0.001,15685.0,6173.0,1.0
mu[2126],0.04,0.069,-0.089,0.169,0.001,0.001,13179.0,6380.0,1.0
mu[2127],0.021,0.06,-0.094,0.132,0.0,0.001,15013.0,6307.0,1.0
mu[2128],0.059,0.08,-0.094,0.208,0.001,0.001,11922.0,7023.0,1.0
mu[2129],0.017,0.059,-0.091,0.129,0.0,0.001,15471.0,6094.0,1.0
mu[2130],-0.084,0.08,-0.236,0.067,0.001,0.001,11221.0,6889.0,1.0
mu[2131],-0.02,0.054,-0.121,0.081,0.0,0.001,16978.0,6200.0,1.0
mu[2132],-0.01,0.054,-0.109,0.092,0.0,0.001,17388.0,6146.0,1.0
mu[2133],0.034,0.066,-0.093,0.155,0.001,0.001,13632.0,6403.0,1.0
mu[2134],-0.053,0.063,-0.169,0.067,0.001,0.001,13612.0,6259.0,1.0
mu[2135],-0.034,0.056,-0.14,0.068,0.0,0.001,15685.0,6173.0,1.0
mu[2136],-0.024,0.054,-0.125,0.077,0.0,0.001,16684.0,6077.0,1.0
mu[2137],0.027,0.062,-0.09,0.144,0.001,0.001,14362.0,6293.0,1.0
mu[2138],0.056,0.078,-0.089,0.204,0.001,0.001,12113.0,6960.0,1.0
mu[2139],0.041,0.069,-0.088,0.172,0.001,0.001,13072.0,6435.0,1.0
mu[2140],-0.055,0.064,-0.176,0.064,0.001,0.001,13370.0,6473.0,1.0
mu[2141],0.053,0.076,-0.089,0.198,0.001,0.001,12249.0,6929.0,1.0
mu[2142],0.008,0.056,-0.098,0.112,0.0,0.001,16408.0,6274.0,1.0
mu[2143],-0.033,0.056,-0.133,0.075,0.0,0.001,15804.0,6122.0,1.0
mu[2144],0.017,0.059,-0.091,0.129,0.0,0.001,15471.0,6094.0,1.0
mu[2145],0.027,0.062,-0.09,0.144,0.001,0.001,14362.0,6293.0,1.0
mu[2146],-0.004,0.054,-0.105,0.098,0.0,0.001,17226.0,6107.0,1.0
mu[2147],-0.014,0.054,-0.113,0.087,0.0,0.001,17314.0,6247.0,1.0
mu[2148],0.006,0.056,-0.101,0.109,0.0,0.001,16508.0,6223.0,1.0
mu[2149],-0.004,0.054,-0.105,0.098,0.0,0.001,17226.0,6107.0,1.0
mu[2150],-0.054,0.063,-0.172,0.067,0.001,0.001,13483.0,6391.0,1.0
mu[2151],0.013,0.057,-0.093,0.122,0.0,0.001,15918.0,6216.0,1.0
mu[2152],-0.002,0.054,-0.104,0.099,0.0,0.001,17133.0,6270.0,1.0
mu[2153],-0.031,0.056,-0.13,0.076,0.0,0.001,16016.0,5978.0,1.0
mu[2154],0.043,0.07,-0.086,0.178,0.001,0.001,12942.0,6492.0,1.0
mu[2155],0.01,0.057,-0.095,0.117,0.0,0.001,16177.0,6246.0,1.0
mu[2156],0.003,0.055,-0.103,0.103,0.0,0.001,16839.0,6196.0,1.0
mu[2157],0.057,0.078,-0.098,0.198,0.001,0.001,12054.0,6959.0,1.0
mu[2158],0.017,0.059,-0.091,0.129,0.0,0.001,15471.0,6094.0,1.0
mu[2159],-0.024,0.058,-0.138,0.08,0.0,0.001,16945.0,5788.0,1.0
mu[2160],-0.014,0.055,-0.114,0.094,0.0,0.001,17327.0,5520.0,1.0
mu[2161],-0.066,0.085,-0.219,0.098,0.001,0.001,14949.0,7197.0,1.0
mu[2162],0.007,0.057,-0.101,0.11,0.0,0.001,17561.0,5598.0,1.0
mu[2163],0.019,0.061,-0.091,0.136,0.0,0.001,17104.0,5855.0,1.0
mu[2164],-0.017,0.056,-0.12,0.09,0.0,0.001,17708.0,5724.0,1.0
mu[2165],-0.0,0.055,-0.1,0.106,0.0,0.001,17690.0,5492.0,1.0
mu[2166],-0.027,0.059,-0.132,0.089,0.0,0.001,16638.0,6140.0,1.0
mu[2167],0.02,0.061,-0.093,0.136,0.0,0.001,17029.0,6017.0,1.0
mu[2168],0.038,0.073,-0.101,0.173,0.001,0.001,16114.0,6250.0,1.0
mu[2169],-0.035,0.063,-0.151,0.084,0.0,0.001,16081.0,6263.0,1.0
mu[2170],-0.033,0.062,-0.143,0.087,0.0,0.001,16172.0,6239.0,1.0
mu[2171],-0.149,0.164,-0.466,0.161,0.001,0.002,14234.0,7314.0,1.0
mu[2172],-0.021,0.057,-0.132,0.081,0.0,0.001,17257.0,5777.0,1.0
mu[2173],-0.001,0.055,-0.102,0.103,0.0,0.001,17688.0,5544.0,1.0
mu[2174],-0.011,0.055,-0.116,0.092,0.0,0.001,17440.0,5354.0,1.0
mu[2175],-0.017,0.056,-0.123,0.088,0.0,0.001,17694.0,5746.0,1.0
mu[2176],0.029,0.067,-0.093,0.158,0.001,0.001,16558.0,6317.0,1.0
mu[2177],-0.053,0.074,-0.192,0.085,0.001,0.001,15247.0,6699.0,1.0
mu[2178],0.031,0.067,-0.096,0.158,0.001,0.001,16483.0,6332.0,1.0
mu[2179],-0.023,0.058,-0.136,0.08,0.0,0.001,17040.0,5788.0,1.0
mu[2180],-0.013,0.055,-0.114,0.095,0.0,0.001,17352.0,5540.0,1.0
mu[2181],-0.023,0.058,-0.136,0.08,0.0,0.001,17061.0,5788.0,1.0
mu[2182],-0.091,0.107,-0.296,0.111,0.001,0.001,14580.0,7351.0,1.0
mu[2183],-0.007,0.055,-0.116,0.091,0.0,0.001,17538.0,5455.0,1.0
mu[2184],-0.022,0.057,-0.134,0.081,0.0,0.001,17158.0,5811.0,1.0
mu[2185],-0.043,0.068,-0.163,0.089,0.001,0.001,15520.0,6377.0,1.0
mu[2186],-0.022,0.057,-0.134,0.081,0.0,0.001,17196.0,5799.0,1.0
mu[2187],-0.014,0.055,-0.115,0.094,0.0,0.001,17296.0,5524.0,1.0
mu[2188],-0.002,0.055,-0.112,0.094,0.0,0.001,17667.0,5434.0,1.0
mu[2189],-0.05,0.072,-0.187,0.083,0.001,0.001,15323.0,6620.0,1.0
mu[2190],0.024,0.064,-0.093,0.144,0.0,0.001,16810.0,6322.0,1.0
mu[2191],0.011,0.058,-0.093,0.121,0.0,0.001,17447.0,5640.0,1.0
mu[2192],-0.009,0.055,-0.117,0.091,0.0,0.001,17499.0,5337.0,1.0
mu[2193],-0.01,0.055,-0.114,0.093,0.0,0.001,17461.0,5354.0,1.0
mu[2194],0.02,0.062,-0.097,0.133,0.0,0.001,17025.0,6037.0,1.0
mu[2195],0.006,0.056,-0.099,0.109,0.0,0.001,17609.0,5657.0,1.0
mu[2196],0.036,0.071,-0.1,0.168,0.001,0.001,16213.0,6240.0,1.0
mu[2197],0.024,0.064,-0.094,0.145,0.0,0.001,16797.0,6321.0,1.0
mu[2198],-0.013,0.055,-0.114,0.094,0.0,0.001,17361.0,5500.0,1.0
mu[2199],-0.022,0.057,-0.134,0.081,0.0,0.001,17207.0,5799.0,1.0
mu[2200],-0.062,0.081,-0.211,0.093,0.001,0.001,15027.0,7031.0,1.0
mu[2201],0.021,0.062,-0.092,0.138,0.0,0.001,16994.0,5988.0,1.0
mu[2202],-0.032,0.062,-0.143,0.088,0.0,0.001,16189.0,6214.0,1.0
mu[2203],0.042,0.075,-0.1,0.184,0.001,0.001,15997.0,6465.0,1.0
mu[2204],-0.086,0.103,-0.276,0.112,0.001,0.001,14637.0,7382.0,1.0
mu[2205],-0.026,0.059,-0.132,0.089,0.0,0.001,16658.0,6086.0,1.0
mu[2206],-0.01,0.055,-0.114,0.093,0.0,0.001,17470.0,5317.0,1.0
mu[2207],-0.003,0.055,-0.111,0.095,0.0,0.001,17666.0,5472.0,1.0
mu[2208],0.007,0.056,-0.097,0.113,0.0,0.001,17581.0,5661.0,1.0
mu[2209],0.037,0.071,-0.1,0.169,0.001,0.001,16187.0,6288.0,1.0
mu[2210],-0.07,0.088,-0.234,0.099,0.001,0.001,14875.0,7232.0,1.0
mu[2211],-0.007,0.055,-0.111,0.096,0.0,0.001,17531.0,5436.0,1.0
mu[2212],-0.006,0.055,-0.113,0.094,0.0,0.001,17540.0,5312.0,1.0
mu[2213],-0.007,0.055,-0.111,0.096,0.0,0.001,17531.0,5436.0,1.0
mu[2214],0.035,0.07,-0.1,0.164,0.001,0.001,16286.0,6276.0,1.0
mu[2215],0.014,0.059,-0.097,0.121,0.0,0.001,17335.0,5703.0,1.0
mu[2216],-0.026,0.059,-0.131,0.089,0.0,0.001,16738.0,6013.0,1.0
mu[2217],0.01,0.057,-0.093,0.121,0.0,0.001,17468.0,5640.0,1.0
mu[2218],0.018,0.06,-0.097,0.129,0.0,0.001,17158.0,5831.0,1.0
mu[2219],-0.03,0.06,-0.138,0.088,0.0,0.001,16280.0,6128.0,1.0
mu[2220],0.001,0.055,-0.108,0.099,0.0,0.001,17702.0,5636.0,1.0
mu[2221],-0.036,0.064,-0.151,0.087,0.001,0.001,15963.0,6333.0,1.0
mu[2222],0.037,0.072,-0.1,0.169,0.001,0.001,16178.0,6288.0,1.0
mu[2223],-0.049,0.072,-0.187,0.08,0.001,0.001,15342.0,6606.0,1.0
mu[2224],-0.02,0.057,-0.13,0.082,0.0,0.001,17412.0,5799.0,1.0
mu[2225],-0.021,0.057,-0.132,0.082,0.0,0.001,17242.0,5828.0,1.0
mu[2226],0.0,0.055,-0.107,0.099,0.0,0.001,17685.0,5573.0,1.0
mu[2227],-0.028,0.06,-0.136,0.088,0.0,0.001,16450.0,6229.0,1.0
mu[2228],0.0,0.055,-0.107,0.099,0.0,0.001,17685.0,5573.0,1.0
mu[2229],-0.021,0.057,-0.132,0.082,0.0,0.001,17242.0,5828.0,1.0
mu[2230],-0.05,0.072,-0.185,0.083,0.001,0.001,15327.0,6707.0,1.0
mu[2231],0.022,0.062,-0.092,0.14,0.0,0.001,16940.0,6095.0,1.0
mu[2232],0.022,0.062,-0.092,0.14,0.0,0.001,16940.0,6095.0,1.0
mu[2233],-0.007,0.055,-0.11,0.097,0.0,0.001,17532.0,5330.0,1.0
mu[2234],-0.005,0.055,-0.114,0.093,0.0,0.001,17616.0,5368.0,1.0
mu[2235],-0.017,0.056,-0.12,0.09,0.0,0.001,17724.0,5724.0,1.0
mu[2236],-0.017,0.056,-0.12,0.09,0.0,0.001,17708.0,5724.0,1.0
mu[2237],0.015,0.059,-0.095,0.125,0.0,0.001,17307.0,5741.0,1.0
mu[2238],-0.009,0.055,-0.115,0.093,0.0,0.001,17482.0,5318.0,1.0
mu[2239],0.036,0.071,-0.1,0.168,0.001,0.001,16213.0,6240.0,1.0
mu[2240],0.022,0.062,-0.092,0.14,0.0,0.001,16940.0,6095.0,1.0
mu[2241],0.0,0.055,-0.107,0.099,0.0,0.001,17685.0,5573.0,1.0
mu[2242],0.028,0.066,-0.098,0.149,0.001,0.001,16638.0,6395.0,1.0
mu[2243],-0.036,0.063,-0.151,0.085,0.001,0.001,15989.0,6244.0,1.0
mu[2244],-0.043,0.067,-0.162,0.089,0.001,0.001,15529.0,6402.0,1.0
mu[2245],0.009,0.057,-0.098,0.114,0.0,0.001,17527.0,5598.0,1.0
mu[2246],0.007,0.057,-0.101,0.11,0.0,0.001,17561.0,5598.0,1.0
mu[2247],-0.014,0.055,-0.115,0.094,0.0,0.001,17303.0,5504.0,1.0
mu[2248],-0.021,0.057,-0.132,0.082,0.0,0.001,17242.0,5828.0,1.0
mu[2249],0.036,0.071,-0.1,0.168,0.001,0.001,16213.0,6240.0,1.0
mu[2250],0.035,0.07,-0.1,0.164,0.001,0.001,16286.0,6276.0,1.0
mu[2251],-0.091,0.107,-0.296,0.109,0.001,0.001,14585.0,7351.0,1.0
mu[2252],-0.021,0.057,-0.132,0.082,0.0,0.001,17242.0,5828.0,1.0
mu[2253],0.031,0.068,-0.096,0.159,0.001,0.001,16465.0,6358.0,1.0
mu[2254],0.018,0.06,-0.097,0.128,0.0,0.001,17176.0,5856.0,1.0
mu[2255],0.045,0.078,-0.1,0.195,0.001,0.001,15856.0,6593.0,1.0
mu[2256],0.015,0.059,-0.095,0.125,0.0,0.001,17307.0,5741.0,1.0
mu[2257],-0.057,0.078,-0.202,0.088,0.001,0.001,15148.0,6918.0,1.0
mu[2258],-0.011,0.055,-0.115,0.093,0.0,0.001,17414.0,5550.0,1.0
mu[2259],-0.004,0.055,-0.113,0.093,0.0,0.001,17626.0,5416.0,1.0
mu[2260],0.027,0.065,-0.1,0.146,0.001,0.001,16662.0,6323.0,1.0
mu[2261],-0.035,0.063,-0.151,0.084,0.0,0.001,16077.0,6289.0,1.0
mu[2262],-0.021,0.057,-0.132,0.082,0.0,0.001,17242.0,5828.0,1.0
mu[2263],-0.014,0.055,-0.115,0.094,0.0,0.001,17303.0,5504.0,1.0
mu[2264],0.022,0.062,-0.092,0.14,0.0,0.001,16940.0,6095.0,1.0
mu[2265],0.043,0.076,-0.099,0.187,0.001,0.001,15968.0,6438.0,1.0
mu[2266],0.032,0.068,-0.096,0.162,0.001,0.001,16417.0,6390.0,1.0
mu[2267],-0.036,0.064,-0.151,0.087,0.001,0.001,15958.0,6333.0,1.0
mu[2268],0.041,0.074,-0.099,0.182,0.001,0.001,16029.0,6449.0,1.0
mu[2269],0.008,0.057,-0.1,0.111,0.0,0.001,17540.0,5660.0,1.0
mu[2270],-0.02,0.057,-0.13,0.083,0.0,0.001,17324.0,5829.0,1.0
mu[2271],0.015,0.059,-0.095,0.125,0.0,0.001,17307.0,5741.0,1.0
mu[2272],0.022,0.062,-0.092,0.14,0.0,0.001,16940.0,6095.0,1.0
mu[2273],0.0,0.055,-0.107,0.099,0.0,0.001,17685.0,5573.0,1.0
mu[2274],-0.007,0.055,-0.11,0.097,0.0,0.001,17532.0,5330.0,1.0
mu[2275],0.007,0.057,-0.101,0.11,0.0,0.001,17561.0,5598.0,1.0
mu[2276],0.0,0.055,-0.107,0.099,0.0,0.001,17685.0,5573.0,1.0
mu[2277],-0.036,0.063,-0.151,0.085,0.001,0.001,15989.0,6244.0,1.0
mu[2278],0.012,0.058,-0.096,0.12,0.0,0.001,17402.0,5840.0,1.0
mu[2279],0.001,0.055,-0.105,0.101,0.0,0.001,17684.0,5699.0,1.0
mu[2280],-0.019,0.056,-0.128,0.084,0.0,0.001,17527.0,5799.0,1.0
mu[2281],0.033,0.069,-0.099,0.161,0.001,0.001,16353.0,6427.0,1.0
mu[2282],0.01,0.057,-0.093,0.12,0.0,0.001,17489.0,5619.0,1.0
mu[2283],0.005,0.056,-0.098,0.11,0.0,0.001,17638.0,5657.0,1.0
mu[2284],0.043,0.076,-0.101,0.188,0.001,0.001,15931.0,6479.0,1.0
mu[2285],0.015,0.059,-0.095,0.125,0.0,0.001,17307.0,5741.0,1.0
mu[2286],-0.034,0.058,-0.145,0.072,0.0,0.001,14301.0,5741.0,1.0
mu[2287],-0.025,0.055,-0.124,0.082,0.0,0.001,14095.0,5417.0,1.0
mu[2288],-0.07,0.085,-0.226,0.096,0.001,0.001,14372.0,6737.0,1.0
mu[2289],-0.007,0.056,-0.111,0.1,0.0,0.001,13527.0,5984.0,1.0
mu[2290],0.002,0.061,-0.109,0.12,0.001,0.001,13286.0,6124.0,1.0
mu[2291],-0.028,0.056,-0.13,0.079,0.0,0.001,14194.0,5475.0,1.0
mu[2292],-0.014,0.055,-0.12,0.086,0.0,0.001,13718.0,5674.0,1.0
mu[2293],-0.036,0.059,-0.144,0.077,0.0,0.001,14339.0,5882.0,1.0
mu[2294],0.003,0.061,-0.105,0.126,0.001,0.001,13265.0,6159.0,1.0
mu[2295],0.019,0.072,-0.12,0.156,0.001,0.001,13262.0,6739.0,1.0
mu[2296],-0.043,0.063,-0.162,0.073,0.001,0.001,14451.0,6344.0,1.0
mu[2297],-0.042,0.062,-0.155,0.076,0.001,0.001,14437.0,6219.0,1.0
mu[2298],-0.141,0.165,-0.45,0.181,0.001,0.002,13886.0,6730.0,1.0
mu[2299],-0.032,0.057,-0.136,0.079,0.0,0.001,14268.0,5650.0,1.0
mu[2300],-0.015,0.055,-0.118,0.087,0.0,0.001,13761.0,5612.0,1.0
mu[2301],-0.023,0.055,-0.124,0.081,0.0,0.001,14022.0,5382.0,1.0
mu[2302],-0.029,0.056,-0.131,0.079,0.0,0.001,14199.0,5475.0,1.0
mu[2303],0.011,0.066,-0.118,0.134,0.001,0.001,13126.0,6532.0,1.0
mu[2304],-0.059,0.075,-0.191,0.091,0.001,0.001,14427.0,6535.0,1.0
mu[2305],0.012,0.067,-0.119,0.136,0.001,0.001,13122.0,6591.0,1.0
mu[2306],-0.033,0.058,-0.138,0.079,0.0,0.001,14302.0,5720.0,1.0
mu[2307],-0.025,0.055,-0.124,0.082,0.0,0.001,14082.0,5476.0,1.0
mu[2308],-0.033,0.058,-0.138,0.078,0.0,0.001,14301.0,5720.0,1.0
mu[2309],-0.092,0.108,-0.293,0.114,0.001,0.001,14282.0,6750.0,1.0
mu[2310],-0.02,0.055,-0.121,0.083,0.0,0.001,13948.0,5460.0,1.0
mu[2311],-0.033,0.057,-0.136,0.079,0.0,0.001,14284.0,5686.0,1.0
mu[2312],-0.051,0.068,-0.175,0.08,0.001,0.001,14441.0,6539.0,1.0
mu[2313],-0.032,0.057,-0.135,0.08,0.0,0.001,14279.0,5655.0,1.0
mu[2314],-0.026,0.055,-0.127,0.08,0.0,0.001,14110.0,5496.0,1.0
mu[2315],-0.016,0.055,-0.118,0.087,0.0,0.001,13782.0,5551.0,1.0
mu[2316],-0.057,0.073,-0.19,0.086,0.001,0.001,14439.0,6452.0,1.0
mu[2317],0.007,0.063,-0.109,0.13,0.001,0.001,13191.0,6289.0,1.0
mu[2318],-0.005,0.057,-0.109,0.106,0.0,0.001,13437.0,6028.0,1.0
mu[2319],-0.021,0.055,-0.123,0.082,0.0,0.001,13994.0,5457.0,1.0
mu[2320],-0.022,0.055,-0.124,0.081,0.0,0.001,14017.0,5458.0,1.0
mu[2321],0.003,0.061,-0.105,0.126,0.001,0.001,13265.0,6159.0,1.0
mu[2322],-0.009,0.056,-0.113,0.097,0.0,0.001,13563.0,5933.0,1.0
mu[2323],0.017,0.071,-0.119,0.151,0.001,0.001,13302.0,6623.0,1.0
mu[2324],0.007,0.064,-0.11,0.13,0.001,0.001,13188.0,6263.0,1.0
mu[2325],-0.025,0.055,-0.124,0.082,0.0,0.001,14082.0,5525.0,1.0
mu[2326],-0.032,0.057,-0.135,0.079,0.0,0.001,14276.0,5677.0,1.0
mu[2327],-0.067,0.082,-0.216,0.094,0.001,0.001,14385.0,6679.0,1.0
mu[2328],0.004,0.062,-0.106,0.127,0.001,0.001,13257.0,6185.0,1.0
mu[2329],-0.041,0.062,-0.154,0.076,0.001,0.001,14428.0,6269.0,1.0
mu[2330],0.022,0.075,-0.125,0.16,0.001,0.001,13212.0,6654.0,1.0
mu[2331],-0.088,0.103,-0.28,0.109,0.001,0.001,14291.0,6663.0,1.0
mu[2332],-0.036,0.059,-0.144,0.077,0.0,0.001,14336.0,5883.0,1.0
mu[2333],-0.022,0.055,-0.124,0.081,0.0,0.001,14011.0,5498.0,1.0
mu[2334],-0.016,0.055,-0.119,0.086,0.0,0.001,13800.0,5592.0,1.0
mu[2335],-0.008,0.056,-0.114,0.097,0.0,0.001,13528.0,5983.0,1.0
mu[2336],0.018,0.071,-0.119,0.152,0.001,0.001,13290.0,6652.0,1.0
mu[2337],-0.074,0.089,-0.236,0.1,0.001,0.001,14342.0,6720.0,1.0
mu[2338],-0.02,0.055,-0.121,0.083,0.0,0.001,13941.0,5440.0,1.0
mu[2339],-0.019,0.055,-0.121,0.084,0.0,0.001,13922.0,5460.0,1.0
mu[2340],-0.02,0.055,-0.121,0.083,0.0,0.001,13941.0,5440.0,1.0
mu[2341],0.016,0.07,-0.119,0.147,0.001,0.001,13071.0,6676.0,1.0
mu[2342],-0.002,0.058,-0.109,0.109,0.001,0.001,13379.0,5979.0,1.0
mu[2343],-0.036,0.059,-0.148,0.071,0.0,0.001,14328.0,5815.0,1.0
mu[2344],-0.005,0.057,-0.111,0.104,0.0,0.001,13452.0,6027.0,1.0
mu[2345],0.001,0.06,-0.107,0.12,0.001,0.001,13298.0,6099.0,1.0
mu[2346],-0.039,0.061,-0.148,0.078,0.001,0.001,14392.0,6218.0,1.0
mu[2347],-0.013,0.055,-0.117,0.09,0.0,0.001,13687.0,5782.0,1.0
mu[2348],-0.045,0.064,-0.165,0.074,0.001,0.001,14462.0,6427.0,1.0
mu[2349],0.018,0.071,-0.119,0.152,0.001,0.001,13288.0,6712.0,1.0
mu[2350],-0.056,0.072,-0.185,0.089,0.001,0.001,14440.0,6506.0,1.0
mu[2351],-0.031,0.057,-0.133,0.079,0.0,0.001,14251.0,5680.0,1.0
mu[2352],-0.032,0.057,-0.136,0.079,0.0,0.001,14268.0,5671.0,1.0
mu[2353],-0.014,0.055,-0.118,0.088,0.0,0.001,13707.0,5728.0,1.0
mu[2354],-0.038,0.06,-0.152,0.071,0.0,0.001,14377.0,6021.0,1.0
mu[2355],-0.014,0.055,-0.118,0.088,0.0,0.001,13707.0,5728.0,1.0
mu[2356],-0.032,0.057,-0.136,0.079,0.0,0.001,14268.0,5671.0,1.0
mu[2357],-0.056,0.073,-0.183,0.092,0.001,0.001,14441.0,6478.0,1.0
mu[2358],0.005,0.062,-0.108,0.126,0.001,0.001,13236.0,6136.0,1.0
mu[2359],0.005,0.062,-0.108,0.126,0.001,0.001,13236.0,6136.0,1.0
mu[2360],-0.02,0.055,-0.121,0.083,0.0,0.001,13934.0,5460.0,1.0
mu[2361],-0.018,0.055,-0.122,0.082,0.0,0.001,13855.0,5625.0,1.0
mu[2362],-0.028,0.056,-0.13,0.079,0.0,0.001,14192.0,5475.0,1.0
mu[2363],-0.028,0.056,-0.13,0.079,0.0,0.001,14194.0,5475.0,1.0
mu[2364],-0.001,0.059,-0.108,0.112,0.001,0.001,13352.0,6063.0,1.0
mu[2365],-0.022,0.055,-0.123,0.082,0.0,0.001,13999.0,5477.0,1.0
mu[2366],0.017,0.071,-0.119,0.151,0.001,0.001,13302.0,6623.0,1.0
mu[2367],0.005,0.062,-0.108,0.126,0.001,0.001,13236.0,6136.0,1.0
mu[2368],-0.014,0.055,-0.118,0.088,0.0,0.001,13707.0,5728.0,1.0
mu[2369],0.01,0.066,-0.112,0.136,0.001,0.001,13152.0,6504.0,1.0
mu[2370],-0.044,0.063,-0.163,0.074,0.001,0.001,14457.0,6397.0,1.0
mu[2371],-0.05,0.068,-0.175,0.08,0.001,0.001,14444.0,6539.0,1.0
mu[2372],-0.006,0.057,-0.112,0.101,0.0,0.001,13493.0,5937.0,1.0
mu[2373],-0.007,0.056,-0.111,0.1,0.0,0.001,13527.0,5984.0,1.0
mu[2374],-0.026,0.055,-0.126,0.08,0.0,0.001,14108.0,5516.0,1.0
mu[2375],-0.032,0.057,-0.136,0.079,0.0,0.001,14268.0,5671.0,1.0
mu[2376],0.017,0.071,-0.119,0.151,0.001,0.001,13302.0,6623.0,1.0
mu[2377],0.016,0.07,-0.119,0.147,0.001,0.001,13071.0,6676.0,1.0
mu[2378],-0.091,0.107,-0.292,0.113,0.001,0.001,14282.0,6750.0,1.0
mu[2379],-0.032,0.057,-0.136,0.079,0.0,0.001,14268.0,5671.0,1.0
mu[2380],0.013,0.068,-0.119,0.137,0.001,0.001,13118.0,6562.0,1.0
mu[2381],0.001,0.06,-0.109,0.116,0.001,0.001,13304.0,6086.0,1.0
mu[2382],0.025,0.077,-0.127,0.168,0.001,0.001,13167.0,6454.0,1.0
mu[2383],-0.001,0.059,-0.108,0.112,0.001,0.001,13352.0,6063.0,1.0
mu[2384],-0.062,0.078,-0.208,0.088,0.001,0.001,14416.0,6668.0,1.0
mu[2385],-0.024,0.055,-0.124,0.081,0.0,0.001,14050.0,5534.0,1.0
mu[2386],-0.018,0.055,-0.12,0.085,0.0,0.001,13850.0,5604.0,1.0
mu[2387],0.01,0.065,-0.112,0.134,0.001,0.001,13153.0,6504.0,1.0
mu[2388],-0.043,0.063,-0.162,0.073,0.001,0.001,14449.0,6344.0,1.0
mu[2389],-0.032,0.057,-0.136,0.079,0.0,0.001,14268.0,5671.0,1.0
mu[2390],-0.026,0.055,-0.126,0.08,0.0,0.001,14108.0,5516.0,1.0
mu[2391],0.005,0.062,-0.108,0.126,0.001,0.001,13236.0,6136.0,1.0
mu[2392],0.022,0.075,-0.125,0.163,0.001,0.001,13194.0,6596.0,1.0
mu[2393],0.014,0.068,-0.119,0.139,0.001,0.001,13106.0,6558.0,1.0
mu[2394],-0.045,0.064,-0.165,0.074,0.001,0.001,14461.0,6400.0,1.0
mu[2395],0.021,0.074,-0.124,0.159,0.001,0.001,13222.0,6625.0,1.0
mu[2396],-0.007,0.057,-0.112,0.1,0.0,0.001,13506.0,5960.0,1.0
mu[2397],-0.031,0.057,-0.133,0.08,0.0,0.001,14252.0,5650.0,1.0
mu[2398],-0.001,0.059,-0.108,0.112,0.001,0.001,13352.0,6063.0,1.0
mu[2399],0.005,0.062,-0.108,0.126,0.001,0.001,13236.0,6136.0,1.0
mu[2400],-0.014,0.055,-0.118,0.088,0.0,0.001,13707.0,5728.0,1.0
mu[2401],-0.02,0.055,-0.121,0.083,0.0,0.001,13934.0,5460.0,1.0
mu[2402],-0.007,0.056,-0.111,0.1,0.0,0.001,13527.0,5984.0,1.0
mu[2403],-0.014,0.055,-0.118,0.088,0.0,0.001,13707.0,5728.0,1.0
mu[2404],-0.044,0.063,-0.163,0.074,0.001,0.001,14457.0,6397.0,1.0
mu[2405],-0.004,0.058,-0.11,0.107,0.0,0.001,13405.0,5980.0,1.0
mu[2406],-0.013,0.055,-0.116,0.09,0.0,0.001,13676.0,5826.0,1.0
mu[2407],-0.03,0.056,-0.132,0.079,0.0,0.001,14224.0,5658.0,1.0
mu[2408],0.015,0.069,-0.12,0.142,0.001,0.001,13097.0,6585.0,1.0
mu[2409],-0.005,0.057,-0.11,0.104,0.0,0.001,13466.0,5971.0,1.0
mu[2410],-0.01,0.056,-0.113,0.096,0.0,0.001,13591.0,5879.0,1.0
mu[2411],0.023,0.076,-0.126,0.164,0.001,0.001,13185.0,6653.0,1.0
mu[2412],-0.001,0.059,-0.108,0.112,0.001,0.001,13352.0,6063.0,1.0
mu[2413],-0.038,0.059,-0.146,0.073,0.0,0.001,14107.0,6420.0,1.0
mu[2414],-0.023,0.056,-0.125,0.081,0.0,0.001,15033.0,6210.0,1.0
mu[2415],-0.103,0.092,-0.28,0.062,0.001,0.001,10544.0,7172.0,1.0
mu[2416],0.009,0.057,-0.1,0.115,0.0,0.001,13980.0,6438.0,1.0
mu[2417],0.027,0.063,-0.095,0.141,0.001,0.001,12549.0,6380.0,1.0
mu[2418],-0.028,0.056,-0.13,0.078,0.0,0.001,14799.0,6457.0,1.0
mu[2419],-0.002,0.055,-0.104,0.103,0.0,0.001,14833.0,6337.0,1.0
mu[2420],-0.043,0.06,-0.16,0.065,0.001,0.001,13823.0,6315.0,1.0
mu[2421],0.029,0.063,-0.094,0.145,0.001,0.001,12398.0,6326.0,1.0
mu[2422],0.057,0.077,-0.089,0.201,0.001,0.001,10845.0,6733.0,1.0
mu[2423],-0.055,0.065,-0.176,0.066,0.001,0.001,12938.0,6680.0,1.0
mu[2424],-0.052,0.064,-0.173,0.066,0.001,0.001,13131.0,6620.0,1.0
mu[2425],-0.23,0.184,-0.601,0.09,0.002,0.002,9030.0,7457.0,1.0
mu[2426],-0.034,0.058,-0.141,0.073,0.0,0.001,14399.0,6321.0,1.0
mu[2427],-0.004,0.055,-0.105,0.101,0.0,0.001,14936.0,6215.0,1.0
mu[2428],-0.018,0.055,-0.118,0.086,0.0,0.001,15173.0,6034.0,1.0
mu[2429],-0.029,0.057,-0.133,0.076,0.0,0.001,14779.0,6457.0,1.0
mu[2430],0.043,0.07,-0.09,0.172,0.001,0.001,11496.0,6544.0,1.0
mu[2431],-0.083,0.079,-0.235,0.059,0.001,0.001,11336.0,6936.0,1.0
mu[2432],0.045,0.071,-0.091,0.175,0.001,0.001,11389.0,6560.0,1.0
mu[2433],-0.037,0.059,-0.145,0.072,0.0,0.001,14198.0,6448.0,1.0
mu[2434],-0.022,0.055,-0.125,0.08,0.0,0.001,15061.0,6168.0,1.0
mu[2435],-0.037,0.059,-0.145,0.073,0.0,0.001,14206.0,6420.0,1.0
mu[2436],-0.142,0.118,-0.365,0.079,0.001,0.001,9681.0,7383.0,1.0
mu[2437],-0.013,0.055,-0.111,0.093,0.0,0.001,15196.0,6107.0,1.0
mu[2438],-0.036,0.058,-0.145,0.071,0.0,0.001,14286.0,6393.0,1.0
mu[2439],-0.068,0.071,-0.202,0.064,0.001,0.001,12121.0,6802.0,1.0
mu[2440],-0.035,0.058,-0.144,0.072,0.0,0.001,14321.0,6315.0,1.0
mu[2441],-0.024,0.056,-0.125,0.081,0.0,0.001,14999.0,6256.0,1.0
mu[2442],-0.006,0.055,-0.106,0.1,0.0,0.001,14981.0,6290.0,1.0
mu[2443],-0.079,0.077,-0.226,0.06,0.001,0.001,11524.0,6969.0,1.0
mu[2444],0.035,0.066,-0.089,0.158,0.001,0.001,11979.0,6302.0,1.0
mu[2445],0.015,0.058,-0.096,0.124,0.001,0.001,13536.0,6535.0,1.0
mu[2446],-0.016,0.055,-0.116,0.087,0.0,0.001,15209.0,6058.0,1.0
mu[2447],-0.017,0.055,-0.118,0.086,0.0,0.001,15178.0,6049.0,1.0
mu[2448],0.029,0.063,-0.094,0.145,0.001,0.001,12390.0,6326.0,1.0
mu[2449],0.007,0.057,-0.105,0.109,0.0,0.001,14181.0,6408.0,1.0
mu[2450],0.053,0.075,-0.089,0.193,0.001,0.001,10991.0,6733.0,1.0
mu[2451],0.035,0.066,-0.089,0.159,0.001,0.001,11953.0,6354.0,1.0
mu[2452],-0.022,0.055,-0.125,0.08,0.0,0.001,15071.0,6193.0,1.0
mu[2453],-0.035,0.058,-0.142,0.073,0.0,0.001,14335.0,6296.0,1.0
mu[2454],-0.097,0.088,-0.263,0.064,0.001,0.001,10758.0,7139.0,1.0
mu[2455],0.03,0.064,-0.093,0.147,0.001,0.001,12339.0,6300.0,1.0
mu[2456],-0.052,0.064,-0.174,0.064,0.001,0.001,13171.0,6562.0,1.0
mu[2457],0.062,0.08,-0.087,0.213,0.001,0.001,10666.0,6542.0,1.0
mu[2458],-0.134,0.113,-0.358,0.066,0.001,0.001,9797.0,7311.0,1.0
mu[2459],-0.042,0.06,-0.159,0.065,0.001,0.001,13846.0,6289.0,1.0
mu[2460],-0.017,0.055,-0.117,0.087,0.0,0.001,15180.0,6075.0,1.0
mu[2461],-0.007,0.055,-0.108,0.098,0.0,0.001,15031.0,6263.0,1.0
mu[2462],0.009,0.057,-0.101,0.114,0.0,0.001,14010.0,6438.0,1.0
mu[2463],0.054,0.076,-0.09,0.195,0.001,0.001,10951.0,6733.0,1.0
mu[2464],-0.11,0.096,-0.294,0.064,0.001,0.001,10317.0,7162.0,1.0
mu[2465],-0.013,0.055,-0.111,0.093,0.0,0.001,15195.0,6131.0,1.0
mu[2466],-0.012,0.055,-0.11,0.094,0.0,0.001,15190.0,6122.0,1.0
mu[2467],-0.013,0.055,-0.111,0.093,0.0,0.001,15195.0,6131.0,1.0
mu[2468],0.051,0.074,-0.089,0.188,0.001,0.001,11093.0,6657.0,1.0
mu[2469],0.019,0.06,-0.096,0.129,0.001,0.001,13194.0,6248.0,1.0
mu[2470],-0.041,0.06,-0.157,0.066,0.001,0.001,13901.0,6289.0,1.0
mu[2471],0.014,0.058,-0.096,0.123,0.0,0.001,13592.0,6541.0,1.0
mu[2472],0.025,0.062,-0.097,0.137,0.001,0.001,12658.0,6406.0,1.0
mu[2473],-0.048,0.062,-0.168,0.064,0.001,0.001,13421.0,6371.0,1.0
mu[2474],-0.001,0.055,-0.106,0.102,0.0,0.001,14726.0,6328.0,1.0
mu[2475],-0.058,0.066,-0.182,0.065,0.001,0.001,12743.0,6769.0,1.0
mu[2476],0.055,0.076,-0.09,0.195,0.001,0.001,10936.0,6733.0,1.0
mu[2477],-0.078,0.076,-0.224,0.06,0.001,0.001,11591.0,7002.0,1.0
mu[2478],-0.032,0.057,-0.142,0.07,0.0,0.001,14551.0,6252.0,1.0
mu[2479],-0.035,0.058,-0.141,0.073,0.0,0.001,14392.0,6321.0,1.0
mu[2480],-0.002,0.055,-0.104,0.104,0.0,0.001,14796.0,6345.0,1.0
mu[2481],-0.045,0.061,-0.164,0.065,0.001,0.001,13597.0,6453.0,1.0
mu[2482],-0.002,0.055,-0.104,0.104,0.0,0.001,14796.0,6345.0,1.0
mu[2483],-0.035,0.058,-0.141,0.073,0.0,0.001,14392.0,6321.0,1.0
mu[2484],-0.078,0.077,-0.225,0.06,0.001,0.001,11546.0,7002.0,1.0
mu[2485],0.031,0.064,-0.092,0.15,0.001,0.001,12222.0,6326.0,1.0
mu[2486],0.031,0.064,-0.092,0.15,0.001,0.001,12222.0,6326.0,1.0
mu[2487],-0.013,0.055,-0.111,0.092,0.0,0.001,15194.0,6112.0,1.0
mu[2488],-0.009,0.055,-0.109,0.096,0.0,0.001,15131.0,6231.0,1.0
mu[2489],-0.028,0.056,-0.13,0.078,0.0,0.001,14810.0,6457.0,1.0
mu[2490],-0.028,0.056,-0.13,0.078,0.0,0.001,14799.0,6457.0,1.0
mu[2491],0.02,0.06,-0.099,0.128,0.001,0.001,13062.0,6340.0,1.0
mu[2492],-0.016,0.055,-0.117,0.087,0.0,0.001,15200.0,6132.0,1.0
mu[2493],0.053,0.075,-0.089,0.193,0.001,0.001,10991.0,6733.0,1.0
mu[2494],0.031,0.064,-0.092,0.15,0.001,0.001,12222.0,6326.0,1.0
mu[2495],-0.002,0.055,-0.104,0.104,0.0,0.001,14796.0,6345.0,1.0
mu[2496],0.041,0.069,-0.089,0.168,0.001,0.001,11620.0,6488.0,1.0
mu[2497],-0.056,0.066,-0.18,0.066,0.001,0.001,12831.0,6650.0,1.0
mu[2498],-0.067,0.071,-0.202,0.063,0.001,0.001,12153.0,6742.0,1.0
mu[2499],0.011,0.058,-0.099,0.117,0.0,0.001,13822.0,6549.0,1.0
mu[2500],0.009,0.057,-0.1,0.115,0.0,0.001,13980.0,6438.0,1.0
mu[2501],-0.024,0.056,-0.126,0.08,0.0,0.001,15002.0,6256.0,1.0
mu[2502],-0.035,0.058,-0.141,0.073,0.0,0.001,14392.0,6321.0,1.0
mu[2503],0.053,0.075,-0.089,0.193,0.001,0.001,10991.0,6733.0,1.0
mu[2504],0.051,0.074,-0.089,0.188,0.001,0.001,11093.0,6657.0,1.0
mu[2505],-0.141,0.118,-0.364,0.078,0.001,0.001,9690.0,7383.0,1.0
mu[2506],-0.035,0.058,-0.141,0.073,0.0,0.001,14392.0,6321.0,1.0
mu[2507],0.046,0.071,-0.09,0.178,0.001,0.001,11355.0,6629.0,1.0
mu[2508],0.025,0.062,-0.098,0.135,0.001,0.001,12702.0,6406.0,1.0
mu[2509],0.067,0.083,-0.087,0.226,0.001,0.001,10491.0,6529.0,1.0
mu[2510],0.02,0.06,-0.099,0.128,0.001,0.001,13062.0,6340.0,1.0
mu[2511],-0.089,0.083,-0.251,0.058,0.001,0.001,11043.0,7072.0,1.0
mu[2512],-0.02,0.055,-0.12,0.084,0.0,0.001,15139.0,6170.0,1.0
mu[2513],-0.009,0.055,-0.109,0.096,0.0,0.001,15123.0,6151.0,1.0
mu[2514],0.04,0.068,-0.089,0.166,0.001,0.001,11676.0,6489.0,1.0
mu[2515],-0.055,0.065,-0.177,0.066,0.001,0.001,12923.0,6650.0,1.0
mu[2516],-0.035,0.058,-0.141,0.073,0.0,0.001,14392.0,6321.0,1.0
mu[2517],-0.024,0.056,-0.126,0.08,0.0,0.001,15002.0,6256.0,1.0
mu[2518],0.031,0.064,-0.092,0.15,0.001,0.001,12222.0,6326.0,1.0
mu[2519],0.063,0.081,-0.086,0.218,0.001,0.001,10615.0,6541.0,1.0
mu[2520],0.047,0.072,-0.092,0.178,0.001,0.001,11288.0,6657.0,1.0
mu[2521],-0.058,0.066,-0.182,0.065,0.001,0.001,12750.0,6769.0,1.0
mu[2522],0.06,0.079,-0.088,0.209,0.001,0.001,10710.0,6544.0,1.0
mu[2523],0.011,0.057,-0.1,0.116,0.0,0.001,13879.0,6549.0,1.0
mu[2524],-0.033,0.058,-0.144,0.069,0.0,0.001,14470.0,6294.0,1.0
mu[2525],0.02,0.06,-0.099,0.128,0.001,0.001,13062.0,6340.0,1.0
mu[2526],0.031,0.064,-0.092,0.15,0.001,0.001,12222.0,6326.0,1.0
mu[2527],-0.002,0.055,-0.104,0.104,0.0,0.001,14796.0,6345.0,1.0
mu[2528],-0.013,0.055,-0.111,0.092,0.0,0.001,15194.0,6112.0,1.0
mu[2529],0.009,0.057,-0.1,0.115,0.0,0.001,13980.0,6438.0,1.0
mu[2530],-0.002,0.055,-0.104,0.104,0.0,0.001,14796.0,6345.0,1.0
mu[2531],-0.056,0.066,-0.18,0.066,0.001,0.001,12831.0,6650.0,1.0
mu[2532],0.016,0.059,-0.095,0.127,0.001,0.001,13406.0,6369.0,1.0
mu[2533],0.0,0.055,-0.1,0.108,0.0,0.001,14679.0,6327.0,1.0
mu[2534],-0.031,0.057,-0.138,0.072,0.0,0.001,14631.0,6386.0,1.0
mu[2535],0.049,0.073,-0.09,0.184,0.001,0.001,11195.0,6657.0,1.0
mu[2536],0.013,0.058,-0.096,0.122,0.0,0.001,13663.0,6590.0,1.0
mu[2537],0.005,0.056,-0.097,0.115,0.0,0.001,14314.0,6463.0,1.0
mu[2538],0.064,0.081,-0.088,0.218,0.001,0.001,10573.0,6541.0,1.0
mu[2539],0.02,0.06,-0.099,0.128,0.001,0.001,13062.0,6340.0,1.0
mu[2540],-0.017,0.058,-0.129,0.087,0.0,0.001,15427.0,6161.0,1.0
mu[2541],-0.024,0.056,-0.134,0.074,0.0,0.001,16124.0,5742.0,1.0
mu[2542],0.013,0.08,-0.139,0.164,0.001,0.001,13659.0,6990.0,1.0
mu[2543],-0.039,0.057,-0.149,0.063,0.0,0.001,16744.0,5695.0,1.0
mu[2544],-0.047,0.061,-0.162,0.062,0.0,0.001,16753.0,6176.0,1.0
mu[2545],-0.022,0.056,-0.129,0.082,0.0,0.001,15887.0,5765.0,1.0
mu[2546],-0.034,0.056,-0.139,0.068,0.0,0.001,16622.0,5593.0,1.0
mu[2547],-0.015,0.058,-0.123,0.096,0.0,0.001,15247.0,6213.0,1.0
mu[2548],-0.048,0.061,-0.164,0.062,0.0,0.001,16731.0,6209.0,1.0
mu[2549],-0.061,0.071,-0.191,0.071,0.001,0.001,16407.0,6171.0,1.0
mu[2550],-0.009,0.061,-0.123,0.107,0.001,0.001,14780.0,6434.0,1.0
mu[2551],-0.011,0.061,-0.125,0.102,0.0,0.001,14880.0,6289.0,1.0
mu[2552],0.072,0.149,-0.2,0.37,0.001,0.002,13356.0,7022.0,1.0
mu[2553],-0.019,0.057,-0.128,0.085,0.0,0.001,15601.0,5876.0,1.0
mu[2554],-0.033,0.055,-0.139,0.068,0.0,0.001,16569.0,5616.0,1.0
mu[2555],-0.027,0.055,-0.133,0.074,0.0,0.001,16255.0,5762.0,1.0
mu[2556],-0.022,0.056,-0.128,0.082,0.0,0.001,15873.0,5765.0,1.0
mu[2557],-0.055,0.066,-0.172,0.07,0.001,0.001,16620.0,6135.0,1.0
mu[2558],0.003,0.071,-0.129,0.137,0.001,0.001,13997.0,6841.0,1.0
mu[2559],-0.056,0.066,-0.173,0.071,0.001,0.001,16568.0,6262.0,1.0
mu[2560],-0.018,0.057,-0.128,0.088,0.0,0.001,15477.0,5970.0,1.0
mu[2561],-0.025,0.055,-0.134,0.074,0.0,0.001,16155.0,5719.0,1.0
mu[2562],-0.018,0.057,-0.128,0.087,0.0,0.001,15479.0,6029.0,1.0
mu[2563],0.031,0.099,-0.166,0.213,0.001,0.001,13398.0,6644.0,1.0
mu[2564],-0.029,0.055,-0.135,0.071,0.0,0.001,16373.0,5808.0,1.0
mu[2565],-0.018,0.057,-0.129,0.086,0.0,0.001,15531.0,5994.0,1.0
mu[2566],-0.003,0.065,-0.128,0.116,0.001,0.001,14363.0,6687.0,1.0
mu[2567],-0.019,0.057,-0.128,0.086,0.0,0.001,15560.0,5982.0,1.0
mu[2568],-0.024,0.056,-0.131,0.078,0.0,0.001,16097.0,5809.0,1.0
mu[2569],-0.032,0.055,-0.138,0.068,0.0,0.001,16528.0,5615.0,1.0
mu[2570],0.002,0.069,-0.13,0.13,0.001,0.001,14084.0,6810.0,1.0
mu[2571],-0.051,0.063,-0.166,0.066,0.0,0.001,16725.0,6160.0,1.0
mu[2572],-0.042,0.058,-0.15,0.065,0.0,0.001,16799.0,5915.0,1.0
mu[2573],-0.028,0.055,-0.134,0.073,0.0,0.001,16308.0,5807.0,1.0
mu[2574],-0.027,0.055,-0.135,0.073,0.0,0.001,16273.0,5807.0,1.0
mu[2575],-0.048,0.061,-0.164,0.062,0.0,0.001,16731.0,6209.0,1.0
mu[2576],-0.038,0.057,-0.144,0.066,0.0,0.001,16720.0,5673.0,1.0
mu[2577],-0.06,0.069,-0.19,0.067,0.001,0.001,16451.0,6211.0,1.0
mu[2578],-0.051,0.063,-0.166,0.066,0.0,0.001,16716.0,6160.0,1.0
mu[2579],-0.025,0.055,-0.134,0.074,0.0,0.001,16153.0,5720.0,1.0
mu[2580],-0.019,0.057,-0.128,0.086,0.0,0.001,15569.0,5992.0,1.0
mu[2581],0.01,0.077,-0.139,0.152,0.001,0.001,13752.0,6840.0,1.0
mu[2582],-0.049,0.061,-0.162,0.064,0.0,0.001,16720.0,6109.0,1.0
mu[2583],-0.011,0.06,-0.126,0.101,0.0,0.001,14900.0,6289.0,1.0
mu[2584],-0.063,0.073,-0.197,0.073,0.001,0.001,16337.0,6135.0,1.0
mu[2585],0.027,0.095,-0.165,0.2,0.001,0.001,13421.0,6744.0,1.0
mu[2586],-0.015,0.058,-0.128,0.091,0.0,0.001,15260.0,6162.0,1.0
mu[2587],-0.027,0.055,-0.134,0.074,0.0,0.001,16279.0,5763.0,1.0
mu[2588],-0.032,0.055,-0.137,0.069,0.0,0.001,16528.0,5601.0,1.0
mu[2589],-0.039,0.057,-0.148,0.064,0.0,0.001,16743.0,5673.0,1.0
mu[2590],-0.06,0.07,-0.191,0.067,0.001,0.001,16449.0,6186.0,1.0
mu[2591],0.016,0.083,-0.137,0.178,0.001,0.001,13598.0,6940.0,1.0
mu[2592],-0.029,0.055,-0.135,0.072,0.0,0.001,16378.0,5808.0,1.0
mu[2593],-0.029,0.055,-0.134,0.072,0.0,0.001,16415.0,5786.0,1.0
mu[2594],-0.029,0.055,-0.135,0.072,0.0,0.001,16378.0,5808.0,1.0
mu[2595],-0.059,0.069,-0.186,0.067,0.001,0.001,16484.0,6212.0,1.0
mu[2596],-0.044,0.059,-0.158,0.06,0.0,0.001,16802.0,5918.0,1.0
mu[2597],-0.016,0.058,-0.129,0.089,0.0,0.001,15304.0,6224.0,1.0
mu[2598],-0.041,0.058,-0.149,0.065,0.0,0.001,16786.0,5915.0,1.0
mu[2599],-0.047,0.06,-0.161,0.062,0.0,0.001,16769.0,6077.0,1.0
mu[2600],-0.013,0.06,-0.125,0.098,0.0,0.001,15029.0,6263.0,1.0
mu[2601],-0.035,0.056,-0.138,0.07,0.0,0.001,16641.0,5552.0,1.0
mu[2602],-0.008,0.062,-0.126,0.107,0.001,0.001,14680.0,6477.0,1.0
mu[2603],-0.06,0.07,-0.189,0.07,0.001,0.001,16450.0,6202.0,1.0
mu[2604],0.001,0.069,-0.127,0.132,0.001,0.001,14114.0,6749.0,1.0
mu[2605],-0.02,0.057,-0.126,0.087,0.0,0.001,15691.0,5741.0,1.0
mu[2606],-0.019,0.057,-0.128,0.086,0.0,0.001,15595.0,5853.0,1.0
mu[2607],-0.034,0.056,-0.139,0.068,0.0,0.001,16631.0,5552.0,1.0
mu[2608],-0.014,0.059,-0.124,0.098,0.0,0.001,15133.0,6210.0,1.0
mu[2609],-0.034,0.056,-0.139,0.068,0.0,0.001,16631.0,5552.0,1.0
mu[2610],-0.019,0.057,-0.128,0.086,0.0,0.001,15595.0,5853.0,1.0
mu[2611],0.001,0.069,-0.13,0.13,0.001,0.001,14093.0,6810.0,1.0
mu[2612],-0.049,0.062,-0.164,0.064,0.0,0.001,16724.0,6084.0,1.0
mu[2613],-0.049,0.062,-0.164,0.064,0.0,0.001,16724.0,6084.0,1.0
mu[2614],-0.029,0.055,-0.134,0.072,0.0,0.001,16396.0,5786.0,1.0
mu[2615],-0.031,0.055,-0.136,0.071,0.0,0.001,16488.0,5658.0,1.0
mu[2616],-0.022,0.056,-0.128,0.083,0.0,0.001,15900.0,5765.0,1.0
mu[2617],-0.022,0.056,-0.129,0.082,0.0,0.001,15887.0,5765.0,1.0
mu[2618],-0.044,0.059,-0.157,0.062,0.0,0.001,16792.0,5964.0,1.0
mu[2619],-0.027,0.055,-0.134,0.073,0.0,0.001,16293.0,5807.0,1.0
mu[2620],-0.06,0.069,-0.19,0.067,0.001,0.001,16451.0,6211.0,1.0
mu[2621],-0.049,0.062,-0.164,0.064,0.0,0.001,16724.0,6084.0,1.0
mu[2622],-0.034,0.056,-0.139,0.068,0.0,0.001,16631.0,5552.0,1.0
mu[2623],-0.054,0.065,-0.171,0.067,0.001,0.001,16665.0,6135.0,1.0
mu[2624],-0.009,0.062,-0.123,0.109,0.001,0.001,14724.0,6463.0,1.0
mu[2625],-0.004,0.065,-0.129,0.115,0.001,0.001,14374.0,6686.0,1.0
mu[2626],-0.04,0.057,-0.15,0.063,0.0,0.001,16773.0,5848.0,1.0
mu[2627],-0.039,0.057,-0.149,0.063,0.0,0.001,16744.0,5695.0,1.0
mu[2628],-0.024,0.056,-0.131,0.078,0.0,0.001,16113.0,5786.0,1.0
mu[2629],-0.019,0.057,-0.128,0.086,0.0,0.001,15595.0,5853.0,1.0
mu[2630],-0.06,0.069,-0.19,0.067,0.001,0.001,16451.0,6211.0,1.0
mu[2631],-0.059,0.069,-0.186,0.067,0.001,0.001,16484.0,6212.0,1.0
mu[2632],0.031,0.099,-0.166,0.212,0.001,0.001,13398.0,6686.0,1.0
mu[2633],-0.019,0.057,-0.128,0.086,0.0,0.001,15595.0,5853.0,1.0
mu[2634],-0.056,0.067,-0.174,0.072,0.001,0.001,16546.0,6341.0,1.0
mu[2635],-0.046,0.06,-0.161,0.061,0.0,0.001,16777.0,6077.0,1.0
mu[2636],-0.066,0.075,-0.203,0.077,0.001,0.001,16238.0,6343.0,1.0
mu[2637],-0.044,0.059,-0.157,0.062,0.0,0.001,16792.0,5964.0,1.0
mu[2638],0.007,0.074,-0.135,0.141,0.001,0.001,13860.0,6933.0,1.0
mu[2639],-0.026,0.055,-0.133,0.075,0.0,0.001,16214.0,5741.0,1.0
mu[2640],-0.031,0.055,-0.135,0.071,0.0,0.001,16496.0,5683.0,1.0
mu[2641],-0.053,0.065,-0.171,0.067,0.001,0.001,16679.0,6185.0,1.0
mu[2642],-0.009,0.061,-0.123,0.108,0.001,0.001,14772.0,6434.0,1.0
mu[2643],-0.019,0.057,-0.128,0.086,0.0,0.001,15595.0,5853.0,1.0
mu[2644],-0.024,0.056,-0.131,0.078,0.0,0.001,16113.0,5786.0,1.0
mu[2645],-0.049,0.062,-0.164,0.064,0.0,0.001,16724.0,6084.0,1.0
mu[2646],-0.064,0.073,-0.195,0.077,0.001,0.001,16293.0,6186.0,1.0
mu[2647],-0.057,0.067,-0.181,0.067,0.001,0.001,16531.0,6211.0,1.0
mu[2648],-0.008,0.062,-0.126,0.107,0.001,0.001,14683.0,6477.0,1.0
mu[2649],-0.063,0.072,-0.195,0.072,0.001,0.001,16350.0,6169.0,1.0
mu[2650],-0.04,0.057,-0.15,0.062,0.0,0.001,16763.0,5870.0,1.0
mu[2651],-0.019,0.057,-0.128,0.085,0.0,0.001,15649.0,5808.0,1.0
mu[2652],-0.044,0.059,-0.157,0.062,0.0,0.001,16792.0,5964.0,1.0
mu[2653],-0.049,0.062,-0.164,0.064,0.0,0.001,16724.0,6084.0,1.0
mu[2654],-0.034,0.056,-0.139,0.068,0.0,0.001,16631.0,5552.0,1.0
mu[2655],-0.029,0.055,-0.134,0.072,0.0,0.001,16396.0,5786.0,1.0
mu[2656],-0.039,0.057,-0.149,0.063,0.0,0.001,16744.0,5695.0,1.0
mu[2657],-0.034,0.056,-0.139,0.068,0.0,0.001,16631.0,5552.0,1.0
mu[2658],-0.009,0.062,-0.123,0.109,0.001,0.001,14724.0,6463.0,1.0
mu[2659],-0.042,0.058,-0.156,0.06,0.0,0.001,16799.0,5891.0,1.0
mu[2660],-0.035,0.056,-0.138,0.069,0.0,0.001,16655.0,5572.0,1.0
mu[2661],-0.021,0.056,-0.126,0.085,0.0,0.001,15761.0,5742.0,1.0
mu[2662],-0.058,0.068,-0.183,0.067,0.001,0.001,16493.0,6236.0,1.0
mu[2663],-0.041,0.058,-0.151,0.063,0.0,0.001,16778.0,5870.0,1.0
mu[2664],-0.037,0.056,-0.143,0.066,0.0,0.001,16699.0,5652.0,1.0
mu[2665],-0.065,0.074,-0.197,0.077,0.001,0.001,16277.0,6290.0,1.0
mu[2666],-0.044,0.059,-0.157,0.062,0.0,0.001,16792.0,5964.0,1.0
mu[2667],-0.005,0.057,-0.113,0.102,0.0,0.001,15181.0,5790.0,1.0
mu[2668],-0.013,0.055,-0.117,0.091,0.0,0.001,15931.0,5619.0,1.0
mu[2669],0.03,0.081,-0.12,0.183,0.001,0.001,13904.0,6298.0,1.0
mu[2670],-0.031,0.056,-0.136,0.075,0.0,0.001,15891.0,5595.0,1.0
mu[2671],-0.04,0.06,-0.149,0.077,0.0,0.001,15494.0,5780.0,1.0
mu[2672],-0.01,0.056,-0.116,0.094,0.0,0.001,15836.0,5912.0,1.0
mu[2673],-0.024,0.055,-0.128,0.079,0.0,0.001,16067.0,5741.0,1.0
mu[2674],-0.003,0.058,-0.115,0.103,0.0,0.001,15073.0,5730.0,1.0
mu[2675],-0.041,0.06,-0.154,0.074,0.0,0.001,15427.0,5834.0,1.0
mu[2676],-0.056,0.07,-0.184,0.081,0.001,0.001,14701.0,6138.0,1.0
mu[2677],0.004,0.061,-0.113,0.118,0.001,0.001,14808.0,5829.0,1.0
mu[2678],0.002,0.061,-0.114,0.113,0.0,0.001,14879.0,6087.0,1.0
mu[2679],0.097,0.152,-0.195,0.382,0.001,0.002,13396.0,6375.0,1.0
mu[2680],-0.007,0.056,-0.113,0.099,0.0,0.001,15265.0,5735.0,1.0
mu[2681],-0.023,0.055,-0.124,0.082,0.0,0.001,16077.0,5652.0,1.0
mu[2682],-0.016,0.055,-0.12,0.086,0.0,0.001,15993.0,5704.0,1.0
mu[2683],-0.01,0.056,-0.114,0.095,0.0,0.001,15834.0,5935.0,1.0
mu[2684],-0.049,0.065,-0.17,0.075,0.001,0.001,15049.0,5854.0,1.0
mu[2685],0.019,0.071,-0.119,0.149,0.001,0.001,14215.0,5957.0,1.0
mu[2686],-0.05,0.066,-0.175,0.074,0.001,0.001,14993.0,5947.0,1.0
mu[2687],-0.006,0.057,-0.113,0.101,0.0,0.001,15206.0,5786.0,1.0
mu[2688],-0.014,0.055,-0.115,0.092,0.0,0.001,15949.0,5638.0,1.0
mu[2689],-0.006,0.057,-0.111,0.103,0.0,0.001,15206.0,5757.0,1.0
mu[2690],0.05,0.101,-0.131,0.248,0.001,0.001,13624.0,6221.0,1.0
mu[2691],-0.019,0.054,-0.121,0.085,0.0,0.001,16042.0,6003.0,1.0
mu[2692],-0.006,0.057,-0.112,0.101,0.0,0.001,15228.0,5800.0,1.0
mu[2693],0.011,0.066,-0.11,0.136,0.001,0.001,14545.0,5830.0,1.0
mu[2694],-0.007,0.057,-0.111,0.101,0.0,0.001,15236.0,5800.0,1.0
mu[2695],-0.013,0.055,-0.116,0.091,0.0,0.001,15925.0,5646.0,1.0
mu[2696],-0.023,0.055,-0.124,0.082,0.0,0.001,16067.0,5731.0,1.0
mu[2697],0.017,0.07,-0.119,0.143,0.001,0.001,14294.0,5953.0,1.0
mu[2698],-0.044,0.062,-0.159,0.076,0.001,0.001,15269.0,5787.0,1.0
mu[2699],-0.033,0.057,-0.14,0.075,0.0,0.001,15795.0,5605.0,1.0
mu[2700],-0.017,0.055,-0.121,0.086,0.0,0.001,16012.0,5908.0,1.0
mu[2701],-0.016,0.055,-0.12,0.086,0.0,0.001,16002.0,5810.0,1.0
mu[2702],-0.041,0.061,-0.154,0.074,0.0,0.001,15424.0,5834.0,1.0
mu[2703],-0.029,0.056,-0.134,0.075,0.0,0.001,15936.0,5637.0,1.0
mu[2704],-0.054,0.069,-0.18,0.081,0.001,0.001,14786.0,6066.0,1.0
mu[2705],-0.044,0.062,-0.16,0.076,0.001,0.001,15258.0,5767.0,1.0
mu[2706],-0.014,0.055,-0.115,0.092,0.0,0.001,15950.0,5638.0,1.0
mu[2707],-0.007,0.057,-0.112,0.1,0.0,0.001,15242.0,5801.0,1.0
mu[2708],0.026,0.078,-0.121,0.17,0.001,0.001,13995.0,6225.0,1.0
mu[2709],-0.041,0.061,-0.155,0.075,0.0,0.001,15405.0,5830.0,1.0
mu[2710],0.002,0.06,-0.114,0.113,0.0,0.001,14885.0,6038.0,1.0
mu[2711],-0.058,0.072,-0.192,0.081,0.001,0.001,14590.0,6215.0,1.0
mu[2712],0.046,0.097,-0.131,0.232,0.001,0.001,13669.0,6193.0,1.0
mu[2713],-0.003,0.058,-0.115,0.103,0.0,0.001,15082.0,5687.0,1.0
mu[2714],-0.016,0.055,-0.121,0.086,0.0,0.001,16005.0,5822.0,1.0
mu[2715],-0.022,0.055,-0.123,0.083,0.0,0.001,16068.0,5768.0,1.0
mu[2716],-0.03,0.056,-0.136,0.075,0.0,0.001,15894.0,5633.0,1.0
mu[2717],-0.055,0.069,-0.181,0.081,0.001,0.001,14765.0,6066.0,1.0
mu[2718],0.033,0.084,-0.124,0.191,0.001,0.001,13841.0,6353.0,1.0
mu[2719],-0.019,0.054,-0.121,0.085,0.0,0.001,16043.0,6003.0,1.0
mu[2720],-0.019,0.054,-0.117,0.088,0.0,0.001,16055.0,5957.0,1.0
mu[2721],-0.019,0.054,-0.121,0.085,0.0,0.001,16043.0,6003.0,1.0
mu[2722],-0.053,0.068,-0.178,0.079,0.001,0.001,14848.0,6139.0,1.0
mu[2723],-0.036,0.058,-0.143,0.075,0.0,0.001,15710.0,5734.0,1.0
mu[2724],-0.003,0.058,-0.115,0.102,0.0,0.001,15100.0,5774.0,1.0
mu[2725],-0.033,0.057,-0.139,0.075,0.0,0.001,15801.0,5666.0,1.0
mu[2726],-0.039,0.06,-0.148,0.077,0.0,0.001,15537.0,5735.0,1.0
mu[2727],0.0,0.059,-0.113,0.109,0.0,0.001,14965.0,5932.0,1.0
mu[2728],-0.025,0.055,-0.129,0.078,0.0,0.001,16063.0,5675.0,1.0
mu[2729],0.005,0.062,-0.111,0.122,0.001,0.001,14745.0,5931.0,1.0
mu[2730],-0.055,0.069,-0.182,0.081,0.001,0.001,14759.0,6066.0,1.0
mu[2731],0.016,0.069,-0.119,0.142,0.001,0.001,14324.0,5907.0,1.0
mu[2732],-0.008,0.056,-0.112,0.099,0.0,0.001,15315.0,5890.0,1.0
mu[2733],-0.007,0.056,-0.112,0.1,0.0,0.001,15263.0,5734.0,1.0
mu[2734],-0.025,0.055,-0.127,0.079,0.0,0.001,16069.0,5748.0,1.0
mu[2735],-0.001,0.059,-0.115,0.106,0.0,0.001,15018.0,5818.0,1.0
mu[2736],-0.025,0.055,-0.127,0.079,0.0,0.001,16069.0,5748.0,1.0
mu[2737],-0.007,0.056,-0.112,0.1,0.0,0.001,15263.0,5734.0,1.0
mu[2738],0.016,0.07,-0.119,0.143,0.001,0.001,14304.0,5883.0,1.0
mu[2739],-0.042,0.061,-0.156,0.075,0.0,0.001,15357.0,5784.0,1.0
mu[2740],-0.042,0.061,-0.156,0.075,0.0,0.001,15357.0,5784.0,1.0
mu[2741],-0.019,0.054,-0.117,0.089,0.0,0.001,16048.0,6003.0,1.0
mu[2742],-0.021,0.054,-0.122,0.083,0.0,0.001,16078.0,5792.0,1.0
mu[2743],-0.011,0.056,-0.116,0.094,0.0,0.001,15846.0,5889.0,1.0
mu[2744],-0.01,0.056,-0.116,0.094,0.0,0.001,15836.0,5912.0,1.0
mu[2745],-0.036,0.058,-0.147,0.073,0.0,0.001,15663.0,5649.0,1.0
mu[2746],-0.017,0.055,-0.12,0.087,0.0,0.001,16008.0,5777.0,1.0
mu[2747],-0.054,0.069,-0.18,0.081,0.001,0.001,14786.0,6066.0,1.0
mu[2748],-0.042,0.061,-0.156,0.075,0.0,0.001,15357.0,5784.0,1.0
mu[2749],-0.025,0.055,-0.127,0.079,0.0,0.001,16069.0,5748.0,1.0
mu[2750],-0.047,0.064,-0.167,0.075,0.001,0.001,15108.0,5776.0,1.0
mu[2751],0.005,0.062,-0.111,0.121,0.001,0.001,14771.0,5920.0,1.0
mu[2752],0.01,0.065,-0.11,0.135,0.001,0.001,14555.0,5786.0,1.0
mu[2753],-0.032,0.056,-0.134,0.078,0.0,0.001,15850.0,5653.0,1.0
mu[2754],-0.031,0.056,-0.136,0.075,0.0,0.001,15891.0,5595.0,1.0
mu[2755],-0.013,0.055,-0.117,0.091,0.0,0.001,15924.0,5650.0,1.0
mu[2756],-0.007,0.056,-0.112,0.1,0.0,0.001,15263.0,5734.0,1.0
mu[2757],-0.054,0.069,-0.18,0.081,0.001,0.001,14786.0,6066.0,1.0
mu[2758],-0.053,0.068,-0.178,0.079,0.001,0.001,14848.0,6139.0,1.0
mu[2759],0.05,0.1,-0.131,0.246,0.001,0.001,13627.0,6221.0,1.0
mu[2760],-0.007,0.056,-0.112,0.1,0.0,0.001,15263.0,5734.0,1.0
mu[2761],-0.05,0.066,-0.175,0.075,0.001,0.001,14981.0,6042.0,1.0
mu[2762],-0.039,0.059,-0.147,0.077,0.0,0.001,15545.0,5691.0,1.0
mu[2763],-0.061,0.075,-0.197,0.085,0.001,0.001,14491.0,6255.0,1.0
mu[2764],-0.036,0.058,-0.147,0.073,0.0,0.001,15663.0,5649.0,1.0
mu[2765],0.022,0.074,-0.119,0.159,0.001,0.001,14101.0,6100.0,1.0
mu[2766],-0.015,0.055,-0.12,0.087,0.0,0.001,15977.0,5859.0,1.0
mu[2767],-0.021,0.055,-0.123,0.083,0.0,0.001,16080.0,5791.0,1.0
mu[2768],-0.047,0.064,-0.165,0.077,0.001,0.001,15140.0,5840.0,1.0
mu[2769],0.004,0.061,-0.113,0.118,0.001,0.001,14800.0,5830.0,1.0
mu[2770],-0.007,0.056,-0.112,0.1,0.0,0.001,15263.0,5734.0,1.0
mu[2771],-0.013,0.055,-0.117,0.091,0.0,0.001,15924.0,5650.0,1.0
mu[2772],-0.042,0.061,-0.156,0.075,0.0,0.001,15357.0,5784.0,1.0
mu[2773],-0.059,0.073,-0.192,0.084,0.001,0.001,14563.0,6200.0,1.0
mu[2774],-0.051,0.066,-0.174,0.078,0.001,0.001,14958.0,6016.0,1.0
mu[2775],0.005,0.062,-0.111,0.122,0.001,0.001,14747.0,5908.0,1.0
mu[2776],-0.058,0.072,-0.19,0.081,0.001,0.001,14614.0,6266.0,1.0
mu[2777],-0.031,0.056,-0.136,0.076,0.0,0.001,15862.0,5591.0,1.0
mu[2778],-0.008,0.056,-0.112,0.099,0.0,0.001,15292.0,5845.0,1.0
mu[2779],-0.036,0.058,-0.147,0.073,0.0,0.001,15663.0,5649.0,1.0
mu[2780],-0.042,0.061,-0.156,0.075,0.0,0.001,15357.0,5784.0,1.0
mu[2781],-0.025,0.055,-0.127,0.079,0.0,0.001,16069.0,5748.0,1.0
mu[2782],-0.019,0.054,-0.117,0.089,0.0,0.001,16048.0,6003.0,1.0
mu[2783],-0.031,0.056,-0.136,0.075,0.0,0.001,15891.0,5595.0,1.0
mu[2784],-0.025,0.055,-0.127,0.079,0.0,0.001,16069.0,5748.0,1.0
mu[2785],0.005,0.062,-0.111,0.121,0.001,0.001,14771.0,5920.0,1.0
mu[2786],-0.034,0.057,-0.14,0.075,0.0,0.001,15749.0,5565.0,1.0
mu[2787],-0.026,0.055,-0.129,0.077,0.0,0.001,16058.0,5675.0,1.0
mu[2788],-0.009,0.056,-0.114,0.097,0.0,0.001,15338.0,5891.0,1.0
mu[2789],-0.052,0.067,-0.177,0.076,0.001,0.001,14900.0,6113.0,1.0
mu[2790],-0.033,0.057,-0.136,0.078,0.0,0.001,15812.0,5645.0,1.0
mu[2791],-0.028,0.056,-0.132,0.076,0.0,0.001,15959.0,5643.0,1.0
mu[2792],-0.06,0.073,-0.193,0.085,0.001,0.001,14543.0,6177.0,1.0
mu[2793],-0.036,0.058,-0.147,0.073,0.0,0.001,15663.0,5649.0,1.0
mu[2794],-0.005,0.056,-0.107,0.099,0.0,0.001,14834.0,5590.0,1.0
mu[2795],-0.013,0.054,-0.11,0.088,0.0,0.001,15227.0,5603.0,1.0
mu[2796],0.03,0.079,-0.109,0.184,0.001,0.001,13279.0,6633.0,1.0
mu[2797],-0.031,0.055,-0.132,0.072,0.0,0.001,14981.0,5809.0,1.0
mu[2798],-0.04,0.059,-0.153,0.068,0.0,0.001,14565.0,5641.0,1.0
mu[2799],-0.01,0.054,-0.109,0.091,0.0,0.001,15098.0,5790.0,1.0
mu[2800],-0.025,0.054,-0.127,0.073,0.0,0.001,15267.0,6121.0,1.0
mu[2801],-0.003,0.057,-0.102,0.108,0.0,0.001,14711.0,5655.0,1.0
mu[2802],-0.041,0.059,-0.152,0.071,0.0,0.001,14511.0,5641.0,1.0
mu[2803],-0.056,0.069,-0.184,0.076,0.001,0.001,13856.0,5857.0,1.0
mu[2804],0.004,0.06,-0.104,0.117,0.0,0.001,14364.0,5843.0,1.0
mu[2805],0.003,0.059,-0.108,0.11,0.0,0.001,14452.0,5948.0,1.0
mu[2806],0.099,0.149,-0.181,0.381,0.001,0.002,12589.0,7138.0,1.0
mu[2807],-0.007,0.055,-0.104,0.1,0.0,0.001,14946.0,5652.0,1.0
mu[2808],-0.023,0.053,-0.121,0.079,0.0,0.001,15303.0,5790.0,1.0
mu[2809],-0.016,0.053,-0.112,0.086,0.0,0.001,15300.0,5756.0,1.0
mu[2810],-0.01,0.054,-0.109,0.091,0.0,0.001,15091.0,5761.0,1.0
mu[2811],-0.049,0.064,-0.168,0.072,0.001,0.001,14124.0,5809.0,1.0
mu[2812],0.019,0.07,-0.105,0.152,0.001,0.001,13638.0,6171.0,1.0
mu[2813],-0.05,0.065,-0.17,0.073,0.001,0.001,14087.0,5897.0,1.0
mu[2814],-0.005,0.055,-0.107,0.098,0.0,0.001,14867.0,5618.0,1.0
mu[2815],-0.014,0.053,-0.113,0.085,0.0,0.001,15246.0,5634.0,1.0
mu[2816],-0.006,0.055,-0.107,0.098,0.0,0.001,14870.0,5618.0,1.0
mu[2817],0.051,0.099,-0.132,0.237,0.001,0.001,12886.0,6869.0,1.0
mu[2818],-0.019,0.053,-0.115,0.083,0.0,0.001,15367.0,5920.0,1.0
mu[2819],-0.006,0.055,-0.102,0.103,0.0,0.001,14899.0,5588.0,1.0
mu[2820],0.011,0.064,-0.107,0.13,0.001,0.001,13992.0,5848.0,1.0
mu[2821],-0.006,0.055,-0.11,0.095,0.0,0.001,14916.0,5572.0,1.0
mu[2822],-0.013,0.054,-0.11,0.089,0.0,0.001,15214.0,5626.0,1.0
mu[2823],-0.023,0.053,-0.12,0.079,0.0,0.001,15363.0,5789.0,1.0
mu[2824],0.017,0.068,-0.101,0.151,0.001,0.001,13730.0,6121.0,1.0
mu[2825],-0.045,0.061,-0.16,0.069,0.001,0.001,14349.0,5793.0,1.0
mu[2826],-0.034,0.056,-0.134,0.075,0.0,0.001,14851.0,5750.0,1.0
mu[2827],-0.017,0.053,-0.113,0.084,0.0,0.001,15343.0,5777.0,1.0
mu[2828],-0.016,0.053,-0.113,0.084,0.0,0.001,15311.0,5738.0,1.0
mu[2829],-0.041,0.059,-0.152,0.071,0.0,0.001,14501.0,5663.0,1.0
mu[2830],-0.029,0.055,-0.13,0.073,0.0,0.001,15036.0,5852.0,1.0
mu[2831],-0.055,0.068,-0.18,0.075,0.001,0.001,13940.0,5891.0,1.0
mu[2832],-0.045,0.061,-0.159,0.071,0.001,0.001,14339.0,5722.0,1.0
mu[2833],-0.014,0.053,-0.111,0.087,0.0,0.001,15247.0,5720.0,1.0
mu[2834],-0.007,0.055,-0.11,0.095,0.0,0.001,14919.0,5572.0,1.0
mu[2835],0.027,0.076,-0.108,0.173,0.001,0.001,13391.0,6410.0,1.0
mu[2836],-0.042,0.06,-0.152,0.071,0.0,0.001,14478.0,5662.0,1.0
mu[2837],0.002,0.059,-0.109,0.11,0.0,0.001,14470.0,5901.0,1.0
mu[2838],-0.059,0.071,-0.192,0.075,0.001,0.001,13785.0,6021.0,1.0
mu[2839],0.047,0.095,-0.125,0.228,0.001,0.001,12925.0,6809.0,1.0
mu[2840],-0.003,0.056,-0.102,0.108,0.0,0.001,14717.0,5655.0,1.0
mu[2841],-0.016,0.053,-0.113,0.084,0.0,0.001,15315.0,5738.0,1.0
mu[2842],-0.022,0.053,-0.125,0.074,0.0,0.001,15356.0,5835.0,1.0
mu[2843],-0.031,0.055,-0.132,0.073,0.0,0.001,14986.0,5810.0,1.0
mu[2844],-0.055,0.068,-0.181,0.075,0.001,0.001,13917.0,5891.0,1.0
mu[2845],0.034,0.082,-0.111,0.192,0.001,0.001,13191.0,6633.0,1.0
mu[2846],-0.019,0.053,-0.115,0.083,0.0,0.001,15369.0,5944.0,1.0
mu[2847],-0.019,0.053,-0.116,0.082,0.0,0.001,15371.0,5742.0,1.0
mu[2848],-0.019,0.053,-0.115,0.083,0.0,0.001,15369.0,5944.0,1.0
mu[2849],-0.053,0.067,-0.179,0.074,0.001,0.001,13981.0,5891.0,1.0
mu[2850],-0.036,0.057,-0.141,0.071,0.0,0.001,14768.0,5620.0,1.0
mu[2851],-0.003,0.056,-0.101,0.107,0.0,0.001,14746.0,5640.0,1.0
mu[2852],-0.033,0.056,-0.134,0.074,0.0,0.001,14870.0,5706.0,1.0
mu[2853],-0.039,0.058,-0.151,0.069,0.0,0.001,14589.0,5579.0,1.0
mu[2854],0.0,0.058,-0.105,0.11,0.0,0.001,14566.0,5612.0,1.0
mu[2855],-0.025,0.054,-0.127,0.073,0.0,0.001,15239.0,6061.0,1.0
mu[2856],0.006,0.061,-0.108,0.117,0.001,0.001,14268.0,5886.0,1.0
mu[2857],-0.055,0.068,-0.181,0.075,0.001,0.001,13908.0,5836.0,1.0
mu[2858],0.016,0.068,-0.101,0.149,0.001,0.001,13765.0,6145.0,1.0
mu[2859],-0.008,0.055,-0.11,0.092,0.0,0.001,14999.0,5585.0,1.0
mu[2860],-0.007,0.055,-0.104,0.1,0.0,0.001,14943.0,5570.0,1.0
mu[2861],-0.025,0.054,-0.127,0.073,0.0,0.001,15258.0,6117.0,1.0
mu[2862],-0.001,0.057,-0.102,0.11,0.0,0.001,14636.0,5594.0,1.0
mu[2863],-0.025,0.054,-0.127,0.073,0.0,0.001,15258.0,6117.0,1.0
mu[2864],-0.007,0.055,-0.104,0.1,0.0,0.001,14943.0,5570.0,1.0
mu[2865],0.017,0.068,-0.101,0.151,0.001,0.001,13738.0,6171.0,1.0
mu[2866],-0.043,0.06,-0.154,0.071,0.001,0.001,14434.0,5764.0,1.0
mu[2867],-0.043,0.06,-0.154,0.071,0.001,0.001,14434.0,5764.0,1.0
mu[2868],-0.019,0.053,-0.116,0.082,0.0,0.001,15363.0,5807.0,1.0
mu[2869],-0.021,0.053,-0.123,0.076,0.0,0.001,15371.0,5857.0,1.0
mu[2870],-0.01,0.054,-0.11,0.09,0.0,0.001,15098.0,5758.0,1.0
mu[2871],-0.01,0.054,-0.109,0.091,0.0,0.001,15098.0,5790.0,1.0
mu[2872],-0.037,0.057,-0.144,0.07,0.0,0.001,14711.0,5654.0,1.0
mu[2873],-0.017,0.053,-0.114,0.083,0.0,0.001,15342.0,5713.0,1.0
mu[2874],-0.055,0.068,-0.18,0.075,0.001,0.001,13940.0,5891.0,1.0
mu[2875],-0.043,0.06,-0.154,0.071,0.001,0.001,14434.0,5764.0,1.0
mu[2876],-0.025,0.054,-0.127,0.073,0.0,0.001,15258.0,6117.0,1.0
mu[2877],-0.048,0.063,-0.163,0.073,0.001,0.001,14178.0,5842.0,1.0
mu[2878],0.005,0.06,-0.106,0.117,0.001,0.001,14308.0,5795.0,1.0
mu[2879],0.011,0.064,-0.106,0.13,0.001,0.001,14003.0,5894.0,1.0
mu[2880],-0.032,0.055,-0.136,0.071,0.0,0.001,14935.0,5729.0,1.0
mu[2881],-0.031,0.055,-0.132,0.072,0.0,0.001,14981.0,5809.0,1.0
mu[2882],-0.013,0.054,-0.11,0.089,0.0,0.001,15218.0,5626.0,1.0
mu[2883],-0.007,0.055,-0.104,0.1,0.0,0.001,14943.0,5570.0,1.0
mu[2884],-0.055,0.068,-0.18,0.075,0.001,0.001,13940.0,5891.0,1.0
mu[2885],-0.053,0.067,-0.179,0.074,0.001,0.001,13981.0,5891.0,1.0
mu[2886],0.051,0.098,-0.132,0.236,0.001,0.001,12889.0,6932.0,1.0
mu[2887],-0.007,0.055,-0.104,0.1,0.0,0.001,14943.0,5570.0,1.0
mu[2888],-0.05,0.065,-0.171,0.073,0.001,0.001,14071.0,5897.0,1.0
mu[2889],-0.039,0.058,-0.149,0.07,0.0,0.001,14595.0,5620.0,1.0
mu[2890],-0.062,0.074,-0.198,0.078,0.001,0.001,13709.0,5940.0,1.0
mu[2891],-0.037,0.057,-0.144,0.07,0.0,0.001,14711.0,5654.0,1.0
mu[2892],0.023,0.072,-0.103,0.165,0.001,0.001,13500.0,6307.0,1.0
mu[2893],-0.015,0.053,-0.111,0.087,0.0,0.001,15292.0,5602.0,1.0
mu[2894],-0.021,0.053,-0.123,0.076,0.0,0.001,15371.0,5813.0,1.0
mu[2895],-0.047,0.063,-0.162,0.073,0.001,0.001,14218.0,5819.0,1.0
mu[2896],0.004,0.06,-0.106,0.115,0.0,0.001,14358.0,5843.0,1.0
mu[2897],-0.007,0.055,-0.104,0.1,0.0,0.001,14943.0,5570.0,1.0
mu[2898],-0.013,0.054,-0.11,0.089,0.0,0.001,15218.0,5626.0,1.0
mu[2899],-0.043,0.06,-0.154,0.071,0.001,0.001,14434.0,5764.0,1.0
mu[2900],-0.06,0.072,-0.194,0.075,0.001,0.001,13764.0,5998.0,1.0
mu[2901],-0.051,0.066,-0.174,0.072,0.001,0.001,14062.0,5903.0,1.0
mu[2902],0.006,0.06,-0.107,0.118,0.001,0.001,14274.0,5886.0,1.0
mu[2903],-0.058,0.071,-0.189,0.076,0.001,0.001,13803.0,5996.0,1.0
mu[2904],-0.031,0.055,-0.133,0.073,0.0,0.001,14947.0,5884.0,1.0
mu[2905],-0.008,0.055,-0.11,0.093,0.0,0.001,14976.0,5590.0,1.0
mu[2906],-0.037,0.057,-0.144,0.07,0.0,0.001,14711.0,5654.0,1.0
mu[2907],-0.043,0.06,-0.154,0.071,0.001,0.001,14434.0,5764.0,1.0
mu[2908],-0.025,0.054,-0.127,0.073,0.0,0.001,15258.0,6117.0,1.0
mu[2909],-0.019,0.053,-0.116,0.082,0.0,0.001,15363.0,5807.0,1.0
mu[2910],-0.031,0.055,-0.132,0.072,0.0,0.001,14981.0,5809.0,1.0
mu[2911],-0.025,0.054,-0.127,0.073,0.0,0.001,15258.0,6117.0,1.0
mu[2912],0.005,0.06,-0.106,0.117,0.001,0.001,14308.0,5795.0,1.0
mu[2913],-0.034,0.056,-0.139,0.071,0.0,0.001,14827.0,5707.0,1.0
mu[2914],-0.026,0.054,-0.128,0.073,0.0,0.001,15210.0,6102.0,1.0
mu[2915],-0.009,0.054,-0.11,0.092,0.0,0.001,15030.0,5606.0,1.0
mu[2916],-0.052,0.066,-0.177,0.072,0.001,0.001,14010.0,5800.0,1.0
mu[2917],-0.033,0.056,-0.134,0.074,0.0,0.001,14893.0,5707.0,1.0
mu[2918],-0.028,0.054,-0.128,0.074,0.0,0.001,15083.0,5925.0,1.0
mu[2919],-0.06,0.073,-0.196,0.076,0.001,0.001,13746.0,5987.0,1.0
mu[2920],-0.037,0.057,-0.144,0.07,0.0,0.001,14711.0,5654.0,1.0
mu[2921],-0.003,0.056,-0.111,0.1,0.0,0.001,15886.0,5923.0,1.0
mu[2922],-0.009,0.053,-0.109,0.093,0.0,0.001,16193.0,6000.0,1.0
mu[2923],0.02,0.08,-0.129,0.172,0.001,0.001,13709.0,5693.0,1.0
mu[2924],-0.021,0.054,-0.117,0.086,0.0,0.001,16403.0,6242.0,1.0
mu[2925],-0.027,0.057,-0.131,0.085,0.0,0.001,16152.0,6142.0,1.0
mu[2926],-0.007,0.054,-0.113,0.092,0.0,0.001,16120.0,6091.0,1.0
mu[2927],-0.016,0.053,-0.112,0.085,0.0,0.001,16415.0,5928.0,1.0
mu[2928],-0.002,0.057,-0.109,0.106,0.0,0.001,15798.0,6138.0,1.0
mu[2929],-0.028,0.058,-0.133,0.084,0.0,0.001,16102.0,6223.0,1.0
mu[2930],-0.038,0.067,-0.165,0.088,0.001,0.001,15446.0,6435.0,1.0
mu[2931],0.003,0.06,-0.109,0.117,0.0,0.001,15398.0,5603.0,1.0
mu[2932],0.002,0.059,-0.112,0.111,0.0,0.001,15541.0,5622.0,1.0
mu[2933],0.067,0.149,-0.21,0.348,0.001,0.002,13834.0,6324.0,1.0
mu[2934],-0.005,0.055,-0.112,0.097,0.0,0.001,15972.0,5852.0,1.0
mu[2935],-0.016,0.053,-0.112,0.085,0.0,0.001,16401.0,5904.0,1.0
mu[2936],-0.011,0.053,-0.11,0.09,0.0,0.001,16267.0,5878.0,1.0
mu[2937],-0.007,0.054,-0.107,0.098,0.0,0.001,16110.0,6042.0,1.0
mu[2938],-0.033,0.062,-0.143,0.09,0.0,0.001,15785.0,6427.0,1.0
mu[2939],0.013,0.07,-0.122,0.143,0.001,0.001,14221.0,6066.0,1.0
mu[2940],-0.034,0.063,-0.144,0.092,0.0,0.001,15729.0,6424.0,1.0
mu[2941],-0.004,0.056,-0.11,0.1,0.0,0.001,15904.0,5829.0,1.0
mu[2942],-0.009,0.053,-0.108,0.094,0.0,0.001,16215.0,6001.0,1.0
mu[2943],-0.004,0.056,-0.111,0.1,0.0,0.001,15906.0,5852.0,1.0
mu[2944],0.035,0.099,-0.148,0.223,0.001,0.001,13583.0,5823.0,1.0
mu[2945],-0.012,0.053,-0.109,0.089,0.0,0.001,16342.0,5946.0,1.0
mu[2946],-0.004,0.055,-0.11,0.099,0.0,0.001,15940.0,5805.0,1.0
mu[2947],0.008,0.065,-0.116,0.127,0.001,0.001,14777.0,6215.0,1.0
mu[2948],-0.004,0.055,-0.112,0.097,0.0,0.001,15949.0,5807.0,1.0
mu[2949],-0.009,0.053,-0.106,0.097,0.0,0.001,16179.0,6120.0,1.0
mu[2950],-0.015,0.053,-0.11,0.087,0.0,0.001,16393.0,5954.0,1.0
mu[2951],0.012,0.069,-0.112,0.146,0.001,0.001,14343.0,6019.0,1.0
mu[2952],-0.03,0.059,-0.136,0.088,0.0,0.001,15947.0,6353.0,1.0
mu[2953],-0.022,0.055,-0.123,0.083,0.0,0.001,16355.0,6081.0,1.0
mu[2954],-0.011,0.053,-0.107,0.092,0.0,0.001,16309.0,5901.0,1.0
mu[2955],-0.011,0.053,-0.11,0.09,0.0,0.001,16290.0,5856.0,1.0
mu[2956],-0.028,0.058,-0.133,0.084,0.0,0.001,16100.0,6223.0,1.0
mu[2957],-0.02,0.054,-0.116,0.085,0.0,0.001,16414.0,6217.0,1.0
mu[2958],-0.037,0.066,-0.162,0.086,0.001,0.001,15522.0,6448.0,1.0
mu[2959],-0.03,0.06,-0.139,0.085,0.0,0.001,15937.0,6407.0,1.0
mu[2960],-0.009,0.053,-0.109,0.093,0.0,0.001,16219.0,6001.0,1.0
mu[2961],-0.004,0.055,-0.112,0.097,0.0,0.001,15954.0,5807.0,1.0
mu[2962],0.018,0.076,-0.121,0.167,0.001,0.001,13847.0,5561.0,1.0
mu[2963],-0.028,0.058,-0.131,0.087,0.0,0.001,16077.0,6148.0,1.0
mu[2964],0.002,0.059,-0.112,0.111,0.0,0.001,15556.0,5622.0,1.0
mu[2965],-0.04,0.069,-0.165,0.095,0.001,0.001,15348.0,6445.0,1.0
mu[2966],0.032,0.095,-0.143,0.213,0.001,0.001,13592.0,5737.0,1.0
mu[2967],-0.002,0.057,-0.109,0.105,0.0,0.001,15807.0,6115.0,1.0
mu[2968],-0.011,0.053,-0.11,0.09,0.0,0.001,16304.0,5847.0,1.0
mu[2969],-0.015,0.053,-0.11,0.088,0.0,0.001,16394.0,5959.0,1.0
mu[2970],-0.02,0.054,-0.117,0.086,0.0,0.001,16404.0,6242.0,1.0
mu[2971],-0.037,0.066,-0.162,0.087,0.001,0.001,15506.0,6504.0,1.0
mu[2972],0.023,0.083,-0.126,0.185,0.001,0.001,13623.0,5966.0,1.0
mu[2973],-0.012,0.053,-0.109,0.089,0.0,0.001,16343.0,5947.0,1.0
mu[2974],-0.013,0.053,-0.109,0.088,0.0,0.001,16357.0,5855.0,1.0
mu[2975],-0.012,0.053,-0.109,0.089,0.0,0.001,16343.0,5947.0,1.0
mu[2976],-0.036,0.065,-0.156,0.089,0.001,0.001,15573.0,6503.0,1.0
mu[2977],-0.024,0.055,-0.128,0.081,0.0,0.001,16290.0,6167.0,1.0
mu[2978],-0.002,0.056,-0.11,0.103,0.0,0.001,15834.0,6091.0,1.0
mu[2979],-0.022,0.055,-0.123,0.082,0.0,0.001,16358.0,6057.0,1.0
mu[2980],-0.026,0.057,-0.133,0.082,0.0,0.001,16172.0,6092.0,1.0
mu[2981],0.0,0.058,-0.111,0.109,0.0,0.001,15648.0,5850.0,1.0
mu[2982],-0.017,0.053,-0.112,0.086,0.0,0.001,16426.0,6042.0,1.0
mu[2983],0.004,0.061,-0.111,0.119,0.0,0.001,15235.0,5934.0,1.0
mu[2984],-0.037,0.066,-0.162,0.088,0.001,0.001,15498.0,6504.0,1.0
mu[2985],0.011,0.068,-0.113,0.144,0.001,0.001,14420.0,6165.0,1.0
mu[2986],-0.005,0.055,-0.111,0.096,0.0,0.001,16005.0,5987.0,1.0
mu[2987],-0.005,0.055,-0.112,0.097,0.0,0.001,15970.0,5852.0,1.0
mu[2988],-0.017,0.053,-0.113,0.085,0.0,0.001,16421.0,5928.0,1.0
mu[2989],-0.001,0.057,-0.109,0.108,0.0,0.001,15723.0,6012.0,1.0
mu[2990],-0.017,0.053,-0.113,0.085,0.0,0.001,16421.0,5928.0,1.0
mu[2991],-0.005,0.055,-0.112,0.097,0.0,0.001,15970.0,5852.0,1.0
mu[2992],0.011,0.069,-0.112,0.146,0.001,0.001,14363.0,6019.0,1.0
mu[2993],-0.029,0.058,-0.136,0.084,0.0,0.001,16049.0,6223.0,1.0
mu[2994],-0.029,0.058,-0.136,0.084,0.0,0.001,16049.0,6223.0,1.0
mu[2995],-0.013,0.053,-0.109,0.089,0.0,0.001,16348.0,5947.0,1.0
mu[2996],-0.014,0.053,-0.108,0.089,0.0,0.001,16374.0,5923.0,1.0
mu[2997],-0.007,0.054,-0.113,0.092,0.0,0.001,16128.0,6091.0,1.0
mu[2998],-0.007,0.054,-0.113,0.092,0.0,0.001,16120.0,6091.0,1.0
mu[2999],-0.025,0.056,-0.128,0.082,0.0,0.001,16273.0,6142.0,1.0
mu[3000],-0.011,0.053,-0.108,0.091,0.0,0.001,16309.0,5895.0,1.0
mu[3001],-0.037,0.066,-0.162,0.086,0.001,0.001,15522.0,6448.0,1.0
mu[3002],-0.029,0.058,-0.136,0.084,0.0,0.001,16049.0,6223.0,1.0
mu[3003],-0.017,0.053,-0.113,0.085,0.0,0.001,16421.0,5928.0,1.0
mu[3004],-0.032,0.061,-0.141,0.089,0.0,0.001,15828.0,6304.0,1.0
mu[3005],0.003,0.061,-0.111,0.118,0.0,0.001,15314.0,5909.0,1.0
mu[3006],0.007,0.064,-0.116,0.127,0.001,0.001,14800.0,6216.0,1.0
mu[3007],-0.021,0.054,-0.119,0.085,0.0,0.001,16391.0,6013.0,1.0
mu[3008],-0.021,0.054,-0.117,0.086,0.0,0.001,16403.0,6242.0,1.0
mu[3009],-0.009,0.053,-0.11,0.093,0.0,0.001,16180.0,6120.0,1.0
mu[3010],-0.005,0.055,-0.112,0.097,0.0,0.001,15970.0,5852.0,1.0
mu[3011],-0.037,0.066,-0.162,0.086,0.001,0.001,15522.0,6448.0,1.0
mu[3012],-0.036,0.065,-0.156,0.089,0.001,0.001,15573.0,6503.0,1.0
mu[3013],0.034,0.099,-0.148,0.222,0.001,0.001,13587.0,5779.0,1.0
mu[3014],-0.005,0.055,-0.112,0.097,0.0,0.001,15970.0,5852.0,1.0
mu[3015],-0.034,0.063,-0.144,0.092,0.001,0.001,15715.0,6370.0,1.0
mu[3016],-0.026,0.057,-0.131,0.083,0.0,0.001,16184.0,6093.0,1.0
mu[3017],-0.042,0.071,-0.176,0.093,0.001,0.001,15248.0,6345.0,1.0
mu[3018],-0.025,0.056,-0.128,0.082,0.0,0.001,16273.0,6142.0,1.0
mu[3019],0.015,0.073,-0.125,0.151,0.001,0.001,14030.0,5783.0,1.0
mu[3020],-0.01,0.053,-0.11,0.091,0.0,0.001,16254.0,5970.0,1.0
mu[3021],-0.014,0.053,-0.108,0.089,0.0,0.001,16381.0,5970.0,1.0
mu[3022],-0.032,0.061,-0.14,0.089,0.0,0.001,15845.0,6344.0,1.0
mu[3023],0.003,0.06,-0.109,0.117,0.0,0.001,15388.0,5646.0,1.0
mu[3024],-0.005,0.055,-0.112,0.097,0.0,0.001,15970.0,5852.0,1.0
mu[3025],-0.009,0.053,-0.11,0.093,0.0,0.001,16180.0,6120.0,1.0
mu[3026],-0.029,0.058,-0.136,0.084,0.0,0.001,16049.0,6223.0,1.0
mu[3027],-0.04,0.07,-0.167,0.096,0.001,0.001,15319.0,6420.0,1.0
mu[3028],-0.034,0.063,-0.146,0.092,0.001,0.001,15680.0,6395.0,1.0
mu[3029],0.004,0.061,-0.111,0.118,0.0,0.001,15240.0,5888.0,1.0
mu[3030],-0.039,0.068,-0.162,0.096,0.001,0.001,15373.0,6391.0,1.0
mu[3031],-0.021,0.054,-0.118,0.085,0.0,0.001,16398.0,6121.0,1.0
mu[3032],-0.005,0.055,-0.112,0.095,0.0,0.001,15992.0,5915.0,1.0
mu[3033],-0.025,0.056,-0.128,0.082,0.0,0.001,16273.0,6142.0,1.0
mu[3034],-0.029,0.058,-0.136,0.084,0.0,0.001,16049.0,6223.0,1.0
mu[3035],-0.017,0.053,-0.113,0.085,0.0,0.001,16421.0,5928.0,1.0
mu[3036],-0.013,0.053,-0.109,0.089,0.0,0.001,16348.0,5947.0,1.0
mu[3037],-0.021,0.054,-0.117,0.086,0.0,0.001,16403.0,6242.0,1.0
mu[3038],-0.017,0.053,-0.113,0.085,0.0,0.001,16421.0,5928.0,1.0
mu[3039],0.003,0.061,-0.111,0.118,0.0,0.001,15314.0,5909.0,1.0
mu[3040],-0.023,0.055,-0.124,0.083,0.0,0.001,16339.0,6106.0,1.0
mu[3041],-0.017,0.053,-0.113,0.085,0.0,0.001,16429.0,6042.0,1.0
mu[3042],-0.006,0.054,-0.113,0.094,0.0,0.001,16039.0,5895.0,1.0
mu[3043],-0.035,0.064,-0.153,0.088,0.001,0.001,15631.0,6476.0,1.0
mu[3044],-0.022,0.054,-0.12,0.085,0.0,0.001,16377.0,6032.0,1.0
mu[3045],-0.019,0.053,-0.116,0.085,0.0,0.001,16428.0,6118.0,1.0
mu[3046],-0.041,0.07,-0.173,0.092,0.001,0.001,15295.0,6341.0,1.0
mu[3047],-0.025,0.056,-0.128,0.082,0.0,0.001,16273.0,6142.0,1.0
mu[3048],-0.002,0.056,-0.105,0.11,0.001,0.001,10743.0,5120.0,1.0
mu[3049],-0.011,0.054,-0.111,0.095,0.001,0.001,11474.0,5381.0,1.0
mu[3050],0.035,0.08,-0.12,0.183,0.001,0.001,11060.0,6007.0,1.0
mu[3051],-0.029,0.055,-0.138,0.073,0.001,0.001,11476.0,5927.0,1.0
mu[3052],-0.039,0.059,-0.151,0.074,0.001,0.001,11406.0,5901.0,1.0
mu[3053],-0.007,0.055,-0.11,0.098,0.001,0.001,11272.0,5291.0,1.0
mu[3054],-0.022,0.054,-0.127,0.079,0.001,0.001,11472.0,5320.0,1.0
mu[3055],0.001,0.057,-0.107,0.111,0.001,0.001,10683.0,5214.0,1.0
mu[3056],-0.04,0.06,-0.152,0.075,0.001,0.001,11406.0,5970.0,1.0
mu[3057],-0.055,0.07,-0.187,0.076,0.001,0.001,11336.0,6341.0,1.0
mu[3058],0.008,0.06,-0.102,0.128,0.001,0.001,10731.0,5611.0,1.0
mu[3059],0.006,0.06,-0.103,0.124,0.001,0.001,10726.0,5510.0,1.0
mu[3060],0.107,0.151,-0.18,0.395,0.001,0.002,11222.0,6487.0,1.0
mu[3061],-0.004,0.056,-0.104,0.107,0.001,0.001,10946.0,5181.0,1.0
mu[3062],-0.021,0.054,-0.124,0.081,0.001,0.001,11479.0,5387.0,1.0
mu[3063],-0.013,0.054,-0.113,0.093,0.001,0.001,11476.0,5168.0,1.0
mu[3064],-0.007,0.055,-0.109,0.1,0.001,0.001,11258.0,5255.0,1.0
mu[3065],-0.048,0.064,-0.161,0.083,0.001,0.001,11364.0,6210.0,1.0
mu[3066],0.023,0.071,-0.105,0.16,0.001,0.001,10846.0,6044.0,1.0
mu[3067],-0.049,0.065,-0.165,0.082,0.001,0.001,11360.0,6327.0,1.0
mu[3068],-0.002,0.056,-0.105,0.109,0.001,0.001,10797.0,5213.0,1.0
mu[3069],-0.011,0.054,-0.11,0.096,0.001,0.001,11477.0,5401.0,1.0
mu[3070],-0.002,0.056,-0.105,0.109,0.001,0.001,10801.0,5232.0,1.0
mu[3071],0.057,0.1,-0.12,0.261,0.001,0.001,11057.0,6092.0,1.0
mu[3072],-0.016,0.054,-0.117,0.088,0.001,0.001,11483.0,5168.0,1.0
mu[3073],-0.003,0.056,-0.105,0.108,0.001,0.001,10859.0,5128.0,1.0
mu[3074],0.015,0.065,-0.106,0.138,0.001,0.001,10822.0,5889.0,1.0
mu[3075],-0.003,0.056,-0.103,0.109,0.001,0.001,10894.0,5198.0,1.0
mu[3076],-0.01,0.054,-0.111,0.096,0.001,0.001,11471.0,5321.0,1.0
mu[3077],-0.02,0.054,-0.123,0.082,0.001,0.001,11478.0,5331.0,1.0
mu[3078],0.021,0.069,-0.108,0.152,0.001,0.001,10871.0,5997.0,1.0
mu[3079],-0.043,0.062,-0.16,0.074,0.001,0.001,11376.0,6113.0,1.0
mu[3080],-0.032,0.056,-0.134,0.081,0.001,0.001,11454.0,5927.0,1.0
mu[3081],-0.014,0.054,-0.115,0.09,0.001,0.001,11482.0,5222.0,1.0
mu[3082],-0.014,0.054,-0.113,0.092,0.001,0.001,11476.0,5239.0,1.0
mu[3083],-0.04,0.06,-0.155,0.073,0.001,0.001,11406.0,5970.0,1.0
mu[3084],-0.027,0.055,-0.135,0.075,0.001,0.001,11466.0,5724.0,1.0
mu[3085],-0.054,0.068,-0.18,0.078,0.001,0.001,11337.0,6313.0,1.0
mu[3086],-0.043,0.062,-0.161,0.074,0.001,0.001,11374.0,6161.0,1.0
mu[3087],-0.011,0.054,-0.11,0.096,0.001,0.001,11476.0,5401.0,1.0
mu[3088],-0.004,0.056,-0.104,0.109,0.001,0.001,10903.0,5198.0,1.0
mu[3089],0.031,0.077,-0.111,0.179,0.001,0.001,10961.0,6212.0,1.0
mu[3090],-0.04,0.06,-0.156,0.073,0.001,0.001,11403.0,6017.0,1.0
mu[3091],0.006,0.059,-0.103,0.123,0.001,0.001,10719.0,5490.0,1.0
mu[3092],-0.058,0.072,-0.193,0.077,0.001,0.001,11330.0,6225.0,1.0
mu[3093],0.052,0.096,-0.128,0.237,0.001,0.001,11073.0,6167.0,1.0
mu[3094],0.0,0.057,-0.107,0.111,0.001,0.001,10703.0,5179.0,1.0
mu[3095],-0.014,0.054,-0.113,0.092,0.001,0.001,11477.0,5257.0,1.0
mu[3096],-0.02,0.054,-0.12,0.085,0.001,0.001,11483.0,5349.0,1.0
mu[3097],-0.029,0.055,-0.137,0.074,0.001,0.001,11476.0,5927.0,1.0
mu[3098],-0.054,0.069,-0.181,0.078,0.001,0.001,11335.0,6314.0,1.0
mu[3099],0.039,0.083,-0.122,0.192,0.001,0.001,11056.0,6079.0,1.0
mu[3100],-0.016,0.054,-0.117,0.088,0.001,0.001,11481.0,5168.0,1.0
mu[3101],-0.017,0.054,-0.117,0.088,0.001,0.001,11485.0,5221.0,1.0
mu[3102],-0.016,0.054,-0.117,0.088,0.001,0.001,11481.0,5168.0,1.0
mu[3103],-0.052,0.067,-0.175,0.08,0.001,0.001,11342.0,6368.0,1.0
mu[3104],-0.034,0.057,-0.139,0.08,0.001,0.001,11440.0,6017.0,1.0
mu[3105],-0.0,0.057,-0.107,0.11,0.001,0.001,10697.0,5135.0,1.0
mu[3106],-0.031,0.056,-0.133,0.082,0.001,0.001,11458.0,5949.0,1.0
mu[3107],-0.038,0.059,-0.15,0.074,0.001,0.001,11408.0,5925.0,1.0
mu[3108],0.004,0.059,-0.106,0.116,0.001,0.001,10699.0,5451.0,1.0
mu[3109],-0.023,0.054,-0.129,0.077,0.001,0.001,11469.0,5485.0,1.0
mu[3110],0.009,0.061,-0.102,0.131,0.001,0.001,10781.0,5760.0,1.0
mu[3111],-0.054,0.069,-0.182,0.078,0.001,0.001,11333.0,6368.0,1.0
mu[3112],0.02,0.068,-0.105,0.153,0.001,0.001,10872.0,6043.0,1.0
mu[3113],-0.005,0.055,-0.105,0.106,0.001,0.001,11075.0,5308.0,1.0
mu[3114],-0.004,0.056,-0.105,0.107,0.001,0.001,10942.0,5181.0,1.0
mu[3115],-0.023,0.054,-0.128,0.078,0.001,0.001,11470.0,5445.0,1.0
mu[3116],0.002,0.058,-0.107,0.113,0.001,0.001,10684.0,5305.0,1.0
mu[3117],-0.023,0.054,-0.128,0.078,0.001,0.001,11470.0,5445.0,1.0
mu[3118],-0.004,0.056,-0.105,0.107,0.001,0.001,10942.0,5181.0,1.0
mu[3119],0.021,0.069,-0.105,0.155,0.001,0.001,10872.0,5972.0,1.0
mu[3120],-0.041,0.061,-0.153,0.077,0.001,0.001,11396.0,5901.0,1.0
mu[3121],-0.041,0.061,-0.153,0.077,0.001,0.001,11396.0,5901.0,1.0
mu[3122],-0.016,0.054,-0.117,0.087,0.001,0.001,11487.0,5186.0,1.0
mu[3123],-0.018,0.054,-0.119,0.085,0.001,0.001,11485.0,5268.0,1.0
mu[3124],-0.008,0.055,-0.11,0.098,0.001,0.001,11286.0,5272.0,1.0
mu[3125],-0.007,0.055,-0.11,0.098,0.001,0.001,11272.0,5291.0,1.0
mu[3126],-0.035,0.058,-0.147,0.073,0.001,0.001,11439.0,5927.0,1.0
mu[3127],-0.014,0.054,-0.114,0.092,0.001,0.001,11480.0,5240.0,1.0
mu[3128],-0.054,0.068,-0.18,0.078,0.001,0.001,11337.0,6313.0,1.0
mu[3129],-0.041,0.061,-0.153,0.077,0.001,0.001,11396.0,5901.0,1.0
mu[3130],-0.023,0.054,-0.128,0.078,0.001,0.001,11470.0,5445.0,1.0
mu[3131],-0.046,0.064,-0.159,0.082,0.001,0.001,11365.0,6186.0,1.0
mu[3132],0.008,0.061,-0.102,0.13,0.001,0.001,10758.0,5716.0,1.0
mu[3133],0.015,0.065,-0.106,0.137,0.001,0.001,10811.0,5878.0,1.0
mu[3134],-0.03,0.056,-0.137,0.076,0.001,0.001,11469.0,5949.0,1.0
mu[3135],-0.029,0.055,-0.138,0.073,0.001,0.001,11476.0,5927.0,1.0
mu[3136],-0.01,0.054,-0.111,0.096,0.001,0.001,11476.0,5303.0,1.0
mu[3137],-0.004,0.056,-0.105,0.107,0.001,0.001,10942.0,5181.0,1.0
mu[3138],-0.054,0.068,-0.18,0.078,0.001,0.001,11337.0,6313.0,1.0
mu[3139],-0.052,0.067,-0.175,0.08,0.001,0.001,11342.0,6368.0,1.0
mu[3140],0.056,0.099,-0.121,0.258,0.001,0.001,11059.0,6068.0,1.0
mu[3141],-0.004,0.056,-0.105,0.107,0.001,0.001,10942.0,5181.0,1.0
mu[3142],-0.049,0.065,-0.171,0.077,0.001,0.001,11358.0,6394.0,1.0
mu[3143],-0.037,0.059,-0.149,0.074,0.001,0.001,11412.0,5879.0,1.0
mu[3144],-0.061,0.074,-0.201,0.077,0.001,0.001,11322.0,6151.0,1.0
mu[3145],-0.035,0.058,-0.147,0.073,0.001,0.001,11439.0,5927.0,1.0
mu[3146],0.027,0.073,-0.109,0.167,0.001,0.001,10909.0,6049.0,1.0
mu[3147],-0.012,0.054,-0.112,0.094,0.001,0.001,11476.0,5276.0,1.0
mu[3148],-0.018,0.054,-0.12,0.085,0.001,0.001,11483.0,5269.0,1.0
mu[3149],-0.046,0.063,-0.157,0.083,0.001,0.001,11366.0,6138.0,1.0
mu[3150],0.008,0.061,-0.102,0.128,0.001,0.001,10734.0,5632.0,1.0
mu[3151],-0.004,0.056,-0.105,0.107,0.001,0.001,10942.0,5181.0,1.0
mu[3152],-0.01,0.054,-0.111,0.096,0.001,0.001,11476.0,5303.0,1.0
mu[3153],-0.041,0.061,-0.153,0.077,0.001,0.001,11396.0,5901.0,1.0
mu[3154],-0.059,0.072,-0.196,0.075,0.001,0.001,11326.0,6126.0,1.0
mu[3155],-0.05,0.066,-0.173,0.077,0.001,0.001,11357.0,6288.0,1.0
mu[3156],0.009,0.061,-0.102,0.13,0.001,0.001,10776.0,5760.0,1.0
mu[3157],-0.057,0.071,-0.191,0.077,0.001,0.001,11327.0,6253.0,1.0
mu[3158],-0.029,0.056,-0.136,0.076,0.001,0.001,11471.0,5926.0,1.0
mu[3159],-0.005,0.055,-0.105,0.106,0.001,0.001,11002.0,5236.0,1.0
mu[3160],-0.035,0.058,-0.147,0.073,0.001,0.001,11439.0,5927.0,1.0
mu[3161],-0.041,0.061,-0.153,0.077,0.001,0.001,11396.0,5901.0,1.0
mu[3162],-0.023,0.054,-0.128,0.078,0.001,0.001,11470.0,5445.0,1.0
mu[3163],-0.016,0.054,-0.117,0.087,0.001,0.001,11487.0,5186.0,1.0
mu[3164],-0.029,0.055,-0.138,0.073,0.001,0.001,11476.0,5927.0,1.0
mu[3165],-0.023,0.054,-0.128,0.078,0.001,0.001,11470.0,5445.0,1.0
mu[3166],0.008,0.061,-0.102,0.13,0.001,0.001,10758.0,5716.0,1.0
mu[3167],-0.033,0.057,-0.137,0.08,0.001,0.001,11454.0,5996.0,1.0
mu[3168],-0.024,0.054,-0.128,0.078,0.001,0.001,11467.0,5546.0,1.0
mu[3169],-0.006,0.055,-0.109,0.101,0.001,0.001,11120.0,5273.0,1.0
mu[3170],-0.051,0.067,-0.173,0.079,0.001,0.001,11356.0,6394.0,1.0
mu[3171],-0.031,0.056,-0.133,0.081,0.001,0.001,11463.0,5903.0,1.0
mu[3172],-0.026,0.055,-0.134,0.075,0.001,0.001,11470.0,5800.0,1.0
mu[3173],-0.06,0.073,-0.196,0.077,0.001,0.001,11324.0,6277.0,1.0
mu[3174],-0.035,0.058,-0.147,0.073,0.001,0.001,11439.0,5927.0,1.0
mu[3175],-0.006,0.057,-0.11,0.104,0.0,0.001,18872.0,5780.0,1.0
mu[3176],-0.01,0.055,-0.112,0.094,0.0,0.001,19875.0,5611.0,1.0
mu[3177],0.009,0.08,-0.147,0.155,0.001,0.001,14074.0,5441.0,1.0
mu[3178],-0.017,0.056,-0.119,0.093,0.0,0.001,19287.0,5564.0,1.0
mu[3179],-0.021,0.06,-0.141,0.088,0.0,0.001,17751.0,5731.0,1.0
mu[3180],-0.008,0.055,-0.111,0.096,0.0,0.001,19569.0,5469.0,1.0
mu[3181],-0.014,0.055,-0.113,0.093,0.0,0.001,19654.0,5010.0,1.0
mu[3182],-0.005,0.058,-0.115,0.102,0.0,0.001,18514.0,5993.0,1.0
mu[3183],-0.021,0.061,-0.143,0.088,0.0,0.001,17562.0,5771.0,1.0
mu[3184],-0.028,0.071,-0.153,0.114,0.001,0.001,15423.0,6483.0,1.0
mu[3185],-0.002,0.061,-0.121,0.108,0.0,0.001,17307.0,6362.0,1.0
mu[3186],-0.003,0.06,-0.113,0.112,0.0,0.001,17607.0,6305.0,1.0
mu[3187],0.037,0.152,-0.255,0.319,0.001,0.002,12154.0,6701.0,1.0
mu[3188],-0.007,0.056,-0.107,0.104,0.0,0.001,19175.0,5432.0,1.0
mu[3189],-0.014,0.055,-0.113,0.093,0.0,0.001,19758.0,5100.0,1.0
mu[3190],-0.011,0.055,-0.116,0.09,0.0,0.001,19959.0,5268.0,1.0
mu[3191],-0.008,0.055,-0.112,0.096,0.0,0.001,19543.0,5430.0,1.0
mu[3192],-0.024,0.066,-0.143,0.105,0.001,0.001,16365.0,6161.0,1.0
mu[3193],0.004,0.071,-0.133,0.135,0.001,0.001,15088.0,6105.0,1.0
mu[3194],-0.025,0.066,-0.138,0.113,0.001,0.001,16230.0,6113.0,1.0
mu[3195],-0.006,0.057,-0.108,0.105,0.0,0.001,18966.0,5715.0,1.0
mu[3196],-0.01,0.055,-0.112,0.094,0.0,0.001,19912.0,5632.0,1.0
mu[3197],-0.006,0.057,-0.108,0.105,0.0,0.001,18973.0,5715.0,1.0
mu[3198],0.017,0.1,-0.177,0.202,0.001,0.001,13015.0,6655.0,1.0
mu[3199],-0.012,0.055,-0.115,0.09,0.0,0.001,19981.0,5126.0,1.0
mu[3200],-0.007,0.057,-0.107,0.105,0.0,0.001,19055.0,5610.0,1.0
mu[3201],0.001,0.065,-0.121,0.122,0.001,0.001,16107.0,6393.0,1.0
mu[3202],-0.007,0.056,-0.107,0.105,0.0,0.001,19102.0,5643.0,1.0
mu[3203],-0.009,0.055,-0.113,0.094,0.0,0.001,19815.0,5511.0,1.0
mu[3204],-0.013,0.055,-0.113,0.093,0.0,0.001,19813.0,5173.0,1.0
mu[3205],0.003,0.07,-0.13,0.131,0.001,0.001,15316.0,6154.0,1.0
mu[3206],-0.023,0.063,-0.143,0.095,0.0,0.001,17022.0,6023.0,1.0
mu[3207],-0.018,0.057,-0.128,0.089,0.0,0.001,18905.0,5729.0,1.0
mu[3208],-0.011,0.055,-0.118,0.087,0.0,0.001,20012.0,5269.0,1.0
mu[3209],-0.011,0.055,-0.113,0.092,0.0,0.001,19983.0,5270.0,1.0
mu[3210],-0.021,0.061,-0.143,0.088,0.0,0.001,17553.0,5771.0,1.0
mu[3211],-0.016,0.056,-0.12,0.09,0.0,0.001,19478.0,5504.0,1.0
mu[3212],-0.027,0.07,-0.15,0.113,0.001,0.001,15644.0,6340.0,1.0
mu[3213],-0.023,0.063,-0.143,0.095,0.0,0.001,16982.0,6047.0,1.0
mu[3214],-0.01,0.055,-0.112,0.094,0.0,0.001,19921.0,5634.0,1.0
mu[3215],-0.007,0.056,-0.107,0.104,0.0,0.001,19119.0,5631.0,1.0
mu[3216],0.007,0.077,-0.143,0.148,0.001,0.001,14354.0,5587.0,1.0
mu[3217],-0.021,0.061,-0.145,0.087,0.0,0.001,17484.0,5793.0,1.0
mu[3218],-0.003,0.06,-0.113,0.113,0.0,0.001,17668.0,6305.0,1.0
mu[3219],-0.029,0.073,-0.158,0.117,0.001,0.001,15148.0,6510.0,1.0
mu[3220],0.016,0.096,-0.172,0.191,0.001,0.001,13167.0,6250.0,1.0
mu[3221],-0.005,0.058,-0.115,0.102,0.0,0.001,18549.0,5993.0,1.0
mu[3222],-0.011,0.055,-0.116,0.09,0.0,0.001,19984.0,5252.0,1.0
mu[3223],-0.013,0.055,-0.116,0.09,0.0,0.001,19864.0,5207.0,1.0
mu[3224],-0.017,0.056,-0.119,0.093,0.0,0.001,19305.0,5564.0,1.0
mu[3225],-0.027,0.07,-0.15,0.114,0.001,0.001,15583.0,6400.0,1.0
mu[3226],0.01,0.084,-0.146,0.167,0.001,0.001,13841.0,5587.0,1.0
mu[3227],-0.012,0.055,-0.115,0.089,0.0,0.001,19973.0,5126.0,1.0
mu[3228],-0.012,0.055,-0.116,0.089,0.0,0.001,19964.0,5057.0,1.0
mu[3229],-0.012,0.055,-0.115,0.089,0.0,0.001,19973.0,5126.0,1.0
mu[3230],-0.026,0.069,-0.145,0.115,0.001,0.001,15803.0,6288.0,1.0
mu[3231],-0.019,0.058,-0.124,0.097,0.0,0.001,18531.0,5708.0,1.0
mu[3232],-0.005,0.058,-0.115,0.102,0.0,0.001,18620.0,5969.0,1.0
mu[3233],-0.018,0.057,-0.122,0.094,0.0,0.001,18949.0,5729.0,1.0
mu[3234],-0.02,0.06,-0.138,0.089,0.0,0.001,17885.0,5709.0,1.0
mu[3235],-0.004,0.059,-0.114,0.108,0.0,0.001,18057.0,5993.0,1.0
mu[3236],-0.015,0.055,-0.117,0.09,0.0,0.001,19571.0,5286.0,1.0
mu[3237],-0.002,0.062,-0.122,0.11,0.0,0.001,17025.0,6259.0,1.0
mu[3238],-0.027,0.07,-0.151,0.114,0.001,0.001,15565.0,6400.0,1.0
mu[3239],0.003,0.069,-0.129,0.13,0.001,0.001,15402.0,6229.0,1.0
mu[3240],-0.007,0.056,-0.112,0.097,0.0,0.001,19318.0,5520.0,1.0
mu[3241],-0.007,0.056,-0.107,0.104,0.0,0.001,19168.0,5501.0,1.0
mu[3242],-0.014,0.055,-0.113,0.093,0.0,0.001,19635.0,5097.0,1.0
mu[3243],-0.004,0.059,-0.115,0.105,0.0,0.001,18261.0,5941.0,1.0
mu[3244],-0.014,0.055,-0.113,0.093,0.0,0.001,19635.0,5097.0,1.0
mu[3245],-0.007,0.056,-0.107,0.104,0.0,0.001,19168.0,5501.0,1.0
mu[3246],0.003,0.069,-0.13,0.13,0.001,0.001,15346.0,6182.0,1.0
mu[3247],-0.022,0.062,-0.145,0.088,0.0,0.001,17341.0,5838.0,1.0
mu[3248],-0.022,0.062,-0.145,0.088,0.0,0.001,17341.0,5838.0,1.0
mu[3249],-0.012,0.055,-0.116,0.089,0.0,0.001,19974.0,5143.0,1.0
mu[3250],-0.013,0.055,-0.115,0.09,0.0,0.001,19909.0,5134.0,1.0
mu[3251],-0.008,0.055,-0.111,0.096,0.0,0.001,19581.0,5469.0,1.0
mu[3252],-0.008,0.055,-0.111,0.096,0.0,0.001,19569.0,5469.0,1.0
mu[3253],-0.019,0.059,-0.125,0.097,0.0,0.001,18367.0,5731.0,1.0
mu[3254],-0.011,0.055,-0.117,0.088,0.0,0.001,19995.0,5269.0,1.0
mu[3255],-0.027,0.07,-0.15,0.113,0.001,0.001,15644.0,6340.0,1.0
mu[3256],-0.022,0.062,-0.145,0.088,0.0,0.001,17341.0,5838.0,1.0
mu[3257],-0.014,0.055,-0.113,0.093,0.0,0.001,19635.0,5097.0,1.0
mu[3258],-0.024,0.065,-0.138,0.108,0.001,0.001,16532.0,6165.0,1.0
mu[3259],-0.002,0.062,-0.122,0.109,0.0,0.001,17149.0,6410.0,1.0
mu[3260],0.0,0.065,-0.121,0.122,0.001,0.001,16148.0,6347.0,1.0
mu[3261],-0.017,0.057,-0.126,0.087,0.0,0.001,19144.0,5626.0,1.0
mu[3262],-0.017,0.056,-0.119,0.093,0.0,0.001,19287.0,5564.0,1.0
mu[3263],-0.009,0.055,-0.112,0.094,0.0,0.001,19839.0,5511.0,1.0
mu[3264],-0.007,0.056,-0.107,0.104,0.0,0.001,19168.0,5501.0,1.0
mu[3265],-0.027,0.07,-0.15,0.113,0.001,0.001,15644.0,6340.0,1.0
mu[3266],-0.026,0.069,-0.145,0.115,0.001,0.001,15803.0,6288.0,1.0
mu[3267],0.017,0.1,-0.176,0.201,0.001,0.001,13029.0,6655.0,1.0
mu[3268],-0.007,0.056,-0.107,0.104,0.0,0.001,19168.0,5501.0,1.0
mu[3269],-0.025,0.067,-0.139,0.113,0.001,0.001,16172.0,6088.0,1.0
mu[3270],-0.02,0.06,-0.138,0.089,0.0,0.001,17938.0,5780.0,1.0
mu[3271],-0.03,0.076,-0.161,0.123,0.001,0.001,14871.0,6606.0,1.0
mu[3272],-0.019,0.059,-0.125,0.097,0.0,0.001,18367.0,5731.0,1.0
mu[3273],0.005,0.074,-0.135,0.145,0.001,0.001,14721.0,5752.0,1.0
mu[3274],-0.01,0.055,-0.115,0.09,0.0,0.001,19941.0,5415.0,1.0
mu[3275],-0.013,0.055,-0.115,0.09,0.0,0.001,19906.0,5186.0,1.0
mu[3276],-0.024,0.065,-0.144,0.1,0.001,0.001,16622.0,6158.0,1.0
mu[3277],-0.002,0.061,-0.121,0.108,0.0,0.001,17284.0,6362.0,1.0
mu[3278],-0.007,0.056,-0.107,0.104,0.0,0.001,19168.0,5501.0,1.0
mu[3279],-0.009,0.055,-0.112,0.094,0.0,0.001,19839.0,5511.0,1.0
mu[3280],-0.022,0.062,-0.145,0.088,0.0,0.001,17341.0,5838.0,1.0
mu[3281],-0.029,0.074,-0.16,0.118,0.001,0.001,15073.0,6510.0,1.0
mu[3282],-0.025,0.067,-0.14,0.113,0.001,0.001,16076.0,6136.0,1.0
mu[3283],-0.002,0.062,-0.122,0.109,0.0,0.001,17037.0,6259.0,1.0
mu[3284],-0.028,0.073,-0.157,0.116,0.001,0.001,15213.0,6469.0,1.0
mu[3285],-0.017,0.057,-0.126,0.087,0.0,0.001,19193.0,5605.0,1.0
mu[3286],-0.007,0.056,-0.113,0.098,0.0,0.001,19248.0,5411.0,1.0
mu[3287],-0.019,0.059,-0.125,0.097,0.0,0.001,18367.0,5731.0,1.0
mu[3288],-0.022,0.062,-0.145,0.088,0.0,0.001,17341.0,5838.0,1.0
mu[3289],-0.014,0.055,-0.113,0.093,0.0,0.001,19635.0,5097.0,1.0
mu[3290],-0.012,0.055,-0.116,0.089,0.0,0.001,19974.0,5143.0,1.0
mu[3291],-0.017,0.056,-0.119,0.093,0.0,0.001,19287.0,5564.0,1.0
mu[3292],-0.014,0.055,-0.113,0.093,0.0,0.001,19635.0,5097.0,1.0
mu[3293],-0.002,0.062,-0.122,0.109,0.0,0.001,17149.0,6410.0,1.0
mu[3294],-0.018,0.058,-0.123,0.095,0.0,0.001,18785.0,5737.0,1.0
mu[3295],-0.015,0.055,-0.118,0.089,0.0,0.001,19533.0,5106.0,1.0
mu[3296],-0.008,0.056,-0.113,0.096,0.0,0.001,19393.0,5508.0,1.0
mu[3297],-0.026,0.068,-0.142,0.114,0.001,0.001,15950.0,6288.0,1.0
mu[3298],-0.018,0.057,-0.128,0.087,0.0,0.001,19004.0,5707.0,1.0
mu[3299],-0.016,0.056,-0.118,0.091,0.0,0.001,19212.0,5485.0,1.0
mu[3300],-0.029,0.074,-0.162,0.118,0.001,0.001,15014.0,6521.0,1.0
mu[3301],-0.019,0.059,-0.125,0.097,0.0,0.001,18367.0,5731.0,1.0
mu[3302],-0.019,0.057,-0.127,0.089,0.001,0.001,12445.0,5936.0,1.0
mu[3303],-0.021,0.055,-0.125,0.082,0.0,0.001,12933.0,5761.0,1.0
mu[3304],-0.01,0.083,-0.171,0.145,0.001,0.001,10473.0,6457.0,1.0
mu[3305],-0.026,0.056,-0.133,0.079,0.0,0.001,12585.0,6141.0,1.0
mu[3306],-0.028,0.06,-0.141,0.084,0.001,0.001,12051.0,6437.0,1.0
mu[3307],-0.021,0.055,-0.125,0.085,0.0,0.001,12781.0,5800.0,1.0
mu[3308],-0.024,0.054,-0.126,0.081,0.0,0.001,13098.0,5680.0,1.0
mu[3309],-0.019,0.058,-0.124,0.096,0.001,0.001,12300.0,5699.0,1.0
mu[3310],-0.029,0.061,-0.144,0.083,0.001,0.001,11983.0,6576.0,1.0
mu[3311],-0.032,0.071,-0.174,0.094,0.001,0.001,11359.0,6648.0,1.0
mu[3312],-0.017,0.062,-0.136,0.097,0.001,0.001,11911.0,6165.0,1.0
mu[3313],-0.017,0.061,-0.134,0.095,0.001,0.001,11992.0,6065.0,1.0
mu[3314],0.007,0.16,-0.32,0.282,0.002,0.002,9458.0,6820.0,1.0
mu[3315],-0.02,0.056,-0.124,0.089,0.001,0.001,12581.0,5778.0,1.0
mu[3316],-0.024,0.054,-0.129,0.077,0.0,0.001,13109.0,5787.0,1.0
mu[3317],-0.022,0.054,-0.126,0.079,0.0,0.001,13041.0,5852.0,1.0
mu[3318],-0.021,0.055,-0.123,0.087,0.0,0.001,12769.0,5778.0,1.0
mu[3319],-0.031,0.066,-0.155,0.091,0.001,0.001,11551.0,6562.0,1.0
mu[3320],-0.013,0.073,-0.16,0.117,0.001,0.001,10929.0,6003.0,1.0
mu[3321],-0.031,0.066,-0.157,0.091,0.001,0.001,11497.0,6579.0,1.0
mu[3322],-0.019,0.057,-0.124,0.091,0.001,0.001,12490.0,5866.0,1.0
mu[3323],-0.022,0.055,-0.125,0.08,0.0,0.001,12952.0,5804.0,1.0
mu[3324],-0.019,0.057,-0.124,0.09,0.001,0.001,12488.0,5866.0,1.0
mu[3325],-0.005,0.105,-0.208,0.189,0.001,0.001,9976.0,6733.0,1.0
mu[3326],-0.023,0.054,-0.128,0.077,0.0,0.001,13114.0,5877.0,1.0
mu[3327],-0.02,0.057,-0.124,0.089,0.001,0.001,12530.0,5843.0,1.0
mu[3328],-0.015,0.067,-0.149,0.103,0.001,0.001,11402.0,5969.0,1.0
mu[3329],-0.02,0.057,-0.125,0.089,0.001,0.001,12556.0,5866.0,1.0
mu[3330],-0.021,0.055,-0.125,0.082,0.0,0.001,12908.0,5784.0,1.0
mu[3331],-0.024,0.054,-0.129,0.077,0.0,0.001,13109.0,5744.0,1.0
mu[3332],-0.014,0.071,-0.15,0.119,0.001,0.001,11044.0,6162.0,1.0
mu[3333],-0.029,0.063,-0.15,0.085,0.001,0.001,11786.0,6343.0,1.0
mu[3334],-0.027,0.057,-0.128,0.088,0.001,0.001,12446.0,6363.0,1.0
mu[3335],-0.022,0.054,-0.127,0.078,0.0,0.001,13069.0,5896.0,1.0
mu[3336],-0.022,0.054,-0.126,0.079,0.0,0.001,13048.0,5874.0,1.0
mu[3337],-0.029,0.061,-0.145,0.083,0.001,0.001,11979.0,6576.0,1.0
mu[3338],-0.026,0.056,-0.129,0.081,0.0,0.001,12651.0,6136.0,1.0
mu[3339],-0.032,0.07,-0.165,0.097,0.001,0.001,11287.0,6783.0,1.0
mu[3340],-0.029,0.063,-0.15,0.086,0.001,0.001,11774.0,6383.0,1.0
mu[3341],-0.022,0.055,-0.125,0.08,0.0,0.001,12955.0,5849.0,1.0
mu[3342],-0.02,0.057,-0.125,0.089,0.001,0.001,12563.0,5822.0,1.0
mu[3343],-0.011,0.08,-0.172,0.132,0.001,0.001,10591.0,6326.0,1.0
mu[3344],-0.029,0.061,-0.144,0.085,0.001,0.001,11954.0,6576.0,1.0
mu[3345],-0.017,0.061,-0.133,0.095,0.001,0.001,12006.0,6016.0,1.0
mu[3346],-0.033,0.074,-0.177,0.099,0.001,0.001,11142.0,6606.0,1.0
mu[3347],-0.006,0.101,-0.202,0.177,0.001,0.001,10051.0,6443.0,1.0
mu[3348],-0.019,0.058,-0.124,0.096,0.001,0.001,12314.0,5699.0,1.0
mu[3349],-0.022,0.054,-0.126,0.079,0.0,0.001,13053.0,5874.0,1.0
mu[3350],-0.024,0.054,-0.128,0.077,0.0,0.001,13125.0,5659.0,1.0
mu[3351],-0.026,0.056,-0.129,0.082,0.0,0.001,12592.0,6080.0,1.0
mu[3352],-0.032,0.07,-0.167,0.096,0.001,0.001,11269.0,6647.0,1.0
mu[3353],-0.009,0.087,-0.178,0.15,0.001,0.001,10373.0,6526.0,1.0
mu[3354],-0.023,0.054,-0.128,0.077,0.0,0.001,13115.0,5877.0,1.0
mu[3355],-0.023,0.054,-0.131,0.074,0.0,0.001,13121.0,5900.0,1.0
mu[3356],-0.023,0.054,-0.128,0.077,0.0,0.001,13115.0,5877.0,1.0
mu[3357],-0.032,0.069,-0.163,0.095,0.001,0.001,11343.0,6695.0,1.0
mu[3358],-0.027,0.058,-0.136,0.082,0.001,0.001,12318.0,6423.0,1.0
mu[3359],-0.019,0.058,-0.123,0.095,0.001,0.001,12343.0,5786.0,1.0
mu[3360],-0.026,0.057,-0.133,0.083,0.001,0.001,12458.0,6337.0,1.0
mu[3361],-0.028,0.06,-0.14,0.083,0.001,0.001,12096.0,6437.0,1.0
mu[3362],-0.018,0.06,-0.13,0.095,0.001,0.001,12133.0,5900.0,1.0
mu[3363],-0.024,0.055,-0.126,0.081,0.0,0.001,13083.0,5659.0,1.0
mu[3364],-0.017,0.063,-0.141,0.096,0.001,0.001,11800.0,6141.0,1.0
mu[3365],-0.032,0.07,-0.168,0.097,0.001,0.001,11259.0,6647.0,1.0
mu[3366],-0.014,0.071,-0.15,0.118,0.001,0.001,11082.0,6187.0,1.0
mu[3367],-0.02,0.056,-0.124,0.088,0.0,0.001,12649.0,5713.0,1.0
mu[3368],-0.02,0.056,-0.125,0.088,0.001,0.001,12583.0,5778.0,1.0
mu[3369],-0.024,0.055,-0.126,0.081,0.0,0.001,13091.0,5701.0,1.0
mu[3370],-0.018,0.059,-0.13,0.092,0.001,0.001,12225.0,5797.0,1.0
mu[3371],-0.024,0.055,-0.126,0.081,0.0,0.001,13091.0,5701.0,1.0
mu[3372],-0.02,0.056,-0.125,0.088,0.001,0.001,12583.0,5778.0,1.0
mu[3373],-0.014,0.071,-0.15,0.118,0.001,0.001,11055.0,6162.0,1.0
mu[3374],-0.029,0.061,-0.149,0.081,0.001,0.001,11894.0,6450.0,1.0
mu[3375],-0.029,0.061,-0.149,0.081,0.001,0.001,11894.0,6450.0,1.0
mu[3376],-0.023,0.054,-0.13,0.075,0.0,0.001,13116.0,5877.0,1.0
mu[3377],-0.023,0.054,-0.126,0.08,0.0,0.001,13116.0,5701.0,1.0
mu[3378],-0.021,0.055,-0.125,0.085,0.0,0.001,12786.0,5800.0,1.0
mu[3379],-0.021,0.055,-0.125,0.085,0.0,0.001,12781.0,5800.0,1.0
mu[3380],-0.027,0.058,-0.138,0.082,0.001,0.001,12262.0,6424.0,1.0
mu[3381],-0.022,0.054,-0.126,0.078,0.0,0.001,13066.0,5919.0,1.0
mu[3382],-0.032,0.07,-0.165,0.097,0.001,0.001,11287.0,6783.0,1.0
mu[3383],-0.029,0.061,-0.149,0.081,0.001,0.001,11894.0,6450.0,1.0
mu[3384],-0.024,0.055,-0.126,0.081,0.0,0.001,13091.0,5701.0,1.0
mu[3385],-0.03,0.065,-0.152,0.091,0.001,0.001,11614.0,6479.0,1.0
mu[3386],-0.017,0.062,-0.141,0.094,0.001,0.001,11847.0,6141.0,1.0
mu[3387],-0.015,0.067,-0.147,0.104,0.001,0.001,11422.0,5922.0,1.0
mu[3388],-0.026,0.056,-0.136,0.077,0.001,0.001,12527.0,6238.0,1.0
mu[3389],-0.026,0.056,-0.133,0.079,0.0,0.001,12585.0,6141.0,1.0
mu[3390],-0.021,0.055,-0.125,0.081,0.0,0.001,12916.0,5740.0,1.0
mu[3391],-0.02,0.056,-0.125,0.088,0.001,0.001,12583.0,5778.0,1.0
mu[3392],-0.032,0.07,-0.165,0.097,0.001,0.001,11287.0,6783.0,1.0
mu[3393],-0.032,0.069,-0.163,0.095,0.001,0.001,11343.0,6695.0,1.0
mu[3394],-0.005,0.105,-0.209,0.186,0.001,0.001,9982.0,6733.0,1.0
mu[3395],-0.02,0.056,-0.125,0.088,0.001,0.001,12583.0,5778.0,1.0
mu[3396],-0.031,0.067,-0.157,0.092,0.001,0.001,11478.0,6495.0,1.0
mu[3397],-0.028,0.059,-0.14,0.083,0.001,0.001,12114.0,6437.0,1.0
mu[3398],-0.034,0.076,-0.183,0.104,0.001,0.001,10855.0,6591.0,1.0
mu[3399],-0.027,0.058,-0.138,0.082,0.001,0.001,12262.0,6424.0,1.0
mu[3400],-0.012,0.076,-0.157,0.132,0.001,0.001,10763.0,6164.0,1.0
mu[3401],-0.022,0.054,-0.126,0.079,0.0,0.001,13011.0,5874.0,1.0
mu[3402],-0.023,0.054,-0.126,0.08,0.0,0.001,13118.0,5679.0,1.0
mu[3403],-0.03,0.064,-0.152,0.09,0.001,0.001,11644.0,6413.0,1.0
mu[3404],-0.017,0.062,-0.141,0.093,0.001,0.001,11899.0,6150.0,1.0
mu[3405],-0.02,0.056,-0.125,0.088,0.001,0.001,12583.0,5778.0,1.0
mu[3406],-0.021,0.055,-0.125,0.081,0.0,0.001,12916.0,5740.0,1.0
mu[3407],-0.029,0.061,-0.149,0.081,0.001,0.001,11894.0,6450.0,1.0
mu[3408],-0.033,0.074,-0.178,0.101,0.001,0.001,11057.0,6521.0,1.0
mu[3409],-0.031,0.067,-0.158,0.093,0.001,0.001,11441.0,6467.0,1.0
mu[3410],-0.017,0.063,-0.141,0.095,0.001,0.001,11804.0,6141.0,1.0
mu[3411],-0.033,0.073,-0.175,0.099,0.001,0.001,11201.0,6577.0,1.0
mu[3412],-0.026,0.056,-0.136,0.077,0.001,0.001,12546.0,6238.0,1.0
mu[3413],-0.02,0.056,-0.124,0.088,0.001,0.001,12616.0,5713.0,1.0
mu[3414],-0.027,0.058,-0.138,0.082,0.001,0.001,12262.0,6424.0,1.0
mu[3415],-0.029,0.061,-0.149,0.081,0.001,0.001,11894.0,6450.0,1.0
mu[3416],-0.024,0.055,-0.126,0.081,0.0,0.001,13091.0,5701.0,1.0
mu[3417],-0.023,0.054,-0.13,0.075,0.0,0.001,13116.0,5877.0,1.0
mu[3418],-0.026,0.056,-0.133,0.079,0.0,0.001,12585.0,6141.0,1.0
mu[3419],-0.024,0.055,-0.126,0.081,0.0,0.001,13091.0,5701.0,1.0
mu[3420],-0.017,0.062,-0.141,0.094,0.001,0.001,11847.0,6141.0,1.0
mu[3421],-0.027,0.057,-0.136,0.081,0.001,0.001,12396.0,6396.0,1.0
mu[3422],-0.025,0.055,-0.126,0.081,0.0,0.001,12800.0,5660.0,1.0
mu[3423],-0.02,0.056,-0.125,0.087,0.0,0.001,12687.0,5692.0,1.0
mu[3424],-0.031,0.068,-0.161,0.093,0.001,0.001,11400.0,6666.0,1.0
mu[3425],-0.026,0.057,-0.129,0.086,0.001,0.001,12484.0,6336.0,1.0
mu[3426],-0.025,0.055,-0.128,0.081,0.0,0.001,12692.0,5923.0,1.0
mu[3427],-0.033,0.075,-0.18,0.101,0.001,0.001,11000.0,6506.0,1.0
mu[3428],-0.027,0.058,-0.138,0.082,0.001,0.001,12262.0,6424.0,1.0
sigma_obs,0.61,0.007,0.596,0.624,0.0,0.0,15717.0,6527.0,1.0
