chain,draw,energy
0,0,37623.65974161483
0,1,37608.97782568946
0,2,37619.08866115243
0,3,37626.335740625684
0,4,37637.14576188227
0,5,37639.65650623607
0,6,37590.12157129975
0,7,37585.047236710394
0,8,37611.58495074017
0,9,37615.325413641905
0,10,37639.71764061899
0,11,37612.93872710514
0,12,37610.516977513
0,13,37581.36164455751
0,14,37587.89239376335
0,15,37554.164869485394
0,16,37570.73659657719
0,17,37571.861565819345
0,18,37639.769614312405
0,19,37620.63193146804
0,20,37569.6834039321
0,21,37589.163619748855
0,22,37627.77819987043
0,23,37611.86073514646
0,24,37564.328870829864
0,25,37558.333769968136
0,26,37575.9954102487
0,27,37590.084638612425
0,28,37587.63359307718
0,29,37575.25185163046
0,30,37611.026911478126
0,31,37593.747711729025
0,32,37602.88860387578
0,33,37599.32796405582
0,34,37595.18634986884
0,35,37605.52426898502
0,36,37626.194446306494
0,37,37612.9785868691
0,38,37630.83709985159
0,39,37614.32945038339
0,40,37576.95393951205
0,41,37571.52978770885
0,42,37589.64574417725
0,43,37608.61499877607
0,44,37617.767685077284
0,45,37628.81872463915
0,46,37600.75344782476
0,47,37585.76064521407
0,48,37605.42056064618
0,49,37628.907281826265
0,50,37605.47659936508
0,51,37583.01328958992
0,52,37570.36386775429
0,53,37571.234041778895
0,54,37579.201291711106
0,55,37548.76984825614
0,56,37549.252235802414
0,57,37602.257275271644
0,58,37599.855952290694
0,59,37549.67696030992
0,60,37525.290341604996
0,61,37600.3439097154
0,62,37606.61033457805
0,63,37587.82309581624
0,64,37614.0072305132
0,65,37643.06487188465
0,66,37613.86901492233
0,67,37626.13678810598
0,68,37564.78408832704
0,69,37525.156475773016
0,70,37595.413862975496
0,71,37593.34741072514
0,72,37559.90769503143
0,73,37526.85309246468
0,74,37542.3575439204
0,75,37521.84296758418
0,76,37550.40600360847
0,77,37553.92923278748
0,78,37555.91923064682
0,79,37562.12270340393
0,80,37589.10634341957
0,81,37586.38530654181
0,82,37553.65799129406
0,83,37590.83945248102
0,84,37584.849939724234
0,85,37602.67307922728
0,86,37557.399806834546
0,87,37582.84868815409
0,88,37570.94266958741
0,89,37566.65651402421
0,90,37580.28949007169
0,91,37580.82236904946
0,92,37625.03580618464
0,93,37614.02224778206
0,94,37579.69508394764
0,95,37574.6227185378
0,96,37572.907279446335
0,97,37644.78448553914
0,98,37640.22321371111
0,99,37624.82382548477
0,100,37601.29931389705
0,101,37591.79341253853
0,102,37572.024666172605
0,103,37577.88906081871
0,104,37612.6070756824
0,105,37611.60875151837
0,106,37605.29001376539
0,107,37571.85394187417
0,108,37586.64257291109
0,109,37579.05338379977
0,110,37562.168517399405
0,111,37546.4017585103
0,112,37574.775770401786
0,113,37580.67572478556
0,114,37619.18355798834
0,115,37581.06573370099
0,116,37595.3929330263
0,117,37595.25854776708
0,118,37632.97386976148
0,119,37616.86361500544
0,120,37606.686458954195
0,121,37627.51043968297
0,122,37600.90308162934
0,123,37615.01759146645
0,124,37621.014769306814
0,125,37595.89794046959
0,126,37597.76958781349
0,127,37598.49598175923
0,128,37569.60818008909
0,129,37519.28010985167
0,130,37569.40836116728
0,131,37560.84395797201
0,132,37585.58245714389
0,133,37553.35991609657
0,134,37600.432089898495
0,135,37594.585345979234
0,136,37567.89709594597
0,137,37584.18855811111
0,138,37599.87519823026
0,139,37632.18195363391
0,140,37617.53010269142
0,141,37614.79370706506
0,142,37591.53033896775
0,143,37596.08533256482
0,144,37595.3223341403
0,145,37589.490269161106
0,146,37608.45767466734
0,147,37636.65104972623
0,148,37670.05693123179
0,149,37618.246969191074
0,150,37603.89272804956
0,151,37625.77764890872
0,152,37603.27725731891
0,153,37635.03313390508
0,154,37634.281543909
0,155,37655.60705077325
0,156,37681.62303559242
0,157,37615.77655749695
0,158,37566.72637312939
0,159,37546.13041558182
0,160,37571.938405116125
0,161,37565.96039374083
0,162,37571.812549832866
0,163,37579.70736016027
0,164,37611.250891420925
0,165,37636.555042143824
0,166,37604.83916260489
0,167,37582.45081192533
0,168,37648.81508218105
0,169,37609.27035970039
0,170,37575.16566373703
0,171,37617.68206640678
0,172,37614.08516703961
0,173,37604.31375139029
0,174,37621.765370228066
0,175,37628.97830010962
0,176,37600.11983972327
0,177,37615.166074090754
0,178,37624.145179237574
0,179,37607.76519390024
0,180,37570.97653780258
0,181,37548.18007591086
0,182,37519.77517416663
0,183,37530.18201284233
0,184,37580.93428069172
0,185,37630.806102024726
0,186,37640.888788533746
0,187,37593.99236053895
0,188,37578.050417418075
0,189,37613.78645582461
0,190,37630.228145981804
0,191,37614.14138146856
0,192,37633.74004527975
0,193,37609.11189704225
0,194,37627.05687687584
0,195,37621.97463075583
0,196,37649.53335878372
0,197,37673.288920589715
0,198,37618.661669995585
0,199,37633.04143376259
0,200,37631.875401319805
0,201,37602.53638580221
0,202,37613.71832412661
0,203,37642.05882190223
0,204,37608.970315694925
0,205,37567.02979451897
0,206,37555.081178137094
0,207,37618.25200988931
0,208,37573.609763894165
0,209,37555.751833065406
0,210,37600.62383012232
0,211,37560.9292585885
0,212,37557.19744379807
0,213,37627.72173595631
0,214,37607.69817911111
0,215,37614.905482255395
0,216,37601.9328507411
0,217,37614.45098592538
0,218,37642.653446272576
0,219,37597.38090966779
0,220,37592.65891501733
0,221,37547.243949682044
0,222,37520.94466491072
0,223,37571.76339868017
0,224,37569.81945183238
0,225,37579.17711362557
0,226,37553.18101205729
0,227,37585.55048152596
0,228,37580.46289753401
0,229,37619.53211655448
0,230,37617.78460299944
0,231,37607.9704234114
0,232,37552.872463309555
0,233,37593.99936074088
0,234,37598.3432463558
0,235,37601.46843909136
0,236,37607.67636456462
0,237,37578.974695875324
0,238,37596.36807442895
0,239,37565.7864104128
0,240,37568.18977051718
0,241,37588.88212951411
0,242,37612.0492404158
0,243,37632.4886433344
0,244,37632.91277333094
0,245,37573.53245231983
0,246,37568.40279314771
0,247,37605.80971687652
0,248,37609.43030044701
0,249,37605.51455541279
0,250,37603.2163191921
0,251,37653.56208531466
0,252,37607.822365192995
0,253,37585.14275770387
0,254,37602.108080086946
0,255,37594.4240472986
0,256,37579.101858984875
0,257,37607.848315314994
0,258,37607.44566284194
0,259,37581.06103109177
0,260,37602.88613826503
0,261,37564.7421135683
0,262,37562.28965699847
0,263,37570.4239053584
0,264,37573.01281815019
0,265,37617.511376301125
0,266,37658.539447197254
0,267,37658.48526298588
0,268,37594.46796952317
0,269,37597.64535654089
0,270,37603.3712974988
0,271,37588.53881526918
0,272,37603.16207872653
0,273,37611.66906872011
0,274,37609.177305223544
0,275,37577.08870392139
0,276,37581.445314925
0,277,37585.991112141994
0,278,37600.73566192812
0,279,37621.071834220675
0,280,37599.087748708924
0,281,37629.65667143693
0,282,37577.19614848449
0,283,37573.625663381754
0,284,37637.58244378431
0,285,37651.83035998135
0,286,37645.39616998884
0,287,37610.151925808466
0,288,37614.21346220577
0,289,37616.16821940474
0,290,37597.680600858555
0,291,37578.75687457838
0,292,37601.76168922609
0,293,37594.41030801799
0,294,37583.8732370505
0,295,37563.63283220403
0,296,37540.04575480175
0,297,37587.29596483143
0,298,37583.98223060928
0,299,37572.72395458546
0,300,37641.30178204626
0,301,37649.868808536245
0,302,37629.64027285995
0,303,37636.970060254505
0,304,37587.16266993205
0,305,37542.880623934485
0,306,37546.25406271003
0,307,37599.84389700745
0,308,37580.77335132086
0,309,37556.409736303955
0,310,37545.61394548098
0,311,37547.23168513257
0,312,37580.60303183428
0,313,37573.162395637766
0,314,37565.90415574945
0,315,37546.491595550106
0,316,37548.04292461518
0,317,37560.063041659254
0,318,37611.67239988587
0,319,37592.54533314233
0,320,37558.78627111649
0,321,37533.891482612664
0,322,37571.42348265984
0,323,37571.3072182422
0,324,37589.993550329695
0,325,37570.54034647229
0,326,37576.078841468625
0,327,37583.90581899306
0,328,37605.97098581946
0,329,37624.225156040695
0,330,37612.231061784034
0,331,37623.89264936474
0,332,37600.837679941156
0,333,37573.51116357257
0,334,37596.85696792593
0,335,37625.5010842701
0,336,37634.29507762647
0,337,37636.603897558474
0,338,37640.249151759075
0,339,37618.75679293848
0,340,37612.25868598857
0,341,37602.90759386564
0,342,37613.14949254311
0,343,37630.460093198795
0,344,37593.65626286788
0,345,37575.16358583522
0,346,37604.92780772462
0,347,37608.16367764391
0,348,37587.71105624051
0,349,37603.80869003235
0,350,37634.57865115132
0,351,37586.52899327793
0,352,37624.72353659926
0,353,37610.663718316086
0,354,37556.7993786358
0,355,37624.22313135872
0,356,37620.904603437106
0,357,37649.03831065334
0,358,37616.19199263756
0,359,37604.38662261582
0,360,37650.714330524665
0,361,37650.81811466985
0,362,37624.22473210058
0,363,37616.033263082056
0,364,37609.151845724664
0,365,37580.94326352615
0,366,37635.097539227245
0,367,37639.050616550936
0,368,37658.67456305834
0,369,37598.91272368658
0,370,37565.903778706204
0,371,37534.36111286825
0,372,37587.400523895
0,373,37557.67402190638
0,374,37585.83210184982
0,375,37598.54491393313
0,376,37602.084124489964
0,377,37565.70160931554
0,378,37564.03537190614
0,379,37595.34431168232
0,380,37599.581469074794
0,381,37610.37112862765
0,382,37619.14048757703
0,383,37614.609472827164
0,384,37611.77843509327
0,385,37622.1732803429
0,386,37585.56531491045
0,387,37637.662884030084
0,388,37635.78279556352
0,389,37654.39590371371
0,390,37610.29949393234
0,391,37587.871499483575
0,392,37574.98121580997
0,393,37586.386618281
0,394,37537.27181344485
0,395,37579.10042255618
0,396,37612.87429266454
0,397,37610.469959014
0,398,37626.89903620202
0,399,37610.08047071519
0,400,37619.89867405514
0,401,37646.133929674164
0,402,37655.87409785896
0,403,37647.52018038516
0,404,37640.62333823382
0,405,37658.96436008441
0,406,37622.00853134521
0,407,37578.5207202193
0,408,37615.10329842723
0,409,37635.555677855526
0,410,37634.95436240177
0,411,37676.084321749964
0,412,37647.17417153195
0,413,37677.212817887164
0,414,37642.26178506116
0,415,37647.633725548694
0,416,37619.42483824565
0,417,37608.35239783566
0,418,37610.00624841128
0,419,37630.078340569205
0,420,37582.04289660466
0,421,37642.3956329986
0,422,37619.219397580324
0,423,37618.93369687553
0,424,37582.45230485793
0,425,37545.925679572676
0,426,37607.44267867563
0,427,37563.94410744379
0,428,37606.75522874127
0,429,37575.86214650439
0,430,37542.98326434564
0,431,37567.37522523932
0,432,37536.785882257835
0,433,37560.37067945943
0,434,37551.00284914778
0,435,37557.418206993214
0,436,37574.702851646
0,437,37607.00640056685
0,438,37587.11785514924
0,439,37581.59398760679
0,440,37587.98191382518
0,441,37592.10284990836
0,442,37636.546242924924
0,443,37626.542263113646
0,444,37576.173000041235
0,445,37588.60151031365
0,446,37583.554855027935
0,447,37596.081687949416
0,448,37602.94393598859
0,449,37577.37323891937
0,450,37575.48044074996
0,451,37581.003298040836
0,452,37593.26807147167
0,453,37595.56172050255
0,454,37577.12265650665
0,455,37567.801249173215
0,456,37605.78915444877
0,457,37597.31107483085
0,458,37588.231690127795
0,459,37578.0905617783
0,460,37597.84944023714
0,461,37601.64000182614
0,462,37576.14907650368
0,463,37575.49560632249
0,464,37592.33619101448
0,465,37572.10680690074
0,466,37586.768829412154
0,467,37578.516032272455
0,468,37592.66598104287
0,469,37569.72142001121
0,470,37572.837963112666
0,471,37574.09986298759
0,472,37567.377948349436
0,473,37560.83867445008
0,474,37572.23173315629
0,475,37570.95508276276
0,476,37597.313578826754
0,477,37594.61609213339
0,478,37580.68326350907
0,479,37582.48574743189
0,480,37581.77013394214
0,481,37594.818693853354
0,482,37567.335087411855
0,483,37562.29551990394
0,484,37564.56807146391
0,485,37526.269574042664
0,486,37551.61308241445
0,487,37588.67268335273
0,488,37576.39930079878
0,489,37558.605063034534
0,490,37605.33177641265
0,491,37577.249604412216
0,492,37633.739544235075
0,493,37624.35766448183
0,494,37619.33555053843
0,495,37588.86382659097
0,496,37557.14203549622
0,497,37579.00083117079
0,498,37584.763034820324
0,499,37555.80415729077
0,500,37615.6377155673
0,501,37602.29349010919
0,502,37572.92343377944
0,503,37579.49808533239
0,504,37561.09300232547
0,505,37510.86710698252
0,506,37547.64928589184
0,507,37594.32469989118
0,508,37585.94045592874
0,509,37595.35036414847
0,510,37593.64308869426
0,511,37605.49272892315
0,512,37621.11087268022
0,513,37594.69390299496
0,514,37647.96101469218
0,515,37595.92537243568
0,516,37587.04749572257
0,517,37574.529514120986
0,518,37596.77110847029
0,519,37597.21076888956
0,520,37648.12671356664
0,521,37599.36277815064
0,522,37556.991053074875
0,523,37568.26832977106
0,524,37542.544016538355
0,525,37583.80399072584
0,526,37551.167631873366
0,527,37561.27542359721
0,528,37596.298199455516
0,529,37650.359188602335
0,530,37631.564649291824
0,531,37606.407972798675
0,532,37625.17514759079
0,533,37584.666358560935
0,534,37592.85023440212
0,535,37569.34192598813
0,536,37610.97472692065
0,537,37595.24536873451
0,538,37560.06145044724
0,539,37570.44108356506
0,540,37629.18854967591
0,541,37649.2110206049
0,542,37645.363516449295
0,543,37644.7319962582
0,544,37603.44801845013
0,545,37618.25949941176
0,546,37612.142151452295
0,547,37619.737802691074
0,548,37650.616023997616
0,549,37613.95006356496
0,550,37558.035740841726
0,551,37562.18258678739
0,552,37608.16809066675
0,553,37623.846903708116
0,554,37600.07242030662
0,555,37556.043986774406
0,556,37571.863616416136
0,557,37593.290721331185
0,558,37579.36198991471
0,559,37602.45129431696
0,560,37627.43655876211
0,561,37630.248061643564
0,562,37608.625769847764
0,563,37585.26998497573
0,564,37622.56835821572
0,565,37650.32093871179
0,566,37613.16863384525
0,567,37672.29133819949
0,568,37655.86370114135
0,569,37621.5653070515
0,570,37585.206591253795
0,571,37597.43493964318
0,572,37622.87036479181
0,573,37608.174920859026
0,574,37617.244560767555
0,575,37604.79905108743
0,576,37592.68725387887
0,577,37602.84597564722
0,578,37613.5410341159
0,579,37611.033209559944
0,580,37607.12378677439
0,581,37622.135340675566
0,582,37635.47914104976
0,583,37612.506678222424
0,584,37575.47632549736
0,585,37575.90836838962
0,586,37560.61540524697
0,587,37593.49173998256
0,588,37584.99041040584
0,589,37581.09303878107
0,590,37663.84590535648
0,591,37585.009300563914
0,592,37603.14963497448
0,593,37574.00418538831
0,594,37602.849013856554
0,595,37555.15184418707
0,596,37592.91522363166
0,597,37573.04603665961
0,598,37579.79028642473
0,599,37571.10873790433
0,600,37584.750521531314
0,601,37581.77247359571
0,602,37598.25788531355
0,603,37594.173809012886
0,604,37605.65346018498
0,605,37607.20729723407
0,606,37591.002863088914
0,607,37575.6092924799
0,608,37598.880242942396
0,609,37579.24938457174
0,610,37613.1989785061
0,611,37587.0165388005
0,612,37604.13946328615
0,613,37591.765154946326
0,614,37602.94124048879
0,615,37628.745406730006
0,616,37636.92442144644
0,617,37598.8315135408
0,618,37630.908982630586
0,619,37589.65250346411
0,620,37616.22501682225
0,621,37613.25564592537
0,622,37607.43361564368
0,623,37640.66915677152
0,624,37635.86575700785
0,625,37658.81174413017
0,626,37681.85136665552
0,627,37630.79877944388
0,628,37571.765239981076
0,629,37585.916139928995
0,630,37579.76976521415
0,631,37625.11174574279
0,632,37603.440224555954
0,633,37616.69731196773
0,634,37578.815164647036
0,635,37586.063768776185
0,636,37620.89565993596
0,637,37653.3976058054
0,638,37652.57258647929
0,639,37657.04819933105
0,640,37648.456124538585
0,641,37602.28755252216
0,642,37579.87133591399
0,643,37587.58183280237
0,644,37610.68022711242
0,645,37633.51032418691
0,646,37597.0197013076
0,647,37587.16292914561
0,648,37588.29225604162
0,649,37613.30487870807
0,650,37639.52811803135
0,651,37614.26962267982
0,652,37613.08175167076
0,653,37612.30969359131
0,654,37599.213752879245
0,655,37573.9229537
0,656,37544.28214292294
0,657,37597.42383590139
0,658,37570.02340150822
0,659,37575.290528210804
0,660,37624.18194766147
0,661,37642.027803249344
0,662,37603.82135935118
0,663,37606.995833719884
0,664,37591.928841224064
0,665,37600.301601115
0,666,37617.302866630744
0,667,37582.851896943874
0,668,37553.98714340204
0,669,37601.504578417575
0,670,37619.82535286779
0,671,37567.82426087567
0,672,37567.245717481084
0,673,37607.30563886588
0,674,37609.644666388696
0,675,37596.680066660454
0,676,37619.50719723453
0,677,37636.91949931811
0,678,37633.603973217134
0,679,37610.867235077334
0,680,37597.47208037716
0,681,37593.59681129865
0,682,37605.700819736776
0,683,37625.2360138131
0,684,37662.30672198815
0,685,37614.21382871157
0,686,37597.65852690085
0,687,37641.17268203794
0,688,37629.13237983688
0,689,37652.13839483342
0,690,37640.1028369952
0,691,37652.69544079465
0,692,37618.25075976424
0,693,37653.7241179437
0,694,37616.68225240853
0,695,37610.684189341344
0,696,37608.73178620265
0,697,37557.491906275405
0,698,37612.26067963544
0,699,37587.722475119226
0,700,37613.77063974637
0,701,37609.59011291476
0,702,37588.43944673492
0,703,37601.654663608104
0,704,37594.53108679959
0,705,37569.976343322705
0,706,37585.315205402265
0,707,37606.515345396205
0,708,37627.08802584275
0,709,37667.34513547126
0,710,37652.960660592194
0,711,37601.76728447603
0,712,37564.865487533454
0,713,37594.64539696185
0,714,37618.87868825982
0,715,37575.69563008464
0,716,37585.33665796187
0,717,37555.20117305096
0,718,37575.940836396774
0,719,37645.99677580822
0,720,37631.40962511992
0,721,37587.66709539007
0,722,37637.79733467983
0,723,37601.406414712575
0,724,37589.11153300748
0,725,37604.579106495534
0,726,37601.61604784497
0,727,37605.23309357256
0,728,37586.85269516414
0,729,37592.82124472252
0,730,37597.39297489323
0,731,37601.7999312473
0,732,37552.544819307564
0,733,37544.24672872496
0,734,37549.27345987141
0,735,37591.205494829584
0,736,37561.71094734013
0,737,37568.14861005384
0,738,37581.46105346617
0,739,37624.711543168436
0,740,37646.479535771
0,741,37673.22185069351
0,742,37672.85459260011
0,743,37669.58119605666
0,744,37673.1442203139
0,745,37609.96719598994
0,746,37582.88390985262
0,747,37586.239502526194
0,748,37610.32186705706
0,749,37592.20301091303
0,750,37556.618660709326
0,751,37565.40386818255
0,752,37584.03768439956
0,753,37583.83095409651
0,754,37559.16709212431
0,755,37639.20174788218
0,756,37649.21385525697
0,757,37630.81203160908
0,758,37630.29663785027
0,759,37647.6113257208
0,760,37575.67260278125
0,761,37544.976861236835
0,762,37580.39587318258
0,763,37577.75582919123
0,764,37588.51310088117
0,765,37583.923998683116
0,766,37614.28273366584
0,767,37596.451263884075
0,768,37637.139313746506
0,769,37636.209049076875
0,770,37594.535586363665
0,771,37639.28996112338
0,772,37598.75725392101
0,773,37595.17148172392
0,774,37606.76812820347
0,775,37572.72410734011
0,776,37570.45536076217
0,777,37584.12799614812
0,778,37561.421272571715
0,779,37578.32454665073
0,780,37609.831327859356
0,781,37712.63042666866
0,782,37641.73255119526
0,783,37643.9063195793
0,784,37671.333356843075
0,785,37625.12138349973
0,786,37626.48284644309
0,787,37618.34659722538
0,788,37629.28706778112
0,789,37627.314632980844
0,790,37572.30026076019
0,791,37579.55478751456
0,792,37581.60635786465
0,793,37625.439897451586
0,794,37641.527521058844
0,795,37633.59346760984
0,796,37633.97796777231
0,797,37622.26631992164
0,798,37591.025372085845
0,799,37611.40908642747
0,800,37591.84215450374
0,801,37606.673373147125
0,802,37612.71851241953
0,803,37584.639843412595
0,804,37599.97392524068
0,805,37619.27391823252
0,806,37596.66753006339
0,807,37635.05215365214
0,808,37636.33204948644
0,809,37598.55891686237
0,810,37594.09915190874
0,811,37607.93736035064
0,812,37568.439223964575
0,813,37571.593211164
0,814,37599.42544786646
0,815,37588.49205343397
0,816,37598.12990422724
0,817,37591.37946316181
0,818,37601.39612878627
0,819,37579.539639983435
0,820,37581.6546048593
0,821,37569.88824487785
0,822,37576.39445406083
0,823,37600.06712422328
0,824,37587.32612076741
0,825,37599.70993678494
0,826,37619.58109965943
0,827,37580.47759694114
0,828,37541.45236569948
0,829,37573.28371830706
0,830,37597.309893754405
0,831,37567.53910304079
0,832,37571.43789393957
0,833,37593.63345913154
0,834,37602.152894133185
0,835,37573.05380191061
0,836,37528.52941121936
0,837,37537.2468539882
0,838,37583.90613431945
0,839,37624.28353613582
0,840,37588.47921982964
0,841,37607.00854402058
0,842,37602.75019098656
0,843,37588.19099135262
0,844,37561.56096872158
0,845,37565.1292717066
0,846,37581.10880925913
0,847,37606.09654100241
0,848,37620.51231329369
0,849,37613.831801553184
0,850,37618.31440993124
0,851,37595.48679495483
0,852,37620.47212075404
0,853,37628.35755537504
0,854,37608.76188106932
0,855,37572.73373558554
0,856,37616.43068535304
0,857,37655.862895575534
0,858,37625.57384776537
0,859,37695.69845428891
0,860,37680.953297016014
0,861,37596.818542404115
0,862,37613.5372498483
0,863,37592.428638978716
0,864,37600.002856997904
0,865,37598.4115500518
0,866,37581.57723543306
0,867,37560.27395131712
0,868,37562.86665631816
0,869,37598.31341638924
0,870,37597.10727729581
0,871,37599.915139753626
0,872,37621.796340856985
0,873,37644.060680217444
0,874,37601.81538607872
0,875,37554.28022558803
0,876,37583.7581157736
0,877,37516.15010786189
0,878,37526.09254903179
0,879,37601.28350786902
0,880,37610.49527585164
0,881,37613.933283590006
0,882,37617.613953473374
0,883,37610.798462831335
0,884,37601.02651828795
0,885,37616.727490763755
0,886,37634.64112179588
0,887,37628.87878168036
0,888,37643.837162791955
0,889,37594.99231769088
0,890,37587.13603340157
0,891,37595.13704674194
0,892,37605.03592481338
0,893,37598.837962385194
0,894,37565.61307019921
0,895,37582.000890470044
0,896,37580.44371806404
0,897,37560.93882704138
0,898,37612.23321264052
0,899,37629.985499048365
0,900,37625.27219934311
0,901,37556.98508064936
0,902,37602.07093769166
0,903,37610.30099316737
0,904,37601.398129505535
0,905,37579.47798217395
0,906,37547.06931497957
0,907,37543.169973856435
0,908,37592.905896045355
0,909,37599.93678772086
0,910,37588.40082251813
0,911,37575.15387965086
0,912,37585.88964295693
0,913,37589.89302068317
0,914,37594.342922480675
0,915,37589.95700395854
0,916,37604.32186660848
0,917,37627.029101317465
0,918,37638.15502830835
0,919,37620.12616586103
0,920,37614.52450282673
0,921,37526.08103941689
0,922,37607.46589918876
0,923,37592.40242004532
0,924,37566.65820988379
0,925,37581.448158130625
0,926,37552.32671186058
0,927,37550.99238310304
0,928,37570.59637326177
0,929,37598.216174576875
0,930,37589.40265819228
0,931,37574.66180031681
0,932,37551.683324468264
0,933,37597.65635903641
0,934,37568.126580960365
0,935,37549.90605529226
0,936,37516.4684826247
0,937,37576.64149228044
0,938,37602.855756307654
0,939,37614.70752590772
0,940,37605.5372354848
0,941,37605.402860779424
0,942,37582.14960448404
0,943,37620.09494878218
0,944,37592.5948411029
0,945,37593.981158278904
0,946,37545.93912336987
0,947,37551.06261053718
0,948,37616.28014462707
0,949,37617.01849107271
0,950,37575.70371249361
0,951,37594.66128401358
0,952,37620.097479451586
0,953,37536.79472049166
0,954,37625.77698873956
0,955,37604.38263967484
0,956,37576.40367346648
0,957,37578.75988949791
0,958,37561.75122519889
0,959,37591.11495157551
0,960,37608.82920595281
0,961,37627.79850180267
0,962,37587.6671286152
0,963,37555.372922516246
0,964,37532.80277235295
0,965,37550.69301012954
0,966,37558.25714138147
0,967,37586.34540729039
0,968,37560.35996073002
0,969,37557.830665385445
0,970,37595.48826354018
0,971,37576.56569596798
0,972,37572.36745428813
0,973,37574.28668068458
0,974,37575.7833410396
0,975,37559.929684804156
0,976,37584.718811334445
0,977,37583.71965145481
0,978,37590.32206971383
0,979,37535.88925409184
0,980,37578.119493844686
0,981,37608.234920681425
0,982,37620.323237151446
0,983,37579.1137792522
0,984,37557.79553699662
0,985,37559.420874016396
0,986,37560.18582840079
0,987,37565.19319796156
0,988,37593.07043588117
0,989,37636.57654018074
0,990,37610.513051819216
0,991,37618.04122030461
0,992,37638.98202778848
0,993,37695.78789705254
0,994,37633.804510504466
0,995,37592.80790531218
0,996,37561.636473402534
0,997,37543.96087563439
0,998,37540.105608054866
0,999,37566.64191309098
0,1000,37588.76251136273
0,1001,37561.51595916917
0,1002,37641.0977025399
0,1003,37633.0507326873
0,1004,37643.51711934843
0,1005,37609.291978382134
0,1006,37603.54588118634
0,1007,37649.028786528215
0,1008,37637.427859073614
0,1009,37610.532126031474
0,1010,37640.272781495005
0,1011,37603.48921460392
0,1012,37583.702660943214
0,1013,37563.393811390946
0,1014,37551.19468525409
0,1015,37577.97032295236
0,1016,37598.38363543934
0,1017,37584.96594757707
0,1018,37584.09290001314
0,1019,37631.46435238119
0,1020,37581.125047276626
0,1021,37612.0076681712
0,1022,37617.68322422219
0,1023,37584.54232317291
0,1024,37577.276131604514
0,1025,37590.091831884354
0,1026,37607.76421590647
0,1027,37621.11425162762
0,1028,37600.88865235955
0,1029,37572.4817873849
0,1030,37590.25044640344
0,1031,37566.99901611871
0,1032,37584.272280317404
0,1033,37594.92662113669
0,1034,37569.08473702876
0,1035,37562.227955792565
0,1036,37570.09009862933
0,1037,37593.42872662806
0,1038,37577.70379707149
0,1039,37583.913703219594
0,1040,37558.49864798619
0,1041,37552.65536890971
0,1042,37521.566076305186
0,1043,37572.2789990119
0,1044,37603.37638020552
0,1045,37593.27111995337
0,1046,37581.98123578734
0,1047,37570.673616976586
0,1048,37601.58451571364
0,1049,37597.59517392488
0,1050,37560.51788017438
0,1051,37570.17242081624
0,1052,37592.209791384645
0,1053,37581.886335504685
0,1054,37609.013701236865
0,1055,37629.538985842424
0,1056,37602.06169409402
0,1057,37588.40007980441
0,1058,37591.99591781316
0,1059,37590.62797282817
0,1060,37593.98347983089
0,1061,37648.826103439875
0,1062,37611.27097061164
0,1063,37642.66483505563
0,1064,37603.35627245879
0,1065,37617.17804981815
0,1066,37618.08179558951
0,1067,37608.310219350344
0,1068,37569.68113264873
0,1069,37560.84606052309
0,1070,37619.99954012732
0,1071,37637.15800558122
0,1072,37681.48675076805
0,1073,37660.04538867486
0,1074,37615.09328092671
0,1075,37646.16154253945
0,1076,37640.763716476315
0,1077,37609.85826052718
0,1078,37593.948201679035
0,1079,37607.578930215604
0,1080,37606.64525354029
0,1081,37586.031778048186
0,1082,37588.8965242907
0,1083,37590.38836939624
0,1084,37582.24078532622
0,1085,37599.73155795864
0,1086,37647.582792498426
0,1087,37599.14084135503
0,1088,37611.580894554645
0,1089,37608.84348470386
0,1090,37594.58102015604
0,1091,37616.990111352534
0,1092,37619.09814113449
0,1093,37612.909774403066
0,1094,37589.09641986627
0,1095,37609.723033296796
0,1096,37617.9513696231
0,1097,37663.92929887328
0,1098,37678.35203115819
0,1099,37626.376370089725
0,1100,37605.22452670861
0,1101,37599.914001825135
0,1102,37586.773079684106
0,1103,37603.71415855141
0,1104,37586.09789214064
0,1105,37587.36556133972
0,1106,37552.79799632672
0,1107,37526.33553914654
0,1108,37534.579629127904
0,1109,37562.47509362289
0,1110,37559.25457504675
0,1111,37522.32818557379
0,1112,37585.56834724339
0,1113,37601.8369791117
0,1114,37604.44099215272
0,1115,37623.13782125592
0,1116,37623.01552630484
0,1117,37568.60559621984
0,1118,37577.38369200907
0,1119,37551.75818938319
0,1120,37517.030508799304
0,1121,37567.92827488084
0,1122,37575.12121466298
0,1123,37608.4700210688
0,1124,37648.346271368486
0,1125,37628.00462310159
0,1126,37648.49516315249
0,1127,37623.09077964122
0,1128,37615.242462489725
0,1129,37586.68855279724
0,1130,37610.310570258654
0,1131,37631.01665243316
0,1132,37583.76394422264
0,1133,37577.47053647822
0,1134,37581.878622382224
0,1135,37607.20702654938
0,1136,37574.61795366237
0,1137,37587.02710597742
0,1138,37577.46088294178
0,1139,37573.67048499853
0,1140,37592.46437312769
0,1141,37601.292787777
0,1142,37617.46175572432
0,1143,37609.73633374648
0,1144,37614.901485998256
0,1145,37627.54438737948
0,1146,37634.274930673535
0,1147,37578.708514688056
0,1148,37557.17688353378
0,1149,37577.66235449632
0,1150,37581.790558157685
0,1151,37554.794444316554
0,1152,37580.97473155655
0,1153,37588.322795969514
0,1154,37626.20772282861
0,1155,37613.47328305047
0,1156,37618.402939603904
0,1157,37638.765901962994
0,1158,37610.36840788495
0,1159,37604.83078001295
0,1160,37584.77424122397
0,1161,37602.54384929259
0,1162,37643.274539143786
0,1163,37635.622154897545
0,1164,37605.769142915975
0,1165,37588.19218300706
0,1166,37575.26282765075
0,1167,37585.366596178734
0,1168,37593.79379680505
0,1169,37618.263481260845
0,1170,37648.11304408453
0,1171,37620.05107952783
0,1172,37603.4013397186
0,1173,37576.089839807515
0,1174,37568.28058198036
0,1175,37589.96837698757
0,1176,37581.89033609206
0,1177,37580.71961961963
0,1178,37588.39774319794
0,1179,37569.73739187849
0,1180,37589.97877396783
0,1181,37563.89397402496
0,1182,37583.96617979987
0,1183,37589.046256282876
0,1184,37601.81241422817
0,1185,37593.59694384018
0,1186,37608.93577106615
0,1187,37603.547945660146
0,1188,37614.26564654526
0,1189,37616.811978432626
0,1190,37640.75872907031
0,1191,37646.857980710054
0,1192,37605.638693619105
0,1193,37556.598540387706
0,1194,37557.23005541091
0,1195,37566.394035791265
0,1196,37599.78726664222
0,1197,37601.9253466252
0,1198,37590.52431808672
0,1199,37583.334666396215
0,1200,37591.12746978028
0,1201,37576.180940455815
0,1202,37569.28273920211
0,1203,37563.7533422543
0,1204,37532.00511111372
0,1205,37529.00708424769
0,1206,37564.164092968815
0,1207,37614.63493265789
0,1208,37626.82284594102
0,1209,37586.27359587437
0,1210,37611.9515586413
0,1211,37613.22524504352
0,1212,37618.027997704485
0,1213,37625.097741505895
0,1214,37658.77545374353
0,1215,37585.289803954416
0,1216,37568.631257945584
0,1217,37584.0501174053
0,1218,37576.92792747246
0,1219,37630.67117587427
0,1220,37611.362366765345
0,1221,37563.17034137834
0,1222,37580.682104469175
0,1223,37581.1111191639
0,1224,37570.57101001804
0,1225,37567.36165856937
0,1226,37575.21617382719
0,1227,37612.77994450403
0,1228,37591.18636817353
0,1229,37601.96854084392
0,1230,37615.0707810816
0,1231,37585.608099114106
0,1232,37628.782291770134
0,1233,37623.827279245925
0,1234,37624.332657903295
0,1235,37619.05055415854
0,1236,37592.05019441488
0,1237,37570.887940363704
0,1238,37605.207404787325
0,1239,37616.898348386276
0,1240,37620.0526399468
0,1241,37618.28109376645
0,1242,37608.34036853379
0,1243,37576.89845015998
0,1244,37572.65204317721
0,1245,37593.54978610115
0,1246,37600.00207019967
0,1247,37611.391411794044
0,1248,37596.03014004298
0,1249,37574.47798744295
0,1250,37576.97813498958
0,1251,37660.881033143734
0,1252,37590.4138134786
0,1253,37632.75968409209
0,1254,37591.41273483531
0,1255,37588.64472163458
0,1256,37587.28145632822
0,1257,37599.50636769862
0,1258,37588.42966815971
0,1259,37625.917805943376
0,1260,37608.34129407297
0,1261,37602.25418203786
0,1262,37598.85512755847
0,1263,37634.3977148847
0,1264,37630.89811680729
0,1265,37603.28652691785
0,1266,37599.258167490916
0,1267,37588.30649936886
0,1268,37592.50760699849
0,1269,37598.67560285213
0,1270,37584.93831822923
0,1271,37570.82614055418
0,1272,37589.735519217684
0,1273,37626.06668296036
0,1274,37631.02803136232
0,1275,37641.9963798534
0,1276,37657.42582709307
0,1277,37658.39864788992
0,1278,37642.48401337748
0,1279,37580.10718413284
0,1280,37622.92710950622
0,1281,37637.93830071732
0,1282,37632.59183389687
0,1283,37648.71070950732
0,1284,37651.85820549472
0,1285,37594.339069765294
0,1286,37607.26520620092
0,1287,37579.545239754145
0,1288,37575.14051344485
0,1289,37545.22636354355
0,1290,37576.31328403438
0,1291,37592.00019690081
0,1292,37608.48773341009
0,1293,37575.890121380035
0,1294,37569.844218314065
0,1295,37581.842007882646
0,1296,37595.19976396351
0,1297,37586.6139008107
0,1298,37607.80162366227
0,1299,37592.180182898424
0,1300,37554.23468677011
0,1301,37564.39061565124
0,1302,37528.75444019822
0,1303,37591.4941230298
0,1304,37650.813712608106
0,1305,37614.03984894732
0,1306,37622.93365065368
0,1307,37623.28360641241
0,1308,37598.74124399506
0,1309,37605.08725129196
0,1310,37618.9049343972
0,1311,37594.20043910629
0,1312,37627.64097675943
0,1313,37634.593135591655
0,1314,37640.55728889336
0,1315,37634.24525855702
0,1316,37637.9970571456
0,1317,37612.83568038177
0,1318,37625.75417364135
0,1319,37655.590330967076
0,1320,37638.02695829006
0,1321,37616.988188202624
0,1322,37618.10038969088
0,1323,37669.540129713896
0,1324,37654.624628790036
0,1325,37630.92564053125
0,1326,37608.22761185284
0,1327,37591.798384058726
0,1328,37579.57824247628
0,1329,37615.50657237829
0,1330,37598.83532008819
0,1331,37586.32903357554
0,1332,37593.881005205316
0,1333,37577.39510496033
0,1334,37566.3127902546
0,1335,37589.16981227931
0,1336,37617.770102261056
0,1337,37605.86130313223
0,1338,37610.07065324016
0,1339,37600.23544441095
0,1340,37624.70355745076
0,1341,37578.78282504975
0,1342,37621.799989792315
0,1343,37625.18280584615
0,1344,37620.0283646477
0,1345,37601.17760603648
0,1346,37556.03302639522
0,1347,37594.387570650484
0,1348,37600.60193306416
0,1349,37561.13225958228
0,1350,37623.312691057916
0,1351,37651.69412525533
0,1352,37649.6157873229
0,1353,37609.96149282645
0,1354,37629.05831977596
0,1355,37629.48259226762
0,1356,37596.06082435544
0,1357,37592.11621094376
0,1358,37578.08533933908
0,1359,37545.066645633895
0,1360,37538.65962551698
0,1361,37580.89709681453
0,1362,37601.89249545986
0,1363,37592.93409160302
0,1364,37565.6319254422
0,1365,37556.092797175996
0,1366,37550.93224428986
0,1367,37576.52150219686
0,1368,37578.810631276
0,1369,37599.69112713005
0,1370,37601.03784466308
0,1371,37619.76363901432
0,1372,37703.51692655924
0,1373,37702.26155930717
0,1374,37610.99898601318
0,1375,37644.53268998337
0,1376,37598.529666073344
0,1377,37549.35573805692
0,1378,37547.29688693139
0,1379,37566.36631038193
0,1380,37524.91394852102
0,1381,37524.01201723464
0,1382,37550.404189649955
0,1383,37613.83957729717
0,1384,37598.75977127852
0,1385,37589.79304378203
0,1386,37597.69151485535
0,1387,37631.55116316007
0,1388,37618.32372924981
0,1389,37598.683638669034
0,1390,37604.354489759484
0,1391,37613.50039811734
0,1392,37623.99231960191
0,1393,37627.825214797194
0,1394,37659.06970190797
0,1395,37609.7306926882
0,1396,37607.02129664925
0,1397,37629.84969535209
0,1398,37609.76678032836
0,1399,37600.22608622229
0,1400,37615.57494544949
0,1401,37587.78449738329
0,1402,37594.85891829919
0,1403,37600.06170593597
0,1404,37621.167105885586
0,1405,37626.174759147296
0,1406,37614.88304715817
0,1407,37612.38534021076
0,1408,37581.10161358476
0,1409,37571.52442717965
0,1410,37602.315365084716
0,1411,37634.22636598419
0,1412,37636.79654429703
0,1413,37591.169524722915
0,1414,37575.60125101033
0,1415,37575.47555852677
0,1416,37626.83117554151
0,1417,37586.03257892733
0,1418,37565.218377756246
0,1419,37585.237711606256
0,1420,37546.22814304654
0,1421,37565.999526232124
0,1422,37632.6834698243
0,1423,37667.24059687649
0,1424,37634.7869791544
0,1425,37628.96772923101
0,1426,37603.13105292955
0,1427,37596.63918517134
0,1428,37597.404215974115
0,1429,37602.17355076379
0,1430,37629.27129081
0,1431,37595.540356999096
0,1432,37592.3600536829
0,1433,37587.86939967934
0,1434,37629.00414904916
0,1435,37652.63410164438
0,1436,37656.59094609537
0,1437,37637.67030081531
0,1438,37586.41980951164
0,1439,37613.81208321444
0,1440,37569.74791842027
0,1441,37557.541909770094
0,1442,37573.81491755564
0,1443,37563.487295625244
0,1444,37607.15490575068
0,1445,37627.401602433434
0,1446,37602.679772386575
0,1447,37618.55028869439
0,1448,37582.66407723029
0,1449,37619.65502301932
0,1450,37589.2198380551
0,1451,37565.62155547153
0,1452,37586.26144030746
0,1453,37614.76187805247
0,1454,37611.811801416654
0,1455,37575.47716081622
0,1456,37583.694736398866
0,1457,37595.737614344245
0,1458,37624.61258972318
0,1459,37594.50303627478
0,1460,37613.09801882954
0,1461,37592.42105684646
0,1462,37557.53596503787
0,1463,37585.21418267111
0,1464,37579.69401497491
0,1465,37590.00619474097
0,1466,37607.469556621174
0,1467,37627.11123239105
0,1468,37641.03639498595
0,1469,37640.69018470502
0,1470,37647.713618537724
0,1471,37623.151941160046
0,1472,37591.58807436095
0,1473,37556.106061176986
0,1474,37595.38463352523
0,1475,37592.526003470324
0,1476,37589.045481203255
0,1477,37615.52274431509
0,1478,37596.67102262745
0,1479,37617.28969159563
0,1480,37634.161278717576
0,1481,37622.57303108491
0,1482,37584.84100307924
0,1483,37615.4784268087
0,1484,37613.19638580278
0,1485,37599.30181854024
0,1486,37615.49242684392
0,1487,37616.3285721747
0,1488,37619.62958381178
0,1489,37614.92333258694
0,1490,37585.56671124508
0,1491,37585.00285528445
0,1492,37572.22529582584
0,1493,37563.866802425444
0,1494,37540.26927599833
0,1495,37576.76978403607
0,1496,37603.48468443666
0,1497,37612.05956299179
0,1498,37545.03778663367
0,1499,37611.13597157812
0,1500,37612.60611719222
0,1501,37604.060672575535
0,1502,37583.48083838193
0,1503,37590.64186609487
0,1504,37551.678527696575
0,1505,37574.8817142093
0,1506,37587.009306945016
0,1507,37552.230502991086
0,1508,37566.10192429299
0,1509,37618.87598926723
0,1510,37591.84751299878
0,1511,37595.403285695815
0,1512,37612.3677903749
0,1513,37562.86028685502
0,1514,37571.20286369229
0,1515,37574.01514199869
0,1516,37561.922896508506
0,1517,37580.567003599266
0,1518,37619.00425725124
0,1519,37600.62352947828
0,1520,37591.43269104365
0,1521,37599.98621343937
0,1522,37588.6137786339
0,1523,37645.931212078685
0,1524,37625.89849142909
0,1525,37600.70508803192
0,1526,37613.1643248241
0,1527,37621.7025703965
0,1528,37617.776148779594
0,1529,37606.962525529205
0,1530,37602.346389130515
0,1531,37627.05394606376
0,1532,37605.51815599202
0,1533,37598.263990930835
0,1534,37641.31066825116
0,1535,37649.62315561019
0,1536,37683.255818844176
0,1537,37680.66178135493
0,1538,37639.098442140676
0,1539,37593.79713551862
0,1540,37592.94745521492
0,1541,37612.525519469935
0,1542,37645.75539432737
0,1543,37591.0968957375
0,1544,37626.91234028268
0,1545,37590.21797891386
0,1546,37555.21712240372
0,1547,37565.90701972179
0,1548,37523.91653568164
0,1549,37566.21193754916
0,1550,37546.55355050023
0,1551,37560.779210258144
0,1552,37573.86512493248
0,1553,37555.69620705198
0,1554,37574.690320432244
0,1555,37602.57766436366
0,1556,37587.26046075737
0,1557,37573.96810232457
0,1558,37558.120087233976
0,1559,37583.77348211424
0,1560,37578.40224179063
0,1561,37555.455713967196
0,1562,37587.679532300564
0,1563,37611.86940713256
0,1564,37630.40697998192
0,1565,37617.58076991308
0,1566,37623.96321697762
0,1567,37572.63951511405
0,1568,37566.53527559864
0,1569,37570.92354460273
0,1570,37594.20326123016
0,1571,37568.76448015379
0,1572,37554.67916725891
0,1573,37567.1362187659
0,1574,37546.17954942785
0,1575,37527.28810664845
0,1576,37564.67462377586
0,1577,37609.30520852143
0,1578,37602.3497328298
0,1579,37642.16632726663
0,1580,37618.38351028905
0,1581,37596.109597739
0,1582,37644.84953286858
0,1583,37598.66605047454
0,1584,37635.01616443438
0,1585,37611.94295083564
0,1586,37583.568100078584
0,1587,37614.68833140873
0,1588,37590.29653892856
0,1589,37548.040784974975
0,1590,37580.86353911805
0,1591,37574.570590917494
0,1592,37567.72151073469
0,1593,37563.0804782427
0,1594,37572.61986001104
0,1595,37571.60356898887
0,1596,37547.91101603462
0,1597,37532.87082146894
0,1598,37593.52634248816
0,1599,37627.232340556824
0,1600,37573.470401503066
0,1601,37597.82803004155
0,1602,37609.057105122134
0,1603,37620.646048926326
0,1604,37583.79664190187
0,1605,37576.600283727756
0,1606,37601.32578272384
0,1607,37570.88477680842
0,1608,37589.334113907506
0,1609,37574.8167600637
0,1610,37609.20629350971
0,1611,37589.696226120686
0,1612,37603.29441192586
0,1613,37576.34096997678
0,1614,37583.45867078487
0,1615,37619.056259674304
0,1616,37600.25806484589
0,1617,37597.40316128679
0,1618,37604.27009401817
0,1619,37594.44513814504
0,1620,37602.85636908613
0,1621,37558.76512476799
0,1622,37606.58523138187
0,1623,37622.52172169561
0,1624,37594.39801299415
0,1625,37599.77236667558
0,1626,37624.189322054546
0,1627,37618.28836954035
0,1628,37587.867900177705
0,1629,37576.211728863665
0,1630,37603.94130717193
0,1631,37581.035564377475
0,1632,37594.03117867133
0,1633,37654.47780164769
0,1634,37612.383459466284
0,1635,37585.510736551776
0,1636,37606.01522731547
0,1637,37575.289787737034
0,1638,37581.60378563267
0,1639,37604.854647590655
0,1640,37608.47690525143
0,1641,37576.427379460496
0,1642,37557.827859517136
0,1643,37533.722629105505
0,1644,37542.81448069055
0,1645,37574.12949351724
0,1646,37562.91876205461
0,1647,37530.33512327444
0,1648,37585.211313143394
0,1649,37578.08888076545
0,1650,37587.92258597757
0,1651,37601.489402104475
0,1652,37610.56220698425
0,1653,37616.225017589735
0,1654,37587.394881822554
0,1655,37591.4918970483
0,1656,37585.90249345171
0,1657,37586.37466298659
0,1658,37583.296127850575
0,1659,37577.61831450012
0,1660,37548.607734533485
0,1661,37549.788336374266
0,1662,37580.29567955079
0,1663,37574.99319290633
0,1664,37622.13263365555
0,1665,37673.34755566831
0,1666,37636.37542985343
0,1667,37645.64305032379
0,1668,37631.06506525585
0,1669,37599.13267859881
0,1670,37625.388692670116
0,1671,37621.62241497096
0,1672,37589.67920773021
0,1673,37588.137190928435
0,1674,37622.9456879735
0,1675,37607.0725249655
0,1676,37612.18889710646
0,1677,37604.45403310637
0,1678,37567.258486640545
0,1679,37564.277301061906
0,1680,37574.32076154813
0,1681,37572.12299854736
0,1682,37621.53197360732
0,1683,37595.41921912093
0,1684,37599.06715148194
0,1685,37624.392052615345
0,1686,37630.972078002225
0,1687,37616.29904787849
0,1688,37658.17359793345
0,1689,37618.53440638803
0,1690,37574.07672463263
0,1691,37614.23078490753
0,1692,37643.139875958565
0,1693,37628.72825183298
0,1694,37635.10095335284
0,1695,37588.95565370307
0,1696,37566.67082617318
0,1697,37587.6698253222
0,1698,37604.69819090023
0,1699,37607.08594036696
0,1700,37581.34979644427
0,1701,37608.208552589975
0,1702,37570.4855557538
0,1703,37575.91968795674
0,1704,37604.73006760602
0,1705,37590.26294092364
0,1706,37611.20005320843
0,1707,37632.264331076374
0,1708,37604.2625460553
0,1709,37605.881814416265
0,1710,37614.588367699784
0,1711,37597.43841083628
0,1712,37635.13741707239
0,1713,37609.092956364955
0,1714,37587.256828288344
0,1715,37573.345267144476
0,1716,37578.257440195994
0,1717,37607.4029409968
0,1718,37620.06567078373
0,1719,37607.436555728535
0,1720,37600.63005547783
0,1721,37544.18952250706
0,1722,37564.700210859904
0,1723,37581.11963632634
0,1724,37580.9961578789
0,1725,37535.90253549786
0,1726,37545.55329738987
0,1727,37557.698825197025
0,1728,37557.67740153846
0,1729,37606.437720757174
0,1730,37631.70063514531
0,1731,37634.081117535155
0,1732,37598.882695038854
0,1733,37586.12459552238
0,1734,37600.29094068811
0,1735,37615.96886627264
0,1736,37631.85670511811
0,1737,37609.713225217965
0,1738,37611.13478644498
0,1739,37609.50190656399
0,1740,37556.44897588506
0,1741,37589.39403890285
0,1742,37598.26785533537
0,1743,37612.004207189864
0,1744,37611.21089178438
0,1745,37648.00892249692
0,1746,37629.225040003104
0,1747,37621.56724988961
0,1748,37599.05959419825
0,1749,37582.413925238165
0,1750,37578.899637733586
0,1751,37537.81418215938
0,1752,37571.092122277165
0,1753,37553.555227172415
0,1754,37554.797877793986
0,1755,37615.34336221877
0,1756,37583.596705095435
0,1757,37604.07487554991
0,1758,37591.50400256094
0,1759,37633.466871630706
0,1760,37645.76799733585
0,1761,37638.741753422524
0,1762,37596.78931010548
0,1763,37591.22247190653
0,1764,37575.691902362574
0,1765,37558.19924571988
0,1766,37613.72521476209
0,1767,37652.34341885072
0,1768,37646.98370031398
0,1769,37640.578976947996
0,1770,37631.67712948237
0,1771,37633.87829321716
0,1772,37612.86843529246
0,1773,37653.43370245805
0,1774,37644.66531439202
0,1775,37628.2443319098
0,1776,37651.7708279378
0,1777,37621.87204017201
0,1778,37638.52369291193
0,1779,37564.09166471977
0,1780,37569.21547749377
0,1781,37597.18360082823
0,1782,37586.77183950108
0,1783,37600.897744582624
0,1784,37615.88945203935
0,1785,37630.23033236768
0,1786,37633.628993336766
0,1787,37640.53519076305
0,1788,37622.94950705413
0,1789,37627.81219429961
0,1790,37613.41737652662
0,1791,37634.403670835265
0,1792,37606.29356504719
0,1793,37627.3602820136
0,1794,37578.078454241804
0,1795,37580.38642055652
0,1796,37565.536628399655
0,1797,37559.80535133714
0,1798,37603.24734663318
0,1799,37638.35326248346
0,1800,37622.81119129056
0,1801,37642.720879836575
0,1802,37594.14712516359
0,1803,37576.39784180418
0,1804,37570.96420692708
0,1805,37577.70474873258
0,1806,37601.64591871852
0,1807,37623.63624983883
0,1808,37605.74503078693
0,1809,37581.24943929326
0,1810,37577.4173093364
0,1811,37594.40258140938
0,1812,37625.04082811845
0,1813,37625.66233455564
0,1814,37617.39957628966
0,1815,37598.48786772414
0,1816,37615.6937747268
0,1817,37601.98489095609
0,1818,37619.57987205201
0,1819,37578.751716097475
0,1820,37598.74103037228
0,1821,37641.325635909394
0,1822,37573.87306634217
0,1823,37606.01624902634
0,1824,37583.074198795046
0,1825,37563.31829118016
0,1826,37587.27000489141
0,1827,37597.47369416032
0,1828,37622.72336835657
0,1829,37601.4354688457
0,1830,37602.18923137116
0,1831,37571.17890216867
0,1832,37622.71346144383
0,1833,37637.2513114803
0,1834,37641.05485075974
0,1835,37645.0825860603
0,1836,37622.62087789901
0,1837,37629.549968544256
0,1838,37622.57599242994
0,1839,37596.053252218764
0,1840,37580.322227743054
0,1841,37591.75171196081
0,1842,37621.578883241345
0,1843,37566.76937171549
0,1844,37595.25542057979
0,1845,37631.04735712588
0,1846,37622.53460873207
0,1847,37589.24344996503
0,1848,37589.55773692967
0,1849,37622.081498774336
0,1850,37586.279715933066
0,1851,37611.59854766811
0,1852,37591.30612441549
0,1853,37610.6710526442
0,1854,37603.58993588482
0,1855,37618.36350806497
0,1856,37574.582883319454
0,1857,37561.87061478522
0,1858,37588.710061682155
0,1859,37559.75552033673
0,1860,37569.82526266366
0,1861,37583.77552575783
0,1862,37577.16108614304
0,1863,37619.07808481149
0,1864,37668.5898425213
0,1865,37611.00369796387
0,1866,37585.33380865868
0,1867,37545.28663451648
0,1868,37556.34540703216
0,1869,37544.25035435432
0,1870,37560.44808668299
0,1871,37553.470188074
0,1872,37590.498880584244
0,1873,37602.42661207627
0,1874,37614.52682855197
0,1875,37625.66108012482
0,1876,37641.646662432744
0,1877,37605.38764200361
0,1878,37558.51738779105
0,1879,37580.93454524643
0,1880,37578.601995484365
0,1881,37587.1124039464
0,1882,37621.17996203624
0,1883,37665.68870765599
0,1884,37665.37190971367
0,1885,37639.24231972874
0,1886,37656.454169553996
0,1887,37592.88920355458
0,1888,37579.01887681379
0,1889,37623.70061688
0,1890,37662.49327869042
0,1891,37636.31220464941
0,1892,37612.760947500385
0,1893,37596.387049356264
0,1894,37606.78500836796
0,1895,37635.68787032892
0,1896,37610.181277049
0,1897,37616.16678085304
0,1898,37604.735330289725
0,1899,37641.64940550404
0,1900,37621.63058204182
0,1901,37574.82099733497
0,1902,37655.636761986534
0,1903,37638.59409382836
0,1904,37577.795625734965
0,1905,37568.30743025486
0,1906,37574.89627721646
0,1907,37556.12042382457
0,1908,37576.65687985197
0,1909,37619.510584824515
0,1910,37624.26177370266
0,1911,37610.147608477804
0,1912,37629.244610629605
0,1913,37616.34626936925
0,1914,37602.45388004365
0,1915,37573.191734544154
0,1916,37591.144145694954
0,1917,37590.480904136675
0,1918,37604.50904774096
0,1919,37567.33020081047
0,1920,37567.026224088615
0,1921,37593.43755437099
0,1922,37600.44396856378
0,1923,37560.01424454786
0,1924,37568.24676247256
0,1925,37550.48082014147
0,1926,37534.20447989745
0,1927,37543.27764216084
0,1928,37568.93448172703
0,1929,37602.65319342438
0,1930,37608.348431212675
0,1931,37638.98960772912
0,1932,37620.78258539689
0,1933,37631.85205620925
0,1934,37610.772255448224
0,1935,37593.11542253903
0,1936,37604.86556670852
0,1937,37578.171731814255
0,1938,37577.20024177215
0,1939,37615.48720885556
0,1940,37628.126160729975
0,1941,37589.45246992075
0,1942,37633.689070856235
0,1943,37612.23399057278
0,1944,37602.91056950627
0,1945,37602.09892483214
0,1946,37606.4540444126
0,1947,37639.95821229343
0,1948,37638.22457143961
0,1949,37596.232336969326
0,1950,37599.56952473628
0,1951,37543.81920840767
0,1952,37596.38273045141
0,1953,37638.09587843402
0,1954,37610.33627171154
0,1955,37617.1392760407
0,1956,37622.43045841809
0,1957,37580.784297487444
0,1958,37612.38059805435
0,1959,37545.67749631219
0,1960,37575.02965334228
0,1961,37663.54481484033
0,1962,37613.55593217597
0,1963,37620.65055502746
0,1964,37628.88303506593
0,1965,37597.35007171983
0,1966,37580.11740798306
0,1967,37558.70000390234
0,1968,37596.28422055483
0,1969,37637.28458631328
0,1970,37657.874912164865
0,1971,37624.46979939641
0,1972,37588.97497461058
0,1973,37614.47298245004
0,1974,37610.85936671585
0,1975,37624.58973052451
0,1976,37608.10353320509
0,1977,37619.054277294505
0,1978,37588.98429079894
0,1979,37614.936552259496
0,1980,37623.71214596398
0,1981,37623.69945715652
0,1982,37591.99570285347
0,1983,37582.561311146885
0,1984,37578.04438108847
0,1985,37592.28129352037
0,1986,37567.60250091556
0,1987,37606.23258347237
0,1988,37604.50894619616
0,1989,37577.40052371461
0,1990,37600.83976494063
0,1991,37584.51236233957
0,1992,37581.525314886196
0,1993,37533.68032354527
0,1994,37592.36740477665
0,1995,37538.77320537995
0,1996,37588.1545837899
0,1997,37608.556669899015
0,1998,37593.966830519574
0,1999,37610.172078854725
1,0,37646.89360801013
1,1,37572.36375420257
1,2,37614.48060727998
1,3,37596.1816917139
1,4,37600.00211182865
1,5,37626.427132503355
1,6,37644.12216059
1,7,37650.71787188386
1,8,37635.49710325588
1,9,37573.71199832875
1,10,37598.89709948733
1,11,37646.06802046056
1,12,37615.90348801594
1,13,37594.0690481137
1,14,37601.34542142168
1,15,37554.16669514362
1,16,37608.568471135666
1,17,37609.00664606024
1,18,37672.737854477105
1,19,37650.19902432087
1,20,37587.10562057802
1,21,37608.81285090162
1,22,37576.254189728774
1,23,37573.900861589675
1,24,37621.043138268506
1,25,37585.98709041067
1,26,37555.84019621862
1,27,37581.10542398809
1,28,37627.910901639625
1,29,37591.549138120004
1,30,37570.52064468067
1,31,37573.999729744464
1,32,37596.21380855262
1,33,37642.23433908794
1,34,37619.261235922226
1,35,37578.92091811999
1,36,37633.687365907674
1,37,37680.62212581843
1,38,37681.20161833029
1,39,37619.39911371933
1,40,37651.03298915396
1,41,37591.7539045625
1,42,37643.521656945784
1,43,37632.85836773324
1,44,37626.66756372871
1,45,37626.40721898364
1,46,37604.58785246022
1,47,37589.72019751885
1,48,37589.18095286171
1,49,37553.45292242812
1,50,37604.90816882792
1,51,37587.02953477212
1,52,37592.03553767145
1,53,37583.35149954971
1,54,37582.78119000089
1,55,37548.35113462475
1,56,37555.16292489744
1,57,37581.274687965546
1,58,37614.826457374285
1,59,37644.3465112301
1,60,37617.37261478642
1,61,37632.76665014148
1,62,37636.01415850585
1,63,37647.10554087149
1,64,37610.80022387008
1,65,37604.341017624894
1,66,37600.5482063886
1,67,37569.87629726199
1,68,37590.610513904845
1,69,37601.10789641521
1,70,37558.65155655911
1,71,37579.77554668773
1,72,37598.39614869867
1,73,37566.516101901325
1,74,37572.6721002906
1,75,37605.394174427594
1,76,37615.584354937935
1,77,37606.1829035363
1,78,37638.47912894634
1,79,37604.64152435574
1,80,37575.53578104277
1,81,37612.09703991187
1,82,37591.785535652176
1,83,37620.31829370437
1,84,37578.17415610887
1,85,37597.71566465767
1,86,37593.75347248982
1,87,37576.24326663559
1,88,37567.56205950646
1,89,37551.64088929903
1,90,37581.53792416121
1,91,37616.95935952792
1,92,37577.52311434145
1,93,37596.44068366736
1,94,37625.48995273305
1,95,37601.70985368178
1,96,37596.018098456
1,97,37636.0114401969
1,98,37585.35699719579
1,99,37598.90075918909
1,100,37577.26446264556
1,101,37570.29624000546
1,102,37614.628300701326
1,103,37619.37394579979
1,104,37601.83714689827
1,105,37608.42447164864
1,106,37603.08812676597
1,107,37596.08472685947
1,108,37594.772067634294
1,109,37603.480657475986
1,110,37609.44778045419
1,111,37623.17721866952
1,112,37633.775816364294
1,113,37585.11790402543
1,114,37551.22797428909
1,115,37540.66750719521
1,116,37533.25667169993
1,117,37537.532021019775
1,118,37569.427968643446
1,119,37603.57856883721
1,120,37598.0610313655
1,121,37566.48210013716
1,122,37582.06475793239
1,123,37621.72905569263
1,124,37619.87056761356
1,125,37632.210411517524
1,126,37620.325559870165
1,127,37581.89558914263
1,128,37561.59177048212
1,129,37660.14281522131
1,130,37654.50913822021
1,131,37611.16679333552
1,132,37618.041098637994
1,133,37642.906700004736
1,134,37616.6248302739
1,135,37607.60928351623
1,136,37544.48542864309
1,137,37564.65633193273
1,138,37573.93033953808
1,139,37616.02882024273
1,140,37610.218789243285
1,141,37594.47748096358
1,142,37616.02314878817
1,143,37590.337708123065
1,144,37564.509908046275
1,145,37540.03292144245
1,146,37519.359880557015
1,147,37518.57807440405
1,148,37543.931366880504
1,149,37555.62473296293
1,150,37572.27961303423
1,151,37607.35150901023
1,152,37579.857930244005
1,153,37604.851999544124
1,154,37614.10672859081
1,155,37610.44098986896
1,156,37597.63008341499
1,157,37640.09386142174
1,158,37604.53758351693
1,159,37565.95398390617
1,160,37531.86233497658
1,161,37527.68176844877
1,162,37540.569159951585
1,163,37564.479002372034
1,164,37540.481358859055
1,165,37544.227219245266
1,166,37562.92217351355
1,167,37551.71279880117
1,168,37578.38861982759
1,169,37556.6087837781
1,170,37565.602721665855
1,171,37577.59629964182
1,172,37590.47673033823
1,173,37562.31089748688
1,174,37586.83234738505
1,175,37578.80827341059
1,176,37566.79630771996
1,177,37597.937141768205
1,178,37583.24474983092
1,179,37566.5721066385
1,180,37606.47806631906
1,181,37584.601018871304
1,182,37566.26348868949
1,183,37579.20091023696
1,184,37597.74296167703
1,185,37604.59787790506
1,186,37597.94371500857
1,187,37613.24447138642
1,188,37596.870143485794
1,189,37637.82001920466
1,190,37623.67323908184
1,191,37591.25314213406
1,192,37626.97672030235
1,193,37618.064588480134
1,194,37581.93512133911
1,195,37581.81682218319
1,196,37574.95558956833
1,197,37569.99088522303
1,198,37538.518328402
1,199,37548.72473414334
1,200,37556.90581343132
1,201,37571.359014392445
1,202,37617.31268252086
1,203,37598.89232899417
1,204,37615.03440759518
1,205,37624.19316350306
1,206,37612.856154421315
1,207,37594.95078080906
1,208,37588.116543230004
1,209,37595.734223594714
1,210,37619.16390094969
1,211,37649.93755622297
1,212,37635.698381653405
1,213,37616.58690355793
1,214,37601.36981572853
1,215,37618.95486907307
1,216,37589.27880481106
1,217,37571.182233313884
1,218,37621.59525957636
1,219,37611.21643637071
1,220,37598.303245249685
1,221,37591.78523394914
1,222,37600.128394801446
1,223,37612.335076415955
1,224,37629.68496844433
1,225,37613.15518991865
1,226,37589.730251248555
1,227,37610.530043754305
1,228,37637.758337871266
1,229,37621.39569278463
1,230,37612.14710610516
1,231,37594.41182428558
1,232,37584.82617720379
1,233,37609.21622018206
1,234,37568.3051042766
1,235,37603.78275985809
1,236,37575.98388589675
1,237,37605.44571892802
1,238,37574.994809065895
1,239,37585.51740480231
1,240,37613.090850042114
1,241,37607.07129963118
1,242,37567.73398933767
1,243,37561.95661879057
1,244,37555.551123675905
1,245,37546.6931384583
1,246,37582.04763424688
1,247,37592.64040707494
1,248,37603.485657799174
1,249,37599.88452935885
1,250,37570.58303991467
1,251,37594.869038794095
1,252,37609.740781761604
1,253,37570.238812970114
1,254,37624.28888040042
1,255,37649.66605544986
1,256,37592.92350297082
1,257,37634.07561482227
1,258,37650.16337327095
1,259,37623.478280798474
1,260,37659.60626772398
1,261,37603.000931137976
1,262,37626.04206943836
1,263,37626.03827136091
1,264,37620.29256817183
1,265,37599.06224804381
1,266,37594.52351772496
1,267,37585.08804311664
1,268,37565.05190671413
1,269,37599.58420474021
1,270,37571.94887275575
1,271,37602.30041910586
1,272,37583.76542611589
1,273,37557.56375313331
1,274,37601.63119732129
1,275,37555.677001479286
1,276,37580.66546955108
1,277,37613.69122581602
1,278,37582.10053077352
1,279,37602.55271549889
1,280,37594.272807330824
1,281,37611.6508547151
1,282,37582.97021307041
1,283,37589.269130702836
1,284,37592.66992473513
1,285,37623.69974258841
1,286,37591.75285499431
1,287,37630.22979484531
1,288,37588.2309500973
1,289,37583.07082442996
1,290,37581.57684308932
1,291,37580.10606011782
1,292,37605.526527908645
1,293,37545.28689954399
1,294,37576.32454868505
1,295,37644.28722551532
1,296,37675.10424968676
1,297,37639.67971974099
1,298,37578.41027152183
1,299,37550.93930254867
1,300,37590.817971833414
1,301,37599.03465085724
1,302,37643.31927501406
1,303,37657.44757896031
1,304,37655.3503673649
1,305,37590.061871816164
1,306,37602.107665335934
1,307,37633.30547734626
1,308,37580.074401733065
1,309,37554.006285867465
1,310,37553.67014916012
1,311,37574.54099543425
1,312,37597.46595473541
1,313,37591.20289127109
1,314,37571.857012888926
1,315,37554.570765207005
1,316,37600.18830017912
1,317,37580.60004286934
1,318,37615.494444532895
1,319,37596.07086845714
1,320,37571.46326923082
1,321,37595.661801865106
1,322,37630.55389030499
1,323,37598.259992881154
1,324,37595.764686024035
1,325,37566.53992887577
1,326,37584.8774793997
1,327,37603.178947893655
1,328,37597.322990683504
1,329,37595.63184709837
1,330,37594.97207285458
1,331,37571.41909581242
1,332,37583.477696176145
1,333,37592.66363114168
1,334,37593.152247204904
1,335,37644.84329529567
1,336,37626.191345130115
1,337,37595.54210462625
1,338,37586.87340177975
1,339,37594.8301207884
1,340,37576.22138213997
1,341,37599.99055972631
1,342,37614.615207551695
1,343,37614.04826596975
1,344,37588.380670234015
1,345,37576.80760485032
1,346,37593.230425081085
1,347,37563.59571600093
1,348,37578.2880613313
1,349,37586.84498597024
1,350,37575.244416576024
1,351,37581.757750856865
1,352,37552.74622009548
1,353,37585.84388044429
1,354,37608.402632610414
1,355,37588.22168238994
1,356,37581.092390240105
1,357,37574.721745843206
1,358,37600.73029340128
1,359,37640.29966385801
1,360,37638.79298843432
1,361,37642.32465378506
1,362,37631.92984508889
1,363,37627.79156548185
1,364,37604.42529872156
1,365,37603.16857679121
1,366,37608.62476608032
1,367,37618.08781506933
1,368,37583.68593813503
1,369,37583.22982761785
1,370,37607.738114815525
1,371,37615.616483960795
1,372,37634.77943732127
1,373,37694.856853241276
1,374,37684.23355579443
1,375,37628.436768308326
1,376,37641.06961381783
1,377,37594.95789595225
1,378,37590.20361006247
1,379,37566.442787920736
1,380,37554.52593754074
1,381,37560.80920415652
1,382,37590.55142435652
1,383,37552.340163881134
1,384,37597.610125412364
1,385,37598.53482933675
1,386,37597.3484997661
1,387,37598.981395802
1,388,37585.571640234855
1,389,37572.66399709923
1,390,37553.52457250394
1,391,37586.974461436126
1,392,37593.92844738471
1,393,37564.89353226214
1,394,37595.98038349336
1,395,37634.98509511852
1,396,37644.372991102435
1,397,37621.37437322365
1,398,37591.57968258542
1,399,37631.15364252737
1,400,37597.20461892435
1,401,37595.034549601376
1,402,37601.133637206556
1,403,37550.267739881616
1,404,37564.383407055095
1,405,37543.958629512126
1,406,37599.48802805929
1,407,37604.79103892826
1,408,37604.87206382202
1,409,37591.57807316151
1,410,37584.073861152
1,411,37607.592912887674
1,412,37606.89987619118
1,413,37630.41884574794
1,414,37577.55339954149
1,415,37567.82307285082
1,416,37543.91486968712
1,417,37533.763068697124
1,418,37566.45209653865
1,419,37580.805837603846
1,420,37609.58499188893
1,421,37579.52518849652
1,422,37581.149662440155
1,423,37593.248218089146
1,424,37583.23029176665
1,425,37591.53216964273
1,426,37577.28772912465
1,427,37577.161165283535
1,428,37590.34372668858
1,429,37579.48208096862
1,430,37602.66648625005
1,431,37631.451542104325
1,432,37645.82768833966
1,433,37630.66941341595
1,434,37616.6170140029
1,435,37622.782261198125
1,436,37581.02382298253
1,437,37561.78281115202
1,438,37598.90302062319
1,439,37607.25951220213
1,440,37636.99616252539
1,441,37634.05280170514
1,442,37584.78532276286
1,443,37616.60618728923
1,444,37633.47782208657
1,445,37621.745553747365
1,446,37615.16877184934
1,447,37595.06948766625
1,448,37595.397133791455
1,449,37594.59899109917
1,450,37591.294328190226
1,451,37624.11169461606
1,452,37606.25041273296
1,453,37609.86005760884
1,454,37586.79031673518
1,455,37581.98607568132
1,456,37591.936864466545
1,457,37621.660148923875
1,458,37615.31831261255
1,459,37588.9814283998
1,460,37609.22472940802
1,461,37611.519101087644
1,462,37590.978477967496
1,463,37605.66096365034
1,464,37606.9115577017
1,465,37640.307364087676
1,466,37640.830756854724
1,467,37615.88044997966
1,468,37596.69955576456
1,469,37619.07411518582
1,470,37619.75193049913
1,471,37668.498048549394
1,472,37640.01376106431
1,473,37605.52077541372
1,474,37633.91456422883
1,475,37614.46970313323
1,476,37583.05204344836
1,477,37557.08324968942
1,478,37611.75039772626
1,479,37643.33248031208
1,480,37638.779221306424
1,481,37678.951591210534
1,482,37667.214496679975
1,483,37630.94723985988
1,484,37605.80802607461
1,485,37619.00929766511
1,486,37606.99708042126
1,487,37595.3319503767
1,488,37586.16563936881
1,489,37617.62844879909
1,490,37601.421754048366
1,491,37582.867278725185
1,492,37596.784370863184
1,493,37622.12257291649
1,494,37625.52575118306
1,495,37589.80913089015
1,496,37543.89199378291
1,497,37561.80223993745
1,498,37595.951956368495
1,499,37616.79014413589
1,500,37594.784673639166
1,501,37562.68036336677
1,502,37543.5078128163
1,503,37588.681523333216
1,504,37618.67617633749
1,505,37537.81377452463
1,506,37558.21886240193
1,507,37522.28806564722
1,508,37532.2966444019
1,509,37529.593533855164
1,510,37541.50251109719
1,511,37558.32794278899
1,512,37537.266343381634
1,513,37556.99935724875
1,514,37555.81565831456
1,515,37580.533240876204
1,516,37610.51815525851
1,517,37614.44844005552
1,518,37565.701075461555
1,519,37533.00708653653
1,520,37558.216297408726
1,521,37576.55217432636
1,522,37593.46519959447
1,523,37612.3274100784
1,524,37617.69855277108
1,525,37599.089491383085
1,526,37612.861128378056
1,527,37607.63116990046
1,528,37587.98767899371
1,529,37552.870100157445
1,530,37587.5733171178
1,531,37617.54832929013
1,532,37599.516579993906
1,533,37576.99293224254
1,534,37605.63999806171
1,535,37608.850388049395
1,536,37618.022461838926
1,537,37573.925817052936
1,538,37610.49990762471
1,539,37604.176406315455
1,540,37576.398328814605
1,541,37585.38968341226
1,542,37585.81645628644
1,543,37570.7779157631
1,544,37583.80054172255
1,545,37582.02146091382
1,546,37612.08712013239
1,547,37601.94031220895
1,548,37585.82650664138
1,549,37590.10496804298
1,550,37613.80137924848
1,551,37613.18961858776
1,552,37631.32214069358
1,553,37597.11317769188
1,554,37594.38301218835
1,555,37591.99064093086
1,556,37627.63259005529
1,557,37618.341680960766
1,558,37629.809246422235
1,559,37613.69296027991
1,560,37591.853802294376
1,561,37605.32126322451
1,562,37571.7620607713
1,563,37574.2719122303
1,564,37590.84206041015
1,565,37631.19136941877
1,566,37663.43295506269
1,567,37617.24457997371
1,568,37624.83211927193
1,569,37650.38019376069
1,570,37640.0464712625
1,571,37655.97115655381
1,572,37626.39325709182
1,573,37602.86065663155
1,574,37615.42365848304
1,575,37614.12588959788
1,576,37582.18337958062
1,577,37590.12972146964
1,578,37583.30326507121
1,579,37571.378730104785
1,580,37590.22704234323
1,581,37620.93946276292
1,582,37625.698147502866
1,583,37598.502810132595
1,584,37617.56601876525
1,585,37599.51459186801
1,586,37606.11851470448
1,587,37610.08647944703
1,588,37648.496174386164
1,589,37612.471604320825
1,590,37617.374122959605
1,591,37662.080743627695
1,592,37596.00165505831
1,593,37576.38110187409
1,594,37596.96465787089
1,595,37572.11388448582
1,596,37621.885376319115
1,597,37624.160955292136
1,598,37616.454574975854
1,599,37629.06089060961
1,600,37635.02499316956
1,601,37641.126913444314
1,602,37672.12471586048
1,603,37647.513654915034
1,604,37611.23272765442
1,605,37652.396182833065
1,606,37653.709988011746
1,607,37662.81745576577
1,608,37622.16492762406
1,609,37603.49441654782
1,610,37600.28762147486
1,611,37631.70255245255
1,612,37659.386991902946
1,613,37620.17237723047
1,614,37645.14321610666
1,615,37670.06468243172
1,616,37613.66042515606
1,617,37601.10028470405
1,618,37585.04246745091
1,619,37622.23402780657
1,620,37625.63834697593
1,621,37594.08803024509
1,622,37636.516641603936
1,623,37644.776279051264
1,624,37635.192166155415
1,625,37602.72724384906
1,626,37594.43505257469
1,627,37616.24031599102
1,628,37624.67356467796
1,629,37603.06092907163
1,630,37643.00020118186
1,631,37568.36370888855
1,632,37591.60238239293
1,633,37588.06867197415
1,634,37618.88931919262
1,635,37613.61184406654
1,636,37571.84197395361
1,637,37570.05786522385
1,638,37587.78183961405
1,639,37540.0066277042
1,640,37542.44194471689
1,641,37556.50843029354
1,642,37567.37867588192
1,643,37594.1076344839
1,644,37582.41314159908
1,645,37585.71301327209
1,646,37562.49206117894
1,647,37530.326889574935
1,648,37549.1517826384
1,649,37560.79093328751
1,650,37601.898978912875
1,651,37553.56068978768
1,652,37541.35516045714
1,653,37576.29944433282
1,654,37595.4335551212
1,655,37582.05411300358
1,656,37590.93447620723
1,657,37613.41929458484
1,658,37635.61896329203
1,659,37625.38810911914
1,660,37650.96905983715
1,661,37663.2382728411
1,662,37618.523855321415
1,663,37591.19877510908
1,664,37590.08606542057
1,665,37570.04774711315
1,666,37550.01750504366
1,667,37594.70244546892
1,668,37659.80951469383
1,669,37605.745861202624
1,670,37601.514751409646
1,671,37592.27466490494
1,672,37587.98836571995
1,673,37632.49393803543
1,674,37660.15686673943
1,675,37609.91527523119
1,676,37615.062242957116
1,677,37618.890510298705
1,678,37607.296507472405
1,679,37607.412361011855
1,680,37616.96056615409
1,681,37548.13682022136
1,682,37541.43539824128
1,683,37567.14074080961
1,684,37608.69316949884
1,685,37587.94826069218
1,686,37562.89548052905
1,687,37555.49190092871
1,688,37557.952179641215
1,689,37607.991213797424
1,690,37615.35561937312
1,691,37619.06190345225
1,692,37624.19184235468
1,693,37587.64005746166
1,694,37597.86580396485
1,695,37628.26409901812
1,696,37628.488598139294
1,697,37599.759208970776
1,698,37661.89938530254
1,699,37649.130661049385
1,700,37622.70098286521
1,701,37589.96144221813
1,702,37591.58671235964
1,703,37596.03460170491
1,704,37600.004751441295
1,705,37591.846654377194
1,706,37576.49589711039
1,707,37570.49510264573
1,708,37586.068996496884
1,709,37582.02289823299
1,710,37564.208930645334
1,711,37602.45118357116
1,712,37597.16241296109
1,713,37566.593596218496
1,714,37584.53834403492
1,715,37577.67128963321
1,716,37625.23455190155
1,717,37583.46699512426
1,718,37610.098661337375
1,719,37635.61608144767
1,720,37646.521779999064
1,721,37633.73329032014
1,722,37601.633487322935
1,723,37620.18414910571
1,724,37607.203295313695
1,725,37598.734560565186
1,726,37614.39618746402
1,727,37565.09336048443
1,728,37536.45574829794
1,729,37527.37812374076
1,730,37557.71843591616
1,731,37550.1815865647
1,732,37614.589530761754
1,733,37585.07086736501
1,734,37600.2913926858
1,735,37591.009186140516
1,736,37556.986251674556
1,737,37515.73519415414
1,738,37523.25419725235
1,739,37533.597112540774
1,740,37554.48094055668
1,741,37525.921524921105
1,742,37553.465990010896
1,743,37591.7047266638
1,744,37584.63935549756
1,745,37585.40843272202
1,746,37591.7688380657
1,747,37520.131580530404
1,748,37599.042929066585
1,749,37553.18203907319
1,750,37556.43965215502
1,751,37551.07463632632
1,752,37582.55068551492
1,753,37573.80168145006
1,754,37574.53813658451
1,755,37581.29869278074
1,756,37597.15125407284
1,757,37587.738037756084
1,758,37595.47592874707
1,759,37622.227543518246
1,760,37600.24775729042
1,761,37606.91127556676
1,762,37591.35338037589
1,763,37560.64640045944
1,764,37597.456600625585
1,765,37595.581246228634
1,766,37568.13054960669
1,767,37601.18997084256
1,768,37607.7909334212
1,769,37573.80534223214
1,770,37563.523838455025
1,771,37538.18811120698
1,772,37563.481509385936
1,773,37553.04084723837
1,774,37573.937765156654
1,775,37606.487891571545
1,776,37616.59477956151
1,777,37628.39346968164
1,778,37586.41276147914
1,779,37607.906310263184
1,780,37577.97915686293
1,781,37602.64162581878
1,782,37582.10132640084
1,783,37603.06420611571
1,784,37591.73651626394
1,785,37606.19480887242
1,786,37577.79413753536
1,787,37597.58650071577
1,788,37582.866805151454
1,789,37575.281368837976
1,790,37582.47556353175
1,791,37601.39129832777
1,792,37650.533517218646
1,793,37628.72001891998
1,794,37624.654330124205
1,795,37602.52604241098
1,796,37633.652569391874
1,797,37666.3613357837
1,798,37643.12966578495
1,799,37645.24814204633
1,800,37595.41801080041
1,801,37588.05663957328
1,802,37591.262111465796
1,803,37632.84896817183
1,804,37633.12563214026
1,805,37601.575368468824
1,806,37600.74461395861
1,807,37641.966409682114
1,808,37617.12287378277
1,809,37622.56098324603
1,810,37594.70286854399
1,811,37619.4326763097
1,812,37631.63510385621
1,813,37631.50816576468
1,814,37620.379546071366
1,815,37589.57959611215
1,816,37604.133009407524
1,817,37603.14398311597
1,818,37633.74715269502
1,819,37643.6047184566
1,820,37622.68241710529
1,821,37601.01535043092
1,822,37578.88685138106
1,823,37570.79336832921
1,824,37606.47810921955
1,825,37609.48590759462
1,826,37586.856746357545
1,827,37601.722812265325
1,828,37608.9982978039
1,829,37646.68793844876
1,830,37645.86394865853
1,831,37580.35037625674
1,832,37572.26211530177
1,833,37566.82841794111
1,834,37621.67076386819
1,835,37621.896455322036
1,836,37574.007892751084
1,837,37573.43992129496
1,838,37618.64402600803
1,839,37622.28391975555
1,840,37608.931610471824
1,841,37563.73011637354
1,842,37556.32518365733
1,843,37525.9147401993
1,844,37575.84199858011
1,845,37577.93855701809
1,846,37602.119923634695
1,847,37609.889779652214
1,848,37617.580418899684
1,849,37599.55401184898
1,850,37600.21448004583
1,851,37589.256786225706
1,852,37563.08034330503
1,853,37569.58970043476
1,854,37588.78796000706
1,855,37575.56328313006
1,856,37584.91453356539
1,857,37568.83150449376
1,858,37563.88885387478
1,859,37616.22177534502
1,860,37629.93635041772
1,861,37637.37816911922
1,862,37577.75532744883
1,863,37574.141926794124
1,864,37570.15066705478
1,865,37577.61528883876
1,866,37609.848948971114
1,867,37578.13541753756
1,868,37577.156074361395
1,869,37597.73991150057
1,870,37602.26367547987
1,871,37608.33988937288
1,872,37586.10676736465
1,873,37584.34291103889
1,874,37579.19878552808
1,875,37588.80571413079
1,876,37625.7137575705
1,877,37541.85575359263
1,878,37518.04834499857
1,879,37564.40556611616
1,880,37600.64785041884
1,881,37628.46109362741
1,882,37605.11875717549
1,883,37617.17302601862
1,884,37599.00493233598
1,885,37557.069703015964
1,886,37535.24869965377
1,887,37596.774656363545
1,888,37564.14121211975
1,889,37617.823578051226
1,890,37607.525352025215
1,891,37597.12957053006
1,892,37596.95634018982
1,893,37606.60491109333
1,894,37598.22733411187
1,895,37607.76090381486
1,896,37592.69669976504
1,897,37622.23953206042
1,898,37568.88836697254
1,899,37611.6843423951
1,900,37578.44221355513
1,901,37555.142963831466
1,902,37614.51519494927
1,903,37623.6052053237
1,904,37664.367181282214
1,905,37657.94672405444
1,906,37620.069662453665
1,907,37604.40566505292
1,908,37607.93074724666
1,909,37594.326807116246
1,910,37599.45341329239
1,911,37582.45818708483
1,912,37565.42472608886
1,913,37577.360685001404
1,914,37590.23067341107
1,915,37583.33337733294
1,916,37608.72739186836
1,917,37597.78263025746
1,918,37568.20330855326
1,919,37556.861617863644
1,920,37580.694564831334
1,921,37574.023380406805
1,922,37619.098953731256
1,923,37639.202727119045
1,924,37619.25902087767
1,925,37633.71378995937
1,926,37617.032505582014
1,927,37614.741916767656
1,928,37671.337213397
1,929,37649.43931343557
1,930,37594.84552103592
1,931,37617.83959132776
1,932,37571.98169391813
1,933,37570.422104855235
1,934,37598.47478440655
1,935,37593.0373833714
1,936,37598.97916880653
1,937,37571.923578524686
1,938,37541.325980252106
1,939,37555.10037569531
1,940,37594.59782459602
1,941,37576.865859981335
1,942,37579.32024106172
1,943,37551.511897865916
1,944,37594.479057659424
1,945,37587.89690467301
1,946,37583.3157919017
1,947,37573.518156210244
1,948,37591.81545300917
1,949,37573.85845771535
1,950,37573.92140427896
1,951,37582.19993702971
1,952,37573.2486032897
1,953,37620.06230291594
1,954,37615.77898704185
1,955,37603.12040681428
1,956,37615.83027550242
1,957,37612.8886359708
1,958,37636.66435757079
1,959,37610.55216881524
1,960,37645.459889727135
1,961,37604.37400449556
1,962,37565.03648386732
1,963,37610.796495961295
1,964,37603.39100244319
1,965,37619.41067213411
1,966,37625.957184478306
1,967,37610.91012911263
1,968,37631.393051885854
1,969,37600.97889517713
1,970,37630.81199481253
1,971,37591.034543289294
1,972,37592.888974532674
1,973,37599.78646080688
1,974,37623.51437304186
1,975,37639.96962499664
1,976,37604.26998632239
1,977,37620.426025737506
1,978,37625.03388569715
1,979,37590.15377607505
1,980,37598.34775505786
1,981,37628.227355808485
1,982,37618.10790098867
1,983,37589.149661438634
1,984,37587.63710313733
1,985,37575.902794878726
1,986,37611.3327244036
1,987,37664.25524335694
1,988,37614.554911287225
1,989,37638.78959044866
1,990,37655.33754491346
1,991,37635.102408353545
1,992,37594.41440126161
1,993,37623.90606198628
1,994,37617.70979104062
1,995,37606.276011304624
1,996,37585.38368399342
1,997,37573.329610281246
1,998,37595.77201693382
1,999,37632.370494046285
1,1000,37609.77074308754
1,1001,37608.22724979804
1,1002,37612.4630931841
1,1003,37599.88566743927
1,1004,37578.93739468519
1,1005,37604.49048677185
1,1006,37625.30840111005
1,1007,37617.84149857945
1,1008,37614.081175733954
1,1009,37575.48288029822
1,1010,37555.280384250305
1,1011,37617.26486593643
1,1012,37608.159890641466
1,1013,37574.142405246595
1,1014,37597.62081473664
1,1015,37638.80156902915
1,1016,37626.385627290445
1,1017,37577.47289368005
1,1018,37532.47765208555
1,1019,37568.41621399565
1,1020,37586.91324274211
1,1021,37606.03499785163
1,1022,37590.41722024242
1,1023,37600.69316686719
1,1024,37611.651439094596
1,1025,37625.40191439344
1,1026,37672.54174691689
1,1027,37612.47943054278
1,1028,37588.721239728584
1,1029,37625.47566751835
1,1030,37645.23071514198
1,1031,37599.48344868945
1,1032,37547.246742402436
1,1033,37549.485049460265
1,1034,37550.140911294126
1,1035,37567.391606393
1,1036,37607.07142244887
1,1037,37641.39137139848
1,1038,37636.95836157514
1,1039,37599.926966241226
1,1040,37593.583613850315
1,1041,37599.826010094715
1,1042,37588.38251689066
1,1043,37570.318699335905
1,1044,37563.07973196881
1,1045,37541.70867732145
1,1046,37554.09610941209
1,1047,37579.130616431
1,1048,37626.656272914704
1,1049,37628.988697051645
1,1050,37620.19234819207
1,1051,37606.370577683
1,1052,37597.99301394911
1,1053,37590.00135975984
1,1054,37645.741100323634
1,1055,37659.917619187545
1,1056,37654.53359703567
1,1057,37606.90968867425
1,1058,37547.667338647785
1,1059,37552.87244492951
1,1060,37622.106697751224
1,1061,37619.41086486797
1,1062,37616.67085237338
1,1063,37594.953094801844
1,1064,37645.08451076073
1,1065,37646.40634664127
1,1066,37649.03355498694
1,1067,37602.90009378067
1,1068,37568.82554404958
1,1069,37593.201070617455
1,1070,37618.47905430308
1,1071,37595.58785461479
1,1072,37607.2447202278
1,1073,37606.0853053025
1,1074,37588.32017582109
1,1075,37637.3200771359
1,1076,37667.97577752637
1,1077,37628.8310176843
1,1078,37609.7878362588
1,1079,37603.25066051013
1,1080,37598.66263355814
1,1081,37587.664542643775
1,1082,37571.564267614915
1,1083,37578.644340520834
1,1084,37609.711348295226
1,1085,37583.745860135874
1,1086,37603.14131221421
1,1087,37620.58365130486
1,1088,37612.825316760085
1,1089,37616.31289122819
1,1090,37594.791725051036
1,1091,37575.603168757385
1,1092,37591.027249696235
1,1093,37641.5810094129
1,1094,37664.06222576248
1,1095,37614.00661466636
1,1096,37626.18743110905
1,1097,37614.366238101735
1,1098,37644.99144969498
1,1099,37610.577208167095
1,1100,37583.430259395565
1,1101,37584.065277418944
1,1102,37638.21614547164
1,1103,37607.07077340333
1,1104,37617.73066626034
1,1105,37585.819387651914
1,1106,37605.42954139487
1,1107,37580.31941943797
1,1108,37603.2503583205
1,1109,37578.05745360642
1,1110,37581.992628778346
1,1111,37600.3916834517
1,1112,37573.198126673306
1,1113,37610.731006379676
1,1114,37634.665196137335
1,1115,37582.88405748676
1,1116,37617.100252022836
1,1117,37615.09777575205
1,1118,37640.33563969132
1,1119,37572.260071814904
1,1120,37573.98174256493
1,1121,37556.19966528499
1,1122,37577.04858580613
1,1123,37586.10122465825
1,1124,37528.34414401458
1,1125,37565.90099248248
1,1126,37589.700826627544
1,1127,37583.81908194336
1,1128,37567.541173178026
1,1129,37575.3124225431
1,1130,37620.55868411232
1,1131,37614.38400143228
1,1132,37582.853445102315
1,1133,37622.39016016994
1,1134,37574.071336051384
1,1135,37603.85429143206
1,1136,37590.59978112745
1,1137,37583.944625022195
1,1138,37614.99360110016
1,1139,37607.945066377004
1,1140,37604.24641626042
1,1141,37574.00290722722
1,1142,37511.77294646348
1,1143,37529.36506170058
1,1144,37552.42294285277
1,1145,37545.973170530175
1,1146,37553.004418293676
1,1147,37602.217311165616
1,1148,37630.16839610949
1,1149,37603.922214447775
1,1150,37564.07333738574
1,1151,37543.66595894799
1,1152,37537.0511466946
1,1153,37544.22870999806
1,1154,37586.332583940246
1,1155,37575.79682596132
1,1156,37577.63685579679
1,1157,37596.05654940089
1,1158,37627.46969006781
1,1159,37580.34571338201
1,1160,37558.28769891541
1,1161,37568.65144467559
1,1162,37587.90796438949
1,1163,37577.219256327946
1,1164,37630.97603626221
1,1165,37630.476215990384
1,1166,37596.59508211977
1,1167,37615.580755548726
1,1168,37601.80254523569
1,1169,37625.29060604427
1,1170,37596.81468441709
1,1171,37580.43441885405
1,1172,37570.72356403316
1,1173,37609.06564448302
1,1174,37578.92401393876
1,1175,37582.882344736536
1,1176,37586.61886211263
1,1177,37597.96963487183
1,1178,37563.44942169682
1,1179,37584.53978200364
1,1180,37586.951325284856
1,1181,37572.56211335244
1,1182,37588.99307961528
1,1183,37550.09618470317
1,1184,37576.49041120307
1,1185,37594.357133988844
1,1186,37607.17451831143
1,1187,37601.76884141357
1,1188,37580.54302264441
1,1189,37613.879065396526
1,1190,37616.26313396416
1,1191,37618.788777028916
1,1192,37583.90939889437
1,1193,37636.07812285174
1,1194,37589.69618905345
1,1195,37587.45670367035
1,1196,37577.50061707914
1,1197,37594.027860276765
1,1198,37586.35858647154
1,1199,37587.23739527693
1,1200,37608.061391320094
1,1201,37565.298552552034
1,1202,37565.464637123354
1,1203,37552.475629950095
1,1204,37627.12238770917
1,1205,37643.01183941793
1,1206,37615.79141089359
1,1207,37617.20343742591
1,1208,37601.952835965836
1,1209,37588.02745860427
1,1210,37581.94705373194
1,1211,37586.051686509374
1,1212,37608.96620564338
1,1213,37576.46278147771
1,1214,37579.05086349357
1,1215,37586.959245552345
1,1216,37592.05290444288
1,1217,37587.63348881397
1,1218,37616.615987871504
1,1219,37625.10769637997
1,1220,37541.376932968946
1,1221,37531.02989654058
1,1222,37541.59553243825
1,1223,37599.36425328095
1,1224,37606.255837233824
1,1225,37613.997573089786
1,1226,37595.2612382093
1,1227,37589.29673300639
1,1228,37590.64112612331
1,1229,37612.48948461517
1,1230,37611.422233084435
1,1231,37628.59976440413
1,1232,37612.27360125334
1,1233,37592.59112693392
1,1234,37588.40942935813
1,1235,37563.543216569786
1,1236,37577.19618567391
1,1237,37597.01773269722
1,1238,37595.930715525385
1,1239,37598.107623996504
1,1240,37636.85994940153
1,1241,37652.83510311614
1,1242,37647.618030243364
1,1243,37641.60749416528
1,1244,37624.133602439964
1,1245,37621.554024767414
1,1246,37590.4597406876
1,1247,37605.057747893465
1,1248,37627.370206436506
1,1249,37589.466031170676
1,1250,37600.04403344403
1,1251,37639.39391010996
1,1252,37668.926496138316
1,1253,37622.871291436735
1,1254,37588.4519271379
1,1255,37611.27802979071
1,1256,37592.70076911536
1,1257,37605.04080469827
1,1258,37662.960409571606
1,1259,37595.42016994867
1,1260,37600.184346214104
1,1261,37600.01941318169
1,1262,37635.23627825988
1,1263,37638.256000584384
1,1264,37595.612791552274
1,1265,37594.613908355124
1,1266,37612.07642483255
1,1267,37579.56519236678
1,1268,37568.950591701294
1,1269,37564.93669315149
1,1270,37590.17514118254
1,1271,37605.345418602614
1,1272,37588.040221410694
1,1273,37626.04932669355
1,1274,37594.493184414154
1,1275,37624.158487377674
1,1276,37626.61139473197
1,1277,37621.5460095426
1,1278,37599.04868671159
1,1279,37597.693355820506
1,1280,37646.292188391526
1,1281,37672.35850533671
1,1282,37620.16787231445
1,1283,37608.87013826028
1,1284,37611.75021643599
1,1285,37611.93949736912
1,1286,37589.89101648343
1,1287,37607.954046966486
1,1288,37612.14846663777
1,1289,37646.35490688415
1,1290,37650.613604190556
1,1291,37612.62088488007
1,1292,37609.02443915708
1,1293,37578.918762297595
1,1294,37600.07177613019
1,1295,37592.02296473443
1,1296,37567.77290605973
1,1297,37558.843861044385
1,1298,37595.764993992285
1,1299,37613.494315001255
1,1300,37601.76306543086
1,1301,37565.35448152709
1,1302,37564.97724177289
1,1303,37562.7908217473
1,1304,37562.074177240436
1,1305,37577.96098488141
1,1306,37563.02024077187
1,1307,37583.19943633275
1,1308,37586.76882615596
1,1309,37576.79823176745
1,1310,37596.39159749185
1,1311,37628.79781578416
1,1312,37601.49695545429
1,1313,37594.997284570636
1,1314,37582.75148663373
1,1315,37609.709881014045
1,1316,37599.929901619376
1,1317,37622.824552975806
1,1318,37591.45655848476
1,1319,37591.66733021388
1,1320,37556.62276558299
1,1321,37589.646353625154
1,1322,37615.009158780056
1,1323,37604.57159499406
1,1324,37613.25892833171
1,1325,37637.08152675464
1,1326,37636.04097810968
1,1327,37619.21678548636
1,1328,37616.88126584698
1,1329,37611.21876896152
1,1330,37653.824464949656
1,1331,37640.752445013146
1,1332,37609.365422829134
1,1333,37627.66219807123
1,1334,37624.16458436549
1,1335,37639.84147614222
1,1336,37644.8240266253
1,1337,37629.00735637142
1,1338,37603.38727475363
1,1339,37607.10030793985
1,1340,37625.44624884224
1,1341,37618.16084764903
1,1342,37602.837127668216
1,1343,37594.222718202414
1,1344,37605.22272939949
1,1345,37630.50208157966
1,1346,37628.037018007344
1,1347,37624.635551420186
1,1348,37574.255515253484
1,1349,37575.7240115545
1,1350,37602.698526646716
1,1351,37581.35814093733
1,1352,37622.41479922492
1,1353,37590.5541883411
1,1354,37627.964263966685
1,1355,37653.030800788765
1,1356,37615.069988023395
1,1357,37595.43885039109
1,1358,37594.900268805155
1,1359,37609.27087349805
1,1360,37574.62328499496
1,1361,37544.83370825615
1,1362,37595.16994037667
1,1363,37627.55672137166
1,1364,37613.14788052456
1,1365,37578.98461037201
1,1366,37608.80014408737
1,1367,37642.2641298425
1,1368,37606.033127865536
1,1369,37569.02291246659
1,1370,37616.52487669397
1,1371,37612.66632004904
1,1372,37589.47785143281
1,1373,37615.24597361878
1,1374,37587.95146484076
1,1375,37604.66040992721
1,1376,37643.715913008244
1,1377,37655.60329256829
1,1378,37604.03833374793
1,1379,37588.93990168677
1,1380,37559.541249720205
1,1381,37592.5789684623
1,1382,37575.66203776524
1,1383,37565.373149924315
1,1384,37564.58345929261
1,1385,37567.49403675797
1,1386,37579.039817549216
1,1387,37618.194397421845
1,1388,37620.748318174046
1,1389,37649.086129997515
1,1390,37636.82050460852
1,1391,37636.16181622546
1,1392,37617.520939173446
1,1393,37625.221228444054
1,1394,37603.590462197
1,1395,37584.328775377486
1,1396,37603.87189961417
1,1397,37608.011844131484
1,1398,37597.95486149503
1,1399,37608.37263306229
1,1400,37655.945109996646
1,1401,37596.503580278906
1,1402,37564.34491779161
1,1403,37573.933616897324
1,1404,37546.312827440786
1,1405,37528.90341169991
1,1406,37595.44066124845
1,1407,37629.51444082131
1,1408,37609.00116502746
1,1409,37607.13575262982
1,1410,37593.92142664373
1,1411,37649.32695922172
1,1412,37679.17488994703
1,1413,37673.1899875636
1,1414,37600.85080006575
1,1415,37583.80145769508
1,1416,37581.06306887651
1,1417,37609.84560111969
1,1418,37615.967511316376
1,1419,37588.34169889337
1,1420,37625.866612631566
1,1421,37621.8973192819
1,1422,37568.312634550624
1,1423,37595.428242440146
1,1424,37581.402623055765
1,1425,37591.08724969475
1,1426,37582.073364094926
1,1427,37602.44007693638
1,1428,37578.476238904186
1,1429,37594.776547196874
1,1430,37631.445277628634
1,1431,37611.02244660145
1,1432,37609.89406627181
1,1433,37564.039768017334
1,1434,37617.3173142277
1,1435,37653.74967803903
1,1436,37630.44604999031
1,1437,37618.051015391975
1,1438,37618.836360738664
1,1439,37570.3724977333
1,1440,37549.42045802314
1,1441,37604.3314125492
1,1442,37643.96451798227
1,1443,37633.77316818939
1,1444,37601.08246462812
1,1445,37653.51523630837
1,1446,37648.14197012693
1,1447,37615.82091997519
1,1448,37619.534814344705
1,1449,37612.35739403398
1,1450,37572.75279125256
1,1451,37565.85006657069
1,1452,37621.13885888755
1,1453,37696.89362919434
1,1454,37625.99616284525
1,1455,37602.17196903921
1,1456,37558.226914851555
1,1457,37537.583818971594
1,1458,37586.54859442064
1,1459,37584.83567927195
1,1460,37563.01000860689
1,1461,37582.28415161591
1,1462,37574.40990193554
1,1463,37609.926553001445
1,1464,37574.650504389196
1,1465,37588.7521193863
1,1466,37589.04401214572
1,1467,37617.00936206616
1,1468,37605.84153273928
1,1469,37643.13440375116
1,1470,37611.522439509274
1,1471,37608.772939427
1,1472,37619.95953761878
1,1473,37559.10041829429
1,1474,37584.30806253984
1,1475,37587.3112631797
1,1476,37595.93572116336
1,1477,37650.89000480712
1,1478,37624.82553275028
1,1479,37669.67155799492
1,1480,37640.65371727381
1,1481,37612.646009629294
1,1482,37566.064083953155
1,1483,37617.52102286373
1,1484,37604.04468449625
1,1485,37608.08679952187
1,1486,37607.4344825234
1,1487,37610.336040726776
1,1488,37590.63261514181
1,1489,37600.6429694211
1,1490,37603.676964805614
1,1491,37643.077945758276
1,1492,37655.19220092975
1,1493,37649.16857517017
1,1494,37626.66891970237
1,1495,37603.320429390005
1,1496,37581.60009443873
1,1497,37613.006155189614
1,1498,37625.6220463759
1,1499,37647.73531806889
1,1500,37621.13182791362
1,1501,37628.907762710696
1,1502,37599.923197818294
1,1503,37666.933748246796
1,1504,37657.936378345235
1,1505,37622.96612883619
1,1506,37634.240282059756
1,1507,37636.993220101474
1,1508,37624.41594922199
1,1509,37590.803422936246
1,1510,37587.15563768309
1,1511,37591.98967753475
1,1512,37583.390190689526
1,1513,37594.26891708227
1,1514,37618.29705799449
1,1515,37609.180231088205
1,1516,37643.39135463044
1,1517,37609.5004960776
1,1518,37577.18459221326
1,1519,37609.6293204828
1,1520,37637.507100328796
1,1521,37589.38679265555
1,1522,37608.6799934966
1,1523,37611.9640947346
1,1524,37625.27857206054
1,1525,37591.9840299328
1,1526,37604.58004887073
1,1527,37636.752068563765
1,1528,37612.38920202548
1,1529,37598.08680441426
1,1530,37593.47437195519
1,1531,37601.74778108391
1,1532,37602.42455087295
1,1533,37577.94505829796
1,1534,37592.86959746865
1,1535,37579.82428768021
1,1536,37615.95846886837
1,1537,37605.61894304131
1,1538,37628.28348962653
1,1539,37656.23072653888
1,1540,37625.23862304765
1,1541,37642.60358954383
1,1542,37617.095824562835
1,1543,37564.68565586524
1,1544,37595.146030592565
1,1545,37630.69350145709
1,1546,37621.43392914982
1,1547,37589.23797357794
1,1548,37618.670357168994
1,1549,37619.23104184983
1,1550,37605.47814829179
1,1551,37596.54959405637
1,1552,37609.93180909616
1,1553,37637.65188531973
1,1554,37629.417306435
1,1555,37592.89750688866
1,1556,37609.802478219506
1,1557,37601.77888480928
1,1558,37588.81401116402
1,1559,37598.114279323556
1,1560,37596.52720032375
1,1561,37632.91990885603
1,1562,37594.196862875244
1,1563,37579.706124179786
1,1564,37585.759200476175
1,1565,37620.56609155222
1,1566,37560.444983090994
1,1567,37557.52690212768
1,1568,37526.18650769414
1,1569,37538.694586427606
1,1570,37571.78559324655
1,1571,37592.046674163685
1,1572,37585.01620075229
1,1573,37578.873495194486
1,1574,37603.777271954066
1,1575,37611.65360083151
1,1576,37614.75106334831
1,1577,37583.317506655614
1,1578,37567.24436847258
1,1579,37538.600379631585
1,1580,37531.95011234358
1,1581,37549.78599647088
1,1582,37548.54330195464
1,1583,37564.270268279455
1,1584,37596.4151737448
1,1585,37585.37524562828
1,1586,37566.06574157613
1,1587,37574.49038119726
1,1588,37574.30429431162
1,1589,37618.204723422954
1,1590,37622.94235956027
1,1591,37586.671885533025
1,1592,37597.006276603046
1,1593,37596.174776468506
1,1594,37583.103807648964
1,1595,37607.066464310534
1,1596,37601.06979779178
1,1597,37592.23905463378
1,1598,37616.01387719889
1,1599,37628.01161093288
1,1600,37611.166370241575
1,1601,37591.213573711306
1,1602,37605.760019427995
1,1603,37582.99858686447
1,1604,37601.44244115776
1,1605,37587.313147336274
1,1606,37597.89162437463
1,1607,37623.0386237542
1,1608,37622.63751213192
1,1609,37606.77422877322
1,1610,37596.80319244085
1,1611,37632.561295008956
1,1612,37613.23845742382
1,1613,37583.942705334564
1,1614,37561.658958437445
1,1615,37551.11649080954
1,1616,37559.66592719459
1,1617,37566.192208675806
1,1618,37610.7333518943
1,1619,37623.660128307165
1,1620,37577.16928621493
1,1621,37609.84878964682
1,1622,37604.69523633478
1,1623,37624.5380307196
1,1624,37605.731464483026
1,1625,37630.87607676163
1,1626,37601.805305732225
1,1627,37597.24247356222
1,1628,37630.0572251048
1,1629,37588.39326382659
1,1630,37565.63493599047
1,1631,37554.310646869664
1,1632,37578.30890614496
1,1633,37573.07464976882
1,1634,37584.94978024655
1,1635,37630.60306678046
1,1636,37602.90903061827
1,1637,37602.291120403344
1,1638,37590.45819080692
1,1639,37592.30454134375
1,1640,37563.314878522775
1,1641,37611.17558034739
1,1642,37616.83128579791
1,1643,37628.924703866884
1,1644,37692.23844692322
1,1645,37650.8766123553
1,1646,37606.74382322146
1,1647,37588.09632021616
1,1648,37596.04542106572
1,1649,37596.94286935011
1,1650,37575.43515057271
1,1651,37536.5943075109
1,1652,37572.054158563624
1,1653,37604.41382295775
1,1654,37585.52618594346
1,1655,37610.551722833436
1,1656,37600.604691179426
1,1657,37576.92143708556
1,1658,37600.995714082994
1,1659,37606.929098726374
1,1660,37583.13950353586
1,1661,37588.04347226623
1,1662,37588.68020860257
1,1663,37548.498647432265
1,1664,37605.72121231776
1,1665,37606.85950144135
1,1666,37605.377821935355
1,1667,37636.40679026833
1,1668,37580.10513618559
1,1669,37594.41546657401
1,1670,37586.0810648936
1,1671,37576.79138048447
1,1672,37585.08948972951
1,1673,37617.700782981155
1,1674,37616.5572719446
1,1675,37583.722183076825
1,1676,37600.96069734671
1,1677,37617.69408747221
1,1678,37623.84618314434
1,1679,37642.760172998205
1,1680,37623.09284450724
1,1681,37590.05510662403
1,1682,37580.60337323575
1,1683,37599.56861062794
1,1684,37591.10250113935
1,1685,37620.33413012467
1,1686,37612.63558548283
1,1687,37602.828221998556
1,1688,37580.29452457609
1,1689,37579.451250325714
1,1690,37559.12411903757
1,1691,37638.723684973214
1,1692,37612.86352894957
1,1693,37578.365837536774
1,1694,37598.935379670496
1,1695,37591.612967113986
1,1696,37579.254980568854
1,1697,37593.882442890754
1,1698,37581.74995240949
1,1699,37626.23342666116
1,1700,37611.95258424482
1,1701,37574.07563911056
1,1702,37585.41402371055
1,1703,37633.67405354949
1,1704,37622.42581627787
1,1705,37588.47727104562
1,1706,37569.24013413986
1,1707,37594.52016858071
1,1708,37577.60627334351
1,1709,37590.598630558634
1,1710,37577.778796695915
1,1711,37579.374413770376
1,1712,37571.76262696331
1,1713,37541.90459015483
1,1714,37549.58137762989
1,1715,37562.97467078711
1,1716,37542.2845411618
1,1717,37568.9109400992
1,1718,37582.170921751356
1,1719,37629.76432116026
1,1720,37631.9224617954
1,1721,37632.17338039284
1,1722,37628.539262162616
1,1723,37624.2813186192
1,1724,37638.242492454585
1,1725,37626.30397417552
1,1726,37598.765722757
1,1727,37603.408094894796
1,1728,37612.95208616641
1,1729,37594.465291979745
1,1730,37571.71104592777
1,1731,37564.71322612332
1,1732,37579.49100331329
1,1733,37562.09386309009
1,1734,37597.50371216289
1,1735,37620.543599324694
1,1736,37635.573534879426
1,1737,37609.082356585626
1,1738,37629.137118952356
1,1739,37605.5961195463
1,1740,37593.938234742476
1,1741,37610.54157223503
1,1742,37606.67940467101
1,1743,37626.79236779993
1,1744,37620.34415609625
1,1745,37578.74648308126
1,1746,37589.24810892976
1,1747,37581.39010415547
1,1748,37605.91481815691
1,1749,37639.93012370549
1,1750,37619.21120231389
1,1751,37592.20716679546
1,1752,37574.65908842863
1,1753,37573.18443038176
1,1754,37642.042933967015
1,1755,37638.54272828892
1,1756,37634.39069816422
1,1757,37630.523514519555
1,1758,37654.78174729864
1,1759,37645.21282434459
1,1760,37657.13737179463
1,1761,37688.87008301747
1,1762,37676.981589051866
1,1763,37620.022413471976
1,1764,37563.32702210784
1,1765,37573.316165853146
1,1766,37572.738669626386
1,1767,37589.917325950955
1,1768,37609.071126189396
1,1769,37598.60693397556
1,1770,37594.24126084599
1,1771,37604.821331169755
1,1772,37614.69278463296
1,1773,37608.386581882834
1,1774,37550.27394449694
1,1775,37570.455353478195
1,1776,37564.947346287525
1,1777,37589.25056928368
1,1778,37615.775881203685
1,1779,37588.28333744456
1,1780,37575.369198458044
1,1781,37523.17147300273
1,1782,37545.32203761325
1,1783,37538.02995759406
1,1784,37532.41047268163
1,1785,37625.67020277243
1,1786,37570.53028245132
1,1787,37598.07072091613
1,1788,37594.32791390075
1,1789,37609.3477193633
1,1790,37577.45080347617
1,1791,37582.792564578405
1,1792,37525.25871457184
1,1793,37555.51396866265
1,1794,37542.16468959245
1,1795,37560.33403738439
1,1796,37603.5908409343
1,1797,37594.20713979588
1,1798,37586.61065275974
1,1799,37595.15054365028
1,1800,37634.773600022025
1,1801,37548.20119063731
1,1802,37564.213915068365
1,1803,37544.885421388586
1,1804,37557.49252722684
1,1805,37597.15576663741
1,1806,37598.63524361227
1,1807,37622.218253730745
1,1808,37632.25317041469
1,1809,37634.691713416316
1,1810,37634.93334190298
1,1811,37670.26746270336
1,1812,37658.88365776336
1,1813,37604.86208832251
1,1814,37618.392281037595
1,1815,37633.76546281614
1,1816,37629.95512778203
1,1817,37619.47324810798
1,1818,37592.9617565735
1,1819,37604.87479812491
1,1820,37622.24679274797
1,1821,37569.88390120077
1,1822,37606.81406755155
1,1823,37619.60556995041
1,1824,37563.44946914575
1,1825,37537.40024118187
1,1826,37591.618111018746
1,1827,37599.70392822432
1,1828,37551.73324645866
1,1829,37580.6585861709
1,1830,37612.52097316913
1,1831,37642.807753527566
1,1832,37622.426433988956
1,1833,37556.21774239135
1,1834,37579.47986996753
1,1835,37601.12652634587
1,1836,37604.56911145519
1,1837,37647.877628035756
1,1838,37610.815906842436
1,1839,37562.5751467728
1,1840,37615.395551874215
1,1841,37586.621797723616
1,1842,37548.28959022791
1,1843,37513.91668146302
1,1844,37569.53302275504
1,1845,37596.504906753595
1,1846,37596.33769453695
1,1847,37606.169822919765
1,1848,37650.575550388225
1,1849,37620.6660917288
1,1850,37634.441861183084
1,1851,37593.66630166174
1,1852,37651.17564713849
1,1853,37629.91593455925
1,1854,37631.35459622982
1,1855,37586.03072768581
1,1856,37617.42512195857
1,1857,37623.46895318112
1,1858,37598.020292203226
1,1859,37577.77047092519
1,1860,37552.37327742052
1,1861,37566.13505929918
1,1862,37584.05926391821
1,1863,37593.270634012086
1,1864,37590.62796555106
1,1865,37593.764606241246
1,1866,37609.059241417795
1,1867,37632.684450988396
1,1868,37623.181255646
1,1869,37599.180425089384
1,1870,37587.94563755191
1,1871,37584.68923060842
1,1872,37616.05359553223
1,1873,37607.566202332
1,1874,37611.78674570688
1,1875,37606.45707197978
1,1876,37606.07908362843
1,1877,37581.51021240013
1,1878,37620.137068106655
1,1879,37590.807589138836
1,1880,37575.157910503716
1,1881,37620.82850944691
1,1882,37608.78793715457
1,1883,37614.75519307693
1,1884,37604.90610149151
1,1885,37567.87209339515
1,1886,37582.88616890995
1,1887,37572.066091971246
1,1888,37597.23082436605
1,1889,37559.304931439176
1,1890,37561.07207006324
1,1891,37588.43422016983
1,1892,37603.032167103316
1,1893,37582.941751578815
1,1894,37567.450490017436
1,1895,37589.00487814221
1,1896,37605.54014779766
1,1897,37602.11823409137
1,1898,37573.051197499335
1,1899,37613.70040463259
1,1900,37621.94580904095
1,1901,37591.45226393273
1,1902,37612.764213601564
1,1903,37574.13212471339
1,1904,37594.17919592241
1,1905,37605.22351260973
1,1906,37577.67406046943
1,1907,37580.864455725154
1,1908,37584.11632281828
1,1909,37577.8162390922
1,1910,37569.28051125135
1,1911,37576.2686619676
1,1912,37619.52781851173
1,1913,37643.49564286002
1,1914,37604.32248883129
1,1915,37606.01029517085
1,1916,37591.60679021471
1,1917,37606.66490892581
1,1918,37582.20563146404
1,1919,37579.55920865719
1,1920,37553.56959386792
1,1921,37619.683824522945
1,1922,37609.04947882527
1,1923,37576.23480416739
1,1924,37571.87106482903
1,1925,37597.2432313351
1,1926,37586.71031369008
1,1927,37535.72470223974
1,1928,37585.51417807173
1,1929,37603.06930876476
1,1930,37573.27413105489
1,1931,37577.57487871905
1,1932,37609.611914029716
1,1933,37593.04462337782
1,1934,37570.78012521665
1,1935,37591.529815779446
1,1936,37587.797817527084
1,1937,37656.406104866284
1,1938,37638.16410312741
1,1939,37618.07328030992
1,1940,37615.36628758986
1,1941,37598.17961597246
1,1942,37587.36373285416
1,1943,37616.04684053295
1,1944,37664.14035065062
1,1945,37646.02923604967
1,1946,37654.45609343409
1,1947,37620.76525301606
1,1948,37665.90240583567
1,1949,37666.77787899878
1,1950,37646.06240968596
1,1951,37608.773199737196
1,1952,37612.588322341246
1,1953,37627.242443484305
1,1954,37599.851050670804
1,1955,37604.379009006974
1,1956,37595.07289401626
1,1957,37606.649394896
1,1958,37611.08905685704
1,1959,37626.72937547542
1,1960,37632.019717508294
1,1961,37667.93584686524
1,1962,37585.68889088258
1,1963,37614.99711271668
1,1964,37603.10124608697
1,1965,37598.07263023214
1,1966,37604.71064596694
1,1967,37569.26074716523
1,1968,37576.28223585862
1,1969,37600.14935815176
1,1970,37636.75883806058
1,1971,37605.988382412914
1,1972,37608.23484525308
1,1973,37626.835698111565
1,1974,37637.57979353291
1,1975,37601.49402218321
1,1976,37574.88610980613
1,1977,37581.07445930821
1,1978,37546.810824199485
1,1979,37573.06370948069
1,1980,37551.27291890614
1,1981,37569.05267359058
1,1982,37584.144855626684
1,1983,37628.49445419266
1,1984,37659.70336150154
1,1985,37660.89987006602
1,1986,37636.75337468649
1,1987,37618.21298055375
1,1988,37627.693247196934
1,1989,37618.65710568236
1,1990,37620.18492513747
1,1991,37636.804077795285
1,1992,37628.74156263609
1,1993,37594.23512635857
1,1994,37604.322563710324
1,1995,37603.92280530075
1,1996,37653.35625605437
1,1997,37620.24014581624
1,1998,37613.59202387501
1,1999,37554.22289126185
2,0,37556.0761732473
2,1,37577.692661395115
2,2,37582.991726011765
2,3,37620.11048405647
2,4,37592.06487044401
2,5,37602.42553415471
2,6,37574.43535233697
2,7,37613.201447757536
2,8,37584.86573474514
2,9,37596.876589885
2,10,37558.86804598911
2,11,37615.7912682822
2,12,37601.56243430835
2,13,37617.695872411605
2,14,37640.33802928157
2,15,37632.03483833906
2,16,37621.07054559648
2,17,37565.061343661495
2,18,37598.27663725724
2,19,37653.49994678519
2,20,37596.87340270733
2,21,37602.17260251986
2,22,37591.616581889364
2,23,37589.02414322013
2,24,37618.80557831766
2,25,37595.09222061727
2,26,37620.98300217131
2,27,37593.721209162235
2,28,37588.0934666281
2,29,37609.137618713736
2,30,37603.9095361294
2,31,37594.98277366573
2,32,37591.062302460625
2,33,37578.71977467278
2,34,37629.84869156232
2,35,37578.410282904384
2,36,37581.93925719849
2,37,37588.764562186974
2,38,37569.55157809714
2,39,37584.33338216977
2,40,37620.90983178413
2,41,37589.74554223348
2,42,37556.23458560296
2,43,37621.6305834025
2,44,37580.27059791701
2,45,37535.273178511525
2,46,37571.37502098261
2,47,37614.227440401286
2,48,37584.87151736188
2,49,37593.51666312419
2,50,37567.25760730551
2,51,37598.41716808405
2,52,37604.76632900461
2,53,37597.74693276882
2,54,37589.257778931096
2,55,37586.48536858708
2,56,37609.42133083663
2,57,37576.03890764162
2,58,37556.86111590291
2,59,37600.05071511596
2,60,37590.12117494702
2,61,37619.932586438656
2,62,37612.50420929713
2,63,37588.14495569046
2,64,37594.123153502405
2,65,37608.922817661914
2,66,37595.6055238691
2,67,37575.72722581003
2,68,37600.74039664724
2,69,37613.93962076733
2,70,37559.34992565798
2,71,37563.24145517253
2,72,37558.759578519435
2,73,37575.481652330964
2,74,37605.26039448362
2,75,37622.20492237336
2,76,37573.96490987443
2,77,37630.60448720345
2,78,37606.7868447681
2,79,37580.68984458966
2,80,37585.241743536164
2,81,37595.34857171962
2,82,37612.75930814446
2,83,37592.07284648592
2,84,37594.16922802976
2,85,37561.83980711077
2,86,37552.5458904538
2,87,37577.87135425942
2,88,37584.26451635375
2,89,37595.460908596775
2,90,37616.2029081165
2,91,37574.43579375691
2,92,37580.41027382447
2,93,37577.235276131665
2,94,37542.73031475878
2,95,37609.655160398856
2,96,37624.80517779137
2,97,37617.59899899118
2,98,37637.80719483788
2,99,37597.937074632944
2,100,37609.86154241379
2,101,37577.452035999304
2,102,37573.432936224024
2,103,37543.35784572646
2,104,37584.34461250665
2,105,37535.74452793329
2,106,37589.41022431989
2,107,37605.50032503512
2,108,37578.79083585442
2,109,37605.008009149606
2,110,37563.934221194104
2,111,37646.79222266596
2,112,37595.5506282642
2,113,37630.35472651607
2,114,37650.397517535275
2,115,37645.251392303915
2,116,37621.39981387601
2,117,37610.629188340274
2,118,37606.49650695105
2,119,37615.79026774088
2,120,37610.410266556755
2,121,37624.43648041778
2,122,37624.610580850676
2,123,37608.59343750571
2,124,37611.02746083958
2,125,37616.70470362516
2,126,37574.506602940375
2,127,37599.10350111986
2,128,37580.185225064364
2,129,37608.90239885634
2,130,37592.1199039059
2,131,37594.229171933934
2,132,37577.22939177521
2,133,37568.210057325225
2,134,37553.31182532868
2,135,37586.226764242885
2,136,37612.58913904998
2,137,37662.53804667614
2,138,37666.28919227321
2,139,37631.98830414015
2,140,37634.14602127374
2,141,37588.43116103601
2,142,37563.03140123769
2,143,37590.92975190694
2,144,37578.28714627214
2,145,37547.47128797081
2,146,37544.7892970717
2,147,37618.53780799271
2,148,37553.21543673147
2,149,37581.178430664615
2,150,37558.288305909475
2,151,37579.4360774647
2,152,37599.07949927467
2,153,37542.73584614082
2,154,37521.42355615143
2,155,37563.025464357284
2,156,37557.88033306659
2,157,37539.42238775799
2,158,37562.010241716656
2,159,37576.74274375506
2,160,37536.586543090365
2,161,37566.404070483724
2,162,37536.21101279944
2,163,37556.8676028042
2,164,37534.943151627864
2,165,37536.667481273376
2,166,37566.556992179
2,167,37587.04917511028
2,168,37615.578736613534
2,169,37602.68750291008
2,170,37605.36727059627
2,171,37571.07177497041
2,172,37572.84229749028
2,173,37571.47147317434
2,174,37562.062873200164
2,175,37598.0097308409
2,176,37612.01385218825
2,177,37592.87057487487
2,178,37589.29093767748
2,179,37604.12249294285
2,180,37598.60153466514
2,181,37604.65419657747
2,182,37602.886615494324
2,183,37616.92199692159
2,184,37620.42726666238
2,185,37619.69833849488
2,186,37618.55574176384
2,187,37628.17298904123
2,188,37617.836594208595
2,189,37577.896096584474
2,190,37622.55262989305
2,191,37619.84235874687
2,192,37611.171180172205
2,193,37617.21882299545
2,194,37650.48436653574
2,195,37645.7917906063
2,196,37611.08978824478
2,197,37579.98550478321
2,198,37601.26670844419
2,199,37608.85396961517
2,200,37616.24297657092
2,201,37597.66650282806
2,202,37599.22584612018
2,203,37570.64335895641
2,204,37601.131507590384
2,205,37574.294169894965
2,206,37588.60914350412
2,207,37621.716572272606
2,208,37620.12991214713
2,209,37634.88142491245
2,210,37649.276594024064
2,211,37644.703447861524
2,212,37587.4646307462
2,213,37589.93476871801
2,214,37542.811314532126
2,215,37550.84837251465
2,216,37609.61808593327
2,217,37608.4395516642
2,218,37537.1666410484
2,219,37590.082077267536
2,220,37558.31003924524
2,221,37624.07316527894
2,222,37655.320879087274
2,223,37595.07485270638
2,224,37617.01569591611
2,225,37622.0851287224
2,226,37606.23800983658
2,227,37621.078808705155
2,228,37590.99227149509
2,229,37598.09358300999
2,230,37556.44876666114
2,231,37573.580076688435
2,232,37536.55303081619
2,233,37564.314331019814
2,234,37603.134150395184
2,235,37578.03070481748
2,236,37578.40722217609
2,237,37634.81034753559
2,238,37626.81435738658
2,239,37611.83281191756
2,240,37602.45879577725
2,241,37616.50194637579
2,242,37615.722764902224
2,243,37579.45145393686
2,244,37588.978708571
2,245,37589.39320298525
2,246,37588.6068993116
2,247,37605.9042466403
2,248,37638.27073086122
2,249,37602.46651766
2,250,37569.57121185679
2,251,37581.740318497505
2,252,37618.28918949416
2,253,37649.564692515254
2,254,37662.89696756686
2,255,37630.34510788374
2,256,37572.9571248758
2,257,37608.44648378927
2,258,37632.136149493665
2,259,37601.32271359432
2,260,37615.318190472644
2,261,37633.70766529769
2,262,37641.11228218647
2,263,37624.301563118985
2,264,37579.93041154154
2,265,37616.54409423015
2,266,37613.8465646012
2,267,37593.081349292464
2,268,37549.345225175224
2,269,37568.7579555717
2,270,37614.551549747266
2,271,37641.71747501334
2,272,37619.17203440617
2,273,37576.726965791175
2,274,37581.67988380231
2,275,37607.41404560657
2,276,37610.65807221086
2,277,37579.57269949423
2,278,37597.228674335594
2,279,37586.06321996394
2,280,37579.6781256178
2,281,37600.231448085724
2,282,37609.32494965298
2,283,37583.792456178664
2,284,37588.51119148196
2,285,37596.51594994
2,286,37590.56663592514
2,287,37610.094967296376
2,288,37639.36923793996
2,289,37631.04082680081
2,290,37600.189596794466
2,291,37642.72002058797
2,292,37626.0673174731
2,293,37569.325509739356
2,294,37564.465639228874
2,295,37538.73053065459
2,296,37622.352749552105
2,297,37645.453922084445
2,298,37638.96191053241
2,299,37631.642027217866
2,300,37637.73590620806
2,301,37557.68393507415
2,302,37600.000946522676
2,303,37603.90948733883
2,304,37610.92269837925
2,305,37618.51761459836
2,306,37581.185256585064
2,307,37582.93509803234
2,308,37591.473982662705
2,309,37594.85527681513
2,310,37590.61772272975
2,311,37593.059967795925
2,312,37553.87106977352
2,313,37561.05640389358
2,314,37604.68698815101
2,315,37632.89709480373
2,316,37639.36286605343
2,317,37630.959289207225
2,318,37603.93991094879
2,319,37612.37956005345
2,320,37612.397728753705
2,321,37613.68875698819
2,322,37558.60329411911
2,323,37591.888851672666
2,324,37567.39425563401
2,325,37585.761797764935
2,326,37587.802594561574
2,327,37578.5872076476
2,328,37569.414772244054
2,329,37579.39757144389
2,330,37594.749589535706
2,331,37598.944770979455
2,332,37598.019776570465
2,333,37595.79496849086
2,334,37590.68072068084
2,335,37607.20535913065
2,336,37598.46948049055
2,337,37638.15892525469
2,338,37584.32012682464
2,339,37614.84919721861
2,340,37612.38027337033
2,341,37610.32004892925
2,342,37560.18701750318
2,343,37557.29688692631
2,344,37575.264507247324
2,345,37594.82769361036
2,346,37588.1169579321
2,347,37581.554885724596
2,348,37587.943491920356
2,349,37633.11633100367
2,350,37623.079786162074
2,351,37661.51434839609
2,352,37662.49283536893
2,353,37571.607408123906
2,354,37558.93481130117
2,355,37568.4996086289
2,356,37600.98322828704
2,357,37587.248792489714
2,358,37556.81364310232
2,359,37569.78163436024
2,360,37576.56610491447
2,361,37599.75635283074
2,362,37601.716717512194
2,363,37588.120160957464
2,364,37592.96251140755
2,365,37612.779899358
2,366,37600.60435929182
2,367,37608.711794281815
2,368,37641.21504973659
2,369,37614.32738234852
2,370,37599.39115687692
2,371,37607.6961964564
2,372,37637.55801242264
2,373,37614.42227179041
2,374,37607.757748496035
2,375,37555.148879545915
2,376,37605.84593257757
2,377,37595.41857721124
2,378,37591.87244638828
2,379,37629.62065159139
2,380,37609.834166390254
2,381,37565.16543867454
2,382,37541.50572977319
2,383,37565.073956440516
2,384,37608.7900468225
2,385,37626.047082354016
2,386,37654.26242888479
2,387,37662.86093681014
2,388,37630.43424081244
2,389,37626.22409892424
2,390,37646.55336427501
2,391,37651.69859562136
2,392,37625.342115668456
2,393,37632.508698051664
2,394,37658.22747434525
2,395,37611.96635664996
2,396,37629.904268540144
2,397,37633.14586156213
2,398,37600.00386956318
2,399,37576.33084263063
2,400,37585.39293570646
2,401,37604.85511011348
2,402,37592.37601596465
2,403,37636.30296402054
2,404,37643.381610174045
2,405,37639.273409347996
2,406,37594.23820252728
2,407,37560.67181703849
2,408,37598.16553966268
2,409,37589.19590056853
2,410,37616.420125334604
2,411,37611.000241827795
2,412,37580.854984952115
2,413,37557.50366565322
2,414,37573.068715257235
2,415,37629.037668280216
2,416,37652.94904896134
2,417,37650.24473817456
2,418,37664.308537862205
2,419,37641.61827857943
2,420,37636.843204697616
2,421,37640.47554533846
2,422,37637.23291350343
2,423,37667.73031704882
2,424,37659.02352121547
2,425,37636.07342839109
2,426,37647.37021165834
2,427,37634.67121559332
2,428,37612.868906889176
2,429,37585.541800013736
2,430,37609.272649536724
2,431,37590.3364332182
2,432,37603.207009486905
2,433,37638.57154956625
2,434,37610.29923356549
2,435,37620.4725557839
2,436,37598.115612206435
2,437,37620.04280323068
2,438,37596.178692397654
2,439,37639.88407589705
2,440,37591.752562890484
2,441,37589.68618754367
2,442,37599.75945298286
2,443,37607.52016043394
2,444,37640.87386999016
2,445,37623.98671054197
2,446,37609.63018128489
2,447,37630.92084736758
2,448,37652.217773913886
2,449,37623.990306548374
2,450,37564.5332907856
2,451,37573.9651800491
2,452,37579.04473234685
2,453,37565.121895532604
2,454,37537.56887562711
2,455,37565.44021441641
2,456,37564.49125301941
2,457,37570.441193677405
2,458,37536.15991900657
2,459,37546.52676049268
2,460,37591.55945976767
2,461,37609.682397939636
2,462,37563.04503775385
2,463,37631.19176083313
2,464,37606.04030606179
2,465,37590.029595152846
2,466,37647.69893047053
2,467,37612.70634676841
2,468,37597.945881576175
2,469,37545.625919549166
2,470,37581.104238654094
2,471,37580.89005428418
2,472,37589.75141910518
2,473,37576.17769407046
2,474,37592.49785522302
2,475,37606.178896542355
2,476,37637.949022690605
2,477,37643.172503537484
2,478,37656.465896738475
2,479,37592.2540116729
2,480,37571.60350921162
2,481,37573.73727063055
2,482,37560.138676338844
2,483,37579.96305109891
2,484,37549.306260048405
2,485,37528.09980134847
2,486,37537.802619575654
2,487,37552.10026801477
2,488,37570.52319739262
2,489,37555.453569481346
2,490,37553.493810241955
2,491,37580.388953804046
2,492,37549.23793103267
2,493,37617.556590119806
2,494,37594.99503883233
2,495,37579.00738037108
2,496,37591.41918273524
2,497,37626.201580597015
2,498,37640.89205524571
2,499,37625.39378195571
2,500,37599.161102648344
2,501,37594.9007125305
2,502,37575.42906801756
2,503,37609.501072121195
2,504,37630.07604350907
2,505,37631.13330828123
2,506,37634.38392322532
2,507,37592.82815504682
2,508,37608.66036472823
2,509,37624.77697796624
2,510,37602.42014128336
2,511,37620.92095506712
2,512,37638.38819357688
2,513,37620.69376406522
2,514,37630.27141676553
2,515,37622.4942124465
2,516,37602.06807637732
2,517,37554.185208678915
2,518,37561.99740033491
2,519,37601.83781502577
2,520,37597.301773853666
2,521,37618.86448285962
2,522,37619.87121617681
2,523,37636.25855585885
2,524,37616.406300404386
2,525,37606.1275581566
2,526,37604.980814938026
2,527,37614.47761328184
2,528,37613.85806584965
2,529,37634.22906742307
2,530,37614.31996830691
2,531,37578.25096682755
2,532,37611.88858658926
2,533,37643.48783099461
2,534,37656.001685476804
2,535,37662.164398099136
2,536,37643.74103626407
2,537,37628.99392855524
2,538,37584.42253045852
2,539,37603.51232923481
2,540,37624.69394788822
2,541,37623.70949644842
2,542,37600.7369168435
2,543,37596.70549742038
2,544,37602.303195881315
2,545,37600.3846699508
2,546,37620.2417069624
2,547,37612.37840361875
2,548,37594.38166966037
2,549,37597.5901603138
2,550,37567.837042646934
2,551,37575.84656435118
2,552,37569.85076188297
2,553,37560.99249352011
2,554,37579.58999777177
2,555,37590.98831519716
2,556,37629.679538529446
2,557,37601.465436072496
2,558,37576.824826429256
2,559,37604.92528490946
2,560,37614.397126074546
2,561,37639.49451772651
2,562,37624.29717029415
2,563,37629.95653361182
2,564,37620.02671188272
2,565,37589.67409135542
2,566,37591.19514451586
2,567,37575.566890642505
2,568,37552.11463507599
2,569,37593.68109723248
2,570,37578.724395939105
2,571,37545.84213932075
2,572,37566.18564568201
2,573,37534.87108042448
2,574,37578.29611431714
2,575,37598.37183018972
2,576,37628.484402338254
2,577,37621.384367015045
2,578,37587.840392276805
2,579,37572.01285865739
2,580,37552.480086785414
2,581,37567.90811414914
2,582,37608.37732251175
2,583,37620.028349634944
2,584,37598.538003157184
2,585,37607.18694494332
2,586,37625.49168982032
2,587,37563.03645158524
2,588,37509.20457294885
2,589,37576.09895978257
2,590,37582.188576644425
2,591,37574.42951600191
2,592,37574.45005609884
2,593,37575.71659394828
2,594,37574.403849331204
2,595,37599.979008128204
2,596,37630.655301711835
2,597,37653.92024820157
2,598,37630.85556694838
2,599,37625.86484631474
2,600,37589.441749814134
2,601,37580.3685484872
2,602,37597.227334358955
2,603,37576.10227565001
2,604,37619.8929655007
2,605,37614.47341826581
2,606,37613.18835265962
2,607,37595.27535091372
2,608,37589.03341814323
2,609,37586.16905737955
2,610,37539.981867715
2,611,37536.085950091765
2,612,37570.619951166875
2,613,37586.151425817465
2,614,37616.54772986306
2,615,37594.36506487815
2,616,37586.66659650424
2,617,37595.2977893186
2,618,37593.767017434606
2,619,37619.894329734896
2,620,37665.122674314756
2,621,37639.76449436464
2,622,37606.27652170548
2,623,37592.872333252875
2,624,37618.96886442103
2,625,37612.66635432988
2,626,37602.26233754289
2,627,37543.97958124503
2,628,37551.32738192803
2,629,37561.64396887384
2,630,37567.349440783044
2,631,37597.64075000272
2,632,37629.571609813785
2,633,37635.35383944528
2,634,37633.22988704704
2,635,37568.481313585675
2,636,37573.733840526635
2,637,37637.93750120323
2,638,37597.6933059533
2,639,37622.25055115248
2,640,37565.22427313533
2,641,37613.31144500056
2,642,37574.71343589738
2,643,37572.40776088811
2,644,37554.22166209405
2,645,37562.40833030445
2,646,37574.8582790159
2,647,37600.77215770234
2,648,37594.584297502755
2,649,37598.82613267377
2,650,37638.024933325374
2,651,37588.59488117703
2,652,37594.93706893514
2,653,37589.820130554464
2,654,37631.75149191423
2,655,37623.48416020713
2,656,37582.5940664547
2,657,37589.37450550553
2,658,37602.03963812943
2,659,37608.96257480046
2,660,37572.689469814024
2,661,37619.450096156084
2,662,37617.41374884161
2,663,37601.4974863427
2,664,37595.92182816458
2,665,37616.557021703025
2,666,37604.674413267516
2,667,37591.9657774433
2,668,37565.206886984466
2,669,37603.40644968848
2,670,37636.49521416948
2,671,37650.28817362427
2,672,37622.61488180611
2,673,37631.47217301813
2,674,37611.44987892677
2,675,37644.20974515227
2,676,37590.96841123367
2,677,37594.706776242136
2,678,37601.80906809738
2,679,37602.73298292855
2,680,37606.45525527484
2,681,37562.9387159581
2,682,37567.045028090775
2,683,37555.22992845752
2,684,37588.208165150565
2,685,37605.36245692793
2,686,37602.733887659495
2,687,37588.6726138184
2,688,37591.317006845835
2,689,37592.82807300577
2,690,37636.20006367962
2,691,37640.42349906808
2,692,37624.438172198774
2,693,37584.90927919555
2,694,37593.179820611054
2,695,37629.11763895243
2,696,37639.60430041326
2,697,37637.66544940469
2,698,37601.82483591471
2,699,37596.420225435846
2,700,37599.497650552126
2,701,37543.88529082028
2,702,37571.76722700477
2,703,37568.20921321077
2,704,37587.02618723226
2,705,37599.04626222114
2,706,37557.920290331094
2,707,37583.944093324775
2,708,37602.03400602513
2,709,37634.71564034216
2,710,37606.18301445933
2,711,37608.365884123436
2,712,37614.55007594674
2,713,37598.299027072484
2,714,37588.28589260337
2,715,37581.000051040544
2,716,37566.55356064169
2,717,37582.66895294193
2,718,37604.610503568976
2,719,37618.810562912404
2,720,37644.86184834709
2,721,37651.10461514388
2,722,37640.46358791413
2,723,37623.27657889137
2,724,37616.256301187015
2,725,37642.33096111934
2,726,37648.41680381229
2,727,37590.69267255638
2,728,37580.25862640154
2,729,37611.4206966929
2,730,37572.11969890126
2,731,37594.56178415577
2,732,37652.26169069823
2,733,37645.78291736585
2,734,37603.199852835074
2,735,37620.608365594286
2,736,37644.564597342935
2,737,37693.454665171856
2,738,37653.92182559694
2,739,37602.852715787594
2,740,37633.00091108083
2,741,37596.73337740634
2,742,37647.448077731824
2,743,37580.51791377839
2,744,37579.37361865095
2,745,37607.96584309704
2,746,37661.47139120286
2,747,37637.34754590194
2,748,37655.14393088322
2,749,37622.03088297758
2,750,37624.82084576092
2,751,37587.99439672232
2,752,37607.94532655382
2,753,37579.185389214574
2,754,37645.61399616429
2,755,37612.46970263768
2,756,37617.184393362826
2,757,37619.78191502596
2,758,37613.88852671373
2,759,37596.73686523756
2,760,37567.90181554579
2,761,37545.83863656628
2,762,37541.900808171
2,763,37553.20555927518
2,764,37551.57549753405
2,765,37545.82142036566
2,766,37576.33782209141
2,767,37587.39477842335
2,768,37590.10731790373
2,769,37607.13688436207
2,770,37626.6855045996
2,771,37608.731890910734
2,772,37551.238050296946
2,773,37586.211862809985
2,774,37588.46886980951
2,775,37624.38538922605
2,776,37578.24258965813
2,777,37568.302447549766
2,778,37563.46324993686
2,779,37609.15310482285
2,780,37647.365041133125
2,781,37595.75342243318
2,782,37538.00381729576
2,783,37553.737631882344
2,784,37581.71000945625
2,785,37546.70695689292
2,786,37541.604566178576
2,787,37597.00790057698
2,788,37547.37885473965
2,789,37533.70403627843
2,790,37592.97190269007
2,791,37589.17162358202
2,792,37556.42681967308
2,793,37593.27518752266
2,794,37596.32571031356
2,795,37590.90806389959
2,796,37587.692055903804
2,797,37565.5237290109
2,798,37610.422779527544
2,799,37605.08417070963
2,800,37577.2748591415
2,801,37644.36985482428
2,802,37636.490251310155
2,803,37583.8937457101
2,804,37555.32706905469
2,805,37571.907961743775
2,806,37547.770673639905
2,807,37542.7511112142
2,808,37584.11755209809
2,809,37623.879064220775
2,810,37639.1855064895
2,811,37638.91494138107
2,812,37577.301544962786
2,813,37599.7662183287
2,814,37640.55660983055
2,815,37666.86848179006
2,816,37587.810918555675
2,817,37574.62215912349
2,818,37631.55535008765
2,819,37596.27495026681
2,820,37560.98532326012
2,821,37575.61576734299
2,822,37573.43060384864
2,823,37627.860978449164
2,824,37615.49218147476
2,825,37612.77081760724
2,826,37636.15563235171
2,827,37652.43760549726
2,828,37653.17250004894
2,829,37668.10116114417
2,830,37632.821550667264
2,831,37583.57213726137
2,832,37583.31969737072
2,833,37645.92069784553
2,834,37633.50178075357
2,835,37629.49659702643
2,836,37631.438799811775
2,837,37643.407922674975
2,838,37617.94977074311
2,839,37654.41041282971
2,840,37606.30518659512
2,841,37603.34539758527
2,842,37594.10876931905
2,843,37600.333558194296
2,844,37653.63355089665
2,845,37655.42671077662
2,846,37604.63991387724
2,847,37583.42753038005
2,848,37580.71306953769
2,849,37618.0429067044
2,850,37597.976696536876
2,851,37627.347646417395
2,852,37596.181108271434
2,853,37587.97944180688
2,854,37588.80839745368
2,855,37592.11191524705
2,856,37583.065027841265
2,857,37559.41319850205
2,858,37575.91731016511
2,859,37584.11605935606
2,860,37582.11995703152
2,861,37612.7709184039
2,862,37606.92407046014
2,863,37562.35039307457
2,864,37603.74820667435
2,865,37597.3647288173
2,866,37618.129489408835
2,867,37610.461969687
2,868,37602.08875425097
2,869,37589.503577950694
2,870,37605.65016286114
2,871,37630.21877473148
2,872,37651.36109633646
2,873,37655.708735953944
2,874,37648.70804464345
2,875,37634.10335158385
2,876,37587.899666191224
2,877,37620.427085390555
2,878,37589.22498649366
2,879,37592.962894126795
2,880,37587.19292738885
2,881,37608.60670975865
2,882,37588.46464944109
2,883,37596.0913506994
2,884,37613.57072165145
2,885,37619.68728961177
2,886,37588.782877022335
2,887,37560.10989728384
2,888,37587.3294741148
2,889,37604.274899473545
2,890,37586.43998490767
2,891,37559.86300262409
2,892,37615.026814744066
2,893,37636.95091254359
2,894,37633.672048383574
2,895,37616.61522212791
2,896,37565.25959432463
2,897,37606.99617317793
2,898,37587.525145641484
2,899,37599.5996278871
2,900,37590.44649847304
2,901,37613.45705783107
2,902,37604.62798742105
2,903,37600.69892768438
2,904,37569.06982531061
2,905,37589.51797118194
2,906,37589.08045155559
2,907,37615.388605804874
2,908,37555.80987886432
2,909,37585.7768823255
2,910,37598.7270558929
2,911,37638.58983742705
2,912,37610.25409661056
2,913,37583.33682104479
2,914,37598.07050672932
2,915,37641.980151422926
2,916,37629.99175729704
2,917,37624.94329278229
2,918,37590.585641146274
2,919,37579.00907994979
2,920,37617.66215134987
2,921,37574.57364493684
2,922,37578.585738803544
2,923,37600.02079744883
2,924,37578.91847540715
2,925,37581.192047105425
2,926,37591.39115001068
2,927,37632.07897321405
2,928,37616.69605887168
2,929,37596.861248245805
2,930,37621.31447666094
2,931,37598.15039448864
2,932,37602.7473323469
2,933,37589.67160958598
2,934,37589.90528273905
2,935,37606.616700033774
2,936,37624.07021560545
2,937,37607.28431007409
2,938,37602.61009735635
2,939,37642.301397911
2,940,37620.277546409285
2,941,37576.756449621935
2,942,37590.096371920896
2,943,37613.60427080844
2,944,37622.92597559979
2,945,37606.94456964569
2,946,37604.73918719332
2,947,37561.667833906744
2,948,37565.0611207863
2,949,37544.69591935491
2,950,37525.889590930776
2,951,37477.3247100668
2,952,37518.26562933996
2,953,37536.78074234671
2,954,37526.4260797799
2,955,37569.25110515605
2,956,37541.05975906467
2,957,37566.00753067128
2,958,37609.85910007688
2,959,37612.61239076511
2,960,37610.373994113674
2,961,37635.594047831415
2,962,37616.071474059856
2,963,37685.65073123465
2,964,37636.96314685115
2,965,37635.89723854901
2,966,37651.40519001168
2,967,37604.7666067897
2,968,37592.06129382762
2,969,37589.66616651596
2,970,37608.78963416582
2,971,37584.85165898421
2,972,37588.85704582856
2,973,37547.76592763382
2,974,37550.793675179775
2,975,37594.362929134295
2,976,37596.66386355705
2,977,37585.92131844715
2,978,37600.330154683084
2,979,37597.98314455405
2,980,37646.7534694228
2,981,37608.19186404374
2,982,37601.56606001737
2,983,37607.53817303043
2,984,37619.58764851362
2,985,37612.26598611455
2,986,37589.5181945421
2,987,37652.054257022945
2,988,37632.92051871823
2,989,37623.01075992914
2,990,37607.897075933244
2,991,37606.34637683546
2,992,37577.47314528942
2,993,37572.70252400572
2,994,37562.315516580675
2,995,37571.63379498399
2,996,37584.89020512544
2,997,37604.25915506322
2,998,37607.819769520735
2,999,37626.22648396434
2,1000,37605.41418976591
2,1001,37590.39748456537
2,1002,37619.10553986607
2,1003,37617.965543545964
2,1004,37577.38369273483
2,1005,37599.24776711018
2,1006,37593.90901699497
2,1007,37573.88306752565
2,1008,37579.865249213064
2,1009,37595.867969543295
2,1010,37628.90719918028
2,1011,37608.97826170111
2,1012,37617.48232153551
2,1013,37619.03609541646
2,1014,37582.74151462238
2,1015,37618.21650186852
2,1016,37564.19162553738
2,1017,37597.84289726085
2,1018,37634.31438087815
2,1019,37651.66050033831
2,1020,37620.45542699468
2,1021,37614.50511356869
2,1022,37647.6356495946
2,1023,37627.060081221774
2,1024,37602.690112222714
2,1025,37574.87415291907
2,1026,37588.676517390886
2,1027,37603.17646557846
2,1028,37595.99795175996
2,1029,37557.029096251616
2,1030,37529.3986535819
2,1031,37584.24186555094
2,1032,37572.89609060903
2,1033,37586.5854082134
2,1034,37632.533768409405
2,1035,37622.58999263749
2,1036,37609.121305975605
2,1037,37582.93840086431
2,1038,37563.02092197022
2,1039,37554.560754573
2,1040,37573.099868274556
2,1041,37603.07060311504
2,1042,37592.70253728651
2,1043,37584.904875418324
2,1044,37581.07302228397
2,1045,37598.31863891715
2,1046,37594.56759887127
2,1047,37579.709935733066
2,1048,37543.97275048496
2,1049,37552.89770752786
2,1050,37585.88377376064
2,1051,37564.100552595424
2,1052,37592.3909241142
2,1053,37630.12281550762
2,1054,37601.586178260644
2,1055,37613.79872587021
2,1056,37603.86529081146
2,1057,37618.74944750061
2,1058,37588.235502534415
2,1059,37603.67058581922
2,1060,37612.88876511824
2,1061,37610.776472891455
2,1062,37645.08580535036
2,1063,37631.840564225495
2,1064,37638.7184087371
2,1065,37614.52832589328
2,1066,37576.294837546346
2,1067,37623.0745166769
2,1068,37586.495917583736
2,1069,37565.483966474225
2,1070,37603.81544849797
2,1071,37599.06305982509
2,1072,37563.9232629772
2,1073,37620.619395980495
2,1074,37580.62172398391
2,1075,37565.722961487554
2,1076,37562.1402102893
2,1077,37590.08494728254
2,1078,37592.3107582877
2,1079,37587.069181157414
2,1080,37587.23903240758
2,1081,37596.700342153024
2,1082,37584.690819730946
2,1083,37587.958160810056
2,1084,37573.73499840309
2,1085,37579.797471682345
2,1086,37616.03146505219
2,1087,37619.589500021786
2,1088,37599.32919821782
2,1089,37589.86995632157
2,1090,37604.63282355297
2,1091,37576.89923656889
2,1092,37574.50226258347
2,1093,37556.821020852745
2,1094,37586.14198468413
2,1095,37551.60168177063
2,1096,37632.65352848124
2,1097,37630.59867101649
2,1098,37581.370529397944
2,1099,37549.00970897281
2,1100,37567.83526598238
2,1101,37587.77121486242
2,1102,37609.41961239921
2,1103,37577.96596316113
2,1104,37544.89293909945
2,1105,37550.54932472988
2,1106,37561.84206173948
2,1107,37549.73324749342
2,1108,37574.981573348145
2,1109,37597.750969597364
2,1110,37600.52646664026
2,1111,37591.73725874989
2,1112,37599.342271503825
2,1113,37601.52823755322
2,1114,37635.99582500425
2,1115,37625.03530415574
2,1116,37599.85870515408
2,1117,37592.16243302634
2,1118,37566.83087268684
2,1119,37605.677500842125
2,1120,37651.23551106335
2,1121,37633.25604933737
2,1122,37571.63500438082
2,1123,37635.52130898303
2,1124,37566.90687491141
2,1125,37613.895859874225
2,1126,37637.98095957108
2,1127,37599.70582807613
2,1128,37617.066430394145
2,1129,37572.9062864714
2,1130,37602.24923149197
2,1131,37591.230722921006
2,1132,37553.503236475844
2,1133,37584.41249623399
2,1134,37583.927471062845
2,1135,37602.235463100405
2,1136,37593.85283365155
2,1137,37538.10747667491
2,1138,37560.48453605568
2,1139,37611.32874914988
2,1140,37598.68640502154
2,1141,37603.74054588771
2,1142,37577.81077882995
2,1143,37609.90868692734
2,1144,37574.917089031114
2,1145,37580.465449715935
2,1146,37576.52782031338
2,1147,37585.38323499304
2,1148,37579.37423333725
2,1149,37613.19060138002
2,1150,37637.126019423784
2,1151,37588.96344049971
2,1152,37639.235754905465
2,1153,37607.930988898384
2,1154,37594.428122335
2,1155,37579.75842231662
2,1156,37579.3685817829
2,1157,37586.67293905167
2,1158,37638.04439142286
2,1159,37569.86478960036
2,1160,37617.450681841125
2,1161,37615.06220025462
2,1162,37618.582760740675
2,1163,37603.04471630255
2,1164,37607.83763410021
2,1165,37631.354361595295
2,1166,37627.79614419135
2,1167,37617.27970598748
2,1168,37640.472207089544
2,1169,37623.78991621876
2,1170,37584.619141744544
2,1171,37582.000050059825
2,1172,37612.53225397975
2,1173,37633.01718696642
2,1174,37573.56097710402
2,1175,37562.21869058176
2,1176,37630.894183240795
2,1177,37583.03730772388
2,1178,37572.75395492357
2,1179,37585.174916290205
2,1180,37591.04356248656
2,1181,37571.94922270515
2,1182,37577.264513599686
2,1183,37597.768637610694
2,1184,37611.235656507575
2,1185,37552.068886990026
2,1186,37597.52411184026
2,1187,37540.34530054896
2,1188,37522.87436975725
2,1189,37548.83260747598
2,1190,37542.36746129598
2,1191,37544.58272516264
2,1192,37579.72396804465
2,1193,37599.56705115331
2,1194,37576.17440536983
2,1195,37552.21777815483
2,1196,37554.597445196865
2,1197,37596.91880273627
2,1198,37593.857297285176
2,1199,37575.66645418945
2,1200,37610.73100654359
2,1201,37624.08626314801
2,1202,37655.263432220214
2,1203,37608.46824619224
2,1204,37587.18035997536
2,1205,37577.733694946735
2,1206,37558.099063311754
2,1207,37564.952085254954
2,1208,37588.59732411296
2,1209,37549.661661055005
2,1210,37590.81643695491
2,1211,37620.65852977719
2,1212,37631.65613855107
2,1213,37635.33719440641
2,1214,37607.85762063627
2,1215,37613.99454927427
2,1216,37637.78712906472
2,1217,37606.95365249514
2,1218,37622.358707778374
2,1219,37658.02758972972
2,1220,37619.18341477975
2,1221,37620.05717778715
2,1222,37617.55935957648
2,1223,37575.25002850305
2,1224,37575.186723896106
2,1225,37620.55912506096
2,1226,37633.4992485659
2,1227,37622.22926011576
2,1228,37631.4021004475
2,1229,37584.786205163546
2,1230,37543.17229136488
2,1231,37562.93221277099
2,1232,37612.4412585094
2,1233,37622.25206066803
2,1234,37584.655603058025
2,1235,37628.37352838986
2,1236,37629.00405869902
2,1237,37648.106660003774
2,1238,37621.33918989368
2,1239,37614.70769846252
2,1240,37604.6237983108
2,1241,37618.24232180147
2,1242,37621.72630893277
2,1243,37625.7028508164
2,1244,37594.15630225033
2,1245,37594.29735737496
2,1246,37603.56913058133
2,1247,37576.103975837905
2,1248,37557.748767099954
2,1249,37576.67561413345
2,1250,37556.146990773464
2,1251,37511.28391741627
2,1252,37535.29356263517
2,1253,37551.1476767705
2,1254,37595.457592624734
2,1255,37617.257462650065
2,1256,37632.7558270645
2,1257,37578.064289518516
2,1258,37604.78605180486
2,1259,37606.33287334635
2,1260,37592.18402951974
2,1261,37585.78434042486
2,1262,37620.781298984075
2,1263,37591.338619978254
2,1264,37588.886607322755
2,1265,37642.77945844084
2,1266,37600.095820366834
2,1267,37583.89376636195
2,1268,37617.862855170475
2,1269,37609.95412013232
2,1270,37602.54365718925
2,1271,37640.54690475623
2,1272,37621.17101069166
2,1273,37644.09829180902
2,1274,37633.11008692514
2,1275,37632.8568058388
2,1276,37618.90701412359
2,1277,37595.69546084087
2,1278,37614.33028858962
2,1279,37604.08106879002
2,1280,37596.964252533326
2,1281,37542.05568404097
2,1282,37569.998743658136
2,1283,37564.08995451371
2,1284,37554.4491148987
2,1285,37539.19586980419
2,1286,37556.69781697303
2,1287,37557.395679226596
2,1288,37591.290598692
2,1289,37591.13627140038
2,1290,37608.68418936499
2,1291,37571.763842883556
2,1292,37567.234119745044
2,1293,37570.0382690579
2,1294,37615.49248234763
2,1295,37606.39997331414
2,1296,37579.53473255267
2,1297,37595.93724176344
2,1298,37590.73752808043
2,1299,37590.69608665416
2,1300,37625.00140316739
2,1301,37612.1814407795
2,1302,37580.75597350383
2,1303,37568.005489852396
2,1304,37601.40963724186
2,1305,37605.15642537583
2,1306,37565.74711272164
2,1307,37547.26140866948
2,1308,37532.25969495963
2,1309,37509.811129707785
2,1310,37545.73459717145
2,1311,37578.89203487719
2,1312,37579.07762514505
2,1313,37561.21130587247
2,1314,37593.65932467587
2,1315,37574.993724770815
2,1316,37558.07225952472
2,1317,37549.65470189137
2,1318,37538.64928052597
2,1319,37553.27372409775
2,1320,37561.08127417605
2,1321,37594.20213143329
2,1322,37601.44127993631
2,1323,37622.57868622686
2,1324,37623.43627555731
2,1325,37611.81965271067
2,1326,37631.1579417969
2,1327,37633.14438317628
2,1328,37597.58731064614
2,1329,37571.851360208544
2,1330,37589.00507733851
2,1331,37574.05993948159
2,1332,37608.279293773165
2,1333,37601.56809439586
2,1334,37640.41103812613
2,1335,37600.54694878855
2,1336,37591.599998330064
2,1337,37575.47199217822
2,1338,37577.03498818426
2,1339,37588.601952780846
2,1340,37618.05775674094
2,1341,37610.68598431492
2,1342,37605.812377740556
2,1343,37571.862432543756
2,1344,37577.73084221368
2,1345,37587.16695358555
2,1346,37664.480252953515
2,1347,37630.306115251326
2,1348,37596.38492279188
2,1349,37627.216601968845
2,1350,37570.98300358658
2,1351,37602.448756893464
2,1352,37565.531414166486
2,1353,37549.898936663325
2,1354,37596.0436934893
2,1355,37595.03384373917
2,1356,37660.8218324843
2,1357,37572.776271115945
2,1358,37567.09957399691
2,1359,37594.92575151039
2,1360,37570.8121949265
2,1361,37596.249155038066
2,1362,37603.330439481055
2,1363,37622.6818503497
2,1364,37608.8097464796
2,1365,37600.685832122675
2,1366,37602.741782759025
2,1367,37620.10873995416
2,1368,37546.130598027186
2,1369,37569.57598846898
2,1370,37546.81009409005
2,1371,37598.255811557654
2,1372,37603.73742455622
2,1373,37627.143537595235
2,1374,37600.152059738175
2,1375,37568.06457487524
2,1376,37565.077656327216
2,1377,37594.88126885252
2,1378,37578.03031168567
2,1379,37594.93065511392
2,1380,37591.681322937184
2,1381,37583.07665882494
2,1382,37572.38036685396
2,1383,37571.855755761324
2,1384,37584.77601195631
2,1385,37585.36775803801
2,1386,37581.71383219324
2,1387,37603.91220146814
2,1388,37586.951516578476
2,1389,37571.900405633576
2,1390,37590.62762187102
2,1391,37610.87466600149
2,1392,37604.37474525368
2,1393,37625.44907817143
2,1394,37610.33550766096
2,1395,37608.375118460586
2,1396,37570.35157007574
2,1397,37571.59380454157
2,1398,37565.19683856096
2,1399,37594.92849676959
2,1400,37601.05214812052
2,1401,37605.8190190372
2,1402,37619.36461301854
2,1403,37617.25192200564
2,1404,37643.2726718671
2,1405,37597.77153071885
2,1406,37565.02283585447
2,1407,37578.378856482654
2,1408,37592.93743636357
2,1409,37596.35513369385
2,1410,37583.39051632655
2,1411,37599.04222046201
2,1412,37633.75931068601
2,1413,37620.07091049486
2,1414,37586.44035146202
2,1415,37585.192797075084
2,1416,37601.136443447045
2,1417,37615.70007497663
2,1418,37612.694835294256
2,1419,37622.51161749013
2,1420,37608.474535777386
2,1421,37636.68947767309
2,1422,37629.530162833624
2,1423,37619.31447705751
2,1424,37618.625571204924
2,1425,37605.599229391875
2,1426,37599.73115401262
2,1427,37586.52804657874
2,1428,37613.80355257362
2,1429,37605.46095996132
2,1430,37596.84116193645
2,1431,37575.46222491902
2,1432,37586.48826488892
2,1433,37590.158661875146
2,1434,37586.75121427548
2,1435,37561.65008962522
2,1436,37565.477751255385
2,1437,37549.099456593925
2,1438,37591.53530721336
2,1439,37566.13043294477
2,1440,37594.05721795996
2,1441,37546.578387199705
2,1442,37590.1185991196
2,1443,37659.14102700795
2,1444,37645.71966527582
2,1445,37631.308199937244
2,1446,37585.70666112287
2,1447,37626.19530926333
2,1448,37610.87640369621
2,1449,37599.364129947164
2,1450,37590.88537296731
2,1451,37571.77575215303
2,1452,37592.087946267384
2,1453,37581.91479831899
2,1454,37625.66638375122
2,1455,37656.26469920808
2,1456,37653.19495409449
2,1457,37647.35760863258
2,1458,37619.43388328901
2,1459,37612.65337441852
2,1460,37625.10741222785
2,1461,37634.48000845339
2,1462,37617.368130160845
2,1463,37613.65882979659
2,1464,37594.57158818373
2,1465,37634.32166085531
2,1466,37599.24897509626
2,1467,37583.34383590467
2,1468,37606.88409755387
2,1469,37628.69894758946
2,1470,37618.03455729749
2,1471,37610.73306559587
2,1472,37610.09419701323
2,1473,37625.79058185654
2,1474,37591.12962074815
2,1475,37622.31005111338
2,1476,37567.26679918409
2,1477,37599.52475237105
2,1478,37598.88240850832
2,1479,37636.75771396719
2,1480,37592.76410585117
2,1481,37620.33403825318
2,1482,37599.202818718884
2,1483,37594.53084564753
2,1484,37583.68853231049
2,1485,37579.91245217459
2,1486,37619.40195168145
2,1487,37600.095833346066
2,1488,37589.162678175046
2,1489,37560.901187942814
2,1490,37570.811172835245
2,1491,37532.58193635797
2,1492,37598.89968757004
2,1493,37615.63193732235
2,1494,37621.42225576118
2,1495,37589.02590889311
2,1496,37595.478208664135
2,1497,37580.552624223106
2,1498,37589.057765573474
2,1499,37580.65418896065
2,1500,37606.35813994626
2,1501,37627.05565273608
2,1502,37600.84217358995
2,1503,37554.03680729145
2,1504,37549.85892833965
2,1505,37580.69967912394
2,1506,37579.44810626082
2,1507,37614.657766063974
2,1508,37592.01882860079
2,1509,37591.71802069322
2,1510,37554.417064370275
2,1511,37645.39515128746
2,1512,37625.37011094747
2,1513,37547.16289825515
2,1514,37501.43524746957
2,1515,37521.16644943525
2,1516,37543.61638358351
2,1517,37573.89566953023
2,1518,37574.0666765736
2,1519,37550.569894629094
2,1520,37552.22527069873
2,1521,37594.51744373273
2,1522,37595.18942647266
2,1523,37582.90558229022
2,1524,37567.5957634116
2,1525,37574.39477960008
2,1526,37582.5523166726
2,1527,37566.95089397851
2,1528,37560.88147242632
2,1529,37563.95485945504
2,1530,37600.754780825104
2,1531,37537.68025894779
2,1532,37558.731651160364
2,1533,37592.439769153934
2,1534,37565.87629427751
2,1535,37559.486802963205
2,1536,37582.408120753236
2,1537,37597.24785073875
2,1538,37599.36576539363
2,1539,37590.394922732965
2,1540,37591.73724138129
2,1541,37581.539970376056
2,1542,37628.732392273836
2,1543,37620.77596046688
2,1544,37605.68883963411
2,1545,37613.36913621154
2,1546,37588.8665529264
2,1547,37569.64318701379
2,1548,37606.75115016097
2,1549,37597.45911081522
2,1550,37602.169540193776
2,1551,37605.84568072501
2,1552,37564.66143640245
2,1553,37575.20076218078
2,1554,37567.074163571066
2,1555,37584.14861309265
2,1556,37574.88509775924
2,1557,37650.82327901044
2,1558,37648.37043445367
2,1559,37572.99344127106
2,1560,37606.305557352454
2,1561,37586.12675638937
2,1562,37578.46126746304
2,1563,37589.710055737836
2,1564,37578.835274918536
2,1565,37601.6291577233
2,1566,37600.24791946844
2,1567,37621.21166860945
2,1568,37627.518011601736
2,1569,37641.68484850862
2,1570,37648.0788577946
2,1571,37648.59960672762
2,1572,37653.733986318155
2,1573,37651.78389200455
2,1574,37645.81623085302
2,1575,37661.31618563466
2,1576,37654.894060254584
2,1577,37670.07114205198
2,1578,37618.65157465103
2,1579,37624.251551204194
2,1580,37622.02692497839
2,1581,37644.8636347073
2,1582,37602.863815071665
2,1583,37595.25981695881
2,1584,37618.10041752532
2,1585,37602.62100247796
2,1586,37584.680740145406
2,1587,37617.101285717246
2,1588,37648.87265722832
2,1589,37613.19510659865
2,1590,37598.95292200015
2,1591,37569.6413572267
2,1592,37587.76885393708
2,1593,37582.11788455294
2,1594,37635.4472887397
2,1595,37651.20040926561
2,1596,37624.35647302394
2,1597,37645.888806336734
2,1598,37606.11773965036
2,1599,37638.34926841611
2,1600,37624.9217694002
2,1601,37597.74174454124
2,1602,37604.47081982176
2,1603,37588.90538715365
2,1604,37627.34586067905
2,1605,37601.653610237634
2,1606,37543.66197979805
2,1607,37556.61724260778
2,1608,37608.21644395418
2,1609,37595.83332720839
2,1610,37616.18879503221
2,1611,37608.745867400554
2,1612,37604.9092628632
2,1613,37617.38354165765
2,1614,37607.77318754854
2,1615,37659.4325870727
2,1616,37617.78926548846
2,1617,37619.08639447205
2,1618,37600.55426413478
2,1619,37598.65501167836
2,1620,37616.423808811676
2,1621,37619.680375321404
2,1622,37613.08674081616
2,1623,37625.652959450344
2,1624,37606.44227775776
2,1625,37580.31492446606
2,1626,37593.15105131052
2,1627,37561.46644224754
2,1628,37591.960088852466
2,1629,37576.91998078665
2,1630,37576.286990392764
2,1631,37611.301363564286
2,1632,37627.06517661733
2,1633,37618.53075415057
2,1634,37596.73438320744
2,1635,37605.29352478353
2,1636,37607.67850614237
2,1637,37587.20954557293
2,1638,37549.04022999839
2,1639,37591.62464001514
2,1640,37629.22024552676
2,1641,37646.61146822764
2,1642,37617.01938396247
2,1643,37610.86185542294
2,1644,37578.4883144966
2,1645,37605.23569560725
2,1646,37597.85310542811
2,1647,37610.9284389606
2,1648,37545.11053045314
2,1649,37579.484028519924
2,1650,37615.00045696526
2,1651,37636.58334987884
2,1652,37619.12095352748
2,1653,37568.91587222677
2,1654,37575.43412689582
2,1655,37617.48284944208
2,1656,37594.555494755805
2,1657,37585.02699608623
2,1658,37594.83042541685
2,1659,37617.07950119741
2,1660,37649.95072804436
2,1661,37630.11609246414
2,1662,37598.94948692872
2,1663,37572.4168103675
2,1664,37580.0705601836
2,1665,37623.44873208383
2,1666,37636.61047960081
2,1667,37660.347959420455
2,1668,37643.60732881579
2,1669,37610.59826950488
2,1670,37591.92972509999
2,1671,37589.26386249966
2,1672,37613.88033866908
2,1673,37559.4990965282
2,1674,37597.07489286245
2,1675,37576.68660713849
2,1676,37550.0928515585
2,1677,37576.366171231464
2,1678,37558.884102459386
2,1679,37560.3434403656
2,1680,37576.08797447138
2,1681,37637.42049115978
2,1682,37619.613673458756
2,1683,37623.08194068231
2,1684,37583.040195956426
2,1685,37582.57710449427
2,1686,37580.99611407741
2,1687,37626.093197455644
2,1688,37605.08647614567
2,1689,37587.636860075254
2,1690,37614.62407297692
2,1691,37638.02799701264
2,1692,37594.94137866362
2,1693,37552.00111416716
2,1694,37536.67016560106
2,1695,37570.95744376601
2,1696,37576.36723146332
2,1697,37577.40185366886
2,1698,37583.653617676886
2,1699,37564.61654182456
2,1700,37535.39860089152
2,1701,37599.25976046887
2,1702,37611.59471397387
2,1703,37600.98342251214
2,1704,37563.61809949376
2,1705,37568.54375243317
2,1706,37562.61598657607
2,1707,37576.00086197579
2,1708,37581.81881122534
2,1709,37618.95864003492
2,1710,37577.83015703647
2,1711,37566.830752719485
2,1712,37527.02760423634
2,1713,37579.369491599406
2,1714,37599.79345888919
2,1715,37610.85650735522
2,1716,37635.50603361389
2,1717,37658.6022875928
2,1718,37606.129458609175
2,1719,37578.674252841876
2,1720,37584.6023380273
2,1721,37596.608265903844
2,1722,37579.45275050849
2,1723,37582.83599990571
2,1724,37587.023412650204
2,1725,37602.167119088816
2,1726,37605.00673235565
2,1727,37582.637265862264
2,1728,37555.21960201259
2,1729,37554.14450630792
2,1730,37568.81138312904
2,1731,37595.279036360436
2,1732,37598.98700377075
2,1733,37597.767576529375
2,1734,37620.22607941219
2,1735,37575.09575810937
2,1736,37573.013539976455
2,1737,37539.03349991074
2,1738,37555.00413937772
2,1739,37589.27993144587
2,1740,37574.09584915369
2,1741,37637.71075789172
2,1742,37622.51370929059
2,1743,37606.41049407111
2,1744,37556.77756086073
2,1745,37606.32128198893
2,1746,37597.0731330212
2,1747,37598.4512336623
2,1748,37600.44143534583
2,1749,37650.14473770561
2,1750,37641.75886607172
2,1751,37651.179569942426
2,1752,37676.382707058816
2,1753,37647.3228179144
2,1754,37617.47861810334
2,1755,37591.808262028084
2,1756,37612.23041155357
2,1757,37632.31952547616
2,1758,37600.93520842007
2,1759,37609.510049425364
2,1760,37599.102696212794
2,1761,37613.940070837256
2,1762,37656.139899670234
2,1763,37643.76141432211
2,1764,37580.60832367009
2,1765,37607.39185308785
2,1766,37574.20691685795
2,1767,37575.79500337909
2,1768,37564.149556191405
2,1769,37616.373405261205
2,1770,37625.505478697334
2,1771,37619.916549824884
2,1772,37585.41097093715
2,1773,37572.2263200128
2,1774,37586.81085570063
2,1775,37558.9874242524
2,1776,37551.11070127192
2,1777,37580.69271418306
2,1778,37583.711312177766
2,1779,37540.444566799626
2,1780,37582.91756760417
2,1781,37566.06304997288
2,1782,37587.69710062371
2,1783,37583.67547057462
2,1784,37583.96667211606
2,1785,37610.640558880026
2,1786,37624.34841762496
2,1787,37597.30201219875
2,1788,37602.66317391422
2,1789,37608.68981872091
2,1790,37595.72917151576
2,1791,37610.36434880261
2,1792,37604.55953779331
2,1793,37603.27002415384
2,1794,37599.18553922591
2,1795,37575.42904255502
2,1796,37552.8656936207
2,1797,37558.70768319862
2,1798,37566.42703472772
2,1799,37566.56263936289
2,1800,37575.84069454518
2,1801,37570.18902449446
2,1802,37596.08939024379
2,1803,37599.04843183897
2,1804,37601.57394602342
2,1805,37612.121549745825
2,1806,37575.7267877108
2,1807,37575.484708942146
2,1808,37568.43286122308
2,1809,37583.584405351925
2,1810,37584.48953087131
2,1811,37569.40530254941
2,1812,37585.83281642218
2,1813,37600.3757245909
2,1814,37569.87258070737
2,1815,37553.96100767882
2,1816,37573.00312724059
2,1817,37593.13819523878
2,1818,37609.570091630914
2,1819,37600.54955643806
2,1820,37610.79765942566
2,1821,37629.947475790694
2,1822,37646.9975983704
2,1823,37629.572725297265
2,1824,37644.2472210807
2,1825,37624.53007950616
2,1826,37597.45420142733
2,1827,37623.41120955211
2,1828,37593.9324535125
2,1829,37586.15690243946
2,1830,37578.75113914757
2,1831,37577.34409418101
2,1832,37583.79819603008
2,1833,37591.75148548945
2,1834,37579.12608792504
2,1835,37579.86491310935
2,1836,37581.16792885189
2,1837,37617.298328947414
2,1838,37586.094707674376
2,1839,37587.44605634997
2,1840,37607.92411810009
2,1841,37606.048382598805
2,1842,37600.137429064926
2,1843,37579.30373758995
2,1844,37624.94400345615
2,1845,37615.914231984
2,1846,37579.77642617987
2,1847,37593.77628359762
2,1848,37596.610640678686
2,1849,37612.653881393984
2,1850,37650.447681887206
2,1851,37613.12650468597
2,1852,37575.33528216881
2,1853,37570.28656345437
2,1854,37574.23890267986
2,1855,37611.480081431764
2,1856,37636.731690815235
2,1857,37618.046211088826
2,1858,37604.362445338054
2,1859,37624.93522461566
2,1860,37596.36475723806
2,1861,37561.319808331624
2,1862,37557.88004984423
2,1863,37576.72858391362
2,1864,37606.71766227667
2,1865,37603.805694903094
2,1866,37609.0494159656
2,1867,37642.26332310643
2,1868,37644.26689931804
2,1869,37622.95149791551
2,1870,37626.2041871474
2,1871,37593.25777750365
2,1872,37621.36481108022
2,1873,37590.3933034296
2,1874,37588.72243863659
2,1875,37631.92346396156
2,1876,37651.024416441054
2,1877,37610.982516674434
2,1878,37569.29076904477
2,1879,37548.66335012472
2,1880,37584.21527090687
2,1881,37595.642734726694
2,1882,37601.11483314945
2,1883,37556.34053228342
2,1884,37551.61577736837
2,1885,37562.538158567666
2,1886,37608.725917676595
2,1887,37611.30621801202
2,1888,37596.5321331569
2,1889,37570.61654074921
2,1890,37601.02693651722
2,1891,37571.8692469404
2,1892,37615.83808246704
2,1893,37619.316474560204
2,1894,37604.76784217088
2,1895,37580.42953116045
2,1896,37559.20468764124
2,1897,37554.05738390055
2,1898,37581.87457920501
2,1899,37644.969818960904
2,1900,37603.58426790097
2,1901,37599.59169677173
2,1902,37618.80618382327
2,1903,37613.8553220971
2,1904,37557.78043229462
2,1905,37533.33749338949
2,1906,37638.19300764894
2,1907,37655.84847922221
2,1908,37621.5975151008
2,1909,37639.7556286449
2,1910,37660.02245924589
2,1911,37598.822362704355
2,1912,37598.96288403954
2,1913,37588.83960763753
2,1914,37583.24668159944
2,1915,37585.97144760466
2,1916,37642.66816151369
2,1917,37622.70174550201
2,1918,37578.345727933796
2,1919,37568.443175423716
2,1920,37557.581845441666
2,1921,37580.937263938424
2,1922,37636.235170409906
2,1923,37638.23823030124
2,1924,37710.91912233505
2,1925,37672.877332043914
2,1926,37647.632007242006
2,1927,37599.886355942945
2,1928,37589.2541067073
2,1929,37621.574694494666
2,1930,37574.08112597394
2,1931,37602.83032111981
2,1932,37654.50057455352
2,1933,37642.45168656919
2,1934,37610.42685373006
2,1935,37559.044474270166
2,1936,37575.093271381746
2,1937,37613.56324092796
2,1938,37595.53250960947
2,1939,37627.6278540586
2,1940,37604.45512379347
2,1941,37590.99105058238
2,1942,37608.77915369048
2,1943,37608.63920267668
2,1944,37596.12884537397
2,1945,37601.49208425589
2,1946,37567.35171966893
2,1947,37648.44089168155
2,1948,37649.82881143162
2,1949,37599.397227388996
2,1950,37584.957817551876
2,1951,37613.98065844773
2,1952,37579.929259525714
2,1953,37602.54438144727
2,1954,37605.23149932455
2,1955,37600.407169059145
2,1956,37605.99588137365
2,1957,37601.92139222787
2,1958,37650.6861300659
2,1959,37619.55796345502
2,1960,37607.624802868384
2,1961,37605.971736727544
2,1962,37654.95138813278
2,1963,37631.1450375239
2,1964,37599.28038225393
2,1965,37598.36064838553
2,1966,37569.78528713681
2,1967,37572.55009589116
2,1968,37586.170650062784
2,1969,37589.5886266271
2,1970,37584.05759480265
2,1971,37594.69774538107
2,1972,37598.23238533256
2,1973,37620.165395994605
2,1974,37650.778232843615
2,1975,37636.25246301879
2,1976,37630.53949318053
2,1977,37589.28721286411
2,1978,37609.27371738665
2,1979,37620.30558410493
2,1980,37600.87782800444
2,1981,37606.168872357994
2,1982,37629.24458115108
2,1983,37638.31338875376
2,1984,37634.624835584014
2,1985,37663.63043931196
2,1986,37662.1908509496
2,1987,37651.62651482505
2,1988,37608.96158728041
2,1989,37591.47465631869
2,1990,37592.424624028274
2,1991,37560.99117252615
2,1992,37577.22545838285
2,1993,37617.60104536969
2,1994,37589.46411527695
2,1995,37621.91182198225
2,1996,37591.0291080417
2,1997,37550.25947592029
2,1998,37579.37561355382
2,1999,37573.709279716815
3,0,37579.59611788096
3,1,37622.16345022853
3,2,37642.49070743823
3,3,37595.013371147725
3,4,37557.85431221457
3,5,37596.002922142114
3,6,37606.76986984136
3,7,37573.54434066344
3,8,37586.97172166506
3,9,37591.19874715389
3,10,37611.587497442546
3,11,37646.690320053705
3,12,37621.40949039971
3,13,37560.511106133636
3,14,37579.56803365376
3,15,37584.89345738752
3,16,37609.21145959356
3,17,37586.361027528015
3,18,37568.51269312136
3,19,37628.91803384925
3,20,37636.07915721296
3,21,37628.789072958854
3,22,37609.352653980095
3,23,37659.47781436555
3,24,37637.49210174003
3,25,37645.88461824924
3,26,37627.983350885464
3,27,37649.21056746426
3,28,37609.62867247132
3,29,37601.65865779995
3,30,37584.90657747732
3,31,37595.43606226519
3,32,37607.13264125956
3,33,37604.06069332892
3,34,37610.9294361231
3,35,37591.07078017049
3,36,37622.2755575303
3,37,37619.4767682799
3,38,37640.628655172004
3,39,37642.9676909525
3,40,37603.240072812645
3,41,37620.40025731854
3,42,37618.51344382226
3,43,37600.99001874591
3,44,37615.68442549096
3,45,37624.43580502419
3,46,37651.387113638426
3,47,37630.83479051674
3,48,37593.49756568222
3,49,37559.70166130199
3,50,37617.14172200061
3,51,37666.03802569914
3,52,37633.939982451986
3,53,37639.33382420166
3,54,37630.695392935864
3,55,37627.607755819925
3,56,37611.43750168977
3,57,37597.6162027956
3,58,37556.18147004639
3,59,37572.43050505125
3,60,37612.66303163483
3,61,37629.30079171017
3,62,37620.98204700585
3,63,37609.92378563842
3,64,37640.283647371274
3,65,37552.653879986625
3,66,37581.767449214865
3,67,37622.59362107151
3,68,37602.123375917065
3,69,37578.20899719355
3,70,37583.488539444734
3,71,37592.46353312332
3,72,37603.6762750222
3,73,37645.55673355726
3,74,37631.09801843007
3,75,37592.718849470184
3,76,37606.79374661676
3,77,37588.70075478057
3,78,37581.44736082837
3,79,37586.53410273287
3,80,37578.850525265836
3,81,37591.08643294166
3,82,37590.056124200375
3,83,37616.201141315745
3,84,37630.38269369699
3,85,37659.101705474546
3,86,37632.69038562868
3,87,37615.80877647782
3,88,37626.44329523325
3,89,37636.63924766793
3,90,37670.763864575245
3,91,37581.231921955776
3,92,37625.30557269487
3,93,37594.863484212015
3,94,37601.48716936171
3,95,37616.22820369324
3,96,37606.567406713824
3,97,37615.3487715865
3,98,37569.803439393916
3,99,37602.322185979014
3,100,37598.70354582037
3,101,37611.693376407355
3,102,37625.65999584785
3,103,37588.18986418755
3,104,37573.83842633737
3,105,37591.356749081
3,106,37607.75498950451
3,107,37588.24729613774
3,108,37571.58569550813
3,109,37621.424366580606
3,110,37595.40823225255
3,111,37587.34112438898
3,112,37605.0267775396
3,113,37588.16727021816
3,114,37569.31054845692
3,115,37579.38954795175
3,116,37620.71480375219
3,117,37621.48055959119
3,118,37584.405789401455
3,119,37598.53992733906
3,120,37583.912561110286
3,121,37575.95517732938
3,122,37561.19677569263
3,123,37575.91201150297
3,124,37592.15589991623
3,125,37583.974149818394
3,126,37600.67514426162
3,127,37617.09850539388
3,128,37608.17775122911
3,129,37620.85578751246
3,130,37593.823654750675
3,131,37603.586754054835
3,132,37587.19728006132
3,133,37546.58006230992
3,134,37599.46157235296
3,135,37594.74785769402
3,136,37579.37337567335
3,137,37581.11243836533
3,138,37603.70067520732
3,139,37635.91178553506
3,140,37616.20639598796
3,141,37624.01707365825
3,142,37606.38447112486
3,143,37582.307141686055
3,144,37604.86670360782
3,145,37626.53895433387
3,146,37614.33033112638
3,147,37625.16657831393
3,148,37612.16425169168
3,149,37642.973201889
3,150,37633.57002217041
3,151,37644.17447509838
3,152,37627.677968157885
3,153,37657.34590665733
3,154,37610.99021141824
3,155,37594.72156232518
3,156,37609.032558677114
3,157,37619.53730389571
3,158,37612.74762931052
3,159,37608.7232798993
3,160,37604.898335113365
3,161,37608.864605699266
3,162,37581.55187447436
3,163,37595.984222777304
3,164,37638.6838783806
3,165,37617.67590962315
3,166,37587.67839018562
3,167,37569.938046320276
3,168,37578.51495393402
3,169,37620.68032476104
3,170,37620.68720546358
3,171,37594.36542439921
3,172,37597.27149937674
3,173,37599.67570281461
3,174,37648.08111641601
3,175,37615.85518505504
3,176,37591.43003031984
3,177,37600.83321057047
3,178,37562.341514249245
3,179,37619.74252023572
3,180,37567.42165485954
3,181,37601.2629788699
3,182,37607.14555459219
3,183,37611.617064682716
3,184,37625.1633382028
3,185,37611.60263015079
3,186,37623.308460838714
3,187,37603.86200252493
3,188,37565.143775068354
3,189,37524.33113727206
3,190,37510.50000016227
3,191,37580.933986840675
3,192,37629.45255830359
3,193,37627.19331437733
3,194,37603.76850779766
3,195,37601.422660911616
3,196,37632.55907258655
3,197,37636.329381949494
3,198,37605.32181344074
3,199,37592.786383787825
3,200,37606.406558482624
3,201,37640.04175946719
3,202,37623.02046285406
3,203,37606.457737238954
3,204,37631.96487161834
3,205,37647.78592594544
3,206,37624.14638261659
3,207,37647.70442431926
3,208,37617.51739981256
3,209,37626.99341312607
3,210,37640.86215820071
3,211,37630.24608854002
3,212,37645.388164213706
3,213,37613.084898914785
3,214,37630.094823514286
3,215,37635.76397114282
3,216,37627.24452993825
3,217,37584.159425677804
3,218,37567.57525994844
3,219,37583.38432950793
3,220,37567.16972008878
3,221,37569.7210481156
3,222,37568.24631446453
3,223,37578.69084286031
3,224,37586.871540881766
3,225,37599.3255615032
3,226,37583.46110734145
3,227,37602.930336783545
3,228,37573.057692277536
3,229,37598.31869024229
3,230,37589.4978247833
3,231,37569.35793100469
3,232,37630.02893197704
3,233,37620.48409681476
3,234,37584.427845416016
3,235,37597.207414704004
3,236,37577.07468738327
3,237,37596.79010940852
3,238,37619.161661774284
3,239,37633.59075227341
3,240,37585.159958401564
3,241,37565.14783021806
3,242,37550.23367536783
3,243,37613.389917139364
3,244,37561.64125024583
3,245,37580.82476879808
3,246,37594.46727934322
3,247,37602.08779275511
3,248,37598.502531020386
3,249,37595.71301283974
3,250,37636.274972422245
3,251,37589.45170252357
3,252,37595.04028011392
3,253,37640.9936496164
3,254,37607.4439886954
3,255,37603.1757651394
3,256,37642.045865334
3,257,37626.581696129324
3,258,37649.43929662945
3,259,37596.229408399595
3,260,37613.729172378335
3,261,37594.6709547532
3,262,37585.44605267185
3,263,37585.9543047163
3,264,37539.89293357066
3,265,37582.35052572107
3,266,37616.30958848212
3,267,37592.816642508384
3,268,37632.02950735513
3,269,37632.12050646828
3,270,37624.746248419026
3,271,37605.54778243539
3,272,37627.46613270533
3,273,37630.46057804104
3,274,37618.34867386807
3,275,37611.16840503035
3,276,37611.28490224516
3,277,37599.4681636317
3,278,37601.404327586584
3,279,37606.36456330843
3,280,37642.34133217981
3,281,37632.53930418863
3,282,37651.82277844963
3,283,37629.13975599242
3,284,37574.00380407902
3,285,37565.9236860628
3,286,37590.13581723444
3,287,37600.942308274025
3,288,37594.64660956494
3,289,37536.497899582064
3,290,37536.09582205926
3,291,37572.46662842725
3,292,37629.727875918274
3,293,37598.66841537368
3,294,37610.60560017839
3,295,37554.927787456116
3,296,37605.636537372025
3,297,37619.071614034394
3,298,37605.9429616883
3,299,37593.544117956204
3,300,37598.575783304324
3,301,37615.8084089458
3,302,37616.723110171864
3,303,37613.827525432214
3,304,37589.61983648747
3,305,37625.1842379955
3,306,37607.779901836024
3,307,37612.4595811736
3,308,37575.24714208754
3,309,37602.54059637759
3,310,37579.66622434804
3,311,37569.8332837724
3,312,37576.324244285956
3,313,37560.93773170428
3,314,37572.746599786195
3,315,37580.51987530062
3,316,37549.79992202231
3,317,37532.01567860411
3,318,37557.62269065916
3,319,37530.31364428415
3,320,37564.93730711281
3,321,37555.34344551262
3,322,37577.8131931435
3,323,37569.18573332798
3,324,37589.646944763175
3,325,37535.2370314576
3,326,37572.29642954639
3,327,37595.95256189317
3,328,37585.24609509015
3,329,37582.71080118469
3,330,37591.626334133936
3,331,37561.4530503849
3,332,37588.4685495021
3,333,37567.93756035756
3,334,37570.570284628324
3,335,37542.58055423342
3,336,37569.41497711143
3,337,37564.12056356858
3,338,37562.51418199924
3,339,37560.787635020715
3,340,37557.13632448907
3,341,37559.850071930014
3,342,37578.634673696004
3,343,37581.222869062825
3,344,37584.83843665398
3,345,37583.76273403693
3,346,37566.846613794085
3,347,37577.35624370556
3,348,37584.469578698
3,349,37574.29677638664
3,350,37566.23377785378
3,351,37600.49741036945
3,352,37564.52287375419
3,353,37564.39240895093
3,354,37541.26526097769
3,355,37539.84040719815
3,356,37602.97229989866
3,357,37609.4173614943
3,358,37606.63957056667
3,359,37584.48727797737
3,360,37620.195001945525
3,361,37637.95033989966
3,362,37634.465970818805
3,363,37653.1349676101
3,364,37624.92936339515
3,365,37615.69107908939
3,366,37654.088907488156
3,367,37599.88446483135
3,368,37613.24681635424
3,369,37599.742690442006
3,370,37530.89760778113
3,371,37561.47862500058
3,372,37571.260174071795
3,373,37597.99310865493
3,374,37571.103838591254
3,375,37544.17615869548
3,376,37575.33748985328
3,377,37570.277249105995
3,378,37589.32142241949
3,379,37575.48977431926
3,380,37616.2397457728
3,381,37620.815166431945
3,382,37640.106442452496
3,383,37645.31277375464
3,384,37642.509878813165
3,385,37619.41961042169
3,386,37632.98919812151
3,387,37570.75421377374
3,388,37561.186476582014
3,389,37574.232678846856
3,390,37598.313823459175
3,391,37613.57862729813
3,392,37619.78124123806
3,393,37595.481048097354
3,394,37594.1709088508
3,395,37607.402165420586
3,396,37593.368440796155
3,397,37584.01019293399
3,398,37623.16430835713
3,399,37597.62574526403
3,400,37603.57007332028
3,401,37586.247005879195
3,402,37584.65001358044
3,403,37617.298520823904
3,404,37606.92620802033
3,405,37623.08736500898
3,406,37599.617932943496
3,407,37587.26528103044
3,408,37594.409736760106
3,409,37586.51928520539
3,410,37623.60842323842
3,411,37624.0775802441
3,412,37608.812513233745
3,413,37571.89333678839
3,414,37571.1435702139
3,415,37608.06087079578
3,416,37592.07556778921
3,417,37602.99193378023
3,418,37614.57638302074
3,419,37584.67162549597
3,420,37596.1975257236
3,421,37602.50502454274
3,422,37613.51621368123
3,423,37602.347440186335
3,424,37610.83583505081
3,425,37615.6696511613
3,426,37579.89852546598
3,427,37548.53062309902
3,428,37584.3852515682
3,429,37620.72508025126
3,430,37635.849496522125
3,431,37591.45066706978
3,432,37580.17023981937
3,433,37591.87843016426
3,434,37632.01586857529
3,435,37659.565286013836
3,436,37652.04998080668
3,437,37622.05749531665
3,438,37609.40274355369
3,439,37652.272436486164
3,440,37628.900454696784
3,441,37649.864621050474
3,442,37656.07131521443
3,443,37639.398443874474
3,444,37630.43961352562
3,445,37619.351726729736
3,446,37627.55841374971
3,447,37611.20437792244
3,448,37567.39576035246
3,449,37584.12066926446
3,450,37596.07078932795
3,451,37598.949674928765
3,452,37571.51830804616
3,453,37563.30225361993
3,454,37605.21172072223
3,455,37596.857497943114
3,456,37564.52988283737
3,457,37580.64197016035
3,458,37547.268908289305
3,459,37544.66501569017
3,460,37586.43146230254
3,461,37577.81704880187
3,462,37570.72307830679
3,463,37556.269227578035
3,464,37580.44842818551
3,465,37586.34949625045
3,466,37630.793343491685
3,467,37614.78936954205
3,468,37615.651310721536
3,469,37587.23957146333
3,470,37613.2251325262
3,471,37632.12352306756
3,472,37645.087787140925
3,473,37641.95804239653
3,474,37642.332128557064
3,475,37594.185923585675
3,476,37590.05655034525
3,477,37574.640041222934
3,478,37571.146106929955
3,479,37613.11145144685
3,480,37630.99105193547
3,481,37629.381837433444
3,482,37614.368650375705
3,483,37579.273651201605
3,484,37564.9109181956
3,485,37574.99767725905
3,486,37562.36465856865
3,487,37574.13487986542
3,488,37591.60652612698
3,489,37573.47903124677
3,490,37594.0800165716
3,491,37562.86391068429
3,492,37562.469495040576
3,493,37593.39232797868
3,494,37627.89996199061
3,495,37628.389410153824
3,496,37571.360461371194
3,497,37593.15478634667
3,498,37561.187878705954
3,499,37594.42094370782
3,500,37607.70664527477
3,501,37584.00508062696
3,502,37557.305980491714
3,503,37605.61677882916
3,504,37577.42918381141
3,505,37582.75536856898
3,506,37626.00992065523
3,507,37612.10086385343
3,508,37608.64142784736
3,509,37572.848291465685
3,510,37587.16935546236
3,511,37626.601046013864
3,512,37592.13845276703
3,513,37566.93013215908
3,514,37629.067139726685
3,515,37671.492293072755
3,516,37619.04602682777
3,517,37607.23705076372
3,518,37623.98322815677
3,519,37616.24499201325
3,520,37631.10682082476
3,521,37566.54786888758
3,522,37573.02686853732
3,523,37574.51933273098
3,524,37614.170265188106
3,525,37599.738162386995
3,526,37629.59991755833
3,527,37609.87663817732
3,528,37652.04491201956
3,529,37597.589451101885
3,530,37580.86113701425
3,531,37599.780791147736
3,532,37627.90679265275
3,533,37601.11080032024
3,534,37605.7443154991
3,535,37621.31270735831
3,536,37623.445147467886
3,537,37621.999096855274
3,538,37624.177267664454
3,539,37611.951192668435
3,540,37608.46670545521
3,541,37630.40758653978
3,542,37637.81438362903
3,543,37601.77747771883
3,544,37593.20523637302
3,545,37614.53372188902
3,546,37595.03465380149
3,547,37635.07291734719
3,548,37619.31448577217
3,549,37631.982009739826
3,550,37608.93871406911
3,551,37576.0907206073
3,552,37567.689062004894
3,553,37598.93896980942
3,554,37606.81943048099
3,555,37563.70417409261
3,556,37589.66608890201
3,557,37597.62225606491
3,558,37641.28528108917
3,559,37622.09280295758
3,560,37615.28362074118
3,561,37584.48734828241
3,562,37658.671361996996
3,563,37602.723283624575
3,564,37553.923211487614
3,565,37554.56112679363
3,566,37567.56482887149
3,567,37537.4554928654
3,568,37550.402452563256
3,569,37563.65999310328
3,570,37510.67371023378
3,571,37567.6274306928
3,572,37603.753231730756
3,573,37555.00835607925
3,574,37584.67244227778
3,575,37590.85770014036
3,576,37603.16472041598
3,577,37621.070353712574
3,578,37618.319451543364
3,579,37596.71683495343
3,580,37594.561995451324
3,581,37611.3290539242
3,582,37614.49573243228
3,583,37588.73015313797
3,584,37563.01537142787
3,585,37574.637512889705
3,586,37566.494483438386
3,587,37558.10895382998
3,588,37534.49169754641
3,589,37590.545119301285
3,590,37548.31735304361
3,591,37578.63272470253
3,592,37600.07671441696
3,593,37561.06484071977
3,594,37557.19365845912
3,595,37570.34808601002
3,596,37565.09205049501
3,597,37579.64220047131
3,598,37539.707166299435
3,599,37516.764355136576
3,600,37532.93904529865
3,601,37577.082714625634
3,602,37574.910952287115
3,603,37570.758883213486
3,604,37559.304524630475
3,605,37553.76227343583
3,606,37574.95380093795
3,607,37588.62489772652
3,608,37598.588642607094
3,609,37556.62265346485
3,610,37540.99917208831
3,611,37550.51335410432
3,612,37592.73414527974
3,613,37597.818387470135
3,614,37591.36960459532
3,615,37546.78536555647
3,616,37574.170021066886
3,617,37594.46762332348
3,618,37621.371814714825
3,619,37594.72677002207
3,620,37617.715805766624
3,621,37613.4211096451
3,622,37624.36271540445
3,623,37659.56120534326
3,624,37638.47985499157
3,625,37621.66008830546
3,626,37609.57004070018
3,627,37613.65078339392
3,628,37596.22203645998
3,629,37601.427220059726
3,630,37633.28718555823
3,631,37574.96046220341
3,632,37589.4685948207
3,633,37598.786364812106
3,634,37599.68483813105
3,635,37601.04030808664
3,636,37653.09353338408
3,637,37620.81615143825
3,638,37630.18083960364
3,639,37655.47963628019
3,640,37594.1596054636
3,641,37652.567705701
3,642,37617.46728775016
3,643,37612.63069861241
3,644,37620.96895319957
3,645,37596.54183939658
3,646,37580.32498104682
3,647,37620.79898757064
3,648,37627.61523166494
3,649,37651.7800379983
3,650,37629.968739224736
3,651,37590.81957551965
3,652,37643.9081586343
3,653,37627.75915999495
3,654,37617.41295698041
3,655,37622.11634066261
3,656,37577.19403693435
3,657,37611.65614044367
3,658,37585.789332798704
3,659,37590.028011556875
3,660,37550.17690458232
3,661,37559.6937505636
3,662,37589.55370242339
3,663,37610.52772627673
3,664,37565.885924418646
3,665,37591.37955247433
3,666,37612.5861934637
3,667,37603.12636175857
3,668,37614.338637037756
3,669,37592.193717847695
3,670,37564.046874840365
3,671,37572.2935331246
3,672,37604.02926715875
3,673,37627.428168762424
3,674,37623.5365853524
3,675,37588.54224696354
3,676,37587.476784503546
3,677,37561.42746495048
3,678,37568.911724825404
3,679,37591.99633048508
3,680,37602.22100469648
3,681,37626.404831633095
3,682,37614.73052657537
3,683,37626.24087701301
3,684,37635.87710589146
3,685,37636.37003823634
3,686,37625.605898271315
3,687,37668.264598730915
3,688,37608.59417117547
3,689,37573.28358087628
3,690,37589.857013157714
3,691,37609.843896792685
3,692,37566.996178142515
3,693,37588.56577268539
3,694,37573.74696971452
3,695,37586.89301541746
3,696,37603.69835834742
3,697,37619.93960158389
3,698,37629.02204606464
3,699,37593.3283765631
3,700,37581.34246254419
3,701,37565.96023339497
3,702,37556.03992842223
3,703,37593.59273852783
3,704,37597.13973250564
3,705,37579.8581392935
3,706,37570.690865837896
3,707,37583.61204709235
3,708,37591.22232751673
3,709,37600.06454417041
3,710,37613.007149789955
3,711,37602.67875720261
3,712,37605.67619591727
3,713,37647.21270291573
3,714,37591.02826920603
3,715,37591.051399054646
3,716,37613.320342555926
3,717,37602.4594055665
3,718,37568.31563265216
3,719,37567.895421784146
3,720,37582.93517241217
3,721,37624.08248042948
3,722,37645.07683997742
3,723,37641.01417983652
3,724,37631.574672014416
3,725,37602.36015778585
3,726,37596.28671223885
3,727,37577.88541462149
3,728,37576.92840220192
3,729,37573.05757998705
3,730,37645.66426609968
3,731,37672.07972436962
3,732,37626.15883297277
3,733,37612.12557533611
3,734,37651.408705239555
3,735,37644.71449928263
3,736,37602.5870361586
3,737,37568.07288885925
3,738,37562.56281298205
3,739,37584.60425285671
3,740,37619.77302855297
3,741,37628.499301327225
3,742,37617.31071859083
3,743,37599.504716229254
3,744,37601.85644609135
3,745,37620.99837146284
3,746,37648.10449381487
3,747,37628.54506707129
3,748,37655.49269981038
3,749,37631.86453047156
3,750,37651.98757902876
3,751,37656.576759323274
3,752,37612.92005704347
3,753,37594.51076010361
3,754,37591.45750414818
3,755,37591.21694195932
3,756,37619.69821416614
3,757,37628.064346599625
3,758,37596.93380411722
3,759,37581.68517658503
3,760,37624.26831655893
3,761,37598.43783324444
3,762,37609.172632413596
3,763,37617.71677130575
3,764,37605.621899562975
3,765,37605.35411803665
3,766,37579.44490731309
3,767,37604.07239877386
3,768,37542.62279853565
3,769,37540.911962920836
3,770,37528.55366825928
3,771,37525.98807800972
3,772,37514.42536249158
3,773,37549.32652152518
3,774,37602.57379814687
3,775,37587.963995339924
3,776,37572.442394674516
3,777,37595.092218815254
3,778,37608.5903526685
3,779,37582.48414386677
3,780,37560.883592303995
3,781,37642.36706267588
3,782,37652.34793881049
3,783,37634.601374177604
3,784,37631.65937275197
3,785,37592.12592997791
3,786,37620.100677364135
3,787,37629.11415445928
3,788,37582.19130968895
3,789,37609.33520987039
3,790,37631.11028994925
3,791,37618.21930495004
3,792,37590.903913390845
3,793,37650.822101867394
3,794,37661.40701729093
3,795,37648.334909637364
3,796,37610.01413328622
3,797,37586.82502362368
3,798,37605.507321577374
3,799,37526.19185654069
3,800,37549.62134011727
3,801,37534.02037963081
3,802,37562.98263680113
3,803,37618.11959636573
3,804,37635.311498302006
3,805,37599.78024297855
3,806,37610.18781849212
3,807,37623.34656158298
3,808,37623.720049637544
3,809,37612.203842407325
3,810,37648.91172988155
3,811,37589.74861777492
3,812,37523.90546564431
3,813,37547.27720419533
3,814,37586.776649016116
3,815,37594.97515296691
3,816,37580.71927264277
3,817,37572.17677964323
3,818,37577.362179155134
3,819,37580.02947331493
3,820,37586.335157365924
3,821,37618.436895461746
3,822,37587.529430894145
3,823,37603.56002534073
3,824,37568.06730351016
3,825,37575.67735376425
3,826,37572.69162688591
3,827,37588.59561717943
3,828,37574.63949218934
3,829,37604.198312293265
3,830,37584.41795689358
3,831,37565.290746386134
3,832,37542.49205368552
3,833,37533.9897267052
3,834,37553.00674571067
3,835,37566.9399332116
3,836,37607.87994223924
3,837,37597.95418823418
3,838,37592.65760593238
3,839,37614.98906935953
3,840,37616.72618008135
3,841,37654.16592025439
3,842,37661.37132178687
3,843,37628.753397945955
3,844,37609.13224863811
3,845,37607.62818662844
3,846,37588.16174042817
3,847,37594.5450270315
3,848,37566.6020681128
3,849,37557.3408776214
3,850,37523.98267487272
3,851,37534.74053281745
3,852,37537.59754072492
3,853,37552.64704004517
3,854,37637.57049348204
3,855,37609.50861960828
3,856,37593.828470520115
3,857,37598.47129918424
3,858,37562.48049332248
3,859,37594.86321542524
3,860,37624.41458110945
3,861,37612.493769262954
3,862,37623.402904156705
3,863,37608.602767981545
3,864,37596.17909118695
3,865,37595.64576505399
3,866,37592.44016638053
3,867,37599.25738766397
3,868,37600.77022039571
3,869,37569.74732965654
3,870,37586.26424162345
3,871,37596.34769614719
3,872,37594.00098980553
3,873,37595.97182689688
3,874,37614.0004731035
3,875,37592.290105900014
3,876,37585.977261689135
3,877,37575.15093034403
3,878,37647.25428001762
3,879,37616.54599244978
3,880,37614.911478945
3,881,37611.76428924284
3,882,37578.29659456722
3,883,37629.82763052937
3,884,37599.71774618127
3,885,37562.43185858504
3,886,37556.858136836854
3,887,37543.893624582546
3,888,37552.60275069323
3,889,37534.407934072275
3,890,37552.011585763554
3,891,37550.08780334177
3,892,37590.69313086228
3,893,37585.32179562963
3,894,37590.27155698246
3,895,37588.54262061522
3,896,37584.51634362334
3,897,37617.38140246706
3,898,37642.319958258726
3,899,37649.0388071462
3,900,37645.6846232872
3,901,37682.25552622421
3,902,37687.09712616558
3,903,37683.740531357755
3,904,37670.379816035704
3,905,37658.17810487932
3,906,37697.51690953088
3,907,37665.349960007756
3,908,37654.78181347853
3,909,37634.91588179452
3,910,37646.15005768608
3,911,37618.09738710624
3,912,37653.31797118085
3,913,37631.57393192075
3,914,37609.13446036363
3,915,37650.44975675291
3,916,37673.2308012875
3,917,37616.611168676536
3,918,37603.960792475846
3,919,37585.41304181146
3,920,37628.051067703665
3,921,37655.15275042174
3,922,37702.082758978555
3,923,37672.914982101975
3,924,37654.01339910973
3,925,37602.097309598365
3,926,37605.69658659841
3,927,37609.72239352532
3,928,37595.31573981904
3,929,37644.842378597685
3,930,37636.83614753954
3,931,37660.453379003666
3,932,37620.688056466584
3,933,37630.195818512046
3,934,37619.193127047976
3,935,37611.856413352616
3,936,37611.691940753735
3,937,37617.437636399925
3,938,37605.13214643017
3,939,37632.10394591174
3,940,37622.01972581117
3,941,37649.546818881536
3,942,37634.049731105464
3,943,37660.74706570543
3,944,37669.73693364802
3,945,37612.89419740673
3,946,37639.54164194526
3,947,37611.37135489782
3,948,37601.84721268307
3,949,37653.3316413475
3,950,37619.304444494024
3,951,37609.7360360121
3,952,37596.533982625304
3,953,37620.712687585365
3,954,37613.56068199165
3,955,37599.16731272021
3,956,37615.40763220669
3,957,37615.55385296757
3,958,37611.225518822175
3,959,37592.06925998999
3,960,37597.93128445723
3,961,37575.003434323306
3,962,37581.81954664053
3,963,37596.79386372509
3,964,37596.519844975846
3,965,37595.38449011156
3,966,37612.66719435622
3,967,37584.73815310017
3,968,37607.81419055644
3,969,37626.512078715336
3,970,37565.24837059503
3,971,37588.67924247024
3,972,37548.36169949777
3,973,37603.70955565935
3,974,37645.91317322281
3,975,37660.63020788237
3,976,37637.52058122164
3,977,37618.97488500271
3,978,37624.70855217955
3,979,37571.910806037
3,980,37579.428884947614
3,981,37614.8781122565
3,982,37646.74251879284
3,983,37629.937594295705
3,984,37580.07529046542
3,985,37634.33530999436
3,986,37652.7495945599
3,987,37646.75571847246
3,988,37631.2418225949
3,989,37644.799189062585
3,990,37659.35048816517
3,991,37601.40508499894
3,992,37600.23196197996
3,993,37584.199650919036
3,994,37581.14085290002
3,995,37592.84354307156
3,996,37608.389069939614
3,997,37587.59409567505
3,998,37614.941778142755
3,999,37629.25879541725
3,1000,37633.30997313069
3,1001,37631.18833805874
3,1002,37603.966350644325
3,1003,37582.80106666908
3,1004,37553.37794493342
3,1005,37540.19328686818
3,1006,37527.950116451226
3,1007,37613.53231624822
3,1008,37615.936903983915
3,1009,37601.86630795815
3,1010,37632.21945441582
3,1011,37631.54836331223
3,1012,37582.6701682189
3,1013,37528.87604968214
3,1014,37592.86338619593
3,1015,37586.9274822055
3,1016,37579.04519234763
3,1017,37590.31420305054
3,1018,37571.85860635919
3,1019,37561.361912812914
3,1020,37614.43265538437
3,1021,37617.822359744205
3,1022,37595.52656761216
3,1023,37601.08494736112
3,1024,37572.5988824771
3,1025,37553.627515521664
3,1026,37602.65439753628
3,1027,37593.65159228768
3,1028,37585.51169574133
3,1029,37553.98184609322
3,1030,37563.42307497699
3,1031,37553.1270626261
3,1032,37588.528289944516
3,1033,37639.26167710803
3,1034,37640.57348987073
3,1035,37660.94853623565
3,1036,37618.28048252307
3,1037,37594.088069216785
3,1038,37629.73965665577
3,1039,37653.407659544966
3,1040,37620.43407393758
3,1041,37637.526216052895
3,1042,37621.252616541366
3,1043,37621.09968833062
3,1044,37654.70391625301
3,1045,37608.96988502372
3,1046,37589.8583050738
3,1047,37605.42969216305
3,1048,37679.61711012487
3,1049,37659.976976733255
3,1050,37640.49217606402
3,1051,37551.08885125632
3,1052,37592.4802163627
3,1053,37606.06912537908
3,1054,37601.99391570528
3,1055,37597.71037863176
3,1056,37612.27513001926
3,1057,37636.21713500932
3,1058,37603.45173843821
3,1059,37574.62583283412
3,1060,37553.3631297247
3,1061,37560.13725064703
3,1062,37564.01706565095
3,1063,37581.815905924625
3,1064,37597.414884922444
3,1065,37628.83610737866
3,1066,37618.9250531617
3,1067,37606.58305731007
3,1068,37591.9737259294
3,1069,37584.355977921434
3,1070,37611.8996761045
3,1071,37613.91182115042
3,1072,37626.9795096915
3,1073,37655.114975807875
3,1074,37627.44953197739
3,1075,37587.28212213306
3,1076,37587.35247457689
3,1077,37595.01543706883
3,1078,37545.817788278524
3,1079,37582.419722406485
3,1080,37578.1666992977
3,1081,37566.821475416116
3,1082,37562.566641440615
3,1083,37575.60021182995
3,1084,37595.93517412251
3,1085,37605.93436387686
3,1086,37591.39264917062
3,1087,37610.47834118452
3,1088,37610.86806462237
3,1089,37580.107397251915
3,1090,37625.522699573725
3,1091,37624.439518910134
3,1092,37656.35793024719
3,1093,37639.38632041646
3,1094,37589.930856211555
3,1095,37626.053621091276
3,1096,37629.5878676103
3,1097,37626.231693860864
3,1098,37616.12789882076
3,1099,37595.85402805281
3,1100,37591.283852508386
3,1101,37599.60198612293
3,1102,37572.418170350866
3,1103,37545.15104789497
3,1104,37584.80127905762
3,1105,37591.10428056596
3,1106,37559.04130383978
3,1107,37563.08013978503
3,1108,37602.01268925375
3,1109,37611.448859809476
3,1110,37612.0220812439
3,1111,37566.79304454846
3,1112,37513.16802355446
3,1113,37529.32123810086
3,1114,37554.38567047907
3,1115,37570.95597694602
3,1116,37595.037767965914
3,1117,37556.00001583581
3,1118,37604.408660192224
3,1119,37580.17235502019
3,1120,37560.87047944808
3,1121,37609.13966192295
3,1122,37594.51636037587
3,1123,37636.85527072661
3,1124,37619.02881490222
3,1125,37650.986854851864
3,1126,37620.3754840217
3,1127,37653.79098210743
3,1128,37624.85187551023
3,1129,37605.27327215435
3,1130,37627.57089317407
3,1131,37625.71129246929
3,1132,37604.21857230556
3,1133,37623.38262999873
3,1134,37573.969169988195
3,1135,37588.14673081815
3,1136,37627.350368822394
3,1137,37604.903969968815
3,1138,37604.35211750249
3,1139,37645.60435367613
3,1140,37628.87918816332
3,1141,37641.2772942287
3,1142,37641.492548225
3,1143,37581.79905546572
3,1144,37550.09416334929
3,1145,37597.16147381312
3,1146,37593.0345722737
3,1147,37593.12151794634
3,1148,37634.85419321273
3,1149,37572.73258646274
3,1150,37623.02748610278
3,1151,37601.55586673579
3,1152,37631.784918312245
3,1153,37622.8885454597
3,1154,37603.26733637289
3,1155,37611.432373828495
3,1156,37614.866431475624
3,1157,37591.43919318198
3,1158,37621.143134957914
3,1159,37608.22719517349
3,1160,37598.63472193997
3,1161,37564.089925231856
3,1162,37625.02289537509
3,1163,37645.88540907943
3,1164,37632.87630669841
3,1165,37694.087162892014
3,1166,37650.91821819866
3,1167,37583.36848073501
3,1168,37613.78787938963
3,1169,37594.28839583577
3,1170,37564.08335075287
3,1171,37596.7957431314
3,1172,37577.37836986989
3,1173,37596.70328547437
3,1174,37629.01217891749
3,1175,37620.5287783317
3,1176,37626.33671426936
3,1177,37601.51506747688
3,1178,37603.03842058909
3,1179,37617.732466720656
3,1180,37580.400470220455
3,1181,37583.7444554846
3,1182,37629.5125934571
3,1183,37630.91126325828
3,1184,37654.25760007745
3,1185,37642.01302972396
3,1186,37578.91832691211
3,1187,37597.156836116854
3,1188,37603.943168187245
3,1189,37618.624328238904
3,1190,37608.748018852835
3,1191,37645.468123616854
3,1192,37591.19171915477
3,1193,37581.87075486707
3,1194,37653.79031282363
3,1195,37622.84927456515
3,1196,37596.739485527905
3,1197,37583.246479436035
3,1198,37567.033803574115
3,1199,37605.02176938388
3,1200,37607.36632406162
3,1201,37617.46199672742
3,1202,37647.35338184007
3,1203,37611.79823739931
3,1204,37620.1943979717
3,1205,37591.169708446985
3,1206,37591.71001520741
3,1207,37675.19048559509
3,1208,37613.49478049592
3,1209,37637.90678692385
3,1210,37649.17659466569
3,1211,37639.47642586988
3,1212,37616.06220393536
3,1213,37602.48221559293
3,1214,37634.47443210862
3,1215,37621.921608355675
3,1216,37576.649253712814
3,1217,37555.393140738175
3,1218,37586.27455152855
3,1219,37617.16900306926
3,1220,37651.676519766486
3,1221,37624.86713559561
3,1222,37624.46601028681
3,1223,37647.68803983309
3,1224,37644.85622705487
3,1225,37649.476236108
3,1226,37629.50815809515
3,1227,37580.50647345841
3,1228,37603.04752718409
3,1229,37582.09792524508
3,1230,37562.83838755276
3,1231,37551.926331743154
3,1232,37557.4094274398
3,1233,37587.484568626896
3,1234,37562.70737033097
3,1235,37572.17306943197
3,1236,37576.686568545556
3,1237,37607.92104602093
3,1238,37653.73976548461
3,1239,37667.75272718986
3,1240,37679.78050085076
3,1241,37586.620706508846
3,1242,37628.23785227823
3,1243,37613.71217600733
3,1244,37579.82778301024
3,1245,37581.65523734659
3,1246,37590.656098929045
3,1247,37589.127408576605
3,1248,37600.25762207156
3,1249,37614.12419555102
3,1250,37561.927633243235
3,1251,37570.30498863448
3,1252,37559.37199559895
3,1253,37537.787142988185
3,1254,37546.790360966006
3,1255,37534.976116059246
3,1256,37573.486191366734
3,1257,37607.27283072309
3,1258,37622.79949304089
3,1259,37612.86421112043
3,1260,37595.39104796404
3,1261,37596.35331773153
3,1262,37573.72216032654
3,1263,37575.40016632932
3,1264,37606.81698439182
3,1265,37600.07030336788
3,1266,37586.58823082105
3,1267,37628.53139043946
3,1268,37625.32391146377
3,1269,37599.67515825553
3,1270,37598.89693598492
3,1271,37615.79839408033
3,1272,37611.64995099495
3,1273,37616.272432516416
3,1274,37612.204660517935
3,1275,37619.94859483766
3,1276,37610.97080136399
3,1277,37593.750985067265
3,1278,37622.78975415791
3,1279,37593.375340497296
3,1280,37615.22447852947
3,1281,37633.4821611643
3,1282,37614.434618133506
3,1283,37617.502249271674
3,1284,37602.07382263155
3,1285,37617.55685766777
3,1286,37631.75689320992
3,1287,37624.51059407366
3,1288,37607.8476802755
3,1289,37581.882947484155
3,1290,37572.56612785562
3,1291,37571.050025472134
3,1292,37597.95082847985
3,1293,37636.95803804498
3,1294,37612.66879762903
3,1295,37607.08016724293
3,1296,37633.94096030578
3,1297,37616.71641732693
3,1298,37567.44042198458
3,1299,37573.86811687453
3,1300,37583.89987218921
3,1301,37592.76813709656
3,1302,37592.31672790105
3,1303,37557.9652192948
3,1304,37555.50511756263
3,1305,37559.37477473247
3,1306,37559.139531511144
3,1307,37608.827990275866
3,1308,37595.20376764048
3,1309,37548.447821761554
3,1310,37568.440286508274
3,1311,37578.77739613063
3,1312,37580.37999426545
3,1313,37582.742251676515
3,1314,37602.94681001645
3,1315,37639.68006421225
3,1316,37647.635591989354
3,1317,37620.757269302565
3,1318,37667.145000688375
3,1319,37682.29773494018
3,1320,37611.98246052159
3,1321,37662.71039725761
3,1322,37697.59101791056
3,1323,37666.00477008334
3,1324,37623.39893459101
3,1325,37682.54078589794
3,1326,37618.384822906526
3,1327,37596.329751871526
3,1328,37608.33474444264
3,1329,37616.31699864618
3,1330,37608.28808604453
3,1331,37588.76395649761
3,1332,37575.36256888287
3,1333,37570.28700675851
3,1334,37579.203676571
3,1335,37587.721308844986
3,1336,37577.63021394321
3,1337,37612.81632025857
3,1338,37659.76099789795
3,1339,37621.53684600982
3,1340,37617.66180955194
3,1341,37633.036702874044
3,1342,37596.47718011039
3,1343,37587.86835626089
3,1344,37608.5853857684
3,1345,37587.85547551879
3,1346,37642.39194072725
3,1347,37609.11324624263
3,1348,37612.08668618755
3,1349,37553.82055086834
3,1350,37562.62276145269
3,1351,37586.223436786495
3,1352,37528.851580465845
3,1353,37590.72019664141
3,1354,37614.77685624277
3,1355,37578.75152566966
3,1356,37602.50724011445
3,1357,37639.37718517726
3,1358,37601.29586374702
3,1359,37612.67376764701
3,1360,37582.826498437746
3,1361,37589.01558223359
3,1362,37628.103664147544
3,1363,37605.78839289584
3,1364,37648.682487471386
3,1365,37641.1511459914
3,1366,37624.84096464618
3,1367,37644.48608277389
3,1368,37612.335077620985
3,1369,37591.158557191884
3,1370,37620.83885097065
3,1371,37612.65755801385
3,1372,37637.61571069038
3,1373,37618.49695413766
3,1374,37586.364693940195
3,1375,37607.381390284514
3,1376,37616.06310234448
3,1377,37612.47996851099
3,1378,37627.564623645194
3,1379,37648.4943387385
3,1380,37623.65742218476
3,1381,37562.52481397773
3,1382,37582.94296865169
3,1383,37595.1871107145
3,1384,37595.911112585316
3,1385,37607.03106788964
3,1386,37627.17756311957
3,1387,37628.45235546688
3,1388,37636.86955991282
3,1389,37640.65436702459
3,1390,37654.23140568563
3,1391,37669.949108252185
3,1392,37649.7780657978
3,1393,37651.68065455491
3,1394,37645.22074638684
3,1395,37630.90739661858
3,1396,37627.15106972837
3,1397,37616.11172623273
3,1398,37560.392498172354
3,1399,37619.76944937886
3,1400,37630.355639802
3,1401,37649.96723258602
3,1402,37614.042931276206
3,1403,37680.21531760636
3,1404,37638.62730570748
3,1405,37622.79085809907
3,1406,37595.41396729666
3,1407,37567.71567952436
3,1408,37601.263445452074
3,1409,37607.18330211566
3,1410,37597.707859403214
3,1411,37587.44367963793
3,1412,37642.16046361326
3,1413,37648.998968160675
3,1414,37636.87293169876
3,1415,37640.478369237535
3,1416,37641.73087183779
3,1417,37622.648413646915
3,1418,37620.930037664395
3,1419,37620.7142483451
3,1420,37620.20652410569
3,1421,37606.979208444
3,1422,37624.41245943137
3,1423,37629.702797140686
3,1424,37627.181112177335
3,1425,37570.10005507319
3,1426,37578.80490715884
3,1427,37595.82376643715
3,1428,37592.536572239376
3,1429,37572.38729869807
3,1430,37565.57320754981
3,1431,37541.59256164943
3,1432,37559.33195668235
3,1433,37579.26662884089
3,1434,37628.25041312492
3,1435,37567.9375138121
3,1436,37586.534115326525
3,1437,37589.307509428734
3,1438,37566.819092325095
3,1439,37609.46768021341
3,1440,37609.19003229099
3,1441,37623.30601120158
3,1442,37655.82973355071
3,1443,37643.88073123625
3,1444,37615.29670107624
3,1445,37560.082602438466
3,1446,37601.84248503813
3,1447,37579.85670123872
3,1448,37566.12823893077
3,1449,37588.399253868054
3,1450,37570.06702413069
3,1451,37589.31627670728
3,1452,37608.66809686903
3,1453,37587.277354003396
3,1454,37584.40293752763
3,1455,37584.85217838354
3,1456,37608.124768191956
3,1457,37613.24797441117
3,1458,37626.3715350413
3,1459,37587.11815600343
3,1460,37548.84788900636
3,1461,37550.517942701765
3,1462,37582.00610084468
3,1463,37583.77856104698
3,1464,37587.459848915656
3,1465,37594.78529222105
3,1466,37598.76996529009
3,1467,37616.29811138096
3,1468,37590.14584284825
3,1469,37583.14996329181
3,1470,37563.23659456619
3,1471,37564.10313139379
3,1472,37589.419274364525
3,1473,37589.787752092445
3,1474,37581.318865992886
3,1475,37566.80732382348
3,1476,37566.44848695719
3,1477,37565.964714572634
3,1478,37570.4577108139
3,1479,37634.415094463315
3,1480,37592.619160142676
3,1481,37626.067712638964
3,1482,37601.78967445329
3,1483,37633.673267894344
3,1484,37620.882336474126
3,1485,37580.77951863401
3,1486,37568.87856505126
3,1487,37590.32742888935
3,1488,37595.28958223002
3,1489,37621.222494222246
3,1490,37634.61120811938
3,1491,37575.20050150107
3,1492,37583.063041273555
3,1493,37568.91149831882
3,1494,37585.93436734989
3,1495,37604.768049249935
3,1496,37596.85363806234
3,1497,37650.21407831497
3,1498,37594.94281112598
3,1499,37610.86999836618
3,1500,37638.308360691415
3,1501,37629.1339932668
3,1502,37647.713629233665
3,1503,37595.997805168954
3,1504,37567.22420448516
3,1505,37600.6889146207
3,1506,37615.97714862251
3,1507,37631.11769532908
3,1508,37598.87694398569
3,1509,37585.03957917843
3,1510,37571.19207600835
3,1511,37584.04623915388
3,1512,37555.45714086284
3,1513,37604.87042024267
3,1514,37591.38798818431
3,1515,37610.08152328907
3,1516,37598.88095121454
3,1517,37620.42078799591
3,1518,37594.00004673182
3,1519,37606.81241700728
3,1520,37617.896839088964
3,1521,37578.5914157634
3,1522,37602.98130902605
3,1523,37609.010961600885
3,1524,37584.57877563803
3,1525,37572.47803747767
3,1526,37583.72760048282
3,1527,37612.76335629014
3,1528,37648.77531830119
3,1529,37630.14292265491
3,1530,37629.51263297928
3,1531,37643.68481917031
3,1532,37578.92556959677
3,1533,37565.609897032
3,1534,37562.35704498567
3,1535,37548.32424863024
3,1536,37546.48397924482
3,1537,37592.069115467435
3,1538,37584.41210712324
3,1539,37598.9399143182
3,1540,37620.05681417744
3,1541,37643.08232564018
3,1542,37603.71632348675
3,1543,37564.988901419034
3,1544,37562.859407501164
3,1545,37580.647914944995
3,1546,37614.67928612543
3,1547,37627.719181456305
3,1548,37603.850978516624
3,1549,37605.72737019477
3,1550,37601.43210028966
3,1551,37619.97065152353
3,1552,37613.31594555523
3,1553,37617.52013687307
3,1554,37622.279323120514
3,1555,37645.040118007106
3,1556,37618.454849955015
3,1557,37601.63203978836
3,1558,37614.53729924222
3,1559,37602.09382563095
3,1560,37610.07963134017
3,1561,37584.011443371426
3,1562,37616.89829344741
3,1563,37598.575733629455
3,1564,37636.68386726075
3,1565,37599.93326517919
3,1566,37593.87404672659
3,1567,37571.77170712156
3,1568,37530.38378013427
3,1569,37579.046475744464
3,1570,37562.78552970203
3,1571,37597.10796422101
3,1572,37608.01964735474
3,1573,37616.39613858038
3,1574,37588.556518905185
3,1575,37579.4833236053
3,1576,37568.25426673195
3,1577,37590.91046746286
3,1578,37579.99769614322
3,1579,37600.00948347241
3,1580,37576.75167528805
3,1581,37599.40980120175
3,1582,37606.79323030972
3,1583,37611.48486611231
3,1584,37596.74510907946
3,1585,37556.67812416748
3,1586,37553.85266927856
3,1587,37563.58937084589
3,1588,37556.927963927374
3,1589,37571.51136498496
3,1590,37560.07897253959
3,1591,37578.387992198
3,1592,37554.46727124191
3,1593,37558.91498246912
3,1594,37613.48953930344
3,1595,37625.831167562224
3,1596,37619.377698795404
3,1597,37648.96490513194
3,1598,37610.681367063706
3,1599,37613.85795590692
3,1600,37590.49771531458
3,1601,37597.22324250135
3,1602,37580.416069436935
3,1603,37586.377082422776
3,1604,37611.496312449395
3,1605,37644.32256043234
3,1606,37603.134021063284
3,1607,37606.135041530506
3,1608,37614.01714326758
3,1609,37580.963117120875
3,1610,37582.16864107471
3,1611,37597.340125496085
3,1612,37627.355952893886
3,1613,37638.16293279654
3,1614,37653.80013824247
3,1615,37643.043818933955
3,1616,37636.75297615909
3,1617,37621.074814127234
3,1618,37609.57153583414
3,1619,37567.71492638626
3,1620,37575.596953715765
3,1621,37633.14937131227
3,1622,37625.44280592834
3,1623,37662.617815409496
3,1624,37661.26797742618
3,1625,37637.37519051406
3,1626,37630.60569073347
3,1627,37633.556032122775
3,1628,37640.45781707004
3,1629,37617.3953743453
3,1630,37587.29298792557
3,1631,37614.21411193302
3,1632,37608.4557198444
3,1633,37614.04938694462
3,1634,37617.84811131927
3,1635,37617.407854468525
3,1636,37628.51660179278
3,1637,37633.46358779008
3,1638,37621.53004641829
3,1639,37632.713649557416
3,1640,37567.354106731844
3,1641,37581.788111738286
3,1642,37570.33393391969
3,1643,37594.191436165354
3,1644,37585.147823706306
3,1645,37550.17721288364
3,1646,37629.64546478938
3,1647,37620.45120381557
3,1648,37573.444296194226
3,1649,37570.38103259773
3,1650,37587.613573840375
3,1651,37645.35634340379
3,1652,37636.69885932443
3,1653,37550.58363178313
3,1654,37601.30662862147
3,1655,37639.645210247814
3,1656,37596.27050608384
3,1657,37579.97261441763
3,1658,37574.159856622915
3,1659,37558.38870543487
3,1660,37595.58058752405
3,1661,37609.62090465508
3,1662,37630.065691267235
3,1663,37640.71800186589
3,1664,37601.210575727055
3,1665,37569.04393643543
3,1666,37591.756322445704
3,1667,37604.94455529861
3,1668,37571.87417653433
3,1669,37638.804693466176
3,1670,37660.593500231844
3,1671,37618.81908351022
3,1672,37598.648586510586
3,1673,37611.025456075164
3,1674,37633.49391432302
3,1675,37589.615548601156
3,1676,37601.12619590728
3,1677,37605.349443240884
3,1678,37578.94328272399
3,1679,37593.92735949644
3,1680,37579.603471647686
3,1681,37602.425405799535
3,1682,37609.15803909482
3,1683,37590.11496151133
3,1684,37624.73241514203
3,1685,37599.300484080726
3,1686,37605.944869949504
3,1687,37632.74647966388
3,1688,37624.345248313046
3,1689,37606.888086435945
3,1690,37602.83160470254
3,1691,37615.986587447296
3,1692,37628.02668071
3,1693,37623.23989335714
3,1694,37630.528828936905
3,1695,37579.22777476283
3,1696,37578.015019391285
3,1697,37619.47478732898
3,1698,37610.91720053596
3,1699,37658.0554817779
3,1700,37628.500709611166
3,1701,37628.76140141648
3,1702,37663.323260915786
3,1703,37676.23214684662
3,1704,37628.42664761853
3,1705,37621.604477459994
3,1706,37545.98415454133
3,1707,37577.44992013486
3,1708,37616.71238766766
3,1709,37619.15221394133
3,1710,37577.51240285397
3,1711,37550.13629011011
3,1712,37629.2814177137
3,1713,37605.45372891968
3,1714,37592.23064424001
3,1715,37578.89453210979
3,1716,37579.096003986975
3,1717,37577.81172253462
3,1718,37617.04543949053
3,1719,37653.034300527295
3,1720,37628.3364033056
3,1721,37620.128735305574
3,1722,37632.56386718999
3,1723,37651.24141342761
3,1724,37646.842328649596
3,1725,37620.25702449926
3,1726,37611.00347593231
3,1727,37602.74361294057
3,1728,37609.23315500545
3,1729,37628.65203161754
3,1730,37600.78471111886
3,1731,37596.89229940883
3,1732,37605.14326300198
3,1733,37596.535454307166
3,1734,37601.819949529956
3,1735,37574.42605876304
3,1736,37642.39644546193
3,1737,37638.19098773705
3,1738,37625.64297539062
3,1739,37586.577562961
3,1740,37568.82900328934
3,1741,37557.63229809222
3,1742,37555.82317288995
3,1743,37589.7385769267
3,1744,37563.8306106412
3,1745,37546.134073714966
3,1746,37578.503620362615
3,1747,37586.132886331914
3,1748,37572.702887395586
3,1749,37581.44448012274
3,1750,37570.81808304747
3,1751,37562.00120781626
3,1752,37577.64626589878
3,1753,37567.712922563725
3,1754,37559.52188244716
3,1755,37573.930861638495
3,1756,37596.673346838994
3,1757,37610.57147109259
3,1758,37625.69722876116
3,1759,37641.16238812473
3,1760,37597.82837153572
3,1761,37597.038066661706
3,1762,37627.11392427825
3,1763,37634.29105103548
3,1764,37642.445321830215
3,1765,37631.01481186242
3,1766,37589.43695620819
3,1767,37568.62310390453
3,1768,37564.807879009575
3,1769,37591.19291169802
3,1770,37621.84401668829
3,1771,37602.84449733627
3,1772,37618.3587686402
3,1773,37647.19987293598
3,1774,37607.38749070026
3,1775,37587.388750767816
3,1776,37655.19827342426
3,1777,37657.80977848717
3,1778,37605.80735510228
3,1779,37557.54611791374
3,1780,37581.67043274486
3,1781,37584.71267119058
3,1782,37601.66732623771
3,1783,37612.35776766483
3,1784,37599.48855659281
3,1785,37568.01055069285
3,1786,37600.27396835857
3,1787,37596.79172807008
3,1788,37598.598559006314
3,1789,37600.29065907238
3,1790,37574.75637032614
3,1791,37567.51670633402
3,1792,37584.9069680828
3,1793,37608.13922946621
3,1794,37603.493511978166
3,1795,37587.96057392029
3,1796,37606.432805081946
3,1797,37575.43482478161
3,1798,37622.061063087895
3,1799,37589.69973134056
3,1800,37618.5183363795
3,1801,37625.0230496694
3,1802,37625.03436273386
3,1803,37612.162353902975
3,1804,37631.573257426404
3,1805,37671.951055264944
3,1806,37637.98144538585
3,1807,37610.821720307584
3,1808,37587.16427093562
3,1809,37587.51520196378
3,1810,37631.31675511024
3,1811,37651.390198351335
3,1812,37647.26726965932
3,1813,37667.197923252825
3,1814,37658.261604674466
3,1815,37606.295679849536
3,1816,37571.78288071651
3,1817,37599.75332602309
3,1818,37613.60516492058
3,1819,37622.78019979396
3,1820,37612.77343207388
3,1821,37645.1973727161
3,1822,37630.64559042945
3,1823,37661.40712253636
3,1824,37590.170180873865
3,1825,37556.77390892936
3,1826,37545.1188420317
3,1827,37605.4708130901
3,1828,37589.55484826444
3,1829,37592.0591440613
3,1830,37594.002069909635
3,1831,37608.49954461835
3,1832,37591.74671425702
3,1833,37612.27508275701
3,1834,37585.79729165233
3,1835,37569.78172008645
3,1836,37548.74169225549
3,1837,37560.201339814965
3,1838,37579.381552179766
3,1839,37568.51415408533
3,1840,37603.40303139305
3,1841,37583.43426426807
3,1842,37611.68409086335
3,1843,37594.7234260818
3,1844,37547.17851423242
3,1845,37622.39177557755
3,1846,37613.28299985075
3,1847,37592.665164288424
3,1848,37611.256888071104
3,1849,37599.62810125804
3,1850,37604.80618662928
3,1851,37628.74746187795
3,1852,37626.78927656698
3,1853,37660.62694419925
3,1854,37664.207677662336
3,1855,37637.16819051197
3,1856,37642.81219853216
3,1857,37656.867949073545
3,1858,37634.60076393671
3,1859,37611.88912737405
3,1860,37591.64335794945
3,1861,37590.60478146792
3,1862,37588.03114615997
3,1863,37645.34752044713
3,1864,37611.71676281811
3,1865,37607.66130506817
3,1866,37659.29660533522
3,1867,37634.253131610276
3,1868,37614.345851909195
3,1869,37570.97444165712
3,1870,37574.82803433973
3,1871,37568.97400340597
3,1872,37556.6751786932
3,1873,37621.530652127614
3,1874,37623.675283333636
3,1875,37579.078085225134
3,1876,37607.04416562311
3,1877,37581.11066583847
3,1878,37602.28263976222
3,1879,37594.94085138418
3,1880,37577.48142680805
3,1881,37619.62903478874
3,1882,37601.052518576966
3,1883,37609.406870192666
3,1884,37634.29410264879
3,1885,37617.63418224977
3,1886,37566.58999615683
3,1887,37577.45781889781
3,1888,37589.71431529122
3,1889,37586.07820863021
3,1890,37611.180665952474
3,1891,37603.41354031663
3,1892,37592.48873085126
3,1893,37589.97470093548
3,1894,37639.152876804445
3,1895,37608.89632305283
3,1896,37608.73875607592
3,1897,37621.5545972753
3,1898,37611.5197940179
3,1899,37584.08787932183
3,1900,37610.54381894655
3,1901,37604.71498993705
3,1902,37625.09435032934
3,1903,37625.5439006543
3,1904,37612.78227312826
3,1905,37612.694960264096
3,1906,37598.653698454764
3,1907,37654.26852055437
3,1908,37622.146668352616
3,1909,37564.77639418076
3,1910,37584.1553985515
3,1911,37602.27001483544
3,1912,37573.99452033608
3,1913,37534.5094315948
3,1914,37573.18649386448
3,1915,37570.839086300475
3,1916,37570.63156925125
3,1917,37587.309372709904
3,1918,37538.45647930407
3,1919,37566.30367567194
3,1920,37603.2356229841
3,1921,37599.32114943245
3,1922,37610.96206101923
3,1923,37585.40752406198
3,1924,37577.646241816816
3,1925,37581.40603282328
3,1926,37621.82808486589
3,1927,37605.47740976412
3,1928,37618.14728920746
3,1929,37620.38202747801
3,1930,37587.1902968469
3,1931,37564.77279701664
3,1932,37584.97145227043
3,1933,37590.41013665024
3,1934,37620.55699372017
3,1935,37589.799209386256
3,1936,37601.505627403305
3,1937,37646.19033492303
3,1938,37594.89357623499
3,1939,37576.63990885573
3,1940,37607.13783675688
3,1941,37599.03259221286
3,1942,37577.35294242793
3,1943,37582.59976498343
3,1944,37599.89912340793
3,1945,37598.839864616006
3,1946,37586.57631736885
3,1947,37594.89884702689
3,1948,37591.66209784069
3,1949,37617.168121680894
3,1950,37578.42762691163
3,1951,37617.936385779394
3,1952,37628.16803919482
3,1953,37608.80714012913
3,1954,37611.38639042086
3,1955,37606.963630602164
3,1956,37603.95642449087
3,1957,37634.936991868984
3,1958,37626.37057702464
3,1959,37622.46103228466
3,1960,37637.50056745924
3,1961,37629.02367498877
3,1962,37665.796367602685
3,1963,37658.78754658005
3,1964,37703.70338080181
3,1965,37636.79864583332
3,1966,37606.15748522055
3,1967,37573.82617285877
3,1968,37588.48897862905
3,1969,37582.32200414744
3,1970,37604.85626038661
3,1971,37614.2564120027
3,1972,37619.00867684615
3,1973,37614.823505877765
3,1974,37616.25775026957
3,1975,37590.1681131895
3,1976,37580.94142345106
3,1977,37580.01014692237
3,1978,37644.643267590065
3,1979,37615.85581390547
3,1980,37601.316596288365
3,1981,37635.75634260765
3,1982,37599.23163035736
3,1983,37625.93367434083
3,1984,37617.55029173159
3,1985,37614.83119341681
3,1986,37628.8734124968
3,1987,37611.862749942346
3,1988,37619.932189339415
3,1989,37625.2458697527
3,1990,37628.506934944824
3,1991,37613.62044806295
3,1992,37635.0893229678
3,1993,37675.00405803461
3,1994,37643.782893000505
3,1995,37579.10269307184
3,1996,37569.10671870481
3,1997,37550.49847542141
3,1998,37600.92463204998
3,1999,37622.09681034958
