sample,celltype_0,celltype_1,celltype_2,celltype_3,celltype_4
0,-0.01749558802038978,-0.06516709442574117,0.030066278165319326,-0.049924290581643105,0.04936888991687751
1,0.0038496788637465877,-0.11200073078420476,0.0020288958729714358,-0.008888592194753112,0.006671948204456738
2,0.02921662706569766,-0.11097372492466859,-0.0885590385052732,-0.03613035611101485,0.007541832736910862
3,-0.03305524172328066,-0.21394466679185026,-0.07955433096573054,-0.05362664163475763,0.006624261728989112
4,-0.028935178872979802,-0.10312381436534498,-0.1052602584766726,-0.058397876153854805,0.019597614065681706
5,0.00409431642777779,-0.11660707231116328,-2.118085845961619e-05,-0.05300764288746915,0.00955677548786489
6,0.02607503609690463,-0.13476717636469476,-0.14650088792676688,-0.06346192237592344,0.03032520618720206
7,-0.0041562670199832,-0.09777814573285618,-0.1642117112901047,-0.03313145665924301,0.013089184406181823
8,0.03132709508313692,-0.12278874555430544,-0.07055986083574489,0.031800363656431144,0.04073371710320172
9,-0.021327207927333967,-0.10504360902021315,-0.15495643218325303,-0.015646058174548682,0.004837180038440413
10,0.007734157000033405,-0.1633159266384679,-0.09245542145334992,-0.05366461879551101,0.04691881438085018
11,0.025925184394850816,-0.012918974876757592,-0.02613439652242486,-0.04208311004813651,0.06900126199865712
12,-0.009752824031559608,-0.14363638486778527,-0.036453892819479874,-0.010855034395355057,-0.022224516246279177
13,0.012006893724035616,-0.10029287787410682,-0.05518955874508015,-0.007336836843988577,0.018659788175689
14,0.04204816457253961,-0.19055450928966966,-0.11929760908333471,0.0014543934378645296,-6.748164268306795e-05
15,-0.01894719538588255,0.00854620694618673,-0.10615250019484362,-0.08350474924092643,0.012462944690052062
16,0.00447711857610954,-0.03699762625670025,-0.04132773877421314,-0.022413535085398846,0.03658629530077161
17,0.011396827606452236,-0.04603272649195543,-0.05569427896345865,-0.017001274814431745,0.042826126640389144
18,-0.02782022646438276,-0.17711070899054748,-0.013243110429041085,-0.048680711277847434,-0.00011643636161262692
19,-0.0005500103443911751,-0.07815832065321514,-0.1571609558129977,-0.010068743800565483,0.03166363416701386
20,-0.0035161908354732585,-0.06185669417856774,-0.25957486458030266,0.009295414379417569,0.03566836041288632
21,0.004812110790108926,-0.030716194547691252,0.03313646541629792,-0.09136191543692113,0.013684239944978265
22,-0.0019130637646693534,-0.018521530236283956,0.10257402258378635,-0.10169674203907234,0.050282795070736026
23,-0.012324597092621655,-0.05466622982331168,0.036046778636860566,-0.009466746910646256,-0.005300824853838289
24,0.023816143447056102,-0.008977969959714921,-0.0891587088422362,-0.043636629690559314,0.04596142091705976
25,-0.026921528856413447,-0.08962943195285501,-0.03765251066019337,-0.011839562100228287,-0.0010363766637331796
26,0.03109308332349044,0.06563248851742401,-0.0630665388384138,-0.047883279710479884,0.04517312010727073
27,0.00206200832004745,-0.10363769827857129,-0.08486662479338225,-0.06195646713149279,0.013547749072487418
28,-0.002632729000790954,-0.1437561628915063,-0.06076672799452948,-0.07385610310531225,0.013175684296933053
29,-0.013253499805341955,-0.07055333724019826,-0.014416115288036274,0.0017702642933921907,0.030076924501433292
30,0.03148015787788082,-0.06100551575481518,-0.11972055246823284,-0.03395100090966337,-0.026741088290973727
31,0.03538676070199096,-0.098537548457799,-0.04616270212445497,-0.03880170825613039,-0.023940722735392623
32,0.04176657760385847,-0.04195824673904213,-0.04917252892364519,-0.029367232582908877,0.023325699287306594
33,0.04486774495062199,-0.07505468483652615,-0.041687359887571565,-0.03166074542385615,0.037938258076945536
34,-0.024606423815772667,-0.08441565984621609,-0.051731712992447824,-0.008000693606484248,0.012962008832687858
35,-0.029584856963639595,-0.12270680028005024,-0.09144627133389635,-0.021277038203620514,0.08511634394725372
36,-0.012134486926242114,-0.1637786100784598,-0.05230139981931706,-0.031141198815454327,0.03422547745130032
37,-0.02007415812464122,-0.12192773074950536,-0.10816776536567554,-0.006506966455655009,0.049931744313220054
38,-0.00043142689490486365,-0.07016064685180055,-0.056787437771836514,-0.0481873369825269,0.009318592277838328
39,0.01204921178686314,-0.14297907570690954,-0.14455799302615716,-0.011167212997011218,0.04336630912370672
40,0.012454020054848584,-0.10847444524700595,-0.024624389067429208,-0.04067325437070539,0.02509005805869291
41,0.008664377955930625,-0.10535103242618715,-0.13370868899155056,-0.013061278633850634,0.012599435977268033
42,-0.005665567769089749,-0.07413148224207866,-0.0025092333003728633,-0.04456526185950611,0.018206724945933363
43,0.018825979909311872,-0.1077791984539393,-0.11628159975332693,-0.03189997921459566,-0.007705227485746556
44,-0.015638806471540884,-0.07375879323634214,0.09622609045643397,-0.025663981634013962,0.051728659883646284
45,-3.1040618754780764e-05,-0.06821391199892937,-0.0741069098517756,-0.03164207787675238,0.03720045590667557
46,-0.005548338673087666,-0.07897587854874463,-0.0037301373292651704,-0.030364247435140893,0.045339837587253976
47,0.005421986595285282,0.02314787182804279,0.004815243437491589,-0.005464143895118136,-0.005918641866973297
48,0.02354594632244486,-0.08491838755711305,-0.15972420198186074,-0.030477405852771797,0.0060926110569244265
49,0.01029043572575722,-0.12362268413063564,-0.014867904112429772,-0.04244309694570388,-0.00036702352113744186
50,0.03512775591315265,-0.08022194989782798,-0.00146710224979662,-0.014066885164075888,0.0472300762801839
51,-0.03183987176079256,-0.07165283028515144,-0.06130945146296012,-0.017659896070871425,-0.011096148938735078
52,-0.0451798659177843,-0.1419727541595232,-0.06312518509028879,-0.009014571244356114,0.0451474692074004
53,-0.0212252179409522,-0.14776081980975836,-0.028748743649309065,-0.014576028567344579,-0.006352398607537202
54,-0.03600166679314368,-0.1391379350288652,-0.049094173964455215,-0.020184464761892177,-0.020851276692233755
55,0.030050619819033935,-0.10578921645941529,-0.08530754777398698,0.010876523577431373,0.02144265528444749
56,-0.06053816271558364,-0.01969927559171696,-0.030771438785136163,-0.0494010699813818,0.017723917589400732
57,0.04575377377008456,-0.09730916832574069,-0.10711346459271179,-0.021156730681644816,-0.022854768618233347
58,-0.042247313202475094,-0.10842976494768335,-0.007427376125072535,-0.11432041286912097,0.04534615731683456
59,-0.03138487352572093,-0.11448354503790927,-0.08817005312037028,-0.05155199187490575,0.003890697122167008
60,0.008565895347214941,-0.13126618275927743,0.024831500580445805,-0.025011481006002992,0.020074947033824193
61,0.014886521623081038,-0.09277382632833779,0.02430953444091248,-0.02496609657006816,0.005802742674194167
62,-0.014087160358009753,-0.08626727523114822,-0.04147624132726185,-0.0025813378581527233,0.008214662501202766
63,0.026678530803248238,-0.014647031737181591,-0.13328714387864632,-0.004006813073249728,0.001725576444707279
64,-0.011446259455936818,-0.10219158652892582,0.06486476063583516,-0.05303854651401663,0.06762255774943662
65,0.013325224192253408,-0.10661961155893547,0.07971439680963223,-0.03444836676813708,0.014386015344710713
66,0.02497916921558136,-0.06861164250542807,-0.09542961366908612,-0.03878716960770943,0.0343338937061236
67,-0.012902100885923229,-0.12187613430233715,-0.048405289910353304,0.012283833177542315,0.03526971497630979
68,0.001328394941830292,-0.09544330194011935,-0.006424315370455055,-0.031134997136212414,-0.0243083582839068
69,-0.012770564111034732,-0.09986282750030277,-0.10312853629922972,0.0019225153964860953,-0.024347965829622755
70,0.024626798352687634,-0.2517028799194308,-0.033263453578910016,-0.06512189038422528,0.04146662516381175
71,0.008902445482480327,-0.024674520845327702,-0.04070207879945935,-0.01541706021243111,0.020357552101546737
72,0.036155637998594094,0.033152336900872735,-0.07898114990521092,-0.05292939271027217,0.012637766975957568
73,0.023579638568457156,0.05480373718435882,-0.07166351853716027,0.01418392525833248,-0.032852710236705794
74,0.018718687762908526,0.17158084234560866,-0.06249929093470765,0.0429235005495875,0.038201151331729306
75,-0.0004944055003060546,0.12431579980265316,-0.06644448338742014,0.0059638637422706866,0.04972303914424236
76,-0.008053248573954737,0.09223941288304764,-0.0648140151027634,-0.0069273749767642286,0.038020109261826286
77,-0.006868736644127552,0.09000427950730222,-0.11337262479649217,0.010979547948837388,0.03998415265091878
78,0.008579061638567292,-0.25809100136514956,-0.05900128580702993,-0.08895286672703653,-0.02326771156510707
79,-0.0007302712194083405,-0.04013987635742105,-0.16026361869087238,0.024366572109627133,0.007425999722608747
80,0.025459421406824653,-0.1284264006860882,-0.06107798035274333,-0.07326870245649675,0.04519542342592047
81,0.01921164062866046,0.006938914697308237,-0.05256200881543311,0.006858203365022099,0.04764864862168433
82,-0.012045468507785645,-0.09061431422095526,-0.04593959395485716,0.008441245737869023,-0.01634176111941893
83,0.03924653298824375,-0.12070749493069133,0.02575711834606129,-0.04373034238919998,0.04802800886380264
84,0.008740229609794072,-0.19253613804231823,-0.1010768629311353,-0.002153738127635227,0.007033544983528179
85,0.007716606534510887,-0.06185085558098206,-0.07213857342537316,-0.0470559146806599,0.024963209620384303
86,-0.01209687791805726,-0.10997294696397168,-0.2267212342549267,-0.01618627653024088,0.028554120485504104
87,-0.007856130128175702,-0.09825589029876025,-0.05837800316444124,-0.03528575645200443,-0.016138530064604507
88,0.007268372672328691,-0.15834474904646287,-0.022890480391283517,-0.0898907994651172,0.04469538214551414
89,0.022780887748834713,-0.12904516651793235,-0.06829978325745333,-0.061472014879307396,0.026637341790466895
90,-0.0063159027714302235,-0.08450907556803901,0.17361659335628352,0.007841015886218812,0.013382918656808853
91,0.04337419672832922,-0.12847660599586957,-0.13009177361967045,-0.05645122109965407,0.012843017919834356
92,0.028497548286798704,-0.055912251612352366,-0.3811334105515455,-0.08370521147016731,0.05206934937122046
93,-0.018095637455141565,-0.1096004847371896,-0.3101712288475237,-0.05227862753169365,0.011921738048070568
94,0.022100310825137078,-0.10952057127804526,-0.08759401407638559,-0.024721951553107493,0.05645121131750021
95,0.001364379608668063,-0.01992002788742436,-0.060173072812051635,-0.025779691049340667,0.030619771144079953
96,0.007621435754940363,-0.08503158146304729,0.15155330095054348,-0.0415873992297548,0.025121839191171252
97,-0.0018437824920950168,-0.03157395162162195,0.15782444354296898,-0.03895287741814822,0.024254928231733506
98,0.015525989840848391,-0.1303688570974009,-0.0991858962411836,-0.01342373066238448,0.018906485823443453
99,0.0026374259174510315,-0.05803353930900704,-0.08802937575515958,0.009774799542001639,0.022800054008600648
100,0.0068738686311840234,-0.12247601325613376,-0.04021671965110342,-0.053970130987122666,0.03513606104981264
101,-0.0219529183165589,-0.15185605031892402,0.009619587054014726,-0.06945790221489176,0.08775028807299676
102,-0.020563783691637975,-0.13313107463231794,0.017988403264847474,-0.0648104045549755,0.08464708469384685
103,0.025700225492467543,-0.09767959646407087,-0.09795625570193073,-0.02138047875510729,-0.020610863883978463
104,-0.027284047616513454,-0.06111882327264741,-0.07595170537035252,-0.015741494214836838,0.051201029535648264
105,0.00198476263376273,-0.05123232925443846,-0.03804942353992883,-0.03537909046847759,0.0023402175163448296
106,-0.06920028690650581,-0.016093836117812933,-0.1221237314611276,-0.01210656411095452,0.004770541363122822
107,-0.01294314157352114,-0.058640976425020294,-0.0005717445131555798,-0.030083251838577105,0.03134389754976833
108,0.0387236454708282,0.006527740038179816,-0.12774667418698257,-0.02515826277169271,-0.010676741260960958
109,0.03914336191530066,0.01569134385462681,-0.12685372453584626,-0.020357900305739952,0.004889746776261405
110,0.0047988982091790935,-0.03074672078637817,0.17161041933527654,-0.03472939237449947,0.024602561257323154
111,0.00751658696957703,-0.08538904434773602,-0.11531178781203469,-0.026397616816982213,0.0010131580549500448
112,0.017047677976895763,-0.1512704785913067,-0.06720928078454058,-0.01364826618429424,0.059074020697849935
113,0.00922061374757883,-0.09772342454381763,-0.015770631340779186,-0.041177071555260965,-0.0212741957307816
114,0.011186383851624768,-0.09905136278517089,-0.08207827364777512,-0.04165512966603844,0.03501539008870437
115,-0.0013925869333477423,0.005055707239382685,-0.016020493230499217,-0.025820672247830224,0.011439305681836409
116,-0.000637185134314196,-0.13400428599334,-0.10600191333659278,-0.03619748882894169,0.016795102105846303
117,-0.021865142634763114,-0.060805670488089554,-0.2419753286805017,-0.050878629916465315,0.03584509495191313
118,0.012558857679506168,-0.03580958780629116,-0.021046830219497104,-0.03941711015026344,0.010189381413058913
119,0.026705161134009475,-0.1360551959130251,-0.03494292991581358,-0.027476828623749845,0.046571946951793904
120,-0.023942323301806057,-0.10611124988070347,-0.2321000488015603,-0.04366974679661246,-0.004037649703630424
121,0.015858983466128563,-0.07011208560469459,-0.04212385596260638,-0.025719585493844874,0.03053358864750557
122,0.028501663009520953,-0.19034719975679373,-0.09175847652701885,-0.05290099943617931,0.001243078778845149
123,0.01015716262802936,-0.15137968307468758,-0.013922496061775142,-0.054510198604828856,0.015336407706468862
124,0.0036273953854251274,-0.14555317017468505,-0.033825474318716395,-0.05485013854189973,0.020301878112208585
125,0.003580199221011092,-0.08373231017791181,-0.30316208455669075,0.002964685657809449,0.029934029489349596
126,-0.010604597963295445,-0.09557708272497481,-0.2737154757248215,-0.0233332052049863,0.011342895752006674
127,0.014997120757299556,-0.21820198038767843,-0.03780365577980052,-0.026370694355131983,0.035080755842655506
128,0.00480532249526621,-0.14252394685643255,-0.06577888125153633,-0.026151026900202653,-0.011292164354659942
129,0.034756842091308617,-0.057992128932272125,-0.005311283000157713,0.007584866628631658,0.04639899621269082
130,-0.030933137612331695,-0.11326086690107529,-0.15865403810311432,-0.02964453073373358,0.020164839768869663
131,-0.039928587285077484,-0.1693968524029797,-0.3078645826981374,-0.03895464353601414,0.0078995718064826
132,0.03883150975566026,-0.10239167774668773,-0.12303589967840173,-0.07727112392602385,-0.009019098860987403
133,0.024108891138103893,-0.10344160571229492,0.053945054498924186,-0.07630061025973134,0.01521117259108872
134,0.02202431966336045,-0.10200049228897279,0.02908886689298607,-0.1205066220400962,0.023530251589568608
135,-0.00905606269257195,-0.1327740943257971,-0.07439867615103372,-0.006422704567055815,-0.004094823513489012
136,-0.010014032867113344,-0.15576053487900646,-0.06880968440285151,-0.07598054830932001,0.04151101470762662
137,-0.002763536498392637,-0.14595412980788497,-0.02625886409298595,-0.0725911749366894,0.016582951347127325
138,-0.0002409175530110222,-0.10359178533361921,-0.0496307888433076,-0.0669487384472533,-0.02662687123779797
139,-0.013981766833911368,-0.07346997154608373,0.009511570415080443,-0.04558083781407568,-0.014172198968007744
140,0.017302591857794127,-0.13177129012316574,-0.02754661660451318,-0.04639511048818799,0.018399410078187125
141,-0.0030492739526560256,-0.22677290788928803,-0.09435877416599432,0.0062182473894053045,0.03964245032690627
142,-0.0009904658467923058,-0.019248562225686834,-0.019696059260356558,0.0030528088000663545,-0.004211039620880983
143,0.012510559191508949,-0.21768262314204748,-0.11284889081699588,-0.07300322188047954,0.056497887793084976
144,0.019225387669423527,-0.20474828223768476,-0.12160492322973326,-0.0035341000912911895,-0.004937602570904373
145,-0.007617941358541802,-0.021524822904783986,-0.02173366422222221,-0.02518051036679924,0.02826172543660989
146,0.015050255193946975,-0.15591746137646068,-0.0892888124756176,-0.02479544713025977,0.017313270587628386
147,-0.001701777763825648,-0.12417754234848022,-0.08263253718502594,-0.01630160441445503,0.02040665090589325
148,-0.004608011750368194,-0.04353969707295619,-0.05082141647543423,-0.013558812911190418,0.009118188616920724
149,-0.012429764930092365,-0.0456307772359971,-0.0037184406560465764,0.011536817937603354,-0.018824704031989513
150,0.008459956225965019,-0.06198334774707743,-0.0634451185036186,-0.04312635850151339,0.04703675581030575
151,-0.018926390228825953,-0.11309235010878699,-0.07391083420810583,-0.0034525575781975,0.054124744444720034
152,0.026010941306792636,-0.02966911199945007,-0.07761395121762003,-0.06844243635993776,-0.003237166413756561
153,-0.013500641449628568,-0.10797792253705873,0.029282910433708696,0.0247965295658996,0.01635323202829188
154,0.04461859956105898,-0.083172961945458,-0.10024703697185253,-0.060763628152136616,-0.0073735719974325625
155,0.008107455043987258,-0.035563265640235556,-0.08331293010173983,0.019150499151356252,0.065667985192776
156,0.003935417595007518,-0.08216511449537603,-0.0894988069702835,-0.02040208692216852,0.000525632014926659
157,-5.140126295717545e-05,-0.10791967181942305,-0.10864224659153739,-0.06270435164505773,0.011844988958133308
158,0.01442642951559912,-0.06499335847128507,0.07871492367741181,0.004716839913462775,0.015470910590174226
159,-0.010820322084501035,-0.12181279554195888,0.22815378591152552,-0.009768956384189214,0.02658937333506106
160,0.01766619566717403,-0.1003772677360511,0.027594149586144295,0.06538809836259074,-0.012198181795207081
161,0.00832930122935912,-0.0699295123694173,-0.0563483917178169,0.025218071939665323,0.05596815642327899
162,0.009949525746480978,-0.052991512752578594,-0.08389037746748193,-0.040784537981073246,-0.03304236811070772
163,0.011551637009149388,-0.07924847516143092,-0.1327617701267838,0.013542050380971097,0.046609285220839694
164,0.008492290291865802,-0.08384478753017229,-0.17621336641405175,-0.013406504573918307,0.041856360743375294
165,0.03705671546544491,-0.0897873858124447,-0.16156480482746655,0.0002605267966833876,0.03603463042074534
166,-0.0006035719331126821,-0.117516663612316,-0.02955190376999687,0.0131918825351765,0.01772666232894803
167,-0.00261583224901027,-0.10706359532454437,-0.008338999269193096,-0.05308618966017031,0.021554721429781123
168,-0.0013218141748817171,0.0696891957245751,-0.12583473754103092,-0.04820228940213395,0.012051825721294469
169,0.017857300633342277,-0.12709747507015354,-0.05332000821198339,0.019689506811227848,0.04442940255372411
170,0.019921397296889434,-0.1119787423135004,-0.08262661824768618,-0.022457598372858337,-0.006582363020524105
171,0.010126450737719053,-0.1432115573007846,-0.06245589116406786,-0.015392942740023187,0.05417932719491449
172,0.013599254565261244,-0.08623521945820858,-0.1812989032910588,-0.06047533860692691,0.03875597411111765
173,0.02063003705304525,-0.1161749850131254,-0.14279011655150856,-0.0460379550561133,0.04517033604188
174,-0.01845271557157463,-0.1264784024051343,-0.1839586478671724,-0.041592304648862106,0.05260355136043701
175,-0.024894421703839393,-0.08926841313441806,-0.12395805853923486,-0.06574841419602093,0.01459534939666619
176,-0.011398369178878261,-0.16698181849456517,-0.09869819277703001,-0.09256931390532393,0.05151001841718446
177,-0.005221510853651708,-0.06096194284376245,-0.1216401386494238,-0.0031467756134398108,0.02612017618388882
178,-0.007566484673641757,-0.09809746140828432,-0.0953646981295861,-0.020643588046389872,0.01605150216165704
179,0.018143059844699567,-0.054035263371770094,-0.02158556423250979,-0.0222474191504859,0.02193569111945346
180,0.02133695158745826,-0.042737620626035644,-0.02521265901589044,-0.0366542561295167,0.03496940318340249
181,-0.002775764296795224,0.17873185877310865,0.22308230203884263,-0.016512896575804122,-0.0021900124575165987
182,0.021512255931117122,-0.02240573961338499,-0.01867036504047408,-0.06985015738673105,0.02461782488366949
183,-0.026653325634924663,-0.0017106189008853762,-0.02975869719743477,-0.02922614418582362,0.0032977560031292492
184,0.04004808406509997,-0.11707719420108734,-0.08810690822873306,0.025382984894315692,0.03356820372138946
185,-0.022571480491565852,-0.0788199500650784,-0.029953859175320483,-0.054482919057347576,0.01375215599365777
186,0.06051652229586386,-0.09427367617733352,-0.04393244958603738,-0.019681760147272277,0.020589753215487016
187,0.02083225641162855,-0.08263688246393641,-0.02068529512894794,-0.037044779122318114,0.05722843893574886
188,0.0022710326470259494,-0.17617089913038417,-0.003940401388364326,-0.0027557591748044266,0.019596635874592726
189,0.0158126837127986,-0.101022157827762,-0.056032745661931845,-0.019114806918539232,-0.003718381152872614
190,0.01896424353482033,-0.15665309036519154,0.02350464116154469,-0.026958260274149656,-0.006639983224677552
191,0.032968140305025054,-0.0924575533772658,-0.09124909176330805,-0.04087490007518572,0.039167324830377145
192,-0.013749084935331552,-0.06200922700029024,-0.10592091298795653,-0.021493620709696497,-0.004027945924818111
193,0.01781399073742527,-0.1194463022437943,-0.03325746426379379,-0.014012756709492915,-0.008052805679592462
194,0.005890676714325022,-0.10385120396157461,-0.03313298149558454,-0.011865372219256997,0.04260710995218341
195,0.03003255192424825,-0.1070339730191825,-0.06529057846417281,-0.04663654573452347,-0.023116756857679045
196,0.017535233292080774,-0.11162799016079787,-0.08040039461648739,-0.010967170302566215,0.07820719463337654
197,0.031025530549094647,-0.19327788147321404,-0.030586223881296677,-0.022125512904880316,0.060905736995723936
198,0.024797423371313614,-0.08219592653520265,-0.144090106378844,-0.010658812718709543,0.06910104043531454
199,-0.004567914950987826,-0.038911930012274734,-0.137128019742428,-0.023245984461259795,-0.01456442299901008
200,-0.02339138986885233,-0.09477197404745831,-0.08270970223863272,-0.028218372889157076,0.043872192277564434
201,0.04683293538132964,-0.12099884685925619,0.07137019484105919,-0.02571623451767758,-0.03212710648545332
202,-0.013283869968444984,-0.1817363829287005,-0.03777452052411222,-0.013859768050127941,0.035013637341703534
203,0.0019252764686273167,-0.07606829845985004,-0.028876880448898988,-0.029976794059426805,0.009268516947127941
204,-0.020368625533391888,-0.09233230593029715,0.012817656226863714,-0.04607764555147022,-0.024919747916749883
205,-0.025007084919205738,-0.1329654943397149,-0.13821129352980885,-0.014652272622043364,0.02524214644084295
206,0.007332051846117618,-0.07710139863289706,-0.10696205279986015,-0.047893314049560654,-0.007673700073748057
207,-0.0029775598530817115,-0.23750037632252288,-0.05926510978337202,-0.02240072460671259,0.0359248286963596
208,0.005066293433673072,-0.05163956393962698,-0.06037951967761783,-0.004481705132723576,0.044610885132919095
209,0.017037593669778122,-0.0676098878420334,-0.09043630524736014,-0.02594605852847554,0.03975105233956293
210,0.00520391764107357,-0.1418161538048779,-0.09206607105548616,-0.05526988781918567,-0.0025459690737502376
211,0.008648186783583539,-0.07269254014314402,-0.051431490954540374,-0.027776175466811246,-0.004076430002826732
212,-0.005337090753247967,-0.10282677562137385,0.013564000511143513,-0.03170622592083147,0.04156219783653865
213,-0.0049830414510585504,-0.1556518240075204,0.00039979289089225786,-0.02841984731542499,0.019430176171670886
214,-0.018776352776554487,-0.06983741231703373,-0.10589553674493381,-0.03657701254964984,0.02908101995499922
215,0.015383969119442094,-0.10011274573761464,-0.02619555130843252,-0.020566876261695094,0.0057807071787928785
216,0.027094632991077245,-0.1105146601609405,-0.1720754519631556,-0.04289473942954119,0.025952489467793396
217,0.017729510721991023,-0.0996529237387488,-0.23694959598736318,0.006187974235523643,0.02777547305712209
218,0.0013455286701816865,-0.04331482402240653,-0.3277620875425421,-0.028978029094770517,0.014651945815599234
219,-0.03917026390278391,-0.06748118749295086,0.029934438128016706,-0.039649677014872056,0.04218010895618498
220,-0.011406198919830579,-0.09549404833484079,-0.12945238527106426,0.02749027027434878,0.03977141790905251
221,0.019944180198353076,-0.0795573133773492,-0.0796156371242315,-0.03525520417668526,0.016464926967757143
222,0.030553821135622196,-0.20548371101358429,0.0378892627238038,-0.0006050046461365736,-0.013239495547672779
223,0.05117305075992196,-0.02421955315561826,0.004790545857944716,-0.053313250466724575,-0.003982005516971962
224,0.009308248453310054,-0.06269235057831939,-0.09173273281119976,-0.02656800325111802,0.043784070972763336
225,0.011440845387845185,-0.06775932099945034,-0.12035086265582466,-0.05287107430792177,-0.01466917716813889
226,0.004637288965509202,-0.06935661059624651,-0.18104614874153424,0.04210664153470209,0.04252852883183396
227,-0.007583666170147319,-0.0911441090040181,-0.010778722475326888,-0.043885434221719644,0.01281239278692212
228,0.025229414407620752,-0.11107063171291001,-0.03949674947861957,-0.02369007604918133,0.038578700356562724
229,0.0048561270847319385,-0.09050725961039853,-0.02447081233980051,-0.0653664291379467,-0.025849064183892823
230,0.007605751701598248,-0.10117157775700004,-0.03814626152272236,-0.04805081330136342,-0.030664667036667384
231,0.0019702242710125145,-0.09301531663798432,-0.23253956410592996,-0.05786118851850172,0.05723276692452076
232,0.031207572063428335,-0.14658614311914228,0.005020641880975591,-0.005158291197912448,-0.06519311973627787
233,-0.009173248216533486,-0.06233430045388856,-0.060237224771768155,-0.060759420568539856,-0.006573382975567983
234,-0.01162305386346866,-0.12103388190351463,-0.0880302960205499,-0.03597918636450055,-0.00225311217807048
235,0.010393515593960064,-0.07704874697200312,-0.12700384540303647,-0.02619228788159408,0.030774257912347322
236,0.001770459205150737,-0.10282660766554738,-0.04468856584720127,-0.052869921754098055,-0.015827838162598105
237,-0.00010534679466312363,-0.1020619668735586,-0.1099015613194837,-0.053919138507459406,-0.01640181464989977
238,0.019809582693833008,-0.11030546914533224,0.05474092921939985,-0.010895360147816384,0.03778946546586614
239,0.027435745340413834,-0.08916026686237345,-0.03212334290145861,-0.053698482838090304,0.028142518372868405
240,0.019976477408013133,-0.09828131026092296,-0.07424699420323883,-0.006478067246325485,0.04971673108051361
241,0.021965870807415033,-0.09637140738845289,-0.079187142983333,-0.007356544989366047,0.05401493382303189
242,0.011055614844375285,-0.04136382228671398,-0.06756425231526325,-0.0662550291720641,0.029845383477112856
243,-0.0019138058088486625,-0.04521788673427269,-0.05894258553338993,0.016242246166287735,-0.011574227109974718
244,0.022729019213052787,-0.13976769854695958,-0.009276208112389252,-0.061506073567777764,0.045880948314530774
245,0.014421938775955111,-0.060324650418828084,-0.1345878620475095,-0.0692989907654743,0.019149866432320764
246,0.006742923801446201,-0.1556867125829319,-0.18664110507019888,-0.015930447566707345,0.010765141749230352
247,0.017540282644983304,-0.03280303929382222,-0.20749527420350833,-0.0256862025596827,0.023349137996688404
248,-0.0009024547268073024,-0.14370959849171006,-0.04319470710265673,0.001504335762259646,-0.008226623057499466
249,0.06121212379969083,-0.2131376007444615,0.005661647135586379,-0.017266845827498642,0.004233566405378016
250,-0.0022510197648136798,-0.05955032930758009,0.031014358117684247,-0.01966483883378779,0.019433695640506402
251,0.01068594891330613,-0.19593123337515955,-0.14080678046011305,0.011076350120410812,-0.024564854512251565
252,0.02151752869044266,-0.1681865900828366,0.0849596680428401,0.016257181510573225,0.002967111672359937
253,-0.009561166045561906,-0.05745254804582148,-0.04656237301614381,0.0024570467883705794,0.039361332950965736
254,0.02678437610785122,-0.1204314080331484,-0.28539239278730283,-0.06489161107741381,-0.028435062322101023
255,0.0187932116386284,-0.06314511328862214,-0.3474820862874292,-0.06094849893548573,-0.02691270397518004
256,-0.028490996030729892,-0.03348665204427677,-0.4099254232985684,0.009935048970690297,0.013376793590933026
257,0.04659156944165565,-0.06290067214276535,-0.23249750237017433,0.002614478443891744,0.009297512526380471
258,0.03863824878477412,-0.03127056193697446,-0.22040567194756877,-0.0011138807656933512,0.010371888332926895
259,0.0002733178062298667,-0.05676986909501216,-0.16594019426130624,-0.04060459054227155,0.0505681725201434
260,0.01821432856661711,-0.06494928729877884,-0.1086629060142225,0.006947539750634487,-0.00644442098484563
261,0.004218778340389847,-0.07215868975703771,-0.040720156420935245,-0.01633753206163544,-0.01975032104296487
262,0.020674003725111276,-0.0016019103677007427,-0.01492523800464407,-0.06761837810113329,0.06469691643772242
263,0.002193952404564604,0.060588502341528266,-0.10122369904842833,-0.024399437661712903,0.0032083020025526873
264,0.000951541471508511,-0.1426330626231358,-0.04941561604701378,-0.024165939537069955,0.03731415130417845
265,0.00010039773474338752,-0.11726682939532762,0.06820280120545275,-0.02926410000726333,-0.02082061076858988
266,0.0036657687901664716,-0.028276080518278433,0.03757213667955706,-0.019279367827405063,-0.016789228753142368
267,0.0005517360841754249,-0.08706487743939917,-0.05962539908688644,-0.015812843580297515,0.09261762460287917
268,0.015625174944904643,-0.10788518211106685,-0.11738869296164757,-0.031203322201363005,-0.0512110786211873
269,0.0008430384501102879,-0.14441520463428392,0.08072983799040846,-0.014336905623765491,0.03250472731636375
270,-0.014288680584954078,-0.10510215540679739,-0.01161542296196854,-0.02448568408564573,0.0016357706077138878
271,0.031215969261078794,-0.06951001687028113,-0.11514156671092572,-0.04980134151986566,0.058419091906651344
272,0.015270303911083518,-0.23020786082428327,-0.05414327439959769,-0.020044216794762985,-0.007955110162954042
273,-0.006942761574301169,-0.09745838251570618,-0.08594308865307955,-0.008902857647691156,-0.00812514129061183
274,0.01653358287888497,-0.09824226609204421,-0.03426767448175856,-0.024060545714787565,0.0607120975772126
275,0.04994529314972836,-0.05634098690262699,-0.027743748716040687,-0.024351644858681597,0.04482804378683213
276,0.01626234362826458,-0.12518071997061897,-0.05110238072843047,-0.030509931412248153,-0.0032688157643959532
277,0.02767934275726103,-0.12204308648588794,-0.05754402318762939,-0.03092234140356268,0.005677361410595651
278,-0.021433754375153383,-0.08200626547853299,0.016006873848419232,-0.035615967584434104,0.02009215394424022
279,0.03017233339447528,-0.12705944606741013,-0.18365078671518534,-0.01015003702112109,0.026271378282035844
280,-0.010830431788316722,-0.054315588814844384,-0.06601307872262131,-0.03224437620741559,0.025034652434149807
281,0.005325155459158602,-0.06355661996415682,-0.010672908931661111,-0.07117554610032265,0.027154619794724742
282,0.014863686271230853,-0.07884654115814163,-0.23528658803862765,-0.02376037870680252,0.015413163724663519
283,-0.0035758014034162696,-0.09843813927609725,-0.08724636636457031,-0.026579440918806062,0.02967017764803068
284,0.013997649329584054,-0.17732466585656365,-0.08604151239743661,-0.034822196354428306,0.03756965396785319
285,0.010231812087144247,0.009344533169978596,-0.029019827983861917,-0.03811601033493555,0.04826415791225831
286,0.006466225959820355,-0.0802747327654702,0.0033618633585037324,-0.011780402939502147,-0.012921367860262692
287,0.023001618976319384,-0.0698063748273185,-0.11837048634443592,-0.05478073873607995,-0.04309143624563301
288,0.03932301066058555,-0.09981799679285656,-0.11340724023374121,-0.015041506850111205,-0.010327948017258568
289,0.04695876987146883,-0.06664367417106001,-0.12125259199331537,-0.02751735477865973,-0.005618504161988796
290,-0.03537596440691581,-0.10137340930571058,-0.009004592023072355,-0.005696726315200051,-0.0007894191327799406
291,0.03636842548925742,-0.10731046927510872,0.038912220602115286,-0.027993390548799946,0.06724882667241461
292,-0.002093668582013812,-0.09106237049532773,-0.04966325962541339,-0.023381240333042824,0.05046326390753792
293,0.028334328697022255,-0.06036366927817464,-0.04123502107803629,-0.011313403522673468,0.007319679353445445
294,0.0037807392876839188,-0.08480265489594518,-0.08980499992778042,-0.0001369101216241209,0.019882425138870133
295,0.0009933250584269761,-0.1179727782444354,-0.19764540839062486,-0.03301344108803991,0.046711723806221496
296,0.0023130643938512204,-0.09538645002980656,-0.038478972943357344,-0.005425760272590947,0.013508557726709811
297,0.022519447431228284,-0.10228505847830713,-0.03880104220302186,0.0004676194344202199,0.049875626970054994
298,0.011391512061269957,-0.15000005287201035,-0.07407102032748866,-0.04162480318505222,0.021962257415970462
299,0.011010917857096186,-0.03666823845730252,-0.017901214364730494,-0.05567385086845715,-0.009790488864392165
300,0.01674503958846902,-0.19181945664294708,-0.016086175288835127,-0.03451146223414062,0.04860321809390646
301,-0.006651566176124001,-0.052783722814024506,-0.054987931148847695,-0.047067866227709095,0.0027976150457420033
302,0.009627377188738583,-0.11498821254777075,-0.1158794587296056,-0.006182859006697545,0.011689526879096059
303,-0.0027408880421938534,-0.11734325945276548,0.01799988399003733,-0.01871639111192361,0.07419650093709905
304,0.014057038764429779,-0.06093670525004139,-0.11082444207475278,-0.03168544081705379,0.02789798462438653
305,0.0027837842925482015,-0.1329421057846782,-0.05541994987356182,-0.04239164263134042,0.0007566014886344658
306,0.02393095533818263,-0.04808745159828472,-0.06545644225491115,-0.0242639144630608,0.0008191855895826833
307,0.02197085623186856,-0.07706729899582836,-0.12149565592685622,-0.02642232406452956,0.04862606662671034
308,0.01419129964914602,-0.11652671784239722,-0.08847381578624632,-0.03528076755303974,0.029931127420750495
309,0.017094218818508904,-0.1063308671636654,-0.061838106379557965,-0.03576651369567738,-0.01938515831644154
310,-0.009191352558168834,-0.10193319265311634,-0.16783810741645336,-0.018942820829694593,0.0551053001735564
311,-0.005719687613574086,-0.11924655445852465,-0.04536788598139541,-0.018198901127252774,0.0034266836647980615
312,0.009729868215174395,-0.04881720350215313,-0.060283595881150724,-0.003529149809202076,0.040427160792414436
313,0.04703436981041247,-0.06881947949197022,-0.11227767968914276,-0.055669188644629754,-0.005334376036983593
314,-0.005935108935816846,-0.13247850652615142,0.04236378578706814,-0.004801551866774045,0.021989565354630883
315,0.01821752085186116,-0.09402221821531441,-0.1258899235200561,0.014346809919171286,0.06430512463954045
316,0.03404104186659419,-0.010571752997196907,-0.030759030718308565,-0.016193350739994585,0.042400187577523805
317,0.008374165575471703,-0.12321621126097006,-0.06186486421162718,-0.02500954267164473,0.028003124601949054
318,0.002182458043335884,-0.09887927858345,-0.011898475882653121,-0.02761795041446507,0.007088844702954892
319,-0.016613368880081015,-0.10774391616732219,-0.14120426786958087,-0.05548206815404564,0.007467911993021998
320,-0.013171190236148716,-0.09260901766953672,-0.1325212443461153,-0.06857054589127361,0.0159158262186685
321,0.01221855554391363,-0.10109873035323015,0.06877985944474761,-0.03081140297808526,0.03072620899368765
322,0.0001693759006288412,-0.12512555724600566,-0.22518493158468966,-0.006774818116773865,0.011407287506943281
323,-0.009178023504925761,-0.10715380990491254,-0.16572495136234783,0.006754360363773259,0.015655913669581183
324,-0.012901639274476098,-0.04435962533317029,-0.04011473990977159,-0.03275771499250021,0.0232684960243008
325,-0.002581222664641651,-0.037638153013546165,-0.07880235309170917,-0.02174900464604081,0.022318194401669978
326,-0.010694855169671742,0.08387558316048051,0.0868011484000614,-0.0359186147928154,0.021846378569217874
327,-0.0021667907622430916,0.03545104474959443,-0.07468037979109296,-0.02696923512652538,0.0036547523441003735
328,0.020563817894727724,-0.1734511572468611,-0.03993340215161479,-0.044266277573475454,0.032226412490271535
329,0.013233833893029283,-0.08300938541448864,0.0054842826309646365,-0.021081426959424453,0.015387657381568689
330,0.034326793474998556,-0.11264590468313945,-0.06723631383992817,0.029119490369765008,0.03736490435170424
331,-0.015660282544931473,-0.07362827231832586,-0.09326946612504314,-0.07296394447082148,0.036358269332731986
332,0.04187609473363921,-0.12523755325050756,0.008457196393246609,-0.04054161818409868,0.02019593745156268
333,0.06948169101482132,-0.05530659208947563,-0.17870556120970535,-0.01749566456955071,0.033153895084295525
334,0.045747544866307,-0.09214900915184317,-0.19713641406683735,-0.015551880724784868,0.03803232779124487
335,-0.00069988067359089,-0.012106005900059858,0.00604002629868791,0.005841115293932388,0.012668228918262978
336,0.021886381498382193,-0.12991336466482348,-0.12152475734531219,-0.020828274796947665,0.0013369732643550897
337,-0.004527016714600768,-0.019142658904567702,-0.10517862090596666,-0.06305842989874953,0.03673302330366239
338,-0.02217264879947001,-0.1238353481637561,-0.15534324845230976,-0.022869653876172603,0.010425489463842705
339,0.014579074070180716,-0.11504575299544455,-0.16783279302830587,-0.02431722018064833,0.0011362177597545847
340,0.007802633820838008,-0.023472871353173188,-0.02435239322084053,-0.042513292317847916,0.053843677852665806
341,0.03670455709991442,-0.11798580377844652,-0.07402074512216986,-0.0018201568075314066,-0.017528230039210575
342,0.02369725857032541,-0.16792254481726931,-0.07982056073820597,-0.03356977652970414,0.026575477203057175
343,0.017647278870625997,-0.09268729248551495,-0.022541826120978194,-0.03892856225882713,-0.0002973709734407381
344,-0.00574763461463612,-0.11361325396012836,-0.12397693938552895,-0.05089969604623521,0.037112367140806686
345,0.028535371995853476,0.01727884941273079,-0.06559378786677204,-0.0058183497494492895,0.013985012740839929
346,0.042372608439102205,-0.11331019929971926,0.015446293706122924,-0.029601915979859422,0.06014673515440156
347,0.05372534740223825,-0.05872838955384648,-0.21767777581954054,-0.06402192368904726,0.015973686482388446
348,0.04181130559562903,-0.1536433536769699,-0.06429740899437875,-0.054570750102730346,0.036724509508091474
349,-0.013066822519564068,-0.08034004503789592,-0.03872100394017285,-0.05496735276324564,0.05247290645900818
350,0.01799546603937488,-0.07824568704016764,-0.14898830542208572,-0.035538546427140265,0.013260494476694439
351,0.0034014840083399977,-0.026113720308437678,-0.1194416650330662,0.001978384666733313,0.008724094370146587
352,0.006749872119595164,-0.08178824459419731,0.07015436597518414,-0.0017917835988854561,0.05885961484260034
353,0.003958368136293956,-0.0791177544454689,0.005835372654070852,0.013833293715582532,0.01254112414894883
354,-0.01182639589793105,-0.023624144872267334,-0.0760368111991972,-0.0460044013616127,0.01584044501882771
355,0.023414110532048702,-0.09326793641707512,-0.13789516361367607,-0.03687916967620413,0.04298856653605064
356,-0.0011181049369703867,-0.12633988123324663,-0.01005449660585484,-0.02537916861205545,0.03948746518745595
357,0.019076921615508283,-0.14717496353314943,0.04431978957413093,-0.026651796702200116,0.008542470201149578
358,0.02271745483943175,-0.16817346777740358,0.01408891338889411,-0.004009561815684124,-0.0034291986499706546
359,-0.024935728223196618,-0.19165371660439418,-0.1426200614610043,-0.002441977709751637,0.017407476473701007
360,-0.004108520225070519,-0.11993089331570915,-0.050263912010222296,-0.042976314701246125,0.009485108828632415
361,0.016737271791092075,-0.19639223820498591,-0.1308483889229034,-0.0018766594064883132,0.04853706722331259
362,-0.017310126711909384,-0.16044868794945494,-0.03794811152758981,0.004459310407055142,0.0501998174997675
363,-0.011683140425059654,-0.1129269232894796,-0.11405138766078111,-0.06913197386613873,-0.02005713783352165
364,0.014092705300919703,-0.09066254540698294,0.051284773913078265,-0.024895468270261206,0.06563182357417693
365,-0.0006986853205723494,-0.1241710882713083,-0.01853260662707037,-0.04399509556421727,-0.007435336257055914
366,0.000435426073305262,-0.12267240827826172,0.003223344194075741,-0.01704912107785953,0.05807888435995842
367,-0.013113639034379367,-0.06933600620775128,-0.06082547863624286,-0.021287124716830703,0.01896585674001445
368,-0.005503188024226279,-0.10936784205300831,-0.06697518077645194,-0.05526570941812485,0.026775054235426123
369,-0.0058686858219347444,-0.07601048468102709,0.01841281024231941,-0.017922279102952614,0.013617326786635322
370,-0.023353168985704078,-0.12423749235392961,-0.013211785291528695,-0.015233269269683138,0.014627326258210173
371,0.03501041637619842,-0.1273421151781563,-0.11143007370810973,-0.01771158770233121,0.01808557872991774
372,-0.0486356056567205,-0.09594284428486463,0.12755982559918141,-0.02554813372079951,0.016859856719656723
373,-0.03506905381422813,-0.09254607965407474,0.09018781391027778,-0.007405110156846574,0.024231438411133017
374,0.0456459951665214,-0.009329990522009187,-0.07563761475801534,0.0016047888752049448,0.013969246889328626
375,0.03846937910837195,-0.06768697122192206,-0.2352651159611518,-0.0016936693856989173,0.012729109014301706
376,0.013399380700934879,-0.07650841261143373,-0.007175173048572971,-0.008471782101949578,0.02575659325968644
377,0.007688368164720784,-0.09013805901676535,-0.13887711970336666,-0.01645789859613911,0.02049265069253636
378,0.006488613713829671,-0.05807295854292635,-0.012596605329302228,0.025478755336381075,0.05785142790146688
379,0.0027716234408418565,-0.04906246824254928,-0.002660130545444925,0.02921750095004329,0.058087239063435714
380,0.019352109861780264,0.008459583502403457,-0.0795847651988394,0.07437979433802372,0.02853751157250356
381,0.006459897210430134,-0.10962978848437602,-0.07650802262800593,-0.04740153951236539,0.011550317173187816
382,0.0032222849947218415,-0.07330189089725457,-0.026931227672640678,-0.03693998722393966,0.018134986467631217
383,-0.004778626248092974,-0.09477817673245376,-0.1050148956722823,-0.04773795548186741,0.025713834180399943
384,0.011118957986555293,-0.06659506290672144,-0.0009981616367021415,-0.07658543509279782,0.041211374031090625
385,0.005522262263001678,-0.052517850298837584,-0.08216394039177458,0.006168572285843746,0.03749011143097492
386,0.010593597318216484,-0.10223193427093616,-0.11061998862246722,-0.01497568734327388,0.051235141751262175
387,-0.01138559527317398,-0.09524856774935667,-0.17973655546205436,-0.0778845320099533,0.0010160923379593507
388,0.029970841843952753,-0.08998879264232876,-0.06025307080137799,-0.05164712886072797,-0.012916274278127278
389,-0.019400492425050306,-0.0536184518918292,-0.06337287184888825,0.02436066855806693,0.06920232085241075
390,0.012190698775423753,-0.12625156568821877,0.0035645091898668536,-0.06238079590921503,-0.01585270321209569
391,-0.0017844119896819606,-0.0907319198975269,-0.22242627171348509,0.02918596177562366,0.05447655180410095
392,0.005527490666807912,-0.16830732703102758,-0.1622746043893533,0.018196810178371388,0.0379943537794765
393,0.00948336418609881,-0.042493432377551564,-0.055543981562067635,0.017710559588415442,0.006289621236761623
394,0.011817633182367,-0.06348127061672042,-0.17888325981378342,-0.038518539298584356,0.04741054686464899
395,-0.0026168459996128617,-0.19073512022077538,-0.06560997141309989,-0.050702565842804796,-0.009670021875942991
396,-0.004896826031579007,-0.18566086216160424,-0.06556699646460439,-0.039384997495255404,0.04364974033412302
397,0.03352336381592874,-0.049385900516654126,0.015292040936120879,-0.010465174361801914,-0.00917871469894701
398,0.011080111950436391,-0.10090697422114817,-0.09582902851171371,0.017710044979190785,0.02235822145382276
399,0.028830843500959335,-0.1055024453274052,-0.025391401145660273,-0.010195791477784509,0.030078985928533662
400,0.015962453900431665,-0.09796348411505397,-0.020124775964755023,-0.004131575763359101,0.011076765553830093
401,-0.020071509085466996,-0.048439882763887304,-0.0832871331878201,-0.027153925588974136,0.021576974183150778
402,-0.04457872194706553,-0.13031702584194402,-0.06126795329256045,0.00561732095014263,0.04866483698894138
403,0.05298828865312864,-0.14895362642604196,-0.05509960031904477,-0.028023830321475433,0.014658758979190827
404,-0.04815692112031092,-0.04550042102883123,-0.08783340923909123,-0.009007403294014789,0.021599415636715247
405,0.027040780190800154,-0.02386986557006923,-0.045730444148997434,-0.03615107961944216,0.019318016756987192
406,0.012807108375026499,-0.04562403665869006,-0.05792336556538927,-0.027990683939599525,0.01765106921326169
407,0.03239018401862413,-0.16602430996156226,-0.1472012741907337,0.00937293605316374,0.022890112008468397
408,0.011988238695867915,-0.14067489548449663,-0.017257739414605695,-0.06311580819920973,0.009740908465541437
409,-0.026143609505048765,-0.1556968217792085,-0.10181522502117375,0.029831745175761103,0.016805095389175087
410,-0.01573916859290828,-0.06082400898383399,-0.06749867885354982,0.037935108444339956,0.011440709719551462
411,-0.025248945928601926,-0.14633139766987246,-0.013747722454512267,-0.016931349558322113,0.04769870043805397
412,-0.0019751838298102155,-0.07735481762463885,-0.16262673150052204,-0.0460452688570045,0.013007397864518735
413,0.004296508860999234,-0.05514626466247495,0.045085634386843695,-0.00810129723761593,0.016985864809360637
414,-0.005071985165763106,-0.14364007875458332,-0.018013711445035736,-0.0253121916306332,0.0016570621351420316
415,-0.0052193470953452795,-0.07604954144982466,-0.18851088673102553,-0.02769675837148779,-0.0060234225759072104
416,0.016581098574748758,-0.1266847670239832,-0.004202392780844788,-0.03726477520298997,0.04878351851894898
417,0.00033334266764803975,-0.06376909265821783,-0.009731999338654991,-0.03227345239442265,0.00378272690985096
418,-0.0050841232613652665,-0.05908808847573646,-0.05447042358256037,-0.023477450454083306,0.0013321882958386981
419,0.025768509116104996,-0.14131386508123925,-0.049474435994971165,-0.012393060115687235,0.020720728596605984
420,-0.003112501368427327,-0.05449065822042484,-0.04675821485727518,-0.030008424936527306,0.014467388963035134
421,0.0013516487600007388,-0.09069078705924984,0.08285603665419536,-0.00976887922275311,0.010672532373030107
422,0.03301653659141847,-0.11414421778620823,0.0414380779796912,-0.056152717328215515,0.02374303586191938
423,-0.005534903262779563,-0.14412787857177364,-0.21108542714540868,-0.02935768266769118,0.012791077207661377
424,0.01601400038229809,-0.041923429764650695,-0.09569445911200873,0.03627866606239445,0.02322543148325968
425,0.0059197603590001,-0.08866968518725873,-0.13905797188148347,-0.03775035295865721,0.00010704737194075754
426,0.0037099212487595183,-0.003253388991958825,0.05127400335496805,-0.08266212211560622,0.06302513666578967
427,-0.0017513224167341667,-0.06393209543184991,-0.06952034460597634,-0.05996963454919299,0.03858082049456056
428,-0.0007761303466577046,-0.002810446617753094,-0.1280103188543007,-0.06428104023854611,-0.001128180380439139
429,-0.018526095464734868,-0.07021259981104919,-0.03405950950542818,-0.06405241257945951,0.027293566392003914
430,-0.016376628465018313,0.0030682397673164764,-0.0018775023493704198,-0.058020378205331756,0.03316325070876883
431,0.026384204807062082,-0.11070584704661972,-0.028623801493684,-0.004184712009910322,0.00845408377754066
432,0.016301927797695834,0.008902751062225761,0.0570776378890462,-0.04519482631322812,0.03520745562092619
433,0.01827652308540048,-0.15683543759169358,0.018856526237863276,-0.043777615463380534,0.026280274331810932
434,0.03502673488246568,-0.113551938180192,-0.15353542002198736,0.030908218135096716,0.04480659680471279
435,-0.05307905395905909,-0.10120762012419034,-0.17333240502723896,-0.04218900015116585,0.020247215932515432
436,-0.04157152163616076,-0.11168970948159515,-0.10720640215189206,-0.032201616714668604,-0.002540867206338873
437,0.011876437401720832,-0.09021871891442557,-0.06799308698914974,-0.037554664378716976,0.02130908364434091
438,-0.0563387027067187,-0.11287343430792512,-0.1704260819997067,-0.015653648144232164,0.007173160852734358
439,-0.06702620912162688,-0.11846835643774924,-0.09612662909987324,-0.06303662996469664,0.01303735807237853
440,0.07814971426122669,-0.09062215270733516,-0.011008570822667216,0.011220712038518403,0.019486082372231497
441,0.08386954082421769,-0.07247790957215136,0.03489459639929299,0.014200370209557838,0.015928684431039633
442,0.0836175395514126,-0.058076468143045935,0.023340503847412274,0.010128663066955054,0.005306064500592375
443,0.04291327215082716,-0.07515379674943641,-0.1440116226407765,0.03392072612531837,-0.018206790498881464
444,-0.020014314087225323,-0.06532968226018089,-0.00331606299835654,-0.036771684885092464,0.049981453821434936
445,-0.006890145172482877,-0.10988094913872318,-0.05478323661628753,-0.03339266415248984,0.05192530596918474
446,0.016763042308252585,-0.07347217565032134,-0.06516211649661748,-0.044684610593196734,0.03403525830053285
447,-0.03196131284362815,-0.01517722122732395,-0.07462671515662102,0.020234367599711967,-0.020684659424648463
448,0.021009978900888588,-0.16590535310134036,-0.058548524029075864,-0.02017459221527815,0.06342745661270284
449,-0.003873921844863717,-0.08821424766368398,-0.050874527347466725,-0.030688672793692598,0.03598416336491191
450,-0.0012905352234613573,-0.08029889058506187,-0.033753119849143254,-0.004529867484558198,0.0017996677648338076
451,0.015562527871065268,-0.08942813087538666,-0.09869134738043094,-0.05120361603459264,0.03857663014220712
452,0.029966108752386547,-0.09188932196445022,-0.07017310708556466,-0.016917834174697395,0.009078329291622361
453,-0.025653915874490722,-0.09191597929825919,-0.25267947320709405,-0.04836794111101626,0.03102179852356648
454,0.0081254882811397,-0.0867592842323633,-0.2826271970930685,0.00043471058951411064,0.021210227595860134
455,0.013438531837910408,-0.12252287873891307,-0.20190730692176573,0.00439581713254988,0.02863311651209892
456,-0.004284930639176464,-0.11833911972002231,-0.18954743943854863,-0.04003306128907965,-0.004748178678653829
457,0.031696698010946246,-0.061947548529448684,-0.14870122248482995,-0.022682017259673413,0.05682086767995761
458,0.021090291522135977,-0.0502624759937055,-0.09287465492180332,-0.03848215017044115,-0.024675728523615083
459,0.048253468398657906,-0.033748254794114994,-0.004271213168381369,-0.06301905741020852,0.02862759935513216
460,0.014830129275797658,-0.0734796397827371,-0.05876595063084676,0.0024295923854959142,0.007600585948297086
461,-0.005110966188025144,-0.11034530103288157,-0.0007670671005245637,-0.06088170411229147,-0.014965597480032858
462,-0.010632325410853488,-0.13730776158886684,-0.10420634829900262,-0.06107571527921379,0.030562199663990014
463,-0.004732118376665595,-0.09738103019333594,-0.021264397772461616,-0.053161926756886996,0.03940498391479786
464,0.02186538509768993,-0.14286558377690145,0.0088308068081731,0.017162759206732516,0.01716836414624545
465,-0.005308869539104804,-0.10090107061662867,0.036723889433549504,0.019578862204760503,0.024551359030862883
466,0.012427468885515061,-0.21521352845045982,-0.12555561051415695,-0.07564353927537697,0.04141804953495511
467,0.0016265963182893841,-0.09432598287382629,0.2332887419775128,-0.03649276906111809,0.02446224878086681
468,0.0078044632438208405,-0.09743863020536102,-0.11908968041683814,-0.024603181982746664,0.03633696678530644
469,-0.05800946230437949,-0.10928930188780721,-0.1741129756528635,-0.03804215609888429,0.006614294425342547
470,0.00031753368827160876,-0.1012394685318453,-0.09959288353187438,-0.03287492703592229,0.021994897178053193
471,0.0026752167325573084,-0.11278341083521025,-0.01798568009725185,-0.015546215398507039,0.003088025142772762
472,-0.004824508216762626,-0.13377223016452375,-0.22760613264817656,-0.022311279858155987,-0.0026140196231257008
473,0.006605386149208692,-0.17057810381338326,-0.09072412780690658,-0.06836110542676406,0.013522129461435455
474,-0.004054312766263448,-0.17684586339531874,-0.05339592683205424,-0.08434514503570628,-0.01593334710339315
475,-0.012412169695579315,-0.14449945047657942,-0.03380062284104014,-0.013089411240649041,0.003507035037518393
476,-0.008989782117519657,-0.09637135057038765,-0.05980410945929173,-0.037640186034849456,0.010662110640610506
477,0.014712410600902184,-0.04653390141014002,-0.09050698197064698,-0.03792189107117084,0.004528484852412695
478,0.021963971969573247,-0.038916725105864476,-0.12834201324693514,-0.059045366143061,0.028137907899153766
479,-0.013758913319581291,-0.09121182071427883,-0.21073872474820798,-0.028013787210241444,0.061048062052317116
480,0.00017222868861876194,-0.014032392281934232,-0.38072978331506396,-0.01769694945291304,-0.00525102146680316
481,0.005908749330759758,-0.09000262224010062,-0.15641788734499557,-0.0510615382135875,0.021300663514964527
482,-0.0055305708373490315,-0.09594306445161964,-0.16546555456440673,-0.03865347551954685,-0.0018341176181551912
483,-0.008204418460578573,-0.06999477323997692,-0.07995536593301711,-0.005802321936845195,0.013004450536644735
484,-0.00027857402095166837,-0.11599729208814717,-0.20992298044666466,-0.05278324133555908,0.025717748448730773
485,0.011273894846466318,-0.11832697779323724,-0.0413785695408555,-0.002747349649695725,0.03042581520572663
486,0.024366362827113762,-0.1063509038973508,-0.21072325068628808,-0.04688515589829029,0.008985143250699924
487,-0.01943692389723589,-0.2630920203096328,-0.08369635540084601,0.03406016778897284,0.0031579746011323284
488,0.010626082405292891,-0.08362521365796138,-0.018485891953400762,-0.051249370105576814,0.022313262110461765
489,0.017323276549249526,-0.10467665864830746,-0.053888151596377304,-0.03512312439557001,0.029812221608332187
490,0.0034150346551769834,-0.06286111976507025,-0.04975166577398734,-0.05790233300940646,0.058029404227443314
491,0.004100771665596417,-0.13208682222648718,-0.0448340460452692,0.003917975813924879,-0.014540744864010474
492,0.0076528301472917415,-0.06271991122208348,-0.04833679935114356,-0.05484151909821344,0.0833627350881995
493,0.002135616886832546,-0.1150087249093305,0.00738183080393833,-0.10254393164208031,-0.049045954441102366
494,0.02765607112685251,0.04946842279116817,-0.1039550201829715,0.01058579784150166,0.05388836025566129
495,0.04597078086172174,-0.016025328904992257,-0.00885736443592545,0.015088390777546805,0.02989374106267358
496,0.039246111067104635,0.008040999093653224,-0.1222165725587399,-0.027437353726182688,0.001597041159275503
497,-0.01670951295792153,-0.15444754739485567,-0.10917087508576341,0.002826508631097413,0.04908323959785012
498,0.00961576446055833,-0.09244752100513727,-0.0774505759532687,-0.016071194080280637,0.012437664159498681
499,-0.007197488495606959,-0.08467613946058124,-0.15141740590598823,-0.03712304531307937,0.05368798244543431
500,0.020096673923606083,-0.10859801570744733,-0.04037904727345213,-0.05397339481894642,-0.020130641090074397
501,-0.005222441191501136,-0.0814362437449169,-0.07757838158843837,-0.06375055582875551,0.029227639873308953
502,0.0015738367384592821,-0.13242659672682894,-0.05314794521952357,-0.022276882440130732,0.005658187300526928
503,-0.009600779357379545,0.028986991238209213,-0.07048780445904225,-0.013968605735061347,-0.0034152261152459577
504,0.01963104972978196,-0.051664050845778714,-0.022010546639558044,-0.019463014482129868,-0.015650111840090852
505,-0.056356071425624724,-0.06757272460244614,-0.021082137561157194,0.005743919044985291,0.057710131473133475
506,0.06890294012590217,-0.12959218254502977,0.10355062055578744,-0.022982951281803592,0.019305281554781843
507,-0.03181370557968413,-0.038841535595620064,-0.10801947264146058,-0.049230046929698,0.017253646455795617
508,-0.0021619490447964238,0.0065324863842924534,-0.1867196971137803,-0.057590064357173336,0.01274225504868625
509,-0.023025281831477794,-0.1354659584101204,-0.1645441925872071,-0.019110374505694992,0.01077281667994578
510,0.017684582409619714,-0.18820209255768888,0.05561148227584047,-0.017932318651502115,0.03043664051784394
511,0.04466851173152647,-0.1569212936046957,0.16709491203880825,-0.025746490659550043,0.028423305796827142
512,0.04173709363821439,-0.1326541220771378,0.18492995947696794,-0.005181099964920214,0.03471310699518606
513,-0.006054846346560938,-0.10537954452626695,0.05981129603049859,-0.040372509208981805,0.06124118667948448
514,0.02474083235766052,-0.07202400286252146,-0.0920942714930988,-0.014537779636388986,0.06862710837766971
515,0.015435004883782737,-0.0024644956709629906,0.042345602858296805,0.05344560614547811,0.020021982850453503
516,-0.010239472007325291,-0.13228558880382016,0.011724206274493923,0.05075401703398014,0.03188837583708426
517,0.026041578961275683,-0.006896888050279179,-0.06414145315089313,-6.887351039403849e-05,0.00428275621135738
518,0.00019641501656328232,0.018609818077121854,-0.03638086629690089,-0.01445482858327172,0.01733450587311808
519,-0.07310193682199344,-0.14418570955455284,-0.03286185997992454,-0.027539163114468235,0.012937546353656192
520,-0.07862404986718241,-0.043946145713101126,0.009920557125154965,-0.03758947466599464,0.02050602361281467
521,0.0642890661819696,-0.04872586703569787,-0.14416969884074288,-0.015353380068647251,0.036863154120690654
522,-0.0740340745410128,-0.13102789664929454,0.02489025266751605,-0.04499236041064094,-0.020151362252922477
523,0.0039553829835098754,-0.16950267027475305,-0.04201811421213263,-0.012701534764070821,0.032807870429214674
524,-0.01920117709199223,-0.03559373259574096,-0.05730428212238378,-0.07228811597612031,0.022049286211543857
525,0.020623363127148985,-0.16243168928565588,0.1465729081774224,0.0031191921424101174,-0.017674801375103164
526,-0.01946557639832792,-0.026020455096631614,0.12105274439381744,0.003024770397651131,0.012089167314367376
527,0.038171495245244144,-0.15654143378572702,0.06338933621849661,-0.006043306390004083,0.03295488809834126
528,0.012449729267656164,-0.15785447576504266,0.16976243945434683,-0.04655134002928048,-0.016168007697101795
529,0.026111920685847202,-0.028182996261957964,-0.13584111390028072,-0.028916801482621206,0.003703048621843185
530,0.005541845134229008,-0.06764052429740902,-0.0381906640917346,-0.01885335737040745,0.025636461670061637
531,0.0317934515326219,-0.0513399229912214,-0.10849632704562485,-0.010240506326233433,-0.03436731200681013
532,0.03694375990068146,-0.10088932289862816,-0.017888700973048056,-0.021434863567184454,0.012894938600060829
533,-0.02741106292564133,-0.0876609335327036,-0.04622529810914629,-0.02601081311888279,0.02606627584343348
534,-0.05790441426338055,-0.10871895911022568,-0.056949595228536175,-0.03295261093555894,0.027959992820398794
535,0.005558237212032275,-0.0884585439063995,-0.10415923041334342,-0.022483680348274748,0.014076025649128078
536,-0.004512991754318165,-0.10888473261071625,-0.14591359280778837,-0.03385024725631874,0.012935789504502923
537,-1.7502885454446174e-06,-0.12933694967058484,-0.10184266739463707,-0.03144360448096157,0.007596721487791528
538,0.028059544401313235,-0.10108617725618681,-0.06701502698196433,0.03472053398601997,0.029460501163258972
539,0.01019472117597639,-0.09401017901196343,0.016121634782789968,-0.03494721024754606,0.035356151189672336
540,-0.018367073776931427,-0.1225984626222613,-0.049086181310338,-0.019765221422558005,0.019482084559743994
541,0.04010998196337371,0.02481381340262569,-0.04066836632249817,-0.07442044373089318,-0.020948194526707365
542,-0.0248618016167699,-0.08645436908841617,-0.04781164495287735,-0.01759826380159252,0.042254319423282914
543,0.06373324366706874,-0.11520250637964588,-0.10745097528496969,-0.037281756876000535,0.021782002893842637
544,0.003032309910826451,-0.11800690722109325,-0.01685288553773227,-0.022693251384253717,0.008094334009472329
545,0.0438478130965822,-0.05642303579026312,0.04222330543335018,-0.033889459538574494,-0.01882796982930174
546,0.0023463519145047584,-0.09502837719697181,-0.11670395017930717,-0.0041284702631551075,0.03691063864470773
547,-0.006170524078907777,-0.052448620828584556,0.061100834649196044,-0.0407132793890336,-0.0009443192710092112
548,-0.014116330020673348,-0.0301933438248811,-0.10072450717737366,-0.03624355510681649,0.038640394093223486
549,0.01251604071023404,0.0017434254508764497,-0.1301850126357807,-0.02411441578158645,0.051893089753893014
550,-0.006610776117359366,-0.17221941282476244,-0.24419059557647674,-0.031785515891413894,0.05038037681608867
551,0.007569543152555266,-0.030988030798521405,-0.016705646676059848,-0.01729238519052125,0.03212447838692463
552,0.000616787215247046,-0.06327514259242958,-0.13549949116673773,-0.04345035796079938,0.005897632444074931
553,-0.023076682494977588,-0.07166837245039431,-0.08130862003963688,-0.01676277198093746,0.036303302036145464
554,0.033843041276137076,-0.08623244280038123,-0.07025277583817259,-0.046130758360642336,-0.01939103951894202
555,-0.02320828171505063,-0.06299193225335509,-0.09746401376578465,-0.008196608581363448,0.019354803074961843
556,0.02402712031565611,-0.11878816272984652,-0.07880255484680822,-0.03134743846817788,0.00655583475549274
557,-0.013883277418678914,0.02357000073493724,-0.03938888838874166,0.014377860528387845,0.007407371110680414
558,0.012227558820150744,-0.1100064732755003,0.006497164854028534,-0.03529585656083227,-0.0003539749199925856
559,-0.0029490207825730733,-0.0077989797013861065,-0.06093929756155818,-0.04791106523419081,0.03750424670125415
560,0.009585629506008383,-0.11486192179962612,-0.12102454343314706,-0.02749783742935478,0.007252566103392079
561,0.021340180734687693,-0.054546156999574304,-0.0926718306317803,0.029009673185137464,0.009119082153727904
562,-0.019800319159483968,-0.09239238705017491,-0.08298883774940369,-0.0718600679556153,0.020112151738659118
563,0.03488889604246535,-0.018532716586314436,-0.06406483786131657,0.03139500208897484,0.0004284077054506221
564,-0.013276489493811513,-0.15265513492274133,-0.026273970975698276,-0.05598091844843009,0.0173281184659222
565,0.026691265320679374,0.003460357735508698,-0.0811850008126649,-0.00650656139393055,0.0085575589347721
566,0.0060159066783345575,-0.1537153338156415,-0.05756206921340697,-0.06151761627000649,0.0326152874509155
567,0.015544962563421017,0.004680618557090059,0.17689388493730002,-0.04026891387535081,0.04298121016814972
568,0.0022549816972032913,-0.11722177888205025,-0.03608843556946995,-0.0018551219375335442,0.002019044639323679
569,0.005571021390992348,-0.1581443182292031,-0.14735445938899433,-0.04009823196241845,0.018387438041032194
570,-0.030620715313006985,-0.13350465122469243,-0.08785583368897412,-0.05650501474390099,0.03556511190189498
571,0.026773402839692394,0.05197352772601504,-0.05414161725934395,0.036239175715108686,0.02019056519401355
572,0.02426910609457117,-0.03632778768731926,0.018650335082798616,-0.022066556040356376,0.007610673912469259
573,0.02090057494506138,-0.03285858742438775,0.011099188831071027,-0.03672842767741953,0.007952814999957918
574,-0.0029825797477569214,0.00791153801641929,0.009475250974825523,0.003970031601935166,0.030601772845274215
575,0.01924118292851544,-0.0988592406192195,-0.12301780631410758,-0.04114520525104465,0.007679251890397229
576,0.00236837034285755,-0.09451261810074536,-0.11375168585983658,0.02826505293321497,0.029517432551156946
577,-0.011917138483912187,-0.051289081069461846,0.13586903807821618,0.01119256402036212,-0.007336286060039245
578,0.010485347539611821,-0.1462538462002718,-0.07460678241892096,-0.040870156688430435,-0.021030944791862266
579,0.019294801794447834,-0.11899073823885108,-0.12580980410764134,-0.009706181085546287,-0.06038695806271646
580,0.0036708817705140306,-0.18858700639996287,-0.03175497968920007,-0.05399340594756027,0.05129274050358957
581,0.0009094106600290375,-0.032980105113155876,0.010587214862991917,-0.04544040830050436,0.05103586075050751
582,0.011051959168884901,-0.16053617240827647,-0.00945778059525149,-0.012093702909152702,-0.009862221719667266
583,0.022650728962017815,-0.11513237501076572,-0.11492027768956689,-0.027056866957605848,0.002952172447528794
584,0.04346230729734815,-0.14875866957349704,0.04860141751211231,-0.0348637491135716,0.006488261055879241
585,0.02322467229591955,-0.14945544936193195,-0.11063174847430712,-0.03924511124138402,0.028602514466635656
586,0.011775275166115047,-0.1271877991999673,-0.004799863319773353,-0.01692311571461632,0.04161213332920252
587,-0.007098119299164279,-0.0322581494600787,-0.0027624448254637414,-0.03295643836469976,0.01956413836572555
588,-0.03514171992672502,-0.13102992351018194,0.007281550839960279,-0.005732200146838992,0.0062679954372465325
589,0.03990773649438821,-0.07378567131425885,-0.08548963662670148,-0.07163113526654846,0.047208229290445776
590,0.034826436711486816,-0.045756649330877086,-0.0602588783359261,-0.0634587084913748,-0.008946789261715774
591,0.002996719868837709,-0.10779832580923833,-0.05690063713469072,-0.02851142064514057,0.04742048989420915
592,0.002948568768146699,-0.1089890774805962,-0.13664837702652777,-0.03880455629913428,-0.0018585928293717267
593,-0.014541031415197424,0.039818935050403244,0.01404988366194818,-0.04122915453705732,0.0038691112929374275
594,-0.0056699504662667535,-0.0917986809338989,-0.0565785459613843,-0.06719790881580276,0.03572972914823247
595,0.004874501828544299,-0.14854870790395747,-0.03966425531680877,-0.0029579091360429966,-0.005645648476132311
596,-0.01099128276948071,-0.09785035311563571,-0.07220691816275396,-0.03166430830220577,0.0659875382711327
597,0.02080381096616902,-0.07891464148476354,-0.08146460779143695,-0.046050675681463205,-0.015981359408214574
598,-0.004550821924273663,-0.05436881929236927,-0.05680985915733742,-1.3251649992986735e-05,0.017694529066454415
599,0.0041753761248550635,-0.05802012038480758,-0.024924669859387717,-0.07192810931976089,0.04120905389920666
600,0.01888798311214661,-0.09977449524713909,0.06319120967014082,0.029922403305726767,-0.0028791226314703613
601,-0.008680862436978794,-0.14187393864975242,-0.048723929592663924,-0.12887110873809257,0.04755287507521126
602,0.008069535820980042,-0.1957617414755934,0.0024765331779418075,-0.039082121634579595,0.007029182882252554
603,0.006789138683732013,-0.1103091329643522,0.1741182744690984,-0.012265781661208985,0.034795096180373734
604,0.03711940547927211,-0.09120234035637748,-0.03339158529970056,-0.04698250711637385,0.0064830733529471565
605,-0.017940939636999238,-0.09194335863781712,-0.19951340386502936,0.007537924956965444,0.044404232803115555
606,0.01899604134022407,-0.10120896514883965,-0.036890703475939195,-0.03191563991543898,-0.005042441677294269
607,-0.010048890975582309,-0.06472422046764806,0.051866733417101026,-0.01864652981793484,0.035864628560213614
608,-0.0006796936672717748,-0.053812559114459736,0.05628139719025185,-0.040479377183885404,-0.004841706442571766
609,0.005059598567756855,-0.10195239610182215,0.10930578477352523,-0.02795194651019809,-0.01959133456666334
610,0.006708149410878033,-0.10058983989833785,0.07625321855861433,-0.023936057053018406,-0.009234881827101743
611,-0.018768990641003114,-0.05543414447055597,-0.09780670817722507,-0.035435279086270886,0.008267787185869147
612,0.01308545178080246,-0.06987627142044352,-0.11256889858797159,-0.028487513462607042,0.01878779797473276
613,0.013699433157285102,-0.1311546222693889,-0.019693119161850927,-0.04089827122303855,0.045817710407018895
614,-0.014822388135573156,-0.16898529308692598,-0.10544962548750102,-0.04136088394119936,0.006022322835932867
615,-0.005035482532160719,-0.15499410322425528,-0.012654002807867498,-0.02081640978920096,0.013609149647689472
616,0.017652410569009763,-0.11455228158405709,-0.059996710965184094,-0.025837078343599964,0.032082191433566366
617,-0.019778786821106106,-0.07827723658772386,-0.0370231815085553,-0.028980709694338143,0.011803224056175765
618,0.011960031456082154,-0.1730204226411262,-0.0603121279903322,-0.03429765530369398,0.04581845661306641
619,-0.0224475497916546,-0.03316822551110824,-0.09902146812544596,-0.047834595238189274,0.004968299358335182
620,0.042670867816832186,-0.07850390243491685,-0.10141987757693015,-0.001895798024593278,0.07096053757779659
621,-0.025418048597682222,-0.06699846855361728,-0.07359534174153531,-0.04725282481851543,-0.0014187413634172375
622,0.01824064328099799,-0.08270251021579701,-0.15927984919107357,-0.008233127607837919,0.008864777364409803
623,0.0028488803091344995,-0.12719748979153464,-0.10390971298510927,-0.06233564027354212,-0.010800134218093034
624,0.01817440480643827,-0.07641878640297868,-0.07713621109647795,-0.01595824102531443,0.015229014496036877
625,0.006315580835256092,-0.09569799635863864,0.004398610675465033,-0.03968081079074785,0.05812304188883159
626,0.007431479179798483,-0.05775078558737884,-0.12804479722502504,-0.06457125403677728,0.020972970279126105
627,0.02611113611910756,-0.0866180820479857,0.01259093999105784,0.007982144855502452,0.025949804815238196
628,-0.016745721467684587,-0.1758044871390368,-0.05548337292265923,0.03295307610411151,0.05861913626005039
629,-0.03184795389503141,-0.1321956215018538,-0.07710778117523727,0.039650506758901416,0.012650219717922536
630,0.05974987270688383,-0.012912234453651488,-0.015974825908568274,-0.07535600847165655,0.05933738730389945
631,-0.07533616862389628,-0.10942581604248913,0.03519592286919816,-0.014561223575244262,-0.02841709208854251
632,-0.016825993732421395,-0.06592268311596607,-0.21010874256120737,-0.027681359657547682,-0.015014439514763512
633,-0.001958785499397435,-0.08832213869071391,0.018628159336517028,-0.0222383629087625,0.03080119844968783
634,0.03320647802393041,-0.12108141112832284,-0.1969539550687012,-0.032070593831863954,-0.1061626716684817
635,-0.05869694755544748,-0.15266695534358568,-0.09524453068252162,-0.053697495235959715,0.020651060301533342
636,-0.017757267218388845,-0.07316322120077742,-0.04958492362121894,-0.017464822669885166,0.0184917850036702
637,0.012525273372892429,-0.12966474570682118,-0.040303110920007504,-0.04676982056266767,0.013375912813623339
638,0.009480371859445808,-0.09785839352954803,-0.08688265823976674,-0.02010188601045478,0.02141080382093355
639,0.00020790068077548347,0.07226889334290901,-0.06762280568765995,-0.02928058505669949,0.004536420589044981
640,-0.003265217348859275,0.04670629121630142,-0.10214816567528882,-0.03699046669464572,0.020548681465556523
641,-0.012823562777715646,-0.26200971480346147,-0.04120718370628475,-0.03225794894612901,0.04860189125347608
642,0.014840358838470737,-0.1854240155873463,-0.05596220893341086,-0.014809219163480934,0.03333688787109076
643,-0.028390922882709314,-0.05674924226681674,-0.10229148787291258,-0.043479111499310524,0.00709719090732825
644,0.005016582547374072,-0.055396496517659724,-0.07358296807879323,-0.027394848848788667,0.008025180396415829
645,-0.0026506722601627665,-0.09660795650169711,-0.1104995060104964,-0.051767361203138886,0.06258881241724121
646,-0.0014737700185736325,-0.14362949298137453,-0.14188708978576248,-0.046753407396131826,0.06981786541786815
647,0.006591748464128337,-0.008802898865414733,-0.02662390795363401,-0.024147472007022382,-0.022441416386841516
648,0.02451650447332031,-0.1483989169847803,-0.11219073342713545,-0.04033854236227444,0.015078210730571013
649,0.008419287245861926,-0.38066110561810035,0.05014692898564365,-0.03529830092837493,0.009264850110135343
650,0.028359331235093998,-0.06408327612756216,0.09837705538501446,-0.01621778443491189,0.038330942059456634
651,0.022821844998472934,-0.12712924892223706,0.03599844866255463,-0.061355145786203436,-0.01037407934550181
652,0.05223693603292331,-0.04400469593250745,0.14251184717869753,-0.05734437965063149,0.010062052070489883
653,0.05601550248319902,-0.17460242195915152,0.03911854044094682,-0.03858861539758784,0.01976376625635199
654,0.09455740126482844,-0.06216776513037105,-0.05205976173014431,0.016322949684986234,0.018473897972982985
655,-0.0018143645520130084,-0.04527616799996164,-0.06987282505711515,-0.02866724640658013,-0.009477893426013306
656,-0.0015657085691535893,-0.057916946947189324,-0.11663498255602403,-0.027921005095245432,0.04092704299601948
657,-0.027103704337097783,-0.11279229957189703,-0.19445361263651337,-0.04503823527571505,-0.030735978539167538
658,0.012504919322204051,-0.17005941281653505,-0.1210680261079991,-0.05385914022001045,-0.04886095246088779
659,0.006422343814357567,-0.07747913983179305,0.011090998648475443,-0.026945236216921697,-0.015650945129541592
660,0.0018177196004089092,-0.2059711260947404,-0.02475083074247371,-0.022727581219345226,0.04837992749311976
661,0.007247699561128028,-0.10432251499275146,-0.07438246705322822,-0.007111107757702182,0.018902081999525623
662,-0.011949463266776492,-0.08804379584139653,-0.04424121349735972,-0.03472167768963674,0.016707924232350582
663,0.01757264490338788,-0.10035426001277052,-0.0335517421863682,-0.03170157739988024,0.02691682810322549
664,0.014576321710447064,-0.11305777567726065,-0.11304916762348208,-0.041413017372370846,0.025263005402122292
665,0.038655527477489515,-0.07198199663519476,-0.13142879918914002,-0.030301282854990588,0.022407971773737118
666,-0.012503176411645344,-0.17537031706567033,0.09734098304496694,-0.04367992265313515,0.019390966604260443
667,0.026570823259438225,-0.0824902941113622,0.02331449474050335,-0.003388178454795236,0.013946330871844215
668,-0.0046865749184791,-0.030077940031707256,-0.09050416064855062,0.017981897136187534,0.028798565073730367
669,0.009641705908158611,-0.14533891405302596,-0.11968085647901758,-0.05892424953194862,0.05346533195589288
670,-0.009347189712850703,-0.15716524265055684,-0.023611258736108892,-0.050099608924457105,0.018756570770594616
671,-0.026054082637755712,-0.1226145093750275,-0.1508292211048558,-0.05591323262983199,0.03898585355444189
672,0.029539998025181122,-0.09824768854766687,0.01796088917942677,-0.011314862512793773,-0.000192702769748251
673,-0.017739134962917767,-0.10764036487379543,-0.012458099682571265,0.0022880082440645487,0.019602883467424156
674,0.03527102090606489,-0.03818041956939586,0.021461277705590646,-0.0645376081170741,0.00820125969318881
675,0.03346541504468364,-0.014748435160901257,-0.0007281005342594325,-0.05706288497330021,0.02194082790227037
676,0.01788849102561384,-0.043794180378136066,-0.001016318273792122,-0.03043150028027205,0.039565640486668524
677,0.017686044574913157,-0.05631556369051229,0.0008639773517342657,-0.036858867751409646,0.04738584778647318
678,0.014129948147880536,0.02204337449403615,-0.04218730781439205,-0.02702727783474805,0.0056548250585848805
679,0.005637043337407193,-0.014516330655107868,0.098120678824279,-0.08159491120418372,0.02031209676051894
680,0.05564757603071505,-0.034235640033518575,-0.07785444009908987,-0.014908743373170625,0.037137484199200536
681,0.002105499689347832,-0.04462932305553966,-0.23262024857483304,-0.04271030432933706,-0.0069520009686637515
682,0.006456794919310431,-0.07369623657770825,0.025658122141276354,-0.035894188108426,0.037336766664431774
683,0.05318774754622384,-0.09137902425351772,-0.028744025728620875,0.015555706465910443,0.018170304616279734
684,0.001925317146753568,-0.05361012067952065,-0.48557183272222304,-0.07270150449029023,0.006202135268248411
685,0.01250077925685675,-0.09006857796096653,-0.3944831532446559,-0.04017256932419731,0.021585612742681528
686,0.003912779044048432,-0.07866158390024738,-0.2515826374939728,0.010905577303026347,0.05265834609662039
687,0.008499934518083082,-0.13848552260150312,-0.08358754127207829,-0.003979225565565496,-0.027485637417259203
688,8.780198250359544e-05,-0.11200127884755277,-0.26236295748079014,-0.018402712998292593,0.0029563222236704775
689,-0.00921454185639478,-0.07603237587206381,-0.1351703473807775,-0.047723003611947805,0.056618463987852294
690,0.03628751927546254,-0.06062341723243605,0.07892952209952744,-0.03901475152201397,0.0911722980350431
691,0.05933604794177088,-0.12462325890100834,0.04973971939095079,-0.018521098472059818,0.030657536095831356
692,0.044823867357723625,-0.06215654413827615,0.14508152774665584,-0.03256652694570144,0.021697002428740078
693,0.07875421709540191,-0.09310244167532339,-0.1048662339946415,-0.0004940513635392197,0.025992608278862534
694,0.08000063228430582,-0.08567369363756279,-0.048169770829039005,0.005704578109204254,0.005634015932929874
695,0.07865024067997359,-0.13652191076004058,0.01354030583276812,0.010074655281879482,0.05506858454232862
696,-0.022599820956421997,-0.062449273474191304,0.0025242259086937693,-0.06715063056879411,0.02915484306984752
697,0.0030125730095250792,-0.21766414386054456,-0.022296568850238445,-0.04328762652677203,-0.0062013538686096084
698,0.015393354236139916,0.18777176274661628,-0.018712465826925657,-0.053814401089743905,0.06210117986001452
699,0.002942785970533612,0.07989389239369919,-0.06176311205529911,-0.06809772766076105,-0.014458210803557674
700,0.012093912248457985,-0.11104850263772288,-0.07604465538807018,-0.029861701974186812,0.012284400489301522
701,-0.011578052469682543,-0.1276141517079968,-0.05589217241824563,-0.04855894342895111,0.026889737629325075
702,-0.022464491032002855,-0.07258472581010421,-0.061912854896715115,-0.024339267933175705,0.009478938246290536
703,-0.012228840778123976,-0.03722017028258675,-0.07077561449888717,-0.03901288128581705,0.034417819118423
704,0.04037383535707795,-0.08087669108127657,-0.07637104253215413,-0.03658234272028928,0.02106404028012741
705,0.008651242690368738,-0.08579277115962315,-0.03754218702898654,-0.012251284755323232,0.03914350861456383
706,0.00932918782556863,-0.1463807089770555,-0.030786252592201132,-0.007942470114536585,0.012339676611143977
707,0.030376300462320333,-0.06378195939279757,-0.11695872332454774,0.011003684367872366,0.02809442960612073
708,-0.023292835598987743,-0.12853738426660402,-0.08527435048330483,-0.009899991266691159,0.006265855649544824
709,0.04639926022967727,-0.08231857081720828,-0.058867785413933296,-0.006531971782475516,0.01092323140136699
710,-0.02354708810788213,-0.24912965992089273,-0.02447530301373511,-0.048841200318722085,0.025422103421917124
711,0.0016987570072466078,-0.20855914690525443,-0.015261317774162937,-0.008739554334141622,0.03044270260153546
712,-0.03767579356201316,-0.15197778844429688,-0.025935566501691383,-0.06170271466110315,0.0065133026601757885
713,0.051245873746139044,-0.0885085423651306,-0.060764301130230666,-0.030958717808216348,0.048866778249842584
714,-0.010460128780283254,-0.163615450921101,-0.052978168412195784,0.0021753935245480364,0.07670095629965208
715,-0.0011692486894703937,-0.2031128711598565,0.016062128610592093,0.007456781336821966,0.021113325722606123
716,0.00019111277629159845,-0.033511617193822944,-0.26912919233854155,-0.011182991470375579,0.03237829467825982
717,0.024784386468739247,-0.05321074381591771,0.01752616691870113,-0.032489036599919766,-0.0029852647283408165
718,0.015393183785018158,-0.05783340530855543,-0.12048786373213417,0.023445117203075194,0.014629167437642109
719,-0.002711510859212857,-0.15153116107201445,0.07855065019298378,-0.03853777355670743,0.0020632015862217046
720,-0.0032236987871269657,-0.03837059973211786,-0.15339750840213348,-0.028888348152752683,0.03465059737415992
721,0.021861072605199986,-0.14916644826119485,-0.04717247780476966,-0.019305862601755916,-0.0016964179587477504
722,0.0033965305862151715,-0.10114543377922999,-0.1336638750725057,-0.03675872165038484,0.046714317523212194
723,0.01838025826367754,-0.05536792192086257,-0.02862599764765232,-0.00698957054911872,-0.013092822236887687
724,-0.0018448736819264924,-0.013109944680697917,-0.06188142318056551,-0.02487892116696447,0.024503650811615103
725,-0.003671553698416992,-0.1512614328998643,-0.03833111750159476,-0.0006688792094918301,0.01588181974159747
726,-0.014069544786597256,-0.06208267501562355,-0.07439429878177936,-0.009198373398635974,0.015407400313956527
727,0.013522245831083126,-0.1231498858379626,-0.002644245117237109,-0.03675279115033988,0.01576591921530333
728,-0.010900638394700249,-0.11402329809928848,-0.005662578635235273,-0.03906072455454602,0.04035808828166854
729,0.02870265211374657,0.05642937806849214,0.03153564540321125,-0.02305994752654468,0.022245131064677643
730,0.043711181766522104,-0.0842523179374472,-0.15281077478829835,0.0014103884250759732,0.0064725263050466365
731,0.002897878603392389,-0.16315645496906792,-0.032563430138484076,-0.05751621912693588,0.037736743167358686
732,0.0026292016867725957,-0.13593549577023853,-0.012223456911030127,-0.04437770644193175,0.03934009655280316
733,0.0035035676139368054,-0.11679972994202517,-0.09303929888610248,-0.02205619360586344,0.04593374106437275
734,0.013669492816260165,-0.1969877662907856,-0.045080640462693465,-0.03991118568312316,-0.00717539674948437
735,0.03409807367977718,-0.11911575053585892,-0.07310080165690559,-0.05836888646718681,0.04142259062785777
736,-0.005349938853609545,-0.06153811669511368,-0.088241885836057,0.05980921540325787,-0.0008320314191693519
737,-0.002237399107222469,-0.1201958209714233,-0.05731874612152764,-0.052506818972157136,-0.002273878810189294
738,0.037927747449879694,-0.11216615246211026,0.0005445854654562266,-0.017471910937933714,0.0278249773900471
739,0.01823942132635293,-0.07876668277384652,-0.0586933156774366,-0.040833303667733536,0.04272468932603104
740,0.009846725994708557,-0.06379791573865039,-0.17078376068630366,-0.014063935034580755,0.004181158380409661
741,0.003409124301872912,-0.14194797625200853,-0.04269369857062372,-0.05162360741368462,0.04178915669940592
742,0.010238717815226395,-0.04468320965063564,-0.10663531710203021,-0.009764159184430183,0.02712463109846595
743,0.030022148727711827,-0.05294909883119903,-0.10196295896602292,-0.05005862753904078,-0.008826964682894588
744,-0.0012718338307899355,-0.12101640766875509,-0.08984162063447833,-0.031517689253893186,0.04793789787109172
745,0.007026531029422742,-0.03314780451436359,-0.08311889653799821,-0.0150145526398176,-0.016043873638289026
746,0.012540032357522258,-0.20795001733109736,-0.015094998726407186,-0.025458514716015394,0.019021239207521818
747,-0.006524439797189878,-0.005262993549394762,-0.029741509513464243,-0.030273301730803642,0.02948041967891393
748,0.02085412405426896,-0.10843407954156724,-0.11434414860337283,-0.05131261967069585,0.05103200402802505
749,-0.025660208910578058,-0.02848225199168944,-0.06190936602780129,-0.015149013824067973,-0.015483622899137552
750,0.03340277139615966,-0.08340517687772361,-0.0785679125400352,-0.031742158125954205,0.013182341575356006
751,0.020716686187701883,-0.08284541103281994,-0.10868424213943595,0.02472268308911663,0.04015065220491717
752,-0.014086175175794429,-0.11198516717553299,0.01109087347116013,-0.07389887969431631,0.021804887051155318
753,0.02217402961586715,-0.059828602106607426,-0.06106141409651313,0.0165029803565946,0.02145803810256673
754,-0.026358429187700455,-0.06313816133065515,-0.1479356222093724,-0.05374965750922166,0.041903534199195104
755,0.03762724313240481,-0.17017414794607877,0.07486753307239058,0.00042608482164296896,0.007111117307057514
756,-0.006700340697161496,-0.2788474827568184,0.05711346124799544,-0.019924253852074792,0.021505889158407107
757,-0.015829668477936105,-0.03716408124741469,-0.06097460071463711,-0.0207553128802846,0.011307895339457913
758,0.015720372477068107,-0.11135155530219124,-0.16744757694087067,-0.04713623485808571,-0.020839029594532155
759,0.002264697022873621,-0.0944931207165513,-0.14753816598163125,-0.037792359078082385,0.04916733594110748
760,-0.004600921600426091,-0.11550635226172357,-0.051458045197439815,-0.022118888302212907,0.022046597720569768
761,0.008540904420456078,-0.15477120753770388,-0.018170094282536863,-0.03864622927801305,0.004273498095632722
762,0.036524388814485415,-0.15513639806469023,-0.02927942581281042,0.00453035433282422,0.0067007478724854935
763,0.024176759460488823,-0.1509476718461915,-0.015698515735139695,-0.04598611995668045,0.06563859034413888
764,-0.04136272113687511,-0.04123355234652766,-0.11368663529545774,-0.009952338876938955,0.018743397218687095
765,-0.020976873431494257,-0.03833418174252213,-0.11985033145985706,-0.05601576855333387,0.01019538638622554
766,-0.04588616579146279,-0.09996249901458217,-0.030460131665944103,-0.03067092416259506,0.025941538979679907
767,-0.010558263795178787,-0.042340399223093995,-0.2407959543134564,-0.022481520307570047,0.0296013302173014
768,-0.008634187202719187,-0.11866026682931256,-0.17274784723504014,-0.03404453485855517,0.017072464881243626
769,0.020831341536848246,-0.10597961847218365,-0.19941353406117143,0.0005779453689393334,0.05388888749027674
770,-0.013811148610206485,-0.08756875017316518,0.07809238135989778,-0.02041876460916849,0.010440645749039933
771,0.02539977054131101,-0.1032295205568318,0.001660372166978637,-0.021016835831752022,0.07431876744274857
772,-0.03528740949368562,-0.06357989576516601,0.00661596785399036,-0.00803169129399056,0.0703993673070026
773,0.03895874231474302,-0.1445970290594886,-0.13215295117970352,-0.04859172787021563,0.008869589299580607
774,0.013907625600217887,-0.1207187546741414,-0.002955138258242196,-0.036193002597685466,0.005260462174686942
775,-0.003943616336137239,-0.1287830869235205,0.02273785280477012,0.008483348883015288,0.03845490614870205
776,0.03575483603603309,-0.13512290982581582,0.059988913711394774,-0.03633237987708699,0.010034261349965353
777,0.022086390704284472,-0.06626367673264778,-0.1110746938296232,-0.03540121861793003,0.018979403215269017
778,0.027700333218332287,-0.08578697177182695,0.12936806517706823,-0.023207565327094858,0.02374853316656033
779,0.011032834667328443,-0.08483572740242015,-0.08214764238630205,-0.015272937458430615,0.003253281769714082
780,0.026957984413335388,-0.037496773518413476,0.024856886754079523,-0.03901275067408992,0.02111188755234069
781,0.04426517376879562,-0.17948929642575573,0.03502919996699126,-0.035990822497530044,0.00684674569741603
782,0.005881270927827985,-0.09994218678902222,0.005228021236520825,-0.0031138718705988905,-0.018252028472280146
783,-0.0073144778438041175,-0.07129149080165026,-0.06457183805599749,0.0008475174557094232,0.040988962995817495
784,0.022055915019371628,-0.12235080191843682,0.004472635551457684,-0.04926472675240154,-0.010460421435329163
785,0.013278181338752831,-0.09367787407347693,0.13857791386922527,-0.019245305089641163,0.04410273936701723
786,-0.012296171370353976,-0.08250188860065365,0.04241246000928008,0.033312746371239314,0.0029425730357073867
787,0.022522785904147885,-0.12053619346041353,-0.16152506636906516,-0.018693603687331296,-0.0020682996469524157
788,-0.01194786434572822,-0.11389979667941058,-0.003769242791425503,-0.038970105025850264,0.052843740715366516
789,0.019295999070418374,-0.196935244608641,-0.045017837251922335,-0.0133592213530102,0.03982392987562046
790,0.028559927998273327,-0.16039529099139305,-0.00801132656737201,-0.03161230826448143,0.02949034702457125
791,-0.019760171752806168,-0.12448594759206698,-0.00910804618806002,-0.03380884080901932,0.031762818288243067
792,-0.0663646989660899,-0.2406645727616311,-0.19865457501647377,-0.005800456681128228,-0.0002973423580624557
793,-0.03540826595720322,-0.18730587779768007,-0.1782911789503929,-0.017141116527371943,0.010469597476390305
794,0.01055025454112297,-0.0809075913046018,0.004313412541500818,-0.028072971118133568,0.028512635173189815
795,0.007649550975023924,-0.05003104662466946,-0.01375290577799506,-0.02697732935088468,0.027209529897216717
796,0.0006314728162163859,-0.01983766517649956,-0.02713794497581188,0.0035465964704284886,0.027300056421122803
797,0.018567618279640576,-0.10874835777881735,-0.03339457512518726,-0.02916870611565952,0.026387103814511027
798,-0.003580918385881353,-0.1408572406902716,-0.07967491626902531,-0.02514349870153224,0.010034834540120663
799,0.024133559382948266,-0.10644536141467034,-0.09102588495258145,-0.04908634943051984,0.009251321770115558
800,0.018119923215787103,-0.05523886963795925,-0.04260499845819204,-0.05731016505952947,0.020508831300347016
801,0.007167358261807932,-0.08015180708252537,-0.04328255555701593,0.03140969879649301,0.04147484897284597
802,0.012734551829658478,-0.08870132284597057,-0.12061592615598941,-0.0634429428243623,0.008510655859389578
803,0.014536507881347733,-0.1242381094870134,-0.06273872871601453,-0.004916672116846731,0.04753058416460304
804,0.0280428117379915,-0.1348235485319123,-0.04729644898178065,-0.040614283505318,0.035092069820027695
805,-0.0021408938216001586,-0.07493908512418102,-0.08502535754913162,0.007010019182263799,0.026903219365602606
806,0.008603847865939963,-0.14871367642523056,-0.0239638939777429,-0.07718062838172357,-0.008836596290662267
807,0.003358563363705809,-0.2704747468511268,-0.09826427465780163,-0.011183904539984772,0.02317992734262814
808,-0.008253372982301102,-0.03126016713978114,-0.0007874142188518564,-0.028246604206635627,0.011057687901080505
809,0.028609879129101165,-0.11974540905520248,-0.18307331978143454,-0.03442298218502896,0.03248880805342064
810,0.0500288949270379,-0.08981537380624834,0.026937966666416804,-0.027806448990356326,0.012779908821089656
811,-0.006405791790169238,-0.0288551132488272,-0.08609447787043335,-0.013257469394858865,0.012643206314618195
812,0.018092012267717367,-0.07813489101901502,-0.19454137814462089,0.011455841716585972,0.027819016235846754
813,0.0332397842117839,-0.010013594574063988,0.07583839273187008,-0.047717316378078044,0.0028534882848804816
814,0.01737704208787152,-0.0921278098315129,0.031486319426319596,-0.045731040632906665,0.03061263987899818
815,-0.015042571553568569,-0.1348724344878839,-0.0858354508105557,-0.04274876791972532,0.017557907448208208
816,-0.0002753802479487201,-0.147023257732125,-0.18911064142319575,-0.045830729095958644,0.04039842239784521
817,0.0029846207410815033,-0.028282116786109476,-0.22091867681794303,-0.04407342019697705,0.028096930041128655
818,-0.001970321503287667,-0.10964563071217186,-0.24090974547754251,-0.022063073661608625,0.01135478379094985
819,-0.008492484064628792,-0.1099855796316956,-0.2229902874500172,-0.016779732929045426,0.011115030694115739
820,0.022384024100393484,-0.10858559908097265,-0.05617225022843409,-0.05124427394214388,0.008129344732042219
821,-0.004555601972895766,-0.10544936879534003,-0.0790112739940648,-0.02915816047032739,0.027485404814832054
822,-0.00010164657087124967,-0.09358045349751942,-0.10976130439691911,-0.02530014746240715,0.04195927171253593
823,0.012807870140821267,-0.3634941930394705,-0.011195570946180216,-0.03976325165019272,0.02123840463697918
824,-0.012071521706476145,-0.07578063771462028,0.04346538122846518,-0.012539620220432274,0.00829966582453589
825,-0.029916086366572392,-0.024604332712958837,-0.022079759600466365,-0.01959804810892894,0.060451042662598334
826,-0.05020687907950374,-0.0710515251416269,0.03629787701263283,-0.01934525137814393,-0.03768173742290506
827,0.023149689357759556,-0.13603220296394236,0.2086129592869061,-0.025511382608535842,0.0628501674777601
828,-0.0002612597453091523,-0.07793265218835899,-0.02030221724098809,0.0037278477187724403,0.05082894026513894
829,0.02582036233801354,-0.08949695184426157,-0.10342613759065643,-0.005508805878317134,-0.04397086764363999
830,0.022162015382536638,-0.08068302568722747,-0.10238086030328253,-0.0043724457377332625,-0.04853423182288417
831,0.001269186309581956,-0.08384313964520677,-0.012479515991458945,-0.021761123523450655,0.023114608109201747
832,0.014773567252458604,-0.17261313780006968,-0.05806194104711784,-0.036516330211789017,0.04326780720880342
833,0.0007822982055665952,0.003917504233849901,-0.03246923441950615,0.022109680406822436,-0.007107096054339335
834,0.004504278932820049,-0.16526704077628088,0.20667376803003745,-0.06417668713801696,0.031051902228770203
835,-0.011802478001419727,-0.16250148733348446,0.048494755509843765,-0.025498058725033277,-0.0038950964012972925
836,0.03382072804854922,-0.12232589819924392,-0.06537756942348799,0.007956674415007432,0.03390470463373681
837,-0.0344588773222607,-0.05365747420998221,-0.033199221645234304,-0.0486625620877562,-0.0059004956887698645
838,-0.016783902634345756,-0.13072863985154803,-0.08016596783963238,-0.04899719931519643,0.05274498164348813
839,0.008709704469370699,0.011433163790818344,-0.059076334872344025,-0.02928303295972524,-0.030255587067767535
840,-0.0025093228895401933,-0.07796444329689585,-0.08462654746327718,-0.02285535538255547,0.06693691534537768
841,0.04905549831340302,-0.09728130967035713,-0.17008693114114487,-0.050969741823788016,0.006869404485977023
842,-0.03154904459416007,-0.08957912052295858,-0.0948020320290771,0.0029135985432729283,0.020442973329502203
843,0.04135546759421638,-0.09945644892610676,-0.1165648939120011,-0.07035805760980055,0.01832591695423657
844,-0.016155106801400393,-0.06078829420730766,-0.18779930145356655,-0.002508706469264095,0.011822344750163902
845,0.02568889420869293,-0.10180424696654078,0.13795359062434115,-0.027270846489607314,0.03753761268669724
846,-0.002514947667371631,-0.0752446364704525,0.1731063328404956,-0.028332246203873146,0.04334538476491501
847,0.029652683731922997,-0.10339704400249117,-0.13590387746764912,-0.013183308281037032,0.03853946149729371
848,-0.03388499441938651,-0.07786229188980921,-0.2561013574187669,-0.06412043431751577,0.030586885117937137
849,-0.03889744005692918,-0.03905674513551894,-0.06818187942402346,-0.05921223290260842,0.014216571171378615
850,-0.03834732022133568,-0.06253290007917245,-0.12321383342915654,-0.054807818083337054,0.0036058267260994877
851,-0.05759582279971331,-0.02320075287414093,-0.15106652614908742,-0.03832432119436967,-0.02232029504704224
852,0.008570821189909482,-0.09478520724033161,-0.02132217367390989,-0.03468233162969372,0.07966335601910197
853,0.028439041271768682,-0.12094073635158653,-0.0060544619505993845,-0.018059591820863564,0.0011413176742342543
854,0.033319023416175965,-0.25677520102257706,-0.05136790441392051,-0.06181937505734126,0.05807382198220424
855,0.002120999047758037,-0.10095801259746401,-0.07011443685797422,-0.06520932884299693,0.010521718443744135
856,0.003630593346408486,-0.11073906959578904,-0.10752233497038172,-0.06690297943859752,0.02531744115729493
857,-0.008515370020409465,-0.05490296243265943,0.088902482129981,0.003363264502829642,0.0069399599836194766
858,0.020824838295853014,-0.02505680823062732,-0.10172364034083999,-0.09330753305475559,0.005941523794722152
859,0.0006639274914318324,-0.13163928326015162,-0.17784383274302398,0.015218548752722837,0.009257649759477678
860,0.008453914126982154,-0.15246305787619796,-0.1712617652760443,-0.01262228287911612,0.0029113297884767277
861,0.028121725310659,-0.06610234123079572,-0.124612088620715,-0.05152328759150565,-0.018984142271701854
862,-0.0027726596541482874,-0.15603868442145225,-0.14798449230508334,-0.03308324680312707,0.06361314813333127
863,0.04088886477862681,-0.1704061532310437,-0.19053968408145933,-0.034517344588474684,0.030854842882649766
864,-0.02061160590370507,-0.03838034215755135,-0.13718890557533328,-0.03282818542406373,-0.0103765136110046
865,-0.0225260316526102,-0.03888970470088231,-0.25565947179519427,-0.030091084756829287,-0.011552096503687792
866,0.03365292450068449,-0.0590647858019691,-0.26623982517331707,-0.03173499806006874,0.04428589684549335
867,0.00047067973372531466,-0.0845379923659632,-0.1323649010144425,-0.00094298022134169,0.03194685181711467
868,0.011202425756655962,-0.09532848626009699,0.004712694649245738,-0.04399390363682701,0.013812812931109014
869,0.012478722861699558,-0.09458110820445181,-0.021252656102157184,0.001096742102691855,0.016915626985545874
870,0.0037300946410652055,-0.06051344255824672,-0.09763590981504029,-0.08290654409246363,0.01243216944353831
871,0.045499233629087525,-0.06664009326402538,-0.1367051519570758,-0.03641412155886512,0.07444180520078673
872,-0.003111632247474592,-0.09850012686092893,0.007976542745638925,-0.02712223267673188,0.008794988447021554
873,0.019903192659847267,-0.15845697779116918,-0.003041012079275337,-0.025007459865817757,0.008821803293208736
874,0.0004176986159044524,-0.11151256371343289,-0.018652679987883284,-0.055655729815919285,0.009344291570493544
875,-0.0024904477675416854,-0.052806932000166555,-0.1002192000256099,-0.04378348676087018,0.04706317011564109
876,0.0001621047699236205,-0.08631839916975492,0.21813462667477992,-0.03837928612948398,-0.0017930982603748518
877,-0.0013671544677117207,-0.0671267342467747,0.20878654309404507,-0.03781033605007375,-0.020677037194839872
878,0.08336385178942339,-0.0820258805441009,-0.15827698048616806,-0.0006586989856953246,0.05955678169507683
879,0.003170763730924686,-0.04854217324577976,-0.03349950577934686,-0.0640501693467292,0.0028286606062097467
880,0.04630710691637989,-0.05824687280631609,-0.18374159560102873,0.02583891931241088,0.08673236746804196
881,-0.012703621851341555,-0.0696957748060297,0.04322989899380988,-0.03853839631066548,-0.04625732342632903
882,-0.019007990103859944,-0.16654097457189937,0.023828185583708035,-0.030417387970764397,-0.01899455798798047
883,0.01887618580153869,-0.14964346128439474,-0.035224380757452045,-0.005030162128374114,0.0197770384238447
884,0.014755809222984417,-0.10785339114005212,0.17671274503693749,-0.03138595771437594,0.004676225951185258
885,0.012678440291710684,-0.15814113853341127,0.23571368486876768,-0.043663630705109355,0.003173754273718668
886,-0.009236610863598121,-0.08944540291057208,0.21462262607379592,-0.0744851815446157,0.0019332818829593033
887,0.015505574436821273,-0.26650137208518654,0.12777150189925546,0.003857477209047317,-0.0481024743674593
888,0.021743321517881952,-0.011713643035990177,-0.01534613745409808,-0.048574447858993786,0.007074407840276832
889,-0.026580529282160096,-0.08535952226952086,0.013252919832770308,-0.006969811639299284,0.018719976966789578
890,0.010530759436402769,-0.06682179711675225,-0.08873735643867453,-0.08937062508580623,0.03986443525139431
891,-0.0027543050597562345,-0.0877905835660438,-0.07111043402545394,-0.04125355989966716,-0.0033184517594931455
892,-0.015726794647076145,-0.1034230630425693,-0.13899049299009433,0.00609877934262269,0.008230823781131784
893,0.025113154423203974,-0.0985139469159516,0.02607191197694114,-0.015407484906007787,-0.0018949065481431771
894,-0.0009074167935226853,-0.09801740571222366,-0.0033139920525331163,-0.037028118724637675,-0.004357853795539998
895,0.021171980493390512,-0.18564513458602,0.016130198704190957,-0.010010497483483293,0.027376437769344952
896,-0.0542473783657326,-0.03377650342286761,-0.15480899237807588,-0.04268568750058477,0.05608102850780804
897,0.0199494275992336,-0.09159029934422662,-0.08826201835196862,-0.01597482347907694,0.02618116927982353
898,-0.0019099384091071864,-0.06580208407208724,-0.04676959740766359,-0.038486155505641696,0.01970134591784521
899,-0.00520448441685579,-0.1386689354308779,0.008173379696296222,-0.03552793916555712,0.038184405159225165
900,0.018829771682470384,-0.14265023418379602,-0.016506360284733557,-0.02861414817542549,0.0058154599784296665
901,0.010307721846146155,-0.058818082421502015,-0.08865605036634211,-0.010770271070326614,0.009811529962088256
902,0.012764226113921391,-0.06364479979476836,-0.12077241141636827,-0.04595498703193422,0.026577194634927758
903,0.004004922551337384,-0.0643180209543555,-0.0264704909128091,-0.01485019420983996,0.01176033865814085
904,0.006417986566964197,-0.15261057591268426,0.007681177827408754,-0.02012964558176573,0.010276838188051191
905,-0.0007970758947328241,-0.056469497608159856,-0.04688749774459205,-0.050980249065429445,0.024509272328087965
906,-0.005036332668018666,-0.06941628440663207,-0.013582930309707572,-0.016873095125811692,0.020747455762400654
907,-0.0009003200515371494,0.0031005762666477432,0.0612156006790193,-0.0009189721874946633,0.04318103115096866
908,-0.015426831257294814,-0.002627186551574856,-0.050787124714238685,-0.023612796963547057,0.009871820005404224
909,0.006603206502265957,-0.09844627474415525,0.13524256113395608,0.0039002682245614932,-0.009791388710015739
910,0.020369033294914855,-0.08308896031207604,0.12476375507822879,-0.00476111391000468,-0.008426208302955684
911,-0.021507629430297822,-0.0942109640529368,0.16894228799656122,-0.03789657730027902,0.0325070960060175
912,0.005945883788338039,-0.11367382608320446,0.008927710184091733,0.018725888285995366,0.0019705879467027065
913,-0.013154243216821914,-0.11488284244634779,-0.031068758449427906,-0.026439255481400196,0.03792392407953045
914,0.028594443128469222,-0.051019381060629504,-0.10122985821828231,-0.015152853549987104,0.017475945455060583
915,-0.015889463376003953,-0.056361637500701126,-0.020110538398353982,-0.061991688687157896,0.02722347391418897
916,-0.009645689135812381,-0.05508187122992103,-0.07705670567182295,-0.029796302674747976,0.01031127341887271
917,0.024622750953564233,-0.013317069321894312,-0.09640155023042148,-0.03945575432080435,0.018707606387548578
918,0.022661774041328926,-0.02304284044824277,-0.13214338787653207,0.002509711697546533,0.010285204749732314
919,0.005838106544038086,-0.08076173507185666,-0.24895583916288427,-0.04502409234305814,0.009303404841820998
920,-0.0076216477793479,-0.06409664945512132,-0.02301837895291396,-0.012512407680539803,0.052629345247093486
921,-0.02236860625044476,-0.18274945452395894,-0.05502010915982148,-0.01588952668931512,0.08012407375709094
922,0.032351986037033535,-0.09452745145762931,-0.2596785804407362,-0.01759061928461097,-0.006167747442563346
923,-0.011700219938822396,-0.039127310657193465,-0.03628080080478971,-0.013716158471253237,0.048955478563424526
924,0.024731740163901568,-0.07897645118789465,0.008389169052384559,-0.015074753796340549,0.030624024024289234
925,0.017626440551435224,-0.0779993322310619,0.051863938207950606,-0.0027897483678936074,0.0010475064116653966
926,0.0003770712225112464,-0.058602932440179424,-0.38045157528678714,-0.042984890123548954,0.04333057962114238
927,-0.00911227117686206,-0.06443867921093024,-0.37989325653904454,-0.0470237798251158,0.03169885670308377
928,0.0121268504724744,-0.12885179891509285,-0.3259375160410709,-0.04435899063873915,0.006525706919535074
929,-0.0255030316267709,-0.11210026560235903,-0.36818764787239083,-0.05619910342280344,0.026754699092284444
930,-0.012395540807306525,-0.06805351049957427,-0.23554913626377133,-0.009930827366541184,-0.0027831290377944673
931,0.00825706910324869,-0.09279546089081211,-0.4100309053041683,-0.035944529495167424,0.017656248668386477
932,0.04318483299454585,-0.0905980590416067,-0.0911897127011996,-0.027813887904714597,0.034106952959636144
933,-0.015526872501815172,-0.14572521404937835,-0.04049423707261995,-0.028859717057789083,0.01194059038360477
934,0.014225925106867415,-0.0700190399389279,-0.05921310735798228,-0.0345505413614186,0.025061416127585077
935,-0.019749096021893276,-0.10354475894383426,0.007275354323407696,-0.028750741805726367,0.00979703463881196
936,0.047298822522179915,-0.06250921031279193,0.036216671502693636,-0.047841952946929056,0.002695651037274243
937,0.052415352848326775,-0.037478090373598706,0.02195661456496005,0.03316736574315198,-0.014897091322044066
938,-0.06037973939366885,-0.07215766908214136,-0.0759169299453638,-0.08410586509077973,0.029681927532174822
939,0.0008781675718215885,-0.065120426820666,-0.08775398983833953,-0.03176930944014725,0.04429684318481104
940,-0.004087931056380951,-0.025057525584699994,-0.07753780758949003,-0.0035814700462356414,0.0165645128873391
941,0.017800661090427543,-0.10505368339433936,-0.08952035336880784,-0.04349529916343392,-0.018715700584448332
942,0.01848381867366433,-0.027001180791665625,-0.048619517792157056,-0.060850892807585134,0.0642420736514773
943,-0.0011089055129063833,-0.21338277507323275,-0.0265196666842938,-0.0449431963843876,-0.024774746383699364
944,0.030654095632825278,-0.08197597474474921,-0.05584125738985537,-0.04621435106938457,0.04156826487729124
945,-0.009186353883288643,-0.122208397971693,-0.06632884489180194,-0.047408569361920096,-0.0025250492452889794
946,0.005032874133322281,-0.10866504862331026,-0.08785342407837107,-0.0021066861285710062,0.024897394437077044
947,-0.03114101615077426,-0.160395994882732,-0.029323967211363176,-0.04472277615452643,0.01209139076682884
948,-0.032391761926484616,-0.06850460884062917,-0.09121961648430742,-0.04519085495869584,0.005724976415975889
949,-0.023520659933696855,-0.06751109965699595,-0.14059134074370913,-0.04594031881854124,0.04394467564882235
950,0.024128973548970187,-0.10812424183214821,-0.12168709383518339,-0.016451942904377924,0.0019291618647965265
951,0.0007459737424812321,-0.11279423601989444,0.015814900218185168,-0.032677612705304365,-0.02175427616946514
952,-0.004166993629673082,-0.07384466896875493,0.021805479634437894,-0.032388687632449314,-0.02140669865924308
953,-0.032615115919296625,-0.003921475996266818,-0.02863533621354867,-0.01504383451050635,0.052317503619340504
954,0.00309775115382228,0.04169508141533596,-0.028449050742363476,0.02318362366308143,0.02930848550894757
955,0.014577156501366704,-0.07735910296626002,-0.05880309537219801,-0.06052176277874649,0.0085688514057628
956,0.012067372368528742,-0.17128781837055398,0.005453968606653605,0.014026778284788533,0.02450723085458765
957,-0.016181665281837183,-0.07834739526438352,-0.04627581436080246,-0.035364352025502054,0.0041780685073677755
958,-0.021965411091863358,-0.06676349885836852,-0.0869018910307733,-0.03915785866897699,0.015318055578295887
959,0.020795343767346756,-0.115203815614268,-0.057680499434472586,-0.02084390249878692,0.04591526953288813
960,0.01942508475454769,-0.13287082729480212,-0.07368368061406048,-0.03639653125072946,-0.020666770665621
961,2.644929037764237e-05,-0.11093922453075818,-0.04079151102243994,-0.00035085995221503287,0.032989045846377726
962,0.04235243178371886,-0.06967337795318018,-0.11487512523125543,-0.05848733469332961,0.015714401599373977
963,0.06177683224807034,-0.09409580136275225,-0.05940044024368009,-0.004176211078167777,0.025272067920902704
964,0.04727234134548386,-0.05909624191726647,-0.012428358653153582,-0.028396662839349208,0.011327716071694699
965,0.03518975565939017,-0.08493789612638368,-0.06146449813345531,-0.03392066723635849,0.006997535106822028
966,-0.02091206355594941,-0.13711305021091771,-0.051787681896122144,-0.04098155264054375,0.0045105278961853675
967,-0.000422171611086045,-0.09650664498325912,-0.05056364394631366,-0.07122193132121597,0.018408801943592665
968,-0.0025882320690777576,-0.24100922422915824,-0.05367031255480263,-0.04230788916062711,0.057374555438904525
969,-0.012555075957478552,-0.21354253105669999,-0.06774811227811803,-0.06263155217406767,0.0345037746266569
970,-0.014500561942621134,-0.10846311807117763,-0.08726478493132042,-0.09041199525092132,-0.0011665086057237983
971,-0.011197827461023852,-0.007488708450366118,-0.06011129651248378,-0.007602946085964886,0.012537711546784404
972,0.02972521309066774,-0.09059627309169808,-0.09452668222714669,-0.04244587521011896,0.07811535565419167
973,0.01610086888402195,-0.09813029701045849,-0.015465829303883152,-0.015057326931057827,-0.020630093450390116
974,-0.010938590756256951,-0.1333794133316972,-0.09228988538204706,-0.04460621024074635,-0.007432195159440727
975,0.030492196630136033,-0.1313388110434185,-0.07051328378248739,-0.024630746647509874,0.0645870072193739
976,0.027910212843407188,0.024144348893480674,-0.09790048624459248,-0.0673900467797732,0.04211602670436876
977,-0.02351982422945409,-0.05657779534110093,-0.07290087631944066,-0.028875130646201373,0.04764759227411246
978,0.0031912231107574635,-0.08211369543673387,-0.06088087007663119,-0.06257505625783207,0.022747884993265407
979,0.00967820052735766,-0.0928621452854184,-0.04397208317454962,-0.03772224483900209,0.005920363795759618
980,-0.0003480330775858705,-0.1360013954232027,-0.03824790387069142,-0.058644566952936975,0.04262745314844838
981,0.014138814406419276,-0.08611173347000704,-0.12292117580596444,-0.037894427362866384,0.011826621728819436
982,0.004296167365991689,-0.1382022619172492,-0.008800071129835201,-0.04900458882054311,0.007987090430551623
983,0.019030093515458504,-0.1119804424765535,0.12071184259598158,-0.04075486487641665,0.048533666802454786
984,0.06635582886879791,-0.12900999093369162,0.08923953249357018,-0.04906980658064717,0.03060912057711309
985,-0.0065618535572548285,-0.10749395556788849,0.10982528672077492,-0.014854950328753879,0.02862874658715375
986,0.03530529393395554,-0.11231505891771323,0.06691140475779134,-0.03890806444684084,0.013622737825737573
987,-0.0153330360862998,-0.07728330087552447,0.023018342345586352,-0.008892055269715872,0.023234706491978497
988,0.01564060803197134,-0.06597964024955422,-0.09126173946919434,-0.02086070323244252,0.039428735976537975
989,0.016772239155145967,-0.11024550795858415,-0.017103460110970796,-0.017643831313716236,0.04756482726091785
990,-0.002456764986436809,-0.06447855600652172,-0.07095176775157447,-0.007810542680839425,0.03190523758589576
991,0.017305038784140105,-0.06552125683097859,0.09148619725779036,-0.04606692001675183,0.09498557532574702
992,0.035648957533678645,-0.060403132705798564,-0.08422702159580088,-0.07336878482735058,0.021957692169816714
993,0.0029447074187955993,-0.1323192962844638,-0.014021848176316435,-0.008806768262604268,0.03261093182540287
994,-0.012140256744031961,-0.33640072808643895,-0.14527429505307826,-0.05920123276481129,-0.004279993692910524
995,0.022492240514463222,-0.043696750988015835,-0.01411454672837484,-0.041348578452176016,0.02198834632406197
996,0.020604339557691146,-0.08001036601378415,-0.03275229577693596,-0.07021801666580618,0.05961123406476758
997,-0.01638266390105378,-0.05202404851334016,0.03631632472189169,-0.030213595209855896,0.01822457200055635
998,0.0381950002661773,-0.06961152297309152,-0.05688355435947634,0.007664496446392986,0.028258616814554285
999,0.012347890521239484,-0.07595444386044295,-0.0019416379427520775,-0.016233538986520482,0.05496629401882829
1000,0.013864806218748513,-0.17689655605716137,-0.0976782715681963,-0.04263451964327701,0.003883734667548431
1001,0.015498910289770266,-0.1618926025650564,-0.025366730044206743,-0.018778790067680243,-0.00038546205489706806
1002,-0.011238007424851804,-0.11109870911761101,0.24634312744198755,0.003769295184361783,0.05267929097489708
1003,-0.0015253749757363597,-0.06898234305839583,0.21448149914948297,0.0021094164107210095,0.03454890852534498
1004,0.01976935118664729,-0.11444331221613181,-0.010573867839347368,-0.020007613246891348,-0.005537166735154483
1005,0.009260819504693518,-0.048641224080077455,-0.14685393319632273,-0.052799921321028856,0.030440449795024145
1006,-0.009928236760928166,-0.060746984076429526,-0.20543549487891016,-0.044305536609107715,-0.044678825505655675
1007,0.022119729612631697,-0.04284381630703014,-0.04335520923123279,-0.03533470171337509,0.06142963218458065
1008,-0.02262040751881183,-0.10622835747516966,-0.007626882673891243,-0.01362652625378214,0.04100349969634037
1009,0.03331217863065715,0.001917840279661967,-0.2504053176666845,-0.05347211622694774,0.004194870793497738
1010,-0.013738230580314663,-0.10889221782697879,-0.07885193873050081,0.007882191262014768,0.029141714140067432
1011,0.016588229628422293,-0.0837573708473649,-0.040906225187118936,-0.022756966258152315,-0.0036509598506622508
1012,0.008878136129188743,-0.07926117471860045,-0.01870688882921417,-0.018073031837498716,-0.009695076036919235
1013,0.00434772058264344,-0.12442872741063968,-0.008303176928193368,-0.03330935751626855,0.06020371283561392
1014,0.01649173520408231,-0.09945786529788768,-0.20529845910177535,-0.00975727440885603,-0.02270810535479725
1015,0.035466748626066934,-0.09872140289074295,-0.19817237709672847,-0.004563335324032074,0.01987843093960187
1016,-0.028804969172597443,0.008734349135389858,-0.07232423284771514,-0.02747381402622895,-0.004303503977283943
1017,-0.03323727690202092,-0.04195543555320689,-0.12315173266064312,-0.02508233233157497,-0.0011586262757310927
1018,-0.007972485625171655,-0.11091769351932766,0.15979652263102226,-0.03711395098738041,-0.0021269205838264243
1019,0.04284333870586106,-0.15901222257040204,0.07212213643706379,-0.019159617169260085,0.02812406768866152
1020,-0.02803031978476782,-0.03287979755017131,-0.03855921644420648,-0.00706914870830167,0.02855933599620011
1021,0.024058122769166412,-0.1266648089240088,-0.06439352579625529,-0.03512707024799567,0.01922901322981609
1022,0.016295690889036395,-0.18133243959980247,-0.07673817218708479,-0.0342385416058438,-0.001758880532888094
1023,0.03238434688475992,-0.07649880936839512,-0.002571777852184339,-0.016580988902646504,0.09766550515089953
1024,0.017529205579496783,-0.04605414102787552,-0.08085378568695815,-0.04961215885942697,0.04410561579022143
1025,0.0373784870204107,0.05260252165192339,0.025281615505789837,-0.08004952857425217,0.01738542344110102
1026,-0.02220971495600675,-0.03920471541504193,-0.118961177030434,0.019000949325591224,0.012861235853257113
1027,0.016448066691942983,-0.007029182224514686,0.014036263851138018,-0.04925282942066616,0.012361349045655825
1028,-0.054934510685264906,-0.06259184819202089,-0.031480877160151195,-0.037822404262172996,0.04289582871012758
1029,-0.02581249949395512,-0.06676857281628433,-0.12160609481470552,-0.04867640194591754,0.052209622612320226
1030,-0.03599091129321216,-0.02491871550472762,-0.05058451812086617,-0.01535159199098444,0.02149096513035842
1031,-0.05948164011610896,-0.18651660987674945,-0.09133231566178679,-0.01976014626154912,0.0006196272202666489
1032,0.03843532496293582,-0.15308704319269978,-0.1946289091156878,-0.05678531511532182,0.01781399089646415
1033,-0.008204450515741033,-0.013371987983343004,-0.11302257037025064,-0.040626948688828435,0.019423880705911393
1034,0.013920299727432141,-0.0708312014379737,0.11434786060423498,-0.01543880820281197,0.06415945624059582
1035,0.005180654015670615,-0.068061971426234,-0.11076357898524841,-0.008519412732437238,0.022217508328722404
1036,-0.012598832868539316,-0.10895123147021857,-0.05540538049197405,-0.04424973695182079,0.00345917707573036
1037,0.007202690714180543,-0.07403916807121382,0.0077679766060144715,-0.010140271880532485,0.034441984247185205
1038,-0.0037122484069458564,-0.12258688990680675,-0.13427929214051298,-0.0431088562732882,0.014171716310565371
1039,0.014854792667979348,-0.050608191153023015,-0.02877753497756156,0.004490021226551968,0.018982561727479107
1040,0.013506023122006543,-0.08676990854882673,-0.2443688170987543,-0.002999136344526007,0.025225040042936943
1041,0.02089637700024633,-0.27071677359539986,-0.12033530438799889,0.025482572199578786,0.012534998373584438
1042,-0.040566446574508454,-0.1491564681130953,-0.043756684409523225,-0.018773633586198605,0.04463488624949904
1043,0.020123859184743766,-0.07260074685790163,-0.03586132068279352,-0.011916452720574651,-0.009063698180700665
1044,0.009557043328326322,-0.10038412751265485,-0.04415652420810046,-0.03922925717601597,-0.0184633624856464
1045,-0.00150359383095463,-0.0921973159405404,-0.11473599585600482,-0.023109930984898518,0.04462241524643141
1046,0.03518913774867767,-0.1123647996148456,-0.09267802823707849,-0.02153955484658908,-0.023971448571732022
1047,0.02404675506540974,-0.09027537820875307,0.09587520135135667,-0.009552381767774447,0.004958674239563606
1048,0.05282233272146884,-0.004726186103081589,0.10555217362424109,-0.041608366616679715,-0.001704810251976581
1049,0.02780687614254284,-0.06652802403986022,-0.041482623290574776,-0.007404347892099927,0.015108563056198586
1050,-0.026005457912950246,-0.14305019586406334,-0.04084685967313,-0.05434297295326529,0.03206487241467823
1051,-0.012516321044024484,-0.08032238720599631,0.007651559113140184,-0.036210818547070915,0.035033475513425255
1052,0.011359921280068404,-0.10287693392103138,-0.045214203041041866,-0.0431602563950705,-0.026359015416602963
1053,-0.008056521209483091,-0.06141442296650201,-0.04250516687004423,-0.036281032750833844,-0.03442979970532131
1054,0.018386461770512712,-0.030532573219684694,-0.02647359381167982,-0.029047004670308966,0.05806450575094824
1055,0.0022090823582344445,-0.08776349068638466,-0.1279891884033097,-0.03747943807006921,0.004427445833418154
1056,0.014566164889838874,-0.009074659975239995,-0.028542194475421813,-0.011868783927141625,0.026568294138303073
1057,0.002528633721336987,0.0008403455444785345,-0.12465089500289202,-0.005001729212050375,0.01541807227756159
1058,0.0021499935604789256,-0.022310578537188073,-0.10526257085480363,-0.04360322924921126,0.004035373236844852
1059,0.020684539397769045,-0.013942331495519478,-0.05689149155966991,-0.042997894941983875,-0.0037522056353487183
1060,0.029564249057104714,-0.08016257692483257,-0.004007164945490774,-0.07847391015116505,0.006841154279965557
1061,-0.02597038776053077,-0.12317560289707498,-0.047502362905860636,-0.014806456652136125,-0.017267473598425252
1062,0.027005549807005706,-0.06859621273032855,-0.05545300471464755,-0.05019369354785662,0.014493103821576798
1063,-0.012128982789743966,-0.12544042138062045,-0.12486167076026906,-0.01764228084196021,0.023760691632045222
1064,0.004461289356822353,-0.03438874643156583,0.13821434442847172,0.0036746726032811502,0.01818933607056094
1065,0.013052787406986413,-0.1509252875151974,0.012394264219036853,-0.025347193440103662,0.01129059769538673
1066,-0.04292397370921523,-0.1180616088248667,-0.0792118394451928,0.0015194904111421263,0.03277545850390832
1067,0.04293688243559674,-0.09297174757016424,0.0818282401187821,-0.04616452685839882,0.0062382098597842965
1068,-0.020846236317106637,-0.10336925182442913,0.09392117540649514,-0.021149612288798,0.05834171734692632
1069,0.026651225690559454,-0.01912377597093798,0.14698960321134316,-0.029798416102781434,-0.005989815769569152
1070,0.018287251171388005,-0.10817090011638142,-0.05322483248352751,-0.041683433872783116,0.03593715438587197
1071,0.018434445147003986,0.04657079086701383,-0.017003252099282783,-0.032659491123873056,0.0321822155557133
1072,-0.005940782915430353,0.028638369484332706,-0.050946119542132545,-0.030711624018776494,-0.009680960452349415
1073,0.024511701389735997,-0.1280346011407201,0.05074697082636085,-0.016459768583323663,0.0027225012105082523
1074,-0.006840558723160757,-0.13228146468770813,-0.12031274846600072,-0.027493193052165143,0.07095765175330912
1075,-0.009902621981191493,-0.12397756561818252,-0.05955503363000978,-0.040482839574899045,0.09735498630955956
1076,-0.013672245219773988,-0.06987939156940312,-0.08250619972887105,-0.017357426930240238,0.06226617536818075
1077,0.0001858990497346187,-0.09258072339602844,-0.06734482028625875,-0.034647523860892114,-0.0009217161316000303
1078,0.015344060159854943,-0.11788545189769375,0.009911587925759411,-0.05475541333500464,0.0036205620495620024
1079,0.007904198120561853,-0.07140035217599776,-0.09391746645421116,0.006956306514846942,0.03399780540836328
1080,0.01606912183563573,-0.09091442937925932,0.12912031446459116,-0.004093729594031998,-0.0415136862090108
1081,0.005070119631725067,-0.11608772189332205,-0.11265183085490589,-0.024682441954421926,-0.007518225140886043
1082,0.008851677462079113,-0.07318033835227307,-0.062420145066569184,0.009265713852895317,-0.010924365575834006
1083,0.0021845634656198144,-0.08404080631745196,0.04394714390275755,-0.009318153027785908,0.027596193344304874
1084,0.0039811221095053225,-0.162430698062042,-0.10373607389902231,-0.028677060606496524,0.020138607211810506
1085,0.011164314140644999,-0.07088268077661493,-0.03940059167671052,-0.026837915152445834,0.01728371684393942
1086,0.039854051416206904,-0.13555398999450952,-0.022801433878855484,-0.001571316927593366,0.03020874176136864
1087,0.07621279621248321,-0.1444304874333526,-0.054663345963188906,-0.08258819612754427,0.01788944444735322
1088,0.0867835080479809,-0.13954701279403364,0.0017443621015181307,-0.011240855203022723,0.023009592325238193
1089,0.09008719775943835,-0.054444313795880765,0.04292052209540996,-0.019614142037125915,0.007828187692604207
1090,0.06188948560560466,-0.08409583966781031,-0.12324010788992469,-0.08792947411056896,0.01620203441319196
1091,0.04938070977802283,-0.005678731926420962,0.012122320823064718,-0.01550284123973383,0.009608816833812964
1092,-0.02725486774132856,-0.11960843909820114,0.14556118755798586,0.02527126451808047,-0.02748947384459733
1093,0.01619269877435338,-0.06128034641882197,-0.0379405544999495,-0.0150802675536094,0.03422640510103956
1094,-0.016486458631697072,-0.13287190906710455,-0.12421411573150062,0.029691115586727025,0.011408114414220277
1095,0.010230081511431408,-0.06147176937594981,0.04787685917664037,0.03747851864945934,0.05960941367077421
1096,-0.014061544894070846,-0.08833004913003337,0.009543402203012339,-0.09314844928516168,0.010702048469630287
1097,-0.026264292325002304,-0.17931099224760583,-0.031129165819607348,0.016721369228424446,0.027970418677642286
1098,-0.011732095735179209,-0.2438973892787896,-0.11244938950207088,0.004531992657978247,0.03879406841741918
1099,-0.01355373154101134,-0.0724954963051473,-0.07882615604632653,-0.05760374779944213,0.012357864596927464
1100,-0.02017576338443445,-0.0814847168210713,0.006015912644553061,-0.035043281326604295,0.025708424015361983
1101,-0.019256876142244077,-0.029210304496707334,-0.05170238076980474,-0.05186874656234561,0.03286220892546045
1102,-0.031349451972778226,-0.17271694868019735,-0.05307412716564944,-0.00522438044126431,0.007816186704118148
1103,0.03527150301766793,-0.032372269850363636,0.01641164503610155,-0.05498936675627488,0.03522239008054378
1104,0.02310478746056151,-0.07507544310417906,-0.07786455983182358,-0.023816089403599135,-0.015757795223211076
1105,0.026887168695802734,-0.11504424450097528,-0.01587441371421641,-0.04031872244701009,0.004338984181169386
1106,-0.012833472584803,-0.11851556638247011,-0.10292817685582652,0.001032841879060815,0.049368749637811384
1107,-0.010008372412112368,-0.10073499399285754,-0.11348386937350922,-0.0033426338455519425,0.06422078908355446
1108,-0.03207949386790589,-0.09373378051875034,-0.12048768295345959,-0.04289759654750766,-0.03141895287790743
1109,-0.026089459462695957,-0.16454014747339807,-0.0870201525153105,0.007028510276746835,0.059642987200800496
1110,0.051290555860968215,-0.026027113896149513,-0.0817534349272475,-0.03415686321426403,-0.03451538138730168
1111,0.030043644874045695,-0.14157864647472446,0.042088929721011394,-0.025982083919929285,-0.0005981514220400973
1112,0.012220844399055282,-0.11317612695997728,-0.14811358451232254,-0.05656262252170844,0.03342503916485987
1113,-0.02181638173011214,-0.10598898933725277,-0.0351655287881559,-0.016530918295736503,0.017797433136942768
1114,-0.01635465760776583,-0.04887954471634025,-0.09372789013509546,0.0044811472063739565,0.015036809003171914
1115,0.004808238748039465,-0.1861584740896561,0.008569108620397375,-0.00957220849158306,0.0009025211485062032
1116,-0.0193933586104574,-0.005970569956018886,-0.09696971003533422,-0.0414793940889137,0.014160984743648424
1117,0.010421510945199008,-0.12589958800735912,-0.021629875235818795,-0.026265572506432473,0.033188938639123325
1118,-0.007000311283408231,-0.1456132084392045,-0.012257201237734926,-0.027658233174717224,0.03952269356117446
1119,0.0215750892708376,-0.1496620354852677,-0.05688058356543301,-0.0030477367755098175,0.007931128788977164
1120,0.008905094458888029,-0.11086439721073042,-0.0658151064150235,-0.039011848636311505,0.03433596079931173
1121,0.0002012787096664965,-0.03525656017961839,-0.13015160799320355,-0.0155093606041272,0.005049076974192184
1122,0.03335621503406188,-0.062404231235691755,-0.01927496975816774,0.002274854233199751,0.054441330291849
1123,-0.01878503022626684,-0.12095398268340792,-0.027224802748188167,-0.05809544841854395,-0.014244463832665984
1124,-0.010014357766394592,-0.08271926841717127,-0.09221705705632333,-0.03494369527601659,0.02969046428022918
1125,0.03554547798474469,-0.06314255055305064,-0.18544781581369935,-0.037836665827133346,0.0061365121413599205
1126,0.027010416059302784,-0.07949162709049375,-0.27698931903858326,-0.052854369302515886,0.010752737283470792
1127,0.002255808749666801,-0.15059615049200353,0.07702450526674108,-0.03741534131731058,0.04955019694701272
1128,0.04537644846088482,-0.10572701245988379,-0.039076558344233556,-0.011796740870433805,0.028981936418899703
1129,-0.028968814419433532,0.0086157195059363,-0.03360961013336942,-0.051902144352384105,0.010911365985079384
1130,0.045495196188536556,-0.05097366281301234,0.03399507456544418,0.004397643515929078,0.004669877772945176
1131,0.03840269357268721,-0.11238122823069607,0.06792329388678069,-0.01807147619648253,-0.004939141214323987
1132,0.023754445039110984,-0.10269819263654706,-0.027858581176021687,-0.04828323306548993,0.013879652446983705
1133,0.009696647349383919,-0.09112971254359926,-0.021151343874099685,-0.047350278113518746,0.004550931914839026
1134,0.018300752878395513,-0.083437119880826,0.01585757271750037,-0.00977987433761414,0.040614659394613936
1135,-0.008017746765149481,-0.008685308141257841,0.006284928451687336,-0.0484043759273165,-0.0019858485677342855
1136,0.05356842125567979,-0.09135164401738542,-0.020817844567800635,0.005946782577260192,0.054377393054267
1137,-0.02294296577396697,-0.13499215988716018,-0.061223418370602516,-0.02681471525253537,0.0026892159776712647
1138,-0.007792851873221157,-0.09581709524835447,-0.04988621648263953,-0.008376759988322983,-0.014318696324327272
1139,0.0186469967531397,-0.13243285365468568,0.21709622161861897,0.005334234188139207,0.06828209182403827
1140,-0.012411416689962153,-0.0792083309516498,-0.13010248291458676,-0.061265784943741096,-0.0028251095272075555
1141,-0.008348642103984606,-0.030725272763225897,0.006344447989049013,-0.035598462725913806,0.03464918405609338
1142,0.008273520138088528,-0.16568358566464855,0.16776745717828528,-0.02890458443144051,-0.01534573840148733
1143,-0.0037876613500807533,-0.1493272680313149,0.050059112017436215,-0.044993335924546685,-0.014550418767115889
1144,0.01315532872562363,-0.06058423378251303,-0.11306191821101551,-0.008908107836582965,-0.01212764246154894
1145,0.009866391790846777,-0.14743215971601836,0.024855887751308845,-0.04821715732331485,0.027084088821206654
1146,0.004088102747362678,-0.17440379203937917,-0.11135108685668561,-0.034749612669519786,0.0013835747397369163
1147,-0.0005377413495961483,-0.08090360598983928,-0.0014257815300123009,-0.06694671185174138,0.04681123036781665
1148,-0.034343279992899746,-0.0684520895858705,-0.12624966319363704,-0.030472846231256224,-0.013619949357572611
1149,-0.029533578220786057,-0.06574957564019848,-0.1014827895791342,0.004281029346444397,-0.0015168840399961917
1150,0.02914924998134149,-0.059561040112251294,-0.026220765681420722,-0.08053930310330673,-0.0015410076576421222
1151,0.02103310104825302,-0.1335287058610548,-0.12614134316324163,0.005777558364850862,0.018227095672006956
1152,0.026400948379809025,-0.08820420266509085,-0.28542715805160124,-0.05575487462774453,-0.0028773761546497067
1153,-0.015378608375593123,-0.1019374836931941,-0.21759618101977632,0.009566982589560007,0.0409943467326297
1154,0.01887084612571208,-0.08015502122417259,0.023291267554279363,-0.07514899473674827,-0.002132870649082533
1155,0.0015973344738863986,-0.08470843140713231,-0.06537641778855471,-0.00948032829794376,0.0254535485248963
1156,0.019037639359685072,-0.12150442206094524,-0.13477042248544582,-0.043712670760042274,0.05744444205734235
1157,-0.01912247273746293,-0.15250558376404616,-0.1877216702980872,0.012404020523341417,-0.012959603329989066
1158,-0.027773948756542693,-0.08328263744178332,-0.23289910352830973,-0.023531493638726825,0.03686664485645795
1159,-0.0039790272610900805,-0.10521653276747231,-0.07640929048704541,-0.0279030898278253,0.00424572316684454
1160,-0.014093352271335154,-0.06486804152346679,0.07713657143382435,-0.04496133965268811,0.05081704298111905
1161,0.031182375910086168,-0.09199471855805523,-0.024456538613641852,-0.010825453172799336,-0.0010561372715197986
1162,0.004930789966304554,-0.09933958306411307,-0.03681325928452122,-0.010859996602278611,-0.02365314918902205
1163,0.007312120750111395,-0.13201770983416966,-0.07675607002961293,-0.009215384425199872,0.042148611359059784
1164,0.014512728824218469,-0.08949990108170938,-0.10028888486898235,-0.04392521177795991,-0.0005790539017029313
1165,0.019791111894401456,-0.11404397180562399,0.09960124422451615,0.03685026107750378,0.0277812263916547
1166,0.01219206297417822,-0.07323647132486759,0.0651770693174534,-0.05805655562002717,0.008200121058686791
1167,0.005930101838140134,-0.03853515168606661,-0.13586480697720812,-0.01613463592944651,0.003759368245570746
1168,-0.004980026882596676,-0.20021635364859836,-0.03548086457257273,-0.03619432453160166,0.031723245947049734
1169,-0.016336060741085862,-0.09781304659779032,-0.19169098369742857,-0.04084203610039716,0.005718312191440036
1170,0.020159427073682026,-0.15776311013055783,-0.03568904090739069,-0.0074465919418448745,-0.0032581789418655418
1171,-0.027520371585379115,-0.21315423589907515,0.15132625234030184,-0.05230437586488338,0.013621896001105563
1172,-0.02562701486138118,-0.07148742397473158,0.15298203640620323,-0.002476830723300472,0.0384717076186431
1173,0.010392314887296349,-0.04937937939663591,-0.07532240698109177,-0.04382298901785166,0.009908666999165618
1174,0.004953041333090075,-0.04550483394031922,0.008284014379032124,-0.02821924346500614,0.02275407024474011
1175,0.0007736268463309901,-0.01782404016289248,-0.0017766108864185088,-0.04303507133452319,0.023704319584498514
1176,0.06151803129725712,-0.10994834888868138,0.10996430173485369,0.0202353083416048,0.039011240559055964
1177,0.05168961125261822,-0.07251618004642944,0.10973564084000183,0.007802982609922163,0.04934056341977588
1178,-0.03254342435556044,-0.07848516772400853,0.09697833533208573,-0.07520426206987617,-0.0068034600453367984
1179,-0.015194560580334474,-0.12571070336128473,0.09422643782828549,-0.04286992575228307,0.01600188571538839
1180,0.02792225961736332,-0.07877192150278546,-0.09616518040358853,-0.004393451164166479,0.028006219859961354
1181,0.005812828645639734,-0.17107833138128173,-0.01589046850081933,-0.04637411583739071,0.007399509869897609
1182,0.0022926924563056476,-0.09320417091765748,0.09825067627366756,-0.04343450535031106,-0.0051890150419029914
1183,0.016587180481987266,-0.13636722492790943,-0.041421796623410806,-0.04582245435255657,-0.024030142999069436
1184,0.01634276158089136,-0.008062603949032155,-0.03696889102792147,-0.051370521336161525,-0.010279717479744415
1185,0.06043204636667224,-0.03892173165447229,-0.09217778958747481,-0.018157334575573874,-0.037600537272869036
1186,-0.012514243959465831,-0.1665717254013455,0.009384552880969288,-0.008209296592418803,0.046110193677428114
1187,0.038513939640396906,-0.05728929969956714,-0.05291029552383799,-0.015789976835398848,0.013835684858790684
1188,0.033878621650014526,-0.09161746927446442,-0.01953581779268136,-0.03865756739103563,0.025249318041992617
1189,0.04039812419630299,-0.16696513582290085,0.0814472782435753,-0.01554795582791283,0.007982245825828644
1190,-0.033990359292858485,-0.07373735258249758,-0.05978944928691371,-0.016432824270159633,0.024425751602218868
1191,-0.0216916570260669,-0.0958015240503555,0.05462420807156648,-0.03072860736550666,0.006163725818553312
1192,-0.011516783985053045,-0.0794292430534223,-0.04493787528746981,-0.017737281506573208,0.01823033815400512
1193,0.013517147483548547,-0.043377438617148996,-0.03474968898777554,-0.04758377095518406,0.03181112930286383
1194,-0.00139223282184507,-0.1502492786715079,0.056832281181229655,0.003555605491769881,0.04344547313275002
1195,0.0021500737304364177,-0.11610539257166237,-0.0916729085643652,-0.06037423851165971,0.011909092796545392
1196,-0.01394797538164063,-0.07671359129607136,-0.06212599665709791,-0.02162872713408559,0.019816803124618768
1197,0.01916743687846495,-0.17748259796329188,-0.01998931175615195,-0.02379549409413693,-0.004439326124868369
1198,-0.02580399053073727,-0.08900895200703571,-0.14965221808118961,-0.022004278697189603,0.013880069600596448
1199,-0.028079879659662244,-0.07574585925270981,-0.11602911411356909,-0.043422374131459995,0.07037266888169348
1200,0.060668068182499105,-0.09352389799639982,-0.0649601893080232,0.003686822476901589,0.07500990309794954
1201,0.052776921693681714,-0.10915896632423391,-0.04202983423876284,-0.006400943343211417,0.05502767910545566
1202,-0.01985275403074789,-0.056757617730349035,-0.07856066652908732,-0.038392364421489286,0.0439318417922178
1203,-0.01886510013914547,-0.0471850814054244,-0.07300039327748381,-0.03971890247023639,0.044568292614175734
1204,0.025292718774848337,-0.11085338234153273,-0.06189512716236498,-0.01227945169201092,-0.0071277557933769895
1205,0.034970658771710274,-0.008535893095425066,-0.06991932066757647,0.009235019336409876,0.015299636819218743
1206,-0.013406590664779477,-0.1013505919539343,-0.022747525488671337,-0.050293427220966566,0.016369066966263026
1207,0.004788135842350949,-0.11745882506981324,-0.06696093611511349,-0.011178854376562504,0.02130244947439292
1208,-0.0007229828390184397,-0.11165310130195608,-0.07966487073400125,-0.011561071792708393,0.022560618883801117
1209,0.01997967747283204,-0.07262698289688058,-0.1761107152622351,-0.023539104579980628,0.024042503151157035
1210,-0.008010058014373392,-0.15544419583078994,0.006745064052503144,-0.06585530702135699,0.013654016328282175
1211,0.006621525011445807,-0.07124914151214073,-0.17515583988959368,0.019609843979745453,0.03272078724689607
1212,0.001882280451571759,-0.10556445876620013,0.011712507027025091,-0.03835604920932856,0.010873763414566468
1213,0.01387818284625569,-0.1062689530921749,-0.12756327703489115,-0.016366227445961275,-0.018958223054394267
1214,-0.006139193444297079,-0.14530390046039565,-0.1056288612149922,-0.07607181147771708,0.06008246023591462
1215,0.03343070319234139,-0.11460748258571517,-0.09345297007548155,-0.020342353037421747,-0.0202473107442793
1216,-0.046891451845160394,-0.10280081012421553,-0.1012286448244413,-0.03659219016967432,0.05919743891905352
1217,-0.0029460455550527048,-0.12703579951047006,-0.05101131723787496,-0.03274139591395454,-0.014308409720214918
1218,0.0016720360103648832,-0.00418903120670419,-0.0526790952127657,-0.024490470037277536,0.0402785468289662
1219,-0.00800412934332057,-0.1680930266029322,-0.037689573523993304,0.012232037988005146,-0.002150307299310511
1220,0.005138551241017284,-0.29044040040682895,-0.07115258835703901,-0.06040105769584656,0.035431728195656285
1221,0.01816156571879994,-0.33910229595555896,-0.14320803883351577,-0.03587023856235602,0.057171109274821816
1222,0.028504326658406184,-0.07294180659799494,-0.036195742345934874,-0.014662164745433633,-0.0004547706963823271
1223,-0.023925347009519225,-0.07236188773590288,-0.2387429745960339,-0.06639664512947858,0.037675412825815706
1224,-0.02426088543267731,-0.1414474694234166,-0.11490862887668563,-0.01590710359966411,0.014313406444466145
1225,-0.014032760351204536,-0.04653734353681366,-0.14416716219115347,-0.03283987622477842,0.011132593833391553
1226,-0.02269436774296464,-0.10849035479772783,-0.1447621177975374,-0.06321535921029824,0.05064904741560166
1227,0.03394173638044568,-0.08662051735884742,-0.04382781048536087,0.016064817503849634,0.004387999251069672
1228,0.012974663387736788,-0.07961058525910766,-0.11170911335355821,-0.029529476729716363,0.04466260601318038
1229,-0.026380948306095928,-0.0880926481606991,0.06845225436679239,-0.005958245244425481,-0.011136793568178153
1230,-0.021843107339951793,-0.09998380660303029,0.010099004607477334,-0.015140837738975711,-0.0018428561920159636
1231,0.026873445766537857,-0.09788376075778801,-0.07171136202691403,-0.05642401913720191,0.04078518893589531
1232,0.007061475514427051,-0.3424909776781519,-0.051628190315649795,-0.04268069854730089,0.01176313141252634
1233,0.0007116041183690032,-0.03426463542063065,-0.1344787947061659,0.038618618560540316,0.024595617887730865
1234,0.014012865732813878,-0.14125201935575196,-0.29928147759797613,-0.0471068666581704,0.0022772959248117926
1235,-0.019192609896559444,-0.08227927286477223,0.007230074363824378,-0.039646347746710144,0.02253866137583046
1236,0.02402400441978662,-0.003682931029780555,-0.060027756332263774,-0.01313888593158715,0.026785033249878635
1237,-0.030747978203280204,-0.09133637344184482,-0.08994694645277694,-0.02213223305300507,0.013575992362465362
1238,0.019247221224247827,-0.06300752661126618,0.042017025995088456,-0.06436080298995829,0.018318228456727606
1239,0.00459122645932218,-0.0957621559895337,-0.05586929222943721,0.009664467301999265,0.02111260806458118
1240,-0.02457957119743785,-0.08315119070534925,-0.08253084957464682,-0.040279826817235576,0.023029212703638575
1241,0.02065245326525386,-0.07556642582264692,-0.06457257984529657,-0.04707370565550751,0.004444385778389623
1242,0.022290386292427737,-0.1027566284398721,-0.12677518857941186,-0.0676413592432936,0.031563334238923046
1243,-0.008012627951235385,-0.12722600919625893,-0.06673882853614636,-0.05587340246777244,0.02187529648487137
1244,-0.009310178579497074,-0.03060517668728403,-0.003622131021444177,-0.0414944901066572,-0.0022297504270239713
1245,-0.02155394223610153,-0.15266752605780878,-0.08587862409300724,-0.0185593308050662,-0.018852739346588637
1246,0.022390027840571747,-0.05688242681388673,-0.03658106679366126,-0.03427171333178219,0.04686687455765259
1247,-0.01485629037325738,-0.023819536876566433,-0.07813302890649787,-0.021522726249673153,-0.010254325114465264
1248,-0.005694304122150704,-0.05398750149535258,-0.02332138088276191,-0.002212278994715294,0.019835739001675918
1249,0.02617880577868576,-0.0367528815720453,0.03022663346345061,-0.04586918345839106,0.04621791174943975
1250,0.014284898826416264,-0.13224659489830523,-0.001952781259561711,0.0010343808070026933,0.023015235580531236
1251,0.0049487598454462725,-0.11935636017004815,-0.040291430683055594,-0.01647794554146099,0.01550174135570151
1252,0.006373843296402478,-0.08455763548633163,-0.18063441287771628,-0.01664205824314558,0.05074589704523164
1253,0.015377860037148612,-0.11623206426899,-0.11104361519094723,-0.0594890070934924,0.01883567465559065
1254,0.03172577234586263,-0.10490914814633964,-0.04833961817340707,-0.010166083367239207,0.050378651828258264
1255,-0.01132064603702652,-0.0779503467963962,0.28500560596379215,-0.017540304640234303,-0.01607331154355561
1256,0.02429537238365615,-0.10361359376107127,0.015703412738601732,-0.026099945616359147,0.027134371510040774
1257,-0.023080206828746813,-0.1037634657492662,-0.15236884651899393,-0.06205392541177576,0.008795139573130767
1258,0.05078478552012499,-0.09834762066207406,-0.004700052635670753,-0.02328049856043449,0.031152469520983318
1259,-0.025296880734112723,-0.06288484512669686,-0.11444498799903176,-0.04064744374894341,0.0283054469997556
1260,0.014352972049398546,-0.1164873950992016,0.33068672343827293,0.01333674359010452,0.007731388071524446
1261,0.04502408998037197,-0.10520113790966229,-0.008641733965613256,-0.014279168884108382,0.01977940850987064
1262,0.08102170904077316,-0.09576044426301107,-0.03702433331619451,-0.03781542200017308,0.03278244693026631
1263,0.06327858964702462,-0.14229727743627746,-0.04311052101935473,-0.037741555443386754,0.03827665037492731
1264,0.009189223478330379,-0.1556405068113134,-0.05481046739747367,-0.02661439087782666,0.0029635657675913013
1265,0.025566739644292145,-0.19370153814091035,-0.13453446117548487,-0.03396900428381737,0.008967212458704908
1266,0.01516205006380628,-0.1565706833382344,0.01958824868859318,-0.01171074056213552,0.0035285931803372816
1267,0.003664132178076031,-0.12505745591779993,-0.1626908977668618,0.007796454724921532,0.01839586217946657
1268,-0.004761070567574617,-0.059535417031162705,-0.15260296867630557,-0.0008048955784422391,0.0153211066334378
1269,-0.015638931141003863,-0.10441856005120641,-0.11791938674853089,-0.03957944400800511,-0.028141738258624083
1270,0.0015250633418427834,-0.09524824591166295,-0.09850723770383918,-0.025660927362523074,0.06843051385073746
1271,-0.013952232982205928,-0.1634729997935148,-0.07606534927070371,-0.024228007013627952,0.038785556946614536
1272,0.0383741403450389,-0.11753230221962198,-0.0663468297495138,-0.053710140104137036,-0.0031604746216293304
1273,0.015471734927433055,-0.3104991870506678,-0.019894580867708102,-0.01955796675962621,-0.024002743885080082
1274,0.013116642180469481,-0.18515869433291166,0.004228360127285158,-0.017945634922617623,0.0095580027953935
1275,0.013698191254789294,-0.058246334563869795,0.057336196301045465,-0.021499917462752,0.027784398991533146
1276,-0.012939181914026302,-0.07618244305435011,0.0781726469916193,-0.03423941123093056,0.02402813732357651
1277,0.03079675684100402,-0.11174629108608669,-0.08983960536158722,-0.02403498645699747,0.01957647208195449
1278,-0.01017476637836568,-0.138810557117398,0.00842278993614964,-0.03963515877121355,0.0026838500592601443
1279,0.027209424052132353,-0.13061780459661568,-0.041572661991964494,-0.001194988849651175,0.04065333892326945
1280,-0.015699818839744837,-0.22307010181597373,0.04239916667193202,-0.03280337527628311,0.015232148285882369
1281,-0.008392178185179497,-0.12847373436905873,-0.07505238814042632,-0.04141331163055198,0.006532045050381412
1282,0.026207229826900883,0.0064725669908138545,-0.09596709858996047,0.01717791425834922,0.040077425740419136
1283,-0.010028676447824906,-0.10229466415838634,-0.05465347426223014,-0.03563531092942658,0.018931814225910643
1284,0.0024060769855858543,0.062350249505566856,0.04572637600453514,-0.028449685145357114,0.05318526991015855
1285,0.03291126610493197,-0.1248402461419356,-0.09374404112211153,-0.028147990784424787,0.010055922482295487
1286,0.015028924173444503,-0.06784330906068498,-0.053030374613017656,-0.015849087251431804,0.006671505650857739
1287,-0.0022340163109261946,-0.03163357491836122,-0.03139503090175866,-0.04356850565587728,0.014543033493470154
1288,0.033315766794506756,-0.044747915016756276,-0.11088464522487972,-0.01354531698872266,0.0013872622820968535
1289,-0.008239683875792585,-0.05025089709389884,0.07928396827811347,-0.01889358567114238,0.019743346533818047
1290,-0.01064266029086562,-0.07250856407270655,-0.00311829186802392,-0.04444558420702958,0.016677399971164988
1291,0.014604358120738872,-0.11550600601868623,-0.14320352654874968,-0.00500925875869315,0.021786387612461888
1292,-0.025442975651953192,-0.04965342590848563,-0.11465027636082054,-0.04182906844215083,0.023711830992066946
1293,0.015237398436816397,-0.16250055689189502,-0.04485690488309944,-0.028653372292459737,0.03177002714877514
1294,0.016626800999557646,-0.1344141703823914,-0.13637876512236433,-0.06344334524140113,-0.022349752961973193
1295,-0.0007907252512607015,-0.02257975796954488,-0.0917666221714074,-0.00637342967905036,0.0546799861829574
1296,0.009696126856141438,-0.04652786655977205,-0.10158110622358511,-0.015098385721500428,0.050065836542853216
1297,0.004055985181072975,-0.058552049651372375,-0.04723376301138933,-0.053506687519714255,0.0015873964514039958
1298,0.027415680247201958,-0.16204004938742003,-0.13970418753866828,-0.0168896259300532,0.04538551754498098
1299,0.019277008483297033,-0.07964311573025677,-0.07623433231924702,-0.11300974007478307,0.049276591279750516
1300,0.0038010366835190164,-0.10143643632831616,-0.020741151768069815,0.01854396629646627,-0.0019171111315400306
1301,0.022045836472657898,-0.02265509170480898,-0.11206004392858246,-0.06573698247534401,0.04393464518719561
1302,0.007187097113339761,-0.06404260274456086,-0.03238887306044017,-0.020707384920001973,0.015771955096771914
1303,0.018471693346596988,-0.05438145027674811,-0.0916624733501044,-0.040878562012316697,0.03514081382546131
1304,0.02214304073235388,-0.10607283577532496,-0.11190020258570425,-0.034965843572596855,0.013619991138979442
1305,0.028279061073050768,-0.08792090229793567,-0.09120404484696742,-0.03454470523086164,0.04155085705588786
1306,-0.03456339797822693,-0.08426330067250458,-0.030494868829852462,-0.03168986070499004,0.014825104831709918
1307,0.04875779468435812,-0.14409247746790035,-0.10976752880214424,-0.036873548453657805,0.02944713057215478
1308,-0.026394242366121257,-0.09800071358104549,0.003198457778267519,-0.015049473346570686,0.013866465783211263
1309,-0.0011514273724414056,-0.11533980687930084,-0.03800678285857917,0.052480644454948024,0.030058511387787087
1310,0.002901441547323086,-0.1014164917112409,-0.0908529553460561,-0.026494732400785113,0.009259844000696125
1311,0.016970164353323637,-0.07918270967549283,-0.19336454849621282,-0.029343058977202848,0.05532130882789402
1312,0.038487254119617884,-0.2132263870647278,-0.1270298271735395,-0.04148041044537932,0.036938893214186655
1313,-0.008767400108202468,-0.10996189183199616,-0.03190791538529701,-0.019071877086328723,0.01740843007329974
1314,-0.0017043575957659716,-0.09984988235522146,-0.0776151143147486,-0.03110209824850066,-0.05172723781894183
1315,0.0011174217820821778,-0.07026143724153112,-0.07649879789653699,-0.04934416206381023,-0.05264918156435104
1316,0.020380036066828817,-0.19856882510198295,-0.032642877030463015,-0.015741190298987778,0.02403913299845933
1317,-0.020195770243117896,-0.1460044788028042,-0.024051660147075476,-0.04962615862538043,-0.01353370662404316
1318,-0.000847253100845223,-0.034252074619682736,-0.16789596903879894,-0.030951261882150215,0.0210559035372893
1319,0.004853119684253553,-0.07468096916714553,-0.04095711978889254,-0.0012831415823618489,0.030621648271085884
1320,0.0054197721970267775,-0.12803567820033285,-0.10006995354973053,-0.0005674445243662653,0.04196996409770429
1321,0.0023255611923704857,-0.08971631642486938,-0.07641419692598363,-0.006243631861568693,0.008703300514337577
1322,-0.013105391984773168,-0.15630441703373768,0.035337162500968924,-0.0382540935885799,0.05479985380247238
1323,-0.03178707091705628,-0.04238113073002267,0.02933255214721282,-0.007758870956566698,0.03394683303222283
1324,0.025528493862260315,-0.16129822246829736,-0.12866328003668223,-0.029314837411695358,0.022223335510850692
1325,0.039097208290456736,-0.07099494159114826,-0.07684779459947103,-0.0376538119009099,0.01951149774608427
1326,0.025843488462154514,-0.03754109485092342,-0.06742376559643128,-0.009177328287865605,0.04609042462536905
1327,-0.008596061373560983,-0.08277028092886737,-0.16543906378076972,-0.024831149225016867,0.0016368605991469605
1328,0.017214228603798638,-0.06959594948077805,-0.02412030660314919,-0.05576133746880931,0.04289678942661642
1329,-0.002765446503928911,-0.08563692563646225,-0.16024880221155427,-0.029619557301224144,-0.0063036958583070615
1330,-3.091539799555808e-05,-0.06804950890590353,-0.11710499831334133,-0.027491404703736348,0.022581891207952207
1331,0.00371556030608217,-0.1607647660926074,-0.11042311354074741,-0.011864608597275266,-0.019329702744646383
1332,0.016743859902634762,-0.1414984564964558,-0.005276663124186594,-0.04427307931484701,0.013873748131571943
1333,0.0132572061680341,-0.025613651066491102,-0.005940705335369728,-0.01178256452786721,0.02210288351002832
1334,-0.030506248000696536,-0.07176326280685917,0.005595772665319529,0.008875193423772576,-0.0026789969997894182
1335,0.019557577378779244,-0.05845998471677975,-0.03742244555091767,-0.00013581417591840248,0.03340830601902371
1336,-0.006775631776728555,-0.08545754365590326,-0.07371547356496261,-0.014577522741050916,0.0015147221437827414
1337,-0.004248880850522544,-0.12020439600488017,0.0028797264022266907,0.012242051351284283,0.009617237286114945
1338,-0.026250970072708185,-0.06341702367725126,-0.11288755768087654,-0.04245428834644494,-0.008883456454823498
1339,-0.00194994843357107,-0.05332030158995009,-0.0764418501498381,-0.0139794020761376,0.022861991417877134
1340,0.02149393040493673,-0.1157403359306656,-0.03938670458478397,-0.04057523954260589,0.018027024772106433
1341,-0.03953743683767982,0.007392225288601975,-0.012096466193538716,-0.020561580171561712,-0.001962228003634435
1342,0.007471610239005099,-0.12868261739065318,-0.13534426535362806,-0.05210778502122943,0.02757402321734054
1343,0.02502143262467066,-0.16292832169496438,-0.03836855929995819,-0.02218861439772767,0.031918277526325006
1344,-0.0013112793011950826,-0.08538564133183642,0.0051685102490089735,-0.04596742886123527,-0.0038744632645873905
1345,0.0009350043897577557,-0.1075728590050997,-0.08358300664236976,-0.049363832561233445,0.012606693976359383
1346,0.004314337782076674,-0.05987973816880863,-0.0772264936465816,-0.050949041510063166,0.019509586630605685
1347,-0.02064626240495178,-0.1564586183264166,-0.078177967544179,-0.027359186907733177,0.0411809128594101
1348,0.015272589899338279,-0.07967634779134018,0.05988425679817453,-0.02111466619955478,-0.005856851586311717
1349,-0.02803647476034697,-0.2210303266629139,-0.06030892775645969,-0.01114050942416338,0.0384381172614506
1350,0.02490453162660443,-0.11042558716169798,-0.11917796892963597,-0.039789293310797856,0.003658664788904627
1351,0.02597837077260828,-0.11012233673234352,-0.11855335255455406,-0.04495059151599681,0.02259303077242478
1352,0.003980468186453648,-0.07268562523236494,-0.07002829594216863,-0.031909246038477605,-0.013142166098440256
1353,0.02079288909625163,-0.08233666035828469,-0.05554990021195498,-0.07282825630740188,0.04395851174766091
1354,0.01989886512311488,-0.13467776422016287,-0.06184270036722876,-0.023338351142114914,0.004443155564262884
1355,0.014529970821413928,-0.07504909668027802,-0.01922301710265299,0.007508774613351141,0.034589283136749326
1356,0.010363660082112069,-0.017173534377130838,-0.08363955112877552,-0.04160130586816253,0.019292676109002663
1357,0.03168995335109276,-0.09374133703840247,-0.11008798194843261,-0.030054512023833878,0.03905314083092037
1358,0.007577848734024532,-0.06724356756021625,-0.008355975912781375,-0.07529253294561697,-0.00228495654996551
1359,-0.006539718903291757,-0.10287671462129916,-0.08086303085419291,-0.03550747196612655,0.0571647337357769
1360,0.014965110803009633,-0.10363751300331375,-0.0640880507646452,-0.022860020492515853,0.08214272622642467
1361,0.009747228261191582,-0.10056222929555846,-0.02837627880128904,-0.034698484406367816,-0.006567904209162963
1362,0.021523972459255372,-0.270882313384208,-0.07821876473367081,-0.01020740786458792,0.025653064145433793
1363,-0.0021631353359971646,-0.1593245727437472,-0.0271732530452506,-0.0565110155487983,0.00907444983992388
1364,-0.0033554159839032107,-0.14988389717201409,-0.032914251471005594,-0.0572095662183731,0.009459372005546194
1365,0.012149217092549347,-0.15386122805649866,-0.07439544046922317,-0.012633962284939649,0.051765767884391606
1366,0.007059918372587543,-0.041694163454871896,-0.08674953439269817,-0.03822385786559215,-0.03415468485722369
1367,0.010147358466739458,-0.11682986498082178,-0.1489956953698866,-0.03698343045854138,-0.0015546978721621692
1368,0.0199430205576995,-0.12891311286004853,0.01766844720601778,-0.035370896144400275,0.03238185477189339
1369,0.0026308720179086006,-0.06367587935123359,-0.013291947080948434,-0.05744259995474251,0.03711071293520346
1370,0.010672874455436306,-0.10090079941396905,-0.04187216448881025,-0.05057862869770932,0.03633667078347539
1371,0.0030870214556959837,-0.09069710408823375,-0.07343590038084713,-0.016203565275800375,-0.04128822177290674
1372,0.007767169104830798,-0.09817751352367808,-0.09466501228313175,-0.010105741565970083,-0.03419119409542779
1373,-0.0002809946990261148,-0.10332577024759312,-0.02999040371146221,-0.05337834127481975,0.07108931457204977
1374,-0.024119081252855914,-0.0752227601555105,0.003844846691150767,-0.04372204804058238,0.07988647583852954
1375,0.015462322986483666,-0.06604052102192369,-0.023938114681363483,-0.022397459509521163,0.007589269139251864
1376,-0.008869460505811779,-0.050001146134617466,0.10007516722398195,-0.019280369095715646,0.013286381588473199
1377,0.007399464610711574,-0.028921888400033156,0.009251935497862908,-0.042151878243488455,0.0521955599824094
1378,0.03680909690936103,0.0019887953321836606,-0.025049321045840043,0.00021810753804935132,0.008160882379848364
1379,-0.057749409725181645,-0.348828325868907,-0.10601872275618397,0.004294757861026932,0.005436653396699276
1380,0.024282283447597905,-0.09176244325095025,-0.11141430334059846,-0.009091599310784924,0.013468615132156596
1381,0.005746809836715179,-0.07975099249479962,-0.03726853423027684,-0.03710462764896897,0.034375585338775085
1382,0.009072310976569634,-0.17089765962499662,0.010782954150994811,-0.017318753672810758,-0.004089777763108006
1383,-0.020858075889561623,-0.12525042765023928,-0.21459784616760375,-0.030089773276184575,0.01548691419614431
1384,0.030518785105799685,-0.12169396332725778,-0.32017609311500905,-0.014771206520606758,0.039757105202384145
1385,0.03306018491773278,-0.056643505807747026,0.013037468491159122,0.004718406620021135,0.03535307432013757
1386,-0.03338250786575547,-0.06146863473802056,0.015435450057320894,-0.029784840671870188,0.02288782776263532
1387,0.048316470899211705,-0.0612223443616528,0.016154338156518084,-0.027538127096554475,0.013811460962116712
1388,-0.007023295025738927,-0.10298523293796241,-0.06334330110074315,-0.029408476181521946,0.009598477703306072
1389,0.03810282780990528,-0.06552934992560826,-0.027318184825174084,-0.03551975373770524,0.027075065989477367
1390,-0.03169738395660902,-0.1487277197898679,-0.08920803270959177,-0.031895672913604595,0.04203905571984822
1391,0.05373441428175628,-0.12647961145485967,-0.07681017112238564,-0.016729728902519794,-0.005650412121231429
1392,-0.004557727570576063,-0.06812571779244028,-0.03128961109741632,0.016229565261218295,0.03202838975151189
1393,0.030562326248496276,-0.06565467350522222,0.02878630589552844,-0.07268687960410013,0.007216098960405962
1394,0.03149165932341981,-0.06724220047047094,0.04280208613642762,-0.07413541262176016,0.006237319495913453
1395,0.030402584959183188,-0.018812765865284138,0.014161858085391136,-0.0623903717813508,-0.006960394518068782
1396,-0.003930821360418432,0.04432730222209873,-0.022285651490655384,0.06765378889481077,0.05750868493638936
1397,0.05985677340717524,-0.10898789167187226,-0.04656145616076942,-0.06793848167907168,0.018209358756549776
1398,0.046435595383503094,-0.11031941428222625,-0.052073009114952135,-0.083792405608394,0.012648711356311237
1399,0.05907038269688783,-0.22363520349984856,-0.11098486509796122,0.021180134112079568,0.03833023515774954
1400,0.02665431332699751,-0.20908440100318185,0.023906935305857635,-0.015746676661410185,0.031267195092272236
1401,-0.01948238381457883,0.004908741794781103,-0.019398631277149792,0.007453233526015194,0.021161413395675968
1402,0.029428505784032083,-0.1531891693700746,-0.03464834520813384,-0.02224482830819341,0.018808880980519735
1403,-0.015932528095593756,0.002171405999975618,-0.20924248944947066,-0.02230185451393612,0.02348675409877551
1404,0.005723596297022153,-0.07114229594328324,-0.0761567556885488,-0.01745927931472817,-0.012303283793041384
1405,-0.015807877286072317,-0.1611201916888009,-0.0027385461919866797,0.028701955242225505,-0.0033054595294721057
1406,0.047888634025761295,-0.013094832743153059,-0.0744436286272881,-0.03631854842789335,0.04950015977453456
1407,-0.012071077184584746,-0.055471858021558886,-0.033444308176435775,-0.019783387856242774,-0.007734037157522463
1408,-0.0002675972214105555,-0.14501025397748107,-0.07478797099212318,-0.005338428006629607,-0.03581294455494898
1409,0.014832891838462956,-0.12071596103245272,-0.14782816370338528,0.0015379499246845252,-0.0033139334583330115
1410,0.004064672222143241,-0.05784251940828351,-0.04120442521792938,-0.07397865649538005,0.01833951827912313
1411,0.003777296984382614,-0.0765700446091708,-0.03560838655930608,-0.023957765872930012,0.03152495712314901
1412,0.01079722970824062,-0.1301604599881053,-0.046281501341943684,-0.0347602726504835,0.0022899124056152335
1413,-0.0009292342911175151,0.03179319057487979,-0.007829176603056348,-0.00895607223051997,0.03896301669574504
1414,0.002435461774939508,0.018796173239995495,0.013613412624051345,-0.03522115404144065,0.03733931114982361
1415,-0.001040542420487806,-0.22454024079471055,-0.1141431048820941,0.008622231236170043,0.00935319696955795
1416,-0.0017314763817156,-0.10055854300487681,0.04285383273169383,-0.04421414504903396,0.03113460205321067
1417,-0.002367319568602383,-0.0994861722650317,0.015053754841967042,-0.045603367577665276,0.025590403548009864
1418,0.04089548152716478,-0.175215069418195,0.07727095988649456,-0.02591063064979103,0.029931374011902056
1419,0.01592991001805993,-0.19551062082648224,0.015532618880346682,-0.047358117544372545,0.0010886046010859225
1420,-0.011808864282418187,-0.05149966975271207,-0.0022847698252053197,-0.0377982119650767,0.042921846721412284
1421,0.03321412496818648,-0.041859239578810874,-0.08747197353234562,-0.02976397793055341,-0.03080857158425035
1422,-0.002981974699261127,-0.2857070516011202,-0.17297009876208141,-0.03231694005622773,0.012038955723614115
1423,-0.019219034700485235,-0.13311015394010225,-0.030118044457070975,-0.04195259497972642,0.01866125955471776
1424,-0.007340867486741464,-0.1634787009863082,-0.13263257157022174,-0.05715206382464485,0.039686495849870385
1425,-0.007759370675086132,-0.1193600841929747,-0.18914798054270052,-0.06544012780171038,0.05294010576012424
1426,0.01887755161765161,-0.07979576938778393,-0.11873857072255194,-0.020287148953645664,0.00011546568564380522
1427,-0.006161831946202708,-0.0844871070940877,0.006880628374654539,-0.01589246523056074,0.03656151931374207
1428,-0.033680310633181006,-0.08906230994371125,0.029784654414157546,-0.0009799870411982012,0.00860537456790024
1429,-0.04708011801811563,-0.08857896660237875,0.15213069076000799,-0.022338307467139374,-0.001630858662589193
1430,-0.07925937273143624,-0.12086014784159063,0.03952777615115179,-0.05643407645502182,0.02911700594837306
1431,0.043697455688965575,-0.09461689818584551,-0.12473767359120011,0.002197975268574469,0.016612057524235904
1432,0.012181333990711609,-0.13106387141815995,-0.10889553182753846,-0.035436018511153716,0.02940284027562381
1433,-0.007113776717259867,-0.02363010245264693,0.07002915083775675,-0.0025698472885632684,0.02111188438519878
1434,-0.019227370823837908,-0.021699948390913944,0.05684058778168555,-0.02387803163646296,0.026501430641094524
1435,0.012867628163991795,-0.12721494323679644,-0.06871619565363095,-0.021368708880065024,0.0317003088606794
1436,-0.010580223613901991,0.1419914133814644,-0.10148054445601774,-0.043922925838046904,0.014031155159711645
1437,0.05991524098412133,-0.14410634285543736,-0.125145336467841,-0.0033449124093907776,0.04480670979933576
1438,-0.017618370407958012,-0.047478197733525074,0.01908257428393143,-0.05686895093009618,0.009541285331659257
1439,-0.013786583498341791,-0.1165866720754134,-0.013049778464927886,-0.03007111580242096,0.03846088694391032
1440,-0.013636282089579269,-0.09271333045970015,-0.15801601076007582,-0.03386778623097841,0.019375636229676838
1441,-0.014604208455335782,-0.07943550081050553,-0.1553530178783671,-0.024887896183935884,0.013690481276530435
1442,0.032434067938027854,-0.08125934267250745,-0.015514495428893499,-0.030411114525844277,0.03788239264451197
1443,0.013260712936680897,-0.090897891426484,-0.07079883268458725,-0.012088045990919824,0.025030142924108295
1444,0.03288919536113844,-0.06633384280208553,-0.0821978532285933,-0.030371774392624618,0.025643881817130586
1445,0.018646058497053943,-0.04211502877440415,0.003863818547822024,-0.029725442705982895,0.01352485466991564
1446,-0.0006947324262077448,-0.17488955478588694,-0.14993668225020995,-0.03135103320654055,0.031048927288778307
1447,-0.0008075001324345365,-0.1159887843911623,-0.12462272109324668,-0.011957407750008996,0.01707535174642186
1448,0.026282288075710793,-0.10908273599431403,-0.40916531274139345,-0.0014639259327070397,-0.04617413107932052
1449,0.012996564834946383,-0.1391225231016687,-0.019088501550190103,-0.06696792006321273,0.08954499849234222
1450,0.02436870255705572,-0.12121476873386254,-0.023016784964268514,-0.011792170731399904,-0.016165781982343787
1451,-0.018191257581172515,-0.15773928669586731,-0.04722378592738882,-0.02309813961555013,0.046449647875567074
1452,-0.04153981623577251,-0.12053023560268535,-0.014638240782147122,-0.014784058897854882,0.048886460905415784
1453,0.040300381676274255,-0.11762110675193739,-0.3668983666035073,-0.048709894460277244,0.0031083452250739436
1454,0.00923941336249201,-0.03831961480476643,-0.39567483052700997,-0.01755999632900639,0.033356813635073986
1455,0.04099955861718803,-0.013190259785405101,-0.06387039495677524,-0.02702212675573833,0.01569971749300702
1456,0.0054492194540603864,-0.12932973086698007,0.016784322714544494,-0.03976976747523718,0.02209884688794887
1457,-0.0034207236168577663,-0.11140629765649349,0.00887435375735014,-0.04112543189625476,0.018744344015298384
1458,-0.005475442932872496,-0.15140629490550322,-0.08144293161713372,-0.044769459213332675,0.015613029371316764
1459,0.01160342031931333,-0.21514514960452957,-0.07404127354042397,-0.023539306730519526,0.006549133085252467
1460,0.043376476233012294,-0.0889914275501179,-0.00993926451109393,-0.013650658068568494,0.03128432816375352
1461,0.0017110134398852688,-0.06687631940406139,-0.16155304595602066,-0.04036059467508395,-0.016581949997665105
1462,0.01134821664080905,-0.04543877165103797,-0.1880722707927969,-0.051930973287878074,-0.006738263162927357
1463,0.008500782714115846,-0.106945318966539,-0.09517313863037348,-0.015520221839559444,0.0006915028472220339
1464,-0.006303112081603554,0.0015372279328905209,0.015742523478565293,-0.032347277894140894,0.020083732722453694
1465,0.010440365037498097,-0.13106399158076393,-0.08553382932205414,-0.050460294807596374,0.02092324663959819
1466,0.019701913217296543,-0.09111428096450071,-0.032506526215961694,-0.03567880113434852,0.00954549039979692
1467,0.019022744219584515,-0.09121892037581929,0.016826990730804684,-0.005436269188903848,0.050088158882216585
1468,0.02030760517129282,-0.033464405169914724,-0.12002431042753121,-0.02565001222982879,0.02528293405021061
1469,0.005900183601689438,-0.12060432985423258,-0.15245938109330914,-0.03804202714897821,0.02117878887713363
1470,-0.0038917252081838018,-0.05479983407183488,-0.08647005717394964,-0.02033971667082944,0.015267139973307756
1471,-0.0005496612076905579,-0.07763753867638908,-0.05667922327880134,-0.029094421320402884,0.02553334637729178
1472,0.00958518715590966,-0.11462614718530212,-0.08204261488929543,-0.035253509548538134,0.03479345557728495
1473,-0.007440051969181538,-0.08030141181691935,-0.041434816183193224,-0.028726315292422325,0.007876888607217905
1474,0.013930817749406554,-0.10686566862963462,-0.09098951529405667,-0.027410534858400906,0.03666588869783418
1475,-0.015464299302720223,-0.039900483948580666,-0.05139910751201466,-0.02891399349784127,0.002914241133704714
1476,0.013009464128910684,-0.07464215406440465,-0.07287374663090777,-0.02614877273808326,0.03412155745176105
1477,-0.03642668746188678,-0.09731272317746954,0.030181665873831916,-0.005957323211989142,0.020866569454027026
1478,0.03869945879028793,-0.061995413461261986,-0.1105040611881388,-0.014994779180424172,0.00835426707580353
1479,0.03996277597212612,-0.06118033363236838,-0.16115121774504473,-0.014271895822678734,0.03411122670675358
1480,0.02440425246256118,-0.1021193442088999,-0.022227843750590528,-0.0656230684986468,-0.007017858686629323
1481,0.021716056797163437,0.05877027907390962,0.005091449655145265,-0.04703368316155853,0.01922193397665519
1482,0.03623089247020552,-0.11411354321201071,0.06198262412347678,-0.014965314714585305,0.026775118086275567
1483,0.0035566887582377743,-0.003263344639648442,-0.07473008851022897,-0.017786791433493494,0.012607035563347652
1484,-0.005386852233339684,0.015885818435696513,-0.2110379503584017,-0.030908100142972128,0.010071190178722319
1485,0.008220309782499902,-0.1377567692500856,-0.09703403723607693,-0.00974239346802779,0.03554601173788561
1486,-0.009877097219346547,-0.040537748691759315,0.04322424465125493,-0.05468102519456521,-0.008513376277070038
1487,0.015203862628081854,-0.09054226196881146,0.0030690608714243274,0.012309943488599638,0.06039567582776822
1488,0.0064956848044582065,-0.1015463919462129,-0.10866801169282045,-0.056857299308955,0.006649552071889377
1489,0.0013856925082151744,-0.10690959792389994,-0.1734985236456993,-0.03744172021078912,0.014346289306294476
1490,0.03161180024719935,-0.05217925171434903,-0.7019458725972124,0.01176477191062122,0.06388655159926533
1491,0.022576979144203015,-0.0618681780441302,-0.6225144615668181,0.02977416080253124,0.02653807259317911
1492,0.007069146470821484,0.029500208615150767,-0.4631430958783128,-0.029509030013532164,0.06518842736626544
1493,-0.017715362445489803,-0.09885366460662197,-0.1093248094768409,-0.019163034223860537,0.014302695422439
1494,-0.010174417716874117,-0.14842289583230897,-0.07782880404297982,-0.025045542702511726,0.007734249476051316
1495,0.06362206875196164,-0.09222504367323134,0.062217779652784674,-0.014568406105155345,0.03298324088250142
1496,0.03404124782044356,-0.06897546307769466,-0.008732442747304895,-0.027129794903773513,0.023279355575066014
1497,0.00954697171123695,-0.042953555140023844,-0.12491052614726231,-0.03194005321943426,-0.02234009702152121
1498,0.05087751769907062,-0.2100163613572925,-0.07445976411706247,-0.004385456120248006,-0.004147216946242671
1499,-0.035716297783791526,-0.03520459505065939,-0.024617204819686635,-0.05133621556465222,-0.0011147744669542689
1500,-0.014857503274939201,-0.07854932668274921,-0.08082446991909334,-0.05557844850717207,0.0049759264794468315
1501,0.02366741152534265,-0.015322974960521952,0.018892815256035204,0.002555304415130436,0.030983132424729946
1502,0.01686542991656714,-0.10058202223995504,0.16154515924414903,-0.03916622894755936,0.046578010267795136
1503,0.008815945614077248,-0.11606009421274778,-0.10689251877282678,-0.05344797499529005,0.01797334663827955
1504,0.003760550018558566,-0.07340375881464446,-0.11420320267882399,-0.0008715245809530517,0.02709726133081312
1505,0.0023883126575296176,-0.11727899572775727,0.029488103806622878,-0.07411351621296192,0.007697579810167321
1506,-0.0012218555110749423,-0.15101334683273146,-0.033370274079488484,0.007918856217673072,0.012224828862505765
1507,-0.019188387501744158,-0.11608718591582261,-0.1491853340376459,-0.04219949820114347,0.0279159524034835
1508,0.00801379645847373,-0.0812220573258048,-0.03503474227542049,-0.01093298488104066,0.002965480557556148
1509,-0.005914869405727287,-0.16255097130749321,0.10722263921989952,-0.057726401436277885,0.028257236764474475
1510,0.01527725647108814,-0.14093938058488495,0.3725785892200007,-0.00020367148927991514,0.026325154520001993
1511,-0.02645994757559411,-0.06646211522137711,-0.1794577604236242,-0.04439922303334901,-0.007217502010392512
1512,0.05365922292805659,-0.26506078661427546,-0.13132785453578102,-0.014748789577774698,0.02697317872358362
1513,0.02802164084887404,-0.11222955395448062,-0.2140439704735321,0.054586934870814924,0.03802239111671104
1514,0.028590039705303792,-0.1598406778959975,0.03557824661122541,0.09293323690188363,0.04009600126545823
1515,0.018113280235019145,-0.11606868893268955,-0.19071387326724468,0.08131273022364184,0.013728567254276385
1516,-0.00012662258281150176,-0.022942306470126083,-0.07623949502955998,-0.05441442085749403,0.023041795540828126
1517,0.04148842726363169,-0.11089089048395821,0.08681021833378884,-0.0010358893661681337,-0.007465453677195085
1518,-0.05317851139245731,-0.1692795751550031,-0.06567013781659638,0.02010228229257024,0.022333838164472496
1519,0.023394860174922868,-0.11171709594559297,-0.06911129962211492,-0.03962982276001076,0.04654926154531249
1520,-0.006919596503995231,-0.06324586816340609,-0.1063917391902857,0.004540486056823651,0.004332086997122707
1521,0.024246567328206223,-0.08809043801249451,0.008183909443717925,-0.04541195144498714,0.0686056103584856
1522,-0.016050400943789338,-0.09941195085371682,-0.08148074775788204,-0.03931981154625569,-0.0019269803061677394
1523,0.004090817315290391,-0.08222604732112378,-0.03182162775406559,-0.007993262223356225,0.008913241259814823
1524,0.022659693755439712,-0.08149096144369627,0.019919110385831197,-0.03180626402878291,0.010842623052410074
1525,-0.021548938614523214,-0.08564624443619129,-0.15458020065176914,-0.02891124950797844,0.0316822925759372
1526,0.01886188162451749,-0.17162023084169228,0.018431506931232088,-0.037706354513938646,0.01703679112985858
1527,0.020621319406165267,-0.04050945596670403,0.04462041570183342,-0.017076973255337878,0.02335156520560191
1528,0.009802609996547793,-0.12743096862248793,-0.054280789009694894,-0.072129216883527,-0.006721835645707239
1529,0.004992581181507331,-0.12080492967046547,-0.17816936277000706,0.003968219591081976,0.013911444986590225
1530,-0.035877585684707586,-0.0832057057353894,0.02295039498835173,-0.054595998211571066,0.02224659049447422
1531,0.009805026548768579,-0.15512024921800477,0.02054158131494694,0.021840089907898777,0.014063226711152578
1532,-0.0003569795455248151,-0.016737426127988824,-0.07763313266853615,-0.04846317842517549,0.03236310999560996
1533,0.018171748963402415,0.018821878803183846,-0.08462972945435608,-0.01779800776948218,0.016118518276898943
1534,0.015471955586388447,-0.13584749458375348,-0.007293997040788603,-0.021863265495399437,0.01252202220527757
1535,-0.010624429509040292,-0.04276003569797921,0.0504097416825414,-0.028715986487283376,0.04097660528192067
1536,-0.017220104087140732,-0.03689139867072999,-0.06133319238482752,-0.035673446892445754,0.018194592939238127
1537,0.019151841860004716,-0.10022429433754954,-0.0558991471763276,-0.028386507563124587,0.007237347621698674
1538,0.006735629106134679,-0.11482697658714713,-0.00582767179421437,-0.02471638053672907,0.024174014726657946
1539,-0.0044132260631602705,-0.20306811930996546,-0.32415570478499156,-0.024961214517299494,0.020410616167563053
1540,-0.015881601466981893,-0.09788284143220669,-0.12223239762232305,0.03263479469408423,0.010280995743121045
1541,0.0374770745756853,-0.1360694830202456,-0.1326623495587465,-0.03729551494682507,-0.0004412916631475679
1542,-0.016288525059769732,-0.021899686438527015,-0.024694552432512864,-0.04663122355556742,0.04327114400305933
1543,0.019213151451761234,-0.12823084492002101,-0.012958341030381107,0.012644329802866047,-0.007981265190174709
1544,0.01897072572346019,-0.12752240298512207,-0.011401935465535248,0.014934300775092243,-0.004996494221437069
1545,0.04090233955185957,-0.0878170640941053,-0.11206904550165636,0.002169860008870086,0.01661088823085514
1546,0.004817606420708845,-0.19558278776352606,-0.07987066935646576,-0.03289494946597851,0.012706737530529458
1547,3.1258087025102757e-06,-0.04211263446302341,0.025360270727676278,-0.027017866131480692,0.08402908452115729
1548,0.000436911777055777,-0.09417971217691473,0.16460275623195966,-0.03400698172914204,-0.015670153699211292
1549,0.045379145372293296,-0.1416522588063385,-0.12706845813997186,-0.035729002218229305,0.04091706880694411
1550,-0.0007348500868093428,-0.08489344340038867,-0.07121086190008281,-0.029607713976116667,0.011091645307835163
1551,0.009995673637716411,-0.11724073341941955,-0.017068790916117054,-0.023814178560735574,0.011749443697349399
1552,-0.021147964106622355,-0.025750144625078946,-0.07612288112276598,-0.044517433081778086,0.020212101423015105
1553,0.03175328242256303,-0.03741324386600866,-0.11315542263261354,-0.020136689286425008,-0.0020826966529655837
1554,-0.015305170571758904,-0.18126482438770086,-0.0009617941656245469,-0.03819480320754543,0.04176201323398173
1555,-0.0019034067684313555,-0.08300172766778517,-0.18520357028133935,-0.03715005786056626,0.0077753017303844735
1556,0.029512047233781244,-0.09753822443171074,-0.08756477746159812,-0.020171542429090042,0.03208752040932039
1557,0.00031176651200064186,-0.08628130195898283,-0.05123714161459501,-0.050061782294245405,0.02446218822510274
1558,-0.006255367873435804,-0.04937098376890486,-0.007185941869238491,-0.02604862798871429,0.04449981764370369
1559,0.034511989178156885,-0.08697428301689251,-0.059422360225386654,-0.01984993499016521,0.007149950530345252
1560,0.0183442674138049,-0.16248324153697646,0.005840528362922649,-0.018087681507556685,0.012624553991735704
1561,0.014833723700633069,-0.19186392687938322,-0.08252880365224156,-0.032552954023650854,0.015862150849243008
1562,0.003154163076339417,-0.08360978185640715,-0.1643390655661163,-0.018768228881890545,-0.012672566493246473
1563,0.00750603658268128,-0.1544566497382253,-0.20768457680017413,-0.018346610772981872,-0.029160762480397683
1564,-0.022645289235782073,-0.11395530891844106,-0.10045988935729974,-0.024303886003022437,0.03489696766209535
1565,0.022898208954227818,-0.08197975339597655,-0.030736468051193577,-0.02767092743552296,0.005487403794689396
1566,-0.02754155017275171,-0.10902322652732388,0.0361945723778108,-0.03917141783170406,0.03385964150214716
1567,0.011914981563570936,-0.10395505217432353,-0.13780113198842506,-0.020005714532812743,0.05398402140833551
1568,-0.007349157614691839,-0.10874313111135987,0.020082499291591907,-0.07903403361548235,-0.032765946590131774
1569,0.013792052152038022,-0.08368505079670119,-0.15548466461730387,0.023232082843972983,0.10869865289490535
1570,-0.001602197688784137,-0.16401562577127357,-0.2709393090590682,0.043453208982449004,0.10120708057590735
1571,-0.009793973274097645,-0.11054479908378016,-0.0675420438628082,-0.012178371179979344,0.09455371178099267
1572,0.02676944575057395,-0.09471603800074554,-0.09210660882032322,-0.023587143707811325,-0.03274493430971044
1573,-0.013973491537809421,-0.056489859620970966,-0.13667420183788118,-0.040985122628766135,0.08000408694175887
1574,-0.03594821494907885,0.0262921781333231,-0.02930278568046463,-0.011305329876086428,0.012461746350317304
1575,0.057503988002922925,-0.07353576548162567,-0.08584697482237495,-0.06792266224006074,0.013070996686982412
1576,0.059463150726889034,-0.07680016381709831,-0.09272836815384608,-0.06769737619537786,0.015463093286644877
1577,0.04111194225016499,-0.10682946081916596,-0.06429278714744387,-0.023102115129736624,0.008154207055585554
1578,-0.010398305527388336,-0.12570020675479193,-0.05123578875747968,-0.03336080424144165,-0.01557247302485432
1579,0.05799247980772608,-0.009196314467861698,-0.08816897311230452,-0.03038553805272539,-0.046685604373995486
1580,-0.0251519692410131,-0.11703882830404547,-0.04764391355853192,-0.07703895760256525,-0.060847746712695584
1581,0.029207484493934198,0.0026181092052349883,-0.07111201156334421,-0.06740592729477879,0.01803114444036267
1582,-0.0027924538983041696,-0.12203644124481174,-0.03934833366639431,0.011907064000989969,-0.04357339771541891
1583,-0.004476734932999141,-0.12614980777319776,-0.10443355043339282,-0.053811822451659684,0.0576307995464905
1584,-0.006684939985173404,-0.13768129149538594,-0.0643042064282012,-0.06051441323534878,0.058361520717099935
1585,0.019022272138240235,-0.06910493778976749,-0.10319666553349477,-0.06555045183294758,-0.013317795200616196
1586,0.010516632420873284,-0.18562431850251776,-0.07473333010120614,-0.0605776086183173,-0.0006604730375108829
1587,0.007924251909788104,-0.136834398296493,-0.08949566637863172,-0.024556824977414966,0.008222690982055006
1588,0.005369515605811528,-0.16356260715512586,0.010104523996203844,-0.04102447758015747,0.07257095990611385
1589,0.0150770682495,-0.04753042807259212,-0.06297593498368145,-0.006143713746512386,0.029557394040252753
1590,0.046510586789739884,-0.12945789085065848,-0.02371097969206412,-0.038002603337988786,0.03471444356868263
1591,-0.02299760746856186,-0.05622941423491071,-0.01807519598360858,-0.0200949424464159,0.005854599257253487
1592,0.0264207871400739,-0.06291325844103604,-0.1442199405750266,-0.04272004289737358,0.029218242727991475
1593,-0.03235423837198716,-0.06647698244966328,-0.11465361157739976,0.03735880332153757,-0.020521007890400077
1594,0.04225620142041987,-0.08064854842697412,-0.11328306046345742,-0.038567680997947586,0.042617058036962
1595,0.018260582501138864,-0.06598027609435904,-0.02415673603140419,-0.05998929154195383,-0.009595066652966269
1596,-0.020366349709934468,-0.09846477612790905,0.16509104892773618,-0.007971677976140313,0.04801266233439717
1597,-0.015400167655873074,-0.0857578639386703,0.17633322794662826,-0.028832619315300897,0.046389824636234055
1598,0.02561421993589744,-0.08471159123662209,0.24375845725647383,-0.02195663663495033,-0.01288379999139611
1599,0.012466294663005367,-0.07360357528619885,0.15550377867057993,-0.03598755743851611,0.043439363405870825
1600,0.01667083937149702,-0.05204841292681301,0.14477102231571454,-0.05795425544026504,0.02907075857539068
1601,0.012200943736274462,-0.02674394594522327,0.05850924145614072,-0.052882139223881186,0.009363387603550198
1602,0.01568639861923674,0.06038322532188736,-0.0070710551830037854,-0.010070564404336365,0.02253082319856513
1603,0.02459890742395204,-0.15551527442475713,-0.03217328197452095,-0.0011188868572108565,0.04525794693781243
1604,0.023023522827893435,-0.12664489548419497,-0.05727594962995727,-0.009246713053815638,0.034147302487232106
1605,0.002412062078422964,-0.08593846181258577,0.15377199984407647,-0.03370076067191486,0.02594258563702558
1606,-0.020970172627177302,-0.05830410617177717,-0.1488548225793319,-0.018899526897846585,0.0029177483708164673
1607,0.012395653759576106,-0.12380365623788936,-0.028176567150058493,-0.05077010160973815,0.03426245853565786
1608,0.01718267337023418,-0.0890371535665214,-0.042631487569191086,-0.03462431669590396,0.02250852696697196
1609,0.0028662611220387226,-0.12308029927373512,-0.12142596389383209,-0.011604835426632506,0.05215460395211394
1610,-0.007313546402718175,-0.13550751803168276,-0.1312922437013073,-0.023491436122214458,-0.0188205572052708
1611,0.01111729870813758,-0.1342788743341805,-0.1383909907782332,-0.05195621102583513,0.06753024942563646
1612,0.01721658619236028,-0.07264299354689233,-0.09715978693551937,-0.006458280424241346,0.05688573344637651
1613,0.008037369240239166,-0.11416593516724294,-0.08997216039194583,-0.04273180478473196,0.03205264916204384
1614,-0.0068204384051864285,-0.13852154375806408,-8.187336178222014e-05,-0.01764368068057994,0.06161892497184934
1615,0.024207840801992234,-0.04502177843250869,-0.12638897682728598,-0.01869470668631753,-0.007725568971070362
1616,-0.01978322000573072,-0.07425809346763396,-0.17283926521467274,-0.07240409839485734,0.0670887931957466
1617,-0.007622158753797304,-0.11739126864504136,-0.0959594154007185,-0.030889794059729487,0.001276655893057478
1618,0.04930204257234359,-0.09700674761928159,0.012974159471848556,-0.03064635098677495,0.029335266770584296
1619,0.03122281964982208,-0.06694547235447604,-0.024805747666339632,-0.024944739740411098,0.029474486287997998
1620,0.0074632953194971015,-0.09459529876934235,-0.05997925611995784,-0.03922138088325119,0.029515812784981218
1621,-0.031117920698774924,-0.09584418910118131,-0.09218462906156502,-0.0163697086824719,-0.012748175869127193
1622,0.04839889737474844,-0.18149413753234195,0.023485012512734656,-0.049179326433070464,0.0443181184439334
1623,0.02922682553779394,-0.2492479631767336,0.08728822376720309,-0.02928829544115059,0.038119261328108514
1624,0.021813847724034493,-0.15511147802046982,0.13397674050984543,-0.03586107715266268,0.01786315593362977
1625,0.0049001009606697045,-0.04580981990565434,-0.04171722608442682,-0.028935573369457096,0.011287179150174123
1626,-0.008029766436064567,-0.09378921453409056,-0.05245230714973872,-0.034701823573817465,-0.022489829412866386
1627,0.008094158086001953,-0.0741377963650935,-0.08216880934238016,-0.02214132488452463,0.03055398032775882
1628,0.013271995151447486,-0.08363132681761885,0.030962211921458503,-0.03054516471708547,0.006357794230925169
1629,0.004140564085521481,-0.0983766187146686,-0.2981274035172083,-0.026297661384132667,-0.0010613255454427412
1630,-0.0045294652395407,-0.18650513437132013,-0.13354237446269962,0.005365946340242272,0.030816678875696595
1631,-0.004104600422853376,-0.09600776974831118,-0.01698660768835315,-0.04601733353041852,0.042894371575103084
1632,0.023975445024091258,-0.13743351491133007,-0.047884899469590535,-0.02272705455991789,0.043268083407426675
1633,0.004675296789052089,-0.060401307134141706,-0.12108813840490933,-0.03333868534281948,-0.0006511570141403843
1634,0.021163664804423766,-0.06358988037358071,-0.0027780365924458287,-0.021184066393596355,0.0004255251999797313
1635,0.018434560558630388,-0.07536480133020648,-0.09915330079209371,-0.06501891156347739,0.02295585402872707
1636,0.034448527772583566,-0.10920785936555173,0.023439717600649355,-0.04130852000572722,0.03467626877312457
1637,0.03486885857718683,-0.050525607230953944,0.013257404190777014,-0.036206345545469,0.03502660995611185
1638,-0.02639171428239936,-0.06496037983150041,0.04141672453622885,-0.008710893348154877,-0.01786262594464694
1639,0.027394084450368148,-0.06588196763338872,-0.05742716440561847,-0.03773742033866451,0.05182615897037925
1640,-0.017861168909489383,-0.254674829224632,-0.03795441903745181,-0.018197233535870935,0.022515811495845767
1641,-0.016195935741500807,-0.12781219632338642,-0.08051303831483232,-0.039988795128915455,0.019887014431260158
1642,-0.010889208773677033,-0.12025245508153977,-0.0840859908117616,-0.03482595764704816,0.02336084642850211
1643,0.03459362214250871,-0.13262766113733207,-0.06415529785157752,-0.009640164983544912,0.019547627615344076
1644,-0.019654972951064657,-0.08412702437766667,-0.04140264472153299,-0.019191849672990847,0.03641438499151809
1645,0.01068672396813698,-0.03726188458187572,-0.01495393490231833,-0.0254216558065523,-0.02005008290486265
1646,0.00587056573807101,-0.0654523396557145,-0.011211536075114348,-0.055071460103504624,0.01627561958386156
1647,-0.0028068670102891873,-0.06821254472687013,-0.0035519085870495126,-0.05021469525936426,0.020608211863174585
1648,0.031136326276028636,-0.16017863023765516,-0.1028317083171369,-0.007242281254080681,0.03225533653873646
1649,-0.004701974267723752,-0.029805735107380875,-0.06757112726024411,-0.03993140600559755,0.06711029787647169
1650,0.002580872091317447,0.04648405153020802,-0.06492072846884324,-0.02634373389819051,0.05281748319882648
1651,0.07145852378302167,-0.1370896418913267,-0.09336401351441964,-0.05470551886061835,-0.034314917791906076
1652,-0.05017616989984289,-0.08015960568686656,-0.09834864219326259,-0.033173333253028035,0.05117741392013145
1653,0.05681610492485192,-0.11473038037410144,-0.05184524354799451,-0.051091500020310744,-0.012194556002166552
1654,-0.014430122143633735,-0.12157975276965374,-0.09045807303100656,0.01208313754926319,0.04481808214737724
1655,0.0412152724038483,-0.0813915607896537,-0.1658901095846752,-0.08908620007063095,-0.04593205327727957
1656,-0.01986088931602044,0.10359103649240353,-0.033751665425038095,-0.029605223264059836,0.08454132256598934
1657,0.017011374809911144,-0.0780723648354054,-0.04831626868245065,-0.0560443229143795,-0.037719805319516395
1658,0.00429160062121051,-0.04867941747252499,-0.08983563624993153,0.00620914488877261,0.07378258140992847
1659,0.015591026763345275,-0.2029781036892787,-0.08107760047648371,-0.012486404339781439,-0.036750478989615115
1660,0.018488821109763513,-0.04629182421737472,-0.1864614382523197,-0.05049944685182273,0.07291379489792138
1661,0.007263449978979787,-0.0487930274524846,-0.20402158802126544,-0.061385818241764784,0.07096892705062063
1662,-0.0026926644505846998,-0.06313672995066594,-0.09778170310789026,-0.02217742095695941,0.0016826529023622385
1663,0.009174717817256041,-0.08100459202251464,-0.07913824491081865,-0.04142885118340605,0.035720687708504305
1664,0.013031926763894289,-0.06942163991938945,-0.0580193525894628,-0.0483614467610367,0.0065825150251138595
1665,-0.004914742945111944,0.07070061557894133,0.016255698800283776,-0.10925771282879419,0.03339063759903691
1666,0.01726715540331408,-0.10604754656971449,-0.00721176491734452,-0.026556104777378128,0.005334989900653474
1667,0.0026623553178491805,-0.09163016884381658,0.04248971071929505,-0.08533198851328211,0.021898661135397103
1668,0.002954688961872119,-0.050177154378088805,-0.13206839960441794,-0.06523897516557574,0.023645534940532276
1669,0.0021313944697275338,-0.0588209582727245,-0.15473956067515054,0.02047816027195116,0.01841944192832604
1670,0.005750279049554094,-0.06843656171622967,0.09923371540800988,-0.05543860323901712,0.03166677819540597
1671,0.017652652771773827,-0.055235194309754335,-0.05612459558176151,-0.0678608810099931,-0.008677232420173204
1672,-0.005366151164501952,-0.15566245472849843,-0.07085470209300114,-0.004794288761880034,0.029596122902695372
1673,0.010675431911221165,0.009916648559167924,-0.05788080194794664,-0.05803702913807439,0.027570513834530755
1674,0.012817047976728876,0.021466481795304075,-0.05843683680369108,-0.03815641318325538,0.019769653466991555
1675,0.01171036468056461,-0.16809326415766893,-0.0683975533035538,0.01700794534842489,0.03994528780118459
1676,0.004761634152610825,-0.082092688837035,-0.02198530516870211,0.021785069925319783,0.0023151359668010414
1677,0.020233679955162436,-0.12854746075626802,0.03000866266020978,0.006258466656456161,0.0171456324741285
1678,0.016570873408744188,-0.1207930744538879,0.1280132965543762,-0.037054807358728445,0.012317800809418994
1679,0.02721125580729876,-0.07099695149442138,0.21959202431446145,-0.0637203863766222,0.00046575000461709866
1680,0.023332782564518567,-0.11299191818477587,0.14335005988165214,-0.07498653061908957,0.003612877297958988
1681,0.024756340973218022,-0.14077242963656889,0.043252270053670376,-0.028174392330137216,0.03171375102299225
1682,-0.016393040994683448,-0.1088920332758094,-0.10853686315880215,-0.026005184596667983,0.038749202783584735
1683,0.018288118211050454,-0.1753962201731422,-0.12301267139008827,-0.03425287837660517,-0.00031416782556666805
1684,0.014020428118052186,-0.14607284051661426,0.0728157765657432,-0.006917611567318745,-0.00018547275944569457
1685,0.01033343849276215,-0.06036627870772859,-0.04646452972102358,-0.012272088579388345,0.01853431406317311
1686,0.01503788286977988,-0.08603133068162265,-0.08423681192592584,-0.03008474526787878,0.06978820290126682
1687,-0.00276373454845397,-0.03800558167798881,-0.051344412046383535,-0.003164381086792801,-0.00485147831135834
1688,-0.02142651801131369,-0.11147529652706656,-0.06181108635809437,-0.016848238270831907,0.045918852197919274
1689,0.04591540819486954,-0.10810188160663332,-0.0673666778741072,-0.040081583580639374,-0.0019233413708032096
1690,-0.02543202329294457,-0.06533362540247659,-0.07820596579485387,-0.007598643212847437,0.006180890403932346
1691,0.02341007029505862,-0.1331841147463355,-0.07986193906117725,-0.010883023302026147,-0.005276687556715096
1692,-0.013392833036320903,-0.09670019690976152,0.03658444288991203,-0.04567591768250191,0.03751906698245884
1693,0.004559076815158091,-0.07383074150644171,0.11458690466300837,-0.05359891831243298,0.044704270145027925
1694,0.023958437066401734,-0.11592225948668028,0.309666515417046,0.025232254208390398,-0.017505411165556664
1695,-0.02248967270492299,-0.018250180321047877,0.13036844019433605,-0.07091883461565479,0.0554542290783446
1696,0.03939498206651199,-0.1631790530204373,0.04975594070880528,0.009458183661993448,-0.0031522074162468085
1697,-0.03348411749132623,-0.03148058300428327,-0.2830426304869736,-0.06470946277920946,0.0329944493031313
1698,0.009609947327301896,-0.22463547261437622,-0.3535605689855521,-0.01970881134787505,0.016898750424304283
1699,0.0046683983564467365,-0.10172027944464254,-0.2817430649190822,-0.0274491453583764,0.08863787948531619
1700,-0.021231975720993994,-0.07611366330841418,0.030367398533688972,-0.03635130822639579,-0.028747357443231186
1701,0.012350177608815365,-0.053165710156081396,-0.07137998349900303,-0.03793215842524944,-0.003183289575230064
1702,0.011659086135475597,-0.05444108949919289,0.0818250782597585,-0.007941852633970166,0.018962466228948916
1703,-0.002916636040892795,-0.10190040871662398,-0.02806819762784873,-0.04658664621739633,0.060502516652230685
1704,0.015493454512698405,-0.09501496690216746,-0.04059592232127903,-0.03181268688172155,0.03571634743502131
1705,-0.03205281953339134,-0.031625716504370134,-0.03998781900239497,-0.007809137999071033,-0.0005141093143914043
1706,0.04358290810211974,-0.09470881322045925,0.0023976902195865513,-0.011386754665795527,0.052281484709774874
1707,-0.010900916010533071,-0.09772231865397317,-0.0898029820873354,-0.06905693056376641,-0.029813909791557208
1708,0.015500598420540091,-0.08539014021357463,-0.007618040317042928,-0.03499184250950538,0.07250709449079941
1709,-0.029274403316709226,-0.09291479993309158,-0.252749689374338,-0.0030953164449748975,-0.03239115428186181
1710,-0.007046558332748266,-0.030764948611777088,-0.29909812439614947,-0.010423212848214401,0.017535935943071172
1711,0.000877095638560958,-0.06033626662477168,-0.1109481101661899,-0.1099800433494581,-0.019382078543289865
1712,0.012211408088182047,-0.16645976822167133,-0.15145833087653893,-0.12418783065875706,0.04275733601231162
1713,0.003130005240605741,-0.09428879900065633,-0.03531137208501118,-0.12108081639122951,0.03938332209103006
1714,-0.008707034456168801,-0.0608170234276333,-0.14834679421832872,-0.08704565870841025,0.041508537551055505
1715,0.009656172808553997,-0.03397056603226525,0.20469500091167162,-0.062339285365679585,0.017783437272274747
1716,-0.010099452590736177,-0.1317673710503918,-0.03304296006449521,-0.0010735533804426005,0.03708605398048742
1717,0.024576904910525332,-0.03947359702437127,0.060825389779463675,-0.08480999084597492,0.04981128727436528
1718,0.026915995954203766,-0.09532615209036678,-0.18774017192478068,-0.03933109580403589,0.011176715793411993
1719,-0.006610771997832179,-0.12042870045744726,-0.1046604339832409,-0.002216642023525009,0.030809406217444414
1720,-0.0004246308859503858,-0.13779737460707703,-0.020116866570705702,-0.032399133586698756,0.043091107882911095
1721,0.002208674537378926,-0.05703903597395403,-0.049213080009358603,-0.030264338523826047,0.038532522647380565
1722,0.011014624533261765,-0.055695601694531346,-0.07600009031428705,-0.005053682192190284,8.477074725964987e-05
1723,-0.03485056047843403,-0.06369380352989999,-0.19071942665911157,-0.053038919980776186,0.032763993837871395
1724,0.005491039702205786,-0.08470885267885726,-0.20118076347554906,-0.02413713794053903,-0.011260040160750679
1725,0.003992485470563386,-0.10571388230292685,0.001031472029706297,-0.005084199164050465,0.0424190729828993
1726,0.0016381830457487952,-0.16350102829322344,-0.046954439469576316,-0.03817738860071864,0.006273027854342178
1727,-0.0017659499528010637,0.0037927120549853125,-0.1668408970943706,-0.0659166915734213,-0.006314453513572036
1728,-0.0013376015718374722,-0.002896101874202204,-0.16177279959752539,-0.0681011978672078,-0.006074597062471726
1729,0.018816493065385194,-0.09099753739784577,0.20817312417677772,-0.024436857014588285,0.0166703369418764
1730,0.008867961792849944,-0.07770995121904435,0.014936481048077451,-0.015885915692063633,0.04541411360680801
1731,0.012397867546053978,-0.0028746243311556776,-0.20789318889687083,-0.024341451638285074,-0.04821857803027293
1732,0.02147358950771507,-0.1361464963274001,-0.017070778145804325,-0.02149111466074837,0.08689043985763069
1733,0.06051832020868665,-0.04293982497448315,-0.04863378229375303,-0.005087102135100157,-0.016990864867465063
1734,0.03816444339140994,-0.031969310474231724,-0.05850862024976643,-0.061312605466285676,0.0456898617764627
1735,-0.02038824067419143,-0.07073132509373645,-0.014705333740375104,-0.0021586827505156642,-0.014313585770771754
1736,0.029974061173671067,-0.07953839044834254,-0.11625735047340273,-0.031212648326455792,0.006126682976571201
1737,-0.018334187105351327,-0.1102763598195232,-0.2457756278851108,-0.016940854451659108,0.010861731779283552
1738,0.049731683016343106,-0.12304606804319225,-0.11293451459163846,-0.04246511752237284,0.003743433371376926
1739,-0.005616763800332247,-0.14998269742375228,-0.07483058865393186,-0.051947264806325846,0.03520403832475794
1740,0.005875899370354068,-0.05055142770175318,0.09267076222994286,-0.009695267145193458,0.02733292012597222
1741,-0.003060497301175922,-0.09011344703924927,-0.06292794999021659,-0.030401096649724322,0.04258462989765747
1742,-0.01240930175529948,-0.11925884498648556,0.016995558876121825,-0.06813142351457549,-0.0020162634398151057
1743,-0.014308550810833058,-0.11422611715620795,-0.022221307622563944,-0.009906399792563494,0.017971237541428597
1744,-0.010025692134747712,-0.042493207003103654,-0.12545857343330796,-0.010323487049867137,0.03195777657052607
1745,0.01886571555674243,-0.18167043514382744,-0.04646858815151963,-0.023214881140509756,0.004759433690819047
1746,0.008047292200728907,-0.09371710367299228,0.05621609665689856,-0.030671067679963623,-0.004447147827144354
1747,-0.009572642374127388,-0.08634726465189099,0.12985582858867775,-0.027434877090773885,0.058366549263017375
1748,0.038054666842802086,-0.10267746128004764,-0.07945971357886432,-0.02999740654836009,0.05140423279680475
1749,-0.004743890793747077,-0.13538211734234826,-0.076635304088685,-0.01939261073104393,0.029515705660612276
1750,0.017984275301599895,-0.1070988787013021,0.005020231523445658,-0.011605253289933339,0.009212740984105789
1751,-0.003989618290767924,-0.0945658836675854,-0.160897790740791,0.0003983758166555133,0.06117767957818555
1752,0.03728852110780563,-0.1388617197087541,-0.2165193613557639,-0.038788655520290684,0.03300073405317848
1753,0.013014059534622351,-0.11265753150639933,-0.2122920830185769,-0.009682252973618685,0.010747227401715976
1754,-0.005229425800480633,-0.13136124991799109,-0.1815590211473929,-0.033855723616763686,-0.002324178732234563
1755,0.026590741747026782,-0.06248346181275212,0.047319481417429,-0.0196480790713128,0.03175117327666729
1756,0.02321684620971187,-0.04459223644004742,0.023916647534589518,-0.01809175679790578,0.021061056324200876
1757,-0.004393019933821253,-0.09655411466927996,-0.02169901093275129,-0.044967892155199675,0.03677508272442657
1758,0.007347276525647797,-0.20459589260700853,-0.08776698545203697,-0.011327077594971747,0.06762792412378317
1759,-0.017691733899849075,-0.26149870934595676,-0.17611486369310853,-0.03178956912857606,0.05378077590103265
1760,0.03198337982667305,-0.13389892622268845,-0.030643808204419892,-0.04030651991194103,0.007745385662928336
1761,0.030143378979176967,-0.10218919030883342,-0.05171315109829149,-0.03487471092305945,0.01173698647895101
1762,0.0342366699252457,-0.07324240594646646,-0.03557352619298538,-0.05598070194872874,0.007077966257557438
1763,0.03910410478586534,-0.045848654348064344,-0.009894459725319032,-0.05414342933804698,0.0074659738343523935
1764,0.0010380274706864243,-0.13611974751617092,-0.11651655628308051,-0.024174750769434053,0.043654972593321816
1765,0.0290699736810637,-0.03504892616034315,-0.18168182693119453,-0.04833318381237442,0.024665930270628585
1766,-0.006772066961313584,-0.058236986303413216,-0.022094755691102076,-2.7139053321235216e-05,0.0058254656943605475
1767,-0.02198045397470463,-0.04958292199403101,-0.045344658899291165,0.005556061014469482,0.00867594662473564
1768,-0.0006998011477426729,-0.09033352668751518,-0.05677732911859264,0.01361851035546596,0.051363530544597615
1769,0.0012404424564095111,-0.018801214793251978,0.009880384876867179,-0.07688043203777328,0.007262674261792109
1770,-0.0006001304248136767,-0.1303398132345789,-0.13952716792407452,0.024555526999732426,0.02549912024511706
1771,0.022037461170255748,-0.11909132640201088,-0.00649334334573,-0.06743117074238526,-0.016081660144085453
1772,0.013031360012705297,-0.11996585923332678,-0.08914004074389231,0.0033507493646565056,0.0429847961331825
1773,0.039999867869487025,-0.1658693377090238,-0.024433061906729107,-0.017793011827199338,0.014251102906261281
1774,-0.02399311283698111,-0.0048383463472320715,-0.2287405951584282,-0.037717348671196166,0.007926833655722785
1775,-0.030087406106784304,-0.04956467243232505,-0.2277407503300984,-0.023111317703213792,0.018092365377224442
1776,0.03154875844976315,-0.10426899527369675,-0.05493098112556654,-0.04651064680125731,0.024559081980569896
1777,-0.03724422619839718,-0.12182349352940952,0.09723025931723456,-0.05401635524877609,0.017519381365171612
1778,-0.06526977451770326,0.02458870133320566,0.04302746800669118,-0.012814294775134925,0.013603819365037515
1779,0.0800861860960311,-0.12044355079203593,-0.04372784200093805,-0.014253728911939713,0.04026937070806775
1780,0.02163708586894096,-0.13990626824664879,-0.08167574330843957,-0.045247840661617585,0.04008101849169177
1781,0.006101343410215481,-0.0716861869905536,0.017948316305748592,-0.03901885049850873,0.048116217415229576
1782,0.02862541278369083,-0.000801125432402129,-0.0712360823420323,-0.006433818214995094,-0.006612239906109538
1783,0.0566459724548852,-0.10282673811982215,-0.032344344570748966,-0.022273426123114233,0.03380091170976387
1784,-0.034880291569340235,-0.19885642250737207,-0.30622060544535296,-0.05290684701330123,0.02632014069159137
1785,0.07795617155308553,-0.11003960352732378,-0.02663878130635264,-0.008085792827887245,-0.0036954919530669166
1786,0.08024271900828396,-0.10871701900507377,-0.06427316987205693,-0.013523961811127565,-0.0069569490737843975
1787,0.010412459644743495,-0.2182544574469585,-0.29988730816295495,-0.04266605515653792,0.004112791281105225
1788,0.03013501540109737,-0.09468300203218982,-0.13078630401420838,-0.01426539315930388,0.039836336798812065
1789,0.0005108365942884782,-0.009104599071079194,-0.10475481694922864,-0.01971702960597596,0.037206614115090464
1790,0.02983443371849057,-0.1671972030520211,-0.016504612823973752,-0.04926540397115121,0.0071947340101419805
1791,-0.017811249655034892,-0.027271356566830846,-0.1806945433532336,-0.034722933403610164,0.025017126188357813
1792,0.004642858432909884,-0.07867753276941436,-0.06903514932510856,-0.02252107921026185,0.008912452657048283
1793,-0.007915987082009452,0.05083198172453702,-0.09399751834631044,0.0013615964855126959,0.02396538742261973
1794,-0.017598442463688992,0.011204978711616609,-0.0692298473930756,-0.03197843569718698,-0.005933056412583969
1795,0.02340118451908989,-0.08446746384426182,-0.06679396789699286,-0.027721521709337678,0.023122538379378794
1796,0.0013237221424086867,-0.09462538410439812,-0.011790532542797692,-0.026703992734942065,0.033518470978521696
1797,-0.017410200194564296,-0.15170749005252662,-0.0440059572592604,-0.02894190206531963,0.002007249448973828
1798,0.02712402508363835,-0.09527481858467973,-0.04381421360090513,-0.001009475526171842,0.025890399453849744
1799,0.009641381301215194,-0.10746311170436941,-0.012524394542974411,-0.045728665136423714,0.038439354611556446
1800,-0.00782127210736949,-0.08767423201671634,-0.10159258835847837,-0.0644508830205971,0.019273199795097482
1801,0.0005160927896679775,-0.1204350658042217,-0.14094976274871968,-0.05545390594105091,0.01670485419385321
1802,0.023976517718379272,-0.09903883236989802,0.05181252696897041,-0.014540874217492209,0.04673480906756982
1803,-0.016129304110488157,-0.08903181790075611,-0.201173053814172,-0.02554613422203839,0.04104567590570313
1804,-0.01806525842979088,-0.10865034313921014,-0.15021880478961935,-0.06900208321417185,0.04411280133722139
1805,-0.010610624116589754,-0.15120714009649203,-0.1633401450089311,-0.009374369100037687,0.021335449239856568
1806,0.004206108967697717,0.04455917246147979,-0.03267763199512675,-0.0227252623760527,0.08161971051095132
1807,0.020358983482906347,-0.20620223619544764,-0.17843741913123887,-0.031716373767655535,0.005870716639076906
1808,0.02442115379079149,-0.11782794321964259,-0.07204655270491116,-0.055257715568089796,-0.014629858918431677
1809,0.006955266943097095,-0.2076123765529445,-0.033054708991778405,0.0076353074444444535,0.02717769603459365
1810,-0.034377083095829215,-0.017898613369285252,-0.13936616355270443,-0.08896095162570783,0.0016551645572179673
1811,0.009200733533484905,-0.06392796357912965,-0.0438173570137654,-0.01432274576843586,0.051206982350917155
1812,0.012302890565902714,-0.10051357966043331,-0.15029860283306176,-0.03360031150662086,-0.0251756875165068
1813,0.002829031830311141,-0.134313280452089,-0.06850508112004489,-0.03384530358518953,0.06305647200118397
1814,0.012460462760929752,-0.1420685873414497,-0.09393924069786785,-0.004441235491817027,0.04367856679519566
1815,0.028444857479345515,0.0036974004000339014,-0.070969861353442,-0.02918085728084377,0.017961025219278056
1816,0.0171830507070135,-0.13444688551398817,-0.10709254807310424,-0.026323883034632754,0.015646041170209738
1817,0.01667821550733257,-0.07752582622113573,-0.10613515219486351,0.0013099451687627291,0.02076337088518008
1818,-0.0034446841783059598,-0.03787140842846819,0.007463166192396052,-0.05521251155763669,0.026519638786941007
1819,0.016954865142015448,-0.12205674443517929,-0.1362661414385771,-0.023906708201570526,0.0018309901108531908
1820,0.00022158365544548017,-0.024202104729000105,0.024821593972199543,-0.02223853932322626,0.041121673010619274
1821,0.0024755674011210224,-0.051114210623283675,0.014802803053179143,-0.02708007499338762,0.04321390786965206
1822,0.02482674996295374,-0.11640756605788857,-0.10839090998887127,0.008893860009601661,-0.0015051570350037148
1823,0.039535820682775176,-0.09453013427722111,-0.07797527322111206,0.0025507694721882534,0.001919499032161659
1824,-0.020657019997537142,-0.16312842988391488,0.003180910617969795,-0.05832244929300898,0.018852006958306716
1825,-0.014673995624594849,-0.13695170700821468,0.049657268216712944,-0.06679524571121143,0.015798532677994196
1826,0.02131901598227777,-0.24654914697188796,0.023834103363651795,-0.0013502473367798015,0.044306177748654245
1827,-0.011343200935562944,-0.09527619468039399,-0.0708540714920757,-0.05161526612330394,-0.0033517992290803883
1828,0.005546870254954038,-0.0733392863499821,-0.0033044968843051617,-0.001270473036535061,0.028422224149018856
1829,0.011244068777161399,-0.0851987880146277,-0.10826572689256449,-0.04066976308536035,-0.001293337188127519
1830,-0.0004302320860329244,-0.2238908329471926,-0.10634947065004048,-0.0006241952572557886,0.03612902848763892
1831,-0.023812758429216027,-0.10043506326160702,-0.12067808255500109,-0.030628867610782984,0.0012990284067423172
1832,0.016425555844915403,-0.11817693876537014,-0.19259486574862214,-0.030653143933991343,-0.006259710275039789
1833,0.04423532334164336,-0.11129685881264184,-0.06637146802921784,-0.058437104068274064,0.03760391099818144
1834,-0.011410808255728273,-0.08197499455802416,0.06780364760116689,-0.020511264741300515,7.72459090972602e-05
1835,0.033216386358873806,-0.019904893680019336,-0.14427745952257715,-0.04057671996481618,0.04728802988692285
1836,0.0354925509777652,-0.02591169628159892,-0.06010944136133773,-0.056356376432312824,0.0444189554240522
1837,-0.008577470165376466,-0.09208770127491377,-0.3009466692890364,-0.04515343883757533,-5.8966461264995225e-05
1838,0.003913169060071504,-0.09692637244416143,0.013290092538417453,-0.03216343770895949,0.04395846859504622
1839,0.010226234462318618,-0.10215365424730213,-0.0739672912414259,0.02566239697869871,0.035671666083192166
1840,-0.0423797816684572,-0.26040011118001644,-0.1065108522089102,0.040095259990081435,0.029252243730875795
1841,-0.021733412572965464,-0.11689432798490831,-0.01377404387423367,0.02410493856648584,-0.009013559334917359
1842,-0.034381115874942324,-0.11571219611258197,-0.11522669549171087,-0.05059743394409315,0.04592212779393569
1843,-0.03492079415654596,-0.12649176505231674,-0.07444501098055581,-0.036911099186236904,0.046747239008350115
1844,-0.039926172273594074,-0.12289669710654484,-0.0626387147157016,-0.004824238899058191,0.010515640390125085
1845,-0.00043266874995210225,-0.11973502465972595,0.0066824681442883135,-0.05363968242215818,0.013545351762031083
1846,-0.025414267676198997,-0.05084108932573114,0.08035672867926237,-0.01840153815043975,0.03531270288500348
1847,-0.0007314823135598594,-0.11959923103336612,0.10449491272884393,-0.04280223314945614,-0.03630303812062533
1848,0.04004712743245956,-0.047893461563395134,-0.09172134886290935,0.0064238633074711615,0.022240675080910537
1849,0.03390383674645636,-0.11969493137529873,-0.003354370193510207,0.01948104637403035,-0.014539458454154566
1850,0.0038084797544798523,-0.13144590548304366,-0.17450090005456315,-0.004082431771045303,0.03972447092602856
1851,-0.01713941576187161,-0.16022754928104768,-0.07229286909556348,-0.05307067003162686,0.01220859215400843
1852,-0.009645361671000358,-0.03989789492887768,-0.03931687495775314,-0.018508733191041855,0.04656947932378665
1853,0.02648785624793621,-0.09492790658816638,-0.13174905078320778,-0.04802170589906606,0.002241796314026302
1854,0.012279327545164004,-0.16670679449039089,-0.0727091595163463,-0.022006044915217935,0.03714941463797339
1855,0.0173958830278961,-0.1288320043326291,-0.19071043760114345,-0.008314738835342951,0.035326628534062286
1856,0.022121389927046417,-0.048240229444488636,-0.13315326442581793,-0.007408316107076013,0.0177099923653441
1857,0.01404286846283124,-0.12235420114974435,-0.0279761805059966,-0.02176439420762645,-0.0022278028608899406
1858,0.006422176548426127,-0.07941638679912708,-0.05208769835126545,-0.04278766013700577,0.05562752920321806
1859,0.01600408662606602,-0.10260417718608451,-0.03722602856792137,-0.048378026010113734,-0.009041264754673883
1860,0.005424754991839386,-0.030816026119008605,0.13035091639853183,-0.0065608891911569794,0.04423126765367107
1861,-0.0021743629716897495,-0.06899651840799491,-0.06515562953372656,-0.06813438761380258,0.012445763205754256
1862,0.012745156409157432,-0.10512721242882586,-0.06810723898996073,0.004215918964004621,0.03422660667003567
1863,-0.006074059926135542,-0.08515475877339158,-0.01602078628925592,-0.05649634013161387,-0.011612308703690868
1864,-0.021262776533004797,-0.05722976723101994,-0.022964198394812292,-0.04641753030841352,0.024708534492978627
1865,0.027454677833059056,-0.1063870181445035,-0.12183811749770336,-0.01986630011494559,-0.00296482227465854
1866,-0.0008536253086053307,-0.1470546808529797,0.010643024617404686,-0.03483829489762601,0.02962018223426006
1867,0.012771917229027891,-0.06473031126838522,-0.11827193632159676,-0.013795932332627625,0.01592560528271662
1868,-0.007377342584874216,-0.06388770491267315,-0.07175416322397284,-0.044979445818172675,-0.010466905760077564
1869,-0.005519211643306185,-0.12654891618144723,-0.04777215899715728,-0.013105897842258414,0.025501578310585228
1870,-0.015797409012936563,-0.08696370121164489,-0.025569967057581796,-0.0033954109831925796,0.0029335154486471353
1871,0.02542808781218314,-0.11258317683013858,0.024164266249444837,-0.025991937949390094,0.05378470472764879
1872,-0.016499118098243656,-0.10266327748651749,-0.10617797343098193,-0.034823325229377027,0.0025859983785981176
1873,0.02988861979709621,-0.027963626609360463,0.037789162200423325,-0.01458572032572056,0.0396119655948842
1874,-0.0371706023502271,-0.07559488188187416,0.04924587864318223,-0.02437960760683731,-0.01160856568765617
1875,0.014544482097675752,-0.05674416856569178,0.13783037129722067,-0.04709257070934088,-0.017692381272731195
1876,0.016990851614452837,-0.06315831017534929,0.12814016283639568,-0.04818344182195444,-0.02213186747767742
1877,-0.002541114809875138,-0.0709030343453897,-0.16646344157115422,-0.03066922093250612,0.052665461026131205
1878,0.01901383608252668,-0.11167291144925623,-0.07311100922339395,-0.02957128537224416,-0.032817600801261726
1879,-0.012476998529514503,0.020548615008887498,0.09153131991237773,-0.0754362839362876,0.06852628575982643
1880,0.02255593100298757,-0.09724943323090746,-0.18040386035502617,-0.004416430667900539,-0.011560431023287696
1881,-0.010303903943133646,-0.062042466688413435,0.004612403661859416,-0.05568028377816571,0.00786203065382402
1882,-0.004748540349146757,-0.011450807657397406,-0.15130706936640018,-0.013269954053312489,-0.0012023489721334137
1883,0.048291128963742366,-0.1725809902588024,-0.05022320077750382,0.003994277915762943,0.013236187437448928
1884,0.029103155784881814,-0.1365876415560392,-0.033585833117334006,-0.014016479518458396,0.03553354164790038
1885,-0.01359385702935713,-0.13730137969992354,-0.2205534419270609,6.399816745780558e-05,0.009715866679909944
1886,0.019183757473959992,-0.10020472883857337,-0.08649569360989595,0.0031211647337815126,-0.006258291713580597
1887,-0.01515963072237441,-0.06235726875283184,-0.012424874338911306,-0.027437597519185578,0.05466265746021085
1888,0.02294635530547431,-0.11705884760268834,-0.07035192919391782,-0.003385063513920052,-0.017478306115926698
1889,-0.011538664717086072,-0.07119328362658785,-0.2351521982852771,-0.06708153081515489,0.04361774609373649
1890,-0.02188441087596586,-0.07305312716981417,-0.36995756845144173,-0.08067301188151015,0.013148997154199026
1891,-0.005339599111313154,-0.08704151922066126,-0.3243693697676302,-0.06989415348512167,0.008609185861416208
1892,0.006744735123361246,-0.11807500980230075,-0.2112829429848609,0.009133254179030931,0.026459063940104
1893,0.022811333591036455,-0.06286639677882774,-0.11501735875708634,-0.06374366053569766,-0.002752196195067255
1894,0.004131026571968235,-0.10500073746090323,-0.056028392859909265,0.009556444721992933,-0.011307494663901206
1895,0.007498951298076455,-0.07851886776803003,-0.08183713472184913,-0.05337158129849864,0.06426270357061499
1896,0.014610113163520748,-0.10040587518499369,0.018177611247743253,-0.016002524464264204,-0.02588832747377813
1897,0.0012388760243635022,-0.10243485040881511,-0.028413987121501227,-0.006126589384039145,0.02770184489305642
1898,-0.002423297937626299,-0.1459277143668036,-0.1220489367704342,-0.036237761110171754,0.0483825234070739
1899,0.01665465259053711,-0.026056908255586958,-0.07670839450353124,-0.01755984576828925,-0.027313838338755815
1900,0.0097876420181841,-0.06398045045474882,-0.0781335393623954,-0.05609203434709363,0.07402976481385372
1901,-0.004195071408728619,0.046022981639119456,-0.128956365320862,0.00658782759414471,-0.009218328270801986
1902,0.0010154670516297419,-0.030706312362376344,-0.15000027612338754,-0.04003632624304833,0.01542198601713954
1903,-0.021408506631664465,-0.14033133485108712,-0.024962784424318905,-0.0345957164348772,-0.008346811294855214
1904,0.03400451465432678,-0.10384651403030067,-0.15118296439980672,-0.02877319407186419,-0.01770230081431777
1905,-0.0072878358191566656,-0.14898173631387804,-0.05208333883120768,-0.028829955903344168,0.006604969127481482
1906,-0.006118335068911257,-0.1726736419754965,-0.03938952534359254,-0.012120159627646962,-0.01005080918725659
1907,0.00786710672911399,-0.07394327482976075,-0.04186183917602677,0.0031869924248154515,0.05006409726244556
1908,0.0005338354032959921,-0.06096401819727503,-0.03502249049740967,0.0062473876869548394,0.05947008489488241
1909,-0.002808200352567187,-0.08966466804250438,-0.04573677568570997,-0.04364999791238133,-0.038392933980917504
1910,-0.009840570922099652,0.04698436503173519,-0.03781449100137511,-0.028457053617691738,0.08040711481990175
1911,0.013661356274598562,-0.19521848946463266,0.0033885943654047373,-0.027082393003761297,-0.011433964395292843
1912,0.014657667947950873,-0.06923569522523115,-0.08985822953524508,-0.01439831511939113,0.019033664974066892
1913,-0.005039024035715613,-0.07487689663105694,-0.09000569863871477,-0.02671735094305031,0.03609775403051821
1914,-0.02305179219761431,-0.0011111357207907837,-0.11786587718495893,-0.04637028596149755,0.04321183631722038
1915,0.0038020055138154735,-0.13271423889850292,-0.0610287367712061,-0.022871113980800693,-0.0009981780821247985
1916,0.0016519965155200231,-0.13478083926667467,-0.07290548264419516,-0.00968209345805223,0.014228148118350476
1917,-0.0021858755217557054,-0.08198184612333773,-0.09775243696815868,0.0010564996637670034,0.030774371809322156
1918,-0.03969839664543152,-0.034804844644279805,-0.13194827356934113,-0.06217855297053261,0.020899946586078345
1919,0.03824100417729857,-0.04243826385600475,-0.09449902166077957,0.009621124440368905,0.03640033812170938
1920,-0.03265013753719397,-0.11039341732688951,-0.013032644405635101,-0.05427615501872915,0.009351596633890014
1921,0.01592504301094875,-0.0862720421344017,-0.08500617583249903,-0.04383269606598711,0.0064440422354084086
1922,0.016910035428309926,-0.11908929377168863,-0.06347562221665672,-0.005584561543626019,0.022712551477137976
1923,-0.009813491280357573,-0.11427111385112611,-0.07189219687917427,-0.04068770824063227,0.0060442292737430525
1924,0.042038136586471625,0.03339583612507242,-0.07793618270542732,-0.035951847406186004,0.019999227896050558
1925,0.011887902377878155,-0.13723463216248893,-0.07587698413154713,-0.03378268880189651,0.07876615815137822
1926,0.010195488343379668,-0.14081118684391322,-0.11607986620252597,-0.02307548503181342,0.03276286798932674
1927,0.01572811032542283,-0.07322731620662574,-0.07298692604504131,-0.015695756424355434,0.05951902739856812
1928,0.002802099658005577,-0.1530770689882115,-0.21533957486745772,-0.01476937793688446,0.001996189281383767
1929,-0.004199980836831107,-0.08552778617277598,0.046362020456053116,0.0036567665067136954,0.033218033887816314
1930,0.015902139570732644,-0.04736554549061397,0.000979808105499872,0.023866804565300537,0.024203149762759547
1931,0.010778404623570185,-0.09735314722127836,0.21604469125215686,0.006458735506074764,0.027338059620340714
1932,0.016008864044811066,-0.11053282691824753,-0.1282054854221825,-0.04169225117738143,0.018879157091597536
1933,0.0055502591580427274,-0.22361533989027244,-0.06330135901976133,-0.06066465520710708,0.037852076009259314
1934,0.022874269696202158,-0.06720884408516765,-0.07244386398841553,-0.09417825919625893,0.039112130937911264
1935,0.0064269032435500745,-0.19013073783269138,-0.09326515563804433,-0.11381929756843315,0.04408894469624299
1936,0.012092731742190185,-0.026420418991192806,-0.0571784656522378,0.028431322813266508,0.002850191326821405
1937,0.08063969364470863,-0.09907536315719243,0.0067476674464613555,-0.0720339701076127,0.028067138774357774
1938,-0.0012308555652393513,0.07916902451750123,0.08950589334778693,-0.013332591330386896,0.036118895138945555
1939,0.018134583701565083,-0.05014054788309237,0.013828927536262478,-0.02238301459508178,-0.009623891064295382
1940,0.019939442561017817,-0.09736216075138164,-0.06607097745155528,-0.06830535832841338,0.04707733756860527
1941,0.014364127121471807,-0.12874178204425438,-0.04651972123481108,-0.041624727875660655,0.010038050124363766
1942,0.005363868386344197,-0.07534412747124676,-0.06002873843370913,-0.02940673177218675,0.0261872385100717
1943,0.010633128126689623,-0.10666632231227688,0.07779995571706967,-0.06493003223870866,0.019219342751742138
1944,0.0016591566655568563,-0.10100147558138596,-0.10579721820947112,-0.01189376347105421,0.011982056439777627
1945,-0.00758929487733955,-0.07457839119359,-0.02694068467217707,0.026772110905416757,0.010529450250566771
1946,0.02611771659412546,-0.0752542311715899,-0.02149771488683066,-0.0436686303831813,-0.009793768823282758
1947,-0.011647204267608914,-0.09469432445827074,0.008914898036021576,-0.004587796238798862,0.04061594951256725
1948,0.018635405460964285,-0.1251435772647607,-0.16667377450680662,-0.05962436589275997,0.025198010028235723
1949,-0.01604995452243284,-0.0554915695554696,-0.019745856717188856,-0.01507802916535745,0.00819361431864647
1950,0.01107394909784993,-0.14579911847518745,-0.030213010499282704,-0.024922699229736806,0.024328821084710482
1951,-0.0017797889022485402,-0.14243027813502288,0.08158287501943995,0.00516291410401459,-0.01696666761753274
1952,0.0056146178255113595,-0.16753647616714357,-0.12612373108023325,-0.030048144072697958,0.012564431790055333
1953,-0.008921487161080042,-0.062170082792758215,0.1754046224682493,-0.018864754419073333,0.05128941857921082
1954,-0.0014257040572950056,-0.028890983885970046,0.10444447600831486,-0.02594690865205065,-0.016184109345592855
1955,0.038107404636746486,0.006281339798446246,-0.0377054436086332,-0.005884609546473345,0.012234754333825038
1956,0.01140320667410001,-0.08066177988311962,-0.21708534375456506,0.015825513037595232,-0.0036780397516780073
1957,-0.030668753144198247,-0.09246197173586526,-0.028287936295042247,-0.013076315901501833,0.0011848062927669936
1958,0.053821464937415305,-0.11508958079380417,-0.007867742536245014,-0.029472416085449784,-0.00980653894515018
1959,-0.02973125433948386,-0.006983403603534312,-0.020561438054740706,-0.029786523343106622,0.030832362869021395
1960,0.023812105625267855,-0.09702399228968477,-0.26419732334447305,-0.04397320371521193,0.0041452679374203135
1961,-0.02853955810204707,-0.11156280547103374,-0.02289910416874505,-0.01698391614322054,0.03955059423273505
1962,0.030976887631923147,-0.06347642051448209,-0.0324423276389752,-0.011242943751867815,0.00866498598868862
1963,0.005824847246978342,-0.07514926776828558,-0.15849565045573605,0.011206119997090059,0.02379059331802804
1964,0.03673788129240056,-0.14331144913863983,-0.09707654351367355,-0.012354704254740315,0.0007038305980743583
1965,0.040266525392352044,-0.06347460110606078,-0.10819586077207427,-0.0062274765352372495,0.019468944735881642
1966,-0.014334386252094754,-0.0812564330657298,-0.00324327170939093,-0.03569674478521818,0.00713521952547115
1967,0.04809587950939722,-0.008960992454961665,-0.10669871905434383,-0.023126607794227257,0.029486232494551363
1968,0.025742593415820733,-0.13823147868655833,0.0489601257511837,-0.02611890335059919,0.030097110503084085
1969,0.011311206174354018,-0.12486257295064024,0.0791603850928826,-0.033272690681138806,0.010968181194315887
1970,0.0024892945803265763,-0.05716192135423846,0.006049734798887191,-0.03875514927480331,0.01983191450834952
1971,-0.0023924761176846126,-0.08935661240919185,-0.09802128836442552,-0.060790359362375604,0.004807272050033389
1972,0.031241095904744057,-0.0959231636673233,-0.016045183440231744,0.002906829685787003,0.04427455940610946
1973,-0.020010273967654035,-0.09077292362777907,0.0666871327492234,-0.028490866991738754,0.015416362650954977
1974,-0.016534251681523247,-0.08767389001960771,0.009713718085401833,-0.06972388340823146,-0.012341054858400457
1975,-0.007567589144290677,-0.10676245941886649,-0.028658004474026295,-0.10473579201835632,0.009153021536623515
1976,-0.00590125695558268,-0.09851606615587241,-0.03500909766404797,0.0038449524833465065,0.02405017519699592
1977,0.01415117140621313,-0.07816029365942032,-0.3046633031863844,-0.08844316871868592,0.012670900167704282
1978,0.03133351305456137,-0.07564850465280926,-0.0783124202324083,-0.03330678070082343,0.036800450522222306
1979,0.03204738532364272,-0.06885773263304043,-0.1059490007827226,-0.040791818915209194,-0.0024533195184723413
1980,0.06185964610943247,-0.06146922017973735,-0.10337266693741283,-0.0034006590222912182,0.05973133856964862
1981,0.044387655380964335,-0.08229953564773031,0.0028486068493124655,0.019653864501014626,0.05608023224806617
1982,0.01482204251214931,0.014649510032332069,-0.11059917193864291,-0.04402071774144836,0.016769962740879545
1983,0.023100030110441424,-0.13740299891491678,-0.11769719437930572,-0.06003524381904594,0.023894806795651743
1984,0.02571929087937755,-0.14302362608091565,-0.09042788049153407,-0.04622881472503584,0.027381543052518695
1985,-0.00711043637363102,-0.06841883807819747,-0.05776996448722766,-0.00423206328011388,0.01568847370045882
1986,-0.0070949187192777385,-0.07100889263639543,-0.07009542481131478,-0.015222442854834988,0.012452444792831693
1987,0.006712144974539438,-0.07211266155122704,-0.03405515227480006,-0.03463140886044043,0.023791495045058328
1988,-0.034246685975709276,-0.12049136578264663,-0.07052602844184146,-0.011851719345165594,0.029360174157209117
1989,0.009931582090855814,-0.11502619626262328,-0.07033378719211404,-0.051360708623689605,0.016026330329280927
1990,-0.023884036263943788,-0.07434411168185909,-0.09300421384784563,-0.054214026691551606,0.031151335737334706
1991,-0.017618031496655834,-0.04964092594765985,-0.06792723209851499,-0.046489494308399666,0.020036302342104767
1992,0.009518126776899668,-0.09030505262602039,0.07298129301695572,-0.09152880764149925,0.0180175773357129
1993,0.02518824334760822,-0.267322617845053,-0.08182052153638664,-0.055765075908439446,0.041520515209451304
1994,-0.01603188681290663,-0.04345161203014149,-0.0008081524689227322,-0.04856193688805738,0.0011638696464602188
1995,0.035364734777298706,-0.09317116499192893,-0.12870219608299863,-0.08780699714554553,0.025144245956800933
1996,-0.020884101911493366,-0.07746309969780217,-0.14231143377674504,-0.007046907763913403,0.012777227236166448
1997,-0.023358506085987576,0.11558070345968519,-0.08938421286588247,-0.048929462045481376,0.012926258414705051
1998,0.01262841759773415,-0.06722373395313877,0.04171938861489289,-0.011032158049539659,0.002144617281533889
1999,0.02240746065689616,-0.09460183923562876,0.037133159343144054,-0.01517290860588003,-0.022444700355102324
2000,0.008299927744443323,-0.07298069206396562,-0.1276196484651225,-0.0028033949911402886,0.034321567238114824
2001,0.03266819285105329,-0.07661836215887322,0.03561988791263273,-0.03762592206499541,0.020606872918758897
2002,-0.01727011305900143,-0.11551820411328978,0.06542246930866083,-0.03429614316215368,0.020374403367136824
2003,0.008736498656863188,-0.07422028558128772,-0.007099887810798026,-0.008272738706640614,0.04861019669881276
2004,0.005965552116389596,-0.1305036860210341,-0.07941434682239916,-0.028225081022138616,0.04406587137138837
2005,0.029220206480512063,-0.01732016818446621,-0.09648041672227535,-0.01394776296892215,0.011966831699668602
2006,-0.007462341705885574,-0.15436392656903958,-0.053012865904023244,-0.06140970426022917,0.011741448529663853
2007,-0.035246751740223806,0.020267176658331665,-0.1031295229188998,-0.008908955637447988,0.06001548637798198
2008,-9.361184247926316e-06,0.008639177332260462,-0.13652374215986235,-0.05890552523321737,-0.006741944292700692
2009,0.02267365589405334,-0.12911752175895613,-0.1154196769230046,-0.021652801987007402,0.03778235278027841
2010,0.0184902063006344,-0.07196408150873804,-0.021244405978621525,-0.04737948986570293,0.018893658662793387
2011,-0.0010333086317311604,-0.2400794817375072,-0.10342810030598924,-0.008034890508879865,0.012786126877250113
2012,0.01923485102651487,-0.23512233617514885,-0.13452887413861694,-0.0526557609353082,0.008219290228955706
2013,-0.028322701159817262,-0.022083582559929905,-0.13328351557603305,-0.02321449005005172,-0.03421164765614789
2014,-0.0404483136590744,-0.0728491309059454,-0.07948384004206463,-0.055050235931048866,0.001324310368542524
2015,0.033816391614548455,-0.15170303469778895,-0.12218686249660626,-0.025273142219038477,0.037051841783056844
2016,-0.003133704392057078,-0.088043774294834,-0.043392286055300364,-0.040073479704289094,0.03253034158998617
2017,-0.003485640515290702,-0.1021313108702556,0.12992401681449034,-0.011311092732363913,0.0046916469727269865
2018,0.004633580590431186,-0.13610119970366247,-0.03670429315590238,-0.05728490973567631,-0.00518235037971935
2019,0.0055616499721536225,-0.16305426837663606,-0.01963312517071345,-0.03833278327875002,0.02280019503082814
2020,-0.01650255280984308,-0.08804581944203509,-0.1291004612386763,0.009982303890541265,-0.009473126479118875
2021,-0.015478057924795962,-0.06930814050412527,-0.017535341517171357,-0.02946677004247881,-0.015053571765541021
2022,0.020103746274610174,-0.07966076904680298,-0.0927998356829881,-0.052982006250447446,0.03273443047558722
2023,-0.00367176464766948,-0.09808707416293483,-0.11573131029609464,0.011176242835044599,0.007894325965768976
2024,0.04402929548122018,-0.05548196075402308,0.09888456003918338,-0.011554643455258697,0.0064613053638402276
2025,-0.02918264710386343,-0.083672953197903,-0.006527688896502237,-0.029858139689573873,0.015420154922231326
2026,0.028107891128138038,-0.11295497471464466,-0.08187183469507993,-0.034624502654702724,0.0037122669137800526
2027,-0.05056090035936192,-0.0945927140157449,-0.06184888214716239,-0.07320444742386732,0.06917022242804786
2028,-0.04991121588958219,-0.09432364098271977,-0.06661705640522575,-0.07926120149877854,0.07006671419522599
2029,0.013516497545511827,-0.09380602677675139,0.005496596077120016,0.006090396862537798,0.023788459747190453
2030,-0.013539731219014082,0.06285257480036344,-0.08329485400701507,-0.07747588695007832,0.05625308371141898
2031,0.02049022682355181,-0.03287933553312026,-0.10859725346568727,0.007466702515975538,0.007797121989709798
2032,0.0023228105913907274,-0.07844665131210085,-0.12849580796024415,-0.018570972193753088,0.050130188640461745
2033,0.011272325267068027,-0.07035579895425793,-0.07616047916944499,-0.007540718462765862,0.04169713113113835
2034,0.006536816633115963,-0.10996959052396592,-0.05393394782544362,-0.04637602661582066,0.029664096015143148
2035,-0.0010793183850985651,-0.11005575829611736,-0.07680452149427526,-0.058675266805481484,0.03602923860863088
2036,0.00690686767202274,-0.06612805308034563,0.23372564650970407,0.036443779098350185,0.012488942291781583
2037,0.02617855378691498,-0.15953150140579592,0.15567554073709303,-0.010813406740108052,0.04285435433145421
2038,-0.00769142138436355,-0.03602791670121275,-0.07344032177444419,0.10239673482720776,-0.00886892043696777
2039,0.03711789815561646,-0.16551956088009703,-0.0775004428007002,0.1333470735407167,0.017291679647667976
2040,0.019223437779182395,-0.12255218627617717,-0.3002850875102251,0.1068803868365686,0.037015848869626854
2041,-0.01159932626313085,-0.11566473578475617,-0.04157878009655734,-0.036507413858302654,0.025823549130940957
2042,0.00793235137131335,-0.07270319609697708,0.1379880524037647,-0.0038446523030524087,0.02390796536875111
2043,0.00800818779275561,-0.04866537495295631,-0.07256721556519541,-0.04156845024818928,0.026723633808519644
2044,-0.0054261953652626855,-0.20894061268764177,0.08662422457173989,-0.04615741941483733,-0.010725237131562789
2045,0.0008830571403902077,-0.07026453208440364,0.024501108208061177,-0.016921565239739682,0.010712101515915496
2046,0.019157435508070367,-0.15651837419392853,0.011212959902841109,-0.03311396245992101,-0.007947870941558782
2047,0.00229778609774811,-0.0723240642053003,-0.09221402932857907,-0.05695270477499107,-0.0038838892565113904
2048,-0.010578517086232775,-0.10867686067376066,-0.010025736979573714,-0.009484321157071847,0.017251993774741296
2049,0.007477063230925555,-0.06576400349418488,-0.05663400113563997,-0.15905659991899027,0.03984035731283923
2050,0.015255575366701085,-0.12371388905027061,0.025905067765233013,-0.01836967808554698,-0.007600780860131308
2051,-0.020283006058166797,-0.10020411824026026,0.17707621870591508,-0.05180654721097246,0.052072789433637405
2052,0.028808055825153042,-0.10755012357613003,0.019036815259585917,-0.021981688655858686,-0.004078271275538608
2053,0.032097708323730455,-0.14646289013881741,0.00726585331838785,-0.055603752460287606,0.01802017805863774
2054,0.026230076991164402,-0.1384470961538395,-0.0782279242452949,-0.04899078054698392,-0.008414299332296855
2055,-0.004415039381256609,-0.1262328482927304,0.021459164331543747,0.00305849441577032,0.01980047391476987
2056,0.01767934031636435,-0.11856513469131966,-0.1896820055713969,-0.11116014524853758,0.04904132296484604
2057,-0.004381516231042871,-0.10600974389502114,-0.11215402738396361,-0.0038469256202319033,-0.002133688088907108
2058,0.024588314230086797,-0.13072059393200675,-0.0834287292328283,-0.06339383260002905,0.06521476140389403
2059,-0.002378253464458014,-0.15897206482394438,-0.03211310818028843,-0.05376271840891978,0.019459848312363616
2060,0.011249233938681567,-0.16341225631071765,-0.41331202339761575,-0.059768558734998735,0.04891941255907239
2061,-0.014189687264298435,-0.09722984242993797,-0.2748060620683489,-0.02667771756322171,-0.06260583707474408
2062,0.014481667638105943,-0.06827165434347994,-0.07252517416875184,-0.03365523230272242,-0.03489176221749424
2063,-0.008934504109280391,-0.0994101546117238,-0.09028277437712183,-0.026890490953326605,-0.022084083721022642
2064,0.03061112852191214,-0.07872070995850579,0.04063682071362808,-0.005121737227726652,0.05628134727361971
2065,-0.0007098463138077585,-0.07884528789150778,-0.08951550030428128,-0.017002885595875917,0.023781179404124716
2066,0.0066112710646223415,-0.09963534878536222,0.0008838714427835357,-0.03872500563078343,-0.013770893874762543
2067,0.026643900879882526,-0.12270760578137961,-0.4541332079142219,-0.0036609217368127993,0.016744431393395372
2068,0.0331010230489307,-0.10895909567427668,-0.48459693978438795,-0.008452550552234537,0.005878139774080813
2069,-0.006464785774850997,0.0601042049834388,-0.3510039040219535,-0.043375923643936436,0.013567769207190323
2070,0.034501216802955655,-0.09980465677194941,-0.064958412028848,-0.04388069175300622,0.016291546105763374
2071,-0.02737486799081718,-0.08284776599117485,-0.15685453965481624,-0.0210911519245487,0.013483361211727607
2072,0.008349218356593876,-0.09216541181012962,-0.10418300512232968,-0.03399006382092109,-0.002335350635052622
2073,-0.0026154708190660276,-0.07029903533350258,-0.11868438303032298,-0.02767997742572081,0.04301176838579076
2074,0.009300705921648002,-0.12101564059960249,-0.0761833599493084,-0.010686402131224435,0.013827948095778553
2075,-0.01712254776952975,-0.12558394000423043,-0.002147767955022095,-0.0060156018298911556,0.006863176525630299
2076,0.018645312317949907,-0.13104213991482755,-0.02850693507942314,-0.0487584157056424,0.0034111293030921097
2077,0.012341184065258118,-0.16534972356992994,-0.0891114024590005,-0.0006239164469781563,0.017616904723467088
2078,-0.0058478985557681865,-0.13217653181126665,-0.0934050278716585,-0.05544990846010195,-0.009164159585254761
2079,0.04015848502347891,-0.012753599395466622,0.1473443515660886,0.005095481799933352,0.022854118734189525
2080,-0.03018815169453666,-0.11398728397152307,-0.05262164310928852,-0.0467615431093786,0.04361565034347025
2081,0.011900176397906142,0.001265188165622383,-0.0731734058825359,-0.01435037992912231,-0.0024726266324375684
2082,0.020972269974250248,-0.11524954328191399,-0.1330113272772672,-0.062376565706238056,0.025687487486779046
2083,0.01523785205862292,-0.12021169906337402,-0.1795858011290588,-0.00922299136167667,0.01427978369990322
2084,-0.0036091000478454577,0.028264339735335854,-0.05371134689178702,-0.015594020133035957,0.031242795124178668
2085,0.02187243033390399,-0.12935359771554783,-0.11401119575092895,-0.048912376633720105,0.014565919265211733
2086,-0.006663668361714914,-0.0766437120274606,-0.04681713202358984,-0.03585445445174864,0.05166251160210028
2087,0.00864271492795654,-0.09456752531622502,0.008596622041675276,-0.019512776444554215,-0.027883394516668585
2088,0.027519282921338345,-0.09949142070441998,-0.09043985303820497,-0.05526779160770335,-0.0005558565141072868
2089,0.014858939717238841,-0.020581574638159784,-0.08765060582601776,-0.06786005324167174,0.037113074417176733
2090,-0.01623294912528945,-0.1679509716997594,-0.12230198073066698,0.005512416180165166,0.0022470075511462225
2091,0.015904656709473358,-0.0991448932049477,0.009941685944570051,-0.0405993388853961,0.0477302071524283
2092,0.015429845529617268,-0.07333115368863112,-0.1213832542415939,-0.01129224742565658,0.08341907710989815
2093,-0.004411343357896224,-0.17030231273388444,-0.277808634729091,-0.06696033418289231,0.06077479420531973
2094,0.011971159019187763,-0.07572972578058855,-0.05364002257331786,-0.017012538806052788,-0.011525865908042953
2095,0.012461342099721965,-0.09485743001290194,-0.0407743700805572,-0.015192380552358168,-0.010367106787250953
2096,0.0082377487947326,-0.10674197069242215,-0.09326415375565583,-0.02591510974653359,-0.024070858296427782
2097,-0.004376393678553669,-0.09832365399658408,-0.09745285085567967,-0.023648982201479627,0.0173943689167533
2098,0.024958495710287774,-0.16307108036934365,-0.03822059440668499,-0.04350696386764257,0.05051450735636423
2099,-0.009006020667676534,-0.07370359065367221,-0.010808014411228532,0.010461246487037607,0.01788992799603213
2100,0.022740023672496324,-0.09358244023693275,-0.0063961929084131695,-0.0735104246040153,0.009807380671602505
2101,0.0508484057141432,-0.09352986330526106,-0.030740617995151532,0.01867795316269751,0.010280347302643097
2102,-0.01856294257429953,-0.09523088159339863,0.235762985946485,-0.020585494321306717,0.05006771432169098
2103,0.01344613619347753,-0.14302258726356393,-0.07446399954360584,-0.024460379452131135,0.0020888500383774646
2104,0.0077196493291212046,-0.09874588048522298,-0.18094744897628648,-0.018516583506198486,0.0013995602816279519
2105,0.011637674181675817,-0.08940922837752033,-0.16194880998764993,-0.04983388053312817,-4.37995918125166e-05
2106,-0.013706837031724001,-0.1240174181681593,-0.007068139327010239,-0.056221421052282186,0.026656045404181924
2107,0.06398309183275694,-0.14415583213931463,-0.04440028552856763,-0.02615248522713208,-0.01372258319265454
2108,0.006222039025928193,-0.1863000109648001,0.0346133872240899,-0.006680141123207365,0.04168645394449607
2109,0.056935796927531104,-0.08710401606362302,-0.16949141496542597,-0.043956292736979465,-0.01991075544559022
2110,-0.025118445565026525,-0.12115061904060302,0.046446666903482405,0.0016709565519679873,0.043497087993015604
2111,0.010120467869402069,0.04475775495065462,-0.148015228187488,-0.030277367176750947,0.027217708750242677
2112,-0.006378647778932617,-0.11187055539122617,-0.010569974117385654,-0.012960886633427484,0.012395141903256275
2113,0.01906613072309315,-0.11277953507456122,-0.1282165545956385,-0.0266632660831163,0.05203098390643725
2114,0.022088427080366416,-0.11209368459027187,-0.024398289294775534,-0.03638486281657128,0.009011932564802734
2115,-0.0006782155190554497,-0.11261314203709545,0.09221844063529884,-0.011917880797911954,0.03041964605426311
2116,0.013068331298301632,-0.1438692908831084,-0.162723572791731,0.014152413421928458,0.029458894000784854
2117,0.006405078665333624,-0.13576216690200202,-0.0885346990798001,-0.0639390348694202,0.0455487700232507
2118,0.024648012455166637,-0.11869235681761447,-0.05746070893889601,-0.0233052424361741,0.04043891051152677
2119,0.0192998661802963,-0.15500112971785615,-0.0349093540761532,-0.041543274125423864,0.034628577480772
2120,0.0031492467270975576,-0.08741887998610433,-0.05435137459296854,-0.007008024692692683,-0.004899110308291569
2121,-0.0009318858176161819,-0.13783130976892116,-0.06430912505375967,-0.08819690801724778,0.058022073320571646
2122,0.01778681914023702,-0.07410679395834795,-0.09680041779774379,-0.00922944944069144,-0.0001359599000895738
2123,0.016470165699082124,-0.0030406723151259365,0.01595593941828684,0.019301722997824247,0.041194556868561945
2124,-0.006250343074958097,-0.1466042566190597,-0.30198623451754847,-0.03899721317072618,0.0244901208063975
2125,0.021371666773640663,-0.13670073592618887,-0.09410147642937762,-0.008366476653878178,0.008167013777577668
2126,0.03322839320472944,-0.10293424383566026,-0.10435748360650225,-0.05701616846797005,-0.0020974058692364503
2127,0.005945161701477642,-0.0960001586144863,-0.1629231744333345,0.0039043700613536,0.03013232943377043
2128,-0.009609037774629965,-0.05081027128980992,-0.303224892419707,-0.04228249840557959,0.046250307806118864
2129,-0.009846146188939805,-0.18399708351874966,-0.026474010863040614,0.01585300378296354,0.035921184435825
2130,0.03442820267743735,-0.08933220942103502,-0.06783091381385091,-0.05101985573173208,0.04216612937612556
2131,-0.01779524176361673,-0.11657396354884907,-0.04102798057358842,-0.014907320393646267,0.009341915376984807
2132,0.026405855854987115,-0.10288441233605641,0.04839434534303042,-0.03056661874057501,0.013012626320386841
2133,-0.01130940388032232,-0.10842041212886344,-0.04207608950388648,-0.026539795867320318,0.006884017657802605
2134,-0.023528160048166633,-0.08359559480566663,-0.032834333256543134,-0.012934165168918037,0.027727629645632884
2135,-0.03555680479321448,-0.08670852290387422,-0.05883790207283875,-0.016950966164533586,0.02217315008440952
2136,0.010043309636858764,-0.12854440998632372,-0.21007588991113152,-0.025887380494336375,0.033406591546801874
2137,0.015757543679202603,-0.09138061314088015,-0.15774535900128978,-0.04308641459165672,0.03937734783636083
2138,0.018405657194389906,-0.14211987627839934,-0.1481295209187507,-0.015846341355737332,0.042033334037762556
2139,0.018679434476273828,-0.12809556122442528,0.030303307811733817,-0.03139324082030196,0.006443372291135471
2140,-0.0065105269064831125,-0.11571290714408232,-0.04831662009982731,-0.020564692602998383,-0.001819753124178676
2141,-0.0033228079880420515,-0.06472673799284177,-0.19225435950087622,-0.03492986490239754,0.029148221174153475
2142,-0.0035916139551658744,-0.1363049013645487,0.014075220849060958,-0.06136030989473328,0.04769526749537645
2143,0.029841020257737348,-0.053376671503523196,-0.16419230831140721,-0.03697047891973753,-0.017036807657119162
2144,0.00574736529719757,-0.07064186208203786,-0.10894427048180916,-0.006340104931891362,-0.00200770640563241
2145,0.014339168240048791,-0.08647600444150452,-0.13263923751455356,0.01701743069197023,0.0167841269505142
2146,0.03499414291565022,-0.08043332432279475,-0.11753654657599878,-0.06411540257749443,-0.031187015966654092
2147,0.012781138945492819,-0.051318161016421567,-0.03177732300324312,-0.016277280318663937,-0.00864179082192955
2148,-0.0009704326642602908,-0.07232792703394349,-0.1560028197821744,-0.03890162253054422,-0.03457941991087459
2149,0.026645996182944637,-0.07407623676539017,-0.03186246039900144,-0.007194060879772427,-0.040862788964321
2150,0.0009511806279075111,-0.04838341413772167,-0.1633147730098628,-0.05412322725860039,-0.038323836100139674
2151,0.0167437158391328,-0.1980890735619265,-0.07544536004002096,0.004828667717490206,0.025304135447717237
2152,-0.011470721130284398,-0.08943178089714714,0.06531079682325386,-0.0407712342319707,0.04160199189984418
2153,0.027646171803903132,-0.14139318008651283,-0.41965693096900314,-0.01733388948154544,-0.039900876284981734
2154,-0.025332147608362922,-0.10316160246864645,-0.0321137961991919,-0.041560937829048,0.031051563713399635
2155,0.022303300137214006,-0.06620411728407671,-0.012284570418461174,-0.07276150310474144,0.0273946368808188
2156,0.014888361401180723,-0.11932058497828313,-0.060113722181085766,-0.05349646969429741,0.0310033563929867
2157,0.003063994371235918,-0.12579030640480118,-0.041647666303832216,-0.009229809594559324,0.025667051630144128
2158,-0.018964514428257508,-0.15986230600066414,-0.05985090207201676,-0.048421480342985636,-0.004499223045091629
2159,0.023254387720560373,-0.04501124642943539,-0.11174840605291492,-0.04030749745293327,0.030562917689868248
2160,0.0028970187146090186,-0.136536233767182,-0.03113555781457682,-0.008190559019594283,0.005462517182880628
2161,0.005138635442559526,-0.1471324988059774,0.05797195616291507,0.0028768712220138704,-0.013444149656013864
2162,0.05251022666929566,-0.04947251441819271,-0.05904891325424881,-0.020452534432154376,0.034307541335144735
2163,-0.01188960826273836,-0.07465712953356389,-0.07507254530271992,-0.016249805581037672,-0.014479490218626729
2164,0.01271240067030279,-0.09783951414392586,-0.18555955786994008,-0.011933290546687219,0.03641116873473647
2165,0.003039459720616236,-0.11489457007994075,-0.044947758396367214,-0.024344154464879423,0.008706618839312298
2166,-0.007425920076180267,-0.07295119604286239,-0.08935617343568672,-0.026862543683847814,-0.04077665341596296
2167,0.04843128436553807,-0.07805508762667072,-0.012196520063469265,0.032887548519255495,0.04525951599070509
2168,0.014383153074183981,-0.07706217309775236,-0.20787902203629627,-0.07964504861383265,0.014309662705962626
2169,0.019400707128109304,-0.09776441588518046,-0.0651183655068838,0.01060371723275171,0.045816318025767154
2170,-0.015627017550096652,-0.13348538935068033,0.03108321947073632,0.004883681806199651,0.015554518624010328
2171,-0.015163792409654842,-0.04265464809718495,-0.015229127529196024,-0.04872826979249751,0.013483535103861818
2172,-0.0184723551837422,-0.046952292118194794,-0.10826520792113392,-0.05882221636742908,0.013440441836940036
2173,0.014966832796040512,-0.12796474064802707,-0.08574675198934037,-0.0008803107541612601,-0.005808100480658696
2174,-0.007467009528726571,-0.035701518492654134,0.06541879270029569,-0.05409127409453494,0.05913273396146587
2175,-0.023215233253111686,-0.14431035618276897,-0.13995426892670873,-0.012806793098165603,0.05251073571393168
2176,0.028085803150665865,-0.024702497867039666,-0.03225314537487123,-0.028691950398745624,0.014768371103521173
2177,0.03713714159752489,0.15983187724097223,-0.13673743183904344,-0.054968466615422616,0.059989962773680974
2178,0.03316923757091655,0.12374148133529532,-0.078086154896006,-0.06286069232772215,0.04843455193231261
2179,0.018707675609175422,0.015109221992392329,-0.07636641386972857,-0.01705489972061557,0.011478523228686675
2180,0.006752748605706416,-0.07165170612672785,0.16745019762246335,-0.021528660522302064,0.035597335700548974
2181,0.00818861638109816,-0.09247629039676222,-0.0763598698031181,-0.0648460402586649,-4.635191261458869e-05
2182,0.01584562607925647,-0.09626592101534373,0.023998965602316565,-0.004126995006299206,0.0476789942459929
2183,0.003571709382121334,-0.11373866970816596,-0.09349822118803668,-0.019369446074351225,-0.008643763045553931
2184,0.03807752053683781,-0.15419026013559534,-0.05357071974048123,-0.01882392731398547,0.02390409904687361
2185,-0.0190432156069325,-0.12318124928236814,-0.17244583316644774,-0.06806109578777701,0.05177422668730823
2186,0.019242411736395317,-0.09217828164423252,0.052816791709837795,0.054054821532425,-0.006368296180601906
2187,-0.011608120590183164,-0.12798102626481617,-0.024654672475700225,0.02989521917066964,-0.01550615265746216
2188,0.02454996736964379,-0.11894156400078655,-0.11072699288910388,-0.021468445581323874,-0.029749102187989405
2189,0.03886739972975436,-0.13682461102697668,-0.11174615738974072,-0.011080353702824616,-0.04102222851505477
2190,-0.014633070942077235,-0.06308362020242628,-0.012699910826182891,-0.01575788498410372,0.01923717317266032
2191,0.0349364654861542,-0.1424638167981829,-0.07202540413078323,-0.03814582061679903,-0.02215820082838259
2192,0.03449751339964929,-0.0939593715895042,-0.07523213788576685,-0.03462973140325643,-0.0065409457628326844
2193,-0.012168500705047361,-0.08892561319992288,-0.026874208468720146,-0.034529212971926834,0.05511571665330895
2194,0.0212769267345681,-0.12299294609086864,0.442022453272063,-0.07027948809197111,0.014116124648842139
2195,0.01072238167528837,-0.13879982106993993,0.48679105367977143,-0.05122521149550025,0.005050168428321996
2196,-0.019513035089462658,-0.10559118997052004,-0.15448360608897438,-0.006525743864854644,-0.0017404445610584
2197,-0.03110953974046966,-0.12362449880382616,-0.06129771417646473,-0.01164741981058563,0.003715955805498438
2198,0.0074904163594623294,-0.11199635823342106,-0.06943121980883948,-0.056256294789187096,0.030576828956026952
2199,0.009449731921248018,-0.15958571160263765,-0.03422131151829547,-0.0032625107815719813,0.024703383587716742
2200,-0.005533978100337452,-0.0945414088198531,0.14530834388691488,-0.03233544633079044,0.010946679539632508
2201,-0.02492515367217705,-0.07011601980551774,-0.06272540589228782,-0.054521548542278954,0.02204907824136436
2202,0.009213697973041047,-0.05321649638461943,0.02384531190017615,-0.03240604466332468,0.005378020714188647
2203,-0.04523885606419359,-0.13538674519346275,-0.29626975288448043,-0.030325131226801593,0.014324077820542203
2204,0.020332150500823737,0.007703750166897636,-0.021817022967244373,-0.027993655418732367,0.034215935662470456
2205,-0.01927935452403259,-0.097344823008546,-0.12332846383575756,-0.013865902766241806,0.010677867502437766
2206,0.02595231772005323,-0.11435356431167634,-0.041627008100811706,-0.03270552562454549,0.03541248084410607
2207,0.009867846771987512,-0.13152863890977692,-0.07822308311980974,-0.00833271969457049,0.06492069501195673
2208,0.013549239489944461,-0.013622557737439533,-0.030231081025003905,-0.05370367092414826,-0.0030178430066497785
2209,0.01766013901251038,-0.14493770334148615,-0.021469263839871616,-0.0017773846472894659,0.028916045131879797
2210,0.02922077875097661,-0.10179041289315599,-0.0277750287852598,-0.041543597657892645,-0.019979370743031456
2211,-0.02466192928644488,-0.16203933123497288,-0.04081129421886717,-0.025684579641895123,-0.015093993393275336
2212,0.022771353360354442,-0.08920022361694617,-0.04124841384548152,-0.020803216892054197,0.048328909773459244
2213,-0.007370323004806063,-0.047219181981716624,-0.12091921541809769,-0.02565430626893213,0.027242553226464093
2214,0.039695451383186295,-0.1107877416086711,-0.03668051812060458,-0.03564969320799715,-0.009852760744052549
2215,-0.027937016304560407,-0.08928857748680291,-0.16222499575846794,-0.0423307490403664,0.0612466056764772
2216,0.003042669308060577,-0.13921598865662957,0.030699076474427472,-0.06263325149751979,0.03575150969567875
2217,-0.005624233096827854,-0.03386913360492589,-0.051191003769166014,-0.01676050980870884,0.05026014040435875
2218,0.009779969740810095,-0.12503958784759298,-0.07796633135497748,-0.05967836389454555,0.022190298960438806
2219,0.006498614795751493,-0.06935847385830811,-0.09407674978287639,-0.01591620981434121,-0.023767750025363917
2220,0.01396076403995732,-0.19716368227575554,-0.055134242995469325,-0.0278161460549978,0.04759250043163498
2221,-0.005405782243086564,-0.07895964540815226,-0.07990876243927912,-0.03290120154882519,-0.023393049293537013
2222,0.019894414302522898,-0.09285011035536604,-0.030996922333355208,-0.03649295854369709,0.03211772213651689
2223,0.044912365667265815,-0.10385558671310392,-0.02869832845474189,-0.05241994839628868,0.017544186908723763
2224,-0.022747161243927783,-0.13160160024442688,0.009350235563128742,0.008677400234365947,0.022739109840787385
2225,0.027576617337630668,-0.07443454583403401,-0.08243061373218608,-0.039629163658408184,0.0040648563963265796
2226,0.03887685372685943,-0.1095399677153326,-0.0677393430998455,-0.08326633677493195,0.03711271568532682
2227,0.03141042243443945,-0.1044834707710257,-0.06345041149141027,-0.0782499262311728,0.02452845995012636
2228,0.0006932954911120298,-0.08196411154038466,-0.010524349893842839,0.015251867405367584,0.01941900806140119
2229,0.0052408749603573826,-0.13052360092737345,-0.07751922410087773,-0.028655037368092898,0.027819602601947626
2230,0.005573691289200092,-0.1121718700429292,-0.009252283970937216,0.012926652993806109,-0.0007186851328735771
2231,-0.0025418881044558545,-0.10941842152005898,-0.047095054292876554,-0.02364772153399693,0.05768985844275622
2232,-0.0005078366036135679,-0.11539717950273891,-0.036796340237298206,-0.06620518697268779,-0.00021681841219348426
2233,-0.0011534349433739114,-0.0832225314807499,-0.08520800052614622,-0.023678736307949762,0.04375315845485406
2234,-0.0026133857120094373,-0.08235249372010453,-0.08969600436843726,-0.016000128612001684,0.044209351908038756
2235,0.004461520149970871,-0.06082537501512872,-0.11143894161677635,-0.011964483290892662,-0.022295965124473186
2236,0.03138440869009408,-0.18954399331014646,-0.04594120636284698,-0.006585571063671975,0.04370036220858747
2237,-0.03704662127886878,-0.26252769407853055,-0.12494283006338124,-0.05295362140405667,0.044169299668653565
2238,0.03262135239128506,-0.17501450037568161,0.040711358876709854,0.0247495130440457,-0.004995802283561898
2239,0.01479884817315361,-0.18605569841332642,-0.1373463087182399,0.018170579053648588,-0.005136945050726199
2240,0.028541901478998263,-0.16040150975502174,-0.018414484132540546,0.0008591460238568652,-0.0006356223318349767
2241,0.030512461486117054,-0.06747642500057863,0.014906191250689697,-0.003045380232449704,0.03693787946743416
2242,-0.001705898921564493,-0.0912411139233923,-0.11217280929323525,-0.05310520531884119,-0.004815445122333383
2243,0.024346644388656292,-0.10321179432888264,-0.08725346034652005,0.003210918746229642,0.05410140407812665
2244,-0.021142504563014905,-0.06769252351573489,0.06876064682717974,-0.09614949342224735,-0.014899339704099172
2245,-0.017397048938938873,-0.11093009016822235,-0.01845314801415543,-0.02073990162822621,0.04125473621172216
2246,-0.0053797250015284554,-0.09510213957323876,-0.0023214592187932163,-0.062335452145188625,0.03434619436018643
2247,0.038952241575343965,-0.11157631618799321,-0.12775568557595218,-0.0019026910458781567,0.010834161480364266
2248,0.02577550923608575,-0.06980676051447543,-0.10558494535698607,-0.0210795287670234,0.013826990887010024
2249,0.03633205227701544,-0.09370286493256566,-0.09004195164353718,-0.04351625607243728,0.03244582526216955
2250,-0.022545786787771076,-0.0411959836785089,-0.02740659613101172,-0.014105995008022159,0.019717775606228675
2251,-0.016436814743357932,-0.15760568743045494,0.06413532639767934,-0.029516733434247284,-0.02108853804996841
2252,-0.03435698830871803,-0.029003774958463978,-0.008480411695866998,-0.1117871032529648,0.03465699555546942
2253,0.019709326224094718,-0.08784789274361772,0.00304016895521851,-0.036451145956821224,0.004270534814896694
2254,0.015783312719326044,-0.07342668510948382,0.0045696825766920295,0.006731094247928222,0.019536262459946448
2255,0.008444513664314477,-0.09099422701783735,-0.08704105313195346,0.019924882415098006,0.0265556188481804
2256,0.023908840902431547,-0.08591335652959169,-0.3426612553024272,0.005365349263016961,-0.000922981752780537
2257,-0.013262303748549902,-0.1208638129925837,0.06172587742162085,-0.06495622541484614,0.06140048598487764
2258,-0.014056462597326892,-0.022460805192533802,-0.04022122866373924,-0.0049507452785730755,-0.00812260438182531
2259,0.014610923145869795,-0.09048142438865348,-0.01639076173198455,-0.050902984722446934,0.024631991034690593
2260,-0.0020608424069087756,-0.010642322426389947,-0.15407394568768318,-0.03935856284088606,0.03854931986100238
2261,0.023646504962043756,-0.11997568837150378,-0.010305610538821536,-0.0967647621312695,-0.01550307022202489
2262,-0.04556817396302759,0.0175801635711627,-0.03574397261049991,-0.0766655342129992,0.026243345559620518
2263,-0.021274625025697918,-0.05819488552153968,-0.06312487333804906,-0.03251888199559074,0.0013715810399030186
2264,0.03137321270334528,-0.1339369407026831,-0.02023487942528911,-0.031612971974748605,0.04612955674385882
2265,0.02505871242085967,-0.1429156392940784,-0.0450405780684437,-0.02036031144750311,0.025508545002468387
2266,-0.0071741550771730455,-0.09095510739725014,-0.32144304444828875,-0.05699236550014951,0.02736042247957903
2267,0.001124701836435852,-0.05229672634183399,0.049363521333607024,-0.0375364770962684,0.01052462000918828
2268,0.022935329421727636,-0.13373109962373594,0.008730721939965295,-0.013887684874601644,0.05058229737150797
2269,-0.024451655616849137,-0.06925602110300777,-0.04026997808582319,-0.07223486490218838,0.02150323780169081
2270,0.046269345223680945,-0.12001496341136979,-0.09245131970724026,0.021518873841547163,0.008158016853375223
2271,-0.029606175441205335,-0.06999258139484249,-0.029315564450039175,-0.07336825193883613,0.0049285411192186955
2272,0.016905071586465675,-0.06970416024881175,-0.010759612676993054,-0.013635405715886612,0.031105051763640444
2273,0.040363403778328755,-0.07390834249057836,-0.13105864714646992,-0.013292113160372416,0.035642010755829436
2274,-0.028107554572518925,-0.08212619512938928,-0.0025091519405132097,-0.018544554326264045,0.022125325467584528
2275,5.74007583537066e-05,-0.06388882547528342,-0.08391928858025033,0.019172371425329758,0.02541926878985627
2276,0.09805021490084465,-0.1296083053612228,-0.08971910367556489,-0.030498883091119623,0.024685296431877383
2277,-0.029429726423446084,-0.10237558037301671,-0.029757191027414226,-0.038032416662808766,0.010906896821797182
2278,0.013581200130769244,-0.10034613138340859,-0.10160560760558734,-0.02045098197893828,0.009001839190682188
2279,0.01961399981131808,-0.06411246620801815,-0.15824464881084063,-0.08651239977357132,0.021262215838029203
2280,0.022774840302993746,-0.07645210997603853,-0.2721515178744566,-0.05693055243371036,0.014901542830882955
2281,-0.008245597197817124,-0.1385689785013837,-0.004733577642625773,0.0032854239365549256,0.06193366130947304
2282,0.01974218781283276,-0.10310672737240587,-0.02974885058233774,-0.061000200636668445,-0.0028188206411998177
2283,8.726855767523735e-05,-0.06257617082160744,0.11740894429469831,-0.023344293469193943,0.03552928277295162
2284,0.0031094660019998855,-0.11055479764418864,-0.08045425075421042,-0.014529937069823499,0.05569537978053035
2285,0.010208203261418403,0.06339485882037406,0.14970115527628003,0.004969040102383747,-0.0072745444562021125
2286,0.0176613037843781,-0.03975101417472475,-0.025227198159156524,-0.08043682114995492,0.03498883763644503
2287,0.0056123419879017455,-0.09818126873770291,-0.09500917849720712,0.027797313378035458,0.009159567286275996
2288,0.04070642755568323,0.003138138423876931,-0.06781049774800878,-0.008540162843548449,0.016567568829425994
2289,0.014305179643532067,-0.066895818164463,-0.026814667976310814,-0.02237039420768828,0.01627403781081564
2290,0.011011459022904947,-0.07180112698452186,-0.0097129960261523,-0.027324026755945773,0.03323896532328746
2291,0.008213988433785775,-0.07586419302196798,-0.0008968842323774637,-0.025001690100754665,-0.017245582360263554
2292,-0.011256791806695227,-0.06251592243450435,-0.018670377674433837,-0.03321791102670102,-0.0032202926313209816
2293,-0.007359111900572224,-0.1173147980722516,-0.19006318936113567,-0.0008176554265514153,0.02817238536729541
2294,0.01578457508135852,-0.0859184237192617,-0.1506265068926085,-0.05715366018724605,0.09999337173267366
2295,0.022820419483141237,-0.10117921362462796,-0.10641866694252602,-0.0035439663593148617,-0.023927685639198174
2296,0.03789753436596556,-0.1243298707061557,-0.13447656523583784,-0.03939497479268101,0.03695319463147189
2297,-0.024011056125931757,-0.09332903313425427,0.02088722509606351,-0.03890786664332002,0.013833701330269522
2298,-0.0067280939281488235,-0.1100691332544256,0.018463563327407548,-0.03679630699884723,-0.011466762427664534
2299,0.008674843332937714,-0.11342375670911906,0.23677608661326188,-0.010080786838003036,0.07051492249594557
2300,-0.00622267664052926,-0.07671270913534402,0.06308575848215488,-0.01311656361185209,0.03741136230275019
2301,0.01749474671594862,-0.06892454759080602,-0.022623490992236452,-0.029450878015559352,-0.013431540308232816
2302,0.03941831708362929,-0.07757736645151637,-0.2151361515342226,-0.04307828450491639,0.02017204373664546
2303,0.026998165717059507,-0.07593778462966241,-0.2187073831382564,-0.018927427078616926,0.032677941512356055
2304,0.01817790542707866,-0.07120276166216563,-0.21896152571522506,-0.02746176500915567,0.0441173268242068
2305,-0.009272950070924525,-0.0996631917916488,0.052397812514206374,-0.007689892638753678,-0.002244109611981768
2306,-0.009910159658560817,-0.17297738559503092,-0.014391944844457284,-0.014328179507880854,0.0334994306649266
2307,0.009585822880462688,-0.05464581615485295,-0.026475830358734447,-0.045413266590912285,0.010629953203300051
2308,-0.02749285968324655,-0.10543248607239758,-0.02728738800030135,0.003942416957231549,0.04148168855188416
2309,-0.02603458933669469,-0.08644963361413245,-0.14657442792506825,-0.028811447602548026,0.03672876026224091
2310,0.005559177762704942,-0.1106348167868497,-0.07893941664198098,-0.05851707461861166,0.03466722403074712
2311,0.020726351093954702,-0.06247093635260172,0.003584544447544368,0.010902219692959342,0.03758295288935465
2312,0.00025333111457567266,-0.09737727099877366,-0.039586259270153384,-0.02640940366469743,0.02933226222518647
2313,0.008649664018246088,-0.12989291051987267,0.015442717544122263,0.025500084866703798,0.02563132031276904
2314,0.005516637345804763,0.007917160460649268,0.06220790398831878,-0.051120171139148886,0.01248250773752524
2315,0.03920950312284727,-0.04706876920703112,0.007809014746066881,-0.012868770232113101,0.033816737962114624
2316,-0.025972818768489395,-0.030339011931608116,-0.008147490846844291,-0.07090421496136182,-0.004792815963893165
2317,0.012871518050073406,-0.1689373474057648,-0.0620676661199855,0.01103163405239851,0.04997149525807524
2318,0.018543336672258354,-0.07817125327281943,-0.022420724076212997,-0.011249240262029654,0.009752412375538281
2319,-0.0036528221457127644,-0.0955750906146583,-0.3641602958790975,-0.010667079397578147,-0.012991498748062713
2320,-0.007854943448557283,-0.08816829808654097,-0.22724450568303925,-0.025798181935978028,-0.0020918435500586366
2321,-0.01390861940396071,-0.0634655934022658,-0.15883045253728567,-0.042688154444436306,-0.014165949871424076
2322,0.0018885555116729964,-0.08955851404301426,-0.017858781427735174,-0.028695275069085674,0.01571010641561822
2323,0.004920980738700226,-0.06304052829716422,-0.09456979836753286,-0.046592768761199804,0.043726039822063086
2324,0.002177124519079215,-0.06912527440031319,-0.10705494662947902,-0.05034337563365843,0.04227141222855757
2325,0.04019598088166524,-0.04957999608226756,-0.025352326285396833,-0.037170108068628076,0.0877164470162698
2326,-0.006577897518083184,-0.10119379919295775,-0.08029840827547301,0.009096814783526804,0.03809557766344891
2327,0.01876687789015511,-0.002127630776235186,-0.07384175708540514,-0.031978175707552854,0.044959442766689395
2328,-0.009382008867662342,-0.11415177877379623,-0.22656177540065864,-0.01094561997349968,0.03065052019561964
2329,0.013938579188582777,-0.13831469950796585,0.06622721036550325,-0.017929331326031233,0.03229677812828912
2330,-0.0003131407010302114,-0.08987053006343611,-0.2421735850339258,0.01758154456940323,0.010147363450153594
2331,0.03307669508151307,-0.16538178595008363,-0.10774475816796313,-0.008141216258087537,0.03217592024683508
2332,-0.016935378737074628,-0.1885153509587088,-0.10006920151277643,0.024837338397728035,0.04178981815543778
2333,0.01759733402570039,-0.1999796859706147,-0.02515984137136041,-0.040197417121179156,0.059698405144439144
2334,-0.00329896682482283,-0.1248527572622837,0.11119310651599296,-0.06035034648719982,-0.034625911438126905
2335,-0.007257254295412719,-0.1586673426459877,-0.03373046417687238,-0.012319168603027933,-0.010677353429465498
2336,0.025324085098290126,-0.1435924857025096,-0.03646987014813363,-0.03128603378239576,0.02835871781296292
2337,-0.02603699462464735,-0.05047222205641614,-0.21779905858457027,0.024356991334645032,0.041228622832381275
2338,-0.017228403778793665,-0.11149642549658605,-0.06545887929943074,-0.017292480707629426,0.022035348778972577
2339,-0.006150432285087062,-0.017119818956538614,-0.07779856689842675,-0.07805434076547846,0.019814316838367565
2340,0.009286123620584792,-0.03990197758783053,-0.10901990183819692,-0.06590431519145767,0.03716719517323926
2341,0.024123863674515456,-0.1576191198876226,-0.0888243919139306,-0.01923081031641781,-0.046086429372403086
2342,-0.01877131033180981,-0.10265978485646102,-0.0917105414814254,-0.03553469995589879,-0.040806311114981876
2343,-0.020641744141037584,-0.10274625139497662,-0.07620510175514084,-0.032976079677198865,-0.017167256113775817
2344,-0.011531194121062358,-0.06719403566195396,-0.08220052051270273,-0.02675158487017415,0.0037780359478472793
2345,0.00903582568544325,-0.055684999941557685,-0.07675834271668705,-0.022600073561452556,0.01530395363446414
2346,-0.020412126464573715,0.005799008072053208,0.006208122207527639,-0.030769210990967168,0.06040562283781007
2347,0.03945955240394606,-0.2216745029707726,-0.25735313793517933,-0.01492910437264985,-0.041443792840372744
2348,-0.015910135070083247,-0.08878700528531919,-0.09499559394414961,-0.047961204709919734,0.07774131165133978
2349,0.03676463721423127,-0.12485438669491891,-0.24591291578258986,-0.01159732873093849,-0.020081384939372237
2350,0.006376957352925489,0.016630658038296036,0.19056368959233183,-0.012023082040696756,0.0682099221916464
2351,0.013554288541319024,-0.0903544131548777,0.1904650024050041,-0.046229211652858954,0.023520574243749297
2352,0.013667259562170435,-0.1667378654629716,-0.046930761604917715,-0.012787057659795143,-0.009873369970385425
2353,-0.012465194912519052,-0.16584228638380272,-0.03130695923077812,-0.013023645831854943,0.022164578277783092
2354,0.01910265922779358,-0.1393402035833298,-0.10088675369930575,-0.0438821114647908,0.005159541291018095
2355,-0.016617893163887315,-0.13893619750003208,-0.08668637534469854,-0.06016866575527968,0.020098935549928042
2356,-0.006979234043861827,-0.07488542223485153,-0.08831733191760104,-0.011094475132072653,0.012884653360594538
2357,0.018713094134085423,-0.032578913716761686,0.12505163029431393,-0.043609276998305274,0.032749036421359956
2358,-0.007480105022408838,-0.04512075081654563,0.16013351665697967,-0.05263507007346188,0.04950513251491943
2359,0.04620279851243496,-0.06034638504277942,0.10770329882645167,-0.015561933456678684,0.07357850913751596
2360,-0.00630978394300726,-0.11363802574974535,-0.02642267715571186,-0.05404509869319059,-0.0071600847091607325
2361,-0.017613718247699573,-0.08168590800872709,-0.14637701533218656,-0.05306683728545379,-0.003745488839459855
2362,0.01686673241552681,-0.0747171923729083,0.04088881359532234,-0.040297170589588385,0.028206654209303156
2363,-0.0024394207962059582,-0.07433582351388181,-0.09828212564603986,0.009743730440435956,0.02897974198417844
2364,0.00684715699101012,-0.08562501342388702,-0.012419066731488343,-0.056902758116547034,0.05402385327531286
2365,-0.013169507500709212,-0.11528826238257871,-0.021543417935293595,0.01621276020895129,-0.019837481779092038
2366,-0.00016311276682430613,-0.1403329131901624,-0.04543051122098028,-0.0403112989681278,-0.005186060131892947
2367,0.014683343237599594,-0.04341429822038233,-0.05285543043173005,-0.020061052640024647,0.03714468724731407
2368,0.009043812835719504,-0.17596809414831513,-0.08937645423034554,-0.029860103709610262,0.024201190296557807
2369,0.04013833150456947,-0.07114560810334819,-0.09185869355337925,-0.024750184642409488,-0.0025195688518920424
2370,0.03887171235365839,-0.10698823881866536,-0.03588349507111835,-0.014093301749713523,0.0196697788271182
2371,0.02843744280032995,-0.03903987489749705,-0.08236076650768889,-0.013663540848784309,0.03804484692891468
2372,0.020783052165218915,-0.15485932180587292,0.14877784251560783,0.02720098225067811,0.027901919835628192
2373,0.042027582128032114,-0.038574412029626026,-0.1542128303393081,0.029573644044350193,0.051355417741720116
2374,0.02458746197336406,-0.15392850776587866,-0.14853821435146214,-0.01931492305740145,0.012911774551567778
2375,0.007923362270338713,-0.1297804405033277,-0.04938371936078325,-0.04858966211427054,0.065119790603254
2376,0.012536184479288292,-0.1579832184958076,-0.31362628157233763,0.013677171963538366,-0.005498329255644681
2377,0.033632475272216994,-0.10963930198467552,-0.26183166309801814,-0.05067615876873949,0.017840588968912312
2378,-0.006728105671676828,-0.12172622950144665,-0.0044053296812694015,-0.042243683766463425,0.04358652032213497
2379,0.031725076083165334,-0.13219300714755436,-0.08070081170497913,-0.03092017747673799,0.009136035396466076
2380,-0.024945566411608288,-0.05833015023210725,0.08970922194930475,-0.019425502154851115,0.005481167520543975
2381,0.045749207991402474,-0.16010708849265437,-0.07323447556761783,-0.02241250475381211,0.026573809778023233
2382,0.02732952232314537,-0.11598455728255373,-0.015187962486749057,-0.050119412296227524,-0.0009982480280163073
2383,-0.021019024419445333,-0.11662896711693191,-0.01477249816111177,-0.030758877986499657,0.040165270919440714
2384,-0.010346612843494573,-0.08711652342299728,0.03581355008841689,-0.03175091484847909,-0.0032389940211191067
2385,-0.030728072967516923,-0.10613003613962398,-0.007478234495667577,-0.05967992884445455,0.029164489624495474
2386,-0.009227457704807504,-0.14727137390253617,-0.07795003288835092,-0.05864209562989846,0.018671640846631653
2387,0.014272395181562751,-0.11926027280666006,-0.0848350846653542,0.003177417581774777,0.03752349272970936
2388,-0.004149216269139683,-0.12209091714890387,-0.05940290455049199,-0.0850094435647504,-0.011199111907637466
2389,0.02408783586267798,-0.04769490542867467,-0.08933849688508633,-0.01638940796585556,0.060975014842264856
2390,-0.01316459005273813,-0.05826078918711176,-0.057915799529061805,-0.053218532456571745,-0.011914770099601334
2391,-0.004969205721582131,-0.17153101312256017,-0.051614006864299296,-0.008598084770966161,0.03615141782982562
2392,0.04093543780415174,-0.12476811609116657,-0.048787266802061816,-0.06034595326854955,0.005543382911626671
2393,-0.04375973065767838,-0.06118899371337205,-0.045089704614753257,-0.004471915465778763,0.04072007042544706
2394,0.021075992922170595,-0.1195385926814058,-0.10367374032805252,-0.03733506443487725,0.0483581676013349
2395,0.01973647569062764,-0.09326217121638049,-0.0649124143500431,0.02278247241775846,0.023507706989849542
2396,-0.036404922826098564,-0.09556386913841142,-0.047597644937545425,-0.053219142899329684,-0.007867064321571708
2397,-0.047738419306951975,-0.07644934644322496,0.0857327968562397,-0.002347320146138332,0.023403296846772195
2398,0.14323884824714203,-0.12336085800838521,-0.044489732305350256,0.013099750361211745,0.06669240254591141
2399,0.05583707814438805,-0.06269511394860029,-0.07510264663088626,-0.04184852229843591,0.0813564710275206
2400,-0.056942406982025115,-0.07433945513982,-0.013702234137548822,-0.05549686045163547,-0.05530536860262789
2401,-0.02005401115922183,-0.09117379758291215,0.054820152058904954,-0.0010599377554815729,-0.07583268697813596
2402,0.022628082962903216,-0.07173921494046069,0.09812667396985057,-0.011733933657059862,0.03126656569497986
2403,0.010418877867250749,-0.1061634133168508,-0.03941545504091655,-0.04822474975887729,0.04230957378120962
2404,0.017476369220260402,-0.09592454934013882,-0.04765216516501882,-0.049038984730890675,0.03454809983077156
2405,-0.02495858348167687,-0.06750728740343703,-0.04119036797477341,-0.054652176618369644,-0.007988539366445786
2406,0.051300675654809176,-0.13260568632391304,-0.045587872473878306,0.043149850199354585,0.04759834384626921
2407,-0.012628617169479932,-0.13354162341582623,-0.046136713940657895,-0.014530617692493634,0.027976260938857116
2408,0.019461264421736433,-0.06877923352559051,-0.07227780008297484,-0.04814431054425841,-0.013932451856422437
2409,-0.009416229978400335,-0.18544131029270006,0.037300824688930756,-0.04086345293380574,0.03496483539788629
2410,0.009631217312687687,-0.06290240160299662,-0.1778965083936087,-0.013171762179287783,0.06104850541551017
2411,0.014323544400272217,-0.11451270470221307,-0.07773232082810823,-0.02672121594884412,-0.03306606547997764
2412,0.03523640478820524,-0.02038844926471104,-0.10908153628330186,-0.025313551526100854,0.005645790319186745
2413,0.04147020149441499,-0.009142023903181364,-0.04497583035730437,-0.01678191716233388,0.010295489664986033
2414,-0.02892372904338811,-0.09706818156914786,-0.10618043812531597,-0.015291522772569146,0.021484376628087047
2415,0.08934750128161427,-0.08736432414126068,-0.10227188815700311,-0.023723526722873742,0.030899282297632585
2416,0.09848158552675643,-0.11156219237434221,-0.0399450249326221,-0.01867336142135342,0.019862063213158015
2417,0.09778200184266049,-0.07209023550751052,0.01731320400546011,-0.030912429656443773,0.04440986831314346
2418,-0.057393981822303895,-0.08612536848003693,-0.032362981996454016,-0.04645383484022224,0.010814235278536043
2419,0.07880787168660724,-0.09202465560157128,-0.020385737021375652,-0.023085653454932555,0.01879807478561437
2420,-0.027216306229651984,-0.16882563278490886,-0.014145796933512282,-0.03583351258554581,0.02499357457593665
2421,0.05040762060643976,-0.09157900446906385,-0.09737124525068798,-0.0331226384280424,0.020632091948461686
2422,0.006562864418877885,-0.08973023448348506,-0.08781186256047523,0.022119112040848897,0.06772500877800189
2423,0.007235070233117721,-0.16099987117930278,-0.1605363472993695,-0.05738414170000635,-0.008620834668012944
2424,0.027893649083209508,-0.01030289422591045,-0.03556058948160365,-0.014966804531137322,0.04263623228832375
2425,0.006865584415220671,-0.031835059358645286,-0.10047253640751772,0.005165336583263235,0.01223803968191757
2426,0.00652209090607607,-0.019499306879163604,-0.015083865457533532,-0.015529586332899687,0.01111867565356074
2427,0.05404978391544138,-0.07163250736701288,-0.016710773250960428,0.0025532087305583672,-0.009448941996502057
2428,0.038090387767918406,-0.06420557568519097,-0.13931198166697542,-0.02297097865005667,0.02145607545368988
2429,-0.010646638234497538,-0.059908459180174074,-0.12639523541063308,-0.041397547016333865,-9.372092862596313e-05
2430,-0.011941184221711861,-0.08261687413961527,0.0576570628465258,-0.03981829326932008,-0.03909442893194753
2431,-0.009810076801519355,-0.10405990510338058,-0.01587625825155428,-0.015637117509493318,-0.025321940727901743
2432,0.026469200583507577,-0.07503001008111486,-0.028192653634421146,-0.00986825609511438,0.0020072569438562495
2433,-0.00686351440376942,-0.16202272187234834,-0.04893918864459856,-0.013850163879813247,0.024342151004997894
2434,0.008740786373314225,-0.028309865067838412,-0.003428115381665561,-0.04094466453737203,0.02456727375202923
2435,0.04020323347324327,-0.15270696574196854,-0.03113002078332405,5.1357139461413415e-05,0.012669698592918928
2436,0.0027382515551717173,0.07206827378531819,0.15233522370787125,-0.0556415584867401,-0.007113170250165627
2437,0.011760864463878905,-0.11734551159937813,-0.26114994812026027,-0.05671321501095972,0.02881740063276071
2438,0.003185874393292299,-0.07000884687005476,-0.2735412928287737,-0.05644492328868814,0.050319450204041494
2439,0.009351624864539018,-0.05664725630107819,-0.23305995206728514,-0.06850337362315116,0.04273475551281065
2440,-0.00545904984136356,-0.08854340907224988,0.055491083057037704,-0.003685168647513278,-0.011890644276765651
2441,0.02401221903971531,-0.08993759198023776,-0.08132771797731422,-0.024789588334137903,0.047102716805127426
2442,0.018654790053538397,-0.08258277790472592,-0.03454604568765703,-0.02081453309302925,0.04237063576939938
2443,-0.007008551825705312,-0.08972604744724649,-0.09783989437830802,-0.006307285553951883,0.010760009877787345
2444,0.021639585173041,-0.11700551161870587,-0.03134954015653354,-0.04376546935369002,0.02584773310383122
2445,-0.0222277346686564,-0.05702631778508708,-0.05151692256103975,-0.017103114749619182,-0.06047564049516369
2446,0.04791385534040355,-0.06479758264859342,-0.07970997866117457,-0.014182199361067153,0.06123652750534464
2447,0.019831711449757004,-0.16694439488346494,0.022365433785393934,-0.0567261774742303,0.05902876147024638
2448,0.011145838614055624,-0.04721426302100841,-0.16723552287980953,-0.018793990820885863,0.03516552409948273
2449,0.04650981999081089,-0.03797266800890651,-0.11548924610120113,0.015281350398622082,0.013825432510157479
2450,-0.014216521336604683,-0.08632206371299976,-0.07717316438797568,-0.03277807254019503,-0.00010101617330204334
2451,-0.019967646388986408,-0.16690964175168746,-0.04797938562203173,-0.033799426228747806,0.01829189007361961
2452,0.011955387294961524,-0.04960745819935616,-0.19314625743893682,-0.07042546309336394,-0.015527294493851335
2453,0.01895170903950355,-0.10592011172430198,-0.053393924892573934,-0.058260669408041685,-0.023296405939789412
2454,-0.0020737071374029984,-0.09647548334712297,0.003077180981882909,0.008913344236717148,0.013233784787913037
2455,0.019714131055398175,-0.1072927934895677,-0.10831577448846273,-0.015882380295832964,0.03502732772353193
2456,-0.007239413151272394,-0.09134890461649912,0.015605887544837983,-0.03724261994640121,0.026187526180413544
2457,0.01664749961589135,-0.19110583538228174,-0.07823510506213809,-0.026654692154469112,-0.03626002054444476
2458,0.002676969740943596,-0.10325450864758279,0.04482969295202651,-0.038656832601629824,0.006773209790169196
2459,-0.014339571569134145,0.005273750255790878,-0.18384997989151777,-0.02321529931459629,0.02523725000909845
2460,-0.03208927792432511,-0.046752104028275496,-0.2311492252934259,-0.03836198329073006,-0.005285135846297133
2461,-0.01030405652308602,-0.08577649996275014,-0.17169980971136295,-0.02770100997202333,0.037068027629659245
2462,0.02459965949778392,-0.11968530902998994,-0.006139759422134814,0.009789609101596253,0.030331557979215933
2463,0.01463278313999659,-0.07768762396946326,-0.02869174870663051,-0.02700243686528749,0.019899717729944852
2464,-0.0050666025236037315,-0.11853067467021769,-0.05934837452177111,-0.013625407801141215,-0.029964767109544342
2465,-0.01880661725168217,-0.08571641413368844,0.01625536783705568,-0.04094667696572764,-0.01954561036380799
2466,0.013322957396769955,-0.04303223423004415,-0.09761138355013028,-0.030360877087538794,0.032039705876166266
2467,0.01049180774453858,-0.11569270989815213,-0.05179212309403625,-0.031037405757250953,0.030491883728185464
2468,0.0028167786184136313,-0.0749250070428277,-0.09163798941314975,0.03560823351014182,-0.0033835944456465047
2469,-0.009208545298027,-0.23730538077122493,-0.05935907946883141,-0.022947270584107574,0.03278254210131802
2470,-0.01178307863541828,-0.12121874040728549,-0.08127078638409209,-0.019088637545216728,0.03377780345684305
2471,0.03379237036260379,-0.10879426672222439,-0.09417783571808618,0.005511588699458178,0.037615463727643524
2472,0.05627662084531231,-0.032623570472593906,-0.08097115567196396,-0.030215964059305975,0.05991746731988456
2473,0.018003005187772158,-0.09772508367377634,-0.15256858852082966,-0.03040305399887445,0.05017070823231307
2474,0.022268277972459814,-0.06243624995283645,-0.07896510989925509,-0.07035524126427745,0.024280060100269542
2475,-0.01031394407319792,-0.11611985336143046,0.09884265728151861,-0.03689650164632311,0.0029138519566566877
2476,-0.0031621383706220488,-0.07018260585648695,0.12976984163209668,-0.03602111990993811,-0.012745697122372952
2477,-0.017165926134799853,-0.10574718408103179,0.0327819721343318,-0.05520539522824916,0.019983679578343766
2478,0.010576468692587626,-0.12236525704327467,0.072135592462372,-0.02611303174563666,0.032691371674254
2479,0.003366920535163927,-0.073366399512797,0.00879750200475906,-0.05322368730746767,-0.003872595171085362
2480,-0.030840683085536866,-0.1473578432388786,-0.05619856831346533,-0.025533144824394095,0.03894605390985204
2481,-0.008795574739080143,-0.08975311308522559,-0.01413355889240131,-0.004869928695430867,0.02495799381027294
2482,0.030304994159850072,-0.10478507248911312,-0.1237431108212029,-0.02047225623204843,0.035086881073306576
2483,-0.01865887498602173,-0.15716989255788621,0.006185604294124919,-0.00873860508629158,0.010487860148552845
2484,0.046785492652260736,-0.08419763106751302,0.011056061530586579,-0.03672464055627639,0.014601300646030206
2485,0.0062932383159924115,-0.07481966781674144,-0.05375907859292833,-0.060504693953728254,0.019791600190271718
2486,-0.004319775299106134,-0.09264877570208231,-0.11318095139197663,-0.05008093295218179,0.04142815562966728
2487,-0.0027514138353576857,-0.0837410358386943,-0.12087222605953125,-0.05186921668036615,0.03658197284480531
2488,0.035250372853590645,-0.11981519373766014,-0.15868963063184888,-0.04498051604877076,0.004348423402672068
2489,-0.0014943787325566284,-0.0666301950283654,-0.19363116160069332,-0.04464310990625074,0.007051321877887881
2490,0.0065189561040836464,-0.15140137339356388,-0.26962897813931125,0.006281499696304758,0.03189383531641929
2491,0.016128202042068447,-0.07991779035212483,-0.19362441741699357,-0.03314291057891441,0.0669720577417999
2492,0.013630322632134753,-0.06486003785530642,-0.05890708079391439,-0.032716530590783395,0.005216411607555629
2493,0.003187596948598546,-0.10467364630049679,0.08472261046970395,-0.02259853510442286,0.02456199372632751
2494,-0.0074831674875333685,-0.06691645515579976,-0.08522875937541124,-0.05640701254365963,0.005366467626572019
2495,0.000375579954713318,-0.10512729661559936,0.1609747747514959,-0.00028390111282577984,0.0176115487540458
2496,-0.003672129799003703,-0.027460147369955328,-0.09909939724664758,-0.03506856222875821,0.01736355022262233
2497,-0.004815399946840455,-0.13301252288633628,-0.30486317247703404,-0.0035150182009977557,0.0036861800820921628
2498,0.005853783609554079,-0.09370420793150085,0.0720535067723685,-0.053377492803705705,0.01985703689158614
2499,0.017677622391942083,-0.12452552359831318,-0.021661932352676088,-0.07460660827164912,-0.00486527111618948
2500,0.0010015776417763409,-0.1360639651493411,0.2749926641411122,-0.010868429308789809,0.03953976048716142
2501,0.005622885923633157,-0.09070197368958784,-0.06009004210092136,-0.07424121762421808,0.016313094733430417
2502,0.0013320749492276706,-0.07677716364331173,-0.06475485760479949,-0.05556704613197534,0.03514932489888472
2503,-0.030575449908038337,-0.10510918500260624,-0.07868935730417827,-0.039081653089570824,0.039762574671610255
2504,0.04318275261922193,-0.010770197727187899,0.13999325715666877,-0.029450643907229377,0.05252052640769343
2505,0.007040335613914701,-0.06456790406220488,0.30907726409841574,-0.004082156741024037,0.04752670761756399
2506,0.017404205493351435,0.01458592686900947,-0.037678537914503374,-0.03420277405111824,0.0022826523423551274
2507,0.016367309252572175,0.004355957950854602,-0.009524455699502107,-0.03751654242652491,-0.0038548608913441247
2508,-0.0038499348651448244,-0.14492252660589605,-0.1298117138861153,-0.021035705861675164,0.009048707718732637
2509,-0.003183720177911221,-0.008991976863758954,0.052015676828685575,-0.03731349230344778,0.028615344398509723
2510,0.03071921713246591,-0.01037057476957634,-0.14243362769782503,-0.0582361744510754,-0.005054737394772122
2511,0.00392052243410856,-0.01434990573522908,-0.21764640318255382,-0.05274486375622111,-0.017843948723339758
2512,0.016285561480896285,0.005619826719002783,-0.253428059918892,-0.05550163847759317,-0.0014166376653915532
2513,-0.02389788615594033,-0.0019206975621944482,-0.028126799573793198,-0.0739506978426962,0.0377449844810845
2514,0.022373563483535485,-0.1756855736385973,-0.06508989563182986,-0.0011894101801765119,0.015521088837677343
2515,-0.012326313415697345,-0.057990585660641684,-0.05034521431167422,-0.008109281857411473,0.021291405879918082
2516,0.03512324608995494,-0.09560520843979115,-0.048200870057011534,-0.05849064097958906,0.03915650197322878
2517,0.01776840402228081,-0.15277758914831635,-0.1581933935490224,-0.053335053601219214,0.030198831206000996
2518,-0.005745189192101951,-0.05345098200156275,-0.08806926554546822,-0.019381920478224318,0.03398218825629956
2519,-0.015608475522017592,-0.12047966774536095,-0.3083555914756143,0.018567485702629526,0.03264624606323169
2520,0.06765802122372522,-0.08221878193231294,-0.08043023235378942,-0.0038372712691827657,0.02348949374574712
2521,-0.03352168855946647,-0.18044510476923328,-0.11865298089741526,-0.05268620038183992,0.026728987490635753
2522,0.043308593961928855,-0.1491977670461679,-0.12653421612995638,0.0024454929386348396,0.01949172936171945
2523,-0.016194701353012084,-0.10979623397019357,-0.08435889463599629,-0.035175198426738066,0.03525983797039793
2524,-0.009488406735285042,-0.04932366985434952,-0.05609095738219921,-0.0022006693758294883,0.03974178492121127
2525,0.011670112684532045,-0.07031208185281954,-0.049148394262304676,0.031715932436788254,0.010220140498891084
2526,-0.017811142121912378,-0.10871747100262255,-0.041051595932540534,-0.07673765340743376,0.01034273781143114
2527,0.017481021684826598,-0.06816752272717785,-0.07785646422410168,-0.003874439561259686,-0.001562332180132034
2528,-0.01335270470975675,-0.12369579066319687,0.09106269859784867,-0.06018442575948045,0.02609290873520588
2529,0.021933416500626496,-0.04296080135146101,-0.08661150950505894,-0.03094929474351482,0.022737243713976805
2530,0.032644356317683434,-0.0863542526237021,-0.0654084039510976,0.004632793308448598,0.01431320257074159
2531,-0.018967713172556147,-0.10973207401828516,-0.14717821879860646,-0.019243607286757523,0.021901176215070997
2532,0.03085925525656016,-0.1377088056564408,-0.05430470221215635,-0.018843322479695602,-0.00653045622243518
2533,0.01369015396334872,-0.0630348554473462,0.03871823633882959,-0.0384253260417838,0.037633039532723164
2534,-0.0009652667543148438,-0.25029144572091283,-0.004449585520038276,-0.02847291724100991,0.010345975209910124
2535,0.054208128139907386,-0.029397228185824718,0.006983876773405209,-0.0077144183123471375,0.028618079249375976
2536,-0.026307208752044352,-0.1519744724907844,-0.04415763075041742,-0.015969494930889356,0.007250298348194286
2537,0.030947141724193408,-0.1035171199224084,-0.009495582978900241,-0.044691314418991435,0.0258306663330063
2538,0.0027673055638346477,-0.06884680458020177,-0.10508383299281678,-0.02948719696133746,0.031005640722814604
2539,0.02305351438617016,-0.08824390364732586,-0.02021962695063561,-0.012601434601406539,0.059200310707835345
2540,-0.0041012368007416235,-0.08005741668826742,-0.18544864649352075,-0.026669446588742294,0.015038148946578594
2541,0.006824706900408171,-0.0698436299498867,-0.17175370228817036,-0.033900764221974036,0.008776868608124053
2542,-0.009067372034906259,-0.21988670690694156,-0.0036455816488700213,-0.04581603621673628,0.02826648221567536
2543,-0.006573485707934197,0.001891479781543829,-0.16336339866169017,-0.0049039628335833104,0.023348380785351383
2544,-0.00364153120786629,-0.07049852950335406,-0.14780889050659415,-0.043957250470990375,0.042206963244236555
2545,0.0016588888477436937,-0.07709948906038151,-0.10690975818066473,-0.031185512898799655,0.04148004386584757
2546,0.011276324505117088,-0.03478908078460116,-0.1094373750035684,0.03656449857283375,0.040638426496001974
2547,0.007006027084785216,-0.14668436831306206,-0.29572249803953554,-0.06125383639578596,-0.02910691595950183
2548,0.01116685065827294,-0.10870820818172641,-0.0006602171691494303,-0.05581127491337103,-0.036363021564796864
2549,0.004037999201406882,-0.024222945114337938,-0.11191660126904907,-0.06967003406777605,-0.021967945893262078
2550,0.013779583630853841,-0.016092489070725354,-0.01361115986663172,0.01908405567672649,-0.02190814328974348
2551,-0.008372540601757543,-0.1318006982210268,-0.14924061896126453,-0.055142215150044895,-0.012079457634374704
2552,0.021171381880563556,-0.062291470368560226,0.0666662839890927,-0.0441001904639917,0.0048479656667174634
2553,0.016307171169993667,-0.09182151318476584,-0.19635784681821555,-0.054880232110372455,0.041140706705472305
2554,0.007464645819804461,-0.09972474011267958,-0.07724408829087906,-0.016586991560038955,0.0339170726176266
2555,-0.022893615233431662,-0.05468192755739413,-0.08984544480064363,-0.037921206082482166,-0.0026987401153339002
2556,0.016093044919720995,-0.1115041750670596,-0.0670240822697545,-0.05927439009538867,0.0010536755334085355
2557,0.021165739633910233,-0.09357238511645234,-0.11424657976017454,-0.05599379932539254,0.007632087195739474
2558,0.02656111385975013,-0.013183673558874693,-0.05397808769458171,-0.007162141008120139,-0.016124640786429393
2559,0.012128737912726877,-0.02273584533325699,-0.08742648977568997,-0.046961124302008585,-0.01178689337056786
2560,-0.03721652324570027,-0.14538609219400603,-0.040245815429426214,0.00817308612422539,0.07052546017981062
2561,0.006377203521058712,-0.11522325910226398,0.025714428687805616,-0.019928093672382807,0.02023792069718292
2562,-0.013481929444989122,-0.06963024304588167,-0.04185629178099315,-0.0325636486954942,0.03236417985284397
2563,0.021796491181009396,-0.12244673976870073,-0.07392288499110344,-0.011429717186303336,0.0034842586082423073
2564,0.02244472038127424,-0.10939913024238838,-0.16334588813154285,-0.013685096429513361,0.013011233269245531
2565,0.048113861500182396,-0.04141405642710718,-0.16392274233636087,-0.043089059488195386,0.024879809980224488
2566,-0.031995662890714774,-0.11057639372497692,-0.02691015672163565,-0.03546177329874876,0.006100418584636656
2567,-0.015391066839549019,-0.10940582465430815,-0.09217677062509223,-0.0376736083486842,0.005939854249892614
2568,0.03522845766957436,-0.14920576591442009,-0.05490001520446662,0.007744058601573031,0.015870329912044213
2569,0.006332502719904923,-0.03516441291150914,-0.052797737917061376,-0.06322363226129703,0.01729318068279805
2570,-0.008479046429036227,-0.14095665543256763,-0.08623876925973839,-0.059448307914863954,0.045346744740618374
2571,0.0020722905313704048,-0.08327944685273886,-0.05265530425014796,-0.002937733878337223,-0.007200688355886038
2572,0.0018301206725744202,-0.10033592154572345,-0.1431014150269693,-0.054603205728486016,0.026276282696176007
2573,-0.0014901310213412205,-0.09855829874051754,-0.011073532850617202,-0.059762842803601994,0.003201291549814828
2574,0.026657681011183987,-0.10538130611424501,-0.14106713075753496,-0.025187800047210253,0.0059262080710259755
2575,0.0213013300568649,-0.12818178578140307,-0.1734621416375127,-0.020948263156465894,-0.002116398714236558
2576,0.020219053947673975,-0.1301213834772765,-0.14658201602404208,-0.014272420581281892,-0.0007983010290067443
2577,0.0735711105845082,-0.08648567325424195,-0.05070776159320644,-0.02162742856348301,0.01141854302980904
2578,0.036866148734018035,-0.1207426855836921,-0.07383115133881162,-0.0391767420348128,0.014535010449515828
2579,0.002548612738755835,-0.03035449683880015,-0.050543699575435606,-0.05715150482622585,0.048604351336576354
2580,0.010445098254057851,-0.12540660075027485,-0.042320493983671666,-0.04604989585197095,0.01058776308787939
2581,0.014481594219382301,-0.1130044300217498,0.03198414928719675,-0.008704469127145193,-0.020308871163435237
2582,0.009958052047223524,-0.12888706559200944,-0.01814143165290392,-0.04512947857021795,-0.005738106652815055
2583,-0.01653343362147574,-0.036288071106736264,-0.016935737244068026,-0.039853070737709946,0.04342949944848936
2584,-0.018635396080449413,0.004062711257719831,-0.12837699909955191,0.006177960068850732,0.03127864078000489
2585,0.0266543291899578,-0.17708977377844803,-0.07781332548981398,-0.017020216788960187,0.01010838705577495
2586,0.0032012223421771973,-0.06836693813388588,0.1378599948831349,-0.05656652736531483,0.05698476628648329
2587,0.03950658875514432,-0.13362525384370638,0.13094436634596274,-0.014936205591616016,0.08839537759602896
2588,0.03106220802785019,-0.11794325824204793,0.12172364176617301,-0.004954356561657573,0.08616554081199682
2589,-0.024264560737663907,-0.06597557453433364,-0.05018612765812953,-0.0024444490935380987,-0.012706337499639968
2590,0.05166166659325857,-0.1297245734776142,-0.04539159726096464,-0.0458783359528784,0.06888708483879172
2591,0.02521471173396271,-0.08214339696521722,0.0673595632074656,-0.02967167720202197,0.047842227419071466
2592,-0.012433949783415346,-0.054336737083047836,-0.03939835993560046,-0.006558047238528784,0.004594950930129583
2593,0.011536891887030123,-0.1326612568489255,-0.05180446422538682,0.0002521417572344101,0.04279288680207682
2594,0.015465639903711699,-0.15216505756103293,-0.08861907359709995,-0.0013430294123102677,0.041816021310926293
2595,0.0313227196898506,-0.1699653792646165,-0.17801757945417768,0.0171596980419474,-0.001761678502638955
2596,-0.033230799077665144,-0.1099553026275918,-0.10567582054140978,-0.05961398810150827,0.021106943708221332
2597,-0.01109352861842205,-0.1061412355285343,-0.12413919863586205,-0.0443980953991129,0.04864813492451451
2598,0.021444189523422856,-0.13250878000552563,0.10287547323424624,0.00916275436697818,0.004796200684681624
2599,-0.024552255687257902,-0.11048237039092962,0.08234247022422948,-0.054973665162867086,0.04286836344099549
2600,0.022136383672801987,-0.04398569072851203,0.04064904202057276,-0.03170210119518661,-0.03479820500232451
2601,0.03996856239280563,-0.008493615064989751,0.14616908764649977,-0.05935773904802908,-0.03943999598736301
2602,-0.0100793520824946,-0.07715015905664592,-0.08642152855815062,-0.05426585313726067,0.0153235301865089
2603,0.03022392369947291,-0.07210666605654481,0.08121802574306168,-0.05460604188188801,0.023409647612186488
2604,0.0030204309860634476,-0.08117529662926043,-0.12197429201133188,0.029777058501313257,0.023296600504207832
2605,-0.008763891418970507,-0.14601177454827718,-0.0973927316233782,-0.07502237119279377,-0.012583550929681919
2606,0.00960029627130699,-0.05387940229854676,-0.14133924895026143,0.07696110186123711,0.026029992681141773
2607,0.02693090631723136,-0.12150806727400787,-0.02451102895319581,0.07069863803032794,-0.006510411724918485
2608,-0.0034006080620450187,-0.09290014939028707,-0.1951349092541166,-0.0032239256222358014,0.06172296074115137
2609,0.01226528135555488,-0.11068215493471932,0.0018753932393774887,-0.06415743090001047,0.022320097516763837
2610,0.02324576349025799,-0.12477310732582683,-0.04523881385443198,-0.07965246038555196,0.03552347489019827
2611,0.013515345623661553,-0.015485948594959527,0.020417994195266104,-0.05287028323648367,0.02306957422800698
2612,0.024951999300775365,-0.10474703422536381,-0.07632229063376599,0.05875929687560544,0.011955064787004732
2613,0.0035533638404200174,-0.07436026736266071,0.07594630589797947,-0.05727312798837671,0.04255456030139765
2614,0.004930899001259557,-0.11933259160530306,-0.11171130715381343,0.06842519351599008,-0.009566826005252854
2615,0.014248031984334945,-0.11055833388697581,-0.10460292570497207,0.06614521974562347,-0.020355884110579984
2616,0.034272140182557906,-0.10113288899994903,-0.08674600179389795,-0.02654332260733153,0.01295584876335518
2617,0.024064050075964113,-0.07565148779574982,0.0037591113924104916,-0.002768687418097616,-0.009178436386788592
2618,0.0028048806611624885,-0.14720959984289395,-0.0568359765033904,-0.02767527098084529,-0.003622155114290687
2619,0.01397516697099248,-0.2610495882144636,0.020893332953569734,-0.023192237606992894,-0.019778285295229552
2620,-0.005914343373922299,-0.09895738146212975,-0.13349984933867726,-0.05028524784654583,0.03395533184400701
2621,0.009060472889166234,-0.1592034492255911,-0.07507595635138317,-0.02251652726107727,0.04770471128254313
2622,0.006495020268627462,-0.018075930832691458,-0.042708203462052424,-0.044769899848702985,0.020222068361724896
2623,0.022985488336853526,-0.1235979805987555,-0.1426443651827534,0.008350155373553882,-0.0017484430402737946
2624,0.02599828910190999,-0.1145236599939515,-0.061449649312295046,0.035352739348984426,0.03332207360354277
2625,0.03792227538203423,-0.05763100949317799,-0.08836481222246538,-0.0019492954968753896,0.03334449578951315
2626,-0.014867486182453163,-0.14751719106090275,-0.08822646713168428,-0.03643690776055399,0.00729037886507285
2627,-0.012926017583381015,-0.08295239788438512,-0.33554008892723874,-0.045869527304523185,-0.016637724822637607
2628,-0.01290564887153544,-0.08907585823765403,-0.12556302475838385,-0.07861025375114034,0.028634654255394534
2629,-0.006194815076518797,-0.09318999118513673,-0.13129198680067472,-0.07436279003269496,0.02470353299165449
2630,0.01723255655167305,-0.1545691640642961,-0.12585613945736623,-0.014112303173675409,-0.012657853026552337
2631,0.025025561878295043,-0.06116357716059954,-0.0715589215165447,-0.02798597720382837,0.03416919417611537
2632,-0.005993772823658266,-0.14856430785401317,-0.051219996397470643,-0.04038131697358582,-0.011477860097871507
2633,0.029762943519552935,-0.03589860554077591,-0.05248822818770061,-0.014274685105940656,0.03047223962679791
2634,0.02875419982246727,-0.08989458818856773,-0.05134850289015299,-0.04974656926039686,0.026599100721583863
2635,0.016795581775748195,-0.069513877533932,-0.1516512808484776,-0.06541679602076297,0.029351694272146168
2636,0.00350230118604092,-0.1180141101186611,-0.05868877598846254,-0.040421778063583075,-0.0018783683041294031
2637,0.0331663077804682,-0.1148786375857338,-0.0949258496522715,-0.008424952108266333,0.03654051729756764
2638,0.014711892620921943,-0.07944117533001947,-0.004653336934096481,-0.025078623157017994,-0.008050594895999292
2639,0.0017994535813144468,-0.0770705921910711,0.041255126000399045,-0.00036986135706146663,-0.021123019230358978
2640,0.024558245797684432,-0.07892222148490491,-0.060132778831871514,-0.04836321450208326,0.04585233545692555
2641,-0.002334554334143785,-0.027394086601627315,-0.13637427995807408,-0.0225654118251828,-0.010454590971290114
2642,-0.02031865392369476,0.0016344201960595407,0.014716341181414351,0.0014135589032871416,0.020328459798962542
2643,0.03135029547142809,-0.07120211255738731,-0.14673910041239294,-0.035260822954250044,0.037035109199702494
2644,-0.028447414811564424,-0.07264881133509277,-0.13735848271210865,0.0046268111901460445,0.028313800381138805
2645,-0.026070107907345257,-0.1350853734848151,-0.08868607093216989,0.016799363655993722,0.03702456624304942
2646,0.008003626663788151,-0.10528244726889802,-0.11700361391886444,-0.0506834059086966,0.051290395055059154
2647,-0.007319652011287662,-0.08010155604679926,-0.1247473222064954,-0.007267417567445318,0.05104610584079357
2648,-0.0023983393109558277,-0.07383701614079091,0.029636019635904374,-0.0727112246474876,0.05863574822319188
2649,0.01357307062781201,-0.050914609848963864,-0.04948478481159877,-0.025261637328226262,0.0019238975958004855
2650,0.01363764684225429,-0.05279154388159505,-0.05501013054064471,-0.02690382738657952,0.017609508736120095
2651,0.0010677752147372256,-0.08436834694926375,0.05362929848485139,-0.04896885456710818,0.021881413118290952
2652,0.0011371335553630145,-0.18388748038011732,-0.06592948481163603,-0.013079360739792982,0.005404789750612034
2653,0.004807939359293615,-0.1673963717998563,-0.06284274687156709,-0.022406642124053664,0.019295691936317545
2654,-0.027206720287714474,-0.047925092521783695,0.04332528748433229,-0.04655470778261857,-0.006554783383137794
2655,-0.006296620453336452,-0.11889634036307929,-0.09787454290453187,-0.02072191743713827,0.061232258112997186
2656,0.010914138269629357,-0.10411383667261792,0.05694551545424953,-0.05064525833626279,0.026166105040195245
2657,0.032159339671001555,-0.08705679272626002,-0.04139124060252496,0.004981465356038401,0.02300989636384283
2658,-0.034355587502668025,-0.10069948564800515,-0.034058563828359305,0.03010210150601444,0.03547811527113851
2659,0.040871354315764497,-0.08713226600816328,-0.049953659968011786,-0.03889476908102139,-0.0031567600073113228
2660,-0.033172084196760813,-0.182455653687012,-0.0670471878752802,0.002826599020778538,0.06633046940662421
2661,0.016832043225651124,-0.04860692029046023,-0.17292953344071857,-0.030473023655628474,-0.016112964147383845
2662,0.016715112895094083,-0.05872140984227449,0.0736632839452023,-0.0679279154450936,0.01491500099787401
2663,-0.00881154005401581,-0.03521171266088075,-0.1313831976602079,-2.421011428175873e-05,0.01779705312356482
2664,0.03459120834276384,-0.2066419242741614,-0.03983054956724222,-0.05024104965746943,0.023117280492811726
2665,0.015070417823570876,-0.15925234681576533,-0.07937041182971188,-0.07176927587803092,0.043049642670401726
2666,-0.0008147203565442168,-0.10865817593994356,0.010453022763870813,-0.05046158382193008,0.03245400456066473
2667,0.017032832697204164,-0.08552359982274582,-0.08854133661812529,-0.002348998756886068,0.021630367773200692
2668,-0.0021534690270956845,-0.023169277284460603,-0.07289595502399712,-0.028690104352873096,0.02346914757623328
2669,0.00327465451473679,-0.14129269763225435,-0.030397862725081975,-0.02092315770124219,0.02365683429169263
2670,0.01315517360848519,-0.05474529412220102,-0.014760509196626139,-0.0538312320424458,0.017826617104351638
2671,5.739375375773406e-05,-0.12858855730863367,-0.07319275401787552,-0.027763065260667297,-0.004768977859821665
2672,-0.010988198497950553,-0.12302321927988173,-0.0373731626206925,-0.02767257146592211,-0.004451724925115625
2673,0.027315449902088843,-0.08265761130837804,0.019404574320960183,-0.007615277094121498,0.01765940879399894
2674,0.023355966082788726,-0.1149830411679747,-0.12809959009098087,-0.08231982984075333,0.04984737537025577
2675,-0.00657977967354206,-0.0726817092377872,-0.10868837944125484,-0.04235132912717664,-0.005735466445191418
2676,0.0018090699634618237,-0.06715203981808304,-0.022219084993609143,-0.04738822210381836,0.0390069607187319
2677,-0.0157376759167356,-0.11969859678532344,-0.038446791623057044,-0.01788001530027975,0.005933611245137502
2678,-0.02175359545820094,-0.09308844720348013,-0.03208975449725919,0.019380268147140924,0.015564164852753198
2679,0.03597858172638434,-0.02091423755999378,-0.07291101214346458,-0.0473856829335293,-0.002499848095065969
2680,-0.004457619846910304,-0.024288039299982484,-0.042050649044595434,-0.006733476734993016,0.01217306591651813
2681,0.006288309767182723,0.058209412428108336,-0.002465416998405307,-0.050168237360330846,0.028363507659865863
2682,0.0025398986599354635,0.07136892767350843,-0.04858899750959222,0.01736675055593486,0.030826715584350982
2683,0.004479502339045156,0.07623470805089165,-0.028909707177956073,-0.04820209701862066,0.014665925916637861
2684,0.008204277528322599,0.07243390045858894,-0.044809970985112586,-2.8077776003319883e-05,0.012065327699675749
2685,0.018395812225934314,-0.06544342251857722,-0.1037667574823977,-0.09444092474592132,0.029641249700814287
2686,0.00267609089777203,-0.0832479786285289,0.04077920443325346,-0.04937450662685402,0.031231495219721846
2687,0.001617781093024379,-0.06761741211776826,-0.021197250687318175,-0.05110902138032322,-0.014823659824843538
2688,0.03201019429955978,-0.12245826726607634,-0.09532712097773718,-0.05661445888739499,0.0481579103094846
2689,0.02105051636123721,-0.0801552242143756,-0.13232015437503036,-0.00522533379461186,0.03157219752848295
2690,0.014840717842448243,-0.13771460869809837,-0.07156188694896264,-0.03654679404022039,-0.012911130980453217
2691,-0.04978110241147453,-0.07881373047053512,-0.2017422545928086,-0.020711028232387373,0.01267999926312495
2692,0.0031045153492387815,-0.09609283012298425,-0.1013583111601075,-0.026267877573681802,-0.003900061232843511
2693,-0.00022164588372246467,-0.1165492045791008,-0.02902378667977513,-0.02777605164341994,0.020741204166379527
2694,0.003170555336147637,-0.19293091764544454,0.13604217062420781,0.1093381889606218,0.005081235049687035
2695,0.0012098565693088234,-0.12111278377377467,0.044312875878866405,0.10141653402273255,0.007162466864891746
2696,-0.001570342575082508,-0.14943839673659953,0.01806668827705121,0.08304386309892414,0.01043605874845496
2697,-0.021543614890522846,-0.12612025603902174,0.07089632901573847,0.06972019986147548,0.020987039940946035
2698,-0.01669761998614899,-0.14123125801444616,0.03310101748080679,0.04253482999781932,0.02934377793157938
2699,-0.0028151447948119,-0.13510127707123917,-0.045214930425949505,-0.02853778356291724,-0.010296016592485918
2700,0.04323831674747733,-0.07175482632621034,0.04193045347519126,-0.0047662616716338275,0.012296055962508054
2701,-0.008682972003817135,-0.08925256011432511,-0.15825355795624665,-0.07892757819194182,0.01766927619710789
2702,-0.0052372520163842095,-0.08340382944090294,0.02524261671760299,-0.0470417066261146,0.026185657889819216
2703,0.01650764629907532,-0.10278541535026404,-0.03338658202693473,-0.004795908959509232,-0.024515217732030872
2704,-0.0011520775784794443,-0.10987038049301984,-0.04552330334383872,-0.02151707418066984,-0.01992158503557307
2705,0.00473390835491278,-0.10642215149704115,0.07288062664433204,-0.04244012568498037,-0.03439530489587603
2706,0.009465775799815949,-0.07451112776874065,-0.05477821027064722,-0.01967532070531849,0.04824597058956967
2707,0.03513246556514283,-0.05043767220250216,-0.04565206998486285,-0.08507024648487028,0.026334982636008364
2708,0.007185790627976676,-0.14139551746107024,-0.06118842689724757,-0.00019941510964337287,-0.0019376651006584942
2709,0.025639529167519538,-0.08297355249386502,0.11614549103071085,-0.01814280055592853,0.06995153877777618
2710,0.0066988417665027255,-0.11080123176242736,-0.2579221985272953,-0.018863360877709776,0.018802595296779277
2711,0.023929409271212305,-0.09676902162676086,-0.11511222433179548,-0.05846276022730602,0.03195074367141417
2712,-0.03778090347162195,-0.0840916997598351,0.10324221374492935,0.03070612654386701,-0.015307394350440508
2713,-0.02686731132548993,-0.0809145587727157,0.15673455596191638,0.036313313641129816,-0.03633166897866037
2714,0.011345549190390021,-0.1273697315094041,-0.04843937726334983,-0.033828520931193165,-0.01589530275133738
2715,0.007646816667033183,-0.17307227929567062,-0.06940609524403374,-0.020448174520191115,-0.0023623962919697592
2716,0.0055354359983829406,0.073237647410251,-0.09391650609945978,-0.01800305718017058,0.03546252474928121
2717,-0.00870630265200444,0.07502060347024737,-0.15160528863792563,-0.03140954108823931,0.03202596013535327
2718,0.07249006416696159,-0.07873264666373646,-0.048647299664708925,-0.03248917132497071,0.07725825282590282
2719,0.03539934004088891,-0.07153569310200726,-0.14086756465597058,0.0032442097020615036,-0.030014825921087902
2720,-0.02458263915854259,-0.11387696711700299,-0.12207458849960581,-0.027578189277409806,0.026776078178796237
2721,0.03965838122192997,-0.06471943701965287,0.018494397738907473,-0.02251104521430369,0.008930745816811317
2722,0.0035477030528510674,-0.11737131034990016,-0.11532238873315048,-0.04053691366058885,0.03254592180689413
2723,0.016327639782005056,-0.10582716187662923,-0.04728539205261991,-0.005946294822846562,0.002500232193768842
2724,0.005102835511381714,-0.06529515921630297,-0.1680127652583123,-0.04422594504549348,0.043751291918888935
2725,0.06228560736446919,-0.11138946431782619,-0.154356405084217,-0.012104810864914694,0.009323763577257893
2726,-0.048588160804954234,-0.09413805721931852,-0.0645832746104156,-0.014456852867745318,0.01760284581847751
2727,0.039585519778036565,-0.07560773500942299,-0.22235569252614945,-0.054061595459212505,-0.005428527773448165
2728,0.002648846158274068,-0.11614447337984513,-0.11164990443228794,0.010677228901141552,0.02575327395724173
2729,0.02092410397065654,-0.11543098713251557,-0.032803088663696515,-0.016693412261641324,0.014118301462244654
2730,0.01631486022800345,-0.08583273699410907,0.058589696521557606,-0.01200453633473612,0.008091320257938359
2731,0.036900987324674304,-0.17685822404317075,0.021377290605216863,-0.05383068218719983,0.03149941860459215
2732,0.02298411861908053,-0.17245918833857093,0.039310823290519686,-0.006295825781348201,0.029237574089850466
2733,-0.005798803573420634,-0.03992492493755176,-0.1319546788304665,-0.05184989265379058,0.02509393640070718
2734,0.02714093686409727,-0.11595423123944476,-0.02784701555334529,-0.0364754654040745,0.026254412261042345
2735,-0.01770047043772567,-0.10961642552642142,0.12247825049437573,-0.001002579785839607,-0.003473503092209336
2736,0.04352040960802783,-0.10862872393199775,-0.13535718313984735,-0.02633619392595915,0.0390756270771721
2737,0.05380883840441287,-0.08677737132448128,-0.031925121293502126,-0.06176042644411509,0.003271997284087676
2738,-0.022471035761751388,-0.1276973824577611,-0.04589475030235567,0.0030896633732892024,0.0471358854952855
2739,0.03641547537433605,-0.013582167356104225,-0.18717152300131928,-0.015799580963694014,0.02629911038970426
2740,-0.012527292371442914,-0.06589003381872449,-0.024772087734659682,-0.0032624507014584058,-0.002487451212165779
2741,0.03047291777925017,-0.03430084994923588,-0.03912340533290351,-0.032197959423370566,0.01910845415620526
2742,-0.0037601251864695004,-0.1381783563984053,-0.0894371502928714,-0.002112715921829609,0.034227232748835656
2743,0.023304302853197918,-0.04797406310105281,-0.04679072634824203,-0.006087823611654771,0.007000063695109598
2744,-0.012479139683927488,-0.10100178420753317,-0.0799641971971674,-0.0539095341974622,0.02324177570810777
2745,-0.011681685561886146,-0.071942742693921,-0.017482914531980438,-0.01690822233578025,0.0026999723294921078
2746,0.0193057081714445,-0.11550555739654023,-0.05787748477221622,-0.022583678567005105,0.031052664152678527
2747,-0.02719949837669271,-0.09595643686107676,-0.018360292972122376,-0.017409849276345497,0.016445082870507968
2748,0.016270414439270832,-0.11066649012006081,-0.07017637160183168,-0.020637356360009785,0.039412333097921796
2749,0.00854462777964303,-0.10714653686133277,-0.039251833238184944,-0.014929313310614308,-0.020874857591380785
2750,0.031099331918654622,-0.11992146952271852,-0.05051970527447204,-0.020176573272235227,0.05004003273970435
2751,0.001986247254060089,-0.10409657218100205,-0.04282550559169519,-0.037937087611923215,-0.011601786378234471
2752,0.029216426889422744,-0.13570224809604123,-0.05914921379242562,-0.03414583930255856,0.06908257349146861
2753,-0.017062956430147307,-0.1625389319803238,-0.011432150060653803,-0.035084904801685815,-0.008813157958265589
2754,0.03354176400767569,-0.061087198306722525,-0.046106571402876155,0.011073019841428094,0.0400210505901872
2755,-0.02838619534133613,-0.07178775526679036,-0.17193460344936945,-0.024896163663529747,-0.00022891794860875636
2756,0.018664096041393866,-0.10245238422509187,-0.06869281800029343,-0.013876426598449886,-0.024940092553409506
2757,0.06447615411978005,-0.12669831365444284,-0.009994462252490696,-0.019869383691514208,-0.008464845421725528
2758,0.060416975307772805,-0.10697073252570534,-0.06634973082521778,0.005548999797662156,-0.00534107417461798
2759,0.021282020980796144,-0.08653470125136803,-0.11932729922480527,-0.02999016693733363,0.0035862416613962967
2760,-0.029037770561022656,-0.07959239821261026,-0.07366255545418576,-0.05428316137564228,0.021498515569597594
2761,0.02981415276255849,-0.07657048407738942,0.00850313263610159,-0.04285164892509014,0.009891636364524089
2762,-0.00914022763253585,-0.04692943163733278,0.0008831774748860635,-0.04427746315969852,-0.005702097768602074
2763,-0.017923068344925804,-0.023178645266515228,-0.031175707068081576,-0.06571044424777,-0.02388009562385418
2764,-0.022408771459839806,-0.011413307793984681,-0.010980023306401769,-0.04834834071067696,0.020356204359079602
2765,-0.008681918556196846,-0.09952489301358884,-0.059283078346314855,-0.0012724708692016307,0.015300809686720443
2766,-0.012766744527626725,-0.016431757161354126,-0.10417593747374403,-0.027091223098682556,0.036146918975333675
2767,-0.010620994255935691,-0.021322292717213018,-0.12002748904880889,-0.02541550016021445,0.042764956896700776
2768,-0.010715810755748938,-0.023517298374878964,-0.11572786138864272,-0.024230485145807053,0.04314252363336542
2769,0.027668865291143936,-0.05711771412031361,-0.14182753377676638,-0.042384249998998695,0.008857767549367014
2770,-0.027364620621060362,-0.02895935561201373,-0.08808791396294241,-0.01063329113353641,0.039172991111038294
2771,0.037028848078893624,-0.0657898729875882,-0.16610940161042703,-0.032963141083169584,0.008381052810168108
2772,-0.003339972040352606,-0.11238526295004134,-0.11876391905073361,0.015452920730344318,0.03356699172235808
2773,-0.03839962479421995,-0.12144024149484171,-0.1024764518278457,-0.10626989633338958,0.004488266675841812
2774,0.04561264584579953,-0.05575330227545104,-0.04422657625618272,0.001968606141711482,0.02387657152043092
2775,-0.06553151195545799,-0.07036989990073264,-0.009107432330679488,-0.057919215061772146,0.0053771873321272175
2776,-0.031117376325087126,-0.06093301508513725,-0.031106528689014704,-0.029116681222997976,0.045648959051104165
2777,0.003106652373157997,-0.07793273212136213,-0.02723649387096243,-0.023815736313661857,-0.03376423571638979
2778,-0.00456192952357474,0.025999629417775155,-0.15057459240131071,-0.054098938499892696,0.042266131188005006
2779,0.016286379221148266,0.08927287930544497,-0.11214084535901145,-0.019870143463591138,0.018320042191507936
2780,-0.017563376432913513,-0.04993661158397788,-0.14587190251177923,-0.045905029503564836,0.03531541286436006
2781,0.008573511907495128,-0.0709460739605378,-0.015388789005171224,-0.03203978242478254,0.029211466585524037
2782,-0.022133546853858564,-0.05844844073639869,-0.04681316386929772,-0.013093004268180119,0.03769646893376616
2783,0.03432900112657533,-0.10867448154278063,-0.16449277439368395,-0.0948318737909933,0.04754836447930557
2784,-0.019767068544736692,-0.08028717071292679,-0.05121256073031211,-0.009438661940537788,-0.0076045848327930855
2785,0.009798466855744072,-0.04502075694445772,-0.13023397699910666,-0.03816302760592552,0.07209553519862505
2786,0.007621664379167535,-0.09225247955133621,0.01784740400672572,-0.0406812031894161,0.014285080709738688
2787,0.00043113618378045184,-0.015665579952080903,-0.04003343971921182,-0.040883773174793005,0.04360615573221365
2788,0.007584138478972495,-0.09256561877002807,0.006741717817550498,0.005050560087881551,-0.002147921243110795
2789,-0.017329064761329734,-0.10057285062238662,-0.15154717539971557,-0.05447790482395589,0.027276544188420942
2790,-0.008211757470273652,-0.10754823487862578,-0.09859088629739961,-0.03987531257668667,0.01655329055851775
2791,-0.007279529984081624,-0.10412283216607757,-0.02108916364975269,-0.017439689972184265,-0.004049469595210851
2792,0.00909724122554202,-0.13300635985155368,-0.12212253074144341,-0.029993748746852778,0.06346453870302572
2793,0.005260142077929998,-0.07401524236980792,-0.0612674202729634,-0.026751553427124975,0.04328055842369298
2794,0.01996644124239294,-0.2151266518034439,0.009813434373215562,-0.04881164331831755,0.023962027353661503
2795,-0.028271335673761017,-0.13895930681868135,-0.0923823534613762,-0.01567334865973079,0.01526126113053476
2796,-0.007434365984634925,-0.1450289381317162,-0.12413768980213732,-0.04746318845038642,0.04619876580329582
2797,0.014190940638146372,-0.01793314805558971,-0.07800178082371634,-0.02627313941265853,0.008951942350915221
2798,-0.007753070241278631,-0.13136269418682217,-0.024375316392188918,-0.03576001196103104,0.012185813434794723
2799,0.02261917946883759,0.06022361999499851,-0.07574968589789242,-0.011199723043483113,0.030505274087117572
2800,0.026455574388381347,0.00036557425448112277,-0.039731484173514416,-0.017499457611446903,0.09755122380958209
2801,0.004713924710307529,-0.04148149764254001,0.12841757730498848,-0.02465001006346258,0.07896819376493805
2802,0.04143337656067689,-0.1130606193295162,0.21746625656693724,-0.05052513612701958,0.05200947597077678
2803,0.01683849203396595,-0.10379683514748671,-0.014775985446657796,0.01638841537286918,0.0015155486397097349
2804,0.029091283629450935,-0.08819512976937617,-0.04797430722860893,-0.042784404248199445,0.0413488194493463
2805,-0.016251417651765746,-0.07247785406495734,-0.001944713219562421,-0.04634075742370756,3.189678731387972e-05
2806,0.05295178227588634,-0.02064999306008883,0.01314943789506287,-0.021436716119379386,-0.008230701519927672
2807,0.01991606199274165,-0.11957854631991374,-0.2070469577756942,-0.003708220336481469,-0.012293649002097775
2808,-0.009235471818499085,-0.12676192210917814,-0.07740047371762858,-0.0799215091272839,0.05134546671467557
2809,0.015704002329487904,-0.1308802653511088,-0.06878827310391004,-0.03549092747524119,-0.009873475373825538
2810,-0.0015619316254321244,-0.12832210237649327,-0.07611495433836299,-0.0021311140329724762,0.0038427297222112414
2811,-0.006967278903973584,-0.14802404115272982,-0.09700674977796908,-0.0261276821749381,0.026748474001657686
2812,-0.0036294701806605023,-0.07039828595957184,-0.07105874914042647,-0.026749981570454953,0.044682713199643044
2813,0.0008495087567716987,-0.1852039144879844,-0.11574707292191204,-0.022135291965811953,0.09922092596833929
2814,0.02362020195299343,-0.155890844287031,-0.06618943192716384,0.020877499755465552,0.09833494476418589
2815,0.015638027576800276,-0.1283509742019945,-0.0203533432641871,0.02683436896600573,0.10003864889408763
2816,-0.009387780529876415,-0.050543695606999325,-0.025780866525061112,-0.05685006518246047,-0.0040647280098666935
2817,0.01774766843533186,-0.1617447764418468,0.09695865075265443,0.0061854147517093686,0.027503671621373245
2818,-0.028850056803297563,-0.09814790557474376,0.05803911299078901,-0.04819457607515261,0.005714813276547601
2819,0.031004106260439392,-0.05267015821160486,-0.019950580921909357,-0.02209560931877126,0.049371375547538156
2820,-0.009985190187077787,-0.07244260783907872,0.012811707671600505,-0.016922538467981207,0.01679163066161932
2821,0.0010116487878788747,-0.09742237791611827,-0.022998601565090024,-0.0005538789296018525,0.05766617564582054
2822,0.024036119240348715,-0.05759371859231022,-0.061472979104370815,-0.015911305986447594,0.027251187090850244
2823,0.008820790061685364,-0.132886847122882,-0.11766149759774792,-0.0339696759872937,-0.0040865368940337125
2824,0.01574214634198784,-0.14332656444168296,-0.045304721274505425,-0.045477513237890115,-0.01632014391103087
2825,0.010713131984646256,-0.08308766908341039,-0.09128642686630815,-0.013994087329437044,0.027670853610451723
2826,0.020230861076825223,-0.08034343411243611,-0.06319026762459555,-0.0037519112539624072,0.03755717056779048
2827,-0.018346881240905635,-0.16258448347632082,0.031247526140720957,-0.0016072211547762804,0.03039755676317439
2828,0.027022707033661567,-0.1544902161430803,-0.051262837056937266,0.009723625250181127,0.04642902271346701
2829,0.03384368056664456,-0.1302419137009821,-0.0031204417600308927,-0.008514803618739828,0.037070222443173276
2830,-0.029801381693960197,-0.179903199078752,-0.2998176436819681,-0.04561182561193709,-0.003522888961370699
2831,0.03651682592403152,-0.07842326671038051,-0.13899492218320203,-0.05613525708906537,0.04466113506749064
2832,-0.017763447050230176,-0.13839864032862922,-0.020949898236314664,-0.005687602772148744,0.002452230559704125
2833,0.005308172371876156,-0.06599113828107088,-0.13010056565867054,-0.020120459355063357,0.021291477636628635
2834,-0.015101508042632135,-0.10640405618683466,-0.019375732243881894,-0.00031995543395211157,0.0005997208572212818
2835,0.04014657740003784,-0.10544301188204205,-0.050133887993042164,-0.04414060996940304,0.04358121001493997
2836,-0.030490631425205483,-0.07644570660901076,-0.048518836367122155,0.0010086886192367467,0.00029778635927905705
2837,0.02827729585522257,-0.07832333122604375,-0.16093563453893553,-0.05732400372589465,0.029621692089760693
2838,0.019961850522867985,-0.10534840142549706,-0.05601638855784768,0.03312731848334275,0.022070204256829318
2839,0.018560652185494325,-0.15754345528079552,-0.03461416371015406,-0.042172422155576095,0.035973174103035806
2840,-0.02476112941243104,-0.0036483242892147616,0.10770252082311607,0.03162797253061492,0.019946624516359538
2841,-0.010491517313982167,-0.07320507996461204,-0.0951272554858228,-0.021089178390113747,0.011335327506041437
2842,-0.013382179413541535,-0.07597155503960522,-0.03605963513641663,-0.02410100720079204,-0.01902731855767599
2843,-0.005888955431649123,-0.07247369626017511,-0.08142970256481609,-0.023291381068885165,-0.02001410948122574
2844,0.04651234831625929,-0.05287862494689763,-0.017943604501130424,-0.044821723160808534,0.003630529962799936
2845,-0.002827667246563022,-0.15174961889146193,-0.06745584644279493,-0.01052860822104908,0.03651803585701683
2846,-0.012917228829281747,-0.09032566708957898,-0.1289570140236905,-0.017599873798224298,-0.0037140525333962987
2847,0.026139826249707815,-0.06959996853916818,-0.07411820092532469,-0.03969475875829818,0.052914918136700184
2848,0.02926680754556586,-0.08364059135714821,-0.0794003976114072,-0.037596385504926715,0.06930390910756241
2849,0.04224573843220063,-0.11774104859560017,-0.029544286230897977,-0.04097025334618967,0.07196723863025885
2850,0.011628467855706481,-0.09279833088469013,-0.059324937075687936,0.00412351192217442,0.04776752074454895
2851,0.026023147552254686,-0.10609462876728089,-0.014158133603586639,-0.019431083254975536,0.049853888502298
2852,0.02488962191129634,-0.1227065073877556,-0.09599585528483544,-0.026309454059190437,0.021708457146244257
2853,-0.003856235361042862,-0.08855088842829913,-0.13371252880639606,-0.049777431412276696,0.008397061971399519
2854,0.009637903195150128,-0.03776083379555566,-0.09467014249639252,0.00013086865950945033,0.04258635152241202
2855,-0.013318331204332404,-0.0955345869924487,-0.12410038262807141,-0.057052816160031994,0.023868978217147497
2856,-0.013282275886734795,-0.10880117427582281,-0.03418458497042664,0.014650597524868362,0.05966968980433391
2857,-0.005431351782817382,-0.08748715266126328,-0.028230579215094122,-0.036106754198996296,0.06536025189211774
2858,0.025706350002370256,-0.12511760822591725,-0.04491748001341141,-0.029222327377437053,-0.0007846719173724451
2859,-0.03138584931068436,-0.16869419062311983,-0.14430557238301814,-0.03455267842747555,0.047963212277885164
2860,-0.028096163903679826,-0.11352999547877506,-0.08308898657975995,-0.024260575362424312,0.05866246335036292
2861,-0.03143498615783208,-0.13861520694314514,-0.12224982521163508,-0.012007571512813753,0.06641048115987885
2862,0.01006874959693635,-0.056708074449807154,-0.03344392182804807,-0.07744849651876741,-0.027180485932467916
2863,-0.032971813986507385,-0.06643684315404587,-0.07143113020942378,-0.04177794735949378,0.06000060892518497
2864,0.030268811778323308,-0.1218512191618642,-0.08585337482182867,-0.04063228307815888,-0.00857644380658502
2865,-0.024648336664911643,-0.06773562274249953,-0.03714205601203148,-0.03882586535149752,0.047934713718909394
2866,0.034584081669278365,-0.05428072080740573,0.0034104853939734103,-0.009859165578749295,0.021343261042792903
2867,-0.010804496133039939,-0.11953366972484804,-0.05255177468006684,-0.01712063493199032,0.05220548671245928
2868,0.01729871521476389,-0.16457637437523162,-0.08956309104227778,-0.051044271395498095,-0.0016951821674653974
2869,0.02925609646605831,-0.14212414560495856,-0.07619322403893895,-0.039656843187937746,-0.001633408626879727
2870,-0.01679904821330473,-0.08348147410203793,-0.08449709009768343,-0.006407466374380326,0.02370652947570394
2871,-0.0046029278727806175,-0.14968125995923312,-0.05749673320269428,-0.046433707223571784,0.043123006812949116
2872,-0.013006517796369771,-0.13508865407222603,-0.11509166756730417,-0.023699187937238027,0.026882571799498826
2873,-0.023725405176652482,-0.06865396104378879,-0.05727722398174039,-0.09892627395045289,0.02611436426953536
2874,0.016098368164795113,-0.12947822839142156,0.008374884557731995,0.040311568165504866,0.0061500921606782956
2875,0.024862919558971894,-0.11081126396742148,-0.05153866488585709,-0.08034016463779062,0.02765403003437038
2876,-0.015921107775409064,-0.15491017038262764,-0.12550621762073427,0.00405997033771256,0.040713180085955786
2877,-0.008219396133753259,-0.1112186692762253,-0.17435717020169397,-0.06787070916223541,-0.0009692658525052408
2878,0.022082095239727387,-0.11449972550215422,-0.05444056660283258,-0.052209145802063,0.038174139963256214
2879,-0.015829693765626204,-0.10280008510853203,-0.06697363419471866,-0.06765396185239657,0.019167476476246472
2880,0.014275255446474656,-0.16546539802270047,0.18582269391398307,0.023925857420898484,-0.0025217054927912826
2881,-0.020913431677244264,0.033116322418293515,-0.41695623986952207,0.0029152921882994605,0.08048572695618636
2882,0.028799650792620972,-0.14630835481635876,-0.1177075907505976,-0.06986902601354705,0.06961706296572319
2883,0.011638803657570744,-0.023069077508088776,0.06539332075533201,-0.008981826114262053,0.0046990624515039665
2884,-0.03668236886467016,-0.07319591038847616,-0.10450689705560508,-0.039752231604980356,0.033387279165890855
2885,0.034365053266158574,-0.07441774021540086,-0.12871702714397956,0.0246518015894728,0.008310699643580742
2886,0.014349068296328161,-0.20163407880539766,-0.10889328736666179,-0.03701872643694861,-0.0013751755644663456
2887,0.0006153942929522766,-0.07721399377123006,-0.006482275384140772,-0.047793054709111764,0.03611371406387459
2888,0.00840961629759735,-0.05068708739302276,-0.08720283065414189,-0.017622570489175603,0.002942899485978674
2889,-0.021600299496314746,-0.08273969722405343,-0.16059359213059782,0.003797017114111771,0.012927656898516274
2890,-0.02279834433990413,-0.06785319997448726,-0.09846593922679459,-0.02256909789055313,0.021301876649076013
2891,0.017007712142658064,-0.09143629128083844,-0.10623123459796802,-0.028002642292275774,0.01631894395989599
2892,0.003316408726192258,-0.08496964253898667,0.12366491844598797,-0.03565116464001124,0.02101801434314858
2893,-0.041856147279538965,-0.0993455685005328,-0.025253805833887286,0.030903621594813715,0.0272828031047291
2894,0.07375792407353375,-0.13308917370416568,-0.25381494148519046,-0.0305084089418354,0.005805686558082047
2895,0.05419094196512155,-0.04861441283384295,-0.16212466966376535,-0.021102846478846683,0.04009525892231621
2896,0.08061795882473778,-0.12683452615945637,0.08284322652541147,0.013094610618345945,0.03161705647733874
2897,0.062086812325724036,-0.01718896678776442,0.07624229238409938,-0.005186604314977812,0.049118826864121494
2898,0.003359722646328126,-0.04142181094781548,-0.19362095670960205,-0.03584631709917258,-0.011225178616848363
2899,0.011507957621932994,0.038578832256317495,-0.011737496608075012,0.004683857828201635,0.03681852125013433
2900,0.029869464358504374,0.014966253540159466,-0.008081345056316476,-0.03014056271209552,0.03045003617466919
2901,-0.06475109749979044,-0.15624761485731442,-0.047419929601271976,-0.012796367186450113,0.0009377351180827297
2902,0.036870316134353126,0.03822938028902538,-0.05822071659026724,-0.019132204098970845,0.029912528236354454
2903,0.01935352869477564,-0.11440054664708385,0.001041630149655938,-0.025465667131110824,0.036272469462618986
2904,0.03151576813452361,-0.10224789246896956,-0.0869728796214132,-0.04658383747195199,0.03365105232002098
2905,-0.038916027120824905,-0.08115111781767374,-0.1544700466886449,-0.0008267933062645643,0.0038870070780321372
2906,0.03442014889685756,-0.04507506774588804,0.011360419287729205,-0.03143795707476707,0.03573530362330787
2907,0.018912554042238176,-0.027335538129895004,-0.0020319897595647033,0.025701431368315923,0.05161591638381985
2908,0.005543665251776157,-0.1295804220020079,-0.09637807306383094,-0.010903713055828332,-0.03460653305712676
2909,-0.029087995228986377,-0.08270015858290536,0.06223268501941437,-0.07501557759588863,0.048946539427139585
2910,0.008016391489762171,-0.009579222706918722,0.09129912669772315,-0.03189153607923008,0.05332692819607131
2911,0.00024328864850375683,-0.12005654083092787,-0.06600641312503557,-0.009765930257552954,0.00860092546003844
2912,0.003911403749409264,-0.11477334261704046,-0.07400831996258002,-0.010309700699265473,0.01847068873807291
2913,-0.00335386820731768,-0.12662207624868846,-0.31436320486290814,-0.04187634108268098,0.015505156340610058
2914,0.0169614248518371,-0.0894849882647579,-0.19985569276014437,-0.049038167512884104,0.018384813397379494
2915,-0.010143443802142655,-0.10376282883937409,-0.12697144324588258,0.010698007256093846,0.02985683526263224
2916,0.0032660088307886167,-0.11742124691543955,0.1024829944273025,0.007502855581085913,0.04055386524430554
2917,0.004924532752674622,-0.18796303307091727,-0.018297941689527683,-0.001132581776262925,-0.00019467874945118156
2918,0.005578052179668788,-0.0574804204887137,0.052027455431965,-0.035698261788387496,0.06003186080391231
2919,0.023733102090600863,-0.06153458764964665,-0.12356747392117659,-0.025097564110894192,0.03728520851233676
2920,-0.010790309558829887,-0.08166291779451088,-0.1737518129798805,-0.03965940652734506,-0.004889241833728328
2921,-0.0017367591036310023,-0.10913392948164226,-0.038860176264529124,-0.08703185496727275,0.04500874932279235
2922,0.010189848996146979,-0.0074093802116339605,-0.23795731296686268,-0.0018008401165608267,-0.020894562269253986
2923,-0.002691123912001883,-0.16158221641453566,-0.008685510425818263,-0.0071704730177257784,0.061781545685101746
2924,0.004194318589231928,-0.0610702578956722,0.12691134428750186,-0.027756559990365644,0.051970878116830155
2925,-0.0014292709164402638,-0.11602347457522658,0.16086145749936132,-0.023286524583004446,0.06579128237520242
2926,0.013828954154473015,-0.18982859710020736,0.050321259645392045,-0.020780173844788488,0.011890371305002817
2927,0.007048303507293485,-0.19493129192042824,-0.024934304551535356,-0.004818742486303623,0.03951397955950497
2928,0.013489124998417854,-0.035111493774058644,-0.10900956814217494,-0.03351652354749745,0.000313657745239521
2929,0.003488941816920094,-0.027773329358802244,-0.07250227619175745,-0.011140921776767032,0.006239062101466312
2930,0.009002758481144117,-0.09539967485427021,0.0047152057209621555,-0.04286104109607073,-0.012899220767090347
2931,0.0031002036378412023,-0.022755668222954255,-0.0180938761564099,-0.015839286638817677,0.0432931303303379
2932,0.00902935731365253,-0.13443150117327052,0.027806705011919022,-0.06429099122704375,-0.009932675374146013
2933,0.03142940353180605,-0.13659589009615705,0.024975603984202028,-0.007420800300127214,-0.010050403546373408
2934,-0.036094965420645775,-0.14740827673305576,-0.05544773348113587,-0.01509757674437945,0.01903533723559601
2935,0.03118958697673917,-0.08886973575509265,0.003139086319078013,-0.004997226252593857,0.009028319445335746
2936,0.013214396661367478,-0.0695829984907664,-0.07780145376368866,-0.03548766292055116,0.004886105012363577
2937,-0.012504802221171797,-0.1096298233527894,-0.17806535538943427,-0.017873120661840297,0.02315401683979243
2938,6.962437801386618e-05,-0.06351097477762951,-0.027981741492887034,-0.03176891198679233,-0.010617137183852952
2939,0.013100960038214782,-0.17382730376558658,-0.19009850778333753,0.009161327148870866,-0.02774351116390679
2940,-0.0033006990311692276,-0.08003419956197312,0.06302668867002885,-0.05731141066793545,0.03272706477274141
2941,0.020150702796381252,-0.07971538083745613,-0.1670726574984667,0.010530004793582527,0.006563543599112779
2942,0.02700131968849416,-0.16676835516079544,-0.07797566410023468,-0.06261152354376075,0.03793217544736395
2943,-0.03188487929113517,-0.18612371495988853,-0.15777750293067133,-0.03696125924804089,0.0013634660627183058
2944,0.02121793079303974,-0.18901300863298795,-0.034718752766141336,-0.014352915900129102,0.053205605186187485
2945,-0.018563365231575018,-0.06707715469168087,-0.026107507275351296,-0.047460827523704716,-0.0030975106979009895
2946,0.02591205362531646,-0.09493693981093154,-0.19838029557199555,0.0019555747759789316,0.04372844381071251
2947,0.014570977160559573,-0.14059882985225658,0.04704020473057443,-0.08128281025556615,-0.007953719533179138
2948,0.02836780056116298,-0.0425270340709646,0.19388466252154152,-0.031745738334248916,-0.007638164323733105
2949,0.022459093342649134,-0.10997894369194867,0.07622602635417308,-0.016365304438558805,0.020000906695073564
2950,-0.019278906597822793,-0.08321141581819569,-0.015580870464053341,-0.025774855211781852,-0.007300175997345043
2951,0.023801409795587765,-0.04088711143679325,-0.10739905582155837,-0.06025785852622821,-0.02203871349865807
2952,-0.02703613471661494,-0.11477486653569428,-0.10760630925451556,-0.023514224312718074,0.037923434597181324
2953,0.01164459248448667,-0.04387839657756679,-0.06961285893897354,-0.08025456431404528,0.013541402176524829
2954,0.00022179552272577635,-0.1240505515906727,-0.03891293166597433,0.011220017062490581,0.0308257693562438
2955,0.008647613827986372,-0.07565936662249595,0.004347749199055033,-0.06315185621770371,0.03031269425485825
2956,0.0057010150487337465,-0.07606125609590886,0.029641457048036394,-0.00929178211487527,0.027809581535069745
2957,0.005806096100622583,-0.12180710916061802,-0.0546308826414916,-0.03994851942004274,0.009409915303006652
2958,0.00419143153355267,-0.07602650491791732,-0.10032986205809959,-0.009090407779225904,0.030442551062920604
2959,0.0007782182790881996,-0.07881555045354996,-0.00301409673734998,-0.05155324402400824,0.0433421364092681
2960,-0.01588240719997166,-0.14348888212255384,-0.06464960485409842,-0.037218581871978115,-0.0032341414787553477
2961,0.0031705120162890776,-0.15757196074621566,-0.06517636059401981,-0.03190356503740484,-0.05859949288586198
2962,0.01100690895572131,-0.1712939933739267,0.06867422717793448,-0.01699441140954622,0.05242239176196673
2963,-0.009080824944196956,-0.04124581800541154,-0.06810546947349924,-0.05044599966544707,0.023295319024665268
2964,0.02280966773922464,-0.10184446533756672,-0.1998019835996526,0.0029613761174143113,0.01646101048416875
2965,-0.0025641894243400506,-0.11836642731650877,-0.07273558766538042,-0.044409540235875754,0.0284254054770102
2966,-0.009777755134958106,-0.05798212916134324,-0.08494781113165437,-0.06671542687139216,0.010952310677470179
2967,-0.010023901176152716,-0.10614956008533664,-0.08260033798992139,0.0547019768937492,3.822642733298332e-05
2968,-0.0070633592357749984,-0.11649666803624582,-0.08567968894903213,0.00981735994455225,0.027045130540005374
2969,-0.01261757096956013,-0.10329454429314022,-0.06385732674141124,-0.037521772235893154,0.015602452155662158
2970,0.04556029220817553,-0.0868693144740031,-0.10369810880284926,0.0015720295277525335,0.04527694814800675
2971,0.05686986760192511,-0.09432933917622287,0.016108159091752956,-0.04505287095364993,-0.002060364150226695
2972,-0.03247866010966021,-0.0934807963023299,-0.09511598024950907,-0.013732912602896065,0.03001024204857384
2973,0.027618546462078033,-0.09861294535781431,0.0017483173926615362,-0.08064014087733941,0.004951025914209339
2974,-0.011270774119515315,-0.09463897116480577,-0.1137389042745631,0.031786782978855364,0.047297679671106395
2975,-0.010691000094875476,-0.06924160764614422,0.020701362325855222,-0.021138333192488555,0.02971886355770225
2976,0.03504151062391496,-0.0941591083387896,-0.04825084315040115,-0.033040764022221725,0.005220257432836786
2977,-0.04906128849044583,-0.11170596612728521,-0.0015308368166969738,-0.01928233475956034,0.0027398935540393133
2978,0.032834035273178325,-0.060766485182017015,-0.044697317821065626,-0.044968075266367286,0.02203596683301625
2979,-0.004269174713421533,-0.09579391788256537,0.053555378425934705,-0.009715431173342554,0.017971406312309975
2980,-0.01458175293160355,-0.16044575887329854,0.01700979375205297,-0.03351727782871469,0.03786518046722405
2981,0.06316748206701799,-0.104823793812056,-0.17739496838461188,-0.009090237973442791,0.04280014538581574
2982,0.053709212278467096,-0.1170849483180267,0.017380913404147942,-0.06624192685681754,-0.026259114121736368
2983,0.028392869049901157,-0.12782025327959567,-0.037717800419636606,-0.05895587682440019,-0.014768399329976513
2984,0.02893505210944853,-0.09358654030551156,-0.03904759174208202,-0.04743731170307036,-0.022721393890469517
2985,0.014190831353903182,-0.0987299119241806,-0.12319618691473844,-0.0202106659618142,0.0055761933796797825
2986,0.01880832930751417,-0.07152380861386237,0.03549300029474405,-0.0372669476585857,0.0028480237122648655
2987,-0.02594861371042343,-0.06336826385432026,-0.1286674414569363,-0.017937069761011542,0.03949819414566568
2988,-0.017798839619068942,-0.13745444166005896,-0.04354477360035777,0.01003540614539928,0.056979096730784266
2989,0.013289683375037525,-0.07959847155333688,-0.015333257352307755,-0.03798953287666709,0.002915823055404784
2990,0.010933330518587052,-0.12109669933198643,0.003024445110343318,-0.014452797797822155,0.032578823196556056
2991,-0.011269493885463878,-0.129446071713947,-0.19784654521968545,-0.03580857368446017,0.03455405641568507
2992,0.011475603190083585,-0.08746639402956019,-0.023249261414295515,-0.04365576054987757,-0.004663589592478159
2993,-0.0437283133722192,-0.10311037836158013,-0.07226568139604075,-0.00932333799227944,0.04179179847155644
2994,0.0017340941907108339,-0.12179005927678736,-0.006876624443870125,-0.021020070148722977,0.00976433510652955
2995,0.008726587199120957,-0.15153388963583306,-0.08582854310141422,-0.015240739554238396,0.024158997381145946
2996,0.013291500498798174,-0.12103813481962376,-0.010937677708009299,-0.04209158598949543,0.024863364629596787
2997,-0.04233881716811088,-0.13204640533256523,-0.06108099151981139,-0.02381784466639088,0.020134472091850708
2998,-0.006965502984061162,-0.14468924337437322,0.018301767302493985,-0.04800159183294978,0.03662787646671722
2999,-0.005814737675839273,-0.10616716942936213,-0.030477199190435327,-0.006193843832831165,0.007759408140930853
3000,0.017776281892915764,-0.05437175855298089,-0.1112153759502943,-0.10404140531890603,0.03414913943169422
3001,-0.012423515659365503,-0.08679862221720641,-0.042115741911432504,0.00816065931585913,-0.007511724613771715
3002,0.014574227662489062,-0.12454210359422953,-0.10941069670895351,-0.010479619108653615,-0.09398213571460816
3003,0.007425094573236475,-0.05909046534103733,-0.038401957899190306,-0.03493711222768386,0.006924807939244905
3004,0.017372919127304976,-0.045579835487281055,-0.015839915748089944,-0.08333168552125561,0.005682573369889176
3005,-0.02253777637331285,-0.18447607485477882,-0.1587828231908091,0.0238772241170041,0.045174196235530706
3006,0.026048804868081508,-0.037055958237229285,-0.029095818416848787,-0.04479498126858623,0.006355962400031696
3007,0.04047338127445317,-0.06501771585278852,-0.09993374603769052,-0.027485515944148876,0.019564294696673902
3008,0.04336008423584369,-0.11222346661869752,-0.006212961770887403,-0.031241936427044516,0.003000296098182688
3009,-0.009345581343089805,-0.09056267418435011,-0.07149461806777561,-0.09608942597328776,0.03348349697185712
3010,0.004994387358196858,-0.06182092984813618,-0.1028043792222331,-0.10252298750942963,-0.004923659883119056
3011,-0.024505561785402627,-0.07640806524779589,-0.08963739713192254,-0.05723441181032212,0.02108213697844064
3012,-0.05911684997436924,-0.11843380052355411,0.05316528346205711,-0.015037600138204444,0.0577202666218989
3013,-0.04824289213019279,-0.12488339497820442,-0.0489264257071505,-0.045141064432460624,-0.002920099099686568
3014,-0.026296044111800018,-0.18279700069667157,0.04227640990667747,-0.04001338083182572,0.030819107852699947
3015,-0.022360028516021643,-0.07538372987089571,0.1527269592874022,-0.021965251454300932,0.037891170089872646
3016,0.03427175544194522,-0.07991818598171277,-0.06948213734578615,-0.04799851495712954,0.00448941701603489
3017,-0.030348811632579836,-0.10926556930971257,0.025039634647451216,-0.047697850952894104,-0.010225745456374297
3018,-0.032263893419500304,-0.09992504456034923,-0.036925664882020745,-0.026983735961324366,0.0038427472374191894
3019,0.045751426123489855,-0.030456147717742375,0.0024388946529439385,-0.002260956542053982,0.015368107811598933
3020,0.014668722821681834,-0.03605102510704145,-0.16892563730901436,-0.011980210866602047,-0.012172474553619209
3021,0.02762804513308866,-0.14380809247747633,-0.07721390111037993,-0.06163588296726542,0.01870190892802456
3022,-0.025656320193085176,-0.015345415778554292,-0.3011089763828968,-0.012200197465742007,0.00938309973258537
3023,0.010742057195352993,0.03067619136887941,-0.04376514852266806,-0.04461708075776407,0.04224830759403117
3024,0.042001714435069976,0.011535687746083951,-0.4446420542799568,-0.022860441381847917,0.02742345021402416
3025,0.00043475758283000304,0.014355150082751391,-0.06868290954688838,-0.005668987170375246,0.0017198520764794844
3026,0.0001971706621414869,-0.1846955776490763,0.09043415123725965,-0.04557371436345545,0.08900972041829984
3027,-0.0207372866912448,-0.1725847302441313,0.27259635891652356,-0.03086629055784696,0.018140890069542937
3028,0.030965645502790285,-0.06258960814949412,0.05287013633350556,-0.032966960602442606,0.006620265376266872
3029,-0.018501806572528978,-0.09121966299010291,-0.15999011543388164,-0.017618946729403444,0.03873943113383638
3030,0.01676840971783283,-0.08556916577492213,0.18317369245073103,-0.03517033602925179,0.00606956675739903
3031,-0.007749032759005966,-0.08992047165236612,-0.19799148246452963,0.005038818715562196,0.04564345527924317
3032,0.017006058733732628,-0.08824070550073743,0.084847118441029,0.010185722585611868,0.054989692599208426
3033,0.023786351293055463,-0.1038250159711462,-0.025471492537917046,-0.06513840664817176,0.028563874558565117
3034,0.009289582160918854,-0.08458102767264074,-0.10792036071736223,-0.04050917277161489,0.028437957413785925
3035,-0.00037901038444872393,-0.15765878890843565,-0.02189298636459038,-0.07658998536058187,0.006298695548982
3036,-0.000753870328931325,-0.02710925095101432,-0.11837502568950256,0.0034004560570495986,0.03445218397344478
3037,0.02639947199525963,-0.17612254496911683,-0.03928217808064167,-0.05927530804412284,0.01243999969319434
3038,0.01446268314155204,0.006692937031874596,-0.008975023594691123,-0.006505637978258563,0.0365076315033018
3039,0.026690705992063732,-0.054404170113912215,-0.032417372041690026,-0.031076495919035062,-0.0032325630249909216
3040,-0.0017547403606578396,-0.1492748884069785,-0.04247937640875992,-0.0344478074643646,0.05742373291306375
3041,0.015561286187028076,-0.12228430435947335,-0.08748502551434661,-0.02708948851026884,0.022948833859978597
3042,-0.0292100092337518,-0.09507973981843301,-0.1335056805013719,-0.01342497294318381,-0.017855699694101425
3043,0.033840030359437785,-0.1008765347005027,-0.09438842960197229,-0.01089614138942727,0.01799267482871054
3044,0.002124615183151617,-0.09120834728374246,0.0543698947616419,-0.02627413094662242,0.015408665228862892
3045,-0.009784178369304035,-0.13249699180729602,-0.10822029754990327,-0.020477542737824244,-0.03404612529605108
3046,0.06463624814752308,-0.05980748051937013,-0.05791067858677922,0.0023886092278930984,0.011338920416091317
3047,0.03522009308795039,-0.09545782577192591,-0.0603943396532175,-0.016991354998546683,0.04944064790335785
3048,-0.02837693323360089,-0.08159087213375532,0.04919728139620754,-0.07314159502434178,0.008266774206637318
3049,0.04113319953239833,-0.09780534925862726,-0.053493268551461186,0.02952405849790179,0.015436091517152448
3050,-0.01090778283502371,-0.12277337190034031,-0.02870347178508502,-0.032010657373321955,0.01123965934401141
3051,0.04295937507484859,-0.0924700423472364,-0.042597286180781055,-0.03823596805704939,0.011436424937735598
3052,-0.031363030504704646,-0.0701304271915035,0.000627033468267299,-0.058157081967886215,0.004130670814519573
3053,0.051423249206191346,-0.07367104433437677,-0.09455689789509125,-0.03949987031286364,0.01933830251611874
3054,-0.020364049354486432,-0.11033920319332828,-0.10366876825635353,-0.06597345464730565,0.026092138129988143
3055,0.016792037175687502,-0.010414151981209827,-0.09912301634885279,-0.024185156681017523,0.017908618564198897
3056,-0.015118360131162294,-0.10339022670437614,-0.06415720809211478,-0.009902114439630374,0.045765272795580646
3057,0.02120830216582095,-0.0809896594455928,-0.07404530682843485,-0.01982039493162147,0.056040761763352286
3058,-0.00878391846563713,-0.1308676395708709,-0.0720981658319636,-0.027344967401008002,-0.007524089840129226
3059,-0.0007122571906770667,-0.08988951423555117,-0.04619005710810632,-0.04326926906144769,0.010873079875712479
3060,0.03151588804383913,-0.08807649053665344,-0.0792041679306839,-0.016212140453035803,0.03583770321814201
3061,0.003218631389871548,-0.1257438718048581,-0.050057432873491674,0.07408744076455057,0.04956725947176154
3062,-0.0072904105493018885,-0.03900033797529379,-0.0719788247802317,-0.0421402845517373,0.023433325240362762
3063,0.007319072425830661,-0.12614303636098909,-0.13034496183768393,0.016873972616607974,0.007914878003776493
3064,0.002830242885307692,-0.15389902607382286,-0.053387732831020704,-0.0431231522713853,0.056338536750203255
3065,0.0034962791601812772,-0.15725847820296276,-0.05426640288373119,-0.04659218498258985,0.05414804682608286
3066,0.02111660565655713,-0.1043300627266222,0.013219239421124088,-0.010457115922610234,0.0008004152875039216
3067,0.009591389243959223,-0.0990116438801789,0.03460187995957025,-0.023496385588945203,0.015429167374570112
3068,0.0006963162428696188,-0.05460428742323864,-0.07553162353920488,0.005427165749849017,0.014141585587483952
3069,0.013089736013164656,-0.11230369671370552,-0.043169924571685385,-0.05705561845081613,0.010863627084266697
3070,0.0451868709139011,-0.07317751619820217,-0.02508231468885207,0.03363539947361162,0.012763913003062967
3071,0.017105452087749544,-0.0930511316570891,-0.024200281235012746,-0.06476616847047541,-0.009050514746355497
3072,0.018209617138727048,-0.1576871946238123,-0.05270094412774317,-0.02005981409290943,0.03048521187182104
3073,0.006069029669133011,-0.019516114755294054,-0.18036970458386536,-0.0022555500033299867,0.030113093406673442
3074,0.011491325404547375,-0.0904060760676904,-0.16827746321126258,-0.03561338483168169,0.004348422000725788
3075,0.028056237243944678,-0.13205939577169562,0.08888533293660382,0.019912546702819067,0.02931451737686108
3076,0.003196214400157035,-0.09359655304467962,-0.16785842785764954,0.0014912697967518393,0.036381416399211906
3077,-0.00895678473158258,-0.09601250322127704,0.06504011982175778,-0.08559989462810014,0.010399611014523111
3078,0.02536191116647376,-0.1055381097431996,-0.12567041958186084,-0.025626534849064537,0.016750759519005644
3079,0.054878700067227296,-0.12507290764216528,0.00977245969084006,0.0012663349227781803,-0.012099394976210185
3080,-0.03223927443231214,-0.15204139460065064,-0.20397758088723947,-0.018089835842474394,0.03637965027851424
3081,0.02849463131046433,0.008459988146553243,-0.0416867579411336,-0.008322389860838563,0.022687906445001547
3082,-0.016125101390204993,-0.16470493144694362,-0.1112913862682821,-0.011385431863328894,0.052368711138800025
3083,0.02657556489779189,-0.1357758323820421,0.010305733971475299,-0.04385751862014755,0.027325492674698703
3084,0.002093527483786606,-0.046565567219848426,-0.07908962091215223,-0.04035721403447941,0.027824002556177632
3085,-0.037860225524118364,-0.0874427365551691,-0.08734003681140502,-0.06829670676094797,0.05347212321927091
3086,0.043401749589954935,-0.034186022942713626,-0.09386926038618788,-0.03787332859335282,-0.002162182426472079
3087,-0.031170353357968125,-0.05206240941125182,-0.058384602662078004,-0.014145534658172096,0.037652265111553916
3088,0.005849637273924743,-0.14153607252629333,-0.048886716246177964,-0.0161338426976224,0.03786901061224972
3089,0.0034881712362470896,-0.12080484569445189,-0.15503520423756897,-0.024463476222684428,0.0029878515320299684
3090,0.007088477736477488,-0.07688356007434945,-0.0860160268945366,-0.05357715399014218,0.05951827294381056
3091,0.005694868768204713,-0.16418432614009437,-0.07063623373839642,-0.031006290585983427,-0.0033544949439873297
3092,0.006399110434252313,-0.058601182774141745,0.06611108562957405,0.04198329236751354,0.027964284922661974
3093,0.006791586317520596,-0.12902174448889914,-0.07529039316404929,-0.030883190933698127,0.017604013287344036
3094,0.021000278607418283,-0.0919082687307481,-0.08339252431607114,-0.027445508324215207,0.08390073735584709
3095,0.01825200557482852,0.08623464479981065,-0.18792071218218803,0.0026736607647569314,-0.013909983868439692
3096,0.0035105699258904627,0.2229704566147912,-0.353966359147841,-0.02208059353577139,0.061037044564317036
3097,0.02687003039863826,-0.027277352434961342,0.12455439487890915,-0.04150834698669067,-0.013681612715424212
3098,-0.006229036994211048,-0.07020327313531059,-0.05424094667746837,-0.0020866550106364828,0.05391608499538576
3099,-0.0014775146641776875,-0.09911860101089566,-0.08899812446854646,-0.014958640106615325,0.04254750004606265
3100,0.015560763267541695,-0.13728679590437365,0.04059102921519852,-0.039369305822948036,-0.02027551217660951
3101,0.03649063066153275,-0.10598253535979534,-0.15146969492751627,-0.0627526097017165,-0.01956038738726121
3102,0.00912667438332793,-0.12973882926141975,-0.0067879021588729115,-0.02907056689435773,-0.010432905616574055
3103,0.013103231997298128,-0.054053325006682605,-0.09777957978299133,-0.06064316116175146,0.010705726818113806
3104,-0.03002126087585788,-0.0747541751823712,-0.06629182164111416,-0.010727734790584914,0.07646072424612119
3105,0.03259738074083982,-0.0757673758453394,-0.061831639081761744,-0.026922178180295516,0.05290871377616222
3106,-0.004525944365462326,-0.04392149209109995,-0.06477420932535219,-0.03319714706086506,0.045419045462430654
3107,-0.016910689893927366,-0.08958452061984144,-0.0716147233317917,-0.009522484251534544,0.03195534741558499
3108,0.03358615440679125,-0.10819651748650443,-0.22984708455251412,-0.016737081664440115,0.0576627817702307
3109,-0.0320672397058077,-0.11977686880710099,-0.03277461078607973,-0.04660378712005643,-0.01632962084343188
3110,0.058755294344415385,-0.08932561014220104,-0.29935268649406976,-0.014149350213810266,0.028581560382437494
3111,0.021283419340447054,-0.09529494959776316,-0.15325896185049462,-0.04378000049372097,0.019520876708380933
3112,-0.004666610933121391,-0.150587268133335,0.01616172107027522,-0.07416797677500384,0.03690806846616256
3113,0.04021774111260672,-0.12633972536082677,-0.01764909790586867,-0.08121039702489415,0.027936308320479657
3114,0.03853976247532677,-0.12481138085733388,-0.014107346323605293,-0.083408221092049,0.029180024022540857
3115,-0.03934209860815061,-0.12852516249607315,0.09147260620375477,-0.05214313391613357,-0.0035719815823450243
3116,0.030113540505529064,-0.07609390694529647,0.015132261575417378,0.003747106536624809,0.029083031943214557
3117,-0.015511525916978089,-0.13745579972969418,-0.13697550916766155,-0.05267557736511079,0.015308889694154466
3118,-0.008110704045019217,-0.09658960638917888,-0.06505183487082782,-0.01613505797482317,0.0075579963887504285
3119,0.01716283825318883,-0.1646626875685648,-0.05434746541802129,-0.06952717345354137,0.018489951641103085
3120,0.011284525896995086,-0.1851048269662397,-0.06629674123161236,-0.05904142137749735,0.016770249698798437
3121,0.0018315582796295247,-0.015026816726388373,-0.023937666174691126,0.018613029215900294,0.00964847690942208
3122,0.004174092473405432,-0.16879895210579346,-0.00865912303261906,-0.05701967494475124,0.013117663297140269
3123,0.027442327133626942,-0.13492996027978557,-0.12530527362548288,-0.047193013606384636,0.023008907438249144
3124,-0.01441557347752931,-0.1022592849529412,0.0020037747805836266,-0.04384631468173041,0.021218434250427368
3125,0.02155257807503384,-0.09346824047402635,-0.05890333010717909,-0.04779650582234818,0.02422807353836059
3126,0.002647132852073602,-0.0810514200189078,-0.09826515623025163,-0.02286969685262526,-0.006032418333763151
3127,-0.024112171353727528,-0.10158695933133984,-0.11370493138277414,-0.016949470075110728,0.00972886887029107
3128,0.04799835649109808,-0.05839757695295028,-0.005534958988859225,-0.024484311464903905,0.009130254862352692
3129,-0.009568376892822476,-0.09960743374484197,0.004078387040866481,-0.027502932477052107,0.05563769843037438
3130,0.02822405096486268,-0.07199036139697769,-0.02258948598035773,-0.04136749749042304,-0.00047561247698620415
3131,-0.0187200367123831,-0.0518723053081911,-0.28293985139381655,-0.008349290911203776,0.02498578788724987
3132,-0.01992372892486193,-0.06549208136914814,-0.11399544692248897,-0.06522423878390872,0.01937840265344809
3133,-0.02300573678590786,-0.07235757876784368,-0.0630625442076805,-0.07781777024744528,0.022334932274972127
3134,0.04250714382570415,-0.1550280094559832,-0.2222599544404465,-0.04647472808756267,0.02555190953325988
3135,-0.02683936937561301,0.04045542601505039,-0.09447951742480615,-0.005940779908677172,0.03618789247588781
3136,0.025653641695858136,-0.046712369443242724,-0.0259915806948058,-0.03145231597842654,0.009911516904028462
3137,0.012422033531473543,-0.04323005134621804,-0.19401886909175708,-0.05370526617256652,0.016554986651057348
3138,-0.002141482457363839,-0.12210200821464955,-0.043754449511094314,-0.009912233232752846,0.029719051253651787
3139,-0.005573911716113082,-0.13805568679696392,-0.05157864918939471,-0.00108635962210187,0.0286881510497017
3140,-0.00977647072405037,-0.05333624660766652,-0.01893101084130231,-0.038507380796446625,0.008013201089294352
3141,0.001630219422340552,-0.0665979338011494,-0.09833209008339464,-0.004302469755194537,0.05617562119197583
3142,0.05513760534208585,-0.16132940650490862,-0.08553453572740578,-0.050831945721539755,-0.008883871956144634
3143,0.03703925834691334,-0.06716358890981587,0.0730424647936399,-0.044427891774195954,0.04288747349612669
3144,-0.025514371621487283,-0.149231898042573,-0.04059014657108809,-0.04506376710250711,-0.0117887385807508
3145,0.0666011568583045,-0.00831022570857746,-0.0037627285993666296,-0.05280744889415906,0.026100033099331513
3146,0.10533482191442782,-0.06065588104956191,0.04071097421559762,-0.008093705363008302,0.01185296086756694
3147,0.07946753709741886,-0.07650256998513696,0.22766266273084676,-0.035623074636471214,0.07230099689896749
3148,0.06664254065796672,0.005550275022223983,0.18088466952752463,-0.01886491303619773,0.005721978823960793
3149,0.027778033431065895,-0.06467080955073151,-0.0066702533871036505,-0.055035116365817295,0.019694551932875767
3150,-0.006146838599459708,-0.06767764234697828,-0.07364088605730296,-0.022714082250054172,0.019414761674788457
3151,-0.003428826472303411,-0.11120654228888038,-0.05300083026413146,-0.062152204147935854,0.04748683377149006
3152,0.01404157857890674,-0.0451728929287241,-0.15940250072420517,-0.046112459002996195,0.023045639472616897
3153,0.010683431009467897,-0.11343911872093626,-0.03242067265010197,-0.024921517432381867,0.04941463642403114
3154,-0.013095003735671913,-0.09877527046175004,-0.005665818506611942,-0.06081463410050732,0.0548455826363519
3155,0.017760557975312664,-0.08869245033151367,-0.12293296785838081,-0.009005636581645295,0.026228314378515742
3156,-0.008677301031329868,-0.08421303406951854,-0.09138505674663877,-0.04247892160529293,0.07042180088020772
3157,-0.015187128902388455,0.013393871151801011,-0.06010698827044754,0.02972972547578233,0.0457552283360809
3158,0.021899525804616418,0.05053852195591976,0.14291810051468753,-0.05047203388198641,0.03303690376915381
3159,-0.0081757351068298,0.0420166850373558,-0.06978106355497754,-0.028785720544255163,-0.0056058177201231876
3160,-0.030555532562440292,0.02939446033634163,-0.138100921559419,0.001011581355047825,0.01533897503674385
3161,-0.008673850766084451,0.02629021518200478,-0.10945327000484642,-0.018964820071912022,0.03820730901160822
3162,0.024218265627004718,-0.10630339215089404,0.04755176140729002,-0.025015212820644072,-0.0053984761145324
3163,-0.011893804509253439,-0.062152031767608557,-0.11686267615269168,-0.026451797912983938,-0.003485187225660494
3164,-0.009531457287771742,-0.12855160124823237,-0.10015389175039231,-0.047953608419752075,0.009974392390542328
3165,0.01803561531336006,-0.07812951801104676,0.03291026910317792,-0.007134586831379952,0.04512419567251939
3166,-0.001644769644663529,-0.13872029553682946,-0.1303112365615133,-0.03446278325770686,0.00491521210632187
3167,-0.007599659235134417,-0.02942164857484809,-0.0595658065886935,-0.034766382639648985,0.02477657499902906
3168,0.019090646467676855,-0.0929070111987738,-0.08381471041853794,-0.08647305116270664,0.007286113620877551
3169,0.035003573279043985,-0.11773698725459365,-0.10853366805474407,-0.00491509009392524,0.03652304899413631
3170,0.0508595066792378,-0.1374582175962264,-0.06092972164526958,-0.06761042337818851,0.038316198761638935
3171,0.040203228064068716,-0.037220900126577444,-0.04336254239992409,-0.028190845912488743,-0.0134983521612682
3172,0.02852940893883939,-0.017745337770004598,-0.06180718776229872,-0.0236919406251825,-0.01336335472944651
3173,0.007134630912953976,-0.0748905805923053,-0.06316632626310867,-0.03311746866922111,0.013379604737266926
3174,-0.0025498509817041513,-0.1312448169562037,-0.06326713973853941,-0.01411789807008036,0.03682684741339531
3175,0.014272736652619581,-0.07814858198185705,-0.08931987593444861,-0.0443304955441804,0.014676309359344407
3176,0.015590684373856656,-0.09644382260961405,-0.11976136510831491,-0.04627468604492709,0.015528060482868204
3177,-0.011994241168106828,-0.11616331187106664,-0.14124131241340343,-0.03619159393289701,0.019360276075695498
3178,0.0049294164346505645,-0.03887373273529067,-0.08955269659178738,-0.053467978197550434,0.04347399705022295
3179,-0.001183227334761581,-0.03708280292895315,0.070765827062039,0.012215770272407753,0.015025149375137261
3180,0.012128826062437582,-0.11740687649261607,-0.012211291176485301,-0.012019897504787722,0.024071930653865207
3181,0.019449009503526543,-0.08068303601185492,-0.10363249955400244,-0.03769305210288704,0.0366199119088755
3182,0.02341830670727548,-0.07955852273473663,-0.03483205883317697,0.010042272960240876,0.0237910941604656
3183,-0.0022722742453166068,-0.12940696733817617,-0.18081683281405403,-0.010214317020408604,0.02026880836034189
3184,-0.02236518760200585,-0.06893864443366887,-0.1305808718980592,-0.010702435946852936,0.09158246544761069
3185,0.014165702985154805,-0.11189402960490352,-0.07592113654487491,-0.01593225027095355,0.051545655200878636
3186,-0.026840526721739245,-0.12675342376602108,-0.061356362130253125,-0.05344818284130894,-0.008635348093917666
3187,0.03330249026679198,-0.13598497624863198,-0.19406301933749198,-0.016592711502868195,-0.0033268926837392073
3188,-0.007340401406629392,-0.07193683686971007,-0.05293813021560271,-0.04688559106639259,-0.009046091074805059
3189,-0.0056891597137382465,-0.13685085641384792,-0.04226442623198721,-0.03076811834908573,0.02771068274788509
3190,-0.012900445400738281,-0.07972710901384907,-0.11182134755728172,0.0014164719396594432,0.029332376545062405
3191,-0.00036796177275875736,-0.09344733092145177,0.056692082924792456,-0.008596203803286306,-0.004096077363698176
3192,0.0700902890244182,-0.11300790154269001,-0.02296604628989504,-0.042004298048961275,0.06407160007973536
3193,-0.0023083789178065806,-0.20844017156026004,0.01178789778576637,-0.03117122434438959,0.03988056361899034
3194,0.021609085435694023,-0.03656994199623521,-0.13350449088268096,-0.005539081674738298,0.04894316870813662
3195,0.013708070354785367,-0.20192655996160394,-0.11488037973129943,-0.009729830837240659,0.04300576515049223
3196,0.023123372570293496,-0.23776228854091355,-0.010440599375978833,0.030098860548598987,0.030458503591561673
3197,0.003098905682848542,-0.2523569703365114,-0.03933693037370938,0.04258340096126294,0.0021229848611484777
3198,0.015587069097298496,-0.07328414021184526,-0.12356660908269443,-0.05519218433646668,0.0574057552752874
3199,0.028680117249871864,-0.10347158712279844,0.0013555031820203568,-0.039102802672915556,-0.01693120561883252
3200,-0.0010133933565812656,-0.06938710976940549,-0.15501326522291117,-0.0491934375868655,0.058039035027687126
3201,0.0032766209766886874,-0.07877282949572953,-0.11455715424073405,-0.008514486977359452,0.056866127268693605
3202,0.030980903890201895,-0.04044613217140901,-0.044926180026209954,-0.006610994661323761,0.03952042936731345
3203,-0.0003902860040316462,-0.03679401108678652,-0.09054475302253222,-0.06373573312606762,0.0049161152758573105
3204,0.035040770540520204,-0.1125232080251167,0.03500624626681674,0.05330415529048196,0.051815786393640414
3205,0.03420812809026603,-0.08170615643012441,-0.003628648757006538,-0.03350379143935337,0.03616781185575283
3206,-0.01704892555513615,-0.1041507580571034,-0.05305046730714342,0.03677638507739717,0.01758991596329255
3207,-0.015531127140354036,-0.07881950262019077,-0.04707297360328052,0.04056539831100696,0.033553113456032485
3208,-0.03213901947581092,-0.05634211995090488,-0.14889534553689562,0.004166128235020204,0.010755492225439834
3209,0.03287525231326111,-0.15505286914640914,-0.04728126411404932,-0.04230022254588727,0.028475273848846676
3210,-0.013176660530249398,-0.09942342971575566,-0.11177897520725515,0.07881657316359349,0.024348096707776466
3211,0.08749975678022058,-0.08179937285448906,0.004574148754594338,-0.02434771498416902,0.035634335605741474
3212,-0.012458528618168214,-0.10420630821958735,-0.009522729586417268,-0.014627072251983182,0.023869344462597156
3213,0.028804822258392745,-0.18875628660456664,-0.00772855838922802,-0.05865518101189748,-0.009451277349649448
3214,0.015337595330432689,-0.009224396645713858,-0.10725190521893893,-0.036697699623879566,0.06298909035025647
3215,0.005063726334394399,-0.10617978168396677,-0.10160207295617234,-0.009279060994514777,0.035994690399667094
3216,-0.010750628373526744,-0.08286364848015501,-0.14714082750654384,-0.03152209412070625,0.014345189880883102
3217,0.014518453459379521,-0.14253341163731764,0.010660441729896306,-0.029946944378909043,0.01267695135382092
3218,0.026607613158815723,-0.08183308448473538,-0.00471734089394859,-0.03416292669152346,0.016785104479544708
3219,-0.01916751144697519,-0.13073673472320121,0.06468842400765175,-0.021847389148396054,-0.015784519625272324
3220,0.04650796403281847,-0.15628766379841447,-0.03497219576232673,-0.028091524180425584,0.014143298949309761
3221,-0.014293653885047521,-0.09288926241972904,-0.04830736514984171,-0.03234645165049287,-0.02521237659169644
3222,-0.03668768099034568,-0.14348876682629624,-0.006117573090385781,-0.014522841108304974,0.018456865725649304
3223,0.01898391877367495,-0.1296006774873648,-0.055809513973600844,-0.04348434417516435,-0.0009022692717959907
3224,-0.024565557679698827,-0.10288231220559862,0.020116516066023438,-0.026081480100624093,0.010888313105039179
3225,0.0021419327931931544,-0.09409380317007364,0.019353697239607462,-0.030622252022769022,0.010196662577004996
3226,0.008829163496803745,-0.09198990492356657,-0.11116225230394555,-0.0323878919761026,0.016325259824345233
3227,0.013192741600220475,-0.12208777514221264,-0.012525817104075267,-0.04309616918865849,0.012846668108997976
3228,0.022202297237022654,0.013278939533311778,-0.05275974554139853,-0.001682584819626088,0.04703829250869373
3229,0.03362036397755149,-0.02886287613437286,-0.07207454778301864,-0.02321742136055622,0.02067889647432881
3230,-0.0006987607418151426,-0.059265082844048474,-0.009838553469985706,0.010326518934846948,0.02489668771218655
3231,-0.004654326685270659,-0.2814643782240353,-0.15919068197888425,-0.06110247597249694,0.006323650881175198
3232,0.03543189718490222,-0.15283400896032046,-0.004401458394042013,-0.03746891854238006,0.07050605085325279
3233,-0.027512177439669095,-0.16421394112804646,-0.0777084166045242,-0.0073458903740322105,0.05159456864835307
3234,0.02078308834321593,-0.2074916827942914,-0.059856902190424464,-0.0328323005493425,0.007538149943935322
3235,0.023866476996213713,-0.15180756691116176,-0.069755099712124,-0.000504136756280521,0.0240508182257511
3236,0.0039253220784677785,-0.11282354703057192,-0.06367778470818101,-0.022298281289666814,0.0045566803615085935
3237,-0.014981268497377763,-0.02516198006154673,-0.02133731086986768,-0.03257971437478334,0.04444296544733335
3238,0.001791711483707779,-0.1429155240514721,-0.04252397025481678,-0.017750314978133157,0.009243808048519802
3239,-0.0005779191955670742,-0.05370457940274921,-0.20158879992685927,-0.02740293569547496,-0.001696550059383554
3240,-0.022868623628018073,-0.09738147091530748,-0.1274779237292215,-0.033780487871726377,-0.004640023336952466
3241,0.01851198237400342,-0.10224889320086572,-0.17108440487608711,-0.01897114356919301,0.008113176908134798
3242,-0.00860177690507159,-0.025921887105820107,0.04435840559069113,-0.008973284443659819,0.01612487516947945
3243,0.014004363611338761,-0.08205737669152387,-0.12553206080064774,-0.060093295999422314,0.028558702255831438
3244,0.02305841488613535,-0.11469644631481538,-0.06743677846086936,-0.023345078850531976,0.059364559065967916
3245,0.008435353611892168,-0.11349709098260996,-0.11539718409361889,-0.05374972333115201,-0.0015216974676793666
3246,0.01235861090087678,-0.10446749423050053,-0.04985322167297673,-0.005390262414418884,0.05086908667646314
3247,0.020768860655084022,-0.07217583013152606,-0.08534269295829341,-0.03522846040168603,0.03454323653707492
3248,0.025452844285318927,-0.05693230935195488,-0.022548663694295597,-0.03246962068106385,0.03205199992922038
3249,0.0017868082732864685,-0.06576017023870093,-0.11339391590334832,0.033912969311599095,0.05836777489783311
3250,-0.01634199215111713,-0.20560596733484177,-0.1274704924902614,-0.11630926884345733,-0.03571510356683006
3251,0.016703736418020095,-0.05067359629021101,-0.12982295142259795,0.00038552974607832495,0.050724467100828195
3252,0.0028366560288096156,-0.08180824702029539,-0.06759673753065336,-0.030906559294901364,0.05956393677598656
3253,0.00790940276383809,-0.11475170662339199,0.04842752704233948,-0.04380206246699388,-0.008316445663880515
3254,0.0020411552744202684,-0.03281818554968315,-0.0996422473614151,-0.028723691970276657,0.01770797594249366
3255,0.011093865968672172,-0.3027083013852276,0.04045606973041187,-0.043920599168170385,-0.008101474479326246
3256,-0.0035484259645107903,-0.10321663188663362,-0.1511856524814224,-0.041235509142830376,0.04175477588178424
3257,0.006072244789528859,-0.10782607045177611,-0.015662046290686033,-0.012809603825463242,0.008407034782571645
3258,0.006160562529732876,-0.10555791733229551,0.1782104562464399,-0.03339498008862227,0.026267611930305988
3259,-0.0054147819676733525,-0.10663275343675041,0.04175493376307162,-0.020428950183903942,0.010436970652307738
3260,-0.006823174728358363,-0.10822701453333221,-0.10724705361414144,0.009549421275459852,0.027308991383264574
3261,0.0056362638616529815,-0.10078698037947487,-0.028335966799069797,-0.02950974723742408,0.031209648791428977
3262,0.002362684043694919,-0.08327950552596748,-0.10712634574842003,-0.027299727806474577,0.06028438850031874
3263,-0.016399638526778382,-0.12574199246999002,-0.09812215869906721,-0.031522354451194445,0.00012962820593944165
3264,0.03329729498752126,-0.09410095018151082,-0.03996103332690966,-0.07357992599848931,0.037657441004790425
3265,0.02206828956982972,-0.12141494412310631,-0.06474917305730243,0.031511504408854606,-0.008114425803109724
3266,0.00888565908904329,-0.10437958387718946,0.07630267154652758,-0.05165782745626779,0.025549243534991016
3267,-0.009094823178263751,-0.11553896828619442,-0.02836401984358323,-0.008430901374080618,0.023641108166810615
3268,0.027096711289094737,-0.3223761070290759,-0.045003375939182445,-0.03673204356927368,0.02499116361918377
3269,-0.00404919415329291,-0.19631448440208207,-0.1159335782106686,-0.02261529990234304,0.00980516900533211
3270,0.03930144520606558,-0.06062562241890411,0.14981716462755937,-0.0035813984035821655,0.05046864827985134
3271,0.047334103782902676,-0.10733368726086073,-0.0002890858604731984,-0.06417904438875027,0.07855657237163596
3272,0.023947807978539015,-0.14039531355598972,0.12798606334093293,-0.03270444448079324,-0.005233091982458856
3273,0.011291989914861755,-0.12076888654680776,-0.10930162349267383,-0.013742930946122863,0.044472802836619224
3274,-0.010821941170624981,-0.10131627145775497,0.009763356755956147,-0.05199393623975787,-0.001674544293875569
3275,0.010175224143310289,-0.1667074787331152,-0.05772210796926971,0.00036627155361055783,0.03262752241340753
3276,0.004196737053527942,-0.07196567352565093,0.016261317060518175,-0.05404357464696692,0.03637796872342769
3277,0.02350394011950305,-0.05931442035335889,0.0009815770429872578,-0.021753510537347958,-0.011353713159186013
3278,-0.033490005187914125,-0.04967186880797118,-0.08653391089140773,-0.06376123002532492,0.00258608239208766
3279,0.044975602375994087,-0.19169986301351927,-0.02951178775302963,-0.0012741559394504535,0.022935842322780245
3280,0.042268214535724366,-0.13012467615961365,-0.03792290475766395,-0.053271555703332474,0.004697484899589937
3281,-0.017083285842243043,-0.08827301287773238,-0.06772948075631323,-0.03720627022738125,0.015180462277204753
3282,0.027863647719170177,-0.11409928712000382,-0.07385819640745929,0.04575647015382651,0.02404979600451957
3283,-0.015058021619074208,-0.10390717454845286,-0.04957703510386188,-0.06054817411668287,0.023509104350699292
3284,0.02271309726180213,-0.1639970316328625,0.09177057383213223,0.06186812921446832,-0.002167286349131792
3285,-0.008695852550434669,-0.009721242021221977,-0.04241456604490564,0.031247096129923387,0.011909247413221795
3286,0.01582605543718646,-0.0977335115118259,-0.14270692271902802,0.010009291583490202,-0.002112653952881656
3287,-0.0027606091826735267,-0.09657432870374891,0.04351235055975458,-0.0787299252117502,0.0489280488136469
3288,0.006333844947317713,-0.06483069157290383,-0.06394155530049073,-0.023349314054600386,0.05436987273131404
3289,-0.0002330724432121626,-0.0630667835831819,0.06175525888372559,-0.031946521191369634,-0.007401525412246131
3290,0.033618434245368624,-0.07604591344395678,0.025477843198844715,-0.003765838220706111,0.04455680438080169
3291,0.022742019564631042,-0.10892221289353186,-0.01785500093188821,0.026282505085884148,0.027343138127497328
3292,-0.011602998515674529,-0.09305202295127164,0.09409445221145307,-0.10221148389137154,-0.05368364818296163
3293,-0.0106003788028088,-0.06347422871130613,0.16938383262648135,-0.11406257208468716,-0.03659039033811156
3294,0.018045689839652754,-0.08928339798410818,0.019431923423211282,-0.018360162874747725,0.0033469700192120273
3295,-0.003372915023467446,-0.08821091902368354,-0.06630992081621453,-0.0505546314420401,0.04507833342448007
3296,0.021449150597583393,-0.10224605538962346,-0.0031544622121369944,-0.01111268648039244,-0.004862658267946018
3297,0.009854520234665156,-0.07202006844904943,-0.010282189131401172,-0.05571147021145367,0.035922105440596146
3298,0.003635349312071445,-0.11314623662192105,0.024651857650312914,-0.015633300490821976,0.003130414040919876
3299,0.019837281673954668,-0.08596730614864743,-0.08294947013685992,-0.014510790149508962,0.03175593285912238
3300,0.009747732443925492,-0.060221458060670446,-0.08010459121664876,-0.03362830043568964,-0.023345445859173565
3301,0.02135269522440996,-0.15849741831382028,-0.06420973891694441,-0.04494848782246458,0.04742711371054195
3302,-0.01546614161340611,-0.10553222707464006,-0.01771093459715669,0.021844882360309223,0.021025715397809713
3303,0.022090884977843644,-0.15357691643618815,-0.10012607441307161,-0.04643998082796085,0.00646980859824529
3304,0.005142912863849817,-0.055911252350291304,0.18446166084114957,-0.05451707657481002,0.01684616709172002
3305,-0.015723352968143034,-0.03535086305319281,0.20465920378360686,-0.00034979734768922154,0.004471063284755785
3306,-0.0032270205408368928,-0.07143837984068142,-0.15859796304753532,-0.053234597809175936,0.0008322998065695182
3307,-0.011573189823313897,-0.10388775653627909,-0.3157950624422424,-0.04816737386559573,0.0887112626551687
3308,0.007320920610093636,-0.10083365506864363,-0.04960172918279974,-0.025468745481591146,-0.03385715659725045
3309,-0.024639703312735153,-0.12601220296596002,-0.08331810097716784,-0.007832012363889739,0.059875712444448705
3310,0.03176936661716077,-0.1251317812479525,-0.060706460559057644,-0.018433426986389504,0.006729183181067759
3311,0.0003819224907879568,-0.08904378241460445,-0.28697283721884287,-0.025831990230801374,0.04241603851438279
3312,-0.04918265034496794,-0.08991352105708099,0.06675883556289375,-0.036700594839847236,0.008061426688887813
3313,-0.026298872190428816,-0.07993432279970514,-0.04108149721612967,-0.057088118000206085,-0.03354756801308505
3314,-0.042979926202572453,0.005139950908782077,-0.0720497845787879,-0.007440500194910289,0.008680895515661612
3315,0.036032961221132725,-0.11953778663302066,-0.06536906442817031,-0.03672739721364429,0.004534607793926612
3316,0.04144753931682079,-0.04712502439478711,-0.02208135373964441,0.00486416945445584,0.030097918547017804
3317,0.051622701138815154,-0.0786419215511435,0.03778845484380091,-0.019789800441268816,0.004948892629256285
3318,-0.01644595085805272,-0.10640987633024974,-0.11466977725922135,-0.046294201783342426,0.025741148222937393
3319,0.029572404147763312,-0.10020033505406045,-0.01059576805236086,-0.010258355993210386,0.004661390065299569
3320,0.0008770005391687397,-0.10883265284103419,-0.07802628817130283,-0.04481129150755657,0.009000569600058402
3321,0.014669888248748599,-0.1447405094367457,-0.06133959119842111,-0.02862686380702104,0.041403417126443694
3322,0.04436806060158008,-0.14514803480253471,0.05804523930129424,-0.02179888900848944,-0.013763568076689147
3323,-0.05008010286501593,-0.10358563082794137,-0.11854771116589533,-0.054608849203676105,0.041294774572320204
3324,0.025664458795913912,-0.07770913508214027,-0.046404955866454836,-0.013988519685372637,0.023069275080699517
3325,0.007948319550896603,-0.05235356000203675,-0.015105743081732776,-0.012404709532358622,0.01702782010739298
3326,-0.0034563377902432674,-0.10236793093955328,-0.0612338460141968,-0.04281437796866434,0.024861995619505254
3327,-0.01610233530878868,-0.08968534013465972,-0.049452757809328576,-0.0045342507833767715,0.03567046805052828
3328,0.005867944657455063,-0.13949834870122924,-0.05306709641827919,-0.013535036009010215,0.005455130256988016
3329,0.03640751001204117,-0.062297884061979385,-0.05792453832439824,-0.036170296428861055,0.033135177309404726
3330,-0.03471823407736639,-0.10925634179301305,0.06816898517392617,-0.0371436823854063,0.01292750173025188
3331,0.04923777685583186,-0.016564225356889378,-0.10203539218651815,-0.007340896547643655,-0.0038984316229835623
3332,-0.03317829780602061,0.0010517149800371899,-0.07450444410018679,0.03149794738247081,0.0284481357140639
3333,-0.018068772806926668,-0.01948495481307131,-0.10023539986671272,-0.01966590427484479,0.010646784031345042
3334,0.009369999204949395,-0.168039048759295,-0.24898500420369832,0.011882216975533792,0.028198797903070068
3335,-0.03305872560502398,-0.19049646529978181,-0.007339839504683586,-0.04271155374206104,-0.01445028616073448
3336,0.024892140676809005,-0.2165339185585441,-0.178837301085362,-0.012185649294008874,0.043718330026050904
3337,0.003918836195026055,0.03686407955560369,0.015697213290575412,-0.009480226473933073,0.008331543066721743
3338,0.03092787867979079,-0.15671012525347056,-0.181284601496713,-0.0049147592497408065,0.041193609497531314
3339,0.019230196735918664,-0.060689043544639096,-0.10652797923885396,-0.015867683057465252,0.03801803695684093
3340,-0.018352727447655315,-0.11161259418249891,-0.1057903259815858,-0.03304801094001307,0.06524751474542466
3341,0.016310422193646822,-0.11044482715426183,-0.020063010822330373,-0.04858474343014959,0.07827337060500568
3342,0.006085529817754823,-0.08785996374675582,-0.13484491453805936,-0.0053624159803695795,0.029144683265451148
3343,0.015881296373396553,-0.07714711483462248,0.015948797795253666,-0.018775939023097085,0.008555820087272355
3344,0.0016555254737087328,-0.17312679942277637,-0.08835388061931133,-0.03244607780190226,0.045381831734371984
3345,-0.0037976242052146707,-0.18526279392245104,-0.06986826694458494,-0.049548261735840655,-0.012994925235877945
3346,0.017175889130840942,-0.013857891727196966,-0.016797262347745326,-0.02351195672655053,0.03192312911020477
3347,-0.006028912749171713,-0.0912498068743423,-0.06029211730366562,-0.01780173981342402,-0.00266317525224654
3348,-0.04335496682617109,-0.16408243685914659,-0.1179268406419362,-0.026915933492804547,0.02303669513768264
3349,0.02436665762994626,-0.07878400511715299,-0.041622629222708735,-0.029592509848494885,0.021262151675362672
3350,-0.006955224264162052,-0.11795614214620029,-0.0956764896419747,-0.036855434176096415,-0.015119796121926557
3351,0.0156575693157528,-0.043360757450393986,-0.09308800982361465,-0.03763531627749034,-0.006923423098864046
3352,-0.008477315925517325,-0.23766542292046744,-0.17434212686019399,-0.02950358862037572,0.10032288702762948
3353,0.014001915161974809,-0.06927328528640696,-0.06108698886586087,0.010256930164335742,-0.010377136977642904
3354,0.04937007424261071,-0.1208078539350248,-0.10271255873810368,-0.06058371875489658,0.028677655483955403
3355,0.04921954963318137,-0.08377337681974699,-0.049584600180762356,0.016369689408687695,-0.007503324934985474
3356,0.048953008871678125,-0.18319999849261345,-0.0033368213715463777,-0.05230102872795549,0.01454447964583646
3357,-0.016324181234856638,-0.11357693605012219,-0.08310388106137888,-0.04762240870674632,0.020023685019564495
3358,0.051149733264292875,-0.11871085204249225,-0.16698116561557994,-0.009747093580199765,0.028669914844913484
3359,0.03654590823977938,-0.08090483656978534,-0.3089232865297828,-0.01871071289370534,0.04469017082720228
3360,0.015299364329834125,-0.07501216707400399,-0.18530618967170637,-0.056223259288017295,0.04866488188544177
3361,-0.008185342331488514,-0.07506057323003516,-0.07413877578293177,-0.02595865265060495,0.008160677909558168
3362,0.009740241099029122,-0.05515538746582273,0.011832770504305468,-0.04846163643045298,-0.008428606707758817
3363,0.024241927028368197,-0.06735275160741713,-0.07500627828294855,-0.009243986079917148,0.006378209170665774
3364,-0.013561865929381177,-0.042410315594114185,-0.07079980637380777,-0.02313485676473994,0.04210783503846016
3365,0.03727116104589668,-0.12554154883554097,-0.10281778373040389,-0.034720727755872004,0.019175466320777986
3366,0.027868402668133726,-0.17117718812025887,-0.022556503151326398,-0.004135199132474712,0.009689169905118705
3367,-0.01742641911507924,-0.03770959490620224,-0.042838821700905624,-0.039306078795771145,0.05285452158717182
3368,0.02665552318433727,-0.1043935020371787,-0.008927379737752797,0.00253763100587678,0.007878956022366355
3369,0.0019390938876735135,-0.12063279299958998,-0.10659547091374698,-0.02621771713668617,0.006945045349003567
3370,0.014226624283612668,-0.07171502191917507,-0.02998480218780226,-0.045207861934917284,0.034188654037767066
3371,-0.003546941327518374,-0.1075228615819342,-0.07640410801936091,-0.018193203285291233,-0.012420577640241652
3372,-0.007802384292290332,-0.09478096367163903,-0.12072809538465597,-0.03798069313150605,0.02807177968430999
3373,0.011026737027095893,-0.10504351271201319,-0.008235083151567282,-0.038050986212154726,0.015178594361362603
3374,-0.03316014283742346,-0.10755776618168582,0.056771878369571684,0.014016247242309137,0.04575371663065242
3375,0.04090076064680426,-0.08841210149542711,0.07773828883592365,-0.04185231775422636,-0.02367868878572089
3376,0.0332402626355043,-0.11219197605286961,-0.07630173191780566,0.018713225964643893,0.05473748614979683
3377,-0.028829210400936875,-0.11779819634838146,-0.012730658720322193,-0.0728697449188978,-0.01984047113474957
3378,0.024125884921034263,-0.09774866273202285,-0.04380432805638397,-0.004466833750277565,0.06502149038018584
3379,-0.01825112271019478,-0.1272378121829798,-0.061810744697384866,-0.04623277954903379,-0.025626487059479192
3380,0.0028978306582743115,-0.08108966444879978,0.023833848280394986,-0.03168671417245655,0.05404852027395405
3381,-0.004974508379975153,-0.1560340696431622,-0.044572044179814765,1.9058561366754896e-05,-0.004236143639063386
3382,0.028107599511984667,-0.10308492101512197,-0.16451157577244319,-0.05327326278252662,0.044787572637268534
3383,-0.008522255569126157,-0.04987737996803801,-0.021416835417544813,-0.0268280441653492,0.0001598914421913842
3384,-0.013929228517628622,-0.06640137503379344,-0.01744850636024132,-0.014927113091087957,-0.009157481738503944
3385,-0.0193893844026259,-0.050585076012975135,-0.05063667325008171,-0.008744799406611596,0.041449042606668124
3386,0.01288353206393544,-0.10591005338687778,-0.10904178400897646,0.0018592506183992756,0.0010706732703391639
3387,0.0007220126854327684,-0.11078552050939439,-0.18380894466038156,0.012199806585920526,0.005277666597217909
3388,-0.019053015441259435,-0.06252762388224141,-0.018475180982232456,-0.02550430892404048,0.017235510845230964
3389,0.05401857175727525,-0.04925622550820541,0.08278181947479006,-0.013396530315377277,0.027090888550884304
3390,-0.022387837162897377,-0.12058901038461865,0.04425999118562752,-0.02136830808207301,0.000147314342545102
3391,-0.0033087115135222002,-0.05968418119272423,0.022753234231557885,-0.020422632050012404,-0.021444840955922518
3392,0.014176459754048932,-0.08533741367738508,-0.02194642475994367,-0.014406704972950062,-0.008139710689050353
3393,-0.008078507676211618,-0.051805655451432245,-0.006571328238181808,-0.0369326368997003,0.0038091826916338777
3394,0.010762055886440936,-0.09286626363489679,0.02391970872876264,0.08422934191653775,0.04253569511225527
3395,0.023481988665546894,-0.14062600441081466,-0.03439325626809477,-0.019243772558577073,0.009008796136860574
3396,0.012473843767105676,-0.15068816240157717,-0.08069070584637106,-0.015679105635885288,-0.0016563605746606948
3397,0.0043008653141974286,-0.12406971488993412,0.0047344891018527915,-0.00036021406264689915,0.010028941729244616
3398,-0.021612360954732325,-0.1343981929033551,-0.0671251273390274,-0.03923326401406672,0.013648968376211176
3399,-0.012850402698781984,-0.07627298280574199,-0.0697283477625358,-0.04500523367315209,0.05766188138414904
3400,-0.012336540003420316,-0.08994303657872682,-0.08485282378627364,-0.04258174736427291,0.05155290233231819
3401,0.024496569495714406,0.045744288321833165,-0.1388069250856838,-0.0823735440128847,-0.005742112571052272
3402,-0.019016330589199163,0.011322947237887558,0.05030981612713754,-0.00924126997094712,0.06520890355006699
3403,0.014169917880216777,-0.10832108135816226,-0.01839617109121869,-0.012117023519814455,0.056330245813037014
3404,-0.01120303466662354,0.03980663500651751,-0.0828198155307623,0.004974386796169943,-0.00482382413352424
3405,0.02928054334383744,0.005608941727309252,-0.12184675231911746,-0.037556937735936456,0.061850586922641275
3406,0.00437384042382757,-0.039474225404798384,-0.1293641624708888,-0.014550253054362769,0.024914662577338664
3407,0.024188218636833105,-0.05690224126482586,-0.028079177885645522,0.0074710528993215,0.02892562783844431
3408,-0.007939796828612872,-0.0824748540984713,-0.0835685509137757,0.016486743671309582,0.005677856273810569
3409,0.032391351668535046,-0.09274842571240513,-0.11956413603484328,-0.048429031589636636,0.03320604658769766
3410,-0.009256020319371757,-0.13665256522623137,-0.01880192591859537,-0.022434468765695294,0.018173227843246764
3411,0.049345130676422884,-0.06228852838821724,-0.027562601983464115,-0.027894504199244958,0.006894650268648842
3412,0.0021199583022352753,-0.12064080924627024,-0.08942882784082375,-0.021577618530308887,0.0032983481442486447
3413,0.006429523548405683,-0.10572363484447078,0.023806042844819863,-0.06314581777291452,0.02524572359093703
3414,0.02714319721762302,-0.05843403990465423,0.0010552787915764294,-0.01565373604295711,0.037674001056366785
3415,-0.01436902127080769,-0.09864866535733706,-0.1985323026662753,-0.05619234376256364,0.02419862190021649
3416,-0.012366416190414708,-0.02798583894683769,-0.10548065485014953,-0.01991833403998243,0.034940305547685506
3417,0.020971143291311722,-0.06028449993603614,-0.11479709292239461,0.005250681536014705,0.04262967856717471
3418,-0.015329154581421749,-0.19192160235656783,-0.10673417871678223,-0.05429222726722867,0.013539503534238264
3419,0.02929525061050516,-0.23933895518818585,-0.18234213755183795,-0.03085598241047528,-0.004841472101701593
3420,0.025594886208493386,-0.30723393114417896,-0.04156493909031393,-0.03617638887662777,0.03358406735132768
3421,0.014210737911120251,-0.37134960545512946,-0.03409468778768308,-0.009269810046443054,0.03584260880059288
3422,-0.028280330691865807,-0.32819086041422696,-0.20817262298967842,-0.027841647165847395,0.00974541524455716
3423,0.043789854819233545,-0.35639237712892197,-0.0629910587469786,-0.048908849853361885,0.033933958322796
3424,-0.010480793666987346,-0.11386260276282897,-0.12327781502884293,-0.040671621728033784,0.03711785443140379
3425,0.018958374011358893,-0.09419873871235766,-0.20167582101958006,-0.02173578186759127,0.011888142889061088
3426,-0.014271773772080557,-0.1109681351434116,-0.03955489517982163,-0.07752028316777423,0.01646215261312157
3427,0.015141186198020181,-0.1584341388994175,-0.026164046917189057,-0.038866064032076486,-0.006624525608147032
3428,-0.022526732962645613,-0.06699633260987205,-0.035643074819541,-0.011834197786921581,-0.004050406708556653
3429,0.011631793005486585,-0.07343694381204618,-0.09928652529924958,-0.02148649026594107,0.04189812842850628
3430,0.022289357045897212,-0.10745906366182448,-0.023521855484425733,-0.022307299804226466,-0.01642520833804389
3431,0.015366567364993537,-0.09315401362071452,-0.058983194387980456,-0.01864685462203211,-0.029261596677180222
3432,-0.016296063258979736,-0.10587963308896395,-0.05156951107991926,-0.04277473964148233,0.038900773800032235
3433,0.0112623409040237,-0.09188488854826277,-0.027046874560069777,-0.012184508098388221,0.011225287128520622
3434,0.016165522548578747,-0.07522939954596737,-0.05811947682226189,-0.04310203087604329,0.022531468082971632
3435,0.005524215822101415,-0.1301976182489519,-0.14972397181265534,-0.01737618779915196,0.04022362164881538
3436,0.03734695455631258,-0.1210065000198854,-0.040973036007190045,-0.020019372603964008,0.03718784656187418
3437,0.04585781024348803,-0.18703383083843797,-0.11403521973444397,-0.0010255064216276918,0.042785456970260684
3438,0.021146282009110565,-0.24222716660610702,-0.03563452992234793,-7.333025843347954e-05,0.0319856081511442
3439,0.015210362990774698,-0.1434645363966736,-0.011441080479823791,-0.04923719162722217,0.015101432385350728
3440,0.003254578811913011,-0.1841099888030508,-0.11068688911658063,-0.011644509519546991,0.028047337871454584
3441,0.03498078780456641,-0.1491793898343498,-0.007505164732981125,-0.046650177839455985,0.03282667221186086
3442,0.0021472915662264325,-0.11903639392442375,-0.0755227595689073,-0.03374519783838529,0.011652730443697537
3443,0.024837758783454043,-0.08995083172237432,-0.17614670817820355,-0.05103487604401634,0.028731783783267465
3444,0.024679618092650298,-0.10689398674721516,-0.04563138175562204,-0.04153992781344321,0.01208401354665221
3445,-0.01640027820817331,-0.1426303071813765,-0.0956076347534191,-0.008787866725898031,0.024038444884247823
3446,-0.018145392557736256,-0.11216565163210497,-0.023764954378161663,0.015076104290567013,0.018575695077159667
3447,0.017202801679070217,-0.08382667676618025,-0.1131427313314431,-0.044760642426700775,0.0550792590695575
3448,0.009392044615637507,-0.10986380401165691,-0.025400126539395225,-0.00491798536452659,0.017919504467707997
3449,-0.027273885364192584,-0.09125278550962265,-0.1360082708612068,-0.05454882931995051,0.0008055464092123103
3450,-0.03202527097690073,-0.15267113634424712,-0.20102500407341284,-0.02475742349015282,0.02095929161828645
3451,0.032802208523669725,-0.05410308163436102,-0.31953992367296297,-0.02761380594356205,0.03143706825281351
3452,-0.024466188127937223,-0.17414533231934604,-0.09848397734027568,0.002816750458118392,0.017253040240373694
3453,-0.013324746888426438,-0.1690777391769925,-0.03519546997543801,-0.050784524300894945,0.013851393828984952
3454,0.020837236756440215,-0.1862819392396673,0.015352816753330358,0.011869317940686892,-0.014727879223868657
3455,-0.016247837886998604,2.522029316804568e-05,-0.15490920239791994,-0.035280304819226414,0.036087742488099164
3456,0.028857133400822466,-0.12352642929402848,0.19117826738944213,-0.05289334959109963,0.03525994941574591
3457,0.04029321491601105,-0.07775549355977511,0.09510316903021863,-0.06756527644623234,0.04299655723396524
3458,-0.021692714139642914,-0.13723078413756926,-0.21760133049926866,-0.07123592632174532,-0.006125134646077499
3459,0.03460344045795162,-0.19638661883792388,-0.11191360837821245,-0.12407132801146972,0.01608223418854545
3460,0.030287486882656253,-0.09933053632561778,-0.05740461838140379,-0.035822381071663405,-0.015727172894894864
3461,0.00415611927525823,-0.11913586814976711,-0.05946537988350059,-0.041271296764159825,0.0503689735187941
3462,-0.006996572620913552,-0.0675327175536397,-0.0881017904755788,-0.00156960694714454,-0.0020348456694416752
3463,9.596018434141787e-05,-0.1078474158888737,-0.06173444388085103,-0.03586482288679022,0.03820876202769946
3464,0.013563802768907361,-0.07839021617303267,-0.1201501617656536,-0.007438876229478539,-0.016829849139862244
3465,0.002254976320216311,-0.15229907550552513,-0.07944606461426618,-0.004570834153267971,0.011340471086582867
3466,-0.010892771409763994,-0.04715408747462836,-0.09871735191741811,-0.06380398176816217,0.013432804013106252
3467,0.014528100727565916,-0.0725410205443179,-0.06966126561920905,-0.05959489091459329,0.01758395617344945
3468,-0.028319374007183505,-0.0920929195120848,-0.03214115577762572,0.006596285081461931,0.024249419640769383
3469,0.030863386049213088,-0.1254246736009045,0.003199533050364379,-0.02953256259181696,0.025101056859053648
3470,0.03076432557255154,-0.03198081625186797,-0.03060891310142272,-0.02602937389202883,0.028688777528648648
3471,0.016061480143667522,-0.14542851593094447,-0.004361583042263127,-0.04642470301186342,-0.01303106694643437
3472,-0.037169436863448195,-0.09764454474097928,-0.0436717695475063,-0.04477365338268632,0.04816676270692676
3473,-0.032657428485250765,-0.03611629846257813,-0.1153766018921707,-0.0509278983085778,0.03828651733253526
3474,0.013259258484468616,-0.0778201312433022,-0.10826654737865174,-0.029341923606985645,-0.004738911231061393
3475,-0.01698182035081501,-0.08843339260540652,-0.014515093667910988,0.006036104538364701,0.038629359899999674
3476,-0.05449248866852646,-0.07572213968841185,-0.04620858945494,-0.061446035078954075,0.07128888924935033
3477,0.049963809758732276,-0.12379359497166147,0.0008621375553221381,0.008423057273184126,0.015038194392461984
3478,0.0015535179952840012,-0.0778450456927284,-0.09310998114196274,-0.06435887167754706,0.0039634358647770975
3479,0.002054496768775552,-0.1082419096329964,-0.03616686353386393,-0.05231671078676366,-0.018810276965522343
3480,-0.0010380669010911633,-0.12825404320642314,0.052149438916269296,-0.058254025409732735,0.024566752931798094
3481,0.0020817517576705528,-0.14167675981123642,-0.05322611924245014,-0.047505066859219444,0.024094078181819894
3482,0.021212039828803875,-0.014034591273445137,0.013582624232285402,-0.01456992036083559,0.01818153420012484
3483,-0.021790796346539184,-0.029437011667071317,0.0021957850494301223,-0.0027156189000971777,0.013660439122383407
3484,0.021114230057129302,-0.08202316189887432,-0.020376826988773255,-0.033743800161530564,0.024730929673153376
3485,0.007502464858432647,-0.10321574170827205,-0.1377366124344102,0.013399872797599133,0.03792216479722845
3486,-0.0038090230293048657,-0.06234996886646899,-0.08872545400719072,-0.0554175596877775,0.0012074418959726625
3487,0.0010852747272907643,-0.03667897381182956,0.061217523250731855,-0.009704430628153371,0.032262906302486974
3488,-0.009889974832115518,-0.041166521432589934,-0.12296209160249057,-0.03933100959387558,0.037308172529357836
3489,0.01868238734912807,-0.07582175118548783,-0.18332903380985857,-0.021835191447061687,0.02931902213091808
3490,-0.01680312788194552,-0.09408910135377416,0.20241019763127907,-0.0436566382722977,0.016919584371219463
3491,0.00825528374772726,-0.1131736321819271,0.27593665377215904,-0.011693488927935605,-0.013832291522776633
3492,-0.012601374984194396,-0.09733417707881545,0.14494099657015855,-0.04222559478629269,0.042452751627302145
3493,0.02628510059345654,-0.18471225092407736,-0.02473231277159624,-0.04486056098387052,0.0062939014254824715
3494,0.004080650689370699,-0.10221279926210952,-0.04652187473997268,-0.05171474291279127,0.053127323295209763
3495,-0.004589536194989447,-0.17303719099463954,-0.11356128063054786,-0.06345498557467548,0.014934166970464792
3496,0.010286032971081334,-0.10523943399122947,-0.07489184312408485,-0.04399947484654706,0.01492554059664863
3497,0.015243447586088055,-0.05572794958802148,-0.14833855571332002,-0.012345361289531474,0.04412535936391934
3498,0.003420234887807155,-0.07365199714627871,0.020434654614552916,-0.04786663530147478,-0.01984474814004291
3499,-0.027257304816211345,-0.03803859256229974,-0.040362117289526094,-0.017508517220514178,-0.015542407932576075
3500,0.021093332238888825,-0.06310584026394851,-0.10825879739030504,-0.011114970511297149,0.06144053159798568
3501,0.015600634244662927,-0.1639922831866503,0.03807151844624221,-0.02774576204301864,0.0593304856585477
3502,0.03022099190164909,-0.1403840750054541,0.0658276415150967,-0.007924619946996316,-0.020361242168569174
3503,-0.011915582918673492,-0.09053675572981207,-0.18654200601706974,-0.027139301394556753,0.04973690705962287
3504,0.023436041280360417,-0.17714638951562942,-0.16956111015951159,-0.019557559514832346,0.02032657828767382
3505,0.003451339168997702,-0.1939135262683157,-0.07643218234207043,-0.03503118471811059,0.05950596039034774
3506,0.024077112736419968,-0.24936908809338187,-0.07893694304538947,-0.018685544710985092,0.026905616074295268
3507,0.026734894797960266,-0.1437648465368976,-0.04895264586672469,-0.03472359836244918,0.021012453890937484
3508,0.05261763912341764,-0.17081196926330086,-0.01614325861173721,-0.020197625518534087,0.008192589274952634
3509,0.012477757329764251,-0.11801187144120764,-0.06003726835526844,-0.0670880218783924,0.007264331332918683
3510,0.010642895700232873,-0.09911234235371509,-0.1321970141362826,-0.02503290819036361,0.05869499427747906
3511,-0.029446678476609443,-0.01814175551111913,0.10162679796210153,-0.041711350290199574,-0.020292187994316417
3512,0.010931749949438161,-0.0716984293529196,-0.06338375481535075,-0.0283098631041866,0.04289171010992641
3513,0.021878304095707873,-0.10874604013612378,-0.07183331066810367,0.03648143322417347,0.03294792899291036
3514,-0.00029155451283594067,-0.03645555618394721,-0.040130045109746465,-0.08484153370352354,0.01569352657196689
3515,-0.029011867389818896,-0.1084177204363027,-0.036459031238545436,-0.05556790531031199,0.03571365199799631
3516,0.010184528028082498,-0.11993124313451417,-0.08298300273543595,-0.007916531621149976,0.038713107972776294
3517,-0.00444271626692723,-0.09546523857889168,0.014142827175824756,-0.038037190570177404,-0.007359032619658219
3518,-0.008392682472317654,-0.11418604930101621,-0.016987220154289787,-0.06403891991621705,0.0011085202041996864
3519,0.014219081568910061,-0.14541157538014762,0.005185841519542284,-0.0010516557786393614,0.04546591522809409
3520,-0.008706009492226746,-0.12505478701426165,-0.009769855226885366,-0.06533897277152198,-0.0033439878319202077
3521,-1.8526273469612134e-05,-0.04557843132275247,-0.10791991416765481,0.007428448681316222,0.03855105424814488
3522,0.01764323934053803,-0.1173535363736361,-0.16543500792412197,-0.059903134638327186,0.03927532896147988
3523,-0.00793853432412415,-0.06971462258340297,-0.04153320534496571,0.00045094232128865835,0.041802110395799105
3524,0.01739007880075546,-0.06754477769823221,-0.14304106899876323,-0.05045617912133617,0.0031745372334550733
3525,0.004380905156350988,-0.08972967254616974,0.03697693161610079,-0.04303964406942159,0.036659201224835514
3526,0.010762854148789372,-0.0920240526937859,-0.09977586438798414,-0.02287984641562474,0.010199461415797188
3527,-0.014780067545975304,-0.07068075924630163,-0.03548524015247832,-0.07820675042056204,0.003383079776099344
3528,0.03158291016798739,-0.07712449534988244,-0.11503691105397282,0.01654835863838955,0.04098913455326194
3529,0.008450995229066553,-0.027153530825837668,-0.02893051941419925,-0.026506375301697725,-0.03388576461366846
3530,0.015577222115406941,-0.07141422196794675,-0.12531221784820626,-0.023616732696662923,0.05714638987216512
3531,0.013005413374859444,-0.08236294443451168,0.004132351449837793,-0.026494565546632626,-0.010565134387149244
3532,0.012374064513654848,-0.07654858232855362,-0.12095086635061299,-0.07552906294607455,0.05277592489920504
3533,-0.002648850172099769,-0.0822230621188839,-0.024411433331879905,-0.01471037520695518,-0.01265123832890257
3534,0.010924025241918375,-0.11676324317441558,-0.10139152510523847,-0.0646397997842386,0.04626312054711645
3535,-0.004473681712764609,-0.07069179102173759,-0.1580594552514862,-0.09023491965556865,0.004433482283880956
3536,0.03762364526300523,-0.08333930367680253,-0.0274948819334672,-0.020353833519506072,-0.0029775321270755764
3537,-0.007798803255748009,-0.07933241728274283,-0.13689064941247933,-0.04956977618320131,0.06500259066141997
3538,0.026325283024412796,-0.1314375199795407,-0.11508237714479752,-0.027873854852397486,0.08189131052558117
3539,0.0010677543075999574,-0.15187752629868134,-0.06710122869824735,0.014517017682716384,0.03111754521098033
3540,0.020153636632426513,-0.10027588973383457,0.10243660198040175,-0.04275885288690531,0.00639958217307826
3541,-0.020438864528900588,-0.09651116487035062,-0.11792298153937202,0.0008902624482106047,0.06659236240899202
3542,0.03129372920011441,-0.11854597295990137,-0.05981995793250922,-0.09711689875520678,-0.023778731682481843
3543,-0.014363128165936713,-0.05252806892472478,-0.10628620024911735,-0.013890489794476775,0.04699083237107757
3544,0.008591552566029479,-0.07029331966949245,-0.059815132110695814,-0.02841583765620846,0.05214256563156397
3545,-0.001896523818598478,-0.03751652762733659,-0.06606579630756795,-0.03547485120796687,0.004299534284638805
3546,0.025525972309446535,-0.12362133361062422,-0.140428443571968,-0.038658719614994265,0.030435935360584324
3547,-0.009105803983980277,-0.10207509135918372,-0.09514034857270963,-0.04670117572433032,-0.003791199022389813
3548,0.013465758838771633,-0.12257925432453114,-0.15915609180271098,-0.003520516444102807,-0.019629713431785212
3549,-0.009812211142367444,-0.06515995688401509,-0.04832431800008833,-0.04073420879911469,0.02430786983563864
3550,0.031139946144528908,-0.03176660790020629,-0.10552193815725269,-0.026596762334354512,-0.0019916043456190114
3551,-0.008413643122016274,-0.05531554616358648,0.05827116228455088,-0.036019507608566925,0.02263348393968931
3552,0.013324200760138141,-0.06794651202102549,-0.11331430728374733,-0.02369611622893405,-0.016699049303322264
3553,-0.006757622909414107,-0.08020170900466281,-0.04694296460321348,-0.05446967140823416,0.04572682249949064
3554,-2.708214478884468e-05,0.016909462707754112,-0.04521388417314031,0.0032723447231660617,0.024201480126257252
3555,0.0003226513152021333,-0.23778784147638052,-0.021242005497404345,-0.009185638647017913,0.015442106040323257
3556,0.013869779289052269,-0.27122791260602513,-0.0439083748207386,-0.0439296991297594,0.022694821722647297
3557,0.013289864023585984,-0.20895589501824835,-0.025254780216142043,-0.017366981805592496,0.019044449903882585
3558,0.028967456109275265,-0.2218312905861093,0.009646069409082468,-0.018648586968186952,0.023854630159042278
3559,0.03523917386540103,-0.14787141964935258,-0.09397654268784256,0.0016201889628108656,-0.009879411534204588
3560,-0.016449901772452584,0.04704211300175206,-0.07752374959031261,-0.02932601797724752,0.03349144113606287
3561,-0.005071620177560936,-0.08119226614998558,-0.03189226355360808,-0.0031659288902329556,-0.03959551155097779
3562,0.00867495350090364,-0.10203316621222858,-0.03353507412959269,-0.025638214167585084,0.035237453651251825
3563,0.009546690880956495,-0.09703166640715517,-0.03850562710622068,-0.025783322048536613,0.011861214508288422
3564,0.012012293545162093,-0.09562043772480286,0.06595171815158078,-0.023930366242384787,0.008008456004147181
3565,-0.004629300493817172,-0.13143686503730595,-0.13932010404539025,-0.0006549107926802042,0.022528194478638183
3566,-0.0012061923592953262,-0.018718423624819697,-0.026678274207147024,-0.04543934561372055,0.010059684886408666
3567,-0.0011314520473789315,-0.09504348380071027,-0.08379637889831662,-0.021800539232126125,0.03475592310660522
3568,0.004703588345037927,-0.14995937072431115,-0.10146939036390774,-0.015116905023868706,0.028798425475905668
3569,0.01845118683168917,-0.16805585241738127,-0.23888191415746848,-0.019154770726506988,-0.016281174363122212
3570,0.0030642158839963266,-0.06278833588492458,0.16801134856455194,-0.008976493695866861,0.016940687844162135
3571,-0.0021707140693375047,-0.02636016296438084,0.1405567841282346,-0.024082300413674276,0.014795567639669476
3572,0.02632858898003854,-0.09591548304126556,-0.0709839774145036,-0.07413346302164871,0.005267690596816353
3573,0.019198635834818758,-0.07424234786282066,-0.08399736147938762,-0.045594995963093535,0.024266998439966218
3574,0.0007723178827029662,-0.11232267562016635,-0.07318116308482851,-0.0179872384286554,0.01567184955322184
3575,0.017479319371011534,-0.1266405921618266,-0.13352543573913941,-0.04004025324196872,0.06939866860943829
3576,-0.0005121431084892948,-0.04999464712604837,-0.055365197759087,-0.0488364468520867,-0.0030221655705553008
3577,0.014037468756104237,-0.05783912039792906,-0.018017263040258018,-0.028889060257068166,0.058678423717662825
3578,-0.007312338482198967,-0.10814914236719927,-0.07514066062269995,-0.023175119937009627,-0.033675132908044414
3579,0.016054030679089244,-0.0837878944000415,-0.03687968292973681,-0.045378836354725484,0.026719825485390092
3580,-0.012110725367614143,-0.06751765477106646,-0.16864687190108796,-0.030082138077802755,0.011538483262818795
3581,-0.0007631434854686764,-0.10834592583164375,-0.09980051919052843,0.009456530449134321,0.04452866231679229
3582,-0.015193449985407368,-0.0715174679677919,-0.11967154971883988,-0.027049546197872674,0.003637961826406836
3583,0.032002018794644094,-0.09908789175563845,0.0024150494256746733,-0.019292087237199187,0.050341989471376296
3584,0.025072890863138582,-0.02424545205704583,-0.029445462330855928,0.003707116774164427,0.05595502684140942
3585,0.03113794554839473,-0.09084448779019501,-0.08002492830030658,-0.054146298396651395,0.031789730585945905
3586,-0.007826939606048964,-0.10603238596390503,-0.02296716574888833,-0.029726742646614995,0.02613367349902276
3587,0.005948122777313046,-0.11876389284682717,-0.055054015396936086,-0.0367419494368031,0.04957395753780947
3588,0.013121489683261284,-0.12604942928728902,-0.046062973901550175,0.016840365185497336,0.008233781230038715
3589,-0.014403719840973972,-0.10926403253958188,0.04894643892067588,0.05051178745536735,0.011703772548461656
3590,0.031006697903645984,-0.08830270228212626,-0.12396192826794415,-0.042171032649930676,0.02236592408262907
3591,-0.012702887052112,-0.07646054610252113,-0.09614154426500016,-0.022984821325740454,0.011525911987083786
3592,-0.035003158190889866,-0.11916768593475384,-0.02039246260263617,-0.00800243251391521,0.03380359998554781
3593,-0.007102022711993449,-0.008029856454488225,-0.1337897776548713,-0.012701208835885743,0.04096003259197321
3594,0.010750016179412663,-0.07144184619384493,-0.28083621131799463,-0.03907685486643591,-0.038044933911461465
3595,0.014256740714077707,-0.1514647802164878,0.029068123435026613,-0.004072070240440968,-0.0007013193343237824
3596,-0.012210380401326998,-0.13150660508893833,-0.02668323305130172,-0.014839836900210106,-0.01361180459289923
3597,-0.004983414745801127,-0.12043833333885878,0.016200473271743374,-0.013957029193719358,-0.03450817265300597
3598,0.0015117248938682052,-0.09910207648539504,-0.10134934629079538,-0.06356236395441363,0.05499839733287956
3599,-0.005826657869651284,-0.098934684495991,-0.0452234378638566,-0.06008331808622803,0.03418252184785723
3600,-0.016291459058935687,-0.11924186809076355,-0.12211408828081327,-0.04607434090493303,0.051286041063698794
3601,0.022406006555855968,-0.08462899194691263,-0.07904270717156928,-0.03174149531707148,0.025093575185411467
3602,-0.0285405533324604,-0.07690727235693631,0.021892657694203347,-0.02255085737167863,0.0054432524720483
3603,0.021374225028453497,-0.10357263954012495,-0.18483281145061076,-0.05793342759326099,0.04232287156414877
3604,-0.0012667634546163961,-0.09369368280217698,-0.028454294874501018,-0.005367168640707557,0.011388443641749417
3605,-0.00544370126580795,-0.11570054423948549,-0.09415715226175032,-0.047787738308574024,-0.02073792641787463
3606,-0.007180330438557204,-0.1444373865909446,-0.07528736581480498,-0.03553260188379075,0.0598237309624588
3607,0.027941837717582386,-0.0630071832961949,-0.15169452899716243,-0.012921410309873054,0.012623927955331973
3608,-0.03723384720582593,-0.1559573253883149,-0.07383564030244937,-0.01864774656438648,0.027878622356387515
3609,0.03447719925527356,-0.1510662866152564,-0.3135536151069895,-0.03617645974091829,0.029077817599537398
3610,0.014132961058201218,-0.07852621076488989,-0.4388717543307889,-0.042144099016052546,0.02331470532820809
3611,-0.016306699585532512,-0.07487236234291463,0.001892125905988675,-0.009442074581161395,0.014970598910815695
3612,-0.004873826791929526,-0.0996818264087419,0.027180851884836085,-0.027598012379442906,0.03579854403129913
3613,0.021078136037641554,-0.18788723191077367,-0.031280263943692904,-0.047091385129813215,0.009121019138087995
3614,0.023926429794981503,-0.1835017079985821,-0.019833709477093578,-0.04368617415183425,0.016275696546308678
3615,0.0008551506852562545,-0.060812650081030234,-0.041517832590548504,-0.06224996533763851,0.051949770975116216
3616,-0.011604035467142204,-0.10203655904106267,-0.029339719579702724,-0.031684192494920375,0.008582790525165255
3617,0.016533952667820536,-0.05792407341782384,-0.07265836913143074,-0.022781096488141025,0.057056242904232744
3618,0.004629391490497219,-0.13722506304215168,-0.01052638461542008,-0.012104788519863128,0.05803192957087249
3619,0.023149155674856797,-0.10723444062647593,0.008121493748941656,-0.04913552366931251,0.0572226525654935
3620,0.001868116254526614,-0.06093092674729373,-0.060948173857721645,-0.007718361987477865,0.04240053648650564
3621,-0.019599317118920552,-0.13043810743855114,-0.06971148594998161,-0.045308674125053607,0.037084194386580324
3622,0.01266847671291726,-0.056901420549706545,-0.08115770439348531,-0.013747761531755748,-0.008966936461666396
3623,-0.021202839164241406,-0.18382561150688811,0.0234253853027838,-0.052303123357847106,0.042413429656867806
3624,0.010068140466833374,-0.015785700176797073,-0.08547993130795944,-0.022548095812138295,0.016493655143978665
3625,0.01083230829558382,-0.13815040084414268,-0.061135538731709134,-0.03830562567889873,-0.028562625661018224
3626,-0.046817604740768494,-0.12983117613040224,-0.1749866856517027,-0.008771985457984207,0.02680455998014675
3627,0.011487526727937675,-0.12651479803266874,-0.07762985812768991,-0.025533934015336053,0.004356502980904466
3628,-0.004853156801800064,-0.11812853971943539,-0.059812709737320585,-0.04235696466385624,0.031092073722816197
3629,0.05546575378816034,-0.12078709504833017,-0.029934524724307868,-0.04205406491423192,0.007543002463718165
3630,0.026770321778268737,-0.10001935158551852,-0.020579421861102377,-0.013155766976174562,0.041066734346935835
3631,0.02587693304056307,-0.07189418832857167,-0.05378983644632656,-0.045005168877439945,0.023399958960965982
3632,-0.012813710341001337,-0.060246175984404376,-0.06850420958021,-0.021116001125123237,0.022332692461075238
3633,0.018390321443900102,-0.08823966088415892,-0.01197044383357918,-0.025166012044886173,0.016972610768389428
3634,-0.021669018292028382,-0.11403575991156893,-0.08488769643140502,-0.0034796394882997154,0.01322522699302872
3635,-0.022645851528753147,-0.1395612427170848,-0.06293227983050738,0.008676406575181463,-0.003789788248198018
3636,0.042441624254078665,-0.0940397855435934,-0.22655939964444372,-0.05822627704234501,0.03870301984590432
3637,0.023901412226167984,-0.20858345984702945,0.003066211021788063,-0.02154860856816131,0.025428360352829256
3638,0.010122831924852442,-0.11309757257671645,-0.14253499906954054,-0.02210297135581053,0.008410455870196443
3639,0.007458708855157173,-0.1027113941156771,-0.13721830466818158,-0.03371442264531993,0.018726542295642884
3640,0.0012287888415205529,-0.09376676098824309,-0.14453971405490104,-0.035064812267165665,0.008317546868570098
3641,0.015515518255757603,-0.11636152808321147,-0.04406061356806805,-0.03422389415819948,0.014303191742117369
3642,0.009140287549141098,-0.13512015033087074,-0.07138892068042024,0.008193855809108148,0.004233029514706577
3643,-0.020222027609244308,-0.04306680111465527,-0.06009483688027593,-0.08856542129731285,0.04121895161491759
3644,-0.044324852996982675,-0.060585541350808084,0.024908950872823903,-0.058812399649786025,0.024086292320026906
3645,-0.003205699864601364,-0.0908663282576414,-0.08840604914899984,-0.09125778442514275,0.02370524616528759
3646,-0.023725911333856722,-0.04616667367217907,-0.10465002475759422,-0.02792385175370882,0.020190043818754746
3647,-0.004872950732845416,-0.1411884301814603,-0.06052820246029306,-0.019587067882324626,0.05424219681727403
3648,0.02106079929488761,-0.02342844857529417,-0.10831026239872703,-0.07465201036153804,-0.0342146541463519
3649,-0.002096990199573523,-0.04167185023541034,0.001700626435377799,-0.0633736603546219,0.07767922420189259
3650,0.007814238392470762,-0.12744209466078615,-0.008882768757387974,0.00877774203915826,-0.0032738901719177455
3651,0.006945377836431609,-0.15680621947525725,-0.05677316246665018,-0.026858922699330254,0.02762452349804961
3652,0.007224456698567037,-0.09651432326168503,-0.14287380267569347,-0.04031977222894931,0.012686513184452616
3653,0.009479498968783553,-0.09605142024346548,-0.057931171438338834,-0.02804427918318029,0.019643811475612238
3654,-0.001069121458435357,-0.08092217221232802,-0.032321125176687865,-0.03842646467309555,-0.0005586489339844583
3655,0.012049823785108023,-0.15839985006570081,-0.061103124393340535,-0.008332566273521762,0.05538861204049574
3656,-0.015893154302315245,-0.12128575346957088,0.11685563995165063,-0.028996472223795235,-0.009921489712620008
3657,0.03968087941782915,-0.10016718289410916,-0.16045994122877993,-0.027131788141679044,0.053451150206959036
3658,-0.0001423677101771078,-0.11917893308150543,0.1083724006364839,-0.0319450879583688,0.011462763752168268
3659,0.0072764086826599406,-0.12283924412838959,-0.09857864885358252,-0.08457924414646273,0.0314125838231234
3660,0.021611325617858283,-0.08706627353402083,-0.11245494665350275,0.0027649402242971672,0.038998197371507386
3661,-0.009611833989735006,-0.07628699329288718,-0.0721320174963203,-0.054029905942524,-0.020847080679216853
3662,0.016177120705062963,-0.13608344008445902,-0.03725457917359168,-0.03404618135283028,-0.0037104098324027817
3663,-0.017729604293894807,0.010011724819909428,0.00939592404141348,-0.033389064628831726,0.04210005449346295
3664,-0.025236963314594064,-0.20084875033996613,-0.1082376466053412,-0.04335149836743982,0.006492323665418324
3665,0.02449513460516444,-0.13296842110010332,-0.018792759171078786,-0.0056263009053416505,0.04860158319495673
3666,-0.0111423794920875,-0.20193171174448807,-0.029578615666776133,-0.046405290254983536,0.052062357764513296
3667,0.016010816700390354,-0.057205208784646,0.026698422328454048,0.020254618895316257,-0.03935819710164867
3668,0.0021323247588920955,-0.1501940249840452,-0.08546854580536531,0.013419379061658944,0.009294192487471185
3669,0.029456045151892256,-0.1285549383800545,-0.3808654942969464,-0.0771097334714431,0.05291470181435047
3670,-0.021460510546568324,-0.06667283999453419,-0.10753548654520867,0.0238904537069356,-0.0185594744514341
3671,0.0004680780448284186,-0.04805820673525157,-0.09812178332100707,0.02420738132335387,-0.014831059590923481
3672,0.0002520696313791942,-0.07021985093351073,0.34658179794997507,-0.07144723641598869,0.04753031050049051
3673,-0.03689838852815964,-0.1747056837553478,0.24886366049902414,0.015669177002587728,0.002155568076486007
3674,0.055127934573725286,-0.05469866223032611,-0.009734208844045515,-0.05204830283340093,0.05510909161133419
3675,-0.021986338413343774,-0.1272525241596962,0.10180141710705337,-0.042824197264337976,0.01808666166992464
3676,0.007874785386048392,-0.0567682659589439,-0.023167314776252498,0.006141217736618351,0.02150977014659482
3677,0.020920885814966112,-0.097326393594477,-0.2551525998369168,0.006299031765704657,0.0033713894531064424
3678,0.037535555054634226,-0.08292545320240019,0.01353284806787811,-0.036965866457627214,0.03949261854857102
3679,0.021004157942079937,-0.06294669797703148,-0.07054589760485803,-0.030898271151347922,0.04359627258702243
3680,0.007857857209986784,-0.12356870925750713,-0.061088164049486894,-0.013248996116161335,0.027895892747878397
3681,0.009282693897044898,-0.15560079340132107,-0.038061983041171026,-0.03187638859423103,0.0077642361360076035
3682,-0.0019140003679285996,-0.045011214997417635,-0.030654853622861765,-0.012125456730580249,0.022785091845230004
3683,0.01767000835014546,-0.11425879434604341,-0.06142560342023765,-0.04772432693023646,-0.014521357043578287
3684,-0.031275912261823906,-0.052151091519234125,0.03184133440131365,-0.0031178249302686993,0.05223037461195365
3685,0.03410523292649835,-0.14226318294753182,-0.06943835720466021,-0.012851087296397019,0.004425375167135039
3686,-0.013023588273356309,-0.30345849458868385,0.023546972440988034,-0.029089245664589498,0.008748470958765596
3687,-0.01157781265558258,-0.37897867424253356,-0.009173919724613325,-0.0192052073070669,0.039566285771061846
3688,0.0006171613355657475,-0.15000088990647784,-0.07343883638496844,-0.03928291308823695,0.010589530791613934
3689,0.004616453373710069,-0.03907798352146948,-0.1306409785650108,-0.005546616901161548,0.03061373605493747
3690,0.029865881087511904,0.005188591445982977,-0.08880753220313037,-0.04650653332719967,0.03950010034550563
3691,0.022356443250429812,-0.04114551496924124,0.12638471471642065,-0.015416937217348449,0.012120644810383231
3692,-0.007433842711971642,-0.15515340700623137,-0.004139349162039199,-0.09402176081640225,0.018244190858801804
3693,0.013876556881295648,-0.11735760701085289,-0.028191368708326708,-0.028249637181751986,0.021502588336655533
3694,0.00010572408156228283,-0.0375659036425458,0.181825362583232,-0.02011782747529523,0.012197875842327845
3695,0.027327149501132245,-0.017901292249780546,0.048167996585484,-0.0292295096370054,0.0012121150894636112
3696,-0.025142971249375073,0.04779205670174798,0.0176671051681516,-0.0016825837627192112,0.04626425181615702
3697,0.05557992731576655,-0.027660235583443923,-0.057169783637982696,0.002142607032298602,-0.0026177195655197037
3698,-0.005043532189286915,-0.11200513319126867,-0.025884624801848985,-0.03207825555835693,0.018426338838786326
3699,0.012706191297475276,-0.05595570801515924,0.006560972187234573,-0.029871980464618725,0.011212886825990146
3700,0.03303019838898254,-0.020585580752075144,0.08393765552694259,-0.01120547544323165,0.031732146239830915
3701,0.015424666777375678,-0.03865323386567101,0.07662668374107538,-0.05377564419912754,0.008882930741510364
3702,0.006970331177184435,-0.13970184185011486,-0.09392687867103847,-0.03919853822015732,0.018449505431261465
3703,-0.011863379220487743,-0.10027547314124316,0.014268773997795563,-0.057049203885048715,0.013999372152468015
3704,0.02036952052766039,-0.11075350429931934,-0.1233566970252208,-0.04179581499483737,0.013263040166731316
3705,0.013461078420134602,-0.05983020952770036,-0.4162373533611566,-0.04974669958209957,0.016752422998515926
3706,0.004011496708220213,0.02915497977292763,-0.30660647654211254,-0.03017854041768268,0.03764354607890604
3707,-0.005174988268865745,-0.11330763895702878,-0.3736703375211654,-0.024100007935096222,-0.012559211316972383
3708,-0.01669244179114714,-0.0874940378143069,-0.39543766639315153,-0.041327084540547586,-0.002721499848614908
3709,-0.0021800399530443946,-0.14011772523200217,-0.35745883386720817,0.008585237676630655,0.001464972981361899
3710,-0.01551198004365869,-0.035058393027926925,0.030055821479588504,-0.0355411690748402,0.032493383166363375
3711,0.03016844278936461,-0.11798068315657427,-0.1109253381558015,-0.01741329102720013,0.08325036957802592
3712,0.013250369446697436,-0.0385044446917524,-0.07250877610427012,-0.027829373768906995,0.0332147928277491
3713,-0.03134682868757803,-0.07231357379095452,-0.14024719633876012,-0.03214395250722435,0.03859714893003542
3714,0.000296039371188448,-0.03888992678080302,-0.02031324547979642,-0.032169015451159466,0.06292197351617634
3715,0.024655009148564336,-0.046924577618750234,-0.0004976495281855275,-0.04991771582721491,0.017713005678416046
3716,0.0052200079169950194,-0.05556318363859952,-0.0717317055091851,-0.04999761594505771,0.031783207830687187
3717,0.023366181400797464,-0.07163570085631393,-0.06049288850592577,-0.043332545046509637,0.04530939896335475
3718,0.0181700737244129,-0.11874406748860084,-0.028156535251636892,-0.04516192303990388,0.06369358776816877
3719,0.012359405538234183,-0.032024838637182924,-0.08931690633174946,-0.025892198994414764,-0.026519379463387314
3720,-0.007157683636003309,-0.1647875910058352,-0.12736161101823879,-0.03678999646401541,-0.037563172119152666
3721,0.02026379870253182,-0.13744852784263328,0.024213245890377582,-0.0019763307031276426,-0.04200510305637339
3722,0.003427037837683735,-0.1353672764887822,-0.007274424154276307,-0.04248097439846363,0.0003872827208154781
3723,0.010312978689617135,-0.06601827417229507,0.01520949566844758,-0.041869897988088656,0.01621908528905987
3724,-0.017748180884975755,-0.16532327972761626,-0.01366814254580402,-0.017269048066162244,0.011243435916866324
3725,0.023042702561547227,-0.018261337754674978,0.07267480596956437,-0.041683059059770634,0.005819293791571025
3726,0.01876201464683341,-0.019024375967769156,-0.020585543987037578,-0.013408972113960433,0.008125843320756493
3727,-0.03148260741869645,0.09996277674555289,-0.13847724590074384,-0.023377008714381912,0.03335431441281635
3728,0.049692895332901096,-0.003515477716690832,0.021648862275820354,-0.02033445392953695,-0.009987661237723657
3729,-0.04521613095045206,0.0664243595295301,0.00847710852988945,-0.05276447503469323,0.042718736656215284
3730,0.021983887252447022,0.028762932668927734,0.08848079194736459,-0.03240396548069642,0.06116740119299758
3731,-0.009541269509370742,0.09422840340912879,-0.03105275910563759,-0.012633406789096503,-0.007517057679823013
3732,-0.017082085904953293,0.16467366199223663,-0.07688756021948671,-0.027943542557831103,0.03697403706507387
3733,0.029016369461546263,0.09808656372841046,-0.009321898820916413,-0.02621422372042619,0.009488940305947482
3734,-0.023040912404337206,-0.07721329266861,-0.07350322595149837,0.017215244579704466,0.026398839649332477
3735,0.03682012389195814,-0.13116409474984667,-0.137186544743243,-0.03498789556136632,0.02146237733596924
3736,-0.02153961485576223,-0.03201486654109733,-0.07652037806784177,-0.01167123995091756,0.03049114217220506
3737,-0.010146626001654129,-0.10417448587692506,0.18655945972821822,-0.03406858690087049,0.022325337025806392
3738,0.0009601005739644334,-0.048135079594734544,0.32386566497740227,-0.03823084761922922,0.04915692089980728
3739,-0.0014690562957112168,-0.12517013742717567,0.17626248515710372,-0.06383393366156562,0.03231914100178101
3740,0.017696566608352598,-0.13381613105277024,-0.1566307201343011,-0.022669119639039722,0.00671162984676306
3741,-0.018408637109333593,-0.002702420033657908,-0.10701351170001096,-0.022652704042042584,0.011079619461322401
3742,-0.021467506558157646,-0.02632070806045426,-0.06432636747898512,-0.06558563920235436,0.008372622716078635
3743,0.021079216884480046,0.04814596406242613,-0.06375614010338991,-0.0618958350046264,0.025474403281360965
3744,-0.043562163038798424,-0.11108310446323975,-0.04687251437888166,-0.0422883789269901,0.05155870328204787
3745,0.025837021484794286,-0.07164467153949654,0.012884611616793605,-0.03355412411897991,0.02720231546969711
3746,-0.022274101137076386,-0.07739991979986882,-0.13644603261509858,-0.011393876985085545,0.016461916922678312
3747,0.02251860954304894,-0.05937076921353577,-0.1342664224619114,-0.03126578587654781,0.040718273041686105
3748,-0.022746077021973104,-0.09127204287282405,0.007383713890092029,-0.04499109633597205,0.025266455618253653
3749,0.025240636156808206,-0.06637073117071142,0.008653401131104998,0.016568560312318976,0.021601904212679688
3750,-0.017822420803502142,-0.11867868482497021,-0.05581334336133717,-0.058602169489554955,-0.03238869064901501
3751,-0.017149024608073566,-0.05774944971236345,-0.05458903479630082,-0.032753738815116513,-0.018062051001502436
3752,0.008023945483270895,-0.0452932001823694,-0.09529949109457118,-0.04478260422599673,0.017411635443784088
3753,0.025192332677489434,-0.1408680269953119,-0.06413926058929048,-0.02729761778764495,0.002793125789212122
3754,-0.013951241472378395,-0.04799351927155974,-0.0859172277772792,-0.019604923638270006,-0.006562021274509372
3755,0.03891802228639282,-0.16578876579278864,-0.05750523348926173,-0.04316636603003917,0.024636207434088765
3756,-0.024921706728497032,-0.059148583412696146,-0.05475799419360964,-0.017014508290313066,0.041832966108749196
3757,-0.0028647312698233678,-0.1680438815071848,-0.13783298945393618,-0.06163901450052487,0.01708086873340885
3758,-0.05285467476774878,-0.11921512645225296,-0.14799660778684504,-0.020302927226129548,0.050691576902454016
3759,-0.00037802044676924607,-0.049970469033655526,-0.060942619124181044,-0.016873382139117928,0.01790133275109977
3760,-0.03639703561938866,-0.05858783775988663,-0.14239761457434397,-0.05939914189382398,0.06102743519804895
3761,0.04374327040660823,-0.0604642945721085,-0.10275814633831372,0.004309832021552699,0.0052150144107389355
3762,-0.03206805640018607,-0.020512300226337488,-0.05066036373406071,-0.0008372704703363608,0.040769277935971834
3763,-0.02895608258198193,-0.03022647254709225,-0.05855917743539714,-0.010645741141029185,0.025695168779471943
3764,0.005551468886040479,-0.1520935671258413,-0.10109425957138644,-0.001799161247671574,0.01776386447042903
3765,0.004292216949643173,-0.09637549777561674,0.021854102029464025,-0.042916149450610945,-0.0007626096256397746
3766,0.016653564482595522,-0.06187578621307353,-0.11401622201027363,-0.0454506085293822,0.02638592377539576
3767,0.01700912273927458,-0.07000230853937321,-0.0786923931544162,-0.03982120164097165,0.033868104798511114
3768,0.011596408276194707,-0.12542303195935323,-0.010904240363102054,-0.03548866431495395,0.012376315223719533
3769,0.01947357636510543,-0.12388919084242263,-0.031419114473782046,-0.04539738101527613,0.021197676257816343
3770,0.011297244584570822,-0.15499735180772076,-0.0632920861966485,-0.031193950229911113,0.042910266651193386
3771,-0.005593561684613294,-0.03271768900807829,-0.31407364346483224,-0.022528282800394987,-0.0013864341100554042
3772,0.015636116362372072,-0.11553849605456425,-0.054080822713087603,-0.044180608844301236,0.0011609212263360307
3773,0.006015664665898461,-0.10455907643427215,-0.056300542010214866,-0.06022943489774501,0.03881500698229437
3774,-0.007308079635025428,-0.05019167689162563,-0.017216641542274067,-0.008468288947840297,0.016831995378282796
3775,0.031957061449560946,-0.13788751867083762,-0.1314288347484288,-0.033560287631284276,0.05381019848146281
3776,0.03687971974674916,-0.12090022696505176,-0.1294103505018639,-0.03784775203139314,0.045257715222739726
3777,-0.0027823138154132584,-0.1042723105206256,-0.048036668130849766,-0.027414105048044465,0.008228982601873477
3778,-0.0013592074465321746,-0.09743367987096938,-0.010124726009846641,-0.02931943271932975,0.008411836126113266
3779,0.02166828142894821,-0.08552601660563507,-0.01691136266553358,-0.025566787335280297,0.013792798114807568
3780,0.03416738837941196,-0.1487502899243071,-0.0716452185789301,-0.05683604929707727,0.04201479024061005
3781,0.025905238503472004,-0.17787210856567276,-0.015072538685088295,-0.036431155658972245,0.02929985342090237
3782,0.050967015959408085,-0.1501584230777937,-0.06741756249200774,-0.045903535822980526,0.042532146558419984
3783,-0.0024786449030463342,-0.07458765390871892,-0.11503530315126693,-0.029995283676579554,-0.0005671918886005015
3784,-0.044886181938009244,-0.11381777506446036,-0.1291276561465755,0.001108178806658674,0.013634406424923052
3785,0.01980473866664876,-0.0786299501694545,-0.0013925741016148805,-0.05278586666157441,0.012353913692529379
3786,-0.005018134440496844,-0.12629469833570886,0.06844098293381468,0.014541600563384218,0.04294562486354111
3787,-0.0070873464413910015,-0.14628490920942194,-0.2696596106629141,-0.0675866011126868,-0.007574172866846522
3788,0.02051074416819645,-0.06372929881321025,-0.012614973665137672,0.0126056397287134,0.015079122481445734
3789,0.02676950373540537,-0.12451505685079058,-0.13387128156775638,-0.06294243385194698,-0.007799388839240647
3790,-0.010280021835585811,-0.15828251465931115,0.021907009748210762,-0.03685845359767578,0.038317907537717556
3791,0.007516608594578634,-0.11070903534923042,-0.11936857078179605,-0.029973478037911297,0.02692220929114859
3792,-0.017104410590654814,-0.07836850729559218,0.0032770959908824055,-0.02608578052550817,0.019162092000529492
3793,0.04975725348766258,-0.05224126123897734,-0.030639915365841316,-0.05242154659701556,0.01536603573777323
3794,0.014074235360653435,-0.15082249732267153,0.03452633555340299,-0.01476937851653566,-0.015388343684357594
3795,-0.007510964209903118,-0.10484707237692206,-0.012433467856409816,-0.004909396383452976,-0.014240917162311292
3796,-0.02238992446771099,-0.07250775405261761,-0.04429023833394556,-0.03743036763737879,-0.011245178736651092
3797,0.025655951558390525,-0.09629035666433212,-0.014986193431338973,-0.05437860648621357,-0.00020427007726362241
3798,-0.003918084756727001,-0.09171966494893165,-0.09255062423714608,0.03675303301827985,0.05562872737219768
3799,0.0010318436317628226,-0.09767271401772236,-0.009997177525071333,0.018769441263534543,0.007897805106848095
3800,0.0036830126725364266,-0.09412335739705367,-0.017494188619004043,-0.03834265080655759,0.04100896354121617
3801,0.032468837086065704,-0.10875922622055634,0.03460604394454678,0.0004771539647607286,0.02921138985864744
3802,-0.024994925609363672,-0.18688097145856072,-0.04518807844956464,-0.06995379506090409,0.01776712608725804
3803,0.00033985752797814324,-0.17991432600024088,0.01686531240957422,-0.05372012402889609,0.03611262695688633
3804,0.010867939452140766,-0.08215979728231133,-0.021247751903057676,-0.036951716745836846,0.01945788413780171
3805,-0.034865102598203655,-0.07982582992787406,-0.032209232962777834,-0.03945259574264482,0.008169409907425219
3806,-0.018884471387340222,-0.12663343318379877,-0.12732754240061983,-0.06830007589563711,4.691801847496905e-05
3807,0.04868137663680092,-0.07093101148855355,0.019127325709866874,-0.025703736402345592,0.039302807174074604
3808,-0.009828264837833304,-0.13458610887376748,-0.12549274819678158,-0.002172669479834824,0.0007105860154458699
3809,-0.006084404333684035,-0.0646340884142711,-0.07394271408899103,-0.023484960161219193,0.00951235303279712
3810,-0.012002687948573267,-0.08543450563347825,-0.13786783986565415,-0.013484418793255728,0.011138015170587956
3811,0.013516991266145667,-0.12114732688802164,-0.1127045138506505,-0.014771338002621802,0.03281325537615604
3812,-0.008198667916332721,-0.05019022597202911,0.006343929960630333,-0.004117082763939124,0.004854617817493241
3813,-0.02056350871850858,-0.05403889961956588,-0.13703582608849818,-0.0009297619519615216,-0.0001718865390735097
3814,-0.03020688354848315,-0.00825186495545931,-0.027490368213600874,-0.07260385889547223,0.023921518330122096
3815,0.024357710589225173,-0.10513910871344273,-0.1386854009354218,0.01691816263680092,0.005397863650791513
3816,0.008235427248395986,-0.12353097750227124,0.005492379891469613,0.00939653621718128,0.044621120976394126
3817,-0.025351669709724706,-0.12459208192790609,-0.10643980571577907,-0.016070642574660458,0.007442583234623974
3818,0.014026370440994142,-0.10243824162215823,-0.008211565740640176,-0.044158660240484315,0.031885202483765855
3819,-0.003669155796922254,-0.05956647914302031,-0.028020053259596184,-0.02815331483910201,0.026294545071711622
3820,-0.0035323967376176017,-0.06828221361065087,-0.11471678617985115,-0.01887020909158332,0.014368263905922458
3821,0.05234922018678554,-0.10771897504950821,-0.04071063805378208,-0.00952051384294047,0.02606006333312267
3822,-0.04172778437528121,-0.08490399073841012,-0.16512517556405942,-0.02669436586765746,0.026681662759133144
3823,-0.009217073400691438,-0.11893280580061437,-0.22418188846335593,-0.06069568873154572,0.03324909593843397
3824,0.03997766134086409,-0.10510196389491128,-0.02628426802384068,-0.0008926913470424623,0.015148451991033911
3825,-0.000839676682556641,-0.023530441068227645,-0.007995722638507065,-0.02249981661895694,-0.0009488191737916509
3826,-0.007021064795492406,-0.05688651993408653,-0.13376565079719752,-0.03490859698493918,0.019707837565351292
3827,0.07254863165396581,-0.053082057881880106,-0.06591816591552323,-0.009946719375992003,-0.0015666010261683762
3828,-0.018162025967236987,-0.11826171673666463,-0.016809733421158202,-0.04859921404213656,0.049334632232208846
3829,0.014717964478171742,-0.031047921938542507,-0.02682345852590625,0.01973680076423379,0.07830667078204062
3830,-0.0032396167710814156,-0.03840567222553486,-0.020672829382077033,0.036866924917354715,0.06692117479214593
3831,-0.0020680676000246253,-0.03576421276079885,-0.023283289100047892,0.03871458241218477,0.06835517301747975
3832,0.007967909452224049,-0.13615921956106117,-0.1552855633361648,-0.01544000239274529,0.0021941173078473446
3833,0.01596450928456175,-0.12018483203097652,-0.13453383035704727,-0.082977692564064,-0.002738218923262082
3834,0.02578798022557843,-0.08226168980997249,-0.07523248765065087,0.03781156406040543,0.031968837130809453
3835,0.026734647892810017,-0.07077815972560846,-0.020475410201139438,0.04024856319260771,0.05354821250878722
3836,0.023637306489128266,-0.0891165232725337,-0.01171282619981017,-0.040614789245517605,0.01856919111746195
3837,0.03334304234442768,-0.1565977296255009,-0.08792663862887024,-0.04402173849937274,0.019474551591476433
3838,-0.01563446407208263,-0.10455226512440183,-0.021297485655102918,-0.0400991734639258,0.032444565096403075
3839,0.02856225295599451,-0.055666311395669216,-0.011188927925868675,-0.021277681395304154,0.044259068810933354
3840,0.061532218552900766,-0.09521183211536999,-0.15104953756171416,-0.02432162521927358,0.0013196118017798984
3841,-0.04607781176022786,-0.11866215270571655,-0.11776885869680469,0.004757066727089665,0.03292448071949779
3842,-0.03788702627317916,-0.10639944695665854,-0.025093113677560806,-0.03692447043986087,0.011438507177849801
3843,0.04667951321477511,-0.047505759665095675,-0.13459889292172636,-0.02750185703596133,0.05686781443312521
3844,-0.03480385794255812,-0.09374357572093671,0.02338832461551441,-0.0407183842529416,-0.0013017350464422258
3845,0.07777138410129837,-0.10550437686378339,-0.06679705414796651,0.008759113500313699,0.03192638877041498
3846,-0.026021749799189853,-0.0843475940894232,-0.10197032432760253,-0.03337249295639968,-0.012403799075932741
3847,0.03025883953318306,-0.11436931340844755,0.04734929125334387,-0.020022139678375322,0.043366885512680524
3848,-0.01253272256954016,-0.07265695573171488,-0.044005575276981075,-0.021730557484583968,0.012794391084390244
3849,0.0214453050067917,-0.12559538286461602,-0.09137310979316104,-0.002221176053105599,-0.011443958915998113
3850,-0.02832597063500563,-0.02772522460274888,-0.07662038008988312,-0.05016946743786562,0.0010481228583176549
3851,0.02473803081730423,-0.1250408180945247,-0.12682513683355326,-0.006998561769635774,0.025504983065026715
3852,0.005943170236979398,-0.08311581500615067,-0.048792317976010004,-0.043675433825932794,0.04332718022697591
3853,0.04488075766465513,-0.0353872471692866,-0.10254459410609722,-0.0014460814028881019,0.009905957676520234
3854,0.04404611630497135,0.02825875009976479,-0.057301277001209995,-0.05214384005493374,0.06996904607479364
3855,0.019793360057178466,-0.029225595790530978,0.28298535399093544,0.002531227325579542,-0.004920471481007876
3856,0.021014233837475704,-0.08613868649307757,-0.10907322057200025,-0.05329545940298809,0.044985327100600776
3857,0.019274597727144283,0.004295208166282279,-0.025043538372598127,-0.038092301737960035,0.03776990816668993
3858,0.005071527444611039,-0.2086608831083084,-0.017981480401882015,-0.05168498966261437,0.03127192674494721
3859,0.006725014241811968,-0.057737203113591186,-0.2135871016331751,0.01123683013136864,0.007840012136586512
3860,-0.014504514053698006,-0.17658009345360848,-0.34455187244827834,-0.059002608187213985,0.033197950325706965
3861,0.01300111075447164,-0.08339513213610797,-0.08851269331754845,-0.01472598419792948,0.011712140515293077
3862,-0.0014035133670671903,-0.016513478596314222,-0.03557751983903355,-0.04751334909868971,0.07751728055495918
3863,0.008760712853431532,-0.03480175549179642,-0.10113490058820464,-0.04110919727681258,0.052652311320651436
3864,-0.009152433730876928,-0.06432314294783659,-0.010963730804967903,-0.01612942766563368,0.029382589752594234
3865,-0.016473331617500923,-0.13024865338141492,0.04640394013272852,-0.0207006914407272,0.008658529615392211
3866,-0.0014890557379342777,-0.06491260861148697,0.2194674065361888,-0.024908581176406385,0.014117305105173242
3867,0.017887741676434466,-0.1389554114722335,0.044780121223213086,-0.06253567277321288,0.015642344607062313
3868,0.01244220258442212,-0.18011316271782865,0.04095548089638459,-0.002802715330910447,0.0008544916144053363
3869,-0.0029185408608943786,-0.05296823826510047,-0.19137651704697503,-9.626869478730265e-06,0.041197234583022525
3870,0.0031113618938137387,-0.017195142989423786,-0.1830353526744059,0.02021272589353896,0.05707404819381495
3871,0.006978785601035622,-0.09375266239606739,-0.1685384683985542,-0.032938186302128865,0.015586355372558753
3872,-0.016726378958293275,-0.16014881112566398,0.0638907044037847,-0.02885923747381319,0.037537746113313605
3873,0.015462818991835476,0.006793459887122537,-0.1544446343901118,-0.026267806445367844,0.012371406984465568
3874,0.0187094234110222,0.004934810039380013,-0.10385266143404132,-0.003569548528578694,-0.012700330592548728
3875,0.04248949122732053,-0.0461732129995932,-0.15894196084344822,-0.04520677355317659,0.011885512515657838
3876,0.032431741449551965,-0.1175510212933627,-0.12097438800490534,-0.010380265303255372,-0.021061651397157998
3877,0.01749420125838039,-0.07662860148729307,0.05778926524823489,-0.027032672263568425,0.030078444112742585
3878,0.02003195109460917,-0.1333174572233702,-0.038200668222076184,-0.06875493869200654,-0.0033814820588044868
3879,0.02337132793293797,-0.1540639462422994,-0.04040062022570942,-0.053695329562438464,0.010433654344939161
3880,0.004528368634198219,-0.06084982435143735,-0.024500580193059108,0.015785115318043528,0.03597718230583235
3881,-0.0124654208049121,-0.1169947632856032,-0.15426284253325465,-0.021516881469824237,0.03111339104914447
3882,-0.009114148739505579,-0.11007000893493518,-0.1236840194333656,-0.04539846498336742,0.01186765111581588
3883,-0.005394310734768129,-0.09634147338288494,-0.07551807680694313,-0.00800283283194426,0.03519154618258107
3884,-0.022413621166046598,-0.1321738366963031,-0.03183784362806991,-0.02092049398186473,0.04848485910164579
3885,-0.002531531958260205,-0.04911590434014004,-0.12102135478697014,-0.050054093906626705,0.003408792189679527
3886,-0.001374706500306247,-0.14108430834146185,-0.03857829738102872,-0.013367311779928287,0.03707531404330843
3887,-0.0002467677061324583,-0.127399145827816,-0.03609573635442971,-0.01667563499666852,0.0801419916791436
3888,-0.036314439293943325,-0.06413867806700518,-0.26119568904387963,-0.029017203981476423,-0.02935513803911257
3889,0.003436168716571719,-0.1261051127825076,-0.06658118818127555,0.004581771942744666,0.07219004121234925
3890,-0.01134791540961715,-0.09995489954399273,-0.10689051551814245,-0.03885960922056191,0.022370639515748792
3891,-0.00739486306462159,-0.1626268494778119,-0.025307252157105845,-0.007443656763560418,-0.03087535735600159
3892,-0.02405803675358466,-0.09688445357766962,-0.010125984059146735,-0.02037511528994428,0.07892011046398445
3893,-0.001669664983410877,-0.1601680597788654,0.01059699493897517,-0.041146118360856236,-0.021234677180764668
3894,0.043963446290823126,-0.01700943922752804,-0.1556085638699895,-0.023578358266790167,0.029179017903623185
3895,-0.03291062612891372,-0.12685354714393227,-0.057543615058608936,-0.04666656889672051,0.02324579394126686
3896,0.0423507559600941,-0.2653904449972441,-0.10472048622584826,-0.013040972876339796,-0.028218452289797344
3897,-0.045186805334647084,-0.24420095926309107,0.011243561823132351,-0.0025841113428372287,0.03577774086019832
3898,0.03241206861365293,-0.18344490569320474,0.044071427887383205,-0.041535449385953056,0.03650172997019475
3899,-0.015002536370724335,-0.13359634170779208,-0.058287992123014554,0.00026147689984665375,0.021071061499101363
3900,0.02588456615207314,-0.1517399717047088,-0.15661928429486138,-0.034468651968991314,-0.0015338567815468085
3901,0.01959233548419892,-0.04143236860594913,-0.07508561642992392,0.00782776314903288,0.025266716828014023
3902,-0.007655404300080575,-0.13437910588017132,-0.06015167673076277,-0.03587712966280209,0.0036166114014910453
3903,0.018159623655758083,-0.08274440869142684,-0.05862168243410476,-0.08068655370092648,0.05501369349847605
3904,0.003988476912842646,-0.05059958749618461,-0.08136365521311285,-0.012322912315256113,0.013235570685283858
3905,0.0039496660527408665,-0.03707288601511726,-0.05314722059089977,0.02836909404893218,0.04538460180138945
3906,0.041786209085370354,-0.26074221303216394,-0.11529038647188443,-0.021551307127237577,-0.00022482545434583155
3907,-0.015358433792963522,-0.15276045809183922,-0.22922178508140906,-0.042237271102832395,0.0019998706937335298
3908,0.022136058747295993,-0.07209970736877412,-0.016569185838157363,0.0034218234818230884,0.06279805650996342
3909,0.03293938326429279,-0.11383625321034714,-0.1397110636102319,-0.05408710838725115,-0.02379775704233637
3910,-0.027712630937671335,-0.13495067032106678,-0.041483235459481176,-0.014365858334670932,0.0580627221818865
3911,-0.005524209818684254,0.017931808392141934,-0.021258509968719825,0.005495506401907984,0.043884839409087176
3912,-0.0011679657125066552,0.07544939465422537,-0.0800860400448077,0.0076986098489403515,0.026975444170612012
3913,-0.002370156344716542,0.11309101040922795,-0.00845943502327748,0.04113937111334311,0.010156359346847317
3914,0.0011467780376634676,0.09262031052902324,0.02710538911627603,-0.007543832813059975,0.058355795490951164
3915,-0.01140558700353915,0.06395075837629996,0.025067271520079988,-0.0019659697402964436,0.03702994909884409
3916,0.013057319317225431,0.034467768789243,-0.03736560555683113,0.014385539201627566,0.07910450298566664
3917,-0.017024864812220673,-0.25148538809749926,-0.03462986435756116,-0.02688307901899846,-0.04460098206384049
3918,-0.009736498135808142,-0.23411956391588876,-0.03698341350010389,-0.016629133725115562,-0.004053616894877088
3919,0.015702275121242202,-0.020862857063398438,-0.012109573262859854,-0.01333280226198364,0.02594512921523238
3920,-0.028202329776520107,-0.02699348459441783,-0.053160471848095234,-0.042474946931045664,0.006932314309283688
3921,0.03763283188708692,-0.10412860433180206,-0.03788739285396392,-0.015245617963656463,0.01743213212636235
3922,0.027116102522713566,-0.09588215298157733,-0.07255543769522395,-0.03659295864615338,-0.003418737988784301
3923,-0.017998025555223934,-0.1656288958334414,-0.009158643503893353,-0.04122091146343368,-0.0019508713868829648
3924,0.009233838593881402,-0.19153588291746865,-0.05111986426937552,0.027390500728707357,0.033588083489296844
3925,0.015415475029985597,-0.10388751303080238,0.0203983930906516,-0.026536512124808065,0.017181822247445
3926,-0.0028148949005446225,-0.04479583265974522,0.09930692612950437,-0.009732303931851106,0.04411282354265105
3927,-0.012402097829894765,-0.0780312637196,-0.10922902909877345,-0.050378235150471705,0.009754260895332443
3928,0.009263494500192327,-0.11386635904445667,-0.14609842157865088,-0.05399348803060148,0.02168960606133238
3929,0.04214650728445851,-0.10763948228056885,-0.08790601108271266,-0.018717165636403375,0.03128985441947803
3930,-0.0430121769956117,-0.10813559017135277,-0.09602692773289934,-0.034075837932900865,0.03972174246791774
3931,-0.015745240590042987,-0.1674279908290722,-0.060768713147699445,0.00801583277387949,-0.04100606771886887
3932,-0.025186047321476456,-0.11715072465339824,-0.07675425247649625,-0.05503288530771882,0.01967566370951024
3933,0.006121907917523981,-0.06161666209927494,-0.04786995434301725,0.003574020212934838,0.009658634798497908
3934,0.03167406857197573,-0.06654156887183754,-0.07773827024247107,-0.03261995950183442,0.02782031793810434
3935,0.010930620368942047,-0.08833451393141359,-0.009156430882777747,-0.09838404773244919,-0.01591871771059677
3936,0.02813073062137036,-0.11690463058989195,-0.11376965654516315,-0.031744795216616724,0.05817481928533004
3937,-0.031178652234173886,-0.10868844893405334,0.028614541865177503,-0.01053521656936395,-0.01732816389097215
3938,0.031150192641082756,-0.13569834713087045,-0.07752779868194501,-0.04447162465380821,0.05685378970920544
3939,-0.008899133517156661,-0.0038527405156457925,0.0008033053249499194,-0.030308110165505116,-0.016446321321126615
3940,0.03190599337788614,-0.004928971706670607,-0.04384667336544209,-0.004406490504001326,0.034146223752955326
3941,-0.002757989493401436,-0.1758615603054665,-0.0355838596350694,-0.010852481255316663,0.0031871036294532445
3942,0.03599736054049229,-0.009518766283487332,-0.0506520131505533,-0.031725610526895744,0.02346769702815619
3943,-0.0017914075219689753,-0.1889333278253962,0.18090191319806254,-0.03513166932338443,0.011341435381058165
3944,-0.04669668245495489,-0.01032392730993582,-0.11549807610588843,-0.020342729482560214,0.032760867511842894
3945,-0.027755816065348774,-0.22082445005698845,-0.18217909160561124,-0.10565656928707844,0.012976900687445286
3946,-0.006450078741150557,-0.16974606647947318,-0.0647352303870676,-0.08359437788923377,0.015117791672988991
3947,0.027803703795943713,-0.005934936554831533,-0.17756458754798568,-0.008617153904455895,0.02496668641442152
3948,0.00497507276891516,-0.10128276643808087,-0.1304447745507723,-0.05433790227973442,0.01411686805286465
3949,0.01135577732421848,-0.10485677981748498,-0.0020350096700838204,0.00835617154415703,0.02174652443597667
3950,-0.02521180422903804,-0.009065747876698687,-0.08689856677778138,-0.009374818254583585,0.004474976545503866
3951,0.016448260695915082,-0.11098013305010934,-0.03108440146042194,0.01358778436102537,0.03348816328805523
3952,0.013753904828510133,-0.11110776779719982,-0.01747931237367299,0.003990183827801015,0.00984635336010518
3953,0.0011193854207057052,-0.06015820904017963,0.017849314901660664,-0.034180895150890435,0.012008390619781316
3954,0.02285856403620176,-0.2163357606682971,-0.10594870967674684,-0.02490983876519894,-0.00800491223345429
3955,0.040265881153902165,-0.17856770704224814,-0.135517800728127,0.013947159192587395,0.04112770267170501
3956,-0.02701728493176963,-0.2008498885954049,-0.12282058689100898,-0.023706128263162415,0.02385719492542224
3957,0.02857627470334185,-0.09845608577793695,-0.132769853901238,-0.012966354853644927,-0.009349490697537084
3958,-0.008901152210564893,-0.038058811931106794,-0.08894662755166187,-0.047034331430181854,0.030430178474925053
3959,0.002775845125083423,-0.034390212956139234,-0.07050356034964078,-0.01951230840249225,0.026204697541348822
3960,0.003748528794899462,-0.04465393808301757,-0.06568278244021597,-0.019420084982401956,0.02668684033218366
3961,0.01964740248204082,-0.012379441666446351,-0.35951834944864797,0.007186494268494165,0.022579788212546664
3962,0.0058485110987320215,-0.15601722486660685,-0.09951053510232652,-0.03380519368489189,0.04986838051441933
3963,0.03288426792952674,-0.14704346386460107,-0.16639316908813742,-0.03474203016160517,0.04654945968478564
3964,0.022616639697144936,-0.07866896491844226,0.08082162362979518,-0.0034815356713878303,-0.005965861660462724
3965,-0.0042978404830303135,-0.07675912559151095,0.002256976783912664,-0.060569422730507375,0.010227400797728698
3966,-0.02828162828125881,-0.08724003723904983,-0.019254428304762383,-0.022536482238714396,0.0626204428145242
3967,0.04257985780544407,-0.07945237527071744,-0.051810314084722184,0.022009894902351317,0.010314596808718707
3968,0.028073727842939506,-0.09084010925639466,-0.052148561501844784,0.010041037725053043,0.024144292390496973
3969,-0.0418717519095918,-0.09569536356299575,-0.050590921997727724,-0.02925980059814634,0.03947848023351126
3970,-0.013894312872006251,-0.07526741240114802,-0.1021236921816875,-0.0035111915078721865,0.011857596233903173
3971,0.01633374284575857,-0.08986242097450377,-0.11814274288546395,-0.03389322878156528,0.05977857803991658
3972,-0.008723770686486797,0.0015209203575539882,-0.04915237979759251,-0.02434626005835146,0.01805698771721407
3973,0.02115954026917697,-0.009351028147084857,-0.02371505267694425,-0.03406265592567785,0.00821308886183354
3974,-0.006497828512143768,-0.1487330399612423,-0.06029640467038987,-0.07075078989318113,0.05552643052261279
3975,0.04724636797478662,-0.09266213469666838,-0.09972709169201398,0.0009155860775492591,0.00436976472888422
3976,-0.006601826046348446,-0.10163032747257575,-0.06725091342618754,-0.015596459587543705,0.03366488102291535
3977,-0.013218314348334316,-0.07837032951878015,-0.1552198398482095,-0.016186609849967542,-0.0018580882508364204
3978,0.031102674854804477,-0.10346626953525025,-0.05323953979805001,0.0008591863674708354,0.017550767605726388
3979,0.005394753004881931,-0.04470627894107319,-0.08745813581744066,-0.060519061945419755,-0.008645471380172713
3980,0.023424971756637384,-0.12384111798641378,-0.13114025122919992,0.008930045262151671,-0.008682811831199717
3981,-0.008953022040131051,-0.026239249454958435,-0.04822856411314565,-0.06286952015785899,-0.003840847940309145
3982,0.02007138453792829,-0.10611713179504072,-0.12372465451686672,-0.011544894454051682,0.04504837592665188
3983,-0.0076070139481252946,-0.059284785142164786,0.05832749474521362,-0.004653783852396623,0.01815440550654256
3984,-0.0025552403166984707,-0.1042274483324329,0.05420833972505351,-0.03706084394451983,0.05049320290901452
3985,0.021778968975665933,-0.1167250278248353,-0.0157573309031297,-0.014009286104470364,-0.007421837995813731
3986,-0.020391355718812433,-0.14943668519632705,0.0010303266965285194,0.0011358842820297609,0.048903350515992275
3987,0.029059950228190114,-0.06786650915723105,-0.03601134464960885,-0.060331888259861674,0.0021232122439221648
3988,0.02809031572214086,-0.1384350670124814,0.10835693480923402,-0.0920566461363653,0.04204203209053528
3989,0.013562651740781532,-0.05673363045909139,-0.05731684243055619,-0.01098399109348721,-0.00902306604949831
3990,-0.030550944628506976,-0.07601778181565036,0.13646165874857288,-0.02642468638066834,-0.008485995552232556
3991,-0.002216567032311413,-0.12941864474207473,-0.03915595169228823,-0.040577174078098875,0.062103956797233746
3992,0.01801859480316129,-0.0998097542475731,0.05605674348716287,-0.0020678567329553157,-0.03720547754376478
3993,0.03203286503358162,-0.037077722172269616,-0.021691717317675663,-0.038043699986740356,-0.0005932272063643113
3994,-0.015332575026773532,-0.14619097194987127,-0.07562880260690848,-0.03692485799668528,0.031087389163734252
3995,0.03156883027979495,-0.21267713740703018,-0.0335932896961839,-0.015962215509300395,0.03307635635419256
3996,-0.006436667784251806,-0.09669924372741573,-0.048743951127688215,-0.012319769193772085,0.014977880180717678
3997,0.017233394770094883,-0.1512344171482021,-0.20409044406013946,-0.034918795194870664,0.03227237160849454
3998,0.036116276668649944,-0.10878623233920877,-0.15653085482016432,-0.04131111983813278,0.01141607083262425
3999,-0.006773806045389204,-0.05239328553212342,-0.10141166876413887,-0.010346261531468727,0.019825356634103806
4000,0.029441295780274573,-0.10581814130378017,0.01661244381675974,-0.055930467219263744,0.014671382958145318
4001,-0.01610750687957853,0.022130536877593705,-0.17380820576175127,-0.012454521148517913,-0.009931157725740325
4002,0.0031701736500604517,-0.054958780519200716,-0.10574719898433584,-0.051501822845898715,0.03028322632526393
4003,0.0019569769184488955,-0.061930367682511575,0.016463419321803462,-0.048248927638167106,0.008023269672952556
4004,0.004605916278372776,-0.1973929064628395,-0.09383803868208093,-0.008275670517349723,0.023326153247663635
4005,-0.013364949882238204,-0.08335747155441373,-0.15610736592235605,-0.028418674454685624,0.005730798712717655
4006,0.035725753785012734,-0.09070559331167116,-0.08311235177607278,-0.02847558193859838,0.04465647169937351
4007,-0.00940825733066406,-0.019539427080445284,-0.021890725299197094,-0.07189260401550983,0.014291321430460795
4008,0.04790722949115253,0.007888426761798946,-0.07180195576190279,-0.031757872724468394,0.022546493262241153
4009,-0.012320099565338175,-0.2561404281639718,-0.04058796071768704,-0.03707055051030179,0.02867794401670399
4010,0.01217492709287992,-0.20019987307520237,0.0033258965498011665,-0.024571569368797685,0.020469083531193644
4011,0.02013449839985939,-0.08418526830788471,-0.1468857391134952,-0.011923616627609318,0.014018487378813643
4012,-0.006194373303558321,-0.11397316225740581,-0.0436778115718716,-0.011799537816338624,0.05323315048169049
4013,0.02942593681597218,-0.14642739879719044,0.08950010241647141,-0.015754098562874914,-0.0009463630442086934
4014,-0.021656069165284196,-0.01838907914581592,-0.1060257601447049,-0.03785999197170842,0.006825447311836047
4015,0.011566783604404116,-0.158554564290127,-0.04952346446783804,0.00872106903381109,0.06545685791033443
4016,-0.01580121220787048,-0.11001878057640514,-0.023915660665561514,-0.08150285841188444,0.022506551923804602
4017,-0.011410680304006117,-0.03784443547411606,-0.0672952680068747,-0.0905636119353334,0.03436271498361708
4018,0.04736858259643887,-0.04109595178833324,-0.03477178505169751,-0.03271882530879135,-0.0059858178939106105
4019,-0.03552759728181477,-0.1025570037237656,-0.10066555081584841,-0.037149117739758576,0.015299939514673197
4020,0.0657306054518683,-0.0725774036531162,-0.10544799885537288,-0.01907635575277827,0.013121118580938139
4021,0.058458056367057164,-0.02833275229143361,-0.00026418074523491553,-0.038585981601631514,-0.0014667409552245477
4022,0.00492783583076213,-0.14740840645930725,-0.0284011048312731,-0.03181890664443547,0.04868458886136552
4023,0.01683200014602642,-0.12123031263895177,-0.05398404586640396,-0.012897242004092927,-0.008284442401993294
4024,0.039736998171244375,-0.03183509757320855,-0.0610129711867729,0.004309527052015484,0.036100610764932345
4025,-0.0490707569525693,-0.05979091574337429,-0.07536834995367214,-0.03928458806655386,0.008905049149806707
4026,-0.046653757836486794,-0.11952094549121026,-0.022216325628629612,-0.0343619678405517,0.00813503316227001
4027,-0.0186285161801927,-0.11744642359203315,0.004592856027158447,-0.05987634188286417,0.03617071210291827
4028,0.004965905137405538,-0.07880403449446015,-0.0855119999522573,-0.01431553428390381,0.05113437169791296
4029,0.0013442135272016319,-0.09216622234413817,-0.03548112005523176,-0.03697605597030386,0.018811028562229555
4030,0.02362231339176547,-0.11564131910046754,-0.10734096308547568,-0.04366370030571137,0.00898693714968463
4031,-0.019146565007784805,0.0340972418944069,-0.043619140612139,-0.030437255518094248,0.0314697204294623
4032,0.032831810768015446,-0.09590943459428015,-0.07175328207369489,-0.023324508229608513,0.017266781938776617
4033,0.005610270156800786,-0.10612650452726372,-0.10246234336814228,-0.030846632345196263,0.04934685382465013
4034,0.019196048191998966,-0.0672869855992443,-0.07023004574380635,-0.019936851232871776,0.04403361928377191
4035,-0.01942165224387082,-0.0692422147673998,-0.1084632094631117,-0.03351450455560704,-0.006415144095363551
4036,-0.05190888412740543,-0.010519285794010905,-0.015418450274727206,-0.02302566580580244,0.022361199695201634
4037,0.007587417923894735,-0.13803599352575388,-0.04943142780624078,-0.029477712563012428,0.004206915469546754
4038,0.0184420539279824,-0.06948032447584339,-0.046922532328394044,-0.043770792772056255,0.03214885341067727
4039,0.01472865470209438,-0.10722594495386102,-0.14773669505871062,-0.03974598029900536,-0.05782665980870423
4040,0.029195114349473413,-0.14372992227850992,-0.0397617826885948,-0.03874459035293161,0.10407536960933259
4041,0.012988017901181387,-0.018327702455633487,-0.0012155349159586823,-0.024786441439090617,0.05944561797830406
4042,0.02221598999549604,-0.09526797118744941,-0.19141309210938007,-0.08869632576479612,-0.009749909669424848
4043,0.017567423915822944,-0.10273315817042102,-0.15926357232324417,-0.08149030515538368,-0.01927890433707845
4044,-0.03663613231252997,-0.04672359999313957,0.01922653189046899,-0.05002402340038056,0.047303689688182875
4045,0.006713590244618381,-0.13600478538973343,-0.03863656975466751,-0.050921246940758357,-0.023727573991445254
4046,-0.003308591102020933,-0.12942040577456074,0.013277686738007579,-0.057487184008240017,-0.035680402601324795
4047,0.004450539248816931,-0.10309791251551645,0.011943057522200547,-0.0039949354666017145,0.03990217171067329
4048,0.027769012261718785,-0.16214461409065442,-0.08334811332788274,-0.05633957145983881,0.04757597644084232
4049,0.00025469077863953546,-0.032391920934485806,0.04047115673810491,-0.04209261739095151,-0.01876821851649077
4050,0.006594570365924485,-0.13975910549409565,-0.09530278625691416,-0.03458321389541696,0.028335521669244086
4051,-0.01237459298416375,-0.06621298423487218,-0.049225897459480854,-0.030636906492889648,0.021994979403593972
4052,0.0036021914961968647,-0.1771360677754962,-0.06899989205382172,-0.019988299608792504,0.04315219808924177
4053,0.01446106262846527,-0.10405571325203287,-0.026563259394416616,-0.04625885344222762,0.009991887406479525
4054,-0.00010317898876862554,-0.046440313740776354,-0.058640441610362894,-0.03173299234436351,0.001167824118779748
4055,0.016325009386155363,-0.05216064606626453,-0.0609717764127455,-0.06905411438796777,0.048349203141988394
4056,-0.013995314332355516,-0.058457253827531565,-0.09214869244447123,0.031802980986894346,0.0004103342043980296
4057,0.025970481341644057,-0.0462529258635211,-0.056870475094767794,-0.011788055223961208,0.011511471933971855
4058,0.013950116738373975,-0.15321387899225983,-0.11144805650803008,-0.047809845403025575,0.010761614009198246
4059,0.0011535012493338666,-0.1345658995227258,-0.05714411074729959,-0.05954478864760605,0.040126312724811146
4060,0.004802567076545803,-0.12816928574711997,-0.007994752296298336,-0.00624413213506479,0.021305271508011855
4061,-0.01868598477908858,-0.11526882666941742,-0.069674158106103,0.0074997654732382015,-0.020983519958733623
4062,-0.0019633674878720693,0.06775791710278972,0.016995645114914117,-0.07530093715434406,0.040666753893672455
4063,0.03609261043203237,-0.07479082233181444,-0.10897344147081052,-0.04975896522745374,-0.0050834747437856365
4064,0.01287726730440413,-0.12673533152699157,-0.13091204019226887,-0.048969406756550767,0.008199915583808413
4065,0.02108315811977234,-0.026286341143899387,0.040036241249158465,-0.024691688588907433,0.07908214655703011
4066,-0.0040717914015036775,-0.03226712954812893,0.0331342506684768,-0.025623355998713158,0.10303111635980454
4067,-0.032048992935449876,-0.07276131374641352,-0.09458268055388763,-0.02510302984806331,-0.03219617027177517
4068,-0.04235944724308224,-0.08899955759502984,0.04933033698853307,0.02050424145257529,0.003962107823185106
4069,-0.04905592543683926,-0.08373868499209201,0.04182644592589869,0.02451192220617488,0.00914562570105189
4070,0.04243847947947596,-0.005502947665126628,-0.01776511183957903,-0.03939809010605151,0.02779338510877945
4071,-0.02091606038521618,0.0726961543049544,-0.02572786916701187,0.016212656290290884,0.046259646402089294
4072,0.019169177629676817,0.001217268049845505,0.010273043311907263,-0.01107562545757799,0.03866792499798272
4073,-0.030643156788313183,-0.14978456812075513,-0.04225975455598965,-0.05836882241371032,-0.002428303644674403
4074,0.019150193770489474,-0.2180461892611991,-0.011101640873495232,0.00786780893156553,0.038534867041828645
4075,0.002586721155092464,-0.22693450665017997,0.029047561273727422,-0.04644030722594008,0.017520465922564857
4076,0.001893842626334159,-0.2520171287856073,0.029403341710856092,-0.07316612745715258,-0.0019269389445511413
4077,0.02047635020040265,-0.27378896214396536,-0.11344688789521479,-0.036615268283311554,0.046007503026165464
4078,0.02472782681428287,-0.12209086877402996,-0.046638343840115844,-0.00856492087418618,0.00589677322113843
4079,-0.01822430321595643,-0.08782036070214332,-0.13291078720405283,-0.0038584096382383733,0.038189475926825055
4080,-0.010672445012769429,-0.08463493963181151,-0.04419043864141273,-0.013544659381556932,0.041615808632894484
4081,0.015281869048477913,-0.15794591625644186,-0.06786134918907648,-0.054259587376466835,-0.0017370769149719263
4082,0.004945313104009067,-0.11867354031096325,-0.06553186635119139,-0.07809615870447605,-0.003085513650533202
4083,0.03411346580753642,-0.15939585564696956,-0.0545088662183533,-0.06293505840006591,0.036098223821490416
4084,-0.021371946467783523,-0.07147189197510122,-0.05268156470801646,-0.05012609195686543,0.0028709556460543165
4085,0.025410693630403894,0.0026705050516340695,-0.045339885189617915,-0.03697024818771132,0.0034614710585215134
4086,-0.007015298006242356,-0.09651754374509888,0.11301965721006554,-0.024693267511185304,-0.01600010591729258
4087,0.029030134493518846,-0.1373343576098159,-0.11354642849994444,-0.03457526520805681,0.026029465461395677
4088,-0.01967685413612625,-0.10958430506926008,-0.10136828457475923,-0.02336689791651272,0.027290840644218828
4089,0.029395337452856808,-0.10686457100827546,0.001058984763825825,-0.03574300174952268,0.01815591863978874
4090,0.004604146766825108,0.028906461329634335,-0.08753615089432924,-0.047215644355812006,0.027676720788804267
4091,-0.018033987748807254,-0.14976565554095866,-0.15573921862538692,-0.05076978757791391,0.022971454093390443
4092,0.01589427039997633,-0.05037978200514566,-0.07975619885848528,-0.05361985763317345,0.020505520786559664
4093,-0.0022816960259141815,-0.14019701457209907,0.13902811610201585,0.010667580228164641,-0.003966486957617354
4094,0.022244475604259444,-0.12313730928068416,-0.12405588040175086,-0.01148988112827595,0.05643943483316265
4095,-0.001561565496227287,-0.07782838530545219,-0.12685313174512383,-0.0036115036547941367,-0.03696660262787419
4096,-0.020196301123180303,-0.08747921177528624,-0.08362484778551327,-0.023524152970555736,0.05086869629452836
4097,-0.01168621696085897,-0.045496486485942726,-0.030548896249517447,-0.009039619555358662,0.027134578418111403
4098,-0.019487968016380346,-0.12572568547183366,-0.07160232772810583,-0.060925176756343916,-0.006677830428570067
4099,-0.01792552663299563,-0.1316516576849747,-0.08483367011199455,-0.06392388263508578,-0.005064301457559931
4100,0.007192977916603427,-0.027466286516619712,-0.029761645244032218,-0.029029462937291733,0.04709650760467105
4101,0.026887997382608077,-0.1446118443728752,-0.05270290651297008,-0.05430894347713354,0.008970439807665126
4102,-0.004919817177867913,-0.08573050408718788,-0.0015922151428824534,-0.03699700536056332,0.021174541678632006
4103,-0.012123165090551342,-0.1186469382284092,-0.18006334969234364,-0.024204947657800083,0.043007620930978464
4104,-0.04312070411956879,0.0359469896488278,-0.10405845490358241,-0.044527683030974846,0.03845709237284148
4105,0.05478790088740831,-0.16152467310507482,0.004218836861350372,0.0013619955759196591,0.012650162812484529
4106,0.052179109231655585,-0.16769112524701213,-0.02437799688505333,0.0008012144586328518,0.008935716011035795
4107,-0.03692041755058938,-0.1319066568424188,-0.02334627154477977,-0.050945615418145046,0.02259599723306447
4108,-0.02963881292697065,-0.13440500292998273,-0.06259575499059,-0.044840075570112624,0.02137362873369241
4109,0.06774446207892502,-0.014002320582642811,-0.11578914417031688,-0.00019486423338589993,0.0109848753494835
4110,-0.014465557817763548,-0.07034627593595648,-0.007742437607716523,-0.030868084851081643,0.007315486845513658
4111,-0.013844248720567642,-0.12887204701024876,0.18945076589077312,-0.05399570226476262,0.05360443366648108
4112,-0.008714031569641414,-0.08192974615972061,0.19550389283381683,-0.05337726486778194,0.04947680169815755
4113,0.004131788204611035,-0.10936768068528957,0.2280098368968527,-0.043214428282186274,-0.0009359010835328455
4114,0.027921219557737357,-0.09280045680754434,-0.10367848348459992,-0.04507785979013571,0.041326275997768856
4115,-0.04210430385340948,-0.07512120110088125,0.1054319455686399,0.03135654250603847,0.000537948920644571
4116,0.03296517642768726,-0.06516597923234284,-0.10394984079901769,-0.04447195980230596,0.03708572144888167
4117,0.04638660493307553,-0.10600375308355517,-0.08246514958837041,-0.043331360287829704,0.028917878426115165
4118,-0.03056254169666999,-0.07137531878074736,0.12751532215797431,-0.006599385280583663,0.008034686982812586
4119,0.03946123444712213,-0.026869065476544645,0.06326405669859626,-0.03929948651169166,0.024347354058529717
4120,-0.03216149001379998,-0.056971777237709194,-0.03192204821700038,0.004225772351748701,0.012756215287996342
4121,0.0395749601071824,-0.09360284939133574,-0.1497650649041088,-0.0628515625930854,0.03891276811750938
4122,-0.02789654769380273,-0.015371524708494483,-0.055948793104830634,-0.05919967652498187,-0.02042662350416918
4123,0.033495947714986825,-0.08367539978678959,-0.04881640301667918,0.0038326476314994072,0.05233847860257147
4124,-0.01798908639730257,0.006418795025554162,-0.07477514237435332,-0.05998393909785524,0.043284317605814915
4125,-0.00496444719779066,-0.1056792319935162,-0.15211141143063303,-0.046802142900179755,0.029403684390575696
4126,-0.024934065134014003,-0.023913911546299457,0.0036578754013283678,-0.04037185661326942,0.036377840611466684
4127,0.03958333657288953,-0.23723739785090092,-0.07397045359134091,-0.016695013829777658,-0.016937763803818576
4128,-0.019005254651130336,-0.04098507137001217,-0.09740784075960478,-0.03758714591500639,0.04743288352460248
4129,0.03606427227261936,-0.12445413856525929,-0.1630238917445788,-0.03413700107212799,0.03628248489521064
4130,-0.008656271684384471,-0.08840870512427224,-0.10698125038090485,-0.03273325788080551,-0.01862573822141006
4131,0.05048675578723444,-0.1003712605346609,0.0029488094523341304,0.010283814367553714,0.02541702947120118
4132,-0.031499128399751476,-0.18597622096292138,-0.0115955624077341,-0.0482193658330822,-0.044379205162057796
4133,0.04994250261827362,-0.1179155798433827,-0.06495176556695294,-0.027664582273412893,-0.020952764523700575
4134,-0.04037071506142865,-0.0672267267581819,-0.10888391961284147,-0.05967410564574543,0.035831018594669826
4135,0.017779891600050213,-0.10679959757785631,-0.03906154805002498,-0.04774202585168197,-0.00916901047656819
4136,0.0013750503856609188,-0.10686787059363095,-0.003417690926716126,0.0025709837528220293,0.047635801904827184
4137,0.0490271746150448,-0.0981017133112801,-0.01539847613343426,-0.04049970291062339,0.009661574344209677
4138,6.710706184578275e-05,-0.09390565697110956,-0.022910986678051425,0.004730007383935586,0.018880738233445257
4139,0.015246618680184777,-0.09153937792199848,-0.08910106696103998,0.01943290571136387,0.021724434416889517
4140,0.006111074765073962,-0.0923401213451755,0.02313442829321776,-0.027260331447571645,0.04828195615970434
4141,-0.006294617693949287,-0.0689210096645627,-0.13734498416296384,-0.023082994696114675,0.03203851714528382
4142,0.045061111437171,-0.08661140813557616,-0.05315615585971717,-0.00010310079976784151,0.054901671016637045
4143,0.018615154514140798,-0.10681619633477246,0.04738333586922135,-0.06885966125295778,0.05426083993683425
4144,0.013988275865786676,-0.124816246350617,-0.027836420077658117,0.019784398845084265,-0.0019385264722285257
4145,-0.02128079840890382,-0.09311871582880664,-0.08502856369934625,-0.007642632592114713,0.01573479298575247
4146,-0.013935136814425023,-0.10624714683035112,0.03173184348499761,0.009859058017828153,0.010735756070632626
4147,0.042127243523544904,-0.0921570269746448,-0.11921521111646415,0.033203034932094214,0.02991749881418718
4148,-0.040989943229678236,-0.18995945561080435,-0.03483424526810996,-0.0018707657651929766,0.03140226792797077
4149,0.04198941642632228,-0.11270602030312975,-0.08967325528555267,-0.004483039488957221,-0.015409414548041912
4150,-0.06026914918803949,-0.004813600710613612,-0.4187242875613016,-0.03567043482968139,0.04756205927647683
4151,0.04207258336846224,-0.07551043366132677,0.15958166158990986,-0.0036442433558078052,0.019024737356192506
4152,-0.0033757464661705325,-0.012455215226769489,0.12624830114175647,-0.05056525870764686,0.0024828224832571374
4153,0.022846907883202316,-0.0823894259494305,-0.1775010378586464,0.025292183632764986,-0.008233737521217347
4154,0.012216376378657405,-0.015006846612855122,-0.1187607197036219,-0.04543093095724888,0.03024865509115191
4155,0.021085447621379157,-0.10803628237746311,-0.03072132201202184,-0.06033642575883247,0.022242575407945518
4156,0.019442895414601764,0.1007168376837306,-0.28087075437224196,-0.0001010154489454928,0.0035079738663526816
4157,0.0013115461820202158,0.18006674131479133,-0.13094024671611088,-0.01624547509721184,-0.004353020973479217
4158,-0.028970327812135863,0.1572906422855738,-0.035618734802443146,-0.07496921113987552,0.013287147976986702
4159,-0.0061084390035075885,0.12465142182236713,-0.07802620498117097,-0.05736523978107491,-0.023669823994120168
4160,0.013598453897130533,0.05456542423997551,-0.06298904942368992,-0.07426413298252882,-0.039393331680698265
4161,0.0052495712629470415,-0.09329656661752099,-0.0710828240109629,0.013892304449352275,0.037185778464454415
4162,0.006931998390281349,-0.12893760205810378,-0.2763795907656992,-0.02520709904863957,0.0320713407033531
4163,-0.006859096209226848,-0.10239266754756543,-0.13036701443328255,-0.05001662394065828,0.01725185201080585
4164,0.0015675146394953264,-0.04725730623638003,-0.062352551335883015,-0.009524237250231452,0.0030500829380289123
4165,-0.0024590520362158773,-0.16144438887063514,-0.0016340129579097997,-0.02746149710478534,0.03979701807389122
4166,0.019948668440609843,-0.005182107469977533,-0.06042213431529948,-0.01747501891562481,-0.038548824394768484
4167,-0.014547624246713397,-0.12701767325479105,-0.0164344953949809,-0.01813644515447826,0.028704116041391323
4168,0.01578598211076353,-0.11547242358270042,-0.14021589909461735,-0.05341242907534309,0.005487113396255554
4169,-0.005665863473525633,0.0370319071832176,-0.061618285980496186,-0.015675068043659302,0.03930175277607562
4170,-0.009917911902884248,-0.10564038503935783,0.06544396077419451,-0.03880801493108738,0.018019118003010023
4171,-0.023895836205057572,-0.0846565213973646,0.14480658065604537,-0.005747447772358087,0.02757399370256424
4172,-0.026077778610966582,-0.15414496786802626,-0.06351076347620864,-0.03659981649813232,0.008350352584401784
4173,0.00056623558111354,-0.08871480636279912,-0.018982392316019153,0.018575395173290956,0.0509118288995114
4174,0.010506298740887461,-0.1067620460152221,-0.09936427385040118,-0.037816999958452696,0.03461675060103516
4175,-0.01628009484823773,-0.09766420258485047,-0.2359301510124489,-0.009949322687809603,0.026729241776351564
4176,0.03560597222047265,-0.1343245251806256,-0.2075278069644261,-0.044575545997523426,0.012856186301299862
4177,0.002799146677651116,-0.054251424325378196,0.14652130914958292,-0.06372810717019944,0.006508427188435172
4178,0.013258085172610536,-0.09298614058819064,-0.10407566671160817,-0.03434398027090998,0.023212859821795696
4179,0.006557541010504964,-0.1701869570847673,-0.044502497467548925,-0.0017313731869359418,0.01809706951570941
4180,-0.013348651283790857,-0.10273332659692354,-0.09018296203606213,-0.06126682622096752,0.05168102812455157
4181,0.005464008362676084,-0.06763197084235167,-0.031009183542833267,-0.05623340034740648,-0.007553312879863786
4182,-0.013198831372455914,-0.07719811348944025,-0.044848794937940056,-0.06511326543609007,-0.010852947403465353
4183,-0.0044224251267684506,-0.05236921783419112,-0.10929592904396278,-0.06736828319455934,0.0520748423185525
4184,0.01487253275461253,-0.09702310240433193,0.0167277777939143,-0.02842710559726159,0.00501755174181224
4185,0.025976691912964783,-0.06908268293846156,-0.08889239939106597,-0.028478900942767865,0.039498816256192754
4186,-0.015627539325800657,-0.07125536065215993,-0.07398707187200959,-0.030349281138626637,-0.004609069319376717
4187,0.010020328453613208,-0.09588894840209755,-0.11234531703105265,0.02361336066804797,0.03808099520320149
4188,0.020483467741209037,0.00250503050023205,-0.00915515022927697,-0.03202298445437654,0.01896917717725926
4189,-0.008393937364884209,-0.1150495779097222,-0.0701236317165066,-0.025782273036896078,0.014274977101525144
4190,0.014355682911651112,-0.08839426767632064,0.0464594227366842,-0.013413373007347837,0.015849198785077002
4191,-0.014582268352047253,-0.08979658158354195,0.17398977363703957,-0.09922365590344363,0.050219907183734105
4192,-0.03581215081781322,-0.07541272344304861,0.11613213255775193,-0.008832880193399166,0.03977099261940222
4193,0.016900156335612385,-0.0341672186359635,-0.09993180549531241,-0.03180416632544492,0.027031088659140282
4194,-0.016699126602872438,-0.08256533666412127,-0.10602894410616025,-0.023663420188544705,0.01787401169490493
4195,-0.0038054402631847164,-0.14851840898573032,0.022542848780301387,-0.076375704925923,0.022631784199139342
4196,0.020386104268927372,-0.07229408518527439,-0.10494796349172793,-0.010401684492123978,0.001258032743035193
4197,0.025900490746780788,-0.1539679196961388,-0.04736603260382537,-0.052055602342440443,0.033434009340799486
4198,-0.016461036949656237,-0.09704236530274371,-0.08499278958630735,0.01349763772782641,0.007183815446443215
4199,0.012056616429078057,-0.1706979870015187,0.020672658411059835,-0.05321189548920056,0.02127783301917016
4200,0.016546023340404233,-0.06711156094342934,-0.13149525901102588,-0.04705885814343987,0.045073690694354164
4201,-0.008507859045532286,-0.12609104482721134,0.0056012982009593084,-0.025447408290184426,0.01634107212384024
4202,0.01098538723538073,-0.031293900759292406,-0.053853977846891526,-0.018976217841378214,0.02675088666695196
4203,-0.008223955632826192,-0.1311091503500679,-0.027762764842620663,-0.04101579765138467,0.01288609749688726
4204,0.030067562934011513,-0.12288220086159932,-0.11029203634326945,-0.05992026569591307,0.029878459580752845
4205,0.030605235180133934,-0.10204079097642517,-0.06434610716478081,-0.03342395355596743,-0.006339216769918713
4206,0.018864581745393134,-0.10227164007215023,-0.09136873607622924,-0.06044206377316651,0.028613392588524206
4207,0.008679203714863552,-0.058514275612790184,-0.11916563764156274,-0.024909490629944905,0.02553612529703152
4208,-0.022692398787117547,-0.09050456286386288,0.113464438847121,-0.0732600350598747,0.02774849575022324
4209,0.04656941974291247,-0.08682931264715474,-0.022945505508807914,-0.02410111699701843,-0.0013765647894831091
4210,0.01532824495896613,-0.19013357423828325,-0.08980308545863197,-0.050146345480362946,0.011784204419576583
4211,0.01765056628224875,-0.066961988185826,-0.04798128960035092,-0.03214657608728702,0.022436056072313543
4212,-0.023288812658643153,-0.06695767420978994,-0.2661585584509011,-0.036300577726359175,-0.010258709944643963
4213,-0.03050526667128316,-0.08077364447609814,-0.23824583263363727,-0.010594558450555801,-0.0022608442186618596
4214,0.0323674344941826,-0.08737844841911506,0.10505007623965511,-0.05504247403503212,0.04130933866077323
4215,-0.018017557686171606,-0.09156518424652767,-0.09449131040506845,0.012229808208945174,0.0007330349609294925
4216,0.004496917382114698,-0.11231751648098351,-0.39860774166550406,-0.020674936715788787,0.04949116745380662
4217,-0.03678858877921399,-0.07387105164104782,0.1545464343674867,-0.039958408956325527,-0.0021524161641601628
4218,0.009894995557038495,-0.12161003868857607,0.3289372274695619,-0.013623755515106225,0.0018069727450095209
4219,0.02776209363287967,-0.09534186734885666,-0.10850183528512025,-0.07102169834016063,-0.008039296442883396
4220,0.0037264031524102017,-0.15676497299615155,-0.08726060900444703,-0.020481619876583017,0.014047858123409402
4221,0.018827973374057082,-0.026455571324987073,-0.09879697853641646,-0.028533081077064988,-0.030144176344074854
4222,-0.024311008577188577,-0.04084417985846143,-0.06532888577615098,-0.012125032675853527,0.012853544100988995
4223,0.014195280523575961,-0.16848487751089183,-0.05175680405000334,0.05251804556971119,0.03563751394202436
4224,0.0049009501297786326,-0.1055730440697498,-0.02713219445005784,-0.07203095130841593,0.012169269741169808
4225,0.0004934268824256104,-0.10233121424609334,-0.1188048098573827,-0.0025352268674330384,0.026304161091502586
4226,0.032974908249435865,-0.049340478796566986,-0.10754946163770271,-0.04204684649785157,-0.003787105305274321
4227,-0.01045145584600046,-0.10084387871138513,-0.11916356730591075,-0.01991821189592917,0.009974353343168079
4228,0.009471399560827194,-0.054653762054543704,-0.07249907146477484,-0.005861376409994983,0.026077575042600387
4229,-0.0019938343696546644,-0.14423156253441544,-0.10239368646338247,0.0028868577854363428,0.02074490187479413
4230,-0.04889456224686277,-0.04205371991562579,-0.046710219380035715,0.05487308798735159,0.04120956510290704
4231,0.002856991724720268,-0.16157518749768357,-0.23756610081648877,-0.07276653357061345,0.002097418168752666
4232,0.007854798319114984,-0.06607391612790502,-0.1869298098483256,-0.04247481017837722,0.031212171761692463
4233,-0.012752951221927487,-0.1377749629108835,-0.12625713670758337,-0.039931640113733666,0.009503226850123198
4234,-0.017203233803886074,-0.06886865129290135,0.006548381826029894,-0.022177234821940717,0.010070303333799678
4235,0.017672363098754137,-0.09832115070111726,-0.06784039252866816,-0.03744339008298472,0.017392531242648335
4236,-0.0026501201558213373,-0.07255791293131249,-0.01388867941461662,-0.04387168346391315,0.006127005496687002
4237,0.027445762360027513,-0.09977712451110125,-0.07962876534314416,-0.059615637894264786,-0.011289446128089105
4238,0.02087141086223083,-0.107677754285384,-0.06178760192508015,-0.036330384075320465,0.04643967063285853
4239,0.0060285887175901606,-0.041228171409016474,0.07410561092340029,-0.016753054889269783,-0.010224860176705302
4240,0.010780411055711214,-0.15349290505443458,-0.0972365156303461,-0.02603578779581381,0.05385912383225243
4241,9.857998643678788e-05,-0.05896912924181976,-0.1216848251496161,-0.02923250544978115,-0.004018601025290251
4242,0.014612237465333888,-0.14419623107934387,0.01878933985668073,0.0009326896989012393,0.056636044902141615
4243,0.04727037278470113,-0.10550745021875516,0.012797264060402252,-0.046968891105533345,-0.0009152375003035514
4244,0.056374445250847956,-0.045246345267255,-0.05557063665117268,-0.00469082124642433,0.006727932672968796
4245,-0.01408024487432766,-0.02817713480850209,-0.017601183071324016,-0.012188532422469287,0.04405541163873733
4246,-0.016736926977036572,-0.04730394549232153,-0.05705944814931294,-0.015427305724888145,0.02954169856346692
4247,0.02189046138331708,-0.17669226633444132,-0.13115701690414358,-0.04283021616274764,-0.001677943515948987
4248,-0.0006219171882908869,-0.0713763278849782,-0.014558804170673047,-0.0474486400156551,-0.00203931040320454
4249,-0.009672919650222813,-0.06056874464830447,-0.08757124920724685,-0.03301376346465023,0.038130579355495055
4250,0.0044498696502184186,-0.05530537682575791,-0.014964427785770121,-0.024976263536765263,3.668942266817374e-05
4251,0.01409009535284101,-0.024848312445607305,-0.18799551131266098,-0.012751750926806946,0.06235963740486381
4252,-0.007811160473415751,-0.1785620624838941,-0.10026654918834112,-0.024823086710618156,0.03365058352807567
4253,0.013027122887196558,-0.09257730980056451,-0.4344704678879871,-0.0030164606910581377,0.0038039352439584767
4254,0.012678129266039076,-0.16121551642331167,-0.07711207323979058,-0.06214146469063489,0.038733783934880514
4255,0.05386609577882597,0.03060534055470138,-0.05186607649959119,-0.022546229751851436,0.03917123121846813
4256,-0.023902471020543888,-0.12323947722422977,-0.08782923933380328,-0.04014848571431585,0.004249828448776953
4257,0.04048183306574625,-0.087620551199691,-0.008138176919749482,0.003996810022597793,0.020287515627030406
4258,-0.03447681756322044,-0.157275498651777,-0.0012925749681397525,-0.0549895503093593,0.0317765325704584
4259,-0.0023606162189697957,-0.1095947321525442,-0.12378799744687367,0.0012282661956360308,0.010058572850213499
4260,0.005564044697668768,-0.12595312443562157,-0.05211384564754626,-0.048760395557439024,0.039316728878225106
4261,0.011045730969369337,-0.11077182295296381,-0.08339753903840427,-0.04009191247405567,-0.0010303431737659539
4262,0.005847810909379126,-0.0514988882966658,-0.17686484838520042,-0.08243789865284358,0.028871602611533632
4263,0.09029201724050555,0.014774818348899897,-0.03667012930827393,-0.03395348236018107,0.00176027305070246
4264,0.07562806393019847,-0.02124875401389998,-0.0948194115916746,-0.011114179793195926,0.04040660496566996
4265,0.04926768393484335,-0.0029244895511286464,-0.0949353979503804,-0.0390407574883953,0.06902835180291955
4266,0.05323078675173565,-0.0041047467901949766,-0.07131075029709738,-0.04409789744234052,0.03385710856863523
4267,-0.023303779412188107,0.011490559010622998,-0.02748194806424964,-0.023529902124027696,0.016353943389720876
4268,0.0058447167275022536,-0.030286297496070758,-0.06229695086025052,-0.03085656074810508,0.032495872774167836
4269,-0.03430237395523085,-0.02907464060558039,-0.02385237918371009,0.0032313898608733924,0.01722233136296433
4270,-0.008251196364139133,-0.07028731083342707,-0.10908920518529461,-0.06106956469468576,0.002334861266007996
4271,0.019411589062131054,-0.1416753667323109,-0.02178274152712211,-0.032790986342630876,0.023055457113291995
4272,-0.02655939849086924,-0.10560216179989167,-0.028635716365368283,0.0036123214105507786,0.04005535970118771
4273,-0.008107055962280974,-0.058992741581021316,-0.12964196915568044,-0.04064663519666319,-0.0010673909461402376
4274,9.428455925580339e-05,-0.17425048393853335,-0.019227564074445477,-0.004369606059039497,0.037931947569661534
4275,0.02272133049692224,-0.010551394379886734,0.0008494124659261324,-0.08043489458133012,0.011483269441990462
4276,0.003690703436589555,-0.13558639608442588,-0.0011001368992670495,-0.08890443725159039,0.04207024714823362
4277,0.021080641288262095,-0.13581693736197875,0.07898049225554245,-0.02096314886110898,0.03808155578982983
4278,0.005898896919884197,0.0066177739168454255,-0.11586287005790534,-0.043457364443764086,-0.003996711428058778
4279,-0.002515784860083552,-0.11031809320550959,-0.062184477068321274,-0.041432052483165754,0.029297699509461688
4280,0.007674163669520806,-0.07485992481027408,-0.09179375070293944,-0.04791512442717044,-0.02687513182019641
4281,-0.002569866550637242,-0.1180587526016059,-0.04429085310771658,-0.011141390806838016,0.09992805746675781
4282,0.009635274111922835,-0.06452252690359912,-0.11737702493415077,-0.05149015810429972,0.009010689833980826
4283,0.03099745732953443,-0.22142188444281,0.14545936071286128,-0.024327846870259535,0.02733529993973064
4284,-0.006550712980895843,-0.062037890264287195,0.12243306848241518,-0.04598841362478796,-0.027501937797484617
4285,-0.00793985545420457,-0.0280887764966416,-0.16134326459891055,-0.026460618455293423,0.07755028358135618
4286,0.029630219577404825,-0.13114136689166106,-0.09566813192001246,-0.010776163009012454,0.019342511804611405
4287,-0.02729331172022917,-0.06765852247475596,-0.06031741118335131,-0.027457805546437106,0.029196371726519982
4288,0.010981178914303637,-0.03227500452488295,-0.01778991111989295,0.003493048431966819,0.03819497866481547
4289,-0.00833662432503384,-0.09869274627551003,0.0016370660666661509,-0.020168665965951873,0.005560489213139088
4290,0.020738739353618505,-0.08782026308730857,0.039858823592398736,-0.04562062606976427,0.0039102707744763905
4291,0.028179111333954645,-0.011100948023368716,-0.09730106785232276,-0.0344420211307116,-0.011758552394774524
4292,0.020960221653417616,-0.02220990950115444,-0.08386358768124251,-0.013486815344992466,-0.007589605038328969
4293,0.025433888972397574,-0.018716464195125754,-0.054357538343894986,-0.039345182873448424,0.02329063836835632
4294,-0.010665942212394306,-0.03412698472228615,-0.058274452258208355,-0.006732489717175157,0.003265935882792447
4295,0.04048744816416378,-0.19109407228484748,-0.0388445971923276,-0.03469131775543879,0.07023227373435362
4296,0.011959610669142093,0.009361051540845534,0.12545811410737442,-0.025094164482288094,0.011101254084364466
4297,0.002097802622386232,-0.0603094897193774,-0.04265774800606911,-0.006004063776555318,0.007218321612760192
4298,0.015657461117963855,-0.0860147953820664,-0.1360823736281774,-0.02770915993323792,0.03652313610250263
4299,0.016303997809247208,-0.10040646489138504,-0.05618957487210813,-0.006393762874561401,0.002308182402878537
4300,0.012247715224521243,-0.07314560394316527,-0.06420327450886361,-0.045755532683268145,0.01752217488771518
4301,-0.010916619271521374,-0.12916197854436018,-0.0773475967144047,-0.034242934188426555,0.01065520061663492
4302,0.030762797305098143,0.2216055631120845,-0.047282895983553654,0.014233830047780078,0.018775062764007266
4303,-0.010201429654260167,-0.1438061332353069,-0.025984865298745337,-0.028992612458357617,-0.009245686667818083
4304,-0.01008070376141183,-0.05897427557980581,-0.12178492336359302,-0.01332009229889178,0.044105801466767944
4305,0.03210892460219418,-0.06299650068068423,-0.0568414353708365,-0.00612664345832037,0.01619567756083991
4306,0.0031042767644783777,-0.1289177368517052,-0.01764943265198978,-0.03545225330403077,0.027260590875405437
4307,0.014360717419980394,-0.05037780791351454,-0.08086839638133003,-0.03561979101799455,0.013936171907855977
4308,0.0020661606998688942,-0.13509200075741737,-0.21352545673131396,-0.048666397370062994,0.027025522566301183
4309,-0.002746553323859053,-0.051403791206514414,-0.017945434108295136,-0.011107873925724118,0.007879521074136584
4310,0.03530409800162652,-0.09018045724777157,-0.06843404513506347,0.0032507991022062933,0.03920526167317921
4311,-0.021080258597018526,-0.08677282450074965,-0.10718978881098143,-0.03047078065928894,-0.00786671723576969
4312,0.05336277113551858,-0.10363878978615057,0.3653164057011952,-0.06706400907181352,0.008094344383897263
4313,0.023797243301634206,-0.07137509951118157,-0.08257406937342247,-1.5748784647961475e-05,0.02601630657360759
4314,-0.002660221674393765,-0.022140871531754817,-0.06343879486656452,-0.03058228735964429,0.004980155901749114
4315,0.04477336375278083,-0.15996464386001424,-0.13010906296306007,-0.005161982807186343,0.030085489227327844
4316,-0.00821761210076218,-0.12777951689407727,-0.15921458523179238,-0.03838025489790558,0.02912828163814071
4317,0.010263439910329289,-0.06195407224009644,-0.0981994014919899,-0.015751244922770993,0.014055598259596899
4318,-0.006704185904273892,-0.1591005959669918,-0.02195699028805435,-0.044172292802544304,0.029922993827874438
4319,0.017676844640519846,-0.12559670762329905,-0.14672846695504735,0.007008586798559498,-0.0003725889617198816
4320,-0.027846008602240888,-0.12218024025286332,-0.0761053496987201,-0.04829156260430117,0.03101719629991488
4321,0.018417382347099255,-0.04569043612316114,-0.12136242256796126,0.01600417426966303,0.020974242400152394
4322,0.024446199508223986,-0.14435019458977558,0.10837126248362908,0.045318319924862044,0.04022576185266427
4323,-0.021614786912494077,-0.050803911513432956,-0.17601831122784936,0.006750691587075464,0.03304010026717029
4324,0.03004519777453285,-0.06020053572404158,-0.0635390944539548,-0.02852356673913172,0.015669596240574263
4325,0.010205143715244207,-0.0949720710789177,-0.0116861740750809,-0.019202339030403883,0.023186941015225355
4326,0.03176884505180844,-0.1237891016271206,-0.03316331299611888,-0.01830815347801975,0.02201141763444531
4327,0.019327813556153824,-0.12550894032981205,-0.045421137900479414,0.0007637039735526652,0.014491397260402276
4328,-0.006658990766163458,-0.2631957868025584,-0.073670794004364,-0.044925260282555314,0.05615850924873611
4329,-0.0018403650240337642,-0.06279688397038398,-0.06652382030474213,0.027560636958560317,0.06064005333179882
4330,0.0038363530658387045,-0.07510555644495656,-0.16756019956507326,-0.08364173568225097,-0.0175599509875383
4331,-0.031164858096152864,-0.11941369104300568,-0.028344922386044785,0.00372707137103826,0.052194794674134175
4332,0.009604124039543058,-0.08831811481825298,-0.012453465088314783,-0.08736988867067254,-0.01925063324790793
4333,0.032721610785289866,-0.18533714691505562,-0.06529316693933089,-0.007769411054380497,0.028077071474657884
4334,0.00012623660524647357,-0.13234028554146707,-0.0037029218696343655,-0.023258543653297308,0.00794421929449865
4335,0.026960931232371362,-0.0999013519410559,-0.04917975265283418,-0.021453954699101566,0.05650694958459951
4336,-0.02347045752099319,-0.09721126146280071,-0.17986288054702926,-0.05884710504047328,0.027112951906133404
4337,-0.0010806100724661087,-0.10637559919874284,-0.16533599585036718,-0.09871881038563572,-0.030431657401737228
4338,0.026551485656592346,-0.15059552590221364,-0.006281780550840436,-0.002574511843968098,-0.0017883093656129911
4339,-0.027735687007408912,-0.08287707113507292,-0.10204231630458363,-0.0583809961395123,0.036989480667948986
4340,-0.006500429671505714,-0.12968219327417213,-0.025664851903442667,0.020784490861688702,-0.0026541276364274707
4341,0.0167241429091683,0.03792325974111679,0.026123464681223396,-0.09282868442137421,0.04484678286654753
4342,0.004833458321804337,0.029518461506826434,-0.006345905592971229,-0.01769977570389819,-0.004923059247725204
4343,0.02024288792398237,-0.0814047294814531,-0.07447623924432459,-0.035872110662388504,0.06277226548101192
4344,-0.024027733529383477,-0.08082967032623832,-0.07006446913153111,-0.012742458752152247,-0.009317218630596617
4345,0.04883573584925105,-0.12460535069710793,-0.06680672797074673,-0.023016272899428036,0.04945928845720847
4346,0.014983789144030594,-0.07816340092945509,0.00031367684798559503,0.003543296150460631,0.006514433843314586
4347,0.006190573626590826,-0.08509530715965903,-0.10643823724916403,-0.023799301265627293,0.0032643935992382996
4348,0.018849407355110454,-0.1041214312086188,-0.08258001570109068,-0.03345177030459063,0.003945190555356963
4349,-0.0022227050056019076,-0.16023889680056147,-0.041972789070164815,-0.014188232072316764,0.02389745756760983
4350,-0.016203164157654163,-0.12266135892554235,0.23380252364792847,-0.03603284976221054,0.01888898335618677
4351,0.060842992646632336,-0.0883754766200206,0.2779467296867891,-0.017769758814316552,0.05342518147916562
4352,-0.033253784339396804,-0.051556205429114,0.2967039392462674,-0.04113291949315487,-0.025015345010835136
4353,-0.011379318518840586,-0.05255456576822473,0.1505212508391651,-0.047044387101039274,-0.02898780247516772
4354,0.011620805261787,-0.020358652806524415,0.11070631827940232,-0.04407340656499948,-0.03283961408753622
4355,0.0020019275128273575,-0.13060707425903068,0.040212609079840894,0.008792239752748503,0.005812460165189509
4356,-0.011298380864310124,-0.10988358812542649,-0.11128065516562498,-0.037807588871668386,0.02573415691339368
4357,-0.005151348613171929,-0.15071701863965906,-0.058725086376980255,-0.0003907177649836109,-0.005920063260725966
4358,0.045014744078706155,-0.12689100437000397,-0.09553362692030765,-0.05722501400218989,0.013581880789820732
4359,0.02510265574816572,-0.0345817380270949,-0.11345630596916244,-0.05671543381847238,0.03025788475546032
4360,-0.0005697166663406414,-0.07787839301601347,-0.13255707815917908,-0.021403233188788572,0.043442097394918965
4361,-0.0017924746319576159,-0.019474966870163583,-0.025001136635377296,-0.030984768097325237,0.00844366242224927
4362,0.009806259283491211,-0.11965958690178033,-0.1932664138675238,-0.015362119206619946,0.03090734027848879
4363,0.0031955853903958952,-0.0303997773798836,-0.06379416216162621,-0.04609447978376579,-0.017227259895942454
4364,-0.0014097001027765057,-0.0890977150171518,-0.06022217709568538,-0.07408228664726446,0.04189162941269234
4365,0.03804794639995044,-0.08553195781227557,-0.06398502727370474,-0.03836601965989571,0.01319820781705515
4366,0.02859229381192837,-0.08679620059572096,-0.09743328742676072,-0.022722412528101605,0.032054247668088884
4367,-0.04988136944881749,-0.03065980976929244,-0.09555534219664019,-0.04074937696314539,0.028266148139827765
4368,0.04354268721409506,-0.11353830990825274,-0.14356350567837178,0.010375432658557848,0.005719827499806606
4369,-0.012893725633750398,-0.03123447476642733,-0.023592255884284107,-0.005562550830136269,0.04385975966175479
4370,0.016816496561692287,-0.15141317380687466,-0.07622090426684935,-0.03131056088294026,0.0006018703719502944
4371,0.02168356691099982,-0.08813599690074381,-0.07378231751035824,-0.004593927258467053,0.003116687746792455
4372,-0.049152372956470174,-0.08235369157805364,-0.02462581972541316,-0.02431503066984588,0.05945220307506069
4373,-0.004116868664979763,-0.07887316699624071,-0.06655672924846186,-0.022774145599814676,0.006275789154163978
4374,0.03618578770049941,-0.15873830369122552,-0.12875263477303636,-0.03394882827147345,0.040736653580564636
4375,0.008566953908920797,-0.04846897654528274,-0.06469505304371151,-0.01438868652431448,-0.008062267358543575
4376,0.004822097640719258,-0.10924300105669069,0.02721445682491942,-0.06527167479386721,0.038845008552891615
4377,0.008029455051660467,-0.09558113444950278,-0.06730933755033501,-0.012842267910240759,-0.004126383748970343
4378,-0.0005378737845545555,-0.051544791539511456,-0.0780274367924871,-0.044940481251779095,-0.00047857910967403225
4379,0.011763687574187167,-0.0784986393003566,-0.0780827164307504,-0.05597704698565451,-0.00999157653084385
4380,0.0036925250238348853,-0.07679959652298153,-0.0007033874547309685,0.00952143335816965,0.02572372097640073
4381,0.024548108642753027,-0.09644857479491897,0.03821271903152767,-0.03657262349194805,-0.0005048771267721093
4382,-0.007896245483828298,-0.09977975323390754,-0.03544426667636329,-0.047465711121974334,0.018168043815002203
4383,0.011695276265828579,-0.14303539306807891,-0.13412910396720415,0.0064850916598228996,0.03704274221234435
4384,-0.0007407510765773931,-0.2157045665096742,-0.09417716575724415,0.026161172228960358,-0.003263739083024215
4385,0.04205414786305232,-0.227750869254468,0.004416331063966485,-0.04364966006266666,0.0277293933966694
4386,0.032978390500329156,-0.05486847600213718,-0.06871536316621434,-0.019711912166955364,0.05920041661683801
4387,-0.03189980928105105,-0.07646941036460367,0.00101505491905401,-0.025040433612626225,-0.0036693714903862154
4388,-0.004241132126401735,-0.11462315176858803,-0.12505073338487213,-0.005476306161041106,0.014611712189182459
4389,-0.0255337443343753,-0.1331201873076598,-0.09200789517650022,0.02999974547708065,0.02133752918103528
4390,-0.0049821926206860675,-0.09673477486736584,-0.13851778615186283,-0.0013735349992827686,0.04392549209751049
4391,0.02059504348480597,-0.09703613396467697,-0.04944179576718739,-0.0693729182072048,0.025764749078728645
4392,-0.007327194218797391,-0.0925541207151021,-0.08034831560397294,-0.030964366639262164,0.011487407161103984
4393,0.0007565304373020173,-0.15190813658433128,-0.13296177005594365,-0.04551783027681341,0.01253140546362505
4394,0.007225338936235197,-0.10785980658876303,-0.13271583131792455,-0.01522180910344535,0.010556325479305005
4395,0.017478546998612416,-0.10188514062383326,-0.030328558262443052,-0.04376066085511198,0.029044919484443484
4396,-0.0028898390058036015,-0.13482653026289895,-0.22917064501142093,0.0015626102313396916,0.02451992135124241
4397,0.014344306529869774,-0.052556650591336865,-0.06042215169738338,-0.04475152089627216,0.031205669788561232
4398,-0.0019249330066662862,-0.052370372891981355,-0.1886407651665928,-0.01082796413683984,0.009062313478044766
4399,0.031463232026917594,-0.1114650306302643,-0.09325327376264847,-0.04350596034110263,0.030138370216907472
4400,-0.004474314095922688,-0.19539587613574314,-0.0245745593791516,-0.02616009401111799,0.05897508594012224
4401,0.03465145946687365,-0.07327169936803445,-0.056997268645867044,-0.07390565377438567,0.02431337467658331
4402,-0.020965592590154312,-0.029224330219956074,-0.1591125380426611,-0.016344477385882194,-0.02463610355337381
4403,0.0345382894891371,-0.06373931513265557,0.04080105897277905,-0.0586423652091117,0.05366317074195796
4404,0.006628972000605242,-0.07833069612409832,0.0031883592457604953,-0.1357021304429747,-0.01951035218236214
4405,0.009511668507965,-0.10432042177608263,-0.07790983863274982,-0.11522284091789584,0.06488572685623872
4406,0.008902515848968862,-0.11008377583065386,-0.017498272724089155,-0.003787660818869272,-0.0054345903562994305
4407,0.02721390434222281,-0.10678737907869332,-0.06852115317195584,0.002596324057520232,0.001431895566893005
4408,-2.3373539338781353e-05,-0.17031022565518955,-0.16198322475951682,0.010044761966105665,0.014878785725462484
4409,0.04635827566504701,-0.07693177471767933,-0.0044679764308485454,-0.04656370255400821,-0.0012269752154805936
4410,0.09889605079318788,-0.09403544232047174,-0.1272254317833142,-0.04586265473487317,0.03461334047098967
4411,0.1116560625685752,-0.1809510794935901,-0.044157257319201504,-0.03606416814921074,0.03263095274162971
4412,0.14185292177355407,-0.16136369606871864,0.0469380039866925,-0.03292541711708891,-0.0036509478216026057
4413,-0.02632718764406902,-0.09579483579109233,-0.1598406651997136,-0.029042312045808757,0.030132851907719235
4414,-0.007192841162302409,-0.09360413060770412,-0.007226430578045749,-0.019846453842559234,0.03199005832100219
4415,0.03307398809391627,-0.06393036849180637,0.05964692198123247,-0.04570802440278304,0.03732892100959133
4416,0.015673153053764443,-0.062389825357479424,-0.09859552931205867,0.0026239353957488642,0.025012756551608915
4417,0.044906699701064416,-0.11953917284041878,-0.06522293785135681,-0.05560088917599089,0.005439940715744313
4418,-0.052808972136438544,-0.02395516431109846,-0.09846479053779048,-0.030686172337174487,0.018163211105117864
4419,-0.044556088620719345,-0.050473055759192025,-0.012059400573939585,-0.012534088138361143,0.024066326877549202
4420,0.020331361320323947,-0.0669542550666948,-0.0023212083026012387,-0.03918974692658426,-0.008160704728346858
4421,-0.005056623857884312,-0.15395828837948225,-0.017343837151056488,-0.01588628661749566,0.019156963675844022
4422,0.03162213938249496,-0.09336937242864418,-0.02338993619646075,-0.034927182294020906,0.014529595185851282
4423,-0.012070638417913468,-0.07779840148945745,-0.07464931889335606,-0.01648791471631185,0.05950123669939355
4424,0.02758405222827941,-0.10855584581831443,-0.058905416066423744,-0.04510171127584184,0.07152704560217102
4425,-0.015793066388810905,-0.07104813223388422,0.10653791800605897,-0.04273887954002288,-0.017412377477134602
4426,0.019529863678523374,-0.07700142156722026,-0.036353348663895835,-0.07520876523285826,0.03538103131327052
4427,0.010413613276720824,-0.10780325334849576,-0.06373657677822175,-0.08987592084099885,0.04299315688983629
4428,0.03666538502111345,-0.14685359809761647,0.06745268929524802,0.008108024764632819,-0.015538884889287678
4429,-0.03616651287332483,-0.03372443275117946,0.10899993817782669,-0.0637159221407502,0.013690530694259895
4430,0.02560742091582655,-0.07084118002389941,-0.10279542698532416,-0.005537123587080286,-0.00017531978042858157
4431,0.013253248799001789,-0.13995817801443153,-0.26876189703926834,-0.019887312091384883,0.011739336396023908
4432,-0.0077748173728250086,-0.10970246010871268,-0.10341687632203168,0.0017330861685214219,0.02465173787821134
4433,-0.018868881200911167,-0.16736438265552092,-0.0662456438617393,-0.019127497936478728,0.01623670427649414
4434,0.03381043392072473,-0.1301194420372959,-0.09048239652164454,-0.03139537996991184,0.04395036056980754
4435,-0.013618208279381927,-0.049231796103018394,-0.04909623225573846,-0.04444571643084884,0.0589298678802546
4436,0.012042208475959671,-0.1427506409885448,-0.08905429674079834,-0.028624301704315503,0.01612539443405574
4437,0.004776254121423536,-0.0505002642650554,-0.02486368557603599,-0.03177311246394322,0.031063703183390856
4438,-0.002168806386080121,-0.0882039179800064,-0.17513736820061404,-0.009841089907423375,0.013896976439980313
4439,0.01914017893221966,-0.19751281105888274,0.0689747475296506,-0.03635681330717664,0.03216629755127195
4440,0.025419869507610857,-0.21248770194213043,-0.04886710060812546,0.02234482119752937,0.03068526819628032
4441,0.003929417132758116,-0.14192023238234935,-0.034954687487180613,-0.07489514616286808,0.067175185602705
4442,0.030183440971687587,-0.11489256633766691,-0.035127907244477195,-0.05425504237581927,-0.012783599447617271
4443,0.02444072885279957,-0.05929692023635548,-0.0907884610204724,0.06259210247433916,0.05429279773120163
4444,0.012058647563267638,-0.055384698461897065,0.05375889981101355,0.05147741679246486,0.015571125285858774
4445,0.01503972022420513,-0.07259460553748744,-0.09699046457320927,0.037093828867357445,0.011006427747749653
4446,0.009139340701111458,-0.1172200674590798,-0.12658417625936547,-0.0008942654146674734,0.03899909933025909
4447,0.01178893735503796,-0.06085606989455238,0.029953707875095777,-0.026714600221591563,-0.006550513487921031
4448,-0.006819222659825552,-0.027882701040625013,-0.13942838060604704,0.00038262149771346076,0.032216478208607215
4449,0.01810274769868414,-0.15721008682091442,-0.0869665810166651,-0.011510990279872891,0.020491160371973634
4450,0.05189644200686972,-0.05114703670046609,-0.03847965280156137,0.03986902369839494,0.015480941118002047
4451,-0.03014009240525958,-0.08972477339141391,-0.042611823912242844,-0.032334758602909304,-0.004981102173633959
4452,0.02529176392550802,0.004169030264761504,-0.06369055802262268,-0.05672473331747116,0.01567608569279862
4453,-0.027472159750350052,-0.1492224425035055,-0.05654797979596431,-0.019454702742193207,0.006589271027386454
4454,0.05557931018963441,0.0015577470391268844,-0.13530356894869808,-0.03469380279725572,0.020301165685666558
4455,-0.024302291957680383,-0.03956740053060601,0.027489717713684917,0.0059565603516769485,0.022247640362332715
4456,0.041187329374002254,-0.08742246346145813,-0.050372680622666345,-0.04470181658157108,0.024987209517095654
4457,0.01152517760129407,-0.08841558651273454,-0.07044221571909741,-0.08044340851489962,0.015483123986715901
4458,-0.00040522138684124387,-0.07889642606488212,0.02748537932680474,0.018570729141976668,0.019419907579038484
4459,0.007468079496766225,-0.08929036070759445,-0.0988559411661623,-0.08506603613285874,0.011505845805468214
4460,0.023856588714335436,-0.009027217852716962,-0.011985604872406373,0.007464939884724632,0.005784062385033427
4461,0.016791306196728664,-0.074128074120233,-0.11932779406394152,-0.05012878905135679,0.0409818949782664
4462,-0.014981232477366747,-0.10573350661135368,-0.1397610709182341,-0.029081624876628482,-0.022483939959770695
4463,-0.056156951400985505,-0.012739256445793882,-0.07794300890370434,-0.019160518059910755,0.06304297011575057
4464,0.03572135372307249,-0.12908465499055954,-0.06284250985951215,-0.061379946435950905,-0.03134459834217327
4465,-0.02176056882831746,-0.117672697383676,-0.035662386300266906,0.006211987723964402,0.05710190315567382
4466,0.03691125472258187,-0.11182861796446823,-0.14398359081696613,-0.06284414372384266,-0.01634318536133722
4467,-0.021575377242804283,-0.035990944866252074,-0.07827890077900072,-0.008442653955245457,0.04471402656678321
4468,0.030053526972818045,-0.09323090045826028,-0.04876838515535034,-0.038626763674037244,0.015973978284597283
4469,-0.0005182332140803656,-0.09104430218872983,-0.02117910801781844,-0.007800154320869785,0.052956314412533484
4470,0.013493250270834081,-0.10336920316715142,-0.027084709018908568,-0.037743905653967263,-0.004510151371946145
4471,0.023639644185815257,-0.05680825082577699,-0.34484840166694225,-0.031447714169590205,0.021028555398032407
4472,0.026421819466758763,-0.09815088263640927,-0.5021363678883808,-0.027084883377902318,0.0010261162456482226
4473,0.020408952636015328,-0.08397184433604955,-0.3688849778404674,-0.07688184604047979,0.05705954859760108
4474,0.02184835671176268,-0.13097975233670356,-0.32324211001407105,-0.07617097491387165,0.06022988891661097
4475,0.02514972023683284,-0.058305656106218316,-0.2987176549626833,-0.021807681149558954,0.008901607885587168
4476,-0.012621083561068046,-0.05654568575986957,-0.4279201002022534,-0.08473538708905153,0.05670466165504499
4477,-0.001012920326185893,-0.16280648119900779,-0.2892227562491309,-0.04751078508195466,0.0036540961602475456
4478,0.0232204222306504,-0.21434200364059328,0.059863775985041154,-0.042201108433741925,0.06283193664650207
4479,-0.02026176684051547,-0.05865983774406189,-0.1389005498132626,-0.044469349165614895,-0.0010296674186113714
4480,-0.007503893374182551,-0.0338539331680189,-0.17915858342862356,-0.0513469795384357,0.010369151676403987
4481,0.03198857767537093,-0.08579871675853222,-0.1614401477114264,-0.013062910903470509,0.036591484651282015
4482,0.016041384286761957,-0.10987004595054362,-0.10089083559061841,-0.04298362706904185,0.01601488114402987
4483,0.035391214007230894,-0.09108947972407333,-0.06908629619841584,-0.015344336101714678,0.03808485090551768
4484,0.000635606207173505,-0.1086275990682525,0.07516481238557376,-0.058053803717510045,0.014208559393457125
4485,0.01783069005093754,-0.057804242102476505,-0.10419602867316345,-0.032002913673603986,0.08705331046982759
4486,-0.00830258389751727,-0.0700687078277208,-0.05837757806961902,-0.0374363038453208,-0.056948165401763555
4487,-0.016849922654105412,-0.046361118728080165,-0.04640917584707534,-0.05392957539036989,-0.030130321762229413
4488,0.005362246743350311,-0.07872062748732515,-0.019621470082440178,0.002482484834512025,0.05263153138355623
4489,0.006083878688244567,-0.070982622932217,-0.10376225044172155,-0.0415935761124814,0.05645052880379529
4490,0.007345091739013627,-0.1264017561697773,-0.08003698432480745,-0.026143848485838537,0.052131181250810635
4491,0.004259891096711521,0.029279331291710904,-0.005865675955996517,-0.04073546545648869,0.007724862806812105
4492,-0.023979011395822945,-0.04112397747818189,-0.07683428153890634,-0.015434269387910607,0.027124947832530433
4493,0.02893514112960488,-0.08792970710120541,-0.05839098563650008,-0.0460554708158168,0.05208437103237186
4494,0.02694359888807993,-0.10038234404864388,-0.07094494356288908,0.009673282345196233,-0.003788174359379031
4495,0.018644315296222652,-0.0956241954358026,0.01198906184843848,-0.08954943560784161,0.004970950165966455
4496,0.0073759449680300525,-0.08630654681358246,-0.08255467123081404,-0.020190998627319573,0.021355194282053337
4497,0.010036467084647437,-0.09117030430873241,-0.04548158005057192,-0.053013920349940076,0.0226504314241358
4498,0.0012426406954701107,-0.04332937828210939,-0.020229209239871707,-0.0002790976300858802,0.010100993631450571
4499,0.013194806433035463,-0.05106622237361545,0.007908261333767716,-0.045226877361383734,0.029431474022938636
4500,0.06364215511113455,-0.1907755599719335,-0.08987439997456836,-0.022295842742887376,0.02574866075161401
4501,-0.016593320066650284,-0.10795406217099478,0.014216988299557254,-0.036714737976658564,0.01733435488037908
4502,0.0167340550760736,-0.1232326309512988,-0.07220505341741007,-0.014319302411989162,0.030913233068595742
4503,0.011767392168114886,-0.10641029298336357,-0.14018869542024834,-0.015341638777261772,0.023317169306986657
4504,0.0029336275004121577,-0.16776624943102267,-0.13554553800498437,-0.05166135505417441,0.025610187626863776
4505,-0.03948750032467915,-0.17287694290316885,-0.00823277581376452,-0.04730914751202528,0.02375579209560459
4506,0.04430123476836855,-0.2263678484382904,-0.03230707458442995,-0.004237744012088362,0.005423660620518704
4507,0.02988677015154269,-0.22594069693650298,-0.08403981589704787,-0.0032134253491888087,0.009286503612590513
4508,-4.226937342961386e-05,-0.2073569890745842,-0.06319696731843512,-0.028511009064312354,0.021180097741313745
4509,0.0411746702464997,-0.23090262194656438,0.07669121699175711,-0.047268003035333066,0.01137531573576802
4510,-0.02094451781479861,-0.0951942390250775,0.1030038084148887,-0.0644285653785418,-0.00010796768928315888
4511,-0.022555886963115956,-0.08838048519892458,0.10480921063620643,-0.06894643077719018,0.0006203152975038966
4512,0.0391302292762417,-0.09679606848274176,-0.3384315744364617,-0.01887406221653639,0.006096846760731375
4513,0.01077233641886232,-0.10947205207689248,-0.026076540180799676,-0.06938917283801352,0.032887683833490895
4514,-0.005748464740564266,-0.05559223216535669,-0.01979529801920136,-0.0052639406716382215,0.011964502463418762
4515,0.048468472494559545,-0.01322429531073515,0.01550687114428242,-0.04992404792438201,0.026395910707657795
4516,-0.025606674628601483,-0.14072364181593172,-0.028596793728599378,-4.5303009720267285e-05,0.012506109625237065
4517,0.04660456701307008,-0.13644380116915988,-0.08199084019134817,-0.024350713499090237,0.013954809009556701
4518,-0.011149232549366558,-0.13367515501721022,0.001768182354101487,-0.021951026865773327,0.028432220109266444
4519,0.01062396888668226,-0.12412847208252548,-0.07948964377675495,-0.08687990684206569,0.02756181453751667
4520,-0.016934119881244974,-0.15605160488800215,-0.0736714993083326,-0.03237506818661185,0.03700197902066805
4521,0.021461492675081063,-0.1326540547151841,-0.08575951700231713,-0.026961771917690325,0.014529376434321417
4522,-0.008881316080911495,-0.11974102893814986,-0.032146859534493116,-0.02707812158268772,0.016650041765863512
4523,-0.013575789514577618,-0.08609824243574746,-0.0908842867191763,-0.04923877895751698,-0.023324353915699907
4524,0.02947194125651051,-0.13783634668408454,-0.008854009067186206,-0.02337093782728558,-0.008279334018853684
4525,0.030847394065670133,-0.23665364156914878,-0.14387841854799002,-0.030844270433445665,0.047579865249491336
4526,-0.014266274014961043,-0.14411840052438044,-0.032344789395101416,-0.05461081841591662,-0.013111219237925747
4527,0.008397560867313466,-0.08284417726535445,-0.038128128237228595,-0.03106729892887701,0.03922951376648339
4528,-0.006633813957600638,-0.02114106687871015,0.18261678634448866,-0.003006333582937515,-0.011278061507804785
4529,0.008328262302472805,-0.09629586100720205,0.09618000287753996,-0.04427215546651685,0.039169209461387036
4530,0.011024525126297549,-0.1300445460447276,-0.15067548770926398,-0.03144798156286077,-0.027436286374981578
4531,-0.005534041588886587,-0.327322852877793,0.13976330919879323,0.0056643198763781126,0.026555074069148452
4532,0.00713175512952287,-0.17031065543505486,-0.024913171376729732,-0.053125708347455336,0.022222773354258506
4533,1.5987630120398284e-05,-0.18369017139519156,-0.09857149823285602,-0.01609009782939781,0.026305401955803925
4534,-0.004024349623107119,-0.13095188379163797,-0.07460119848158066,-0.03493045798558158,0.02781481489001963
4535,0.012159174957838146,-0.07693173015566442,-0.044790212467599844,-0.01232980340960332,0.002378573709945646
4536,0.023787106575831645,-0.12544565304789215,-0.02377803917649403,-0.02261945551341708,0.008685295898428497
4537,-0.014433513490125728,-0.11108105423836734,-0.08505537832859537,-0.05688699521828567,0.014703008568014148
4538,0.02424007978751741,-0.085358159793028,0.03730537238009277,0.018075593518369844,0.019337653183876626
4539,0.012454598632272615,-0.11405915530097487,0.24552124366954198,-0.04951748998071484,0.06513895659135327
4540,0.002764349600579563,-0.0741946102436729,0.3267100554840122,-0.021008281660474207,0.023958454158316544
4541,-0.016020232397321227,-0.1396491847679716,0.23820450451340483,-0.044876582046329,0.038112683499827986
4542,0.034259656506796604,-0.07323022054398524,0.05940173234509124,-0.01726584108947857,-0.009701135441631967
4543,0.03582366477175072,-0.054588821783246075,0.0433663714956051,-0.012345047097896461,-0.013108351093255118
4544,0.02198142358852772,-0.03973901523181973,0.02236499231390264,-0.015545475066045075,-0.011230571968069172
4545,-0.03635170622706985,-0.06782761616086372,-0.06405987837501692,-0.05490225660468676,0.039271654468720225
4546,0.0369638796446852,-0.14721599260975932,-0.022320915531368984,-0.006058872198075586,-0.01770568204155564
4547,0.01898220685119402,-0.14127220159274856,-0.08852975739551065,-0.08158739306376399,0.010554240741843985
4548,-0.008499553453192471,-0.17878112742421629,-0.029343710546430615,0.029539388075049737,-0.00969828332331259
4549,-0.00274858978475903,-0.060194356472056794,0.014424613787654772,-0.03024780853900774,0.01977131636694579
4550,-0.03198654781086988,-0.1568357873769575,-0.15246781835802165,-0.02492569968426739,0.032103132276682086
4551,0.035419531511489646,-0.14220395386757995,-0.021759306762283583,0.02268325541704274,0.057212339225221724
4552,-0.007702110793403896,-0.0811806262784343,-0.046818968514271225,0.011555982872911026,-0.0034199187484429783
4553,-0.00459477018239646,-0.053945440250005215,0.07034011894699975,-0.06660017673731607,0.027631520098544148
4554,0.019625190764963857,-0.1150185593396962,-0.009180190588258186,0.014032880062875133,0.03890153778624249
4555,0.04007021075369475,-0.16407363865082375,0.04197831767938263,0.02560664127641053,-0.003805858519978975
4556,0.03184458310172755,0.14108946907508157,0.08207123113449223,-0.058830170976981275,0.0621278814562756
4557,-0.017692499464293004,-0.2673659833881042,-0.26946684453077435,-0.00569763869432278,0.004872301030124665
4558,0.018145854535883514,-0.03476374620597748,-0.032707672058172564,-0.017035025817205236,0.03643741652585406
4559,-0.026418197159137336,-0.0931080305644849,-0.024589116772737975,-0.03494239397082791,-0.018577501950388233
4560,-0.019729841677488886,-0.055747029816741414,0.018036208755040233,-0.033839860417485275,0.021219812130710287
4561,-0.0009062713916260184,-0.105738138305289,-0.05495696157159581,-0.02228137832464352,0.03792831117287679
4562,-0.027564031026500718,-0.182064053111148,-0.08923560284484816,-0.039620469828071395,0.004893205356400116
4563,-0.03535767999017389,-0.20956500404245462,-0.06057697637012972,-0.03543835218562477,-0.0030007086266019296
4564,0.024813699029543956,-0.11590153778492211,-0.05374490774683828,-0.04117910519794408,0.04000525695769139
4565,0.0036635310008746353,-0.08608904605400934,-0.05060103972991337,-0.04253180792137356,0.02272387683394778
4566,-0.0180242890047426,-0.07415615736503424,-0.027909083821816363,0.004266158360367153,0.01736521370590109
4567,0.03252116630327487,-0.051508244720754166,-0.0031823579521342263,-0.04616042136492196,0.014094316698800876
4568,-0.015345596893180422,0.0712023929665537,-0.13810394845434779,-0.026021964022582375,0.04425848228187389
4569,0.00802912936218766,0.08548127061409697,-0.07857768823956536,-0.04477541000146148,0.007996447752289144
4570,-0.005313508317377303,-0.045573069103331136,-0.05815486454892704,-0.04369227282795693,0.0068688671716673295
4571,-0.012165586802216332,-0.004649121250801982,-0.15601747837037752,-0.05561822560735111,0.02152120545019563
4572,0.05969022974450372,0.17285900384223882,-0.15114489907275447,-0.006935228870105177,0.06552384574153472
4573,-0.048246336586224535,-0.11451703591389918,-0.2087270647171077,0.025238572154295185,-0.006473798036703489
4574,0.06012048360738588,-0.1277325691733411,-0.00619009952005301,-0.07217570363352775,0.02597871330257633
4575,0.009603267519521331,-0.07425732913183294,-0.07175519532924272,-0.04064792389609092,0.04576777602852897
4576,-0.008642540513532727,-0.1535224452781795,-0.08326364870893073,0.019222712114216722,-0.012079224100541897
4577,0.00017686669946896896,-0.08868718785244444,-0.1276958235215612,-0.024108829930428594,0.014905762132201687
4578,-0.01130572268816587,-0.10153103804481868,-0.041190631658993705,-0.054078623564833,0.024010077705755202
4579,0.006288682792973656,-0.11396224566989331,-0.06260774212463252,-0.025636198263238402,0.03037737937814442
4580,-0.013010662208629653,-0.07565018184135361,-0.033774434054374323,-0.04605486903352532,0.028587736734138284
4581,0.018935088597363366,-0.10656923582692494,0.10254496842478816,-0.015462299921605877,0.04343079071937877
4582,0.0005740420593331013,-0.10067950642536411,0.1552410041670054,-0.022158109309199103,0.059294676431828064
4583,0.010230279878376027,-0.1386930826795788,-0.09803306178765504,-0.04298620887121804,0.009837001294090406
4584,-0.0001788233208981352,-0.10334919471150936,-0.1967688483592284,-0.02449123485535973,0.03811334025401265
4585,0.017316121227462993,-0.040486590243467194,-0.04091710161208594,-0.08205425821554173,0.016603955427689065
4586,-0.02186134494273186,-0.21446346975006533,-0.2885226433218998,-0.04891804615328162,0.049217408883790344
4587,0.028404661521868373,-0.03472808775860423,-0.15471111358543474,0.0013312206515263545,0.003872927343663429
4588,0.024704346820342355,-0.15645321184512326,-0.058351741812444125,-0.03727598536379969,0.0059926172917586585
4589,-0.004112444866767379,-0.1417301779747466,-0.04198538733361527,0.0030352073017622695,0.00943997012154771
4590,-0.012681300959267637,-0.07145493456045934,-0.021372849224705052,-0.020655206151244786,0.04364051496261742
4591,0.004631016010433167,-0.12428762188063029,0.044565186352012856,-0.0470350533958899,0.02696619787218127
4592,0.04104391824153808,-0.1866856020862351,0.1924532204765908,-0.0045086450281765856,0.005847869660050608
4593,0.006596881761970927,-0.05319425301877823,0.0920101027217917,-0.06893466997750056,0.04639673845152936
4594,0.023562153120895372,-0.22513038176726088,-0.05792870142346908,0.012408959532707677,0.011610818923888164
4595,0.03330691727360756,-0.20778617270265753,-0.06330612815135446,0.012577837316561247,0.05885904531458591
4596,0.029396143616310034,-0.18330224081353683,-0.059903019892314814,0.02031162455669838,0.04931473232711527
4597,-0.013976843892723545,-0.06235986433836484,-0.0996312463242222,-0.0505024403323996,-0.04308195168916301
4598,0.0065672412297543194,-0.13392817548583133,-0.045182173855353766,0.00441403569327928,0.022164305869561206
4599,0.020762128177315434,-0.15893239948514684,-0.13091700790641705,-0.022771987782053197,0.024376715433715165
4600,0.020821247966230614,-0.06691803349454507,-0.09859144414080226,-0.010977340020812652,0.017389428167405005
4601,-0.04397131961709222,-0.039837601812828465,0.06316233707980012,-0.017981959799489706,0.014666118193657839
4602,-0.002894652558340506,-0.13457234876469643,0.18469157115715765,-0.00575812723654895,0.046050638776325405
4603,-0.008717317867171772,-0.013578385556748035,-0.0013668875480687308,-0.03584366986152765,-0.029115105765154668
4604,-0.006444184245971724,-0.02728401793677328,0.02794062444894054,-0.033356609369312604,-0.025332662504893518
4605,0.024240070182377105,-0.13869827611848892,-0.1898132428056107,-0.0421478946599606,0.03998426433639093
4606,0.010122810562060436,-0.03400503410693285,0.16086563946147023,-0.028278198061703987,-0.013037139791935382
4607,0.017568100352906433,-0.08894745257700035,0.03442387503795755,0.009330298477038566,0.004725181351206767
4608,0.007080574237017602,-0.09155786724867498,0.005329201904728566,-0.05263577419460347,0.03042026259685681
4609,-0.007075659022907468,-0.10351771479010682,-0.04160473277616932,-0.040247621631428206,0.024995062957517123
4610,-0.000616834774331017,-0.23924306415268862,-0.1371483328717639,-0.021112086891268995,0.0038464862387142945
4611,0.018508331231915257,-0.08879217129755343,-0.05383989875401659,-0.042701214187065475,0.025778896955239383
4612,0.025623184943768234,-0.08720709132215203,-0.12478322467586692,-0.01596949226448174,0.01931741619743817
4613,0.014950452229431994,0.00828598750001767,0.012936015798299843,-0.02802297414009487,0.024339288794577103
4614,0.002647263524880529,-0.0762963774479944,-0.02262303119350598,-0.036710253762272604,0.04247428153247914
4615,0.00885919057593332,-0.1809075384886027,-0.14410081038199704,0.0008441274966484168,0.03042531500135566
4616,-0.015781173002793792,-0.05757287035660185,-0.10242436581755716,0.007499632805201766,0.02252019713405485
4617,0.03574701596234782,-0.09448554950176467,-0.14953131113962984,-0.06317244525745691,0.018983099920265027
4618,-0.0069441790833270995,-0.03696001836244621,-0.05067238848258586,-0.01609946601971356,0.04546429530304762
4619,0.027238388631210374,-0.12815124613406187,-0.06842505094562622,-0.04755385737240252,0.0012885036321459823
4620,0.016611787035284063,-0.04021206008940644,0.07911500589991849,-0.05592019435874859,0.0028800743659346795
4621,0.007382819805736736,-0.05007669481256718,-0.14344949073448005,-0.0071607951173058996,-0.013712145701660785
4622,-0.015911911415726076,-0.027911542405186902,-0.003304584027903039,-0.07437182154796726,0.008995810226344225
4623,-0.03828417122174742,-0.07622380200030984,-0.0131726815143887,0.00891456082090935,-0.023552462336105147
4624,-0.062411573695491745,-0.08725288143357708,-0.0009554843681537794,-0.008887559048866636,0.05452781764310704
4625,-0.06242022464176346,-8.630926608417642e-05,-0.12978839548930596,-0.027317447674402317,0.042521861461640914
4626,-0.06346689985900576,-0.0779704822279607,-0.01114164939266545,-0.0436770389508162,0.005254107956151704
4627,-0.06856667913892323,-0.15217672137073388,-0.11091924157113775,-0.009782575017558394,0.03402311301579742
4628,0.013678882784237305,-0.09193912965378119,-0.014418726193156334,-0.03221622800255133,0.01114161285924169
4629,0.01950275504309617,-0.09708470654268177,-0.14434399468627215,-0.02715001454688965,0.030558116919593037
4630,0.032780005996610746,-0.08802678252429237,0.01606203749778261,-0.05043086004371172,0.020689022573116604
4631,-0.005369493652344079,-0.11577578537425771,-0.05402503192004725,-0.03707971995840463,0.0448284664619828
4632,-0.0006361786347542493,-0.07367676433427213,-0.04983722581223633,0.00028669178780196277,0.05312124354428981
4633,-0.011918518309342797,-0.052268561115575256,-0.050256438592207145,-0.018547655433837466,0.0015645779222647738
4634,0.00967565831887784,-0.10764369051269888,-0.13021968528187292,-0.0004997011698532945,0.04989689136744432
4635,0.0043012816762162545,-0.09590821794991834,-0.12959379889634512,0.005296382275445198,-0.011950154246429416
4636,-0.015641180074316315,-0.09402380345967414,-0.14376494440941867,-0.04310610945588193,0.001500670907330022
4637,-0.004276244077172912,-0.025309985506392966,-0.1266559859729765,0.05436833679380597,-0.010123451624076496
4638,-0.006152288054620346,-0.11673271755685365,-0.15523608335247027,0.02670443191060099,0.029408770991876568
4639,0.015333936701737135,-0.10338119350762778,-0.07749232186882558,-0.06269249657427398,0.01153810912875066
4640,0.015939100631467404,-0.09398617768789397,-0.08674813475340445,-0.07400539971570662,0.01679595268477999
4641,0.00845073980634551,-0.08300752041793377,-0.04883451251103251,-0.015315059121003014,0.018136280888311082
4642,0.005094483964242591,-0.10729175054036533,-0.0574870393875115,-0.04560501928033174,0.05608540973418424
4643,0.0037219876122922936,-0.13271879844903123,0.026457666202383493,-0.031148162351209475,-0.015612056644274017
4644,0.03661119107359338,-0.03974948697184462,0.019933273465903237,0.005020172803075669,-0.00037633917927337853
4645,0.002921326509912517,0.09771283564687727,-0.13710499927096684,-0.014203081429999431,0.023249390105285934
4646,0.008375419282411395,0.09637067760341686,-0.12006321150027134,-0.005123782557920187,0.018498857767126824
4647,0.03410751292029113,-0.08288034296960901,-0.06217379438289404,-0.025676514349878582,0.01698120526256116
4648,-0.014469727877494667,0.01701742966854261,-0.1636397479640511,-0.03628211525124024,0.009133219025285208
4649,0.0017068635699474866,-0.05419770531899581,-0.09009422190813482,-0.005560719242244059,0.031653674847535035
4650,0.030091013035718445,-0.08239303982545695,-0.03417030072734588,-0.018009210561080177,-0.004131545968963696
4651,0.02417561097515243,-0.05469807607877367,-0.13531507160034295,-0.012255397256894436,0.03504906554228268
4652,-0.003926964343690627,-0.04299740755150585,0.01771008737845351,-0.02507397321027152,-0.0010995600729883483
4653,0.006506367558553614,-0.12252146931327136,-0.10062332701432147,-0.033051294951868884,0.05192117912466081
4654,-0.0234000659429141,-0.034674512998133095,-0.11106344755087372,-0.05690586794267821,0.031232705731929485
4655,-0.03466856676874378,-0.06372809793116503,-0.07664152865088047,-0.06849642520387857,0.04070635312873276
4656,0.0023373223369569543,-0.09634684012561451,-0.027663206494146268,-0.014450376036178375,0.0375097154312378
4657,0.01201521834801244,0.09133664863287475,-0.06150992640848283,-0.04040652750297039,0.03916503750903169
4658,0.011193363335457793,0.03653644045565846,-0.08448327797979126,-0.04077258017224419,0.05434393813827274
4659,-0.020526650176136665,-0.14316110088039588,0.07130331121654135,0.0013126039886877095,0.019721495684071406
4660,0.016187129396412394,-0.054474933385657155,0.10893235416605107,-0.04151448617458244,0.02276739415192149
4661,-0.0035348059634141057,-0.08350244282017112,0.29138158406150505,-0.030653330756082193,0.002188918290835401
4662,-0.002092045826392148,-0.1119095218552562,-0.29962768360567266,-0.0009357960485723492,0.07908879508025678
4663,-0.002377106019346595,-0.10413700781541181,0.08310353113692297,-0.03531446238206835,-0.010291511973501121
4664,-0.011466573593580422,-0.08591928699772221,0.03571837893938782,0.011854199008084657,0.025480375295589556
4665,0.036668239140835765,-0.10224848160590565,-0.0051475553916401195,-0.0643262970058194,0.0034617712274571237
4666,0.040813096539875644,-0.14102507349281174,-0.053352487938894536,-0.06474016866370594,0.009135319070826558
4667,0.0006683624964166464,-0.09059152135017084,-0.16415599158588173,-0.025838425097727494,0.01435245300931664
4668,-0.013884455699974296,-0.07471340479817722,-0.15865752485123308,-0.0394156330711425,0.032803584888791544
4669,-0.028786497813731663,-0.14129153265530267,-0.19430239931782617,-0.056705484071537124,0.03006771212826645
4670,0.012196765076166152,-0.0843517413118804,0.01950732926509505,-0.052064504924921935,0.01683792630260023
4671,0.008235094686058231,-0.0997641297571374,-0.05506382009161768,-0.08723643406877207,0.08175390793393139
4672,0.023032155964182635,-0.043529496934848325,-0.0673750733496871,-0.050405121443809243,0.018397633676317086
4673,0.002015947911165183,-0.16822649171295076,0.08872064195372795,-0.028133675026212914,0.040294812988419575
4674,0.019167295906330362,0.0687492380769971,-0.08676346873062332,-0.02167982598490773,0.07903255724096363
4675,-0.0019358817454014046,-0.11480912734034047,-0.05827105141809571,-0.061319647369918934,0.07419318513002683
4676,0.008900956351653942,-0.05912275225664075,-0.027386814192161345,0.03430451289287654,0.004584835347625606
4677,-0.00991405969265854,-0.11623535753957406,-0.03734562402581167,-0.07464283535426565,0.04503967234059641
4678,0.027615723761674708,-0.11620838038637041,0.02235611557141021,-0.06611517688992255,0.05150172677789421
4679,0.019984088931733986,-0.09695890692323031,-0.047877416655171236,-0.05497187588118025,0.06610003744941463
4680,-0.037323819236563055,-0.12761290049672067,-0.022824530543893218,-0.10629049964939256,-0.003920227541765135
4681,0.016575948145001775,-0.07946942149035269,-0.08388963753923721,-0.10979500801401625,0.033747838963174105
4682,-0.020662026439382218,-0.10928324127794055,-0.028469076769995043,-0.12839742620368313,0.012823069789110476
4683,0.0061644157278034455,-0.039273882468370644,-0.10352329642453087,-0.07868505338008802,0.0426760207881737
4684,0.0015727619113435575,-0.082810969193169,-0.0837830680549733,-0.08650784998745129,0.048516677464386225
4685,0.023211396493949044,-0.12054053093495996,-0.07218635941308282,-0.03052564466926423,-0.013038177638361792
4686,-0.012427215402839286,-0.07059586118389187,-0.029338033880674255,-0.005652047996987826,0.05265090492303188
4687,0.03228620216635332,-0.05547255096855586,-0.06775076347435215,-0.019314047698688552,0.007498607618995582
4688,0.0030480018614697795,-0.12436898249734671,-0.011980402419274463,-0.003072089842827934,-0.01635808605854905
4689,0.0011164426467771167,-0.10319119671811613,-0.016400220033785863,-0.04896190426255177,0.06215578849733167
4690,0.007176743446104668,-0.11366946387782008,-0.16926050716224456,-0.0023171804949501914,-0.007154072846778397
4691,-0.015268430336353417,-0.03174965161930909,-0.06931231163720625,-0.07485994009047361,0.038000969105962526
4692,0.014755551939239117,-0.103617206185183,0.06298966690359122,-0.0024226342104337307,0.017895444933954622
4693,0.0022328287649797524,-0.09881386821046506,-0.06717180955105692,-0.041948732941174176,0.003968159989361554
4694,0.004969852366508952,-0.153083086892724,-0.10023903260852113,-0.014342930122142111,0.012894905131704
4695,0.01674551436270171,-0.08311042242038034,0.029652596932051082,-0.020923804664554083,0.02091357953447917
4696,-0.006220486008436625,-0.10390419231632417,-0.04498322190558946,-0.035061117226229566,0.008840637325364668
4697,0.011685283361179036,-0.12921021294400706,-0.08119174879909614,-0.021557839840164784,0.0453868884991395
4698,0.022928041009807283,-0.08738798166750578,-0.07980487641754763,-0.03172058136392467,-0.023510258450477575
4699,-0.0034206487636007188,-0.17500598769889691,-0.07475490839178192,-0.017732227108418697,0.03469465371272605
4700,0.0029550701387357626,-0.11584258902515844,-0.03297093709317744,-0.0364593824307618,0.012468247170748606
4701,-0.021373475491320702,-0.09106332431863706,-0.13174075126748458,-0.03413188399085111,0.05231316397659477
4702,0.014111474632682478,-0.09142919776825824,-0.01599749680112586,-0.04332280612207802,0.04336009386484777
4703,0.0004252981009257854,-0.014729173173964516,0.07039676889038052,0.0012548292720041755,-0.004580576076372565
4704,0.007096906672535809,-0.144986249571782,-0.0372471924074403,-0.054915538690464095,0.027344426290946678
4705,-0.028209803415367597,-0.06645847186856561,-0.08803595229971853,-0.02271998237501024,0.014801280279695664
4706,0.02843301769394124,-0.07182237556244993,-0.1158849746904307,-0.04173284707700746,0.06513088040533704
4707,0.01168693213308961,-0.08867332945725653,-0.09880894615946871,-0.013194975390573595,0.04212866593304667
4708,0.03782204242053108,-0.09304632076007975,-0.038529527245156965,-0.023441052837070906,0.018665455038981454
4709,-0.052499584495898574,-0.11000906353858968,-0.06177024002719276,-0.078715599449686,-0.02065123590544887
4710,0.012803827919159566,-0.10199611663950103,-0.21202559865482787,0.033871598094382775,0.024618972471825967
4711,0.002409424271816079,-0.062129639938984155,-0.15939197153236823,0.01259758541830604,0.013210197904714043
4712,-0.027988284356526765,-0.08591518098862509,-0.10727082421472504,0.0059782640821537175,0.032924083728812614
4713,0.03184350650226375,-0.10643998349164879,0.036853941419679404,-0.018833987233606117,0.012967202470420765
4714,-0.0014825407741387805,-0.1138847597168843,-0.031633154706022314,-0.04200272164989688,0.03683160526002878
4715,0.017647215270677807,-0.1330004368355544,0.029482563702139735,-0.030614486267158177,-0.030654833866602275
4716,-0.016130201264581492,-0.028817201989832356,-0.1071642537853128,-0.04988806344804808,0.03846213369466193
4717,0.017424130618238103,-0.21359131889720862,-0.03503404449213204,0.014194102951299003,0.05829837399749721
4718,0.017310303111357957,-0.14087861116740114,0.005615096014672886,0.00563530196343295,0.0004931099161473938
4719,0.0026387156382565403,-0.10245352400338706,-0.036788653296456066,-0.06713694732408546,0.054329644626304
4720,0.012493519205678053,-0.1532750761009648,-0.07630258573014957,-0.022420164387607976,0.023162548479641804
4721,0.013988333097213151,-0.12577626125456576,-0.05324619639012914,0.00983889209805892,0.02412088705387367
4722,-0.01281393497387823,-0.30884636357139356,0.06046916505972463,-0.015545942598032205,-0.0043611929388303
4723,-0.0002327514135881514,-0.0422456652209019,-0.056172896945964945,-0.03616747374004076,0.06572913320316288
4724,0.01320442373963808,-0.12307547243919055,-0.08490563371228181,-0.016469346051063684,0.055594653300843504
4725,-0.021799709403702468,-0.026163818204935088,-0.02073216490089929,-0.03009531479832003,0.010009431177361965
4726,0.03579365037603646,-0.032317173424286694,-0.03958144457233626,-0.02078945951268799,0.011158030850666658
4727,-0.020903049374866735,-0.1371828330926198,0.02782648826643307,-0.023406226112808053,0.0283683002948298
4728,-0.017766342736245902,-0.11035528475787611,0.022496800529586008,-0.04850281226758569,0.0016372081798112792
4729,0.012699399657317423,-0.07336075927966583,-0.143766346985808,-0.0644030662164378,0.03965166681448306
4730,0.00048215860402556817,-0.12624526368346672,-0.01874113790105887,0.008732167286640839,-0.07520079376779118
4731,-0.015986709472776695,-0.09435313871447891,-0.05137504622550175,0.03667803752567899,-0.027564606306226265
4732,0.03209808813801253,-0.04245987408572181,-0.03629884299728697,0.07795704521392444,0.03901665414674759
4733,-0.023405402634490174,-0.09841356093879101,-0.11404651474714209,0.004669987230939846,0.007610394620553204
4734,-0.02267608680098582,-0.1866454662397223,-0.12107028649812593,0.0426204505759172,-0.029688064360484795
4735,0.030957275452075755,-0.14844561936416445,-0.011365932882104865,-0.06892999115328464,0.08402353402710895
4736,-0.013835410946516736,-0.03223346455610162,0.011115960600060905,-0.01650923494523316,-0.010259843798728645
4737,-0.008921063536267877,0.062365481427321456,-0.06546283652590229,-0.04539781066883592,0.04674380915419037
4738,-0.0048670624175861455,-0.0517878679863592,-0.12913380344978675,-0.042839107678041284,0.017288822138475476
4739,0.007906319101312686,-0.1575520770498027,-0.05357377180337408,-0.0045083804138044935,0.023417599390221044
4740,0.009404373373332716,-0.10199038951788993,-0.02469399005642431,-0.026817376822626655,0.004380165407793432
4741,0.030351119681941697,-0.1238313457034805,-0.10642211367841797,-0.03996430686680002,-0.031162890178685045
4742,0.0038607042478858715,-0.03710651714199163,-0.1345996115161187,-0.020953305611527032,0.058962895488012756
4743,0.02253620416163646,-0.09532185680911621,-0.048517747150835164,-0.03688614941034787,0.023242715925937848
4744,-0.012916190745954839,0.0336332292834262,0.09101003179744845,-0.021697719972783077,-0.018084442729190183
4745,0.022688413329257095,0.04538344835557969,0.04686088806159023,-0.025638160306757446,0.008141261355289447
4746,-0.0035351196095385314,-0.09490617190887873,-0.11451216897910756,-0.03297897647596506,0.02132967611300817
4747,0.004319366957771623,-0.11007075205625937,-0.03901520262832909,-0.02140236629354216,0.007551751673313434
4748,0.00507305823040163,-0.07178799832448847,-0.08381992173332496,-0.00231005692940765,0.010794894658770841
4749,-0.013520081057866527,-0.07181026237630198,-0.08559182805582331,-0.04039080590810773,0.0027671533468394383
4750,0.030336264162551762,-0.1517494348616251,-0.0030011537230492857,-0.02565328439891262,0.032665425443868315
4751,0.015355230092235966,-0.16274761835729895,0.023725666635623123,-0.03806167535074339,0.030015421378146757
4752,0.00615743170044621,-0.0783809953189657,-0.06613347188000593,-0.045536865018292356,-0.017897941103300924
4753,0.0011588450081920255,0.00610324105320394,-0.09812882867471509,-0.02890584137587811,0.002575804956079985
4754,0.015069302505942708,-0.1454499533901216,-0.04342441662231252,-0.015446213950131462,0.04038333444726485
4755,-0.01682663844276808,0.10783781551366985,-0.06608623696624424,-0.07036048637490039,-0.009766812598418682
4756,0.020984033486995176,0.032034732523587094,-0.20616498843295522,0.015318893763564524,0.046366501624247755
4757,-0.005545968107451754,-0.009922787880460996,-0.2023854210176849,-0.06805373655300222,-0.0003192816835949517
4758,0.01723013764674677,0.05566797093780279,-0.07483078074051791,0.029192204768854868,0.04264235514141507
4759,-0.02429051526958317,-0.13776407711527308,0.3156846106313918,-0.09192536937545896,0.05454866020138989
4760,0.026216961325217832,-0.0720497939309818,0.27699431047143885,-0.014720028797334948,-0.03666723242726024
4761,-0.011621773634040565,-0.06552489788558345,0.2515122801052998,-0.03352625258996924,0.033661883039282275
4762,0.048127267357516094,-0.06385973565749219,-0.10599075522580857,-0.039973639563746825,0.038553543523953404
4763,0.02254193635733559,-0.10250569881674945,-0.0452146685229457,-0.029147942561587925,0.012393881939884404
4764,-0.002051425240712728,-0.08799740002575988,-0.0015988581482816152,-0.030356277295292174,0.02649605176671227
4765,0.022673504663850118,-0.08177411782200694,-0.03545028772848917,-0.0067674407189560176,0.013412929728099082
4766,-0.0052019590838557365,-0.09369097698871026,-0.0708926210817233,-0.05960143640403683,0.01572830627280677
4767,0.014440480417674938,-0.09172971404573439,-0.16332954331175764,0.008240073049579012,0.018536243059840054
4768,0.005654531110685507,-0.0057780675792120685,0.09665719097154943,-0.030254101640897094,-0.05305790936439808
4769,-0.02240572149020783,-0.062298508565422434,0.03187889625532371,-0.04282019404706152,-0.013594907817293783
4770,0.002082325911886702,-0.04392117635177059,0.05976227131696406,-0.02527118027711594,0.020517694754757634
4771,0.025840592255902718,-0.07754022025345116,0.03673375972264931,-0.049968256454327994,0.004709827952739358
4772,-0.0032046542917498,-0.11417979221140562,-0.0906598195453252,-0.01784986057585508,0.03075686163385682
4773,0.07017789823537159,-0.07675297052351183,-0.16455139093719948,-0.03225194056069869,0.03210562210343615
4774,-0.0013026097061349293,-0.08814622796071524,-0.09812255277577472,-0.037143903974771034,-0.017825576259930028
4775,8.343755825798842e-06,-0.10210665599835969,-0.016828767808761684,-0.02922506310715053,0.02850491326342428
4776,0.004293102019468057,-0.11906867624426296,0.07472085323269358,0.03108261260070534,-0.006047174299809703
4777,-0.022427785390889715,-0.1536490697117879,-0.1242190241416214,0.00406538054167415,0.04105672030489356
4778,-0.03451046053542798,-0.10874663165357665,-0.09722017373841374,0.006754029616169779,0.02943913207062396
4779,-0.00878093483831358,-0.0723617256853024,0.0290439426059595,0.034179077384302196,0.009128862653519908
4780,0.040245596240116505,-0.11451916436401123,-0.1541227037763249,-0.06317336075036109,0.014416018427180885
4781,-0.04143402279978873,-0.10356092245422116,-0.0434180021788912,-0.0013500228261351334,0.028374676988959298
4782,0.058866688273869074,-0.023790270820647833,-0.0929720089647187,-0.03620517651957432,0.028240778454422574
4783,0.009026251747683463,-0.08804300213474148,0.013003474600659426,-0.0163046335509456,0.008352711130522111
4784,0.011821564152331026,-0.0808661181937065,0.00885041217156355,-0.014477730608029017,0.012711153747891047
4785,-0.016622779895894238,-0.0614020416675939,-0.07616856030997936,-0.042591944839747806,0.0036910436017936338
4786,0.036163526910416126,-0.16541507890256316,-0.03877286103949016,0.005962349829908092,0.04876777223450832
4787,0.0019086953894120455,-0.10099901229969337,-0.07978284315190758,-0.047318750482726414,-0.018845550632194265
4788,0.0049931195913176145,-0.08922239698672832,-0.1776021403003462,-0.012589254953999228,0.04330705517208798
4789,0.029119657677406627,0.08226869361802791,-0.010809102362320319,-0.017986104343550264,0.027137450778786744
4790,0.040658116086136176,0.13454245490568706,-0.012035761551282012,-0.030091839330644053,0.042570501747638996
4791,0.07949563811572323,-0.09477522143972321,-0.07533192554407114,-0.02245192542131219,-0.013387040817542264
4792,0.035180046269179525,-0.09899257190923744,-0.05024962893388438,0.01883454689500714,0.034779060601427235
4793,-0.019590796974403774,-0.03676737503916997,0.1760912352040483,-0.04632003530334229,-0.00013904471065984188
4794,0.009865760968023224,-0.17783268609089042,0.10591062131151671,-0.04376702287373518,0.010414573541254095
4795,0.007714874394729771,-0.06207852748237075,-0.29068332336827873,0.017425507218471244,0.024983007262795422
4796,0.0413567753455603,-0.14104621093886333,-0.31738969931684996,-0.02356278394970042,0.03177181514297363
4797,-0.007095099505031927,-0.045671535017621695,-0.12549854776719985,-0.008601100626855976,0.040378003466184545
4798,0.015015503312681831,-0.07579854559941698,-0.0943038968676801,-0.05543011144115975,0.033399077435694285
4799,0.013979321389068282,-0.10891604626000287,0.02917331917275869,-0.09938020907786771,0.016780395619243917
4800,0.03949720783179571,-0.06533709543323817,-0.05325753705874578,0.0026067579724578034,0.014736321395521584
4801,-0.007290263863641654,-0.1450595202884479,-0.03570305447722777,-0.015714775743866108,0.004061964338674509
4802,0.0336049332705934,-0.0724930269628428,-0.07986528746415991,-0.03177571025633786,0.011705848906867855
4803,0.031667773951936824,-0.11799911660562819,-0.05541272301707279,-0.022323805047207008,0.021222751654890976
4804,-0.024780890235791535,-0.17067124279628418,-0.09987618931610813,-0.01975221526529198,0.012972765653871334
4805,0.02556070606763823,-0.10068270945645542,-0.15886334127496196,-0.00528204065709876,0.013280503995494563
4806,-0.028689594387550914,-0.132834834102909,-0.022551142571877774,-0.033728096449216455,-0.0013990655965869481
4807,-0.013558747476880934,-0.04254977217909339,0.03311834463882754,-0.007462025340237044,0.04727856352696452
4808,0.011078202698240695,-0.1897266025718948,-0.06146679464898979,-0.03341426390780265,0.0008708833645537011
4809,0.0018156296526615912,-0.0587856627238292,-0.022669323722763268,-0.01924654069298265,0.005589880536649643
4810,0.02039201846936251,-0.10889171384468244,-0.035474158883674535,-0.030173422457202528,0.016048751355209254
4811,0.026455376528978808,-0.07261860834169122,0.07592089274860613,-0.04328129012647311,0.04752746299557298
4812,0.0218701616644006,-0.08204258406229571,-0.2234738218466893,-0.08243717808632982,0.018883000411267784
4813,-0.010686676736093524,-0.05494926945954281,0.044364281602843135,-0.009769216915069476,-0.02019897549771961
4814,0.038184861644360024,-0.27595409349606476,0.023497570711015957,-0.035948633583655853,0.053503983493665364
4815,0.03842772680308696,-0.28736701023917705,0.09699583006981695,0.005208430984096203,-0.008363819942730793
4816,-0.027347766704516326,-0.04426418308181497,-0.0004684767520498629,-0.05318157398066487,0.027722936328917258
4817,-0.013727076566029771,-0.09578343241911312,-0.002989558705063472,0.000963241068352807,0.043360426505783
4818,0.004901814165157123,-0.09349752966019534,-0.072440812929365,-0.019977634805746255,-0.019392663358445087
4819,0.026506959501693007,-0.14626037187806215,-0.061171440575131485,-0.030827394513105243,0.02527377149386305
4820,0.017377299601823108,-0.14920506243975712,0.03042018845145039,-0.02123739672230105,0.06415545976145154
4821,-0.024379050985161133,-0.0009930137558612506,-0.14344346797494614,-0.019183358157405864,0.013290876817502689
4822,0.030702549497682002,-0.06687878598260684,-0.10305478127232115,-0.039469035878836295,0.024456444191417376
4823,0.06002067145099837,-0.08911814994141454,-0.06850560722960296,-0.031771130025718165,-0.0020680793602327265
4824,-0.0024689115597308054,-0.09449735705824475,-0.05275110956590183,-0.036770316111886595,0.034670455789058675
4825,0.02779548657980705,-0.051150573332695015,-0.07946955046906662,-0.012536487096822943,0.0020595359756909464
4826,0.013278128032089755,-0.0481579237083969,-0.05655831504220663,-0.003841831875257425,0.005132509239108746
4827,0.019120134123452814,-0.06468298096249125,-0.10068064043472216,-0.05900060422349827,0.026900272162405224
4828,-0.02606749683107601,-0.0693581755344306,-0.12952404741515502,-0.00916149282165563,0.013468856096203078
4829,0.036324425119272516,-0.12676865880327304,-0.19518943520039073,-0.05911369449204107,0.012944066504392716
4830,0.001702247462566694,-0.09257466114353442,-0.15667354157918534,-0.0028985141574899257,0.034911539468154444
4831,0.03274134019852945,-0.05495851930587862,-0.21527265529245063,-0.04991747975295096,-0.002279181783527071
4832,-0.026463744695507472,-0.11228004785546015,-0.34106699760519793,-0.013055746363900207,0.042112835253368675
4833,-0.02709398185827413,-0.17430232469402093,-0.4366493839001953,-0.017358291147046997,0.05058369720928177
4834,0.022644622829136228,-0.13423535882835325,-0.1688534151972311,-0.04526956863147925,0.01574346807282532
4835,0.003411736604321512,-0.1346871975417896,-0.12375131493381147,-0.04731569510591947,0.04070628967898737
4836,0.012941751029910088,0.0045340316143993,0.018787022515517494,-0.005858275555847205,0.019828802643134854
4837,0.009623081594658729,-0.12164612280447706,-0.06775790072420115,-0.062027251727664594,-0.008108931602936924
4838,-0.01314495791817918,-0.02036709275087986,-0.03448092212606815,-0.004311822348945069,0.043125080495709144
4839,0.030645416955594165,-0.08035958524191805,0.06946120128274477,-0.05164132476872351,-0.015875387934621937
4840,-0.01726526670939957,-0.13624383624120995,-0.09717534023375972,0.0016516799545855752,0.02142937648675287
4841,0.03994310746218346,-0.08745811399304688,-0.1433742649272893,-0.058469302837590685,0.03022514779686175
4842,-0.021836570625440203,-0.11597602130624085,-0.05168920703137542,-0.0012655328523906602,0.011239311040802108
4843,-0.012697500413272719,-0.0954985756627079,-0.04686074883986128,-0.0004804304608794229,0.004695944084075215
4844,0.05406987984747034,-0.11854644819522213,-0.17478869174572256,-0.03929011945133185,0.015358028160871586
4845,-0.021262152041271454,-0.06103932027664295,0.0020385440244586467,-0.04424448134475613,-0.014521446460724766
4846,-0.0026685893519870206,-0.13619342846241583,0.23045143076723637,-0.01609925208829912,0.06375361927379658
4847,0.016999146367867257,-0.07361451662749438,0.31207008426454824,-0.026207939346053644,-0.017238622516498936
4848,-0.023952463607078943,-0.14960467129863778,0.1927445498371745,-0.038877473885254386,0.04268865309019958
4849,-0.009875681062866896,-0.1594577816585322,0.11073588958184098,-0.06907049614641342,0.01899680905955926
4850,-0.016222299088586096,-0.17783199184724618,0.071240572809337,-0.0705057743153358,0.03191632935017539
4851,-0.007971922143377145,-0.1934459919828392,0.0309218001171487,-0.061362516602908944,0.03294485716681282
4852,0.013927441530707805,-0.11616441510539484,-0.06385998547236683,-0.036734478155423314,0.015299237709732006
4853,0.012283453558706848,-0.043523512621543366,-0.03091777185651162,-0.03421149101284505,-0.013669517755864368
4854,0.010404322894515724,-0.15772163692405433,-0.0791239658946916,-0.046153450263086516,0.05450367338201595
4855,-0.012811589500816905,-0.07460517984848279,-0.01803430617822591,-0.009688788082836153,-0.015075448684366582
4856,0.009420159244835812,-0.1905059586913699,-0.05332016251334832,-0.04328490495363241,0.03683747596877891
4857,-0.0016515209034851219,-0.1579106876891839,-0.10314205474160243,-0.043932526316210085,0.03438222694352167
4858,0.014235341959990265,-0.19229851567067666,-0.037006199389142874,-0.0274492204979957,0.03554287512080601
4859,0.01687457204162945,-0.10954950967476469,-0.053225589960675376,-0.07516996053098211,-0.004521942738969121
4860,-0.013506780868253188,-0.08216708243229555,0.057805291238540425,0.00491060980688721,0.04522936873491579
4861,-0.009468224533321502,-0.061597096605172645,0.006442068738159311,0.0003816692474970324,0.03517760531722178
4862,0.028703701168749735,-0.039772880637756865,-0.08498087665085467,-0.034247307962955775,0.02058669090280531
4863,0.0027003018553123674,-0.13332274138383454,-0.01384700337264362,-0.01225441558835554,0.009197359679600574
4864,0.01230441822621061,-0.1191275110826114,-0.033364221304837634,0.017455017373273662,-0.00494419616825457
4865,0.02079024230145278,-0.12026139114228164,-0.037556337462551534,-0.020645985295518508,-0.0360691086376919
4866,-0.004460581492630445,-0.16102779812385903,-0.10394746781629338,-0.024834036183225734,0.026615308420540596
4867,0.008197775958048308,-0.10875473120908224,-0.01884356179944621,-0.018722259489145604,0.019520022007504537
4868,0.024711702009512372,-0.11656112543127299,-0.06625270666465913,-0.014101010700365488,0.06290393781444817
4869,-0.0095418383363482,-0.1188993100179568,-0.17400119114998894,-0.017952200693528108,0.0032740623141965606
4870,0.04520425864488174,-0.08491698777973854,-0.02755186895602826,0.0019139204005692461,0.06050810682520756
4871,-0.006166254222401638,-0.1970210059929482,-0.025874196565223034,0.04565756712080089,0.007321270155144704
4872,-0.010611674798327031,-0.1516596390344216,-0.057629199726678314,0.027597710657907063,0.00649133879781089
4873,0.018152435954375188,-0.06412005910126964,0.014837157823774146,-0.04086413012541761,0.04340415238418598
4874,-0.0007202206977575276,-0.11410542967870166,0.007159372498036089,0.00029948231608111186,0.01009605095941985
4875,0.021750048700289994,-0.09230590945891655,-0.14416867724506552,0.012635066801822059,0.038881593581633546
4876,0.004152633333755034,-0.05454136873440334,-0.12499166056496142,0.023427451106228164,0.027644754597601805
4877,0.0065508604659593045,-0.06833349135716187,-0.26083134615151843,0.031705159020149136,0.038143844816874155
4878,0.030926424260168284,-0.09099064801231663,-0.02790215339682579,0.017571009194595356,0.013983113539834412
4879,0.03494109868341688,-0.09135116507642137,-0.10480917847881276,-0.026662703696361287,0.0009112961148965698
4880,0.059538786569179596,-0.1368412258898529,0.04608402344938669,-0.09423099796746293,0.021776022279687123
4881,-0.043498254999861624,-0.12967868441261657,-0.10189782993530488,0.004677127065536312,0.02154192288452691
4882,0.01724945001486504,-0.03399529988000874,-0.06833395516066602,-0.04328493271503454,0.0068156624126751155
4883,0.014166919089773945,-0.10328248430711356,0.010439195060352837,-0.0434667357279177,0.03183801794214121
4884,0.009210876822906718,-0.08022697645061927,-0.1076523563095377,-0.043483001588442725,-0.0003746007200541114
4885,0.020739458124256368,-0.14844212193523346,-0.09850209005392131,-0.020337119404665534,0.03365715525788754
4886,-0.018338103635142135,-0.07865304197038288,-0.08125016940650676,-0.02347491256481478,-0.0034512611572776173
4887,-0.023318975694817962,-0.12750388468175414,-0.10585928906897962,-0.027524454598428377,-0.0050071469598092985
4888,-0.007550046767028003,-0.10678028968760697,-0.037731308576918914,-0.023304388825593426,0.026297500510995404
4889,0.02743392453847424,-0.15207480072287521,-0.04907142672320999,-0.02414049953107851,0.023702123182112362
4890,0.017302963387091534,-0.056517748056893836,0.06675829448143918,-0.044563815759391764,0.021061513410800557
4891,-0.0023609210305957653,-0.09390833131592538,-0.12622321785580753,0.0034608651299395644,0.0017409254555773533
4892,0.04086223187819185,-0.04816505009356187,-0.09593516499860967,-0.028160504172223585,0.042244802168658106
4893,0.010253180992138674,-0.11004143807228332,-0.022253415330767,-0.01721479987745563,0.02507050848541826
4894,0.0012558648373534322,-0.03153702379588506,-0.02017852026644249,-0.030027867976388713,-0.002962511672484348
4895,-0.010623525604714442,-0.07285858931851681,-0.11734977276293616,-0.01989513110375106,0.04471165556768909
4896,0.008725841533366753,-0.1580044135620265,0.01962925290455937,-0.020435009605008197,0.03566115074903817
4897,0.03475876718942051,-0.02343280572288025,-0.22100797198752073,-0.020945904713386556,-0.0045478531336
4898,0.03283893258955256,-0.10619043289852372,-0.23707574858022895,-0.017484006595607223,0.019193462001637393
4899,0.0142958042708253,-0.09124038660314285,0.21264788429923895,-0.021232836818247357,0.02947905932579481
4900,0.0008514594847487263,-0.034182494861969566,-0.07902567837509007,-0.05725429914605993,0.04266062972296843
4901,0.02768077636175446,-0.05537652791389702,-0.10494906459062509,0.00048155385427597354,-0.0010268710230382793
4902,-0.0011574447745194962,-0.1546440390109865,-0.1436823774443271,-0.026052889008056156,0.030259842964844623
4903,0.0006261041044318392,-0.03815439594019142,-0.1099242166621684,-0.03092131487188722,-0.006245487541781427
4904,0.005679246862239677,-0.036768092024682356,-0.04806358314677347,-0.00796125681715966,0.04048108738883694
4905,0.0005462263832456214,-0.04583541051095216,-0.057005104947534004,-0.06676168555511701,0.04102834703087857
4906,0.008691436123044235,-0.10719824360126584,-0.03233553046732116,0.02885996275089778,0.015623804670201153
4907,0.032792929028161985,-0.04307025934157899,-0.04770168510112843,-0.08065466359859005,0.02564193519380983
4908,-0.019210774513900932,-0.06749535891890948,-0.0327628269307386,-0.017526132118809552,0.0198794912387726
4909,0.01240297425480406,-0.0675357804709442,-0.08987701535334273,-0.03693132398640189,0.01085921082913903
4910,0.040211226155160734,-0.12909826608536756,-0.2058920643571986,-0.013609586937275995,0.03228808369218314
4911,-0.024289997438585773,-0.0863606413722166,-0.06418422753794935,-0.04286142847067685,0.004332595439423252
4912,0.01409315199117381,-0.05706643318279503,-0.05657064156325969,-0.00491849352563565,0.02788300473800626
4913,-0.016820190852555872,-0.039804947766338236,-0.11903357211073219,-0.09876557440556437,0.010470255068316276
4914,-0.011778918686389785,-0.1093755020310301,-0.04119001271973955,0.0019504249893292412,0.052457473347598975
4915,0.03363830565345103,-0.18126889840944552,-0.0330735002285149,-0.0498568108771544,0.011100368032061901
4916,-0.017001734277888376,-0.0765620838119794,-0.006397526268533154,-0.0036019877030230275,0.04752055084591095
4917,0.07354877892433534,-0.13094423378981862,-0.026033571924590333,-0.0435751092387223,0.03248410894761364
4918,-0.02073490644627677,-0.08789485894374145,-0.07346532922477518,-0.001803848758775525,0.017052328948083294
4919,0.013291950473887341,-0.0380481622106792,0.01332777477167689,-0.03875005728642659,0.02403620720229468
4920,-0.001135682466754856,-0.07731354036877494,-0.21055978910182716,0.03910186285976722,0.014771458663038552
4921,0.00807626205788469,-0.17033356405578048,-0.11769614311337978,0.00958324339975975,0.056577433459659085
4922,-0.010822798437553191,-0.06267392894003915,-0.06442009691833576,-0.0398305208811167,0.005806477835876834
4923,0.06430705131805822,0.010099471719769666,0.03678136612195691,-0.03726485289713208,-0.015718443595296
4924,-0.033743568491812925,-0.10481293152043773,-0.10343937855014593,-0.01001190583797829,0.036754726049549886
4925,-0.04404354803176826,-0.10093326679456888,0.044876467040401234,-0.03289768038944967,0.05055251436037586
4926,-0.011787968807398113,-0.12926301433023643,-0.004436633979676087,-0.0017349172391730127,0.07835832635233092
4927,0.00015664323845211565,-0.07454701927219,0.1203385235761335,-0.03841906580676841,0.051918255303915355
4928,-0.008085167412314355,-0.17548035181000926,0.1618796146399108,-0.022013583192173874,0.019397952604794887
4929,0.027695096587330607,-0.055169718072743866,-0.12196186625745906,-0.02307730282469783,0.01312133642490612
4930,0.03841249215008041,-0.06782984026738074,-0.11824002914722745,-0.02528551125457164,0.0242151087618367
4931,0.013017508454388742,-0.07423270800102993,-0.09550915114496418,-0.023426692278616015,0.02315565762817912
4932,0.004207976709223136,-0.06425743097578555,-0.035464884690827765,-0.044994928368745225,0.057907203234496316
4933,0.018305515648937433,-0.10749421721024317,-0.1255139843828829,-0.012742755870983924,0.007915115827936033
4934,-0.012702205659392663,-0.10006349296121765,-0.1696249997912838,-0.012990828905428893,0.04453154283486503
4935,0.031171645285201457,-0.1119156565406956,-0.024880111632428075,0.07089743111457965,-0.005295351954699505
4936,0.014314829099177312,-0.17447282476583723,0.01981572687827628,0.06587650700236984,0.03150130846621603
4937,-0.007758710713290818,-0.08080363400693333,-0.05076434766336147,-0.07092952450312559,-0.0013906993996316405
4938,0.005963799260756379,-0.07902842003774575,-0.025834093026770148,-0.020011020901877525,0.023574655160539665
4939,-0.01941372225034576,-0.08200343102737345,-0.20294720928804985,-0.013670566845044436,0.036073254391713515
4940,-0.04558654301615458,-0.07704217314851128,-0.14604623901333957,0.024756026008587957,0.03653550728168614
4941,0.031097667615365983,-0.1766820700975242,0.03436524076460357,0.0381981824536103,-0.028182875897741974
4942,-0.019382137236639115,-0.07999905237883254,-0.033669391404500815,-0.04566540227525465,0.01195847357968909
4943,0.03671782809638591,-0.06912315127044688,-0.05070205931108668,-0.012451956055507474,-0.008071632961969439
4944,0.0428956699793781,-0.08028832566387564,-0.05187961533660055,-0.018811318991883846,-0.014814245942882278
4945,0.020175508225518505,-0.157869694565427,-0.033433282356821824,-0.08767080048361028,0.04542281421360455
4946,0.02959795168245484,-0.14819313669663395,-0.07855880046491596,-0.06414538372799583,0.03573996771099592
4947,0.005096184530060515,0.006742563518208556,-0.10904972490604264,0.009535314751884481,0.02662037051512896
4948,0.0068307928155766275,0.07509470604565516,-0.1147605265707889,-0.011574734318865406,0.05444027329926549
4949,0.026094061070211307,-0.1293893960967528,-0.1474072863095286,-0.033278753241529214,0.007264065775265871
4950,-0.01889609873187938,-0.09933458952173475,-0.04190460281274687,-0.029816136120140002,0.0031628156797464174
4951,0.033990948640758564,0.10652074882780684,-0.10512088480435645,-0.023144663324743964,0.03464710274960737
4952,-0.020140654337612925,-0.024456188654322655,-0.05765854970585849,-0.034736017991027233,-0.004308530067158966
4953,0.02216968759138472,-0.09789235793646178,-0.014931318174913246,-0.017607412415335758,0.037987909969997416
4954,-0.018882973687771518,-0.16639752167655442,-0.056494785377262303,-0.021650415294512882,0.05684646714622171
4955,0.03405285004969708,-0.12196260586110778,-0.12834969634498283,-0.027521383551446538,0.019557142605113417
4956,-0.012048017304951138,-0.052208423167016904,-0.13348189326225107,-0.027966732457087414,0.017929920474067898
4957,0.05745664361979835,-0.058990399031238,-0.08153263614782136,-0.0466616458324277,0.023573209942776806
4958,-0.028347810627588708,-0.062475473656367825,-0.04205678101612387,-0.014701177164201364,0.04159528911177223
4959,0.007990096924497151,-0.1157848405765672,-0.016815866263642443,-0.0312250214654416,-0.0007611648188102942
4960,0.00941500529223547,-0.09545103723114783,-0.03971403870174058,-0.03013119818362706,-0.0016556384734723068
4961,-0.011741200854077998,-0.08008050952132091,-0.04242621826133519,0.009586026723988512,0.02015859895691795
4962,0.03389386431623399,-0.05769215543356156,-0.010652818354716952,-0.06450434072526835,0.040017218216440414
4963,-0.021863280823147563,-0.06902461776087297,0.004646775929333527,0.003240525950112141,0.002130656782988829
4964,0.013954671720409798,-0.11859362735760101,0.09740054633272689,-0.05381795785736431,0.05788946536170993
4965,-0.009798630768294764,-0.0732597422916245,-0.05107016386914589,0.06095833128742477,0.017809751311521467
4966,-0.007991613531039455,-0.11724186809178776,-0.02914650960423072,-0.002393813271592785,0.0034804861510475066
4967,0.026058968942074948,-0.060657338668908475,-0.1260611349410957,6.862159979180659e-05,0.005294205241642133
4968,-0.024640514024408307,-0.13946945085426243,-0.13886435453128235,-0.04671284299827972,0.041485344186412094
4969,0.01394185622842068,-0.12878421138066,0.023589480591823975,0.011724994868014264,0.021646284929612326
4970,0.02607419774196144,-0.05481285845702018,-0.12450403188375776,-0.023497992982987066,0.006297976059877157
4971,-0.0004975561309020428,-0.16918437340498982,-0.14740573745284838,-0.05137700606016899,0.02919997749678306
4972,0.019495329661964766,-0.11881009419176518,-0.04739189407956519,-0.05273753001756269,0.0032993654024317093
4973,0.010869053713301196,-0.05468991389710202,-0.09478763229647308,-0.037580582908576805,0.02927912769508881
4974,-0.006671804480161073,-0.1507609575573714,-0.03479732896858746,-0.08666676091672428,0.039849198654347606
4975,0.046140441654678566,-0.17724317032662978,-0.1265946738910951,-0.08498656852144675,0.047040865392833565
4976,-0.00787536168859711,-0.14115718157942816,-0.023555608355032027,0.04217298188582048,0.004535785397568466
4977,0.019592268927926034,-0.07068292637791197,-0.06209358243062916,-0.017596648283214427,0.03064675664820716
4978,0.002460731945085287,-0.12548396028520709,-0.07330992005717715,0.017635529303736613,0.01237860379080498
4979,0.008574342758370369,-0.13677686877270262,-0.07431325389164184,-0.017923459969055755,0.006057028540378324
4980,0.011536991967814294,-0.025810050415744017,0.09627056464300354,0.03285660089140604,0.04650443974373823
4981,0.004459912150152164,-0.13983093600778493,-0.02524080771613446,-0.026302824954344006,0.0009014387214080187
4982,0.011870636092337586,-0.0299657231721216,-0.02952325531761,-0.01727029414979436,0.026287215043492775
4983,0.0030994389663033745,-0.06925506738125595,-0.04394492576884242,-0.04645898902059864,0.03035756286303411
4984,-0.03063848402086627,-0.18022319422440292,-0.002441471951048079,-0.028840831029850304,0.018053820437937997
4985,0.03465065235665982,-0.04842604722872317,-0.11233872233696811,-0.0408669978730458,0.04434828212053664
4986,0.06648546007505635,-0.058365575819014914,-0.018120623920097174,-0.05321442363609742,0.048339000392058934
4987,-0.031739372988061426,-0.12170970200232549,-0.056083998961974024,-0.009500032122499067,0.0321769856037567
4988,0.04277609926660214,-0.11324914170198355,-0.10081129821194126,-0.0219493392216151,0.006570566648523664
4989,-0.012147002340918821,-0.08275254423650984,-0.058087739962090594,-0.014609103405643429,0.04804219650509864
4990,-0.005660039695317701,-0.11023716033250872,0.009933245408513794,-0.012515215847839285,-0.0005723441704184272
4991,0.01636022216819569,-0.03575773757786639,-0.020530345022877556,-0.04330106807521093,0.025816549683069394
4992,-0.01011002806216975,-0.07870560121654668,-0.1918852435145511,-0.00942981110082603,-0.004286982203437011
4993,-0.002181300920763343,-0.0345585653695399,-0.020237977125368657,-0.06356171838789032,-0.001230841875416126
4994,0.04462682937828105,-0.07906348076315316,-0.1487083807791526,0.016290259056603324,0.0366309988604067
4995,-0.05727470118525443,-0.04844662252801922,-0.004350898574567335,-0.015340171992399787,0.06149825392406986
4996,-0.04960019960873747,-0.07657690798095308,-0.022481327527579562,-0.04166576962132916,0.01416713726193327
4997,-0.056077880305463255,-0.12539549760329416,-0.05797090910680654,-0.02615447201980173,0.0028871241507150316
4998,-0.07421807564173245,-0.06986225335945352,-0.021999653804853646,-0.05010078370870771,0.04698723316731306
4999,-0.020773697620688588,-0.10984359954048244,0.08439195866596459,-0.018382485457926315,0.000663341568855742
5000,0.024576640627248562,-0.08305160897304827,-0.03053268784905941,-0.05671796380178862,0.04922556515198272
5001,-0.011469525265444645,-0.09593605399776921,-0.055871443148196046,-0.027333740896729734,0.018474638363999162
5002,-0.04811257321750072,-0.17641424901334019,-0.05045554106928408,-0.07301599132771389,0.03146346299052873
5003,-0.04813279809155262,-0.167035803247865,-0.05759833654030484,-0.06901123182970319,0.02284531807310088
5004,-0.04177989852659157,-0.1614697793090109,-0.12271401245327081,-0.04425533780464979,0.03131993627670454
5005,0.022049061605893577,-0.16844887340430717,-0.08304102532039552,-0.022221672862253378,-0.00012877553840546743
5006,-0.012358543900408359,-0.10339595933763389,-0.05464392644348302,-0.031192577693144437,0.04083733406836683
5007,0.028384932061902794,-0.09902110337978236,-0.004540082206117303,0.01297745386184181,-0.018962472803824362
5008,-0.024115742400156105,-0.20660282707433422,-0.02231344839976571,-0.05244832932087952,0.05221614045867913
5009,0.03935623137687282,-0.16924258400972478,0.0022660431369426917,-0.02899543297054001,0.009223997097113546
5010,0.00022818792944849387,-0.024076324091033125,-0.06961638267266874,-0.007373324827152667,-0.012051890423034511
5011,-0.027400547059305842,-0.058484871705828716,-0.021844774372192212,-0.01870544555941622,0.06386237227596302
5012,-0.007927114466435771,0.029690475891314207,-0.07033471385930472,-0.026593157674192115,-0.00682401261135701
5013,-0.017426848796964045,-0.09975811214875965,-0.031385699665918275,-0.025460026031242828,0.040021773052127486
5014,0.04603105673136125,-0.22087603767188063,-0.11519683060117174,-0.0247369654204583,-0.0004370881015504401
5015,0.02431078049563637,-0.09982613990796374,-0.017781304186338116,-0.07369781193817648,0.021095139875050257
5016,0.002693850904309945,-0.08684496316056305,0.005595048979653671,0.01783931564034819,0.029016932256828463
5017,-0.041892160596399886,-0.13409152674166336,-0.10579800912324606,-0.022639258889406176,0.00946056200290218
5018,0.054460540406355916,-0.08746475845654286,-0.08920055080673586,-0.06466270095802362,0.02040115764775353
5019,0.017866433473862305,-0.06286125323279629,-0.001079497596194376,-0.0395053689628834,0.0456695874629525
5020,0.010130594257515635,-0.06623980642282716,-0.08985259817033417,-0.04589706953774625,0.027188380073460198
5021,0.0031833627877835345,-0.030552873963897973,-0.0875393377822169,-0.0303660194143397,0.014545390394832308
5022,2.5928466959512012e-05,-0.06924353397605108,-0.04073896800932319,2.661807843986156e-05,0.02000287517211421
5023,0.0025109089732156397,-0.046378970659764936,-0.10401275824267198,-0.05284732246903471,-0.009897935902175968
5024,0.0016858831586728117,-0.05364011817565736,-0.18480527864623342,-0.05730424662974002,-0.0013263061225512992
5025,0.012852377391811836,-0.042355540627892055,-0.04031196591286652,-0.008343992824424103,0.024673183529512
5026,-0.0017339509044969209,-0.1317058047085167,-0.1516655389345651,-0.05943815245630988,0.022689213960268968
5027,0.028343789651286148,-0.08916391553246794,-0.3574534402421207,-0.015108104045579442,-0.015057960109402082
5028,-0.02615784239268564,-0.1345094321380247,0.01117900411532968,-0.0014492638523550998,0.019345223269032104
5029,0.031113340178556152,-0.11421934453078585,-0.10003436208465208,-0.06569496808688094,-0.022752297830296097
5030,0.0064358677749731035,-0.0687595858673539,0.01868354683119364,-0.05639490818111285,-0.026016418602960046
5031,0.014040152900359896,-0.20920149730494,-0.10810105405733993,-0.02773913922497359,0.04873340252231071
5032,0.004478469254670901,-0.22836636666742036,0.05292644471400261,0.030902342847576324,0.009618925116716996
5033,0.006271660441634109,-0.01888752413431468,0.02307130980716493,-0.04850914903411244,0.04263905169435676
5034,0.0005084864157092648,-0.16267647105404057,0.01787483817313065,-0.007631232907551046,0.02502336269695246
5035,-0.00720080490430392,-0.08622253055741777,0.12418577686187283,-0.04969623672303645,0.0032969135215570006
5036,0.008261558879865979,-0.09581695324144986,-0.015787289789372317,0.07621628059601657,0.0033339629775134805
5037,-0.0010089751365081792,-0.10478514044720288,-0.04833891451209682,0.010650029413149343,0.039915326888332034
5038,-0.008296618244137017,-0.0922612105098446,-0.01176085399658506,0.05682914619587006,0.019223613125741907
5039,0.010131331489950728,-0.1354904493989105,-0.17766281352471297,-0.0695265593503272,-0.006635980943935225
5040,0.017616396852053007,-0.0799000170580092,-0.08243950958169513,0.04569189039679755,0.05946355638130558
5041,-0.00076598264521483,-0.10204022973171545,-0.0012982082887125028,0.024579549089954023,0.09130611306756997
5042,0.005407987170164759,-0.04239910898316568,-0.1386023195213501,-0.06438940267339134,0.05112555482282885
5043,0.012698195762462717,-0.04658472880612042,-0.11221908243649986,-0.0604572676069285,0.04502653059841711
5044,0.07276808580103084,-0.1523944860562985,-0.14787980535589249,-0.07269344851933184,0.0552390207489315
5045,0.054261420032094436,-0.09423343114193403,-0.03289162332668736,-0.03860118362569408,0.012736793660065434
5046,-0.021299864952203394,-0.008596156547035317,-0.1095645720563665,-0.04182641318574283,0.034909392539067635
5047,-0.007198075185035884,-0.033612305640691,0.003100827360075817,-0.016105224896683496,-0.0011645512139676307
5048,-0.02254146422044037,-0.10865880977964627,-0.07093280076752065,-0.007437727161979792,0.05220076490395241
5049,0.022376258862256578,0.041026761057426614,-0.02766194619664679,-0.034052648572046,-0.017103490515484997
5050,-0.003953446605290274,-0.12548344650333054,-0.08998030137239596,-0.009969107756809516,-0.02180397591902047
5051,0.005651056162755229,-0.09986127075901156,-0.011125848439074574,0.04270712967434791,0.07055125464486652
5052,0.007262309339140011,-0.10982004231556441,-0.19328189747463412,-0.06781870794855943,0.0339180579825587
5053,-0.009433344446236438,-0.10574756112207026,0.03500882897536184,-0.020445821491070264,0.032529893647073434
5054,0.019150038094443912,-0.1415154684689384,-0.15352683312742094,-0.07344367569233272,0.07707694784016204
5055,-0.00812884584652485,-0.12171971263011579,-0.021467909689204173,-0.009059990792516794,-0.03704695735828862
5056,0.022007725235914984,-0.08871186740761108,0.022539719607938297,-0.0400177186221374,0.06600539446968127
5057,0.003653135739226881,-0.03806512209275832,-0.06815342404637317,0.003066239225414516,-0.032878659031247946
5058,0.01775060494014187,-0.12137859438144977,-0.00548360454891159,-0.005582324396709001,-0.007732380956512074
5059,-0.009079632566382787,-0.087590960824631,-0.10769785485915877,0.01970593749615865,0.013903207518984391
5060,0.014325712492502106,-0.15395145846132918,0.07658242549737856,-0.07540295287873576,0.03197544833153837
5061,0.005384055695531999,-0.01176621286355123,-0.03153045637813569,-0.024301811143852554,0.04726864919822055
5062,-0.010320614157497292,-0.09641301696797391,-0.07509555517332181,-0.019974360016696387,0.053250780899453044
5063,-0.02327236235793239,-0.08030376381159636,0.08765205046635778,-0.06187877334278646,0.055242604147272965
5064,0.03547020573490884,-0.10271509649260682,0.04421994068666684,-0.04781127161052184,-0.006355699920333836
5065,-0.025017526907465535,-0.05956858044000277,-0.15179573313470152,-0.02860871702756849,0.021366383340967514
5066,0.03650221147363606,-0.13746352384460658,0.1302867198930712,-0.043426263054999456,0.0023162982409037094
5067,0.07710183613099729,-0.08985699267874905,0.0929227844928786,-0.03143192795983921,0.04953324757911853
5068,0.07747364108234552,-0.14359363452201446,-0.15512412447417318,-0.02883746623598734,0.02063648825719945
5069,-0.013046688783864582,-0.07098331408018879,0.01069894082991456,-0.05764701102484402,0.011698802227297963
5070,0.026599852589303807,-0.12859633446974492,-0.10140113207051939,-0.007612240005264939,0.003919061861586624
5071,0.01931673623037375,-0.07395732017089672,-0.04676266826822261,-0.014685015726461362,0.03335704777961326
5072,0.002080786831262921,-0.10089775355682987,-0.025529616119315923,-0.015394314895808564,0.020208659217138315
5073,0.01514018736519117,-0.10779260966258736,-0.10642500016035246,-0.003565790480327924,0.010346812083927678
5074,0.014897554343910989,-0.0649995620088457,-0.035124145762774645,0.0007529550107401344,-0.00021185128666379292
5075,0.017951039281669585,-0.12108845920296073,0.057314722624611736,-0.04108187294937724,0.010273023282684705
5076,0.012769225792368654,-0.07636990402011808,-0.05530787490214387,-0.03615145624170536,0.0011217604775312004
5077,0.007955755157687707,0.024730064742048117,-0.15313711163180171,-0.019169887124917517,0.03341838711518954
5078,-0.038330231358614415,-0.030612427412016717,-0.014595509615924773,-0.019473265857519104,0.005431245386411193
5079,0.05453311017583355,-0.04432909511893682,0.0898760121491924,-0.02462656646244201,0.05718945408424575
5080,0.0412810733637939,-0.04548435406285943,-0.0591569658630502,-0.05068189496192785,-0.028662019485613643
5081,-0.01131933815075813,-0.12894954019042806,-0.10133776917296698,-0.02748101683156089,-0.004081465422821
5082,-0.006838266030810128,-0.10760828425444584,-0.09697187612968292,-0.018944568820440336,0.03890701763072038
5083,-4.750085783207998e-05,-0.039786522814187215,-0.032618525912960494,-0.0334470119025289,-0.008169998041965571
5084,0.014247956054701593,-0.101176736618976,0.1940745492442387,-0.012308263016739297,0.028595686510939425
5085,-0.0021258573281228536,-0.2016024511866027,-0.03199551066469931,-0.019253282204291816,-0.022545482464624712
5086,-0.027461389915436396,-0.09847980530578958,-0.050669859876916794,-0.01937813819841148,0.028316267887154762
5087,0.031072144078798932,-0.039314088120472365,0.00695481142848782,-0.033285022709276725,0.043054471102829686
5088,-0.0025804295453389888,-0.07619940938389133,-0.09748204604928656,-0.07004838764907727,0.011020145740928933
5089,0.013277251551610377,0.12125801785755197,-0.036024246848047024,0.022365031837005923,-0.036690663534690623
5090,0.02047765825388804,-0.09411726708205678,-0.06111787726148583,-0.08069528905947052,0.04574244728006593
5091,0.002134178280677975,-0.09831481593111979,0.401137956989902,-0.016241891251131516,-0.015490664454758501
5092,-0.022345610713337828,-0.1212585418911072,0.12772177254120828,-0.01451213865603274,-0.004556250356452296
5093,0.0024417040275249713,-0.04844007633992164,-0.11712375913315032,-0.04504771601998739,0.026746484856143143
5094,0.029425628797758716,-0.10337957944727297,-0.09505626445461061,-0.0283157138117988,0.020281204571774798
5095,-0.008779750861182758,-0.06484481510087181,-0.007900533895706123,-0.027312900129915246,-0.019978231106317107
5096,-0.008733417035245846,-0.09072250577417802,-0.0794525391907243,-0.04539768341639441,0.0019972401047562457
5097,0.024350731045863463,-0.21141467221935853,-0.0491611195656967,-0.01316785131365055,0.012577771595914593
5098,-0.006537521388561087,-0.12610785914567427,-0.048349644542638,-0.029046437675580072,-0.00970294566030923
5099,0.012829423322222134,-0.043754399786137495,-0.1159776050730009,-0.04642822745968858,0.01572483287557599
5100,0.0054433845730950505,-0.1568031738974354,-0.029754433232658004,-0.0058266222427042465,-0.0007131060904272929
5101,-0.0005480296900595078,-0.04257032204595931,-0.013293519410085995,-0.03638991716569659,0.052252731813925056
5102,0.03452041702392059,-0.0913620051758812,-0.04702017307866324,-0.005264467242128857,-0.005353858157955814
5103,0.005528011479859315,-0.06450588103403859,-0.173161728153139,-0.043055071019663674,0.01920249751766387
5104,0.020279385294895404,-0.08043401439633577,-0.04513174299589136,-0.031653973722224116,0.03096808545890894
5105,0.013312038872772866,-0.15836261583389866,-0.0705272013899123,-0.05106983396806949,0.02355612336387862
5106,0.02116398651668858,-0.17222463990949952,-0.07039553292489986,-0.051387026934568404,0.017663878784004477
5107,-0.008116855702344506,-0.06412294568894036,-0.14357909934361038,-0.03143815445729451,0.05428441878767445
5108,-0.006220421151993183,-0.10072566752729921,-0.10908746104841685,-0.06634023847709375,0.031691505613701085
5109,-0.016117608263584264,-0.17030073717570665,0.014475074623999386,-0.007545623878174614,0.017007570736461163
5110,0.03309457694838301,-0.055457582994879843,-0.01771391823728369,-0.04519305804046365,0.012619767522177815
5111,0.015347649901701474,-0.06997368394880166,-0.08915143603112204,-0.06538933338088251,0.055007039050973684
5112,0.025132707170922582,-0.11614442249069801,0.16819315342653438,-0.03716238127676596,0.008072538228823601
5113,-0.010669484355707458,-0.07273649086612932,-0.021797236036182954,-0.028415399754364946,0.012770743142995046
5114,-0.003519711398974622,-0.07998474502875325,-0.13018452629406266,-0.007624266086719125,0.03659775510579299
5115,-0.0062390586069904245,-0.07825084810258585,-0.1524394835493346,-0.006617402912369886,0.02629825278305498
5116,-0.02741207956772812,-0.12143672561414594,-0.12404150949048366,-0.03499519585898697,0.030166108417981636
5117,0.04233487181498555,-0.0371097003017092,-0.20417010271292216,-0.041099745318799646,0.035086447350276426
5118,-0.0011313565029729242,-0.0706580581438197,-0.1432420905491429,-0.032968771062911045,0.016387804476794013
5119,0.016841877407762374,-0.1036946813797383,-0.06465926612572855,-0.061045124648816736,0.02766778159219482
5120,0.008929387845438777,-0.09887304057174988,-0.04239239296977735,0.004650538362953765,0.013969830315078058
5121,0.009130154595496579,-0.1128044420447944,-0.06410844396509607,-0.013897386190552067,0.012832275909608639
5122,0.01631234468240236,0.0057113313178938615,0.025347591622844605,-0.03605546251848234,0.04640772703162828
5123,-0.0094604002330556,-0.14186118782875468,-0.21882585552951,0.01703954863733815,-0.0012014149066565203
5124,0.008408776278550734,-0.1688244988582769,0.0024974863177084526,0.006993602006897879,0.03234795213793431
5125,-0.015575424067984399,-0.029969561462236595,-0.02819348177038915,-0.011305925724795253,0.017598214677133746
5126,-0.005785014106287124,-0.3897852954578921,-0.09701309962045089,-0.03259049234945498,0.020689074286674165
5127,0.02893937822813855,-0.09800974139981812,-0.13583140163659058,-0.017775751028411394,0.007397034872310282
5128,0.007872169026295795,-0.15350070087320172,-0.09068169629890792,-0.0023928755229118697,0.0025496415809203097
5129,0.01738369060255032,-0.13902183074688187,-0.0230777733595479,-0.0966229140518455,0.039253000297097766
5130,-0.009266293689771022,0.010030609044554845,-0.08137721837022029,-0.027045542896829176,0.016454846988770404
5131,0.002247793316821051,-0.052640570791017034,-0.042797219878772975,-0.05954471252323521,-0.018027676531921458
5132,0.00397269508730113,-0.07979315390315649,-0.09144135701868185,-0.0092489547693494,0.04666919088911687
5133,0.010575356746062612,-0.03986091517411712,-0.1488684426424605,-0.04506939287855537,0.0012911714249414616
5134,-0.030687926781346235,-0.15709411508544294,-0.02853985566479349,-0.003708453423450747,0.030878154979479436
5135,0.03916474175331091,-0.04443536975531611,-0.07450844182133332,-0.040080445701095986,-0.001135366425719736
5136,-0.004710794393033219,-0.06638413041315876,-0.046565384558295043,-0.01102131561236921,0.021067271039105148
5137,0.018570829336517346,-0.08137650007999715,-0.14846510026831047,-0.03933100185496303,0.019499589104656892
5138,0.04546431144863077,-0.03575917772222364,-0.09565467871201298,-0.04973715436264724,0.043096046446454886
5139,-0.024237750140019967,-0.15195874563975761,-0.008995327381656232,0.003969099384112556,-0.05633393597064333
5140,-0.0015028173171645906,-0.10791232458197515,0.08737292290275661,-0.020145832759135212,-0.03155293759727809
5141,0.00489874576320815,-0.029235892473664454,0.018023849251805866,-0.01420352880004722,-0.03942457839163238
5142,0.010804966045604105,-0.10628208458832415,0.022133700781823074,-0.02414225383625537,0.019414881193347444
5143,0.0383962406144386,-0.10470854613533997,-0.04145552533050743,-0.04958299325841489,0.01951434141552872
5144,0.019440009002046815,-0.06830036231562252,-0.07476903455258711,-0.009865651016944938,0.036222464321328446
5145,-0.009508803740545902,-0.09271274034604225,0.04697258165339048,-0.03682788347860398,0.017464542214552556
5146,0.0022736941968715583,-0.12413526253700446,-0.032162573137577165,-0.02689814963701144,0.003388030463411142
5147,0.046709097632357706,-0.04635099884507374,-0.08896061271149235,-0.03317971160646225,0.006429630542048241
5148,-0.027035818775544482,-0.11757663847908423,-0.046520622891480096,-0.021936542145581047,0.0254912096772375
5149,-0.03354399222462005,-0.1891944076439737,0.11459317773823444,-0.017849857634348664,0.03848755275817705
5150,0.056310523100510226,-0.09666156632777269,-0.0845812969751102,0.006925389983597097,-0.011959957325404693
5151,0.00683951067905692,-0.10937736429306424,-0.058487880595607666,-0.02496934471709348,-0.01949107486647315
5152,0.015521309090144153,-0.08830773154574668,-0.10241655928518954,-0.0182834851670713,-0.03315374274383707
5153,-0.0036418194900106867,-0.048905229092593684,-0.09110346862338686,-0.0728075242822865,0.05322032992460982
5154,-0.010279589638331895,-0.08001944350315748,-0.02668836653960152,-0.003677469624499715,-0.0004300314043895192
5155,0.02697522228012874,-0.062218529280358585,-0.015584924856841136,-0.06088589264856021,0.0306728975634944
5156,-0.01189557877648269,-0.1376906586812269,-0.008505967972531421,-0.03919460560456304,0.04006997999277568
5157,-0.010347230668701473,-0.03731193228544341,-0.049594023567300353,-0.05153880200118987,0.10462985772830469
5158,0.02045767294263647,-0.10834870320911216,-0.09213846717473721,-0.020180820734903515,0.03289343495312882
5159,-0.012682039312267888,-0.08176643123279566,-0.04619320727141737,-0.017749595446197346,0.04214446612143064
5160,-0.03590482357062333,-0.023111662875112116,-0.02026082383774679,-0.008750766668253673,0.057048665530783756
5161,0.011375224522975506,-0.11900929413537464,-0.04332181669841159,-0.05595811879639025,0.02375150651455563
5162,0.010327306721619595,-0.17267977694903022,-0.06449661340704736,-0.059943491260027015,0.019848761291922905
5163,0.017690820664706095,0.04068908262204201,-0.13058817720821922,-0.042883489080931605,-0.03207411249821888
5164,-0.031716028679996164,-0.14956744032548344,-0.02965727935687538,-0.013018534219460542,0.09126951463007889
5165,0.04031498364840551,-0.044105427962699464,0.02354666958546487,-0.010460928252061337,-0.007625855060792046
5166,0.0009199658196675817,-0.10641260156799166,-0.11032008065909692,-0.05498779823766816,0.034253822272806364
5167,0.005165211521890337,-0.09987823144557843,-0.17721903092724467,-0.02291155079467694,0.0003969758490949169
5168,0.022387282476136534,-0.07402385682249227,-0.23166455970540184,-0.055710933114730195,0.07586467702109272
5169,-0.011889358901707864,-0.08577879016464715,-0.2444830308000357,-0.015357457128351468,0.059055324105237963
5170,0.00242512705315189,-0.09683985471227936,-0.02456467001628146,-0.033560299251796544,-0.011417771597536732
5171,0.008367864581605784,-0.08918843805248826,-0.2618579698135085,0.011286864717728575,0.03934667871512339
5172,-0.021694432908529293,-0.1306633461386124,-0.19188794744415838,-0.004864926438714972,0.00296308912355989
5173,0.03530218647365196,-0.03949384637568625,-0.03441401525289859,-0.022652580841063093,0.030755685686732356
5174,0.033191388183911354,-0.0632869233401703,-0.09756493542966913,-0.007594702112286441,0.03040229259949344
5175,-0.018891141426716853,-0.14362178716738236,-0.0065973762426129665,-0.05131898472540797,-0.0051729890695176505
5176,0.01906510434588109,-0.12569230700478212,-0.05916908163523951,-0.016449531628303496,0.03490454680163324
5177,0.012638595784941715,-0.0675364109154092,-0.03872551265801972,-0.033447391625882325,0.02148949218722539
5178,0.013119997368703127,-0.2003788886485865,-0.04779820717285234,-0.055620284489706684,0.01642708126954984
5179,-0.003600245938712501,-0.0661792335820679,-0.06539895911853352,-0.007486729658084795,0.012091177669267929
5180,0.006933209311677261,-0.15342114863274486,-0.07596355309893453,-0.0738916884882978,0.05131040101196283
5181,-0.016565401609066624,-0.12432759127173448,0.06039135066182401,0.00873235980613352,0.007276713766732034
5182,-0.002143563911691714,-0.10017455494072443,0.045498138739864816,0.010380718826444849,0.006715614066539175
5183,0.010072959476337188,-0.1089369396264336,0.09365086180381696,-0.05751520182932829,0.014553794335073401
5184,-0.003980454811297515,-0.12062620406789899,0.11797273142765376,-0.006119229181192165,0.012470480361591867
5185,0.011088381405656992,-0.08372115859983568,0.046196684647922814,-0.04590669897065948,0.03194787926003391
5186,0.06211632994705401,-0.03007795420976748,-0.08051178868676692,0.012386430075084802,0.03278228839054924
5187,-0.014124576753179751,-0.04512365696015466,-0.07400369313743456,-0.03572756879898668,0.018127517552324224
5188,-0.005343153061888546,-0.10047339547266808,-0.012785796368934307,-0.027446775202562265,0.04406759021124487
5189,0.04824087277624079,-0.12473665402860255,-0.10217605885788417,-0.050744768575449184,0.049009816832839385
5190,-0.013970900733267984,-0.10691959573343646,-0.014640368123201878,-0.011282407340259457,-0.008007034960315832
5191,0.0004261363118246645,-0.06880983757817118,-0.056312868124178274,-0.014461540772809424,-0.000401827696462034
5192,0.004874116277907163,-0.06061335293439618,-0.12116103773869125,-0.06565714026535448,0.006844051433488874
5193,0.001316453231155453,-0.11128351700693251,-0.0389729826464458,-0.031516818123836346,0.04688511035089363
5194,-0.03284440317651242,0.014254186926524996,0.001887722601578948,-0.014203478248649504,0.026429597355846223
5195,0.0331675296334646,-0.10802033209664161,-0.16136304638750568,-0.02753883692757692,0.0184392537387656
5196,-0.038680683483857156,-0.12610491145272834,0.059197633145278046,-0.03318968125840876,0.01610712408926056
5197,0.03963030636065666,-0.06405332088795837,-0.16027295062471597,-0.017020845199289453,0.016131510113724472
5198,-0.0038932034692872306,-0.09967803020356766,-0.060024673391022236,-0.016482601791801534,0.00617166293630731
5199,-0.01446927233808645,-0.11147741939124227,-0.08337662237927379,-0.010466029819309738,0.06925092773028023
5200,0.007412785428348809,-0.09436333102392455,-0.06355263966134758,-0.007787298406941917,0.006634276317115742
5201,0.0038337926073275567,-0.07108281712762522,-0.05777212481073022,-2.318286376153417e-05,0.035573679827443694
5202,-0.017787143703619133,-0.23085614930124676,0.08725694053843047,-0.008915555026192928,-0.0451631935989071
5203,0.04151075946173642,-0.0320290275749731,-0.08387637889167807,-0.05392568339516072,0.030206013290672344
5204,-0.012693078573586283,-0.1368485437030161,0.006148058241024516,-0.037798460746239645,-0.01183933384697215
5205,0.003858316674448821,-0.061003537705912776,-0.011014198401632948,-0.02540533346970151,0.021460724397992355
5206,-0.016451053823905683,-0.07401590915135237,0.08576055690209711,-0.008123715050792684,0.018492173615404266
5207,-0.000308823360384666,-0.15835365930063455,-0.1813290272004439,-0.04017749368414856,0.0409558424325311
5208,0.023255032287531202,-0.08565292204862696,-0.08154190257369671,0.020279284688085784,0.03787725921386332
5209,-0.005644865333278671,-0.08842116273652825,-0.028537414802619853,-0.08385432794670188,0.008070276925824068
5210,-0.012137650278756589,-0.12965986620915196,-0.037892255239126565,-0.09045480087900509,0.007529044415801514
5211,0.007958917144806845,-0.1372816276520939,-0.025662364708853597,-0.01212048094891712,0.02669341218537271
5212,-0.00269447101540243,-0.1125743309728277,-0.10368876318425393,-0.01436320790231236,0.05631633380397904
5213,0.04920686338470576,-0.12178006443863112,-0.12864165572784908,-0.05092430691970616,-0.015199809132346602
5214,-0.041422352945840284,-0.12455819588923642,-0.15447835844089217,0.005741259014757968,0.05223577505233485
5215,0.04501780828269562,0.0732789506791494,-0.03734815282400082,-0.005342255936702863,0.012246357042691468
5216,0.014763764358221004,0.04275731168755643,-0.09840567081112568,0.00933455876708972,0.014212034698158047
5217,0.007337052449562479,-0.10788556644826416,-0.017818184969941964,-0.006668855934115167,-0.035588073255526244
5218,0.022282468263816198,-0.08766322123434138,0.021136233587205358,-0.04806962717119667,0.04826477626247631
5219,0.0047623330976583975,-0.09161482067557779,-0.08279941218615348,-0.013858166659380331,0.04420491677416788
5220,0.00909637688787426,-0.1272762585605124,-0.07820973781371889,-0.018951588569007177,0.028339715803133686
5221,0.008357642236343738,-0.07379953141195911,-0.12233934891167113,-0.045788069733325124,0.00230901154599124
5222,0.016091665851313667,-0.042982266005364665,-0.060294663589642784,0.015434536971928162,-0.028812864574246234
5223,-0.006824146164065919,-0.15527529991370678,-0.07631791384731514,0.007218679581328861,0.008787679309634188
5224,-0.021796678025573227,-0.04297799693014032,-0.12895512015493968,-0.023893132100493656,0.018054565732936404
5225,0.04039285591445461,-0.09609777619296486,-0.04221331476668194,-0.038899686461509785,0.024827042965411484
5226,-0.013292136710891855,-0.11708019656860444,-0.08768205373256469,-0.012881219296833972,0.0271499015573747
5227,0.028894984658303705,-0.11143734483654874,-0.09728296746608425,-0.027785162961520518,0.029236304807729648
5228,-0.0416583812896459,-0.02338914658327908,-0.06482766279670342,-0.005827695050911195,0.022889258796225786
5229,-0.0003396839077125859,-0.14934220889504557,-0.11439093361382152,0.0012155864722807406,0.017012380106981667
5230,0.0031313866772892363,-0.13265341781567278,-0.015210223901970138,-0.048212958017566795,0.06169203437272251
5231,-0.009052664025379032,-0.06371604488476373,0.29058805815371885,0.01661363867246426,0.0006752650345633194
5232,-0.034986323323025925,-0.11128582122771134,0.14252187993094886,-0.021846047201280423,0.014557834231956945
5233,0.025176154313573722,-0.1206818553613205,-0.2866009912080215,0.020091357195305855,0.02255915975315934
5234,0.02015435894960518,-0.08629358579174297,-0.009204016120298123,-0.03930456155471769,0.004505686730868656
5235,-0.01749237354395852,-0.08201782592487032,-0.061265659111488825,-0.02434299072590067,-0.00942884550177014
5236,0.010745592745169567,-0.12579762721669158,-0.0928812573620487,-0.026673746917792132,0.04436514205766889
5237,-0.014975978280620477,-0.12370774434378909,-0.16480595803697665,-0.035802164979355657,-0.0091847546785599
5238,0.018940177813058307,-0.13815468971194017,-0.07971839678575685,-0.02192117595484527,0.01676438711835557
5239,0.016649300971643903,-0.10673927576089594,0.05734387415862268,-0.07065050084906872,0.06475954916304227
5240,-0.015151375320625809,-0.11818604757859079,-0.01665635356228036,-0.015399281750239937,0.0053764473427768255
5241,0.04210238629348157,-0.08341712809521469,-0.002713143193168921,-0.07928156131775378,0.0028856846682124987
5242,0.01867287510493955,-0.07822654165490961,-0.1450711811814765,-0.008562443450773777,0.06123687123574376
5243,0.024736879928295062,-0.12437775884422972,-0.029112425982987935,-0.01031167815978932,-0.0370243824054896
5244,-0.03636031393845545,-0.07107606995916355,-0.1509976350498398,-0.026675339297451976,0.045999058917447336
5245,-0.000725185573604587,-0.13026734849367497,-0.001131315886159161,-0.022292538071224947,0.03257457828216511
5246,-0.03018857161145851,-0.07227211697293387,-0.10151835606413694,-0.03925802299586055,0.040196428010776594
5247,-0.04407336925717182,-0.05424407421462255,0.006289915320089208,-0.05755425779840499,0.041500394894871485
5248,0.06493972102906592,-0.12249588311110529,-0.2761747714628676,-0.021112864038227798,-0.06063736654548282
5249,0.05897999735706678,-0.03796367407489288,-0.04152781970941882,-0.005031531575067638,0.0631272073073336
5250,0.02874342151905837,-0.08391229113919875,-0.05698675733621189,-0.00937779909048716,-0.005179091981432473
5251,-0.027058187207909368,-0.1383593463123218,-0.1366595067624822,-0.06705587123803629,0.00630097598906905
5252,-0.007774267020711496,-0.08815991187214949,0.04216337881367229,0.02404160856446722,0.03595643189878696
5253,0.021180017170614913,-0.12002767489172825,-0.04552290547224756,-0.058175829515192665,0.06461463173645332
5254,-0.025310680215700657,-0.1550056831498498,-0.11936528280113719,-0.062157239748581915,-0.02146758430611808
5255,0.07133393562520915,-0.10929818628701067,-0.14114532774026084,-0.010664763017776297,0.06019318932036355
5256,0.05863806195916434,-0.034318697625777356,-0.1731940503385767,-0.04363183667193563,0.004859947099875473
5257,-0.003804700412796051,-0.09792420383218779,0.10395251763812575,-0.01162850422144098,0.01525347135213961
5258,0.014088048810584787,-0.06791378951933395,-0.07557302765378354,-0.01301771069393667,-0.0013907017115290727
5259,0.015307648289987406,-0.1080040556143179,-0.06934697045733852,0.005008420682698866,0.026098927756456322
5260,0.002778508037146354,-0.05894329702674316,-0.08997081174398416,0.03737390396336561,0.013869196889282372
5261,0.003901895137849163,-0.09220635278301811,-0.11703658571721941,0.022552845516971808,0.04024220303306862
5262,0.051186439959011024,-0.07094103731649418,-0.03678365043605954,-0.04303784197958638,0.009026938203728475
5263,-0.023071507508652254,-0.1119533567028946,-0.06579338190684857,-0.034472729929489264,0.03284652525615765
5264,-0.025513365907602854,-0.17309347789362567,0.030755095147424874,-0.03457308727866472,0.043216467828371886
5265,-0.01281940139629144,-0.030664905080553143,-0.015627002150105096,-0.017491268059863438,0.041749785083293633
5266,-0.005183795870932757,-0.08264717536048512,-0.05542715650346262,0.0006339308759698701,0.03054919250494056
5267,0.004930510433915353,-0.23628833689180814,-0.012473059504692421,-0.014433241192058468,0.038812405309829386
5268,0.05016446759016949,-0.051302936665054574,-0.03460151808323747,-0.058891011136887314,0.028443678623113672
5269,-0.03203133972367087,-0.14653877587389105,-0.050594635916630264,-0.049666041921692536,0.027049232976840552
5270,0.02775011332132544,-0.08106400879561078,-0.07161458629538726,-0.0051456717194154995,0.028130603973358696
5271,0.013337748131776838,-0.09445070008530183,-0.10218639630251405,-0.06506381653355037,-0.0051869296295922645
5272,0.025680591149626026,-0.07244210138050197,0.016044592091990852,-0.017664337260717648,0.04112432768607134
5273,0.03154884136725966,-0.06430132756807172,-0.005630272667589089,-0.014902198492722002,0.0030020442284926247
5274,-0.01575856297218927,-0.07205723002826435,-0.15973538389702402,-0.022337616778500616,0.04163429058982825
5275,-0.020668000929348368,-0.09592329841607242,-0.019996977322220433,-0.010550494281551496,0.013298938718842381
5276,0.02650454861540142,-0.08176186770334097,-0.0235970449012646,-0.034315546715444054,0.03275549390024878
5277,-0.01845787496359891,-0.0783257676849689,-0.027381866037700358,0.009011765342101491,0.015159595234524826
5278,0.009995733212392763,-0.08641058703178922,-0.1385198421090444,-0.010799017174959041,0.006134036129712073
5279,0.021851155812592685,-0.049288156017685505,-0.1122693952817792,-0.010299112568906407,0.005425905597793702
5280,-0.025053490057520517,-0.10554056184828536,-0.0701320793192142,-0.019416313683698064,0.031605225419302635
5281,-0.04803083084425029,-0.07917910305358453,-0.057375111232598947,-0.021327044622287385,-0.01638360594818812
5282,-0.01358363398916474,-0.18424184281172656,-0.01757905384105515,-0.019125958668310482,-0.0018304786211587743
5283,-0.01157215113074575,-0.042382752754114586,-0.038993368470917396,-0.06435269637885813,0.00046985095435459775
5284,-0.05258009351382578,-0.10317295323998904,-0.060488501667164206,0.020718833634259783,0.03784891216870913
5285,0.01666093793367826,-0.06518663808640418,0.0493521796199225,0.011355576138068842,0.010749762418979387
5286,-0.01767393789772049,-0.04665119819578005,0.09029495959680309,0.013633849153015992,-0.01340879488009315
5287,-0.0029700768822048776,-0.05715806865745853,0.12811251578211547,0.016867504088379125,-0.00047141105361301353
5288,-0.005705692826750359,-0.10389130785025436,-0.07699696795391099,-0.07376744718956162,0.020561200626959354
5289,0.005512550631971065,-0.18084010285409116,-0.120165694197494,-0.10148731423325008,0.034349030903839416
5290,0.0018544653074135213,-0.009224238285389607,-0.05802037342523389,0.043632396726268494,-0.01964002693786677
5291,0.013001723821085137,-0.15968312920401112,-0.10886477468425383,-0.11018573359428523,0.050234097078845526
5292,-0.017904355829698588,-0.11817001789824423,-0.013167349948138438,-0.07477035193037587,-0.00265474513229434
5293,0.010587487866479426,-0.1147304702657135,-0.2525513515431882,-0.0035318972078890493,-0.002486915709925919
5294,0.04452765126696564,-0.10561502657420428,-0.12375579405543422,-0.031972648392798744,0.04376652525015893
5295,0.0037835947431544576,-0.18527073692949184,-0.06674986631714798,-0.08272049539735034,0.015023763741677125
5296,0.00036785072820339317,-0.17692821741210377,0.07956705349611015,-0.10746600673187331,0.08163265692872473
5297,0.008009095155287343,-0.05468363795144415,-0.1666071782742965,-0.034625481562166154,0.018405592124699704
5298,4.9265535846125755e-05,-0.09185375143027219,0.010713443392882232,-0.02780946762648527,0.030467084890969245
5299,-0.030381901189968953,-0.11464093288403969,-0.2654791473422897,-0.020867075518335533,0.013648710875471096
5300,0.0112788967516351,-0.06896700285856558,-0.09021646754285122,-0.03405157017842482,0.03490173682238721
5301,0.016349217341501316,-0.14639649033046015,-0.0984635984438474,-0.014565033260646494,-0.007809297747159736
5302,0.02449311006003087,-0.07965314790740098,-0.059911276844200875,-0.011348236306686335,-0.023863076136910584
5303,-0.028470770678739446,-0.08126854870819815,-0.11276285048557841,0.005371239574220095,0.011355215433958945
5304,0.0007008761349600597,-0.09918995793302454,-0.09480364576057831,0.0032413754157303086,-0.016908036319200254
5305,0.010378517862136252,-0.10621019103695237,-0.0723851494196303,-0.06244361130542343,0.0490808392851984
5306,0.017962907700428753,-0.12958678986648584,-0.10575086997103414,-0.06322883434998205,0.049652877124052704
5307,-0.017528073953582687,-0.11357483305230696,0.03275737402817888,-0.0012852110995660601,-0.001944358328758457
5308,0.03245040291796882,-0.10171500084746803,-0.013879815793849106,-0.028874216729945886,0.03018817594593254
5309,-0.0037806392052737886,-0.033334334624840194,-0.03072178624677816,0.04384645485827153,-0.010341319539860014
5310,0.01402437973051405,-0.08816420786508125,0.02048695197863579,-0.0500609161641424,0.029998555307797208
5311,0.037095972076440484,-0.0967896911951889,-0.1247841384205297,-0.0483196445190778,0.03305703859826421
5312,-0.0031330004685051825,-0.09925354671035078,-0.016890307155493334,-0.020105089234758292,0.0345418469659424
5313,-0.013423598613869018,-0.058603394698116415,-0.11094409903730977,0.009510594715571474,0.04807957117034954
5314,-0.011469187608761082,-0.13559370078584634,-0.06287658559798778,-0.02998422224437971,0.03149461881366368
5315,0.002854979573953074,-0.07529920128140608,-0.0696586239638865,-0.029888269248480523,0.024299569249716973
5316,0.035379940742338384,-0.19074303993823066,-0.13714285318497685,-0.011265000617178049,-0.014133106793628308
5317,-0.01207269813072146,-0.037444845935978105,-0.09927342924681946,-0.03793693121563075,0.03264519995012793
5318,0.030326634647682434,-0.0829469687872178,-0.00852972293962508,-0.023059308511533205,0.020130725259310568
5319,0.02886871698795688,-0.10233314123510291,0.005878551225999777,-0.023850894775763038,0.029340810719493314
5320,0.03256352599771186,-0.07073075671609569,-0.08638204273622875,-0.05507647689578366,0.015885094418237572
5321,-0.006519878713812386,-0.08057348163527034,-0.1254550766485182,-0.03569230810822242,0.02605337541189236
5322,0.0821444355723265,-0.16090196639505971,-0.07148040565907458,-0.01376367627341439,0.04534794864039452
5323,0.056271572781084835,-0.14475282680648663,-0.04614452073219369,-0.008702707763726445,0.05680281598222015
5324,-0.03272809528667154,-0.10595217555580651,-0.09280365587929565,-0.0465976903984986,-0.039046151817800225
5325,0.03613387167093207,-0.1649958656130573,0.009733347625603721,-0.052532874553902376,0.06633671797442121
5326,0.04835823378464675,-0.1600284744378544,-0.013138980995003225,-0.04705614329029724,0.07855602800511596
5327,-0.02699301117980377,-0.030794255321728595,-0.07299434489749904,-0.005078567505402265,-0.017149880832401976
5328,0.010288501141041361,-0.16630967848026748,-0.016646870303419978,-0.053014099763694846,0.005751953314366966
5329,0.01590154949577124,-0.05683171846003473,-0.0373975531804586,-0.02629312369935412,-0.04783955128593802
5330,0.01289090239024078,-0.11389084227456125,-0.07235345140042206,-0.022942495632312147,0.00020584134560381034
5331,-0.0031062609760155965,-0.1250567506143767,-0.023401949043651116,-0.026854121555419677,0.0492673613988726
5332,0.02316869417778257,-0.11842760379660346,0.05708080741384664,-0.0371125708531038,0.04333923508539557
5333,-0.030838605510725613,-0.1931730895314349,-0.13922512733888456,-0.012266451268955696,-0.005511424043155606
5334,0.01783601048593062,-0.06224873248436155,0.01962438808856919,-0.053399041859403126,0.05271261640539617
5335,-0.015382939458125714,-0.07608386000380932,0.00420212312057891,-0.033338801562073694,-0.015600065313381867
5336,0.024931005872873054,-0.0913604314927741,-0.03707239539532446,-0.02284352250888525,0.044195226223471495
5337,0.012913160833347889,-0.07839902560841275,-0.04902949611750181,-0.009077788092168158,0.04819043968672333
5338,0.002400924671746191,-0.09732853448334328,-0.1057319033390024,-0.022963241177867286,-0.01013754440599121
5339,0.013664858994611836,-0.09844230056563796,-0.09054996873695702,-0.011918083224594962,0.024222069521603464
5340,-0.0012230090861164245,-0.13855915376845757,-0.021909844125934348,-0.07662788058588788,-0.004688673135552244
5341,0.0038751516405013523,-0.09598036095435569,0.0857853729005131,-0.03265541510672997,0.039052499432723486
5342,0.040345388972991225,-0.1448220043104247,-0.07487234658694605,-0.014340018986604744,-0.024227191700894157
5343,-0.03757907555369182,-0.08408085671272003,-0.021182748997914235,-0.02975021203866739,0.010625309671347175
5344,-0.029006429849779185,-0.09352568336371878,0.082834290534914,-0.016000554258487943,0.02642954932228739
5345,-0.02810963306964689,-0.12933229756479697,-0.12219739386909881,-0.03930766152862035,0.010774264742190414
5346,-0.04784425716685947,-0.1275364967813714,-0.030533741605945568,0.0027297950524304924,0.03434576577216612
5347,0.02120953136656709,-0.14532923558343466,-0.057648069861771824,-0.0559369398211543,0.021914595375164433
5348,-0.02269580163526738,-0.16551419507695456,-0.06416717777647024,-0.01162612835143062,-0.0004160669799166795
5349,0.026279308447455827,-0.04730738002982389,-0.10032796602501873,-0.012449922942529236,-0.01867878997935203
5350,-0.0047039438584286315,-0.13027880414944593,0.027924776011551022,-0.051323962114128145,0.07310677754092243
5351,0.037791825962194756,-0.04455590618448373,-0.12528910154412692,-0.013527701136201433,-0.010861428031761888
5352,-0.013654193859480848,-0.09147353235840447,0.030406552791066584,-0.01138363007714116,-0.003112303085569623
5353,-0.0013089372071651883,-0.11901941581210004,-0.09239335063174722,-0.020418293284101552,0.059991437317265056
5354,-0.0234642661122765,-0.16057834997816922,-0.015623588831986406,0.028525281822435827,0.0376711797213095
5355,0.03357248902119871,-0.06725958479368224,-0.05032087060632815,-0.019018650334141,-0.00621159426158316
5356,-0.020311704615167483,-0.15293624301656206,-0.05856074730768726,-0.036912149603466025,0.08174070790525108
5357,0.025594995102548524,-0.08653758670257627,-0.08809095110155914,-0.018971325253495736,-0.016265404865320167
5358,-0.017853548954133183,-0.14359134711917088,-0.06380886024710097,-0.037315354944433214,0.04024505141948482
5359,0.0014281991723060306,-0.10741650624848972,-0.01837158273082699,-0.010547605529099195,0.01898417005726947
5360,0.01690995783900583,-0.15362860556517122,-0.058363588261150845,-0.045341696229166166,0.020938334690640423
5361,0.004847741971186687,-0.08265635844442369,-0.04777342310084582,-0.035330733588365235,0.03613990338942387
5362,0.02467966736762315,0.004870507256950279,0.04197261651271586,-0.022494154916929122,0.004501816679103883
5363,0.08004091901577004,-0.14561777613129057,-0.03506296637171067,0.003252462841734884,0.06109951008531371
5364,0.017246198107807472,-0.06286121023096457,-0.008965108708850268,-0.05254281044219373,-0.02415892662275607
5365,0.011043742612553323,-0.11249458187304909,-0.04458223326139091,-0.03765549805516971,0.030351606699993396
5366,0.004365721295113843,-0.14686006712253472,-0.2767092833058462,-0.017528553512795343,0.06226361760149988
5367,-0.00916235941363746,-0.058369261635284324,-0.09569562869148876,-0.02257355305410771,0.013590185454901078
5368,-0.0047723590954349,-0.0018490124478475626,-0.03317462820340502,-0.054708772660731805,0.07386792569015534
5369,0.014578793994197422,-0.0937072735322084,-0.18862792710157036,0.04192003778099443,-0.023476033764812096
5370,0.0038674456226956526,-0.1152003093050142,-0.06987937371013844,0.061872562250287214,-8.474472166142036e-05
5371,-0.0033537976957034054,-0.11472418377675067,-0.13657672166172613,0.032926556526279446,-0.023176154729982457
5372,0.010179849533245643,-0.08393774032645615,-0.037346999596370195,-0.03724981896190487,0.049082942844731046
5373,-0.0025257969643404446,-0.16140734554507055,-0.12117453941812587,0.004512114325669988,-0.005588745475768578
5374,0.011203217943709112,-0.003278393212318979,-0.009762205525493005,-0.006090471491666066,0.04818791725978977
5375,0.058565429486659465,-0.07328746568880332,0.10666141250520914,0.066113813466218,0.02758525982548453
5376,0.02303944604657109,-0.10539201944774453,0.05356840845299656,-0.01290381077261436,0.02921705856921487
5377,-0.00019772779816857648,0.024180196419955655,-0.037403467388040464,-0.009207866031775471,0.08553359965525446
5378,-0.0002911518712075328,-0.1991443751814009,-0.044424499842161416,-0.036953300764904204,-0.04595298424608215
5379,0.004474496314886673,-0.022731193405049,-0.09209131011064306,-0.00896317664990608,0.040539336541546823
5380,0.003908640942837197,-0.07224029344139807,-0.006711176673312835,-0.05965876298709711,0.012114953945359013
5381,0.024378703699397805,-0.14063271413855338,-0.04403846051198652,-0.05073443879922841,0.022420146089116195
5382,-0.009402566609258745,-0.1093947701285942,-0.054647886245825054,-0.024434239139027786,0.013774280864664503
5383,-0.004082170301893089,-0.13608160656059845,-0.06659484264560084,-0.047627014843181464,0.029587657296131047
5384,0.03102725758009288,-0.11636780288214384,-0.10005554372583227,-0.031090968885522915,0.017874286049794623
5385,0.03285303487132366,-0.14033952057352742,-0.10952648704595913,-0.04063937001700496,0.0035346466782830437
5386,0.010031054429329608,-0.13266884912417817,-0.030301208502903926,-0.048251132070626,0.04719037796565252
5387,-0.0011059461687709636,-0.15229773538515773,-0.08569388637438101,-0.007173146117570086,-0.00815442755647889
5388,0.008332918713643488,-0.13854754364778127,-0.10341994000215379,-0.007097451458371511,0.04007405192931749
5389,-0.0167930501110918,-0.05811509332582013,-0.10067198700250728,-0.0771221898692406,0.021755720104098177
5390,0.006345386205602443,-0.10050212349105726,-0.06466645457523083,-0.011172231592252764,-0.002409834304702409
5391,0.013469797769596796,-0.01982932286798809,-0.09263869982676663,-0.014898155345111264,0.007193371397047433
5392,-0.016699129547097305,-0.15795343740199388,-0.11330049574225726,-0.010504775018052302,0.024590362003677743
5393,0.02464176541524128,-0.014218799979478804,-0.006474660580149287,-0.016681840333342298,0.01645156362922722
5394,0.02161257494410533,-0.1899063595008571,-0.1107807717775272,-0.0168517690019479,0.013463425324653602
5395,-0.009159124909802124,-0.05709412698399919,-0.08323605027479057,-0.0035689697045243125,0.03303028766243078
5396,0.02843981188250817,-0.07261614445527224,0.03436840635824942,-0.03327978677281716,0.0006128256138926271
5397,0.018452899668057493,-0.09171219872108016,-0.044057553113382567,0.01872493141881719,0.036979973698227225
5398,0.011638720595476477,-0.11979514762446977,-0.26936048622104847,-0.043068781810981116,0.004520708636849594
5399,-0.03269114470837395,-0.08834677540895393,-0.010240051388594316,-0.03987786887565842,0.031155090628092286
5400,0.03588317880079587,-0.08469586467309405,-0.10825533051617932,-0.02511319267424518,0.006334881787292354
5401,-0.007924820513288279,-0.10256854333085134,-0.13050163052277958,-0.05672990849626081,-0.005644565824189706
5402,-0.01241683246519895,-0.15300634734455595,-0.1495687697925412,-0.03577958304934483,0.008554541007251856
5403,-0.01902442926006271,-0.09426137523553572,-0.15965208999073086,-0.015017306170987002,-0.010533267274922426
5404,0.007347688156601708,-0.09407961439007816,0.022896547712552305,-0.058907349253546355,0.04093933689188488
5405,-0.015597067234061486,-0.23717149705030238,-0.07259664242132531,-0.04858221157437886,0.008745828171364737
5406,0.005619156929656509,-0.26939520162102276,-0.04308222023762342,-0.06250979598953592,0.055358895054293276
5407,-0.002206297491483191,-0.10459515408659813,-0.004576436664582287,-0.0621052710119439,-0.024917117614832358
5408,0.038794960798046174,-0.054340517153143496,-0.36815428605574363,-0.01670750816476787,0.02126371927783234
5409,-0.05267746966687999,-0.11767132722767217,-0.01298701303916869,-0.020547156821356997,0.03138912867110605
5410,0.05149877690499632,-0.07143311823572258,-0.048554463104584764,-0.020465399204598306,-0.011348174662365118
5411,-0.023961423801133877,-0.13434994965725858,-0.0066809280334376745,0.01291187894070451,0.0196310478092537
5412,0.017690749078491868,-0.13314441890820003,-0.06973871013562467,-0.029546268279009046,-0.023748344714945333
5413,0.023748610655305837,-0.09607900789591478,-0.08169920660252901,-0.020113487362163486,0.05031730191348879
5414,0.012726027907348067,-0.09487199163447675,-0.09983024050837265,-0.009393478066117388,-0.011194247494856134
5415,-0.02009298279176919,-0.11479876167453698,-0.07366299344308791,-0.04976902633173884,0.02402101121659446
5416,-0.028406948378493765,-0.14717203408666135,-0.08137556835075534,-0.05526966853541251,0.02214504978340273
5417,0.0325702538977582,-0.06123501457919214,-0.09204664023425596,0.014976912193632685,0.041733611124887
5418,-0.031867370052092815,-0.11311234363172644,-0.09921453131127006,-0.09849484407156377,0.002265146119496542
5419,-0.01691946696659777,-0.19813595550547147,-0.0820592136632015,-0.03403675172365646,0.04368280005931176
5420,0.05435693899787774,-0.10636449433012271,-0.1434465802666597,-0.03241733367068278,0.01040214512109975
5421,0.002541416358490129,-0.04154886792733991,-0.03482298998203067,-0.021207345239261526,0.0002817886607087186
5422,0.017978023455333527,-0.16714128898721411,-0.1315237495936357,-0.0531391749203622,0.017368110722540398
5423,0.0009760050637236428,-0.06855272374174654,-0.07199584645914642,-0.0322117531463948,0.028077558827479983
5424,0.007474141043006045,-0.145297538893009,-0.08701246648015681,-0.03799755021865644,-0.018530271540248656
5425,-0.019661422556866065,-0.07862191461152733,-0.1506660862331765,-0.0444193152648521,0.04995740923512921
5426,0.023319364781105814,-0.058794346645661875,-0.0732181219259738,-0.07823164577390956,0.017996407349469397
5427,-0.035674875845455103,-0.21136637666538657,-0.12219260165809759,-0.09627543974506451,0.02643440201057605
5428,-0.035413038447448225,-0.09031179107459901,-0.04334559120303663,-0.050258162521592785,0.042835899422947125
5429,-0.04795552068011196,-0.09556578799072706,-0.04850892824639496,0.0014929876890008977,0.024530978470126998
5430,0.003217995105234277,-0.10177009507793038,-0.16633282507907973,-0.02393327341686007,0.03223929246085461
5431,0.00970288656414677,-0.04300387014232708,-0.27879328804965825,-0.013353694505449787,-0.009753085742554757
5432,0.020347951834459758,-0.08761239171172648,-0.08671115687914224,-0.024109159075020255,0.07550024241208844
5433,-0.008217115191711914,-0.18528027995556887,0.04432588534140453,0.006132015920304824,-0.0033385611451111083
5434,-0.0003262157629879437,-0.1889521131988374,0.07757446380123155,0.006671025775747788,-0.008435083980062551
5435,0.005200305969344583,-0.09804139564852937,0.16628471803857373,-0.02081295739053811,0.05308024108918581
5436,0.02386373537721739,-0.2372782217435561,-0.06174311220584768,-0.01828752782573988,-0.029841067893142698
5437,-0.015213888246349245,-0.054152809975637116,-0.09958884938034496,-0.02243629882008847,0.04062029735076834
5438,-0.0028100337363135487,-0.14553766700135598,-0.043090149258093624,-0.014605674310575547,0.03427456359616217
5439,-0.020283652522753076,-0.09489395724700003,-0.008365800922029444,-0.03345174373531901,0.03259947270924253
5440,0.04131980031027745,-0.15360667887048002,-0.045957990222944306,-0.0027490970395908053,0.010141143495932235
5441,-0.022676657401720337,-0.13396575659192606,-0.07704701726031522,-0.04416344847086444,0.028792487459603746
5442,0.03859347726252294,-0.10296333176266452,-0.16036221601839454,-0.04215743594402812,0.003676543417913832
5443,-0.0044462584382266536,-0.05999649205494319,-0.07285565495659893,-0.058727799990463674,0.02075991596556085
5444,0.01897798249021966,-0.110974625661335,-0.16495981829529047,-0.012665320854856794,0.015029210472633761
5445,0.0013860224904431037,-0.0581514709411494,-0.04891351771804139,-0.02423797734407707,0.026225778906526515
5446,0.02135484978383015,-0.28042791601315664,-0.1476145980549746,-0.041649337743769464,0.0320655478626775
5447,0.04014433186085913,-0.06694466826792479,-0.04660193916090805,-0.03930047226571396,-0.0002968346131332966
5448,0.007309909837196787,-0.11968411313377356,-0.009257013043223159,-0.030512845586639345,0.03665718760595777
5449,0.028424968388597985,-0.08308238051262087,-0.03416186276334496,-0.03843162437227918,0.03381495684992485
5450,-0.02012878321325555,-0.1366339990091145,-0.12693479942779956,-0.030194831106284493,0.009614374109646402
5451,0.013170705425171758,-0.05482424958312998,-0.046122758440454284,-0.07215969535517922,0.01932081189886789
5452,0.014469135514693384,-0.09777219661505458,-0.045198703173259934,-0.043600467048724466,-0.02873900529761491
5453,0.007470588112237857,-0.10521595707894364,-0.15925483145159813,-0.017172538162315884,0.059371142633728356
5454,0.009300847904334856,-0.08422176400107563,-0.07329964550818736,-0.07519719104568764,-0.044733718783441886
5455,-0.016754702239975636,-0.0840954638769511,-0.016032191207536163,-0.034780420818290254,0.07937647488568914
5456,0.01582370907116583,-0.06939861217119206,-0.08907792526991157,-0.05644541498437546,-0.02750096271832483
5457,-0.05989442836465908,-0.0795562322079482,-0.03129341797195379,-0.01962212394118319,0.024577212338241717
5458,-0.026169705952577477,-0.10546137062277591,-0.0706791181512466,-0.008123150870091637,-0.00380478463557162
5459,0.014114385826485797,-0.12451330980587622,-0.053077145675906774,-0.05993649350480739,0.03512094406328029
5460,0.02410157158968854,-0.068871613499512,-0.18954313906768547,-0.03877852398011987,-0.006864029094027672
5461,0.04196338140788395,-0.11802004391233929,0.040315022814850277,-0.03720807100189133,0.014565555215731526
5462,-0.027871807496848547,-0.11743582354864725,0.021076411092324332,-0.0037025510672421113,-0.001046103180786407
5463,0.02866578064894849,-0.036224870293670886,-0.1095134699237614,-0.04192170131528036,0.043226312347572876
5464,-0.00042260939776836925,-0.1267972706386685,-0.05544981252412662,-0.05469992562452226,0.06398335666514543
5465,0.022474732600378654,0.007304686629787416,-0.13527240193767845,-0.024272859479059414,0.005090931353616704
5466,-0.021509199380186698,0.031806423496834525,-0.0746237006447279,-0.04717963612571808,0.050481330895372274
5467,0.007519055002001239,-0.014289353039362351,0.011343050979337105,-0.01598939619812733,0.0036808763384315567
5468,0.011654985375204542,-0.09673708305186346,-0.11230340499128035,-0.04521157571696162,0.05592876091337978
5469,-0.006607648422514188,-0.17449758218954783,-0.1339436296560481,-0.01885989261646201,0.010032094376457797
5470,0.0073291374682531475,-0.08599003663915913,-0.0650620071630016,-0.03164685473446496,-0.011511150618251509
5471,-0.008556453561061713,-0.085673247188052,-0.05880636120891745,-0.022826480887279205,0.017170411889854655
5472,-0.0009203821825149264,-0.10818116526230169,-0.07406850613019123,-0.04862041698212149,0.06677493602380068
5473,-0.0211677276284249,-0.13619641810693606,-0.02803445142432392,-0.019156882890719013,0.02326625455447817
5474,-0.045703361277032,-0.06093896706799565,-0.09369691655975797,0.016664068318073936,-0.008264234225536312
5475,-0.02446211907004272,-0.12689558573756535,-0.047048063074557576,0.02433158906725469,0.03842846358039469
5476,0.015547581641962665,0.04903912030989132,0.02336286489466202,-0.08010088869582269,0.03198293995363834
5477,0.015183415844870483,-0.10666015063472471,-0.10204606963478095,0.02730284022165213,-0.004304614875837879
5478,-0.015031054890603465,-0.15359155599258825,-0.06174542898241912,-0.06831244448273993,0.03778651755412985
5479,0.009096297676968889,-0.012954881739625548,-0.14812973402795437,-0.002887506007149979,-0.009123289329873998
5480,0.037385662443551924,-0.18956655913515374,-0.023793592645104437,-0.02753629078206266,0.0435409506825107
5481,-0.05280413924587465,-0.08422109276549555,-0.3058561135233634,-0.017414363625177832,0.007873693518486024
5482,-0.02313771033924578,-0.11566238811017007,-0.10927971974638918,0.0047811575670173,0.03095303479090404
5483,-0.01896876522796182,-0.10610847713383004,-0.13045267774583064,-0.018259846606002227,0.010743985552747252
5484,0.05530568787553798,-0.18566040715261528,-0.048659356039676215,-0.08043763052443696,-0.00025229984971507255
5485,-0.030273221593393965,-0.011619222945122947,0.007508840758505451,0.0046121199228681955,0.019561626232639597
5486,-0.035224436038274055,0.018401089589278545,-0.07571732502012155,-0.011763495639348103,0.02191342213085339
5487,0.003910744991431575,0.10119721197873405,0.09219292815137771,-0.022127027546869068,0.03546474176752845
5488,0.0033213359379288543,-0.16272710471546245,-0.03908069914281153,-0.041266079282126125,0.013157602580475339
5489,-0.0015214524643169815,-0.06549732834778065,-0.06061214843606758,-0.001857657054407096,0.03707055324157253
5490,0.013441844034887821,-0.06737515039523771,-0.07698118316714152,-0.042650269342697354,-0.026406421656115894
5491,-0.02492611773569544,-0.1266460009581002,-0.135181396323666,-0.04090561077007026,0.006447162250662617
5492,-0.0028886560183808163,-0.07871957876905743,-0.12479960769939288,-0.0012596646663954308,0.027018905610521213
5493,0.03303775451972614,-0.16491667716609587,-0.001792665456892562,-0.022369722321157585,0.016932948276707716
5494,-0.019621051972318875,-0.10710603949236332,-0.05088799831567183,-0.02962094310267891,0.022838625153417575
5495,-0.03700540018800959,-0.11635038174295592,-0.05523198914161972,-0.04058825127957882,0.026551431296632472
5496,0.012878347898507487,-0.12194574567887949,-0.06808833508402845,-0.030266484559866857,0.007257697397367754
5497,0.007886916115818281,-0.09827067636575741,-0.0781670933175436,-0.023509605320370663,0.016127176364087125
5498,-0.004104005061484243,-0.17373299104439097,-0.04481333540588586,-0.02765170880133635,-0.007484060722967714
5499,0.03694433158011408,-0.08372020951769964,-0.028679417938872548,-0.023439244677696675,0.050446734057678876
5500,0.011004930806941584,-0.14503233051904205,0.0911940637100945,-0.011099517535511005,0.013503236610341186
5501,0.009353204875515029,-0.01910406728309514,0.19972175822457797,-0.01829608982303021,0.0010575572891166453
5502,-0.006299241437068865,-0.08572112516426003,-0.005058307568336444,-0.033938477526229034,0.03987156400616399
5503,0.05476906682328036,-0.11078130046594387,-0.055605703063417854,-0.03462070315641638,0.04046563378446116
5504,-0.03569234467934837,-0.014185247762562941,-0.12044249648736664,-0.026624997696666392,-0.01698039552195257
5505,0.047222788191197754,-0.1367569650983336,-0.06306825122866572,-0.037084221441682726,0.02900234302540907
5506,-0.041621505636411975,-0.14248396201183633,-0.08533649481884714,-0.017840146592194787,0.01693335408059925
5507,0.07046536279916059,-0.013201610339007675,0.10711327316103662,-0.05029923782659854,0.01104026378202702
5508,-0.011793900289812953,-0.10943667503936415,-0.0776358132404829,-0.004134915383552807,0.029179039847742845
5509,0.010524627947084532,0.09833441236637416,-0.025328197714134824,-0.05869439881558101,0.021648398272975402
5510,-0.021640921981197516,0.013269748041003686,0.024925947915777333,-0.015127926871743242,0.02666609097370021
5511,0.03031602857727071,-0.11698746622445601,-0.1280096146420951,-0.0634768636015066,-0.005819820491427788
5512,-0.019763923475983342,0.05221378030745056,0.022673432101558706,-0.04228160156406073,0.03937347686982551
5513,-0.0017238130095132249,0.09426085362654883,-0.07347624862620958,-0.009227793453302751,0.04333948963488125
5514,0.009484697588578068,-0.08604110517585008,-0.11037511991245583,-0.020898444043124405,-0.00530187349190686
5515,-0.032418768503468434,-0.08198127935749568,-0.1253435798657702,-0.048774644200877015,0.05013777790304908
5516,0.02742337716730448,-0.1601077231390056,0.12375227397462751,0.0055966366802661935,-0.017701749789795374
5517,0.011482003608633039,-0.1638777545114363,-0.02104184532489064,-0.044807120760278187,0.018907718013207047
5518,0.003570701857204518,-0.15766167703702508,-0.23713726332434776,0.00034150278987265376,0.010750226340344763
5519,0.013662428904951361,-0.03318386983555308,-0.07302426597881152,0.00837595766569516,0.016744870083643084
5520,0.010769192196577342,-0.053254973601769444,-0.05598934711525051,-0.06346208076611291,0.03149731622312016
5521,0.016443667909308818,-0.09149299970925785,-0.02644652720034356,-0.061624001501708686,0.04081784097990296
5522,-0.0034868491153463056,-0.13896626103427975,-0.090940496477155,-0.05620046936420648,0.03061408139380023
5523,0.02470303801324147,-0.00271022463686098,-0.21996174901440085,0.020975556426946356,-0.0015776118716411627
5524,0.00906548923533076,-0.15985076419972083,-0.06939223789971008,-0.09295961289993845,0.029547078138965677
5525,-0.015627165325573285,-0.06278587336248462,-0.008430945180659188,0.04942235222139809,0.0034793232100415092
5526,-0.01778546095914751,-0.033480440882184374,-0.008788550049296013,-0.05435944939284874,0.03210901924026639
5527,0.03556703047648712,-0.09862372491983132,-0.026984242163423038,0.014168804074828416,0.02483036277741927
5528,-0.04201665534969393,-0.01197129802993265,0.05231936253632789,-0.05321526101629683,0.03235329150003407
5529,0.03289915640883675,-0.11063548603584052,0.20294990099682889,-0.03255021246684582,0.022635659619559653
5530,0.006912459657531489,-0.05026633225804937,0.03291326970524783,-0.01825706399170421,0.024890238149611246
5531,0.003001755765400925,-0.16367550596905509,-0.13079580564348658,-0.035875532142427065,0.023763968281995045
5532,-0.004840761969152206,-0.11563226836167965,-0.06841565084905638,-0.027274054268002883,0.0007098170862994217
5533,0.016542190838028145,0.008919971897198087,-0.02093662117679825,-0.04550674434626997,0.04194651676316178
5534,0.011520951550600478,-0.053583098684850596,-0.07245009854310185,-0.015409271718647305,0.009380354360582424
5535,-0.009295776671000225,-0.04020638799951752,-0.06752112000506232,-0.03199453819846055,0.03300885156110033
5536,0.012248980570679087,-0.1405733316248883,-0.16201841176521956,-0.048609987412043545,0.026387388754927858
5537,-0.018440083034166665,-0.20928046872222955,-0.12369600195117195,-0.01991518513345972,0.023850784304157466
5538,-0.0015337997145582344,-0.060397873837392216,-0.023382227094579024,-0.026167865643428753,0.009040850572330783
5539,0.021196868367829698,-0.10944292439169262,0.08646756675312194,-0.0229371313930316,0.02591179780162864
5540,-0.023487660184652752,-0.08775947990763862,-0.0780281641632329,-0.028654763214345732,-0.037956120828733085
5541,0.030074372852633834,-0.10644683033784398,-0.21151586123761837,-0.044515750645576814,0.027169008994440243
5542,-0.006843345983144808,-0.08847978239172147,-0.14863263241665345,-0.04021040306489526,0.0073672848888657995
5543,0.00035449194176925494,-0.0789750569516019,-0.07150687159686517,-0.010552080537385199,-0.016381816868628277
5544,0.014360027554724408,-0.16346100914475525,-0.0836365827373467,-0.03766504516870248,-0.020209166013446432
5545,0.025348363442642054,-0.10715827262239382,-0.10899610568009803,-0.039748988531565464,0.012821052189184693
5546,-0.03527760283951966,-0.11611753625844601,-0.08817420843375007,-0.007054566924982247,0.05875885562909012
5547,0.029917008864443973,-0.09661005300373189,-0.08418904179497423,-0.06069508380497371,0.02020718498530613
5548,-0.03425454005934297,-0.057842158584483695,-0.06962047893719772,-0.07807261836086636,-0.0028799341390624506
5549,0.0013026404347143406,-0.09615748274965026,-0.0658511636937232,-0.00836003385044462,0.03147201213635129
5550,0.014944792817717552,-0.03459255872727139,-0.05246041817738814,-0.01983967592797299,0.04547160793273091
5551,-0.006350298325501178,-0.13641888552739118,-0.024508666198104646,-0.029428225015330257,-0.011643634337943442
5552,0.010812551400651793,-0.06147164443398606,-0.14007715599550138,-0.04146803766852886,0.0035710994438680034
5553,-0.009309236518376124,-0.03161064484567533,-0.0486879194441756,-0.011031963944739688,0.05425646608569873
5554,0.014221682883713949,-0.15992514936708793,-0.10177139816003937,-0.010623859178609136,0.0026041209903204295
5555,0.006930481102227591,-0.24106122833752333,0.019170785002076862,-0.021069950223773254,0.05093651328739243
5556,-0.022591909135646075,-0.22921785508919326,0.07694909101267675,-0.023576851026835568,0.06699720355908045
5557,0.038057092892467614,-0.009968116068793253,-0.2449426394838969,-0.0012916463470407542,-0.007160475193583196
5558,-0.006774058976483992,-0.06662143391195209,-0.21933816105396306,-0.02558307947731072,0.015021595594302321
5559,0.02024494930176538,-0.1056555733375448,-0.06401897196165177,-0.045195818322128024,0.04489664592772943
5560,-0.008111070902792374,-0.04702172963626072,0.044095639299130074,-0.016118191835599066,-0.00901127062279057
5561,-0.0038683267985850207,-0.03827528533260917,0.07109152239507102,-0.024245876060069213,0.028581955062776988
5562,0.006358549321979704,-0.06304646935418884,-0.23479029102150628,-0.003948285742327307,0.039266146283795274
5563,0.026406901793011642,-0.08329695579811844,-0.19165117035943643,-0.010951774816080211,0.007866383423625545
5564,-0.01308797759064475,-0.09472289294707979,0.046496067174634996,0.009778879877471568,0.01833573115491437
5565,0.02448019315547458,-0.1304433802439462,-0.06277585695122301,-0.023889355265378092,0.03951772684637154
5566,-0.01510580231530241,-0.09518989458562029,-0.11340256558807835,0.028492382202482232,0.0042118240262906574
5567,-0.0032181260537961914,-0.09277847988745248,-0.3903842709214402,-0.06419947955758505,-0.0008397349879878302
5568,0.010902251208750857,-0.08231876008158992,-0.009296685561992547,0.025987429265497616,0.03334935724655231
5569,0.014728854160053931,-0.06452485194085432,-0.08047312673860878,0.008987104958660706,0.02525152154305732
5570,0.01594015825851977,-0.0813446525320443,-0.10527810780993817,0.004532447714149703,0.027159796455615424
5571,0.012244248367296156,-0.10697420801300987,0.004528240834609161,-0.07831581277624124,0.045378283033342494
5572,0.010633566280959416,-0.12016396550224272,0.07043501827345586,-0.07656483767701734,0.021926020937343336
5573,0.022275538452675395,-0.004058504343735512,-0.024308269700822786,-0.020098622749130563,0.01292811988038661
5574,0.004817084207789342,-0.14680045080094611,-0.2747622804797775,-0.04114861300155599,0.020510251449465746
5575,0.08707742532855249,-0.0670382534559056,0.06613762398692408,0.039606420656655275,0.00936292493042288
5576,0.08158602536288553,-0.06146280493129627,0.13908827863181863,0.023701105442970587,0.03356411206115045
5577,-0.03540926163024836,0.04608024133203278,0.1338953413663606,-0.04009193972329663,0.0034166337607509645
5578,-0.0120387085984441,0.13372745603667086,0.19175070575758635,-0.06202001299791487,0.0016708716541969425
5579,-0.007589609808117183,-0.0011047496704998001,0.1482988075771835,-0.02852520909866637,0.02514033012269216
5580,-0.00547979679202809,-0.1883287826382241,0.02765860807070313,0.03194495538959012,-0.01626303128187505
5581,0.05520278050276067,-0.09569414126467941,-0.09103580820174433,-0.059493587778448646,0.00687744732930756
5582,-0.021577399633076165,-0.15966714186229025,-0.05251716779091521,0.0006758656505074093,0.05306999512379652
5583,0.0143121134705891,-0.05531847815314391,-0.01889186285218672,-0.047786977959069395,0.01214196629152332
5584,0.017463184305157677,-0.0938335899902548,-0.3392445834278618,0.0011588105800974774,0.032195743778341425
5585,0.00021615896348999285,-0.11604564055052453,-0.0167695516010711,-0.06912402999266391,0.0019806986263707473
5586,0.00857392691257776,-0.11069798119312181,0.14455054898595773,-0.0326664354228427,0.07411023257184636
5587,0.0109412931716309,-0.13110510403604522,0.15268871482616686,-0.0886487247170876,-0.005872668798180456
5588,-0.025089158928529424,-0.05488574243391319,0.10937213537109922,0.00818842307540739,0.032509517081583214
5589,-0.003452183872936544,-0.11194646717279598,0.021413763611013176,-0.04763205204092246,0.00819246911176721
5590,0.009734849583222899,-0.05442949670297955,-0.04263629349238215,0.020641046427661177,0.05032093934625442
5591,0.022933716475423475,-0.08661476643765166,-0.07535674142142272,0.024740400418587275,0.04317771686815314
5592,-0.00891291610860529,-0.14677739599479112,-0.05121136296965994,-0.007135104955120992,0.0020421153059677318
5593,-0.008133964913202785,-0.16797613725737623,-0.04819085115170317,-0.011289999103371962,0.00633425335294085
5594,-0.0013304569252528793,-0.10433239658178445,-0.028289775657770966,-0.0352803901348783,0.0362438383450652
5595,-0.009513824738565189,-0.13326349025665524,-0.026754943588537933,-0.00864661723036614,0.04125446908264314
5596,0.04132955573333139,-0.14508972192646852,-0.07746933497425529,-0.0496669479218477,0.00277440505988344
5597,-0.03854524048227848,-0.1263451002590109,-0.09703811167038655,0.03059635321632787,0.035410914857794094
5598,0.004470735376234816,-0.12807964243986397,-0.2727417605474138,0.006444260745063182,0.004450384190754359
5599,0.03991053543776173,-0.058229092588661505,-0.34154462318165624,-0.017989347161788308,0.01354437890577526
5600,0.019835762625786423,-0.07516981718541905,-0.05917638688134635,0.022799842054041265,0.008163748257111036
5601,0.011272042099345661,-0.123100169195287,0.03518077732539844,-0.11107971352597026,0.03360316684512068
5602,-0.0059907072744126225,-0.08360737361163706,-0.06824505213437822,-0.013239180194195213,0.008746799565200388
5603,0.012346043388282754,-0.09536258643759933,-0.03307901872368039,-0.019848100363264936,0.03644864913803438
5604,-0.0023432013567849627,-0.09254258808488326,-0.07839382309678412,-0.03680578566653319,0.027848405664100028
5605,0.025697373397536742,-0.13644546261462095,-0.06063707538187445,-0.038470661197583536,0.0020187594948952755
5606,-0.02291456621385227,-0.11118972564098131,-0.05709252498119814,-0.0055416262041454115,0.017230817992695976
5607,-0.035824461702424364,-0.10425626253938923,0.06869932722188646,-0.02020712739735717,0.04618912313495128
5608,0.03938468038082066,-0.16117586252868243,-0.03887608188900488,-0.01790986012929746,0.015635871085838454
5609,0.012917618886572465,-0.11945731821769977,-0.07626004560129053,-0.029999831851167905,0.024724440920125178
5610,0.006691319561564191,-0.05164377712240952,-0.06949557476224337,-0.007857671325289788,0.03490270427999937
5611,0.003085761238055137,-0.172579276884721,-0.10067229009618497,-0.031786303394925275,0.0035985417894622844
5612,0.03298330643460144,-0.24362561708000086,-0.059357963916843594,-0.05345523074857952,-0.0036018363666333922
5613,-0.02934990637676401,-0.09870170206901986,0.01308384341386895,-0.02015531176851089,0.0844737766592786
5614,0.016443746901472808,-0.12242869336785109,-0.04546384786758611,-0.03950054042910682,0.021803392752551273
5615,-0.003241945793794643,-0.11606559216562891,-0.06889742020426086,-0.05707905019292925,0.0015579254171269798
5616,-0.007252778141488195,-0.1156694703710335,-0.07359936770721034,-0.0052726186090069115,0.0036587754576613172
5617,-0.022964167569006586,-0.1510971745561565,-0.18255010299031232,-0.00939627497090841,0.02853476436154925
5618,-0.024661624697337396,-0.044695741335269865,-0.02965720382992063,-0.015622846794267033,0.004694442304574242
5619,0.038433046054254336,-0.06618518679318551,-0.11739765909374959,0.057004461419859806,-0.03922510346042379
5620,-0.0027588784730967924,-0.14906520063153159,-0.05376189003643335,0.03221216219324152,0.04679005250261867
5621,-0.002749872289363933,-0.13602427648592025,-0.07067307821101178,-0.08308029565853586,0.006439358810396803
5622,0.0027275792235414782,-0.17530248969580386,-0.04813241098302627,0.034725088224257766,0.04265505607779229
5623,-0.015722774506607588,-0.07735090396574347,0.022670580105580325,-0.03412720379141767,0.011180730909748523
5624,0.00154669278886889,-0.0633455818801873,-0.11139145349955279,-0.05716660936014842,0.012488924739415846
5625,-0.009773715002737788,-0.13508061288338313,-0.009339572944135106,-0.028063567552819448,0.007173530586582117
5626,0.04185993781378698,-0.13485181136090416,-0.15812687222884048,0.013899971903675552,0.021345614694192015
5627,0.005249056490773147,-0.14690700439513138,-0.12128535766664714,0.03073658294713439,0.000641684665082417
5628,0.020444016496911653,-0.16326043410987193,-0.2252496632772062,0.004361735696266495,0.009586707592060078
5629,-0.017748249547462312,-0.1267181552386962,-0.2720363700327374,0.009467876332427369,0.010214168558979107
5630,-0.018477862563440882,-0.16456288140219388,-0.2979309718379648,-0.01214353061855806,0.02327562606820466
5631,0.033536527988324766,-0.08013425654065393,-0.2501037402637309,-0.041419891827803465,0.014466848050414273
5632,0.0015946651234157237,-0.13634061069958167,-0.01903918667939622,-0.0010908307649640375,0.02849728302813328
5633,0.03070267700104338,-0.09550530000910835,-0.039733816667440316,-0.0386814143439073,0.006847827735775665
5634,0.04012303579020905,-0.048566085868353245,-0.10584634942760299,-0.016272089017967506,0.010650373333845222
5635,-0.0022863133698472577,-0.11043714470170352,0.005778201445800669,-0.03799365619717989,0.024726805871648848
5636,0.0002955457739719516,-0.10662827370860246,-0.11063493680570452,-0.04043422487089486,0.014702251102300378
5637,0.010479506932206315,-0.0247532291319375,0.036714230808994185,0.0032805682652693813,0.025204472798007766
5638,0.01900019106959801,-0.17034106360245985,-0.07566655299282674,-0.049059979446123544,0.01593042960906538
5639,0.0074986497637045246,-0.13273886578196817,-0.07261499208216657,-0.00432737605202786,0.034458615155372435
5640,0.008354965302170891,-0.14034555298651058,-0.08731019292655758,-0.003058398536118532,0.024689313183864775
5641,0.008087087209724059,-0.07038254200263822,-0.08820461541739905,-0.04350785253731942,0.013930559872927902
5642,0.041097150033142765,-0.12122783669269897,-0.03676848918124488,-0.03136058304741798,0.0002879302106979386
5643,0.03325881260959828,0.005885389088259204,-0.09454186058861841,-0.03480182168505655,0.03395331888309028
5644,0.03787805650042815,-0.02866135692479936,-0.04080869412738073,-0.05556255014261425,0.04226765277567187
5645,-0.02463005606631333,-0.21817485590998728,-0.05669531726467551,0.037356323071973625,0.016950330907068243
5646,0.02896983024744212,-0.10452832822456455,-0.013274071808348376,-0.06397031146648377,0.010518594964846115
5647,-0.018252330560313734,0.08975966678939354,-0.031802841979023055,-0.07900026304689534,0.025960167561160114
5648,-0.006903965746021161,0.09099711851577469,0.055886433470837306,-0.07857251519294015,0.03764209339369993
5649,0.03300968314751392,-0.11245049729175295,-0.035595022429753355,-0.005077877105542445,-0.022715728152046533
5650,-0.015936413076865476,-0.20757470118666918,-0.01472935396990903,-0.056914935944061044,0.030310971520427218
5651,0.03287910389686953,0.11043558569535226,-0.11648880104378688,0.026345705778818354,0.046343828887945825
5652,-0.01869311795233572,-0.261451013975022,-0.10173475650934712,-0.054076301931236186,0.004247812289139619
5653,0.03195491061669528,-0.07236124719785968,0.12195782030320343,0.005844676096427736,0.03753361926187436
5654,-0.037510766466171915,-0.12196790279321591,-0.13183572578764569,-0.03805848555140948,0.0037000872156469056
5655,0.028460171064775636,0.02270755270591949,-0.02774665017565758,-0.040006736111203894,0.03365139498950877
5656,-0.010080691223184432,0.031430868904336454,-0.16496031895988875,-0.03708050598482902,0.04264411097268222
5657,-0.0565839219726054,-0.10765917745005188,0.009779471504081714,-0.04495953273618041,0.0436372779481044
5658,0.07250824202603652,-0.04482931870859939,-0.2255971383037976,-0.05155231752017082,0.024049691177988095
5659,-0.019093912405725933,-0.14992218240435173,0.001996752551460737,-0.007868525857836223,0.015318791793104308
5660,0.04293999707120732,-0.02356840757100049,-0.12967028066400613,-0.058898497155195344,0.01758602524472966
5661,-0.03397971868446605,-0.05434106420550442,-0.08582401047864391,0.00990242804496168,0.01667703487368001
5662,0.0323132619065184,-0.10018973620195132,-0.045808501978294267,-0.08265686351798054,-0.007643825348599671
5663,-0.03690049764098565,-0.0403112846307928,-0.10885908105884709,-0.10882882267745381,0.030713746670363747
5664,0.05550818092697691,-0.21614186745032574,-0.17065475838439745,-0.05007463639647768,0.007774083419203801
5665,-0.03600061097325969,-0.10089507049427524,-0.027852964869921417,-0.019091813095572625,0.00046268100926718446
5666,0.03388644990257065,-0.18726758481024902,-0.08411454443927019,-0.03052766740788462,0.012761523225081575
5667,0.043463477266652714,-0.0747339718482016,-0.04376853430871192,-0.04317700944700934,0.03333242930501659
5668,-0.03824375019227371,-0.05392215427641485,-0.016723487876773184,-0.035183050635482715,0.05151040150700027
5669,0.0012626738960950495,-0.1342709387922612,-0.029736850375429315,-0.04336974745780185,0.018140257690840007
5670,0.03198840984771758,-0.11970545125920369,-0.04187903500379649,-0.021016773966516484,0.0034435842241242617
5671,0.025717992843856646,0.003817113032741935,-0.08610445199655346,0.006052967782619495,-0.00683245792873171
5672,0.030630402232386854,-0.09865833390918005,-0.13024934176016598,-0.03368724361771803,0.03282004399754775
5673,-0.005920882753302007,-0.05028591814644464,-0.08458533875942585,-0.012663784495854293,0.03619856520022665
5674,0.004386829702998623,-0.17041475364531136,-0.07279040349369056,-0.05714269064778031,0.02918665580210147
5675,0.0020275024036645146,-0.0449854028575444,-0.039743761575293496,-0.00653477011824878,0.0326052812772471
5676,0.011289073440971298,-0.0956300577158115,0.10173534193684233,-0.028727798776136206,0.030283251492267398
5677,-0.00432043076239559,-0.09139213175884085,0.050851435694627224,-0.004221866622156491,0.03471011301926729
5678,0.012912209425783243,-0.06668732131761984,0.1006680461720046,-0.004802958725092288,0.0428026640997582
5679,0.0016925908029531457,-0.1445947473167084,0.0419854435828898,-0.07677924239733958,-0.011341623020071717
5680,0.00016009425627355332,-0.14397625695529181,0.09298992111400017,-0.08845734352729642,-0.007452653430746733
5681,-0.013820323529109049,-0.1586264092621405,0.10273281433012547,-0.0843266238478082,0.034268651380442584
5682,0.012135146582854148,-0.10907472706041507,-0.09368834019453819,-0.043340282869438376,0.012727293276409535
5683,0.015322668623806664,-0.17443901304087933,-0.10321171964275654,0.0062239508371823805,0.041619806473813144
5684,-0.006532025360053171,-0.15298845852439646,-0.15446605970873964,0.00512039529508222,-0.002184283107373635
5685,0.005775943059830141,-0.13715882980163704,-0.08707905974995256,-0.004800812060443427,0.0017497831525554665
5686,-0.009606482450451216,-0.1573497834110495,-0.14717324394353984,-0.006574429646128417,0.020266126181549448
5687,0.02093368176215814,-0.15115331783917219,-0.12507889893451704,-0.0253461596872735,0.04046947438350066
5688,-0.014340882170121777,-0.08936417119255974,0.1320048978031239,0.006351953468145312,0.004423178416544138
5689,0.007226291512370354,-0.1290590928022309,-0.09569441702797603,-0.06799506788226442,0.003902280059027288
5690,-0.01295072889122264,-0.011805261952841765,-0.08388273424351732,-0.02981726661759129,0.027880577253598698
5691,0.02702123984056889,-0.10840756045120624,-0.01369008407351758,-0.01922302638055741,-0.024160814695149555
5692,0.006629714498348041,-0.09659357887586432,-0.06887011933842048,-0.025205033422421693,0.0005810018286665861
5693,0.0006304975388098551,-0.10954472836083858,-0.06946758052495912,-0.030957129537502105,0.05274674412699354
5694,0.006551307186427818,-0.15457803064679076,-0.07231446820474358,-0.01136614167518845,0.012758752894373665
5695,-0.010373285365981503,-0.06521746205025644,0.004270551344767961,-0.03483191846010501,0.05565199987142274
5696,-0.009184217968189306,-0.03107926304885792,0.2378462317896305,-0.07513998729074993,0.009502312893344874
5697,0.028865184714875203,-0.1409208314127627,-0.043132341432579005,0.02028019442375322,0.024156629667520746
5698,-0.01630951494371704,-0.046220767201329956,-0.06041387440490355,-0.03137170536707348,0.038034999318204706
5699,0.014836807272836663,-0.1272754045574758,-0.08806096924318409,-0.027055771890562123,0.04503258540235561
5700,-0.003052445641261232,-0.13442791932648834,0.004295119692268303,-0.04408686009167276,0.03796455079158097
5701,-0.032011184388951626,-0.10143974102288099,-0.06230967554346004,-0.013540871172629608,0.019371802664142894
5702,-0.04879662972424132,-0.0677576465151765,-0.05931399121824666,-0.00894357101126588,0.04452790220129294
5703,-0.004484585647529133,-0.14292552716418713,-0.07351534351164343,-0.04197852389461003,0.000243777578844536
5704,0.013133587902521594,-0.12647276948839584,-0.018574594107357997,-0.03503333782949481,0.003908917309218668
5705,-0.00293108868180564,-0.06726925524141064,-0.12634965876738563,-0.0285494995264836,0.045891959733976466
5706,-0.033276557861794495,-0.1916993262897302,-0.12067576599751517,-0.021360191874851147,0.0024298155225404533
5707,0.013748584157709692,-0.10920902529344755,0.021651831339503446,-0.041085194659509404,0.04574960464582798
5708,-0.023107485396266534,-0.029028510741102152,-0.08635843802828977,-0.005956856504085268,0.003097283816275687
5709,0.005005852759573575,-0.12956454253431152,-0.025691667413636134,-0.03747193939749416,0.04767569692163794
5710,0.02266339935530839,-0.05807877041792244,-0.04716649605528239,-0.009684048072827182,0.0012453052325097204
5711,-0.018958586715210425,-0.17256241413642223,-0.18730279597677,-0.036131546053517344,0.05708243736078022
5712,-0.0031414570325536484,-0.17194871858660016,-0.14840945435358335,-0.05161504817955426,-0.005978101010874351
5713,0.016076021884029807,-0.1567253420329747,-0.06538517761903018,-0.0447189122603112,0.0278938088092086
5714,0.0007112314753853108,-0.021277001452033567,0.1351673255435623,-0.015806561833173253,0.010884292555648725
5715,0.01243259352367836,-0.13371144565949514,0.20929310210515772,-0.03171801237747951,0.02464102420631282
5716,-0.005162793167254446,-0.030000271859728016,-0.1376593037523845,-0.025125584089464977,0.007989070221862111
5717,0.00859535408955086,-0.14790235496430656,0.042334628990942626,-0.048039860581472055,0.021921647288496767
5718,0.008770079949744141,-0.01850951179925877,-0.08084671889024156,-0.05398836148672219,0.03696543054738198
5719,0.018968459497985698,-0.07013152140628966,-0.09440264055224039,0.013878011469689346,0.008978007881595763
5720,0.021188093142307934,-0.10401089919728689,-0.1430779570075097,-0.021616158215866422,0.02367174125145618
5721,-0.01034167829727795,-0.06323047895691843,-0.05899001752744136,-0.0019184121294198676,0.03419714488370702
5722,0.005060661088276928,-0.10857794972198413,-0.23040242811248182,-0.06743404846014149,-0.062045069688872106
5723,0.02646657743296559,-0.08312966085193549,-0.012603504384591568,-0.03917496241432879,0.04707448641894418
5724,-0.02753321814418313,-0.04339542785396185,0.04986533123774496,-0.044679578741116145,-0.024955791864324246
5725,0.003157640407051002,-0.16273639795462858,-0.1069177364275519,-0.01680637140676974,0.02667093175352244
5726,0.03037828120313308,-0.09941850895521365,-0.05915466898442392,-0.0597300489159781,0.0041754687404880865
5727,-0.018636258698874166,-0.08343710013968002,-0.09822388911687459,-0.02032344564907559,0.010095383405844599
5728,0.009941167480713147,-0.04735275605906372,-0.06731499682376514,-0.020386217344948936,0.025049243756338577
5729,-0.0348241241697533,-0.2362360615577266,-0.03542698701644831,-0.02257836197893418,0.021836507354500267
5730,0.0329915092605407,-0.10150261044944944,-0.03853269660183345,0.02075596600601889,0.0020707267058075406
5731,-0.04664017661278527,-0.06955925009327246,0.0018975350218941292,-0.05184844648102177,0.04199067919602558
5732,0.015283215667277214,-0.13968629586843714,0.027466774540761813,-0.10086595783007182,0.024639923716581674
5733,0.019156009533492644,-0.13116838156811186,-0.0010366676833393333,-0.07378265700977979,0.01996826273333143
5734,0.03047651568700782,-0.07393489912208663,-0.0864201764831797,-0.007027056431660503,0.0382107528647366
5735,-0.004734831565868648,-0.09227986071136485,-0.07000066905970936,0.001768933983387618,0.006364066631375549
5736,-0.002909630067397678,-0.11131582180173132,-0.04160222373609024,-0.07688765543419322,0.011373458975996752
5737,0.008345251734384425,-0.04341386989846065,0.06107651326523748,0.014987190233729585,0.02098517674580649
5738,0.026994402090479274,-0.14755068075940156,-0.06870993318590075,-0.014371034040878299,0.006911482517252619
5739,0.031457827287637415,-0.14342728427428295,-0.026423432487450264,-0.036138313920859165,0.04209969387599248
5740,-0.01665233815633467,-0.09936967327824432,-0.10305992901370274,-0.046187973031223135,0.010505200094199568
5741,0.03172526123148554,-0.15555629906629034,-0.2769106253517358,-5.825939968167196e-06,0.02446199056403331
5742,0.0444743740428213,-0.14746563039947924,-0.33496745672804423,-0.00929747077581078,0.005635272026814546
5743,-0.012938065228513158,-0.04394010828298301,-0.013305878191290118,0.0030916727537234575,-0.017757420994343475
5744,-0.0134214223915069,-0.0541604282010211,-0.2162937687637499,-0.05195528069476341,0.034349618921296385
5745,0.031157073874435993,-0.10970309060385286,-0.014083571521178137,-0.022493272388690606,-0.008969845167521869
5746,0.008007367470375623,-0.12332141450078003,-0.08849888215955413,-0.019274023105893615,-0.04177145331270156
5747,-0.003950865122185599,-0.06330130591182029,-0.04465911235627518,-0.027600529463233946,0.03019293988471046
5748,0.00270724871111661,-0.11534906360206837,-0.0457601761555205,-0.022691033996789768,0.0006578869467942062
5749,0.004274010747901028,-0.12132501387102906,-0.0393708819136172,-0.00995752397700688,0.03483817607901998
5750,0.01129714204088963,-0.13247054429679397,-0.1325389289187769,-0.04696115709189677,0.0017933932037379951
5751,-0.017358622132728103,-0.09398603304189937,0.02629777183953154,0.02384673026812562,0.050190231562102325
5752,0.023029967239467635,-0.10091354217453023,-0.05477077650969867,-0.07307204589369785,0.0001655067529594542
5753,0.0006162324609044817,-0.13761914718312857,-0.058361239096395935,-0.013825135988790378,-0.011352201986567882
5754,0.013775699277592226,-0.06201993532531185,-0.15932585955027934,-0.008325447631079928,0.044699471987952766
5755,0.01856721659393922,-0.12333453136305478,-0.07125768630490024,-0.034046327551203154,0.008584557483481494
5756,-0.0013172714419629654,-0.10855310138267266,0.07051901921852093,-0.033342767275024686,0.04080371673380607
5757,0.027515416255760945,-0.09813925260916771,0.12748333530561295,-0.019718715268489236,0.047743395017480636
5758,-0.006477984896183966,-0.06551342202055035,-0.140260039997066,-0.04735181338212011,0.00201849658787824
5759,0.010137604406592376,-0.05300081081000719,-0.2473331204993008,-0.045802556870753304,0.00891177212832956
5760,0.029480271924862245,-0.0908439844712884,-0.04876536797410049,-0.010068438010164812,0.033857138571899995
5761,0.031153169752767173,-0.08433715469340095,-0.0327634455213363,-0.006878578099274987,0.032981479702289866
5762,0.011634225099334374,-0.09696211967318774,-0.08291439564053703,-0.05654355790108685,0.025300956964939555
5763,-0.0031523086612317603,-0.1674379698972867,-0.05066788325428912,0.003580752849982341,0.0016359695057068281
5764,0.016965509052200574,-0.11712459947577544,0.07091274576139148,-0.050576820853685464,0.041859874739713615
5765,-0.015680461166941394,-0.16483061308618308,-0.09650811457969631,-0.0024151333163875952,-0.06284280301500512
5766,0.06924774441397075,0.011512747633893143,0.01410901419948861,-0.05188756188718327,0.024468793658758856
5767,0.017687126746945402,-0.08062632577015418,-0.012761572822838374,-0.011076982789753321,0.023176535809103817
5768,0.0392506047930205,-0.09984203868207331,-0.0958584995492919,-0.003891736400577107,0.03350316857124331
5769,-0.0025932502692522213,-0.045244257235848885,-0.15727139594800765,-0.05651508275149197,0.02469860955338497
5770,-0.016385709624723386,-0.108063331298089,-0.040066974982231385,0.004299205078065386,0.012888240930988165
5771,0.022379010519877323,-0.051607501632213275,-0.21153165219017003,-0.05754166083844312,0.03586318041529044
5772,-0.0159746100997907,-0.15240516854172342,-0.06811576624277293,-0.012515617725969534,-0.00914639314654906
5773,0.025875908082677715,-0.0784569862162319,-0.028557598943115763,-0.038005685862867615,0.012022512383180929
5774,-0.00011232811449514626,-0.16100158672246787,-0.08944407050082426,-0.017883074001739146,0.023691532977518467
5775,-0.009437974367468342,0.005332067149276936,-0.011892891675208652,-0.011671640140994786,0.003673313453306635
5776,0.0059109877598273654,-0.19867660167243326,-0.01923909044348495,-0.027934031393978473,0.02876585813013787
5777,0.009534630244364755,-0.11962545201532461,-0.03205116948605683,0.012906067774265461,0.025375801891999294
5778,0.025550366942071596,-0.0867698691934697,-0.15870356228529348,0.010050763188184555,0.004343214791567587
5779,0.027329305892867545,-0.09601564863361711,-0.17107740128015458,0.00844929375335804,0.014612397293294223
5780,-0.010835272347323321,-0.1309573781860571,-0.08025505105872228,-0.05683688337596007,0.015354406766216824
5781,0.0441811729080037,-0.07050353586309453,-0.05613523552657528,-0.0018272570454522504,0.026239276611255014
5782,9.008419281900973e-05,-0.11463394591986421,-0.0377672646520597,0.026236329173523976,0.017739474283663816
5783,0.024973361136735265,-0.12578793273323308,0.06908847063966869,-0.07702430554939071,0.012137488235989948
5784,0.01047410771449688,-0.040217697542728845,0.009744589727023868,0.050956038294329965,0.006699638333045947
5785,-0.013295709302239436,-0.10038006758100658,0.054620704483144045,-0.03560124585177902,0.11075276301964494
5786,0.037903512127470666,-0.08115789799268044,-0.03232848923501573,-0.0198721403732362,-0.010293158523884896
5787,-0.011257976445897036,-0.09233904534857043,0.07488407537052001,-0.04561835195181728,0.019712939425911603
5788,0.01926898531336641,-0.17774609622490942,-0.2108239449458304,-0.0047573030150406615,0.009044920070655067
5789,0.007146320097179696,-0.06476781420429592,-0.10447406945717543,-0.012822283759521103,0.02797064126513743
5790,0.0028074980461002827,-0.08339460651546697,-0.12079004710631398,-0.023815914184484928,0.017531955046211363
5791,-0.002444149460928149,-0.07206859944621599,-0.033485942495835336,-0.10827558943473739,0.04831526082957649
5792,0.019865265969135053,-0.08309023400729466,-0.020324878844899984,-0.0175974528150289,-0.008498143833320898
5793,-0.00379438215218997,-0.11785081404635729,-0.064419306732647,-0.03827444169650971,0.037280195614501764
5794,0.009975717878018103,-0.10255828620027004,-0.08937250125600797,-0.01022747526116326,-0.008177151778442023
5795,-0.0032201097244903393,0.03527894086058845,0.041921487654011144,-0.04764934299150701,0.02840897260836985
5796,0.008668966450057476,-0.1030857866132463,-0.08682893066656545,0.00787458781918018,0.009549327462707405
5797,-0.013830997685499084,-0.14605520669225464,-0.08181809155907879,-0.07252901405088535,0.04933676569794161
5798,0.007294521032191704,-0.18436461834262038,-0.10857923888733788,0.00010895690528724123,0.0571678634696012
5799,0.014109365826769454,-0.08689425445145044,0.007801364584802006,-0.05356099991907509,-0.01555771290144533
5800,0.042155830637785725,-0.1831340093809755,-0.09709882919114389,-0.04636500444180189,0.04596848420476316
5801,0.011665529905002558,-0.1572698630234146,-0.100060868288807,-0.036079414115864385,0.03241370009242165
5802,-0.0121965630735,0.010230972989448271,-0.07851205247744916,-0.04412556209797836,0.005725215519732354
5803,0.02634000242263486,-0.10228477344802106,-0.08451571848758382,-0.03705389533544957,0.017470870968292723
5804,-0.005774784826966965,-0.09553127927705468,-0.006113444062591676,-0.045394149348996465,0.008775472649615888
5805,-0.03216430719176661,-0.1391005385396148,-0.05275702011474521,-0.052682296487383595,0.014550376254243673
5806,-0.011814617471253936,-0.08374654735776736,-0.05915381905707431,-0.07583378064475721,-0.002623176696123356
5807,0.020591063053472945,-0.024575429749997883,-0.09114436765803954,0.008708771835039406,0.020062830753160003
5808,-0.0025981947049675057,-0.16291985544633178,0.00038360547033854505,-0.023640542563941505,0.010414033587627774
5809,-0.007783577865487288,-0.11436545473129833,-0.12100361852000877,-0.03524410503156585,0.0008292800342714426
5810,0.016470207001200925,-0.12624519921482055,0.22165025649752312,-0.05333858147352093,0.04497944714851995
5811,0.004255660553431669,-0.03799627487758926,0.06373047679536904,-0.04952710448306033,-0.03074213966046087
5812,-0.003008015404668692,-0.07487819808950309,0.001370161086612851,-0.03368627391226095,0.020193610241059243
5813,0.000486714237836113,0.18168799214550022,0.12835845916599845,-0.01616273594125094,-0.0075933059381825116
5814,0.007907864455761008,-0.1240465600426963,-0.14323343063899666,-0.042691510506893876,0.04927268763511448
5815,0.0040076421108449275,-0.06692761608359334,-0.10520733242787261,-0.013673239196517549,0.016475576007611518
5816,-0.021932954177641503,-0.08794346833814559,0.07144229930402662,-0.03613809846948015,0.027839081842698146
5817,0.04605229394874077,-0.10821984056728386,-0.024684252005938837,-0.01183216557751407,0.0030337017658979342
5818,-0.04052178133848428,-0.11593187573017728,0.04983582546434212,-0.05567320239639325,0.0260422480085935
5819,0.03906591105956793,-0.1174654613203782,0.005130950656570996,-0.00010334135452765625,-0.001282246980508343
5820,-0.002433960322796981,-0.09862277606433767,-0.07355575863827404,-0.0005816981987739431,0.013632266724263058
5821,0.009101105519212015,-0.092538040652921,-0.14732554352991284,-0.07748884362433933,0.01919699063051692
5822,-0.023068723843359715,-0.05222697544146477,-0.12132988285566632,-0.062222896729726404,0.009756520134688893
5823,0.032282459418117616,-0.13215370351363087,-0.07352692493199406,-0.016867270287902816,0.018254550457357722
5824,0.013165050619971785,-0.1464219404976135,-0.027569286406112687,-0.036205157409097584,0.020707878283828227
5825,0.028364483982673525,-0.07206672155949474,-0.20866902019183572,-0.0233102661297897,0.00293890767615782
5826,-0.009286434217264352,0.010905730434539799,-0.2251717954928286,-0.045762670091972636,0.020153552195195327
5827,-0.027807568536184234,-0.08083136858586813,0.012114459570792097,-0.018312571023164404,-0.0038383076959188716
5828,0.014133623191983953,-0.2259916582255713,-0.15438015433138266,-0.04575474463774597,0.05009055987144869
5829,0.020219156551588745,-0.219484833148213,-0.13231294366887827,-0.017632825520872142,0.04168710212893767
5830,0.030869325081611318,-0.07533266467898221,-0.04235166246272938,-0.04814461303387963,-0.01405694037532453
5831,-0.023621532971224643,-0.20208670441799206,-0.06307905343346042,-0.004526522721378205,0.027060848576793133
5832,-0.0014136205227549738,-0.1066781178456326,-0.05420804753460444,-0.03270973360174701,0.027511843122709673
5833,0.020731298066986675,-0.0764362675341732,-0.08293877711583188,-0.0532193836761821,-0.003068404256988454
5834,0.01933737817907055,-0.19876631831737296,-0.05231298095733205,0.01587718247765836,0.058860614707973824
5835,0.04317620446127342,-0.06611166761938916,-0.07465303378157881,0.030823367222160895,0.04020350350095483
5836,0.04829606067403019,-0.05916646173994704,-0.08229845238180657,0.026536273512176627,0.011983981924087691
5837,0.017483757802511445,-0.05239616991396356,-0.10695951648645474,0.0021954617882879147,0.023860348061730794
5838,-0.003235899126778128,-0.12715932211929987,-0.09219708987576813,-0.039689930083878014,0.030453806650323205
5839,0.03246435866889306,-0.12962507538800716,-0.09032123880372997,0.008670284805227461,-0.015966749528515047
5840,-0.00480585336716364,-0.1024373462567996,-0.07047135390138122,-0.05610837397959373,0.06629824747626889
5841,0.023327923377658606,-0.09716740012539939,0.08310542504556656,0.001505738941879309,-0.008448470630160295
5842,0.014369936486873753,-0.10450265016435542,0.0322944405574244,-0.08013739041461998,-0.006657588304607131
5843,0.011408775970192115,-0.32083166490322235,0.0009821088509404795,-0.06747317842902266,-0.03951193987489881
5844,-0.0049784034677711805,-0.09689147051387001,-0.08368597961524586,0.0032382045912474114,0.0016344630621336021
5845,0.028093922684652377,-0.08841077962588123,-0.020764741361249943,-0.021820394709641686,0.06805175189563617
5846,0.05282181098508157,-0.10566777391848067,-0.10857629038883607,-0.03292784443794678,0.008495103161918363
5847,-0.027764578144985348,-0.07712287249194252,-0.05327961851794659,0.0013160256907754474,-0.008814111356024107
5848,0.038751084778351846,-0.10666365428190691,-0.07249805447694949,0.023216030205742946,0.08915241082387622
5849,-0.05085141782138473,-0.13213047616287552,-0.07759873580762754,-0.0009528080282083538,-0.00021711192469823658
5850,0.045073684212641046,-0.07637507849645879,-0.061406758159922185,-0.02182482769182063,0.033123419417384135
5851,0.05050141820385405,-0.04792915585787868,-0.08677390845399845,-0.018749108640751477,0.03460864519083757
5852,-0.03150143720679962,-0.05608466380267426,-0.09342094186883577,-0.031856758330906045,0.014853741404683624
5853,0.015840796665322714,-0.14032790585118823,-0.16081268819022723,-0.039477564818270576,0.010569585569113084
5854,-0.002289354244272103,-0.10307711661997679,-0.02209378983794708,-0.03235036346395224,-0.01384520437051105
5855,-0.007281161942743977,-0.0930539297464556,-0.1695953895045045,-0.032620305844082986,0.0006491229526035514
5856,-0.0015188535834956707,-0.16103010254728756,-0.03052643299468792,-0.09891236157492982,0.025728368553842005
5857,0.0015364218511377287,-0.0818300363002637,0.0677923275869807,0.021270083818466446,-0.0009991363692123374
5858,0.03752672004684615,-0.09359018524371791,-0.019656474848593113,-0.0611927381741289,0.07663426671128475
5859,-0.016675476034845548,-0.08718705397871832,-0.13889645466348519,0.00045410406962221515,-0.000863807660416254
5860,0.024645832805945508,-0.03287955423056169,-0.06200745833842664,-0.0598827855874348,0.01928454019831406
5861,-0.01840289059590758,-0.062378063192621784,-0.0808984362655923,-0.025939547967182886,0.02941285919038615
5862,0.008968657080759041,-0.09620962683676998,-0.08570365824537109,-0.0007987232486405462,-0.019371977873140225
5863,0.030049680900084065,-0.07928705001353015,-0.08756342608403617,-0.1156258472505977,0.0077560828440786135
5864,-0.044021188836719356,-0.12565335314873485,0.016909257999970548,-0.15969160576847757,0.050986065316276634
5865,0.02471072572377336,-0.10861568999323644,-0.01678214410522596,-0.13435543930372523,-0.008726619995522737
5866,-0.009677081825336878,-0.12407811481234415,0.018617710049418312,-0.04458069242726064,0.019561442818697025
5867,0.024337369500168987,-0.11050920821315617,-0.07177226306211633,-0.09087058037310453,0.014780763134153151
5868,0.029188105886066927,-0.10537047868421712,0.17607734132182273,-0.01985229736031226,0.037451839339394735
5869,0.01776131668790382,-0.1103673360882072,0.043679485303318416,-0.04345953292708961,0.004604923928718703
5870,-0.0064933448886233675,-0.05393533664207107,-0.06289667968658799,-0.007032622390196165,0.03764375084599896
5871,0.02745159546705865,-0.16993702882422293,-0.03076299412468113,-0.07290117029582115,0.05011245001702467
5872,0.008633063156204606,-0.10412070043230759,0.014100372520752765,0.004822280454312509,-0.018007115359606085
5873,-0.015883226066298904,-0.08290649144629274,-0.09730320471734168,-0.01707566176719065,0.025293742891557683
5874,-0.017291593011380273,-0.12165886334026582,-0.06631439722919959,-0.06059386231898577,0.017939603796758814
5875,0.05348538979806946,-0.0657489872355788,-0.04673538963740451,-0.019376104890222016,0.022217137426773496
5876,-0.036640388810204344,-0.08128699463833763,0.06430770689379942,-0.018884188066851607,0.01593992751971709
5877,-0.0247898766202545,-0.0865893924084928,0.014660633636181884,-0.039047483697227034,0.04405404855302659
5878,-0.001256345515887529,-0.12220145828546695,-0.05368119324257042,-0.03944957594999634,-0.0006048208474696416
5879,0.003571079652595228,-0.11864763543465011,-0.04731357028086317,-0.038134800332569704,0.0006259055377015269
5880,-0.006811607561147165,-0.13714287709580203,-0.07113050619888646,0.004962617235145163,0.04299895962854138
5881,-0.006226502415548926,-0.09174209606318154,0.01706447370302691,-0.02169352164708029,0.02493645006937873
5882,-0.001460246982690222,-0.0981953726854568,-0.09712932010546678,-0.058290861992198274,0.006054499292854217
5883,-0.0054880982494630425,-0.11643604707449984,0.011051693547026563,-0.03776530253999937,0.04345687015528446
5884,0.004130412388470229,-0.1110903354062609,0.0671055649526924,-0.04383368288765609,0.025794395422843494
5885,0.001489105711584853,-0.11205405328371092,0.008322740729385776,-0.005484762201450837,0.03708871029199936
5886,0.02598472999259612,-0.0765727855735716,-0.09607688756161692,-0.043437438305354244,0.02371245235054008
5887,0.012855078550428566,-0.08470601671551904,-0.06192193236500902,-0.023740666493856633,0.026904214224107117
5888,0.03998050580517619,-0.06490725150839133,-0.0325868032518231,0.024056306308587447,0.0256336758890984
5889,0.02438157581488633,-0.08589972750788145,-0.14583606227713025,0.004418775460301936,0.04321122805717529
5890,-0.00402599105333909,-0.03410378665560556,0.01112700695886006,-0.05356423656142952,-0.008905673472274049
5891,0.04807170928253632,-0.12247509127356429,-0.15402030217587448,-0.02234609430455452,0.04929942232220841
5892,0.026139483740321573,0.02150860255361944,-0.12516426966957483,-0.004264348172017411,-0.0005693399834941279
5893,-0.014284343598601123,-0.13626978309084822,-0.13199718207729047,-0.034565986509595324,0.021800664274481976
5894,0.05449631893566944,-0.029014381786962695,0.053517522610587745,-0.06173610913489651,0.0014717720808654947
5895,0.030707500510201147,-0.029019173668968525,-0.06087261733944342,-0.04470710210252211,0.03892864042961005
5896,-0.01216067948490476,-0.09845273222361252,-0.02644761409563746,-0.0476775495598389,-0.0022846084937394816
5897,0.018471894839671963,-0.02269804855448708,-0.017227413022247694,-0.004910944053090331,0.048244329115775836
5898,0.012663659522594971,-0.026322439724603394,-0.0013708038436900064,-0.022092839894621796,0.03208675280332907
5899,-0.010228883715522021,-0.08164626472867414,0.012823171626263475,-0.07028056674804614,0.009175260458822757
5900,0.026157901412763144,-0.19175213512883205,0.08436000971314266,-0.022401013830609065,0.03853939164398306
5901,-0.0021103736687354594,-0.11258612257784248,-0.1080580683452549,0.011217667096587189,0.01717206020201059
5902,-0.016555937338410816,-0.1433429187443277,-0.12949362779071244,6.839149870595193e-05,-1.875286212774116e-05
5903,0.029904315380547893,-0.08419066421800755,0.011827381595168992,-0.020194827941024365,0.033693554279469684
5904,0.05729375808368608,-0.0802167611829101,0.3423898180965166,-0.07896167018442919,0.019099273772221523
5905,-0.012083308511095086,-0.2431426749803834,0.0974761352469961,-0.007727920696811302,0.02334651849565998
5906,0.022380732177079424,-0.1696982239366534,0.0592785059807297,-0.02715521286063829,0.022617555782860743
5907,0.015423398672260672,-0.03311938098254506,-0.10133886008482187,-0.06582668110065422,-0.002903629577202445
5908,0.012327451171918156,-0.07985336679090688,-0.1400958117894565,-0.061455142031845426,0.017702073215954916
5909,0.020671780443818944,-0.04237779747905104,-0.1211800796469229,-0.05945632083017087,0.03428374945354944
5910,0.012063911139033635,-0.16660293682681623,-0.1120949666467533,-0.0397911108054968,0.009269700018987597
5911,-0.027855868332306022,-0.03374049836241362,-0.10260933343668795,-0.026243643275042187,0.04110838754169285
5912,0.03148565573352269,-0.15907830885511245,0.14588020234382992,-0.0271256780441937,0.041181813984691895
5913,-0.02295499366197602,-0.12758224125446824,-0.09109385325677558,-0.03759267113347899,0.00675494648712711
5914,0.035247755708788256,-0.05695243813477598,-0.09594470840203938,0.0205208209812037,0.04338725398540935
5915,-0.009627852077466805,0.006637663911440084,0.01711544350922279,-0.0531259210271979,0.018785671747014746
5916,0.018897236786938155,-0.18471766488834415,-0.10235512843498266,0.01731603490642651,0.031284280068785905
5917,-0.010154948847107062,-0.06966683638452345,-0.012806824855162042,-0.09695621130965323,0.020401291399030894
5918,0.038056427819552596,-0.09543354270946448,0.10553442078249481,0.007701703050675779,0.051915393397249626
5919,0.038933780903965175,-0.04828251154846038,0.05832900546238778,-0.045893373374007895,-0.03584938386420286
5920,0.010296224251781881,-0.16309532833609766,-0.02574939180105787,-0.01660513688522756,0.04145142173687796
5921,-0.028105815643621867,0.03440358587239258,-0.06508427012574108,0.062250811501642855,-0.02788439798556334
5922,0.01005856451728499,0.08875445401161353,-0.1875596523635496,-0.013888049696732168,0.05102901783257636
5923,-0.020713718159288172,0.14400490952111475,0.03224120074012163,0.0720670517962054,0.041878044038168374
5924,0.023339076445887175,0.16928870587118386,-0.03199781360531779,0.024233693624494054,-0.009469415973597893
5925,-0.0062354627666354355,0.050160815043053614,0.03280607214038442,0.01905235632943517,0.0323453249366025
5926,0.030449308159696167,-0.06564750999055552,-0.10046211666248206,-0.02055824747535214,0.051582598315152835
5927,0.005761808250856622,-0.08965038103665189,-0.007424663356656238,-0.016728233655499698,-0.03498573118626337
5928,-0.014778158857322423,-0.08046336744655504,-0.1046577155347746,-0.0306720279020885,0.02286524242261329
5929,0.03174489414721012,-0.06944301679385412,-0.010749584057608112,-0.01171369090682952,0.02984989170627835
5930,-0.041239607557158345,-0.07839505590127295,-0.26026601342997613,0.0007076940527427305,-0.04039134782526819
5931,-0.010229675401015867,-0.09931765716788071,0.19464004027275672,-0.03892352188590922,0.049240916371946414
5932,0.03355685706109113,-0.162465661216566,0.19293491264252205,-0.05266759133190872,-0.02834292806677747
5933,0.013841856545481512,-0.12731909174991993,-0.08972377089503988,-0.021327250697272506,0.0470513598543322
5934,0.0197851317646872,-0.1647346379154511,-0.028671038124842355,-0.051438382963955455,0.017741263594050986
5935,0.016058936041024995,-0.11773357491858363,0.002196646373208695,-0.02715807080530179,-0.0186074443397285
5936,-0.021275809766609574,-0.11768652792209633,-0.1674336594339513,0.011348675424876617,0.0024924616211924743
5937,0.01818494560118259,-0.05111296814470052,-0.14981721889230865,-0.07394081905033142,0.045035006917732094
5938,0.00044415246204529673,-0.17247620712485434,0.026339267276241377,-0.0005428390709162327,0.008527728306656646
5939,0.02497404684958656,-0.08646066837131583,0.05181892017223212,0.043889479428878726,0.029482256081136436
5940,0.00619022218684939,-0.10156262935145755,0.019333612471392907,0.005880830339994044,0.011499029767788285
5941,1.715961688995098e-05,-0.0863888213275115,-0.05727699622590161,-0.0635955598081161,0.02603405438294629
5942,-0.007895170147829369,-0.09624443744700062,-0.17236106620663083,0.0007452679421374028,0.0006994707983093628
5943,-0.0021486956360563542,-0.1328477692416846,-0.06535739145629192,-0.017477209787522725,0.04662737084903433
5944,0.023871354139405575,-0.060404282662476765,-0.012525021479009297,-0.03622785826697577,-0.061559285545225446
5945,0.017548360435192253,-0.07203962562485222,-0.07428282377368269,-0.021953173475315432,-0.04091133234694159
5946,-0.006123513743281298,-0.08460961724723114,-0.09361429732502029,-0.03358075597576816,0.048447640374257195
5947,0.02203562011427797,-0.27339241179579854,-0.015252680798558476,-0.028536325317573254,0.01948456409715702
5948,-0.0018480106645467097,-0.10489825604570122,-0.04425976715534327,-0.045738604102133054,0.03819611231883346
5949,-0.0026843662198036415,-0.12824967530812104,-0.003450331651944502,0.0063889193049411356,0.0060386129782629624
5950,0.024921624013933035,-0.10145177848540225,0.035491391231980744,-0.006644437796168838,0.007135705592205434
5951,-0.0124259588963911,-0.10869309322710932,-0.057686649394227456,-0.04140480371951189,0.01017280448428141
5952,0.009997406303334662,-0.1547160763638345,-0.001233849959767701,-0.03714628093328989,0.029115818856310493
5953,0.024548380672330495,-0.047780424462468836,-0.08702551166176041,-0.02362427594939873,0.006741591550990356
5954,-0.021316268392493187,-0.12750818266581435,-0.10033537004552895,-0.03144563110701246,0.02840793642260519
5955,-0.00841129754539616,-0.07153722344446989,-0.16964313941416043,-0.053353545338480884,-0.00497735828534783
5956,-0.030207236031696966,-0.14700840176834823,0.030644200910121294,-0.01745367645832435,0.03653480670510381
5957,-0.015717988254515276,-0.12305703047763307,-0.20523329328419207,-0.03542936952293478,-0.010577943698606642
5958,-0.0049354518000489225,-0.05155048557685993,-0.017195087152946306,-0.017370329238376177,0.054422033642343486
5959,0.05454779805089041,-0.12638436128565128,-0.10348923569823373,-0.05610097599511919,0.03555400885624247
5960,-0.02590611516232109,-0.07762132210229733,-0.04682937520739063,-0.006778651017398833,0.006630733778085412
5961,0.05334561461978956,-0.12472194491035045,-0.063875707066515,-0.022715182642413453,0.020982774260550462
5962,0.0027337915824875297,-0.12819711036566322,-0.08198813594966467,-0.06173162587955709,0.028219805222390627
5963,0.023229258882413072,-0.005765292772575546,-0.17819661615853383,-0.022817265508457425,0.04662249278037558
5964,0.028115597462596616,-0.07681968722420936,-0.16674953892622632,-0.004984348068280413,-0.006013453066532627
5965,-0.014708468391220284,-0.13916780274663196,0.030031261693576988,0.032232628316552055,0.03278494553216485
5966,0.023982456195754176,-0.08339386296226811,0.2169862283952267,-0.04697093419850943,0.033986402958632186
5967,-0.01679459905913471,-0.07752177196454567,-0.004617876074530324,-0.03787874508254906,-0.01763931022461789
5968,-0.05886196134582971,-0.13456546889919052,-0.015121462432176018,-0.027017470046825327,0.006677332790583464
5969,0.06793354153854493,-0.13886414715291176,-0.06526124977439539,-0.05419231423259386,0.006776937536695051
5970,-0.050917229005601874,-0.10312256477028897,-0.034644670807564074,0.01349601185763663,0.023622232045399916
5971,0.009147768028385616,-0.12879693525694222,0.07469946904974725,-0.059686666835176524,0.04281685317046284
5972,0.02956155258218078,-0.08331965770343211,-0.10747053017286827,-0.009238051003963703,0.04028798478112369
5973,0.003806176950779186,-0.14688964679114055,-0.25962435005513723,-0.025340033019467363,0.025156478198792003
5974,0.011489868805002435,-0.07956838492560665,-0.09663360952750011,-0.04435404344834077,0.007650088227679489
5975,0.011061034985505919,-0.09314092960357431,-0.009620838269148614,-0.024903678638487848,0.02526605420495623
5976,0.006312427324738618,-0.11505177387100772,0.022583284292598354,-0.014563626143913056,0.04216652447138924
5977,-0.004861174146104663,-0.12822788350971615,-0.22677481388664833,-0.015836266415166292,0.03788297691860043
5978,0.012338006328514959,-0.19327357240014223,-0.15685338639381308,-0.041377349886109166,0.016308108635642526
5979,-0.010440902563630958,-0.0985410100737783,0.02793866201857446,-0.009853995938212954,-0.005516680922469727
5980,0.008526496276199657,-0.12039645119126254,-0.08995029712307087,-0.04524703389214736,0.0798928110411273
5981,0.0006487342704223817,0.06936826695594449,-0.033114091744861886,-0.03656302020868739,0.010131806079806146
5982,0.031369700224192304,0.16339012433686315,-0.03407372882397449,-0.04888850954498466,0.0211857943780789
5983,0.04673366704384386,0.062168669935822665,0.02230961765182675,-0.023966596191025858,-0.012877221621557975
5984,0.048102421413376555,0.031939151420496636,-0.12044419605397931,-0.015635014084785407,0.05020465294328101
5985,-0.057491524554683246,-0.10073947095405872,-0.010607638670016663,-0.038040804097209224,-0.02134091904613737
5986,0.0041548479736165,-0.06030843161567684,-0.12640953457893528,-0.015199241064332583,0.07177177627109448
5987,0.0318366068228585,-0.1217202652287658,-0.009857969910285487,-0.03971202005267798,0.016145044635157795
5988,-0.008416598571885226,-0.07383499493923727,-0.06537357045236417,-0.0057737990440607494,0.04593422018994422
5989,0.037278552122294493,-0.031855838186056105,-0.09703552477900332,-0.019617421124539573,0.04778964720842131
5990,-0.03591743502695243,-0.12686231875076376,-0.10261919561158325,-0.040315472351964365,0.06659031773647262
5991,0.021008759883980585,-0.09727321316869302,-0.12775894967251192,-0.003269784276493768,0.008963457043169382
5992,0.0030474724602178953,-0.03080983249065362,0.046331684023588934,-0.03812423310023096,-0.014746755685054737
5993,-0.006622998063785544,-0.08714021273840558,0.40947798166097316,-0.04148641003456656,0.07374601373055065
5994,0.0056725842215777054,-0.05675576905781346,-0.11006526142285153,-0.00026193577107425895,-0.007461815387716846
5995,-0.028490308841655383,-0.07394237504823921,-0.013953135245788152,-0.006108969476264937,-0.04091046756017667
5996,0.04335372226912693,0.008262452421661536,-0.02961218495563273,-0.04480553410927789,0.023654654842000817
5997,0.00512731130498937,0.02370066298182169,-0.04631051489696976,-0.054581505072645954,0.023349827416328253
5998,-0.016487212372131643,-0.2144597227266449,-0.18437698881201312,-0.004669814684353843,0.011937637915702775
5999,0.029210580405548386,-0.03535940989245102,-0.08155855923997751,-0.10628573090136213,0.03698182387358881
6000,0.026161519290920098,-0.0801694641633809,-0.047971885524144144,-0.011453845025466149,0.023965633782869904
6001,0.01819336495523376,-0.062124838070713055,-0.11171653628538192,-0.022637267440827905,0.011528908959674544
6002,-0.00014964205177283346,-0.14117609055257457,-0.38008365651206716,-0.031087565151635327,0.02054844151543402
6003,-0.013376777753317281,-0.048930186102278644,-0.3066158782464237,-0.03238181315111614,0.022188119123189468
6004,0.01389298466008781,-0.1385244576186523,-0.2974453209933691,-0.023816943591363327,0.061141428354567595
6005,0.012068828936322934,-0.18942725378732564,-0.320247219562962,-0.020325759741368552,-0.012873835944199566
6006,-0.011698206756214255,-0.03159869640412895,-0.3515986089502526,-0.02081779656868358,0.04317816072578514
6007,0.014318601759471975,-0.17606916786147173,-0.23243398672303262,-0.02413310713334834,-0.01213328157265169
6008,0.0360070766167437,-0.08320860621275032,0.033269033554155523,-0.04096225808206468,0.03513796130956617
6009,0.04238584839751252,-0.1078957356688969,0.004676990755134431,-0.042618512129184064,0.026780497137635542
6010,-0.0404131173731963,-0.056616887178255075,0.010200052980282317,-0.0189927283549244,0.0022925493778625213
6011,-0.02988357060360596,-0.10333851191708875,-0.034836185338094634,-0.034300128219156595,0.024044279205374424
6012,-0.019187940107547256,-0.06895700767038038,-0.08817631054557469,-0.014787383671826457,0.0465185905948537
6013,0.023179286640492076,-0.12064620025794809,-0.06614995929383176,-0.007092382311764388,-0.009148775294563712
6014,0.019253921465067627,-0.08616901931643249,-0.013033722230124365,-0.029152410472899355,0.05680104795748123
6015,0.039168451252245676,-0.13742149809985563,-0.06381855777830303,-0.03964793051073733,-0.024294549785865104
6016,-0.009266744265798228,-0.11628689014109765,-0.0328190394075139,0.00046636873209783645,0.04335440733907598
6017,-0.009107300003688291,-0.11579385475545954,-0.03624925227779132,0.0009898068481406024,0.04321580009904411
6018,0.006038549179689232,-0.010274574704928983,-0.01744012777135799,-0.09631893420338523,0.025837986666305438
6019,-0.02136043947002582,-0.13832508801032062,-0.11009303353149112,0.029734713968442666,-0.003862515140595766
6020,0.024696453852269817,-0.09100773746240515,-0.07423717060694981,-0.010101780404775837,0.02554907518650206
6021,0.011760156011031335,-0.11679600490184291,-0.027116233314756412,-0.03600819700870466,0.024570544372588807
6022,-0.00020703901977343523,-0.06498742029927213,-0.010985724831208672,0.0028168921446866677,0.019696875414636262
6023,0.03665157302272212,-0.12484216711399247,-0.18711528881726994,-0.03311035986046365,0.014720596100961806
6024,-0.027463476767446555,-0.03152496252711127,0.013891314698562945,-0.04866275920172733,0.007901555783867052
6025,-0.031741011857273925,-0.12324308084766751,-0.11184852661281258,-0.0026924400588917443,0.031248875439204182
6026,-0.041604498739616226,-0.09000267520409723,-0.12962012399538206,-0.017206156558744613,0.01994160947638132
6027,0.05290745018709279,-0.09252757201802908,0.05031156308591537,-0.030195529963363648,-0.009860682831085144
6028,0.044068063238864835,-0.14163774129058004,-0.026034823312679572,-0.06532602113277274,-0.013016404753256269
6029,0.04191025625691415,-0.05828261663284123,-0.08079063180390084,-0.02478499346426505,0.023989479290820296
6030,0.04062294858227372,-0.14372537975979083,-0.07353806745025185,-0.017783290369257233,0.02755727350966442
6031,-0.014824104412106116,-0.0817315918427321,-0.09828737703383525,-0.03226276090093317,0.006485930477141489
6032,0.016230872436532894,-0.11210833153222938,-0.18618148241689628,-0.07687124694305143,0.054671909797566746
6033,0.0055821743390880585,-0.12648324987674228,-0.07495161245157753,-0.013349588736809187,0.015598398767494658
6034,0.02536841436797018,-0.062230925709206984,-0.03219045492954983,-0.0455226613119274,-0.03524455270725223
6035,-0.024475368769669235,-0.14337918491214502,-0.05565950379474446,-0.0170904504116055,-0.03609360447128449
6036,-0.018364911691308244,-0.14799555430300956,-0.056552559130881926,-0.027088354318968732,-0.04058688464930104
6037,0.034030851163264375,-0.08885863048231701,-0.004154181022463158,-0.014053069427432164,0.005955293356765861
6038,-0.0018766737130368352,-0.16967903634935375,-0.013064639941184238,0.005361661464859737,0.010464732000179146
6039,-0.0032262105550040793,-0.13704579856446408,-0.05907493784480377,-0.010074217752944007,0.004653200794108297
6040,0.03455371589537815,-0.15260774468938187,-0.06329051107310962,-0.02334683778736678,0.015889216736088403
6041,-0.01986175924982324,-0.07331057552221552,-0.10261899926879925,-0.038557296262582016,0.05914337610880126
6042,0.041005317358707306,-0.12971798675523943,-0.024713812500942803,-0.0656244063965643,-0.001355832303746198
6043,0.01648760226677689,-0.0543026172154442,-0.041724254250514736,-0.02169178508383078,0.04853168917688454
6044,-0.013181941676446674,-0.056077268919378614,0.0494437434314432,-0.05161350853982877,0.017433820454465992
6045,0.004745421812486616,-0.07921148073465005,0.05290832557782444,-0.05152633950592129,0.019918428695710234
6046,-0.006740530126784603,-0.11730336735374189,-0.01583693123619928,0.007984033077921204,0.024444637883556396
6047,0.0011632388909466353,-0.06891494323245037,-0.06335267718212155,0.004620814632551647,0.014301598213376303
6048,0.0017845140944549784,-0.0578788823514683,-0.07302495363460101,-0.028461079019196946,0.013757755118819995
6049,0.005423812887531749,-0.05007896418537806,-0.05104609426920128,-0.03643697801645849,0.01784176768824408
6050,0.017712627128093624,-0.1577072882861821,-0.05261372114962376,-0.06069426460478262,0.042586936410712005
6051,0.010190712275866475,-0.11992164851470236,-0.052105475864305736,-0.07781393213468749,0.04017269229458153
6052,-0.003809830076556294,-0.05415252153663281,0.018125208139763798,-0.024699213871654774,-0.038763536081439606
6053,0.010930860878083539,0.04890020347102618,-0.09701709577892255,-0.04490420026715877,0.013148572783781752
6054,0.009850126747042064,0.01114221739618666,-0.0701802560261693,-0.035202490657059854,0.014548913471306418
6055,0.007174515375486432,0.026111048509549335,-0.06937268169746193,-0.03992373006550182,0.024433050682942433
6056,0.02155074210878059,-0.13230868942364404,-0.047075783777824516,-0.04051730444832113,0.03317288442340239
6057,-0.026718013178611673,-0.105628491390906,-0.07536541128066195,-0.009786090476836814,-0.004788703181085751
6058,0.00897242268951275,-0.14495249797559764,-0.05861665672473294,-0.029813611577929,0.02979960886816063
6059,0.037946126569747066,-0.06454929096737902,0.06653230630237772,-0.059099758146846156,0.02415595781341152
6060,-0.018377903560567607,-0.10925757569643021,-0.30095955073419084,-0.03165464792883012,0.04799332857165551
6061,-0.0016420529613787901,-0.12755865995376636,-0.303711480355321,0.01906753005734046,0.06160802486320027
6062,-0.023684093552344552,-0.1289967615508476,-0.2264442951588868,-0.04098155205428228,0.009418773112446354
6063,0.025714277658882196,-0.13342348922484748,-0.04752243934006524,-0.04816522773265251,0.024797296300257694
6064,0.026318847349271004,-0.10573775372920376,-0.013846486383545516,-0.009857414203238256,0.0077197837690639905
6065,-0.001923287904155368,-0.057810169962096425,-0.13181207748216825,-0.06715401791948464,0.014723298291660684
6066,0.0026091688774565543,-0.12336107348050435,-0.08298375106835676,0.005171358502311172,0.025718474896091942
6067,0.009716973158999453,0.02830493010795747,-0.08075350721556261,0.0494963883821465,0.018806078296361713
6068,-0.004812954227252143,-0.05265492777091742,-0.09288954643152182,-0.08480751446171873,0.062486650249121097
6069,-0.011102223718781971,-0.10529557721509944,-0.03246508132144823,-0.024873902137843792,-0.006003162788682389
6070,0.018582389076695176,-0.15771567312093807,-0.08710051996168058,-0.0511592464970184,0.042978964182910966
6071,0.015004935629963172,0.008734617113792998,-0.04141406266852376,0.000879144724445754,0.03233642835316905
6072,0.003583535885576144,-0.12159443822750861,-0.04114318358424072,0.005058592434245795,-0.0019297019186658168
6073,0.01982605614437685,-0.16935663011757845,-0.07286725363880597,-0.035451056645032356,0.04428456807150407
6074,-0.03910654808721646,-0.08027552442217405,0.027673561970441594,0.004167721294863818,0.038638194682501285
6075,0.04351989943661454,-0.17890406045283375,-0.044420558778360826,-0.022400619560461164,0.01787726187225758
6076,-0.005010550890547364,0.13695012953517607,-0.09982670372714325,-0.00047679533325840315,0.019746604000970648
6077,-0.014813949966430345,0.14930256825074983,0.012796641732334385,-0.029391580530916946,0.020852988439873467
6078,0.043514032299154695,-0.10689504243771404,-0.12304255886097379,-0.025712332844122103,0.05091884928544979
6079,-0.028428430464980864,-0.06338624193282529,-0.021614798912999972,-0.0008901965874831639,0.0018582744319579642
6080,0.00960539248973304,-0.14120978001697249,-0.008985576859612094,-0.04808913877556131,0.03277750308459488
6081,-0.00728394178840813,-0.097946400128567,-0.04511263725230166,-0.0656725775150074,0.034466655592788616
6082,0.02550402546869218,-0.07477702935815449,-0.09469242628787432,-0.027735428473320372,-0.02446192748678481
6083,0.03885415607900411,0.04859598802047546,-0.04611042178294407,-0.05215372652018063,0.01791378402028298
6084,0.05292493079239522,-0.1780213122156023,-0.044799761156577335,-0.005343660613314118,0.028049233922541234
6085,0.04457815044761538,-0.1896381591702525,-0.08052689391202628,-0.032653645940991245,0.028393752282153104
6086,0.06311402314139597,-0.13546907971539662,0.12202374135609809,-0.034708505518299335,0.00667083583634477
6087,0.09985288197163203,-0.04348228248341329,0.13563850635061522,-0.01727449946464343,0.04928200430033249
6088,-0.07034778634657728,-0.017895300628658246,-0.0843226954103629,-0.06266261364886355,-0.008913884397801285
6089,0.014241560598983042,0.066745745610959,-0.03968381335342028,-0.058170733700741634,0.004194707418463269
6090,-0.01364458461829311,-0.10381819566579219,-0.057504195211351285,-0.07919844902281402,0.022723829981136458
6091,-0.007735648645850827,-0.08481830254140833,-0.07405663100227697,-0.03139206506128943,0.0242578610989033
6092,0.032735788771012214,-0.09299038070673464,0.0021415622418983612,-0.01509679877624691,0.01703848714768575
6093,-0.015251491962982233,-0.03357108068905406,-0.0813308238317479,-0.055593714807531405,0.03674654718378547
6094,0.03243957157889043,-0.0964649977961826,-0.23299668063617027,-0.016617260602250397,0.0074990855673556294
6095,0.038991925567500925,-0.11875433779825158,-0.16555986922077093,-0.03204103271293875,0.010156245290028768
6096,-0.03035962171091103,-0.10384066138812006,-0.3306750418201769,-0.04091006977453707,0.032136632228257606
6097,0.0036012317283883317,-0.19755373389240038,-0.10950246203602887,-0.08948495273008863,-0.004799382666245322
6098,-0.008331699687664094,-0.18126693560534543,-0.03753570270426007,-0.029426587213644214,-0.033718369842420874
6099,-0.051209367629004486,-0.04522779111084463,-0.017473400145455235,-0.03386878658544039,0.004692464833834012
6100,0.04781600782730622,-0.17898802465993485,-0.14593024437316324,0.0012655139258690121,0.029238636594314138
6101,0.0015733110516170466,-0.04528415281017522,-0.051730653343632985,-0.048567612640580377,-0.0018017059957304475
6102,-0.04104440622462141,-0.08272951390346334,-0.029580811560732445,0.009489729249726511,0.01573902277729451
6103,0.020069446657037953,-0.08322658812358787,-0.10966133344739233,-0.05384548926207363,0.004976238422564522
6104,-0.01096574086305978,-0.07043623216856551,-0.03857089409273413,0.0035006653891793086,0.02342853760206048
6105,0.021715428979086317,-0.07196516223504595,0.09758105913454333,-0.03905621456372719,0.058446410907776296
6106,-0.015212728984689712,0.17508939685423464,-0.025280077558780954,-0.020071807412816473,-0.03045162410549859
6107,0.033601464099041536,0.16812925960534358,-0.1261010860358564,-0.09691203680501888,0.011673378828129603
6108,-0.018606979005540644,0.029184160322768098,-0.04156759569680979,-0.05550727077378925,-0.010564565698377555
6109,0.007059696717449134,0.032857783499236834,-0.15993563547139542,-0.05300467769285389,0.02204082355765154
6110,0.0026606265573624454,-0.19966253068796497,0.014287367113416547,0.013463495591882509,0.02195690297415383
6111,-0.0010629530565026556,-0.08610453606760078,-0.1311010749814858,-0.053558067487951846,0.02208375511892806
6112,0.013125799486674144,-0.16335567442465881,-0.06443221255953159,-0.011007776481646017,0.008238180915760888
6113,-0.026413340355667635,-0.07355641742510734,0.07350435079612958,-0.047390865519667605,0.02835227955159059
6114,0.04429340255469316,-0.031476304333306976,-0.02562973016734107,-0.008735551557365794,0.052420844443954166
6115,0.07885797245775687,-0.08924700633479045,0.03460351507147307,-0.016885343456802634,0.05972412013759507
6116,-0.020716342530119895,-0.09793001545937766,-0.07526309167873554,-0.02050661417367832,0.05209251051846782
6117,0.045441575631559136,-0.15101783405754807,0.023177215486195096,-0.028199835318144073,-0.050733241966773056
6118,0.0009041629481796236,-0.04239038361260417,-0.05931128534873012,-0.04683744478817794,-0.008820210999133944
6119,-0.00735009165335344,-0.07844802406059569,0.02134478391707891,0.02196254319879128,0.0059238549223591805
6120,0.017802239283263382,-0.07231513497374412,0.2392470018999751,-0.04010746473573622,0.0638288675609167
6121,-0.00262304949748214,-0.0969454229345398,0.31931427111980054,-0.026845958958458187,0.05226434556548004
6122,0.009923968895581938,-0.08676738337399581,0.29578422323380504,-0.010448170754201987,0.024629715534525864
6123,0.03914199786183511,-0.02421320320248397,0.02592824323443637,-0.06869044783620533,0.030016806141526957
6124,-0.021381493781363548,-0.021342688310157797,-0.14307086708116568,0.011342830458177348,0.039184241168432075
6125,-0.02602945880566358,-0.1262558619148363,-0.14130951964379274,-0.0735072385107164,0.024240736936574896
6126,-0.039703894718884976,-0.058897963236691574,-0.1304988345265342,-0.0007737732922077646,-0.0012930434266243884
6127,-0.025823768983740628,-0.09036211203555551,-0.051236352937855306,-0.03289126314667978,0.06322682520643504
6128,0.029365344002895255,-0.050737223956475154,-0.06559868125909248,0.02422356455817839,0.08292392067796439
6129,0.0033215701177117416,-0.12917335271901492,-0.17676415413454802,-0.029294393653389192,0.03821278411384309
6130,-0.005632140823265521,-0.030708711254762888,-0.2428987159701259,0.009802904922200453,0.03585299091537405
6131,0.02305572983573638,-0.21719655787906936,-0.08988400398339412,-0.046452858958091856,-0.025103572842274612
6132,-0.019539677593014147,-0.10076119121782784,-0.049235150291395094,0.0008005491938443249,0.004950323138173985
6133,-0.03567880288848764,-0.12732909157463215,-0.03751823370957994,-0.03585928193797046,0.0232253408715305
6134,-0.03230021956920933,-0.08660639788204759,0.09511972331305782,-0.008665608441815263,0.02122887512834748
6135,-0.03096628902507069,-0.04921474161527657,-0.004269447036783781,-0.04325209222662921,0.051429774491609
6136,-0.00034459763141638693,-0.11516134930970816,0.07544902058957954,-0.0577250694249487,0.06591044275149942
6137,0.024743712754115795,-0.061387093773323076,-0.12043119311101728,0.003895058659651603,-0.03242119122937745
6138,0.015332378431490578,-0.058934709134969405,-0.08601351263129729,0.004881101178176749,-0.022266795667250348
6139,-0.016184563742049275,-0.06073349968959932,0.02994289078309839,-0.04591961599680348,0.08084790268002813
6140,0.0258020599053925,-0.09027246457446977,-0.09726103341177705,0.008277676641726581,0.016227001965197694
6141,-0.028489206253240203,-0.17971442734952833,-0.06981663653354638,-0.03338838252583493,0.014110406387381366
6142,0.013313722825640448,-0.08863511197584635,-0.028055943374958627,-0.03997583384410283,0.0006086999012138207
6143,0.006933754624039259,-0.09193993838882152,0.003799451382698903,-0.01837580959726016,0.02230648830722162
6144,0.00595502930596782,-0.059045288359005174,-0.0983543044519734,-0.03882368783218335,0.013365342583275064
6145,0.022552667095963173,0.10811430655590253,-0.09233939544994826,-0.03612729977403249,0.00034011400680666567
6146,-0.0067817535193913595,0.13228522841706075,-0.008904838013652045,-0.022365014710593167,0.028613288059065236
6147,-0.002690359586542954,0.08826416468619229,-0.09126615354069027,-0.016877357676685214,0.033066722430792686
6148,0.011298455515557559,-0.10742298103907087,-0.0006103292870999872,-0.029128517307934747,0.044753253278988527
6149,0.026371032548757927,-0.14826999910199545,-0.01987801737721148,-0.03935137316942948,0.019981459674542842
6150,0.024410560026491352,-0.15020263178159268,-0.08673883720291364,-0.03557771661182791,0.0330443846915096
6151,-0.01902524777395037,-0.09661880889142438,0.1458858793274984,-0.10012084127012179,0.02317230102745302
6152,0.018217366842775137,-0.15190926482937855,0.031946445172315555,-0.031310606553879745,0.02145053680673503
6153,0.02954338214133957,-0.1336781159993412,0.05300536677782323,-0.051773472317184516,0.020501821273091532
6154,0.023132731192739626,-0.04328609975965062,-0.06784513687433189,-0.08009751792111511,0.009728611427378464
6155,-0.010047892443180237,-0.139033886145067,-0.05780701171919497,0.0018295316972847737,0.057021745703179506
6156,-0.009857009034729148,-0.16198691450207883,-0.015038021095409936,-0.06516311952559785,-0.010592106842140188
6157,0.004670302032354606,-0.03428410482519026,-0.04601747861403955,-0.055226245532329,0.003206228370698967
6158,0.03936428562911772,-0.1666077455873639,-0.01936539405452031,-0.07404905510440327,0.04179615766887001
6159,-0.019951601785944906,-0.15674438389432346,-0.08166796842165949,-0.038632739303242875,0.011265287367804556
6160,0.0274435177544136,-0.10601050160014636,-0.10990863961152214,-0.031707049254639366,0.010162042282155236
6161,0.023548217224957313,-0.09613930771022809,-0.09813071171458411,-0.050178891020125675,0.0072366689477298355
6162,0.013798708923195532,-0.09391426299608742,-0.13095607249246521,-0.05256310649501475,0.013543619908713288
6163,0.06357613849344634,-0.1006832008710544,-0.2046900978499789,-0.042412542111599685,0.011276036540045265
6164,-0.0223575754090418,-0.131279011812409,-0.029439659593108066,-0.016881628803883487,0.04035311186026951
6165,-0.01658563603604141,-0.142578837354678,-0.11592566163097458,0.006569036273579606,0.026807012093192955
6166,0.006970911390139022,-0.1386174679850646,-0.07426650135138754,0.0007801695697669971,-0.002988920208430154
6167,-0.009749860505776519,-0.09916775310261915,-0.1178582404053774,-0.0342951598596398,0.04328243469919891
6168,0.048171583441334605,-0.09190574438238695,0.015241565488720838,-0.030537394219352493,0.006737051550652365
6169,-0.04220696413423264,-0.09910748957399006,-0.0757456857898711,-0.026672990689747218,0.009649046785009255
6170,0.020249553363500063,-0.17775930670112708,-0.1361738508748267,-0.0380783569818254,0.000549834989505805
6171,-0.008009918255332987,-0.26141495338706355,0.026391512406323543,-0.027093512399075752,0.006722223597487751
6172,-0.012284414790216759,-0.06791957227466806,-0.016785842017573705,-0.04804377255049343,0.04066831373038097
6173,0.04071838922793835,-0.13899298302517601,-0.07805240309978978,-0.010663552278582308,-0.005627633130765498
6174,-0.0011942920744487217,-0.05719847195495485,-0.1195035013103425,-0.03670874421021547,0.05301301343726342
6175,0.058602370689596055,-0.12337909247906698,-0.04041696241670006,-0.03539038082351619,-0.015513221105679488
6176,0.002117476727816535,-0.049166696840008385,-0.027785435879757545,0.00269290475145062,-0.006359046689660847
6177,0.00713751922350107,-0.02705238815716456,-0.10861263878653182,-0.0030433884999291794,0.03712350950612184
6178,-0.007475324911165692,-0.09735004447625971,0.05579886558308816,-0.05290909661678559,0.012437657524273412
6179,0.022654128586556018,-0.061430787686899614,-0.15969329426514028,-0.02699903138271636,-0.008022353226953197
6180,-0.006802075022175353,-0.13556075354528654,-0.015226293034951311,-0.017412449778839916,-0.03374051615454285
6181,0.01822102589353935,-0.07476023757490691,-0.0696618844543035,-0.05617757026398064,-0.0285475289029151
6182,-0.0016281860740455852,-0.12107137872967216,-0.09155902654830574,-0.023357683560110237,-0.015319118983185252
6183,0.01054708840956223,-0.0404273299046264,-0.19530867424907356,-0.03384762469218735,0.04670616535245179
6184,0.031579535453303074,-0.05240605809827181,-0.2061190674207069,-0.029166949307042025,0.048059473790344545
6185,-0.02981402157552399,-0.2362243650531113,-0.11814043783150759,-0.05649025551648436,0.026494555335704488
6186,0.05310257987971912,-0.24278649108306977,0.028516448858918932,0.0013280780984795085,0.024227931974710452
6187,0.031412921610760265,-0.10794826974694123,-0.09785484091868357,-0.02977283874367696,0.022586759089284744
6188,0.015088589079668417,-0.11570796114416239,-0.046481081421242194,-0.03397565065485384,0.03310770937491674
6189,-0.004763168677762516,-0.08369105146302516,0.006136570085752689,0.007424884921174772,-0.00121881615661031
6190,0.030660888254139342,-0.08461407151983937,-0.06564407400964804,-0.06938128081833278,0.021939404043068034
6191,0.03343464040196144,-0.03970732840315884,0.00696692117749106,-0.06103777071766582,0.025721447191209338
6192,0.0008102065346992898,-0.09264495687725019,-0.090046320107444,0.007442064564583297,0.02147908804881764
6193,0.012372171511765137,-0.05405379825656105,-0.09561107566233473,-0.03368628844360786,0.007499181647548718
6194,0.014516178790702721,-0.15100532067019717,-0.05258381705831795,-0.01928945128667435,0.003424842036379309
6195,0.012628760886793256,-0.1906823842066113,-0.09671597468041522,0.0034910955234522126,0.009760701144477826
6196,0.009344682921389305,-0.20220860231203436,-0.04218675658236261,-0.07941740114231602,0.03518676963037705
6197,-0.015293101860534014,-0.11000793396500204,-0.12733310722658697,-0.0592221496771879,0.05201961949343496
6198,-0.006016621364628202,-0.13232771580370137,-0.11149050805187885,-0.07727539917548301,0.040045675412598826
6199,0.004968045505958499,-0.05716638605552596,-0.1150719168286533,-0.022688564243447572,0.012803552427153376
6200,0.01144367338498165,-0.13857390420116386,-0.09639123304522683,-0.023050970988903605,0.028620303763875976
6201,0.012015727093684854,-0.11015444234552109,-0.06789207327960131,-0.014093339709430644,0.024566939693057333
6202,0.02177721596326576,-0.09319256425959278,-0.01412767895589651,-0.024953015229277533,0.018750331355577108
6203,-0.0064211866270343235,-0.03994371928194764,-0.003864901866121224,-0.03222059952537841,0.026956831067148832
6204,0.01856954935684503,-0.12714044184834808,0.019193155839790647,-0.034052090463300363,0.008143419591393374
6205,-0.0021597864859374508,-0.1779766117972389,0.0015506090055058726,-0.026305204568363137,0.05001293177052774
6206,-0.030856143297903108,-0.11937359648213898,-0.11917828144506999,-0.02891023696101319,0.016686991921955573
6207,0.010567200164653125,-0.06891212163142035,0.04580544507128406,-0.014966677271787318,0.024521478936508894
6208,0.020782966527859836,0.04996084306975125,-0.045188296221239245,-0.030305714902584192,0.001853215288017837
6209,0.0019433270124424667,0.040444774187886376,-0.09180348201446016,-0.05742731967056207,0.027470412150592018
6210,0.007850413163224086,-0.06785206296626532,-0.09032623486768113,-0.06061003263497748,0.011997871882699912
6211,-0.00224886509280643,-0.07157120305575779,-0.0651820006814996,-0.05857513158399362,0.030900373734537863
6212,0.005926114281047513,-0.141841333196334,-0.021368937929129014,-0.0231928585187991,0.03798330375433931
6213,0.007133707770582943,-0.03140290210222651,-0.042926152367626244,0.0018746911560369828,-0.0045111856884209175
6214,0.004135547649821081,-0.2906359278957742,-0.05097337213688187,-0.026992080625829112,0.05332261749655164
6215,-0.0062833415858712825,-0.16509665315667515,-0.006289171745232114,-0.024705481850295655,0.007636503410095412
6216,0.01499247862475924,-0.08522691703635302,-0.048595005048717756,-0.07881639670119499,0.008282539051233785
6217,0.0029107603261871373,-0.031134438318743227,-0.03885097805070518,-0.0765304516533268,0.01459626925204421
6218,0.010303344327424935,-0.18393003703493113,-0.12382614545489501,-0.027138783247341192,0.010531883233060103
6219,0.0073469272983375635,-0.10373843293958317,-0.048480035657945536,0.03828425214682636,-0.04617179996382895
6220,-0.03608000618362316,-0.1952721673976201,-0.10834367913170667,-0.009717414895157827,-0.026253191896936805
6221,0.06728492098064243,-0.06938567656445464,-0.4127681764448457,-0.010103731953218516,0.05905478451476144
6222,0.04918348026060672,-0.13802335756451467,-0.44828283038458727,-0.014834612636637483,0.050041422485698685
6223,0.03591543534565461,-0.08397918333645918,-0.5003355395935185,-0.01122025478839392,0.02378868800509871
6224,0.02721686537912953,-0.11294772299561674,-0.29127632910776086,0.0012026605725526985,0.06697426193602242
6225,-0.006177337510816949,-0.0483825526293691,0.047212532786818896,-0.003378022679618169,-0.005264693673710213
6226,0.011371907072221164,-0.09799996170539375,-0.009427264882917594,-0.014596534334675738,0.05125466753413115
6227,-0.02645720257527756,-0.16269618098944272,-0.0015472987816960448,0.007427495234468212,0.05226945839662653
6228,-0.03314541447541808,-0.15559786959651364,0.04965455588714516,0.019984904503476047,0.06654623181589464
6229,0.039032736552658744,-0.04452051696669054,-0.1582733373760471,-0.025150669990314796,0.0015533351444881923
6230,-0.028600274536232255,-0.05015858613211106,-0.03564445659822044,-0.034262868974749124,0.027619439796587653
6231,0.041675841949792,-0.11832986958595924,-0.044099287375549266,0.018119211456103408,-0.0095301881593931
6232,0.03855221588499608,-0.11097979539521476,-0.03434676352672903,-0.011422123539878216,-0.0334493629855611
6233,0.0008054238775983513,-0.05756856385877681,0.11758760495228722,-0.045410238122930914,0.015880743030724422
6234,0.014643595414969734,-0.07052710343079441,-0.04051691740289134,-0.0313303038879945,0.025035815146125726
6235,-0.010036108189887876,-0.09578563630321836,-0.07440643038381775,-0.03673645962727492,0.006642090843611959
6236,-0.009219859285474141,-0.14792084030380248,-0.07377074355261289,-0.04736851726490623,0.025194157412334217
6237,0.0366825914369941,-0.1223694392606639,0.04561401440299702,-0.009400057700772433,0.016631094254519644
6238,-0.03565211063645769,-0.09671842290973542,0.021997045190828436,-0.05357066288044961,0.0017774627873480982
6239,-0.07774588833440234,-0.1262464740546787,-0.0577506161270415,-0.04415225905840172,-0.0028768325575566603
6240,-0.018989870978358386,-0.10689430006548287,-0.029356081196043694,-0.042200559875772196,0.02851530429390576
6241,-0.02933468379415172,-0.09215703269520234,-0.018953978513780046,-0.030487442931241178,0.025024792562007236
6242,0.02144619964146169,-0.051850495714637394,-0.06992414909495008,-0.02991593899944837,0.01782244645469731
6243,-0.003585747603154252,-0.016437447635832898,-0.030933580353282614,-0.04112607347330438,0.02728510753298037
6244,0.024446591529191694,-0.10577570958681105,-0.04884702673820641,0.038862907324352096,0.021850475019826822
6245,0.011608650915463165,-0.27781107243654907,-0.027430643738003514,-0.0406254185393738,0.05605420644672326
6246,0.009188334887544003,-0.2513648458014459,-0.007597069320516535,-0.03280303861374248,0.08014258854701506
6247,-0.003959869911365746,-0.12672728972518987,-0.1108687815735249,-0.0597277813684028,-0.02923421412933204
6248,0.022781853734402096,-0.10398649577660084,0.031809412254350765,-0.001977942608469001,0.07677702723130525
6249,0.03780736164963405,-0.01144555279033823,0.03781914242203053,-0.015663355647198427,-0.01566568565050779
6250,0.032273008866475585,-0.08092750132512874,-0.029760586492518473,-0.024346331985473122,0.013846919981603603
6251,-0.0127610497570718,-0.07544517903189867,-0.06493425996555358,-0.02559447625106567,0.007808860292558273
6252,0.02317931837793583,-0.17086611410640373,-0.11140176092405342,-0.01657410697688776,0.01667169207720987
6253,-0.045013357854651936,-0.10678819195148187,-0.2674424715541271,-0.0161148197117847,0.020475574946835662
6254,0.045696694886528715,-0.11357069872161202,0.06314543421913572,-0.0391829321319141,-0.0019521360114698309
6255,0.004929195784829483,-0.10251869978337486,-0.09549730236081946,-0.016960602779972626,-0.0022446319613314
6256,-0.0070438512333434585,-0.07011848350679772,-0.06054791809114884,-0.019304814391361447,0.008262245856954042
6257,0.03637461505863209,-0.05053936140047663,-0.05681079508935166,-0.04310702771186301,0.013936837442318719
6258,0.015937552780718685,-0.17448587881301697,-0.11117807532721868,-0.04712781254294392,0.011844850701274737
6259,0.002510259094662414,-0.0612973430758421,-0.12882450313358135,-0.021469572010079836,0.02778408000030972
6260,0.02639307515149946,-0.10953527930440492,-0.03405666080630448,-0.0024156198875851884,0.016499445160554415
6261,0.03149826904154808,-0.13062501914801125,-0.005434144256859189,-0.01131918211642752,0.022641399583846308
6262,0.010567423411044085,-0.0845790010731087,-0.10865673324349506,-0.027761570649236688,0.03781315638231373
6263,0.013605580548726525,-0.1336059560076332,-0.05849610810310665,-0.028717049956620656,0.07555127278574945
6264,-0.024845411586475272,-0.06612349494477933,-0.06571351410332324,-0.026564769336605416,0.054110095372822554
6265,0.022912199286541375,-0.08367687442199855,-0.10371137526000578,-0.0401669980493355,0.009039535918916083
6266,0.01402813091820043,-0.06848785443346518,-0.11259457907711767,-0.03921543575016327,0.024777518021419163
6267,0.0008754362223450369,-0.0701113047168101,-0.03186832737670707,-0.01644645587571838,0.016706319816861038
6268,-0.001728812669005918,0.12253045749715558,-0.0005112447697407594,-0.042768374764780494,0.028841523678610512
6269,-0.023616704167243013,0.1500627942595479,0.018784317386406502,-0.01518523130357874,0.015357573098527116
6270,-0.0311928259001642,0.04466193457493353,-0.09771831142506568,-0.05085644186878345,0.03233771149310694
6271,0.02141079789988575,-0.12888031902890756,0.041400767549234545,-0.013025327204258787,0.020665653985178747
6272,0.0032832700223421798,-0.08079173484083242,-0.0828437051653693,-0.03505014424169613,0.08387133412944237
6273,0.0026504506175393364,-0.11590561646836813,0.00583860799798369,0.030946519423470424,-0.01499083815961076
6274,0.00029295288228958793,-0.1382359033807067,-0.008159562584608778,0.009744617351123966,-0.024768884877910274
6275,0.0014414807663641412,-0.19839888842352782,-0.09805001594455785,-0.04413952088621807,0.06474189538153662
6276,0.026458698719350856,-0.09474577488104202,-0.034572421249398994,0.0006313106197002106,0.003694694236707735
6277,-0.017636430739773796,-0.07904595999868413,-0.01423339473292534,-0.038765172722268544,0.031991316728652276
6278,0.008863072093860813,-0.1327891825860442,-0.10376840788203494,-0.029298338785798177,0.057746291058203204
6279,-0.0018323417959809735,-0.1007734590982865,-0.06640814618667969,0.00790947793863859,-0.01395788006476606
6280,0.011223550964677136,-0.2509594074061344,-0.048864983208240446,-0.048333456771588124,0.04769450976113704
6281,0.0007438336089950706,-0.20897703942968848,0.039002536146394394,-0.05582873958451917,0.03646683651511798
6282,-0.02687202903987754,-0.06555302868949127,-0.027419016801891797,0.012412319344489714,0.01432081742609015
6283,-0.003703746660450902,-0.08689944001572925,-0.06576059891898046,-0.03750912152773632,0.03270048281645305
6284,-0.011572835940839531,-0.06279983694145486,-0.03278104913662085,-0.027019144634796134,0.04016055312936243
6285,0.028062148508928887,-0.0795220115820973,0.021732437508767743,-0.03444495426513604,0.018173783129343826
6286,0.008996444211871256,-0.08273869562339428,-0.12189624464843431,-0.038885475588258674,0.032950035157915454
6287,0.0066009708832107175,-0.09436572780266503,-0.12303795240388164,-0.02667229175357548,0.045150516327492
6288,-0.0005172291620171328,-0.08154026604690658,0.07089005053848055,-0.0072149239836569725,-0.004872765738830252
6289,0.017082134290802915,-0.10967685570725441,0.05159211014238125,-0.027369235318198484,-0.01740996287842412
6290,0.01857462339808343,-0.23591319174581066,-0.07060562145304869,0.002381966051577528,0.03575159461959833
6291,0.002586186549288316,-0.0837805457951834,-0.10162021008074905,-0.05894553782785098,0.009478758512636494
6292,0.00270147342710286,-0.07832103832971572,-0.11854679464500488,-0.056427449746168715,0.0038169172728164356
6293,-0.003026886342949348,-0.13302893877322436,-0.05417730806778854,-0.024531406570198793,0.015053726417577316
6294,0.009546979905506292,-0.13173179180079128,-0.018427319295150523,-0.02191918818673883,0.018558958550737588
6295,0.0022573613993485202,-0.11495471868209703,-0.02470398205891272,-0.02245530908455668,0.008180025488653717
6296,0.021641315189212217,-0.07460931050795708,-0.0030676839321537434,-0.05010094614780941,0.030771846920396577
6297,-0.027922734042400567,-0.08516972520152835,-0.017416541984317097,-0.05887616518266845,0.004655161495368954
6298,-0.003343541320751724,-0.04132772866197919,-0.06638690846813203,-0.055222681864061124,0.03746764346626776
6299,-0.0018573290613097284,-0.05051135302914257,-0.10901633622915752,-0.024256270411698522,-0.0033218581076742805
6300,2.6653863903073983e-05,-0.1537748969494175,-0.08233965522903164,0.007767859000771646,0.02021923412665953
6301,0.011920079293121392,-0.1422800090430503,-0.053661009295617484,-0.043996882304152045,0.031162015979883516
6302,0.009103361184502265,-0.12611107426504742,-0.16923465557455777,0.004251660129226629,0.028371113813836956
6303,0.02313371756222091,-0.07840866251353332,-0.052573478556482235,-0.07754033361133444,0.019990231839163167
6304,0.013214952816007057,-0.06213302776240922,-0.040599851036475156,-0.04310330200652268,0.018074263172362402
6305,-0.020739953716523166,-0.07812708252147421,-0.09251243143550643,-0.04078497714306168,0.009993301325588816
6306,0.07936120373986898,-0.0190138775762782,-0.05181526312811607,-0.012569258488993942,0.02631415698366944
6307,0.06459455793691173,0.02541550909220734,-0.024696551636797945,0.0032446469412553487,0.015087028143199161
6308,0.015295223806030057,-0.18865249074608179,-0.09191091237619416,-0.10477480425657006,0.024211440745169878
6309,0.03198235078044493,-0.017982950345449878,-0.026127543660697344,-0.02385704263529497,0.0339792466312838
6310,-0.024495121436859484,-0.15139656145275104,-0.09375740657322329,-0.06949679470682256,0.00967377859628935
6311,0.01627457447901908,-0.08164309139313121,0.030544549716246153,-0.020929682019513826,0.024783846658279946
6312,0.008378478680199699,-0.1142924577509042,-0.1605375055945949,-0.0548597395867868,0.02690288626919747
6313,-0.02460453027452944,-0.05211993727134572,-0.02995650776714638,0.03550460263789724,0.008584528128611746
6314,0.04383389524745216,-0.0891747049752807,0.06519268677287425,-0.03258558775446907,0.02824281992950203
6315,0.024845936630105835,-0.10351968053122346,-0.15756488421690273,-0.0023551303808633226,-0.03536560821864201
6316,-0.021943233800600394,-0.12584370845595882,-0.04888749259774546,-0.0369883259903549,0.06670527887448181
6317,0.012135691637661873,-0.16441462762877596,-0.050043017209438705,-0.02704307493130966,-0.02255860016640377
6318,-0.0030832654263679535,-0.12581532877272542,-0.03293689950091026,0.0025628109423270796,-0.005682647761853199
6319,0.02683137065266933,-0.10323177605048661,-0.059558185622468555,-0.047142902893474024,0.0005454682109642758
6320,-0.028315794882416333,-0.07337818507074842,-0.04822290383675959,-0.0236967227104569,0.03262126821318039
6321,0.03639457277330773,-0.05122573728650628,0.2594196565723146,-0.029359373771411287,0.029410678924201402
6322,-0.04934386582044793,-0.16078429147464676,0.22302573276686152,-0.02780020618148631,0.03580834910841415
6323,-0.028596831732823586,-0.15157265723769064,0.22690667250884042,0.0002201623058341209,0.0056826794758923485
6324,0.02902695667150423,-0.10063802139328143,0.10787216671722134,-0.004514090756759614,0.020055422855914037
6325,0.05287412905959293,-0.05228771449955356,0.01900639013873703,-0.05325796159241328,0.028360234559429383
6326,0.06618835665159283,-0.04571465060503631,0.016606673042107067,-0.018967294915193483,0.03933607758742325
6327,0.007633432012613734,-0.17387436738868775,0.016600143825004583,-0.030617144080351287,0.052814202780392165
6328,-0.03470204943740375,-0.08664258736449008,-0.18939951338068822,-0.05421323377967245,0.02051825234317479
6329,-0.0003140270920969451,-0.1045400004228148,0.041491121069395405,-0.015391410042208566,0.02787383039318652
6330,0.006480363850838488,-0.06992226242486721,0.06510589350263186,-0.033908179797691874,0.022986941567023456
6331,-0.0069856502062095,-0.07398876810708063,-0.21699172649074583,-0.029747992509887845,-0.03715793408403509
6332,0.010675736777642305,-0.063650516885303,-0.22684403706867398,-0.03653459550117449,0.0038976226384182244
6333,-0.03044733805649529,-0.012955738831288139,-0.17204344946649816,-0.024056642322656654,0.007440115879297603
6334,-0.03665215326189266,-0.06601910810102223,-0.21324989290620144,-0.014015759338789164,0.0034775794731078374
6335,0.05415760521695669,-0.13937485816072234,-0.08414070518103146,-0.009344233534964727,0.06325559608044411
6336,-0.026256462205926423,-0.14615704432944965,0.11746854194115791,-0.04960893088120454,-0.024491950253339514
6337,0.017404263516362303,-0.1017737587453478,-0.04092462883018138,-0.032726721869533945,0.04465355031597965
6338,-0.0059694814456086355,-0.13609177254618604,-0.2213679176853418,-0.004962546933687578,0.03182265948579695
6339,-0.035467728401482525,-0.1500198553549612,-0.3416440945651321,-0.044409437339398734,-0.012062582960103572
6340,-0.016521711165051304,-0.0706440470592318,-0.32257719958440895,0.037735306301147374,0.027709248561544837
6341,-0.02461154492919172,-0.13879386035335597,-0.21751217397246025,-0.07161167616586178,0.019402382085915004
6342,0.03488947190594402,-0.00015353622765072318,0.07173892891382057,0.0012401860896110906,-0.018230962516910268
6343,-0.034343376275637785,0.2133078451633158,-0.12158636292134675,-0.015635561357182137,0.02398422640551846
6344,-0.01315518482230387,0.15135180547411375,-0.07973177198733064,-0.05389140103242069,0.014889118597343726
6345,-0.025778817243585515,0.09301862884209912,-0.003455020668772528,-0.03156842756808469,-0.006419828458795714
6346,0.030917070098857396,-0.159660739559668,0.058933263200630144,-0.04505517034473259,0.036976527581435305
6347,-0.01663067690948369,-0.12173597996703284,0.020171860397102243,0.004391376507557094,0.01920714999068222
6348,0.001624903383472354,-0.07487227148462573,0.011876896797888416,0.003299091808055971,0.022989965262904234
6349,-0.007028024520692161,-0.16829880948247863,-0.10658803110978886,-0.03992643161874052,0.003386598897714653
6350,0.0200726257395846,-0.06804568959506008,-0.10379920662882493,-0.02703356491365119,0.04557982246019961
6351,-0.02902650636727677,-0.10027296633325813,-0.02730253309961375,-0.07303832354983553,-0.009518813392687927
6352,0.022435961659041742,-0.004050493686173394,-0.15656365204716427,0.04878386975004984,-0.024692094471940842
6353,0.011810090457380249,0.026394148201390216,-0.06279290904566229,0.026365187447890615,0.011957892176709648
6354,0.017754123428006603,0.046828068770167375,-0.03944660998961927,0.009528932804986267,0.026222090850466596
6355,-0.00870861346888818,-0.08826097252168658,0.053385727316007145,-0.039915180600490235,0.01971594749696064
6356,0.003177677834503666,-0.0854004401229623,-0.1466424526503678,-0.041070295110059225,0.033444983341298036
6357,0.005916365666755434,-0.07448110138861874,-0.1517460814031422,-0.03508234168859395,0.032214125849705656
6358,-0.014680668696012405,-0.09599854028760348,0.14692333003628644,-0.03235961715675222,0.00825555702484654
6359,0.01730589369541876,-0.07047291387261843,-0.05583555457056204,-0.06378945514138988,0.024091256751909422
6360,-0.018887964633747496,-0.09625062122633114,-0.09790148900356652,-0.010171231098191636,0.023411220829548583
6361,0.029973125004850967,-0.10874242301267946,-0.013101065064732914,-0.004767930449983548,0.03526061897831153
6362,0.004763781929951749,-0.095510520766732,-0.1242624625776465,-0.048836827847380165,0.005303984800260447
6363,0.017610799373521776,-0.07992014549790612,-0.013917263708508643,-0.03512575866806813,0.052665944237036036
6364,0.012115021148927735,-0.12044417697721936,-0.02177023691671099,-0.050221052713190266,0.06169796045740925
6365,-0.01098432394799154,-0.12566425498326173,-0.06950127318415784,0.0024698370031531252,-0.018898926336982164
6366,-0.002993300441236479,-0.1281298919264751,-0.04209644851008145,-0.008304642639878563,-0.046211228967810394
6367,0.015810868425764412,-0.24933091367430452,-0.020143195185753148,-0.000867690962040768,-0.010623041803921107
6368,-0.0006965596060800542,-0.03009462945108495,-0.09108280330374348,-0.05690276562328737,0.04479057062695865
6369,0.0010593786822881114,0.010592923906405333,-0.08328661540496456,-0.02094710557081446,0.03131480000268228
6370,-0.010994095548251107,0.06827576518948977,-0.08461296464220881,-0.009231471126937639,0.06442587617362579
6371,-0.029405967123850265,0.11926986782829194,0.022226431824929525,-0.024476294542108017,0.01859591297900194
6372,0.03244163148863208,0.00796845944479489,-0.12908899206476093,0.0001874657611664647,0.04092233195388142
6373,0.032467410541602154,-0.01179023713513483,-0.0636431801643264,0.018386185638454258,0.0319510801941315
6374,-0.024450332981378397,-0.06588823794474026,-0.34618851793242666,-0.03867653401272975,-0.002201928878870496
6375,-0.0037395167137820808,-0.10790833223774929,-0.21553542682894755,-0.04983746227965836,0.026868887742597797
6376,0.02806282384005407,-0.1156747228059063,-0.2655409469801956,0.0017319588010077742,0.017008789607189285
6377,0.01588643309029535,-0.13304341688916677,-0.30308517556343506,0.0071460478313775,0.022501511061970018
6378,-0.005280791527237376,-0.11486205277800801,0.05148585991919195,-0.06478810890997963,0.03280849207394297
6379,0.011484552966393209,-0.10536850641090337,-0.23586167625207288,0.011097227556288796,0.03878691851190619
6380,-0.039885483395427475,-0.06282520463297085,-0.1932851833912726,-0.07103905289791072,0.005743611815306422
6381,0.03572524296916622,-0.12187202242024439,-0.01786476331679481,-0.026984698257769953,0.02489400543896423
6382,0.010068074193756474,-0.05988707458742087,0.07895940971662568,-0.03135893826786933,0.020310230831241564
6383,-0.017485047061377726,-0.09782305242097145,-0.10502679687620252,-0.015492831267367821,0.025648542740789926
6384,0.027758830703680324,-0.09386014460722131,-0.30885276193441336,0.010309326957072927,0.039321810295700664
6385,0.0294568359503823,-0.10601786974019005,-0.29218169474917277,0.0042639564304551595,0.04901453491032718
6386,0.0005567401032366272,-0.05444789716668617,0.02502333055902845,-0.061579130136159656,0.01790861007612715
6387,0.03570256800653869,-0.21734219050171447,-0.14297310790347506,-0.021895716562287195,0.0449463580256524
6388,0.024424045923362902,-0.1430675958713992,0.0258888558890142,-0.02427956441336824,0.019881613328780783
6389,0.020159537147837345,-0.2181076550275021,0.20068819025176649,-0.06321087968124782,0.06408943465690581
6390,0.024885463139702097,-0.17432446200473828,0.29288639571459085,-0.03709879897068602,0.061584388807819926
6391,-0.014522372863108255,-0.10899947308810427,0.30445610496343845,-0.0380992391378346,-0.007672705043246656
6392,0.03487443098660522,-0.059026780215481515,0.33615047473483195,0.0011636023494820845,0.06016927030440722
6393,0.003997796458486271,-0.0777961649114599,0.18994588405392276,-0.06079643747181848,0.039990465640338105
6394,0.014200317493016798,-0.09586851316370985,0.12009898496024825,0.013248308781112503,0.01330702634071852
6395,-0.020516891751647424,-0.12126905270907738,-0.009435614912242011,-0.012277212832296547,0.021534767660616117
6396,0.01703955145054504,-0.04100758518659431,-0.0637678877884702,-0.021064840275929798,0.032502863123578016
6397,-0.009523723354560558,-0.10794009159621581,-0.07950876595399471,-0.0396022097982211,0.014885705815845014
6398,0.02739499467973511,-0.04856678928201368,-0.31151315827710524,-0.04278077904467186,0.020639636246546997
6399,0.022921976749121224,-0.06219899038171341,-0.36595763806385645,-0.027949479210603027,0.026212912451884448
6400,0.002162513263125715,-0.11129255562750831,0.03948845725351926,-0.02421737720277912,0.012675421080750851
6401,0.03556894585344847,-0.15653937737603857,0.06427160095099786,-0.047053657573580286,0.00679786380812996
6402,-0.036907341393041304,-0.09802230767179443,0.003761560527830591,-0.030982275311574964,0.01586295985809889
6403,-0.05381462031892854,-0.036886587940170336,-0.07186106814359947,-0.027075458333113447,0.0026808559939801107
6404,-0.05880809563000191,-0.18163364867136192,-0.09342067574104423,-0.026214564493518257,0.02749389358527692
6405,0.038551443216418166,-0.001293740982700908,0.10060325326006997,0.016049926253169113,0.02877070951426626
6406,-0.0006576841355128086,-0.085917231933329,-0.15054258038278095,-0.08640444669618141,0.025856390320875985
6407,-0.024275233240008035,-0.106725368706205,-0.13611174913576965,-0.07071163768713398,0.022854189864343576
6408,-0.025062323488200335,-0.129437543946475,-0.15031794851526414,-0.059278480228453126,0.02660148936125803
6409,0.001312367408610062,-0.0965917375984719,-0.06310709727235168,0.0014333087750821158,0.013800816843973128
6410,-0.017398198879288895,-0.06113397936571891,-0.08640476271460393,-0.02305981063114188,0.04048552675871907
6411,0.04072734662847875,-0.12237463814743377,-0.09076536252870418,-0.06542870493025425,-0.005542970009526907
6412,0.006334955285588416,-0.1435935226358057,-0.021670034540739964,-0.03638821697759207,0.022322654779214298
6413,0.009450645129091571,-0.09740251657262075,-0.21321530433198443,-0.01723677805862139,0.05792332971685247
6414,-0.0059741848986490905,-0.0979693562774777,0.07165765884416143,-0.053427261896970925,-0.014035684425135204
6415,-0.00589083934968331,-0.09035141312788156,0.25542155143299805,-0.040337097255645,0.0027614398922932285
6416,0.037644499429634395,-0.07433572116801711,0.16090666737583484,-0.026666900722528655,-0.0033243289380450428
6417,-0.016936441735253563,-0.1052846304969984,0.1286157783432665,-0.024280589897056035,0.04860163438937544
6418,-0.013263123782081934,-0.08927797449071877,0.11678421574223595,-0.023957646300395475,0.04719141706020176
6419,-0.026618820676109364,-0.10554289516320278,-0.0643243593572868,-0.012353617248712591,0.04478441132304805
6420,0.0017597577807632197,-0.16827446449967662,-0.05391593692953961,-0.042340572939019244,-0.006052185348259334
6421,0.008753355264196874,-0.041077992972032094,-0.01766597160659006,-0.0308922129231478,0.05878205833207143
6422,-0.003017652865379448,-0.08729687037901397,-0.03884522749061262,-0.025571927250839472,0.006369631380690544
6423,-0.007648386089855167,-0.1028196374241491,0.005738417678154008,-0.03116154046348004,0.03370225011854605
6424,-0.0104055077525344,-0.13676174939980648,-0.07508232707040907,-0.016612379365822022,0.04096832230662136
6425,-0.001350560172977307,-0.09684089009462764,-0.05834245717667192,0.010997185410289833,0.025778216687024427
6426,0.03625749867350422,-0.16771441000935378,-0.10654675824921489,-0.0615441090697065,0.01851183525311267
6427,-0.0049918036387243524,-0.06022640651586507,-0.11689645761996961,-0.0315184448596713,0.0063772237357456315
6428,-0.024144674376918782,-0.1425812194349212,-0.05893579750795858,-0.04199226190481454,0.0013601669697191048
6429,0.010195472523745534,-0.1294559041760267,-0.02644433334277422,-0.02985907508975919,-0.006577336406824829
6430,0.029453780098894176,-0.08391032553258494,-0.10510986077931306,-0.0742743099841106,0.016140973825849274
6431,-0.03285738448355183,-0.1799795568881037,0.006253561244577862,-0.01029386810072228,0.0028113679739445127
6432,0.00179694816234399,-0.09404651087241327,-0.11045785352873135,-0.07730136389628581,0.03496347414193434
6433,-0.02754893402710727,-0.11609739986733926,-0.12100407008495172,-0.08093294937563128,0.03286155790765852
6434,0.04930101634795556,-0.07099934324516567,0.06594689668600986,-0.0018442452131729981,0.04304448736420689
6435,0.04723319888516035,-0.10965159470201893,-0.056159083252455506,0.010808778112554582,0.02456610343994982
6436,0.02789553916362828,-0.1477381838768358,-0.13489960828604142,-0.05588851497556087,0.022209883125580292
6437,0.0404253713454568,-0.09850600070400109,-0.06615512179473546,-0.05136147587431513,0.008324974360426968
6438,-0.024390882730748364,-0.030614123599859582,-0.03217522823383201,-0.020839862904974766,0.02098328726343345
6439,0.00448989286078069,-0.0766080222722608,-0.15436792182107464,-0.018046145712339152,0.008359394312627302
6440,0.016825437056224166,-0.10443171041266212,-0.09117675952816023,-0.020126930870941206,0.07211845037086954
6441,0.028758518952545303,-0.12637808706862128,-0.08618890671600948,-0.013394822721503292,0.029069041640712265
6442,-0.007554621033817153,-0.07220764377144469,0.032571850470656256,-0.07345398202622451,0.04169475812169836
6443,0.01611240889435952,-0.09846273261978913,0.20404681147610476,-0.05263787236257863,-0.0024307634049532414
6444,-0.010474930504567213,-0.08414603133834189,-0.07430999582732385,-0.02639881272447092,0.0698347257469497
6445,0.02837560555045501,-0.13808998538253514,-0.11217692723079611,-0.053743040267402474,-0.04278342565740665
6446,-0.024278549391024924,-0.15060776946160132,-0.14833845442229276,0.0038771107010087936,0.07888491651755232
6447,0.00746778826825827,-0.08164110921120349,-0.08415790588670118,-0.03181264779479909,0.033063384106143776
6448,0.021677298286106265,-0.12230640821414814,-0.020566087991978437,-0.023904311388425827,0.020329077544334478
6449,-0.010728792112153452,-0.06064974314334251,-0.07944402101047535,-0.016533526203678327,0.013265298852274022
6450,0.01949339502544447,-0.11973968186276643,-0.08462841370307174,-0.04549255076097866,0.023746191658999233
6451,0.00677351553626144,-0.10007562916901443,-0.08762479810387451,-0.060074736349731754,0.012328329113470987
6452,0.026597752864339796,-0.0591299652006117,-0.046478705578376515,0.018544436044454746,0.04604396300822513
6453,0.008793002521410617,-0.11743665692928515,-0.10171609664591585,-0.020123623476962664,-0.008148371927813177
6454,0.0011656875552822185,-0.03252285867327996,-0.026625343097646578,-0.028978716553380565,0.03333360480286519
6455,-0.01781960262064231,-0.03494767865053166,-0.06091952020386833,0.010032897260536675,0.014949417730460572
6456,0.006235460848547992,0.029378669542976528,-0.05597102915988683,-0.03934445136164078,0.07079391954710121
6457,0.0016255428241508038,-0.09610748658188074,-0.06262557017183125,-0.032032582185869865,0.0372595989137114
6458,0.012594127568012516,-0.08982714771548295,-0.013505395543319514,-0.02744425207149639,0.007716988671532965
6459,-0.0051461378966023005,-0.0705513529829407,-0.1139873256042908,-0.0137425561929916,0.023795332619811194
6460,0.019232608127255565,-0.09791176271759794,-0.04119015726447795,-0.030579525987390478,-0.017676387068576965
6461,0.01036395272170226,-0.07783675371353477,-0.03596301233318408,-0.028070758025325215,0.03998632505968036
6462,0.0001790153510000815,-0.14763735931652314,-0.09608277880874767,0.002620624876732836,0.001375367646631879
6463,0.012481058220515236,-0.07114505575236932,-0.08471741484974717,-0.05133461798228222,0.042110499756548965
6464,-0.006905840393744999,-0.11664906903889065,-0.09238748276732682,-0.019161325144594413,-0.020189774891096447
6465,0.007321285937892574,-0.10571917675814442,-0.1115456407610602,-0.0002624155931463752,-0.025430885373480754
6466,0.022632413368461578,-0.16834517340241334,-0.03750434533229685,-0.06704176831681348,0.03518770242706186
6467,0.006238876242413712,-0.1480948252642052,-0.14267096408002491,-0.05421817620142788,0.024426232448169643
6468,0.06572417935302668,-0.06603719785976546,-0.10282672960980763,-0.05806996830010246,0.04123066650308394
6469,-0.03082432818685595,-0.2612892524591969,-0.07207525734066263,-0.02382695659423383,0.005400786616062595
6470,0.023462809394391937,-0.10561386423736317,-0.1267652537340737,-0.023397928677853296,0.019310459800378783
6471,-0.001892324256467552,-0.08409605487994495,-0.0580984956198699,0.013106931156398051,0.012265549528688422
6472,-0.006144616556060085,-0.04382871928798538,-0.0002584529769845955,-0.06414918109382763,0.024853512928018583
6473,0.010468563235763492,-0.11103003944987684,-0.18918406334841753,-0.03300840219559356,0.026532326283966717
6474,0.022644018567292708,-0.06297970753548313,-0.2027920697271609,-0.10309523509733903,-0.0014601440404614517
6475,-0.016003862941919113,-0.12514128596423488,-0.38092729524647795,-0.1116598568295231,0.07175887941028548
6476,0.03138414265237609,-0.06870120569389458,-0.23422573026897592,-0.09553450950248278,0.007583530198626119
6477,0.002554317151527272,-0.07115917123440338,0.010202563503031621,-0.06147136357790839,0.010368750357947282
6478,0.015928284315102268,-0.0835700763526712,-0.0469718102778444,-0.01035516398169283,0.02251075322987019
6479,0.00980169859520017,-0.11309091270175972,-0.15303486999858815,-0.0719838865523405,0.019989569475471567
6480,0.009283104727716172,-0.09972649760070763,-0.24894295448641734,-0.03143570220238257,0.024536457482682503
6481,0.004388040369552053,-0.10880627655735826,-0.11841793739301228,-0.049523576676351704,-0.012773651611579432
6482,0.011054754750565249,-0.09411496925609186,-0.05198031054961986,-0.0822729482499944,0.019140733256344265
6483,0.007788236169695239,-0.06302756320750502,0.03349971289069124,-0.07083937719602784,0.008848044524222021
6484,-0.00035340048797419645,-0.07132081950314646,0.06727064816834902,-0.0428998627381612,0.005305516664795845
6485,0.006367084556916391,-0.04208654526906668,0.07863277956873753,-0.03423623874438208,0.04753934251536482
6486,0.009395426501176328,-0.013572500818640266,0.1444548146595817,-0.005458407080231711,0.06588162060605088
6487,0.012429555088050836,-0.08060154396691338,-0.05496780856741403,-0.029048580391372397,0.028560287536212793
6488,0.0037086139411985544,-0.14935396445561963,-0.17170542173077727,-0.03866911091861632,0.07080661643252233
6489,-0.0016249445754965709,-0.08601106142170716,-0.08294570154046774,0.0004920411841138688,0.013672504671618936
6490,0.0030392933662565236,-0.0549142175235357,0.0259382271852076,-0.01436425901068001,0.02850021974289531
6491,0.04230888078350686,-0.06237025299604835,-0.035565090885297974,-0.06406141738258028,0.01764989362284645
6492,0.012309488992063907,-0.08895082675860115,0.036578966763045985,-0.0930997547767549,0.060217823621806665
6493,-0.008135779151890772,-0.06825421144636949,0.17818088069551222,-0.0068304267447667055,-0.0011684866222009154
6494,0.01294546584620053,-0.11110370435031315,-0.21046260439884082,0.0106837103778842,0.03083366361632705
6495,0.004293667834641406,-0.030362481438405343,-0.028911544210839638,-0.07535928063463283,0.012533938821595174
6496,0.002694823900396253,-0.033253292595543,-0.033402908942760635,-0.03936860668848118,0.024944442657724306
6497,0.01751538319157161,-0.13206216086422104,-0.05304858857754336,-0.015744515618191686,0.011195601127263493
6498,0.031463072149318524,-0.06007836167713502,-0.04861202455314236,-0.02956541425687168,0.08642373361924172
6499,0.0009820885351028983,-0.15749666861401776,-0.0034606442841602515,-0.01578335312063157,-0.0387012484787379
6500,0.04353191743458072,-0.026978833584944056,-0.0582807961968171,-0.032598624446927287,0.023096350287861733
6501,0.022967677273993146,-0.031703863472545724,0.04026957055772852,-0.020926250462352778,-0.007703658651279297
6502,0.025459514493123343,-0.082392227774233,-0.1112226185047885,-0.021952124238784433,-0.029608063104083794
6503,0.026763121797332003,-0.09932566597861003,-0.05323627039517353,-0.03980119336716908,0.020989201155007443
6504,0.018218489672193673,-0.12671271122167124,-0.03204164645321443,-0.010246875534322882,-0.0038228443969131267
6505,-0.008007872894650754,-0.16774907916216347,-0.15463535642437767,-0.0360146141493158,0.03131912445532766
6506,-0.003024557659763603,-0.11333582907518998,0.023522496118319292,0.010071454668571244,0.03644072774500327
6507,-0.0003964630811710294,-0.1089111192610078,-0.05576199416239607,0.004139691870467291,0.014817851559614154
6508,0.03322707592214757,-0.137094336417583,-0.03177135532288281,-0.014151679994478904,0.01747663099389991
6509,0.001717344612206246,-0.060649193425956704,-0.03530090586772572,-0.02912442479708679,0.024803197505726786
6510,0.013767296052038316,0.04244820735233234,-0.09014776646994649,-0.05067307649287355,0.01269761459327169
6511,-0.042585808080648845,-0.0949583610137718,0.028754925813674708,-0.025646639957458313,0.042064454201274165
6512,0.027236393050610562,0.03853739996228467,0.23215585541598893,-0.03489362996829518,0.004911625836379692
6513,0.011897305745648509,0.026658880031249572,0.15660263695483098,-0.04366825977095362,0.0036052043504955626
6514,-0.000840241642354147,-0.05954411265569508,0.14551170473019726,-0.045959989169328884,0.037103824272937146
6515,0.022794145878624272,-0.06344006170043479,-0.08677389233199286,-0.07028041411042568,0.01605884058180757
6516,0.012029051613760838,-0.09393213637088173,0.052017106328034975,-0.062218286506578784,0.014129370298230285
6517,-0.03674490631922461,-0.09654046601026353,-0.07048312631321191,-0.027761202064268797,0.005001184465383536
6518,0.02530805794023442,-0.09676498423198794,0.05192765449778219,-0.011885743420572612,0.05343878497466697
6519,-0.00970810128028746,-0.11775954741664772,0.03629619395474466,-0.039179498951667446,-0.013261839827685709
6520,0.021160698652119225,-0.10926808396432657,-0.07329168284493945,0.006364936694475933,0.07634189048532915
6521,0.06466022570335189,-0.12028319453463095,0.04325662093831273,-0.0184318300746531,0.009289616340077907
6522,-0.01290267550654885,-0.10685225051189857,0.18058769171354114,-0.061535188563031244,-0.027734446657612544
6523,0.05994427414192003,-0.0826594826258139,-0.08049848687759258,-0.006971170407279372,0.019745836217849182
6524,0.0262544575002363,-0.11782464942303211,-0.09091241797486559,-0.04787215365017644,0.0007600143299620305
6525,-0.012284248803505015,-0.10743804773909646,-0.07782426757073393,-0.05465848708825166,0.0423936908002583
6526,0.02020282438420559,-0.06919508968581467,-0.08619326062246484,-0.04048703365583138,0.02380172516421912
6527,-0.0018221257726060138,-0.16099943460910043,-0.19387374273770314,-0.000669878742590061,0.005145616735108391
6528,0.00904791826767668,-0.08442811393804593,-0.06683121767208065,-0.02810876600590753,0.018796422536518365
6529,0.01477830640418363,-0.1449299473459425,-0.0009218834095860768,-0.015617752407801418,0.028928242441079565
6530,-0.011886244658984609,-0.09809841022414116,-0.014811050853831425,-0.027017583516277505,0.037947554307066436
6531,-0.028715111301633064,-0.09781579190833292,-0.045862265606590576,-0.014265284241979398,0.005351326553516611
6532,0.017814785026338837,-0.020858687858784104,-0.09614968391991571,-0.03882973278594308,0.013122798403951147
6533,0.004804006621794731,-0.18667247592243838,-0.1021724893965498,-0.04311036594652744,0.03284755185632061
6534,0.012587272069365345,-0.10845175048575903,0.07282225750270474,-0.008962521086131253,0.009740679785553997
6535,0.001552055115127216,-0.11164484097374443,-0.12089351673875459,-0.05259272158930522,0.012071796792324098
6536,0.013538455597255158,-0.14528293714911367,-0.19043188166146038,-0.005857144688889463,0.04577533531872694
6537,0.012395835245651127,-0.12069522640236331,-0.03693665649523405,-0.014702457512528208,0.0037884824010714236
6538,0.018260967178668392,-0.11672366666981081,0.007087207157274002,-0.04224293335866612,0.03013172236096251
6539,0.006612206331558444,-0.13169020952648453,-0.008583330130013066,-0.050367802236634375,0.0281487337828437
6540,0.022396450354432343,-0.08169143638537037,-0.11709861492306418,-0.013257106555824462,0.03554471959600856
6541,0.0022553501753368446,-0.10293538886437517,0.005071619817326052,-0.03873122762269417,-0.021901376660689406
6542,0.06038914853446875,-0.10691569813922507,-0.18422808951932365,-0.0328738429634769,0.00013048848937534795
6543,-0.01977568203559881,-0.1883795507790766,-0.3362563319626042,-0.03500944543747616,-0.008474392292734457
6544,-0.004479137702986758,-0.20818888229774907,-0.2414570734891216,0.006562926945473208,0.007725562098195498
6545,0.006022169256508233,-0.19309238731599263,-0.31241507295936266,-0.03659450862183182,-0.01954834316849434
6546,0.025103872569664773,-0.05777743153858019,0.013496688711606768,-0.05629322988439305,0.023083640324211112
6547,0.032361813503767066,-0.044600165684214835,-0.0070471813742194545,-0.01520649163600503,0.025065191436053888
6548,-0.007953578588115648,-0.07342114532212216,-0.054473122896241614,-0.05927292956681505,0.0019125175276895072
6549,0.01673441214686637,-0.2064617896374671,-0.07661107580577187,-0.02024451348773779,0.04264705260487477
6550,-0.014489150351928043,-0.17520182572278853,-0.07681795836954497,-0.026200414001409805,0.013028481670923927
6551,0.007570721035193426,0.009863780593350838,-0.06386025733615083,-0.006136085817978509,0.04385149858343548
6552,0.012834155250297054,-0.12347762127560157,-0.05194936912362366,-0.050984170203011825,0.02928958877551636
6553,-0.0070696751709415665,-0.26473166250099583,-0.09934630774106785,0.0028270811014179773,0.02628192656972767
6554,-0.023235449441558937,-0.2132960163586889,-0.034594673478807465,-0.02026654533065276,0.059706578025960466
6555,-0.026199761606913976,-0.1687549210847681,-0.05101675485892837,-0.027097391367956688,0.026074438513715867
6556,-0.024707617425325103,-0.19823280885580816,-0.08462146920111724,-0.03192857439917895,0.019628215500438615
6557,-0.05481968053289797,-0.07911587757250745,-0.2569575502211385,-0.06235279614048818,0.03779305201139905
6558,-0.05388898527706265,-0.20998097281112374,-0.21174962146321566,-0.05658175901245594,0.004414080775377347
6559,-0.04398487881035012,-0.24988596895825846,-0.22893318580385594,-0.06820699652891155,0.004590958451653173
6560,-0.015357196694747829,-0.09784968765771529,-0.063391134735032,-0.038813000597321644,0.03485743460514884
6561,0.012688576695650083,-0.10191769918644238,-0.14281029210983756,-0.08363307018788096,0.03942479386439583
6562,-0.026542317145377636,-0.0720047681158478,-0.11141281979370424,-0.02322801146559451,0.051251183885538266
6563,0.026944038935539212,-0.09489703044899561,-0.0745813418557096,-0.026956856859513476,-0.0034596259578174855
6564,0.02006640638299935,-0.055919611755193756,0.030478925135575048,-0.02818910825712336,0.03652980979459371
6565,0.0015491536951701146,-0.05207341993295309,-0.04419468751444034,-0.06984462309940571,0.015410082090813872
6566,0.0032030451818102017,-0.10808992601430241,0.0008841871399091634,-0.01079247389331813,0.012296581437752007
6567,0.010544908931353377,-0.09646032618291527,-0.09910359839020563,-0.029717242947252007,0.013022964617606521
6568,-0.03327565881299255,-0.06426002463799294,-0.021735169192392365,-0.024322347669373377,-0.012832253321150662
6569,-0.0217009020048103,-0.055050775547257326,-0.07280114188630238,-0.04903375671572867,0.020995413400881232
6570,0.024126777095745705,-0.06087835322389541,-0.007827170130372492,-0.03528496487907418,0.013277913990851944
6571,0.011219145508184985,-0.1567667184967127,-0.3009588517739662,0.0043378713166807095,0.015825820287374094
6572,-0.0158553387715085,-0.08736139535865561,-0.29553138714732274,-0.07499655828922983,0.04018078500344496
6573,-0.006136913940477081,-0.16132363031420888,-0.20439998083597313,0.03809322633267377,-0.006268380604122541
6574,-0.012434138877097564,-0.08024140393201351,-0.12123253656259916,0.04219589544834166,0.026428911334002374
6575,0.01455891333696192,-0.08561454744372303,0.004270128296309224,0.005252901678795442,0.008307094585392347
6576,-0.00996409481805247,-0.07861757596186389,-0.057667526360846724,-0.034148858859640946,0.023578562464998332
6577,0.049129163335378125,-0.13297684792004236,-0.07629861577473095,-0.03515121474269879,0.012024880981668963
6578,-0.021510722909635877,-0.11100903716827822,0.06587260855222368,0.01102377735865677,0.01711616094569105
6579,0.0025232341137456167,-0.10031243802734974,-0.07416314477991061,-0.032849858913437516,0.026791641005434182
6580,0.006805744655689937,-0.1442043527732401,-0.03724881621923951,-0.05717622579686096,0.01632869298553184
6581,0.006280468509328985,-0.12901367191993038,-0.09573895313180686,0.020020980537759654,0.022171048146607204
6582,0.015357000813600748,-0.04861143699223065,-0.05364274188234498,-0.0730116718155101,0.021625423365742812
6583,-0.007738611144885048,-0.04143166057550516,-0.06454981557860287,-0.02661400673153947,0.024754159210180576
6584,0.022330483213129138,-0.09045519365248708,-0.116490167456657,-0.04250291056763189,-0.0018351466079536884
6585,0.022215970472312028,-0.11047276508363353,-0.0025264491201151644,-0.009679366439380216,-0.01959541049710455
6586,0.0008879368381625746,-0.06131006041826967,-0.09222116174808598,-0.017254345058170754,0.06130988834175235
6587,-0.013231151616165112,-0.11889848670977256,0.03821927491145789,0.016179374733668477,-0.027556078959276527
6588,0.0035993183022669287,-0.042984569527655496,-0.07109843054740198,-0.03827074951652827,-0.02617861549106959
6589,0.029830859740362013,-0.0211745983539607,-0.060523507877065376,0.023143964122186708,0.0294588531685622
6590,-0.006149468679409427,-0.05960982267545464,-0.0511450580022218,-0.03415555385198989,0.00988296690914268
6591,0.017309283740317236,-0.10297454731402926,-0.0593890438516183,0.02056982342909734,-0.0021931591920829464
6592,0.0247771802794682,-0.19211268189324035,-0.08178793076708907,-0.08620629722065941,0.00335773704614924
6593,-0.0087040121230141,-0.1317804432161693,-0.10671506047302706,-0.011225638221014292,0.04435213578989637
6594,-0.0038361850010132093,-0.03772702482976574,-0.004566722184651437,-0.026812949075024222,-0.001626502850598775
6595,0.012909953631197367,-0.08760381197656032,-0.16390786116448886,-0.023976504395296642,0.022124223418217587
6596,0.0100450321404859,-0.1595834807255921,-0.03199766529804585,-0.04354156368036862,-0.041199899316115805
6597,0.01746686083159404,-0.12156998112768307,-0.11239479653359617,-0.020099609735559378,-0.04204973913677336
6598,-0.00237169185057763,-0.09915864374739969,-0.06888396183712775,-0.03553821700195139,0.058764756146481384
6599,0.02459990990899888,-0.11550414740844142,-0.10894080952604192,0.01337513524046919,-0.010350190208568066
6600,-0.024871282031671025,0.013230829838963102,0.054076228530264815,-0.029048190509554293,0.04178426309130259
6601,-0.025806868491366257,-0.01468829069586283,0.052319662410847866,-0.03334074844635229,0.04079907408029266
6602,0.025872270913444958,-0.13380114965176615,0.17296765995274996,-0.029435231791919435,0.01696126214180611
6603,0.0006469650034572256,-0.12372749087108825,-0.0022736669638540813,-0.03276884964827503,0.02904138698902928
6604,-0.003934469550600958,-0.07831142006611053,-0.04261029678215216,-0.015430250813551758,0.010321282288501864
6605,0.028787720558954642,-0.12184424119584596,-0.07168551320608867,-0.012921729991321693,0.032430961719815875
6606,-0.02366130274433586,-0.17325219677147397,-0.051960145419537224,-0.03876511952548444,0.018574389929766646
6607,0.026557738516209878,-0.05982796666849759,-0.17327864411008892,0.023037065740612782,0.0229164519671048
6608,0.0017428650406914247,-0.12468904663927281,-0.15107185047510618,-0.05787678251529214,0.01832044698474332
6609,0.017947181977034758,-0.06537322162292471,-0.046557893663112,-0.019780768095999973,0.024162067283142453
6610,0.007462083052342696,-0.06776038240917176,-0.15079718139255263,-0.07607312313550176,0.04333313386025331
6611,0.03194121493658443,-0.11066579579062358,-0.034238975206729,-0.029180476564423324,-0.06577214250378859
6612,0.010062026310005011,-0.16231067440101488,0.04728269857038389,-0.004761026086505137,0.026865328583095774
6613,0.02381370000934589,-0.20643551716172884,-0.07624954708886784,-0.059023596138300216,-0.021049986504017733
6614,0.0019306592950855258,-0.03720649802251501,0.03914773022366304,0.0029722747402062474,0.01590158495233044
6615,0.0029234456728247284,-0.03208270811152537,0.002551315341244354,-0.017739137838366257,0.015803070537442933
6616,0.0008036154672149855,-0.06255453380466039,-0.03625942270114302,-0.02752187972905674,0.015593976509018921
6617,-0.02756391440595088,-0.038943345531372874,-0.026705540773085536,-0.05722277644655721,0.026906484759160174
6618,0.0796450512743248,-0.05523947267184142,-0.04358708550295261,-0.02800563775019241,0.0235805002979492
6619,-0.01336489766191346,-0.13887464349591783,-0.06273511521988918,-0.054516698423225554,0.013479750503627165
6620,-0.00036737713283819753,-0.09517938237647076,-0.10906522383534312,-0.04899946498801797,0.04018690282708874
6621,-0.02447741718704202,-0.13937021008089656,-0.11682224288492338,-0.010012721647120146,0.015865470096675584
6622,-0.0003317891451267888,-0.078264049397971,-0.08478676547083493,-0.05618019307963599,0.017338128046636987
6623,0.026519221733963476,-0.09133627390198334,-0.006064636090228776,0.044005674206746684,0.027467017900784586
6624,-0.016294855580007296,-0.10291431960765847,-0.0007294099969238455,0.005060384059652808,0.03778861538806603
6625,0.019945098749482887,-0.08137688164506855,-0.11830369107808968,-0.05094574323577034,-0.001824340535294821
6626,-0.010543082697976457,-0.11115673415199091,-0.04424662025820249,-0.017343879020812462,0.036083976412146064
6627,0.007920107880137263,-0.1758557278130931,0.11812600335438306,-0.01903088408965113,-0.009912370347857748
6628,0.01097528939295073,-0.10870321635368305,0.05735953271909375,0.009380246432301575,-0.0001966940577352462
6629,-0.013255370599035294,-0.10024295485767817,0.011799759363580508,-0.08752305817173499,0.055711293781279314
6630,-0.01051591111236824,-0.05043517299548031,0.006663780511888321,-0.07379951565856169,0.013731457689025582
6631,0.020516972693528687,-0.13388840998926185,-0.1596350749699792,-0.006367399321651548,0.056069706665107945
6632,-0.004459384991450995,-0.14277817089494585,-0.06592786570406765,-0.041553144711386866,0.004296706866361616
6633,0.017662418497253602,-0.11160888634649202,-0.023107492545227665,-0.021212892635771904,0.01169117162580924
6634,0.006727678907110991,-0.15516817266005895,0.09524019380386957,0.003132209299230922,0.03641760689230055
6635,0.01416711124127849,-0.12275536961083099,-0.0544542482708358,-0.0222005766221898,0.04394661895845447
6636,0.017829030969965944,-0.1193941747177383,-0.38184417271003024,-0.028901700063154595,-0.005412901677215096
6637,-0.024966740987134035,-0.16437685256549123,-0.13027771518057132,-0.052593728886750686,0.01030232372482417
6638,0.0015076512241804178,-0.03948026811912483,-0.14337866601441657,-0.058473678182273045,-0.0046904328553413486
6639,-0.022566344121994694,-0.09900043991043876,0.0006747696986599052,-0.056368309704048235,0.01680262195907981
6640,0.007106862397936993,-0.09809456202289134,-0.042021006964792135,-0.14043937446711366,0.019099323619891587
6641,0.03244916429250361,-0.09864704529512687,-0.12513939365237922,-0.14660428715611754,0.024142689871308045
6642,-0.02211753323238349,-0.08880828065582022,-0.09838362381480226,-0.16434259974927987,0.018176977079112807
6643,-0.0149871102611133,-0.09255642592525473,-0.11526801345069568,-0.1876383461960622,0.02363754555333297
6644,0.0052047444484171436,-0.04610548108138876,0.00916126235287838,-0.0963214436245832,0.0409689356268992
6645,0.007021444140765912,-0.17910954754077382,-0.02430881772448247,0.04744216494630229,0.019226662389847337
6646,0.0014758884488579448,-0.1524274367806558,-0.15090235556636297,-0.02177935824334032,-0.0025824925389039636
6647,0.019345101529801404,-0.07880204789228605,-0.050510123930246766,-0.02099919766291365,0.03289432170921787
6648,0.0015115438655217584,-0.11562852738675049,0.03654723211737375,-0.014613264768176903,0.02130198621677988
6649,0.009078494648610883,-0.31320470850317167,-0.16348777568668718,0.020004540725763117,0.031398114384427675
6650,0.011604601181477105,-0.1379608057059744,-0.11520455853644486,0.02408718824160032,0.01781949432414687
6651,-0.000497899327036538,-0.06955252692217194,-0.052871737801142675,-0.01796273524842349,0.035637209111031666
6652,0.030110623195183085,-0.12038459851091607,-0.07370789628437785,-0.019470894481352825,0.01638818454801844
6653,-0.01229384669438667,-0.07953386555461815,-0.08417413852400808,-0.08137566536949972,0.014912563862269088
6654,0.022591280403725728,-0.09774859874160893,-0.06821377895436828,0.022159176260040322,0.046266453165061755
6655,0.028718870446442384,-0.0893797534659403,-0.03268279509679086,-0.010598025488213715,0.04537833444098311
6656,-2.172501219732232e-05,-0.12159458978748089,-0.04607232390604293,-0.028798907832559933,0.021200932672503007
6657,-0.026090525525186068,-0.08196603314683566,-0.01210838623333119,-0.011090930376827146,0.008055054198138815
6658,-0.023940990806725387,-0.10411099399108002,-0.06352119741438832,-0.011992432965964814,0.028871162491951898
6659,-0.03495316025793402,-0.061268696660240214,-0.0847267783344965,0.02888722177725625,0.03182157987397554
6660,0.0029806251960886447,-0.23763371232143252,0.049070221313941925,-0.06538916686805726,0.021310620304036167
6661,-0.019271510536521378,-0.28098885494922354,0.14785455014815416,-0.05212161559457872,0.031055317651482405
6662,0.027735909677331364,-0.06870292595429124,-0.1442141458609279,-0.04568653075589927,0.0028841219039335633
6663,-0.027397952772940142,-0.0824813539720689,-0.09925629301864652,-0.013423836581255698,0.051151845252306496
6664,0.04528036289149241,-0.10822640301700537,0.1300998887212216,-0.03247984798999013,0.015306882579861816
6665,0.05223077308286601,-0.0337072309939075,0.18915507404675158,-0.022297906452969335,0.022844475633173576
6666,-0.030146615006059235,-0.13134646160920632,0.06455940509211766,-0.053033343529046095,0.01685657692331408
6667,0.00010307819819670139,-0.05407894187514477,-0.08176168964983273,0.03793974252295457,0.015391474105848577
6668,-0.032977913967703484,-0.09967936920605505,0.0053637334400420305,-0.0021205443955852653,0.07619755099389189
6669,-0.002012285318037379,-0.09161407815644956,-0.06791147001824911,-0.056981750779529446,-0.006171960584868856
6670,0.0015351868799886315,-0.0909470434574311,-0.007801110078604541,-0.04206427359735836,0.032712241971740545
6671,0.011314086945627907,-0.09784926193916194,-0.020463772286172,-0.04971915843406002,0.036045743197268075
6672,-0.0015122619921440453,-0.06805616099735672,-0.12790115287038914,-0.01788636018854082,0.04302379361342949
6673,0.011894094871680293,-0.09851936544742476,-0.03032912887264397,-0.03594086089560605,-0.011316115980347373
6674,0.01218508269873154,-0.10739894673552847,-0.06143065757832965,-0.03186799121958232,0.009624408847512825
6675,0.04214943141219219,-0.09044836113084394,-0.13846960272731848,-0.010492787688106573,0.029770000455298862
6676,0.05557209266753162,-0.08737381721640534,-0.0952461350333951,-0.03274713127067136,0.01921920847974329
6677,0.025042494298522427,-0.0684897688939547,-0.15647497523608364,-0.0017886105460184851,-0.01917767379805411
6678,-0.01273182196291296,-0.11375090788659674,-0.11004384415032013,-0.04328109604025923,-0.0060593645300970386
6679,-0.02997132903672685,-0.09562837439348587,-0.14404607225387456,-0.04298249048753736,-0.02014637339196893
6680,-0.02913351296484505,-0.08032340223026434,-0.09957704617348942,-0.025865594458747105,-0.047950194298258385
6681,0.011265151189441021,-0.1115470087807231,-0.05487885896820704,-0.043734746828499725,-0.018447263620980897
6682,0.000267921338134369,-0.13813808140969724,-0.0731053053422502,-0.04366280362994081,0.07009022852452539
6683,0.017935702390604782,0.005928066406146713,-0.1553520503688082,-0.0147457447320251,-0.006413077425082112
6684,0.036380457230183,0.05029837444761037,-0.2157873884627897,-0.023019108309089473,0.014920287138515178
6685,0.019413120710948282,-0.06974009116414587,-0.03011785828908547,-0.053134028381396366,0.03148681753882825
6686,-0.012770576606461847,-0.009494221432695679,-0.053138428358430884,0.037498357386902874,0.03454275162840684
6687,0.008964914628709594,-0.09681592760573549,-0.06717611319887927,-0.003700578377470052,0.022408056481734804
6688,-0.016356235258545557,-0.10982408704839933,-0.1280606005634396,-0.020858158244327213,0.03305226145985149
6689,-0.030509912091987234,-0.09999254516909932,0.011501010733458491,0.03772707651852723,0.040157301025588905
6690,-0.0005916677052072291,-0.12853318609503375,-0.16873808896466533,-0.05846180756243523,0.10766818042021167
6691,-0.015676148162749634,-0.10914339110361491,-0.10436127060535053,-0.053289698590990246,0.1188237564327577
6692,-0.016619965155040668,-0.1277133082693855,-0.12065763397764315,-0.05192207184971931,0.13356064398599757
6693,0.012852662867979849,-0.13292903770994263,-0.1341124104747773,-0.038331224368237486,0.021067499953129645
6694,-0.0023528604551691984,-0.08446801288482468,-0.059745543832190086,0.020054157619674013,0.05313150417576576
6695,0.015706127715081588,-0.21934581526721783,0.00013553388371670186,-0.04806266989658723,-0.009121682599972139
6696,0.026242185929830967,-0.13395160343892962,0.024457170669580093,-0.005479536750889651,-0.005808897783708146
6697,0.006272060567791965,-0.05903119605487358,0.16836360490148095,0.0012140117012230597,0.04581060337606518
6698,0.00702874721171383,-0.09590210003291369,0.15156300629713862,0.007375105398923721,0.04136310872988616
6699,0.008124520516304318,-0.09630302485550529,0.16990203005824409,0.008185104137862482,0.04190275816857084
6700,0.01682638776137118,-0.0011650444983522367,0.24479371115012374,-0.03675922147262613,0.024413352901515865
6701,-0.005788032264997517,-0.14091760371098422,-0.25488267649350127,-0.060103454258531606,0.01128159008994623
6702,0.03157562923840209,-0.12998912390014675,0.055797612650903654,-0.0006605124772511157,0.025168150314634447
6703,-0.018652755509531885,-0.10156401338356515,-0.09711523034121987,-0.04732183546945309,-0.010956806785455258
6704,0.026389268559347118,-0.06923389409725073,0.02598921549441357,-0.004014703741176293,0.07584504741858057
6705,-0.016891006306501505,-0.10542768628836767,-0.029103832996020654,-0.019173703215081588,-0.01471337238838771
6706,0.015846294441943614,-0.12935730799389505,-0.11802958916762325,-0.029670177680680428,0.0602606814688195
6707,-0.01799054255471512,-0.11709787775034951,-0.1328911596989602,-0.021256566344979997,0.10865025918550875
6708,0.006057105482322535,-0.09989911074204771,-0.4346740261146962,-0.03172757787756555,0.05048680151269247
6709,-0.008991478761621399,-0.030213204182487262,-0.2770796081145809,-0.033588002326000066,0.0337092428878458
6710,0.005435851270985895,-0.10910478259058887,0.042552565316316716,-0.0376177383346896,-0.0014098804629081025
6711,0.006386992240768194,-0.10513923413551034,0.031049630908944994,-0.03256342730728399,-0.03385879271572101
6712,0.019168233819317485,-0.060858838191823146,-0.065342756191021,-0.030508037988575088,0.04888409901283109
6713,-0.006882930086296657,-0.1555531293738537,0.03453918764653723,-0.04564131963743213,0.004128269676289325
6714,0.04156678058842557,-0.18252661545519142,0.07545989561601478,-0.08745219458238143,0.03165788614147305
6715,0.024750566896044813,-0.16316930192771162,0.00042349207465140813,-0.06006038603302168,0.04586814836007007
6716,-0.01210130111459885,-0.1259655435323125,-0.03689189495974697,-0.005018505085256519,0.01080506313298473
6717,0.028492385950051775,-0.0579751022102858,-0.03767582869468401,-0.045353118077256706,0.020654402824213977
6718,0.008807834353713448,-0.01983038616818813,-0.21946556480259782,-0.015158686203696294,0.028505129086917595
6719,0.04642769737469682,-0.06887465385569932,-0.16226526511822045,-0.0692593433595029,0.01552450914717116
6720,-0.011948178202408564,0.010559226568116803,-0.02879741767699481,-0.05790405579765281,0.04368571833148553
6721,0.01206948459313653,-0.12483285311690631,-0.10878795372433157,0.026109933770209863,-0.019267319479722926
6722,-0.03056861196354732,-0.03375832024648718,-0.04511213160571834,-0.01187327611151242,0.05491099210399366
6723,-0.006846038189408957,-0.14660312525278155,0.02222676108653196,0.026942161879036874,-0.011946330271096749
6724,-0.03218359140227306,-0.10454572981615069,-0.03655429585312271,0.015325994626041188,0.05463171502150722
6725,0.03130051306389157,-0.15790640651865331,0.07920260238831121,-0.019223578619885297,-0.011058049076165569
6726,0.03211451146549934,-0.073192057010513,0.19927045750740455,-0.024638738084342183,0.05519182975026179
6727,-0.016767158956431213,-0.034463196823680806,0.007271365722256141,-0.02242322623293798,0.008245080511540236
6728,0.006351620710929203,-0.07066523601527219,-0.21170089411958876,-0.033606905427466666,0.060551931719906416
6729,0.016899702848331297,-0.14782431587484396,-0.12961239887757187,-0.036684901763932576,0.023437409829557297
6730,0.013939723971346952,-0.08499634628589266,-0.029593374473137955,-0.013294483221900797,-0.019029217688770715
6731,-0.002814942509438041,-0.12233951324953155,-0.03632402053273285,-0.08593669673855026,0.04333816991850611
6732,0.03561091232120477,-0.1484800994862966,0.044351614654879225,-0.03286479841999699,0.024560765559200063
6733,0.04065248622633982,-0.2110405894898789,0.0887818802176402,0.010323401503901956,-0.015033485854320697
6734,0.013734332516905283,-0.14556163264884678,-0.06754065123107282,-0.04064335947799951,0.07178178097163587
6735,-0.011942370255924427,-0.10846625064599168,-0.09295681029568921,-0.05789053885321627,0.03526592058291852
6736,0.011034600628491329,-0.09671841658090696,-0.1177358154047645,-0.012594772732545521,0.017905011500083355
6737,-0.007469510705044475,-0.050293264554321655,-0.10705454086516664,-0.031182999883172642,0.03552843910423625
6738,-0.009631518741236899,-0.05183055163402273,-0.1006676305588031,-0.027278851081042863,0.03674446780596497
6739,0.025140390698294077,-0.025011539375716166,-0.10137280357870493,-0.0030188175919737092,-0.015506055769855996
6740,0.012870808234956177,-0.08336646623424362,-0.042012759070254334,-0.05421560159757386,0.02238856476878011
6741,-0.008195545175213108,-0.08774011227526426,-0.004208881817561671,-0.013677909385223206,0.03931728693499825
6742,-0.013931525453638125,-0.16141598835348583,-0.21784396912982795,-0.025436162866292127,-0.004975724021934497
6743,0.00986389336887357,-0.07664278158329343,-0.11139785217281438,0.008974328229015697,0.011060747712311896
6744,0.0007218496749754227,-0.05883041168313182,-0.04211917142578638,0.0009753563166235732,-0.011318247989755758
6745,0.0033857469591323077,-0.13991944959860617,-0.22585479988798343,-0.04911460323733349,0.037803225812476665
6746,0.00599810486720791,-0.021777966550737445,-0.008790826276266001,0.022830346092378793,-0.004735689989018928
6747,0.022822461890532674,-0.10497884546552133,-0.16193950732828702,-0.056094628509275685,0.03157414162056171
6748,-0.003742070120198412,-0.11907998761966587,-0.05040071956370625,0.031671730137059984,0.0038209451663885267
6749,0.023486840722183898,-0.12063787065062782,-0.0999510519134665,-0.053914564792217685,0.0055231230674354604
6750,0.011203803473318383,-0.04798077603975376,-0.08930714059656444,0.0004084708759843637,0.026836816953878184
6751,0.02013716688113794,-0.08852665010263112,-0.06900960891897018,-0.027762943408040013,0.007463378985393632
6752,0.008558995699108328,-0.1227657070063054,-0.07293784835473766,-0.0226926537735812,0.05801790529186335
6753,0.024796332265552574,-0.1555321796577232,-0.2469223763751774,-0.007950187346669647,-0.007476673477076445
6754,-0.027813627209422116,-0.16592946328047226,-0.24436640083037553,-0.05720937426544506,0.0183880373949014
6755,0.037846851647309915,-0.05132214798508409,-0.034420935213913796,0.000958189356987832,0.017556004884993665
6756,0.007638772842308345,-0.0677285779651257,-0.041403997085644025,-0.01547965022630247,0.02185934753854989
6757,0.008591113291353248,-0.15660286182239977,0.006949070088541404,-0.0165880224481833,0.010574310709260902
6758,0.005414730048980513,0.00193355338639513,-0.0896387640610935,-0.016892687910999366,-0.0055144136161525475
6759,-0.003487133759120719,-0.13839141162826651,-0.10996318519143732,-0.009147574741534402,-0.03413280085141305
6760,-0.005112919208445798,-0.07881392447979664,-0.045217612763837324,-0.019874118514492133,0.04143009357390864
6761,-0.00879255944341644,-0.169083927980386,-0.12036591746219068,-0.09569856240513282,-0.0013556534133070438
6762,-0.016977866475787095,-0.030814581397351,-0.0718382341744771,-0.011633499336985709,0.056643286106855185
6763,-0.03362365224683226,-0.0754076071637217,-0.012524856873573234,-0.0385217836994754,0.05206568412922547
6764,0.04290151113767127,-0.12148567966016344,-0.07119836805465259,0.006028296172128072,-0.006029492318909986
6765,-0.03392052567107557,-0.1194678584557122,-0.08128241810672646,0.008681489016143757,0.06089333783158865
6766,0.02309843175619644,-0.07965897165991127,-0.09280460537812125,-0.044329192840785535,-0.010290383039988867
6767,-0.005010423079414655,-0.11568242293532488,0.03076964384654239,-0.008498437005171978,0.049060354080600464
6768,-0.015992898983594555,-0.0555931744351518,0.031203526291546317,-0.046611759700673855,0.019041668617065917
6769,0.01219161997859291,-0.17480481685055968,-0.014122773047873695,0.030195457313637063,0.031429391735015196
6770,0.01751560299838346,-0.12767429162524854,-0.12734816459003329,-0.05725260992870266,0.05174190975905845
6771,-0.003053053109436459,-0.11234798533432787,0.010568405702071473,-0.025826860476290254,0.03598170947786789
6772,-0.012377596063035949,-0.04992184080504206,-0.008353522522672274,-0.052688268451653475,-0.001588478761840912
6773,0.013206711499165183,-0.09725803973887635,-0.021820614592851957,-0.03334567437855363,-0.0035828160749971495
6774,-0.03470404744305154,0.12166456704758986,-0.026377120878263306,-0.04810127246030726,0.05260864612865945
6775,0.026838818926572933,-0.0913223783958003,-0.02240224453134685,-0.03507037888568762,-0.014071514014049139
6776,0.022256614575756346,-0.06992550996446824,-0.042039766255977815,-0.03305396527399259,0.04158607687878354
6777,-0.06075719854937325,-0.0475632804458007,-0.04998826726612521,0.0003636474186241456,0.004565892345002366
6778,0.06368877432732058,-0.11541394344119066,-0.05418001602436378,-0.05660562756091082,-0.0066044670104098745
6779,-0.005195913249738666,-0.08379171352940824,-0.028538063376448125,-0.007270032796114514,0.060487836478267894
6780,0.003202716466278765,-0.08709723951469991,-0.036173486133239605,-0.02272902490217206,0.03663445814117223
6781,0.016553163852361462,-0.04132076642190454,-0.08076525140354276,0.015364978069701586,0.06640836706988082
6782,-0.01926863293901488,-0.03279807828461384,-0.0786205621743524,-0.05697704372533659,0.0722663881105942
6783,-0.0019337984159322915,0.02973991193151303,-0.08195247271116368,-0.04424283428288583,0.06727548560435019
6784,0.0031463919014342785,0.06445875441370107,-0.0003593667918867146,-0.08014373716062005,0.06755863091584605
6785,-0.011410256452900652,0.0002801668405959184,-0.06527181029519467,0.018173051382900523,-0.005303558382336455
6786,0.03571070161162408,0.003448416216993419,-0.10758203046057538,0.04588467089738786,0.0153985038901281
6787,-0.01304601804278449,0.04639450468621247,-0.020506657787126868,-0.04234689490657366,0.055133487826789264
6788,-0.0035081966814992874,0.04974999637498183,-0.021808738133362357,-0.021528740695674443,0.021097412182908032
6789,-0.04386770377873537,-0.026457953255457266,-0.12999926086142946,-0.06078431789236254,0.019791607954967694
6790,0.07393264753980841,-0.059255192416960534,-0.04276410662081759,0.007694503442524045,0.01924903935052588
6791,-0.0504881267513392,-0.14129129902833523,0.07283145055499363,-0.04842279477151303,-0.01115869035484349
6792,0.03865005284458271,-0.07359224887663063,0.10414582084771386,0.017255264792151347,0.04806260004329567
6793,-0.03805068432075792,-0.18325007139784766,0.14107303060190138,-0.021223336104662052,0.026490733809157813
6794,-0.03938507333112556,-0.14324847104740202,0.16892058259721357,-0.00753683637430531,0.023068914195812966
6795,-0.008310545390276603,-0.10960079227022693,0.20923608360724086,-0.051329641425131446,0.001596868718940255
6796,0.03924087009158732,-0.08708148793222585,0.15953978513242809,-0.03100276562923139,0.05847691734856324
6797,0.021791418267315482,-0.10938032198848545,0.1516825223485427,-0.060508635566975486,0.062364839014020006
6798,-0.010940678677834643,-0.11446907154468827,0.052859776357842815,-0.0031630506244048062,0.006359506616906911
6799,-0.024091370543258193,-0.24243898294486127,-0.0036154270803023894,-0.03285847395838871,0.04823219552755089
6800,0.009386330043382823,-0.17769379602592789,-0.2101109752057879,-0.02111618059775016,0.05490363270290998
6801,0.0029284000908523125,-0.22341639790972131,-0.1938343403182793,-0.015034246784750368,0.0508128083536704
6802,0.004462340081778335,-0.1637387487251955,-0.27475990609229467,-0.027185609081895597,0.03540984733472303
6803,-0.020443849615626633,-0.10675829327631636,-0.07606678206823919,-0.03618607783355995,-0.007282860323701123
6804,0.03320984069101234,-0.18427936402534437,-0.02243768006008717,0.036029547937566034,0.04930286391524008
6805,0.05216599804308795,-0.10124958926078334,-0.08105228699140549,-0.00575144004271559,0.03920753316767735
6806,-0.011453593065168395,-0.02272218762886376,-0.0702480632856968,-0.07721416103128793,-0.004617151632843401
6807,-0.01043695267223562,-0.12212868379411171,-0.035570318428384894,-0.07073771667205488,0.005588342351427373
6808,0.0035244750894029933,-0.08391362718833077,-0.07315682314201756,0.01834398881742604,0.009566604022546592
6809,0.00992342138736376,-0.16565391303124147,-0.11408969476430669,0.019094397050752273,0.046623369087672714
6810,0.008465276195589884,-0.09204956984411962,-0.11442968230016183,0.03937973450929727,0.005764651547267718
6811,0.034237840708773885,-0.10672106642152286,-0.033443730231870736,-0.02627045649407405,-0.017939206589441564
6812,-0.05586689284096122,-0.06342541748717424,-0.018058855137918804,-0.011225165981987075,0.04750323239511644
6813,-0.05301149721021797,-0.05877150830308566,-0.010845068188207473,-0.013795397896329812,0.03952588505898174
6814,-0.020410529900637804,-0.07653731244841731,-0.11998698292005737,-0.052754973633708416,0.02052457032366557
6815,0.008546901678901115,-0.12985584915281934,-0.052798850496809456,-0.016915735647578714,0.03282803329985149
6816,-0.0031136192837243155,-0.0829732378894786,-0.044606577859816435,-0.08919085398317368,0.0299699419259389
6817,0.03173596525394351,-0.0512175420127027,-0.05637393948944642,0.009668403760382601,0.017178690341002556
6818,0.026732182515592444,-0.10340244245316023,-0.054874976622496976,-0.05489341735591943,0.008387415510752684
6819,-0.012438860068773564,-0.10206268120665943,-0.010654647949014502,-0.017881884012224732,0.03318046029883293
6820,0.001258080398039962,-0.14329491060546892,-0.15414269233887842,-0.04873944331503703,0.0024415331816609767
6821,0.006072867047852068,-0.11554860306433937,-0.0725397159352699,-0.02428937832834186,-0.01909942624166442
6822,-0.004144893521865247,-0.10328562925645693,-0.007123277850566603,-0.03252166431144241,0.044646836999801265
6823,0.06882256996896344,-0.06593835014076178,-0.06515648228303969,-0.018978446121050905,0.02752800809984624
6824,0.054989014815880484,0.024658421117127217,-0.04760463292126723,-0.03539110457906399,0.034611277639994525
6825,0.011752005060926652,-0.08662836945956809,-0.04839639991721247,-0.012508616642947218,-0.003576262679220458
6826,-0.01426779941120912,-0.09849528010773086,-0.07018633965036222,0.028295564947791278,0.06960538244353276
6827,-0.028681501537755696,-0.043252174397068736,-0.21218382209040126,-0.016168387656201322,-0.027222099946687957
6828,0.05444277374832032,-0.18473603839232441,0.026411679604351437,-0.054888444763981685,0.0279860572761784
6829,0.027927298974649226,-0.11525509926196358,-0.0738911283632759,0.010891836614852757,0.014650502709284372
6830,-0.020832800435379387,-0.07597461841167412,-0.015049919200077751,-0.07746714392625323,0.016950572635200133
6831,0.035334122605528255,-0.06116647361008185,-0.14724212262977893,0.0019423856742726091,0.017906248582401006
6832,0.0029618897634767186,-0.0780281124505703,0.035780978479773094,-0.011396899064907871,-0.005100648033307463
6833,0.007437206815875271,-0.040154631983468546,0.009133867294518105,0.0270013419467185,-0.0065408105624494214
6834,-0.0025131118307147983,-0.16128706965371575,0.03816251826067416,0.009549853000482217,0.01154240008368966
6835,0.002955575476281876,-0.13110819684252747,-0.015175205718319623,-0.05565355255596529,0.0029818681113315585
6836,0.00922884840949421,-0.15398710740160432,-0.016179566909906642,-0.04462714285605186,-0.0068902637068891685
6837,-0.00530065679051662,-0.07796548944294332,-0.07410907270085478,-0.02648487944411013,0.019651906499278515
6838,-0.013022018541879319,-0.09000623399675381,-0.041927137393353825,-0.053516573598743795,0.0296450600047621
6839,0.041780324636366606,-0.04745791895613063,-0.1290286250575594,0.009049225865047804,0.013641540692116831
6840,-0.04772722752978016,-0.05341180696059463,-0.06996294136896503,-0.05022030316516691,0.0004520676848573852
6841,0.045220797191141644,-0.20252083043896724,-0.10646264946972016,0.0023176084689706844,0.0874510193243845
6842,-0.07246053912736687,0.001560292737572729,0.03606050414948352,-0.03060099608770943,0.02971121886753822
6843,0.03327447891137963,-0.1159466164511339,-0.12353495751063763,-0.035400982232236075,0.05437117924340386
6844,0.015026023720188847,-0.09813171187405463,0.029215587011599452,-0.006023323161088364,0.0007202765834128391
6845,-0.0056505164343342625,-0.02299222038346042,-0.13367810172934452,-0.048275666322346346,-0.014807518246907321
6846,0.010948574284297609,-0.10087008278567564,-0.03248748213432951,-0.009142961134320247,0.02428394499686726
6847,0.02921768720232307,-0.08347947074558125,-0.018865620651628567,-0.015766019203311686,-0.019657776382021614
6848,-0.0030466820981539067,-0.07630169896658481,-0.09373254378087814,-0.03688206112417783,0.06224115720471011
6849,-0.02490367409547557,-0.10950249552265925,0.0018735250732319472,-0.04563345411539654,-0.014408299210848779
6850,0.03778434380142574,-0.10411404029955316,-0.0845278752292178,-0.03661396057935232,0.016047827670359657
6851,0.028402793893183717,-0.16905334578448858,-0.03673346762308109,-0.06021331105205788,-0.006013051297929255
6852,-0.023254361322036295,-0.061916690587121716,-0.16925357808358402,-0.04785328478945092,0.023412350037489833
6853,0.009511161852108006,-0.12907946500077316,0.04272536018025358,-0.019846089771141235,0.019898181769835377
6854,0.032844085987209816,-0.13014919281771545,-0.0314048589941114,-0.010310389447143032,0.052147188260944694
6855,0.03227759759301406,-0.12881779652281514,-0.14207777481783873,-0.023053319397849874,0.08246016297936924
6856,-0.007347707479043812,-0.1432117753353959,0.0021762348301513717,-0.022363729809924907,-0.04705036214759358
6857,0.015614182742884522,-0.11512180094567344,-0.15507361790263693,-0.028299358574018253,0.07716089256972544
6858,-0.004550129493011795,-0.1278629243567314,0.02209240705097966,-0.0254088365645315,-0.032054010144368164
6859,0.007606920526838846,-0.036105699125764355,-0.12827680735192223,-0.037970947446477644,0.03912855775968356
6860,0.01630298736632525,-0.15721949892623235,-0.07562521758196099,-0.01353578431391857,0.015837573022715424
6861,-0.05954264935399655,-0.020755098446806914,-0.148856128451653,-0.04092484028535271,-0.01972055824628932
6862,-0.042300400215459756,-0.08753982439123807,-0.1329938642103062,-0.0534512472940198,0.0009809856483420692
6863,0.02286231737335667,-0.08932299935200741,-0.10694922647660739,0.00235821925256069,0.04139474674308709
6864,-0.030968687639284675,-0.17085503083673043,-0.005615195488803311,-0.05898620088858654,0.0139770596891144
6865,-0.005596470363096429,-0.07209303695324006,0.012388279567950584,-0.023555877492735397,0.04632965181268387
6866,0.01809121060869105,-0.00109504167283332,-0.057792502067188674,-0.03203428047571075,0.02855479920880426
6867,-0.012336000793345334,-0.19230611160094688,-0.12872576158405194,-0.025644889704622066,0.07025343464354737
6868,0.0008725253142900007,-0.04818694652016601,-0.07831007541263015,-0.053348481556912075,0.06138117722906475
6869,-0.01607401594827323,-0.11841952455127958,-0.09658322235294588,-0.0232603273210379,0.054979544306671145
6870,0.019657180043462688,-0.058630519537883674,-0.12661570442650305,-0.021893192300319244,-0.015244353081062097
6871,-0.03269442920261488,-0.13148528149008126,-0.0828075641085135,-0.04769265562045448,0.04051435692816546
6872,-0.01610218220955396,-0.11684350865881112,-0.04893760197384634,-0.03973695039707621,0.04030784118730688
6873,0.00585595279335839,-0.10228415268082722,-0.03597023862230682,-0.008325798387432573,-0.01120809443358898
6874,-0.0018150393992641964,-0.0911933335910943,-0.05934983321320923,0.0008287442600899978,0.02236013129724586
6875,0.012970734382192456,-0.10991351047173947,-0.1918893296417639,-0.057619400149384416,0.028738294973525848
6876,-0.012380639575193284,-0.16305361759313342,-0.059422075233812176,-0.022595360500956216,0.0274246993943733
6877,-0.016975945610474115,-0.12656866933417762,0.040775162920041644,-0.041281746383172516,0.011949742299235453
6878,0.008848748999402562,-0.1605634558293415,0.022556678836639952,-0.025209894742085993,-0.007161796670682977
6879,-0.0007456474399034022,-0.02575073203353371,-0.116782012363637,-0.002754393482882962,0.030042345468328728
6880,0.008379868331853856,-0.08284561459027161,-0.09900948754413062,-0.025139106378376068,0.0163245472715109
6881,0.012867836034891488,-0.07966874625013914,-0.1357628282439503,-0.01096459985382896,0.02068567331624308
6882,-0.03322285383380348,-0.1889905023916095,-0.07648837145307921,-0.03059297187863076,0.02136121332225861
6883,-0.03867769517348519,-0.2638112772825128,-0.09464018500743063,-0.033788882707312444,0.012501772358904087
6884,0.0641164435633745,-0.12274922321076817,-0.10586814694617827,-0.024006287257505404,0.0388643181749975
6885,-0.02693516084382423,-0.2646728295601836,-0.08956439373890247,-0.02516686224433381,0.0009075939909386695
6886,0.04307421352274357,-0.33341681687759944,-0.17068262599557807,-0.05842065441322356,0.022330595028286857
6887,-0.013516107310529882,-0.12521373435842226,-0.011726211802417308,-0.020898641999672438,0.0092037433364069
6888,0.02738300149969445,-0.0806726066927361,-0.0020965429926543037,-0.03731286848825683,0.03283082601983757
6889,0.008182516021918993,-0.13685881813926926,-0.09368010447646768,-0.035467119138527285,0.024153584381569122
6890,0.0033172344551592233,0.0878596534866192,-0.07512538561150951,-0.014444988561818263,0.014451884473415248
6891,0.0021671234235261707,0.03745862673610668,-0.053126930170603784,-0.012493721994664453,0.020610140843733474
6892,-0.0012254623020886172,-0.09098720927171366,-0.12245318786394545,-0.04846161134848713,0.022646453379093077
6893,0.012074793406038837,-0.1762244777914179,0.028509903865327663,-0.04056393860431084,-0.006801158831094823
6894,0.021024555457658148,-0.11252181080677813,0.04018961797236562,-0.003476374420216306,0.05225649074599481
6895,-0.022744821249821127,-0.0037730330064655706,0.06799279805218889,-0.009500391151421749,-0.0036780277575481943
6896,0.025463133355570117,-0.10999561607620095,0.15159335920988762,-0.053359796962343095,0.037571077777401714
6897,0.01951705579094939,-0.10798927202277048,0.10664205753795379,-0.07075252461788685,0.06432350821804445
6898,-0.0015604373396844427,-0.15360905967786606,-0.13526655294013248,0.007023173255798577,-0.02368781080029992
6899,0.029821515794799074,-0.12259361094561062,-0.004636680382644146,-0.0426890878826795,0.06360726515810629
6900,0.027547376520423984,-0.0785990627868289,-0.08528264019940389,-0.042534036128051234,-0.010187840840907686
6901,-0.008843470646525011,-0.07529618248059197,-0.05910261020781578,-0.0514992553963829,-0.02526021546160194
6902,0.009229469371497169,-0.1594065355340981,-0.1033005419036668,0.0022693222475102044,0.05173139189956605
6903,0.008398719817594984,-0.10397238242210251,-0.15782924529463294,-0.025033027404553317,-0.03166276585907899
6904,0.0021509988839563264,-0.03891437085258808,-0.06105532128812073,-0.06519608189284277,0.05970179378290312
6905,0.0066545686795183995,-0.059337205627613285,0.05655205753677633,-0.041924602869309324,0.039246571280170436
6906,-0.006963725763791767,-0.09233857889763679,-0.011364277206067494,0.007430733265158209,-0.038088827449540195
6907,0.0014189154733828947,0.07583244087190491,-0.05950137528735706,-0.06776973602915756,0.05445178844569172
6908,0.02311256365456933,-0.027327348347965696,0.03882364975943693,-0.011871416344871709,-0.008537770987220347
6909,-0.009554422364483063,0.02208215889950557,-0.10856691850760976,-0.020924348109451152,0.05771849754496514
6910,-0.019004025484440697,0.06783792171054685,-0.059267643610525354,-0.02373966843262157,0.053697829564706555
6911,0.014355069203395956,-0.058881304220516996,-0.09041962672989431,-0.034657324193575416,-0.0015781405566194049
6912,-0.006315820026320515,-0.0016234698780140055,-0.03690028213600538,-0.02185233175206487,0.030115770996558315
6913,0.009885659802528085,-0.10114640413344163,0.0361088873443237,-0.0017596352509783356,0.011087684953261675
6914,0.01164567016092667,-0.08705326366907024,-0.03553250937751551,-0.0037652544288028483,-0.004723546471877646
6915,0.035553451363859824,-0.17431391970312124,-0.04160711604154699,-0.038776487100355306,0.07743465772277237
6916,-0.046200841983367054,-0.10617152120699289,-0.11623518350467463,-0.003957119442591408,0.022095483226465738
6917,0.05242400821554276,-0.09825055511800064,-0.06639288156161824,-0.037645064640729274,0.031617289134886664
6918,0.024692976405353242,-0.04429705162543487,-0.09311785841686193,-0.004290284403163312,0.00542150113576973
6919,0.03898223718839128,-0.1464449624740435,-0.11951884445274479,-0.03187886157697752,0.028160651124927407
6920,0.00812635693264573,-0.11123947853093281,-0.14220529976947188,0.003990942298023496,0.010818063503813398
6921,0.01109800306276698,-0.015612288519252813,-0.09441886375818061,-0.051531475814585816,0.0058935355823034495
6922,-0.003393602749121981,-0.08081416006379219,0.01285784741550575,-0.027351480459740053,0.003843120477208539
6923,0.005336727755110938,-0.07621617939484858,-0.03913864618667328,-0.0340462506190016,0.02295376413331257
6924,0.012131013402093632,-0.11770459842832384,-0.09999089750677151,-0.02949178529702976,0.02687902632619546
6925,-0.0035230856807982646,-0.045243215204681275,-0.028474537619294013,0.02370491559628305,0.019720871169351104
6926,-0.0065073860316944825,-0.05767081529399459,-0.055341075312054004,0.03686739215637843,0.03312553072332111
6927,0.027538782157007453,-0.09908744339224053,-0.08319190189937113,-0.054676707047607964,0.005525125209031911
6928,0.051886348049560674,-0.1355752729895328,-0.05828967904885868,-0.014136459529711378,-0.002281678283390778
6929,0.02792841858967209,-0.054373287197058744,-0.027429732919181396,-0.03092121936393804,0.04533478899615113
6930,0.0016389332279845032,-0.013870797747125444,0.1920860492956118,-0.04654641398207228,-0.0005771597299996753
6931,0.0028433207998067073,-0.08811516797786721,0.19635690585361792,-0.015164358600951723,0.05712307042872978
6932,0.005594945996860873,-0.07420290849671786,0.1861450544711738,-0.0139005560997998,0.05015031393885112
6933,-0.011586660929579808,-0.07779723481350617,0.08981738354993057,-0.048936976788638786,0.0027446513277209726
6934,0.004341428599865998,-0.26726529678296423,-0.09803065626895371,-0.020314494120961122,0.03477169187338312
6935,-0.02365297979118909,-0.21587542699720677,-0.11667233542347304,-0.042915809029312225,0.00042297798217664324
6936,0.012032081106797276,-0.09930139299138971,-0.03181142259764843,-0.02809366504054278,0.03048028186166945
6937,-0.010285107181300083,-0.02662620082955599,0.026778088359651807,-0.042302438386237345,0.01622819529612914
6938,0.021083429764503486,-0.13047910962262615,-0.07856817405322356,-0.02110356509501795,0.03971042968736188
6939,-0.027567200192886308,-0.13013692725004025,-0.25635926680776266,-0.0395624932252007,0.023427009260012937
6940,-0.02314497106408979,-0.0828062095080845,-0.2030891799815976,-0.04996526327139333,0.04257416229243586
6941,-0.0024505133025486472,-0.15291321610380135,-0.010850074396688865,-0.02311352899420201,0.03273567957231078
6942,0.032939429772195016,-0.09632944826039476,-0.102255821190763,-0.027800497793087645,0.041384639712419215
6943,0.02043371364896527,-0.09340266394327283,-0.04319582851562485,-0.028347632151425464,0.037258600246391035
6944,-0.005592025157393392,-0.14619581483964073,-0.08947618328660616,-0.05411828874568512,-0.013311554406814126
6945,-0.030200659375100046,-0.058356736386260974,0.0424752513661571,0.008028452856911242,-0.04074752953086893
6946,0.00936925386881764,-0.10180262095757733,-0.13842549098491275,-0.021350548757556476,0.011257159806278649
6947,-0.01835414477095572,-0.0742230627207633,-0.10317197221114215,-0.03467322049106878,0.011932506948858322
6948,0.02433201048182515,-0.11544011571514988,-0.11394058640221602,-0.016678803986042167,0.026063176234988668
6949,0.022146869308318592,-0.11887454442026069,-0.1272484531830461,-0.003555460109441998,0.0319790601171541
6950,0.021045367290718677,-0.08673681002149566,-0.12158811039300674,-0.045767763124738015,0.04002965219755136
6951,-0.010909875478059761,-0.045163707369397205,-0.11717257415900187,-0.011762309565354541,-0.0033882387007494533
6952,0.022013751798326615,-0.06233541929686313,-0.22834878385659924,-0.03831579593691512,0.017418302477584097
6953,-0.015070378648506386,-0.14436463773141817,-0.1593950614726275,-0.04389511621207768,0.014177954020495237
6954,0.010359443020413141,-0.09985341710508391,-0.022113221367250392,0.030075489397771528,0.035164840968765335
6955,0.0054448783920089715,-0.09989237310065228,-0.07274877186113263,0.01559865203123317,0.013312047080918253
6956,0.042905667437527904,0.035369233500580195,-0.08459599955177018,-0.07332439555143594,0.015584055807377026
6957,-0.018115613147169463,-0.13855155553120332,0.06668652789983845,-0.011118523703598964,0.024114873940162037
6958,0.05257634615579575,-0.14343705139434884,-0.028958176495746862,-0.02807597110486847,0.016773482099154326
6959,0.009780680877145339,-0.1373900960066925,-0.06955616974901298,-0.019794058548552394,0.03773492405634321
6960,-0.009699196469309904,-0.12290946247744204,-0.048619125859466185,-0.02285528477723338,0.07757609489946686
6961,0.014273051105775085,-0.12669593573918408,-0.15461002414498798,-0.0017467634638120278,0.04249759412867072
6962,0.0320831728453721,-0.06616590138828742,-0.13646969504050502,-0.0018088487273707407,0.04930734890472462
6963,0.02785649254489497,-0.0717550974515286,-0.12825890679353458,-0.059910963524619026,0.01170157740540811
6964,-0.0075733966876294755,-0.0768390112438738,-0.154455986910327,-0.009432084289556508,0.016435351738632198
6965,0.022585539399394085,-0.0981632322740902,0.05524782746971379,-0.008596470772031203,0.008973614917465693
6966,-0.025583357728602332,-0.025623841611110847,-0.053039891121725316,-0.0070764970109353145,0.03505509309374594
6967,0.03136037065264631,-0.13899145793441878,0.03880757778061803,-0.03802782563073525,0.00960139917716219
6968,0.001924561328650278,-0.17988911080047393,0.05056347868779369,-0.03108056181891879,-0.0008104355951026339
6969,0.015513681911486507,-0.12294638319649398,-0.17656079749006787,-0.03366026035476678,0.0379601605388363
6970,0.020555546032318378,-0.11526502565698053,-0.08585973658201233,-0.03966422395130984,0.0006753242092823992
6971,0.001350088221694581,-0.15664108522661055,-0.07516843324976888,-0.06360511069385717,-0.0062164369057975295
6972,-0.0008352460783845911,-0.17020105818092024,-0.0972180286778623,-0.06591216461191644,-0.010443262218301571
6973,0.006210533492100399,-0.03881865908340609,-0.09225791134292016,-0.03183256317521454,0.05209864488864349
6974,-0.002159579959896877,0.21180903766005985,-0.030283726176929024,-0.012017853170117951,-0.0012965906307338018
6975,-0.0163182693399536,0.09311693707994505,-0.09069136072627938,-0.020630860914302437,0.04917484353857307
6976,0.04907490304593886,0.0801794564404907,-0.020862564722410944,-0.026455629763879347,-0.005655626995393895
6977,0.045185596166555715,0.027046321724336103,-0.16808361204173977,-0.019812841933318392,0.01997869412971387
6978,0.03244940879748588,-0.07304891274969982,-0.06749001730685394,-0.017265615449227976,0.01972420799629847
6979,-0.01927724170858694,-0.10392819542597605,0.05289524127194543,-0.029286138498289864,0.02548200543029602
6980,0.033472090073806755,-0.10562465009262592,-0.01827703379387827,-0.027520391665685096,0.0035747294406774832
6981,0.01884057635224467,-0.03146979628992276,-0.029542054873720188,-0.029095739708026907,0.0009128777039680285
6982,-0.006289295551695948,-0.2520028516112248,-0.18185328717880717,-0.033726122040557895,0.0378056342462321
6983,-0.006993046610737474,-0.1063772736881425,0.07193567006527064,-0.011629856186826276,0.008902553466188281
6984,0.03251995442867304,-0.208960353886507,0.03465022248494272,-0.01085515066175556,0.030526462684823053
6985,0.03236525260736262,-0.1824785745246437,-0.024879067200814727,-0.0383211624803763,0.007100011063716815
6986,0.025840474195148382,-0.14108986267805076,-0.07273736855449468,-0.00534364749275019,0.027632191140376836
6987,-0.0006543717582977149,-0.11462998090708884,-0.07347148266207423,-0.016706129836215083,0.001546584699891444
6988,0.007537893613522024,-0.13174951211402838,0.025607804153291405,-0.08953809395375874,0.009542484097932876
6989,0.004144684093184994,-0.0976514811793607,-0.0031901464766262736,-0.07765997935664648,0.006704667541946246
6990,0.018016585322305184,-0.1687063512493249,0.009265406770766,-0.03741682913049843,0.04192944494432516
6991,0.009083490974063966,-0.11733220128284987,-0.12278492224725741,-0.07123682549840359,0.013286272446859287
6992,0.003110445040612406,-0.14406251918888796,-0.0181035479882754,-0.025607443261659712,0.027740507745760874
6993,0.005484623195134634,0.013186814987664195,0.07032785293047947,-0.04598415249203886,0.01080960796717038
6994,0.010253483208320523,-0.1188222426351763,0.013024692712909262,-0.024994883069458323,0.017666186016832636
6995,0.027602391440392678,-0.09995349670308087,0.049159058155133856,-0.07688236797240444,0.017796976312226036
6996,-0.019618474397349196,-0.016908844575823787,-0.04024601418601413,0.04246187176625863,0.028941492493633144
6997,0.03382814422040972,-0.06611650720184589,-0.1268908719310147,-0.07288360598063601,0.03914458189835925
6998,0.009223821334167817,-0.09738755093952074,-0.08747324004554158,-0.05677221613991993,0.007096860146130322
6999,-0.018269948996345355,-0.04635212442996011,-0.12883436660367367,-0.017397822399505644,-0.016368751188407013
7000,-0.012113703321656883,-0.14457925529598167,-0.009495048065003666,-0.05601433152040536,-0.011308543649857696
7001,-0.004532921212129419,-0.06225720432578772,-0.07064829528608418,-0.02955602629424234,0.0010698066255254613
7002,-0.024033792053204318,-0.0947517312360691,-0.08488029967758248,0.01663556851127104,0.017772677079928606
7003,-0.01819273355850402,-0.07769265124848544,-0.016579930025189003,0.009754143327379328,-0.000253903922222054
7004,-0.014426574952941654,-0.1128484656623744,-0.12190545572992514,-0.03913421150891065,0.012093020756842902
7005,0.014409153419453256,-0.08863665836006482,-0.057439806491473226,-0.03162107933531439,0.03423283691342514
7006,-0.00578482613824001,-0.023198428568144025,-0.036348701901618055,-0.035976270648160974,0.00918038096580892
7007,-0.0007980900946601602,-0.0657688265585026,-0.022905308410176534,-0.04649424316868172,0.013826807472508707
7008,-0.0007472666492154551,-0.11952694479186769,-0.06695202700184319,-0.008539251179341659,0.008470198897594929
7009,-0.005255168886107789,-0.1124388558233392,-0.04392512881753036,-0.046883178165087566,-0.018738188194299957
7010,-0.006517485437736376,-0.1636247086274346,-0.08486441250837862,-0.04243146485591852,0.02053738616867369
7011,-0.015954863056044433,-0.1009920812347854,0.02063212034101854,-0.013289586241607703,0.03864503410041642
7012,0.012241824921710685,-0.1379620863229161,-0.0015221124812337542,-0.03202837124176585,0.03758242178244457
7013,-0.003594042728288189,-0.09236317038758884,0.15863056874379947,-0.021908769566204262,0.00316893319580664
7014,-0.0036352572046191196,-0.07712434274290525,0.17402844138887025,-0.02453393736474095,-0.004132753695941251
7015,-0.0015924092441141344,-0.10122146273038049,0.17534473385872548,-0.0008053257055442437,0.028139954622128267
7016,-0.0017038492955828216,-0.0656988396968873,0.13994237190052508,-0.059433489275652396,0.032727442016058116
7017,-0.042822272235340325,-0.043362611626357704,-0.13150263826630013,-0.001976259662222352,-0.005551843488446891
7018,0.05339297208564075,-0.0016152462046802607,0.12357954683249409,-0.030958318725387807,0.0474737939969082
7019,0.0011769538005313932,-0.1209630855800073,0.13391491997413646,-0.06523168658172261,-0.019227369599431644
7020,0.009765456576614916,-0.06765195573210105,0.06771517035617876,-0.07152511901012028,0.04952040287584888
7021,0.024843819930442528,-0.06602216057403784,0.14159490258941482,-0.0050689840679957335,-0.025410529600264846
7022,0.004649060655912362,-0.07915709451303221,-0.09583716038151813,-0.03575966891994534,0.05814673146319449
7023,-0.0008160778893144564,-0.10254560242535297,-0.19871377625190445,-0.035129097845825005,-0.03788139198819013
7024,0.02717649981283309,-0.1466963034076554,-0.10928120846213213,-0.055837410197853855,0.03979632572034181
7025,-0.004602616190087278,-0.04919399217508896,-0.1335899895913687,0.00052037545658962,-0.02393015874973495
7026,-0.012247060613543985,-0.09722788196065063,0.05321525007064707,-0.05052664358482697,-0.020223885533892545
7027,0.019744926325899404,-0.14006351163681988,0.08604634824780037,-0.02554855258683634,-0.06914196830640826
7028,0.027020729564320282,-0.07062234923914458,-0.23778230142023782,-0.022336472123505927,-0.0799085814468647
7029,0.027504174882755975,-0.10163417797900182,-0.24746257126856933,-0.030757418893583882,-0.08815250962197095
7030,-0.002984243190874076,-0.11253168115917676,-0.004168662697130334,-0.01998559699035212,-0.05266748614038124
7031,0.03137285098356666,-0.030952839500720895,-0.0666536793170406,-0.05519278761706549,0.01590565318316538
7032,-0.028184608223407112,-0.09150491588800315,0.00021535753542609485,-0.017844607402350575,0.00375839721031333
7033,-0.0034512397061714183,-0.038540744681640336,-0.11152090117215463,0.005978503552209286,-0.03269800026936306
7034,-0.0211346699356688,-0.0010469206161580274,-0.08901151886256951,0.014485435567290565,-0.025665868637104967
7035,0.019962145837235837,0.00023966986640501075,-0.145502379182169,-0.025027665181966204,0.015269855189272083
7036,0.014442595177054806,-0.06352093665942234,-0.13810127093048433,-0.03587839881115446,-0.0047657666605170415
7037,-0.00590248369654307,-0.13556724971661113,0.0746074023514222,-0.028898734768441015,0.03653237447890336
7038,0.01458974640040674,-0.06904357272141777,0.1739676387946217,-0.016980454933560787,0.005731284624191731
7039,0.016076615532212547,-0.07488203333969051,0.21752389715882806,-0.027365876178754057,0.008758533205500688
7040,0.0035448756018858175,-0.1160899491627294,0.17700020210915796,-0.0002556068042002234,-0.005624482584737019
7041,0.0016482190998970364,-0.03763969408459026,0.25880946254930365,-0.035086253285617736,0.03325921194922085
7042,0.0036211212654586886,-0.07932306188834962,-0.28772247644091736,-0.012572341034681045,0.028484544714279067
7043,-0.013183447470774039,-0.12055908821299749,-0.21042888553081862,-0.043601398187160446,0.0038256915284772255
7044,0.028349228097242222,-0.09048411264214401,-0.05423870609598611,-0.03697879824586575,0.03978722542170816
7045,-0.008022963899732774,-0.1133032805456653,0.007844747615946638,-0.011854380913875886,0.011792785740606333
7046,0.01965385279906472,-0.1111135008540534,-0.39126529028722723,-0.024518091779210296,0.04170507814080595
7047,-0.0034648363375620896,-0.11698882078510832,-0.2470943153171945,-0.033989754590410474,-0.009378871077522222
7048,0.02417949509261025,-0.1293371031852617,-0.1266722867309755,-0.0009272280488035029,0.0400741242215488
7049,0.0013543333406297652,-0.18529372724371268,-0.03974489737466536,-0.05044462633824221,0.02921963325559813
7050,0.006496748576515766,-0.02676077063186996,0.06662743320229682,-0.016973894173531942,0.02341548588138197
7051,-0.001980322611406418,-0.1440720970238588,-0.08514570983918135,-0.029984966900948276,0.02714399783598471
7052,0.022453636632287548,-0.0841547174296452,-0.20294383105195446,-0.03883065013379504,0.003279395360853741
7053,-0.02189096430589337,-0.1532866994208418,0.09164587661975877,-0.030546163203367095,0.06112498419159934
7054,-0.005890182236980082,-0.3037512263995396,0.09976361492158149,-0.007595092241924512,-0.007014967845676057
7055,0.012856118282843967,-0.0771812811474203,0.1961897113438625,-0.03432530831311231,0.05275414452761119
7056,0.00965804254264045,-0.08344798099493143,0.07033103267073014,-0.05308856800875859,0.005347068790193484
7057,7.917721805887782e-05,-0.08913594169342336,0.04009821202582921,-0.04136898875043706,-0.0025599855948838764
7058,0.008732276858495392,-0.11503235935745013,-0.04457464535275137,0.016247490274051268,0.013179533275879307
7059,0.014683803560182725,-0.09290484714026363,-0.22614983126170782,-0.04886593156826105,0.01751279826063403
7060,0.023859490865684722,-0.1332650552479029,-0.3475324749551671,-0.016454646834867203,0.002630353712951597
7061,0.004721465299360539,-0.09012811451272217,-0.36749975937922397,-0.05413424411955776,0.009734252974022457
7062,0.007061720429516313,-0.013810287974270958,-0.0008563049487257488,-0.019370406755173136,0.04627890331318915
7063,0.023927356222606107,-0.1675006556770665,-0.1949566167511282,-0.027832003961907242,0.049728879867861654
7064,0.011459821303401159,-0.20097805508439076,-0.10499784759004764,-0.058271580569140474,0.04205903449787427
7065,0.009290075282745388,-0.1350785919702842,-0.07678347010072445,-0.07240120487592884,0.07432774575387113
7066,0.026546923383050796,-0.07158001906893856,-0.07343073501772314,0.000941859108278338,0.03913888004240101
7067,0.009836625935493644,-0.10034494581989392,0.042763986803584245,-0.03488797436200637,0.011376140211915952
7068,-0.012027668088460012,-0.0616843801605378,-0.10882717979989735,-0.02827057084684046,0.015536869246662102
7069,0.020940309350747466,-0.09929535636687964,-0.18790186762032576,-0.01641419644987917,0.01578063223053638
7070,0.01758376307664163,-0.08595426864823595,-0.017277963366126674,-0.03215051286753559,0.016570062500850895
7071,0.007686053908160507,-0.12869372382067618,-0.05915911408701083,-0.05477571746112872,0.017798901010391437
7072,0.003237509539145201,-0.1472396449435697,0.0016488592816706628,-0.06402839910202687,0.010002961987599203
7073,-0.007667539563228251,-0.18386418376957664,-0.045151280472676684,-0.023293672307103937,0.017196300998715074
7074,-0.02288026224777642,-0.12771515162684652,-0.06499814341775911,-0.03355422455927713,0.02202051250015349
7075,0.015307929231678378,-0.11412183938044324,0.0386356019831894,-0.015218869358264142,0.026472737982420176
7076,-0.009114721597015428,-0.11603099328127556,-0.06900033358318473,-0.04579872357793916,0.0058148038896253555
7077,0.03214452754182668,-0.09567854437759354,-0.08213153904392129,0.019369433998604513,0.02504983990535043
7078,-0.025173073305682362,-0.11855750769691363,-0.25084848742830734,-0.06790046070417759,0.015809668072431227
7079,0.0061932685469378145,-0.112651517911651,-0.26393814871580357,-0.00288126681976127,0.02262840047965994
7080,0.0063740496895421574,-0.06800124028301643,-0.3046910691519397,-0.06458589466700647,0.0024632203228941007
7081,0.007308205294667066,0.004212000502453,-0.013798913290766254,0.012023843952725667,0.038678287676337665
7082,-0.01411442533059944,-0.06306682573643745,-0.22387479487977377,-0.031513012832447326,0.014422347449267353
7083,-0.00037030927298921184,-0.12129665557440245,0.05354575138971829,-0.02467889114488463,0.01623846840983248
7084,-0.0026686299297273954,-0.098474309047515,0.07783611678071671,-0.042259713814382344,0.02007394098163554
7085,-0.0010296420635556036,-0.16916871069373235,0.04337761462762168,-0.054322566934052276,0.00439169520076888
7086,0.01582563792262451,-0.014134537023729753,-0.03202954712723391,-0.019933138950335126,0.01468409840922607
7087,-0.004264672712409644,0.02204373997111352,0.023702455919187574,-0.015399084745206525,0.04000749281823041
7088,0.02162851237485698,-0.10907900798343495,-0.07838493975156036,0.01880901082576077,-0.0032895017626712016
7089,0.005066819180774212,-0.0635553367806699,-0.1278631269902337,0.0011484044445084593,-0.00677720886631509
7090,-0.007722106854724065,-0.09633104249379953,-0.06653282273599101,-0.017491318820748933,0.021109328932519024
7091,0.032515182074751736,-0.13773206037090296,-0.12119775192987173,-0.06435680818731666,0.01767624467177511
7092,-0.007946386040849518,-0.0895139158277886,-0.06991542899718375,-0.01108251969534063,0.02595512544748418
7093,0.020579708719826457,-0.03877901042253483,0.054659780444207204,-0.0897400067404593,0.015286805387067696
7094,0.0017382177048505805,-0.09709757477315505,-0.07786685602984517,-0.023560759822129594,-0.007343355436431645
7095,-0.00852708390438608,-0.1329918048279252,-0.023619813967676213,-0.03755669018730774,0.018914440826133253
7096,0.012231284578759001,-0.14885432064200638,-0.02517877586339897,-0.01388319200037644,-0.0036985049119427067
7097,0.006652764899075987,-0.13443993257303355,-0.04770180100473593,0.0015101552950388141,-0.007679481451103517
7098,0.005966535473076299,-0.11880477414898793,-0.06472835768199975,-0.012040588928320084,-0.015694301198931494
7099,0.002469214647831804,-0.11790058465562249,-0.07521811399141175,-0.059902170799439,0.022640658217634203
7100,0.00854923900699237,-0.1733945860975171,-0.03429428765959807,-0.01679749582613991,0.004495576295673567
7101,0.010713663957456232,-0.13726129204450924,-0.11763062999351144,-0.02651180549439112,-0.0031930959704151145
7102,0.002629254046979124,-0.08101033758372041,-0.05885302824907193,-0.022271691216045702,0.0046086056385950215
7103,-0.038032549406115015,-0.07594700044469821,-0.10249763722036902,-0.04737106605346067,0.035639841967937715
7104,0.025320312658066155,-0.12773356370271066,0.07263673262365464,-0.004106286437318082,0.007452812006676974
7105,0.001612722354354114,-0.003548621423389291,-0.043281273330377595,-0.029453133654034673,0.019781896999949148
7106,0.004136015113963412,-0.08269019512175332,-0.17399569301340742,-0.014267783858680364,-0.0038618559541426043
7107,0.00932241694211997,-0.07076335104848429,-0.12824235126456027,0.007863139443141022,0.00896679171626739
7108,0.0016308695717411495,-0.08525295029384122,0.00442584467596818,-0.01220266116841696,0.027035334024768164
7109,-0.01037572205373693,-0.1717988173204265,0.03404352296900139,-0.025476142124693305,0.05206954242569087
7110,0.030563131238893773,-0.09171938487989416,0.08521485248669955,-0.007141235321972263,0.013505514199534788
7111,-0.01161172685403384,-0.18491485650019907,0.09614374139528453,-0.012425389279565364,0.04156576750067335
7112,0.018430959477032192,-0.09564037065595676,0.048326269933305015,0.004842451786383803,0.009351336255880341
7113,-0.005987644352197145,0.06353153914884482,-0.12323132845942993,0.02832791117462034,0.02973892104145322
7114,0.023378322011114238,0.07731996651371009,-0.05827530436798899,-0.02944942543995112,0.01713980005932187
7115,-0.015591173574132495,-0.07982865091477852,-0.11284983485533519,-0.06478119357726549,0.01783279158288437
7116,0.017532404668277303,-0.04913882164036349,-0.06892761432492643,-0.09473632416050676,0.02521171593453983
7117,-0.02106924673226016,-0.0544760663882985,-0.046463924990590814,-0.0006141332962145376,-0.0490417510033591
7118,0.012756529500081994,-0.14809797273626982,-0.07859713993202255,-0.03392765768958665,0.027528616926920282
7119,0.015342756628890727,-0.09964320240973534,-0.07923409759008407,0.012948145168881072,0.02727579921110087
7120,0.03624240817974934,-0.10099060343993674,0.027394544246245822,0.0012721250941944936,0.03227178241969262
7121,0.01623444865428531,-0.07528810254823823,0.008672217063684737,-0.008661991361756364,-0.020858151835538182
7122,0.009007945103246316,-0.06591010111412735,-0.12088429097202727,-0.0471764331253578,0.027704864779365346
7123,-0.005740675253590584,-0.14776073194866368,-0.15091961987510233,-0.03786735349364531,0.02779020407320726
7124,-0.009071063054545681,-0.08501500652915905,-0.11775356137463006,-0.008800953685317246,0.0313141254544263
7125,-0.0008450235271147499,-0.025786012800483867,0.06727533291127928,0.005815193481087261,-0.02501463561689555
7126,-0.03184119038753583,-0.1028478058463408,-0.21516680309244698,-0.04710749567621072,0.043975615032425315
7127,-0.04033614148663006,-0.08995130795773588,-0.1053871044325171,0.011435416980871556,0.0328799430074833
7128,-0.045398995079092716,-0.12288976958498873,-0.148459167954577,-0.007676566549958044,0.029108689750065888
7129,0.040968068167359616,-0.09186565531795698,-0.05629903880106842,-0.04948590971122023,-0.0013858937872426348
7130,0.004573771226615112,-0.1013464806529169,-0.007523191622028926,-0.06038230663143342,0.033338227774213594
7131,-0.007506383468340247,-0.10888441813809205,-0.24584329118562728,-0.03522923580773613,-0.00826354260904625
7132,-0.008420998836252813,-0.1107803553136198,-0.023107830685401905,0.0015198134478812864,0.0038800734556476866
7133,0.014574475056385826,0.05883520182364797,0.04082692822099087,-0.059438112223559054,0.029402231792075226
7134,0.020793171918355724,-0.08869496499987442,-0.0522912945068616,-0.0140472049224169,-0.029152838426933163
7135,0.02473765373730338,-0.08815064505557786,-0.03866327543579012,-0.01193477934107652,-0.02808257881988922
7136,0.006967766897295766,-0.04601650320488178,-0.19532371614989552,-0.023816581067738686,0.020224804883443272
7137,0.005697479867773412,-0.08397676449156619,-0.2244605622520715,-0.03627556583072414,0.011794834617337109
7138,-0.00019351561546371732,-0.09489735667426895,-0.09063790598921814,-0.052180519026528475,0.0019293389026949037
7139,-0.010821593296963592,-0.13362097526755407,-0.0987178537141406,-0.009052593762314048,0.04320780128114799
7140,0.039604071213246696,-0.10830842638135556,-0.05055744180474583,-0.05971047716063257,0.002253530357697806
7141,-0.008867545096488154,-0.19801278394750157,-0.049937745219196146,-0.03206558729923841,0.05296475368383338
7142,0.02283112827849495,-0.0784134187174592,-0.15049763063469343,-0.03642631863719987,-0.023536752369710878
7143,0.01931990014940788,-0.0630744355089864,-0.05988303195213281,-0.01611134150631873,-0.03777147816790687
7144,0.00894108240012471,-0.08160817592246407,0.031150865458881148,-0.045024011157104596,0.033656838342711534
7145,0.00622648351167742,-0.0806060544241493,0.020297697846378835,-0.05134596554718279,0.04298571584187244
7146,-0.01757137584105781,-0.10781214860488285,-0.16883525995087334,-0.019450860461943942,-0.0070623484456461974
7147,-0.009384668802392021,-0.1088072000054996,-0.12425814662753105,-0.07630554591507875,0.030869607473335565
7148,0.0064952280734362315,-0.1064517805831602,-0.13201576942120866,-0.024416807365119583,0.05000162169781889
7149,0.00136117011774107,-0.15296596111604124,-0.2503063945864472,0.015910220407734404,0.023278112563847247
7150,-0.02578664598399424,-0.16992562150502202,-0.2175552429665872,0.017885609924708345,0.027531990481124362
7151,0.03291681554951701,-0.07093472274350494,0.0023422424820832314,-0.08437627936286227,-0.008416580597554159
7152,0.013675184571196103,-0.1434110047980856,-0.006419271749216921,-0.022461182058798584,0.05037046459500014
7153,-0.01426957276887147,-0.05773886127054701,0.007232517102998202,-0.002566338667081277,-0.013530892058177616
7154,-0.027010044621354867,-0.04439970119082384,-0.0394290360452354,-0.019895156724406497,-0.02568615629544761
7155,0.03291184463828819,-0.10830686215525297,-0.12338404029422276,-0.03719835670332686,0.07438401759833636
7156,0.03994687889342124,-0.11910397531536868,-0.07330954701548316,-0.06269648271624911,0.09023841643897557
7157,-0.014959882536590134,-0.14344932818028983,-0.007496081240455586,-0.04585706205163704,0.0027163655975886514
7158,-0.023962366260535467,-0.04660589885305145,-0.11938634441415116,0.013800705936298018,0.028748719102227132
7159,0.01909505754067602,-0.13912110330543564,0.09190690637639871,-0.0010515443017271703,0.020171701381296057
7160,-0.01236981006726879,-0.07828825057666254,-0.12517568993564532,-0.016527646270067833,0.00851568074531154
7161,0.014890900169114882,-0.06944568052705617,-0.05501513090761665,-0.008953264367264851,0.016062730397449966
7162,-0.009789403074601572,-0.10215073134321784,-0.0761748040131927,-0.040475714318080676,0.009413615645172712
7163,0.026452255639863788,-0.0994158562816739,-0.06839220405166639,-0.04700550412139946,0.01780001413811605
7164,0.0074453540913130565,-0.12043777454233026,-0.014541658749671534,-0.01583148590823172,0.03289462072167819
7165,0.001199534266486892,-0.073080911347614,0.001728357093604779,0.0032309238356815415,-0.00033430351669760705
7166,-0.01280977480348886,-0.0434206644459128,-0.05581000699140488,-0.04598651164106869,0.0284031776322336
7167,-0.02077814556091442,-0.0783374463649584,-0.0640352312196804,-0.04426176293106666,0.020041728906253168
7168,0.011122700876288086,-0.06627863285861185,-0.0418843967610322,-0.007330934881291299,0.02773579510443172
7169,0.01142734508444149,-0.10895552705518766,-0.0783598654727036,-0.10093840361974993,0.0007815184064509358
7170,0.010009964495202483,-0.07906416658626698,0.01410113747254609,-0.08757975447991284,-0.006809779360629494
7171,0.029253174067689666,-0.11101068992098033,-0.051112044772782576,-0.01937243249271375,0.026785538428089752
7172,-0.03689599193870918,-0.08555110119283679,-0.009130490625165905,-0.03096021981532966,0.04491181455031868
7173,-0.013607159114012632,-0.07564058223736368,-0.008820406757031588,-0.01213993992762426,0.04121068466506754
7174,0.028329820278284675,-0.10419928150772494,0.20565947883896082,-0.015183249093588279,0.06289487215942285
7175,0.0035589560604192645,-0.09193391744713832,0.13167508286637766,-0.023569245477389526,0.048923101377005125
7176,-0.011139422702892978,-0.026017230104963304,-0.049641978686930315,-0.01642135282293601,-0.026512000431419772
7177,0.028197912368962935,-0.06455992696126706,0.15949158508081035,-0.055397250492562986,-0.002295572966273414
7178,-0.02231016014521595,-0.11381785239949047,-0.09241272494718643,-0.018131519468865303,0.031338717142557405
7179,-0.04191344614095072,-0.024008790668185356,-0.09811906603690695,-0.028359261917988862,0.004954518795518889
7180,-0.026005912235580995,-0.06425083885708396,-0.15977798977783575,-0.04680481086089295,-0.007272395149998265
7181,0.032587378045414526,-0.07792757310491967,-0.04786466192278152,-0.006978194995399295,-0.011226419912778115
7182,-0.000983050157405144,-0.11231848645933193,-0.0745714351052898,-0.02225496705302794,0.003958393256486138
7183,0.0026248994322123245,-0.08973579562103548,0.08497928785236769,-0.04098337491639585,0.027599165249890055
7184,-0.025783327260344716,-0.05562714316927064,-0.06352084976966946,-0.022215078707526377,0.014385327656715678
7185,0.03870313768814888,-0.11506053102132024,-0.08632261530064507,0.0006368948663187116,0.01832393645694427
7186,0.02075029488623562,-0.1103163849940795,0.016527437932149124,-0.02651151035656073,0.02315564924500686
7187,-0.009153638593637234,-0.10761245206873707,-0.10896080643805359,-0.018898467607909846,0.009455414311021053
7188,-0.007454509919773366,-0.07081419118375491,-0.07238941546405665,-0.03368198760817817,-0.0019549828535313668
7189,0.021199470451349026,-0.08866581554440929,0.031173061610515296,-0.03345910657292343,0.04069915773968159
7190,0.004630547968854164,-0.0901163470148649,-0.12260488813673143,-0.014179891541404808,0.01881595895826143
7191,0.03222425735376998,-0.08185923181797168,0.044610193120146344,-0.02320745855762658,0.0013065632260858093
7192,0.028894955127355213,-0.11334008405313085,0.023577629920278825,-0.01897674095818683,-0.010477750512388558
7193,0.008452083998082758,-0.012123964494242686,-0.025111000593496136,-0.012040346019171625,0.09170909488778034
7194,-0.002374461693768146,-0.19799443131098818,-0.14696244261838828,-0.029485628057785193,0.007360613917584163
7195,0.011687114092236248,-0.09813930918647785,-0.04337678594636823,-0.037842178861147865,-0.015400632243108125
7196,-0.019204009743907777,-0.04607932650083702,-0.023594346440107015,-0.020013364436707884,0.061922583683191014
7197,0.028985125977091075,-0.06782721862533485,-0.07096729165979049,-0.021443732835009187,0.016768420144318067
7198,-0.025779814693895075,-0.08773422768903433,-0.10049607578808403,-0.04360017631849458,-0.004789026517442622
7199,-0.005342854582989269,-0.060218159839854596,-0.0311890101691856,-0.03225687093251557,0.00371875334318716
7200,-0.021757568322459477,-0.0887123405460563,0.036293110621003155,0.003799279865431873,0.00845313115182639
7201,0.0024641310056589343,-0.08677391502269925,-0.11116453077812807,-0.07296386951980367,0.033095414589584704
7202,0.012075123388551049,-0.07507549439498513,0.1618006548972272,-0.03777566849889058,0.0018743001355319097
7203,0.018205198518516458,-0.148156136957966,0.05421398231477552,-0.06213322410122971,0.027647719384523983
7204,0.0022835019242071603,-0.1264329713668271,-0.07028053428487258,-0.04528256957725581,0.03614598347332531
7205,0.02384877638129722,-0.12416284075855383,-0.07660021693889192,-0.02687003499405111,0.014434165036890512
7206,-0.010733639081061194,-0.1162319282177531,-0.04871125855970264,-0.023433216882466548,0.03052026075777283
7207,-0.0016738921185114105,-0.0527802836822678,-0.00751702708415851,-0.012313238170802859,-0.01858890345442199
7208,-0.009322599400791373,-0.16103728067401515,-0.10318986410476412,-0.02274639659646422,0.03302122566903211
7209,0.036791721973319126,-0.09644570134728837,-0.053836845628769864,-0.03094371585698481,0.0002793381418407468
7210,0.009097466034552507,-0.12361296619432177,-0.033077403643199735,-0.04644021788210152,0.061890931439549345
7211,0.002139606635964884,-0.10253016675765989,-0.11101119183629007,-0.005716133558386427,-0.03283470245918292
7212,-0.017902135004744645,-0.17222953515417502,-0.1968562384287509,-0.027056968394893625,0.06503769265963628
7213,0.03137347404137291,-0.07286462871807589,-0.006456286021845097,-0.025092517120087327,-0.02710702321610956
7214,0.03305680498748393,-0.07688533540522122,-0.017569696367567635,-0.023418542998112534,-0.021742944887642328
7215,0.03104698779757007,-0.11571830931293055,-0.1995312476801253,-0.03606615958333296,0.0687401097824705
7216,-0.026715910458089905,-0.019551250159630662,0.04693745811507552,-0.05232384993451624,0.0014050758887199453
7217,-0.0032665365574938198,-0.13738402153833842,0.2105358598585533,-0.030533742393404437,0.009550825978589956
7218,0.024657402133903432,-0.1421577212767593,0.29886117496917974,-0.006384638022109634,0.017337171060928674
7219,-0.025781735584936738,-0.07899157016617779,-0.10664284384350477,-0.03333615807334246,0.03151043272871503
7220,0.003906585701031707,-0.08047182955875118,-0.15207494695063078,-0.041323707923983044,0.03635254740089145
7221,0.017711017347203144,-0.05663376955607318,-0.10429651406233342,-0.019634420159069976,0.03092740257034494
7222,-0.013793749733149825,-0.07207887577768125,-0.033149356066371934,-0.03666673583696542,0.034671836249349955
7223,0.018508609937905034,-0.2625047142643546,-0.05298605631203622,-0.02734985401365834,-0.00794602330262694
7224,0.011537110867459927,-0.05692326789990463,-0.12011549855491893,-0.04520511074145436,0.04289433852801024
7225,0.014146431210239176,-0.12871338784868291,-0.12332959861656803,0.0034066931969972893,0.0058223340510456965
7226,0.006957382010023387,-0.04504254136252054,-0.10850970042710882,0.0055491907715271935,0.0050962699059387525
7227,0.028118674407511684,-0.0930258102739062,-0.11835845777911302,-0.026449571166532217,0.013601655218356287
7228,-0.004746350901888227,-0.06558415138342863,-0.010874191818270665,-0.03872216254134829,0.022220207616051552
7229,0.001708927024471854,-0.08853314060819711,-0.06557199547532143,-0.015670584955581837,0.02484572965140163
7230,0.030973776555612075,-0.01419829600391503,0.0743020580694177,-0.019511879601542485,0.012893191983624744
7231,0.029188213379789704,-0.019884110535315035,0.05407296441918788,0.0050209469013160635,0.022540788141762445
7232,-0.02909114644594523,-0.1671061257321012,-0.13213140878052848,-0.06304758041739376,0.015802948049488615
7233,0.036156489736257715,-0.09710250196683139,0.005145452251370143,-0.025737647090467712,0.02405189754117642
7234,-0.023106857029262906,-0.058010082962998165,-0.10182664251739763,-0.03418656901800641,0.05409823534703745
7235,0.01386714909957125,-0.1228114726254732,-0.004365996620263135,-0.029779844817601216,-0.023377417450118437
7236,-0.024164997278024052,-0.107660282724155,-0.10641071540539078,-0.014736160462330191,0.07788157183892085
7237,-0.005103471176629546,-0.027360907239730975,0.012886177781691358,-0.016857725620940976,0.013599175240307633
7238,0.020916097928664733,-0.09768669644914935,-0.1974779219300147,-0.050943950197303564,0.04098221787747605
7239,0.058354415443486934,-0.02139721818643702,-0.16568462891804864,-0.02596216623618847,-0.022401848715883313
7240,0.03996982633321723,-0.045167582304361194,-0.11852609718668909,-0.02969358293937262,0.004696992867304107
7241,0.015670981136296697,-0.03756042374394048,-0.07262369003610797,-0.029917616641067808,0.005390947222528016
7242,-0.005148258434567431,-0.040466969908077986,-0.061351069476099085,-0.0291686551306053,0.010592808443816071
7243,-0.004525982659524734,-0.015222734955266114,-0.06890678213760253,-0.03895070277808314,0.026401975830903382
7244,-0.006027509116856374,-0.044843821599302156,-0.04469914091886116,-0.0714850010725434,-0.006883760915366478
7245,0.018469015855519157,-0.029706336125093533,-0.03675800640652317,-0.018767039590395662,0.030855267253217477
7246,-0.007417067750081688,-0.15376398292997506,-0.027235868585848203,-0.007202030444721749,0.007698521660205281
7247,0.018052908032370425,-0.3275163499068071,-0.11208683908321417,-0.041710864973345536,0.029453275799618546
7248,0.01043266952779579,-0.37116276765673284,-0.03740772826450925,-0.03897597971836096,0.020139834256728502
7249,0.007700800097786036,-0.49312941175806974,-0.21972737264537107,-0.012388091344323927,0.021221997571107067
7250,-0.009094289958025704,-0.5061709546111354,0.02422562961208105,-0.07057244713325242,0.0019039241325073302
7251,-0.025791893434255534,0.036490836789640796,-0.25011048110661455,-0.0254265824501755,0.02670348272278208
7252,-0.04879860599644435,0.05778750834815913,-0.1576085682584357,0.00496535787539754,0.012489340494339533
7253,-0.04535175245618039,0.03280177969153718,-0.14509330764701883,0.006151177814843424,0.014287363415721474
7254,0.0400381393347713,0.057678490358805096,0.12304413971298402,-0.054986233312009906,0.02733534349753074
7255,-0.03884095329637325,-0.22074652215240603,0.006948845827214185,-0.02144845027326052,0.018861261030915913
7256,0.033784740854754844,-0.08207688786657114,-0.043450663486631506,-0.04033568514459061,0.007448387720407027
7257,-0.04011095008011977,-0.12667909683008868,0.03319616462866178,-0.04718718689601579,0.029047362857565425
7258,-0.01779108202364292,-0.06116034636772825,0.05615177770797375,-0.05532582778994129,0.0292898607770091
7259,0.026775169112210995,-0.11137333764722675,-0.0748785639116456,-0.00914253241961794,0.025671611827590066
7260,-0.027243814769092524,-0.10925867147747827,-0.07944269575327857,-0.04739868322243664,0.023100325064826805
7261,-0.0504319947438506,-0.1516924903792219,-0.03170775457166461,-0.0256842971050828,0.017838759128439373
7262,-0.04151910879980465,-0.10670535829871501,-0.07639424813092262,-0.0013808373793391718,0.02554777606229594
7263,-0.06906534111554441,-0.08436966575581822,-0.028355412209058236,-0.05418937782632346,0.03434815367731769
7264,0.003994931256221401,-0.07942850565841761,-0.0894812451273386,0.0012794648486706922,0.006460562229524389
7265,0.00713003339914457,-0.09568453336534943,-0.0665331814397265,-0.04109514956759672,0.01947069278395738
7266,0.0017486957446747134,-0.13128105563099,-0.04606637526369673,-0.01808848485480962,0.024216148750736504
7267,-0.02310104098360141,-0.07467143677526887,0.013182001950416808,-0.04360074476937916,0.03360666136936327
7268,0.030271747030236166,-0.12233030393894434,-0.01583654349039477,-0.10138927608942888,0.020525872310242662
7269,-0.00791052807566259,-0.10819706809037798,0.0019034655893126284,-0.06090150939529512,0.015585306546062772
7270,0.018641654307103843,-0.07746169196372973,-0.04444836972005609,-0.02298394555027609,-0.005935531346541832
7271,0.005852102373771566,-0.14861547484263124,-0.060244515095170426,-0.03606566503741124,-0.014263363790194798
7272,0.007117970018614076,-0.14930423093360426,-0.23790419283467912,-0.033484796153946464,0.012168625292673844
7273,0.0051444192854709385,-0.001973765493152735,0.09031691455515127,-0.0553825472565655,0.007443855955397023
7274,0.0011216220027551159,-0.1335790402649221,-0.004055788209236483,-0.048553346212168356,0.06637315234096515
7275,0.011156361980699903,-0.13512162565813773,0.09334853855412384,-0.03376444633882062,-0.01341636114582757
7276,-0.033982832433881074,-0.06800109211011804,-0.042368657064411334,-0.046523718648633465,0.03630735467430992
7277,-0.003680770817330717,-0.04764837696902425,-0.0074872245149223415,-0.04064557953950272,0.03486024945050517
7278,-0.050180872956220146,-0.09894763751992594,-0.15126325951824496,-0.052566849073712785,0.06272679997574879
7279,0.023372225292204077,-0.10825405326787822,0.03718482293833087,-0.04166778528145647,-0.001798687939264317
7280,0.04366684055228578,-0.09527513126154963,-0.1092149940012233,-0.00019945911379523943,0.021320375662606667
7281,0.029946255102926395,-0.10853653075403111,-0.13989284497902368,0.009443695062136338,0.031448809078334486
7282,0.011319517490290322,-0.15041344393141276,-0.13288088406385543,-0.05995130599046363,0.0014046998923014401
7283,-0.004902938616150973,-0.11530278520005884,-0.14956628597477697,-0.04126514569994477,0.037050446004331876
7284,-0.035927589902473196,-0.08574569395345165,-0.00899286048569375,-0.04846361178747646,0.031747021336410844
7285,0.031104497955299733,-0.160801816685235,-0.029350940041207665,-0.026868711480395924,0.01524748697568796
7286,-0.038780925957930416,-0.03552653152626109,-0.05024803297361083,-0.05513019788687094,0.022443255112112166
7287,-0.002818043510634649,-0.08502215894355297,-0.10160782627593024,-0.0031845024231230636,0.02233987478020109
7288,-0.0045833643292393375,-0.14670086046083447,-0.37006499263069764,-0.013301559230307224,0.017604004295425104
7289,0.02654769245684032,-0.09663812170903015,-0.16216529901034468,-0.0448967274533035,-0.0005495742709872772
7290,0.00026110496738285596,-0.10329731932327889,-0.07195981693487585,-0.04570663502985997,0.026581027822523574
7291,0.02130031933969445,-0.10263044956270606,-0.04114270127472459,0.01632124561534017,-0.01535573603064882
7292,-0.02418133303897008,-0.10213999348988162,-0.054994962515148106,-0.00554409419723524,0.03885873849567875
7293,0.0019102633458726959,-0.0795682755731545,-0.08103094701460577,-0.050944490654494655,0.005882601441345703
7294,0.014152198175812062,-0.07108551212708422,-0.14485170255507845,-0.061352433475573384,0.0032678124986721038
7295,-0.00127882514243531,-0.07658766921026561,0.009321836003162285,-0.012508360532424751,0.021135120375445012
7296,0.02308454320156337,-0.040797546372122094,-0.02044497326038164,-0.0507561293619993,0.002424815068542252
7297,-0.009127180188487911,-0.03465180912071819,-0.07767104735133422,-0.02695072112930154,0.044505081483880785
7298,0.012098545530528006,-0.22511382508521266,-0.03395789677460422,-0.05781872732230299,0.018745861289409062
7299,-0.005926297955628146,0.011918070308283872,-0.05824724979221863,-0.04079026762138683,0.00713051618142361
7300,0.017491300291570484,-0.0011017292310582082,-0.1650539717561273,-0.007722570363140379,-0.043126771667564845
7301,0.01378996928965542,-0.0715404231669284,-0.0589492710603003,-0.009009388154267677,0.08214526316643077
7302,0.01759822724522656,-0.06375572801045233,-0.05969600805155719,-0.00719893798502505,0.07822443864947977
7303,0.030204600619275736,-0.12582903274583296,0.02681943423782382,-0.05733395362357385,0.04121066652733998
7304,-0.01579166782373253,-0.08711347257180684,-0.13331521553295697,-0.05061928956153988,0.021240899601918554
7305,-0.005025847080463806,-0.11248671777522283,-0.018649772138547432,-0.04311039652902997,-0.00929807092253465
7306,-0.03599238352449092,-0.08241254350309966,-0.07836221305282694,-0.045092569930837045,0.013355073947019732
7307,0.006728860380821016,-0.1247105041386176,-0.04692833139206223,-0.0552008281653152,0.02862150342261614
7308,-0.016688534734531288,-0.08703732792499846,-0.04568537692652034,-0.02502470670978865,0.002221636662195627
7309,0.00803220060293779,-0.11901129277094738,-0.1312468211246739,-0.04333327660779829,0.0017846782187903973
7310,0.013892760966057018,-0.08736639285933616,-0.005264760536261954,-0.008300748942302419,0.046737370719895505
7311,-0.019195153696616035,-0.10061626447565718,-0.06318151035262945,-0.08815974478915108,0.012836086050378274
7312,0.007070565935185763,-0.08003705969070901,-0.0689378894825195,-0.020648869768417673,0.012139156558928192
7313,0.055301876142872915,-0.05366547896114669,-0.0655555562932381,-0.03265711736464009,0.026987009199369517
7314,-0.00990651223968344,-0.20069572077543885,-0.06663214732263921,-0.015351686309994117,0.03208983377073808
7315,0.006641755533290128,-0.1539334582391723,-0.05343573674306015,-0.040338486102425825,-0.007394925396693461
7316,0.04510272689298671,-0.014633085652376346,-0.04425976068692651,-0.036135258855588284,0.03041055185495463
7317,0.030397026916169873,-0.11525124967956955,-0.08792095301356749,-0.06093502122243822,0.059103450558572045
7318,-0.022205294023775666,-0.11867259628948536,-0.026914884519955683,0.001267385802900477,-0.024071768820129562
7319,-0.013808049911972252,-0.09926249926052204,0.007966786536265646,-0.019181606481994403,-0.01629261034654963
7320,0.015997908431718798,-0.13390182582658974,-0.14457070483584183,-0.049050354519344634,0.05423957112018513
7321,0.0016088531266811644,-0.09495444547634163,-0.16597162000821408,-0.0277476014306735,0.002562024405678285
7322,-0.011452795175830964,-0.05426862055741505,-0.08946838325964332,-0.0007359106258827472,0.040301122068346996
7323,0.014282402521189612,-0.08370789072644316,-0.07376101957063086,-0.027432206198414934,0.003660231066243705
7324,0.02983975440519893,-0.17224358795200725,-0.19061514317876124,-0.06881670739459388,0.016973480705045563
7325,-0.0339882886084194,-0.0052939239030340875,-0.02843729940032354,-0.040781764747371885,-0.029328842056198075
7326,-0.009980458827721023,-0.1078268875248402,-0.08993181277349926,-0.005799573529434137,0.047868720867569
7327,0.023221495674763247,-0.12244959419777142,-0.09024162983408192,-0.020592392061928977,-0.02616423959342849
7328,-0.013841179141245564,-0.2068868753796692,-0.028048188759243305,-0.04095742274450172,0.03617761938641538
7329,0.0046047910640896,-0.1775236067123998,-0.06460552198957588,-0.034424862228650294,-0.010089986555239225
7330,-0.0048754066043986384,-0.25516534186803064,-0.1106097693164589,-0.0028735931248261137,0.010523587987218036
7331,-0.026322079148863076,-0.05496035731923523,-0.024876443788968333,-0.02576448508680557,-0.0005563567780513343
7332,-0.015790464465064078,-0.18826975038292498,-0.024837604734995803,-0.031167368505076596,-0.011871266253376558
7333,0.04368401511831153,-0.11475370904381736,-0.06014556385879193,-0.0121336577012143,0.028490831276356276
7334,-0.0005839141236143235,-0.07952509533649732,-0.0451190076427953,-0.039826642508604904,0.01353833336565077
7335,-0.011598719967860379,-0.0836751529368054,0.05281246192387674,-0.013840256553345934,0.027931011717501984
7336,-0.03349697683750065,-0.09807166513498931,-0.03864012555590032,-0.046542386428195005,0.008236477967389083
7337,0.03500477114491398,-0.12068344116369352,-0.07889972479799891,-0.023121597823055624,0.008050129420828988
7338,0.0001113492404272909,-0.09931110515455682,0.055793713775023485,-0.03160006799950086,-0.00013110273047611232
7339,-0.0022167196792514743,-0.07940263082688595,-0.07561521126997132,-0.012383091520716464,0.019893304522639935
7340,0.015387012738250173,-0.08364786997713353,0.024297422050662144,-0.029256661885102297,0.03330454374322435
7341,4.603853989669364e-05,-0.13473789309159478,-0.14419248186720737,-0.03557311439723353,0.013486311523201152
7342,0.008963462733724196,-0.06249535184508841,-0.03426892680509897,-0.012652365707260582,0.04406890098942403
7343,0.015823208169664645,-0.07115642313029251,-0.012339203390368115,-0.011634420172092274,0.04778451074214812
7344,0.026412769940226143,-0.1173817365877701,-0.15406974993187936,-0.021029214487592783,-0.011515242500160687
7345,-0.011376327755389964,-0.15561215022791428,-0.062025101014193534,-0.060590505598973936,0.01691091801408837
7346,0.033032630456755356,0.024567116742996838,-0.13697721486863934,-0.02771968571876834,0.014474738906553597
7347,0.016308358330124634,0.05416194275956074,-0.013576548768257219,0.015455117561395844,0.005781279716609451
7348,0.0008183833794847003,-0.21212237564751665,-0.11909977046519497,-0.05664018051832082,0.06083538547223257
7349,0.004656241765118615,-0.17685048768150632,-0.043484502147588866,-0.0488215212588209,0.003198355945451591
7350,-0.08167665946622471,-0.0612194626659948,-0.10259553617712658,-0.021977137722710153,0.039057871874141024
7351,-0.05894092408034774,-0.11105603009636944,-0.03250367052184363,-0.017158400676000995,-0.0005689898671758352
7352,-0.012763278311458848,-0.09994115083543569,-0.2052783831207786,-0.10743817904822121,0.002076159001645609
7353,0.007734115219372136,-0.1189510531300133,-0.03632694745182562,0.018490155809551143,0.017859721934699913
7354,0.02564396412922599,-0.03964273174109731,-0.16294485758101154,-0.03767689921478046,0.036432872451725856
7355,-0.010888092845478571,-0.12515589773059518,-0.19289172232525412,-0.04561644594277049,0.02294065422138653
7356,0.024247192222805733,-0.1440118838935319,-0.03954251848248297,-0.03857431228121727,0.01632244983617373
7357,-0.0037329917429364786,-0.11579774274008318,0.06827578031717055,-0.005157364986876006,0.011262895943771025
7358,0.013510576139648761,-0.12899384121151866,-0.10076344249701531,-0.039839509390627754,0.02427034859346605
7359,0.0019688374522039455,-0.12638873299741077,-0.05980797584759085,-0.01394535685408345,0.008495076711209082
7360,0.004018550102565964,-0.024518171773515573,-0.026520974900325775,0.020748185975429653,0.027082242466775527
7361,0.01810830917090309,-0.030454132299584356,-0.047952120030445584,-0.03454856199653012,0.03571225164167812
7362,0.0104940813916658,-0.16154758583846104,0.007094237373460269,-0.04277284218664706,0.018020298924137576
7363,0.03600937438408598,-0.10618502929319563,0.013396320635032244,-0.0599186559593433,0.05087870540389131
7364,-0.0035677089906899183,-0.0847963198718736,-0.05681772412903794,-0.020112596829274656,0.0003120773721589614
7365,0.007973449512863016,-0.04882451375466217,-0.07603766835821596,0.017177188678045154,0.03747037896709367
7366,0.016988705863032246,-0.07037573860864631,-0.04942300628836,0.011161221728590716,0.03302813693101903
7367,-0.005853393435752863,-0.07434539802419649,-0.10564268128641059,-0.040448969327707175,0.014723477507196
7368,0.010861487210929905,-0.11234970338476456,-0.03433754424632082,0.006275702005169116,0.029059557741913173
7369,0.008874291939560464,-0.07123023755004027,-0.2540474531994793,-0.03398650588464272,0.02080095441227102
7370,0.013777566193557723,-0.1251959952042092,-0.016478275179438853,-0.04999452177824152,-0.006177777682524768
7371,-0.0042014505523675725,-0.05421816855030122,-0.012332954438121147,-0.014867803466663455,0.039441467626877114
7372,0.012822211951090684,-0.08899438043812168,-0.026045873135513226,-0.030130034746421747,0.008958387791476336
7373,-0.005100024812246069,-0.09051205409452442,-0.1011282088226499,-0.015695490192005564,0.03314957351020228
7374,0.006935712404242933,-0.19584475418013728,-0.08882109728113345,-0.028686523547686114,0.012868253381296504
7375,-0.022823821009627387,-0.11965365326839035,-0.026673770167894146,-0.019890353701810862,0.013605923048949432
7376,0.004682993082640689,-0.12079516124461119,-0.06705659305123125,-0.028780413846123065,0.017356377337436783
7377,-0.012160044957455837,-0.08808561820808396,-0.07153308072522677,-0.019618935950016948,0.033915212742405415
7378,0.03332168485867007,-0.012032121294034625,-0.037156840163316524,-0.02553480613032292,0.007517228564680798
7379,-0.007958777073784352,-0.16500703390746388,-0.013217504041677392,-0.030281646050960714,0.02291795225930697
7380,0.011819847088285056,-0.07369755573926073,0.334826391301658,-0.036281663108103976,0.04663244086356511
7381,0.00341628885293176,-0.16377081235690558,0.165878805309281,-0.022761193386604997,0.019823826591341104
7382,0.00810206916329779,-0.09893405401551207,0.15293509349533804,-0.013827280423671625,0.017263598699008627
7383,0.015953562024210912,-0.0927236947442342,0.017707683828641078,-0.02957460959932663,0.023486939792356873
7384,-0.0067797525386812975,-0.1438283313412615,0.06561606147090387,0.0027569987253429954,0.023235595321580836
7385,-0.0069924315052605455,-0.09256661837248405,-0.09319053409635228,-0.04491451133256042,-0.016405020860850553
7386,0.02023670916708759,-0.0990038724922379,-0.10760153647778394,-0.043850677296942975,0.07542508281500526
7387,-0.01747438180193555,-0.11809273791480131,-0.06646047123460752,-0.04488363458108414,0.000948698924311515
7388,-0.000831006606604512,-0.0831038181917656,-0.09165163052257055,-0.027603246018427462,-0.026179707354582634
7389,0.04174920052923553,-0.037800747165135484,-0.07950860859629652,-0.041939806348503486,0.060237015170388396
7390,-0.005750782174459448,-0.0997918915096397,-0.02720453155446265,-0.020301590108533402,0.025306538912516836
7391,0.01939571754315226,-0.09891198415248177,-0.04404006519169864,-0.06710106436959823,0.04252865904056695
7392,-0.01584471051694589,-0.1874995598471646,-0.08916500211597916,0.012513206534700774,0.0076947897189405205
7393,0.028359508979727933,-0.09279107174127028,-0.16163538880735354,-0.04980466472575326,-0.009102136307280156
7394,-0.011927881494865301,-0.10400605621196089,-0.03213036573845147,-0.059559843259887064,0.0017181635773717322
7395,0.007146660548830139,-0.10247744727480006,-0.12369630555118032,-0.04193461515184568,0.02472604104401914
7396,0.028003897718814612,-0.06205537551772273,-0.241614752840812,-0.02184911464375141,0.01512274042220894
7397,-0.0010322732148897206,-0.11737292925781621,-0.052875495186251245,-0.02466570118580485,-0.014512979862119647
7398,0.03038468489064259,-0.09404356470486747,0.010103835559183563,-0.038696155531401454,0.05136430459281288
7399,0.021828859715644404,-0.06356835740890893,0.11141784110045715,-0.010566017297418347,0.026160308037378847
7400,-0.0004657932553958516,-0.2229103997844458,-0.13419188159142284,-0.029552348931599758,-0.002991856105615519
7401,0.020823313901782804,-0.17040806931630503,-0.11378581280810603,-0.040425259420142946,-0.0025159490860794894
7402,-0.021499178281745402,-0.1070729495185029,-0.12695442823629852,-0.03949610384635019,0.01904103965906676
7403,0.004236978180248587,-0.09970487283919,-0.11433551634440164,-0.07372540021787502,0.021846777926098
7404,0.02678074464575559,-0.13002415200625386,-0.046741527726840065,0.0016441860460873388,0.03148891655351863
7405,0.0005568062313182341,-0.1054420329317919,-0.07291503994385354,-0.02237635562759902,0.005813677582391428
7406,0.03270690667753206,-0.016998156500993983,-0.1217507265310744,-0.031229427113407187,0.02201200944083726
7407,-0.028811968198277617,-0.02047431438528625,9.572858697095238e-05,-0.06755747328416871,0.0686691199149519
7408,0.010181641834383824,-0.1682419990918273,-0.04875288206524372,-0.005618378062953054,0.009420203035518045
7409,-0.0244809648065534,-0.05105629122453953,0.07385383592927727,-0.025587116712841414,0.040943471678082356
7410,-0.02192955933427299,-0.08891057338483735,0.09334659063535262,0.007797657458967493,0.05150508796964356
7411,0.005794320738072317,-0.117000826864978,0.20662718895547108,-0.031248721040673826,-0.011794868605021056
7412,-0.017205886760700322,-0.1894988528149463,0.14163358052773015,-0.006657169348744835,0.02824232322036103
7413,-0.013888694916421073,-0.1631399051920925,0.15274205336039226,-0.0010392515106137335,0.010371651397778906
7414,0.024360524432961224,-0.14286736407485423,0.0655686773507208,-0.04118385931532136,0.06728154614605603
7415,0.008674882799115517,-0.05222910782852382,0.04520332920062543,-0.01785246613420306,0.018408212690515888
7416,0.002905144790712089,-0.054539562260188114,-0.011269141691835283,-0.05163603484584751,0.062147672428681015
7417,0.014048549701268854,-0.0571938314815119,0.0033698729855307667,-0.05298552585060987,0.053516740532448086
7418,0.004629283906932436,-0.07549835514614033,-0.08038342480901585,-0.10535286710466639,0.017566820757318604
7419,0.0140749461697371,-0.10938941595958747,-0.09508421130909986,-0.04450515659698984,0.019406501493869056
7420,-0.039676801391985074,-0.10343719538556935,-0.09460025284029261,-0.009939335302739055,0.0321978145243982
7421,0.009509456228857871,-0.10614800424812268,0.003012672010531258,-0.033291519104850245,0.041800382996929814
7422,-0.03264764833507022,-0.12207966791367184,-0.05868390783825706,-0.027141117341741492,0.003055219571409197
7423,0.01971140099418134,-0.11485111594629789,-0.09639751150786031,-0.06583828666577116,0.024784232739025268
7424,0.008341461691618712,0.011333311747135597,-0.07711336469084937,-0.039801632237923525,0.023972545952932627
7425,0.00046618630640802493,-0.07943625689095268,-0.05070290218227314,-0.024110955693874024,0.009012928348210865
7426,0.026140445886577195,-0.08002490600833131,-0.1702660380796547,-0.02753327556283841,0.0732686242861245
7427,-0.021220913287738282,-0.052910551762581505,-0.03927476380446879,-0.026999699279472402,-0.04325255188370965
7428,0.018592153927480506,-0.08639765416953066,-0.06224702794768268,-0.05159477981157034,0.005017498007478858
7429,0.005490079243736629,-0.1307651951716474,-0.06729705508456792,-0.00783054548909538,0.018292801675410492
7430,0.04187733562183987,-0.15470207592318122,0.04627209634223324,-0.021609727511837,0.02307552677798522
7431,0.020905358880220774,-0.07079047599771696,-0.07760996756107771,-0.0400431243021249,0.02064423261006591
7432,0.03892974577221839,-0.10513115210783006,0.04718892384255935,-0.009773928794984184,8.024053063388262e-05
7433,-0.02034939439739652,-0.14216919283011623,-0.05001266212946446,-0.025515877937367076,0.033020776397965614
7434,0.02207716513949291,-0.0497249150149746,0.016540583207280753,-0.06867945481376783,0.011728479883496313
7435,-0.012456873133984036,-0.15179677188609203,0.1181874912604877,-0.07415880560302156,0.028706477673388815
7436,0.03541913861501342,-0.020874287683034336,0.11373737931023833,-0.05556856739030264,-0.003985457994778753
7437,-0.03355638903977919,-0.09469525964238021,-0.05608003365890934,-0.12622836578198918,0.025665744599342778
7438,0.014191571744691331,-0.15472521730753067,-0.06523527975175468,-0.03333503891175715,0.042274973852770854
7439,0.03687121559105393,-0.17847112354607875,-0.13204729078717356,-0.007404291096497231,0.05552857119211723
7440,-0.019016528119625103,-0.17122498264812192,-0.09366342792692751,-0.07660525868222923,0.06877536655208925
7441,0.04127394559714935,-0.07399380513077854,-0.08342812718446498,-0.018633007516222048,0.0031772100630920595
7442,0.0336323764594838,-0.10058290491573976,-0.0700500427328175,-0.014267348362477766,0.026376943522661372
7443,0.05331077938613471,-0.06529125077095961,-0.0900520098495935,0.03389778064006298,0.03077798680842884
7444,0.07046546176382938,-0.12738180677788252,-0.07818747990873014,-0.036208824883947804,0.024616483783605984
7445,0.051408870353054074,-0.0812945019307463,-0.06428061911368235,0.007937075240442943,-0.009729807406584842
7446,-0.007776630410847162,-0.08773153190212929,-0.05794147457670377,-0.0623789346998136,0.033320635976183684
7447,0.02579187035712209,-0.15521205078707417,-0.06931477120049762,-0.07043991507346783,-0.025770985671527073
7448,0.013569254099637879,-0.0417491257023442,-0.029488968211553813,-0.021997945305000138,-0.013337205732299306
7449,-0.004214988253562552,-0.21267775832836722,-0.05085706057074038,-0.02630003210942069,0.053920515448944495
7450,0.01943643022541805,-0.13918965660474272,-0.16156688082728604,-0.0659558521509001,0.06506192676863465
7451,0.017945290617109703,-0.12303462775290967,0.019086601729257125,0.003123925282839471,0.0543931016348278
7452,0.0427758424598004,-0.12366524310866808,0.06578194933825914,0.012212446218286922,0.027222886837054625
7453,0.007283231568324626,-0.05192484870035887,-0.08711473810570852,0.0032058756718666226,0.04276801468629921
7454,-0.0008741868455435846,-0.11053235154288876,-0.05171160755453193,-0.04294846635927499,0.003175759142726526
7455,0.010839913215551916,-0.0860596332600374,-0.02275029133417694,-0.044709482788785185,-0.0003189493728848575
7456,0.017733264163949648,-0.09058873214307196,-0.010251606224269277,-0.0038500114446654915,0.029750629666410972
7457,0.013722753596047412,-0.026630205189727963,-0.07642726032791315,-0.05099954638906448,0.017397919184618957
7458,0.011081654666713849,-0.11922147218806316,-0.047392507918106445,-0.12243237283677619,0.04618934030761258
7459,0.01280380302612863,-0.12583450251739975,-0.08132012993140589,-0.06313191605959281,0.015526373115933493
7460,0.020607759156659175,-0.06691865985756196,-0.020448150090172895,-0.04574393432040265,0.006989930269680127
7461,-0.005851541127961817,-0.04356934838126794,0.07809414369286241,-0.09719443289150287,0.038058800677903626
7462,0.019912972798510918,-0.07083957619404058,-0.13019891126997035,-0.01480951572511865,0.02249300278330906
7463,-0.017121872325185628,-0.12576763694264403,-0.13041288569365536,-0.02251176931108434,0.010754161730295602
7464,0.03077878973378804,-0.0850731931238105,-0.08185224554508087,-0.02270821903812109,0.02928608682635789
7465,0.033585346317168,-0.11248580025298559,-0.1162461345202725,-0.03590175792489053,0.0004593378299179964
7466,0.05480539090330448,-0.10347862419925875,-0.003412096141288894,-0.004541155701112735,0.04426816380233554
7467,0.004873261533089354,-0.011165209952143481,-0.009205894854597486,-0.0704549979704299,0.0024763659514959262
7468,0.039376958764098906,-0.19347852187918643,-0.09492470435809751,0.037298817630224954,0.03419470761502318
7469,-0.03144783072593219,-0.12839154720127283,-0.08043458829641739,-0.058552506043473576,0.015644609616645582
7470,0.02003187735246186,-0.18039562161571296,-0.03159815316754699,-0.03204824424276156,0.039576424527343314
7471,-0.050103054469907746,0.02563608641496742,0.004927432584687045,-0.031241672266938813,-0.015503762830800615
7472,0.056220508605770325,-0.1170921677059168,-0.05692078566336447,-0.03444430052564528,0.05881716971720644
7473,-0.008640984515722629,-0.05227610632630453,-0.06399811847261934,-0.032342364295522036,0.013521611518046721
7474,0.021935963502476428,-0.1123122824874661,-0.042960891826100876,-0.054486131947922595,0.03376727082766948
7475,-0.026252425243853652,-0.13024659336878414,-0.09610437089097777,-0.023767257277718893,0.02167844232005433
7476,-0.015230109180430737,-0.12052208128400599,-0.08476326040492252,-0.022191173830392066,0.0302720315357851
7477,0.034467870873367695,-0.12730773990768077,-0.037594476746904686,0.003932233387654435,0.022042928980710568
7478,0.033443329116384694,-0.14597991895733917,-0.08054293207944903,0.02092344422723875,0.02408767911864744
7479,0.06152920925218395,-0.07662374917208735,-0.12131526301487044,-0.08132141969400777,0.040112314449291135
7480,-0.028321477973094228,-0.040454171025811385,-0.06850700027441692,0.02766774927600159,0.009494634055900624
7481,0.01634827869005916,-0.13898767577344207,-0.07189769328435855,-0.012242239363540382,0.055688762766689014
7482,-0.0006842358355634802,-0.007513768613097653,0.05846046082747913,0.05032612681215369,0.022354497113592324
7483,0.0208719428360584,-0.15616510735441358,-0.0462961261527272,-0.056984976190557604,0.0040476376473754265
7484,-0.003277218762352853,-0.11543558135134936,-0.11725571651526535,0.010115173860426466,0.03859299369200563
7485,0.006053206868265467,-0.1268934281675794,0.06971439712792714,-0.05616497750765028,0.007769395928721115
7486,-0.009935710393217567,-0.06534843699944658,-0.0627321122179942,-0.01590325927464329,0.033755297823254087
7487,0.024704503264438554,-0.11017676407556752,-0.07834322913379517,0.012274258041435062,0.005645635450337461
7488,0.020475185806881763,-0.03975639437280601,-0.07264861569894841,-0.004896013716765979,0.02949223545641145
7489,-0.0228827657163772,-0.13439585987391237,-0.0440530431633496,-0.013741176865283882,0.023825751878632225
7490,-0.02565649747423168,-0.0696550854805213,-0.10970507216160018,-0.030026840145247063,0.03593258164705475
7491,-0.00599799375375667,-0.045350331694158245,-0.006144923796208691,-0.024642204931972733,0.027431353016389506
7492,0.009364207692289826,-0.10241115128380225,-5.896468299097339e-05,-0.02041855998295888,0.04408815283092687
7493,0.008367169195756577,-0.1024035563776233,-0.06313431007780022,-0.02173418331878601,0.029804957019654816
7494,-0.016200674634423998,-0.06729670719874953,0.007319935306466397,-0.03527263245523952,-0.022405717117831382
7495,0.028028528156284243,-0.09862561311758274,-0.1320158224815857,-0.006865890397678635,0.07056559964072188
7496,0.006853133496680993,-0.13881621273153466,-0.013060086408347892,-0.05263359237632359,-0.0370319125022547
7497,0.02850470986937877,-0.1298560912949698,-0.11700818075974279,-0.052435560532447786,-0.023530108760683538
7498,0.0373657402230391,-0.04595999615763858,0.010260074472282535,-0.035062147503626205,0.01911513574467557
7499,-0.016448330363322845,-0.08972310108510283,-0.002366375111983941,0.026094200275146414,-0.04378347283829776
7500,-0.029811542450082853,-0.08371728076174142,-0.03422080822870278,-0.004215438470162359,-0.07364292724402734
7501,0.008712975163688958,-0.11507633426335731,-0.07159566465942692,-0.036084903021887695,0.07335589372096918
7502,-0.012406443622433207,-0.062101449921013206,0.0356419789405962,-0.011729996561994832,-0.039232419372190595
7503,0.021182916613919696,-0.21648282670328128,-0.12358263194907348,-0.019757709038274014,-0.048595792597189276
7504,0.01854431986310538,-0.12496401067863933,-0.06948325609996134,-0.021031164226776575,-0.025319937129286044
7505,0.009540799949451409,-0.1005645544544259,-0.07585113298687168,-0.03640493384087301,-0.0015932807203320933
7506,-0.009444323369604001,-0.09402752870106194,0.014678865245988014,-0.036209465224326276,-0.002338215412030376
7507,0.022508858797321982,-0.09511471396662151,-0.1488262887835699,0.006902784850811442,0.008535313614277932
7508,0.024799477683708025,-0.1130908548757127,0.04057042047808299,-0.05936647983617991,0.03615401383664368
7509,-0.0007260687598532452,-0.07193107631707556,-0.13169088631728953,-0.00042247867729970217,-0.020984248300826302
7510,0.0016559671014414654,-0.09846770041180342,-0.05106384530400149,-0.014960372049952002,0.04850497324555211
7511,0.018484739251631906,-0.12308274596199306,-0.025536057229495777,-0.058497698052477815,0.025666030100768206
7512,0.03226954852271897,-0.10599970597318138,-0.020801503548033527,-0.09055962793512774,0.03555255845870255
7513,0.005620351296312488,-0.0418915579690263,-0.024876371676492502,-0.08211297901122179,0.010266330928475564
7514,0.014130137484893755,-0.11939018238139847,-0.07714614801756796,-0.013332556262535879,-0.02094637640610889
7515,0.020007894492167524,-0.12227993807986973,-0.08824747915583069,0.0035689413572443196,-0.021831758886352925
7516,-0.0007442348587297638,-0.08728693256589479,-0.030735925758158457,-0.036619718833949114,0.013133617938095718
7517,0.018277524629526132,-0.14730011159785453,-0.019364317376153878,-0.019140328788292853,0.06363445865265747
7518,-0.023447275956610784,-0.05335918205555998,-0.13803384395360355,-0.04010906643111861,0.0264542513941669
7519,0.033424221265070594,-0.30133833954131833,-0.007332574185256782,-0.020203116042895434,0.0038204276652818014
7520,-0.012940929839859163,-0.034802300615857484,-0.14956265251362272,-0.07386921425954085,0.011147471201231128
7521,0.025257191866410223,-0.2106167783782057,0.03702263022736021,-0.04684436221727306,0.00616258448513497
7522,0.0015756700597318921,-0.13531048895537956,-0.06293063111363349,-0.0008908539621956119,0.025121264186717163
7523,0.029521189380093564,-0.09915678165240754,-0.07352271978619553,-0.026259913125344973,0.03982130451846709
7524,0.029524745270580473,-0.11476553330274042,-0.12990568237651948,-0.036430100246278865,0.04800382559048101
7525,-0.008866705016157411,0.045343305803111376,-0.1190593606096981,-0.028036714613932694,-0.015502679840931337
7526,0.001202801701375183,-0.0489001030329882,-0.058584450641429614,-0.07148978666488036,0.04256606590629189
7527,0.033450409585541366,0.05373090680000748,-0.06451626329713936,-0.08182408287945206,-0.002001006335613759
7528,-0.019371962291473605,-0.12335724372814923,0.05969283829885013,0.0040157439342187575,0.0399437335347516
7529,0.019296843075995974,-0.09193968723903805,-0.02120162193549208,-0.05997494765751067,-0.023778921937512455
7530,-0.02710161746886122,-0.18232133095063857,-0.12076106307968669,-0.034216200928021585,0.04508004428813485
7531,0.016353390674468195,-0.1674916153455962,0.07528754698089528,-0.0483168213360018,-0.003601938056570149
7532,0.005361042415511025,-0.06951084863067099,0.0636773529604097,-0.010283315525064887,0.001376585303447445
7533,0.04964162021234524,-0.05512029104079951,0.06097141471733034,-0.02692423109957533,0.009179660206365866
7534,0.014005809996283189,-0.13648970458108645,-0.038206822970659735,-0.0709820883117389,-0.024114389649734693
7535,-0.026889144395064235,-0.14618861273973258,-0.1026609028594888,-0.0014898626021329086,0.03414711150732795
7536,0.014579486948824721,-0.024393042639230252,0.06011856317269255,-0.07737402622528407,0.002600022368827469
7537,0.02767186916762471,-0.02457415110174403,-0.04879027687966138,-0.07860832026619545,0.0021458470272537806
7538,0.028699315464465924,-0.025522205186487384,-0.05475140919541112,-0.02279808415112863,0.009938030987142125
7539,-0.0029911933621329773,-0.06772896458548787,-0.01644829216847623,0.006384622177590252,0.054579401014629214
7540,0.0210486020133717,-0.17495202389439501,0.07778205211883199,-0.05163171574637582,0.022339117712265655
7541,-0.018613933884390484,-0.12163605083973328,-0.13485996765223665,-0.05818415751375119,0.03810697687050759
7542,0.03757495601928744,-0.024981678992806677,-0.11100756909274943,0.009954640353781463,-0.000715798877525797
7543,-0.024030508131103277,-0.12287606739224398,-0.01460562782526237,-0.05427290070115145,0.03448906164052206
7544,-0.019037020737451605,-0.13533344994451002,-0.10226269171934563,0.0346364334978038,0.02114632190423496
7545,0.007029049587265785,-0.13004574459916227,-0.004875753562723666,-0.04647087370875791,0.05371499557534462
7546,-0.002598151737734783,-0.09377415840928514,-0.031695923255169824,-0.04469745506926766,0.05478069969867787
7547,0.005831997655627826,-0.20307730904605265,-0.0885489326616649,-0.06034282764186655,-0.004652622332038297
7548,0.013857378268299749,-0.15400008326203823,-0.19999769794277267,0.025277838612787214,0.02528433203740188
7549,-0.0062358064109309715,-0.042142038251774906,0.010701575384153643,-0.03897660351681141,0.01883611523119576
7550,0.02040378303935155,-0.06299654359855303,0.06976828826255509,-0.015609980664760796,-0.015449828898289596
7551,0.0038699777479796567,-0.12960007557633113,-0.019141710640735686,-0.011068613259219364,-0.00914776195687849
7552,0.012570144466868443,-0.11981264982970927,-0.13713716567687392,-0.0443385734518392,0.058280070249908555
7553,0.014204396697326987,-0.16562753609955258,-0.042506746238928174,-0.0348425211582527,-0.028807539921921473
7554,-0.00046408205156753957,-0.11622824749638289,-0.05499175612473323,-0.020821928143497943,0.049125874328795865
7555,-0.025690011653844262,-0.1426289936147095,-0.10944243254475663,-0.055307576589270206,-0.028546969601695813
7556,-0.013997129682956775,-0.1326591389418687,-0.08192269415199359,-0.009896735500609894,-0.0019199924437176526
7557,0.016507947141986272,-0.10410883238351654,0.0036915394239507324,-0.05911588292105635,-0.0010532315562536518
7558,-0.0019165991549579024,-0.09054682716286216,-0.019626781181662358,-0.1001671938000495,-0.0020547247737244035
7559,-0.00013864564029262945,-0.11129996585199779,0.15482682548478066,-0.034178616768165235,-0.024559671857626083
7560,0.02361185989970518,-0.08392921824552091,0.23630263944717989,-0.027287031713978387,0.04297152145616675
7561,0.006877506863635422,-0.10084186122803757,0.19194278725601086,-0.015809444603460093,0.027188183834118675
7562,0.02128354040214061,-0.1715645050137131,0.07443559270113037,-0.039409800809201,0.020143930746279
7563,0.025579838148967606,-0.0375640048845916,0.22307783499080305,0.004137810963391072,0.03657948621567061
7564,-0.006928532936391918,-0.04212483093576881,-0.21573568451122657,-0.07330498047528328,0.022459470075835965
7565,0.016428706616326776,-0.1091653659051291,-0.0636703709259905,-0.016394818466352074,0.05170715679365086
7566,0.0024930880124272655,-0.083765764120565,-0.03293964130435028,-0.07806254174317007,-0.052947808319722345
7567,-0.004225316387129944,-0.07268844740903625,-0.09872984338221942,-0.023976165297648795,-0.03086043431983176
7568,0.01887762900975353,-0.0713033795872569,-0.10265653760306485,-0.028279844373285422,0.02854150739630259
7569,-0.00839858400053091,-0.06711545296595126,-0.09188569086483195,0.09161588651982794,-0.0023742434787431673
7570,0.0069593276234519415,-0.15962315884066114,-0.05709913627599981,0.0888170762790512,0.012276947836734378
7571,0.018145572200320984,-0.05459601603276769,-0.10276280493365855,-0.06352334903243097,-0.013755227005790831
7572,0.000836030867362464,-0.12467629416509046,-0.06848045219770896,0.0014838967580813065,0.047757865730598176
7573,0.006522395834709365,-0.0422976646097939,-0.106829337612535,-0.03284122516566387,0.00899455952512909
7574,0.04402373676407347,-0.07998185615847234,-0.09134196767867515,-0.00760356654874586,0.04802137780189485
7575,-0.020408497750403997,-0.031301816556664905,-0.03952588361400786,-0.07090024692755863,-0.0018127633409853949
7576,0.026545356874208843,-0.09839350927631944,0.026895300522640834,0.0006420714139442054,0.05217624838084674
7577,0.0006340378259209475,0.012226787177883388,0.278329334494058,-0.02640731254017443,-0.017240034269984123
7578,0.006464437071686988,-0.018605204054914417,0.282327865101656,-0.023045576702612505,-0.014778396726562231
7579,0.0219617139901527,-0.0525671433953863,0.30019826015062284,-0.05096601133416753,0.009676776723682029
7580,0.044521453698960774,-0.00919370703560312,0.31805250472166,-0.06784096426932715,0.006454891092284799
7581,-0.030075453272806692,-0.048434740881442916,0.06825291733083076,-0.03321073741467873,-0.00467142126779611
7582,0.01759245895417933,-0.12244654448566207,0.049107028740324986,-0.025663445448156446,0.009650723893712014
7583,-0.0064797062852722034,-0.1100347351901127,-0.023978290061713703,-0.012052690003122446,0.01038715631399523
7584,-0.029560029890491626,-0.11322085718460541,-0.0691681144224404,-0.025256494972990352,0.011413593061111586
7585,0.01945367308680639,-0.23972630490433364,-0.10691494800583763,-0.04368516919368326,0.02635653021814124
7586,0.002821683614663592,-0.10251993779712062,-0.018239447237489912,-0.03818305588626658,0.04091589260196441
7587,0.006040119852194241,-0.06521872233069044,-0.06739046738913763,-0.006858231916980211,-0.021795698597624525
7588,0.006538546082009991,-0.1572318015082691,0.044983604514539,-0.0028437356923807946,0.054226195351324204
7589,0.008042577512578659,-0.12001286930995905,-0.18272012811581495,-0.06280131765225212,-0.024465816700966068
7590,0.03571071272934069,-0.08137372717294765,-0.0004874230091752932,0.009216663769787097,0.0073377011868576356
7591,0.04305777352266146,-0.07132782357366538,-0.07802951906580892,0.0027056123517739546,0.02829769444582963
7592,-0.06704259718295245,-0.11858870929780702,-0.13871155572048882,-0.059029781514539886,0.016249278891575274
7593,0.0036092075480754454,-0.13668983239764915,-0.11957660887285369,0.0202980246534256,-0.03468388068738334
7594,-0.004720180249609151,-0.056226666217726984,-0.0855822592417756,-0.10431214273653906,0.04105152488307205
7595,0.03268175029942112,0.020383997556296173,-0.06749165191960964,-0.043283493840756145,0.008873727235070657
7596,-0.03391153535561659,-0.10323715932831065,-0.03055873949620982,-0.010102758706043047,0.033501931403082566
7597,0.0527044809446643,-0.13909261302431503,-0.17544812110856983,-0.010829180348805237,0.02513683276092595
7598,0.020333763321347238,-0.06681138992641326,-0.14650092237072548,-0.04178976874328352,0.023426556770721568
7599,0.021996276198761475,-0.1056818926640712,-0.03208524421796574,-0.005450823067728933,0.038511631847802194
7600,0.002608556439548447,-0.1961675983369456,-0.22559439033828185,-0.03821966796090912,0.010760168396907573
7601,-0.012251132123083848,-0.10389604760962474,-0.07267477759632497,0.006635859527619898,0.05374997305333638
7602,0.007947452670258405,-0.11605421839954988,-0.10324155926131182,-0.058661868838409716,-0.0023395002767212653
7603,-0.03676181865998874,-0.1190715657001761,0.06316275496098339,-0.04841669117031303,0.04050585172045209
7604,0.013488902780846912,-0.08605684299516723,-0.00673645661634589,-0.023756543172970112,0.019555908458475373
7605,0.014129476534898927,-0.12439822158466263,0.16902681565507283,-0.0360463871097583,0.04627354506227322
7606,-0.011378909544823486,-0.08249833117874512,-0.174179285976706,-0.015441657138429743,0.018126340241274533
7607,0.026911099621841017,-0.055676128612463606,-0.12085375222535137,-0.03436350726383108,0.01744664536631108
7608,-0.024488063086004302,-0.11417626289299723,-0.05233320651164583,-0.006884401579639371,0.019364601006308657
7609,0.03300347390314057,-0.08007016763165212,-0.04749280942967585,-0.061615527200853164,0.013820573543337157
7610,-0.02734457193345236,-0.031976751433359624,-0.04657967438764078,-0.050360126816939764,0.06226286411646075
7611,0.02095789787167178,-0.11966501869217208,-0.0747058392842575,0.08168829425417441,-0.01750525818476578
7612,0.03576740544804769,-0.12291003484629334,0.012513640703549204,-0.004097848900733128,0.03459733191756078
7613,0.03720142486938353,-0.13091720015867037,0.06915499699384903,-0.012101014153290696,0.031900714134758756
7614,-0.015356252913927348,-0.12795146634854693,-0.03546902028346742,-0.03874764229009,0.041808040303681286
7615,0.021871455785564514,-0.11469205309633067,-0.010766601078686504,0.007808344612467684,-0.001787429844195952
7616,-0.024649049726792244,-0.08436100457358377,-0.08501562190938063,-0.004146031275563177,0.04312966532102446
7617,0.02609161503573599,-0.09786073708844974,-0.03733009402503572,-0.03985354835810627,0.015342350352296958
7618,0.018963046634794496,-0.10920642394340031,-0.18094093567982172,-0.06442910333929214,0.02199080220460741
7619,0.017959903871734007,-0.16430739471685002,-0.0572823443161364,-0.0545451409264944,-0.030155826043430173
7620,-0.02111755765053947,-0.09613456461007339,-0.09270715086564804,-0.0422655964538559,-0.009776159616007024
7621,-0.02393684259287222,-0.09268621521973039,-0.11624410777195666,-0.03379013524415529,-0.020634695005193365
7622,0.028282927269178703,-0.04615215480843065,-0.02952397535780757,-0.01857056584627198,0.017173610365282553
7623,-0.009525007992498119,-0.03593270340152899,0.048796166404871937,-0.020737522708540936,0.03807781274976721
7624,0.04586634240331606,-0.16856821151822096,-0.15888361287663572,0.0005794906738619381,-0.005016439823222501
7625,-0.01363720708042869,-0.01946785141607334,0.06191808428418751,0.01582904915116774,0.04742800681646855
7626,0.04408800480044589,-0.30033338475377336,-0.005039456019587018,-0.0345004051714075,0.0032720047616396322
7627,-0.0015417021514183055,-0.2687447690055483,-0.11368496399391796,0.001112822399114245,0.03646689303090974
7628,0.013635557972598772,-0.05458194757339878,-0.10044356084154385,-0.046791028161294705,-0.0017039875447098483
7629,-0.008934156262515616,-0.09988559998052324,-0.1430515928108431,-0.007918290468702951,0.019519893074709044
7630,0.02793154504088971,-9.616351998989479e-05,-0.053350819695803256,0.003169567631456859,0.012299666077495513
7631,-0.014104248175605667,-0.08328232803721974,-0.08278849651912855,0.03073298887005793,0.006599415279240221
7632,0.02579110096098414,-0.023446370028145553,-0.10062670367488082,-0.03379280714181227,-0.0024069457725055645
7633,0.00401151076063182,-0.1511048040607026,-0.04205822536756836,0.03189993424631196,0.007315636756119552
7634,-0.006671330956645227,-0.0870547455396932,0.06336375349623154,0.016098046567273518,0.003963927478278513
7635,-0.02697053899972721,-0.23524793806481084,0.20967269860052187,-0.06159871314940877,0.0413454276019236
7636,0.014435105379348251,-0.14365544811979353,-0.009824615839036155,-0.030893758659703435,0.03656035729935984
7637,-0.00045341283847657684,-0.06578087762475618,0.005093980195673022,-0.004886067315936182,0.015022894408649288
7638,0.012924202979245562,-0.04450464847608791,-0.20239818444425295,-0.04366273436475658,0.031144538484150067
7639,0.001220116905550019,-0.1285953138257077,-0.031617603859798164,-0.013424993729118788,0.024969373881540084
7640,0.034324405472853196,-0.11430892498793595,0.15766824586563669,-0.02778513341184208,0.03337493833213072
7641,0.030791660718110438,-0.115583663893151,0.14282968243016017,-0.04325643283392943,0.02741342406609716
7642,-0.02533886572667836,-0.1452306767503295,0.17043755350805906,-0.0026962653978067834,0.038524167075425844
7643,-0.037714840030473644,-0.1839277151148213,0.04141015293987359,-0.05528998203177689,0.028850751695076483
7644,0.07607134319406432,-0.09942396798357964,-0.07168071590302319,-0.04960504934651753,0.014833673313401428
7645,0.07075349932715011,-0.08481347046360481,-0.0611839739330793,0.023366252192983803,0.02985616603788472
7646,0.06607608673479093,-0.08974246354755384,-0.04039391241675113,0.018102717137770744,0.026981109373948035
7647,0.05834961286857387,-0.008422420562820974,-0.02049711292227148,-0.002541844279938674,0.008770266590646317
7648,0.03630230254310098,-0.04133908929338986,-0.13289231806537363,-0.0021642422570092843,0.008283767594723726
7649,-0.0016989039332028309,-0.011781827640061715,-0.03505481292390018,-0.04528253605022876,0.02482767847279438
7650,0.019797530777385795,-0.08119586873874582,-0.00600020885686618,0.0017238885295033299,0.013193018692316543
7651,0.028719267087102745,-0.0726387647186596,-0.0526074116883576,-0.04030273682510297,-0.014521378349719522
7652,-0.021168826766290068,-0.23953365733622592,-0.11992736091147267,-0.0565721697840671,0.03970289250057644
7653,0.060633220040313004,-0.1807484259081785,-0.08675237399613557,-0.034688886274896275,0.020381870115698177
7654,0.060605687190776115,-0.21325356522941066,-0.17945620577372573,-0.02079129119258168,0.01904960846093017
7655,0.005199908863708974,-0.1617879766775899,-0.09078990575924221,-0.037988824304399864,0.020833727257717732
7656,-0.003109291715987442,-0.15915512687706432,-0.0785391793341418,-0.029860767854415604,0.024882275853506056
7657,-0.010607765062893583,-0.11613534523450754,-0.011860389180093843,-0.020368920806226678,0.002853941403376193
7658,0.008862117299565061,-0.19626291589014486,-0.03212233830691781,-0.0362192556890417,0.02295893964582709
7659,0.03922463269555942,-0.2144210677924584,-0.018108592765341613,-0.034310887982546175,0.002247717852810597
7660,0.03751593282177404,-0.2226848881070442,-0.011103839236370852,-0.04295731752966867,0.00961667830669508
7661,-0.018964688050702075,-0.023031509890533985,-0.018167800356739244,-0.006028821672572443,0.04853071464108976
7662,0.025051233599785717,-0.0963280650755927,-0.11897125522682726,-0.029789128221111016,0.006006342884152117
7663,0.01341623787136511,-0.1236802980942901,-0.0023053731522763277,-0.040655068477329595,0.026112760230940904
7664,-0.00537202915778733,-0.07005160015110169,-0.15614842241526006,-0.029180966177599146,-0.018070780465814187
7665,-0.007184337226866956,-0.08667593556152574,-0.17303287749816,-0.015418643311779149,-0.004369964415299777
7666,0.011772152896187963,-0.09310662666197098,-0.19757695952828566,-0.05020244583744402,0.018263632933273016
7667,0.011876888549628702,-0.1551321370520242,-0.24832338256030387,0.0017803867606860106,0.01720595911933421
7668,-0.020100759569014845,-0.14328893583518074,-0.2657506437896031,-0.014937000679783765,-0.031770282163389195
7669,0.023173508714623054,0.013269373927404187,-0.17371979255058428,-0.02967325388365204,0.04664892198555704
7670,0.003991856662318543,0.03838002110914721,-0.008145848389075455,-0.04647291076276613,-0.008598994819296444
7671,0.007321498471330081,0.059737862122923334,0.02494811083682864,-0.008169513561332623,-0.011393412359283081
7672,-0.007412755889306271,-0.06112906482665608,0.18535996925090073,-0.0182695955375699,-0.011230777858962919
7673,0.014308288927318943,-0.05052650482192699,0.13557726606947113,0.005206341938609853,0.01716226761051784
7674,0.019421205417008685,-0.03962796048202732,0.10333841148669755,-0.015687406672996753,-0.010319660424150088
7675,0.022417808035379648,-0.1104270959936407,0.006687210458143572,-0.015333142725596344,-0.0014519128815328472
7676,0.031110229243108262,-0.092232050863419,-0.07354111482420293,-0.03601246989342906,0.017899738421687208
7677,-0.007285124922646422,-0.09238165598638104,-0.21903073940864579,-0.05610181716235458,0.0180797299442744
7678,0.02099265491555194,-0.0719476306973507,-0.1625516004971478,-0.031218509458177935,0.02010367798083585
7679,-0.007079965098494851,-0.10294760254599336,-0.09071299146449842,-0.04265063787117863,-0.0037421539494936515
7680,0.027728557561129075,-0.0910581991348479,-0.0668199780480159,0.0024230708551884017,-0.0023789847450218903
7681,-0.0046907089346727325,-0.05239272909429765,-0.10260516371189247,-0.04099768941400997,-0.013130770816003827
7682,0.011622060801415339,-0.1094108116887302,0.012343122560979353,0.037981888935753355,0.03828829137447009
7683,-0.05123474989319267,-0.0856353912915854,-0.14674195576101487,-0.04626396027844292,0.02829929477388476
7684,-0.057672957303035476,-0.1371790632583608,-0.11668036540970501,0.02263304295270095,0.004529825700895129
7685,0.006303211222608576,-0.06567469005558789,-0.03814336149730855,-0.05841381139557643,0.04321540961334461
7686,0.003042997629580921,-0.15553732896618788,-0.11208001416687952,0.005231153110082386,0.02505819846329321
7687,0.008077234725211907,-0.023859112431410732,-0.07064257699642178,-0.09932437813951198,0.019076758172851534
7688,-0.007875525395255212,-0.0872904977214182,-0.007169868411663064,-0.1245415062530701,0.031082842013354272
7689,0.026224932963073423,-0.133268093701293,-0.07869272115371723,-0.10715779826478204,-0.014851901942378218
7690,0.013747559028322373,-0.05932113141143308,-0.008786404873251179,-0.08263566770067757,0.04201495910025429
7691,0.007344920819165133,-0.11125311610952793,0.03084040179606659,-0.015058433547880027,0.006785369933595122
7692,0.043723569180013,0.013495182761894441,-0.055108564584197724,-0.045756224337823274,0.04032826371828673
7693,-0.054668855871952554,-0.11621209258729855,0.04212304604873093,-0.02040737347720622,0.01707970334608434
7694,0.04518311792116467,-0.03720638411373582,-0.0687943684703059,-0.04896567592487309,0.031186343915782268
7695,-0.019248379914507455,-0.14266402513483556,-0.010473916527861348,-0.006462450419898924,0.013605377272639212
7696,0.026370635516258876,-0.14330042718130584,0.030995155859384373,-0.05013519755386961,0.005731295610355893
7697,0.033950390094666015,-0.16273874705440688,0.042339119001543746,-0.04682077473380808,0.020857992571788563
7698,0.029117289052790915,-0.05971194033729988,-0.07962231511099314,-0.014502381822403527,0.012530098637702037
7699,0.004549511339495717,-0.0541664959134416,-0.03713213048286329,-0.054468080861664527,0.04109328432362618
7700,0.020508892449743642,-0.12753162138247637,-0.04022634636713358,-0.00546041886272029,0.04907792278176427
7701,-0.016539343062564674,-0.08615492635083022,-0.14806524125505843,0.03180142400392676,-0.00634504388658697
7702,0.02851735898522499,-0.08591484486702682,-0.08071056158931092,-0.006640874570576432,0.02662671457277302
7703,0.02618091208617533,-0.10112985727526583,-0.023963233198257456,0.012354155033588662,0.009486760120259346
7704,0.007747404541375185,-0.10325058548021744,-0.17547756749292737,0.04504464991696703,0.01263700982678456
7705,0.011982396553992766,-0.21385406072024712,-0.08079182976276804,-0.10744317749377733,0.006539522271251403
7706,0.033869082587491085,-0.09256261358558582,-0.08638002880777795,-0.0001551730550907004,0.03588560529154406
7707,0.001967315898056243,-0.18973799988257709,-0.03472326602039518,-0.05673774932229842,0.008401500610657243
7708,0.027952364008140152,-0.06128558563002517,0.027554598561147014,-0.009704361462715548,0.0016917791020490242
7709,-0.007322946793376997,-0.04926384218503285,0.16290062483863116,-0.060389833242170246,0.019460892515827322
7710,0.023191073507948565,-0.11291388261349528,0.07613343986186089,-0.040716854604810185,0.03918675953401434
7711,-0.01578298432277373,-0.05242422105399237,0.040563771981071084,-0.019809914831804085,-0.0194450478908805
7712,0.0041885726236504705,-0.05860548559600709,-0.10677488257632382,-0.045415568266721204,0.051136766458616575
7713,0.0194944228244377,-0.08653290329071331,0.20584858557200048,0.02102468873965719,0.010978532234932338
7714,-0.023187726450241013,-0.11513809872119732,-0.05888479701539966,0.03058988771803213,0.0030144661379718296
7715,-0.01857179097528566,-0.05666962520631428,-0.09245005917882064,0.04989442768389813,0.0018491734824707718
7716,0.03979058323533465,-0.19754118730972633,-0.0743230807150416,-0.018441209701144226,0.03466076524912474
7717,0.018615562440520428,-0.09532446477499482,-0.013538426400687198,-0.06698635405883203,0.03246925083719994
7718,0.018943389155855504,-0.1024060804728437,-0.20280199453653328,-0.002480938937104693,0.03686563216751698
7719,-0.023667961645862892,-0.12378297967606483,-0.11695652039563363,-0.0591270786205856,-0.005181183575171071
7720,0.01793354960838382,-0.10826553622647746,-0.06047555599166207,-0.008699112624698467,0.0433996618906787
7721,0.003980073593922232,-0.1366061673543071,-0.04197811600758264,-0.037199146810195594,0.008277454369281798
7722,0.011368968237464465,-0.08146094845406236,-0.0823838455362089,-0.035714297872627046,0.05249145846541011
7723,0.008613387926715097,-0.08893779461625503,-0.10256223755698952,-0.03237492880651353,-0.026267582516406752
7724,0.01361484718809527,-0.1483425473522265,-0.06170700854563703,-0.04088808149730784,0.004528816594091443
7725,0.030883342699047273,-0.11595482766694268,-0.008900416953237424,-0.03136852801465874,0.01422893990802312
7726,0.035913580761624826,-0.05054886701734593,-0.07989440106211351,-0.06371622203178841,0.03706275712102188
7727,0.00696639150282188,-0.012455849293708635,-0.04876480985723058,-0.03917717039852294,0.04915042477180986
7728,-0.010229639879260087,-0.12746289784779138,-0.20253656188336364,-0.050286426070185485,-0.0005446201465939996
7729,0.0032261789242968766,-0.01950743716243547,-0.04177087633464425,-0.058426696710045925,0.01713008398060089
7730,0.05181189936008899,-0.09670273424670135,0.06269993960207136,0.0055619148918364825,0.03510360309391257
7731,0.05019488426031729,-0.08168430533468403,0.08089443561298293,-0.06786103323136611,0.04228872588020358
7732,0.03795201750839127,-0.10933484620851175,0.21487539135347808,0.01764853772715183,0.0015194840090107969
7733,0.03431934684013418,-0.10845269677139747,0.21858185272934458,0.016700319639753727,-0.0027038743536682754
7734,0.03862891789924222,-0.04637333872284873,0.24931534907001698,-0.054021857487630304,0.02570875602895373
7735,0.05042451161904097,-0.1092510307019887,0.22216477149815067,-0.024837976677346437,0.044546166928925574
7736,0.04668004332708721,-0.056270002440240004,0.21602383570542563,-0.0012365322645199728,0.021397633729424905
7737,-0.018375620359607495,-0.07257936397895699,-0.11888278511183985,0.007143904024123347,0.02243530965418186
7738,-0.00603890663953138,-0.054982114681108425,-0.08349715086018421,-0.010444305019418915,0.04025102785502767
7739,-0.016276519034048687,-0.18005967892325886,-0.05161154738070509,-0.023708320244710836,0.005451880252789821
7740,0.021250129369799836,-0.05875559226795496,-0.061187503016907306,-0.003307294382659487,0.04085654403004406
7741,0.004151353570326905,-0.10321240523959611,-0.050417712303943284,-0.025896646720175453,0.040088023075559774
7742,-0.012668109193353773,-0.12343364190670177,-0.07848945748404787,-0.021145128617064468,0.01200924524704889
7743,-0.020669325342081685,-0.10940663257648192,-0.03254797044727325,-0.014489622641300236,0.02544782091532907
7744,-0.01436463436022301,-0.117893214930452,-0.0658336450686784,-0.022988376293436065,0.01743856881220574
7745,0.036294102729908434,-0.12051765901328633,0.0053851287293708765,-0.09316958060967587,0.029941373730976308
7746,0.0024156472080596645,-0.09540595757900353,-0.09982960179532763,-0.024924474753668494,0.07817969465035575
7747,0.015284285560702935,-0.1419773983235917,-0.04199806556404539,-0.05933207686427718,0.04504072516293212
7748,-0.005379918451735591,-0.07744870695652159,0.005135220867933864,-0.07829821239182093,0.0321425908938878
7749,0.02936855580477137,-0.05877552989780706,-0.026315736140470943,-0.07904146131069295,0.021230171859157137
7750,-0.02584548985259535,-0.10330688259539024,-0.07007030801597952,-0.019416462476701955,0.006405842018371766
7751,0.0187929182032427,-0.06806074169600088,-0.0776979753424091,-0.029190881590671056,0.0013156537398330073
7752,0.001347816776538037,-0.12061157756071463,-0.03160610935831836,-0.012698521404066826,0.02422002436751388
7753,0.024601567770266675,0.029625103804667055,-0.10626034243189157,-0.04680172528967586,0.0009519589191630106
7754,-0.01710210978512986,-0.13636411291662776,-0.042917628423120704,-0.03645496782596159,0.02729552967310353
7755,0.026165136908755268,-0.06482923434504402,-0.059842874837034786,0.0013721206169795522,-0.023809102275402238
7756,0.02420996280414889,-0.04992968231656959,-0.03226070137611455,-0.022154577483600807,-0.020160978753804962
7757,-0.023371352110191212,-0.11533347215582088,-0.055989427660048205,-0.027908509756070003,0.0475559048954564
7758,-0.04947544335940526,-0.1511238452549732,-0.08082957774107884,-0.04491149728275173,0.04697738087091078
7759,0.04997761731605108,-0.1337288920651448,-0.04613011094879205,-0.018724053767753015,0.03786479098041936
7760,-0.03456743307818905,-0.10967835933738106,-0.020504858711608575,-0.05031397244432478,0.004700570073086767
7761,0.0192675135420444,-0.077891095898347,-0.07057380563312055,-0.011493476765625232,-0.004032422793414081
7762,0.021416291638247473,-0.05105860266666606,-0.08298065227729393,-0.0004325709969733271,0.017917854120746757
7763,0.01623434327150798,-0.08484788481831115,-0.019405530927808903,-0.04547977539406331,0.031227198033419223
7764,0.006584360354422389,-0.09273434333658667,-0.10935313106582928,0.010392483982415823,-0.02160129593616833
7765,-0.01053843894122795,-0.030915644455001633,-0.010558980114062524,0.019635858825513098,0.07644359035871365
7766,-0.0018851303433867087,-0.07044418077551465,-0.09932843970911459,-0.04450244688359131,-0.04715686231751328
7767,0.004501548009302877,-0.09739571429036281,-0.129263748710254,-3.838756431073434e-05,0.06042720022223161
7768,0.009086403798506662,-0.08170400436802798,-0.10837956336560925,0.007283782202486712,0.07217371326417207
7769,0.01668503237018676,-0.15346059360822384,-0.05328556914821608,-0.07219687729580161,-0.019285986817877496
7770,-0.014552967667843116,-0.01706892158968705,-0.12166486873079235,-0.00814149235488455,0.06099492167754491
7771,0.02314322833638267,-0.06651834541245207,-0.018792135739460012,-0.0006426623090825249,0.03818865300539465
7772,0.026378635210980706,0.01987633026655445,-0.04939497001766998,-0.004364368099943753,0.023307851981577775
7773,0.028448242706353453,-0.11231269582260336,-0.07209920536982647,-0.006645910857395807,0.004023166727159074
7774,-0.0014854330213209298,-0.08631355238641031,-0.07364525935625951,-0.0313321807437742,0.04334710322792282
7775,0.018997283157148135,-0.028292468670437682,-0.002429400604983032,-0.03523771902708758,0.00622745432011093
7776,0.014106868382224828,-0.07818540286448543,0.017116872443338222,-0.0265799678837301,0.01891419926608686
7777,-0.009741476292123876,-0.16169060213334366,-0.009121694333818584,-0.004468792553627922,0.05437193650997888
7778,0.046803824596445456,-0.030019129631752912,0.020819610125204585,-0.02175489426803175,-0.0208682843704361
7779,0.031342317922920214,-0.10793453917089421,-0.038610424327870915,0.005624588388648276,0.018227670322953134
7780,0.0028593732032397836,-0.05716801392835393,0.010715754502981253,-0.013960083488035327,0.06849124063633853
7781,0.001967513481177177,-0.04160051131843879,-0.08070447876057364,0.008318484520150405,0.03671850806615456
7782,-0.012292167601855867,-0.10163968166235138,0.17493902435742548,-0.034107040967085306,0.004465816539126459
7783,0.008992347240257137,-0.11537162624678289,-0.05722417820186356,-0.03200474120861737,0.021700398325662236
7784,-0.011906961743611142,-0.09781124517964775,-0.11131764409190092,-0.012896967722775298,0.020472309014836303
7785,0.007740499821750646,-0.06295182019000885,-0.04939036496747075,-0.04866972625882781,0.044220301423848994
7786,0.002749514739348992,-0.027779553832829203,-0.07136273718049602,-0.04839433946473993,0.024559996299873765
7787,-0.0032169308178663708,-0.1343803777358931,-0.07564546650634468,0.013831542431017578,0.037887396452133015
7788,0.02542761333915923,-0.03868559947903264,-0.07402059730453944,-0.07972731899295102,-0.005186822667800963
7789,-0.016174803673804288,-0.13019078766128064,-0.022178725594934064,-0.01649603110347025,0.035233554246419836
7790,-0.006366362850235734,-0.06155677605339768,-0.05664226004270179,-0.020353028766161612,0.02731668981105116
7791,0.012333712830017236,-0.10929172421309706,-0.06615500455002593,-0.015959549164234886,0.024227950804916538
7792,0.01606894901453278,-0.05519676712229176,-0.11980994580238748,-0.010825382317616166,0.01922001689750015
7793,-0.007537429358127723,-0.06293136714130011,-0.09610968321038325,-0.06450989777509412,0.0147839181883883
7794,-0.0215428066019616,-0.10621287212191342,-0.08168558776703094,-0.04061602960782261,0.016267682175217606
7795,0.046596100074224045,-0.06923391574819972,-0.024586678701840652,-0.012260380164763822,0.056705580287980235
7796,-0.013379884928228966,-0.08660074254866779,0.0422205153770226,-0.04082584694184065,0.0018709817204808719
7797,0.04460732702807316,-0.08998495415251415,-0.47350552459268697,-0.05220310004124455,0.04169322933823208
7798,0.03186921416196903,-0.04406610180668924,-0.530810950444753,-0.05989205250211703,0.03013035100181113
7799,0.021553563886452604,-0.11281052759594735,-0.3087350344864855,4.355447644865035e-05,0.042928647919891205
7800,0.027125237897699512,-0.10702795739182441,-0.3010888167343749,-0.03529118864949289,0.027890587918843242
7801,-0.028095275442815565,-0.06690951850646548,-0.3194808420880003,-0.014229532697617411,0.001800470034384915
7802,0.036887475977583,-0.0830191046832334,0.005094790455085748,-0.03114773299779546,0.044026897941346024
7803,0.032493059914795015,-0.0830396828223303,0.0004106385059944184,-0.03110661197880842,0.05432907125830584
7804,0.017804231189857894,-0.09149278503397448,-0.13860223022242424,-0.03188255132375722,0.00951690256708889
7805,0.011701342675372152,-0.14060117004088438,0.05200680967435271,-0.031908246660027596,0.04092810582029638
7806,-0.012326557446444607,-0.11456951487675812,-0.13118767146296403,-0.017192544249831705,-0.010479904430741488
7807,-0.00010577779822870982,-0.12575280715175835,-0.014950389878707709,-0.015841073181642046,0.003975968096895366
7808,0.016428379829250647,-0.05325219817399318,-0.12682530180659535,-0.03640145175887338,0.014582935846757428
7809,0.0391693045544005,-0.06747043045568667,-0.07098004474479913,-0.07128169613902686,0.02587768081529541
7810,0.04810479764585562,-0.10502527870482982,-0.007994380863146933,-0.07241360415150562,-0.0374651917908715
7811,0.04766918286744081,-0.07789718474905537,0.02603989242482715,-0.06181622906592704,-0.03218926092129983
7812,-0.03632096661041402,-0.06043840132347158,-0.1751658924154334,-0.004043239807807118,0.04177780843655657
7813,0.03830712697463971,-0.12461873628509901,-0.02287312438918583,-0.026871971386949862,-0.0003828382869339141
7814,0.04715776341989632,-0.11408737460752158,-0.12216718033136507,-0.02757678317769216,0.030502815818682878
7815,0.019785778339632836,-0.08490781369598355,-0.05379799149423597,-0.029906814220935208,0.03532292742312384
7816,-0.009732984235910506,-0.06283160513203129,-0.06885628493583804,-0.01066711623524527,0.005569344333130668
7817,-0.06894804393515337,-0.029145250360186538,0.052226319643609465,-0.0382374006918158,0.029840336754952495
7818,0.0271661841126218,-0.12943044061322254,0.1008627075732158,-0.026741111490855757,-0.003345267392357896
7819,-0.0044771661337334396,-0.08945748071183114,-0.17913077405426076,-0.003656125242125711,-0.019139373128266846
7820,0.010789068741211518,-0.08976633664612031,0.004220379804749493,-0.05746001179033518,0.007589436839172292
7821,-0.001853207603334209,0.053256710280377595,-0.3113788754688576,-0.022510485889960158,0.03500459277839104
7822,0.0056711991621933916,-0.1786331998580659,-0.5600514128226092,-0.02584520496372567,-0.0009029673420596148
7823,-0.0026426973411361092,-0.23512344436688995,-0.1324252797042371,-0.04861908803016347,0.04646383735052165
7824,0.006274794968301851,-0.11582022353567438,-0.45087205999549634,-0.01798316687367341,0.0012172739539798947
7825,0.045693246802885355,-0.030800175989085566,-0.3548323189364877,-0.028119106468520973,-0.03327292837698078
7826,-0.025640321039231265,-0.08206878014492695,-0.06983455175597607,-0.016444019810401292,0.04501849586479351
7827,0.01804774203493279,-0.20175184208101304,0.09749310314188825,-0.05762448545776212,0.02416300155314976
7828,-0.004517768019802716,-0.25491187906405993,-0.020338733911263812,-0.006976856051920201,0.047485975175630545
7829,0.02473846415159606,-0.3001869617653338,-0.03386290106906615,-0.011484674983550899,-0.008293563764686417
7830,0.05596315591441463,-0.22036920370969204,-0.06546300688842478,-0.016904447828220905,0.0237577737928943
7831,0.020448408616870778,-0.15063015529448542,-0.015660828441014355,0.052519358309291185,0.012488639161304509
7832,-0.01952565215655335,-0.09421624525267029,-0.029191266529089852,0.015547719938257595,0.03838444867377041
7833,0.01750578316949077,-0.14186482323045868,0.004577697424998688,-0.034983196886919206,0.005717015458019007
7834,0.018583283862821442,-0.044126261097714316,-0.030560343027819476,-0.03464363332132124,0.06056059383018673
7835,-0.01781704937446637,-0.13615985547222634,-0.05254133139547072,-0.014677770497451005,-0.0077590485103199176
7836,0.03147341722360955,-0.11516956861586863,-0.021784304269546414,-0.03991622918651044,0.05313179836014706
7837,0.013294961316721273,-0.1388897225594368,-0.04079170561758732,-0.045544961077503984,0.03280627051088305
7838,0.003997109432554489,-0.12436653748755798,-0.05212113742680147,-0.06918402207466126,0.007060591961861501
7839,0.010551387624663566,-0.11064599553494128,-0.08405915075341903,-0.07687178744870042,-0.010511081639109864
7840,0.01688937716623898,-0.13337682082962513,-0.002581455177149944,-0.046278428568415485,0.001656368424478588
7841,0.036091355567481914,-0.15234580392577637,-0.08757961517127943,-0.06047369044467973,-0.017492331667730933
7842,0.038387206257162194,-0.13351182059255334,-0.12387509564123671,-0.019826370425531176,0.016861798971192332
7843,-0.03834453389603512,0.04344722944865834,-0.04981328128475971,-0.03338006496006413,-0.00497963881096021
7844,0.015423802771847184,-0.03710180319679897,-0.14218235512010305,-0.02998225639228013,0.01054024633866811
7845,-0.039974224978017406,-0.10486484498068023,-0.0914945465894435,-0.02699867414974789,0.01727517365282451
7846,-0.007970676835827854,-0.0638564495782325,-0.04804374496654208,0.03948392048273298,0.027560388353059816
7847,0.0006163456856980664,-0.1174891825900053,-0.21801092732117797,-0.02117755161385387,-0.0026225877210433626
7848,0.011427916813021178,-0.11457769022259646,-0.10293376494893984,-0.03238436382740089,0.0338518761731281
7849,-0.02623821696972801,-0.10361405232487832,-0.08845368208679412,-0.035008969734688984,-0.007402537365189527
7850,0.034274717926661695,-0.028469920598550125,-0.09686554995193437,-0.00621971611611488,0.004467415273285344
7851,-0.014124636532641469,-0.02477567256341759,-0.058028999975023206,-0.005060373203437872,0.028937614737292255
7852,0.016310168045300426,-0.23167043017780947,0.020337764843259595,-0.04083133324022344,-0.008525426618719132
7853,0.012443283799095093,-0.27246658780241517,0.026685045865780244,-0.0443294677937372,0.0014154274442813245
7854,0.00920366721151508,-0.11857319218888346,0.06762655548159219,-0.021999403689540047,-0.001125440580414674
7855,0.0016192924050050352,-0.14349552509067678,0.0783601009996884,-0.004316269002820599,0.0051117545058079845
7856,0.019440565367836105,-0.13030489508742504,-0.005887890479020524,0.04009564087243746,-0.007492995617359846
7857,-0.011090509564080501,-0.09592045725836303,-0.025586306612344047,0.02007091979303207,0.07488361182369221
7858,0.024038496162160895,-0.14106222776426705,-0.09322068338951418,-0.018099693348053367,-0.02082310766503641
7859,0.027177711853944374,-0.04961221994288558,-0.1486262447768384,-0.02285706793786229,0.04980672291889341
7860,0.03101967842725953,-0.04258233944891166,-0.12570107934281136,-0.022708032804736714,0.04082193887221095
7861,-0.008804263884719745,-0.12469162317489554,-0.12726325701345764,-0.03653311129718676,4.4118188571405087e-05
7862,-0.02811716316795611,-0.2193507632933848,-0.2556396500577785,-0.026810445256317088,-0.018899598769099402
7863,-0.03080089643687155,-0.11288269461555593,-0.09025252781728176,-0.03980400239488562,0.024796920078147645
7864,0.04125270079441171,-0.03613947917010272,-0.036844438103489814,-0.039677545860071016,0.017564195109580766
7865,-0.04352106571530454,-0.1317858607907786,-0.03946108038719399,-0.041962782350779215,0.014254230691993846
7866,-0.026870397845666378,-0.07045795047924422,-0.08634841857980743,-0.028616273318233135,0.020106348920963867
7867,0.025673670548593906,-0.12192412994738767,-0.35480857771454377,-0.014099906769339634,0.027865548916606205
7868,0.0037354021027412973,-0.13299519809921917,-0.38867032189369927,-0.039420356412844665,0.06956891776290561
7869,0.020085501483502344,-0.03812496907982245,-0.43300248275388786,-0.03203348492603137,0.022024071526626568
7870,-0.019192837586062172,-0.09022444894317848,-0.28336250028376314,-0.019420650301261673,0.0186577298943318
7871,0.01936614551538739,-0.08818864249018463,0.02269009968133827,-0.004409016796742542,0.02099753122145731
7872,-0.024654980075110574,-0.09620972202222686,-0.09994384672263329,-0.0454336974064796,0.03972734795985979
7873,0.032669987748144155,-0.09798057109624418,0.015038666735736351,-0.008263819948168754,0.015554059931632011
7874,-0.03883993695951418,-0.09375980918238516,0.006815042422505164,-0.04308508691401838,0.03098831199866628
7875,-0.0055492440817925485,-0.05591543146959403,-0.15129883366258318,-0.007161465013207605,0.017785499628689007
7876,0.006068851782980749,-0.04128103421143699,0.048872390933869976,-0.04750011394133822,0.04737138585063583
7877,0.043050692673168384,-0.12246838654082606,0.06102514693110248,0.030888964962654544,0.011090024944445716
7878,0.047659242614561746,-0.09827319705413844,0.07181643796270959,0.03280338038316395,-0.01662879440290294
7879,-0.0401141574893403,-0.10615899078332108,-0.048828176879768,-0.05706814369818775,0.04742260087581754
7880,0.03831139272130638,-0.03811663232592362,-0.17226613839392088,-0.06127908234388441,-0.0060575313136850715
7881,-0.008680796505915342,-0.01302344091879884,0.006905573970603171,-0.012135541267128564,0.030353135866859622
7882,0.010679789202285395,0.030277240234140492,-0.0711750340231748,-0.008808177712077439,0.0015547187774024975
7883,0.016587931734907246,-0.1128614424984002,-0.12419105689213039,-0.011586872484667138,0.052481945395396176
7884,-0.0032090999421751083,-0.08459114631599012,-0.1081302834746496,-0.04676397988014978,0.03442862041876759
7885,-0.023166669478730424,-0.1294236831216716,-0.052710025215872945,-0.007755157897659501,0.02876404905383362
7886,0.004738576230752821,-0.08006951145327094,-0.09581722712965007,-0.054752058183770894,0.0022641302487047157
7887,-0.030587524068395443,-0.03952794018080597,-0.06896116379938073,-0.013551667432773168,0.0031402717402012875
7888,0.001044326504648323,-0.10776797431300313,0.05077762286111167,-0.04455137136018025,-0.004562816823968655
7889,-0.019808898313117534,-0.047825773731336785,0.014529037939134978,-0.004174304070385352,0.0056770195031730615
7890,0.02812592362743388,-0.10293915665618668,-0.017828418856059042,-0.052918256757748076,0.029548678565232776
7891,-0.017845883675419838,-0.03823448881180862,-0.043443376148045346,-0.05845541898379049,0.010932911444271345
7892,-0.011799731666870764,-0.0912038612098742,-0.036666332622726734,0.01756039836014405,0.06714203551510244
7893,-0.00105605892025621,-0.1018268258776558,-0.015453650480458339,-0.01296514216139596,0.04931674846453618
7894,0.011641506372304728,-0.11847449615765228,-0.05011629357756506,-0.04020078009950677,0.046870312504577856
7895,0.01961712529525495,-0.09809539712495949,-0.04410361234839033,-0.0324299543863807,0.0485949753034629
7896,0.02917565256364504,-0.00582239286598123,-0.06437117401354613,-0.03139502334225688,0.014874018498902145
7897,-0.009382057936098784,-0.08580087306246958,-0.08524735190931335,0.013764401527514633,0.012697074266704897
7898,0.018494354345918194,-0.06543600512784589,-0.04089765865051102,-0.07187883660408775,0.02830297808562277
7899,-0.009924988866622526,-0.025670949541916344,-0.1575563409157631,-0.023348087182504335,8.790613885244095e-05
7900,0.007031321872684314,-0.05958682181227405,-0.24356164972939587,-0.036103808351929965,0.03281912126912506
7901,-0.0021956201203779035,-0.021789094722183426,-0.3021265625507395,-0.009357179267716441,0.0009140683068113076
7902,0.009279764999814404,-0.03686995953850806,-0.2617401406760257,0.00617061639037165,0.02110407426913554
7903,-0.004345905842364924,-0.05840391067876441,-0.2058468213244909,-0.05006991960226631,0.0034064062297704013
7904,0.008598429063696077,-0.10647319234469037,-0.20126189504236325,-0.05756266730064935,0.034178449326671016
7905,0.004142141505176961,-0.1288299889808523,-0.07169737681327709,-0.003634419776290337,0.01915476762983057
7906,0.008275207518149022,-0.11866649163998423,-0.11944408917438747,-0.05808149226009123,0.05016213046018099
7907,0.016008330715226525,-0.04958483155776362,-0.007467441525710229,0.018598540084591365,0.009320352952636023
7908,0.0024580763782135876,-0.08039405960815657,0.1255780533935002,-0.09292561467546687,0.06252236017297906
7909,0.009931712412784439,-0.12042948998722613,0.17376997026214142,-0.036738872322896195,0.011173094148476533
7910,0.008784258903648841,-0.07699589688915977,0.17051939141550898,-0.04702186268018607,0.02262107323580124
7911,0.014594212080447576,-0.052007646326830664,-0.046121907758466515,-0.06873026330249457,0.011596610803179766
7912,-0.02225372603394048,-0.07807740374437558,0.0026635565411405365,-0.027402134025239826,0.03497850159856757
7913,0.0389066717094858,0.00139800679066355,-0.12028062898923736,-0.043950024124417245,0.0007804409622508118
7914,-0.0006126948562041165,0.052597694101890295,0.11539903168687567,-0.029933858032139115,0.004743723337732523
7915,0.009434071654100871,-0.20503465041644445,-0.05078214856684934,-0.0274733752734928,0.04382210698586121
7916,0.0025471328022693062,-0.1968365051729068,-0.04862701032724406,-0.02757327064055303,0.00171404010437963
7917,0.009563900885938429,-0.03368030352466219,-0.10417686013904488,-0.010558324505798269,0.04579470815394919
7918,0.017099882122238206,-0.09431221388461032,-0.056028076789858224,-0.07407204989940157,0.016767068041486578
7919,-0.0071930150028519865,-0.07196764719489057,-0.05578541945850973,-0.04913355633163346,0.027580053217271968
7920,-0.010039026903795944,-0.1346093918467781,-0.07597953769277083,-0.006256281474256712,0.024815311920091565
7921,0.009426262715661821,-0.13176522977862076,-0.03419093216862212,-0.037220918937867706,0.03629095373023473
7922,0.037410762418540494,0.037073316676689005,-0.17122965437114,-0.015825269895633966,0.05145654003393368
7923,0.04745127053940368,-0.08264488248875206,-0.1533078653101311,-0.010115636487280099,0.04928764790565356
7924,-0.005572915591497327,-0.15610496329984888,0.014211783081340317,-0.03555501664757486,0.011164921701292324
7925,0.007775475341012346,-0.09718471358686319,-0.10800682851313145,-0.017145886535905968,0.04054952963112391
7926,0.011410922332888169,-0.11694751563484458,-0.06672761406939665,-0.03558493854049422,-0.0004410876858790249
7927,0.008433558808797802,-0.10652754479578375,-0.04361951596614366,-0.01801435342183077,-0.005971634203877593
7928,0.0029455356679269334,-0.1311948003105972,-0.10348589909273452,-0.03605304203055847,0.05077510804377603
7929,-0.01322925161578945,-0.06614638825631174,-0.026652775032669343,-0.025717571300435053,0.023344302209656043
7930,-0.02229070805843427,-0.09355025289587605,0.005244060775179653,-0.0351485673887783,0.028303132555894586
7931,0.043010587125994114,-0.06343562774158591,0.011523594481083081,-0.014622916373059647,0.03295316217068265
7932,0.04755570118140657,-0.09260573020923896,0.031392207547730554,-0.03747730085842841,0.019549569173180393
7933,0.00022511191556753366,-0.1208980085637624,0.01876819864888653,-0.040376418497239795,0.025737973982591176
7934,0.013108221476904996,-0.118130111201333,-0.05196555937627055,-0.034408730768146135,-0.007207459918902202
7935,0.0006322274269487751,-0.09135758406487211,-0.014426970491105282,0.00011204303420501784,0.0020613240540076454
7936,0.018196458943370252,-0.08916683019781459,-0.07946360618371999,-0.033371747124927895,0.0636347221599073
7937,-0.0026328707761745593,-0.08654458065727001,0.027371612021324217,-0.09917577774513796,-0.01606492324733646
7938,0.023284596833303067,-0.016398443638489347,-0.13237932622458987,-0.0035793621885714384,0.05647748237908929
7939,0.019453090264442845,-0.020541164781532027,-0.1464649336144402,-0.0036901685993689505,0.057300151157648256
7940,-0.008805715170635893,-0.08176495837089463,-0.0861996254713931,-0.012602800498177396,0.045655112517230145
7941,0.009700489394243065,-0.044250861777867356,-0.04673675115075621,-0.09502556931661643,0.016910504756614136
7942,-0.00140001217376796,-0.11760818122990953,-0.05717603151743043,0.0606734814061353,0.02908729509211047
7943,0.008222351231745343,-0.13087185817539895,0.033535367372723356,0.07574067515802377,0.025061410260574412
7944,0.019058491263665586,-0.11116862895816937,-0.010928547284533635,0.04033155891039046,0.03984557729965354
7945,-0.004310000712072245,-0.02358180990136552,-0.1595398910348733,-0.07533105207927059,0.017833966520376186
7946,0.01522214241501455,-0.11986448494061167,-0.14057982594248705,-4.4741297521829084e-05,0.03332104661073033
7947,0.006578806252504596,-0.06842511845225635,-0.06760562851918797,-0.056915658851406634,0.024874441628756416
7948,0.020486585239563114,-0.11435580792229934,-0.051698867177579544,-0.030090432265826104,0.006473433120057965
7949,-0.009351679440217432,-0.08656471447584052,-0.08943409503623759,-0.05387516329287237,0.01952837367035144
7950,0.0074710307668824,-0.032449290189457115,-0.0560146563911978,-0.0015380898361900108,0.00535063806775145
7951,0.0030427258211102363,-0.0790306012403612,-0.08047481872845345,-0.01636286634687545,0.05210319264216587
7952,0.05064788288678001,-0.1400695266410776,0.0038292881996873306,-0.039189109399634145,0.01963299556825488
7953,0.0059022443380307085,-0.11120915522898069,-0.09848141931579123,-0.03360167363429374,0.03319799809415836
7954,-0.0008737795307741049,-0.1007785796724914,-0.007564988179670376,-0.08981624138559982,-0.017156007812662126
7955,-0.005499862819464464,-0.0537466222341485,-0.15485148541901242,0.0033254108017904977,-0.004646852540617391
7956,0.038115409538146364,-0.08393136327523272,-0.05759509566095032,-0.018286384899742457,0.019487371416778792
7957,-0.025176324117479745,-0.09573522602380323,-0.00375682277770473,-0.04819151385902465,0.041227651816922554
7958,0.06202752747513488,-0.1098667884385567,-0.09662629489987071,-0.036502847267006665,0.011423148509065208
7959,-0.03172646229578522,-0.14029785521133611,0.17879129957268955,-0.033606171671658164,0.034158037310727224
7960,-0.013168964848446665,-0.07612245771539088,0.03547086779750028,0.01521912254423526,0.09270217305201937
7961,-0.006821093375824634,-0.03530804142441307,-0.06462204610152092,-0.024489690130930625,0.04167228234965564
7962,0.023000239809539396,-0.14901185979909798,-0.11354565733896688,-0.00903574097985806,0.0052797033960333495
7963,-0.002904019548342671,-0.06531154473471097,-0.04868879310333975,-0.026692924546336955,0.06264506944830137
7964,-0.005203463020915826,-0.2229831747298976,-0.126260789291738,-0.023060974438983403,-0.006354432534095318
7965,-0.06177140172567485,-0.3438411706281071,-0.03440398521592367,-0.03936487944571247,0.047386287949015136
7966,0.08875954928226543,-0.03912171942065887,-0.23754425554916536,-0.055235071449251036,0.018686600836161634
7967,0.03073094571494944,-0.14716494727309834,-0.05648766469952528,0.00987861880486449,0.02226588751167824
7968,0.05014228187514139,-0.07568546945632232,-0.06807925281275275,0.024086480275499356,0.06552833600745639
7969,0.025998147081773563,-0.14603717358889168,-0.1313652390247921,0.0394103070140582,0.001147818409114496
7970,-0.012750228146971599,-0.07927204832119128,0.015103805363922132,0.019379033918055472,0.032309491345194716
7971,0.00756990936976202,-0.12902927146053358,-0.12153265909964316,0.0014531184130003498,0.019396334854799833
7972,0.010127941640704808,-0.06605750212825036,0.05825661034295562,-0.06815675631007877,0.004835153025501501
7973,-0.011325036769771996,-0.06432224233906385,-0.10615759290631956,-0.03318937217763189,0.033712910915337284
7974,0.003466914917964084,-0.08925524989940287,-0.025685623072433262,-0.02488038281681137,-0.011463967061706243
7975,-0.030533542346392904,-0.0631548155361837,0.010455946094434114,-0.030623384717306065,0.00953551942764715
7976,0.04564195920310441,-0.10730020204254342,-0.02655629387038721,-0.05815319860815565,0.05452454381593714
7977,-0.024786130994432658,-0.00782312059307729,-0.19609994458712465,-0.039600970174381675,0.023675816829587252
7978,0.024444598980114866,-0.054919427662800495,-0.034176744815779495,-0.05536927731598977,0.02981173061321278
7979,-0.03571203633526578,-0.18813578856854946,-0.16599518432000435,-0.033989172549324084,-0.04213418185753378
7980,0.001355055103008973,-0.08468109860704041,-0.10663465322423214,-0.023301139827954374,0.017642808551733793
7981,0.009341399368204795,-0.12946424841180565,-0.03977387221096137,-0.04328473801763747,0.052950927063655354
7982,0.011038967604690827,-0.17916210502741808,-0.06609716216338272,-0.03451365124076907,-0.002301776494535091
7983,0.007010380770011245,-0.3333442580289508,-0.09730755968829903,-0.016355163179897502,0.044537544086842844
7984,0.014433510649741497,-0.059587889510659,-0.11388565781334856,-0.027971485619145368,-0.0017253185109005118
7985,0.00600179556652367,-0.057852022934848,-0.06288062269580247,-0.05062777439005365,0.035291342880643194
7986,0.018864648803488156,-0.1513303430072607,-0.09762958073136899,-0.04031836343936349,-0.0053504534788241
7987,0.019517151473080054,-0.1900914115803326,-0.11462597281954984,-0.028208885390044736,0.060014959726803485
7988,0.01763073970847982,-0.1478772455478819,-0.11993949161749651,-0.008439183961075772,0.05061249014538887
7989,0.01299955511200707,-0.12261577944025963,-0.11132002835855599,-0.06161107696305619,-0.024819936568041295
7990,0.04227084459514536,-0.16874887195284577,-0.029776492421207144,-0.026058089858637352,0.009308150061147892
7991,0.028713268155633926,-0.05157753386170473,-0.08871723581782823,-0.05607384972593878,0.02933303881519937
7992,-0.015784582859207363,-0.15069816970967548,-0.09373318384014026,-0.11162425587999604,0.030029759143467286
7993,0.018964990328692557,-0.11067856772382997,-0.08424943732147339,-0.040827191661170194,-0.0030038426198398358
7994,0.03382054682838879,-0.06064085133237854,-0.05216070549298492,-0.011484261599370113,0.034366705360391145
7995,-0.04876406481700569,-0.07251271451699909,-0.049280298197422426,-0.023242835426854,-0.009362972845890388
7996,-0.02503785975466191,-0.066958231117104,-0.09078705233567799,-0.017747748274199716,-0.016046754215695264
7997,-0.016970528040253924,-0.09283603848904119,-0.12138729050621057,-0.06505519840989085,0.08907117854310087
7998,0.01902816098895286,-0.10661524355721345,-0.05106248461663634,-0.016108063408113733,-0.0026217829741666415
7999,0.01229696879053444,-0.12569252169836792,-0.047355474874416575,-0.006526673466519054,0.018065543438923675
