feature,cell_type,overweight_vs_normal_mean,overweight_vs_normal_hdi_low,overweight_vs_normal_hdi_high,overweight_vs_normal_prob_positive,overweight_vs_normal_prob_sig,obese_vs_normal_mean,obese_vs_normal_hdi_low,obese_vs_normal_hdi_high,obese_vs_normal_prob_positive,obese_vs_normal_prob_sig,obese_vs_overweight_mean,obese_vs_overweight_hdi_low,obese_vs_overweight_hdi_high,obese_vs_overweight_prob_positive,obese_vs_overweight_prob_sig,overweight_prob_gt_0.1,overweight_prob_gt_0.2,overweight_prob_gt_0.3,overweight_prob_gt_0.5,obese_prob_gt_0.1,obese_prob_gt_0.2,obese_prob_gt_0.3,obese_prob_gt_0.5,obese_vs_overweight_prob_gt_0.1,obese_vs_overweight_prob_gt_0.2,obese_vs_overweight_prob_gt_0.3,obese_vs_overweight_prob_gt_0.5,overweight_evidence_medium,overweight_evidence_large,obese_evidence_medium,obese_evidence_large,obese_vs_overweight_evidence_medium,obese_vs_overweight_evidence_large,overweight_credible,obese_credible,obese_vs_overweight_credible,overweight_direction,obese_direction,obese_vs_overweight_direction,overweight_credible_rope,obese_credible_rope,obese_vs_overweight_credible_rope
BASOPHILS||Activation_Signaling_Signature,BASOPHILS,0.059,-0.015,0.13,0.95425,0.11025,-0.027,-0.123,0.068,0.26275,0.064125,-0.086,-0.195,0.025,0.0585,0.39425,0.11025,0.000875,0.0,0.0,0.064125,0.001625,0.000125,0.0,0.39425,0.02025,0.00025,0.000125,Negligible,Negligible,Negligible,Negligible,Negligible,Negligible,False,False,False,none,none,none,False,False,False
BASOPHILS||Adipose_Allergy_Signature,BASOPHILS,0.061,-0.011,0.131,0.961625,0.115625,-0.028,-0.123,0.075,0.258125,0.07025,-0.089,-0.195,0.021,0.049875,0.407875,0.115625,0.00225,0.0,0.0,0.07025,0.00225,0.0,0.0,0.407875,0.022875,0.00075,0.0,Negligible,Negligible,Negligible,Negligible,Negligible,Negligible,False,False,False,none,none,none,False,False,False
BASOPHILS||Angiogenesis_Regulation_Signature,BASOPHILS,0.057,-0.017,0.129,0.94675,0.101875,-0.027,-0.121,0.071,0.261125,0.068125,-0.084,-0.192,0.027,0.063375,0.3805,0.101875,0.000875,0.0,0.0,0.068125,0.0025,0.0,0.0,0.3805,0.018875,0.00025,0.0,Negligible,Negligible,Negligible,Negligible,Negligible,Negligible,False,False,False,none,none,none,False,False,False
BASOPHILS||Anti_Apoptotic_Signature,BASOPHILS,0.058,-0.011,0.134,0.950125,0.099875,-0.033,-0.13,0.066,0.2295,0.081,-0.091,-0.202,0.02,0.045125,0.420625,0.099875,0.001,0.0,0.0,0.081,0.003,0.0,0.0,0.420625,0.030125,0.001,0.0,Negligible,Negligible,Negligible,Negligible,Negligible,Negligible,False,False,False,none,none,none,False,False,False
BASOPHILS||Autophagy_Regulation_Signature,BASOPHILS,0.061,-0.009,0.133,0.959375,0.111375,-0.03,-0.126,0.06,0.2425,0.069,-0.091,-0.198,0.018,0.042625,0.41875,0.111375,0.001375,0.0,0.0,0.069,0.002625,0.0,0.0,0.41875,0.025,0.000875,0.0,Negligible,Negligible,Negligible,Negligible,Negligible,Negligible,False,False,False,none,none,none,False,False,False
BASOPHILS||Cellular_Stress_Response_Signature,BASOPHILS,0.058,-0.016,0.129,0.94925,0.102875,-0.034,-0.129,0.062,0.226875,0.081375,-0.091,-0.204,0.01,0.0385,0.420875,0.102875,0.0005,0.0,0.0,0.081375,0.0035,0.00025,0.0,0.420875,0.02825,0.00075,0.0,Negligible,Negligible,Negligible,Negligible,Negligible,Negligible,False,False,False,none,none,none,False,False,False
BASOPHILS||Chronic_Activation_Signature,BASOPHILS,0.058,-0.014,0.13,0.94925,0.106,-0.027,-0.118,0.069,0.261625,0.0635,-0.085,-0.196,0.019,0.0545,0.381,0.106,0.0015,0.0,0.0,0.0635,0.001625,0.0,0.0,0.381,0.018625,0.000375,0.0,Negligible,Negligible,Negligible,Negligible,Negligible,Negligible,False,False,False,none,none,none,False,False,False
BASOPHILS||Complement_Activation_Signature,BASOPHILS,0.062,-0.017,0.129,0.95925,0.12,-0.036,-0.139,0.056,0.21775,0.091375,-0.097,-0.213,0.008,0.03275,0.46175,0.12,0.001875,0.0,0.0,0.091375,0.004,0.000375,0.0,0.46175,0.039625,0.00175,0.0,Negligible,Negligible,Negligible,Negligible,Negligible,Negligible,False,False,False,none,none,none,False,False,False
BASOPHILS||Cytokine_Production_Signature,BASOPHILS,0.053,-0.022,0.122,0.930875,0.078125,-0.022,-0.119,0.076,0.29675,0.061125,-0.075,-0.186,0.036,0.085875,0.32825,0.078125,0.00025,0.0,0.0,0.061125,0.001375,0.0,0.0,0.32825,0.011875,0.000375,0.0,Negligible,Negligible,Negligible,Negligible,Negligible,Negligible,False,False,False,none,none,none,False,False,False
BASOPHILS||ER_Stress_Response_Signature,BASOPHILS,0.057,-0.016,0.129,0.94475,0.092375,-0.033,-0.13,0.061,0.23375,0.083625,-0.09,-0.195,0.018,0.043375,0.405375,0.092375,0.000875,0.0,0.0,0.083625,0.002125,0.0,0.0,0.405375,0.0255,0.000875,0.0,Negligible,Negligible,Negligible,Negligible,Negligible,Negligible,False,False,False,none,none,none,False,False,False
BASOPHILS||Epigenetic_Dysregulation_Signature,BASOPHILS,0.062,-0.012,0.131,0.96325,0.125875,-0.03,-0.124,0.066,0.244375,0.073375,-0.092,-0.201,0.012,0.038875,0.431875,0.125875,0.001875,0.0,0.0,0.073375,0.00225,0.0,0.0,0.431875,0.027,0.001,0.0,Negligible,Negligible,Negligible,Negligible,Negligible,Negligible,False,False,False,none,none,none,False,False,False
BASOPHILS||FcERI_Signaling_Signature,BASOPHILS,0.062,-0.008,0.136,0.959875,0.1225,-0.026,-0.121,0.068,0.264,0.062125,-0.088,-0.204,0.014,0.049375,0.40425,0.1225,0.001,0.0,0.0,0.062125,0.0015,0.0,0.0,0.40425,0.023375,0.000875,0.0,Negligible,Negligible,Negligible,Negligible,Negligible,Negligible,False,False,False,none,none,none,False,False,False
BASOPHILS||Glycolysis_Signature,BASOPHILS,0.057,-0.014,0.129,0.944125,0.097,-0.029,-0.126,0.067,0.256375,0.069375,-0.086,-0.191,0.026,0.054,0.384375,0.097,0.000625,0.0,0.0,0.069375,0.002,0.0,0.0,0.384375,0.021875,0.00025,0.0,Negligible,Negligible,Negligible,Negligible,Negligible,Negligible,False,False,False,none,none,none,False,False,False
BASOPHILS||Histamine_Signature,BASOPHILS,0.065,-0.009,0.138,0.968125,0.142,-0.031,-0.129,0.061,0.23425,0.0735,-0.096,-0.21,0.009,0.032,0.457125,0.142,0.0025,0.000125,0.0,0.0735,0.002125,0.00025,0.0,0.457125,0.0345,0.001,0.0,Negligible,Negligible,Negligible,Negligible,Negligible,Negligible,False,False,False,none,none,none,False,False,False
BASOPHILS||Hypoxia_Response_Signature,BASOPHILS,0.057,-0.018,0.124,0.948875,0.094375,-0.025,-0.118,0.073,0.278125,0.06075,-0.082,-0.191,0.031,0.0665,0.36825,0.094375,0.000625,0.0,0.0,0.06075,0.002,0.000125,0.0,0.36825,0.01775,0.00025,0.0,Negligible,Negligible,Negligible,Negligible,Negligible,Negligible,False,False,False,none,none,none,False,False,False
BASOPHILS||Immunosenescence_Signature,BASOPHILS,0.058,-0.013,0.128,0.953375,0.102125,-0.019,-0.117,0.08,0.31175,0.054625,-0.077,-0.182,0.037,0.07675,0.34275,0.102125,0.00075,0.0,0.0,0.054625,0.001125,0.0,0.0,0.34275,0.0105,0.000375,0.0,Negligible,Negligible,Negligible,Negligible,Negligible,Negligible,False,False,False,none,none,none,False,False,False
BASOPHILS||Inflammatory_Mediator_Signature,BASOPHILS,0.053,-0.019,0.123,0.930875,0.078,-0.03,-0.124,0.066,0.247875,0.06925,-0.083,-0.193,0.021,0.05375,0.3685,0.078,0.00075,0.0,0.0,0.06925,0.002625,0.000125,0.0,0.3685,0.018625,0.00075,0.0,Negligible,Negligible,Negligible,Negligible,Negligible,Negligible,False,False,False,none,none,none,False,False,False
BASOPHILS||Inflammatory_Response_Signature,BASOPHILS,0.052,-0.024,0.12,0.92725,0.07525,-0.026,-0.12,0.069,0.26625,0.063,-0.078,-0.183,0.033,0.07025,0.34,0.07525,0.000125,0.0,0.0,0.063,0.001375,0.000125,0.0,0.34,0.014,0.000375,0.0,Negligible,Negligible,Negligible,Negligible,Negligible,Negligible,False,False,False,none,none,none,False,False,False
BASOPHILS||Insulin_Resistance_Signaling_Signature,BASOPHILS,0.06,-0.014,0.131,0.954875,0.11525,-0.03,-0.129,0.063,0.240625,0.072125,-0.09,-0.202,0.02,0.043125,0.417625,0.11525,0.001625,0.0,0.0,0.072125,0.002625,0.0,0.0,0.417625,0.0295,0.000625,0.0,Negligible,Negligible,Negligible,Negligible,Negligible,Negligible,False,False,False,none,none,none,False,False,False
BASOPHILS||Lineage_Program_Signature,BASOPHILS,0.058,-0.012,0.129,0.951,0.096875,-0.026,-0.12,0.07,0.270625,0.06,-0.084,-0.193,0.022,0.058875,0.3735,0.096875,0.0015,0.0,0.0,0.06,0.001625,0.000125,0.0,0.3735,0.017375,0.001375,0.0,Negligible,Negligible,Negligible,Negligible,Negligible,Negligible,False,False,False,none,none,none,False,False,False
BASOPHILS||Lipid_Mediator_Signature,BASOPHILS,0.062,-0.008,0.137,0.96175,0.125,-0.028,-0.123,0.07,0.26325,0.066625,-0.09,-0.204,0.016,0.047,0.41725,0.125,0.002375,0.0,0.0,0.066625,0.001875,0.0,0.0,0.41725,0.026625,0.00075,0.0,Negligible,Negligible,Negligible,Negligible,Negligible,Negligible,False,False,False,none,none,none,False,False,False
BASOPHILS||Lipid_Metabolism_Signature,BASOPHILS,0.068,-0.006,0.145,0.9735,0.1635,-0.029,-0.12,0.072,0.250125,0.07,-0.097,-0.212,0.011,0.036875,0.462,0.1635,0.00475,0.000375,0.0,0.07,0.002375,0.000125,0.0,0.462,0.0375,0.0025,0.0,Negligible,Negligible,Negligible,Negligible,Negligible,Negligible,False,False,False,none,none,none,False,False,False
BASOPHILS||Microbiome_Response_Signature,BASOPHILS,0.054,-0.017,0.128,0.932875,0.0835,-0.031,-0.131,0.056,0.239875,0.07325,-0.085,-0.198,0.02,0.054,0.37875,0.0835,0.0005,0.0,0.0,0.07325,0.002875,0.00025,0.0,0.37875,0.02025,0.000875,0.0,Negligible,Negligible,Negligible,Negligible,Negligible,Negligible,False,False,False,none,none,none,False,False,False
BASOPHILS||Migration_Signature,BASOPHILS,0.057,-0.014,0.127,0.94475,0.09825,-0.027,-0.118,0.072,0.266,0.0635,-0.083,-0.19,0.027,0.059125,0.374,0.09825,0.000875,0.0,0.0,0.0635,0.002625,0.0,0.0,0.374,0.01825,0.00075,0.0,Negligible,Negligible,Negligible,Negligible,Negligible,Negligible,False,False,False,none,none,none,False,False,False
BASOPHILS||Mitochondrial_Function_Signature,BASOPHILS,0.067,-0.005,0.141,0.974,0.153125,-0.03,-0.125,0.065,0.252,0.0755,-0.097,-0.214,0.005,0.0315,0.464875,0.153125,0.004125,0.00025,0.0,0.0755,0.00325,0.0,0.0,0.464875,0.037,0.0015,0.0,Negligible,Negligible,Negligible,Negligible,Negligible,Negligible,False,False,False,none,none,none,False,False,False
BASOPHILS||Oxidative_Stress_Response_Signature,BASOPHILS,0.06,-0.01,0.133,0.955375,0.1135,-0.029,-0.127,0.064,0.251,0.07,-0.09,-0.195,0.024,0.046875,0.411625,0.1135,0.001625,0.0,0.0,0.07,0.001625,0.0,0.0,0.411625,0.027375,0.001,0.0,Negligible,Negligible,Negligible,Negligible,Negligible,Negligible,False,False,False,none,none,none,False,False,False
BASOPHILS||Protease_Release_Activity_Signature,BASOPHILS,0.059,-0.01,0.129,0.95725,0.105125,-0.028,-0.127,0.064,0.261125,0.067125,-0.086,-0.19,0.026,0.052125,0.395125,0.105125,0.00075,0.0,0.0,0.067125,0.002,0.0,0.0,0.395125,0.02125,0.000625,0.0,Negligible,Negligible,Negligible,Negligible,Negligible,Negligible,False,False,False,none,none,none,False,False,False
BASOPHILS||Senescence_Signature,BASOPHILS,0.057,-0.012,0.129,0.94425,0.098125,-0.028,-0.12,0.072,0.2595,0.06525,-0.085,-0.194,0.027,0.057875,0.378,0.098125,0.000375,0.0,0.0,0.06525,0.00225,0.0,0.0,0.378,0.02075,0.000875,0.0,Negligible,Negligible,Negligible,Negligible,Negligible,Negligible,False,False,False,none,none,none,False,False,False
BASOPHILS||Surface_Receptor_Expression_Signature,BASOPHILS,0.058,-0.022,0.127,0.946125,0.103375,-0.027,-0.119,0.065,0.265375,0.062625,-0.085,-0.196,0.02,0.051,0.382375,0.103375,0.001,0.0,0.0,0.062625,0.0005,0.0,0.0,0.382375,0.01725,0.0,0.0,Negligible,Negligible,Negligible,Negligible,Negligible,Negligible,False,False,False,none,none,none,False,False,False
BASOPHILS||Type2_Cytokine_Expression_Signature,BASOPHILS,0.053,-0.021,0.125,0.931,0.07975,-0.023,-0.114,0.075,0.28775,0.05575,-0.077,-0.189,0.033,0.082375,0.338625,0.07975,0.0005,0.0,0.0,0.05575,0.000875,0.0,0.0,0.338625,0.0135,0.00025,0.0,Negligible,Negligible,Negligible,Negligible,Negligible,Negligible,False,False,False,none,none,none,False,False,False
BASOPHILS||Wound_Healing_Support_Signature,BASOPHILS,0.06,-0.011,0.132,0.9575,0.110125,-0.026,-0.117,0.079,0.27175,0.06525,-0.086,-0.198,0.026,0.056625,0.390875,0.110125,0.002,0.0,0.0,0.06525,0.00225,0.000125,0.0,0.390875,0.023625,0.001125,0.0,Negligible,Negligible,Negligible,Negligible,Negligible,Negligible,False,False,False,none,none,none,False,False,False
BASOPHILS||mTOR_Activation_Signature,BASOPHILS,0.063,-0.008,0.134,0.96775,0.130625,-0.033,-0.132,0.057,0.231625,0.07875,-0.096,-0.206,0.008,0.0305,0.452625,0.130625,0.002125,0.000125,0.0,0.07875,0.0025,0.000125,0.0,0.452625,0.03425,0.001875,0.0,Negligible,Negligible,Negligible,Negligible,Negligible,Negligible,False,False,False,none,none,none,False,False,False
B_CELLS||Adipokine_Signaling_Signature,B CELLS,0.197,0.139,0.258,1.0,0.99675,0.203,0.123,0.286,1.0,0.98825,0.006,-0.088,0.096,0.5615,0.037625,0.99675,0.442375,0.003625,0.0,0.98825,0.52675,0.0115,0.0,0.037625,0.000375,0.0,0.0,Negligible,Negligible,Negligible,Negligible,Negligible,Negligible,True,True,False,up,up,none,False,False,False
B_CELLS||Antibody_Glycosylation_Signature,B CELLS,0.196,0.134,0.258,1.0,0.997,0.203,0.123,0.287,0.99975,0.988875,0.007,-0.091,0.1,0.564875,0.043,0.997,0.44125,0.00325,0.0,0.988875,0.535125,0.013125,0.0,0.043,0.000875,0.0,0.0,Negligible,Negligible,Negligible,Negligible,Negligible,Negligible,True,True,False,up,up,none,False,False,False
B_CELLS||Antibody_Production_Signature,B CELLS,0.194,0.137,0.256,1.0,0.995,0.203,0.121,0.285,0.99975,0.9885,0.009,-0.083,0.104,0.587875,0.0415,0.995,0.4125,0.002125,0.0,0.9885,0.5315,0.0135,0.0,0.0415,0.000875,0.0,0.0,Negligible,Negligible,Negligible,Negligible,Negligible,Negligible,True,True,False,up,up,none,False,False,False
B_CELLS||Apoptosis_Regulation_Signature,B CELLS,0.197,0.138,0.259,1.0,0.996875,0.201,0.124,0.288,0.9995,0.987625,0.005,-0.09,0.096,0.549625,0.039875,0.996875,0.442875,0.004,0.0,0.987625,0.51675,0.01125,0.0,0.039875,0.000625,0.000125,0.0,Negligible,Negligible,Negligible,Negligible,Negligible,Negligible,True,True,False,up,up,none,False,False,False
B_CELLS||Autophagy_Regulation_Signature,B CELLS,0.198,0.139,0.261,1.0,0.99725,0.204,0.12,0.286,0.999875,0.991,0.006,-0.091,0.097,0.558625,0.042,0.99725,0.456375,0.00475,0.0,0.991,0.537375,0.015875,0.0,0.042,0.00075,0.0,0.0,Negligible,Negligible,Negligible,Negligible,Negligible,Negligible,True,True,False,up,up,none,False,False,False
B_CELLS||BCR_Signaling_Signature,B CELLS,0.196,0.137,0.257,1.0,0.996625,0.201,0.118,0.281,0.999375,0.989,0.006,-0.089,0.097,0.553,0.039,0.996625,0.435,0.002875,0.0,0.989,0.52275,0.0115,0.0,0.039,0.00075,0.0,0.0,Negligible,Negligible,Negligible,Negligible,Negligible,Negligible,True,True,False,up,up,none,False,False,False
B_CELLS||B_Cell_Memory_Formation_Signature,B CELLS,0.194,0.13,0.253,1.0,0.995375,0.204,0.124,0.292,1.0,0.987875,0.009,-0.083,0.108,0.581875,0.045125,0.995375,0.424,0.0015,0.0,0.987875,0.53975,0.0155,0.0,0.045125,0.0005,0.0,0.0,Negligible,Negligible,Negligible,Negligible,Negligible,Negligible,True,True,False,up,up,none,False,False,False
B_CELLS||Cell_Cycle_Regulation_Signature,B CELLS,0.197,0.139,0.263,1.0,0.997,0.204,0.124,0.29,0.999875,0.9875,0.007,-0.084,0.107,0.56975,0.042625,0.997,0.443125,0.00425,0.0,0.9875,0.54575,0.014625,0.0,0.042625,0.000375,0.0,0.0,Negligible,Negligible,Negligible,Negligible,Negligible,Negligible,True,True,False,up,up,none,False,False,False
B_CELLS||Cellular_Stress_Response_Signature,B CELLS,0.196,0.14,0.258,1.0,0.997875,0.202,0.12,0.284,1.0,0.98775,0.007,-0.086,0.101,0.567875,0.040625,0.997875,0.4285,0.00275,0.0,0.98775,0.52975,0.011125,0.0,0.040625,0.000375,0.0,0.0,Negligible,Negligible,Negligible,Negligible,Negligible,Negligible,True,True,False,up,up,none,False,False,False
B_CELLS||Checkpoint_Expression_Signature,B CELLS,0.193,0.135,0.257,1.0,0.993125,0.204,0.123,0.288,1.0,0.988625,0.01,-0.08,0.111,0.59225,0.045875,0.993125,0.410875,0.0015,0.0,0.988625,0.537125,0.01475,0.0,0.045875,0.0005,0.0,0.0,Negligible,Negligible,Negligible,Negligible,Negligible,Negligible,True,True,False,up,up,none,False,False,False
B_CELLS||Chemokine_Production_Signature,B CELLS,0.19,0.125,0.249,0.999875,0.99,0.202,0.122,0.286,0.999875,0.988125,0.012,-0.083,0.109,0.606625,0.04775,0.99,0.378,0.00025,0.0,0.988125,0.5285,0.0115,0.0,0.04775,0.00125,0.000125,0.0,Negligible,Negligible,Negligible,Negligible,Negligible,Negligible,True,True,False,up,up,none,False,False,False
B_CELLS||ClassSwitch_Recombination_Signature,B CELLS,0.198,0.137,0.258,1.0,0.998,0.201,0.122,0.285,0.99975,0.988125,0.003,-0.09,0.092,0.535375,0.03625,0.998,0.458125,0.004125,0.0,0.988125,0.520375,0.0095,0.0,0.03625,0.000875,0.000125,0.0,Negligible,Negligible,Negligible,Negligible,Negligible,Negligible,True,True,False,up,up,none,False,False,False
B_CELLS||Complement_Activation_Signature,B CELLS,0.196,0.132,0.253,1.0,0.9975,0.201,0.118,0.288,0.99975,0.9845,0.005,-0.094,0.097,0.55175,0.043125,0.9975,0.43875,0.0035,0.0,0.9845,0.510125,0.01175,0.0,0.043125,0.0005,0.0,0.0,Negligible,Negligible,Negligible,Negligible,Negligible,Negligible,True,True,False,up,up,none,False,False,False
B_CELLS||Costimulation_Signature,B CELLS,0.194,0.132,0.253,1.0,0.99475,0.205,0.122,0.286,1.0,0.99075,0.011,-0.08,0.105,0.596625,0.0415,0.99475,0.407875,0.0015,0.0,0.99075,0.54825,0.015375,0.0,0.0415,0.001,0.0,0.0,Negligible,Negligible,Negligible,Negligible,Negligible,Negligible,True,True,False,up,up,none,False,False,False
B_CELLS||Cytokine_Network_Signature,B CELLS,0.191,0.131,0.252,0.999875,0.99275,0.204,0.121,0.285,1.0,0.99,0.013,-0.08,0.106,0.61575,0.043875,0.99275,0.387375,0.001375,0.0,0.99,0.545875,0.014125,0.0,0.043875,0.001125,0.0,0.0,Negligible,Negligible,Negligible,Negligible,Negligible,Negligible,True,True,False,up,up,none,False,False,False
B_CELLS||DNA_Repair_Signature,B CELLS,0.199,0.141,0.264,1.0,0.99775,0.202,0.12,0.287,0.99975,0.985875,0.003,-0.093,0.096,0.5405,0.040125,0.99775,0.463,0.0045,0.0,0.985875,0.529125,0.010625,0.0,0.040125,0.0005,0.0,0.0,Negligible,Negligible,Negligible,Negligible,Negligible,Negligible,True,True,False,up,up,none,False,False,False
B_CELLS||ECM_Interaction_Signature,B CELLS,0.194,0.132,0.257,1.0,0.995,0.202,0.121,0.281,0.999875,0.989375,0.009,-0.087,0.096,0.579375,0.03725,0.995,0.41025,0.001625,0.0,0.989375,0.528625,0.010375,0.0,0.03725,0.000375,0.0,0.0,Negligible,Negligible,Negligible,Negligible,Negligible,Negligible,True,True,False,up,up,none,False,False,False
B_CELLS||ER_Stress_Response_Signature,B CELLS,0.195,0.137,0.257,0.999875,0.995375,0.204,0.116,0.284,0.99975,0.9895,0.009,-0.081,0.106,0.58625,0.041125,0.995375,0.4285,0.001375,0.0,0.9895,0.544625,0.015,0.0,0.041125,0.00125,0.0,0.0,Negligible,Negligible,Negligible,Negligible,Negligible,Negligible,True,True,False,up,up,none,False,False,False
B_CELLS||Fibrosis_Interaction_Signature,B CELLS,0.195,0.134,0.257,1.0,0.996,0.201,0.119,0.284,0.999375,0.98575,0.006,-0.088,0.099,0.5615,0.038375,0.996,0.423125,0.0025,0.0,0.98575,0.522375,0.010625,0.0,0.038375,0.000625,0.0,0.0,Negligible,Negligible,Negligible,Negligible,Negligible,Negligible,True,True,False,up,up,none,False,False,False
B_CELLS||Germinal_Center_Signature,B CELLS,0.195,0.136,0.253,0.999875,0.996875,0.203,0.12,0.287,0.999625,0.98825,0.008,-0.086,0.104,0.583875,0.043625,0.996875,0.417375,0.002,0.0,0.98825,0.529125,0.014875,0.0,0.043625,0.00125,0.0,0.0,Negligible,Negligible,Negligible,Negligible,Negligible,Negligible,True,True,False,up,up,none,False,False,False
B_CELLS||Glycolysis_Signature,B CELLS,0.196,0.137,0.258,0.999875,0.9965,0.205,0.126,0.288,0.999875,0.9905,0.009,-0.086,0.102,0.581875,0.0435,0.9965,0.43325,0.0035,0.0,0.9905,0.54575,0.015125,0.0,0.0435,0.001,0.0,0.0,Negligible,Negligible,Negligible,Negligible,Negligible,Negligible,True,True,False,up,up,none,False,False,False
B_CELLS||Hypoxia_Response_Signature,B CELLS,0.193,0.135,0.257,1.0,0.99475,0.208,0.125,0.289,1.0,0.99475,0.014,-0.081,0.104,0.62425,0.04575,0.99475,0.411375,0.00125,0.0,0.99475,0.57225,0.02,0.000125,0.04575,0.001625,0.00025,0.0,Negligible,Negligible,Negligible,Negligible,Negligible,Negligible,True,True,False,up,up,none,False,False,False
B_CELLS||Immunoglobulin_Production_Signature,B CELLS,0.192,0.13,0.25,0.99975,0.9935,0.201,0.116,0.282,0.99925,0.98525,0.009,-0.088,0.099,0.5735,0.040625,0.9935,0.398375,0.000875,0.0,0.98525,0.513125,0.01275,0.0,0.040625,0.001125,0.0,0.0,Negligible,Negligible,Negligible,Negligible,Negligible,Negligible,True,True,False,up,up,none,False,False,False
B_CELLS||Immunosenescence_Signature,B CELLS,0.195,0.133,0.257,1.0,0.993625,0.204,0.124,0.289,0.99975,0.9915,0.009,-0.086,0.101,0.584875,0.04275,0.993625,0.422625,0.00225,0.0,0.9915,0.53975,0.013875,0.0,0.04275,0.0005,0.0,0.0,Negligible,Negligible,Negligible,Negligible,Negligible,Negligible,True,True,False,up,up,none,False,False,False
B_CELLS||Immunosuppression_Signature,B CELLS,0.193,0.131,0.251,0.999875,0.994375,0.204,0.117,0.282,0.999875,0.9895,0.01,-0.077,0.11,0.589,0.043,0.994375,0.40825,0.001,0.0,0.9895,0.53425,0.012375,0.0,0.043,0.00075,0.0,0.0,Negligible,Negligible,Negligible,Negligible,Negligible,Negligible,True,True,False,up,up,none,False,False,False
B_CELLS||Inflammatory_Response_Signature,B CELLS,0.193,0.131,0.252,1.0,0.994,0.205,0.123,0.288,0.99975,0.990375,0.012,-0.079,0.107,0.59825,0.044875,0.994,0.401625,0.000625,0.0,0.990375,0.545375,0.0165,0.0,0.044875,0.0005,0.0,0.0,Negligible,Negligible,Negligible,Negligible,Negligible,Negligible,True,True,False,up,up,none,False,False,False
B_CELLS||JAK_STAT_Signaling_Signature,B CELLS,0.196,0.138,0.258,0.999875,0.99725,0.202,0.117,0.281,1.0,0.99,0.006,-0.082,0.102,0.56225,0.03925,0.99725,0.440375,0.001875,0.0,0.99,0.528,0.011875,0.0,0.03925,0.001,0.0,0.0,Negligible,Negligible,Negligible,Negligible,Negligible,Negligible,True,True,False,up,up,none,False,False,False
B_CELLS||Lipid_Metabolism_Signature,B CELLS,0.199,0.14,0.262,1.0,0.998875,0.202,0.117,0.281,0.99975,0.989375,0.002,-0.087,0.1,0.530875,0.03875,0.998875,0.467625,0.005125,0.0,0.989375,0.52225,0.012625,0.0,0.03875,0.000875,0.0,0.0,Negligible,Negligible,Negligible,Negligible,Negligible,Negligible,True,True,False,up,up,none,False,False,False
B_CELLS||MHC_II_Presentation_Signature,B CELLS,0.196,0.135,0.254,1.0,0.9975,0.203,0.124,0.286,0.999625,0.990125,0.007,-0.087,0.098,0.5655,0.03925,0.9975,0.431625,0.0035,0.0,0.990125,0.535625,0.01225,0.0,0.03925,0.00075,0.0,0.0,Negligible,Negligible,Negligible,Negligible,Negligible,Negligible,True,True,False,up,up,none,False,False,False
B_CELLS||MHC_I_Presentation_Signature,B CELLS,0.196,0.135,0.259,1.0,0.996,0.202,0.124,0.283,1.0,0.990375,0.006,-0.085,0.099,0.5555,0.037875,0.996,0.431625,0.003125,0.0,0.990375,0.519,0.011875,0.0,0.037875,0.001,0.0,0.0,Negligible,Negligible,Negligible,Negligible,Negligible,Negligible,True,True,False,up,up,none,False,False,False
B_CELLS||Metabolic_Reprogramming_Signature,B CELLS,0.196,0.139,0.26,1.0,0.99675,0.204,0.122,0.287,0.999875,0.99025,0.008,-0.087,0.1,0.581125,0.0425,0.99675,0.43425,0.003,0.0,0.99025,0.5455,0.01525,0.0,0.0425,0.000625,0.0,0.0,Negligible,Negligible,Negligible,Negligible,Negligible,Negligible,True,True,False,up,up,none,False,False,False
B_CELLS||Microbiome_Response_Signature,B CELLS,0.194,0.133,0.254,0.99975,0.994375,0.203,0.121,0.286,0.999875,0.989625,0.009,-0.083,0.104,0.58575,0.04225,0.994375,0.41725,0.00175,0.0,0.989625,0.5295,0.013375,0.0,0.04225,0.001125,0.0,0.0,Negligible,Negligible,Negligible,Negligible,Negligible,Negligible,True,True,False,up,up,none,False,False,False
B_CELLS||Migration_Signature,B CELLS,0.195,0.135,0.257,1.0,0.995875,0.202,0.12,0.289,0.999375,0.98575,0.008,-0.086,0.105,0.57375,0.0445,0.995875,0.424125,0.00125,0.0,0.98575,0.527875,0.01425,0.0,0.0445,0.00125,0.0,0.0,Negligible,Negligible,Negligible,Negligible,Negligible,Negligible,True,True,False,up,up,none,False,False,False
B_CELLS||Mitochondrial_Function_Signature,B CELLS,0.198,0.138,0.261,1.0,0.997625,0.203,0.124,0.287,0.999625,0.989,0.005,-0.083,0.105,0.549875,0.04225,0.997625,0.457125,0.004625,0.0,0.989,0.52975,0.014875,0.0,0.04225,0.000375,0.0,0.0,Negligible,Negligible,Negligible,Negligible,Negligible,Negligible,True,True,False,up,up,none,False,False,False
B_CELLS||Oxidative_Stress_Response_Signature,B CELLS,0.197,0.138,0.262,0.999875,0.996125,0.204,0.123,0.289,0.999875,0.98975,0.007,-0.089,0.1,0.567125,0.0425,0.996125,0.454625,0.00375,0.0,0.98975,0.543625,0.014875,0.0,0.0425,0.00075,0.000125,0.0,Negligible,Negligible,Negligible,Negligible,Negligible,Negligible,True,True,False,up,up,none,False,False,False
B_CELLS||PI3K_AKT_Signaling_Signature,B CELLS,0.196,0.136,0.258,1.0,0.997625,0.203,0.121,0.288,0.999875,0.988875,0.006,-0.09,0.099,0.5655,0.04075,0.997625,0.440875,0.00325,0.0,0.988875,0.535875,0.01375,0.0,0.04075,0.0005,0.0,0.0,Negligible,Negligible,Negligible,Negligible,Negligible,Negligible,True,True,False,up,up,none,False,False,False
B_CELLS||Regulatory_B_Cell_Signature,B CELLS,0.197,0.136,0.259,1.0,0.9955,0.201,0.114,0.28,0.999375,0.9895,0.005,-0.084,0.1,0.555,0.037125,0.9955,0.451,0.003125,0.0,0.9895,0.52075,0.010375,0.0,0.037125,0.00125,0.0,0.0,Negligible,Negligible,Negligible,Negligible,Negligible,Negligible,True,True,False,up,up,none,False,False,False
B_CELLS||Senescence_Signature,B CELLS,0.196,0.134,0.256,1.0,0.994625,0.204,0.127,0.288,0.999875,0.992125,0.008,-0.081,0.105,0.573125,0.041,0.994625,0.43325,0.003875,0.0,0.992125,0.53725,0.013625,0.0,0.041,0.001,0.0,0.0,Negligible,Negligible,Negligible,Negligible,Negligible,Negligible,True,True,False,up,up,none,False,False,False
B_CELLS||Toll_Like_Receptor_Signature,B CELLS,0.197,0.139,0.259,1.0,0.998375,0.2,0.117,0.283,0.9995,0.98675,0.003,-0.095,0.094,0.539375,0.040875,0.998375,0.44475,0.002875,0.0,0.98675,0.506375,0.01075,0.0,0.040875,0.00075,0.0,0.0,Negligible,Negligible,Negligible,Negligible,Negligible,Negligible,True,True,False,up,up,none,False,False,False
B_CELLS||Type_I_Interferon_Response_Signature,B CELLS,0.191,0.13,0.252,1.0,0.992375,0.199,0.118,0.284,0.99975,0.983875,0.007,-0.088,0.097,0.5735,0.038375,0.992375,0.385625,0.00075,0.0,0.983875,0.496625,0.0075,0.0,0.038375,0.001,0.0,0.0,Negligible,Negligible,Negligible,Negligible,Negligible,Negligible,True,True,False,up,up,none,False,False,False
CD4+ T CELLS||Adipokine_Signaling_Signature,CD4+ T CELLS,-0.039,-0.101,0.018,0.08275,0.024375,-0.187,-0.273,-0.101,0.000625,0.97675,-0.148,-0.244,-0.052,0.00325,0.863375,0.024375,0.0,0.0,0.0,0.97675,0.373,0.006875,0.0,0.863375,0.119875,0.00225,0.0,Negligible,Negligible,Negligible,Negligible,Negligible,Negligible,False,True,True,none,down,down,False,False,False
CD4+ T CELLS||Angiogenesis_Regulation_Signature,CD4+ T CELLS,-0.04,-0.1,0.02,0.081625,0.02775,-0.188,-0.271,-0.104,0.0005,0.9785,-0.148,-0.242,-0.057,0.00275,0.857625,0.02775,0.00025,0.0,0.0,0.9785,0.384875,0.007,0.0,0.857625,0.121375,0.001875,0.0,Negligible,Negligible,Negligible,Negligible,Negligible,Negligible,False,True,True,none,down,down,False,False,False
CD4+ T CELLS||Apoptosis_Resistance_Signature,CD4+ T CELLS,-0.041,-0.102,0.02,0.077375,0.03225,-0.19,-0.275,-0.104,0.000625,0.9795,-0.149,-0.245,-0.052,0.003125,0.859875,0.03225,0.00025,0.0,0.0,0.9795,0.391125,0.010125,0.0,0.859875,0.125875,0.002875,0.0,Negligible,Negligible,Negligible,Negligible,Negligible,Negligible,False,True,True,none,down,down,False,False,False
CD4+ T CELLS||Autophagy_Regulation_Signature,CD4+ T CELLS,-0.041,-0.104,0.014,0.072125,0.02825,-0.189,-0.277,-0.104,0.000375,0.9785,-0.148,-0.24,-0.047,0.00275,0.858,0.02825,0.0,0.0,0.0,0.9785,0.388125,0.010375,0.0,0.858,0.121,0.003125,0.0,Negligible,Negligible,Negligible,Negligible,Negligible,Negligible,False,True,True,none,down,down,False,False,False
CD4+ T CELLS||CD4_Coreceptor_Signaling_Signature,CD4+ T CELLS,-0.04,-0.103,0.018,0.08125,0.02725,-0.187,-0.27,-0.098,0.00075,0.974,-0.147,-0.243,-0.052,0.005125,0.854,0.02725,0.000125,0.0,0.0,0.974,0.374,0.00775,0.0,0.854,0.11975,0.003375,0.0,Negligible,Negligible,Negligible,Negligible,Negligible,Negligible,False,True,True,none,down,down,False,False,False
CD4+ T CELLS||CD4_Effector_Differentiation_Signature,CD4+ T CELLS,-0.041,-0.103,0.017,0.071625,0.03175,-0.189,-0.275,-0.104,0.00075,0.977375,-0.147,-0.24,-0.047,0.003,0.85475,0.03175,0.000125,0.0,0.0,0.977375,0.390125,0.009125,0.0,0.85475,0.123,0.0025,0.0,Negligible,Negligible,Negligible,Negligible,Negligible,Negligible,False,True,True,none,down,down,False,False,False
CD4+ T CELLS||CD4_Lineage_Specification_Signature,CD4+ T CELLS,-0.04,-0.1,0.019,0.082625,0.024375,-0.189,-0.271,-0.101,0.000875,0.980125,-0.149,-0.241,-0.051,0.003,0.869375,0.024375,0.0,0.0,0.0,0.980125,0.3835,0.009875,0.0,0.869375,0.125125,0.002375,0.0,Negligible,Negligible,Negligible,Negligible,Negligible,Negligible,False,True,True,none,down,down,False,False,False
CD4+ T CELLS||CD4_Memory_Formation_Signature,CD4+ T CELLS,-0.04,-0.101,0.018,0.081125,0.023625,-0.187,-0.274,-0.102,0.000625,0.97375,-0.147,-0.243,-0.051,0.003875,0.854125,0.023625,0.000125,0.0,0.0,0.97375,0.367125,0.008375,0.0,0.854125,0.11575,0.001875,0.0,Negligible,Negligible,Negligible,Negligible,Negligible,Negligible,False,True,True,none,down,down,False,False,False
CD4+ T CELLS||CD4_Metabolic_Flexibility_Signature,CD4+ T CELLS,-0.039,-0.098,0.022,0.08525,0.024875,-0.188,-0.274,-0.107,0.000375,0.976875,-0.148,-0.247,-0.057,0.00325,0.859875,0.024875,0.0,0.0,0.0,0.976875,0.37725,0.008625,0.0,0.859875,0.125375,0.001625,0.0,Negligible,Negligible,Negligible,Negligible,Negligible,Negligible,False,True,True,none,down,down,False,False,False
CD4+ T CELLS||CD4_Tissue_Homing_Signature,CD4+ T CELLS,-0.04,-0.1,0.02,0.083625,0.025125,-0.188,-0.275,-0.104,0.00025,0.97725,-0.149,-0.243,-0.05,0.002125,0.860375,0.025125,0.0,0.0,0.0,0.97725,0.3805,0.00875,0.0,0.860375,0.126,0.004125,0.0,Negligible,Negligible,Negligible,Negligible,Negligible,Negligible,False,True,True,none,down,down,False,False,False
CD4+ T CELLS||Cellular_Stress_Response_Signature,CD4+ T CELLS,-0.041,-0.1,0.021,0.08,0.0285,-0.191,-0.276,-0.106,0.000375,0.982,-0.15,-0.242,-0.055,0.001875,0.871125,0.0285,0.00025,0.0,0.0,0.982,0.40175,0.0095,0.0,0.871125,0.1315,0.0025,0.0,Negligible,Negligible,Negligible,Negligible,Negligible,Negligible,False,True,True,none,down,down,False,False,False
CD4+ T CELLS||Chemokine_Network_Signature,CD4+ T CELLS,-0.042,-0.104,0.015,0.067375,0.029875,-0.188,-0.279,-0.109,0.00075,0.9785,-0.147,-0.238,-0.052,0.003875,0.859125,0.029875,0.000125,0.0,0.0,0.9785,0.3765,0.007625,0.0,0.859125,0.115,0.00275,0.0,Negligible,Negligible,Negligible,Negligible,Negligible,Negligible,False,True,True,none,down,down,False,False,False
CD4+ T CELLS||Complement_Activation_Signature,CD4+ T CELLS,-0.039,-0.1,0.019,0.087375,0.021625,-0.191,-0.279,-0.111,0.0005,0.9845,-0.152,-0.245,-0.052,0.003125,0.88025,0.021625,0.000125,0.0,0.0,0.9845,0.39825,0.011375,0.0,0.88025,0.140125,0.003625,0.0,Negligible,Negligible,Negligible,Negligible,Negligible,Negligible,False,True,True,none,down,down,False,False,False
CD4+ T CELLS||Costimulatory_Activity_Signature,CD4+ T CELLS,-0.039,-0.098,0.026,0.09025,0.025375,-0.187,-0.273,-0.101,0.000875,0.97425,-0.148,-0.244,-0.051,0.0035,0.856,0.025375,0.0,0.0,0.0,0.97425,0.36625,0.007375,0.0,0.856,0.12075,0.003375,0.0,Negligible,Negligible,Negligible,Negligible,Negligible,Negligible,False,True,True,none,down,down,False,False,False
CD4+ T CELLS||ECM_Remodeling_Signature,CD4+ T CELLS,-0.04,-0.102,0.018,0.082,0.026125,-0.188,-0.274,-0.103,0.00025,0.97925,-0.149,-0.243,-0.05,0.003375,0.8625,0.026125,0.000125,0.0,0.0,0.97925,0.386875,0.007875,0.0,0.8625,0.125875,0.003,0.0,Negligible,Negligible,Negligible,Negligible,Negligible,Negligible,False,True,True,none,down,down,False,False,False
CD4+ T CELLS||ER_Stress_Response_Signature,CD4+ T CELLS,-0.042,-0.107,0.014,0.07,0.032625,-0.189,-0.271,-0.102,0.000375,0.977125,-0.147,-0.241,-0.048,0.004125,0.853625,0.032625,0.0,0.0,0.0,0.977125,0.383625,0.008,0.0,0.853625,0.1135,0.001625,0.0,Negligible,Negligible,Negligible,Negligible,Negligible,Negligible,False,True,True,none,down,down,False,False,False
CD4+ T CELLS||Energy_Sensing_Activity_Signature,CD4+ T CELLS,-0.04,-0.1,0.018,0.076375,0.0275,-0.188,-0.272,-0.101,0.000625,0.977625,-0.147,-0.244,-0.051,0.0025,0.8555,0.0275,0.0,0.0,0.0,0.977625,0.376,0.009625,0.0,0.8555,0.119125,0.003125,0.0,Negligible,Negligible,Negligible,Negligible,Negligible,Negligible,False,True,True,none,down,down,False,False,False
CD4+ T CELLS||Epigenetic_Dysregulation_Signature,CD4+ T CELLS,-0.04,-0.105,0.017,0.082875,0.029875,-0.19,-0.276,-0.106,0.00025,0.98175,-0.15,-0.242,-0.054,0.00225,0.865,0.029875,0.00025,0.0,0.0,0.98175,0.398125,0.01,0.0,0.865,0.13675,0.003125,0.0,Negligible,Negligible,Negligible,Negligible,Negligible,Negligible,False,True,True,none,down,down,False,False,False
CD4+ T CELLS||Fibrosis_Mediation_Signature,CD4+ T CELLS,-0.039,-0.102,0.018,0.08675,0.024375,-0.192,-0.278,-0.107,0.000375,0.9835,-0.153,-0.247,-0.059,0.002125,0.880625,0.024375,0.000125,0.0,0.0,0.9835,0.413,0.012625,0.0,0.880625,0.1485,0.00425,0.0,Negligible,Negligible,Negligible,Negligible,Negligible,Negligible,False,True,True,none,down,down,False,False,False
CD4+ T CELLS||Glycolysis_Signature,CD4+ T CELLS,-0.039,-0.098,0.022,0.088,0.0225,-0.191,-0.284,-0.111,0.000125,0.98125,-0.153,-0.251,-0.058,0.002,0.881125,0.0225,0.00025,0.0,0.0,0.98125,0.402875,0.012,0.0,0.881125,0.14675,0.005,0.0,Negligible,Negligible,Negligible,Negligible,Negligible,Negligible,False,True,True,none,down,down,False,False,False
CD4+ T CELLS||Helper_Function_Signature,CD4+ T CELLS,-0.041,-0.104,0.018,0.078,0.031,-0.183,-0.272,-0.098,0.00125,0.964875,-0.142,-0.239,-0.044,0.00725,0.83025,0.031,0.000125,0.0,0.0,0.964875,0.345,0.005,0.0,0.83025,0.099125,0.00125,0.0,Negligible,Negligible,Negligible,Negligible,Negligible,Negligible,False,True,True,none,down,down,False,False,False
CD4+ T CELLS||Hypoxia_Response_Signature,CD4+ T CELLS,-0.041,-0.101,0.019,0.0795,0.031,-0.188,-0.273,-0.099,0.000625,0.9735,-0.147,-0.241,-0.051,0.00325,0.8575,0.031,0.0,0.0,0.0,0.9735,0.374,0.009,0.0,0.8575,0.11225,0.00275,0.0,Negligible,Negligible,Negligible,Negligible,Negligible,Negligible,False,True,True,none,down,down,False,False,False
CD4+ T CELLS||Immunosenescence_Signature,CD4+ T CELLS,-0.038,-0.099,0.022,0.0975,0.01975,-0.188,-0.271,-0.102,0.00075,0.979375,-0.15,-0.243,-0.055,0.002875,0.868625,0.01975,0.000125,0.0,0.0,0.979375,0.381375,0.008,0.0,0.868625,0.132625,0.003625,0.0,Negligible,Negligible,Negligible,Negligible,Negligible,Negligible,False,True,True,none,down,down,False,False,False
CD4+ T CELLS||Inflammatory_Cytokine_Signature,CD4+ T CELLS,-0.043,-0.105,0.017,0.063,0.038,-0.184,-0.275,-0.095,0.001125,0.963875,-0.14,-0.237,-0.039,0.007875,0.82125,0.038,0.000125,0.0,0.0,0.963875,0.350375,0.006125,0.0,0.82125,0.09575,0.000875,0.0,Negligible,Negligible,Negligible,Negligible,Negligible,Negligible,False,True,True,none,down,down,False,False,False
CD4+ T CELLS||Lipid_Metabolism_Signature,CD4+ T CELLS,-0.038,-0.099,0.021,0.0955,0.019,-0.19,-0.272,-0.103,0.00025,0.9825,-0.152,-0.248,-0.062,0.002625,0.87675,0.019,0.000125,0.0,0.0,0.9825,0.39225,0.01,0.0,0.87675,0.138125,0.004125,0.0,Negligible,Negligible,Negligible,Negligible,Negligible,Negligible,False,True,True,none,down,down,False,False,False
CD4+ T CELLS||MHC_II_Recognition_Signature,CD4+ T CELLS,-0.04,-0.101,0.019,0.0845,0.029375,-0.187,-0.273,-0.099,0.00075,0.974,-0.147,-0.245,-0.053,0.00525,0.84875,0.029375,0.00025,0.0,0.0,0.974,0.377625,0.008125,0.0,0.84875,0.12225,0.0025,0.0,Negligible,Negligible,Negligible,Negligible,Negligible,Negligible,False,True,True,none,down,down,False,False,False
CD4+ T CELLS||Microbiome_Response_Signature,CD4+ T CELLS,-0.043,-0.106,0.015,0.069,0.034375,-0.19,-0.274,-0.105,0.000875,0.982375,-0.147,-0.241,-0.048,0.00425,0.850125,0.034375,0.000125,0.0,0.0,0.982375,0.39125,0.010375,0.0,0.850125,0.124125,0.00275,0.0,Negligible,Negligible,Negligible,Negligible,Negligible,Negligible,False,True,True,none,down,down,False,False,False
CD4+ T CELLS||Mitochondrial_Dysfunction_Signature,CD4+ T CELLS,-0.04,-0.102,0.017,0.0805,0.024625,-0.188,-0.27,-0.102,0.000875,0.977125,-0.148,-0.246,-0.058,0.00275,0.85975,0.024625,0.0,0.0,0.0,0.977125,0.387875,0.0065,0.0,0.85975,0.12325,0.003,0.0,Negligible,Negligible,Negligible,Negligible,Negligible,Negligible,False,True,True,none,down,down,False,False,False
CD4+ T CELLS||Oxidative_Stress_Response_Signature,CD4+ T CELLS,-0.042,-0.103,0.018,0.072625,0.03025,-0.189,-0.272,-0.102,0.0,0.97975,-0.148,-0.244,-0.052,0.00325,0.862625,0.03025,0.000375,0.0,0.0,0.97975,0.384875,0.009875,0.0,0.862625,0.11975,0.003125,0.0,Negligible,Negligible,Negligible,Negligible,Negligible,Negligible,False,True,True,none,down,down,False,False,False
CD4+ T CELLS||Senescence_Signature,CD4+ T CELLS,-0.04,-0.102,0.018,0.084125,0.027,-0.19,-0.274,-0.105,0.000375,0.980875,-0.15,-0.242,-0.056,0.00225,0.86775,0.027,0.0,0.0,0.0,0.980875,0.395125,0.01,0.0,0.86775,0.132,0.002625,0.0,Negligible,Negligible,Negligible,Negligible,Negligible,Negligible,False,True,True,none,down,down,False,False,False
CD4+ T CELLS||TCR_Signaling_Signature,CD4+ T CELLS,-0.04,-0.1,0.018,0.080625,0.024375,-0.187,-0.274,-0.106,0.001,0.976,-0.148,-0.239,-0.051,0.0045,0.860875,0.024375,0.000125,0.0,0.0,0.976,0.37775,0.007125,0.0,0.860875,0.117,0.002375,0.0,Negligible,Negligible,Negligible,Negligible,Negligible,Negligible,False,True,True,none,down,down,False,False,False
CD4+ T CELLS||TGFB_Signaling_Signature,CD4+ T CELLS,-0.041,-0.104,0.02,0.0825,0.031625,-0.191,-0.277,-0.105,0.000125,0.98025,-0.15,-0.248,-0.059,0.003125,0.8645,0.031625,0.0,0.0,0.0,0.98025,0.39925,0.01125,0.0,0.8645,0.13125,0.00425,0.0,Negligible,Negligible,Negligible,Negligible,Negligible,Negligible,False,True,True,none,down,down,False,False,False
CD4+ T CELLS||Terminal_Exhaustion_Signature,CD4+ T CELLS,-0.038,-0.101,0.02,0.0975,0.022625,-0.189,-0.276,-0.103,0.00075,0.977625,-0.151,-0.248,-0.056,0.002875,0.871625,0.022625,0.0,0.0,0.0,0.977625,0.38675,0.01125,0.0,0.871625,0.1355,0.0045,0.0,Negligible,Negligible,Negligible,Negligible,Negligible,Negligible,False,True,True,none,down,down,False,False,False
CD4+ T CELLS||Tissue_Residency_Signature,CD4+ T CELLS,-0.041,-0.104,0.017,0.079625,0.030875,-0.192,-0.278,-0.107,0.000625,0.983875,-0.15,-0.244,-0.055,0.002375,0.863625,0.030875,0.0,0.0,0.0,0.983875,0.40475,0.0125,0.0,0.863625,0.13675,0.004125,0.0,Negligible,Negligible,Negligible,Negligible,Negligible,Negligible,False,True,True,none,down,down,False,False,False
CD4+ T CELLS||Transcriptional_Activation_Signature,CD4+ T CELLS,-0.039,-0.098,0.021,0.086875,0.024625,-0.188,-0.275,-0.105,0.00025,0.97725,-0.148,-0.242,-0.051,0.002625,0.862875,0.024625,0.0,0.0,0.0,0.97725,0.372125,0.007375,0.0,0.862875,0.119875,0.002625,0.0,Negligible,Negligible,Negligible,Negligible,Negligible,Negligible,False,True,True,none,down,down,False,False,False
CD4+ T CELLS||Treg_Signature,CD4+ T CELLS,-0.039,-0.1,0.02,0.09175,0.022375,-0.187,-0.276,-0.104,0.00075,0.975625,-0.149,-0.241,-0.047,0.004,0.8565,0.022375,0.00025,0.0,0.0,0.975625,0.367875,0.008375,0.0,0.8565,0.127625,0.002625,0.0,Negligible,Negligible,Negligible,Negligible,Negligible,Negligible,False,True,True,none,down,down,False,False,False
CD4+ T CELLS||Wound_Healing_Signature,CD4+ T CELLS,-0.038,-0.097,0.025,0.093875,0.02225,-0.19,-0.274,-0.102,0.000625,0.9805,-0.152,-0.244,-0.057,0.00175,0.874,0.02225,0.0,0.0,0.0,0.9805,0.39325,0.01,0.0,0.874,0.140125,0.003875,0.0,Negligible,Negligible,Negligible,Negligible,Negligible,Negligible,False,True,True,none,down,down,False,False,False
CD4+ T CELLS||mTOR_Activation_Signature,CD4+ T CELLS,-0.041,-0.103,0.018,0.075875,0.030125,-0.19,-0.283,-0.108,0.000375,0.97875,-0.149,-0.249,-0.055,0.002875,0.862875,0.030125,0.0,0.0,0.0,0.97875,0.396125,0.011625,0.0,0.862875,0.128625,0.0035,0.0,Negligible,Negligible,Negligible,Negligible,Negligible,Negligible,False,True,True,none,down,down,False,False,False
CD8_T_GENERAL||Adipokine_Signaling_Signature,CD8 T GENERAL,0.152,0.092,0.215,0.999625,0.957,0.247,0.164,0.337,0.999875,0.997625,0.095,-0.004,0.19,0.97425,0.456875,0.957,0.05575,0.00025,0.0,0.997625,0.87675,0.102,0.0,0.456875,0.01975,0.000375,0.0,Negligible,Negligible,Moderate,Negligible,Negligible,Negligible,True,True,False,up,up,none,False,False,False
CD8_T_GENERAL||Angiogenesis_Regulation_Signature,CD8 T GENERAL,0.151,0.091,0.213,0.99975,0.957375,0.248,0.161,0.333,1.0,0.998,0.097,0.002,0.194,0.975625,0.468375,0.957375,0.051875,0.000375,0.0,0.998,0.883125,0.102625,0.000125,0.468375,0.01975,0.00025,0.0,Negligible,Negligible,Moderate,Negligible,Negligible,Negligible,True,True,True,up,up,up,False,False,False
CD8_T_GENERAL||Anti_Apoptotic_Signature,CD8 T GENERAL,0.152,0.091,0.214,0.99975,0.959,0.247,0.162,0.332,1.0,0.998125,0.094,-0.002,0.19,0.972375,0.446875,0.959,0.058,0.00025,0.0,0.998125,0.8775,0.092125,0.0,0.446875,0.01725,0.000125,0.0,Negligible,Negligible,Moderate,Negligible,Negligible,Negligible,True,True,False,up,up,none,False,False,False
CD8_T_GENERAL||Autophagy_Regulation_Signature,CD8 T GENERAL,0.153,0.09,0.213,0.99975,0.959,0.249,0.162,0.333,1.0,0.998625,0.096,0.0,0.195,0.974875,0.4625,0.959,0.056,0.000125,0.0,0.998625,0.886375,0.10475,0.000125,0.4625,0.020875,0.0005,0.0,Negligible,Negligible,Moderate,Negligible,Negligible,Negligible,True,True,False,up,up,none,False,False,False
CD8_T_GENERAL||CD8_Coreceptor_Signaling_Signature,CD8 T GENERAL,0.152,0.089,0.212,0.99975,0.956375,0.246,0.159,0.337,1.0,0.997625,0.093,-0.003,0.193,0.967,0.446125,0.956375,0.05725,0.0,0.0,0.997625,0.863625,0.0955,0.0,0.446125,0.017625,0.00025,0.0,Negligible,Negligible,Moderate,Negligible,Negligible,Negligible,True,True,False,up,up,none,False,False,False
CD8_T_GENERAL||CD8_Effector_Function_Signature,CD8 T GENERAL,0.151,0.091,0.212,0.99975,0.957125,0.245,0.156,0.33,1.0,0.998,0.095,-0.006,0.188,0.97275,0.45025,0.957125,0.045,0.0,0.0,0.998,0.86775,0.095625,0.0,0.45025,0.017625,0.0005,0.0,Negligible,Negligible,Moderate,Negligible,Negligible,Negligible,True,True,False,up,up,none,False,False,False
CD8_T_GENERAL||CD8_Metabolic_Programming_Signature,CD8 T GENERAL,0.153,0.093,0.214,0.999875,0.963375,0.248,0.158,0.328,1.0,0.997875,0.095,-0.0,0.19,0.97675,0.458125,0.963375,0.05875,0.000375,0.0,0.997875,0.882375,0.103125,0.000125,0.458125,0.020625,0.0005,0.0,Negligible,Negligible,Moderate,Negligible,Negligible,Negligible,True,True,False,up,up,none,False,False,False
CD8_T_GENERAL||CD8_Tissue_Homing_Signature,CD8 T GENERAL,0.151,0.092,0.212,0.99975,0.9585,0.246,0.156,0.334,1.0,0.99725,0.095,-0.0,0.193,0.973625,0.455375,0.9585,0.0515,0.000125,0.0,0.99725,0.871625,0.09925,0.0,0.455375,0.019125,0.0005,0.0,Negligible,Negligible,Moderate,Negligible,Negligible,Negligible,True,True,False,up,up,none,False,False,False
CD8_T_GENERAL||Cellular_Stress_Response_Signature,CD8 T GENERAL,0.151,0.089,0.21,1.0,0.954625,0.247,0.155,0.335,0.999875,0.997375,0.095,0.0,0.191,0.976,0.457375,0.954625,0.04825,0.000125,0.0,0.997375,0.8745,0.100375,0.0,0.457375,0.01925,0.0005,0.0,Negligible,Negligible,Moderate,Negligible,Negligible,Negligible,True,True,False,up,up,none,False,False,False
CD8_T_GENERAL||Chronic_Activation_Signature,CD8 T GENERAL,0.153,0.091,0.214,0.99975,0.96025,0.246,0.161,0.333,0.99975,0.997625,0.093,-0.006,0.184,0.9705,0.440375,0.96025,0.058125,0.000375,0.0,0.997625,0.87,0.097375,0.0,0.440375,0.016,0.0005,0.0,Negligible,Negligible,Moderate,Negligible,Negligible,Negligible,True,True,False,up,up,none,False,False,False
CD8_T_GENERAL||Complement_Activation_Signature,CD8 T GENERAL,0.152,0.089,0.213,1.0,0.956875,0.247,0.163,0.336,0.999875,0.9975,0.096,-0.003,0.19,0.97275,0.4535,0.956875,0.052875,0.000125,0.0,0.9975,0.877,0.10325,0.0,0.4535,0.01875,0.000125,0.0,Negligible,Negligible,Moderate,Negligible,Negligible,Negligible,True,True,False,up,up,none,False,False,False
CD8_T_GENERAL||Costimulation_Signature,CD8 T GENERAL,0.153,0.09,0.213,0.99975,0.960875,0.247,0.158,0.334,0.99975,0.997375,0.094,-0.004,0.194,0.969375,0.4545,0.960875,0.058,0.000625,0.0,0.997375,0.877125,0.098875,0.000125,0.4545,0.019625,0.00025,0.0,Negligible,Negligible,Moderate,Negligible,Negligible,Negligible,True,True,False,up,up,none,False,False,False
CD8_T_GENERAL||ER_Stress_Response_Signature,CD8 T GENERAL,0.15,0.087,0.209,0.99975,0.95025,0.248,0.157,0.335,0.999875,0.998,0.098,0.005,0.2,0.975625,0.4775,0.95025,0.045875,0.0,0.0,0.998,0.884875,0.105,0.0,0.4775,0.02175,0.000875,0.0,Negligible,Negligible,Moderate,Negligible,Negligible,Negligible,True,True,True,up,up,up,False,False,False
CD8_T_GENERAL||Effector_Differentiation_Signature,CD8 T GENERAL,0.153,0.092,0.215,0.999875,0.96075,0.246,0.162,0.335,1.0,0.99775,0.093,-0.003,0.19,0.96975,0.436125,0.96075,0.058875,0.00025,0.0,0.99775,0.869,0.0965,0.0,0.436125,0.01775,0.00025,0.0,Negligible,Negligible,Moderate,Negligible,Negligible,Negligible,True,True,False,up,up,none,False,False,False
CD8_T_GENERAL||Energy_Sensing_Signature,CD8 T GENERAL,0.152,0.094,0.216,1.0,0.958875,0.247,0.157,0.333,1.0,0.9975,0.095,-0.001,0.192,0.972875,0.4585,0.958875,0.057875,0.000125,0.0,0.9975,0.878375,0.103875,0.0,0.4585,0.01825,0.000625,0.0,Negligible,Negligible,Moderate,Negligible,Negligible,Negligible,True,True,False,up,up,none,False,False,False
CD8_T_GENERAL||Fatty_Acid_Oxidation_Signature,CD8 T GENERAL,0.152,0.093,0.214,1.0,0.960375,0.247,0.162,0.328,1.0,0.997625,0.095,0.003,0.191,0.975375,0.45925,0.960375,0.053,0.000125,0.0,0.997625,0.88175,0.097625,0.000125,0.45925,0.01675,0.000375,0.0,Negligible,Negligible,Moderate,Negligible,Negligible,Negligible,True,True,True,up,up,up,False,False,False
CD8_T_GENERAL||Glycolysis_Signature,CD8 T GENERAL,0.153,0.091,0.211,0.99975,0.964,0.249,0.159,0.334,1.0,0.998375,0.096,0.0,0.195,0.975375,0.45125,0.964,0.05575,0.000375,0.0,0.998375,0.882625,0.110125,0.0,0.45125,0.022,0.000125,0.0,Negligible,Negligible,Moderate,Negligible,Negligible,Negligible,True,True,False,up,up,none,False,False,False
CD8_T_GENERAL||Hypoxia_Response_Signature,CD8 T GENERAL,0.151,0.09,0.213,0.9995,0.953875,0.25,0.17,0.343,1.0,0.9985,0.099,0.002,0.199,0.977875,0.483125,0.953875,0.050375,0.000375,0.0,0.9985,0.8935,0.10925,0.0,0.483125,0.026,0.00075,0.0,Negligible,Negligible,Moderate,Negligible,Negligible,Negligible,True,True,True,up,up,up,False,False,False
CD8_T_GENERAL||Immune_Checkpoint_Upregulation_Signature,CD8 T GENERAL,0.151,0.092,0.212,0.999625,0.958875,0.246,0.158,0.33,0.999875,0.996375,0.094,0.001,0.192,0.97275,0.456625,0.958875,0.0525,0.000125,0.0,0.996375,0.875,0.091375,0.0,0.456625,0.016125,0.0005,0.0,Negligible,Negligible,Moderate,Negligible,Negligible,Negligible,True,True,True,up,up,up,False,False,False
CD8_T_GENERAL||Immunosenescence_Signature,CD8 T GENERAL,0.153,0.092,0.213,1.0,0.961875,0.246,0.161,0.332,0.999875,0.997125,0.093,-0.001,0.191,0.97275,0.441875,0.961875,0.05775,0.000375,0.0,0.997125,0.87125,0.0925,0.0,0.441875,0.0165,0.000125,0.0,Negligible,Negligible,Moderate,Negligible,Negligible,Negligible,True,True,False,up,up,none,False,False,False
CD8_T_GENERAL||Inflammatory_Response_Signature,CD8 T GENERAL,0.15,0.092,0.212,0.999625,0.95225,0.249,0.167,0.336,0.99975,0.9985,0.098,0.008,0.198,0.980125,0.479625,0.95225,0.046125,0.000375,0.0,0.9985,0.88725,0.105,0.0,0.479625,0.0215,0.000125,0.0,Negligible,Negligible,Moderate,Negligible,Negligible,Negligible,True,True,True,up,up,up,False,False,False
CD8_T_GENERAL||Lipid_Metabolism_Signature,CD8 T GENERAL,0.155,0.094,0.215,1.0,0.967,0.247,0.162,0.33,0.99975,0.997375,0.092,-0.002,0.19,0.968875,0.43375,0.967,0.067,0.00075,0.0,0.997375,0.877875,0.098125,0.0,0.43375,0.01575,0.000375,0.0,Negligible,Negligible,Moderate,Negligible,Negligible,Negligible,True,True,False,up,up,none,False,False,False
CD8_T_GENERAL||Lipid_Peroxidation_Damage_Signature,CD8 T GENERAL,0.153,0.093,0.217,0.99975,0.96,0.248,0.162,0.334,1.0,0.998375,0.095,-0.001,0.189,0.9745,0.462625,0.96,0.058375,0.0,0.0,0.998375,0.882875,0.10025,0.0,0.462625,0.0175,0.0005,0.0,Negligible,Negligible,Moderate,Negligible,Negligible,Negligible,True,True,False,up,up,none,False,False,False
CD8_T_GENERAL||MHC_I_Recognition_Signature,CD8 T GENERAL,0.151,0.092,0.214,0.99975,0.95325,0.248,0.16,0.335,1.0,0.9985,0.097,-0.0,0.193,0.9765,0.47175,0.95325,0.04725,0.0,0.0,0.9985,0.878,0.105625,0.0,0.47175,0.021625,0.0005,0.0,Negligible,Negligible,Moderate,Negligible,Negligible,Negligible,True,True,False,up,up,none,False,False,False
CD8_T_GENERAL||Memory_Formation_Signature,CD8 T GENERAL,0.152,0.092,0.216,1.0,0.955375,0.248,0.163,0.334,1.0,0.99875,0.095,-0.008,0.186,0.973375,0.459875,0.955375,0.057125,0.000125,0.0,0.99875,0.87925,0.0985,0.000125,0.459875,0.019,0.000125,0.0,Negligible,Negligible,Moderate,Negligible,Negligible,Negligible,True,True,False,up,up,none,False,False,False
CD8_T_GENERAL||Microbiome_Response_Signature,CD8 T GENERAL,0.152,0.091,0.212,0.999875,0.954375,0.249,0.156,0.33,1.0,0.99825,0.097,0.004,0.195,0.97875,0.477125,0.954375,0.051375,0.000375,0.0,0.99825,0.88925,0.102125,0.00025,0.477125,0.01925,0.000625,0.0,Negligible,Negligible,Moderate,Negligible,Negligible,Negligible,True,True,True,up,up,up,False,False,False
CD8_T_GENERAL||Mitochondrial_Function_Signature,CD8 T GENERAL,0.153,0.093,0.213,0.99975,0.962875,0.247,0.16,0.329,1.0,0.997875,0.094,-0.001,0.188,0.97375,0.447125,0.962875,0.05625,0.000375,0.0,0.997875,0.8785,0.09725,0.0,0.447125,0.018125,0.000125,0.0,Negligible,Negligible,Moderate,Negligible,Negligible,Negligible,True,True,False,up,up,none,False,False,False
CD8_T_GENERAL||NFAT_Signaling_Signature,CD8 T GENERAL,0.151,0.092,0.212,0.99975,0.954875,0.249,0.159,0.337,1.0,0.998,0.098,-0.001,0.198,0.9755,0.475625,0.954875,0.0505,0.0,0.0,0.998,0.886,0.1095,0.000125,0.475625,0.02525,0.00025,0.0,Negligible,Negligible,Moderate,Negligible,Negligible,Negligible,True,True,False,up,up,none,False,False,False
CD8_T_GENERAL||Oxidative_Stress_Response_Signature,CD8 T GENERAL,0.152,0.089,0.212,0.99975,0.956,0.248,0.162,0.336,1.0,0.9985,0.096,-0.004,0.194,0.973625,0.458875,0.956,0.05925,0.00025,0.0,0.9985,0.886375,0.10275,0.0,0.458875,0.0215,0.000375,0.0,Negligible,Negligible,Moderate,Negligible,Negligible,Negligible,True,True,False,up,up,none,False,False,False
CD8_T_GENERAL||Perforin_Granzyme_Pathway_Signature,CD8 T GENERAL,0.152,0.089,0.21,1.0,0.95625,0.244,0.159,0.332,1.0,0.996125,0.092,-0.006,0.19,0.967625,0.43575,0.95625,0.05075,0.0005,0.0,0.996125,0.864625,0.083,0.000125,0.43575,0.015125,0.000375,0.0,Negligible,Negligible,Moderate,Negligible,Negligible,Negligible,True,True,False,up,up,none,False,False,False
CD8_T_GENERAL||Proliferation_Signature,CD8 T GENERAL,0.153,0.094,0.213,0.999875,0.966125,0.246,0.162,0.331,0.999875,0.998375,0.093,0.001,0.193,0.9715,0.42975,0.966125,0.0595,0.000125,0.0,0.998375,0.874625,0.09075,0.0,0.42975,0.015375,0.000125,0.0,Negligible,Negligible,Moderate,Negligible,Negligible,Negligible,True,True,True,up,up,up,False,False,False
CD8_T_GENERAL||Senescence_Signature,CD8 T GENERAL,0.152,0.092,0.212,0.99975,0.95625,0.248,0.161,0.334,1.0,0.997625,0.097,-0.003,0.194,0.97325,0.46875,0.95625,0.050875,0.00025,0.0,0.997625,0.881875,0.103625,0.0,0.46875,0.0215,0.0005,0.0,Negligible,Negligible,Moderate,Negligible,Negligible,Negligible,True,True,False,up,up,none,False,False,False
CD8_T_GENERAL||TCR_Signaling_Signature,CD8 T GENERAL,0.151,0.092,0.217,1.0,0.951125,0.246,0.161,0.333,1.0,0.9975,0.095,-0.004,0.194,0.97125,0.459875,0.951125,0.050875,0.00025,0.0,0.9975,0.8695,0.09525,0.0,0.459875,0.01975,0.00025,0.0,Negligible,Negligible,Moderate,Negligible,Negligible,Negligible,True,True,False,up,up,none,False,False,False
CD8_T_GENERAL||Tissue_Residency_Signature,CD8 T GENERAL,0.151,0.091,0.213,0.999625,0.956125,0.246,0.16,0.329,1.0,0.99775,0.095,0.002,0.192,0.97425,0.45475,0.956125,0.053875,0.000125,0.0,0.99775,0.875125,0.097625,0.0,0.45475,0.01575,0.000125,0.0,Negligible,Negligible,Moderate,Negligible,Negligible,Negligible,True,True,True,up,up,up,False,False,False
CD8_T_GENERAL||Wound_Healing_Support_Signature,CD8 T GENERAL,0.153,0.094,0.216,0.999875,0.966125,0.249,0.161,0.334,1.0,0.998375,0.096,0.001,0.193,0.97525,0.46325,0.966125,0.05975,0.00025,0.0,0.998375,0.889625,0.105625,0.0,0.46325,0.02,0.000375,0.0,Negligible,Negligible,Moderate,Negligible,Negligible,Negligible,True,True,True,up,up,up,False,False,False
CD8_T_GENERAL||mTOR_Signaling_Signature,CD8 T GENERAL,0.151,0.094,0.215,0.999875,0.957375,0.247,0.158,0.332,0.999875,0.9985,0.096,0.001,0.194,0.97725,0.45875,0.957375,0.0505,0.0005,0.0,0.9985,0.879125,0.100125,0.0,0.45875,0.020625,0.00025,0.0,Negligible,Negligible,Moderate,Negligible,Negligible,Negligible,True,True,True,up,up,up,False,False,False
DENDRITIC_CELLS||Adipokine_Signaling_Signature,DENDRITIC CELLS,0.035,-0.031,0.101,0.877375,0.02975,0.011,-0.076,0.1,0.6035,0.035125,-0.024,-0.127,0.07,0.296625,0.06925,0.02975,0.000125,0.0,0.0,0.035125,0.000875,0.0,0.0,0.06925,0.001125,0.00025,0.0,Negligible,Negligible,Negligible,Negligible,Negligible,Negligible,False,False,False,none,none,none,False,False,False
DENDRITIC_CELLS||Apoptosis_Regulation_Signature,DENDRITIC CELLS,0.035,-0.029,0.101,0.875375,0.02975,0.007,-0.079,0.096,0.57725,0.033375,-0.028,-0.128,0.074,0.277125,0.082625,0.02975,0.000375,0.000125,0.0,0.033375,0.001375,0.000125,0.0,0.082625,0.00275,0.00025,0.0,Negligible,Negligible,Negligible,Negligible,Negligible,Negligible,False,False,False,none,none,none,False,False,False
DENDRITIC_CELLS||Autophagy_Regulation_Signature,DENDRITIC CELLS,0.035,-0.036,0.096,0.876875,0.029375,0.01,-0.082,0.098,0.598125,0.03775,-0.025,-0.13,0.072,0.29525,0.072625,0.029375,0.000375,0.0,0.0,0.03775,0.00125,0.0,0.0,0.072625,0.002625,0.0,0.0,Negligible,Negligible,Negligible,Negligible,Negligible,Negligible,False,False,False,none,none,none,False,False,False
DENDRITIC_CELLS||Cell_Proliferation_Signature,DENDRITIC CELLS,0.039,-0.03,0.105,0.902,0.04225,0.005,-0.081,0.096,0.56325,0.031,-0.035,-0.14,0.063,0.231375,0.100125,0.04225,0.001,0.0,0.0,0.031,0.001625,0.0,0.0,0.100125,0.00475,0.000125,0.0,Negligible,Negligible,Negligible,Negligible,Negligible,Negligible,False,False,False,none,none,none,False,False,False
DENDRITIC_CELLS||Chemokine_Production_Signature,DENDRITIC CELLS,0.03,-0.038,0.091,0.846375,0.0175,0.01,-0.079,0.097,0.599625,0.036,-0.019,-0.119,0.079,0.32925,0.06325,0.0175,0.0,0.0,0.0,0.036,0.001125,0.0,0.0,0.06325,0.000625,0.0,0.0,Negligible,Negligible,Negligible,Negligible,Negligible,Negligible,False,False,False,none,none,none,False,False,False
DENDRITIC_CELLS||Complement_Activation_Signature,DENDRITIC CELLS,0.036,-0.029,0.101,0.881375,0.03175,0.006,-0.082,0.094,0.56725,0.032125,-0.03,-0.135,0.067,0.2625,0.08825,0.03175,0.000375,0.0,0.0,0.032125,0.000625,0.000125,0.0,0.08825,0.003,0.000125,0.0,Negligible,Negligible,Negligible,Negligible,Negligible,Negligible,False,False,False,none,none,none,False,False,False
DENDRITIC_CELLS||Costimulation_Signature,DENDRITIC CELLS,0.027,-0.045,0.088,0.828625,0.014625,0.017,-0.069,0.105,0.642625,0.041,-0.011,-0.114,0.087,0.38275,0.054875,0.014625,0.0,0.0,0.0,0.041,0.00225,0.000125,0.0,0.054875,0.00175,0.0,0.0,Negligible,Negligible,Negligible,Negligible,Negligible,Negligible,False,False,False,none,none,none,False,False,False
DENDRITIC_CELLS||Cytokine_Production_Signature,DENDRITIC CELLS,0.032,-0.033,0.097,0.864625,0.021625,0.009,-0.078,0.1,0.5935,0.034875,-0.023,-0.123,0.075,0.29975,0.067375,0.021625,0.0,0.0,0.0,0.034875,0.0015,0.0,0.0,0.067375,0.001875,0.0,0.0,Negligible,Negligible,Negligible,Negligible,Negligible,Negligible,False,False,False,none,none,none,False,False,False
DENDRITIC_CELLS||DNA_Repair_Signature,DENDRITIC CELLS,0.036,-0.031,0.1,0.888875,0.0315,0.005,-0.082,0.095,0.572625,0.032,-0.031,-0.133,0.067,0.256875,0.0875,0.0315,0.000125,0.0,0.0,0.032,0.00125,0.000125,0.0,0.0875,0.003375,0.0005,0.0,Negligible,Negligible,Negligible,Negligible,Negligible,Negligible,False,False,False,none,none,none,False,False,False
DENDRITIC_CELLS||Dendritic_Cell_Identity_Signature,DENDRITIC CELLS,0.037,-0.026,0.103,0.8955,0.031875,0.009,-0.077,0.099,0.58475,0.03525,-0.028,-0.127,0.073,0.274375,0.07975,0.031875,0.000125,0.0,0.0,0.03525,0.00075,0.0,0.0,0.07975,0.001625,0.0,0.0,Negligible,Negligible,Negligible,Negligible,Negligible,Negligible,False,False,False,none,none,none,False,False,False
DENDRITIC_CELLS||ER_Stress_Response_Signature,DENDRITIC CELLS,0.031,-0.035,0.094,0.8585,0.018875,0.008,-0.082,0.095,0.583,0.034,-0.023,-0.131,0.072,0.30675,0.072875,0.018875,0.0,0.0,0.0,0.034,0.000625,0.0,0.0,0.072875,0.00175,0.00025,0.0,Negligible,Negligible,Negligible,Negligible,Negligible,Negligible,False,False,False,none,none,none,False,False,False
DENDRITIC_CELLS||Fatty_Acid_Oxidation_Signature,DENDRITIC CELLS,0.038,-0.029,0.103,0.90075,0.035875,0.011,-0.073,0.104,0.603625,0.039125,-0.026,-0.125,0.076,0.285375,0.078375,0.035875,0.0005,0.0,0.0,0.039125,0.001375,0.0,0.0,0.078375,0.00225,0.0,0.0,Negligible,Negligible,Negligible,Negligible,Negligible,Negligible,False,False,False,none,none,none,False,False,False
DENDRITIC_CELLS||Glycolysis_Signature,DENDRITIC CELLS,0.033,-0.03,0.098,0.865,0.019875,0.008,-0.081,0.097,0.588,0.03375,-0.024,-0.121,0.078,0.29925,0.069125,0.019875,0.0,0.0,0.0,0.03375,0.001125,0.0,0.0,0.069125,0.00175,0.0,0.0,Negligible,Negligible,Negligible,Negligible,Negligible,Negligible,False,False,False,none,none,none,False,False,False
DENDRITIC_CELLS||Hedgehog_Signaling_Signature,DENDRITIC CELLS,0.033,-0.03,0.101,0.871125,0.022625,0.012,-0.069,0.106,0.609125,0.03675,-0.021,-0.127,0.075,0.317,0.066125,0.022625,0.00025,0.0,0.0,0.03675,0.001,0.0,0.0,0.066125,0.001375,0.0,0.0,Negligible,Negligible,Negligible,Negligible,Negligible,Negligible,False,False,False,none,none,none,False,False,False
DENDRITIC_CELLS||Hypoxia_Response_Signature,DENDRITIC CELLS,0.03,-0.038,0.096,0.846375,0.0205,0.013,-0.076,0.108,0.62025,0.044125,-0.017,-0.124,0.085,0.340875,0.064875,0.0205,0.000375,0.0,0.0,0.044125,0.001625,0.0,0.0,0.064875,0.001375,0.0,0.0,Negligible,Negligible,Negligible,Negligible,Negligible,Negligible,False,False,False,none,none,none,False,False,False
DENDRITIC_CELLS||Insulin_Resistance_Signaling_Signature,DENDRITIC CELLS,0.034,-0.027,0.105,0.87125,0.026,0.01,-0.072,0.1,0.594625,0.0355,-0.023,-0.125,0.074,0.304875,0.06575,0.026,0.0,0.0,0.0,0.0355,0.000375,0.0,0.0,0.06575,0.00125,0.000125,0.0,Negligible,Negligible,Negligible,Negligible,Negligible,Negligible,False,False,False,none,none,none,False,False,False
DENDRITIC_CELLS||JAK_STAT_Signaling_Signature,DENDRITIC CELLS,0.033,-0.027,0.097,0.8635,0.018125,0.011,-0.074,0.101,0.59975,0.034375,-0.022,-0.119,0.083,0.312125,0.06425,0.018125,0.000125,0.0,0.0,0.034375,0.0005,0.0,0.0,0.06425,0.0015,0.0,0.0,Negligible,Negligible,Negligible,Negligible,Negligible,Negligible,False,False,False,none,none,none,False,False,False
DENDRITIC_CELLS||Lipid_Metabolism_Signature,DENDRITIC CELLS,0.04,-0.021,0.109,0.9125,0.044125,0.009,-0.079,0.101,0.589625,0.037125,-0.031,-0.127,0.072,0.249625,0.085375,0.044125,0.000375,0.0,0.0,0.037125,0.000875,0.0,0.0,0.085375,0.003375,0.0,0.0,Negligible,Negligible,Negligible,Negligible,Negligible,Negligible,False,False,False,none,none,none,False,False,False
DENDRITIC_CELLS||MAPK_Signaling_Signature,DENDRITIC CELLS,0.034,-0.029,0.099,0.87525,0.023625,0.009,-0.082,0.097,0.59675,0.037625,-0.025,-0.12,0.081,0.292375,0.073,0.023625,0.000125,0.0,0.0,0.037625,0.0005,0.000125,0.0,0.073,0.00175,0.000125,0.0,Negligible,Negligible,Negligible,Negligible,Negligible,Negligible,False,False,False,none,none,none,False,False,False
DENDRITIC_CELLS||MHC_II_Presentation_Signature,DENDRITIC CELLS,0.036,-0.03,0.1,0.882875,0.029125,0.011,-0.068,0.11,0.613,0.03625,-0.025,-0.129,0.074,0.28925,0.073,0.029125,0.000125,0.0,0.0,0.03625,0.001125,0.0,0.0,0.073,0.002125,0.000125,0.0,Negligible,Negligible,Negligible,Negligible,Negligible,Negligible,False,False,False,none,none,none,False,False,False
DENDRITIC_CELLS||MHC_I_Antigen_Processing_Signature,DENDRITIC CELLS,0.035,-0.033,0.1,0.8795,0.029375,0.005,-0.081,0.098,0.55825,0.034125,-0.03,-0.133,0.067,0.261125,0.087125,0.029375,0.000375,0.0,0.0,0.034125,0.000625,0.0,0.0,0.087125,0.00375,0.0,0.0,Negligible,Negligible,Negligible,Negligible,Negligible,Negligible,False,False,False,none,none,none,False,False,False
DENDRITIC_CELLS||Maturation_Signature,DENDRITIC CELLS,0.029,-0.037,0.093,0.836375,0.01625,0.014,-0.068,0.11,0.620625,0.04175,-0.015,-0.109,0.091,0.353625,0.054875,0.01625,0.0,0.0,0.0,0.04175,0.00175,0.0,0.0,0.054875,0.00175,0.0,0.0,Negligible,Negligible,Negligible,Negligible,Negligible,Negligible,False,False,False,none,none,none,False,False,False
DENDRITIC_CELLS||Migration_Signature,DENDRITIC CELLS,0.032,-0.033,0.097,0.864375,0.021,0.01,-0.075,0.101,0.6,0.035125,-0.022,-0.122,0.078,0.309125,0.065875,0.021,0.00025,0.0,0.0,0.035125,0.001625,0.0,0.0,0.065875,0.001875,0.0,0.0,Negligible,Negligible,Negligible,Negligible,Negligible,Negligible,False,False,False,none,none,none,False,False,False
DENDRITIC_CELLS||Mitochondrial_Function_Signature,DENDRITIC CELLS,0.037,-0.028,0.104,0.891375,0.0335,0.01,-0.077,0.097,0.60125,0.033875,-0.027,-0.124,0.074,0.277375,0.0775,0.0335,0.000125,0.0,0.0,0.033875,0.00075,0.0,0.0,0.0775,0.00175,0.0,0.0,Negligible,Negligible,Negligible,Negligible,Negligible,Negligible,False,False,False,none,none,none,False,False,False
DENDRITIC_CELLS||NF_kB_Signaling_Signature,DENDRITIC CELLS,0.033,-0.035,0.096,0.870375,0.023375,0.009,-0.085,0.093,0.589375,0.035125,-0.024,-0.119,0.082,0.300375,0.0685,0.023375,0.00025,0.0,0.0,0.035125,0.00075,0.0,0.0,0.0685,0.001875,0.0,0.0,Negligible,Negligible,Negligible,Negligible,Negligible,Negligible,False,False,False,none,none,none,False,False,False
DENDRITIC_CELLS||Notch_Signaling_Signature,DENDRITIC CELLS,0.033,-0.034,0.097,0.8715,0.024875,0.009,-0.083,0.096,0.586875,0.03675,-0.025,-0.123,0.077,0.296375,0.0695,0.024875,0.0,0.0,0.0,0.03675,0.001125,0.0,0.0,0.0695,0.0015,0.0,0.0,Negligible,Negligible,Negligible,Negligible,Negligible,Negligible,False,False,False,none,none,none,False,False,False
DENDRITIC_CELLS||Oxidative_Stress_Response_Signature,DENDRITIC CELLS,0.035,-0.034,0.097,0.878,0.029375,0.01,-0.081,0.098,0.602875,0.036125,-0.025,-0.124,0.078,0.29025,0.0745,0.029375,0.0,0.0,0.0,0.036125,0.001125,0.000125,0.0,0.0745,0.002125,0.000125,0.0,Negligible,Negligible,Negligible,Negligible,Negligible,Negligible,False,False,False,none,none,none,False,False,False
DENDRITIC_CELLS||PI3K_AKT_Signaling_Signature,DENDRITIC CELLS,0.034,-0.032,0.1,0.866625,0.0265,0.009,-0.075,0.103,0.5845,0.03525,-0.025,-0.121,0.082,0.296125,0.073875,0.0265,0.00025,0.0,0.0,0.03525,0.001125,0.0,0.0,0.073875,0.002625,0.0,0.0,Negligible,Negligible,Negligible,Negligible,Negligible,Negligible,False,False,False,none,none,none,False,False,False
DENDRITIC_CELLS||Phagocytosis_Signature,DENDRITIC CELLS,0.031,-0.033,0.094,0.85725,0.018,0.01,-0.079,0.096,0.596125,0.0335,-0.021,-0.117,0.084,0.318875,0.066125,0.018,0.00025,0.0,0.0,0.0335,0.00075,0.0,0.0,0.066125,0.000875,0.0,0.0,Negligible,Negligible,Negligible,Negligible,Negligible,Negligible,False,False,False,none,none,none,False,False,False
DENDRITIC_CELLS||Senescence_Signature,DENDRITIC CELLS,0.032,-0.032,0.097,0.85825,0.019125,0.011,-0.076,0.102,0.601,0.03875,-0.021,-0.122,0.081,0.319,0.06825,0.019125,0.000125,0.0,0.0,0.03875,0.001375,0.0,0.0,0.06825,0.001375,0.0,0.0,Negligible,Negligible,Negligible,Negligible,Negligible,Negligible,False,False,False,none,none,none,False,False,False
DENDRITIC_CELLS||TGF_Beta_Signaling_Signature,DENDRITIC CELLS,0.032,-0.037,0.095,0.856375,0.0205,0.009,-0.083,0.095,0.596125,0.036375,-0.022,-0.117,0.084,0.304625,0.06875,0.0205,0.000125,0.0,0.0,0.036375,0.001125,0.000125,0.0,0.06875,0.001875,0.0,0.0,Negligible,Negligible,Negligible,Negligible,Negligible,Negligible,False,False,False,none,none,none,False,False,False
DENDRITIC_CELLS||TLR_Signaling_Signature,DENDRITIC CELLS,0.034,-0.031,0.099,0.873875,0.02475,0.005,-0.085,0.093,0.555625,0.034,-0.029,-0.131,0.07,0.266875,0.0795,0.02475,0.000125,0.0,0.0,0.034,0.000625,0.0,0.0,0.0795,0.00275,0.000125,0.0,Negligible,Negligible,Negligible,Negligible,Negligible,Negligible,False,False,False,none,none,none,False,False,False
DENDRITIC_CELLS||Tolerogenic_Programming_Signature,DENDRITIC CELLS,0.031,-0.034,0.095,0.85175,0.019,0.012,-0.077,0.102,0.612875,0.03875,-0.019,-0.121,0.078,0.331875,0.063875,0.019,0.0,0.0,0.0,0.03875,0.000875,0.0,0.0,0.063875,0.00125,0.0,0.0,Negligible,Negligible,Negligible,Negligible,Negligible,Negligible,False,False,False,none,none,none,False,False,False
DENDRITIC_CELLS||Type_I_Interferon_Production_Signature,DENDRITIC CELLS,0.034,-0.027,0.097,0.875375,0.023375,0.006,-0.086,0.093,0.572625,0.033375,-0.029,-0.128,0.069,0.265,0.081125,0.023375,0.000125,0.0,0.0,0.033375,0.001125,0.0,0.0,0.081125,0.001875,0.0,0.0,Negligible,Negligible,Negligible,Negligible,Negligible,Negligible,False,False,False,none,none,none,False,False,False
DENDRITIC_CELLS||Type_I_Interferon_Response_Signature,DENDRITIC CELLS,0.029,-0.04,0.091,0.841875,0.013875,0.003,-0.084,0.095,0.542375,0.033,-0.026,-0.13,0.071,0.293,0.076375,0.013875,0.0,0.0,0.0,0.033,0.001125,0.0,0.0,0.076375,0.002125,0.0,0.0,Negligible,Negligible,Negligible,Negligible,Negligible,Negligible,False,False,False,none,none,none,False,False,False
DENDRITIC_CELLS||Wnt_Signaling_Signature,DENDRITIC CELLS,0.034,-0.035,0.095,0.8705,0.02525,0.011,-0.081,0.095,0.601875,0.036,-0.023,-0.126,0.079,0.298625,0.07325,0.02525,0.0,0.0,0.0,0.036,0.00075,0.0,0.0,0.07325,0.002375,0.0,0.0,Negligible,Negligible,Negligible,Negligible,Negligible,Negligible,False,False,False,none,none,none,False,False,False
DENDRITIC_CELLS||mTOR_Signaling_Signature,DENDRITIC CELLS,0.034,-0.034,0.095,0.87325,0.024,0.008,-0.079,0.097,0.5885,0.036,-0.025,-0.122,0.073,0.288,0.07175,0.024,0.000125,0.0,0.0,0.036,0.001,0.0,0.0,0.07175,0.001625,0.000125,0.0,Negligible,Negligible,Negligible,Negligible,Negligible,Negligible,False,False,False,none,none,none,False,False,False
DENDRITIC_CELLS||p53_Pathway_Signature,DENDRITIC CELLS,0.033,-0.034,0.096,0.864125,0.022875,0.009,-0.078,0.103,0.582625,0.037,-0.024,-0.124,0.081,0.29875,0.071875,0.022875,0.0,0.0,0.0,0.037,0.00075,0.000125,0.0,0.071875,0.002,0.0,0.0,Negligible,Negligible,Negligible,Negligible,Negligible,Negligible,False,False,False,none,none,none,False,False,False
MONOCYTES||Adipose_Signaling_Signature,MONOCYTES,-0.094,-0.16,-0.02,0.0155,0.454125,-0.147,-0.232,-0.06,0.002625,0.87925,-0.053,-0.156,0.049,0.12725,0.1645,0.454125,0.001625,0.0,0.0,0.87925,0.096625,0.001625,0.0,0.1645,0.006375,0.000125,0.0,Negligible,Negligible,Negligible,Negligible,Negligible,Negligible,True,True,False,down,down,none,False,False,False
MONOCYTES||Angiogenesis_Regulation_Signature,MONOCYTES,-0.105,-0.176,-0.039,0.004,0.57025,-0.147,-0.233,-0.058,0.003125,0.88125,-0.041,-0.141,0.057,0.180625,0.111875,0.57025,0.008625,0.000125,0.0,0.88125,0.091375,0.001625,0.0,0.111875,0.0035,0.00025,0.0,Negligible,Negligible,Negligible,Negligible,Negligible,Negligible,True,True,False,down,down,none,False,False,False
MONOCYTES||Autophagy_Regulation_Signature,MONOCYTES,-0.105,-0.17,-0.037,0.003625,0.55775,-0.151,-0.237,-0.061,0.001375,0.900375,-0.046,-0.148,0.054,0.155625,0.131625,0.55775,0.006875,0.00025,0.0,0.900375,0.110875,0.002625,0.0,0.131625,0.004625,0.000125,0.0,Negligible,Negligible,Negligible,Negligible,Negligible,Negligible,True,True,False,down,down,none,False,False,False
MONOCYTES||Cellular_Stress_Response_Signature,MONOCYTES,-0.103,-0.172,-0.034,0.005125,0.541125,-0.151,-0.239,-0.063,0.001625,0.902625,-0.049,-0.155,0.046,0.14775,0.1445,0.541125,0.0075,0.0,0.0,0.902625,0.1195,0.003625,0.0,0.1445,0.006,0.0,0.0,Negligible,Negligible,Negligible,Negligible,Negligible,Negligible,True,True,False,down,down,none,False,False,False
MONOCYTES||Checkpoint_Ligand_Expression_Signature,MONOCYTES,-0.104,-0.175,-0.041,0.0045,0.55,-0.149,-0.239,-0.065,0.002875,0.890125,-0.045,-0.146,0.055,0.15875,0.12275,0.55,0.007875,0.0005,0.0,0.890125,0.09925,0.002125,0.0,0.12275,0.004625,0.0,0.0,Negligible,Negligible,Negligible,Negligible,Negligible,Negligible,True,True,False,down,down,none,False,False,False
MONOCYTES||Chemokine_Production_Signature,MONOCYTES,-0.109,-0.181,-0.041,0.001625,0.596125,-0.147,-0.234,-0.062,0.002,0.884375,-0.038,-0.142,0.06,0.199375,0.10575,0.596125,0.014875,0.000375,0.0,0.884375,0.09325,0.001875,0.0,0.10575,0.002375,0.0,0.0,Negligible,Negligible,Negligible,Negligible,Negligible,Negligible,True,True,False,down,down,none,False,False,False
MONOCYTES||Cholesterol_Handling_Signature,MONOCYTES,-0.102,-0.165,-0.031,0.0045,0.527625,-0.148,-0.239,-0.061,0.003,0.874625,-0.046,-0.145,0.061,0.1645,0.132125,0.527625,0.005375,0.000125,0.0,0.874625,0.1005,0.00275,0.0,0.132125,0.003875,0.0,0.0,Negligible,Negligible,Negligible,Negligible,Negligible,Negligible,True,True,False,down,down,none,False,False,False
MONOCYTES||Complement_Activation_Signature,MONOCYTES,-0.1,-0.165,-0.033,0.005375,0.513125,-0.151,-0.235,-0.064,0.00125,0.903375,-0.051,-0.146,0.05,0.130875,0.1435,0.513125,0.004375,0.0,0.0,0.903375,0.11175,0.003625,0.0,0.1435,0.006125,0.000375,0.0,Negligible,Negligible,Negligible,Negligible,Negligible,Negligible,True,True,False,down,down,none,False,False,False
MONOCYTES||Complement_Receptor_Signaling_Signature,MONOCYTES,-0.105,-0.174,-0.036,0.003875,0.563625,-0.146,-0.23,-0.06,0.003625,0.8775,-0.041,-0.145,0.058,0.18225,0.1125,0.563625,0.007125,0.000125,0.0,0.8775,0.09,0.00225,0.0,0.1125,0.003,0.0,0.0,Negligible,Negligible,Negligible,Negligible,Negligible,Negligible,True,True,False,down,down,none,False,False,False
MONOCYTES||Danger_Signal_Recognition_Signature,MONOCYTES,-0.103,-0.166,-0.034,0.0045,0.546625,-0.151,-0.237,-0.065,0.002,0.89975,-0.047,-0.141,0.054,0.147125,0.131875,0.546625,0.006,0.0,0.0,0.89975,0.10975,0.004,0.0,0.131875,0.00475,0.000375,0.0,Negligible,Negligible,Negligible,Negligible,Negligible,Negligible,True,True,False,down,down,none,False,False,False
MONOCYTES||ER_Stress_Response_Signature,MONOCYTES,-0.108,-0.176,-0.04,0.0015,0.59175,-0.151,-0.243,-0.068,0.002,0.899625,-0.043,-0.144,0.058,0.17525,0.12125,0.59175,0.0115,0.00025,0.0,0.899625,0.113125,0.00325,0.0,0.12125,0.003625,0.0005,0.0,Negligible,Negligible,Negligible,Negligible,Negligible,Negligible,True,True,False,down,down,none,False,False,False
MONOCYTES||Efferocytosis_Activity_Signature,MONOCYTES,-0.098,-0.163,-0.027,0.0105,0.501125,-0.15,-0.234,-0.066,0.002375,0.891125,-0.051,-0.154,0.045,0.14225,0.1495,0.501125,0.002875,0.0,0.0,0.891125,0.10675,0.00225,0.000125,0.1495,0.005125,0.000375,0.0,Negligible,Negligible,Negligible,Negligible,Negligible,Negligible,True,True,False,down,down,none,False,False,False
MONOCYTES||Epigenetic_Dysregulation_Signature,MONOCYTES,-0.105,-0.172,-0.037,0.002375,0.555625,-0.151,-0.238,-0.062,0.002125,0.896625,-0.046,-0.145,0.055,0.1605,0.131625,0.555625,0.00875,0.000125,0.0,0.896625,0.115875,0.00275,0.0,0.131625,0.00575,0.000125,0.0,Negligible,Negligible,Negligible,Negligible,Negligible,Negligible,True,True,False,down,down,none,False,False,False
MONOCYTES||Fatty_Acid_Oxidation_Signature,MONOCYTES,-0.098,-0.162,-0.027,0.009375,0.494375,-0.148,-0.233,-0.064,0.002125,0.883625,-0.05,-0.145,0.056,0.140125,0.148375,0.494375,0.002375,0.0,0.0,0.883625,0.099,0.00175,0.0,0.148375,0.006,0.0,0.0,Negligible,Negligible,Negligible,Negligible,Negligible,Negligible,True,True,False,down,down,none,False,False,False
MONOCYTES||Glucose_Fatty_Acid_Cycle_Signature,MONOCYTES,-0.096,-0.164,-0.03,0.011375,0.475625,-0.148,-0.234,-0.06,0.003125,0.881125,-0.051,-0.15,0.057,0.139625,0.15825,0.475625,0.00275,0.0,0.0,0.881125,0.10325,0.001875,0.0,0.15825,0.00575,0.00025,0.0,Negligible,Negligible,Negligible,Negligible,Negligible,Negligible,True,True,False,down,down,none,False,False,False
MONOCYTES||Glycolysis_Signature,MONOCYTES,-0.101,-0.167,-0.033,0.006625,0.5385,-0.147,-0.23,-0.054,0.001625,0.8785,-0.046,-0.146,0.048,0.162,0.1285,0.5385,0.004125,0.0,0.0,0.8785,0.099625,0.001625,0.0,0.1285,0.0025,0.0,0.0,Negligible,Negligible,Negligible,Negligible,Negligible,Negligible,True,True,False,down,down,none,False,False,False
MONOCYTES||Hypoxia_Response_Signature,MONOCYTES,-0.103,-0.168,-0.034,0.005,0.548625,-0.144,-0.229,-0.054,0.003375,0.868125,-0.041,-0.144,0.058,0.190625,0.11275,0.548625,0.006125,0.000125,0.0,0.868125,0.087375,0.002,0.0,0.11275,0.003875,0.0,0.0,Negligible,Negligible,Negligible,Negligible,Negligible,Negligible,True,True,False,down,down,none,False,False,False
MONOCYTES||Immunosenescence_Signature,MONOCYTES,-0.101,-0.172,-0.037,0.00575,0.5265,-0.14,-0.227,-0.045,0.006125,0.841125,-0.039,-0.134,0.074,0.198625,0.1085,0.5265,0.004,0.0,0.0,0.841125,0.073875,0.000375,0.0,0.1085,0.001625,0.0,0.0,Negligible,Negligible,Negligible,Negligible,Negligible,Negligible,True,True,False,down,down,none,False,False,False
MONOCYTES||Inflammasome_Activity_Signature,MONOCYTES,-0.102,-0.169,-0.035,0.00475,0.534125,-0.149,-0.239,-0.062,0.002,0.887,-0.047,-0.15,0.053,0.159375,0.137875,0.534125,0.006375,0.00025,0.0,0.887,0.108,0.004,0.0,0.137875,0.006,0.00025,0.0,Negligible,Negligible,Negligible,Negligible,Negligible,Negligible,True,True,False,down,down,none,False,False,False
MONOCYTES||Inflammatory_Response_Signature,MONOCYTES,-0.107,-0.172,-0.038,0.00275,0.5845,-0.146,-0.229,-0.057,0.003,0.875,-0.039,-0.13,0.072,0.192375,0.103,0.5845,0.010375,0.000375,0.0,0.875,0.088375,0.000625,0.0,0.103,0.002125,0.0,0.0,Negligible,Negligible,Negligible,Negligible,Negligible,Negligible,True,True,False,down,down,none,False,False,False
MONOCYTES||Insulin_Resistance_Signaling,MONOCYTES,-0.104,-0.173,-0.041,0.003375,0.55725,-0.149,-0.234,-0.064,0.00175,0.88975,-0.044,-0.142,0.054,0.16725,0.1165,0.55725,0.005625,0.0,0.0,0.88975,0.099125,0.001625,0.0,0.1165,0.004125,0.000125,0.0,Negligible,Negligible,Negligible,Negligible,Negligible,Negligible,True,True,False,down,down,none,False,False,False
MONOCYTES||Lipogenesis_Activity_Signature,MONOCYTES,-0.095,-0.16,-0.016,0.01525,0.47175,-0.149,-0.232,-0.057,0.003,0.89125,-0.053,-0.157,0.052,0.131375,0.1655,0.47175,0.002375,0.000125,0.0,0.89125,0.099625,0.001625,0.0,0.1655,0.0095,0.00075,0.0,Negligible,Negligible,Negligible,Negligible,Negligible,Negligible,True,True,False,down,down,none,False,False,False
MONOCYTES||Lysosomal_Activity_Signature,MONOCYTES,-0.105,-0.17,-0.035,0.002375,0.55975,-0.148,-0.233,-0.06,0.002375,0.879375,-0.043,-0.145,0.055,0.177625,0.117875,0.55975,0.00825,0.0,0.0,0.879375,0.099875,0.002125,0.0,0.117875,0.003375,0.000125,0.0,Negligible,Negligible,Negligible,Negligible,Negligible,Negligible,True,True,False,down,down,none,False,False,False
MONOCYTES||Lysosomal_Biogenesis_Signature,MONOCYTES,-0.107,-0.173,-0.037,0.0025,0.582625,-0.146,-0.229,-0.059,0.0025,0.8825,-0.039,-0.141,0.062,0.194625,0.109,0.582625,0.010875,0.0,0.0,0.8825,0.091125,0.002,0.0,0.109,0.0025,0.0,0.0,Negligible,Negligible,Negligible,Negligible,Negligible,Negligible,True,True,False,down,down,none,False,False,False
MONOCYTES||M1_Polarization_Signature,MONOCYTES,-0.105,-0.171,-0.035,0.0035,0.555375,-0.146,-0.233,-0.063,0.002875,0.875375,-0.041,-0.142,0.059,0.18125,0.114625,0.555375,0.00825,0.000125,0.0,0.875375,0.0855,0.001625,0.0,0.114625,0.004125,0.0,0.0,Negligible,Negligible,Negligible,Negligible,Negligible,Negligible,True,True,False,down,down,none,False,False,False
MONOCYTES||M2_Polarization_Signature,MONOCYTES,-0.096,-0.16,-0.024,0.012625,0.474875,-0.15,-0.238,-0.067,0.001,0.89575,-0.054,-0.152,0.05,0.119375,0.159875,0.474875,0.001625,0.0,0.0,0.89575,0.104625,0.002625,0.0,0.159875,0.007625,0.00025,0.0,Negligible,Negligible,Negligible,Negligible,Negligible,Negligible,True,True,False,down,down,none,False,False,False
MONOCYTES||MHC_II_Antigen_Processing_Signature,MONOCYTES,-0.105,-0.171,-0.036,0.004375,0.558625,-0.148,-0.239,-0.065,0.003375,0.883125,-0.044,-0.141,0.055,0.169375,0.116875,0.558625,0.008,0.0,0.0,0.883125,0.103,0.00325,0.0,0.116875,0.004125,0.000125,0.0,Negligible,Negligible,Negligible,Negligible,Negligible,Negligible,True,True,False,down,down,none,False,False,False
MONOCYTES||MHC_II_Presentation_Signature,MONOCYTES,-0.102,-0.171,-0.035,0.005625,0.5365,-0.144,-0.231,-0.057,0.00475,0.86925,-0.042,-0.145,0.052,0.175625,0.1135,0.5365,0.00625,0.0,0.0,0.86925,0.088125,0.001,0.0,0.1135,0.003,0.0,0.0,Negligible,Negligible,Negligible,Negligible,Negligible,Negligible,True,True,False,down,down,none,False,False,False
MONOCYTES||Matrix_Remodeling_Activity_Signature,MONOCYTES,-0.104,-0.172,-0.038,0.005125,0.554125,-0.146,-0.238,-0.061,0.003625,0.8745,-0.042,-0.14,0.061,0.1795,0.11125,0.554125,0.007375,0.0,0.0,0.8745,0.090375,0.00125,0.0,0.11125,0.002625,0.000125,0.0,Negligible,Negligible,Negligible,Negligible,Negligible,Negligible,True,True,False,down,down,none,False,False,False
MONOCYTES||Microbiome_Response_Signature,MONOCYTES,-0.109,-0.18,-0.043,0.001625,0.5955,-0.15,-0.235,-0.06,0.002,0.891,-0.041,-0.142,0.064,0.185875,0.109875,0.5955,0.012375,0.00025,0.0,0.891,0.10875,0.003875,0.0,0.109875,0.005,0.000125,0.0,Negligible,Negligible,Negligible,Negligible,Negligible,Negligible,True,True,False,down,down,none,False,False,False
MONOCYTES||Mitochondrial_Function_Signature,MONOCYTES,-0.098,-0.163,-0.03,0.009,0.5,-0.15,-0.235,-0.06,0.001875,0.8955,-0.052,-0.16,0.042,0.128,0.155875,0.5,0.002875,0.0,0.0,0.8955,0.11075,0.003625,0.0,0.155875,0.007125,0.000125,0.0,Negligible,Negligible,Negligible,Negligible,Negligible,Negligible,True,True,False,down,down,none,False,False,False
MONOCYTES||Monocyte_Activation_Signature,MONOCYTES,-0.111,-0.181,-0.042,0.0005,0.616625,-0.141,-0.228,-0.051,0.006875,0.8435,-0.03,-0.127,0.079,0.2535,0.08625,0.616625,0.0155,0.0,0.0,0.8435,0.07225,0.000375,0.0,0.08625,0.001375,0.0,0.0,Negligible,Negligible,Negligible,Negligible,Negligible,Negligible,True,True,False,down,down,none,False,False,False
MONOCYTES||Monocyte_Subset_Plasticity_Signature,MONOCYTES,-0.104,-0.178,-0.04,0.004,0.553625,-0.146,-0.229,-0.057,0.00275,0.876375,-0.042,-0.143,0.054,0.18125,0.1155,0.553625,0.007,0.0,0.0,0.876375,0.086375,0.001375,0.0,0.1155,0.00275,0.0,0.0,Negligible,Negligible,Negligible,Negligible,Negligible,Negligible,True,True,False,down,down,none,False,False,False
MONOCYTES||Oxidative_Stress_Response_Signature,MONOCYTES,-0.102,-0.169,-0.037,0.00525,0.525,-0.149,-0.236,-0.063,0.0025,0.8915,-0.048,-0.152,0.05,0.154375,0.14,0.525,0.005375,0.0,0.0,0.8915,0.109125,0.003125,0.0,0.14,0.004625,0.000125,0.0,Negligible,Negligible,Negligible,Negligible,Negligible,Negligible,True,True,False,down,down,none,False,False,False
MONOCYTES||Phagocytic_Cup_Formation_Signature,MONOCYTES,-0.105,-0.171,-0.034,0.003,0.56475,-0.149,-0.237,-0.065,0.002625,0.888875,-0.044,-0.137,0.06,0.16475,0.12075,0.56475,0.009375,0.0,0.0,0.888875,0.1055,0.0025,0.0,0.12075,0.002875,0.000125,0.0,Negligible,Negligible,Negligible,Negligible,Negligible,Negligible,True,True,False,down,down,none,False,False,False
MONOCYTES||Phagocytosis_Signature,MONOCYTES,-0.105,-0.172,-0.038,0.003375,0.562,-0.146,-0.234,-0.06,0.003,0.87525,-0.041,-0.137,0.063,0.18425,0.109625,0.562,0.008125,0.000125,0.0,0.87525,0.085375,0.001875,0.0,0.109625,0.003125,0.000125,0.0,Negligible,Negligible,Negligible,Negligible,Negligible,Negligible,True,True,False,down,down,none,False,False,False
MONOCYTES||Senescence_Signature,MONOCYTES,-0.104,-0.169,-0.038,0.004125,0.559875,-0.147,-0.232,-0.057,0.002875,0.88275,-0.043,-0.143,0.056,0.171625,0.113375,0.559875,0.007,0.0,0.0,0.88275,0.095375,0.0025,0.0,0.113375,0.005375,0.0,0.0,Negligible,Negligible,Negligible,Negligible,Negligible,Negligible,True,True,False,down,down,none,False,False,False
MONOCYTES||TLR_Signaling_Signature,MONOCYTES,-0.105,-0.17,-0.039,0.002,0.569,-0.155,-0.245,-0.069,0.000375,0.90975,-0.049,-0.152,0.051,0.143,0.138625,0.569,0.007625,0.0,0.0,0.90975,0.129,0.006625,0.0,0.138625,0.00625,0.000375,0.0,Negligible,Negligible,Negligible,Negligible,Negligible,Negligible,True,True,False,down,down,none,False,False,False
MONOCYTES||Wound_Healing_Support_Signature,MONOCYTES,-0.102,-0.169,-0.03,0.00625,0.528875,-0.146,-0.228,-0.056,0.002375,0.87075,-0.044,-0.141,0.056,0.167875,0.120625,0.528875,0.007125,0.000125,0.0,0.87075,0.090875,0.00175,0.0,0.120625,0.00375,0.0,0.0,Negligible,Negligible,Negligible,Negligible,Negligible,Negligible,True,True,False,down,down,none,False,False,False
MONOCYTES||mTOR_Activation_Signature,MONOCYTES,-0.104,-0.172,-0.037,0.00375,0.554625,-0.154,-0.239,-0.063,0.001125,0.90825,-0.049,-0.157,0.047,0.147875,0.144125,0.554625,0.007,0.000125,0.0,0.90825,0.122375,0.00575,0.0,0.144125,0.005625,0.000375,0.0,Negligible,Negligible,Negligible,Negligible,Negligible,Negligible,True,True,False,down,down,none,False,False,False
NK_CELLS||ADCC_Function_Signature,NK CELLS,0.131,0.071,0.194,0.99925,0.863875,-0.085,-0.168,-0.004,0.02825,0.35375,-0.216,-0.308,-0.118,0.000125,0.986125,0.863875,0.01525,0.0,0.0,0.35375,0.00425,0.0,0.0,0.986125,0.663875,0.03275,0.0,Negligible,Negligible,Negligible,Negligible,Weak,Negligible,True,True,True,up,down,down,False,False,False
NK_CELLS||Adipokine_Signaling_Signature,NK CELLS,0.134,0.075,0.199,0.99975,0.882875,-0.089,-0.169,-0.008,0.0205,0.387375,-0.223,-0.315,-0.125,0.000125,0.991125,0.882875,0.022875,0.000125,0.0,0.387375,0.00675,0.00025,0.0,0.991125,0.701875,0.048875,0.000125,Negligible,Negligible,Negligible,Negligible,Weak,Negligible,True,True,True,up,down,down,False,False,False
NK_CELLS||Angiogenesis_Regulation_Signature,NK CELLS,0.131,0.069,0.194,0.999,0.871125,-0.089,-0.174,-0.007,0.022875,0.383875,-0.22,-0.315,-0.123,0.000375,0.9905,0.871125,0.017625,0.00025,0.0,0.383875,0.00825,0.000375,0.0,0.9905,0.691125,0.046,0.0,Negligible,Negligible,Negligible,Negligible,Weak,Negligible,True,True,True,up,down,down,False,False,False
NK_CELLS||Apoptosis_Regulation_Signature,NK CELLS,0.135,0.071,0.196,0.9995,0.889625,-0.092,-0.173,-0.004,0.017375,0.409875,-0.227,-0.328,-0.135,0.000125,0.994,0.889625,0.026375,0.0005,0.0,0.409875,0.010375,0.00025,0.0,0.994,0.733125,0.0595,0.0,Negligible,Negligible,Negligible,Negligible,Weak,Negligible,True,True,True,up,down,down,False,False,False
NK_CELLS||Autophagy_Regulation_Signature,NK CELLS,0.136,0.074,0.197,0.9995,0.895125,-0.093,-0.177,-0.007,0.016875,0.418875,-0.229,-0.325,-0.13,0.0,0.9935,0.895125,0.025875,0.00025,0.0,0.418875,0.011875,0.00025,0.0,0.9935,0.737875,0.065625,0.0,Negligible,Negligible,Negligible,Negligible,Weak,Negligible,True,True,True,up,down,down,False,False,False
NK_CELLS||Cell_Proliferation_Signature,NK CELLS,0.138,0.076,0.204,0.999875,0.90725,-0.095,-0.182,-0.012,0.01375,0.421625,-0.233,-0.334,-0.141,0.0,0.996375,0.90725,0.038,0.00025,0.0,0.421625,0.016375,0.0005,0.0,0.996375,0.765125,0.083125,0.000125,Negligible,Negligible,Negligible,Negligible,Weak,Negligible,True,True,True,up,down,down,False,False,False
NK_CELLS||Cellular_Stress_Response_Signature,NK CELLS,0.132,0.067,0.193,0.999125,0.875875,-0.093,-0.182,-0.015,0.0155,0.41175,-0.225,-0.317,-0.129,0.000125,0.992625,0.875875,0.018875,0.0,0.0,0.41175,0.011375,0.00025,0.0,0.992625,0.721125,0.054625,0.000125,Negligible,Negligible,Negligible,Negligible,Weak,Negligible,True,True,True,up,down,down,False,False,False
NK_CELLS||Complement_Activation_Signature,NK CELLS,0.134,0.073,0.196,0.99975,0.89,-0.095,-0.178,-0.011,0.01225,0.4305,-0.229,-0.321,-0.129,0.00025,0.994625,0.89,0.02275,0.0,0.0,0.4305,0.01175,0.000875,0.0,0.994625,0.742375,0.066875,0.000125,Negligible,Negligible,Negligible,Negligible,Weak,Negligible,True,True,True,up,down,down,False,False,False
NK_CELLS||Cytokine_Production_Signature,NK CELLS,0.125,0.056,0.183,0.99625,0.81925,-0.086,-0.17,-0.001,0.0285,0.351,-0.21,-0.299,-0.102,0.00075,0.979875,0.81925,0.007875,0.0,0.0,0.351,0.005625,0.0,0.0,0.979875,0.615375,0.027625,0.0,Negligible,Negligible,Negligible,Negligible,Weak,Negligible,True,True,True,up,down,down,False,False,False
NK_CELLS||Cytotoxicity_Signature,NK CELLS,0.13,0.068,0.19,0.9985,0.8645,-0.087,-0.173,-0.004,0.026375,0.370125,-0.217,-0.312,-0.119,0.0005,0.985375,0.8645,0.01325,0.000125,0.0,0.370125,0.0065,0.0,0.0,0.985375,0.674125,0.03525,0.0,Negligible,Negligible,Negligible,Negligible,Weak,Negligible,True,True,True,up,down,down,False,False,False
NK_CELLS||DNA_Repair_Signature,NK CELLS,0.137,0.077,0.202,0.99975,0.902875,-0.096,-0.185,-0.016,0.011875,0.4405,-0.233,-0.336,-0.14,0.0,0.99575,0.902875,0.0335,0.00025,0.0,0.4405,0.015125,0.000625,0.0,0.99575,0.76275,0.082625,0.00025,Negligible,Negligible,Negligible,Negligible,Weak,Negligible,True,True,True,up,down,down,False,False,False
NK_CELLS||Degranulation_Signature,NK CELLS,0.134,0.071,0.194,0.999625,0.888875,-0.089,-0.175,-0.008,0.022625,0.39225,-0.223,-0.32,-0.132,0.000375,0.9895,0.888875,0.02075,0.0,0.0,0.39225,0.00575,0.000125,0.0,0.9895,0.707625,0.04625,0.0,Negligible,Negligible,Negligible,Negligible,Weak,Negligible,True,True,True,up,down,down,False,False,False
NK_CELLS||ER_Stress_Response_Signature,NK CELLS,0.131,0.066,0.191,0.999,0.8595,-0.093,-0.173,-0.012,0.013625,0.41825,-0.224,-0.325,-0.134,0.000375,0.990625,0.8595,0.01675,0.0,0.0,0.41825,0.01,0.0,0.0,0.990625,0.7145,0.05225,0.0,Negligible,Negligible,Negligible,Negligible,Weak,Negligible,True,True,True,up,down,down,False,False,False
NK_CELLS||Epigenetic_Silencing_Signature,NK CELLS,0.134,0.071,0.197,0.99925,0.8835,-0.092,-0.177,-0.011,0.016875,0.40525,-0.225,-0.321,-0.131,0.0,0.99325,0.8835,0.0225,0.0,0.0,0.40525,0.007375,0.0,0.0,0.99325,0.714875,0.0555,0.0,Negligible,Negligible,Negligible,Negligible,Weak,Negligible,True,True,True,up,down,down,False,False,False
NK_CELLS||Fatty_Acid_Oxidation_Signature,NK CELLS,0.138,0.074,0.203,0.999625,0.9115,-0.09,-0.178,-0.008,0.02075,0.390125,-0.227,-0.323,-0.128,0.000625,0.993,0.9115,0.03575,0.00025,0.0,0.390125,0.008875,0.000125,0.0,0.993,0.73525,0.06525,0.000125,Negligible,Negligible,Negligible,Negligible,Weak,Negligible,True,True,True,up,down,down,False,False,False
NK_CELLS||Glycolysis_Signature,NK CELLS,0.133,0.073,0.197,0.998875,0.876375,-0.09,-0.17,-0.005,0.019,0.391875,-0.223,-0.323,-0.13,0.000375,0.98975,0.876375,0.02025,0.0,0.0,0.391875,0.0075,0.000125,0.0,0.98975,0.698125,0.05,0.0,Negligible,Negligible,Negligible,Negligible,Weak,Negligible,True,True,True,up,down,down,False,False,False
NK_CELLS||Hedgehog_Signaling_Signature,NK CELLS,0.132,0.073,0.2,0.998875,0.86525,-0.087,-0.172,-0.007,0.025875,0.37825,-0.219,-0.312,-0.122,0.00025,0.987125,0.86525,0.01625,0.000125,0.0,0.37825,0.005375,0.0,0.0,0.987125,0.6745,0.039875,0.0,Negligible,Negligible,Negligible,Negligible,Weak,Negligible,True,True,True,up,down,down,False,False,False
NK_CELLS||Hypoxia_Response_Signature,NK CELLS,0.132,0.068,0.192,0.9995,0.876125,-0.087,-0.169,-0.003,0.02525,0.3705,-0.219,-0.312,-0.122,0.0005,0.988125,0.876125,0.01725,0.0,0.0,0.3705,0.005375,0.000125,0.0,0.988125,0.6775,0.037,0.0,Negligible,Negligible,Negligible,Negligible,Weak,Negligible,True,True,True,up,down,down,False,False,False
NK_CELLS||Immunosenescence_Signature,NK CELLS,0.13,0.07,0.197,0.9985,0.861875,-0.083,-0.169,0.004,0.0375,0.341125,-0.213,-0.307,-0.113,0.001125,0.97975,0.861875,0.015875,0.000125,0.0,0.341125,0.004,0.000125,0.0,0.97975,0.644875,0.029125,0.0,Negligible,Negligible,Negligible,Negligible,Weak,Negligible,True,False,True,up,none,down,False,False,False
NK_CELLS||Inhibitory_Receptor_Signature,NK CELLS,0.13,0.067,0.189,0.99875,0.863125,-0.087,-0.166,0.002,0.02425,0.366125,-0.217,-0.315,-0.124,0.000375,0.9855,0.863125,0.013,0.0,0.0,0.366125,0.00725,0.0,0.0,0.9855,0.67025,0.03825,0.0,Negligible,Negligible,Negligible,Negligible,Weak,Negligible,True,False,True,up,none,down,False,False,False
NK_CELLS||JAK_STAT_Signaling_Signature,NK CELLS,0.134,0.073,0.199,0.999125,0.8855,-0.091,-0.172,-0.01,0.016125,0.39525,-0.225,-0.323,-0.133,0.0,0.99375,0.8855,0.0245,0.0005,0.0,0.39525,0.009375,0.0,0.0,0.99375,0.721125,0.056125,0.000125,Negligible,Negligible,Negligible,Negligible,Weak,Negligible,True,True,True,up,down,down,False,False,False
NK_CELLS||KIR_Signaling_Signature,NK CELLS,0.132,0.067,0.188,0.998875,0.880875,-0.091,-0.175,-0.006,0.019125,0.39275,-0.223,-0.319,-0.132,0.00025,0.992375,0.880875,0.0155,0.0,0.0,0.39275,0.00875,0.0,0.0,0.992375,0.7085,0.047625,0.0,Negligible,Negligible,Negligible,Negligible,Weak,Negligible,True,True,True,up,down,down,False,False,False
NK_CELLS||Lipid_Metabolism_Signature,NK CELLS,0.14,0.079,0.21,0.99975,0.917125,-0.09,-0.17,-0.011,0.017625,0.392625,-0.23,-0.326,-0.134,0.000125,0.993875,0.917125,0.045875,0.0015,0.0,0.392625,0.006875,0.000125,0.0,0.993875,0.75475,0.069625,0.000125,Negligible,Negligible,Negligible,Negligible,Weak,Negligible,True,True,True,up,down,down,False,False,False
NK_CELLS||Lipid_Peroxidation_Signature,NK CELLS,0.13,0.066,0.194,0.998375,0.848625,-0.088,-0.17,-0.004,0.023875,0.374875,-0.217,-0.309,-0.115,0.00075,0.986375,0.848625,0.015125,0.00025,0.0,0.374875,0.00675,0.00025,0.0,0.986375,0.668875,0.037875,0.0,Negligible,Negligible,Negligible,Negligible,Weak,Negligible,True,True,True,up,down,down,False,False,False
NK_CELLS||MAPK_Signaling_Signature,NK CELLS,0.134,0.076,0.199,0.9995,0.889625,-0.092,-0.178,-0.012,0.015625,0.415125,-0.227,-0.323,-0.135,0.0,0.99375,0.889625,0.02225,0.0,0.0,0.415125,0.01025,0.000375,0.0,0.99375,0.7355,0.056875,0.0,Negligible,Negligible,Negligible,Negligible,Weak,Negligible,True,True,True,up,down,down,False,False,False
NK_CELLS||Microbiome_Response_Signature,NK CELLS,0.129,0.068,0.194,0.997875,0.849875,-0.091,-0.169,-0.005,0.016625,0.3975,-0.22,-0.319,-0.128,0.000125,0.99,0.849875,0.013375,0.000125,0.0,0.3975,0.00725,0.000125,0.0,0.99,0.682875,0.042875,0.0,Negligible,Negligible,Negligible,Negligible,Weak,Negligible,True,True,True,up,down,down,False,False,False
NK_CELLS||Migration_Signature,NK CELLS,0.13,0.07,0.195,0.9985,0.8585,-0.089,-0.171,-0.004,0.022125,0.384375,-0.219,-0.314,-0.123,0.000625,0.98575,0.8585,0.01375,0.0,0.0,0.384375,0.006875,0.0,0.0,0.98575,0.674875,0.038125,0.0,Negligible,Negligible,Negligible,Negligible,Weak,Negligible,True,True,True,up,down,down,False,False,False
NK_CELLS||Mitochondrial_Function_Signature,NK CELLS,0.137,0.078,0.202,0.999875,0.905125,-0.091,-0.174,-0.01,0.01575,0.39475,-0.228,-0.321,-0.131,0.000125,0.9935,0.905125,0.033,0.000375,0.0,0.39475,0.00775,0.00025,0.0,0.9935,0.738625,0.06375,0.0,Negligible,Negligible,Negligible,Negligible,Weak,Negligible,True,True,True,up,down,down,False,False,False
NK_CELLS||NCR_Signature,NK CELLS,0.131,0.065,0.19,0.99925,0.869,-0.086,-0.169,-0.002,0.02625,0.363875,-0.217,-0.314,-0.125,0.00025,0.986625,0.869,0.017125,0.0,0.0,0.363875,0.004875,0.0,0.0,0.986625,0.669375,0.035625,0.0,Negligible,Negligible,Negligible,Negligible,Weak,Negligible,True,True,True,up,down,down,False,False,False
NK_CELLS||NF_kB_Signaling_Signature,NK CELLS,0.133,0.072,0.194,0.999625,0.887125,-0.092,-0.173,-0.006,0.016125,0.406375,-0.225,-0.321,-0.132,0.00025,0.9915,0.887125,0.019,0.000125,0.0,0.406375,0.0095,0.000125,0.0,0.9915,0.721,0.054375,0.000125,Negligible,Negligible,Negligible,Negligible,Weak,Negligible,True,True,True,up,down,down,False,False,False
NK_CELLS||NK_Cell_Exhaustion_Signature,NK CELLS,0.127,0.059,0.187,0.997875,0.8385,-0.085,-0.169,-0.002,0.029875,0.36025,-0.213,-0.306,-0.109,0.0005,0.978875,0.8385,0.010125,0.0,0.0,0.36025,0.004,0.0,0.0,0.978875,0.633125,0.028375,0.0,Negligible,Negligible,Negligible,Negligible,Weak,Negligible,True,True,True,up,down,down,False,False,False
NK_CELLS||NK_Cell_Identity_Signature,NK CELLS,0.129,0.068,0.191,0.99875,0.858375,-0.086,-0.174,-0.003,0.0285,0.362,-0.215,-0.313,-0.12,0.0005,0.983,0.858375,0.010875,0.000125,0.0,0.362,0.006,0.00025,0.0,0.983,0.65225,0.032875,0.0,Negligible,Negligible,Negligible,Negligible,Weak,Negligible,True,True,True,up,down,down,False,False,False
NK_CELLS||NK_Cell_Maturation_Signature,NK CELLS,0.133,0.068,0.192,0.9995,0.882,-0.089,-0.172,-0.009,0.019625,0.38275,-0.222,-0.316,-0.128,0.000625,0.99075,0.882,0.0225,0.0,0.0,0.38275,0.007375,0.000375,0.0,0.99075,0.7015,0.047625,0.0,Negligible,Negligible,Negligible,Negligible,Weak,Negligible,True,True,True,up,down,down,False,False,False
NK_CELLS||NK_Development_Signature,NK CELLS,0.132,0.069,0.192,0.9995,0.8795,-0.091,-0.173,-0.008,0.017375,0.3935,-0.223,-0.316,-0.132,0.0,0.992375,0.8795,0.018125,0.0,0.0,0.3935,0.00925,0.0,0.0,0.992375,0.722125,0.04475,0.0,Negligible,Negligible,Negligible,Negligible,Weak,Negligible,True,True,True,up,down,down,False,False,False
NK_CELLS||Notch_Signaling_Signature,NK CELLS,0.134,0.07,0.192,0.9995,0.888875,-0.092,-0.174,-0.007,0.01625,0.40925,-0.226,-0.324,-0.135,0.0,0.9935,0.888875,0.02125,0.000125,0.0,0.40925,0.010625,0.00025,0.0,0.9935,0.72175,0.05775,0.0,Negligible,Negligible,Negligible,Negligible,Weak,Negligible,True,True,True,up,down,down,False,False,False
NK_CELLS||Oxidative_Stress_Response_Signature,NK CELLS,0.133,0.07,0.193,0.999,0.878,-0.09,-0.175,-0.013,0.020375,0.3995,-0.223,-0.313,-0.131,0.0005,0.991125,0.878,0.0195,0.0,0.0,0.3995,0.00625,0.0,0.0,0.991125,0.70375,0.04475,0.0,Negligible,Negligible,Negligible,Negligible,Weak,Negligible,True,True,True,up,down,down,False,False,False
NK_CELLS||PI3K_AKT_Signaling_Signature,NK CELLS,0.135,0.069,0.196,1.0,0.891,-0.093,-0.173,-0.006,0.01375,0.4165,-0.228,-0.322,-0.136,0.000125,0.99475,0.891,0.0275,0.00025,0.0,0.4165,0.011875,0.000125,0.0,0.99475,0.738,0.063875,0.000125,Negligible,Negligible,Negligible,Negligible,Weak,Negligible,True,True,True,up,down,down,False,False,False
NK_CELLS||Senescence_Signature,NK CELLS,0.132,0.069,0.194,0.99975,0.87225,-0.089,-0.172,-0.007,0.022125,0.382125,-0.22,-0.313,-0.123,0.000125,0.9885,0.87225,0.01775,0.0,0.0,0.382125,0.008,0.0,0.0,0.9885,0.686,0.044375,0.0,Negligible,Negligible,Negligible,Negligible,Weak,Negligible,True,True,True,up,down,down,False,False,False
NK_CELLS||TGF_Beta_Signaling_Signature,NK CELLS,0.133,0.065,0.192,0.999125,0.868625,-0.092,-0.172,-0.007,0.015875,0.402875,-0.224,-0.322,-0.13,0.000125,0.9905,0.868625,0.0205,0.00025,0.0,0.402875,0.009875,0.000375,0.0,0.9905,0.713,0.054875,0.000125,Negligible,Negligible,Negligible,Negligible,Weak,Negligible,True,True,True,up,down,down,False,False,False
NK_CELLS||Tissue_Residency_Signature,NK CELLS,0.129,0.068,0.193,0.9985,0.853125,-0.09,-0.173,-0.007,0.01925,0.3945,-0.219,-0.318,-0.127,0.0,0.98775,0.853125,0.009875,0.0,0.0,0.3945,0.00725,0.0,0.0,0.98775,0.678875,0.040375,0.0,Negligible,Negligible,Negligible,Negligible,Weak,Negligible,True,True,True,up,down,down,False,False,False
NK_CELLS||Type_I_Interferon_Response_Signature,NK CELLS,0.126,0.063,0.19,0.9965,0.833,-0.094,-0.181,-0.014,0.014,0.41825,-0.22,-0.317,-0.12,0.00025,0.987875,0.833,0.00825,0.0,0.0,0.41825,0.01325,0.0005,0.0,0.987875,0.68125,0.04825,0.0,Negligible,Negligible,Negligible,Negligible,Weak,Negligible,True,True,True,up,down,down,False,False,False
NK_CELLS||Wnt_Signaling_Signature,NK CELLS,0.132,0.07,0.194,0.999,0.878,-0.091,-0.172,-0.009,0.01675,0.400375,-0.223,-0.325,-0.133,0.000125,0.990125,0.878,0.01725,0.00025,0.0,0.400375,0.0095,0.00025,0.0,0.990125,0.71175,0.049125,0.000125,Negligible,Negligible,Negligible,Negligible,Weak,Negligible,True,True,True,up,down,down,False,False,False
NK_CELLS||Wound_Healing_Support_Signature,NK CELLS,0.133,0.065,0.193,0.999125,0.877375,-0.088,-0.169,-0.007,0.022,0.3735,-0.221,-0.309,-0.119,0.000125,0.989875,0.877375,0.021875,0.0,0.0,0.3735,0.006875,0.000125,0.0,0.989875,0.6955,0.042875,0.0,Negligible,Negligible,Negligible,Negligible,Weak,Negligible,True,True,True,up,down,down,False,False,False
NK_CELLS||mTOR_Signaling_Signature,NK CELLS,0.137,0.075,0.201,1.0,0.90025,-0.095,-0.177,-0.009,0.01275,0.42525,-0.231,-0.329,-0.141,0.000125,0.994625,0.90025,0.030125,0.000375,0.0,0.42525,0.013375,0.000375,0.0,0.994625,0.754,0.0745,0.000125,Negligible,Negligible,Negligible,Negligible,Weak,Negligible,True,True,True,up,down,down,False,False,False
NK_CELLS||p53_Pathway_Signature,NK CELLS,0.133,0.069,0.196,0.99875,0.8785,-0.09,-0.173,-0.011,0.016625,0.3955,-0.223,-0.32,-0.131,0.000125,0.991125,0.8785,0.023125,0.00025,0.0,0.3955,0.0075,0.0,0.0,0.991125,0.70875,0.0505,0.0,Negligible,Negligible,Negligible,Negligible,Weak,Negligible,True,True,True,up,down,down,False,False,False
T_CELLS||Adipokine_Signaling_Signature,T CELLS,0.116,0.042,0.188,0.995625,0.694125,0.01,-0.087,0.107,0.595625,0.046375,-0.106,-0.213,0.01,0.029875,0.5495,0.694125,0.01775,0.0,0.0,0.046375,0.002,0.000125,0.0,0.5495,0.047,0.001625,0.0,Negligible,Negligible,Negligible,Negligible,Negligible,Negligible,True,False,False,up,none,none,False,False,False
T_CELLS||Apoptosis_Regulation_Signature,T CELLS,0.115,0.044,0.189,0.995875,0.680125,0.008,-0.091,0.106,0.592,0.0495,-0.107,-0.215,0.01,0.03025,0.545625,0.680125,0.01425,0.00025,0.0,0.0495,0.00175,0.0,0.0,0.545625,0.04725,0.002875,0.0,Negligible,Negligible,Negligible,Negligible,Negligible,Negligible,True,False,False,up,none,none,False,False,False
T_CELLS||Autophagy_Regulation_Signature,T CELLS,0.116,0.035,0.186,0.99775,0.687375,0.009,-0.091,0.105,0.594125,0.0495,-0.107,-0.229,-0.001,0.029,0.55125,0.687375,0.0205,0.00025,0.0,0.0495,0.002375,0.00025,0.0,0.55125,0.049,0.002125,0.0,Negligible,Negligible,Negligible,Negligible,Negligible,Negligible,True,False,True,up,none,down,False,False,False
T_CELLS||Cell_Migration_Signature,T CELLS,0.114,0.04,0.188,0.9955,0.664125,0.013,-0.089,0.116,0.612125,0.059875,-0.101,-0.219,0.015,0.043125,0.511375,0.664125,0.0135,0.0,0.0,0.059875,0.002125,0.0,0.0,0.511375,0.041625,0.001375,0.0,Negligible,Negligible,Negligible,Negligible,Negligible,Negligible,True,False,False,up,none,none,False,False,False
T_CELLS||Cell_Proliferation_Signature,T CELLS,0.12,0.047,0.198,0.998,0.71375,0.004,-0.096,0.1,0.562625,0.047625,-0.115,-0.236,-0.007,0.01775,0.60375,0.71375,0.025375,0.0005,0.0,0.047625,0.00175,0.00025,0.0,0.60375,0.0685,0.003625,0.0,Negligible,Negligible,Negligible,Negligible,Negligible,Negligible,True,False,True,up,none,down,False,False,False
T_CELLS||Chemokine_Production_Signature,T CELLS,0.105,0.029,0.178,0.988125,0.593625,0.01,-0.089,0.107,0.60075,0.050125,-0.095,-0.207,0.024,0.049625,0.473375,0.593625,0.00575,0.0,0.0,0.050125,0.001625,0.000125,0.0,0.473375,0.034375,0.00075,0.0,Negligible,Negligible,Negligible,Negligible,Negligible,Negligible,True,False,False,up,none,none,False,False,False
T_CELLS||Chronic_Activation_Signature,T CELLS,0.111,0.038,0.186,0.993375,0.64975,0.015,-0.086,0.115,0.62975,0.054875,-0.096,-0.208,0.019,0.049375,0.48075,0.64975,0.009625,0.0,0.0,0.054875,0.0025,0.000125,0.0,0.48075,0.03225,0.0005,0.0,Negligible,Negligible,Negligible,Negligible,Negligible,Negligible,True,False,False,up,none,none,False,False,False
T_CELLS||Complement_Activation_Signature,T CELLS,0.116,0.037,0.186,0.996875,0.689375,0.004,-0.1,0.099,0.554875,0.05025,-0.112,-0.229,0.002,0.0245,0.57675,0.689375,0.017125,0.000375,0.0,0.05025,0.0015,0.000125,0.0,0.57675,0.0655,0.003875,0.0,Negligible,Negligible,Negligible,Negligible,Negligible,Negligible,True,False,False,up,none,none,False,False,False
T_CELLS||Costimulation_Signature,T CELLS,0.115,0.044,0.188,0.996875,0.676125,0.017,-0.075,0.126,0.640125,0.061375,-0.098,-0.205,0.023,0.046125,0.492375,0.676125,0.014625,0.00025,0.0,0.061375,0.002375,0.000125,0.0,0.492375,0.029875,0.00075,0.0,Negligible,Negligible,Negligible,Negligible,Negligible,Negligible,True,False,False,up,none,none,False,False,False
T_CELLS||Cytotoxic_Function_Signature,T CELLS,0.114,0.04,0.187,0.996875,0.673875,0.009,-0.089,0.11,0.588625,0.050875,-0.105,-0.221,0.008,0.032125,0.53675,0.673875,0.015625,0.000125,0.0,0.050875,0.001875,0.0,0.0,0.53675,0.049875,0.001,0.0,Negligible,Negligible,Negligible,Negligible,Negligible,Negligible,True,False,False,up,none,none,False,False,False
T_CELLS||DNA_Repair_Signature,T CELLS,0.118,0.045,0.194,0.997625,0.696875,0.005,-0.094,0.103,0.5675,0.04825,-0.112,-0.226,0.0,0.021,0.57275,0.696875,0.020875,0.00025,0.0,0.04825,0.00225,0.000125,0.0,0.57275,0.063125,0.003875,0.0,Negligible,Negligible,Negligible,Negligible,Negligible,Negligible,True,False,False,up,none,none,False,False,False
T_CELLS||ER_Stress_Response_Signature,T CELLS,0.113,0.039,0.187,0.994125,0.665375,0.01,-0.091,0.101,0.598,0.0465,-0.103,-0.212,0.015,0.036,0.52425,0.665375,0.013125,0.0,0.0,0.0465,0.0015,0.0,0.0,0.52425,0.04075,0.001,0.0,Negligible,Negligible,Negligible,Negligible,Negligible,Negligible,True,False,False,up,none,none,False,False,False
T_CELLS||Fatty_Acid_Oxidation_Signature,T CELLS,0.122,0.052,0.201,0.99825,0.731875,0.012,-0.085,0.113,0.610625,0.052875,-0.11,-0.232,0.004,0.028375,0.565875,0.731875,0.028375,0.00125,0.0,0.052875,0.00325,0.000125,0.0,0.565875,0.058375,0.00325,0.0,Negligible,Negligible,Negligible,Negligible,Negligible,Negligible,True,False,False,up,none,none,False,False,False
T_CELLS||Glycolysis_Signature,T CELLS,0.111,0.04,0.191,0.994375,0.638625,0.011,-0.085,0.109,0.602375,0.05,-0.1,-0.216,0.015,0.041875,0.505375,0.638625,0.01125,0.000125,0.0,0.05,0.001375,0.0,0.0,0.505375,0.038,0.000875,0.0,Negligible,Negligible,Negligible,Negligible,Negligible,Negligible,True,False,False,up,none,none,False,False,False
T_CELLS||Hypoxia_Response_Signature,T CELLS,0.11,0.035,0.185,0.993,0.634125,0.016,-0.085,0.111,0.633375,0.056,-0.095,-0.213,0.019,0.0535,0.474875,0.634125,0.008375,0.000125,0.0,0.056,0.0025,0.000125,0.0,0.474875,0.02875,0.001,0.0,Negligible,Negligible,Negligible,Negligible,Negligible,Negligible,True,False,False,up,none,none,False,False,False
T_CELLS||Inflammatory_Response_Signature,T CELLS,0.106,0.03,0.182,0.986875,0.605375,0.018,-0.082,0.122,0.646375,0.062875,-0.088,-0.2,0.032,0.06775,0.440625,0.605375,0.00575,0.0,0.0,0.062875,0.00325,0.000125,0.0,0.440625,0.019875,0.000375,0.0,Negligible,Negligible,Negligible,Negligible,Negligible,Negligible,True,False,False,up,none,none,False,False,False
T_CELLS||JAK_STAT_Signaling_Signature,T CELLS,0.116,0.042,0.188,0.996125,0.6905,0.01,-0.088,0.106,0.6025,0.04825,-0.106,-0.212,0.01,0.029,0.5485,0.6905,0.0175,0.0,0.0,0.04825,0.002125,0.00025,0.0,0.5485,0.042875,0.0035,0.0,Negligible,Negligible,Negligible,Negligible,Negligible,Negligible,True,False,False,up,none,none,False,False,False
T_CELLS||Lipid_Metabolism_Signature,T CELLS,0.121,0.054,0.201,0.998125,0.732125,0.009,-0.09,0.103,0.594375,0.047,-0.112,-0.231,-0.004,0.023625,0.583375,0.732125,0.0275,0.00075,0.0,0.047,0.00125,0.0,0.0,0.583375,0.0625,0.0025,0.0,Negligible,Negligible,Negligible,Negligible,Negligible,Negligible,True,False,True,up,none,down,False,False,False
T_CELLS||MAPK_Signaling_Signature,T CELLS,0.116,0.046,0.189,0.996875,0.6845,0.01,-0.084,0.115,0.594125,0.055875,-0.106,-0.219,0.013,0.034375,0.544125,0.6845,0.015625,0.001,0.0,0.055875,0.002,0.0,0.0,0.544125,0.049,0.002125,0.0,Negligible,Negligible,Negligible,Negligible,Negligible,Negligible,True,False,False,up,none,none,False,False,False
T_CELLS||Memory_Formation_Signature,T CELLS,0.113,0.039,0.186,0.994375,0.65875,0.013,-0.085,0.119,0.612375,0.057625,-0.101,-0.216,0.013,0.04175,0.507875,0.65875,0.011875,0.000125,0.0,0.057625,0.00225,0.0,0.0,0.507875,0.03925,0.00125,0.0,Negligible,Negligible,Negligible,Negligible,Negligible,Negligible,True,False,False,up,none,none,False,False,False
T_CELLS||Mitochondrial_Function_Signature,T CELLS,0.12,0.049,0.198,0.997875,0.710375,0.011,-0.094,0.101,0.609625,0.04775,-0.109,-0.219,0.007,0.026875,0.566,0.710375,0.026,0.000625,0.0,0.04775,0.001625,0.0,0.0,0.566,0.052,0.002,0.0,Negligible,Negligible,Negligible,Negligible,Negligible,Negligible,True,False,False,up,none,none,False,False,False
T_CELLS||NF_kB_Signaling_Signature,T CELLS,0.112,0.042,0.189,0.994875,0.65675,0.009,-0.087,0.104,0.587375,0.04675,-0.104,-0.213,0.01,0.031875,0.524,0.65675,0.011375,0.0,0.0,0.04675,0.001625,0.000125,0.0,0.524,0.044,0.001875,0.0,Negligible,Negligible,Negligible,Negligible,Negligible,Negligible,True,False,False,up,none,none,False,False,False
T_CELLS||Oxidative_Stress_Response_Signature,T CELLS,0.114,0.039,0.184,0.996125,0.680375,0.011,-0.095,0.108,0.603375,0.0555,-0.103,-0.218,0.012,0.036875,0.525375,0.680375,0.014,0.000125,0.0,0.0555,0.000875,0.000125,0.0,0.525375,0.044625,0.002375,0.0,Negligible,Negligible,Negligible,Negligible,Negligible,Negligible,True,False,False,up,none,none,False,False,False
T_CELLS||PI3K_AKT_Signaling_Signature,T CELLS,0.116,0.044,0.192,0.9965,0.683875,0.008,-0.093,0.103,0.58675,0.04725,-0.108,-0.216,0.01,0.02775,0.555875,0.683875,0.015375,0.000125,0.0,0.04725,0.00125,0.0,0.0,0.555875,0.051375,0.003125,0.0,Negligible,Negligible,Negligible,Negligible,Negligible,Negligible,True,False,False,up,none,none,False,False,False
T_CELLS||Senescence_Signature,T CELLS,0.111,0.031,0.181,0.993125,0.647,0.012,-0.084,0.11,0.60575,0.04825,-0.099,-0.214,0.01,0.0395,0.50175,0.647,0.0095,0.000125,0.0,0.04825,0.00175,0.000125,0.0,0.50175,0.03375,0.000875,0.0,Negligible,Negligible,Negligible,Negligible,Negligible,Negligible,True,False,False,up,none,none,False,False,False
T_CELLS||TCR_Signaling_Signature,T CELLS,0.116,0.039,0.185,0.997125,0.6865,0.013,-0.089,0.111,0.61025,0.0545,-0.104,-0.213,0.014,0.037,0.5345,0.6865,0.016,0.00025,0.0,0.0545,0.00225,0.000125,0.0,0.5345,0.041875,0.00125,0.0,Negligible,Negligible,Negligible,Negligible,Negligible,Negligible,True,False,False,up,none,none,False,False,False
T_CELLS||T_Cell_Activation_Signature,T CELLS,0.108,0.028,0.181,0.988375,0.623125,0.02,-0.082,0.124,0.65625,0.068875,-0.088,-0.202,0.033,0.06875,0.438375,0.623125,0.00775,0.0,0.0,0.068875,0.00525,0.0005,0.0,0.438375,0.0225,0.000875,0.0,Negligible,Negligible,Negligible,Negligible,Negligible,Negligible,True,False,False,up,none,none,False,False,False
T_CELLS||T_Cell_Identity_Signature,T CELLS,0.115,0.04,0.186,0.996375,0.68375,0.015,-0.086,0.111,0.627,0.055625,-0.101,-0.217,0.01,0.03975,0.51075,0.68375,0.016,0.0,0.0,0.055625,0.00225,0.000125,0.0,0.51075,0.0375,0.000625,0.0,Negligible,Negligible,Negligible,Negligible,Negligible,Negligible,True,False,False,up,none,none,False,False,False
T_CELLS||Type_I_Interferon_Response_Signature,T CELLS,0.106,0.031,0.183,0.98775,0.598,0.002,-0.102,0.098,0.549,0.050375,-0.103,-0.226,0.009,0.038625,0.515625,0.598,0.00575,0.0,0.0,0.050375,0.003625,0.00075,0.0,0.515625,0.048875,0.003625,0.000125,Negligible,Negligible,Negligible,Negligible,Negligible,Negligible,True,False,False,up,none,none,False,False,False
T_CELLS||mTOR_Signaling_Signature,T CELLS,0.119,0.045,0.196,0.997875,0.70525,0.007,-0.089,0.104,0.582375,0.045625,-0.112,-0.22,0.007,0.023,0.58,0.70525,0.024,0.000625,0.0,0.045625,0.001875,0.0,0.0,0.58,0.05675,0.0035,0.0,Negligible,Negligible,Negligible,Negligible,Negligible,Negligible,True,False,False,up,none,none,False,False,False
T_CELLS||p53_Pathway_Signature,T CELLS,0.115,0.037,0.185,0.99625,0.676875,0.009,-0.085,0.112,0.595,0.052,-0.105,-0.215,0.007,0.031,0.543,0.676875,0.0165,0.00025,0.0,0.052,0.0015,0.0,0.0,0.543,0.043875,0.002,0.0,Negligible,Negligible,Negligible,Negligible,Negligible,Negligible,True,False,False,up,none,none,False,False,False
