chain,draw,energy
0,0,30414.689470717774
0,1,30397.301904541113
0,2,30419.635061225697
0,3,30442.55528305761
0,4,30440.78372117316
0,5,30447.80104824124
0,6,30421.116696036363
0,7,30403.191509061482
0,8,30406.91834033866
0,9,30381.98540712788
0,10,30411.711509779485
0,11,30368.308547547986
0,12,30374.606540909812
0,13,30348.150844114873
0,14,30360.6931619622
0,15,30387.993258962193
0,16,30427.15730039488
0,17,30427.00195398213
0,18,30399.48327444032
0,19,30405.444295899182
0,20,30440.4819137729
0,21,30423.96432692568
0,22,30401.79529529624
0,23,30442.990741629255
0,24,30428.49691688488
0,25,30449.83031822068
0,26,30448.93854739215
0,27,30454.431548122568
0,28,30442.249634930726
0,29,30433.30420769279
0,30,30455.496047921253
0,31,30440.95012869654
0,32,30464.6620061196
0,33,30473.299307023357
0,34,30404.066172213912
0,35,30392.042112334642
0,36,30381.820066839155
0,37,30397.21326808208
0,38,30408.822894511122
0,39,30412.110284828414
0,40,30435.645344767116
0,41,30393.982102347494
0,42,30407.844986619046
0,43,30415.324070304312
0,44,30419.02615922611
0,45,30444.310210770105
0,46,30418.02457490194
0,47,30377.853168706595
0,48,30434.293347457893
0,49,30435.084952058754
0,50,30403.047214985174
0,51,30384.02935779794
0,52,30393.415998077246
0,53,30441.524493168134
0,54,30395.88640534942
0,55,30404.351149299586
0,56,30361.96349952345
0,57,30401.812495500446
0,58,30434.549978064315
0,59,30433.768493602383
0,60,30437.49428772929
0,61,30455.8616478865
0,62,30439.25443727115
0,63,30427.945869098017
0,64,30430.245035390642
0,65,30426.633043875194
0,66,30404.844522903197
0,67,30427.449249567882
0,68,30427.675867024587
0,69,30476.86865422488
0,70,30488.36908758856
0,71,30472.722060342658
0,72,30477.45811339926
0,73,30495.30194775716
0,74,30423.051640361293
0,75,30427.148431189737
0,76,30391.974428836304
0,77,30422.308926912843
0,78,30400.78688717738
0,79,30421.578134910433
0,80,30392.085570794283
0,81,30440.50973444385
0,82,30382.16533519941
0,83,30376.689502402554
0,84,30424.096300026467
0,85,30408.512375567454
0,86,30449.650068689545
0,87,30385.580043058748
0,88,30447.51814360123
0,89,30423.158997029383
0,90,30425.55650528422
0,91,30401.05616532937
0,92,30450.337101736808
0,93,30391.14492881573
0,94,30377.07797449828
0,95,30401.751894547073
0,96,30414.25196238129
0,97,30391.259504915426
0,98,30414.789750005228
0,99,30417.649272655275
0,100,30427.215644992346
0,101,30444.651579994686
0,102,30396.548358000557
0,103,30420.321560154625
0,104,30413.808406531705
0,105,30435.3695999802
0,106,30418.008265256907
0,107,30373.7501519567
0,108,30417.69657082444
0,109,30406.813612173668
0,110,30399.6058499483
0,111,30406.683877667234
0,112,30419.310653962046
0,113,30391.77212561334
0,114,30396.05832405163
0,115,30382.60863502351
0,116,30391.70630392034
0,117,30387.34353234043
0,118,30399.707487252832
0,119,30407.086768008066
0,120,30443.173652160087
0,121,30435.240532772626
0,122,30424.520510890092
0,123,30372.860888063165
0,124,30381.121166918932
0,125,30395.871064243165
0,126,30372.17180330308
0,127,30404.11402686275
0,128,30413.54658049822
0,129,30432.48671880966
0,130,30429.317190829348
0,131,30441.2576160523
0,132,30445.100974207624
0,133,30471.58717676796
0,134,30442.11663114415
0,135,30385.628368126145
0,136,30397.003036070306
0,137,30399.16294670215
0,138,30365.853837423063
0,139,30365.910450851257
0,140,30384.58913245167
0,141,30416.01352112772
0,142,30393.652629095188
0,143,30423.8768858584
0,144,30463.1358688386
0,145,30422.5679756797
0,146,30402.520402652113
0,147,30395.834541581025
0,148,30387.282694512993
0,149,30421.063949283183
0,150,30397.643548777192
0,151,30405.61162051872
0,152,30409.889089700904
0,153,30423.994243565194
0,154,30415.060569233607
0,155,30415.785350662605
0,156,30436.885909918874
0,157,30412.35977979409
0,158,30365.77153511937
0,159,30384.261125560355
0,160,30430.166008980745
0,161,30391.67810283793
0,162,30462.317328878395
0,163,30432.154845795394
0,164,30403.136231863537
0,165,30415.210992461012
0,166,30402.953066604692
0,167,30406.330985385957
0,168,30450.319238203676
0,169,30447.555990909103
0,170,30407.974220507025
0,171,30395.90189760935
0,172,30390.382126524106
0,173,30428.230139211784
0,174,30409.11388550346
0,175,30404.90499685897
0,176,30408.338858197014
0,177,30407.84214030132
0,178,30429.16065035456
0,179,30438.777589227804
0,180,30470.012266492216
0,181,30439.573867757063
0,182,30418.73228489277
0,183,30389.48156834979
0,184,30374.43150464947
0,185,30416.396779132232
0,186,30449.967275532556
0,187,30413.499876945356
0,188,30428.72666000099
0,189,30398.125455364432
0,190,30381.28527421598
0,191,30409.402838767415
0,192,30438.434095447432
0,193,30455.949072324962
0,194,30438.423621286296
0,195,30448.41362838909
0,196,30437.266566250848
0,197,30438.072517961424
0,198,30398.935283852534
0,199,30410.007637346112
0,200,30403.910959944635
0,201,30422.252231951294
0,202,30399.719237605543
0,203,30415.26912096061
0,204,30409.774458745236
0,205,30424.682922219556
0,206,30464.198290605633
0,207,30449.22055545793
0,208,30400.060052148896
0,209,30401.30905859385
0,210,30402.07244218883
0,211,30376.269965244624
0,212,30368.578711884707
0,213,30386.52637513228
0,214,30389.134625363367
0,215,30388.793112361567
0,216,30390.9537838669
0,217,30415.188350934273
0,218,30371.856677905183
0,219,30438.39046896046
0,220,30441.893339977883
0,221,30439.80550877428
0,222,30439.46020138946
0,223,30444.443441380317
0,224,30443.205991733405
0,225,30448.917509903804
0,226,30421.933525394517
0,227,30353.77849981423
0,228,30342.22884450275
0,229,30365.276334067166
0,230,30416.843275094187
0,231,30430.42534350911
0,232,30392.825667361125
0,233,30421.898917953356
0,234,30421.177826810846
0,235,30434.85892618747
0,236,30411.931035699483
0,237,30388.189201690097
0,238,30418.594554342864
0,239,30408.339278831165
0,240,30404.93759372498
0,241,30394.527170482168
0,242,30441.545066560833
0,243,30415.55551625091
0,244,30400.174964743044
0,245,30401.14425536641
0,246,30429.652947090843
0,247,30421.653744452946
0,248,30430.218741262768
0,249,30445.39214539538
0,250,30411.920050961704
0,251,30449.435060085674
0,252,30446.46095700302
0,253,30441.36735369353
0,254,30439.339011840686
0,255,30429.634165246254
0,256,30426.268958077435
0,257,30432.098183960432
0,258,30442.12316436579
0,259,30415.50883104389
0,260,30437.49092687917
0,261,30427.50610464647
0,262,30403.230914045944
0,263,30389.553354946405
0,264,30390.42039169408
0,265,30374.675018277492
0,266,30411.942437353926
0,267,30403.56209173268
0,268,30433.125067312158
0,269,30454.501717458614
0,270,30427.21293389419
0,271,30422.803880165076
0,272,30384.96080281614
0,273,30413.638456493056
0,274,30407.085244710102
0,275,30413.805190316874
0,276,30435.540733003734
0,277,30468.87304872219
0,278,30426.93539331286
0,279,30432.05768838472
0,280,30433.43076882484
0,281,30439.13736559865
0,282,30402.947081158687
0,283,30455.603643460356
0,284,30396.354950424036
0,285,30390.721226418096
0,286,30399.20309020197
0,287,30387.85796744952
0,288,30390.05730252404
0,289,30402.715079903646
0,290,30431.3261612279
0,291,30429.378038031744
0,292,30412.837934562824
0,293,30420.39630591686
0,294,30455.30737748888
0,295,30463.53127748704
0,296,30436.447420386565
0,297,30424.00022343221
0,298,30404.222426957822
0,299,30450.61752431388
0,300,30451.20221611817
0,301,30470.682310932683
0,302,30472.865197404262
0,303,30460.256667164802
0,304,30472.63471812716
0,305,30423.26420676517
0,306,30443.094304036535
0,307,30413.33045169961
0,308,30368.399446489086
0,309,30420.23369899982
0,310,30444.872965214472
0,311,30442.89556793147
0,312,30439.5390286874
0,313,30426.92660398603
0,314,30414.900755810493
0,315,30449.358417083837
0,316,30453.778873163243
0,317,30426.6719438479
0,318,30433.36632964064
0,319,30367.537506351902
0,320,30420.71624644834
0,321,30429.22607169795
0,322,30430.060620453038
0,323,30438.077217747334
0,324,30359.331932471607
0,325,30380.755440542107
0,326,30384.84688958389
0,327,30399.098082760967
0,328,30394.619904997722
0,329,30436.138714768236
0,330,30464.069466906316
0,331,30464.146068181828
0,332,30428.437097453916
0,333,30415.831981318835
0,334,30436.483274495098
0,335,30459.211681596396
0,336,30455.089883212706
0,337,30425.422469836318
0,338,30425.334870111845
0,339,30407.668910532437
0,340,30425.965318511444
0,341,30411.109919884424
0,342,30437.309865014733
0,343,30465.844839091224
0,344,30469.25059683885
0,345,30427.54154203015
0,346,30423.233022808632
0,347,30428.09938838014
0,348,30427.005706151955
0,349,30424.17418253918
0,350,30483.441240376822
0,351,30447.204158578537
0,352,30455.87948174005
0,353,30453.777460926485
0,354,30402.06884520725
0,355,30427.28438377681
0,356,30386.119437599744
0,357,30419.61048265703
0,358,30404.271522667415
0,359,30422.873829268774
0,360,30460.545008254638
0,361,30443.11105450667
0,362,30458.804894474182
0,363,30444.860259795332
0,364,30383.454923954072
0,365,30395.117588558827
0,366,30389.43691361885
0,367,30447.12640619367
0,368,30419.94837634872
0,369,30406.94567771606
0,370,30441.433311347006
0,371,30380.915727444757
0,372,30437.31934586217
0,373,30394.908821861547
0,374,30446.896966406333
0,375,30421.578894580212
0,376,30434.676812588346
0,377,30404.2886406088
0,378,30389.48541781665
0,379,30419.652575406762
0,380,30445.06585725609
0,381,30455.02015582586
0,382,30425.627748948198
0,383,30393.811586562922
0,384,30394.827942506512
0,385,30424.593644438137
0,386,30366.229728717655
0,387,30423.130602617763
0,388,30406.00710582656
0,389,30389.218892009194
0,390,30412.61361083624
0,391,30415.716335902456
0,392,30391.403666633218
0,393,30405.56683424341
0,394,30409.329864025643
0,395,30382.161689588575
0,396,30398.612398556226
0,397,30405.966584210048
0,398,30376.34662641769
0,399,30435.344927819213
0,400,30464.5457291787
0,401,30422.974875373533
0,402,30448.335361605805
0,403,30364.73326979331
0,404,30383.405996499205
0,405,30393.23866268332
0,406,30371.269907575825
0,407,30418.409678766697
0,408,30426.031666501716
0,409,30411.039187238726
0,410,30392.485951583
0,411,30447.323267139527
0,412,30421.3794343024
0,413,30442.55549820238
0,414,30462.304360792452
0,415,30468.750414195823
0,416,30463.08265523162
0,417,30406.898324921975
0,418,30369.685545656605
0,419,30395.009564046526
0,420,30435.230709478285
0,421,30507.64520272709
0,422,30465.99984732002
0,423,30454.82347004222
0,424,30430.431950156206
0,425,30450.06352073233
0,426,30444.933318262818
0,427,30385.03834191457
0,428,30399.533162571937
0,429,30400.076948060236
0,430,30434.610544537492
0,431,30418.55505125474
0,432,30405.510486812873
0,433,30415.264096807954
0,434,30444.478954737784
0,435,30414.283925197884
0,436,30360.6872683414
0,437,30346.489269285048
0,438,30355.365005933072
0,439,30416.100042362134
0,440,30385.45681893937
0,441,30352.84319497081
0,442,30396.787862860554
0,443,30400.884608029937
0,444,30412.958329454363
0,445,30446.272345291636
0,446,30453.15704916463
0,447,30453.920500530287
0,448,30426.45302318658
0,449,30395.3505155898
0,450,30383.79938772424
0,451,30377.637407342027
0,452,30406.655742743445
0,453,30447.48283773205
0,454,30459.977413977238
0,455,30409.434877144755
0,456,30403.78814914594
0,457,30395.164597036153
0,458,30433.479531262652
0,459,30410.527964673496
0,460,30411.31061799084
0,461,30460.712324644108
0,462,30437.390388414497
0,463,30416.40165578302
0,464,30404.84291467635
0,465,30426.336776814158
0,466,30444.123587309296
0,467,30462.10695534541
0,468,30462.930236110158
0,469,30433.079182313308
0,470,30401.43045757792
0,471,30429.592859110788
0,472,30445.684457287134
0,473,30407.8695185028
0,474,30415.945478774844
0,475,30406.42278323401
0,476,30394.917214151945
0,477,30426.490252444793
0,478,30386.17046507206
0,479,30402.923116356975
0,480,30405.46917203496
0,481,30374.767805688116
0,482,30421.89031265378
0,483,30370.472861227056
0,484,30372.4338453246
0,485,30374.199007846102
0,486,30412.05515644577
0,487,30439.402379463972
0,488,30456.35220696006
0,489,30403.942468450896
0,490,30414.270196018446
0,491,30406.159750762035
0,492,30400.739672987886
0,493,30429.2991126878
0,494,30416.563052493377
0,495,30415.136729111775
0,496,30452.56044062205
0,497,30413.08722125077
0,498,30367.576857463748
0,499,30383.55241021791
0,500,30415.16528773163
0,501,30394.344432030393
0,502,30406.06542480996
0,503,30457.916009073106
0,504,30504.7948744198
0,505,30465.672172114486
0,506,30428.53944913096
0,507,30410.445408237236
0,508,30451.709772080976
0,509,30455.129097193567
0,510,30409.540632086857
0,511,30412.427755994293
0,512,30453.45056556817
0,513,30473.805629575054
0,514,30427.057253515457
0,515,30431.264159657305
0,516,30432.979464889915
0,517,30429.32836169313
0,518,30432.656318423262
0,519,30405.665878701144
0,520,30415.092909364474
0,521,30421.59430518994
0,522,30446.97381036311
0,523,30410.547859860115
0,524,30451.92785816978
0,525,30448.734500259823
0,526,30423.70940540025
0,527,30467.66791796508
0,528,30386.100490659013
0,529,30396.732107663644
0,530,30374.027218228406
0,531,30476.30347037845
0,532,30418.19643428056
0,533,30409.1752569767
0,534,30407.330837341484
0,535,30425.400253193457
0,536,30430.31267946936
0,537,30407.62496042975
0,538,30376.201388076584
0,539,30375.334199908717
0,540,30428.068433637858
0,541,30397.614849524754
0,542,30370.949643366497
0,543,30375.752040093084
0,544,30364.126993614842
0,545,30368.015666960575
0,546,30366.107862258148
0,547,30386.824471455227
0,548,30353.59941633664
0,549,30380.238216422204
0,550,30396.3443081588
0,551,30454.856949922076
0,552,30460.93932013038
0,553,30457.699403056413
0,554,30423.439142193758
0,555,30385.520751374977
0,556,30441.10791164186
0,557,30417.836596414232
0,558,30394.36144749541
0,559,30391.635689082275
0,560,30395.06296959584
0,561,30394.746536937673
0,562,30421.16809347661
0,563,30419.630686439214
0,564,30422.005753854784
0,565,30389.461291499036
0,566,30418.135402654698
0,567,30407.004995303167
0,568,30406.207943805726
0,569,30389.767305524747
0,570,30435.0060481301
0,571,30403.21718108938
0,572,30437.02511877052
0,573,30462.641490055186
0,574,30452.77931847461
0,575,30415.565406645903
0,576,30455.06509828254
0,577,30440.353526239163
0,578,30412.477197987326
0,579,30378.736452206565
0,580,30393.949906638518
0,581,30434.61646595067
0,582,30418.15614826666
0,583,30368.320036181256
0,584,30379.573269909215
0,585,30398.122068595716
0,586,30410.832936914994
0,587,30406.158268757546
0,588,30447.724215383885
0,589,30448.46695427598
0,590,30441.0428399734
0,591,30423.30386726941
0,592,30389.81888810295
0,593,30417.650498335413
0,594,30425.407337271638
0,595,30451.54664639236
0,596,30433.786018376577
0,597,30414.64869510404
0,598,30363.142568702067
0,599,30397.336073240964
0,600,30420.401120239967
0,601,30416.269183377783
0,602,30413.99547151674
0,603,30387.02960679391
0,604,30396.246666157185
0,605,30394.0442729782
0,606,30390.312641489454
0,607,30451.309777402097
0,608,30453.29750322451
0,609,30415.393847178853
0,610,30387.18410506693
0,611,30394.69394192616
0,612,30402.801059406265
0,613,30422.928084019193
0,614,30443.128407499866
0,615,30431.651727641496
0,616,30401.827906986
0,617,30383.676940139874
0,618,30429.21414994403
0,619,30460.728817609725
0,620,30431.301358795645
0,621,30463.187041877234
0,622,30407.032979505086
0,623,30376.85667773352
0,624,30402.57383424325
0,625,30424.268679509827
0,626,30451.442181008722
0,627,30377.628227837606
0,628,30344.009992016574
0,629,30402.412216050347
0,630,30426.05077984966
0,631,30433.269916027264
0,632,30430.59610873389
0,633,30388.833468716417
0,634,30401.127292977875
0,635,30436.03705192879
0,636,30374.55567883341
0,637,30386.288051132364
0,638,30355.043138925423
0,639,30383.09902529113
0,640,30376.017215750766
0,641,30392.516723759665
0,642,30435.152629592518
0,643,30416.666812177813
0,644,30426.046743087332
0,645,30419.516974276285
0,646,30446.87508358585
0,647,30460.508892203463
0,648,30403.61094056668
0,649,30417.820787825473
0,650,30420.13977873482
0,651,30430.998220213794
0,652,30412.066513121015
0,653,30415.650471467485
0,654,30411.07566263992
0,655,30441.576162267513
0,656,30403.658897858757
0,657,30375.441227856056
0,658,30372.47504478502
0,659,30356.278398412414
0,660,30366.843517929905
0,661,30388.275453950948
0,662,30405.326695122814
0,663,30408.9377082675
0,664,30412.197713780017
0,665,30384.51594356073
0,666,30409.346735225692
0,667,30416.828424928022
0,668,30389.135647245632
0,669,30388.10424276427
0,670,30422.768429427397
0,671,30412.67637652705
0,672,30448.824176733895
0,673,30447.97681897088
0,674,30378.381331755078
0,675,30402.768311491545
0,676,30393.72963292122
0,677,30420.2186846257
0,678,30418.69834433224
0,679,30418.522764460784
0,680,30427.726697503458
0,681,30436.95512992668
0,682,30421.908829511798
0,683,30405.835526758303
0,684,30409.05037619655
0,685,30435.98340107059
0,686,30396.689446290802
0,687,30431.665371339936
0,688,30466.89130077112
0,689,30382.079040493594
0,690,30415.86210566285
0,691,30425.225875152708
0,692,30452.473612616235
0,693,30426.06683214725
0,694,30451.116370479325
0,695,30464.770242863877
0,696,30437.831075313334
0,697,30411.758158880362
0,698,30454.787642747808
0,699,30452.013895606902
0,700,30407.18651916664
0,701,30425.70428867505
0,702,30432.845845681728
0,703,30389.30688788346
0,704,30454.09026938006
0,705,30442.543939990665
0,706,30437.296105339483
0,707,30424.057011113062
0,708,30425.016960454934
0,709,30440.40785473629
0,710,30458.94985307314
0,711,30443.851547530776
0,712,30436.59590328807
0,713,30408.32078068522
0,714,30433.419343767586
0,715,30528.76183209705
0,716,30489.346743681625
0,717,30450.88943707487
0,718,30414.60131746584
0,719,30444.38000409359
0,720,30406.753213368145
0,721,30362.823938505462
0,722,30344.256386294284
0,723,30370.900196054008
0,724,30405.65374920955
0,725,30453.31055059086
0,726,30406.64277576347
0,727,30402.110771775202
0,728,30440.68686992627
0,729,30424.074789775095
0,730,30394.77730852317
0,731,30389.416669965212
0,732,30439.99678314032
0,733,30441.20336983871
0,734,30453.36782215357
0,735,30420.600019919468
0,736,30421.84682524427
0,737,30437.03956589701
0,738,30478.1770766582
0,739,30455.174499665773
0,740,30475.090763907
0,741,30418.75616372631
0,742,30419.15339633701
0,743,30433.458991252774
0,744,30434.150596288724
0,745,30484.333487458793
0,746,30397.994957905223
0,747,30401.800049678764
0,748,30378.40196943196
0,749,30373.723981870255
0,750,30400.458123484867
0,751,30356.51090550962
0,752,30381.024927483802
0,753,30392.557650538958
0,754,30435.60648530373
0,755,30408.634542255888
0,756,30418.511929176464
0,757,30397.391722513563
0,758,30393.174118489038
0,759,30403.57902276104
0,760,30394.876262784164
0,761,30415.847327277213
0,762,30395.202839802914
0,763,30435.207079632775
0,764,30410.18942524328
0,765,30393.76002978788
0,766,30432.48426106831
0,767,30432.717793161413
0,768,30405.768868782805
0,769,30459.57095579519
0,770,30426.354221149304
0,771,30348.533075853215
0,772,30366.36093778433
0,773,30414.948547018736
0,774,30399.33567724893
0,775,30405.58379987654
0,776,30377.78876888184
0,777,30378.016165460213
0,778,30405.331951497403
0,779,30426.47657353604
0,780,30393.964539546414
0,781,30394.751966094504
0,782,30363.20901495226
0,783,30370.152996232944
0,784,30410.48869786133
0,785,30418.94058112036
0,786,30378.482033457807
0,787,30380.83107944264
0,788,30414.208135645218
0,789,30437.73889243208
0,790,30412.850901184942
0,791,30418.94428789453
0,792,30378.07898264526
0,793,30386.396495613553
0,794,30424.003274102663
0,795,30444.86018213965
0,796,30409.29868855646
0,797,30424.679577868388
0,798,30489.39041644375
0,799,30456.892327724036
0,800,30448.78543485011
0,801,30396.80376805011
0,802,30391.49526537971
0,803,30400.99523798119
0,804,30419.57505283784
0,805,30401.84735585271
0,806,30394.71512571214
0,807,30377.648462427092
0,808,30448.443126461898
0,809,30470.417683965086
0,810,30432.075475788388
0,811,30370.345608942618
0,812,30396.306545216165
0,813,30377.169063015328
0,814,30376.98296867738
0,815,30397.838029305214
0,816,30395.01337443034
0,817,30387.772068255174
0,818,30397.41805280016
0,819,30380.215035883048
0,820,30385.921524573794
0,821,30403.40651048511
0,822,30409.512105039186
0,823,30403.505192642264
0,824,30389.5974866744
0,825,30340.638907468976
0,826,30384.051776067117
0,827,30423.98318443523
0,828,30372.464894608343
0,829,30382.08478780872
0,830,30368.187403167678
0,831,30375.88621964174
0,832,30369.123119008258
0,833,30421.96697626363
0,834,30392.422615872238
0,835,30400.868574274522
0,836,30430.771590323246
0,837,30347.770922965858
0,838,30309.712581194526
0,839,30337.32910771508
0,840,30365.308819487356
0,841,30384.325863055008
0,842,30376.007364740228
0,843,30383.935658101826
0,844,30353.30906111809
0,845,30391.689170417372
0,846,30421.351478778866
0,847,30407.109901276548
0,848,30400.906113897265
0,849,30366.78082929844
0,850,30376.549017967645
0,851,30351.07121528776
0,852,30397.915402892584
0,853,30446.238690415834
0,854,30456.303355594646
0,855,30459.936534002358
0,856,30399.682142875048
0,857,30405.614391968626
0,858,30408.81999985574
0,859,30398.5406663126
0,860,30409.840132159698
0,861,30402.087763294076
0,862,30419.97832700694
0,863,30405.92374693446
0,864,30437.371515807354
0,865,30391.510550450945
0,866,30414.695558766452
0,867,30391.25434137523
0,868,30382.205902385027
0,869,30411.047623823535
0,870,30415.451824156098
0,871,30426.46974849275
0,872,30440.493523723046
0,873,30430.02012905325
0,874,30439.047035290474
0,875,30442.342319673306
0,876,30372.496015961304
0,877,30353.146048630075
0,878,30366.97535592973
0,879,30375.598875383163
0,880,30407.78473731094
0,881,30468.151820623767
0,882,30419.94856799227
0,883,30481.191584866778
0,884,30473.39724386736
0,885,30433.693487536664
0,886,30447.571729202955
0,887,30439.550771842136
0,888,30413.955429642996
0,889,30431.98162222532
0,890,30404.64364424203
0,891,30415.74426576974
0,892,30501.12074805225
0,893,30437.033438141483
0,894,30419.674302002248
0,895,30425.99237600566
0,896,30464.32906126401
0,897,30409.267514199793
0,898,30411.80466358794
0,899,30457.101740370927
0,900,30430.65303088321
0,901,30434.155121145384
0,902,30435.782788455497
0,903,30437.914043136607
0,904,30431.904257171525
0,905,30369.086992977656
0,906,30400.453813549368
0,907,30413.390051616065
0,908,30379.234726221905
0,909,30394.649556952176
0,910,30398.981084966494
0,911,30411.632071622564
0,912,30405.718739373922
0,913,30391.20486547844
0,914,30397.744468793586
0,915,30391.123816833537
0,916,30410.471237388687
0,917,30408.581034695206
0,918,30417.7795740764
0,919,30414.945893097945
0,920,30461.467997361662
0,921,30459.966428918597
0,922,30453.938378519848
0,923,30471.97323134634
0,924,30442.448989643
0,925,30477.35073085989
0,926,30455.198383721407
0,927,30398.693752784482
0,928,30424.95997668218
0,929,30434.954654406247
0,930,30460.408579574225
0,931,30473.33258680382
0,932,30422.405887188448
0,933,30406.345379268998
0,934,30429.64445446058
0,935,30417.760466561376
0,936,30381.773903871832
0,937,30374.40397115134
0,938,30378.68190378372
0,939,30443.73719393073
0,940,30406.838555057115
0,941,30401.480500333648
0,942,30412.27632391367
0,943,30429.551295885885
0,944,30416.0196213722
0,945,30416.573246398166
0,946,30414.739950568313
0,947,30410.305762213837
0,948,30360.547429148213
0,949,30384.489141571314
0,950,30409.272732769037
0,951,30375.315899159672
0,952,30400.032526187355
0,953,30414.06615052361
0,954,30420.441871743937
0,955,30428.945610462524
0,956,30419.736737831136
0,957,30386.356839066873
0,958,30428.064215129078
0,959,30487.218389454432
0,960,30451.29063426397
0,961,30396.259745539614
0,962,30439.92231018345
0,963,30461.088197715584
0,964,30441.3600861905
0,965,30412.734733483634
0,966,30427.101892914165
0,967,30441.004724149112
0,968,30464.739227341328
0,969,30449.412986898707
0,970,30415.544686733137
0,971,30437.50672517402
0,972,30445.96281753604
0,973,30400.69415608673
0,974,30436.663539184745
0,975,30460.684607069998
0,976,30441.563639361524
0,977,30463.283314358217
0,978,30444.033447478687
0,979,30443.15705555806
0,980,30476.39233911316
0,981,30404.807746129223
0,982,30428.4295258446
0,983,30381.474856515862
0,984,30385.225918986496
0,985,30437.406162775864
0,986,30417.424336421678
0,987,30408.71605325286
0,988,30442.15756535173
0,989,30387.872594182052
0,990,30379.571018639213
0,991,30395.69633447704
0,992,30426.674231184883
0,993,30456.386447350564
0,994,30468.931093836647
0,995,30497.82688237663
0,996,30444.71709376062
0,997,30439.883696403424
0,998,30404.214370081092
0,999,30453.12896095834
0,1000,30486.929292882516
0,1001,30452.28544311954
0,1002,30395.712673295704
0,1003,30356.338730439056
0,1004,30415.510280037484
0,1005,30425.912687307016
0,1006,30434.667803055454
0,1007,30390.37229113654
0,1008,30398.123639159898
0,1009,30384.828328487798
0,1010,30391.21163904342
0,1011,30413.03174194116
0,1012,30424.004165955117
0,1013,30431.20664004647
0,1014,30432.358860021774
0,1015,30407.315786658277
0,1016,30397.891188783342
0,1017,30387.770528789115
0,1018,30354.68874459246
0,1019,30390.871525108643
0,1020,30412.010299181267
0,1021,30404.841438931166
0,1022,30414.975643625527
0,1023,30428.900857289656
0,1024,30460.091980602527
0,1025,30453.28737609767
0,1026,30420.720448911397
0,1027,30458.50386997728
0,1028,30455.62973859514
0,1029,30471.731179395367
0,1030,30481.274527346788
0,1031,30456.661047666836
0,1032,30413.960962775098
0,1033,30390.16594515536
0,1034,30440.502589828404
0,1035,30416.882846160606
0,1036,30432.20079383066
0,1037,30440.368771407786
0,1038,30426.290099862163
0,1039,30439.196847980653
0,1040,30454.22302803643
0,1041,30450.91874274057
0,1042,30452.29019041591
0,1043,30458.38628222413
0,1044,30439.100440583803
0,1045,30410.9580359901
0,1046,30470.77894701219
0,1047,30466.62194574572
0,1048,30468.725156096407
0,1049,30435.762938689422
0,1050,30408.484170157542
0,1051,30415.901190548124
0,1052,30351.042423657742
0,1053,30402.262190095316
0,1054,30413.446596206904
0,1055,30431.781818376334
0,1056,30413.425310772018
0,1057,30400.993477147713
0,1058,30448.674240148408
0,1059,30419.71200872961
0,1060,30424.626619737068
0,1061,30443.942561052052
0,1062,30423.467809287053
0,1063,30394.55352197624
0,1064,30411.784495745796
0,1065,30430.736497481397
0,1066,30373.30934088682
0,1067,30420.31247789026
0,1068,30409.254563857052
0,1069,30367.142291435786
0,1070,30398.435890331315
0,1071,30423.75612651775
0,1072,30475.870221148656
0,1073,30504.001609271414
0,1074,30482.65487993097
0,1075,30435.917130439062
0,1076,30449.078440197674
0,1077,30457.798100833992
0,1078,30450.091624453507
0,1079,30469.17804761959
0,1080,30447.72462117887
0,1081,30451.406134618443
0,1082,30439.867964211913
0,1083,30429.474516851613
0,1084,30457.27290385144
0,1085,30468.023407427674
0,1086,30404.938067860636
0,1087,30388.17597769005
0,1088,30421.259905487845
0,1089,30378.271350306153
0,1090,30390.598647208266
0,1091,30351.559995366013
0,1092,30359.3485305635
0,1093,30379.467737720926
0,1094,30424.76392203559
0,1095,30432.818375471696
0,1096,30431.361854292885
0,1097,30411.059276065655
0,1098,30393.751379004338
0,1099,30409.140381363002
0,1100,30404.65223176516
0,1101,30406.12539723217
0,1102,30402.91304926379
0,1103,30425.41980867195
0,1104,30420.828481889206
0,1105,30441.49393172678
0,1106,30440.806095550084
0,1107,30434.572679921224
0,1108,30467.441461909468
0,1109,30434.89989674101
0,1110,30468.588839648746
0,1111,30439.265614683056
0,1112,30403.571876110727
0,1113,30371.683781123815
0,1114,30441.003884460966
0,1115,30463.042144368774
0,1116,30445.938828652077
0,1117,30437.03135237101
0,1118,30440.056304224694
0,1119,30440.685034683902
0,1120,30420.21419105855
0,1121,30406.322008287923
0,1122,30413.23789507784
0,1123,30369.70442808699
0,1124,30396.944147159847
0,1125,30392.18677472657
0,1126,30368.91772252514
0,1127,30377.216323779918
0,1128,30402.27570556685
0,1129,30388.523363211883
0,1130,30397.220808495495
0,1131,30416.964426083126
0,1132,30427.25470717515
0,1133,30374.65504661329
0,1134,30425.950156519026
0,1135,30420.402196440133
0,1136,30432.11736871676
0,1137,30435.73102246419
0,1138,30397.326895501395
0,1139,30403.770364387226
0,1140,30364.932018889227
0,1141,30385.379610567445
0,1142,30404.13809639123
0,1143,30419.159949405137
0,1144,30412.26921317044
0,1145,30457.20228659077
0,1146,30442.295845236218
0,1147,30424.662678490837
0,1148,30403.604817797586
0,1149,30429.378087830042
0,1150,30416.24637396233
0,1151,30436.209102223256
0,1152,30449.990094672245
0,1153,30365.38518437524
0,1154,30383.082997409612
0,1155,30399.40570995815
0,1156,30401.066948720243
0,1157,30424.157783154686
0,1158,30417.68059344913
0,1159,30397.273801702035
0,1160,30435.13976566541
0,1161,30404.389908853092
0,1162,30407.183192111628
0,1163,30365.60445023892
0,1164,30398.129338980198
0,1165,30414.700219368922
0,1166,30414.92297474289
0,1167,30426.78337349419
0,1168,30410.989822205705
0,1169,30419.31925268657
0,1170,30417.440740268223
0,1171,30432.95681706101
0,1172,30439.326841888185
0,1173,30405.202288974906
0,1174,30404.81883981613
0,1175,30420.95524772113
0,1176,30420.847838619964
0,1177,30392.701964891752
0,1178,30431.36127302481
0,1179,30421.883911863933
0,1180,30391.31446126548
0,1181,30343.765372950216
0,1182,30420.421345246097
0,1183,30419.75074146954
0,1184,30357.00949662833
0,1185,30391.94712854869
0,1186,30382.66827217852
0,1187,30390.89663689567
0,1188,30420.17653859888
0,1189,30418.31890839143
0,1190,30422.970999901165
0,1191,30458.63985126233
0,1192,30433.981142871533
0,1193,30397.65293694532
0,1194,30410.821630281793
0,1195,30375.99505742132
0,1196,30382.858334523164
0,1197,30378.350855565644
0,1198,30389.359267131644
0,1199,30409.391105464532
0,1200,30419.352490642174
0,1201,30421.025127937748
0,1202,30400.65891312435
0,1203,30414.63341205499
0,1204,30432.314240542622
0,1205,30384.38360509933
0,1206,30428.408719614974
0,1207,30439.256770145694
0,1208,30396.03908920269
0,1209,30431.02837261536
0,1210,30354.106321708237
0,1211,30338.50489463703
0,1212,30347.03103331155
0,1213,30408.249244746043
0,1214,30387.09648676494
0,1215,30452.370777582502
0,1216,30444.840661623963
0,1217,30448.398318406442
0,1218,30458.27366555932
0,1219,30457.593719006265
0,1220,30413.316508916036
0,1221,30436.873473500906
0,1222,30430.306493771113
0,1223,30444.205878462813
0,1224,30400.902800064305
0,1225,30399.88323678506
0,1226,30389.383964639626
0,1227,30410.470427231543
0,1228,30412.60280959335
0,1229,30400.535458281123
0,1230,30404.518515263106
0,1231,30447.330955435733
0,1232,30432.741411691055
0,1233,30446.137928391818
0,1234,30428.768778839145
0,1235,30412.872222329388
0,1236,30448.505375737193
0,1237,30353.925125297363
0,1238,30439.959935463034
0,1239,30421.689598762707
0,1240,30421.065337094507
0,1241,30431.647273858904
0,1242,30428.624743875524
0,1243,30473.532334746385
0,1244,30421.14583129817
0,1245,30453.11079391655
0,1246,30465.686557922687
0,1247,30445.674992427288
0,1248,30395.71503818041
0,1249,30405.964610904346
0,1250,30404.401099662602
0,1251,30421.7936635735
0,1252,30437.14695012048
0,1253,30407.222704005115
0,1254,30422.298004846507
0,1255,30430.49577156894
0,1256,30424.405834975423
0,1257,30439.522802966338
0,1258,30414.036008306906
0,1259,30433.101858078768
0,1260,30432.483647401652
0,1261,30424.808152071088
0,1262,30465.83352356988
0,1263,30417.691179306337
0,1264,30425.35225531622
0,1265,30437.373892498454
0,1266,30428.71642801332
0,1267,30457.01501554324
0,1268,30407.046211717658
0,1269,30388.853775925985
0,1270,30388.760918610165
0,1271,30419.540774636207
0,1272,30409.544983275067
0,1273,30459.296069829285
0,1274,30457.16609086203
0,1275,30427.537527724464
0,1276,30387.777768649747
0,1277,30394.344260034268
0,1278,30392.821881654545
0,1279,30360.50173869871
0,1280,30396.953797129547
0,1281,30437.901010582937
0,1282,30397.08174428522
0,1283,30421.868384961563
0,1284,30410.3954852411
0,1285,30447.483088154288
0,1286,30437.99042765367
0,1287,30483.320824186332
0,1288,30471.67752364672
0,1289,30470.49265720159
0,1290,30460.351701691634
0,1291,30429.20896143584
0,1292,30437.85769978827
0,1293,30465.9576420037
0,1294,30472.156516652714
0,1295,30479.712608941398
0,1296,30509.425347592973
0,1297,30446.513057180007
0,1298,30419.181597432056
0,1299,30407.954774436042
0,1300,30451.145917993086
0,1301,30402.67020796816
0,1302,30402.77004102072
0,1303,30399.01369417673
0,1304,30379.383519037085
0,1305,30391.572521117017
0,1306,30382.025832222345
0,1307,30415.567693043573
0,1308,30400.416261379858
0,1309,30439.831402241864
0,1310,30428.239312418493
0,1311,30470.845752629823
0,1312,30420.932280599536
0,1313,30447.79802117689
0,1314,30443.3868645308
0,1315,30426.917128985875
0,1316,30430.592373359603
0,1317,30417.028803394103
0,1318,30427.32999427555
0,1319,30404.685391260427
0,1320,30382.983591416643
0,1321,30390.87601103295
0,1322,30438.532217153264
0,1323,30402.22312409502
0,1324,30405.342821388345
0,1325,30413.291406321074
0,1326,30431.929746371155
0,1327,30447.890055592663
0,1328,30439.42581801986
0,1329,30454.238545580258
0,1330,30454.437080738007
0,1331,30448.41792644151
0,1332,30369.907069380002
0,1333,30389.94105023147
0,1334,30391.579819947427
0,1335,30403.4272221717
0,1336,30451.25110608612
0,1337,30445.429528016834
0,1338,30368.448984752973
0,1339,30411.64697129395
0,1340,30417.96404699431
0,1341,30386.528290395192
0,1342,30381.098003004743
0,1343,30423.018526792177
0,1344,30387.31117015387
0,1345,30384.100997194695
0,1346,30338.525215374477
0,1347,30372.867379885338
0,1348,30415.145946322347
0,1349,30441.264965931026
0,1350,30447.395086957633
0,1351,30517.790912562214
0,1352,30450.436091123727
0,1353,30398.116478549826
0,1354,30380.39855191151
0,1355,30359.128151522586
0,1356,30375.399232820517
0,1357,30406.11367047198
0,1358,30413.263645226754
0,1359,30427.810967659643
0,1360,30424.4800850037
0,1361,30456.574079915197
0,1362,30415.415814265718
0,1363,30434.002093963467
0,1364,30412.583373118567
0,1365,30467.71684849583
0,1366,30468.404086201328
0,1367,30486.820247896296
0,1368,30425.191572210944
0,1369,30422.452565132564
0,1370,30412.593580568657
0,1371,30487.057159015192
0,1372,30384.980103240672
0,1373,30406.917614678332
0,1374,30417.703196880546
0,1375,30391.608253450526
0,1376,30371.590084971427
0,1377,30358.090722742854
0,1378,30339.370788441396
0,1379,30389.816329363257
0,1380,30440.39804260398
0,1381,30408.366776829054
0,1382,30376.664130246867
0,1383,30362.702049539224
0,1384,30389.21074561514
0,1385,30348.688575811062
0,1386,30391.330963524106
0,1387,30374.937259202787
0,1388,30329.72711931266
0,1389,30378.063030693655
0,1390,30392.977747348028
0,1391,30390.10182731321
0,1392,30397.714267070314
0,1393,30445.21941317017
0,1394,30439.546836062516
0,1395,30414.542822791518
0,1396,30399.5822170792
0,1397,30482.852538541607
0,1398,30495.555295517323
0,1399,30534.82445929101
0,1400,30550.332399726354
0,1401,30515.307233758434
0,1402,30498.915209120223
0,1403,30449.573646446526
0,1404,30414.28007053782
0,1405,30380.931142434405
0,1406,30407.854040306298
0,1407,30413.720242565087
0,1408,30423.449896633705
0,1409,30428.924653128022
0,1410,30418.789669227626
0,1411,30460.34917895462
0,1412,30427.61471597781
0,1413,30394.85315523355
0,1414,30417.917604861188
0,1415,30428.891054204007
0,1416,30447.195318351707
0,1417,30448.971939161405
0,1418,30418.64092585565
0,1419,30395.76732693328
0,1420,30454.659304456774
0,1421,30394.500543545713
0,1422,30419.830690106835
0,1423,30433.900455334904
0,1424,30450.5458465953
0,1425,30429.59442124007
0,1426,30393.41253183681
0,1427,30395.73537724458
0,1428,30394.624880817883
0,1429,30367.324118522047
0,1430,30415.28710756299
0,1431,30455.02573363487
0,1432,30401.86190252675
0,1433,30412.282070416746
0,1434,30386.307354921177
0,1435,30425.843380710874
0,1436,30432.91550001115
0,1437,30444.54399668745
0,1438,30438.50820229872
0,1439,30407.55049748876
0,1440,30397.605209928937
0,1441,30378.894363058946
0,1442,30379.54391851827
0,1443,30337.29823223506
0,1444,30361.634819262687
0,1445,30352.56292685242
0,1446,30408.905909083303
0,1447,30395.2528309571
0,1448,30385.451635999623
0,1449,30390.758387603793
0,1450,30412.015928097382
0,1451,30438.972270693543
0,1452,30396.624000501888
0,1453,30438.682534975764
0,1454,30436.932694137886
0,1455,30458.223329792625
0,1456,30425.442313301093
0,1457,30422.468865468418
0,1458,30447.067488948513
0,1459,30432.126402650832
0,1460,30455.65007609342
0,1461,30428.124740155494
0,1462,30376.915430960744
0,1463,30426.629667378365
0,1464,30406.075395311782
0,1465,30426.626542146743
0,1466,30414.186163491366
0,1467,30442.221689666272
0,1468,30420.839963210838
0,1469,30472.823282616842
0,1470,30511.60620999375
0,1471,30475.962747502093
0,1472,30432.996277679227
0,1473,30432.332601231323
0,1474,30408.009188904423
0,1475,30427.760787542702
0,1476,30453.68223579983
0,1477,30439.219289864763
0,1478,30414.544575430442
0,1479,30388.149820038252
0,1480,30377.96260000467
0,1481,30416.236663849413
0,1482,30402.684731410376
0,1483,30410.698739507243
0,1484,30426.785916682966
0,1485,30430.937097883187
0,1486,30425.08376669679
0,1487,30431.03842688012
0,1488,30471.373763202624
0,1489,30493.8027990898
0,1490,30453.864329264947
0,1491,30453.493098630213
0,1492,30428.586049180045
0,1493,30423.613973974083
0,1494,30415.088063190266
0,1495,30412.104224574967
0,1496,30398.014156765712
0,1497,30400.332685305915
0,1498,30412.39647484613
0,1499,30413.72895957179
0,1500,30396.741426154233
0,1501,30386.559395469554
0,1502,30390.98749332578
0,1503,30384.787599283496
0,1504,30372.871504918905
0,1505,30368.097154294406
0,1506,30409.167284444313
0,1507,30429.052685044087
0,1508,30455.706021659727
0,1509,30441.438344656155
0,1510,30431.46843971675
0,1511,30422.103250938493
0,1512,30392.424268600997
0,1513,30369.222531492414
0,1514,30385.02482698333
0,1515,30411.285541935937
0,1516,30404.876714401522
0,1517,30385.510878257715
0,1518,30409.62322257809
0,1519,30474.600740009762
0,1520,30404.986770431286
0,1521,30416.73187592023
0,1522,30414.334488138684
0,1523,30424.144756271264
0,1524,30455.297647331823
0,1525,30430.52807179535
0,1526,30433.189451389808
0,1527,30458.1645247067
0,1528,30429.842580908375
0,1529,30459.915188660798
0,1530,30429.75837972186
0,1531,30451.92451142165
0,1532,30428.947841888345
0,1533,30397.045497571817
0,1534,30377.060698243346
0,1535,30431.641099612843
0,1536,30432.836397256848
0,1537,30416.949252233502
0,1538,30388.46091357021
0,1539,30427.964778897745
0,1540,30354.028750589565
0,1541,30395.398903702324
0,1542,30384.394253190658
0,1543,30372.75209793456
0,1544,30371.21646575156
0,1545,30334.53117459586
0,1546,30392.195040955772
0,1547,30396.112662611853
0,1548,30455.229116421302
0,1549,30406.943841942804
0,1550,30382.049219651057
0,1551,30405.85566946848
0,1552,30361.671031749076
0,1553,30355.8465973723
0,1554,30359.20867758824
0,1555,30367.553374099567
0,1556,30393.21532026226
0,1557,30426.68942900584
0,1558,30477.652152773444
0,1559,30440.928876820002
0,1560,30427.835947221974
0,1561,30440.38035905259
0,1562,30424.69086087971
0,1563,30388.689770668054
0,1564,30375.071138485808
0,1565,30393.71542252488
0,1566,30403.37657760586
0,1567,30416.123749019174
0,1568,30408.44205681006
0,1569,30438.7881613319
0,1570,30439.21398593106
0,1571,30417.234585756105
0,1572,30455.233993430124
0,1573,30464.265641987062
0,1574,30460.310714111216
0,1575,30491.15885048766
0,1576,30496.535790824964
0,1577,30468.92114487019
0,1578,30468.223505988208
0,1579,30419.008631932233
0,1580,30392.765208137833
0,1581,30412.642114600145
0,1582,30482.484557639167
0,1583,30458.337355097272
0,1584,30411.179100457415
0,1585,30377.057244052357
0,1586,30404.20455457929
0,1587,30386.941996711554
0,1588,30411.74978920502
0,1589,30403.797316059634
0,1590,30390.833277646234
0,1591,30408.888890445083
0,1592,30457.039309630723
0,1593,30428.286878572686
0,1594,30459.649047207302
0,1595,30421.005552945608
0,1596,30418.202882479673
0,1597,30386.20479205721
0,1598,30438.243480239336
0,1599,30392.244226442137
0,1600,30391.54064616038
0,1601,30405.699004854934
0,1602,30407.062027687407
0,1603,30426.01120241127
0,1604,30396.917361882373
0,1605,30409.399805921643
0,1606,30414.67351993553
0,1607,30402.793159342076
0,1608,30439.514007720067
0,1609,30453.553324681463
0,1610,30487.116319261208
0,1611,30463.503306810744
0,1612,30447.5416061625
0,1613,30414.970363892797
0,1614,30452.24706337846
0,1615,30443.646035055714
0,1616,30436.163216305984
0,1617,30437.58235096972
0,1618,30371.403620051937
0,1619,30393.252995123574
0,1620,30414.237875517436
0,1621,30449.14166250118
0,1622,30446.851530125812
0,1623,30453.42097660874
0,1624,30382.73619941665
0,1625,30381.25678072091
0,1626,30404.988611461173
0,1627,30428.096616708546
0,1628,30438.132898252232
0,1629,30430.187589959376
0,1630,30408.07015161195
0,1631,30417.972500251053
0,1632,30400.703539489048
0,1633,30394.91662240064
0,1634,30362.05871091596
0,1635,30349.87157504548
0,1636,30362.66757172839
0,1637,30410.52963981759
0,1638,30430.9078929738
0,1639,30462.055843976534
0,1640,30415.389829092142
0,1641,30455.975036570882
0,1642,30391.22009692562
0,1643,30376.7636342231
0,1644,30418.777368429633
0,1645,30418.810919265263
0,1646,30402.928659999372
0,1647,30410.1720979655
0,1648,30364.6494346463
0,1649,30410.787054519722
0,1650,30419.775496353315
0,1651,30409.14982031001
0,1652,30376.724917857253
0,1653,30349.563897563945
0,1654,30397.7388094204
0,1655,30417.067370952653
0,1656,30423.219410649148
0,1657,30440.823762735723
0,1658,30438.49879186366
0,1659,30394.45397979184
0,1660,30398.694810961995
0,1661,30420.740737102693
0,1662,30446.42046428885
0,1663,30404.413259358236
0,1664,30451.7259417809
0,1665,30458.176979128046
0,1666,30452.59972821904
0,1667,30426.26029164749
0,1668,30418.81569166595
0,1669,30406.098988968377
0,1670,30348.394262569167
0,1671,30398.63335634885
0,1672,30414.79733627246
0,1673,30404.275347796487
0,1674,30369.15198697354
0,1675,30421.82238643871
0,1676,30423.87814472924
0,1677,30404.64550851187
0,1678,30445.97408702012
0,1679,30432.988278426084
0,1680,30431.093050114534
0,1681,30450.0281642356
0,1682,30411.72292793378
0,1683,30416.278327072036
0,1684,30386.497778818328
0,1685,30353.052694932194
0,1686,30363.668849767197
0,1687,30403.250953531126
0,1688,30399.914352623488
0,1689,30433.404679262167
0,1690,30411.034923441806
0,1691,30417.668708902842
0,1692,30426.906239107364
0,1693,30357.801430367774
0,1694,30366.908670950233
0,1695,30365.87426203078
0,1696,30381.068720863484
0,1697,30406.73745247279
0,1698,30433.44328016978
0,1699,30349.917568231696
0,1700,30381.34019169293
0,1701,30372.132805853787
0,1702,30396.482560145356
0,1703,30377.92607299363
0,1704,30387.745951045614
0,1705,30361.00164501668
0,1706,30371.831037912427
0,1707,30464.480509742778
0,1708,30454.19949477321
0,1709,30410.350602477854
0,1710,30402.54938849647
0,1711,30372.567366137395
0,1712,30392.324963145715
0,1713,30419.81966753297
0,1714,30435.528645184862
0,1715,30445.042605955237
0,1716,30433.62379748354
0,1717,30395.69146817742
0,1718,30436.403964055036
0,1719,30455.833535454043
0,1720,30479.196098570337
0,1721,30431.47721271117
0,1722,30403.140212993487
0,1723,30345.538513845055
0,1724,30398.504743307447
0,1725,30406.569761329345
0,1726,30404.101576307934
0,1727,30423.086245547023
0,1728,30429.431263483144
0,1729,30390.60315139934
0,1730,30415.598997395235
0,1731,30409.19997501482
0,1732,30436.655705387162
0,1733,30399.090105351785
0,1734,30431.419520970063
0,1735,30472.92827074063
0,1736,30443.32729650687
0,1737,30392.39203943912
0,1738,30373.46446685112
0,1739,30375.41839859195
0,1740,30396.121174217875
0,1741,30375.761027636745
0,1742,30403.813890631962
0,1743,30408.799202875332
0,1744,30389.856022625274
0,1745,30385.397450886863
0,1746,30373.658490626975
0,1747,30416.53329290245
0,1748,30470.549180541522
0,1749,30413.155831301065
0,1750,30424.013275383713
0,1751,30421.61927670916
0,1752,30461.317959271037
0,1753,30471.375953828672
0,1754,30436.885633243463
0,1755,30423.777814154993
0,1756,30388.659218752528
0,1757,30415.6356362425
0,1758,30413.323850807046
0,1759,30394.560873371956
0,1760,30392.330432086615
0,1761,30458.532189559195
0,1762,30389.062591364916
0,1763,30422.825771882734
0,1764,30360.94276944726
0,1765,30410.819028655143
0,1766,30459.899862728988
0,1767,30435.869894210675
0,1768,30426.90932104495
0,1769,30407.8693539744
0,1770,30396.502927107354
0,1771,30366.069487504297
0,1772,30405.916754749793
0,1773,30467.458870140137
0,1774,30458.812864328826
0,1775,30406.406706669855
0,1776,30387.968481687272
0,1777,30381.33369426725
0,1778,30389.3103266171
0,1779,30439.366714692587
0,1780,30439.314716610264
0,1781,30447.77028060716
0,1782,30444.4816937185
0,1783,30393.17463441057
0,1784,30344.144825127347
0,1785,30361.46791206106
0,1786,30381.426467689038
0,1787,30374.705475096416
0,1788,30366.029749560177
0,1789,30380.54327458504
0,1790,30481.010486149098
0,1791,30434.358467460683
0,1792,30415.506529325878
0,1793,30453.826333976453
0,1794,30426.573510248872
0,1795,30422.257516600697
0,1796,30416.523468773048
0,1797,30396.93040276598
0,1798,30409.763621139093
0,1799,30419.02044278905
0,1800,30417.644355676694
0,1801,30396.66387765028
0,1802,30385.887244496967
0,1803,30375.75956397701
0,1804,30385.420719283477
0,1805,30418.749246049036
0,1806,30376.458150314134
0,1807,30395.972518157254
0,1808,30413.19511144011
0,1809,30450.04588185456
0,1810,30449.958667652372
0,1811,30429.789351246298
0,1812,30464.83466416344
0,1813,30439.29135023185
0,1814,30436.65678762722
0,1815,30447.81307797791
0,1816,30422.484432734505
0,1817,30434.31890071521
0,1818,30458.638129679453
0,1819,30418.832512241832
0,1820,30418.28102858836
0,1821,30391.922619321445
0,1822,30425.03569779121
0,1823,30400.422545808236
0,1824,30405.831182694368
0,1825,30449.495658700922
0,1826,30411.514345828135
0,1827,30462.29219956823
0,1828,30476.14779881011
0,1829,30417.208577739417
0,1830,30384.60133820204
0,1831,30378.554859937347
0,1832,30386.016094984705
0,1833,30406.022730351237
0,1834,30383.233495886572
0,1835,30382.355417432427
0,1836,30423.816154884473
0,1837,30446.94123089059
0,1838,30430.010499228814
0,1839,30414.905942850208
0,1840,30360.283990291417
0,1841,30370.082164534724
0,1842,30354.85631003308
0,1843,30379.285436345403
0,1844,30404.988775250717
0,1845,30433.315701955013
0,1846,30405.483363371703
0,1847,30398.89378309823
0,1848,30393.32049945758
0,1849,30385.194154335248
0,1850,30401.990302438408
0,1851,30370.251510863734
0,1852,30398.81058065748
0,1853,30392.137992196578
0,1854,30396.21809730766
0,1855,30373.993580661067
0,1856,30368.128782685373
0,1857,30425.905708311086
0,1858,30410.932182891727
0,1859,30411.70623629328
0,1860,30381.752783998258
0,1861,30398.59372795061
0,1862,30369.732361520033
0,1863,30411.796952004177
0,1864,30395.996194122898
0,1865,30412.7092877512
0,1866,30391.765615636345
0,1867,30390.777144627813
0,1868,30447.358961413694
0,1869,30440.035457920392
0,1870,30413.87070435749
0,1871,30432.454330702793
0,1872,30391.885175804877
0,1873,30406.645272735284
0,1874,30412.009741454167
0,1875,30453.11386753513
0,1876,30426.665845722862
0,1877,30430.424746082936
0,1878,30403.45094280129
0,1879,30452.42816906056
0,1880,30444.957776085317
0,1881,30461.22282297768
0,1882,30404.752711262794
0,1883,30433.82370954397
0,1884,30433.583128910108
0,1885,30424.440620008776
0,1886,30472.22865378928
0,1887,30472.105905231892
0,1888,30453.219638681825
0,1889,30426.000928655816
0,1890,30452.22417004539
0,1891,30398.453611180885
0,1892,30387.290363148397
0,1893,30421.37176953329
0,1894,30431.868109267325
0,1895,30397.029129149123
0,1896,30396.954823778357
0,1897,30381.609454017173
0,1898,30388.072066468692
0,1899,30402.96040173686
0,1900,30386.189653003898
0,1901,30382.084456376007
0,1902,30384.76026482178
0,1903,30402.17515842045
0,1904,30408.707493701993
0,1905,30473.06388410291
0,1906,30462.621842409568
0,1907,30374.204455401436
0,1908,30395.50681489834
0,1909,30408.819030574712
0,1910,30364.13884743694
0,1911,30358.32908859474
0,1912,30382.316372608166
0,1913,30405.785439120624
0,1914,30391.605328868325
0,1915,30389.334460774724
0,1916,30437.52933330454
0,1917,30428.885834579934
0,1918,30440.349829613584
0,1919,30411.794558855985
0,1920,30458.3232245574
0,1921,30443.68341485264
0,1922,30408.1309434053
0,1923,30401.220047506537
0,1924,30374.770268200078
0,1925,30413.653621487116
0,1926,30392.619802427424
0,1927,30400.94807829638
0,1928,30447.085986504666
0,1929,30412.83146715131
0,1930,30394.13033908479
0,1931,30420.477567945112
0,1932,30434.474258288086
0,1933,30429.230442787615
0,1934,30410.247912989085
0,1935,30471.209644030245
0,1936,30445.99626181875
0,1937,30449.41045262933
0,1938,30400.55873305331
0,1939,30432.059036468145
0,1940,30431.022261302292
0,1941,30374.772673634434
0,1942,30394.702819850892
0,1943,30420.256573482264
0,1944,30426.187097798935
0,1945,30465.379278693053
0,1946,30440.40098176441
0,1947,30449.45966864878
0,1948,30488.703246389417
0,1949,30450.055526768523
0,1950,30439.3774166933
0,1951,30465.46964507571
0,1952,30443.481431945223
0,1953,30433.52487568052
0,1954,30372.917404943313
0,1955,30337.444193593386
0,1956,30342.125098943226
0,1957,30323.518947933662
0,1958,30335.94622161176
0,1959,30380.34364753799
0,1960,30384.793062550678
0,1961,30390.31242499552
0,1962,30399.273762153396
0,1963,30406.547563223136
0,1964,30393.532413861936
0,1965,30388.681214957454
0,1966,30429.135391101827
0,1967,30403.58239497975
0,1968,30416.281053817056
0,1969,30436.861125111824
0,1970,30379.17052760624
0,1971,30445.597839911487
0,1972,30426.799588756396
0,1973,30429.779763174032
0,1974,30408.046411699106
0,1975,30452.53583463109
0,1976,30446.600374651916
0,1977,30479.90005827883
0,1978,30473.052838023308
0,1979,30466.63375183264
0,1980,30479.699444524784
0,1981,30415.034853187804
0,1982,30415.163826888675
0,1983,30377.762487061882
0,1984,30387.722842088246
0,1985,30408.143728918632
0,1986,30443.846352125238
0,1987,30471.24517682445
0,1988,30497.94019635704
0,1989,30444.026521794534
0,1990,30369.82426119488
0,1991,30380.42761371467
0,1992,30401.189428292404
0,1993,30375.45520146888
0,1994,30374.52543032805
0,1995,30396.65052506387
0,1996,30432.398148460805
0,1997,30394.429656690583
0,1998,30440.89620416599
0,1999,30423.022237710462
1,0,30437.319881915635
1,1,30423.69823927122
1,2,30429.661119064112
1,3,30439.269591602362
1,4,30451.278109284274
1,5,30426.582428617927
1,6,30397.510254840807
1,7,30399.976730446055
1,8,30448.586771082162
1,9,30387.858303454843
1,10,30429.427566278846
1,11,30392.15640342844
1,12,30423.228983499608
1,13,30386.286181135594
1,14,30442.606280769207
1,15,30397.623914563625
1,16,30410.941027612567
1,17,30436.686816314552
1,18,30441.82074446881
1,19,30449.903069958455
1,20,30424.433689143643
1,21,30413.30792983344
1,22,30446.66666745508
1,23,30418.837163575485
1,24,30415.041049497617
1,25,30403.311121508603
1,26,30425.89663282398
1,27,30393.035510769867
1,28,30406.065221113688
1,29,30398.21991445218
1,30,30395.990980213675
1,31,30367.391492698775
1,32,30386.719940374074
1,33,30359.61045031902
1,34,30389.555445267397
1,35,30382.160397019776
1,36,30409.321055303768
1,37,30399.04027578833
1,38,30381.31907613034
1,39,30360.365188132913
1,40,30363.13104492355
1,41,30429.33167390368
1,42,30382.235297348085
1,43,30402.14798048347
1,44,30370.481844153
1,45,30381.269577746163
1,46,30364.024335557046
1,47,30378.660391277394
1,48,30388.441928599466
1,49,30405.701817990986
1,50,30381.92416805223
1,51,30380.87244928914
1,52,30411.30447413407
1,53,30391.436310429777
1,54,30436.86290612427
1,55,30367.384181239457
1,56,30392.536313717308
1,57,30419.401556449877
1,58,30405.873485385717
1,59,30404.167609572378
1,60,30415.623648528977
1,61,30415.92275021727
1,62,30382.22104924292
1,63,30387.090952507337
1,64,30389.249566549996
1,65,30398.620900801267
1,66,30420.523996923144
1,67,30398.430164707068
1,68,30443.372756431385
1,69,30440.97346772928
1,70,30411.792119362537
1,71,30374.65701627104
1,72,30406.88371124382
1,73,30407.539329408923
1,74,30411.28948802658
1,75,30452.163873472888
1,76,30394.821256275987
1,77,30415.724336738098
1,78,30404.19773146336
1,79,30409.463991750734
1,80,30441.444599269318
1,81,30414.925588443213
1,82,30425.880609035365
1,83,30419.924054963994
1,84,30394.798707938477
1,85,30411.199751669694
1,86,30359.57871585603
1,87,30367.1046102426
1,88,30342.579266818528
1,89,30364.32491276312
1,90,30395.16032889938
1,91,30431.04185530493
1,92,30417.946482486845
1,93,30424.56365804571
1,94,30415.563078334075
1,95,30372.003149184082
1,96,30384.890656345757
1,97,30405.723865312102
1,98,30420.27778347848
1,99,30392.06247109741
1,100,30407.413579223456
1,101,30421.13362630733
1,102,30443.292362509383
1,103,30420.04073926528
1,104,30441.21251133593
1,105,30428.038163445566
1,106,30409.83911704352
1,107,30417.522093976833
1,108,30398.506375908757
1,109,30427.71502427689
1,110,30410.76462901207
1,111,30408.77426236177
1,112,30401.175507527754
1,113,30429.998206684977
1,114,30436.270999201504
1,115,30429.258439969395
1,116,30440.16394509858
1,117,30391.676396597908
1,118,30399.11998402701
1,119,30379.490638224186
1,120,30413.342618573028
1,121,30437.527194188435
1,122,30410.538972667582
1,123,30397.63017696859
1,124,30398.842265097697
1,125,30436.04555671082
1,126,30369.370122276418
1,127,30358.06627894152
1,128,30366.803914536657
1,129,30367.033907835703
1,130,30421.2547201438
1,131,30454.69262032878
1,132,30438.789819417383
1,133,30438.13127727873
1,134,30430.642307370435
1,135,30430.32103351147
1,136,30394.355266279457
1,137,30413.3063679121
1,138,30409.487068102586
1,139,30398.975951822595
1,140,30425.49810360789
1,141,30453.768290353328
1,142,30459.38770781287
1,143,30414.24798647884
1,144,30413.643523081926
1,145,30422.149378636685
1,146,30408.71085411205
1,147,30404.905447910518
1,148,30408.768417094816
1,149,30394.315958939365
1,150,30398.01139989498
1,151,30392.84502596452
1,152,30349.68314456572
1,153,30385.395410092413
1,154,30423.36058323155
1,155,30446.854638379336
1,156,30434.467285582185
1,157,30429.38464907487
1,158,30446.383176345775
1,159,30466.544378747814
1,160,30424.41835993626
1,161,30387.70176089408
1,162,30374.52569329627
1,163,30357.078242822798
1,164,30355.063816723192
1,165,30364.80489925161
1,166,30370.238412290455
1,167,30394.988115347973
1,168,30426.04661980892
1,169,30435.71157820446
1,170,30467.962310566963
1,171,30416.364359238025
1,172,30469.76497971291
1,173,30455.518861758184
1,174,30441.910602014228
1,175,30438.45879378848
1,176,30441.081504443813
1,177,30441.642776237804
1,178,30440.24332655434
1,179,30410.104983654473
1,180,30368.995861740477
1,181,30426.86175177179
1,182,30402.925268498504
1,183,30467.229538492007
1,184,30515.83182368229
1,185,30456.946915436725
1,186,30388.141299860567
1,187,30388.300392055877
1,188,30406.175395122104
1,189,30383.652903200666
1,190,30386.95246624569
1,191,30428.599565328914
1,192,30405.16654494217
1,193,30426.02365828409
1,194,30376.740359498883
1,195,30422.57107960639
1,196,30443.42609649569
1,197,30417.43327331916
1,198,30362.38770711749
1,199,30379.596987473597
1,200,30431.39431091951
1,201,30414.167735352865
1,202,30450.321646492648
1,203,30418.762336709784
1,204,30437.608396080483
1,205,30416.140540227727
1,206,30442.473788849195
1,207,30441.313069219806
1,208,30440.904807112565
1,209,30431.732639550915
1,210,30402.148373928307
1,211,30410.672151946426
1,212,30439.637453374136
1,213,30416.483562527388
1,214,30416.8384737811
1,215,30409.329836807217
1,216,30445.40353763765
1,217,30416.57077688606
1,218,30416.226188296674
1,219,30443.117629419823
1,220,30346.225396353264
1,221,30393.73549760514
1,222,30429.825882967853
1,223,30415.856866082202
1,224,30410.126811565806
1,225,30439.859483659155
1,226,30461.701670158487
1,227,30406.5758884026
1,228,30398.111344818546
1,229,30432.338885939924
1,230,30465.578051735134
1,231,30418.61843612915
1,232,30409.003779959705
1,233,30428.434826694243
1,234,30394.970919831343
1,235,30435.737234741748
1,236,30419.806475279143
1,237,30432.658933128765
1,238,30401.829635620452
1,239,30365.611935448356
1,240,30464.98464329383
1,241,30409.933382918898
1,242,30447.09323955477
1,243,30437.94621568831
1,244,30388.416984165866
1,245,30410.35813638048
1,246,30422.876184388722
1,247,30430.197460795778
1,248,30406.865359173404
1,249,30434.346531528983
1,250,30419.052452670032
1,251,30380.486349325667
1,252,30437.81478967141
1,253,30414.24053530361
1,254,30411.975354887865
1,255,30394.31116117297
1,256,30415.162023233366
1,257,30407.654922627975
1,258,30392.39447852451
1,259,30369.087484214135
1,260,30389.95961861197
1,261,30410.30380797865
1,262,30435.579122252
1,263,30450.78133005148
1,264,30402.80215204286
1,265,30374.077304318835
1,266,30369.38632834243
1,267,30376.174071883164
1,268,30372.122044462212
1,269,30378.771120087407
1,270,30412.64163313429
1,271,30409.385898280754
1,272,30398.109529491194
1,273,30445.323431953897
1,274,30438.171304048752
1,275,30403.949264581195
1,276,30415.68098044877
1,277,30409.304188266153
1,278,30361.772156387706
1,279,30404.933249374433
1,280,30403.337427981103
1,281,30386.00294084641
1,282,30411.74532530775
1,283,30438.069155428453
1,284,30428.176446345977
1,285,30431.833089507163
1,286,30428.268401191173
1,287,30419.703284319516
1,288,30432.571454708606
1,289,30489.12444236796
1,290,30446.928650544898
1,291,30416.066155649412
1,292,30433.36226458162
1,293,30397.58492642982
1,294,30375.504882908466
1,295,30416.038579112887
1,296,30421.967351885192
1,297,30368.083566578756
1,298,30362.4828154736
1,299,30364.25395641616
1,300,30377.997828289746
1,301,30393.38786211206
1,302,30406.54712066094
1,303,30397.323779822465
1,304,30437.856277902996
1,305,30452.329964559733
1,306,30428.258615642044
1,307,30447.79519288477
1,308,30432.60835522296
1,309,30402.36341169887
1,310,30401.079081664688
1,311,30379.625062019593
1,312,30392.16126670839
1,313,30368.485147504347
1,314,30373.468211127954
1,315,30384.405557235048
1,316,30407.161442489378
1,317,30411.70612520099
1,318,30422.02455532734
1,319,30394.475190510013
1,320,30419.68116524032
1,321,30405.29283686406
1,322,30405.18698348693
1,323,30421.11668058284
1,324,30430.77833863489
1,325,30477.797644760747
1,326,30480.799707066104
1,327,30436.115274644366
1,328,30452.061299110603
1,329,30424.739956589856
1,330,30450.677840159027
1,331,30445.720727232747
1,332,30455.34646588724
1,333,30402.218683674877
1,334,30421.370928484062
1,335,30377.68489408803
1,336,30402.286501739844
1,337,30330.574191994077
1,338,30372.579669233455
1,339,30389.929070643935
1,340,30419.50268933939
1,341,30405.219537993933
1,342,30420.339193467815
1,343,30400.174962156754
1,344,30398.979513155322
1,345,30395.77856498434
1,346,30376.05693544416
1,347,30400.475292513675
1,348,30425.383052108613
1,349,30462.219549355395
1,350,30472.83477486674
1,351,30476.096285929656
1,352,30502.2164090016
1,353,30456.268941986513
1,354,30450.111895792954
1,355,30431.99631599052
1,356,30418.234647762332
1,357,30425.008895842457
1,358,30385.489470679186
1,359,30404.484483016367
1,360,30387.339088111432
1,361,30387.7276193295
1,362,30370.480795233332
1,363,30369.254133023496
1,364,30408.14453864023
1,365,30431.887509398555
1,366,30393.655120247262
1,367,30456.625933690928
1,368,30452.923826060032
1,369,30456.366219190182
1,370,30437.116843183958
1,371,30434.866846246336
1,372,30462.415757486364
1,373,30421.407802435388
1,374,30443.174371754947
1,375,30399.900082958105
1,376,30440.315089750864
1,377,30445.51417734686
1,378,30459.476987927275
1,379,30400.97202594781
1,380,30402.055202430798
1,381,30460.303812144983
1,382,30461.110929082606
1,383,30443.78252498642
1,384,30433.38689459164
1,385,30428.78651831899
1,386,30418.240324156868
1,387,30470.027734272746
1,388,30433.955294892603
1,389,30412.29665403278
1,390,30406.479442986023
1,391,30421.788936669655
1,392,30386.163156334493
1,393,30375.29637590946
1,394,30409.053789424193
1,395,30424.56413278901
1,396,30424.037087886638
1,397,30436.34115052575
1,398,30400.946077352775
1,399,30348.97607985167
1,400,30432.26970622729
1,401,30441.430356290184
1,402,30454.75545228127
1,403,30420.780374528054
1,404,30426.108498510854
1,405,30398.52431339799
1,406,30387.493197148735
1,407,30407.818490128077
1,408,30397.129338152612
1,409,30435.730825231174
1,410,30447.65903330873
1,411,30449.112591449753
1,412,30454.278380424716
1,413,30411.30935152418
1,414,30414.872021940573
1,415,30423.028861726267
1,416,30400.053706737883
1,417,30386.595836376837
1,418,30424.23902617426
1,419,30408.380582517166
1,420,30389.575307783954
1,421,30413.795690506413
1,422,30384.418475834995
1,423,30393.331386214788
1,424,30455.384117276375
1,425,30490.552904822984
1,426,30469.515456041718
1,427,30415.09589226635
1,428,30441.881884882183
1,429,30443.684220772488
1,430,30411.65227668939
1,431,30440.046910734054
1,432,30412.857726579914
1,433,30406.623739510815
1,434,30382.45565366798
1,435,30410.18794207761
1,436,30401.738957907957
1,437,30415.49389030432
1,438,30414.372330399958
1,439,30397.60271355568
1,440,30428.826315098653
1,441,30406.140516379077
1,442,30371.099812394263
1,443,30341.293360585925
1,444,30380.412248958317
1,445,30426.937466587646
1,446,30446.13550842656
1,447,30426.28913552866
1,448,30415.927255294842
1,449,30456.011368488325
1,450,30412.102594712127
1,451,30418.672092401277
1,452,30363.158556965765
1,453,30363.324014501908
1,454,30380.559485114503
1,455,30410.630095538683
1,456,30417.161889264087
1,457,30451.831268370264
1,458,30453.409216933574
1,459,30455.677278838346
1,460,30437.456872678238
1,461,30431.988493634788
1,462,30443.86748098166
1,463,30439.048119462524
1,464,30432.457719071266
1,465,30426.132968568538
1,466,30392.360486182362
1,467,30397.93261349806
1,468,30397.176840247466
1,469,30446.99571842521
1,470,30469.345996295702
1,471,30443.359136357412
1,472,30416.00335458766
1,473,30397.82612894096
1,474,30434.765611858926
1,475,30404.002029723884
1,476,30421.10265575192
1,477,30439.29053316206
1,478,30389.53161130056
1,479,30396.447699254466
1,480,30398.44670894084
1,481,30446.954656105478
1,482,30417.08332185445
1,483,30430.026298816672
1,484,30436.051856667957
1,485,30442.530289728693
1,486,30453.842431326688
1,487,30389.84754820472
1,488,30385.84762831664
1,489,30412.17247952745
1,490,30418.142745932833
1,491,30437.82377746816
1,492,30420.28634469989
1,493,30423.984557518834
1,494,30448.82715448054
1,495,30440.561270782076
1,496,30426.256634173442
1,497,30455.7203647771
1,498,30444.580015175507
1,499,30494.367177506978
1,500,30429.02367368485
1,501,30394.408955872652
1,502,30405.16187618139
1,503,30401.439435609267
1,504,30397.735100962236
1,505,30403.2013175088
1,506,30402.129460963126
1,507,30391.622647344626
1,508,30444.353227396885
1,509,30428.023575873285
1,510,30488.929833500817
1,511,30466.909920867616
1,512,30400.646682218623
1,513,30395.656235000002
1,514,30386.26238470027
1,515,30434.99390654861
1,516,30413.332306035558
1,517,30418.52350454442
1,518,30438.05821338676
1,519,30434.029338883414
1,520,30421.337716706494
1,521,30436.619190183203
1,522,30410.247512144913
1,523,30407.486268683682
1,524,30417.279706152785
1,525,30451.579856998676
1,526,30403.864298582976
1,527,30427.513601942304
1,528,30388.395834203773
1,529,30460.018490352115
1,530,30434.13967217973
1,531,30357.067794990617
1,532,30333.04363174203
1,533,30371.85620965176
1,534,30388.930734582198
1,535,30379.95327320644
1,536,30380.756183892758
1,537,30385.502386768112
1,538,30403.396105053434
1,539,30386.50029952877
1,540,30430.070134711725
1,541,30457.615869879322
1,542,30395.447158700757
1,543,30393.1019705552
1,544,30392.577463206668
1,545,30416.85428098491
1,546,30368.303636634446
1,547,30361.422048483684
1,548,30364.738465912633
1,549,30412.55959305877
1,550,30441.398689195714
1,551,30418.95432023065
1,552,30415.774125402222
1,553,30402.348038976164
1,554,30440.617827466816
1,555,30417.080902661746
1,556,30409.404559706258
1,557,30378.42161757359
1,558,30401.101139586513
1,559,30382.142330359387
1,560,30426.854838797706
1,561,30490.88493937534
1,562,30457.76115276974
1,563,30435.26302355011
1,564,30415.195020033167
1,565,30398.76866267926
1,566,30430.997088625198
1,567,30407.372313885604
1,568,30475.23235988811
1,569,30423.33968244391
1,570,30406.22603842208
1,571,30378.286876651702
1,572,30334.60265786118
1,573,30336.084758048026
1,574,30375.48730931884
1,575,30402.33569426244
1,576,30389.885035163756
1,577,30389.60757042531
1,578,30401.736201907926
1,579,30373.384471539226
1,580,30346.235911999876
1,581,30376.50223414942
1,582,30412.625685302293
1,583,30440.920772803995
1,584,30446.224523324814
1,585,30426.07350434336
1,586,30384.488878177766
1,587,30379.45391649228
1,588,30427.58624105668
1,589,30448.26112394847
1,590,30456.33778414043
1,591,30432.11919874061
1,592,30459.353848278402
1,593,30467.92910766301
1,594,30416.83186621074
1,595,30420.979254166054
1,596,30410.62541488687
1,597,30403.33646108168
1,598,30431.603057974567
1,599,30443.915354831897
1,600,30432.523843362764
1,601,30453.290511326315
1,602,30430.380393138643
1,603,30434.865805435722
1,604,30442.68197581226
1,605,30402.192505659263
1,606,30344.59726533062
1,607,30403.273837008142
1,608,30416.58767642368
1,609,30455.73538864853
1,610,30413.886555964094
1,611,30406.071064029384
1,612,30408.338969276003
1,613,30449.984421175606
1,614,30420.152124410914
1,615,30393.06287466953
1,616,30407.49188237257
1,617,30418.205318057167
1,618,30440.945538739164
1,619,30411.77398619606
1,620,30388.772711163183
1,621,30434.120045456035
1,622,30452.053438089493
1,623,30382.625137467818
1,624,30410.031006751356
1,625,30388.00241840342
1,626,30390.514440764444
1,627,30347.22289174148
1,628,30382.235462776105
1,629,30392.899779229618
1,630,30432.995113852092
1,631,30425.841586760584
1,632,30454.57816375099
1,633,30438.093870728364
1,634,30446.40627302889
1,635,30472.04871776948
1,636,30424.82649480277
1,637,30447.05766477627
1,638,30466.16031288384
1,639,30392.435349972107
1,640,30385.892632078227
1,641,30373.54234387986
1,642,30375.251380716145
1,643,30344.706536460853
1,644,30414.40129891606
1,645,30443.078146663705
1,646,30432.73588328529
1,647,30423.98633940867
1,648,30400.047719286267
1,649,30438.15132577839
1,650,30433.498902513988
1,651,30385.706680572708
1,652,30405.03910917615
1,653,30438.712128064846
1,654,30483.139845146332
1,655,30423.218182912864
1,656,30432.074935151057
1,657,30388.540161173714
1,658,30440.603044330077
1,659,30460.713095397383
1,660,30439.110200503445
1,661,30448.433670396586
1,662,30441.75746903558
1,663,30503.491809576295
1,664,30461.06615034509
1,665,30440.842369023918
1,666,30418.078386030895
1,667,30434.149992329352
1,668,30438.54076289281
1,669,30449.633808985578
1,670,30453.834664474285
1,671,30446.039143304566
1,672,30415.60814614731
1,673,30422.63267668458
1,674,30423.30447856394
1,675,30403.658721562373
1,676,30400.167803183216
1,677,30429.130520784136
1,678,30404.000053391497
1,679,30415.901216300983
1,680,30445.63068608604
1,681,30456.9229058773
1,682,30415.649143966373
1,683,30419.937146056065
1,684,30387.12614951926
1,685,30385.187353826517
1,686,30424.875998770596
1,687,30443.01019182473
1,688,30486.263072320955
1,689,30435.9245436393
1,690,30374.418764907976
1,691,30356.951481844495
1,692,30417.485651280724
1,693,30391.525212854784
1,694,30414.912183860328
1,695,30369.25556828244
1,696,30424.508599378867
1,697,30388.62121014954
1,698,30408.500070563554
1,699,30424.676845290785
1,700,30383.06296912551
1,701,30405.84379153028
1,702,30436.64459825748
1,703,30417.755478337876
1,704,30391.555805044765
1,705,30416.807787420752
1,706,30408.773688170888
1,707,30425.184834692172
1,708,30417.604343471838
1,709,30400.142671221463
1,710,30394.01006255217
1,711,30422.436010064834
1,712,30469.033578954528
1,713,30438.244786758503
1,714,30402.513817925017
1,715,30391.202144562514
1,716,30371.185104695473
1,717,30380.25613377401
1,718,30404.506546432094
1,719,30394.241571131235
1,720,30388.186496311057
1,721,30397.485236294036
1,722,30431.430490194765
1,723,30392.55971384729
1,724,30383.02629152343
1,725,30400.09655146707
1,726,30409.201683759544
1,727,30329.802874491194
1,728,30331.734681686783
1,729,30355.83905700861
1,730,30387.0830713947
1,731,30400.735829121248
1,732,30365.639666560302
1,733,30377.188342237558
1,734,30374.700889282154
1,735,30368.9660501021
1,736,30395.739561438168
1,737,30377.25556755552
1,738,30396.446625094068
1,739,30425.312062592828
1,740,30392.561534404605
1,741,30400.504544319218
1,742,30403.07285738692
1,743,30390.467724533646
1,744,30402.776707665835
1,745,30414.04895653703
1,746,30419.056926131943
1,747,30400.547540932093
1,748,30412.45649098456
1,749,30413.85519505499
1,750,30408.713032899785
1,751,30396.72171483547
1,752,30371.69763341018
1,753,30394.17788844816
1,754,30355.38994982151
1,755,30390.255106066008
1,756,30390.59824473011
1,757,30402.47325913206
1,758,30371.83540206981
1,759,30421.721559304915
1,760,30399.808740354332
1,761,30379.323107038115
1,762,30421.779545503803
1,763,30405.294273643296
1,764,30410.749509109046
1,765,30401.185194652902
1,766,30443.578693795724
1,767,30395.02017343547
1,768,30402.91055159366
1,769,30422.448749469215
1,770,30448.291386639543
1,771,30414.492789184213
1,772,30391.731827266987
1,773,30462.400030459456
1,774,30485.963525138985
1,775,30471.833065197447
1,776,30470.11397075372
1,777,30433.57978357789
1,778,30424.57860445066
1,779,30459.607347260135
1,780,30413.386917731466
1,781,30382.54304504348
1,782,30402.33268057487
1,783,30400.77628981657
1,784,30388.838631584797
1,785,30391.050189740254
1,786,30409.07314149384
1,787,30414.26336873843
1,788,30462.541073153814
1,789,30455.42564523187
1,790,30442.766724086025
1,791,30403.35683882739
1,792,30381.51281680017
1,793,30368.944487892888
1,794,30388.574871949273
1,795,30416.351769239795
1,796,30408.954599868404
1,797,30442.457385787253
1,798,30405.064255157027
1,799,30399.382830104536
1,800,30388.064191381298
1,801,30370.64334128961
1,802,30399.31326315045
1,803,30427.013062461847
1,804,30478.865286675715
1,805,30453.786869957614
1,806,30437.257600495563
1,807,30408.77488706246
1,808,30405.20431199031
1,809,30413.063437154524
1,810,30400.84002611299
1,811,30433.99036864498
1,812,30463.960244103095
1,813,30436.8422399879
1,814,30436.542632592955
1,815,30377.36610208892
1,816,30342.836716923062
1,817,30412.389470445778
1,818,30337.089181008832
1,819,30422.259887504202
1,820,30426.226719688573
1,821,30382.14741901326
1,822,30383.797700738294
1,823,30351.95836359925
1,824,30363.79716216185
1,825,30400.709916878946
1,826,30417.75427560334
1,827,30430.459389975946
1,828,30430.23209638798
1,829,30409.836054591768
1,830,30373.848067074236
1,831,30388.699045278467
1,832,30443.453613063833
1,833,30423.132686946035
1,834,30402.35899248105
1,835,30381.6368812309
1,836,30440.97399204811
1,837,30469.796012654315
1,838,30462.449146930587
1,839,30422.70794856463
1,840,30453.9132691335
1,841,30429.924888018162
1,842,30430.95921438508
1,843,30407.69716409716
1,844,30387.38588704153
1,845,30397.32370645113
1,846,30394.319047406887
1,847,30409.43633242341
1,848,30462.302299013125
1,849,30433.754523895564
1,850,30426.31958537322
1,851,30411.5185117365
1,852,30406.391808950484
1,853,30375.134383422086
1,854,30394.07885600134
1,855,30419.86395979854
1,856,30441.328088069964
1,857,30429.82303565783
1,858,30477.6380310668
1,859,30447.595910141623
1,860,30363.668944610316
1,861,30441.1530006422
1,862,30404.59981844082
1,863,30420.214152730972
1,864,30393.536143967245
1,865,30415.24893997111
1,866,30412.585003194363
1,867,30454.78766031632
1,868,30407.468376372064
1,869,30369.812349370564
1,870,30360.70478344937
1,871,30393.652865890042
1,872,30373.68870463019
1,873,30390.448168932755
1,874,30392.719172961188
1,875,30398.14761240234
1,876,30338.783722744938
1,877,30352.595211783064
1,878,30362.019556111918
1,879,30357.454563387357
1,880,30405.19526647181
1,881,30391.248415814534
1,882,30357.303186659694
1,883,30404.34453351946
1,884,30383.52431969417
1,885,30377.274842966905
1,886,30390.265181425115
1,887,30399.391884538
1,888,30424.016237804157
1,889,30417.079223498986
1,890,30413.157345358428
1,891,30394.572580459208
1,892,30370.743492402067
1,893,30382.3219733327
1,894,30429.98235004743
1,895,30422.972947537215
1,896,30407.66026552988
1,897,30420.93087774154
1,898,30440.806216037017
1,899,30392.47396241526
1,900,30415.263085668706
1,901,30428.683172184916
1,902,30412.894863775793
1,903,30417.05725188765
1,904,30391.021594382048
1,905,30390.665548533518
1,906,30365.528374324153
1,907,30411.260368448908
1,908,30423.199141127945
1,909,30395.787448302468
1,910,30408.12615575413
1,911,30384.207485986593
1,912,30348.200444064067
1,913,30415.31321353364
1,914,30412.115815986457
1,915,30491.884398675527
1,916,30406.15798163152
1,917,30396.76418140801
1,918,30461.20281579634
1,919,30444.721139762005
1,920,30449.382178785094
1,921,30401.51420108549
1,922,30417.202300468805
1,923,30394.92000780733
1,924,30401.9807156462
1,925,30442.196682371352
1,926,30420.18753021766
1,927,30425.597984923283
1,928,30416.867257255715
1,929,30401.05340390471
1,930,30399.295666920672
1,931,30416.713681695866
1,932,30416.525626061182
1,933,30376.645745236663
1,934,30407.8860850165
1,935,30414.285198681406
1,936,30416.98581225343
1,937,30424.577162815858
1,938,30458.26613088368
1,939,30489.953431100887
1,940,30518.261580993945
1,941,30439.78228183566
1,942,30460.873987997482
1,943,30412.66050605857
1,944,30428.029356912142
1,945,30392.270671993756
1,946,30456.44764939816
1,947,30435.608546223884
1,948,30436.53195254636
1,949,30389.936342380508
1,950,30396.991107347814
1,951,30431.262235745133
1,952,30415.256164942177
1,953,30382.59119949012
1,954,30419.032120388714
1,955,30403.300411845965
1,956,30428.43083728682
1,957,30430.040807836944
1,958,30435.504770206513
1,959,30430.15822318092
1,960,30394.39330404671
1,961,30368.83684521469
1,962,30392.1942523727
1,963,30375.798055814266
1,964,30397.67697982348
1,965,30397.058555642117
1,966,30407.931701043974
1,967,30422.32966933668
1,968,30401.151008963174
1,969,30404.4242230645
1,970,30393.008153981726
1,971,30421.556531894053
1,972,30398.485221341558
1,973,30444.2062128913
1,974,30431.976255949918
1,975,30368.818447013186
1,976,30355.273587666474
1,977,30402.922252459022
1,978,30403.01425106117
1,979,30386.405781920803
1,980,30433.72317345356
1,981,30442.046786520437
1,982,30437.25870767822
1,983,30394.32434805052
1,984,30440.945843033507
1,985,30446.726173530176
1,986,30429.78797544595
1,987,30406.261056582847
1,988,30396.24622577452
1,989,30405.519029476127
1,990,30421.767222812137
1,991,30437.786905067795
1,992,30403.589414086855
1,993,30421.931313434634
1,994,30442.190931705485
1,995,30381.40008560384
1,996,30407.3215657433
1,997,30462.7158736712
1,998,30452.239793216522
1,999,30478.183396698456
1,1000,30450.811831766234
1,1001,30428.43914715627
1,1002,30408.21177193759
1,1003,30416.47825955912
1,1004,30378.96445283999
1,1005,30452.53407149696
1,1006,30481.06980462561
1,1007,30475.207776683663
1,1008,30437.939138176385
1,1009,30462.936052833986
1,1010,30387.9888986015
1,1011,30373.92040169875
1,1012,30376.25759486028
1,1013,30380.399175612543
1,1014,30391.351152430732
1,1015,30450.464231906783
1,1016,30426.221889163797
1,1017,30413.401471618818
1,1018,30428.586345955933
1,1019,30407.688571534953
1,1020,30393.418871013655
1,1021,30368.476859366456
1,1022,30429.256402820472
1,1023,30410.039762075732
1,1024,30420.970158636734
1,1025,30427.34561021601
1,1026,30391.079960868447
1,1027,30437.9892834911
1,1028,30465.555412868933
1,1029,30470.401726618715
1,1030,30435.52491079533
1,1031,30440.15415231353
1,1032,30408.47385746663
1,1033,30407.154632111902
1,1034,30417.346846024262
1,1035,30384.33694071393
1,1036,30405.321486133245
1,1037,30400.372459195278
1,1038,30382.09675328664
1,1039,30415.110114485764
1,1040,30441.97376620521
1,1041,30407.468308051193
1,1042,30396.62483429221
1,1043,30384.154742118684
1,1044,30423.247652123475
1,1045,30466.644425012248
1,1046,30394.425892007974
1,1047,30375.414146360115
1,1048,30349.85112273794
1,1049,30375.390140206877
1,1050,30340.195770474733
1,1051,30392.395172239183
1,1052,30395.327122201164
1,1053,30396.961438248836
1,1054,30417.502950367198
1,1055,30408.748058016845
1,1056,30425.190359483007
1,1057,30443.215055771907
1,1058,30416.413032791203
1,1059,30401.405016056087
1,1060,30444.189442995936
1,1061,30420.138157692654
1,1062,30427.206003572814
1,1063,30396.403429600854
1,1064,30404.28462626977
1,1065,30407.99433011034
1,1066,30412.034899250444
1,1067,30452.18821813336
1,1068,30428.2993809237
1,1069,30460.33707787299
1,1070,30494.115616913514
1,1071,30462.72182090285
1,1072,30414.808280119592
1,1073,30385.643061511604
1,1074,30408.071590516833
1,1075,30382.682403576364
1,1076,30400.84368651228
1,1077,30425.3924044927
1,1078,30394.24193964743
1,1079,30361.20330418048
1,1080,30374.61793132615
1,1081,30381.12265778061
1,1082,30407.94934012601
1,1083,30393.53339220789
1,1084,30414.30545070465
1,1085,30391.689152440136
1,1086,30360.281304092056
1,1087,30407.95068176719
1,1088,30397.843105224067
1,1089,30421.557547796183
1,1090,30457.442175596592
1,1091,30426.219112094233
1,1092,30433.983092039616
1,1093,30391.714146326834
1,1094,30391.923941492627
1,1095,30350.82869319761
1,1096,30396.706604573472
1,1097,30376.994689184616
1,1098,30419.769583462043
1,1099,30437.5869720963
1,1100,30437.9259825628
1,1101,30358.52334815066
1,1102,30395.752065364468
1,1103,30405.697869824475
1,1104,30389.054942094972
1,1105,30345.274714671934
1,1106,30352.73568034951
1,1107,30342.724908153912
1,1108,30404.367528515977
1,1109,30428.04705291828
1,1110,30441.652836378686
1,1111,30406.321696581355
1,1112,30354.762119894403
1,1113,30390.77308101815
1,1114,30359.825421829402
1,1115,30378.689811929948
1,1116,30395.51977605168
1,1117,30400.717400954865
1,1118,30405.857135801438
1,1119,30390.795314384854
1,1120,30396.276925837636
1,1121,30380.685546358818
1,1122,30388.67367111528
1,1123,30366.923806292394
1,1124,30358.242946433922
1,1125,30399.77362280499
1,1126,30390.602715875168
1,1127,30393.55031353618
1,1128,30396.06093683937
1,1129,30400.922131888412
1,1130,30442.035086286975
1,1131,30395.78347286531
1,1132,30400.53844324847
1,1133,30454.06191590325
1,1134,30438.55051935642
1,1135,30396.600852525622
1,1136,30415.71576639539
1,1137,30462.479820231354
1,1138,30406.226851335836
1,1139,30399.87209800575
1,1140,30399.255244592394
1,1141,30416.06417094965
1,1142,30404.052729160438
1,1143,30421.93488556514
1,1144,30378.723252120515
1,1145,30366.73260519923
1,1146,30400.039968899393
1,1147,30423.954893320468
1,1148,30396.184182691755
1,1149,30442.69628440813
1,1150,30447.61100193901
1,1151,30433.432210752
1,1152,30416.033050532013
1,1153,30436.276423673356
1,1154,30443.142982067588
1,1155,30467.892675803065
1,1156,30443.2055409204
1,1157,30380.74079226251
1,1158,30366.26617794542
1,1159,30369.832329632645
1,1160,30431.623329961127
1,1161,30470.724657174807
1,1162,30470.002780179067
1,1163,30448.453911391924
1,1164,30435.600059244687
1,1165,30410.337958416
1,1166,30406.36349781808
1,1167,30436.408279580653
1,1168,30418.313243158926
1,1169,30395.71711106391
1,1170,30419.240240602823
1,1171,30356.1804111413
1,1172,30405.541413055555
1,1173,30333.40870636518
1,1174,30374.562368548857
1,1175,30373.656893446023
1,1176,30414.69207472143
1,1177,30422.935999827445
1,1178,30461.806861914476
1,1179,30363.606866416947
1,1180,30427.93019015965
1,1181,30410.798631121546
1,1182,30405.17538360552
1,1183,30457.28862434161
1,1184,30418.162061950698
1,1185,30442.94474476708
1,1186,30429.583031127
1,1187,30457.08341585709
1,1188,30455.53094827782
1,1189,30457.68630816317
1,1190,30407.910624397256
1,1191,30393.283413002842
1,1192,30390.15214129328
1,1193,30423.982627060897
1,1194,30428.527649315805
1,1195,30445.933061873835
1,1196,30436.716106210373
1,1197,30437.61443871047
1,1198,30451.442788580218
1,1199,30411.83552796009
1,1200,30387.23465990362
1,1201,30370.172571594067
1,1202,30404.367515171678
1,1203,30366.051540498127
1,1204,30396.387085167084
1,1205,30406.331815458234
1,1206,30392.62027872218
1,1207,30451.43056689316
1,1208,30442.055630561903
1,1209,30436.37102686695
1,1210,30434.40844156947
1,1211,30456.003847165844
1,1212,30445.46517156787
1,1213,30474.324665294436
1,1214,30424.663393366915
1,1215,30408.312987275178
1,1216,30360.21220887928
1,1217,30366.032781438993
1,1218,30350.73140669034
1,1219,30395.241593697825
1,1220,30423.728656238123
1,1221,30416.266541256133
1,1222,30433.25793471853
1,1223,30452.48067483585
1,1224,30452.554987523195
1,1225,30431.21710175238
1,1226,30418.098229522926
1,1227,30417.54377211699
1,1228,30380.426854976697
1,1229,30416.804215647426
1,1230,30439.657838078874
1,1231,30394.632016808777
1,1232,30414.06786827729
1,1233,30442.427118999756
1,1234,30409.304712413326
1,1235,30421.194673792754
1,1236,30437.562563873642
1,1237,30429.102445040837
1,1238,30411.711100003748
1,1239,30400.743643990863
1,1240,30367.219993620572
1,1241,30413.79214500591
1,1242,30395.376182307526
1,1243,30367.66640261665
1,1244,30410.28011110145
1,1245,30399.78318141554
1,1246,30383.591214366697
1,1247,30371.184651469845
1,1248,30403.882483404945
1,1249,30372.940995067842
1,1250,30374.83736260468
1,1251,30427.754071408635
1,1252,30413.48756177805
1,1253,30471.634624127
1,1254,30471.218760979136
1,1255,30432.283948423083
1,1256,30439.00252519637
1,1257,30464.762927893407
1,1258,30430.02718715675
1,1259,30440.814260634823
1,1260,30457.129947368394
1,1261,30420.363400149323
1,1262,30377.941388236944
1,1263,30417.26677700766
1,1264,30429.638742533636
1,1265,30421.181364198987
1,1266,30439.91320579122
1,1267,30432.429711615
1,1268,30431.412173360906
1,1269,30396.47952056258
1,1270,30401.719503396507
1,1271,30411.151284189717
1,1272,30406.897819734237
1,1273,30437.675959160246
1,1274,30347.99389203515
1,1275,30418.366912309237
1,1276,30433.47892446286
1,1277,30410.408826425133
1,1278,30438.163795140375
1,1279,30422.498046065193
1,1280,30445.475093279638
1,1281,30481.585850840507
1,1282,30449.904109818897
1,1283,30460.183614965215
1,1284,30413.535193454878
1,1285,30418.950748650434
1,1286,30395.197891230648
1,1287,30402.193514217663
1,1288,30429.9220881605
1,1289,30445.581153303967
1,1290,30441.454459975273
1,1291,30437.835495148513
1,1292,30431.10531924285
1,1293,30419.740453175466
1,1294,30416.980271777644
1,1295,30408.56158441156
1,1296,30376.541827100446
1,1297,30350.10785630896
1,1298,30323.18407853072
1,1299,30365.465369954865
1,1300,30402.670703820335
1,1301,30470.082663228342
1,1302,30457.716855126804
1,1303,30410.480859441243
1,1304,30429.800767657267
1,1305,30420.36406945032
1,1306,30375.962845668535
1,1307,30326.927289144507
1,1308,30380.27539862962
1,1309,30396.960791923368
1,1310,30402.732362025035
1,1311,30434.543176783274
1,1312,30382.372158632646
1,1313,30407.225507459796
1,1314,30449.907898144225
1,1315,30456.076543470837
1,1316,30422.49968151936
1,1317,30464.54541575185
1,1318,30482.585883419695
1,1319,30416.92753197201
1,1320,30444.141440096355
1,1321,30429.763671272376
1,1322,30455.978384617727
1,1323,30426.906493969047
1,1324,30409.774364634435
1,1325,30424.544100878687
1,1326,30405.735364759963
1,1327,30426.613633093995
1,1328,30461.873666462718
1,1329,30390.05777319026
1,1330,30440.98208183559
1,1331,30411.337931007853
1,1332,30402.820239958044
1,1333,30441.94065134024
1,1334,30394.648538129735
1,1335,30427.31762363001
1,1336,30469.119402231667
1,1337,30426.661084822375
1,1338,30416.953126959364
1,1339,30439.4498225623
1,1340,30393.843388151352
1,1341,30454.02094511432
1,1342,30391.598240713312
1,1343,30373.348812938966
1,1344,30437.036434723726
1,1345,30449.027704161614
1,1346,30456.57408821641
1,1347,30397.71112229067
1,1348,30407.91801835973
1,1349,30425.73982351192
1,1350,30383.310623937396
1,1351,30369.283518825952
1,1352,30334.71536520945
1,1353,30387.401443290557
1,1354,30372.123657576325
1,1355,30375.01426483458
1,1356,30432.200349079234
1,1357,30503.27708702735
1,1358,30491.92117059568
1,1359,30447.019479012364
1,1360,30455.65520535992
1,1361,30459.08503572452
1,1362,30423.67275900313
1,1363,30452.30361121157
1,1364,30425.91977719177
1,1365,30394.918097753573
1,1366,30388.071517735334
1,1367,30362.021838625555
1,1368,30396.197276280494
1,1369,30397.108472657175
1,1370,30413.382348703013
1,1371,30420.957795061782
1,1372,30418.720704359384
1,1373,30404.80751311836
1,1374,30442.67116154579
1,1375,30462.69783407651
1,1376,30480.762582802246
1,1377,30489.580594369814
1,1378,30485.302592573433
1,1379,30465.89087436851
1,1380,30446.579907838484
1,1381,30425.315044712144
1,1382,30447.97698837313
1,1383,30480.375537131924
1,1384,30436.850789311065
1,1385,30435.43944618211
1,1386,30416.032408963867
1,1387,30418.523374550627
1,1388,30416.509291790455
1,1389,30395.240175490362
1,1390,30431.55207935594
1,1391,30433.488739267756
1,1392,30432.151541011706
1,1393,30407.257747158477
1,1394,30391.42005368062
1,1395,30373.584136593316
1,1396,30360.466002715537
1,1397,30389.865841538372
1,1398,30354.30100909953
1,1399,30404.592586785624
1,1400,30380.590508580084
1,1401,30388.695077566594
1,1402,30430.237190429136
1,1403,30368.23416701816
1,1404,30399.124317871152
1,1405,30432.79085576998
1,1406,30443.772933835717
1,1407,30422.617289147667
1,1408,30436.222770994777
1,1409,30402.98991109934
1,1410,30395.134897037766
1,1411,30433.348189438177
1,1412,30448.66013366367
1,1413,30456.242991184048
1,1414,30431.28347357022
1,1415,30456.5120049039
1,1416,30437.415157877014
1,1417,30462.886391318287
1,1418,30432.01146486587
1,1419,30436.617949671752
1,1420,30441.241246474572
1,1421,30448.21578595992
1,1422,30402.19106598701
1,1423,30414.07875922253
1,1424,30375.27773986038
1,1425,30406.865961065705
1,1426,30415.380390658745
1,1427,30384.98765281338
1,1428,30377.553120976914
1,1429,30411.157029784117
1,1430,30373.897523235166
1,1431,30383.16030936597
1,1432,30407.21254786816
1,1433,30418.888826971302
1,1434,30410.204476034167
1,1435,30400.451087569916
1,1436,30387.498318332382
1,1437,30390.26100694215
1,1438,30458.97773739692
1,1439,30463.92095700415
1,1440,30449.623899311864
1,1441,30489.326374392564
1,1442,30446.242006401506
1,1443,30435.840823058265
1,1444,30391.163706451818
1,1445,30421.96087590973
1,1446,30411.019419159245
1,1447,30370.386302036255
1,1448,30377.89814230511
1,1449,30390.361307580228
1,1450,30366.77516772779
1,1451,30396.22196300417
1,1452,30393.663980627087
1,1453,30351.258419663605
1,1454,30366.612355325884
1,1455,30420.452864084047
1,1456,30397.621959817378
1,1457,30410.8484620267
1,1458,30412.069167715315
1,1459,30429.288531433605
1,1460,30398.856113712125
1,1461,30412.966340740306
1,1462,30451.76828886569
1,1463,30396.284680508907
1,1464,30382.224405478504
1,1465,30360.981994557947
1,1466,30375.073552805075
1,1467,30383.186680182305
1,1468,30373.298400714397
1,1469,30408.130691769424
1,1470,30380.747039150247
1,1471,30434.484080396713
1,1472,30409.6153367517
1,1473,30396.256593172497
1,1474,30411.01900778397
1,1475,30389.03512545503
1,1476,30401.457604151547
1,1477,30383.468226368517
1,1478,30387.301817148596
1,1479,30353.850176189822
1,1480,30339.36745288832
1,1481,30374.81734224772
1,1482,30396.380474135385
1,1483,30453.50171423156
1,1484,30460.96243880119
1,1485,30431.473022723832
1,1486,30401.935943957018
1,1487,30339.25334970445
1,1488,30392.105994584774
1,1489,30404.08657087457
1,1490,30399.53375065926
1,1491,30388.798571610503
1,1492,30368.5904422249
1,1493,30373.58016891548
1,1494,30426.136184117255
1,1495,30451.15835282194
1,1496,30398.30807771944
1,1497,30387.7657763906
1,1498,30383.363293423838
1,1499,30390.58581807253
1,1500,30394.196172919128
1,1501,30419.29644668313
1,1502,30392.548140271472
1,1503,30448.9522433716
1,1504,30408.374170122188
1,1505,30387.819097133062
1,1506,30398.387469951227
1,1507,30432.059015848437
1,1508,30414.84297412418
1,1509,30400.455498478368
1,1510,30407.252643964643
1,1511,30403.103234388385
1,1512,30387.146732218807
1,1513,30377.356996282662
1,1514,30421.58729784815
1,1515,30424.551565781843
1,1516,30415.05768293589
1,1517,30380.78206303792
1,1518,30432.83774964004
1,1519,30475.406928595945
1,1520,30486.52141675714
1,1521,30451.578966400724
1,1522,30488.327055954465
1,1523,30433.546571070405
1,1524,30397.3726675351
1,1525,30374.15941898423
1,1526,30394.527496447976
1,1527,30404.308891413573
1,1528,30426.953908360447
1,1529,30439.168909060674
1,1530,30424.703604174014
1,1531,30393.09474724099
1,1532,30405.454885277046
1,1533,30413.163663486393
1,1534,30384.9544883797
1,1535,30406.993109583007
1,1536,30406.18279567976
1,1537,30436.744154142812
1,1538,30453.91238967549
1,1539,30426.025175198723
1,1540,30397.250877279566
1,1541,30386.913453585217
1,1542,30378.244039879584
1,1543,30402.84087553506
1,1544,30403.934581276986
1,1545,30478.666432629667
1,1546,30495.28108535099
1,1547,30433.170488105545
1,1548,30404.23516516763
1,1549,30436.849637517702
1,1550,30415.112916778853
1,1551,30416.713977156614
1,1552,30390.34194020151
1,1553,30401.766201419723
1,1554,30414.480157251393
1,1555,30368.41364673658
1,1556,30413.287976238567
1,1557,30432.0598251595
1,1558,30489.958157676927
1,1559,30447.561222927805
1,1560,30488.354761535997
1,1561,30421.938967894286
1,1562,30416.354140834563
1,1563,30400.22966704994
1,1564,30418.889934135525
1,1565,30450.436831422372
1,1566,30429.607891735253
1,1567,30403.74269103694
1,1568,30379.519313234974
1,1569,30409.397943407967
1,1570,30434.107387693857
1,1571,30393.176884173427
1,1572,30397.782793373237
1,1573,30417.913567191794
1,1574,30355.622525125553
1,1575,30405.90571451452
1,1576,30407.28419989484
1,1577,30431.795502147575
1,1578,30384.442085511055
1,1579,30368.26947336929
1,1580,30401.951772604556
1,1581,30349.826687745903
1,1582,30375.63793581737
1,1583,30384.861055011854
1,1584,30441.025344389633
1,1585,30368.240671299263
1,1586,30386.761752609986
1,1587,30435.53804131421
1,1588,30461.05923600593
1,1589,30481.311094616238
1,1590,30452.227485320513
1,1591,30423.1869555908
1,1592,30412.27837037535
1,1593,30419.649342049455
1,1594,30391.88860706888
1,1595,30416.01833512862
1,1596,30440.33789518766
1,1597,30427.34226051492
1,1598,30400.02274052158
1,1599,30411.235638246057
1,1600,30430.028765782554
1,1601,30424.215781967367
1,1602,30455.43299262745
1,1603,30429.52106687911
1,1604,30437.121291634852
1,1605,30429.582627697528
1,1606,30387.602183150775
1,1607,30407.701749074524
1,1608,30409.680523871986
1,1609,30487.102808879656
1,1610,30476.054462178166
1,1611,30425.795158082597
1,1612,30451.389240721073
1,1613,30457.661176886253
1,1614,30449.803303120898
1,1615,30454.115202639405
1,1616,30440.795595307758
1,1617,30397.44606635589
1,1618,30435.00102599144
1,1619,30441.925168481786
1,1620,30412.763987132657
1,1621,30402.915281366277
1,1622,30419.473521882457
1,1623,30433.307831516966
1,1624,30409.480419534026
1,1625,30413.49367750917
1,1626,30427.829247636422
1,1627,30430.320558503794
1,1628,30465.690888865487
1,1629,30391.87195041763
1,1630,30332.026686941845
1,1631,30351.218052941742
1,1632,30404.168041598983
1,1633,30461.155483702216
1,1634,30473.89454671208
1,1635,30418.72357007621
1,1636,30441.47353611985
1,1637,30457.611759617484
1,1638,30458.05688885939
1,1639,30445.812766473857
1,1640,30398.222361562774
1,1641,30430.30548275542
1,1642,30433.983773713255
1,1643,30426.6053215449
1,1644,30448.3371691533
1,1645,30437.285118528176
1,1646,30444.16753733895
1,1647,30456.408060309244
1,1648,30401.280870579838
1,1649,30457.04169100848
1,1650,30451.718657750826
1,1651,30415.53163940593
1,1652,30405.175134783945
1,1653,30374.081815502796
1,1654,30380.86832291035
1,1655,30418.49376198334
1,1656,30384.144272243335
1,1657,30390.08025717963
1,1658,30392.99147908154
1,1659,30374.90283718077
1,1660,30419.984525466636
1,1661,30431.8345764705
1,1662,30415.180002979876
1,1663,30406.876758442842
1,1664,30389.225449286216
1,1665,30406.111211033473
1,1666,30405.02861262676
1,1667,30459.156282641092
1,1668,30421.009304220388
1,1669,30426.072561470486
1,1670,30439.233623450196
1,1671,30436.928049053604
1,1672,30427.467142843932
1,1673,30445.593792163905
1,1674,30463.452686171007
1,1675,30402.721120616872
1,1676,30445.12903167538
1,1677,30431.858721695415
1,1678,30455.887994571905
1,1679,30458.178656857595
1,1680,30451.44350441382
1,1681,30406.930082393723
1,1682,30422.118534689187
1,1683,30411.2665536645
1,1684,30418.31578669186
1,1685,30426.52825181117
1,1686,30387.484510387418
1,1687,30353.95687329301
1,1688,30362.79776040872
1,1689,30428.418623349397
1,1690,30400.03447966333
1,1691,30429.16182196809
1,1692,30423.923821644956
1,1693,30402.47883814752
1,1694,30368.03072834242
1,1695,30392.17949568729
1,1696,30478.682227628848
1,1697,30460.2973652157
1,1698,30442.004478513434
1,1699,30414.76597698181
1,1700,30444.63560936141
1,1701,30409.028953732726
1,1702,30426.78531789262
1,1703,30412.26580563102
1,1704,30431.261263402816
1,1705,30421.014969589967
1,1706,30409.441235548766
1,1707,30406.510357524458
1,1708,30386.68736481886
1,1709,30403.957505281745
1,1710,30466.633611952075
1,1711,30423.834581554678
1,1712,30475.25220236631
1,1713,30448.33587406631
1,1714,30400.790991029888
1,1715,30434.611135731044
1,1716,30422.273314351536
1,1717,30404.04139766816
1,1718,30373.90394543804
1,1719,30350.527902999776
1,1720,30339.64669417006
1,1721,30376.033166785346
1,1722,30371.480300152976
1,1723,30355.776428494697
1,1724,30349.250698444353
1,1725,30392.04367225104
1,1726,30421.451204071655
1,1727,30384.63766142611
1,1728,30411.332691709762
1,1729,30411.030969212585
1,1730,30393.714615505247
1,1731,30405.32524722365
1,1732,30377.97555679022
1,1733,30384.588412894136
1,1734,30457.898086325356
1,1735,30403.320070310878
1,1736,30413.356854182595
1,1737,30401.01751799177
1,1738,30447.076663277672
1,1739,30410.401259555863
1,1740,30390.93670372524
1,1741,30414.072152219236
1,1742,30433.230449574232
1,1743,30394.361335070225
1,1744,30379.887839742983
1,1745,30428.428662556864
1,1746,30438.48361135053
1,1747,30417.907533338217
1,1748,30354.49719934672
1,1749,30423.484158710166
1,1750,30427.482985740877
1,1751,30399.085824571557
1,1752,30382.249750089155
1,1753,30376.54646218692
1,1754,30423.874789494625
1,1755,30375.07547526688
1,1756,30415.090416025854
1,1757,30409.024893603495
1,1758,30418.15059569434
1,1759,30400.165651221178
1,1760,30379.66276710017
1,1761,30344.874201077546
1,1762,30369.455279654
1,1763,30457.658821840912
1,1764,30408.90063462235
1,1765,30392.01631734542
1,1766,30407.28918656067
1,1767,30432.333335527128
1,1768,30441.119734949007
1,1769,30451.746192188577
1,1770,30493.558649720617
1,1771,30438.622748921774
1,1772,30445.65143449575
1,1773,30417.376055149165
1,1774,30406.359695450003
1,1775,30439.327173247082
1,1776,30417.771423165726
1,1777,30474.035711266733
1,1778,30437.35241129035
1,1779,30412.44165672148
1,1780,30389.936984391887
1,1781,30401.205738140274
1,1782,30360.384403733253
1,1783,30349.055235802924
1,1784,30361.713790285197
1,1785,30375.362460525157
1,1786,30459.939310868038
1,1787,30383.036610708594
1,1788,30430.558435224604
1,1789,30407.40114483196
1,1790,30425.774756845152
1,1791,30405.77754895872
1,1792,30423.203489732405
1,1793,30387.269903137803
1,1794,30389.847223987705
1,1795,30422.535981855435
1,1796,30438.10159890307
1,1797,30440.1263082865
1,1798,30450.21077956914
1,1799,30427.176718234132
1,1800,30413.6749596763
1,1801,30428.04661385302
1,1802,30435.297955707945
1,1803,30412.905112386718
1,1804,30412.41358317011
1,1805,30436.70199230372
1,1806,30447.762072591646
1,1807,30425.808661047253
1,1808,30416.57884468192
1,1809,30356.39773306825
1,1810,30384.239272720584
1,1811,30397.42222805181
1,1812,30408.11539348307
1,1813,30414.493387745108
1,1814,30419.51640679669
1,1815,30423.43653280126
1,1816,30417.396167576753
1,1817,30426.62551026686
1,1818,30394.46151522629
1,1819,30373.00882228692
1,1820,30374.3190279522
1,1821,30418.648458460215
1,1822,30380.579730214715
1,1823,30414.69195597605
1,1824,30434.2365443798
1,1825,30431.30093776179
1,1826,30409.285592431475
1,1827,30452.469613334983
1,1828,30398.27570622034
1,1829,30381.569618191264
1,1830,30370.447671696955
1,1831,30382.605114342165
1,1832,30409.563564866905
1,1833,30402.701259828937
1,1834,30407.968421590103
1,1835,30444.73638199504
1,1836,30400.168775816404
1,1837,30426.660058839374
1,1838,30399.1578581678
1,1839,30398.897035908387
1,1840,30401.61960618508
1,1841,30418.192960363544
1,1842,30369.205142942756
1,1843,30372.956077887422
1,1844,30411.755025554154
1,1845,30467.468006879284
1,1846,30437.878449801294
1,1847,30471.31308059097
1,1848,30421.591095565826
1,1849,30423.769633235865
1,1850,30435.665820871447
1,1851,30441.430603295106
1,1852,30441.455599206656
1,1853,30468.590193961078
1,1854,30447.373309183775
1,1855,30438.357899490384
1,1856,30420.792455312145
1,1857,30404.380517406946
1,1858,30437.590871057113
1,1859,30429.529372759094
1,1860,30420.76974807406
1,1861,30455.021097309513
1,1862,30457.686507981285
1,1863,30404.090920003007
1,1864,30409.577034134745
1,1865,30414.510739326903
1,1866,30419.73131574755
1,1867,30430.27768297864
1,1868,30429.900198069845
1,1869,30440.159278540392
1,1870,30393.843706771386
1,1871,30406.766124733243
1,1872,30397.543401850886
1,1873,30420.37735415432
1,1874,30441.028084288384
1,1875,30398.98942894056
1,1876,30373.76957361938
1,1877,30401.622572457345
1,1878,30432.891711905282
1,1879,30428.57215978162
1,1880,30415.33035530081
1,1881,30403.811661695832
1,1882,30402.90838175944
1,1883,30378.265895855875
1,1884,30380.024205030593
1,1885,30360.30248731472
1,1886,30356.937743105555
1,1887,30369.957929580756
1,1888,30400.676501670576
1,1889,30370.312236983937
1,1890,30386.990594443276
1,1891,30412.374529123226
1,1892,30429.842179922198
1,1893,30405.491277206194
1,1894,30439.115952021562
1,1895,30413.14201981936
1,1896,30466.648988059613
1,1897,30443.584652008838
1,1898,30425.15490134
1,1899,30385.944575895493
1,1900,30399.734484914046
1,1901,30431.612328133066
1,1902,30412.89668557122
1,1903,30440.19306060708
1,1904,30409.913717144944
1,1905,30455.642999188385
1,1906,30449.035509014953
1,1907,30424.12788647103
1,1908,30428.547687260932
1,1909,30409.29072887661
1,1910,30400.418503495646
1,1911,30426.950178190524
1,1912,30432.048070359117
1,1913,30462.369841394833
1,1914,30443.962548103184
1,1915,30405.22138835156
1,1916,30453.261387995568
1,1917,30471.913260572852
1,1918,30459.947673407267
1,1919,30471.86305375066
1,1920,30502.285793467752
1,1921,30436.026809845614
1,1922,30426.97895992102
1,1923,30418.3002594572
1,1924,30392.871590221923
1,1925,30396.24497453529
1,1926,30403.43936371532
1,1927,30437.066644665192
1,1928,30455.973850014925
1,1929,30441.410510157195
1,1930,30402.540622445413
1,1931,30393.97634446568
1,1932,30373.08744619128
1,1933,30427.69561862838
1,1934,30434.386190813726
1,1935,30431.46196693593
1,1936,30426.10512514807
1,1937,30424.13963253393
1,1938,30395.937972544732
1,1939,30393.24731417577
1,1940,30385.350873733285
1,1941,30399.469550308433
1,1942,30388.684447923002
1,1943,30386.726772448343
1,1944,30444.112511459745
1,1945,30413.7013101386
1,1946,30365.068490108202
1,1947,30391.230675987677
1,1948,30384.945327100242
1,1949,30404.863762240402
1,1950,30422.012643754373
1,1951,30445.446570861062
1,1952,30373.36176267675
1,1953,30401.551953581587
1,1954,30390.95283339713
1,1955,30394.469050740747
1,1956,30474.39778469097
1,1957,30430.593581041237
1,1958,30435.85870903066
1,1959,30481.046623455353
1,1960,30460.26506643389
1,1961,30387.83927333834
1,1962,30389.650251270465
1,1963,30389.02856433594
1,1964,30415.040164210885
1,1965,30409.11203239591
1,1966,30411.404706194517
1,1967,30421.041846616845
1,1968,30364.568120516607
1,1969,30399.39595793662
1,1970,30344.29082597167
1,1971,30326.67765076821
1,1972,30370.176332212275
1,1973,30392.05265394419
1,1974,30423.998596395802
1,1975,30444.544426333534
1,1976,30483.223402024745
1,1977,30463.57003720885
1,1978,30467.52536317086
1,1979,30421.388029216552
1,1980,30437.027656418588
1,1981,30492.53639418114
1,1982,30442.72612168531
1,1983,30435.589853357797
1,1984,30392.814408110742
1,1985,30406.600325246174
1,1986,30453.21297314144
1,1987,30417.090975272964
1,1988,30416.71254618973
1,1989,30368.040413163177
1,1990,30419.234738857285
1,1991,30423.275307988395
1,1992,30403.33790940907
1,1993,30408.172256562
1,1994,30421.02007000217
1,1995,30413.654087457424
1,1996,30402.768795914613
1,1997,30398.116262386007
1,1998,30412.16341388864
1,1999,30376.966043525244
2,0,30422.90753490391
2,1,30413.253442698166
2,2,30418.00609413998
2,3,30365.74927688871
2,4,30416.474233645327
2,5,30452.400478196956
2,6,30447.978581747746
2,7,30432.936401337538
2,8,30413.49111336406
2,9,30416.943522672584
2,10,30420.787100458918
2,11,30365.52067319748
2,12,30415.308806943984
2,13,30401.93688605154
2,14,30427.87101826163
2,15,30396.609552275986
2,16,30463.132437515244
2,17,30457.494822563593
2,18,30412.435260631315
2,19,30459.032569201114
2,20,30465.181398654033
2,21,30417.301769289388
2,22,30448.89909641035
2,23,30434.201376013192
2,24,30407.63748962301
2,25,30405.612182575
2,26,30467.51315816807
2,27,30489.2014964299
2,28,30429.372560730873
2,29,30461.099474855077
2,30,30460.692182103638
2,31,30474.200885486483
2,32,30449.067606745255
2,33,30428.846008332315
2,34,30363.525451649824
2,35,30430.577245888293
2,36,30422.938269664235
2,37,30379.161890627907
2,38,30364.835153484335
2,39,30376.07755056051
2,40,30400.04481034127
2,41,30390.19973383887
2,42,30364.04126069357
2,43,30422.041426623382
2,44,30418.799251892706
2,45,30406.98886206369
2,46,30399.540082882348
2,47,30367.683418952194
2,48,30373.5390335841
2,49,30397.855598934766
2,50,30428.342329894014
2,51,30351.688042601872
2,52,30376.538768785056
2,53,30372.514158970684
2,54,30378.864232646167
2,55,30381.532181272083
2,56,30428.29431792283
2,57,30421.28433773817
2,58,30385.972760728197
2,59,30384.434949472776
2,60,30401.247066823482
2,61,30425.23064983556
2,62,30440.0025839436
2,63,30425.630055365673
2,64,30443.520765341163
2,65,30411.37759500116
2,66,30383.795219574524
2,67,30431.27470588228
2,68,30430.266179050115
2,69,30407.46000837754
2,70,30408.86445390582
2,71,30403.427446302092
2,72,30439.72450038622
2,73,30433.699958486162
2,74,30473.497361197176
2,75,30495.574996587755
2,76,30485.85301658396
2,77,30460.523775367245
2,78,30433.69187430835
2,79,30408.35511896071
2,80,30438.85148643664
2,81,30414.889941069825
2,82,30426.79786200162
2,83,30400.081743038303
2,84,30409.694641508708
2,85,30412.451729431647
2,86,30375.390585509824
2,87,30343.69363862997
2,88,30372.313817669183
2,89,30453.96459440221
2,90,30427.134750830213
2,91,30429.007774530237
2,92,30468.658600242237
2,93,30476.387071238863
2,94,30448.52408485173
2,95,30436.52376848214
2,96,30443.408518288274
2,97,30423.26739154239
2,98,30387.368642798974
2,99,30380.142655801035
2,100,30399.181681167003
2,101,30403.87752063329
2,102,30424.20347416151
2,103,30398.52397741656
2,104,30390.82112634236
2,105,30412.865070352054
2,106,30449.289791913918
2,107,30474.507616081897
2,108,30418.560904861977
2,109,30438.731959582306
2,110,30439.444358238234
2,111,30408.098484853854
2,112,30411.85204431207
2,113,30362.610670952537
2,114,30379.941594080497
2,115,30355.670216808907
2,116,30349.68631608114
2,117,30375.2848558397
2,118,30413.059201202886
2,119,30410.873697484567
2,120,30402.81528237528
2,121,30431.761823267963
2,122,30390.660511605387
2,123,30415.87949277006
2,124,30423.845591838795
2,125,30412.56031529351
2,126,30422.685906004663
2,127,30401.74948986333
2,128,30431.950312575147
2,129,30449.5002187127
2,130,30417.659055778746
2,131,30406.030230067205
2,132,30445.440765724383
2,133,30383.49510663949
2,134,30368.52261336375
2,135,30374.267320288865
2,136,30397.612461313904
2,137,30384.961159876308
2,138,30375.996497399607
2,139,30387.572520041896
2,140,30389.516390063807
2,141,30372.043370140706
2,142,30438.37708819684
2,143,30459.706250863575
2,144,30442.272432306007
2,145,30455.38013728116
2,146,30438.79328762983
2,147,30488.217876088453
2,148,30506.20848465557
2,149,30470.285218388864
2,150,30472.375270974684
2,151,30429.37063047906
2,152,30422.283166021032
2,153,30439.20107592325
2,154,30425.197770161772
2,155,30406.203725333922
2,156,30422.848411858897
2,157,30418.327607458632
2,158,30393.2898577939
2,159,30366.90889003698
2,160,30368.501826873868
2,161,30369.67617105009
2,162,30398.22954932448
2,163,30399.79294597461
2,164,30442.70585945599
2,165,30482.119526467573
2,166,30449.5517398328
2,167,30424.056717188356
2,168,30438.721903139336
2,169,30414.360894743935
2,170,30435.187995787055
2,171,30442.059409540132
2,172,30440.541041707264
2,173,30420.086852162494
2,174,30399.139793720173
2,175,30421.484217164
2,176,30416.77490550832
2,177,30392.378366513167
2,178,30415.3932035615
2,179,30380.17188497291
2,180,30429.920427759676
2,181,30428.282163063785
2,182,30399.0610559873
2,183,30390.440660025597
2,184,30420.419641978613
2,185,30429.010123937787
2,186,30422.773467487357
2,187,30399.88491078017
2,188,30392.659768021997
2,189,30391.247618324098
2,190,30366.96689754329
2,191,30410.644383318548
2,192,30390.365050164663
2,193,30403.84974337506
2,194,30438.92231829754
2,195,30439.484829387733
2,196,30435.734488485374
2,197,30381.25205819605
2,198,30383.624413419504
2,199,30414.642536072908
2,200,30419.488098100665
2,201,30386.65697882424
2,202,30420.019865027043
2,203,30368.917880391124
2,204,30354.826985018135
2,205,30382.15749497681
2,206,30412.412834688763
2,207,30398.95817599253
2,208,30398.935970959566
2,209,30419.57088309054
2,210,30392.857951502134
2,211,30415.265842147222
2,212,30445.04897791269
2,213,30496.690063940525
2,214,30415.04907060902
2,215,30435.68479657105
2,216,30431.908164543547
2,217,30397.603642111324
2,218,30398.032203633727
2,219,30421.26718026824
2,220,30411.249079128735
2,221,30424.05195335714
2,222,30438.200622136676
2,223,30397.637284477052
2,224,30374.57944739967
2,225,30441.088835326012
2,226,30460.904460681428
2,227,30429.309050498563
2,228,30426.5251938414
2,229,30455.47073839824
2,230,30476.389067516553
2,231,30448.337379994555
2,232,30459.88909090206
2,233,30440.915985196738
2,234,30492.534290469328
2,235,30462.278793648366
2,236,30466.453871598456
2,237,30478.92201659461
2,238,30424.228479633988
2,239,30413.47725826881
2,240,30415.11017628135
2,241,30383.12931248302
2,242,30410.276457762237
2,243,30425.254667704427
2,244,30395.02225693582
2,245,30399.046858588037
2,246,30434.035948374538
2,247,30454.438448276753
2,248,30463.037708350646
2,249,30446.69426582814
2,250,30434.174920216257
2,251,30467.93950754995
2,252,30457.399244388627
2,253,30440.54223338078
2,254,30426.192451023475
2,255,30442.67152576857
2,256,30434.09296019021
2,257,30433.496089743494
2,258,30462.153843731532
2,259,30460.930282124988
2,260,30430.120277093596
2,261,30437.21048165568
2,262,30425.23002192075
2,263,30433.602193405208
2,264,30435.8224187121
2,265,30421.79538614167
2,266,30429.73992492297
2,267,30432.825940920637
2,268,30424.386730812184
2,269,30456.569098234526
2,270,30428.175995838566
2,271,30420.669989460155
2,272,30437.49158912698
2,273,30415.688427169564
2,274,30393.557246203432
2,275,30376.449753759895
2,276,30411.53989095167
2,277,30402.903542160573
2,278,30383.419905588504
2,279,30364.58990679279
2,280,30399.98331668176
2,281,30464.382987162597
2,282,30415.835626654138
2,283,30413.754124821222
2,284,30474.88202443906
2,285,30454.91798554547
2,286,30428.652510491233
2,287,30412.427760852937
2,288,30373.96293375648
2,289,30377.753616855593
2,290,30383.051318984377
2,291,30359.164120757854
2,292,30453.941174037394
2,293,30422.929264034094
2,294,30452.309202434684
2,295,30444.64765953791
2,296,30445.311583947452
2,297,30447.326456334566
2,298,30393.778389427134
2,299,30404.235965206975
2,300,30423.786948716195
2,301,30407.47671573384
2,302,30379.849232757766
2,303,30439.517889056973
2,304,30461.898991409103
2,305,30426.793285835683
2,306,30447.93449793146
2,307,30465.48056608051
2,308,30416.731616349385
2,309,30368.370002457683
2,310,30415.125438122224
2,311,30397.753181682554
2,312,30450.86798618228
2,313,30440.570397238018
2,314,30443.179200226266
2,315,30454.365746484164
2,316,30472.13075873105
2,317,30411.405246377657
2,318,30394.987413330346
2,319,30379.780632323185
2,320,30405.94335977699
2,321,30399.159645676235
2,322,30366.18457696679
2,323,30411.761417874302
2,324,30398.733532979397
2,325,30420.066401759363
2,326,30429.97132333546
2,327,30421.087137374605
2,328,30418.385820399202
2,329,30389.945231191105
2,330,30393.76266850382
2,331,30403.862349170955
2,332,30420.927295583693
2,333,30369.484178024057
2,334,30399.84365887313
2,335,30342.59918750864
2,336,30376.118453093302
2,337,30371.748109196284
2,338,30426.091877864445
2,339,30448.170379930863
2,340,30448.98154806708
2,341,30387.21420284611
2,342,30392.917428313634
2,343,30401.037449943306
2,344,30432.82052049044
2,345,30415.79667939119
2,346,30405.500822761864
2,347,30379.496193692263
2,348,30409.137215795105
2,349,30480.174458614732
2,350,30440.201472062658
2,351,30362.368890880378
2,352,30389.047603172487
2,353,30430.384398338516
2,354,30415.871347319524
2,355,30406.858229104022
2,356,30365.391074021354
2,357,30401.970967752688
2,358,30423.607513539602
2,359,30396.337789610163
2,360,30387.969825621643
2,361,30389.732658906734
2,362,30390.57296125038
2,363,30434.129704019564
2,364,30438.7254504543
2,365,30433.30710268881
2,366,30410.77465280147
2,367,30398.66736563885
2,368,30382.75451027889
2,369,30354.851654886425
2,370,30390.048890252776
2,371,30381.325492936667
2,372,30386.944457124147
2,373,30433.549502503112
2,374,30396.855213319413
2,375,30419.142053681113
2,376,30365.44020797014
2,377,30328.626680046043
2,378,30381.397836723354
2,379,30407.952077071244
2,380,30450.484983315062
2,381,30456.316816782262
2,382,30414.043062254692
2,383,30408.600210338023
2,384,30405.84593457641
2,385,30432.842786996414
2,386,30428.225784540384
2,387,30435.02295416887
2,388,30426.568206924843
2,389,30436.506880360423
2,390,30422.141304602977
2,391,30418.838558941516
2,392,30426.091334902132
2,393,30446.215041024974
2,394,30453.326734376096
2,395,30445.954768338037
2,396,30432.712491102953
2,397,30434.72635232598
2,398,30395.495884719432
2,399,30442.719286424435
2,400,30443.448187766473
2,401,30348.97461703006
2,402,30353.348404435863
2,403,30351.31564041701
2,404,30399.661981806512
2,405,30447.448890178217
2,406,30405.911049678005
2,407,30411.591372972693
2,408,30413.296906876327
2,409,30441.853876362282
2,410,30417.364290616955
2,411,30407.735289202687
2,412,30428.16823940015
2,413,30470.036362696923
2,414,30426.258406668083
2,415,30472.1917339309
2,416,30486.13176911687
2,417,30454.323507789915
2,418,30429.207698636168
2,419,30413.479207959503
2,420,30362.48795177884
2,421,30375.594340026964
2,422,30404.415529534403
2,423,30448.509244103032
2,424,30470.901310652967
2,425,30429.697898738486
2,426,30415.65248854014
2,427,30406.138864191187
2,428,30414.400726091917
2,429,30373.220700936305
2,430,30376.086004056266
2,431,30415.81675255256
2,432,30404.822766682857
2,433,30407.370395812577
2,434,30427.89645415576
2,435,30425.000785880988
2,436,30411.68903892354
2,437,30428.99875014474
2,438,30468.9571683014
2,439,30460.012523022713
2,440,30424.253686440756
2,441,30472.15208816011
2,442,30411.585684899575
2,443,30419.8297801295
2,444,30391.770523130046
2,445,30381.737274046052
2,446,30420.090528399032
2,447,30395.52627114983
2,448,30409.644694581395
2,449,30405.38054170402
2,450,30419.96577656435
2,451,30411.24799905507
2,452,30466.7950915646
2,453,30495.192915216154
2,454,30483.167402869985
2,455,30422.74197993821
2,456,30407.7768585605
2,457,30356.554281701374
2,458,30353.758311309753
2,459,30362.22440355396
2,460,30387.956919028606
2,461,30435.37578251729
2,462,30427.011120794
2,463,30424.189744059906
2,464,30460.629378433776
2,465,30430.163355580764
2,466,30417.860689025445
2,467,30407.60332953164
2,468,30406.57298622408
2,469,30419.07987561717
2,470,30503.32770304384
2,471,30427.813620849454
2,472,30404.906227359545
2,473,30420.842714689574
2,474,30405.083876091543
2,475,30452.080905590115
2,476,30426.356765743036
2,477,30422.48995856189
2,478,30373.550495105992
2,479,30377.415916055495
2,480,30428.968413853036
2,481,30374.961332988183
2,482,30357.017038476457
2,483,30370.468273874383
2,484,30427.41162428318
2,485,30433.766135782418
2,486,30441.512875968026
2,487,30423.261436788947
2,488,30412.191810573702
2,489,30422.080178826574
2,490,30395.966375007883
2,491,30384.733905215726
2,492,30433.127389360518
2,493,30416.57558203946
2,494,30411.410349580885
2,495,30469.183752102665
2,496,30455.61454714606
2,497,30408.88123514635
2,498,30404.20667595046
2,499,30391.576260328628
2,500,30378.969414317373
2,501,30435.01593318197
2,502,30439.161350598726
2,503,30403.927870721374
2,504,30420.86690308818
2,505,30410.646846639735
2,506,30382.142981777284
2,507,30452.332319544465
2,508,30466.92679626913
2,509,30480.173261786364
2,510,30455.435903289235
2,511,30457.41329446997
2,512,30408.242556846533
2,513,30413.85689485229
2,514,30442.849968733783
2,515,30463.22798872438
2,516,30386.50974177913
2,517,30376.683904910355
2,518,30403.60999302584
2,519,30431.279571659925
2,520,30413.542279549514
2,521,30442.34790895393
2,522,30436.970425427575
2,523,30417.183220495383
2,524,30396.752852237394
2,525,30402.921559534017
2,526,30411.283377026095
2,527,30410.74928151814
2,528,30440.205076603455
2,529,30417.22768740718
2,530,30419.492078820746
2,531,30407.135171989634
2,532,30411.032353203005
2,533,30432.356407836214
2,534,30371.115588303157
2,535,30390.383586330074
2,536,30385.307835567004
2,537,30444.60735145703
2,538,30384.283844120066
2,539,30422.65926801598
2,540,30452.516974632123
2,541,30389.530477446104
2,542,30399.2243314743
2,543,30387.29767370948
2,544,30381.46866946854
2,545,30365.759584649248
2,546,30383.35284080863
2,547,30357.56469412963
2,548,30403.038552720573
2,549,30379.548806047456
2,550,30451.65249974753
2,551,30452.992799797565
2,552,30429.327119770656
2,553,30447.546297489396
2,554,30427.00079960674
2,555,30417.99101074256
2,556,30409.05824433261
2,557,30426.747294719287
2,558,30391.115050436805
2,559,30406.07258685094
2,560,30394.689004733435
2,561,30386.892642026716
2,562,30420.810710423437
2,563,30332.567766817614
2,564,30334.06307035678
2,565,30361.38535000214
2,566,30356.054772353793
2,567,30376.01278609369
2,568,30398.53063470626
2,569,30449.055207946403
2,570,30443.808863223363
2,571,30433.841425979463
2,572,30422.230599546732
2,573,30406.327966884255
2,574,30432.48961644241
2,575,30402.184126565502
2,576,30398.445527000218
2,577,30396.467199147446
2,578,30424.911971175803
2,579,30453.631773121226
2,580,30385.700435421924
2,581,30416.6141336213
2,582,30441.924730329512
2,583,30436.233447320534
2,584,30444.246568402545
2,585,30373.1164300113
2,586,30399.702334604433
2,587,30379.585024480082
2,588,30424.797500772765
2,589,30402.365333476835
2,590,30338.056819900416
2,591,30356.04798558186
2,592,30401.98814116205
2,593,30468.6288445022
2,594,30458.433254406056
2,595,30454.108366785887
2,596,30422.942741401417
2,597,30462.297139540915
2,598,30411.734413706137
2,599,30401.705383433535
2,600,30412.439652654593
2,601,30419.654621496906
2,602,30411.65770519924
2,603,30392.765610555238
2,604,30404.36096139234
2,605,30401.404250342657
2,606,30394.352600253023
2,607,30399.858547363972
2,608,30414.454537375263
2,609,30440.117954158388
2,610,30441.142178910275
2,611,30423.69171080037
2,612,30415.25371659503
2,613,30413.33827933628
2,614,30473.766957345782
2,615,30445.838387197236
2,616,30446.586040345286
2,617,30404.26742474903
2,618,30380.84029000781
2,619,30387.43062523752
2,620,30417.96371202664
2,621,30424.244135788373
2,622,30401.447433255384
2,623,30396.890856384944
2,624,30471.904788984666
2,625,30447.206005704782
2,626,30439.27100875942
2,627,30440.363088377657
2,628,30428.82472544853
2,629,30399.978991976557
2,630,30439.568169968974
2,631,30424.376037354617
2,632,30429.66674628434
2,633,30449.85560742469
2,634,30464.68574942292
2,635,30398.41557573004
2,636,30412.631361930165
2,637,30389.33039952175
2,638,30409.29301370673
2,639,30409.76257796514
2,640,30392.146269637324
2,641,30408.781232425263
2,642,30429.05912562345
2,643,30427.206007885183
2,644,30449.87947825537
2,645,30474.85305269552
2,646,30408.797467276567
2,647,30451.243401442065
2,648,30413.300464570868
2,649,30446.586248830867
2,650,30416.79309929492
2,651,30411.05528505686
2,652,30423.315305732285
2,653,30389.189627072665
2,654,30379.264030219485
2,655,30379.17400509373
2,656,30421.805754606354
2,657,30437.03859550086
2,658,30463.652001224564
2,659,30424.22778434297
2,660,30376.476572373576
2,661,30373.266716032158
2,662,30416.319761923416
2,663,30437.73382742045
2,664,30417.60461474792
2,665,30392.093007916104
2,666,30421.292422150058
2,667,30402.889006434852
2,668,30406.54799445881
2,669,30379.827988024877
2,670,30381.997942790378
2,671,30415.91196430022
2,672,30438.983654813626
2,673,30400.137768059896
2,674,30411.95031711559
2,675,30426.874010268384
2,676,30438.13194025381
2,677,30421.41612623715
2,678,30414.66461793055
2,679,30413.029191455098
2,680,30398.86066337867
2,681,30389.38319023295
2,682,30411.86581653565
2,683,30371.12995504834
2,684,30358.589791117454
2,685,30402.230187598707
2,686,30415.536089091474
2,687,30409.558684142918
2,688,30466.062946651786
2,689,30407.680105651823
2,690,30438.44708691803
2,691,30435.007524638822
2,692,30458.659221664813
2,693,30475.371397041163
2,694,30468.693442414205
2,695,30482.019409901357
2,696,30440.903234177746
2,697,30477.05236557206
2,698,30471.420567753063
2,699,30439.55170135896
2,700,30438.96039265393
2,701,30414.33197642204
2,702,30427.931430556884
2,703,30404.394828922916
2,704,30395.420441253136
2,705,30387.88363768549
2,706,30376.778970389158
2,707,30406.416959793067
2,708,30393.496397669267
2,709,30399.61414060934
2,710,30407.226728542148
2,711,30428.229570046555
2,712,30421.2509501188
2,713,30421.71145332453
2,714,30412.048628303804
2,715,30418.72392149988
2,716,30456.09182614651
2,717,30464.713195758548
2,718,30414.55800093608
2,719,30458.785807793487
2,720,30438.16830730255
2,721,30459.78879130667
2,722,30455.70816582103
2,723,30401.65418724167
2,724,30424.753633644883
2,725,30458.933635378176
2,726,30423.884845653858
2,727,30428.06510870725
2,728,30424.24124916765
2,729,30448.20025919528
2,730,30463.686909993503
2,731,30449.158242237434
2,732,30420.424732396987
2,733,30425.58840001039
2,734,30427.32648595238
2,735,30426.573834463325
2,736,30405.44617552507
2,737,30449.026050190256
2,738,30464.05365637785
2,739,30484.49664835533
2,740,30425.15969743562
2,741,30436.402136310036
2,742,30401.030929712753
2,743,30401.811739013887
2,744,30367.201181679804
2,745,30384.617481923236
2,746,30375.266054183154
2,747,30384.96167335624
2,748,30427.174277488004
2,749,30395.38753444502
2,750,30413.14614089845
2,751,30431.559917737162
2,752,30447.802307952123
2,753,30405.04054224257
2,754,30443.876891587515
2,755,30440.366579870824
2,756,30430.106267812913
2,757,30406.777081040316
2,758,30463.097375598794
2,759,30445.34311426896
2,760,30399.628693557617
2,761,30401.954718751775
2,762,30400.112803789183
2,763,30434.766441238116
2,764,30435.710474230866
2,765,30398.422834363686
2,766,30431.808940374704
2,767,30413.59434344285
2,768,30403.580960463336
2,769,30409.470581008463
2,770,30421.396251609774
2,771,30429.485491841064
2,772,30470.36466333524
2,773,30473.106281416625
2,774,30464.59522714715
2,775,30452.530825270056
2,776,30376.08170748081
2,777,30372.89847880249
2,778,30356.65064670114
2,779,30394.013063256156
2,780,30456.124480618953
2,781,30433.063217217106
2,782,30431.07777346694
2,783,30435.926489640224
2,784,30425.666462817815
2,785,30444.739628256826
2,786,30429.663705828927
2,787,30403.542100552953
2,788,30378.929814493637
2,789,30415.799313924945
2,790,30448.591597672275
2,791,30405.82707498536
2,792,30453.36637486856
2,793,30476.096839633206
2,794,30408.450096369208
2,795,30428.20581111159
2,796,30430.107990611094
2,797,30412.142737189923
2,798,30374.983839443204
2,799,30397.421799283366
2,800,30369.268668427907
2,801,30416.006348529736
2,802,30382.845207596194
2,803,30375.486700940553
2,804,30419.015039670172
2,805,30450.762814350615
2,806,30468.715650923463
2,807,30443.73437990703
2,808,30403.202381490206
2,809,30441.803706753766
2,810,30406.747130178475
2,811,30407.464506322114
2,812,30454.929207275054
2,813,30420.34207841791
2,814,30415.24229283064
2,815,30364.818609550963
2,816,30414.74404166456
2,817,30446.039907984803
2,818,30395.36460188965
2,819,30389.438225201793
2,820,30425.990927372186
2,821,30427.60610077051
2,822,30391.942250735963
2,823,30398.114999520334
2,824,30369.633274915475
2,825,30405.10752881624
2,826,30438.116503876983
2,827,30425.19927896873
2,828,30418.37574194735
2,829,30404.384598118253
2,830,30399.388318583136
2,831,30413.00350472548
2,832,30439.917268984846
2,833,30469.856405180883
2,834,30472.24631947023
2,835,30443.68892766456
2,836,30426.5544346897
2,837,30405.63029051182
2,838,30431.914751815657
2,839,30440.180563610487
2,840,30400.21443378937
2,841,30369.74582637645
2,842,30394.689712160533
2,843,30391.749899275186
2,844,30427.661256379917
2,845,30450.442918038196
2,846,30400.751391451467
2,847,30357.498954357943
2,848,30347.8949124883
2,849,30388.11329390959
2,850,30422.756358711205
2,851,30413.080295817563
2,852,30413.560409364116
2,853,30426.1339289017
2,854,30387.387190366782
2,855,30406.30621593986
2,856,30415.015971324992
2,857,30411.73889019607
2,858,30419.62999679578
2,859,30439.848277114237
2,860,30432.304654152274
2,861,30444.240625046456
2,862,30477.91527667031
2,863,30460.44302305184
2,864,30391.52873354884
2,865,30435.43545492338
2,866,30425.216190947674
2,867,30438.156645863626
2,868,30425.46597664234
2,869,30451.10697775512
2,870,30406.845576996315
2,871,30442.89426547951
2,872,30410.669608304182
2,873,30430.033101129946
2,874,30453.188311120335
2,875,30428.34783180115
2,876,30423.85696021379
2,877,30398.718023306217
2,878,30355.546010873848
2,879,30396.344212125037
2,880,30457.117464132458
2,881,30371.189818213436
2,882,30441.608071821083
2,883,30449.211635080137
2,884,30447.897164130765
2,885,30379.17873630022
2,886,30393.5272561217
2,887,30440.512339350684
2,888,30402.5617990306
2,889,30416.196828847136
2,890,30411.64412265367
2,891,30416.012972935834
2,892,30432.867027409942
2,893,30439.01880494667
2,894,30435.33561410544
2,895,30443.765568643357
2,896,30447.597589775432
2,897,30436.03656195117
2,898,30427.39483120114
2,899,30405.302275026294
2,900,30424.840182381995
2,901,30380.182864311555
2,902,30388.601032731975
2,903,30460.951113879495
2,904,30436.653275558634
2,905,30417.737082236294
2,906,30420.54924393048
2,907,30372.226535705195
2,908,30372.856583640834
2,909,30391.60984735614
2,910,30396.026445806343
2,911,30412.887691322507
2,912,30412.576798059195
2,913,30424.68346888373
2,914,30427.64633960881
2,915,30421.495459315927
2,916,30415.057384033804
2,917,30450.132111685325
2,918,30440.387272081236
2,919,30440.00192920789
2,920,30437.29112117053
2,921,30385.997401857676
2,922,30374.960069501692
2,923,30401.986917239516
2,924,30437.982501958293
2,925,30407.34900987176
2,926,30390.02168983962
2,927,30440.97895858137
2,928,30387.24009908665
2,929,30426.16770823494
2,930,30438.32280703309
2,931,30440.69653588622
2,932,30443.297842510292
2,933,30409.799413543595
2,934,30432.81345838421
2,935,30428.716696395473
2,936,30414.72065763042
2,937,30402.03942650136
2,938,30427.302026273916
2,939,30430.07707426007
2,940,30445.182419515357
2,941,30437.233145880455
2,942,30451.147125401694
2,943,30423.953862307706
2,944,30362.114262058374
2,945,30438.296645722876
2,946,30392.697353439242
2,947,30373.74526185582
2,948,30349.47696871249
2,949,30369.674139935258
2,950,30366.549057221608
2,951,30401.68695046027
2,952,30405.65858503138
2,953,30402.841717002415
2,954,30397.821669660956
2,955,30429.741019484685
2,956,30425.982127411353
2,957,30424.941726211797
2,958,30399.073700375975
2,959,30384.738994467854
2,960,30402.241874254727
2,961,30443.509089038387
2,962,30496.886523353292
2,963,30467.47778253639
2,964,30401.80328172065
2,965,30447.484640743627
2,966,30429.28531903948
2,967,30442.610306004768
2,968,30408.50883192037
2,969,30446.139534619066
2,970,30410.426532894773
2,971,30402.587259605967
2,972,30400.042934649664
2,973,30410.08899336864
2,974,30416.517346550198
2,975,30414.520375120977
2,976,30408.091959306774
2,977,30389.78619547793
2,978,30391.904679283998
2,979,30357.055811433183
2,980,30386.226365243827
2,981,30409.754207452577
2,982,30327.252619380382
2,983,30370.893283281635
2,984,30371.508419742648
2,985,30386.327866283616
2,986,30387.93262592122
2,987,30364.541162233356
2,988,30351.304441303506
2,989,30358.325929287243
2,990,30385.664069033453
2,991,30453.956911555993
2,992,30426.133357819763
2,993,30405.678289544147
2,994,30391.714416919967
2,995,30472.19500702014
2,996,30404.25111575105
2,997,30391.35946423988
2,998,30393.773538311532
2,999,30458.45998607106
2,1000,30450.98477367915
2,1001,30480.97058355319
2,1002,30411.79438974194
2,1003,30438.1704999974
2,1004,30461.358376413555
2,1005,30445.047384866746
2,1006,30437.546807008446
2,1007,30436.4887027896
2,1008,30397.832876770055
2,1009,30440.504905636688
2,1010,30430.13158205842
2,1011,30410.70596818598
2,1012,30458.970276186352
2,1013,30422.411957122145
2,1014,30386.296215398434
2,1015,30381.34511324752
2,1016,30431.55713618798
2,1017,30415.245605059063
2,1018,30417.76497297998
2,1019,30416.3129021333
2,1020,30453.016121114175
2,1021,30399.03595088876
2,1022,30448.040174166388
2,1023,30450.79839474622
2,1024,30401.295190109577
2,1025,30382.441980742962
2,1026,30379.202597826203
2,1027,30403.91556405485
2,1028,30462.14804781212
2,1029,30392.355726743004
2,1030,30406.128411868223
2,1031,30388.511095778333
2,1032,30393.431477186397
2,1033,30400.204190806668
2,1034,30413.579083557004
2,1035,30431.915681044567
2,1036,30447.863396024793
2,1037,30413.48182512956
2,1038,30397.41039176922
2,1039,30448.49943109549
2,1040,30411.795889229
2,1041,30380.374884794724
2,1042,30396.372692686993
2,1043,30462.26541513024
2,1044,30444.416137967724
2,1045,30439.226888929217
2,1046,30460.381055338945
2,1047,30440.303203047475
2,1048,30461.762086798542
2,1049,30447.832063818347
2,1050,30461.419907300286
2,1051,30403.19757848288
2,1052,30418.147526058106
2,1053,30426.47282581811
2,1054,30397.31613696273
2,1055,30416.712205707026
2,1056,30363.50866643533
2,1057,30380.308696198797
2,1058,30361.472821822845
2,1059,30433.51116959369
2,1060,30405.284213397837
2,1061,30418.101129914816
2,1062,30424.1099638484
2,1063,30425.315646474697
2,1064,30419.523432340317
2,1065,30371.478132467673
2,1066,30392.547190912865
2,1067,30422.44003762536
2,1068,30408.982108535078
2,1069,30454.14394144821
2,1070,30431.3511994345
2,1071,30418.331885776945
2,1072,30443.138915934032
2,1073,30448.56259533312
2,1074,30392.52391424912
2,1075,30443.252320405747
2,1076,30446.355995834096
2,1077,30433.890654142153
2,1078,30390.620891754745
2,1079,30416.709509407538
2,1080,30400.898929754305
2,1081,30386.552656555144
2,1082,30380.645418723645
2,1083,30396.864693558717
2,1084,30407.878726445786
2,1085,30427.081828977964
2,1086,30452.036225089563
2,1087,30416.797365615348
2,1088,30385.595268444602
2,1089,30383.712013649947
2,1090,30393.383200336768
2,1091,30369.822997702482
2,1092,30376.53374452838
2,1093,30411.52036762211
2,1094,30420.155501479032
2,1095,30406.791352449374
2,1096,30419.432362917858
2,1097,30460.797025558586
2,1098,30446.4265652514
2,1099,30449.455422057217
2,1100,30463.249423542027
2,1101,30403.332149142447
2,1102,30402.004299718512
2,1103,30395.872111698416
2,1104,30380.67033110848
2,1105,30413.521350184994
2,1106,30383.750286750816
2,1107,30405.62498493702
2,1108,30459.776612931964
2,1109,30457.115860765058
2,1110,30424.53262963618
2,1111,30427.835268162504
2,1112,30446.43834233678
2,1113,30435.211436169728
2,1114,30411.100442742816
2,1115,30408.78491967782
2,1116,30383.7661359845
2,1117,30382.339357963196
2,1118,30358.991941422028
2,1119,30389.485168984207
2,1120,30421.935095122706
2,1121,30438.693425613787
2,1122,30412.561469310007
2,1123,30449.41592726635
2,1124,30430.895872852507
2,1125,30419.483304139194
2,1126,30338.570780344522
2,1127,30356.56852056696
2,1128,30356.847962940756
2,1129,30374.860823302017
2,1130,30382.082332562804
2,1131,30407.736239372578
2,1132,30419.74271046375
2,1133,30440.866738140787
2,1134,30448.305174895297
2,1135,30408.88643996036
2,1136,30400.014628421468
2,1137,30408.707103478686
2,1138,30378.40449437236
2,1139,30378.25320003064
2,1140,30364.371569059997
2,1141,30363.314952009332
2,1142,30389.68262329433
2,1143,30425.522516200006
2,1144,30361.255735649593
2,1145,30389.600172461418
2,1146,30409.080826429436
2,1147,30373.755976053722
2,1148,30394.180958690682
2,1149,30438.939261953128
2,1150,30398.143911700983
2,1151,30434.39628782108
2,1152,30404.805104616687
2,1153,30448.480699802174
2,1154,30440.671185505347
2,1155,30461.79611177584
2,1156,30429.583586718993
2,1157,30434.08636167054
2,1158,30382.646761861426
2,1159,30347.81238038964
2,1160,30404.633578173234
2,1161,30416.891457016456
2,1162,30452.277571493738
2,1163,30491.618270012932
2,1164,30422.02723179847
2,1165,30444.016099924906
2,1166,30399.55313656468
2,1167,30349.86834157917
2,1168,30378.02219300845
2,1169,30439.693628226498
2,1170,30417.25753318832
2,1171,30452.58497366727
2,1172,30436.725636526193
2,1173,30388.939178080043
2,1174,30384.97279716142
2,1175,30407.693088535354
2,1176,30437.0046900105
2,1177,30431.54551704027
2,1178,30421.347387877442
2,1179,30432.223570325008
2,1180,30429.378184616507
2,1181,30392.117024161802
2,1182,30390.711505810905
2,1183,30392.6702816837
2,1184,30400.28985805766
2,1185,30388.271262572285
2,1186,30386.169273087908
2,1187,30376.04567111464
2,1188,30396.847261585284
2,1189,30477.063891877413
2,1190,30423.139539654134
2,1191,30422.423200936206
2,1192,30475.7398192488
2,1193,30430.60019852911
2,1194,30363.042352998866
2,1195,30403.60317265868
2,1196,30390.708261618805
2,1197,30439.623325690038
2,1198,30429.87778563865
2,1199,30427.10154769441
2,1200,30407.48538159554
2,1201,30437.004336182305
2,1202,30453.446632106872
2,1203,30464.344100190858
2,1204,30447.363105358367
2,1205,30373.74404924975
2,1206,30386.32468554925
2,1207,30421.808515976874
2,1208,30429.112349097104
2,1209,30400.022315831335
2,1210,30407.81193651105
2,1211,30410.175016929024
2,1212,30427.711487022145
2,1213,30392.319429536237
2,1214,30375.595914776928
2,1215,30425.56986265558
2,1216,30391.770513100193
2,1217,30436.16110832788
2,1218,30437.5698894604
2,1219,30456.020349762166
2,1220,30476.132245669633
2,1221,30446.988143248494
2,1222,30430.351227303316
2,1223,30404.767931871134
2,1224,30409.061633202662
2,1225,30404.720917158287
2,1226,30410.821068029043
2,1227,30393.659462056483
2,1228,30400.238645695168
2,1229,30423.909815221738
2,1230,30399.422912814192
2,1231,30418.226018830133
2,1232,30411.227643366296
2,1233,30426.99138752172
2,1234,30400.979776020657
2,1235,30383.19658296662
2,1236,30401.61470905796
2,1237,30415.970828934656
2,1238,30401.31960517329
2,1239,30415.702249311194
2,1240,30420.28575987031
2,1241,30448.04497780544
2,1242,30450.09112597367
2,1243,30488.39344974521
2,1244,30477.4477658244
2,1245,30432.036509104066
2,1246,30428.052127433515
2,1247,30411.95072911058
2,1248,30439.084340116053
2,1249,30412.945949525332
2,1250,30430.718200180832
2,1251,30405.729135615256
2,1252,30425.61786813253
2,1253,30444.160003096662
2,1254,30445.40411453516
2,1255,30442.652282051888
2,1256,30421.066340386635
2,1257,30405.395019869902
2,1258,30392.09183148998
2,1259,30399.561883090413
2,1260,30363.270366930265
2,1261,30405.75090169114
2,1262,30433.136575114917
2,1263,30404.42770088455
2,1264,30429.037654978016
2,1265,30374.61376805493
2,1266,30423.246053745035
2,1267,30473.0259369882
2,1268,30438.843893045927
2,1269,30415.351207449035
2,1270,30410.235793029206
2,1271,30471.581883289797
2,1272,30401.808893684843
2,1273,30386.92158186712
2,1274,30390.363207212442
2,1275,30365.441164366814
2,1276,30353.04913111587
2,1277,30375.396096448487
2,1278,30404.910129691754
2,1279,30413.910472638123
2,1280,30415.517013322693
2,1281,30409.190585023094
2,1282,30391.476969558706
2,1283,30403.714957251515
2,1284,30393.21832697375
2,1285,30416.64497957697
2,1286,30400.5900944513
2,1287,30404.432428284472
2,1288,30420.56031779843
2,1289,30359.69712040218
2,1290,30390.95148376497
2,1291,30352.391640667498
2,1292,30383.928589491014
2,1293,30494.726329186797
2,1294,30482.453068540362
2,1295,30463.183148559525
2,1296,30489.19124744486
2,1297,30421.989783952835
2,1298,30436.377284043443
2,1299,30463.031968218707
2,1300,30476.98166172218
2,1301,30441.558231620136
2,1302,30446.300655083505
2,1303,30420.992861252682
2,1304,30401.073271443223
2,1305,30429.799973824694
2,1306,30459.04007276897
2,1307,30398.994188601493
2,1308,30406.0268731925
2,1309,30393.063431937517
2,1310,30427.330045825016
2,1311,30396.992688970073
2,1312,30373.116058699794
2,1313,30404.507996380264
2,1314,30437.057042485554
2,1315,30421.05148670388
2,1316,30440.204406313085
2,1317,30452.060412864674
2,1318,30455.54477171058
2,1319,30435.550196306096
2,1320,30389.192869290928
2,1321,30380.827075750505
2,1322,30419.977532671237
2,1323,30444.676116410148
2,1324,30420.735110093276
2,1325,30401.767145292753
2,1326,30435.030485739375
2,1327,30402.3082039719
2,1328,30409.605649314763
2,1329,30373.016711883956
2,1330,30345.40888770899
2,1331,30394.758435023912
2,1332,30399.61546741923
2,1333,30403.18819742943
2,1334,30419.49438053607
2,1335,30436.130191313157
2,1336,30417.2783041136
2,1337,30414.34422149351
2,1338,30381.55693564041
2,1339,30384.759077658997
2,1340,30421.444688133637
2,1341,30458.454883352122
2,1342,30422.530182207134
2,1343,30437.792707875233
2,1344,30435.542145404932
2,1345,30439.70068457455
2,1346,30433.21387210815
2,1347,30428.610245439184
2,1348,30461.597090938205
2,1349,30443.388275358124
2,1350,30422.899810647556
2,1351,30375.82051940671
2,1352,30381.43876130759
2,1353,30368.58521945503
2,1354,30426.84420489707
2,1355,30411.58272804243
2,1356,30448.963559183278
2,1357,30410.858993180693
2,1358,30412.443714370573
2,1359,30405.156171926526
2,1360,30408.648427338347
2,1361,30411.55459901204
2,1362,30381.152961250067
2,1363,30376.955154355466
2,1364,30377.834438842572
2,1365,30429.496248157506
2,1366,30422.36513760318
2,1367,30353.44414637314
2,1368,30335.96034622346
2,1369,30323.783002637327
2,1370,30369.91794862867
2,1371,30387.59603737468
2,1372,30404.749348713725
2,1373,30430.265158753016
2,1374,30418.372305114764
2,1375,30427.50616459519
2,1376,30404.78720774108
2,1377,30416.451029951444
2,1378,30377.641342641728
2,1379,30378.04495775778
2,1380,30397.967308144507
2,1381,30429.401814349647
2,1382,30447.66005130404
2,1383,30493.07120936153
2,1384,30379.510264294655
2,1385,30414.174411531378
2,1386,30446.19689426614
2,1387,30458.446335863136
2,1388,30484.35864366397
2,1389,30489.42715062999
2,1390,30424.549440530063
2,1391,30449.789494902125
2,1392,30428.868759197932
2,1393,30415.672455895477
2,1394,30466.20818610536
2,1395,30474.768207895995
2,1396,30423.282197136643
2,1397,30398.43184109632
2,1398,30425.733215384225
2,1399,30453.48764697882
2,1400,30424.954139968013
2,1401,30403.808912072538
2,1402,30412.856844661972
2,1403,30400.204500093103
2,1404,30394.588372399896
2,1405,30365.454454913866
2,1406,30317.756501013984
2,1407,30360.61697853018
2,1408,30356.152965502744
2,1409,30374.099073196332
2,1410,30374.07748058766
2,1411,30399.272640126794
2,1412,30419.45681324011
2,1413,30418.666667598907
2,1414,30383.8055219495
2,1415,30376.73080245636
2,1416,30385.251512352323
2,1417,30456.561290940783
2,1418,30457.971808228398
2,1419,30419.915684779626
2,1420,30467.29788861668
2,1421,30444.68180770471
2,1422,30426.821284887475
2,1423,30393.03698284095
2,1424,30404.0375690784
2,1425,30341.71970354786
2,1426,30349.265767251498
2,1427,30413.392497653753
2,1428,30413.460860046864
2,1429,30469.862198146722
2,1430,30400.495317029166
2,1431,30403.40851892017
2,1432,30378.34098118271
2,1433,30330.65801596685
2,1434,30361.129993808405
2,1435,30396.64488570437
2,1436,30401.753939353843
2,1437,30403.498882341613
2,1438,30429.177777033965
2,1439,30420.10800402198
2,1440,30489.12823494394
2,1441,30480.75943080738
2,1442,30454.649126076307
2,1443,30494.491986543784
2,1444,30480.740630077165
2,1445,30444.5701168153
2,1446,30407.137168703463
2,1447,30384.03082762197
2,1448,30394.76607916236
2,1449,30414.599977306127
2,1450,30433.296127923
2,1451,30438.09234234723
2,1452,30397.354423845834
2,1453,30414.64064705042
2,1454,30372.24974147022
2,1455,30395.134544942193
2,1456,30409.700895284615
2,1457,30406.434782515706
2,1458,30410.636642947975
2,1459,30373.966778504397
2,1460,30417.870111496904
2,1461,30386.957719810274
2,1462,30402.164775181904
2,1463,30441.523431311627
2,1464,30461.003530411435
2,1465,30425.605843593516
2,1466,30375.873989646694
2,1467,30420.300268302366
2,1468,30448.03542265189
2,1469,30388.81301882072
2,1470,30424.567165319964
2,1471,30438.300925214935
2,1472,30404.55895186705
2,1473,30389.239210131054
2,1474,30436.087968177842
2,1475,30445.874345800577
2,1476,30420.11417156533
2,1477,30379.53241386121
2,1478,30400.838074296014
2,1479,30423.74542112491
2,1480,30458.062531628424
2,1481,30445.104782385388
2,1482,30437.042576160366
2,1483,30458.437524105964
2,1484,30432.942313652788
2,1485,30392.4443309416
2,1486,30366.900424857915
2,1487,30405.519181404514
2,1488,30403.407208543125
2,1489,30451.567314944077
2,1490,30441.71953039448
2,1491,30439.728468862133
2,1492,30428.44194533731
2,1493,30425.90905464763
2,1494,30415.812563105508
2,1495,30403.267738221355
2,1496,30406.720757892057
2,1497,30377.240927681818
2,1498,30413.695802092847
2,1499,30375.789869542707
2,1500,30405.868564346463
2,1501,30445.098369399275
2,1502,30439.39078923334
2,1503,30388.033304735352
2,1504,30428.878817046792
2,1505,30449.47908160932
2,1506,30483.47129201249
2,1507,30412.707860047223
2,1508,30400.807650065373
2,1509,30427.287436271392
2,1510,30391.471149418463
2,1511,30357.53477782095
2,1512,30397.418665727375
2,1513,30465.563753378596
2,1514,30404.706831004987
2,1515,30438.40343140391
2,1516,30386.488978743673
2,1517,30434.659031770756
2,1518,30384.50737779226
2,1519,30464.660817835138
2,1520,30466.041040777774
2,1521,30452.382671143823
2,1522,30430.88852344714
2,1523,30376.82146775367
2,1524,30375.89680651019
2,1525,30408.99483174681
2,1526,30343.32858494482
2,1527,30395.640449474824
2,1528,30410.600607766693
2,1529,30434.19876935766
2,1530,30416.3947847408
2,1531,30425.943890054434
2,1532,30387.629980694124
2,1533,30424.99274336767
2,1534,30414.532105271308
2,1535,30411.617631946443
2,1536,30391.667713231058
2,1537,30388.756177831423
2,1538,30405.08563380438
2,1539,30437.621841714634
2,1540,30411.086294929722
2,1541,30403.785771874136
2,1542,30439.686794320423
2,1543,30405.9351239188
2,1544,30386.80489235313
2,1545,30399.85595505533
2,1546,30384.621098056217
2,1547,30430.785648791403
2,1548,30431.380969501035
2,1549,30429.733370851256
2,1550,30442.631384380224
2,1551,30377.056129989607
2,1552,30432.117183458646
2,1553,30506.583467823362
2,1554,30464.466072023955
2,1555,30427.699457338855
2,1556,30392.516302365482
2,1557,30394.184298500506
2,1558,30395.248542745667
2,1559,30418.301724690293
2,1560,30394.868613659906
2,1561,30399.818337945435
2,1562,30410.638967973544
2,1563,30389.259738305533
2,1564,30395.625394691546
2,1565,30422.14954769034
2,1566,30389.561847991543
2,1567,30399.88427925935
2,1568,30371.812159877936
2,1569,30393.496050909576
2,1570,30400.268807023927
2,1571,30411.102744479784
2,1572,30383.565681313616
2,1573,30435.374908524525
2,1574,30441.391064373605
2,1575,30463.20779868584
2,1576,30425.50292530414
2,1577,30448.743730452818
2,1578,30449.679001095432
2,1579,30452.483226558164
2,1580,30460.78740643369
2,1581,30466.43757849566
2,1582,30439.95034522041
2,1583,30465.005787045422
2,1584,30419.668579694964
2,1585,30428.645078506175
2,1586,30422.989426151584
2,1587,30434.50616393465
2,1588,30414.575651230967
2,1589,30414.390658893688
2,1590,30372.452520703035
2,1591,30404.600689878578
2,1592,30449.649735756557
2,1593,30439.464628535774
2,1594,30484.800164965323
2,1595,30457.762346326064
2,1596,30416.620545074922
2,1597,30432.603827621893
2,1598,30427.22842297639
2,1599,30430.96470589855
2,1600,30386.749167961552
2,1601,30445.28000606854
2,1602,30452.739075537254
2,1603,30443.768933665513
2,1604,30428.28052162947
2,1605,30386.63573047242
2,1606,30414.777683119628
2,1607,30427.670809446885
2,1608,30385.810514827466
2,1609,30400.223785897426
2,1610,30402.60413331908
2,1611,30394.667733848026
2,1612,30405.985401696824
2,1613,30385.95240198038
2,1614,30408.068235284325
2,1615,30394.4766300553
2,1616,30463.84107977089
2,1617,30365.61624617788
2,1618,30393.788042490396
2,1619,30398.723233551187
2,1620,30434.19608699686
2,1621,30400.101536320035
2,1622,30406.67369286949
2,1623,30427.294460114186
2,1624,30424.3054667462
2,1625,30470.298736449753
2,1626,30455.025272594692
2,1627,30446.83578752588
2,1628,30434.19999910519
2,1629,30383.241862594325
2,1630,30401.77577295015
2,1631,30390.296923375427
2,1632,30386.08479798201
2,1633,30385.529831740525
2,1634,30406.033078409444
2,1635,30409.61641275289
2,1636,30464.832896505333
2,1637,30425.685760517023
2,1638,30471.63117383373
2,1639,30433.540287149437
2,1640,30465.16551987414
2,1641,30451.02245628355
2,1642,30435.054813489944
2,1643,30431.114732597853
2,1644,30405.304220113252
2,1645,30409.441315972224
2,1646,30415.167976962253
2,1647,30399.015158636368
2,1648,30380.759492263995
2,1649,30381.45587784582
2,1650,30370.850312045903
2,1651,30352.914288576685
2,1652,30393.827902931123
2,1653,30393.761823652138
2,1654,30379.74047438615
2,1655,30404.29683244955
2,1656,30381.88721301985
2,1657,30425.436407770074
2,1658,30398.660406295257
2,1659,30380.59628744066
2,1660,30385.47388250381
2,1661,30462.302797990244
2,1662,30455.858412887614
2,1663,30465.77954351775
2,1664,30453.775988410798
2,1665,30458.47956474653
2,1666,30457.846020365003
2,1667,30435.267891990417
2,1668,30470.051990575877
2,1669,30485.89769985023
2,1670,30454.18100301841
2,1671,30398.447117725555
2,1672,30422.238938813185
2,1673,30355.223146357755
2,1674,30397.41304625923
2,1675,30413.711006186837
2,1676,30384.09559413143
2,1677,30362.372516580246
2,1678,30362.252830375583
2,1679,30383.517016924874
2,1680,30440.222350982283
2,1681,30474.64716793915
2,1682,30458.20089971289
2,1683,30447.399987440287
2,1684,30448.3978216136
2,1685,30433.978930803198
2,1686,30423.367441232836
2,1687,30452.163449157055
2,1688,30481.916709930618
2,1689,30413.197008485447
2,1690,30410.81473558441
2,1691,30399.953364495763
2,1692,30439.90731299786
2,1693,30406.912372421924
2,1694,30378.81764653884
2,1695,30409.125642216444
2,1696,30435.829272695788
2,1697,30419.738778108695
2,1698,30405.708592684052
2,1699,30404.976271383337
2,1700,30418.720926830858
2,1701,30452.252551500438
2,1702,30380.031206118383
2,1703,30402.510749342764
2,1704,30403.721051848606
2,1705,30410.664749836073
2,1706,30422.400300855614
2,1707,30410.566169948077
2,1708,30388.60465746385
2,1709,30383.97149008582
2,1710,30374.54627746132
2,1711,30380.482694562845
2,1712,30437.188141360493
2,1713,30426.760510392884
2,1714,30415.780583721626
2,1715,30406.585998745417
2,1716,30391.48171659726
2,1717,30401.46216140496
2,1718,30395.929099910027
2,1719,30461.626258110344
2,1720,30452.937201927285
2,1721,30431.47574473921
2,1722,30418.10489566963
2,1723,30420.246944025643
2,1724,30464.904575848064
2,1725,30467.127289109572
2,1726,30471.576758982195
2,1727,30426.24807679834
2,1728,30385.71830127655
2,1729,30381.904815904072
2,1730,30375.890776063126
2,1731,30394.909410120246
2,1732,30370.870764662395
2,1733,30310.358462760247
2,1734,30331.08529807157
2,1735,30379.206476500956
2,1736,30409.236675597323
2,1737,30424.077721399826
2,1738,30411.533896612615
2,1739,30453.06418873302
2,1740,30458.214999064865
2,1741,30404.64603447052
2,1742,30383.249709545675
2,1743,30394.558722711463
2,1744,30360.560838565423
2,1745,30374.162024173973
2,1746,30356.262374559585
2,1747,30396.764777343396
2,1748,30407.435473812446
2,1749,30404.513218227345
2,1750,30384.18472506147
2,1751,30398.073849226745
2,1752,30382.21689672779
2,1753,30398.772267978195
2,1754,30430.10507978987
2,1755,30446.485985608255
2,1756,30483.717498033184
2,1757,30449.484836113308
2,1758,30459.438544858047
2,1759,30397.21732029579
2,1760,30404.967493456454
2,1761,30414.656419248797
2,1762,30452.821938721187
2,1763,30402.415434659542
2,1764,30434.362987113145
2,1765,30457.353895643155
2,1766,30404.160226458393
2,1767,30442.77953119594
2,1768,30442.700418650275
2,1769,30428.242603496634
2,1770,30404.45195149531
2,1771,30432.44897838573
2,1772,30391.014709136194
2,1773,30402.360859814453
2,1774,30447.275871847578
2,1775,30415.369771693488
2,1776,30423.664479160263
2,1777,30390.879066339276
2,1778,30362.151912228925
2,1779,30420.620080202643
2,1780,30418.687328403095
2,1781,30433.324524798925
2,1782,30419.216962217382
2,1783,30414.96068855675
2,1784,30368.639337599903
2,1785,30400.59593769059
2,1786,30377.3276398711
2,1787,30416.53451988481
2,1788,30397.440199225628
2,1789,30372.532269164014
2,1790,30383.222936604114
2,1791,30358.46541012939
2,1792,30417.17136036654
2,1793,30429.32593125306
2,1794,30422.298801067413
2,1795,30377.387833279456
2,1796,30350.9657328867
2,1797,30361.867688686394
2,1798,30373.935534335127
2,1799,30381.501335103618
2,1800,30409.306648220245
2,1801,30393.091416167084
2,1802,30406.63846848787
2,1803,30413.19938156258
2,1804,30405.38440157179
2,1805,30402.434344881436
2,1806,30377.91516653069
2,1807,30383.63882973251
2,1808,30390.20256062073
2,1809,30400.460748736892
2,1810,30390.82526130903
2,1811,30432.08140032425
2,1812,30407.407091617257
2,1813,30418.573287888215
2,1814,30485.217975985972
2,1815,30415.827309421413
2,1816,30409.641882501262
2,1817,30420.46455554376
2,1818,30422.62627623246
2,1819,30388.367497784
2,1820,30354.991345264047
2,1821,30403.610009218402
2,1822,30419.21051395462
2,1823,30422.602368879565
2,1824,30399.439428497208
2,1825,30392.509609486526
2,1826,30374.450958368903
2,1827,30388.81313713385
2,1828,30451.259476863288
2,1829,30453.917428967878
2,1830,30457.875498386704
2,1831,30407.959115698366
2,1832,30382.516807046253
2,1833,30342.572209288355
2,1834,30407.137441026025
2,1835,30440.615534355857
2,1836,30419.6795363944
2,1837,30427.140730099163
2,1838,30390.37780713055
2,1839,30452.299282983226
2,1840,30465.85802994103
2,1841,30465.06356209865
2,1842,30456.36566028121
2,1843,30448.97565219498
2,1844,30412.96873430513
2,1845,30367.8943265942
2,1846,30376.465742757307
2,1847,30362.10578291877
2,1848,30401.291127606703
2,1849,30416.45860304326
2,1850,30382.980534216418
2,1851,30387.49403971737
2,1852,30365.984939495647
2,1853,30394.6733699161
2,1854,30348.513561590426
2,1855,30361.163293530244
2,1856,30394.55385235592
2,1857,30385.639606775632
2,1858,30369.181585494942
2,1859,30358.39907699011
2,1860,30398.062329282842
2,1861,30430.151572007762
2,1862,30394.257090288695
2,1863,30393.80481755374
2,1864,30408.277955780643
2,1865,30455.083522156387
2,1866,30445.7675414556
2,1867,30451.43673969901
2,1868,30420.43715409559
2,1869,30409.632816463665
2,1870,30439.03368802187
2,1871,30444.26409234022
2,1872,30454.542488380284
2,1873,30378.717576543047
2,1874,30392.92814657689
2,1875,30379.949188092647
2,1876,30442.088559443775
2,1877,30474.717289089636
2,1878,30434.64394702712
2,1879,30445.758622156034
2,1880,30449.141409942218
2,1881,30421.31903927354
2,1882,30397.47123109836
2,1883,30367.462437531143
2,1884,30382.369368368123
2,1885,30410.73885524543
2,1886,30414.75337946596
2,1887,30443.45824295379
2,1888,30477.602018487036
2,1889,30422.210321380055
2,1890,30382.59544028269
2,1891,30421.82490249516
2,1892,30393.617884337396
2,1893,30425.69477475019
2,1894,30387.444505188312
2,1895,30380.456428625635
2,1896,30388.755228047325
2,1897,30409.38621451156
2,1898,30447.840719017357
2,1899,30487.336759227706
2,1900,30444.237032092376
2,1901,30447.556996777294
2,1902,30440.955974518307
2,1903,30396.773139322744
2,1904,30404.743107875976
2,1905,30404.456548951715
2,1906,30362.18574455285
2,1907,30385.044698027807
2,1908,30394.86287138893
2,1909,30432.134285165223
2,1910,30430.425395962662
2,1911,30424.17385305248
2,1912,30412.635217537863
2,1913,30437.781592996802
2,1914,30494.23914616465
2,1915,30426.02590656662
2,1916,30467.405552015556
2,1917,30475.40526084959
2,1918,30461.93104793661
2,1919,30422.90316325535
2,1920,30422.88830371792
2,1921,30436.383684879675
2,1922,30410.569958520417
2,1923,30435.873685143102
2,1924,30419.95755614009
2,1925,30427.89955290542
2,1926,30448.439846222565
2,1927,30464.302592071163
2,1928,30450.368630075525
2,1929,30383.556167782404
2,1930,30416.642870534568
2,1931,30447.200669971568
2,1932,30444.522824680433
2,1933,30441.092263114697
2,1934,30419.748648221946
2,1935,30404.6145680559
2,1936,30383.298201130023
2,1937,30420.339291043125
2,1938,30415.034317212812
2,1939,30414.983791211664
2,1940,30412.863812969714
2,1941,30439.418601662273
2,1942,30446.983281739627
2,1943,30458.32924539338
2,1944,30395.59249700324
2,1945,30386.446453655277
2,1946,30458.608460492305
2,1947,30438.5906980761
2,1948,30467.20623159235
2,1949,30434.983155370886
2,1950,30400.057457442745
2,1951,30400.609379638307
2,1952,30390.466970228154
2,1953,30421.899896498453
2,1954,30422.02043487043
2,1955,30368.277014831307
2,1956,30405.569293835233
2,1957,30440.71054834408
2,1958,30438.030527200182
2,1959,30396.758586283195
2,1960,30393.843963341376
2,1961,30379.791612737306
2,1962,30426.957060392564
2,1963,30425.60437498877
2,1964,30368.231675463394
2,1965,30370.86444487739
2,1966,30393.291425280455
2,1967,30377.0033610438
2,1968,30427.7669890769
2,1969,30427.459817082898
2,1970,30410.52227571986
2,1971,30422.132271660776
2,1972,30362.155566199934
2,1973,30402.647444853596
2,1974,30448.747160723586
2,1975,30423.913577350002
2,1976,30380.75606697485
2,1977,30393.9616726866
2,1978,30355.414860489105
2,1979,30388.943406157097
2,1980,30400.777050840847
2,1981,30457.90486477436
2,1982,30406.97311908864
2,1983,30437.90858871307
2,1984,30463.7699511423
2,1985,30466.768361155508
2,1986,30448.353356008934
2,1987,30457.557520714257
2,1988,30490.522646673246
2,1989,30517.13100374492
2,1990,30470.98598363338
2,1991,30497.049565198096
2,1992,30495.126094400788
2,1993,30463.20431906924
2,1994,30448.964578198706
2,1995,30404.496595854616
2,1996,30444.39331008399
2,1997,30457.796856633257
2,1998,30470.159178419657
2,1999,30452.96680765486
3,0,30420.248929545243
3,1,30452.484399215748
3,2,30424.68792994106
3,3,30392.091040844727
3,4,30371.03496859462
3,5,30433.441844386718
3,6,30429.53046521397
3,7,30445.229941361442
3,8,30464.943119964104
3,9,30459.159780351165
3,10,30457.00990761724
3,11,30422.05637613389
3,12,30400.822342998934
3,13,30446.97803270755
3,14,30451.219784491812
3,15,30425.940307798624
3,16,30419.190817522554
3,17,30435.27952717814
3,18,30482.800755737866
3,19,30475.9998723138
3,20,30442.394626126712
3,21,30427.12109493859
3,22,30455.03413637282
3,23,30455.83474369774
3,24,30480.97606812073
3,25,30406.32097744728
3,26,30457.35090288052
3,27,30446.16579969686
3,28,30468.847202952944
3,29,30433.52254544355
3,30,30457.067924525665
3,31,30458.837961157988
3,32,30502.081508438318
3,33,30502.37069620868
3,34,30433.58691284271
3,35,30466.397768538412
3,36,30454.616000065133
3,37,30439.835601187828
3,38,30448.670242472774
3,39,30379.38603156537
3,40,30361.22976578432
3,41,30363.722249581875
3,42,30382.18689451247
3,43,30380.788968952707
3,44,30391.245552996796
3,45,30403.394721440956
3,46,30428.258135588214
3,47,30430.997781179474
3,48,30395.18729911322
3,49,30408.325750973003
3,50,30416.521547033284
3,51,30446.296228239808
3,52,30455.950046932223
3,53,30438.5012981737
3,54,30428.130206963095
3,55,30422.62247244238
3,56,30385.520227022866
3,57,30369.04538162499
3,58,30351.96915602364
3,59,30361.037946358425
3,60,30369.43813685208
3,61,30388.732547608728
3,62,30371.328613118407
3,63,30406.86564696358
3,64,30423.63320561942
3,65,30393.566909562505
3,66,30385.859973760464
3,67,30394.193313653584
3,68,30422.045573701045
3,69,30406.429025741825
3,70,30372.793362444838
3,71,30403.810052536126
3,72,30417.740041591187
3,73,30394.566823604073
3,74,30428.960934285198
3,75,30453.27689368641
3,76,30450.531062802816
3,77,30431.70797728736
3,78,30436.30543996668
3,79,30442.12245290645
3,80,30417.21768708347
3,81,30427.314741281054
3,82,30455.123095953186
3,83,30448.060599761928
3,84,30430.31614543648
3,85,30423.95153672564
3,86,30381.630229698367
3,87,30405.441224330854
3,88,30366.851309748803
3,89,30410.52178882316
3,90,30385.383477512372
3,91,30383.58084434195
3,92,30440.27245234911
3,93,30439.311354382444
3,94,30386.74505066118
3,95,30406.004123732826
3,96,30353.003871498342
3,97,30399.380055906262
3,98,30404.025721150887
3,99,30390.443190892805
3,100,30400.54818379577
3,101,30403.167766698567
3,102,30398.246681746554
3,103,30366.44492612016
3,104,30439.81513275261
3,105,30413.35574161382
3,106,30380.566456641307
3,107,30391.270412779384
3,108,30398.12967579437
3,109,30414.43766104809
3,110,30443.85541576073
3,111,30444.167163035494
3,112,30488.236587000796
3,113,30418.086165395915
3,114,30401.606448569044
3,115,30399.966287682688
3,116,30435.322141915734
3,117,30455.41796701844
3,118,30495.594335082045
3,119,30478.32385689896
3,120,30410.342325067497
3,121,30410.983342343483
3,122,30406.39633971142
3,123,30437.41093106736
3,124,30431.793792763543
3,125,30461.810633304463
3,126,30478.307514910906
3,127,30443.60568411453
3,128,30435.825407299653
3,129,30451.901671112904
3,130,30458.00605494415
3,131,30430.818443205466
3,132,30457.74933283986
3,133,30423.121776121054
3,134,30462.939296553508
3,135,30478.634492284298
3,136,30420.110244676296
3,137,30430.039589935088
3,138,30472.594063929842
3,139,30469.565970303443
3,140,30428.448389603655
3,141,30435.90232111714
3,142,30402.49699177681
3,143,30427.461698004605
3,144,30427.217698793895
3,145,30355.235786258272
3,146,30366.413049922056
3,147,30325.195253067588
3,148,30324.588635184464
3,149,30352.402703191903
3,150,30337.792707372435
3,151,30325.589661868875
3,152,30363.828661740496
3,153,30416.54392368068
3,154,30419.895798515194
3,155,30427.826940591756
3,156,30394.21025271689
3,157,30418.716184058427
3,158,30396.25486240018
3,159,30464.925060660837
3,160,30394.308808410115
3,161,30399.201630156538
3,162,30419.129625431324
3,163,30402.6733315382
3,164,30393.387982013446
3,165,30422.631595263723
3,166,30438.266364753912
3,167,30416.209908430716
3,168,30443.30589841292
3,169,30413.572822564216
3,170,30394.78089141813
3,171,30413.852065017603
3,172,30401.659309245726
3,173,30403.884859598045
3,174,30469.232230308502
3,175,30479.06104060229
3,176,30476.18672009938
3,177,30445.643280994114
3,178,30428.794414635347
3,179,30458.64663199265
3,180,30419.85175866603
3,181,30418.261868219248
3,182,30406.856378286815
3,183,30388.05949071058
3,184,30401.960658685894
3,185,30425.79917448919
3,186,30424.865406911264
3,187,30430.99144880142
3,188,30414.726215435556
3,189,30411.842765439247
3,190,30409.153110720075
3,191,30413.95246164627
3,192,30410.75494449957
3,193,30410.468299194974
3,194,30446.546567405458
3,195,30433.514327418296
3,196,30442.147134145154
3,197,30408.82280648934
3,198,30481.56910149562
3,199,30457.925552192166
3,200,30471.85235947012
3,201,30406.48297444075
3,202,30438.097139896698
3,203,30451.068495279236
3,204,30470.098168560256
3,205,30443.870700458287
3,206,30412.46005082175
3,207,30346.23509802649
3,208,30360.034212620005
3,209,30364.221146762764
3,210,30378.83888413444
3,211,30363.753270821013
3,212,30419.962989560325
3,213,30431.543091954067
3,214,30422.44007418613
3,215,30446.354967878175
3,216,30453.348245539895
3,217,30440.737668911715
3,218,30446.46439425117
3,219,30452.023286751006
3,220,30471.302038956608
3,221,30446.019211236904
3,222,30440.52215545467
3,223,30400.284912118776
3,224,30370.0872034095
3,225,30369.37737474321
3,226,30386.556338453443
3,227,30426.64374185402
3,228,30434.627673838237
3,229,30397.61812794701
3,230,30404.439192114758
3,231,30398.39435507087
3,232,30457.844151124693
3,233,30458.852302182986
3,234,30384.8177474673
3,235,30415.319977283005
3,236,30429.257163087597
3,237,30455.65669277815
3,238,30479.5800042171
3,239,30468.569985210568
3,240,30434.270109923295
3,241,30433.806408640987
3,242,30414.454530174913
3,243,30401.072640628685
3,244,30435.366109816867
3,245,30436.995020554037
3,246,30450.91390864232
3,247,30403.742170300528
3,248,30402.63679682012
3,249,30426.74919211872
3,250,30454.569910765487
3,251,30429.482620712006
3,252,30362.13899640213
3,253,30385.18230896703
3,254,30426.112910177217
3,255,30450.240300966274
3,256,30413.821781678012
3,257,30445.98268830656
3,258,30429.416560511476
3,259,30450.14002256415
3,260,30443.505192333276
3,261,30426.256937419505
3,262,30371.63449218668
3,263,30411.27486214888
3,264,30408.020781169005
3,265,30398.346850171376
3,266,30437.264644185932
3,267,30420.671290168026
3,268,30442.867023008002
3,269,30358.918418243884
3,270,30400.02331953441
3,271,30432.44123985487
3,272,30424.164071126703
3,273,30427.389920133734
3,274,30416.25652791822
3,275,30405.57764916463
3,276,30395.06432443502
3,277,30396.011655663035
3,278,30436.726714466302
3,279,30405.09022998894
3,280,30397.01911810801
3,281,30407.199213666325
3,282,30425.10933649994
3,283,30398.36267147865
3,284,30445.550280671727
3,285,30473.465660027316
3,286,30411.42418176902
3,287,30400.589812717266
3,288,30343.50511486449
3,289,30380.432145886094
3,290,30387.63489005778
3,291,30384.630978218604
3,292,30401.580769540065
3,293,30405.299315310887
3,294,30420.71625040968
3,295,30425.44939768211
3,296,30428.62718941427
3,297,30417.663269775418
3,298,30387.258452760783
3,299,30434.868538869378
3,300,30434.38059080168
3,301,30421.951548984765
3,302,30378.922813976133
3,303,30408.8355989252
3,304,30385.716218282247
3,305,30406.720566922682
3,306,30443.630866562733
3,307,30462.072529720677
3,308,30421.163494209108
3,309,30382.29372285831
3,310,30367.015349431924
3,311,30401.64893984717
3,312,30417.31533706073
3,313,30391.127485145153
3,314,30397.645016850092
3,315,30443.528095276994
3,316,30421.442117552993
3,317,30399.042314548587
3,318,30386.352250990138
3,319,30390.87383136465
3,320,30376.41003348287
3,321,30421.717525175725
3,322,30428.15878861301
3,323,30430.610785164787
3,324,30419.41785563059
3,325,30383.54233006125
3,326,30402.302103007376
3,327,30408.230055800115
3,328,30395.95897181806
3,329,30412.296083466998
3,330,30446.602817975887
3,331,30420.34623558932
3,332,30416.54070077897
3,333,30379.510662610435
3,334,30439.09888301809
3,335,30428.59368002607
3,336,30418.685426076627
3,337,30426.685399269136
3,338,30453.79406674218
3,339,30399.488684081072
3,340,30380.826412755312
3,341,30366.65312706573
3,342,30415.9446917141
3,343,30409.016618826943
3,344,30450.844669418282
3,345,30414.672378426247
3,346,30453.48903190624
3,347,30399.2079391839
3,348,30370.875362927138
3,349,30414.782252996054
3,350,30432.028683814206
3,351,30417.70525278483
3,352,30378.784866136106
3,353,30370.472551015155
3,354,30401.733917069305
3,355,30397.04693545147
3,356,30399.467290282053
3,357,30455.932440621687
3,358,30440.595270550297
3,359,30442.336016102294
3,360,30424.419745386498
3,361,30378.672763957406
3,362,30392.984631723884
3,363,30407.879022235873
3,364,30436.337876249036
3,365,30394.290490143205
3,366,30423.751363522457
3,367,30384.117867677345
3,368,30419.37572908682
3,369,30469.16162220366
3,370,30435.403328174707
3,371,30429.622894587726
3,372,30440.192356839758
3,373,30416.635660850872
3,374,30457.289701661815
3,375,30447.13197424729
3,376,30455.884397039583
3,377,30431.25011107667
3,378,30452.253962053444
3,379,30396.878355392873
3,380,30406.215541898284
3,381,30448.95262778588
3,382,30394.302340784525
3,383,30394.074656741348
3,384,30360.195246683732
3,385,30398.499141976554
3,386,30428.557567068776
3,387,30404.601349322173
3,388,30405.598761406727
3,389,30400.82424266844
3,390,30419.81712702543
3,391,30456.764687019702
3,392,30433.122374163268
3,393,30436.4178555319
3,394,30375.80142675992
3,395,30381.789857502346
3,396,30381.097621487857
3,397,30424.0926202483
3,398,30411.71409490526
3,399,30419.98957262229
3,400,30418.67022842899
3,401,30399.676678689524
3,402,30408.77968847604
3,403,30391.25375726328
3,404,30422.574965605
3,405,30460.73551018703
3,406,30476.798210942707
3,407,30454.310370829568
3,408,30416.45382324729
3,409,30387.03073522098
3,410,30388.328520490555
3,411,30385.55378965168
3,412,30435.56092194272
3,413,30406.980231660207
3,414,30419.63326180813
3,415,30415.861795361787
3,416,30410.823846842675
3,417,30429.947166302387
3,418,30401.68789362885
3,419,30425.694311768144
3,420,30413.63502520371
3,421,30369.21725461902
3,422,30393.48864240803
3,423,30424.423410371484
3,424,30428.355751768155
3,425,30388.21290738617
3,426,30448.992934848895
3,427,30389.691089980846
3,428,30448.46362079642
3,429,30427.637522064477
3,430,30421.8067217342
3,431,30465.39535929798
3,432,30443.91649293457
3,433,30464.277804879384
3,434,30370.60411257231
3,435,30403.4771790935
3,436,30428.025149359717
3,437,30398.84906330451
3,438,30391.818710341875
3,439,30433.887870386905
3,440,30403.6121718558
3,441,30417.396483168493
3,442,30444.3358681959
3,443,30417.387750551086
3,444,30413.43237533726
3,445,30363.061280142752
3,446,30388.685129511192
3,447,30398.12965800528
3,448,30433.11207274281
3,449,30395.269360005776
3,450,30430.73353256683
3,451,30424.85801000113
3,452,30424.226730257888
3,453,30398.265909796653
3,454,30382.78220147255
3,455,30401.19489506716
3,456,30364.979054040436
3,457,30360.667241698276
3,458,30373.409550549637
3,459,30392.699255245003
3,460,30400.060197891722
3,461,30432.004460177268
3,462,30422.102068180255
3,463,30402.617423787495
3,464,30419.388971865214
3,465,30385.41221634858
3,466,30377.46444716315
3,467,30428.903683667573
3,468,30397.33287399145
3,469,30380.016109755456
3,470,30406.19175772872
3,471,30456.61586071993
3,472,30441.771291640733
3,473,30458.88334022833
3,474,30415.522186091603
3,475,30436.126430706696
3,476,30470.618894158437
3,477,30414.16071838627
3,478,30434.34663999604
3,479,30447.495449898513
3,480,30421.028771482688
3,481,30422.81448577483
3,482,30431.350510869972
3,483,30451.099803264064
3,484,30367.596015533
3,485,30395.58462357292
3,486,30461.11519411719
3,487,30463.402467712272
3,488,30435.30002129222
3,489,30413.291817006248
3,490,30405.38386103369
3,491,30399.318506926764
3,492,30409.04013258722
3,493,30411.90089023976
3,494,30435.461544286423
3,495,30466.021580229877
3,496,30407.356926780554
3,497,30391.69727528164
3,498,30407.388119844094
3,499,30365.392171135984
3,500,30363.265473007392
3,501,30396.001380206253
3,502,30396.388913449133
3,503,30435.08737060695
3,504,30430.333357372394
3,505,30405.47956936179
3,506,30422.892931056547
3,507,30440.442507590906
3,508,30385.119351339366
3,509,30395.84773348414
3,510,30423.667554440424
3,511,30439.636862749074
3,512,30453.829370425956
3,513,30439.646025378577
3,514,30424.826772842647
3,515,30438.241551000257
3,516,30411.379793969936
3,517,30393.272833733903
3,518,30405.32943039493
3,519,30382.725369060376
3,520,30369.09176548664
3,521,30411.75139015036
3,522,30422.276732078382
3,523,30421.12817607484
3,524,30391.753108119014
3,525,30438.23763792673
3,526,30444.540342203047
3,527,30418.1974655221
3,528,30439.510519622432
3,529,30435.669484353006
3,530,30431.561239184266
3,531,30404.329981486735
3,532,30421.065883219915
3,533,30372.259116343146
3,534,30400.10524536133
3,535,30440.297055315074
3,536,30397.83907696504
3,537,30374.111650020383
3,538,30426.2937019247
3,539,30424.08474011482
3,540,30396.726430882674
3,541,30396.60688693934
3,542,30357.8806173692
3,543,30457.93376512416
3,544,30451.909554862686
3,545,30428.967148587817
3,546,30398.990845555636
3,547,30396.547207022817
3,548,30408.192324079722
3,549,30371.350221908633
3,550,30343.268789932532
3,551,30354.56253098519
3,552,30370.909596943195
3,553,30391.05169249188
3,554,30429.674956823448
3,555,30391.873645822427
3,556,30383.45486614215
3,557,30402.84463104945
3,558,30375.684550757953
3,559,30416.034353218874
3,560,30360.166251784845
3,561,30339.34023403328
3,562,30379.40874281788
3,563,30388.331659997726
3,564,30394.193866819976
3,565,30406.080871038484
3,566,30393.689022127353
3,567,30423.914474152225
3,568,30421.351697171773
3,569,30446.647812549152
3,570,30407.921694253357
3,571,30448.716837431897
3,572,30426.810568681314
3,573,30430.733525239575
3,574,30474.63013648798
3,575,30499.663202252505
3,576,30440.387225677707
3,577,30437.500275318635
3,578,30424.791252931238
3,579,30378.170439420923
3,580,30377.484267246306
3,581,30402.208853544413
3,582,30386.286095379623
3,583,30394.475212577203
3,584,30402.183331007178
3,585,30458.40647797096
3,586,30411.223567218134
3,587,30415.10449085914
3,588,30398.588872268945
3,589,30404.59388163673
3,590,30445.387258471717
3,591,30443.590087111952
3,592,30456.392845512353
3,593,30442.758851256945
3,594,30429.072017620212
3,595,30423.231523342027
3,596,30440.0381897341
3,597,30454.79289460097
3,598,30439.487998141652
3,599,30429.985372716284
3,600,30419.252141241017
3,601,30386.827810780425
3,602,30417.651188218922
3,603,30395.671524646215
3,604,30429.33660404921
3,605,30419.154709441023
3,606,30376.565515123308
3,607,30409.339988219224
3,608,30405.97518508346
3,609,30394.139840426957
3,610,30386.80235958937
3,611,30441.63144087355
3,612,30427.895321100994
3,613,30460.555595069043
3,614,30452.00872369045
3,615,30462.058452754576
3,616,30409.62252072496
3,617,30383.331750470785
3,618,30384.166322304907
3,619,30389.321766046192
3,620,30363.746350826714
3,621,30391.331746543357
3,622,30404.364387764912
3,623,30367.241170810998
3,624,30393.154561060106
3,625,30419.5627712587
3,626,30441.989504946316
3,627,30398.991332547103
3,628,30396.657301625888
3,629,30409.344847211658
3,630,30422.839788486788
3,631,30452.842313986992
3,632,30487.624775554934
3,633,30453.701425573494
3,634,30412.392655951182
3,635,30424.31239030323
3,636,30400.715594974317
3,637,30387.457617415217
3,638,30423.048999704126
3,639,30383.93276363994
3,640,30387.119082769437
3,641,30418.179662597395
3,642,30394.695883702247
3,643,30396.62622043116
3,644,30390.80604721313
3,645,30379.579885218252
3,646,30392.42216474946
3,647,30359.6637837508
3,648,30355.15706668024
3,649,30363.4734531776
3,650,30367.409301847118
3,651,30384.92637073396
3,652,30376.37863651295
3,653,30349.57567596952
3,654,30360.02813583229
3,655,30386.902339749915
3,656,30389.113334231864
3,657,30343.413544030096
3,658,30367.600705433804
3,659,30363.61263511575
3,660,30386.5269096628
3,661,30393.025398145273
3,662,30382.38302610409
3,663,30396.273533793967
3,664,30386.055696102274
3,665,30394.41318311065
3,666,30397.46702673835
3,667,30409.78111637655
3,668,30452.812568847752
3,669,30456.099732645624
3,670,30403.893919542737
3,671,30378.527145653563
3,672,30404.330584728254
3,673,30396.262103572182
3,674,30379.956773585236
3,675,30347.487303672642
3,676,30374.66098548683
3,677,30385.42015934552
3,678,30399.1888896949
3,679,30412.47099199128
3,680,30436.679049870832
3,681,30461.793723369756
3,682,30429.968201410502
3,683,30451.794238972456
3,684,30415.6412244656
3,685,30404.26885192898
3,686,30430.743417306734
3,687,30413.10268092321
3,688,30387.007438990106
3,689,30406.413141244917
3,690,30411.767561794713
3,691,30441.509436375352
3,692,30414.934388945905
3,693,30394.58654130126
3,694,30402.121173259668
3,695,30419.54955414958
3,696,30439.61648501009
3,697,30439.837743119857
3,698,30422.584077269592
3,699,30435.98280354187
3,700,30458.515343192765
3,701,30475.36481548799
3,702,30500.61034622453
3,703,30476.09348524265
3,704,30453.239758518714
3,705,30420.946987325715
3,706,30465.318660211757
3,707,30439.465660121354
3,708,30398.88992142154
3,709,30417.89772854925
3,710,30419.47264700377
3,711,30393.288067363686
3,712,30385.036916522942
3,713,30411.229658039036
3,714,30404.23084485769
3,715,30379.98328660732
3,716,30435.465758258022
3,717,30491.206586693792
3,718,30448.403707191745
3,719,30456.01874835807
3,720,30418.838529524448
3,721,30427.425670332515
3,722,30394.827561356084
3,723,30438.314759737324
3,724,30417.81597272748
3,725,30437.325440431458
3,726,30429.940357836334
3,727,30407.844059055562
3,728,30431.098227561644
3,729,30438.122684604197
3,730,30459.576573566155
3,731,30407.22724799474
3,732,30408.772389300717
3,733,30424.548480107977
3,734,30410.842231385082
3,735,30439.271092854764
3,736,30436.408961248322
3,737,30405.745708453585
3,738,30417.156578250753
3,739,30441.665078224123
3,740,30413.63251799638
3,741,30440.692574931447
3,742,30431.461183748754
3,743,30426.345528849626
3,744,30433.93909242566
3,745,30393.474525879607
3,746,30433.388656390678
3,747,30403.355304003748
3,748,30450.752799463764
3,749,30392.998698865245
3,750,30418.673190920545
3,751,30418.019638543712
3,752,30372.47259260892
3,753,30395.650880770365
3,754,30430.161140942317
3,755,30375.193350878708
3,756,30354.12311610209
3,757,30332.579346310114
3,758,30389.552167985614
3,759,30393.531792163747
3,760,30387.501194993638
3,761,30413.56391166107
3,762,30444.467954696054
3,763,30405.521087380665
3,764,30425.799160114668
3,765,30395.29570717348
3,766,30410.53613984276
3,767,30437.343080980376
3,768,30428.10917173741
3,769,30449.23628510438
3,770,30409.571965581705
3,771,30407.89640795261
3,772,30400.015728714305
3,773,30395.434603238748
3,774,30406.449650530456
3,775,30443.221414762364
3,776,30431.546715119148
3,777,30406.884559196154
3,778,30430.402404093955
3,779,30429.288200820705
3,780,30459.48057364486
3,781,30373.648466918832
3,782,30419.03218911781
3,783,30416.13865025961
3,784,30379.135913323265
3,785,30399.508732562077
3,786,30411.14849931958
3,787,30433.791814785563
3,788,30388.969706618187
3,789,30431.387278985632
3,790,30435.735049508698
3,791,30417.257347022773
3,792,30429.938537897408
3,793,30479.072631351097
3,794,30451.660801436097
3,795,30442.865192591034
3,796,30444.26222910942
3,797,30448.03665903085
3,798,30415.544843649088
3,799,30381.434444661605
3,800,30387.713835870953
3,801,30374.371141104617
3,802,30438.25219078505
3,803,30415.212612373558
3,804,30370.853498729055
3,805,30381.181710892328
3,806,30408.887659514323
3,807,30400.159735315283
3,808,30447.89849633622
3,809,30440.88008202567
3,810,30412.145794821237
3,811,30399.867943271216
3,812,30402.578700799033
3,813,30379.508502947523
3,814,30410.962579999883
3,815,30416.63592825142
3,816,30412.131957953334
3,817,30388.921136369372
3,818,30426.292701477163
3,819,30417.5428005191
3,820,30433.60915161841
3,821,30429.302432031927
3,822,30446.542307728625
3,823,30437.123212204697
3,824,30438.510600524478
3,825,30427.31472109599
3,826,30433.479214334166
3,827,30388.161759508886
3,828,30418.720040127955
3,829,30430.666828687557
3,830,30404.67413421521
3,831,30435.384001173483
3,832,30455.87615655939
3,833,30412.242604037707
3,834,30442.557821942646
3,835,30443.781413611865
3,836,30464.670666057216
3,837,30408.55625617742
3,838,30432.714903978336
3,839,30391.68760924415
3,840,30379.214788371573
3,841,30412.466785625864
3,842,30402.50878571581
3,843,30382.807009546785
3,844,30378.32660145407
3,845,30376.47738311896
3,846,30376.66295440052
3,847,30416.134537813105
3,848,30432.480311353956
3,849,30411.39927363635
3,850,30404.72879673598
3,851,30382.225584007065
3,852,30349.103277300932
3,853,30381.207085960537
3,854,30387.881478571297
3,855,30413.166674689503
3,856,30437.51899918109
3,857,30446.67587256569
3,858,30428.680999823217
3,859,30422.644355179935
3,860,30440.683868678778
3,861,30422.270945101656
3,862,30425.642572874
3,863,30407.099333932994
3,864,30404.247920958638
3,865,30429.390826922234
3,866,30466.71938952052
3,867,30431.949223409734
3,868,30420.22624390652
3,869,30357.790076481877
3,870,30418.90310041502
3,871,30395.193338522582
3,872,30423.62168328213
3,873,30397.85104807888
3,874,30404.93061526422
3,875,30379.757420113816
3,876,30410.216270187015
3,877,30423.59368612307
3,878,30443.389913992967
3,879,30430.409428875053
3,880,30418.577512620326
3,881,30399.990181200556
3,882,30378.670144004485
3,883,30439.061230208306
3,884,30500.588083906212
3,885,30466.197883331177
3,886,30489.36223011855
3,887,30397.89835073868
3,888,30368.08368474684
3,889,30378.085498511726
3,890,30393.758734876163
3,891,30394.269425110364
3,892,30367.406829198244
3,893,30381.024686348923
3,894,30371.24672193227
3,895,30395.49722793206
3,896,30421.384021822476
3,897,30439.089366511325
3,898,30437.480699007363
3,899,30415.026700327115
3,900,30416.507830273484
3,901,30403.31569594957
3,902,30419.556015565562
3,903,30408.939396501682
3,904,30391.525970004514
3,905,30366.031296417095
3,906,30391.90652229973
3,907,30436.952581340425
3,908,30413.382651510827
3,909,30377.80506829229
3,910,30384.149940304073
3,911,30379.586987114857
3,912,30348.358887037615
3,913,30383.80674737896
3,914,30384.812512180662
3,915,30365.704806861402
3,916,30421.48899825127
3,917,30419.862147042113
3,918,30407.34796773133
3,919,30431.427791738894
3,920,30413.935177122617
3,921,30408.464951537626
3,922,30401.159297756436
3,923,30432.041356950816
3,924,30410.182906437418
3,925,30378.003795092674
3,926,30423.11924856106
3,927,30427.111038062885
3,928,30438.2705652844
3,929,30431.848259981052
3,930,30467.41168633917
3,931,30449.15996044851
3,932,30453.998068638968
3,933,30433.401139690253
3,934,30423.829348593834
3,935,30398.67611728483
3,936,30370.085015143784
3,937,30380.562015678937
3,938,30433.435012078065
3,939,30474.93441372973
3,940,30471.89499276114
3,941,30456.05974997787
3,942,30457.080082740773
3,943,30398.151766021114
3,944,30487.30099398985
3,945,30382.559542592593
3,946,30380.142507469594
3,947,30356.98607038524
3,948,30382.50935645995
3,949,30389.683923734094
3,950,30450.60228564694
3,951,30456.01166095429
3,952,30445.072137870386
3,953,30441.008929794563
3,954,30427.842910620733
3,955,30437.28048600688
3,956,30410.535398159525
3,957,30432.3109397874
3,958,30420.173896991048
3,959,30388.77030005488
3,960,30354.418199617594
3,961,30406.154724164062
3,962,30418.511604176445
3,963,30386.570828226533
3,964,30359.942196913442
3,965,30409.497136473572
3,966,30395.358248303583
3,967,30436.146619008498
3,968,30412.40275008583
3,969,30437.92304347536
3,970,30398.264734502376
3,971,30382.280027303106
3,972,30383.03421534584
3,973,30365.52480711463
3,974,30375.169891652033
3,975,30397.151072428125
3,976,30400.420889780104
3,977,30407.645289911285
3,978,30419.28912218864
3,979,30397.148715145002
3,980,30457.965921221778
3,981,30460.084491208578
3,982,30494.33075592609
3,983,30448.436126345194
3,984,30423.362137006534
3,985,30392.253494987533
3,986,30433.659835911665
3,987,30417.08741392886
3,988,30401.351443626296
3,989,30445.065639314733
3,990,30416.267952529808
3,991,30451.665995214935
3,992,30450.920177363212
3,993,30392.8251058411
3,994,30394.654764154493
3,995,30385.213931273036
3,996,30368.6995330937
3,997,30356.337373282124
3,998,30351.052020857485
3,999,30367.715176116533
3,1000,30410.22427074196
3,1001,30397.449951451963
3,1002,30373.30044753518
3,1003,30356.548408803537
3,1004,30407.80083225205
3,1005,30420.284212731207
3,1006,30434.997829222924
3,1007,30413.311828601527
3,1008,30361.87399585664
3,1009,30419.957643418227
3,1010,30415.855074070078
3,1011,30420.610914586723
3,1012,30434.319736320926
3,1013,30466.202189124793
3,1014,30416.67193035988
3,1015,30422.26232518423
3,1016,30434.18039774112
3,1017,30401.78428835121
3,1018,30413.897158938813
3,1019,30407.453656574075
3,1020,30463.450867076997
3,1021,30464.035154738747
3,1022,30452.20802310944
3,1023,30407.235997344484
3,1024,30471.825522711675
3,1025,30462.524155689593
3,1026,30438.601605268803
3,1027,30413.67621397447
3,1028,30397.036306258735
3,1029,30417.44081225664
3,1030,30392.81029179308
3,1031,30385.3174332609
3,1032,30403.351245099573
3,1033,30414.975594862357
3,1034,30382.316234992468
3,1035,30360.60235367402
3,1036,30357.722972338965
3,1037,30449.07746101099
3,1038,30450.827597746935
3,1039,30442.857415920378
3,1040,30411.70869838597
3,1041,30378.464050937986
3,1042,30381.731130181568
3,1043,30418.756580862504
3,1044,30412.141653335253
3,1045,30380.593828746893
3,1046,30361.981865765232
3,1047,30374.485106510587
3,1048,30398.71472298791
3,1049,30388.81547185398
3,1050,30386.067925979998
3,1051,30335.761157724515
3,1052,30408.91674956506
3,1053,30371.796395129924
3,1054,30368.294814135697
3,1055,30417.794783849724
3,1056,30427.28645512457
3,1057,30413.886323908067
3,1058,30389.45996684817
3,1059,30387.299276640308
3,1060,30371.717487741982
3,1061,30390.15603724455
3,1062,30435.556208320966
3,1063,30410.703865932468
3,1064,30373.8002429564
3,1065,30375.444979123462
3,1066,30385.452011666563
3,1067,30401.05829466302
3,1068,30475.40317526871
3,1069,30420.481324720004
3,1070,30412.322595373254
3,1071,30432.636130391915
3,1072,30395.147155109058
3,1073,30402.839354907468
3,1074,30376.01464971525
3,1075,30427.194984534246
3,1076,30410.03450195031
3,1077,30406.43952972178
3,1078,30406.68078955121
3,1079,30346.09157675682
3,1080,30423.00797504136
3,1081,30436.043798323477
3,1082,30408.355266476618
3,1083,30385.588221559225
3,1084,30398.260481303823
3,1085,30435.210952968726
3,1086,30435.95244578675
3,1087,30433.9017687107
3,1088,30416.632776778515
3,1089,30406.231230154808
3,1090,30422.310433971936
3,1091,30413.299725846122
3,1092,30429.568119976673
3,1093,30425.451299688895
3,1094,30446.315229125317
3,1095,30509.428918966933
3,1096,30467.102260336673
3,1097,30415.87145047564
3,1098,30428.65880329868
3,1099,30427.036661739035
3,1100,30386.137487786535
3,1101,30373.657387882486
3,1102,30439.951605601964
3,1103,30408.262833396606
3,1104,30441.323362630766
3,1105,30427.51904054796
3,1106,30457.357770266914
3,1107,30419.57666047211
3,1108,30430.75087613217
3,1109,30412.17588548571
3,1110,30378.62305625794
3,1111,30401.26494433031
3,1112,30451.959142103522
3,1113,30422.717643127275
3,1114,30438.049681189037
3,1115,30433.307025143433
3,1116,30415.815298586913
3,1117,30436.203600997887
3,1118,30449.158148332714
3,1119,30411.35753673972
3,1120,30399.935099984697
3,1121,30400.144617027338
3,1122,30409.41261398174
3,1123,30406.750959954523
3,1124,30415.932121112222
3,1125,30402.707739966743
3,1126,30450.701682410025
3,1127,30439.67254598504
3,1128,30425.72875552147
3,1129,30418.762527982526
3,1130,30386.385016469223
3,1131,30426.58104112106
3,1132,30418.23288336423
3,1133,30420.664421451944
3,1134,30438.925790205554
3,1135,30427.68248680745
3,1136,30400.40638036768
3,1137,30414.360287866057
3,1138,30412.251035609985
3,1139,30414.267941357477
3,1140,30388.941439306825
3,1141,30394.068571087202
3,1142,30383.72027657288
3,1143,30370.678345031825
3,1144,30347.870756416396
3,1145,30401.513677519048
3,1146,30397.670468920194
3,1147,30380.144112747465
3,1148,30407.014764267577
3,1149,30379.705492325316
3,1150,30360.547708117847
3,1151,30380.077412117174
3,1152,30458.89551549121
3,1153,30424.45112337926
3,1154,30403.22517939908
3,1155,30397.082090391217
3,1156,30411.647340602303
3,1157,30452.29192797922
3,1158,30447.312972965694
3,1159,30383.716620808624
3,1160,30409.402084660713
3,1161,30416.83531721761
3,1162,30403.508313028626
3,1163,30412.8317267171
3,1164,30430.081425553544
3,1165,30428.014200232912
3,1166,30404.100836563135
3,1167,30396.92728496734
3,1168,30405.250734843496
3,1169,30400.909142967485
3,1170,30416.361100446884
3,1171,30435.416951981297
3,1172,30471.267209543395
3,1173,30425.350641948735
3,1174,30438.705952125543
3,1175,30471.76364625081
3,1176,30434.668691136998
3,1177,30427.443687291776
3,1178,30412.16901489329
3,1179,30413.27302287147
3,1180,30432.42157925887
3,1181,30423.9605892739
3,1182,30439.747055572087
3,1183,30411.57899838252
3,1184,30414.19573742931
3,1185,30434.250921833347
3,1186,30446.239267837525
3,1187,30449.043242766562
3,1188,30434.917470701388
3,1189,30428.74265921783
3,1190,30392.860165178194
3,1191,30343.404140363593
3,1192,30368.972456305757
3,1193,30405.881754969876
3,1194,30438.382467812706
3,1195,30453.748875566795
3,1196,30403.173928386663
3,1197,30366.987127526794
3,1198,30406.791128208864
3,1199,30439.543535152116
3,1200,30411.590496533423
3,1201,30399.295701615636
3,1202,30422.39175348143
3,1203,30442.718217233338
3,1204,30424.850131394167
3,1205,30457.802138852552
3,1206,30407.52028793066
3,1207,30443.358432145607
3,1208,30470.477515781058
3,1209,30449.486483995053
3,1210,30471.223071443874
3,1211,30482.14175177927
3,1212,30444.263118128387
3,1213,30428.557417783893
3,1214,30421.248594302746
3,1215,30430.59373936735
3,1216,30410.24157226802
3,1217,30444.927435397392
3,1218,30425.644074603457
3,1219,30392.961253494876
3,1220,30402.017509088877
3,1221,30368.595858406516
3,1222,30390.603191648643
3,1223,30376.383576714623
3,1224,30349.753034740534
3,1225,30361.086557383405
3,1226,30431.621913326293
3,1227,30387.10496218415
3,1228,30392.726631330203
3,1229,30426.109458816114
3,1230,30449.75440444125
3,1231,30428.454725965606
3,1232,30387.487160723023
3,1233,30388.40456917073
3,1234,30449.737338566596
3,1235,30432.917735561987
3,1236,30408.40753554955
3,1237,30417.875936687582
3,1238,30447.577062093314
3,1239,30475.12568798081
3,1240,30467.009513148394
3,1241,30475.275587784727
3,1242,30484.727855378413
3,1243,30485.75773541383
3,1244,30462.22862547775
3,1245,30443.117671435553
3,1246,30478.439952148732
3,1247,30452.14602655947
3,1248,30388.21223967262
3,1249,30374.42565985329
3,1250,30473.866818194045
3,1251,30531.762020042836
3,1252,30421.56645098642
3,1253,30406.868247116654
3,1254,30355.853077660042
3,1255,30439.901126267472
3,1256,30417.34153836955
3,1257,30416.96999364018
3,1258,30450.236551974536
3,1259,30422.187815403584
3,1260,30447.30400100146
3,1261,30416.613625389156
3,1262,30438.11850565896
3,1263,30450.753381071787
3,1264,30452.938673955676
3,1265,30393.562046933013
3,1266,30369.630205744692
3,1267,30396.477140409024
3,1268,30405.91840057205
3,1269,30403.487904848465
3,1270,30407.835305593853
3,1271,30453.37938945804
3,1272,30444.94545582375
3,1273,30400.778215956525
3,1274,30395.62017839379
3,1275,30396.288658031288
3,1276,30356.098102020434
3,1277,30412.270478775295
3,1278,30429.449022704506
3,1279,30477.94748252306
3,1280,30474.220484348472
3,1281,30426.902237387287
3,1282,30399.00565941992
3,1283,30382.516600604467
3,1284,30402.074556470743
3,1285,30416.49153696214
3,1286,30426.547789630928
3,1287,30432.599224762587
3,1288,30404.205571792307
3,1289,30403.364721298683
3,1290,30379.948893501944
3,1291,30394.97612914861
3,1292,30405.061838417674
3,1293,30404.162027111975
3,1294,30379.363873654598
3,1295,30384.334798606666
3,1296,30414.558565064835
3,1297,30376.98963537233
3,1298,30383.581446074506
3,1299,30364.907714974917
3,1300,30378.641008016697
3,1301,30390.40593301825
3,1302,30421.011738317386
3,1303,30414.71847167677
3,1304,30425.032572124474
3,1305,30408.70009520227
3,1306,30440.42024983223
3,1307,30423.74810166516
3,1308,30403.926188360747
3,1309,30448.359561513767
3,1310,30418.910977548592
3,1311,30420.481665640702
3,1312,30446.487421314396
3,1313,30462.566363751077
3,1314,30448.300321711722
3,1315,30375.031854567234
3,1316,30427.572874885056
3,1317,30432.328193865767
3,1318,30423.403589419846
3,1319,30438.227785752777
3,1320,30361.852216431813
3,1321,30415.180096516033
3,1322,30448.4635850632
3,1323,30438.90314969446
3,1324,30403.76131320527
3,1325,30413.945365718817
3,1326,30397.235208418173
3,1327,30404.69583635787
3,1328,30384.577602596513
3,1329,30425.00060681749
3,1330,30415.029616045387
3,1331,30393.90840544012
3,1332,30425.08617452812
3,1333,30380.206087333558
3,1334,30359.3705594934
3,1335,30372.698519652953
3,1336,30426.426069434045
3,1337,30432.38281705795
3,1338,30430.276382714725
3,1339,30378.34234800761
3,1340,30442.615983798463
3,1341,30406.547111471755
3,1342,30402.224980905496
3,1343,30406.378947665373
3,1344,30458.572101875165
3,1345,30404.676819604778
3,1346,30436.595317922394
3,1347,30428.448109488578
3,1348,30402.18530474053
3,1349,30393.01930642444
3,1350,30404.068257224248
3,1351,30418.325097761277
3,1352,30428.459441219915
3,1353,30395.729693941452
3,1354,30387.26899932934
3,1355,30356.69515212704
3,1356,30386.14411613647
3,1357,30390.078064414796
3,1358,30431.80407241187
3,1359,30417.98010304645
3,1360,30413.95764818547
3,1361,30400.663943926054
3,1362,30379.5920228489
3,1363,30399.91292491147
3,1364,30428.458530572356
3,1365,30437.202018873115
3,1366,30428.96797263863
3,1367,30413.014318976217
3,1368,30418.330852427498
3,1369,30441.937088652252
3,1370,30388.17011200685
3,1371,30398.877280564215
3,1372,30442.697471913645
3,1373,30440.84661315388
3,1374,30473.054071207363
3,1375,30431.79126390534
3,1376,30371.819222632414
3,1377,30426.518724889134
3,1378,30435.29367848257
3,1379,30457.032332945466
3,1380,30458.78826146947
3,1381,30413.85192983767
3,1382,30429.866978863505
3,1383,30451.832402672346
3,1384,30438.727763999625
3,1385,30419.920896515254
3,1386,30388.03507689688
3,1387,30421.160115256574
3,1388,30451.893976055067
3,1389,30451.688993045173
3,1390,30419.156188852296
3,1391,30436.179125487954
3,1392,30385.340183754335
3,1393,30426.587089863144
3,1394,30412.259250715582
3,1395,30405.603408221745
3,1396,30408.130607957675
3,1397,30369.083773690607
3,1398,30383.79110677209
3,1399,30406.383481667806
3,1400,30473.71521767831
3,1401,30401.182492917567
3,1402,30387.07803723521
3,1403,30389.976619044537
3,1404,30366.16180327123
3,1405,30380.527344078117
3,1406,30392.4654472114
3,1407,30385.46006793429
3,1408,30338.14170909378
3,1409,30362.058798012244
3,1410,30386.260416543453
3,1411,30411.35680137932
3,1412,30402.34712640794
3,1413,30460.9037357914
3,1414,30411.60752567035
3,1415,30445.256914545316
3,1416,30404.591239715723
3,1417,30420.451925312962
3,1418,30391.701163102814
3,1419,30393.32946025105
3,1420,30393.30049797401
3,1421,30407.909420901207
3,1422,30420.082688154416
3,1423,30418.323690978847
3,1424,30420.158945632997
3,1425,30419.248140404055
3,1426,30426.3669541089
3,1427,30417.36942415527
3,1428,30422.456884312604
3,1429,30453.025207364884
3,1430,30448.442982144992
3,1431,30429.203132789527
3,1432,30433.058007068852
3,1433,30432.85753927739
3,1434,30408.08701136706
3,1435,30353.0234729864
3,1436,30398.496700154796
3,1437,30434.91808752938
3,1438,30399.97251365249
3,1439,30383.253426768213
3,1440,30404.540129298784
3,1441,30388.859038465504
3,1442,30429.918909816748
3,1443,30426.326216235087
3,1444,30402.439753776573
3,1445,30441.355342676397
3,1446,30431.623847377094
3,1447,30421.010722244097
3,1448,30367.151586884174
3,1449,30383.49418329908
3,1450,30406.137472316514
3,1451,30408.383761762296
3,1452,30471.014139169707
3,1453,30448.247765359658
3,1454,30407.349967262136
3,1455,30445.894688460416
3,1456,30420.741753620125
3,1457,30448.619675328002
3,1458,30437.898148625005
3,1459,30449.281753587653
3,1460,30454.87665655814
3,1461,30470.390481055514
3,1462,30454.059476647068
3,1463,30424.750799452246
3,1464,30380.507736294112
3,1465,30403.599944506663
3,1466,30415.381852292754
3,1467,30496.760877058816
3,1468,30434.325380135484
3,1469,30431.117130417413
3,1470,30421.684469147673
3,1471,30405.68212030913
3,1472,30425.575496736183
3,1473,30475.875165406946
3,1474,30455.958485308776
3,1475,30432.19771142494
3,1476,30432.634630121443
3,1477,30440.53064393039
3,1478,30455.03709544085
3,1479,30453.47156782608
3,1480,30460.866069102038
3,1481,30434.895654715914
3,1482,30447.928369212514
3,1483,30427.487437020445
3,1484,30454.904132675016
3,1485,30470.64635051174
3,1486,30420.58104782481
3,1487,30344.054029506708
3,1488,30385.318347120956
3,1489,30402.058151081525
3,1490,30369.871447336016
3,1491,30374.950971383332
3,1492,30412.711549188753
3,1493,30439.06874316598
3,1494,30403.239706311168
3,1495,30423.515472551207
3,1496,30411.544347363226
3,1497,30450.951577182655
3,1498,30432.67828708277
3,1499,30438.647362194773
3,1500,30432.518875181268
3,1501,30454.532310060524
3,1502,30444.691843854816
3,1503,30382.40669836413
3,1504,30374.634822830027
3,1505,30399.331775857092
3,1506,30405.65942884167
3,1507,30428.923500215195
3,1508,30425.789536858283
3,1509,30414.20891571637
3,1510,30406.219744396152
3,1511,30460.333875349177
3,1512,30396.309021539768
3,1513,30386.092853563936
3,1514,30415.529830004434
3,1515,30421.281820747572
3,1516,30433.964194473647
3,1517,30414.637598678615
3,1518,30452.465129653843
3,1519,30435.57261993623
3,1520,30389.710780328332
3,1521,30418.575540898277
3,1522,30401.748439704596
3,1523,30389.588345366552
3,1524,30367.14903276312
3,1525,30366.238943887944
3,1526,30376.626537609332
3,1527,30423.171249129424
3,1528,30416.17214392229
3,1529,30428.791362989046
3,1530,30432.744120161435
3,1531,30437.218531666673
3,1532,30438.86064642314
3,1533,30456.036057844824
3,1534,30414.376830898247
3,1535,30361.991731686434
3,1536,30374.081056357925
3,1537,30435.07059860096
3,1538,30430.83229203735
3,1539,30383.521968133464
3,1540,30402.549294492692
3,1541,30469.650453579594
3,1542,30457.20711463827
3,1543,30388.280694009838
3,1544,30403.897012207355
3,1545,30402.773899610136
3,1546,30400.89460904195
3,1547,30401.326101109902
3,1548,30416.622761891475
3,1549,30420.056578316395
3,1550,30428.553592011805
3,1551,30405.526475849998
3,1552,30361.283286214
3,1553,30401.065760019017
3,1554,30423.8759414246
3,1555,30392.22414514837
3,1556,30369.654788633252
3,1557,30379.742848886977
3,1558,30402.56790165217
3,1559,30424.716339325387
3,1560,30414.052099624947
3,1561,30387.338407172032
3,1562,30374.367330467794
3,1563,30407.867588303605
3,1564,30400.59511133341
3,1565,30424.65664807041
3,1566,30429.0963864577
3,1567,30404.895061006315
3,1568,30419.851796774965
3,1569,30411.14048130343
3,1570,30430.834734111515
3,1571,30427.678147778486
3,1572,30409.816065264546
3,1573,30473.1983077472
3,1574,30448.645663318017
3,1575,30448.213602911295
3,1576,30454.076019128555
3,1577,30458.311879697136
3,1578,30443.357373025152
3,1579,30450.18609518808
3,1580,30392.518782819796
3,1581,30343.583371828267
3,1582,30353.2027748313
3,1583,30358.680192892665
3,1584,30404.508261418807
3,1585,30434.90516630314
3,1586,30447.040056452504
3,1587,30435.3622123306
3,1588,30403.900830744922
3,1589,30419.939732024806
3,1590,30428.13030979745
3,1591,30447.894082881572
3,1592,30474.891228880773
3,1593,30407.14555849006
3,1594,30408.369011098446
3,1595,30419.07424985842
3,1596,30445.587634408945
3,1597,30477.42588020534
3,1598,30446.17934237932
3,1599,30443.951387128214
3,1600,30390.70708854666
3,1601,30397.67011685231
3,1602,30414.529947827803
3,1603,30417.256560058868
3,1604,30396.572536644748
3,1605,30375.04425704369
3,1606,30403.270525972657
3,1607,30384.17108926922
3,1608,30413.31235623191
3,1609,30397.354332144696
3,1610,30393.605942642564
3,1611,30406.519124783837
3,1612,30368.053316090038
3,1613,30403.497155636793
3,1614,30490.16045955794
3,1615,30469.790335849862
3,1616,30421.190217849362
3,1617,30452.665606616596
3,1618,30358.43813658334
3,1619,30397.848333092534
3,1620,30404.173411093223
3,1621,30423.062200008222
3,1622,30451.31585419675
3,1623,30453.99169366963
3,1624,30432.491510353382
3,1625,30418.440228598436
3,1626,30379.90582902195
3,1627,30441.716936670196
3,1628,30413.58420034365
3,1629,30410.277255598518
3,1630,30402.99795253084
3,1631,30390.899116211203
3,1632,30383.19752125416
3,1633,30404.53910341723
3,1634,30398.403058833304
3,1635,30421.4540669958
3,1636,30480.668613567872
3,1637,30451.949135198913
3,1638,30434.238112883362
3,1639,30423.446142790395
3,1640,30417.698784212687
3,1641,30407.658436652793
3,1642,30424.922835563495
3,1643,30400.17496941978
3,1644,30378.7935882508
3,1645,30409.871812837366
3,1646,30432.299663508456
3,1647,30406.805625652098
3,1648,30377.06572537522
3,1649,30363.623298515526
3,1650,30347.28372842495
3,1651,30378.252617747185
3,1652,30416.971153023875
3,1653,30431.629384672404
3,1654,30460.059297257754
3,1655,30413.26709254569
3,1656,30397.319710875006
3,1657,30410.919874820374
3,1658,30426.086990349366
3,1659,30414.097242201824
3,1660,30451.263251598095
3,1661,30429.31035055067
3,1662,30373.11380108571
3,1663,30379.037506705725
3,1664,30426.60189502922
3,1665,30446.088058770645
3,1666,30393.284449676008
3,1667,30381.125815195195
3,1668,30398.294893223818
3,1669,30408.24776992
3,1670,30418.128743895973
3,1671,30403.47540022216
3,1672,30383.87528280235
3,1673,30394.88662937345
3,1674,30423.83661051552
3,1675,30435.630338637384
3,1676,30459.647346986003
3,1677,30460.561534979915
3,1678,30408.110070835737
3,1679,30382.209788127184
3,1680,30426.183662701882
3,1681,30485.852860689763
3,1682,30411.803060078808
3,1683,30395.11253225139
3,1684,30387.740373916586
3,1685,30390.504797649253
3,1686,30432.769369316222
3,1687,30407.028564060052
3,1688,30393.92173841366
3,1689,30459.12136720078
3,1690,30435.487544020983
3,1691,30399.610383385112
3,1692,30373.5511272307
3,1693,30380.25005091323
3,1694,30400.941364537466
3,1695,30382.636738361594
3,1696,30449.8719740896
3,1697,30440.55683599231
3,1698,30440.08638567221
3,1699,30413.232936911867
3,1700,30425.536992746886
3,1701,30466.334006210916
3,1702,30447.24637309643
3,1703,30436.020556921576
3,1704,30405.106535753737
3,1705,30414.93471233563
3,1706,30410.748513434166
3,1707,30425.476418510847
3,1708,30457.790339894804
3,1709,30436.441037410525
3,1710,30466.42143932645
3,1711,30451.52679647241
3,1712,30480.83583753651
3,1713,30435.428165718276
3,1714,30444.05750644942
3,1715,30405.573876636718
3,1716,30428.548187802902
3,1717,30409.736407642646
3,1718,30421.576297119354
3,1719,30430.258428823086
3,1720,30370.107569874697
3,1721,30436.177415294504
3,1722,30523.78688021596
3,1723,30489.57496518
3,1724,30457.500247380896
3,1725,30465.10178716071
3,1726,30452.16940148462
3,1727,30418.238629930675
3,1728,30395.34376234611
3,1729,30390.379266100856
3,1730,30402.977261871856
3,1731,30407.27474134306
3,1732,30393.568948933058
3,1733,30422.73535106915
3,1734,30411.32524571826
3,1735,30431.676563063716
3,1736,30431.40267077109
3,1737,30405.570562649926
3,1738,30415.293635422637
3,1739,30408.365603407663
3,1740,30445.299748156893
3,1741,30447.04331414403
3,1742,30389.706487852436
3,1743,30381.548141826934
3,1744,30354.097753006394
3,1745,30385.686898205724
3,1746,30414.51477947674
3,1747,30424.70134511612
3,1748,30444.33130923849
3,1749,30409.110938824615
3,1750,30426.2864393512
3,1751,30395.660836820127
3,1752,30366.349997469166
3,1753,30415.107865165704
3,1754,30410.253953556734
3,1755,30369.94553577352
3,1756,30433.590652419076
3,1757,30473.83199562064
3,1758,30475.621862056898
3,1759,30420.97115035029
3,1760,30415.890001836655
3,1761,30390.677894047534
3,1762,30419.08018184643
3,1763,30407.575590857003
3,1764,30386.83864615498
3,1765,30465.736017344632
3,1766,30453.29624643987
3,1767,30468.91565317254
3,1768,30480.451781001364
3,1769,30400.15257367342
3,1770,30422.85886700756
3,1771,30412.869196003263
3,1772,30385.487125570333
3,1773,30381.246880243154
3,1774,30367.267798515128
3,1775,30384.15796046555
3,1776,30393.972887223565
3,1777,30426.16432512294
3,1778,30420.268574382182
3,1779,30435.988702962502
3,1780,30475.11090545029
3,1781,30452.88633461599
3,1782,30465.626022179855
3,1783,30408.76143462156
3,1784,30424.19476181213
3,1785,30431.306928770573
3,1786,30423.748452688582
3,1787,30430.54902856396
3,1788,30423.293879011657
3,1789,30434.938366118702
3,1790,30436.23052988451
3,1791,30388.482857017338
3,1792,30392.924016908037
3,1793,30422.392290840817
3,1794,30394.104163089167
3,1795,30345.03485387927
3,1796,30373.361776058195
3,1797,30412.278744518993
3,1798,30410.837709246967
3,1799,30416.803844380294
3,1800,30369.682769423292
3,1801,30357.860297508818
3,1802,30385.864958404356
3,1803,30414.75914953506
3,1804,30416.78972625074
3,1805,30374.87223096805
3,1806,30418.499020565712
3,1807,30410.06094890588
3,1808,30404.042713722105
3,1809,30404.204716736553
3,1810,30359.153212289406
3,1811,30389.083074650196
3,1812,30365.47750337885
3,1813,30347.31445753292
3,1814,30370.973265320077
3,1815,30378.887501662888
3,1816,30413.09021037997
3,1817,30455.274292131086
3,1818,30426.11845541598
3,1819,30425.22380792936
3,1820,30417.437080169806
3,1821,30383.48202242788
3,1822,30426.630580715508
3,1823,30412.9766535238
3,1824,30403.263984669127
3,1825,30402.263061015747
3,1826,30393.14676705882
3,1827,30382.193764910713
3,1828,30386.928511307717
3,1829,30430.58904987145
3,1830,30420.91118759095
3,1831,30418.735899193176
3,1832,30405.347671333915
3,1833,30381.644920979412
3,1834,30395.252702196292
3,1835,30403.83761684805
3,1836,30401.975171653274
3,1837,30424.41344018769
3,1838,30444.14321568432
3,1839,30446.54404716743
3,1840,30458.78504709018
3,1841,30434.103665139664
3,1842,30418.166543968542
3,1843,30400.781729135586
3,1844,30393.909906363595
3,1845,30403.890741582392
3,1846,30444.668766524515
3,1847,30429.119242822555
3,1848,30429.36586176412
3,1849,30446.02608262248
3,1850,30446.930612152526
3,1851,30450.94314057342
3,1852,30395.693859829717
3,1853,30386.574860964225
3,1854,30363.60682966887
3,1855,30448.57834242036
3,1856,30423.989280365477
3,1857,30452.464431552915
3,1858,30374.601549804232
3,1859,30378.595453395432
3,1860,30420.418242362666
3,1861,30360.421126685833
3,1862,30383.049120222884
3,1863,30435.52242573263
3,1864,30438.044684912304
3,1865,30421.0440413547
3,1866,30421.797863425945
3,1867,30426.71815671643
3,1868,30450.204843438612
3,1869,30499.182992527352
3,1870,30446.484558202203
3,1871,30454.484191067568
3,1872,30429.33389441002
3,1873,30381.269190682055
3,1874,30360.663872017118
3,1875,30370.359609631356
3,1876,30368.702762219367
3,1877,30408.52733134275
3,1878,30442.042056502647
3,1879,30444.314634713417
3,1880,30453.719621663175
3,1881,30400.216027436403
3,1882,30420.422392044915
3,1883,30452.299328268226
3,1884,30424.47626805155
3,1885,30466.788198526785
3,1886,30430.331685078683
3,1887,30400.940678675448
3,1888,30398.90614810767
3,1889,30386.452694535576
3,1890,30437.468893072597
3,1891,30457.689805267513
3,1892,30445.221733065842
3,1893,30429.998619154056
3,1894,30430.11811649305
3,1895,30446.691262791373
3,1896,30460.269724920145
3,1897,30443.086681570996
3,1898,30447.203825595978
3,1899,30419.743525282996
3,1900,30418.719977429046
3,1901,30453.255651938074
3,1902,30450.382401588526
3,1903,30472.51951477263
3,1904,30436.966104763564
3,1905,30404.95918473738
3,1906,30445.89585418547
3,1907,30514.37599983675
3,1908,30492.74994350344
3,1909,30502.121779148885
3,1910,30502.6957924534
3,1911,30450.252511159786
3,1912,30405.38818263351
3,1913,30407.95919578047
3,1914,30386.990190560657
3,1915,30412.363374962402
3,1916,30402.3899869839
3,1917,30401.51929652181
3,1918,30391.9148268592
3,1919,30431.071518704346
3,1920,30393.27259385515
3,1921,30410.72084432673
3,1922,30434.51562441992
3,1923,30393.522677364886
3,1924,30428.282830850207
3,1925,30404.084136190148
3,1926,30396.95064555132
3,1927,30422.759664400473
3,1928,30451.92949717941
3,1929,30437.29059666628
3,1930,30455.796947657847
3,1931,30455.977867424535
3,1932,30420.62890968515
3,1933,30441.422379071988
3,1934,30410.78279297297
3,1935,30439.82235242111
3,1936,30440.25708945177
3,1937,30405.978722249434
3,1938,30406.30223727013
3,1939,30406.413511762166
3,1940,30399.377009364016
3,1941,30437.556659214417
3,1942,30434.425455653898
3,1943,30445.85435566024
3,1944,30447.01274757256
3,1945,30480.09594200937
3,1946,30430.284609288417
3,1947,30406.86356592875
3,1948,30410.407975978123
3,1949,30407.281130821622
3,1950,30422.52815336295
3,1951,30432.76104213669
3,1952,30435.078276717264
3,1953,30447.725080249904
3,1954,30419.41839442342
3,1955,30421.641897174773
3,1956,30401.751612929293
3,1957,30407.249635955086
3,1958,30439.40854640671
3,1959,30418.30031575825
3,1960,30423.371383967908
3,1961,30412.66261065256
3,1962,30386.95778234591
3,1963,30379.616696633188
3,1964,30404.06859191532
3,1965,30392.435098477355
3,1966,30397.375585743408
3,1967,30392.75872512813
3,1968,30376.389562990917
3,1969,30391.72658699778
3,1970,30456.38303384735
3,1971,30405.90081007886
3,1972,30356.605970352975
3,1973,30373.968472825098
3,1974,30351.56497426846
3,1975,30392.491734509964
3,1976,30456.9390390274
3,1977,30483.328637732335
3,1978,30471.074441537465
3,1979,30448.718362688443
3,1980,30400.63558515098
3,1981,30343.90364711505
3,1982,30338.375405472434
3,1983,30369.12935728071
3,1984,30396.780013615546
3,1985,30398.332621452173
3,1986,30411.186972576998
3,1987,30448.774581111677
3,1988,30437.07914815753
3,1989,30472.631600836798
3,1990,30465.58285848984
3,1991,30424.265843160756
3,1992,30447.349284669126
3,1993,30470.322547954278
3,1994,30498.39027367578
3,1995,30430.365075146277
3,1996,30379.37220748765
3,1997,30395.521920726875
3,1998,30400.7366658263
3,1999,30408.744687076098
