,mean,sd,hdi_3%,hdi_97%,mcse_mean,mcse_sd,ess_bulk,ess_tail,r_hat
celltype_bmi_slope[0],-0.125,0.048,-0.212,-0.029,0.001,0.001,5056.0,3121.0,1.0
celltype_bmi_slope[1],0.037,0.014,0.01,0.064,0.0,0.0,10817.0,5486.0,1.0
celltype_bmi_slope[2],-0.024,0.049,-0.114,0.068,0.001,0.002,4622.0,3639.0,1.0
celltype_bmi_slope[3],0.102,0.139,-0.185,0.37,0.002,0.002,6618.0,5015.0,1.0
celltype_bmi_slope[4],-0.028,0.076,-0.18,0.118,0.001,0.002,4418.0,3562.0,1.0
celltype_bmi_slope[5],0.022,0.019,-0.015,0.057,0.0,0.0,8731.0,5030.0,1.0
celltype_bmi_slope[6],0.063,0.074,-0.091,0.201,0.001,0.002,4911.0,3471.0,1.0
celltype_bmi_slope[7],0.03,0.037,-0.039,0.101,0.001,0.001,5129.0,3444.0,1.0
celltype_bmi_slope[8],0.035,0.041,-0.038,0.114,0.001,0.001,6067.0,4661.0,1.0
feature_baseline[0],-0.04,0.035,-0.105,0.025,0.0,0.0,18598.0,5522.0,1.0
feature_baseline[1],-0.036,0.035,-0.103,0.03,0.0,0.0,19132.0,5273.0,1.0
feature_baseline[2],-0.051,0.035,-0.12,0.014,0.0,0.0,21620.0,5208.0,1.0
feature_baseline[3],-0.016,0.035,-0.083,0.051,0.0,0.0,18701.0,6040.0,1.0
feature_baseline[4],-0.013,0.035,-0.078,0.052,0.0,0.0,19169.0,5784.0,1.0
feature_baseline[5],-0.011,0.036,-0.077,0.057,0.0,0.0,19816.0,5525.0,1.0
feature_baseline[6],-0.018,0.035,-0.089,0.045,0.0,0.0,18970.0,5680.0,1.0
feature_baseline[7],-0.022,0.035,-0.087,0.046,0.0,0.001,20080.0,5207.0,1.0
feature_baseline[8],-0.035,0.036,-0.102,0.032,0.0,0.0,20363.0,5204.0,1.0
feature_baseline[9],-0.01,0.036,-0.079,0.057,0.0,0.0,21960.0,5082.0,1.0
feature_baseline[10],-0.034,0.037,-0.102,0.032,0.0,0.001,19570.0,5619.0,1.0
feature_baseline[11],-0.019,0.035,-0.084,0.049,0.0,0.0,17665.0,5978.0,1.0
feature_baseline[12],-0.024,0.036,-0.091,0.04,0.0,0.001,19629.0,5260.0,1.0
feature_baseline[13],-0.051,0.036,-0.117,0.018,0.0,0.001,19861.0,4699.0,1.0
feature_baseline[14],-0.052,0.035,-0.116,0.017,0.0,0.0,18054.0,5475.0,1.0
feature_baseline[15],-0.035,0.035,-0.102,0.031,0.0,0.0,20139.0,5654.0,1.0
feature_baseline[16],-0.028,0.035,-0.093,0.038,0.0,0.0,23037.0,5950.0,1.0
feature_baseline[17],-0.023,0.037,-0.094,0.043,0.0,0.0,19155.0,5448.0,1.0
feature_baseline[18],-0.023,0.036,-0.089,0.047,0.0,0.0,15369.0,5720.0,1.0
feature_baseline[19],-0.042,0.036,-0.108,0.026,0.0,0.0,19872.0,5521.0,1.0
feature_baseline[20],-0.031,0.036,-0.097,0.038,0.0,0.0,19127.0,6071.0,1.0
feature_baseline[21],-0.043,0.036,-0.11,0.025,0.0,0.0,19999.0,5458.0,1.0
feature_baseline[22],-0.032,0.036,-0.102,0.034,0.0,0.0,21126.0,5479.0,1.0
feature_baseline[23],-0.002,0.036,-0.066,0.068,0.0,0.0,20572.0,5481.0,1.0
feature_baseline[24],-0.022,0.036,-0.089,0.044,0.0,0.0,18756.0,5977.0,1.0
feature_baseline[25],-0.019,0.036,-0.087,0.048,0.0,0.0,19785.0,5256.0,1.0
feature_baseline[26],-0.028,0.035,-0.094,0.038,0.0,0.001,18823.0,4997.0,1.0
feature_baseline[27],-0.015,0.036,-0.08,0.055,0.0,0.0,19569.0,5466.0,1.0
feature_baseline[28],-0.024,0.035,-0.09,0.043,0.0,0.0,18941.0,5810.0,1.0
feature_baseline[29],-0.028,0.036,-0.094,0.042,0.0,0.001,18940.0,5305.0,1.0
feature_baseline[30],-0.026,0.035,-0.093,0.04,0.0,0.0,17557.0,4623.0,1.0
feature_baseline[31],-0.032,0.036,-0.098,0.034,0.0,0.0,17324.0,4963.0,1.0
feature_baseline[32],-0.036,0.036,-0.104,0.03,0.0,0.0,21101.0,5595.0,1.0
feature_bmi_slope[0],-0.132,0.029,-0.189,-0.079,0.0,0.0,9464.0,7303.0,1.0
feature_bmi_slope[1],-0.138,0.029,-0.194,-0.083,0.0,0.0,7633.0,7051.0,1.0
feature_bmi_slope[2],-0.111,0.031,-0.167,-0.048,0.0,0.0,7566.0,7628.0,1.0
feature_bmi_slope[3],0.043,0.021,0.004,0.083,0.0,0.0,10648.0,6755.0,1.0
feature_bmi_slope[4],0.038,0.02,0.001,0.078,0.0,0.0,14079.0,7283.0,1.0
feature_bmi_slope[5],0.035,0.02,-0.007,0.071,0.0,0.0,12681.0,7477.0,1.0
feature_bmi_slope[6],0.044,0.021,0.007,0.087,0.0,0.0,10620.0,6913.0,1.0
feature_bmi_slope[7],0.022,0.024,-0.025,0.063,0.0,0.0,6599.0,7118.0,1.0
feature_bmi_slope[8],0.039,0.02,0.002,0.079,0.0,0.0,11541.0,7021.0,1.0
feature_bmi_slope[9],0.043,0.02,0.004,0.082,0.0,0.0,11099.0,6647.0,1.0
feature_bmi_slope[10],0.03,0.021,-0.012,0.068,0.0,0.0,11958.0,7472.0,1.0
feature_bmi_slope[11],0.035,0.02,-0.004,0.073,0.0,0.0,13920.0,7471.0,1.0
feature_bmi_slope[12],-0.007,0.031,-0.062,0.056,0.0,0.0,6977.0,6965.0,1.0
feature_bmi_slope[13],-0.039,0.031,-0.098,0.017,0.0,0.0,7946.0,7303.0,1.0
feature_bmi_slope[14],-0.026,0.029,-0.081,0.028,0.0,0.0,8956.0,7594.0,1.0
feature_bmi_slope[15],0.125,0.036,0.058,0.193,0.0,0.0,8440.0,4767.0,1.0
feature_bmi_slope[16],-0.036,0.033,-0.1,0.022,0.0,0.0,9134.0,6532.0,1.0
feature_bmi_slope[17],-0.025,0.032,-0.084,0.038,0.0,0.0,8523.0,7093.0,1.0
feature_bmi_slope[18],0.021,0.022,-0.022,0.063,0.0,0.0,13762.0,7447.0,1.0
feature_bmi_slope[19],0.019,0.023,-0.025,0.062,0.0,0.0,12749.0,6890.0,1.0
feature_bmi_slope[20],0.019,0.023,-0.023,0.064,0.0,0.0,12158.0,6253.0,1.0
feature_bmi_slope[21],0.031,0.024,-0.011,0.08,0.0,0.0,10258.0,6754.0,1.0
feature_bmi_slope[22],0.027,0.023,-0.015,0.072,0.0,0.0,12511.0,6945.0,1.0
feature_bmi_slope[23],0.013,0.024,-0.035,0.055,0.0,0.0,10080.0,7098.0,1.0
feature_bmi_slope[24],0.064,0.032,0.002,0.124,0.0,0.0,9155.0,6559.0,1.0
feature_bmi_slope[25],0.068,0.033,0.008,0.131,0.0,0.0,8702.0,7092.0,1.0
feature_bmi_slope[26],0.016,0.03,-0.042,0.069,0.0,0.0,8097.0,6947.0,1.0
feature_bmi_slope[27],0.054,0.032,-0.003,0.113,0.0,0.0,6299.0,6695.0,1.0
feature_bmi_slope[28],0.011,0.031,-0.05,0.065,0.0,0.0,6573.0,7243.0,1.0
feature_bmi_slope[29],0.041,0.029,-0.013,0.098,0.0,0.0,9178.0,7376.0,1.0
feature_bmi_slope[30],0.035,0.028,-0.02,0.087,0.0,0.0,9172.0,7731.0,1.0
feature_bmi_slope[31],0.042,0.029,-0.008,0.101,0.0,0.0,7803.0,6358.0,1.0
feature_bmi_slope[32],0.031,0.028,-0.021,0.085,0.0,0.0,8689.0,7838.0,1.0
feature_deviation_bmi_raw[0],-0.105,0.809,-1.59,1.454,0.009,0.01,8454.0,5636.0,1.0
feature_deviation_bmi_raw[1],-0.235,0.806,-1.751,1.283,0.009,0.01,8630.0,5983.0,1.0
feature_deviation_bmi_raw[2],0.285,0.81,-1.242,1.825,0.009,0.009,8903.0,6497.0,1.0
feature_deviation_bmi_raw[3],0.258,0.897,-1.427,1.94,0.007,0.012,16665.0,5626.0,1.0
feature_deviation_bmi_raw[4],0.079,0.894,-1.657,1.699,0.007,0.012,15675.0,5665.0,1.0
feature_deviation_bmi_raw[5],-0.067,0.909,-1.753,1.693,0.007,0.012,18227.0,6158.0,1.0
feature_deviation_bmi_raw[6],0.321,0.907,-1.318,2.102,0.008,0.012,12531.0,5925.0,1.0
feature_deviation_bmi_raw[7],-0.605,0.919,-2.299,1.17,0.008,0.011,12037.0,5835.0,1.0
feature_deviation_bmi_raw[8],0.096,0.919,-1.626,1.868,0.008,0.013,14929.0,5517.0,1.0
feature_deviation_bmi_raw[9],0.263,0.899,-1.401,1.995,0.008,0.012,13823.0,5560.0,1.0
feature_deviation_bmi_raw[10],-0.255,0.922,-1.972,1.51,0.007,0.012,15719.0,5935.0,1.0
feature_deviation_bmi_raw[11],-0.05,0.89,-1.79,1.563,0.007,0.011,16486.0,6437.0,1.0
feature_deviation_bmi_raw[12],0.322,0.827,-1.226,1.927,0.009,0.011,8442.0,5213.0,1.0
feature_deviation_bmi_raw[13],-0.28,0.806,-1.753,1.313,0.009,0.009,8202.0,6249.0,1.0
feature_deviation_bmi_raw[14],-0.048,0.801,-1.594,1.425,0.008,0.01,8724.0,6110.0,1.0
feature_deviation_bmi_raw[15],0.126,0.902,-1.509,1.87,0.009,0.011,9349.0,6512.0,1.0
feature_deviation_bmi_raw[16],-0.105,0.829,-1.645,1.5,0.01,0.01,6979.0,5839.0,1.0
feature_deviation_bmi_raw[17],0.074,0.815,-1.509,1.568,0.01,0.01,6687.0,6130.0,1.0
feature_deviation_bmi_raw[18],-0.028,0.882,-1.754,1.578,0.007,0.011,14350.0,6299.0,1.0
feature_deviation_bmi_raw[19],-0.086,0.903,-1.775,1.617,0.007,0.012,15355.0,5809.0,1.0
feature_deviation_bmi_raw[20],-0.086,0.884,-1.709,1.611,0.007,0.011,14307.0,5933.0,1.0
feature_deviation_bmi_raw[21],0.319,0.89,-1.322,2.052,0.008,0.013,12353.0,5749.0,1.0
feature_deviation_bmi_raw[22],0.208,0.899,-1.557,1.84,0.008,0.012,13249.0,5633.0,1.0
feature_deviation_bmi_raw[23],-0.309,0.907,-1.957,1.416,0.008,0.012,12878.0,6209.0,1.0
feature_deviation_bmi_raw[24],-0.001,0.799,-1.468,1.508,0.009,0.009,7120.0,6083.0,1.0
feature_deviation_bmi_raw[25],0.059,0.818,-1.463,1.634,0.009,0.01,7440.0,6424.0,1.0
feature_deviation_bmi_raw[26],-0.299,0.809,-1.865,1.215,0.008,0.01,9681.0,6447.0,1.0
feature_deviation_bmi_raw[27],0.491,0.836,-1.046,2.129,0.009,0.011,8955.0,5515.0,1.0
feature_deviation_bmi_raw[28],-0.41,0.801,-2.003,1.086,0.008,0.01,9143.0,5236.0,1.0
feature_deviation_bmi_raw[29],0.22,0.798,-1.34,1.709,0.008,0.01,9056.0,6373.0,1.0
feature_deviation_bmi_raw[30],-0.018,0.841,-1.644,1.559,0.008,0.01,11041.0,6341.0,1.0
feature_deviation_bmi_raw[31],0.142,0.833,-1.424,1.756,0.008,0.011,10584.0,6328.0,1.0
feature_deviation_bmi_raw[32],-0.096,0.81,-1.616,1.435,0.008,0.01,9342.0,6081.0,1.0
feature_sigma_bmi[0],0.056,0.06,0.0,0.167,0.001,0.001,2959.0,4243.0,1.0
feature_sigma_bmi[1],0.019,0.015,0.0,0.045,0.0,0.0,3526.0,4780.0,1.0
feature_sigma_bmi[2],0.058,0.059,0.0,0.168,0.001,0.001,2418.0,4387.0,1.0
feature_sigma_bmi[3],0.143,0.111,0.0,0.345,0.001,0.001,5684.0,3787.0,1.0
feature_sigma_bmi[4],0.085,0.083,0.0,0.241,0.001,0.001,3664.0,4849.0,1.0
feature_sigma_bmi[5],0.023,0.02,0.0,0.057,0.0,0.0,3957.0,4486.0,1.0
feature_sigma_bmi[6],0.082,0.082,0.0,0.238,0.001,0.001,3868.0,5466.0,1.0
feature_sigma_bmi[7],0.049,0.046,0.0,0.127,0.001,0.001,2651.0,4589.0,1.0
feature_sigma_bmi[8],0.047,0.053,0.0,0.138,0.001,0.001,3518.0,4871.0,1.0
mu[0],-0.112,0.039,-0.181,-0.038,0.0,0.0,16184.0,6021.0,1.0
mu[1],-0.069,0.036,-0.139,-0.006,0.0,0.0,17891.0,5859.0,1.0
mu[2],-0.286,0.065,-0.405,-0.162,0.001,0.001,10867.0,7368.0,1.0
mu[3],0.017,0.038,-0.053,0.086,0.0,0.0,17027.0,6586.0,1.0
mu[4],0.064,0.042,-0.013,0.143,0.0,0.0,14850.0,7425.0,1.0
mu[5],-0.084,0.037,-0.154,-0.018,0.0,0.0,17227.0,6173.0,1.0
mu[6],-0.014,0.036,-0.08,0.052,0.0,0.0,18250.0,6279.0,1.0
mu[7],-0.123,0.04,-0.195,-0.048,0.0,0.0,15501.0,6073.0,1.0
mu[8],0.069,0.043,-0.009,0.15,0.0,0.0,14623.0,7537.0,1.0
mu[9],0.145,0.054,0.043,0.246,0.0,0.0,12233.0,7817.0,1.0
mu[10],-0.156,0.044,-0.238,-0.076,0.0,0.0,13820.0,6335.0,1.0
mu[11],-0.148,0.043,-0.227,-0.069,0.0,0.0,14149.0,6434.0,1.0
mu[12],-0.627,0.134,-0.89,-0.381,0.001,0.001,9738.0,7693.0,1.0
mu[13],-0.101,0.038,-0.173,-0.033,0.0,0.0,16910.0,6057.0,1.0
mu[14],-0.02,0.036,-0.085,0.046,0.0,0.0,18401.0,6003.0,1.0
mu[15],-0.057,0.036,-0.12,0.011,0.0,0.0,18331.0,5830.0,1.0
mu[16],-0.085,0.037,-0.155,-0.019,0.0,0.0,17183.0,6233.0,1.0
mu[17],0.107,0.048,0.018,0.199,0.0,0.0,13191.0,7807.0,1.0
mu[18],-0.23,0.055,-0.33,-0.125,0.001,0.001,11645.0,6980.0,1.0
mu[19],0.113,0.049,0.022,0.205,0.0,0.0,13025.0,7931.0,1.0
mu[20],-0.108,0.038,-0.178,-0.036,0.0,0.0,16414.0,5973.0,1.0
mu[21],-0.067,0.036,-0.135,-0.002,0.0,0.0,17988.0,5837.0,1.0
mu[22],-0.108,0.038,-0.178,-0.035,0.0,0.0,16433.0,5973.0,1.0
mu[23],-0.39,0.084,-0.544,-0.226,0.001,0.001,10191.0,7180.0,1.0
mu[24],-0.043,0.035,-0.108,0.022,0.0,0.0,18591.0,5462.0,1.0
mu[25],-0.105,0.038,-0.178,-0.036,0.0,0.0,16655.0,6142.0,1.0
mu[26],-0.191,0.048,-0.282,-0.102,0.0,0.0,12569.0,6284.0,1.0
mu[27],-0.103,0.038,-0.176,-0.035,0.0,0.0,16751.0,6128.0,1.0
mu[28],-0.072,0.036,-0.141,-0.008,0.0,0.0,17783.0,5791.0,1.0
mu[29],-0.023,0.036,-0.088,0.043,0.0,0.0,18477.0,6039.0,1.0
mu[30],-0.22,0.053,-0.316,-0.119,0.0,0.001,11857.0,7088.0,1.0
mu[31],0.086,0.045,0.004,0.172,0.0,0.0,13945.0,7574.0,1.0
mu[32],0.031,0.039,-0.041,0.103,0.0,0.0,16355.0,6733.0,1.0
mu[33],-0.051,0.036,-0.113,0.017,0.0,0.0,18478.0,5689.0,1.0
mu[34],-0.055,0.036,-0.117,0.014,0.0,0.0,18369.0,5714.0,1.0
mu[35],0.07,0.043,-0.009,0.15,0.0,0.0,14609.0,7537.0,1.0
mu[36],0.011,0.037,-0.056,0.081,0.0,0.0,17317.0,6344.0,1.0
mu[37],0.135,0.053,0.038,0.234,0.0,0.0,12442.0,7974.0,1.0
mu[38],0.087,0.045,0.005,0.174,0.0,0.0,13901.0,7573.0,1.0
mu[39],-0.067,0.036,-0.131,0.001,0.0,0.0,17986.0,5886.0,1.0
mu[40],-0.103,0.038,-0.175,-0.035,0.0,0.0,16780.0,6128.0,1.0
mu[41],-0.268,0.061,-0.379,-0.148,0.001,0.001,11082.0,7362.0,1.0
mu[42],0.072,0.043,-0.008,0.153,0.0,0.0,14523.0,7537.0,1.0
mu[43],-0.147,0.042,-0.225,-0.068,0.0,0.0,14223.0,6380.0,1.0
mu[44],0.157,0.056,0.051,0.263,0.001,0.001,11980.0,7716.0,1.0
mu[45],-0.369,0.08,-0.513,-0.211,0.001,0.001,10261.0,7405.0,1.0
mu[46],-0.122,0.04,-0.194,-0.047,0.0,0.0,15556.0,6136.0,1.0
mu[47],-0.054,0.036,-0.116,0.014,0.0,0.0,18398.0,5621.0,1.0
mu[48],-0.026,0.036,-0.091,0.04,0.0,0.0,18517.0,5849.0,1.0
mu[49],0.016,0.038,-0.054,0.085,0.0,0.0,17064.0,6586.0,1.0
mu[50],0.137,0.053,0.039,0.237,0.0,0.0,12389.0,7932.0,1.0
mu[51],-0.303,0.068,-0.428,-0.174,0.001,0.001,10704.0,7107.0,1.0
mu[52],-0.043,0.035,-0.107,0.023,0.0,0.0,18592.0,5501.0,1.0
mu[53],-0.04,0.035,-0.105,0.025,0.0,0.0,18598.0,5522.0,1.0
mu[54],-0.043,0.035,-0.107,0.023,0.0,0.0,18592.0,5501.0,1.0
mu[55],0.129,0.052,0.034,0.227,0.0,0.0,12591.0,7892.0,1.0
mu[56],0.042,0.04,-0.031,0.116,0.0,0.0,15825.0,6839.0,1.0
mu[57],-0.12,0.039,-0.19,-0.044,0.0,0.0,15701.0,6147.0,1.0
mu[58],0.029,0.039,-0.041,0.101,0.0,0.0,16436.0,6674.0,1.0
mu[59],0.06,0.042,-0.016,0.138,0.0,0.0,15010.0,7212.0,1.0
mu[60],-0.137,0.041,-0.215,-0.062,0.0,0.0,14686.0,6248.0,1.0
mu[61],-0.01,0.036,-0.076,0.056,0.0,0.0,18116.0,6399.0,1.0
mu[62],-0.163,0.045,-0.249,-0.084,0.0,0.0,13503.0,6561.0,1.0
mu[63],0.138,0.053,0.039,0.238,0.0,0.0,12368.0,7932.0,1.0
mu[64],-0.217,0.052,-0.312,-0.116,0.0,0.001,11932.0,7055.0,1.0
mu[65],-0.095,0.037,-0.163,-0.025,0.0,0.0,17272.0,6161.0,1.0
mu[66],-0.101,0.038,-0.173,-0.034,0.0,0.0,16894.0,6106.0,1.0
mu[67],-0.012,0.036,-0.079,0.053,0.0,0.0,18203.0,6345.0,1.0
mu[68],-0.13,0.041,-0.204,-0.054,0.0,0.0,15048.0,6222.0,1.0
mu[69],-0.012,0.036,-0.079,0.053,0.0,0.0,18203.0,6345.0,1.0
mu[70],-0.101,0.038,-0.173,-0.034,0.0,0.0,16894.0,6106.0,1.0
mu[71],-0.219,0.053,-0.315,-0.118,0.0,0.001,11881.0,7152.0,1.0
mu[72],0.076,0.044,-0.006,0.157,0.0,0.0,14338.0,7575.0,1.0
mu[73],0.076,0.044,-0.006,0.157,0.0,0.0,14338.0,7575.0,1.0
mu[74],-0.042,0.035,-0.107,0.023,0.0,0.0,18594.0,5753.0,1.0
mu[75],-0.033,0.036,-0.099,0.031,0.0,0.0,18587.0,5664.0,1.0
mu[76],-0.084,0.037,-0.153,-0.018,0.0,0.0,17253.0,6148.0,1.0
mu[77],-0.084,0.037,-0.154,-0.018,0.0,0.0,17227.0,6173.0,1.0
mu[78],0.047,0.04,-0.025,0.124,0.0,0.0,15616.0,7101.0,1.0
mu[79],-0.052,0.036,-0.115,0.016,0.0,0.0,18437.0,5681.0,1.0
mu[80],0.135,0.053,0.038,0.234,0.0,0.0,12442.0,7974.0,1.0
mu[81],0.076,0.044,-0.006,0.157,0.0,0.0,14338.0,7575.0,1.0
mu[82],-0.012,0.036,-0.079,0.053,0.0,0.0,18203.0,6345.0,1.0
mu[83],0.101,0.047,0.016,0.192,0.0,0.0,13383.0,7608.0,1.0
mu[84],-0.16,0.044,-0.245,-0.081,0.0,0.0,13639.0,6505.0,1.0
mu[85],-0.189,0.048,-0.281,-0.102,0.0,0.0,12606.0,6279.0,1.0
mu[86],0.022,0.038,-0.047,0.093,0.0,0.0,16790.0,6545.0,1.0
mu[87],0.017,0.038,-0.053,0.086,0.0,0.0,17027.0,6586.0,1.0
mu[88],-0.071,0.036,-0.14,-0.007,0.0,0.0,17809.0,5797.0,1.0
mu[89],-0.101,0.038,-0.173,-0.034,0.0,0.0,16894.0,6106.0,1.0
mu[90],0.135,0.053,0.038,0.234,0.0,0.0,12442.0,7974.0,1.0
mu[91],0.129,0.052,0.034,0.227,0.0,0.0,12591.0,7892.0,1.0
mu[92],-0.388,0.084,-0.539,-0.223,0.001,0.001,10196.0,7263.0,1.0
mu[93],-0.101,0.038,-0.173,-0.034,0.0,0.0,16894.0,6106.0,1.0
mu[94],0.114,0.049,0.023,0.208,0.0,0.0,12976.0,7842.0,1.0
mu[95],0.058,0.042,-0.018,0.136,0.0,0.0,15080.0,7111.0,1.0
mu[96],0.172,0.059,0.06,0.282,0.001,0.001,11718.0,7686.0,1.0
mu[97],0.047,0.04,-0.025,0.124,0.0,0.0,15616.0,7101.0,1.0
mu[98],-0.248,0.058,-0.354,-0.138,0.001,0.001,11356.0,6956.0,1.0
mu[99],-0.061,0.036,-0.124,0.008,0.0,0.0,18190.0,5720.0,1.0
mu[100],-0.032,0.036,-0.098,0.032,0.0,0.0,18586.0,5850.0,1.0
mu[101],0.099,0.047,0.014,0.19,0.0,0.0,13468.0,7529.0,1.0
mu[102],-0.156,0.044,-0.239,-0.077,0.0,0.0,13794.0,6335.0,1.0
mu[103],-0.101,0.038,-0.173,-0.034,0.0,0.0,16894.0,6106.0,1.0
mu[104],-0.071,0.036,-0.14,-0.007,0.0,0.0,17809.0,5797.0,1.0
mu[105],0.076,0.044,-0.006,0.157,0.0,0.0,14338.0,7575.0,1.0
mu[106],0.161,0.057,0.054,0.268,0.001,0.001,11899.0,7692.0,1.0
mu[107],0.118,0.05,0.026,0.213,0.0,0.0,12870.0,7841.0,1.0
mu[108],-0.163,0.044,-0.248,-0.083,0.0,0.0,13514.0,6561.0,1.0
mu[109],0.154,0.056,0.049,0.258,0.001,0.001,12040.0,7678.0,1.0
mu[110],0.021,0.038,-0.049,0.091,0.0,0.0,16866.0,6573.0,1.0
mu[111],-0.098,0.038,-0.17,-0.031,0.0,0.0,17102.0,6081.0,1.0
mu[112],0.047,0.04,-0.025,0.124,0.0,0.0,15616.0,7101.0,1.0
mu[113],0.076,0.044,-0.006,0.157,0.0,0.0,14338.0,7575.0,1.0
mu[114],-0.012,0.036,-0.079,0.053,0.0,0.0,18203.0,6345.0,1.0
mu[115],-0.042,0.035,-0.107,0.023,0.0,0.0,18594.0,5753.0,1.0
mu[116],0.017,0.038,-0.053,0.086,0.0,0.0,17027.0,6586.0,1.0
mu[117],-0.012,0.036,-0.079,0.053,0.0,0.0,18203.0,6345.0,1.0
mu[118],-0.16,0.044,-0.245,-0.081,0.0,0.0,13639.0,6505.0,1.0
mu[119],0.035,0.039,-0.037,0.108,0.0,0.0,16151.0,6932.0,1.0
mu[120],-0.008,0.036,-0.075,0.058,0.0,0.0,18037.0,6399.0,1.0
mu[121],-0.091,0.037,-0.16,-0.023,0.0,0.0,17473.0,6180.0,1.0
mu[122],0.123,0.051,0.03,0.219,0.0,0.0,12740.0,7932.0,1.0
mu[123],0.027,0.039,-0.042,0.099,0.0,0.0,16549.0,6646.0,1.0
mu[124],0.006,0.037,-0.062,0.074,0.0,0.0,17520.0,6519.0,1.0
mu[125],0.165,0.058,0.056,0.272,0.001,0.001,11840.0,7583.0,1.0
mu[126],0.047,0.04,-0.025,0.124,0.0,0.0,15616.0,7101.0,1.0
mu[127],-0.111,0.039,-0.186,-0.041,0.0,0.0,14926.0,6198.0,1.0
mu[128],-0.067,0.036,-0.138,-0.003,0.0,0.0,17988.0,5540.0,1.0
mu[129],-0.294,0.065,-0.421,-0.177,0.001,0.001,9164.0,7233.0,1.0
mu[130],0.024,0.038,-0.045,0.096,0.0,0.0,16877.0,5413.0,1.0
mu[131],0.073,0.042,-0.007,0.152,0.0,0.0,13777.0,6044.0,1.0
mu[132],-0.082,0.037,-0.15,-0.013,0.0,0.0,16946.0,6040.0,1.0
mu[133],-0.009,0.036,-0.075,0.059,0.0,0.0,18731.0,5637.0,1.0
mu[134],-0.123,0.04,-0.2,-0.05,0.0,0.0,14166.0,6297.0,1.0
mu[135],0.079,0.043,-0.003,0.159,0.0,0.0,13463.0,6116.0,1.0
mu[136],0.157,0.054,0.054,0.259,0.001,0.001,10678.0,6483.0,1.0
mu[137],-0.158,0.044,-0.245,-0.08,0.0,0.0,12307.0,6555.0,1.0
mu[138],-0.15,0.043,-0.232,-0.072,0.0,0.0,12695.0,6433.0,1.0
mu[139],-0.652,0.136,-0.907,-0.395,0.002,0.001,7886.0,7267.0,1.0
mu[140],-0.1,0.038,-0.171,-0.029,0.0,0.0,15719.0,6132.0,1.0
mu[141],-0.015,0.036,-0.082,0.052,0.0,0.0,18948.0,5237.0,1.0
mu[142],-0.054,0.036,-0.123,0.011,0.0,0.0,18634.0,5234.0,1.0
mu[143],-0.083,0.037,-0.152,-0.014,0.0,0.0,16881.0,6040.0,1.0
mu[144],0.118,0.048,0.022,0.206,0.0,0.0,11747.0,6426.0,1.0
mu[145],-0.236,0.055,-0.342,-0.136,0.001,0.0,9985.0,7160.0,1.0
mu[146],0.124,0.049,0.027,0.213,0.0,0.0,11558.0,6208.0,1.0
mu[147],-0.108,0.038,-0.182,-0.038,0.0,0.0,15159.0,6032.0,1.0
mu[148],-0.064,0.036,-0.135,-0.001,0.0,0.0,18122.0,5596.0,1.0
mu[149],-0.108,0.038,-0.182,-0.038,0.0,0.0,15183.0,6032.0,1.0
mu[150],-0.403,0.086,-0.571,-0.248,0.001,0.001,8405.0,7445.0,1.0
mu[151],-0.04,0.035,-0.107,0.026,0.0,0.0,19081.0,5280.0,1.0
mu[152],-0.104,0.038,-0.177,-0.034,0.0,0.0,15410.0,6107.0,1.0
mu[153],-0.194,0.049,-0.282,-0.099,0.0,0.0,10953.0,7029.0,1.0
mu[154],-0.103,0.038,-0.174,-0.032,0.0,0.0,15521.0,6107.0,1.0
mu[155],-0.07,0.036,-0.138,-0.003,0.0,0.0,17810.0,5636.0,1.0
mu[156],-0.018,0.036,-0.084,0.05,0.0,0.0,19023.0,5189.0,1.0
mu[157],-0.225,0.053,-0.324,-0.125,0.001,0.0,10201.0,7092.0,1.0
mu[158],0.096,0.045,0.013,0.183,0.0,0.0,12635.0,6266.0,1.0
mu[159],0.038,0.039,-0.031,0.114,0.0,0.0,15885.0,5604.0,1.0
mu[160],-0.047,0.035,-0.117,0.017,0.0,0.0,18859.0,5229.0,1.0
mu[161],-0.052,0.036,-0.121,0.013,0.0,0.0,18699.0,5206.0,1.0
mu[162],0.079,0.043,-0.002,0.159,0.0,0.0,13448.0,6116.0,1.0
mu[163],0.017,0.037,-0.051,0.089,0.0,0.0,17327.0,5584.0,1.0
mu[164],0.148,0.053,0.047,0.247,0.001,0.001,10906.0,6307.0,1.0
mu[165],0.097,0.045,0.014,0.185,0.0,0.0,12578.0,6265.0,1.0
mu[166],-0.064,0.036,-0.135,-0.0,0.0,0.0,18137.0,5596.0,1.0
mu[167],-0.102,0.038,-0.174,-0.032,0.0,0.0,15565.0,6181.0,1.0
mu[168],-0.276,0.062,-0.394,-0.163,0.001,0.001,9388.0,7162.0,1.0
mu[169],0.081,0.043,0.001,0.164,0.0,0.0,13342.0,6045.0,1.0
mu[170],-0.148,0.043,-0.231,-0.071,0.0,0.0,12773.0,6447.0,1.0
mu[171],0.171,0.057,0.063,0.278,0.001,0.001,10401.0,6459.0,1.0
mu[172],-0.382,0.082,-0.536,-0.229,0.001,0.001,8503.0,7407.0,1.0
mu[173],-0.122,0.04,-0.199,-0.049,0.0,0.0,14225.0,6296.0,1.0
mu[174],-0.051,0.035,-0.12,0.014,0.0,0.0,18727.0,5206.0,1.0
mu[175],-0.021,0.036,-0.088,0.046,0.0,0.0,19099.0,5440.0,1.0
mu[176],0.023,0.038,-0.046,0.095,0.0,0.0,16937.0,5407.0,1.0
mu[177],0.15,0.053,0.048,0.249,0.001,0.001,10849.0,6331.0,1.0
mu[178],-0.312,0.069,-0.445,-0.188,0.001,0.001,8987.0,7301.0,1.0
mu[179],-0.039,0.035,-0.107,0.026,0.0,0.0,19090.0,5208.0,1.0
mu[180],-0.036,0.035,-0.103,0.03,0.0,0.0,19132.0,5237.0,1.0
mu[181],-0.039,0.035,-0.107,0.026,0.0,0.0,19090.0,5208.0,1.0
mu[182],0.141,0.052,0.04,0.236,0.0,0.001,11065.0,6495.0,1.0
mu[183],0.05,0.04,-0.025,0.125,0.0,0.0,15101.0,5849.0,1.0
mu[184],-0.12,0.04,-0.196,-0.047,0.0,0.0,14386.0,6297.0,1.0
mu[185],0.036,0.039,-0.033,0.112,0.0,0.0,16018.0,5565.0,1.0
mu[186],0.069,0.042,-0.01,0.147,0.0,0.0,13991.0,5972.0,1.0
mu[187],-0.138,0.041,-0.219,-0.064,0.0,0.0,13293.0,6328.0,1.0
mu[188],-0.004,0.036,-0.071,0.064,0.0,0.0,18538.0,5447.0,1.0
mu[189],-0.166,0.045,-0.255,-0.087,0.0,0.0,11961.0,6473.0,1.0
mu[190],0.151,0.053,0.049,0.251,0.001,0.001,10825.0,6331.0,1.0
mu[191],-0.221,0.053,-0.318,-0.121,0.001,0.0,10281.0,7125.0,1.0
mu[192],-0.094,0.037,-0.164,-0.024,0.0,0.0,16160.0,6082.0,1.0
mu[193],-0.1,0.038,-0.171,-0.03,0.0,0.0,15698.0,6132.0,1.0
mu[194],-0.007,0.036,-0.074,0.061,0.0,0.0,18665.0,5455.0,1.0
mu[195],-0.131,0.041,-0.21,-0.057,0.0,0.0,13697.0,6359.0,1.0
mu[196],-0.007,0.036,-0.074,0.061,0.0,0.0,18665.0,5455.0,1.0
mu[197],-0.1,0.038,-0.171,-0.03,0.0,0.0,15698.0,6132.0,1.0
mu[198],-0.224,0.053,-0.321,-0.123,0.001,0.0,10226.0,7059.0,1.0
mu[199],0.086,0.044,0.004,0.169,0.0,0.0,13103.0,6069.0,1.0
mu[200],0.086,0.044,0.004,0.169,0.0,0.0,13103.0,6069.0,1.0
mu[201],-0.038,0.035,-0.105,0.028,0.0,0.0,19100.0,5214.0,1.0
mu[202],-0.029,0.035,-0.096,0.037,0.0,0.0,19148.0,5383.0,1.0
mu[203],-0.082,0.037,-0.153,-0.016,0.0,0.0,16990.0,6089.0,1.0
mu[204],-0.082,0.037,-0.15,-0.013,0.0,0.0,16946.0,6040.0,1.0
mu[205],0.055,0.04,-0.022,0.129,0.0,0.0,14810.0,5715.0,1.0
mu[206],-0.049,0.035,-0.119,0.015,0.0,0.0,18809.0,5193.0,1.0
mu[207],0.148,0.053,0.047,0.247,0.001,0.001,10906.0,6307.0,1.0
mu[208],0.086,0.044,0.004,0.169,0.0,0.0,13103.0,6069.0,1.0
mu[209],-0.007,0.036,-0.074,0.061,0.0,0.0,18665.0,5455.0,1.0
mu[210],0.112,0.048,0.016,0.196,0.0,0.0,11972.0,6205.0,1.0
mu[211],-0.162,0.044,-0.249,-0.083,0.0,0.0,12116.0,6558.0,1.0
mu[212],-0.193,0.049,-0.28,-0.098,0.0,0.0,11003.0,6997.0,1.0
mu[213],0.029,0.038,-0.04,0.103,0.0,0.0,16500.0,5555.0,1.0
mu[214],0.024,0.038,-0.045,0.096,0.0,0.0,16877.0,5413.0,1.0
mu[215],-0.069,0.036,-0.138,-0.002,0.0,0.0,17850.0,5656.0,1.0
mu[216],-0.1,0.038,-0.171,-0.03,0.0,0.0,15698.0,6132.0,1.0
mu[217],0.148,0.053,0.047,0.247,0.001,0.001,10906.0,6307.0,1.0
mu[218],0.141,0.052,0.04,0.236,0.0,0.001,11065.0,6495.0,1.0
mu[219],-0.401,0.085,-0.562,-0.24,0.001,0.001,8412.0,7445.0,1.0
mu[220],-0.1,0.038,-0.171,-0.03,0.0,0.0,15698.0,6132.0,1.0
mu[221],0.126,0.05,0.029,0.216,0.0,0.0,11499.0,6209.0,1.0
mu[222],0.067,0.042,-0.012,0.145,0.0,0.0,14079.0,5928.0,1.0
mu[223],0.186,0.059,0.075,0.299,0.001,0.001,10114.0,6722.0,1.0
mu[224],0.055,0.04,-0.022,0.129,0.0,0.0,14810.0,5715.0,1.0
mu[225],-0.255,0.058,-0.363,-0.146,0.001,0.001,9674.0,7127.0,1.0
mu[226],-0.058,0.036,-0.129,0.006,0.0,0.0,18452.0,5341.0,1.0
mu[227],-0.028,0.035,-0.095,0.039,0.0,0.0,19135.0,5441.0,1.0
mu[228],0.109,0.047,0.014,0.193,0.0,0.0,12072.0,6368.0,1.0
mu[229],-0.158,0.044,-0.245,-0.08,0.0,0.0,12278.0,6555.0,1.0
mu[230],-0.1,0.038,-0.171,-0.03,0.0,0.0,15698.0,6132.0,1.0
mu[231],-0.069,0.036,-0.138,-0.002,0.0,0.0,17850.0,5656.0,1.0
mu[232],0.086,0.044,0.004,0.169,0.0,0.0,13103.0,6069.0,1.0
mu[233],0.175,0.057,0.066,0.283,0.001,0.001,10320.0,6514.0,1.0
mu[234],0.13,0.05,0.033,0.222,0.0,0.001,11379.0,6338.0,1.0
mu[235],-0.165,0.045,-0.256,-0.088,0.0,0.0,11975.0,6473.0,1.0
mu[236],0.167,0.056,0.061,0.273,0.001,0.001,10468.0,6457.0,1.0
mu[237],0.027,0.038,-0.042,0.1,0.0,0.0,16627.0,5430.0,1.0
mu[238],-0.097,0.038,-0.167,-0.026,0.0,0.0,15937.0,6079.0,1.0
mu[239],0.055,0.04,-0.022,0.129,0.0,0.0,14810.0,5715.0,1.0
mu[240],0.086,0.044,0.004,0.169,0.0,0.0,13103.0,6069.0,1.0
mu[241],-0.007,0.036,-0.074,0.061,0.0,0.0,18665.0,5455.0,1.0
mu[242],-0.038,0.035,-0.105,0.028,0.0,0.0,19100.0,5214.0,1.0
mu[243],0.024,0.038,-0.045,0.096,0.0,0.0,16877.0,5413.0,1.0
mu[244],-0.007,0.036,-0.074,0.061,0.0,0.0,18665.0,5455.0,1.0
mu[245],-0.162,0.044,-0.249,-0.083,0.0,0.0,12116.0,6558.0,1.0
mu[246],0.043,0.039,-0.027,0.119,0.0,0.0,15562.0,5655.0,1.0
mu[247],-0.002,0.036,-0.07,0.066,0.0,0.0,18432.0,5430.0,1.0
mu[248],-0.09,0.037,-0.161,-0.022,0.0,0.0,16416.0,6073.0,1.0
mu[249],0.135,0.051,0.036,0.228,0.0,0.001,11230.0,6189.0,1.0
mu[250],0.034,0.038,-0.034,0.109,0.0,0.0,16168.0,5566.0,1.0
mu[251],0.012,0.037,-0.057,0.082,0.0,0.0,17626.0,5280.0,1.0
mu[252],0.178,0.058,0.069,0.288,0.001,0.001,10250.0,6607.0,1.0
mu[253],0.055,0.04,-0.022,0.129,0.0,0.0,14810.0,5715.0,1.0
mu[254],-0.112,0.039,-0.187,-0.039,0.0,0.0,16068.0,5690.0,1.0
mu[255],-0.076,0.036,-0.143,-0.007,0.0,0.0,20111.0,5407.0,1.0
mu[256],-0.26,0.069,-0.392,-0.132,0.001,0.001,9278.0,7472.0,1.0
mu[257],-0.003,0.038,-0.071,0.072,0.0,0.0,17417.0,5890.0,1.0
mu[258],0.036,0.043,-0.045,0.118,0.0,0.0,13574.0,6592.0,1.0
mu[259],-0.089,0.037,-0.161,-0.022,0.0,0.0,18736.0,5464.0,1.0
mu[260],-0.029,0.036,-0.095,0.041,0.0,0.0,20523.0,5692.0,1.0
mu[261],-0.122,0.041,-0.196,-0.044,0.0,0.0,15105.0,5853.0,1.0
mu[262],0.041,0.044,-0.04,0.126,0.0,0.0,13248.0,6460.0,1.0
mu[263],0.105,0.056,-0.003,0.212,0.001,0.001,10268.0,7094.0,1.0
mu[264],-0.149,0.045,-0.234,-0.066,0.0,0.0,12859.0,6337.0,1.0
mu[265],-0.143,0.044,-0.224,-0.06,0.0,0.0,13302.0,6258.0,1.0
mu[266],-0.548,0.145,-0.804,-0.263,0.002,0.001,7923.0,7456.0,1.0
mu[267],-0.103,0.038,-0.175,-0.032,0.0,0.0,17088.0,5564.0,1.0
mu[268],-0.034,0.036,-0.102,0.033,0.0,0.0,20931.0,5671.0,1.0
mu[269],-0.066,0.036,-0.135,-0.0,0.0,0.0,21058.0,5294.0,1.0
mu[270],-0.09,0.037,-0.161,-0.022,0.0,0.0,18642.0,5465.0,1.0
mu[271],0.073,0.05,-0.022,0.167,0.0,0.001,11414.0,6778.0,1.0
mu[272],-0.213,0.058,-0.317,-0.099,0.001,0.001,10182.0,7253.0,1.0
mu[273],0.078,0.051,-0.02,0.172,0.0,0.001,11210.0,6607.0,1.0
mu[274],-0.109,0.039,-0.184,-0.037,0.0,0.0,16359.0,5616.0,1.0
mu[275],-0.074,0.036,-0.143,-0.007,0.0,0.0,20311.0,5425.0,1.0
mu[276],-0.109,0.039,-0.183,-0.037,0.0,0.0,16387.0,5636.0,1.0
mu[277],-0.347,0.091,-0.512,-0.171,0.001,0.001,8504.0,7401.0,1.0
mu[278],-0.054,0.035,-0.122,0.012,0.0,0.0,21577.0,5281.0,1.0
mu[279],-0.106,0.039,-0.18,-0.035,0.0,0.0,16690.0,5584.0,1.0
mu[280],-0.179,0.051,-0.268,-0.079,0.0,0.001,11244.0,6827.0,1.0
mu[281],-0.105,0.039,-0.178,-0.034,0.0,0.0,16828.0,5564.0,1.0
mu[282],-0.079,0.036,-0.146,-0.01,0.0,0.0,19861.0,5368.0,1.0
mu[283],-0.037,0.036,-0.105,0.03,0.0,0.0,21144.0,5546.0,1.0
mu[284],-0.204,0.056,-0.306,-0.096,0.001,0.001,10419.0,7019.0,1.0
mu[285],0.055,0.046,-0.032,0.142,0.0,0.001,12376.0,6684.0,1.0
mu[286],0.008,0.039,-0.066,0.083,0.0,0.0,16008.0,6212.0,1.0
mu[287],-0.061,0.036,-0.128,0.006,0.0,0.0,21383.0,5218.0,1.0
mu[288],-0.064,0.036,-0.134,0.001,0.0,0.0,21160.0,5349.0,1.0
mu[289],0.041,0.044,-0.039,0.127,0.0,0.0,13233.0,6436.0,1.0
mu[290],-0.009,0.037,-0.076,0.066,0.0,0.0,18141.0,5940.0,1.0
mu[291],0.097,0.055,-0.006,0.203,0.001,0.001,10510.0,7046.0,1.0
mu[292],0.056,0.047,-0.031,0.145,0.0,0.001,12319.0,6714.0,1.0
mu[293],-0.074,0.036,-0.142,-0.007,0.0,0.0,20336.0,5443.0,1.0
mu[294],-0.105,0.039,-0.178,-0.034,0.0,0.0,16889.0,5564.0,1.0
mu[295],-0.245,0.065,-0.367,-0.121,0.001,0.001,9505.0,7256.0,1.0
mu[296],0.043,0.044,-0.038,0.129,0.0,0.0,13120.0,6463.0,1.0
mu[297],-0.142,0.044,-0.222,-0.059,0.0,0.0,13392.0,6196.0,1.0
mu[298],0.115,0.059,-0.002,0.222,0.001,0.001,9988.0,7365.0,1.0
mu[299],-0.33,0.086,-0.487,-0.162,0.001,0.001,8603.0,7260.0,1.0
mu[300],-0.121,0.041,-0.197,-0.045,0.0,0.0,15170.0,5753.0,1.0
mu[301],-0.064,0.036,-0.133,0.001,0.0,0.0,21207.0,5310.0,1.0
mu[302],-0.04,0.036,-0.106,0.029,0.0,0.0,21286.0,5486.0,1.0
mu[303],-0.004,0.038,-0.071,0.072,0.0,0.0,17513.0,5889.0,1.0
mu[304],0.099,0.055,-0.006,0.204,0.001,0.001,10448.0,6921.0,1.0
mu[305],-0.274,0.072,-0.411,-0.138,0.001,0.001,9091.0,7471.0,1.0
mu[306],-0.054,0.035,-0.122,0.012,0.0,0.0,21586.0,5245.0,1.0
mu[307],-0.052,0.035,-0.12,0.014,0.0,0.0,21628.0,5222.0,1.0
mu[308],-0.054,0.035,-0.122,0.012,0.0,0.0,21586.0,5245.0,1.0
mu[309],0.092,0.054,-0.01,0.194,0.001,0.001,10677.0,7029.0,1.0
mu[310],0.018,0.04,-0.059,0.093,0.0,0.0,15004.0,6227.0,1.0
mu[311],-0.119,0.04,-0.195,-0.044,0.0,0.0,15364.0,5754.0,1.0
mu[312],0.007,0.039,-0.065,0.083,0.0,0.0,16176.0,6211.0,1.0
mu[313],0.033,0.043,-0.047,0.114,0.0,0.0,13790.0,6384.0,1.0
mu[314],-0.134,0.042,-0.21,-0.052,0.0,0.0,14013.0,5977.0,1.0
mu[315],-0.026,0.036,-0.092,0.045,0.0,0.0,20192.0,5693.0,1.0
mu[316],-0.156,0.046,-0.239,-0.067,0.0,0.0,12455.0,6500.0,1.0
mu[317],0.099,0.055,-0.005,0.205,0.001,0.001,10425.0,6921.0,1.0
mu[318],-0.201,0.055,-0.302,-0.094,0.001,0.001,10506.0,7053.0,1.0
mu[319],-0.098,0.038,-0.169,-0.027,0.0,0.0,17685.0,5550.0,1.0
mu[320],-0.103,0.038,-0.176,-0.033,0.0,0.0,17061.0,5564.0,1.0
mu[321],-0.028,0.036,-0.094,0.043,0.0,0.0,20426.0,5693.0,1.0
mu[322],-0.128,0.042,-0.204,-0.049,0.0,0.0,14510.0,5903.0,1.0
mu[323],-0.028,0.036,-0.094,0.043,0.0,0.0,20426.0,5693.0,1.0
mu[324],-0.103,0.038,-0.176,-0.033,0.0,0.0,17061.0,5564.0,1.0
mu[325],-0.203,0.056,-0.304,-0.095,0.001,0.001,10449.0,7019.0,1.0
mu[326],0.047,0.045,-0.039,0.131,0.0,0.0,12900.0,6566.0,1.0
mu[327],0.047,0.045,-0.039,0.131,0.0,0.0,12900.0,6566.0,1.0
mu[328],-0.053,0.035,-0.121,0.013,0.0,0.0,21594.0,5192.0,1.0
mu[329],-0.045,0.036,-0.109,0.025,0.0,0.0,21489.0,5314.0,1.0
mu[330],-0.088,0.037,-0.16,-0.021,0.0,0.0,18794.0,5425.0,1.0
mu[331],-0.089,0.037,-0.161,-0.022,0.0,0.0,18736.0,5464.0,1.0
mu[332],0.022,0.041,-0.056,0.098,0.0,0.0,14685.0,6229.0,1.0
mu[333],-0.062,0.036,-0.127,0.007,0.0,0.0,21329.0,5273.0,1.0
mu[334],0.097,0.055,-0.006,0.203,0.001,0.001,10510.0,7046.0,1.0
mu[335],0.047,0.045,-0.039,0.131,0.0,0.0,12900.0,6566.0,1.0
mu[336],-0.028,0.036,-0.094,0.043,0.0,0.0,20426.0,5693.0,1.0
mu[337],0.068,0.049,-0.027,0.158,0.0,0.001,11650.0,6861.0,1.0
mu[338],-0.153,0.046,-0.235,-0.065,0.0,0.0,12639.0,6445.0,1.0
mu[339],-0.178,0.05,-0.266,-0.077,0.0,0.001,11290.0,6767.0,1.0
mu[340],0.001,0.038,-0.068,0.077,0.0,0.0,16877.0,5924.0,1.0
mu[341],-0.003,0.038,-0.071,0.072,0.0,0.0,17417.0,5890.0,1.0
mu[342],-0.078,0.036,-0.145,-0.008,0.0,0.0,19926.0,5330.0,1.0
mu[343],-0.103,0.038,-0.176,-0.033,0.0,0.0,17061.0,5564.0,1.0
mu[344],0.097,0.055,-0.006,0.203,0.001,0.001,10510.0,7046.0,1.0
mu[345],0.092,0.054,-0.01,0.194,0.001,0.001,10677.0,7029.0,1.0
mu[346],-0.346,0.091,-0.51,-0.17,0.001,0.001,8512.0,7365.0,1.0
mu[347],-0.103,0.038,-0.176,-0.033,0.0,0.0,17061.0,5564.0,1.0
mu[348],0.079,0.051,-0.019,0.175,0.0,0.001,11145.0,6607.0,1.0
mu[349],0.032,0.042,-0.047,0.113,0.0,0.0,13892.0,6410.0,1.0
mu[350],0.128,0.062,0.006,0.241,0.001,0.001,9714.0,7484.0,1.0
mu[351],0.022,0.041,-0.056,0.098,0.0,0.0,14685.0,6229.0,1.0
mu[352],-0.228,0.061,-0.339,-0.108,0.001,0.001,9818.0,7434.0,1.0
mu[353],-0.069,0.036,-0.137,-0.002,0.0,0.0,20786.0,5356.0,1.0
mu[354],-0.045,0.036,-0.108,0.026,0.0,0.0,21480.0,5331.0,1.0
mu[355],0.066,0.048,-0.026,0.158,0.0,0.001,11760.0,6819.0,1.0
mu[356],-0.15,0.045,-0.234,-0.067,0.0,0.0,12826.0,6337.0,1.0
mu[357],-0.103,0.038,-0.176,-0.033,0.0,0.0,17061.0,5564.0,1.0
mu[358],-0.078,0.036,-0.145,-0.008,0.0,0.0,19926.0,5330.0,1.0
mu[359],0.047,0.045,-0.039,0.131,0.0,0.0,12900.0,6566.0,1.0
mu[360],0.119,0.06,0.001,0.228,0.001,0.001,9908.0,7405.0,1.0
mu[361],0.082,0.052,-0.016,0.18,0.0,0.001,11010.0,6837.0,1.0
mu[362],-0.156,0.046,-0.239,-0.067,0.0,0.0,12475.0,6500.0,1.0
mu[363],0.113,0.058,-0.004,0.218,0.001,0.001,10056.0,7011.0,1.0
mu[364],-0.0,0.038,-0.07,0.075,0.0,0.0,17047.0,5985.0,1.0
mu[365],-0.1,0.038,-0.172,-0.029,0.0,0.0,17394.0,5563.0,1.0
mu[366],0.022,0.041,-0.056,0.098,0.0,0.0,14685.0,6229.0,1.0
mu[367],0.047,0.045,-0.039,0.131,0.0,0.0,12900.0,6566.0,1.0
mu[368],-0.028,0.036,-0.094,0.043,0.0,0.0,20426.0,5693.0,1.0
mu[369],-0.053,0.035,-0.121,0.013,0.0,0.0,21594.0,5192.0,1.0
mu[370],-0.003,0.038,-0.071,0.072,0.0,0.0,17417.0,5890.0,1.0
mu[371],-0.028,0.036,-0.094,0.043,0.0,0.0,20426.0,5693.0,1.0
mu[372],-0.153,0.046,-0.235,-0.065,0.0,0.0,12639.0,6445.0,1.0
mu[373],0.012,0.04,-0.062,0.088,0.0,0.0,15575.0,6162.0,1.0
mu[374],-0.024,0.036,-0.092,0.045,0.0,0.0,20019.0,5734.0,1.0
mu[375],-0.095,0.038,-0.165,-0.024,0.0,0.0,18019.0,5502.0,1.0
mu[376],0.087,0.053,-0.013,0.187,0.001,0.001,10853.0,6838.0,1.0
mu[377],0.005,0.039,-0.064,0.083,0.0,0.0,16375.0,6212.0,1.0
mu[378],-0.013,0.037,-0.081,0.059,0.0,0.0,18646.0,5840.0,1.0
mu[379],0.121,0.06,0.003,0.233,0.001,0.001,9848.0,7441.0,1.0
mu[380],0.022,0.041,-0.056,0.098,0.0,0.0,14685.0,6229.0,1.0
mu[381],0.007,0.037,-0.06,0.081,0.0,0.0,18315.0,6243.0,1.0
mu[382],-0.006,0.036,-0.072,0.064,0.0,0.0,18892.0,6325.0,1.0
mu[383],0.064,0.052,-0.035,0.159,0.0,0.001,13945.0,6964.0,1.0
mu[384],-0.034,0.037,-0.101,0.037,0.0,0.0,17205.0,5930.0,1.0
mu[385],-0.05,0.039,-0.12,0.028,0.0,0.0,15540.0,5860.0,1.0
mu[386],-0.002,0.036,-0.066,0.071,0.0,0.0,18782.0,6327.0,1.0
mu[387],-0.024,0.036,-0.092,0.042,0.0,0.0,18161.0,6086.0,1.0
mu[388],0.011,0.038,-0.057,0.086,0.0,0.0,18038.0,6267.0,1.0
mu[389],-0.051,0.039,-0.127,0.022,0.0,0.0,15353.0,5797.0,1.0
mu[390],-0.076,0.046,-0.163,0.01,0.0,0.001,13363.0,5999.0,1.0
mu[391],0.022,0.04,-0.053,0.098,0.0,0.0,17084.0,6217.0,1.0
mu[392],0.019,0.039,-0.053,0.096,0.0,0.0,17307.0,6270.0,1.0
mu[393],0.175,0.099,-0.004,0.366,0.001,0.001,11650.0,7220.0,1.0
mu[394],0.004,0.037,-0.065,0.073,0.0,0.0,18575.0,6363.0,1.0
mu[395],-0.022,0.036,-0.09,0.044,0.0,0.0,18320.0,6186.0,1.0
mu[396],-0.01,0.035,-0.078,0.057,0.0,0.0,18868.0,6193.0,1.0
mu[397],-0.001,0.036,-0.066,0.071,0.0,0.0,18772.0,6301.0,1.0
mu[398],-0.064,0.042,-0.141,0.018,0.0,0.0,14207.0,6001.0,1.0
mu[399],0.046,0.046,-0.038,0.133,0.0,0.001,15015.0,6658.0,1.0
mu[400],-0.066,0.043,-0.143,0.018,0.0,0.001,14077.0,5942.0,1.0
mu[401],0.006,0.037,-0.061,0.079,0.0,0.0,18397.0,6295.0,1.0
mu[402],-0.007,0.036,-0.072,0.064,0.0,0.0,18898.0,6299.0,1.0
mu[403],0.006,0.037,-0.06,0.08,0.0,0.0,18406.0,6295.0,1.0
mu[404],0.098,0.065,-0.019,0.224,0.001,0.001,12757.0,7055.0,1.0
mu[405],-0.015,0.035,-0.083,0.051,0.0,0.0,18746.0,6189.0,1.0
mu[406],0.005,0.037,-0.065,0.074,0.0,0.0,18475.0,6260.0,1.0
mu[407],0.033,0.043,-0.048,0.111,0.0,0.001,16036.0,6323.0,1.0
mu[408],0.005,0.037,-0.061,0.079,0.0,0.0,18512.0,6259.0,1.0
mu[409],-0.005,0.036,-0.071,0.065,0.0,0.0,18884.0,6248.0,1.0
mu[410],-0.021,0.035,-0.089,0.045,0.0,0.0,18395.0,6187.0,1.0
mu[411],0.043,0.045,-0.042,0.126,0.0,0.001,15263.0,6545.0,1.0
mu[412],-0.057,0.041,-0.133,0.02,0.0,0.0,14832.0,5887.0,1.0
mu[413],-0.039,0.037,-0.107,0.033,0.0,0.0,16715.0,5794.0,1.0
mu[414],-0.012,0.035,-0.08,0.054,0.0,0.0,18798.0,6296.0,1.0
mu[415],-0.011,0.035,-0.079,0.055,0.0,0.0,18860.0,6244.0,1.0
mu[416],-0.052,0.039,-0.127,0.022,0.0,0.0,15345.0,5797.0,1.0
mu[417],-0.032,0.036,-0.099,0.038,0.0,0.0,17431.0,5950.0,1.0
mu[418],-0.073,0.045,-0.16,0.01,0.0,0.001,13562.0,5918.0,1.0
mu[419],-0.057,0.041,-0.132,0.021,0.0,0.0,14797.0,5886.0,1.0
mu[420],-0.007,0.036,-0.072,0.063,0.0,0.0,18898.0,6299.0,1.0
mu[421],0.004,0.037,-0.065,0.074,0.0,0.0,18518.0,6259.0,1.0
mu[422],0.058,0.05,-0.037,0.149,0.0,0.001,14238.0,6837.0,1.0
mu[423],-0.052,0.04,-0.128,0.022,0.0,0.0,15273.0,5797.0,1.0
mu[424],0.019,0.039,-0.053,0.095,0.0,0.0,17355.0,6296.0,1.0
mu[425],-0.08,0.047,-0.169,0.009,0.0,0.001,13114.0,5981.0,1.0
mu[426],0.091,0.063,-0.021,0.212,0.001,0.001,12933.0,7244.0,1.0
mu[427],0.011,0.038,-0.057,0.085,0.0,0.0,18059.0,6294.0,1.0
mu[428],-0.011,0.035,-0.079,0.055,0.0,0.0,18851.0,6270.0,1.0
mu[429],-0.02,0.035,-0.089,0.046,0.0,0.0,18472.0,6138.0,1.0
mu[430],-0.034,0.037,-0.105,0.033,0.0,0.0,17236.0,5883.0,1.0
mu[431],-0.074,0.045,-0.161,0.009,0.0,0.001,13506.0,5941.0,1.0
mu[432],0.07,0.054,-0.034,0.168,0.0,0.001,13698.0,6900.0,1.0
mu[433],-0.015,0.035,-0.083,0.051,0.0,0.0,18742.0,6188.0,1.0
mu[434],-0.016,0.035,-0.083,0.051,0.0,0.0,18705.0,6089.0,1.0
mu[435],-0.015,0.035,-0.083,0.051,0.0,0.0,18742.0,6188.0,1.0
mu[436],-0.071,0.044,-0.154,0.013,0.0,0.001,13692.0,5896.0,1.0
mu[437],-0.043,0.038,-0.111,0.031,0.0,0.0,16320.0,5795.0,1.0
mu[438],0.01,0.037,-0.057,0.085,0.0,0.0,18129.0,6346.0,1.0
mu[439],-0.038,0.037,-0.106,0.034,0.0,0.0,16778.0,5772.0,1.0
mu[440],-0.048,0.039,-0.118,0.028,0.0,0.0,15677.0,5883.0,1.0
mu[441],0.016,0.038,-0.053,0.093,0.0,0.0,17647.0,6320.0,1.0
mu[442],-0.026,0.036,-0.093,0.041,0.0,0.0,18064.0,6110.0,1.0
mu[443],0.024,0.04,-0.053,0.1,0.0,0.0,16846.0,6142.0,1.0
mu[444],-0.074,0.045,-0.162,0.009,0.0,0.001,13488.0,5941.0,1.0
mu[445],0.042,0.045,-0.043,0.124,0.0,0.001,15355.0,6516.0,1.0
mu[446],0.002,0.036,-0.067,0.071,0.0,0.0,18671.0,6302.0,1.0
mu[447],0.004,0.037,-0.065,0.074,0.0,0.0,18565.0,6363.0,1.0
mu[448],-0.025,0.036,-0.093,0.042,0.0,0.0,18134.0,6086.0,1.0
mu[449],0.014,0.038,-0.055,0.089,0.0,0.0,17839.0,6373.0,1.0
mu[450],-0.025,0.036,-0.093,0.042,0.0,0.0,18134.0,6086.0,1.0
mu[451],0.004,0.037,-0.065,0.074,0.0,0.0,18565.0,6363.0,1.0
mu[452],0.042,0.045,-0.041,0.127,0.0,0.001,15294.0,6573.0,1.0
mu[453],-0.054,0.04,-0.128,0.022,0.0,0.0,15137.0,5841.0,1.0
mu[454],-0.054,0.04,-0.128,0.022,0.0,0.0,15137.0,5841.0,1.0
mu[455],-0.015,0.035,-0.084,0.05,0.0,0.0,18734.0,6163.0,1.0
mu[456],-0.018,0.035,-0.085,0.049,0.0,0.0,18590.0,6136.0,1.0
mu[457],-0.002,0.036,-0.069,0.067,0.0,0.0,18787.0,6326.0,1.0
mu[458],-0.002,0.036,-0.066,0.071,0.0,0.0,18782.0,6327.0,1.0
mu[459],-0.044,0.038,-0.113,0.03,0.0,0.0,16163.0,5836.0,1.0
mu[460],-0.012,0.035,-0.08,0.054,0.0,0.0,18805.0,6244.0,1.0
mu[461],-0.073,0.045,-0.16,0.01,0.0,0.001,13562.0,5918.0,1.0
mu[462],-0.054,0.04,-0.128,0.022,0.0,0.0,15137.0,5841.0,1.0
mu[463],-0.025,0.036,-0.093,0.042,0.0,0.0,18134.0,6086.0,1.0
mu[464],-0.062,0.042,-0.141,0.017,0.0,0.0,14365.0,5908.0,1.0
mu[465],0.023,0.04,-0.05,0.102,0.0,0.0,16952.0,6167.0,1.0
mu[466],0.033,0.042,-0.048,0.111,0.0,0.001,16066.0,6323.0,1.0
mu[467],-0.036,0.037,-0.102,0.036,0.0,0.0,17030.0,5852.0,1.0
mu[468],-0.034,0.037,-0.101,0.037,0.0,0.0,17205.0,5930.0,1.0
mu[469],-0.006,0.036,-0.071,0.064,0.0,0.0,18887.0,6248.0,1.0
mu[470],0.004,0.037,-0.065,0.074,0.0,0.0,18565.0,6363.0,1.0
mu[471],-0.073,0.045,-0.16,0.01,0.0,0.001,13562.0,5918.0,1.0
mu[472],-0.071,0.044,-0.154,0.013,0.0,0.001,13692.0,5896.0,1.0
mu[473],0.097,0.065,-0.019,0.223,0.001,0.001,12777.0,6957.0,1.0
mu[474],0.004,0.037,-0.065,0.074,0.0,0.0,18565.0,6363.0,1.0
mu[475],-0.066,0.043,-0.144,0.018,0.0,0.001,14031.0,5966.0,1.0
mu[476],-0.048,0.039,-0.123,0.022,0.0,0.0,15722.0,5906.0,1.0
mu[477],-0.085,0.049,-0.177,0.006,0.0,0.001,12860.0,5936.0,1.0
mu[478],-0.044,0.038,-0.113,0.03,0.0,0.0,16163.0,5836.0,1.0
mu[479],0.052,0.048,-0.039,0.139,0.0,0.001,14609.0,6933.0,1.0
mu[480],-0.009,0.035,-0.077,0.058,0.0,0.0,18888.0,6295.0,1.0
mu[481],-0.019,0.035,-0.085,0.049,0.0,0.0,18585.0,6136.0,1.0
mu[482],-0.061,0.042,-0.14,0.017,0.0,0.0,14445.0,5921.0,1.0
mu[483],0.022,0.04,-0.053,0.098,0.0,0.0,17069.0,6217.0,1.0
mu[484],0.004,0.037,-0.065,0.074,0.0,0.0,18565.0,6363.0,1.0
mu[485],-0.006,0.036,-0.071,0.064,0.0,0.0,18887.0,6248.0,1.0
mu[486],-0.054,0.04,-0.128,0.022,0.0,0.0,15137.0,5841.0,1.0
mu[487],-0.081,0.048,-0.171,0.009,0.0,0.001,13043.0,6019.0,1.0
mu[488],-0.067,0.043,-0.147,0.017,0.0,0.001,13940.0,6002.0,1.0
mu[489],0.024,0.04,-0.053,0.1,0.0,0.0,16857.0,6142.0,1.0
mu[490],-0.079,0.047,-0.168,0.009,0.0,0.001,13171.0,5935.0,1.0
mu[491],-0.036,0.037,-0.101,0.038,0.0,0.0,17091.0,5839.0,1.0
mu[492],0.003,0.036,-0.066,0.072,0.0,0.0,18630.0,6327.0,1.0
mu[493],-0.044,0.038,-0.113,0.03,0.0,0.0,16163.0,5836.0,1.0
mu[494],-0.054,0.04,-0.128,0.022,0.0,0.0,15137.0,5841.0,1.0
mu[495],-0.025,0.036,-0.093,0.042,0.0,0.0,18134.0,6086.0,1.0
mu[496],-0.015,0.035,-0.084,0.05,0.0,0.0,18734.0,6163.0,1.0
mu[497],-0.034,0.037,-0.101,0.037,0.0,0.0,17205.0,5930.0,1.0
mu[498],-0.025,0.036,-0.093,0.042,0.0,0.0,18134.0,6086.0,1.0
mu[499],0.023,0.04,-0.05,0.102,0.0,0.0,16952.0,6167.0,1.0
mu[500],-0.04,0.037,-0.109,0.032,0.0,0.0,16549.0,5795.0,1.0
mu[501],-0.026,0.036,-0.094,0.041,0.0,0.0,17997.0,6111.0,1.0
mu[502],0.001,0.036,-0.064,0.073,0.0,0.0,18696.0,6328.0,1.0
mu[503],-0.069,0.044,-0.151,0.014,0.0,0.001,13827.0,5955.0,1.0
mu[504],-0.038,0.037,-0.105,0.035,0.0,0.0,16857.0,5783.0,1.0
mu[505],-0.031,0.036,-0.099,0.038,0.0,0.0,17589.0,5972.0,1.0
mu[506],-0.082,0.048,-0.172,0.008,0.0,0.001,12989.0,5995.0,1.0
mu[507],-0.044,0.038,-0.113,0.03,0.0,0.0,16163.0,5836.0,1.0
mu[508],0.007,0.037,-0.058,0.077,0.0,0.0,18091.0,5999.0,1.0
mu[509],-0.005,0.035,-0.068,0.062,0.0,0.0,18848.0,5778.0,1.0
mu[510],0.058,0.051,-0.033,0.158,0.0,0.001,15358.0,6733.0,1.0
mu[511],-0.03,0.036,-0.103,0.034,0.0,0.0,19180.0,6043.0,1.0
mu[512],-0.044,0.039,-0.119,0.028,0.0,0.0,18691.0,6021.0,1.0
mu[513],-0.001,0.036,-0.065,0.067,0.0,0.0,18587.0,5909.0,1.0
mu[514],-0.021,0.036,-0.089,0.043,0.0,0.0,19267.0,5728.0,1.0
mu[515],0.011,0.037,-0.059,0.079,0.0,0.0,17849.0,6107.0,1.0
mu[516],-0.045,0.039,-0.119,0.029,0.0,0.0,18549.0,6045.0,1.0
mu[517],-0.067,0.046,-0.154,0.018,0.0,0.001,17179.0,6660.0,1.0
mu[518],0.02,0.039,-0.051,0.093,0.0,0.0,17213.0,6304.0,1.0
mu[519],0.018,0.038,-0.052,0.09,0.0,0.0,17345.0,6288.0,1.0
mu[520],0.158,0.096,-0.013,0.356,0.001,0.001,14263.0,6547.0,1.0
mu[521],0.004,0.036,-0.062,0.071,0.0,0.0,18295.0,6047.0,1.0
mu[522],-0.019,0.035,-0.085,0.047,0.0,0.0,19248.0,5882.0,1.0
mu[523],-0.008,0.035,-0.073,0.057,0.0,0.0,19001.0,5738.0,1.0
mu[524],-0.0,0.036,-0.065,0.067,0.0,0.0,18571.0,5909.0,1.0
mu[525],-0.056,0.042,-0.134,0.026,0.0,0.001,17818.0,6251.0,1.0
mu[526],0.042,0.045,-0.045,0.123,0.0,0.001,15937.0,6693.0,1.0
mu[527],-0.058,0.043,-0.136,0.025,0.0,0.001,17726.0,6253.0,1.0
mu[528],0.007,0.036,-0.06,0.074,0.0,0.0,18156.0,6000.0,1.0
mu[529],-0.006,0.035,-0.069,0.061,0.0,0.0,18891.0,5779.0,1.0
mu[530],0.006,0.036,-0.06,0.074,0.0,0.0,18164.0,6024.0,1.0
mu[531],0.089,0.063,-0.031,0.209,0.001,0.001,14770.0,7265.0,1.0
mu[532],-0.012,0.035,-0.077,0.053,0.0,0.0,19141.0,5806.0,1.0
mu[533],0.005,0.036,-0.061,0.073,0.0,0.0,18217.0,6069.0,1.0
mu[534],0.031,0.042,-0.046,0.108,0.0,0.0,16537.0,6548.0,1.0
mu[535],0.005,0.036,-0.061,0.073,0.0,0.0,18247.0,6022.0,1.0
mu[536],-0.004,0.035,-0.068,0.062,0.0,0.0,18812.0,5800.0,1.0
mu[537],-0.018,0.035,-0.083,0.048,0.0,0.0,19243.0,5817.0,1.0
mu[538],0.039,0.044,-0.045,0.12,0.0,0.001,16077.0,6421.0,1.0
mu[539],-0.05,0.041,-0.127,0.026,0.0,0.0,18219.0,6328.0,1.0
mu[540],-0.034,0.037,-0.102,0.038,0.0,0.0,19059.0,6044.0,1.0
mu[541],-0.01,0.035,-0.074,0.056,0.0,0.0,19084.0,5808.0,1.0
mu[542],-0.009,0.035,-0.073,0.056,0.0,0.0,19031.0,5848.0,1.0
mu[543],-0.045,0.039,-0.119,0.029,0.0,0.0,18540.0,6045.0,1.0
mu[544],-0.028,0.036,-0.1,0.036,0.0,0.0,19198.0,5999.0,1.0
mu[545],-0.064,0.045,-0.149,0.02,0.0,0.001,17321.0,6388.0,1.0
mu[546],-0.05,0.041,-0.128,0.025,0.0,0.0,18193.0,6324.0,1.0
mu[547],-0.006,0.035,-0.069,0.061,0.0,0.0,18896.0,5801.0,1.0
mu[548],0.005,0.036,-0.062,0.072,0.0,0.0,18259.0,6046.0,1.0
mu[549],0.053,0.049,-0.038,0.145,0.0,0.001,15524.0,6628.0,1.0
mu[550],-0.046,0.04,-0.12,0.028,0.0,0.0,18503.0,6117.0,1.0
mu[551],0.018,0.038,-0.052,0.089,0.0,0.0,17376.0,6327.0,1.0
mu[552],-0.071,0.047,-0.16,0.017,0.0,0.001,17007.0,6869.0,1.0
mu[553],0.083,0.061,-0.024,0.206,0.001,0.001,14857.0,7020.0,1.0
mu[554],0.01,0.037,-0.057,0.08,0.0,0.0,17871.0,6156.0,1.0
mu[555],-0.009,0.035,-0.074,0.056,0.0,0.0,19038.0,5848.0,1.0
mu[556],-0.017,0.035,-0.082,0.049,0.0,0.0,19229.0,5773.0,1.0
mu[557],-0.03,0.036,-0.101,0.035,0.0,0.0,19178.0,6043.0,1.0
mu[558],-0.065,0.045,-0.15,0.019,0.0,0.001,17283.0,6357.0,1.0
mu[559],0.063,0.053,-0.036,0.162,0.0,0.001,15246.0,6868.0,1.0
mu[560],-0.013,0.035,-0.077,0.053,0.0,0.0,19139.0,5784.0,1.0
mu[561],-0.013,0.035,-0.078,0.052,0.0,0.0,19165.0,5829.0,1.0
mu[562],-0.013,0.035,-0.077,0.053,0.0,0.0,19139.0,5784.0,1.0
mu[563],-0.063,0.044,-0.144,0.022,0.0,0.001,17418.0,6440.0,1.0
mu[564],-0.037,0.038,-0.107,0.035,0.0,0.0,18968.0,6010.0,1.0
mu[565],0.01,0.037,-0.057,0.08,0.0,0.0,17934.0,6082.0,1.0
mu[566],-0.034,0.037,-0.101,0.038,0.0,0.0,19076.0,5996.0,1.0
mu[567],-0.042,0.039,-0.118,0.029,0.0,0.0,18741.0,5974.0,1.0
mu[568],0.015,0.038,-0.056,0.084,0.0,0.0,17571.0,6247.0,1.0
mu[569],-0.022,0.036,-0.091,0.042,0.0,0.0,19292.0,5728.0,1.0
mu[570],0.023,0.039,-0.05,0.096,0.0,0.0,17059.0,6266.0,1.0
mu[571],-0.065,0.045,-0.15,0.019,0.0,0.001,17264.0,6357.0,1.0
mu[572],0.038,0.044,-0.043,0.12,0.0,0.001,16124.0,6369.0,1.0
mu[573],0.003,0.036,-0.064,0.069,0.0,0.0,18403.0,6047.0,1.0
mu[574],0.004,0.036,-0.062,0.071,0.0,0.0,18289.0,6071.0,1.0
mu[575],-0.021,0.036,-0.089,0.043,0.0,0.0,19265.0,5793.0,1.0
mu[576],0.013,0.037,-0.054,0.084,0.0,0.0,17713.0,6096.0,1.0
mu[577],-0.021,0.036,-0.089,0.043,0.0,0.0,19265.0,5793.0,1.0
mu[578],0.004,0.036,-0.062,0.071,0.0,0.0,18289.0,6071.0,1.0
mu[579],0.039,0.044,-0.045,0.119,0.0,0.001,16089.0,6367.0,1.0
mu[580],-0.047,0.04,-0.123,0.027,0.0,0.0,18399.0,6219.0,1.0
mu[581],-0.047,0.04,-0.123,0.027,0.0,0.0,18399.0,6219.0,1.0
mu[582],-0.013,0.035,-0.078,0.052,0.0,0.0,19151.0,5784.0,1.0
mu[583],-0.015,0.035,-0.079,0.052,0.0,0.0,19221.0,5931.0,1.0
mu[584],-0.001,0.036,-0.065,0.067,0.0,0.0,18598.0,5909.0,1.0
mu[585],-0.001,0.036,-0.065,0.067,0.0,0.0,18587.0,5909.0,1.0
mu[586],-0.039,0.038,-0.108,0.035,0.0,0.0,18924.0,6009.0,1.0
mu[587],-0.01,0.035,-0.074,0.056,0.0,0.0,19063.0,5825.0,1.0
mu[588],-0.064,0.045,-0.149,0.02,0.0,0.001,17321.0,6388.0,1.0
mu[589],-0.047,0.04,-0.123,0.027,0.0,0.0,18399.0,6219.0,1.0
mu[590],-0.021,0.036,-0.089,0.043,0.0,0.0,19265.0,5793.0,1.0
mu[591],-0.055,0.042,-0.131,0.027,0.0,0.0,17930.0,6405.0,1.0
mu[592],0.022,0.039,-0.05,0.095,0.0,0.0,17127.0,6351.0,1.0
mu[593],0.03,0.041,-0.046,0.108,0.0,0.0,16557.0,6548.0,1.0
mu[594],-0.032,0.037,-0.104,0.034,0.0,0.0,19114.0,6188.0,1.0
mu[595],-0.03,0.036,-0.103,0.034,0.0,0.0,19180.0,6043.0,1.0
mu[596],-0.004,0.035,-0.068,0.062,0.0,0.0,18827.0,5801.0,1.0
mu[597],0.004,0.036,-0.062,0.071,0.0,0.0,18289.0,6071.0,1.0
mu[598],-0.064,0.045,-0.149,0.02,0.0,0.001,17321.0,6388.0,1.0
mu[599],-0.063,0.044,-0.144,0.022,0.0,0.001,17418.0,6440.0,1.0
mu[600],0.088,0.063,-0.031,0.208,0.001,0.001,14776.0,7196.0,1.0
mu[601],0.004,0.036,-0.062,0.071,0.0,0.0,18289.0,6071.0,1.0
mu[602],-0.058,0.043,-0.137,0.025,0.0,0.001,17688.0,6204.0,1.0
mu[603],-0.042,0.039,-0.119,0.027,0.0,0.0,18766.0,5950.0,1.0
mu[604],-0.075,0.049,-0.166,0.016,0.0,0.001,16810.0,6830.0,1.0
mu[605],-0.039,0.038,-0.108,0.035,0.0,0.0,18924.0,6009.0,1.0
mu[606],0.047,0.047,-0.039,0.137,0.0,0.001,15726.0,6577.0,1.0
mu[607],-0.007,0.035,-0.071,0.058,0.0,0.0,18976.0,5825.0,1.0
mu[608],-0.016,0.035,-0.08,0.051,0.0,0.0,19225.0,5817.0,1.0
mu[609],-0.054,0.042,-0.129,0.028,0.0,0.0,17978.0,6224.0,1.0
mu[610],0.021,0.039,-0.051,0.093,0.0,0.0,17201.0,6298.0,1.0
mu[611],0.004,0.036,-0.062,0.071,0.0,0.0,18289.0,6071.0,1.0
mu[612],-0.004,0.035,-0.068,0.062,0.0,0.0,18827.0,5801.0,1.0
mu[613],-0.047,0.04,-0.123,0.027,0.0,0.0,18399.0,6219.0,1.0
mu[614],-0.072,0.047,-0.161,0.017,0.0,0.001,16947.0,6872.0,1.0
mu[615],-0.059,0.043,-0.139,0.024,0.0,0.001,17611.0,6306.0,1.0
mu[616],0.023,0.039,-0.05,0.095,0.0,0.0,17064.0,6266.0,1.0
mu[617],-0.07,0.047,-0.159,0.016,0.0,0.001,17052.0,6810.0,1.0
mu[618],-0.031,0.037,-0.104,0.033,0.0,0.0,19125.0,6139.0,1.0
mu[619],0.003,0.036,-0.063,0.07,0.0,0.0,18363.0,6047.0,1.0
mu[620],-0.039,0.038,-0.108,0.035,0.0,0.0,18924.0,6009.0,1.0
mu[621],-0.047,0.04,-0.123,0.027,0.0,0.0,18399.0,6219.0,1.0
mu[622],-0.021,0.036,-0.089,0.043,0.0,0.0,19265.0,5793.0,1.0
mu[623],-0.013,0.035,-0.078,0.052,0.0,0.0,19151.0,5784.0,1.0
mu[624],-0.03,0.036,-0.103,0.034,0.0,0.0,19180.0,6043.0,1.0
mu[625],-0.021,0.036,-0.089,0.043,0.0,0.0,19265.0,5793.0,1.0
mu[626],0.022,0.039,-0.05,0.095,0.0,0.0,17127.0,6351.0,1.0
mu[627],-0.035,0.037,-0.105,0.036,0.0,0.0,19029.0,6059.0,1.0
mu[628],-0.023,0.036,-0.092,0.041,0.0,0.0,19291.0,5729.0,1.0
mu[629],0.002,0.036,-0.063,0.07,0.0,0.0,18470.0,5907.0,1.0
mu[630],-0.061,0.044,-0.144,0.021,0.0,0.001,17528.0,6226.0,1.0
mu[631],-0.033,0.037,-0.106,0.033,0.0,0.0,19096.0,6013.0,1.0
mu[632],-0.027,0.036,-0.098,0.036,0.0,0.0,19234.0,6024.0,1.0
mu[633],-0.073,0.048,-0.163,0.017,0.0,0.001,16897.0,6815.0,1.0
mu[634],-0.039,0.038,-0.108,0.035,0.0,0.0,18924.0,6009.0,1.0
mu[635],0.007,0.037,-0.064,0.076,0.0,0.0,18779.0,5541.0,1.0
mu[636],-0.004,0.036,-0.071,0.063,0.0,0.0,19651.0,5425.0,1.0
mu[637],0.054,0.052,-0.043,0.152,0.0,0.001,15456.0,6776.0,1.0
mu[638],-0.026,0.037,-0.092,0.045,0.0,0.0,18971.0,5610.0,1.0
mu[639],-0.039,0.039,-0.112,0.035,0.0,0.0,17787.0,5818.0,1.0
mu[640],0.0,0.036,-0.067,0.069,0.0,0.0,19391.0,5286.0,1.0
mu[641],-0.018,0.036,-0.084,0.05,0.0,0.0,19575.0,5613.0,1.0
mu[642],0.01,0.038,-0.06,0.082,0.0,0.0,18516.0,5446.0,1.0
mu[643],-0.04,0.04,-0.111,0.036,0.0,0.0,17633.0,6147.0,1.0
mu[644],-0.06,0.046,-0.143,0.028,0.0,0.001,15837.0,6408.0,1.0
mu[645],0.019,0.04,-0.054,0.095,0.0,0.0,17693.0,5521.0,1.0
mu[646],0.017,0.039,-0.052,0.095,0.0,0.0,17870.0,5403.0,1.0
mu[647],0.143,0.098,-0.04,0.331,0.001,0.001,13579.0,7205.0,1.0
mu[648],0.005,0.037,-0.064,0.074,0.0,0.0,19044.0,5428.0,1.0
mu[649],-0.017,0.036,-0.083,0.051,0.0,0.0,19674.0,5575.0,1.0
mu[650],-0.007,0.036,-0.075,0.059,0.0,0.0,19764.0,5427.0,1.0
mu[651],0.0,0.036,-0.067,0.069,0.0,0.0,19385.0,5272.0,1.0
mu[652],-0.05,0.042,-0.132,0.027,0.0,0.001,16663.0,6274.0,1.0
mu[653],0.039,0.046,-0.048,0.125,0.0,0.001,16453.0,6488.0,1.0
mu[654],-0.052,0.043,-0.133,0.028,0.0,0.001,16537.0,6290.0,1.0
mu[655],0.007,0.037,-0.065,0.075,0.0,0.0,18873.0,5458.0,1.0
mu[656],-0.004,0.036,-0.072,0.063,0.0,0.0,19685.0,5398.0,1.0
mu[657],0.007,0.037,-0.065,0.075,0.0,0.0,18878.0,5458.0,1.0
mu[658],0.081,0.065,-0.042,0.201,0.001,0.001,14457.0,7039.0,1.0
mu[659],-0.01,0.036,-0.076,0.058,0.0,0.0,19820.0,5485.0,1.0
mu[660],0.006,0.037,-0.063,0.075,0.0,0.0,18964.0,5418.0,1.0
mu[661],0.028,0.043,-0.052,0.108,0.0,0.001,17063.0,6005.0,1.0
mu[662],0.005,0.037,-0.063,0.075,0.0,0.0,19002.0,5379.0,1.0
mu[663],-0.003,0.036,-0.07,0.065,0.0,0.0,19632.0,5386.0,1.0
mu[664],-0.016,0.036,-0.084,0.05,0.0,0.0,19690.0,5595.0,1.0
mu[665],0.036,0.045,-0.049,0.121,0.0,0.001,16594.0,6379.0,1.0
mu[666],-0.045,0.041,-0.12,0.032,0.0,0.0,17204.0,6226.0,1.0
mu[667],-0.03,0.037,-0.102,0.038,0.0,0.0,18596.0,5661.0,1.0
mu[668],-0.009,0.036,-0.073,0.061,0.0,0.0,19789.0,5485.0,1.0
mu[669],-0.007,0.036,-0.075,0.059,0.0,0.0,19775.0,5526.0,1.0
mu[670],-0.04,0.04,-0.112,0.036,0.0,0.0,17627.0,6147.0,1.0
mu[671],-0.025,0.037,-0.095,0.042,0.0,0.0,19145.0,5664.0,1.0
mu[672],-0.058,0.045,-0.142,0.026,0.0,0.001,16023.0,6382.0,1.0
mu[673],-0.045,0.041,-0.118,0.035,0.0,0.0,17167.0,6244.0,1.0
mu[674],-0.004,0.036,-0.072,0.062,0.0,0.0,19686.0,5398.0,1.0
mu[675],0.005,0.037,-0.064,0.075,0.0,0.0,19008.0,5379.0,1.0
mu[676],0.049,0.05,-0.042,0.146,0.0,0.001,15680.0,6546.0,1.0
mu[677],-0.041,0.04,-0.112,0.036,0.0,0.0,17567.0,6080.0,1.0
mu[678],0.017,0.039,-0.053,0.094,0.0,0.0,17890.0,5418.0,1.0
mu[679],-0.063,0.047,-0.151,0.024,0.0,0.001,15597.0,6519.0,1.0
mu[680],0.075,0.062,-0.042,0.19,0.001,0.001,14603.0,6774.0,1.0
mu[681],0.01,0.038,-0.06,0.082,0.0,0.0,18533.0,5427.0,1.0
mu[682],-0.008,0.036,-0.075,0.059,0.0,0.0,19776.0,5526.0,1.0
mu[683],-0.015,0.036,-0.083,0.051,0.0,0.0,19711.0,5549.0,1.0
mu[684],-0.026,0.037,-0.092,0.046,0.0,0.0,19000.0,5549.0,1.0
mu[685],-0.058,0.045,-0.141,0.028,0.0,0.001,15977.0,6382.0,1.0
mu[686],0.058,0.054,-0.042,0.16,0.0,0.001,15253.0,6930.0,1.0
mu[687],-0.011,0.036,-0.076,0.058,0.0,0.0,19827.0,5485.0,1.0
mu[688],-0.011,0.036,-0.076,0.058,0.0,0.0,19824.0,5525.0,1.0
mu[689],-0.011,0.036,-0.076,0.058,0.0,0.0,19827.0,5485.0,1.0
mu[690],-0.056,0.044,-0.139,0.026,0.0,0.001,16152.0,6355.0,1.0
mu[691],-0.033,0.038,-0.103,0.038,0.0,0.0,18306.0,5836.0,1.0
mu[692],0.01,0.038,-0.062,0.079,0.0,0.0,18578.0,5466.0,1.0
mu[693],-0.03,0.037,-0.099,0.04,0.0,0.0,18648.0,5684.0,1.0
mu[694],-0.038,0.039,-0.111,0.035,0.0,0.0,17859.0,5896.0,1.0
mu[695],0.014,0.039,-0.058,0.087,0.0,0.0,18127.0,5432.0,1.0
mu[696],-0.019,0.036,-0.085,0.05,0.0,0.0,19525.0,5651.0,1.0
mu[697],0.021,0.04,-0.054,0.097,0.0,0.0,17574.0,5603.0,1.0
mu[698],-0.058,0.045,-0.141,0.028,0.0,0.001,15959.0,6382.0,1.0
mu[699],0.035,0.045,-0.054,0.115,0.0,0.001,16649.0,6221.0,1.0
mu[700],0.003,0.037,-0.066,0.071,0.0,0.0,19171.0,5274.0,1.0
mu[701],0.005,0.037,-0.064,0.074,0.0,0.0,19038.0,5408.0,1.0
mu[702],-0.019,0.036,-0.084,0.05,0.0,0.0,19563.0,5612.0,1.0
mu[703],0.012,0.038,-0.058,0.085,0.0,0.0,18305.0,5432.0,1.0
mu[704],-0.019,0.036,-0.084,0.05,0.0,0.0,19563.0,5612.0,1.0
mu[705],0.005,0.037,-0.064,0.074,0.0,0.0,19038.0,5408.0,1.0
mu[706],0.036,0.045,-0.054,0.116,0.0,0.001,16611.0,6379.0,1.0
mu[707],-0.042,0.04,-0.114,0.035,0.0,0.0,17444.0,6225.0,1.0
mu[708],-0.042,0.04,-0.114,0.035,0.0,0.0,17444.0,6225.0,1.0
mu[709],-0.011,0.036,-0.077,0.057,0.0,0.0,19826.0,5505.0,1.0
mu[710],-0.013,0.036,-0.081,0.053,0.0,0.0,19771.0,5541.0,1.0
mu[711],0.0,0.036,-0.068,0.069,0.0,0.0,19399.0,5301.0,1.0
mu[712],0.0,0.036,-0.067,0.069,0.0,0.0,19391.0,5286.0,1.0
mu[713],-0.034,0.038,-0.107,0.035,0.0,0.0,18191.0,5903.0,1.0
mu[714],-0.008,0.036,-0.075,0.059,0.0,0.0,19802.0,5547.0,1.0
mu[715],-0.058,0.045,-0.142,0.026,0.0,0.001,16023.0,6382.0,1.0
mu[716],-0.042,0.04,-0.114,0.035,0.0,0.0,17444.0,6225.0,1.0
mu[717],-0.019,0.036,-0.084,0.05,0.0,0.0,19563.0,5612.0,1.0
mu[718],-0.049,0.042,-0.126,0.031,0.0,0.001,16803.0,6327.0,1.0
mu[719],0.02,0.04,-0.055,0.095,0.0,0.0,17631.0,5562.0,1.0
mu[720],0.028,0.042,-0.052,0.107,0.0,0.001,17084.0,5890.0,1.0
mu[721],-0.028,0.037,-0.094,0.044,0.0,0.0,18837.0,5659.0,1.0
mu[722],-0.026,0.037,-0.092,0.045,0.0,0.0,18971.0,5610.0,1.0
mu[723],-0.003,0.036,-0.07,0.064,0.0,0.0,19630.0,5386.0,1.0
mu[724],0.005,0.037,-0.064,0.074,0.0,0.0,19038.0,5408.0,1.0
mu[725],-0.058,0.045,-0.142,0.026,0.0,0.001,16023.0,6382.0,1.0
mu[726],-0.056,0.044,-0.139,0.026,0.0,0.001,16152.0,6355.0,1.0
mu[727],0.08,0.065,-0.042,0.2,0.001,0.001,14471.0,7039.0,1.0
mu[728],0.005,0.037,-0.064,0.074,0.0,0.0,19038.0,5408.0,1.0
mu[729],-0.052,0.043,-0.134,0.027,0.0,0.001,16492.0,6301.0,1.0
mu[730],-0.037,0.039,-0.11,0.035,0.0,0.0,17886.0,5779.0,1.0
mu[731],-0.067,0.049,-0.157,0.025,0.0,0.001,15345.0,6671.0,1.0
mu[732],-0.034,0.038,-0.107,0.035,0.0,0.0,18191.0,5903.0,1.0
mu[733],0.044,0.048,-0.042,0.139,0.0,0.001,15984.0,6517.0,1.0
mu[734],-0.006,0.036,-0.074,0.06,0.0,0.0,19752.0,5379.0,1.0
mu[735],-0.014,0.036,-0.081,0.053,0.0,0.0,19766.0,5541.0,1.0
mu[736],-0.048,0.042,-0.123,0.033,0.0,0.001,16870.0,6326.0,1.0
mu[737],0.019,0.04,-0.054,0.095,0.0,0.0,17682.0,5562.0,1.0
mu[738],0.005,0.037,-0.064,0.074,0.0,0.0,19038.0,5408.0,1.0
mu[739],-0.003,0.036,-0.07,0.064,0.0,0.0,19630.0,5386.0,1.0
mu[740],-0.042,0.04,-0.114,0.035,0.0,0.0,17444.0,6225.0,1.0
mu[741],-0.064,0.048,-0.153,0.024,0.0,0.001,15522.0,6526.0,1.0
mu[742],-0.053,0.043,-0.135,0.027,0.0,0.001,16401.0,6372.0,1.0
mu[743],0.021,0.04,-0.054,0.097,0.0,0.0,17578.0,5603.0,1.0
mu[744],-0.063,0.047,-0.15,0.025,0.0,0.001,15656.0,6547.0,1.0
mu[745],-0.027,0.037,-0.093,0.045,0.0,0.0,18880.0,5691.0,1.0
mu[746],0.004,0.037,-0.065,0.072,0.0,0.0,19107.0,5312.0,1.0
mu[747],-0.034,0.038,-0.107,0.035,0.0,0.0,18191.0,5903.0,1.0
mu[748],-0.042,0.04,-0.114,0.035,0.0,0.0,17444.0,6225.0,1.0
mu[749],-0.019,0.036,-0.084,0.05,0.0,0.0,19563.0,5612.0,1.0
mu[750],-0.011,0.036,-0.077,0.057,0.0,0.0,19826.0,5505.0,1.0
mu[751],-0.026,0.037,-0.092,0.045,0.0,0.0,18971.0,5610.0,1.0
mu[752],-0.019,0.036,-0.084,0.05,0.0,0.0,19563.0,5612.0,1.0
mu[753],0.02,0.04,-0.055,0.095,0.0,0.0,17631.0,5562.0,1.0
mu[754],-0.031,0.038,-0.103,0.037,0.0,0.0,18507.0,5621.0,1.0
mu[755],-0.02,0.036,-0.088,0.047,0.0,0.0,19477.0,5695.0,1.0
mu[756],0.002,0.036,-0.067,0.069,0.0,0.0,19249.0,5200.0,1.0
mu[757],-0.054,0.044,-0.137,0.027,0.0,0.001,16282.0,6398.0,1.0
mu[758],-0.029,0.037,-0.096,0.043,0.0,0.0,18709.0,5641.0,1.0
mu[759],-0.023,0.036,-0.093,0.043,0.0,0.0,19221.0,5609.0,1.0
mu[760],-0.065,0.048,-0.154,0.025,0.0,0.001,15463.0,6526.0,1.0
mu[761],-0.034,0.038,-0.107,0.035,0.0,0.0,18191.0,5903.0,1.0
mu[762],0.006,0.037,-0.068,0.073,0.0,0.0,16372.0,5808.0,1.0
mu[763],-0.008,0.036,-0.076,0.059,0.0,0.0,18308.0,5832.0,1.0
mu[764],0.065,0.054,-0.035,0.169,0.0,0.001,12060.0,6734.0,1.0
mu[765],-0.037,0.036,-0.104,0.031,0.0,0.0,18745.0,5963.0,1.0
mu[766],-0.053,0.038,-0.126,0.018,0.0,0.0,17418.0,6323.0,1.0
mu[767],-0.003,0.036,-0.073,0.064,0.0,0.0,17758.0,5704.0,1.0
mu[768],-0.027,0.035,-0.094,0.039,0.0,0.0,19088.0,5946.0,1.0
mu[769],0.01,0.038,-0.062,0.081,0.0,0.0,15870.0,5992.0,1.0
mu[770],-0.055,0.039,-0.128,0.017,0.0,0.0,17232.0,6348.0,1.0
mu[771],-0.08,0.045,-0.166,0.002,0.0,0.001,14989.0,6866.0,1.0
mu[772],0.021,0.04,-0.058,0.094,0.0,0.0,14572.0,5988.0,1.0
mu[773],0.019,0.04,-0.058,0.092,0.0,0.0,14849.0,6007.0,1.0
mu[774],0.18,0.102,0.0,0.387,0.001,0.001,10680.0,6847.0,1.0
mu[775],0.002,0.037,-0.07,0.069,0.0,0.0,16920.0,5902.0,1.0
mu[776],-0.025,0.035,-0.093,0.04,0.0,0.0,19142.0,5787.0,1.0
mu[777],-0.012,0.035,-0.078,0.055,0.0,0.0,18631.0,5701.0,1.0
mu[778],-0.003,0.036,-0.072,0.064,0.0,0.0,17710.0,5709.0,1.0
mu[779],-0.068,0.042,-0.15,0.006,0.0,0.0,16010.0,6610.0,1.0
mu[780],0.046,0.048,-0.042,0.136,0.0,0.001,12642.0,6637.0,1.0
mu[781],-0.07,0.042,-0.152,0.005,0.0,0.0,15881.0,6673.0,1.0
mu[782],0.005,0.037,-0.068,0.072,0.0,0.0,16535.0,5898.0,1.0
mu[783],-0.009,0.036,-0.076,0.059,0.0,0.0,18392.0,5787.0,1.0
mu[784],0.005,0.037,-0.068,0.072,0.0,0.0,16551.0,5898.0,1.0
mu[785],0.1,0.068,-0.028,0.229,0.001,0.001,11365.0,6855.0,1.0
mu[786],-0.017,0.035,-0.086,0.047,0.0,0.0,18906.0,5638.0,1.0
mu[787],0.004,0.037,-0.069,0.071,0.0,0.0,16705.0,5925.0,1.0
mu[788],0.033,0.043,-0.048,0.116,0.0,0.001,13455.0,6167.0,1.0
mu[789],0.003,0.037,-0.069,0.07,0.0,0.0,16777.0,5901.0,1.0
mu[790],-0.007,0.036,-0.075,0.06,0.0,0.0,18232.0,5718.0,1.0
mu[791],-0.024,0.035,-0.091,0.041,0.0,0.0,19131.0,5788.0,1.0
mu[792],0.043,0.046,-0.043,0.131,0.0,0.001,12814.0,6491.0,1.0
mu[793],-0.06,0.04,-0.137,0.012,0.0,0.0,16683.0,6679.0,1.0
mu[794],-0.042,0.037,-0.11,0.026,0.0,0.0,18420.0,6009.0,1.0
mu[795],-0.014,0.035,-0.081,0.053,0.0,0.0,18762.0,5535.0,1.0
mu[796],-0.013,0.035,-0.079,0.055,0.0,0.0,18662.0,5744.0,1.0
mu[797],-0.055,0.039,-0.127,0.018,0.0,0.0,17222.0,6401.0,1.0
mu[798],-0.035,0.036,-0.1,0.034,0.0,0.0,18868.0,5915.0,1.0
mu[799],-0.077,0.044,-0.162,0.003,0.0,0.001,15230.0,6861.0,1.0
mu[800],-0.061,0.04,-0.137,0.012,0.0,0.0,16652.0,6682.0,1.0
mu[801],-0.009,0.036,-0.076,0.059,0.0,0.0,18405.0,5787.0,1.0
mu[802],0.003,0.037,-0.069,0.07,0.0,0.0,16807.0,5901.0,1.0
mu[803],0.059,0.052,-0.039,0.157,0.0,0.001,12196.0,6630.0,1.0
mu[804],-0.056,0.039,-0.128,0.017,0.0,0.0,17160.0,6401.0,1.0
mu[805],0.018,0.04,-0.059,0.091,0.0,0.0,14897.0,6036.0,1.0
mu[806],-0.085,0.047,-0.175,-0.001,0.0,0.001,14670.0,7072.0,1.0
mu[807],0.093,0.065,-0.032,0.215,0.001,0.001,11476.0,6674.0,1.0
mu[808],0.01,0.038,-0.063,0.081,0.0,0.0,15919.0,5956.0,1.0
mu[809],-0.013,0.035,-0.079,0.054,0.0,0.0,18687.0,5723.0,1.0
mu[810],-0.023,0.035,-0.091,0.042,0.0,0.0,19120.0,5744.0,1.0
mu[811],-0.037,0.036,-0.103,0.031,0.0,0.0,18765.0,5894.0,1.0
mu[812],-0.078,0.045,-0.163,0.003,0.0,0.001,15170.0,6831.0,1.0
mu[813],0.071,0.056,-0.035,0.176,0.001,0.001,11901.0,6784.0,1.0
mu[814],-0.017,0.035,-0.086,0.047,0.0,0.0,18918.0,5638.0,1.0
mu[815],-0.018,0.035,-0.087,0.046,0.0,0.0,18963.0,5680.0,1.0
mu[816],-0.017,0.035,-0.086,0.047,0.0,0.0,18918.0,5638.0,1.0
mu[817],-0.075,0.044,-0.159,0.004,0.0,0.0,15384.0,6815.0,1.0
mu[818],-0.046,0.037,-0.114,0.024,0.0,0.0,18099.0,6151.0,1.0
mu[819],0.009,0.038,-0.063,0.079,0.0,0.0,16017.0,5922.0,1.0
mu[820],-0.041,0.037,-0.11,0.027,0.0,0.0,18471.0,5985.0,1.0
mu[821],-0.052,0.038,-0.124,0.019,0.0,0.0,17542.0,6273.0,1.0
mu[822],0.015,0.039,-0.062,0.086,0.0,0.0,15269.0,6103.0,1.0
mu[823],-0.028,0.035,-0.094,0.039,0.0,0.0,19071.0,5876.0,1.0
mu[824],0.024,0.041,-0.052,0.103,0.0,0.001,14302.0,5986.0,1.0
mu[825],-0.078,0.045,-0.164,0.002,0.0,0.001,15147.0,6831.0,1.0
mu[826],0.042,0.046,-0.044,0.129,0.0,0.001,12873.0,6437.0,1.0
mu[827],0.0,0.037,-0.07,0.068,0.0,0.0,17230.0,5876.0,1.0
mu[828],0.003,0.037,-0.07,0.07,0.0,0.0,16903.0,5879.0,1.0
mu[829],-0.027,0.035,-0.094,0.039,0.0,0.0,19080.0,5853.0,1.0
mu[830],0.013,0.039,-0.063,0.083,0.0,0.0,15536.0,6104.0,1.0
mu[831],-0.027,0.035,-0.094,0.039,0.0,0.0,19080.0,5853.0,1.0
mu[832],0.003,0.037,-0.07,0.07,0.0,0.0,16903.0,5879.0,1.0
mu[833],0.042,0.046,-0.043,0.13,0.0,0.001,12840.0,6437.0,1.0
mu[834],-0.057,0.039,-0.13,0.017,0.0,0.0,17014.0,6583.0,1.0
mu[835],-0.057,0.039,-0.13,0.017,0.0,0.0,17014.0,6583.0,1.0
mu[836],-0.017,0.035,-0.088,0.045,0.0,0.0,18928.0,5638.0,1.0
mu[837],-0.02,0.035,-0.088,0.045,0.0,0.0,19064.0,5700.0,1.0
mu[838],-0.003,0.036,-0.073,0.063,0.0,0.0,17783.0,5747.0,1.0
mu[839],-0.003,0.036,-0.073,0.064,0.0,0.0,17758.0,5704.0,1.0
mu[840],-0.047,0.037,-0.116,0.023,0.0,0.0,17956.0,6228.0,1.0
mu[841],-0.014,0.035,-0.08,0.054,0.0,0.0,18721.0,5638.0,1.0
mu[842],-0.077,0.044,-0.162,0.003,0.0,0.001,15230.0,6861.0,1.0
mu[843],-0.057,0.039,-0.13,0.017,0.0,0.0,17014.0,6583.0,1.0
mu[844],-0.027,0.035,-0.094,0.039,0.0,0.0,19080.0,5853.0,1.0
mu[845],-0.066,0.041,-0.144,0.01,0.0,0.0,16164.0,6495.0,1.0
mu[846],0.022,0.041,-0.056,0.098,0.0,0.001,14427.0,6058.0,1.0
mu[847],0.032,0.043,-0.048,0.115,0.0,0.001,13494.0,6218.0,1.0
mu[848],-0.039,0.036,-0.105,0.03,0.0,0.0,18638.0,5893.0,1.0
mu[849],-0.037,0.036,-0.104,0.031,0.0,0.0,18745.0,5963.0,1.0
mu[850],-0.007,0.036,-0.075,0.06,0.0,0.0,18249.0,5740.0,1.0
mu[851],0.003,0.037,-0.07,0.07,0.0,0.0,16903.0,5879.0,1.0
mu[852],-0.077,0.044,-0.162,0.003,0.0,0.001,15230.0,6861.0,1.0
mu[853],-0.075,0.044,-0.159,0.004,0.0,0.0,15384.0,6815.0,1.0
mu[854],0.099,0.067,-0.028,0.228,0.001,0.001,11374.0,6793.0,1.0
mu[855],0.003,0.037,-0.07,0.07,0.0,0.0,16903.0,5879.0,1.0
mu[856],-0.07,0.042,-0.153,0.005,0.0,0.0,15817.0,6684.0,1.0
mu[857],-0.051,0.038,-0.123,0.019,0.0,0.0,17582.0,6273.0,1.0
mu[858],-0.09,0.048,-0.182,-0.001,0.0,0.001,14365.0,7020.0,1.0
mu[859],-0.047,0.037,-0.116,0.023,0.0,0.0,17956.0,6228.0,1.0
mu[860],0.052,0.05,-0.043,0.144,0.0,0.001,12389.0,6645.0,1.0
mu[861],-0.011,0.035,-0.078,0.056,0.0,0.0,18530.0,5744.0,1.0
mu[862],-0.021,0.035,-0.088,0.045,0.0,0.0,19064.0,5700.0,1.0
mu[863],-0.065,0.041,-0.142,0.011,0.0,0.0,16264.0,6524.0,1.0
mu[864],0.021,0.04,-0.058,0.095,0.0,0.0,14557.0,5997.0,1.0
mu[865],0.003,0.037,-0.07,0.07,0.0,0.0,16903.0,5879.0,1.0
mu[866],-0.007,0.036,-0.075,0.06,0.0,0.0,18249.0,5740.0,1.0
mu[867],-0.057,0.039,-0.13,0.017,0.0,0.0,17014.0,6583.0,1.0
mu[868],-0.086,0.047,-0.177,-0.001,0.0,0.001,14584.0,6958.0,1.0
mu[869],-0.071,0.043,-0.153,0.006,0.0,0.0,15696.0,6770.0,1.0
mu[870],0.024,0.041,-0.054,0.101,0.0,0.001,14308.0,6082.0,1.0
mu[871],-0.083,0.046,-0.171,0.001,0.0,0.001,14753.0,6975.0,1.0
mu[872],-0.038,0.036,-0.105,0.03,0.0,0.0,18674.0,5893.0,1.0
mu[873],0.001,0.037,-0.07,0.069,0.0,0.0,17066.0,5899.0,1.0
mu[874],-0.047,0.037,-0.116,0.023,0.0,0.0,17956.0,6228.0,1.0
mu[875],-0.057,0.039,-0.13,0.017,0.0,0.0,17014.0,6583.0,1.0
mu[876],-0.027,0.035,-0.094,0.039,0.0,0.0,19080.0,5853.0,1.0
mu[877],-0.017,0.035,-0.088,0.045,0.0,0.0,18928.0,5638.0,1.0
mu[878],-0.037,0.036,-0.104,0.031,0.0,0.0,18745.0,5963.0,1.0
mu[879],-0.027,0.035,-0.094,0.039,0.0,0.0,19080.0,5853.0,1.0
mu[880],0.022,0.041,-0.056,0.098,0.0,0.001,14427.0,6058.0,1.0
mu[881],-0.043,0.037,-0.113,0.025,0.0,0.0,18293.0,6103.0,1.0
mu[882],-0.029,0.035,-0.095,0.038,0.0,0.0,19061.0,5876.0,1.0
mu[883],-0.001,0.036,-0.072,0.065,0.0,0.0,17380.0,5876.0,1.0
mu[884],-0.073,0.043,-0.157,0.003,0.0,0.0,15560.0,6683.0,1.0
mu[885],-0.041,0.036,-0.108,0.028,0.0,0.0,18519.0,5986.0,1.0
mu[886],-0.033,0.036,-0.098,0.035,0.0,0.0,18935.0,5962.0,1.0
mu[887],-0.087,0.047,-0.179,-0.002,0.0,0.001,14525.0,6974.0,1.0
mu[888],-0.047,0.037,-0.116,0.023,0.0,0.0,17956.0,6228.0,1.0
mu[889],-0.011,0.038,-0.082,0.059,0.0,0.001,16852.0,5659.0,1.0
mu[890],-0.018,0.036,-0.088,0.046,0.0,0.001,19532.0,5308.0,1.0
mu[891],0.018,0.057,-0.089,0.123,0.001,0.001,9024.0,6391.0,1.0
mu[892],-0.032,0.037,-0.101,0.036,0.0,0.0,16901.0,5332.0,1.0
mu[893],-0.04,0.04,-0.113,0.035,0.0,0.0,13515.0,5483.0,1.0
mu[894],-0.015,0.036,-0.087,0.049,0.0,0.001,18745.0,5333.0,1.0
mu[895],-0.027,0.035,-0.092,0.041,0.0,0.001,19142.0,5032.0,1.0
mu[896],-0.009,0.038,-0.083,0.061,0.0,0.001,15915.0,5790.0,1.0
mu[897],-0.041,0.04,-0.119,0.031,0.0,0.0,13164.0,5547.0,1.0
mu[898],-0.053,0.048,-0.138,0.042,0.0,0.001,9961.0,6237.0,1.0
mu[899],-0.003,0.041,-0.084,0.07,0.0,0.001,13481.0,5795.0,1.0
mu[900],-0.004,0.04,-0.083,0.068,0.0,0.001,13981.0,5744.0,1.0
mu[901],0.075,0.113,-0.15,0.268,0.001,0.001,7138.0,6815.0,1.0
mu[902],-0.012,0.037,-0.088,0.051,0.0,0.001,17816.0,5304.0,1.0
mu[903],-0.026,0.035,-0.092,0.041,0.0,0.001,19458.0,5125.0,1.0
mu[904],-0.02,0.035,-0.086,0.047,0.0,0.001,19946.0,5279.0,1.0
mu[905],-0.015,0.036,-0.088,0.048,0.0,0.001,18682.0,5333.0,1.0
mu[906],-0.047,0.044,-0.13,0.034,0.0,0.001,11216.0,5939.0,1.0
mu[907],0.009,0.05,-0.081,0.104,0.0,0.001,10217.0,6030.0,1.0
mu[908],-0.048,0.045,-0.132,0.034,0.0,0.001,11012.0,5986.0,1.0
mu[909],-0.011,0.037,-0.081,0.06,0.0,0.001,17158.0,5610.0,1.0
mu[910],-0.018,0.036,-0.084,0.05,0.0,0.001,19620.0,5217.0,1.0
mu[911],-0.011,0.037,-0.086,0.055,0.0,0.001,17183.0,5569.0,1.0
mu[912],0.036,0.073,-0.11,0.163,0.001,0.001,7934.0,6186.0,1.0
mu[913],-0.022,0.035,-0.088,0.045,0.0,0.001,20110.0,5225.0,1.0
mu[914],-0.012,0.037,-0.084,0.056,0.0,0.001,17461.0,5514.0,1.0
mu[915],0.003,0.045,-0.079,0.088,0.0,0.001,11606.0,5894.0,1.0
mu[916],-0.012,0.037,-0.087,0.053,0.0,0.001,17595.0,5340.0,1.0
mu[917],-0.017,0.036,-0.088,0.046,0.0,0.001,19416.0,5353.0,1.0
mu[918],-0.025,0.035,-0.089,0.043,0.0,0.001,19600.0,5133.0,1.0
mu[919],0.007,0.048,-0.079,0.1,0.0,0.001,10528.0,5693.0,1.0
mu[920],-0.043,0.042,-0.121,0.034,0.0,0.0,12220.0,5845.0,1.0
mu[921],-0.034,0.037,-0.103,0.036,0.0,0.0,15986.0,5374.0,1.0
mu[922],-0.021,0.035,-0.089,0.044,0.0,0.001,20076.0,5316.0,1.0
mu[923],-0.02,0.035,-0.088,0.045,0.0,0.001,19994.0,5242.0,1.0
mu[924],-0.041,0.04,-0.119,0.031,0.0,0.0,13147.0,5547.0,1.0
mu[925],-0.031,0.036,-0.1,0.036,0.0,0.0,17389.0,5264.0,1.0
mu[926],-0.051,0.047,-0.136,0.04,0.0,0.001,10234.0,6239.0,1.0
mu[927],-0.043,0.042,-0.122,0.034,0.0,0.0,12156.0,5845.0,1.0
mu[928],-0.018,0.036,-0.084,0.05,0.0,0.001,19642.0,5217.0,1.0
mu[929],-0.012,0.037,-0.087,0.052,0.0,0.001,17647.0,5248.0,1.0
mu[930],0.015,0.055,-0.091,0.112,0.001,0.001,9342.0,6466.0,1.0
mu[931],-0.041,0.04,-0.112,0.039,0.0,0.0,13022.0,5445.0,1.0
mu[932],-0.005,0.04,-0.083,0.068,0.0,0.001,14089.0,5640.0,1.0
mu[933],-0.055,0.05,-0.142,0.044,0.001,0.001,9620.0,6527.0,1.0
mu[934],0.032,0.07,-0.106,0.154,0.001,0.001,8080.0,6120.0,1.0
mu[935],-0.009,0.038,-0.082,0.062,0.0,0.001,15985.0,5769.0,1.0
mu[936],-0.02,0.035,-0.087,0.046,0.0,0.001,20010.0,5207.0,1.0
mu[937],-0.025,0.035,-0.09,0.042,0.0,0.001,19711.0,5115.0,1.0
mu[938],-0.032,0.036,-0.101,0.035,0.0,0.0,16970.0,5331.0,1.0
mu[939],-0.052,0.047,-0.136,0.04,0.0,0.001,10164.0,6247.0,1.0
mu[940],0.021,0.06,-0.095,0.126,0.001,0.001,8775.0,6592.0,1.0
mu[941],-0.022,0.035,-0.087,0.045,0.0,0.001,20106.0,5243.0,1.0
mu[942],-0.022,0.035,-0.087,0.046,0.0,0.001,20082.0,5208.0,1.0
mu[943],-0.022,0.035,-0.087,0.045,0.0,0.001,20106.0,5243.0,1.0
mu[944],-0.05,0.046,-0.134,0.038,0.0,0.001,10420.0,6153.0,1.0
mu[945],-0.036,0.038,-0.106,0.035,0.0,0.0,15059.0,5423.0,1.0
mu[946],-0.009,0.038,-0.082,0.061,0.0,0.001,16173.0,5789.0,1.0
mu[947],-0.034,0.037,-0.103,0.036,0.0,0.0,16134.0,5281.0,1.0
mu[948],-0.039,0.039,-0.11,0.037,0.0,0.0,13772.0,5424.0,1.0
mu[949],-0.006,0.04,-0.083,0.064,0.0,0.001,14757.0,5642.0,1.0
mu[950],-0.027,0.036,-0.098,0.036,0.0,0.0,18874.0,5032.0,1.0
mu[951],-0.002,0.042,-0.08,0.077,0.0,0.001,13014.0,5954.0,1.0
mu[952],-0.052,0.048,-0.137,0.041,0.0,0.001,10135.0,6260.0,1.0
mu[953],0.007,0.048,-0.079,0.099,0.0,0.001,10634.0,5694.0,1.0
mu[954],-0.013,0.037,-0.087,0.051,0.0,0.001,18053.0,5123.0,1.0
mu[955],-0.012,0.037,-0.088,0.051,0.0,0.001,17788.0,5304.0,1.0
mu[956],-0.027,0.035,-0.094,0.039,0.0,0.001,19051.0,5048.0,1.0
mu[957],-0.007,0.039,-0.081,0.065,0.0,0.001,15293.0,5800.0,1.0
mu[958],-0.027,0.035,-0.094,0.039,0.0,0.001,19051.0,5048.0,1.0
mu[959],-0.012,0.037,-0.088,0.051,0.0,0.001,17788.0,5304.0,1.0
mu[960],0.007,0.048,-0.079,0.1,0.0,0.001,10564.0,5693.0,1.0
mu[961],-0.042,0.041,-0.115,0.037,0.0,0.0,12753.0,5536.0,1.0
mu[962],-0.042,0.041,-0.115,0.037,0.0,0.0,12753.0,5536.0,1.0
mu[963],-0.022,0.035,-0.086,0.047,0.0,0.001,20098.0,5207.0,1.0
mu[964],-0.024,0.035,-0.089,0.044,0.0,0.001,19944.0,5103.0,1.0
mu[965],-0.015,0.036,-0.087,0.048,0.0,0.001,18782.0,5333.0,1.0
mu[966],-0.015,0.036,-0.087,0.049,0.0,0.001,18745.0,5333.0,1.0
mu[967],-0.037,0.038,-0.111,0.032,0.0,0.0,14725.0,5423.0,1.0
mu[968],-0.02,0.035,-0.088,0.045,0.0,0.001,20050.0,5298.0,1.0
mu[969],-0.051,0.047,-0.136,0.04,0.0,0.001,10234.0,6239.0,1.0
mu[970],-0.042,0.041,-0.115,0.037,0.0,0.0,12753.0,5536.0,1.0
mu[971],-0.027,0.035,-0.094,0.039,0.0,0.001,19051.0,5048.0,1.0
mu[972],-0.046,0.043,-0.128,0.033,0.0,0.001,11463.0,6033.0,1.0
mu[973],-0.003,0.042,-0.08,0.075,0.0,0.001,13223.0,5957.0,1.0
mu[974],0.002,0.045,-0.079,0.087,0.0,0.001,11672.0,5963.0,1.0
mu[975],-0.033,0.037,-0.101,0.036,0.0,0.0,16484.0,5393.0,1.0
mu[976],-0.032,0.037,-0.101,0.036,0.0,0.0,16901.0,5332.0,1.0
mu[977],-0.017,0.036,-0.088,0.046,0.0,0.001,19447.0,5327.0,1.0
mu[978],-0.012,0.037,-0.088,0.051,0.0,0.001,17788.0,5304.0,1.0
mu[979],-0.051,0.047,-0.136,0.04,0.0,0.001,10234.0,6239.0,1.0
mu[980],-0.05,0.046,-0.134,0.038,0.0,0.001,10420.0,6153.0,1.0
mu[981],0.035,0.073,-0.109,0.162,0.001,0.001,7945.0,6186.0,1.0
mu[982],-0.012,0.037,-0.088,0.051,0.0,0.001,17788.0,5304.0,1.0
mu[983],-0.048,0.045,-0.133,0.033,0.0,0.001,10945.0,6011.0,1.0
mu[984],-0.039,0.039,-0.11,0.037,0.0,0.0,13875.0,5404.0,1.0
mu[985],-0.058,0.052,-0.149,0.044,0.001,0.001,9288.0,6429.0,1.0
mu[986],-0.037,0.038,-0.111,0.032,0.0,0.0,14725.0,5423.0,1.0
mu[987],0.012,0.052,-0.086,0.108,0.001,0.001,9756.0,6173.0,1.0
mu[988],-0.019,0.035,-0.086,0.048,0.0,0.001,19865.0,5242.0,1.0
mu[989],-0.024,0.035,-0.089,0.043,0.0,0.001,19916.0,5086.0,1.0
mu[990],-0.045,0.043,-0.125,0.035,0.0,0.001,11582.0,6032.0,1.0
mu[991],-0.003,0.041,-0.085,0.07,0.0,0.001,13444.0,5861.0,1.0
mu[992],-0.012,0.037,-0.088,0.051,0.0,0.001,17788.0,5304.0,1.0
mu[993],-0.017,0.036,-0.088,0.046,0.0,0.001,19447.0,5327.0,1.0
mu[994],-0.042,0.041,-0.115,0.037,0.0,0.0,12753.0,5536.0,1.0
mu[995],-0.056,0.05,-0.147,0.041,0.001,0.001,9519.0,6513.0,1.0
mu[996],-0.049,0.045,-0.134,0.034,0.0,0.001,10798.0,6093.0,1.0
mu[997],-0.002,0.042,-0.08,0.077,0.0,0.001,13030.0,5954.0,1.0
mu[998],-0.055,0.049,-0.14,0.044,0.001,0.001,9699.0,6418.0,1.0
mu[999],-0.032,0.037,-0.1,0.037,0.0,0.0,16617.0,5317.0,1.0
mu[1000],-0.013,0.037,-0.086,0.052,0.0,0.001,18062.0,5160.0,1.0
mu[1001],-0.037,0.038,-0.111,0.032,0.0,0.0,14725.0,5423.0,1.0
mu[1002],-0.042,0.041,-0.115,0.037,0.0,0.0,12753.0,5536.0,1.0
mu[1003],-0.027,0.035,-0.094,0.039,0.0,0.001,19051.0,5048.0,1.0
mu[1004],-0.022,0.035,-0.086,0.047,0.0,0.001,20098.0,5207.0,1.0
mu[1005],-0.032,0.037,-0.101,0.036,0.0,0.0,16901.0,5332.0,1.0
mu[1006],-0.027,0.035,-0.094,0.039,0.0,0.001,19051.0,5048.0,1.0
mu[1007],-0.003,0.042,-0.08,0.075,0.0,0.001,13223.0,5957.0,1.0
mu[1008],-0.035,0.038,-0.103,0.037,0.0,0.0,15612.0,5365.0,1.0
mu[1009],-0.028,0.036,-0.094,0.04,0.0,0.0,18737.0,5041.0,1.0
mu[1010],-0.014,0.036,-0.087,0.05,0.0,0.001,18266.0,5478.0,1.0
mu[1011],-0.049,0.046,-0.134,0.036,0.0,0.001,10620.0,6122.0,1.0
mu[1012],-0.034,0.037,-0.101,0.037,0.0,0.0,16307.0,5300.0,1.0
mu[1013],-0.03,0.036,-0.097,0.038,0.0,0.0,17754.0,5263.0,1.0
mu[1014],-0.056,0.051,-0.144,0.046,0.001,0.001,9445.0,6512.0,1.0
mu[1015],-0.037,0.038,-0.111,0.032,0.0,0.0,14725.0,5423.0,1.0
mu[1016],-0.013,0.037,-0.085,0.055,0.0,0.0,19422.0,6021.0,1.0
mu[1017],-0.026,0.036,-0.091,0.044,0.0,0.0,20141.0,5733.0,1.0
mu[1018],0.038,0.052,-0.059,0.136,0.0,0.001,14751.0,6626.0,1.0
mu[1019],-0.051,0.037,-0.119,0.02,0.0,0.0,19505.0,5884.0,1.0
mu[1020],-0.065,0.04,-0.139,0.009,0.0,0.0,17988.0,6031.0,1.0
mu[1021],-0.022,0.036,-0.093,0.044,0.0,0.0,20381.0,5943.0,1.0
mu[1022],-0.042,0.036,-0.109,0.026,0.0,0.0,20172.0,5620.0,1.0
mu[1023],-0.01,0.038,-0.082,0.06,0.0,0.0,18972.0,5911.0,1.0
mu[1024],-0.067,0.04,-0.141,0.008,0.0,0.0,17810.0,6144.0,1.0
mu[1025],-0.089,0.046,-0.175,-0.002,0.0,0.001,15539.0,6769.0,1.0
mu[1026],-0.0,0.04,-0.075,0.075,0.0,0.0,17981.0,6158.0,1.0
mu[1027],-0.003,0.039,-0.074,0.074,0.0,0.0,18180.0,6099.0,1.0
mu[1028],0.139,0.097,-0.037,0.335,0.001,0.001,12517.0,6895.0,1.0
mu[1029],-0.017,0.037,-0.087,0.052,0.0,0.0,19807.0,5987.0,1.0
mu[1030],-0.041,0.036,-0.106,0.028,0.0,0.0,20258.0,5514.0,1.0
mu[1031],-0.03,0.036,-0.097,0.037,0.0,0.0,20281.0,5532.0,1.0
mu[1032],-0.021,0.036,-0.093,0.044,0.0,0.0,20357.0,5943.0,1.0
mu[1033],-0.078,0.043,-0.155,0.005,0.0,0.001,16609.0,6440.0,1.0
mu[1034],0.022,0.046,-0.062,0.11,0.0,0.001,16117.0,6477.0,1.0
mu[1035],-0.08,0.043,-0.163,-0.001,0.0,0.001,16443.0,6608.0,1.0
mu[1036],-0.014,0.037,-0.084,0.055,0.0,0.0,19536.0,6040.0,1.0
mu[1037],-0.027,0.036,-0.093,0.043,0.0,0.0,20180.0,5606.0,1.0
mu[1038],-0.015,0.037,-0.084,0.055,0.0,0.0,19543.0,6040.0,1.0
mu[1039],0.069,0.064,-0.052,0.191,0.001,0.001,13561.0,6578.0,1.0
mu[1040],-0.034,0.036,-0.101,0.033,0.0,0.0,20350.0,5470.0,1.0
mu[1041],-0.015,0.037,-0.085,0.054,0.0,0.0,19656.0,5941.0,1.0
mu[1042],0.01,0.042,-0.07,0.089,0.0,0.001,17001.0,6203.0,1.0
mu[1043],-0.016,0.037,-0.085,0.054,0.0,0.0,19692.0,5941.0,1.0
mu[1044],-0.025,0.036,-0.091,0.045,0.0,0.0,20109.0,5755.0,1.0
mu[1045],-0.04,0.036,-0.105,0.029,0.0,0.0,20292.0,5473.0,1.0
mu[1046],0.019,0.045,-0.063,0.105,0.0,0.001,16341.0,6449.0,1.0
mu[1047],-0.072,0.041,-0.148,0.006,0.0,0.001,17298.0,6253.0,1.0
mu[1048],-0.056,0.038,-0.124,0.017,0.0,0.0,19118.0,5992.0,1.0
mu[1049],-0.031,0.036,-0.1,0.034,0.0,0.0,20329.0,5398.0,1.0
mu[1050],-0.03,0.036,-0.099,0.036,0.0,0.0,20301.0,5508.0,1.0
mu[1051],-0.067,0.04,-0.141,0.008,0.0,0.0,17800.0,6144.0,1.0
mu[1052],-0.05,0.037,-0.115,0.022,0.0,0.0,19664.0,5858.0,1.0
mu[1053],-0.086,0.045,-0.17,-0.0,0.0,0.001,15792.0,6665.0,1.0
mu[1054],-0.072,0.041,-0.149,0.006,0.0,0.001,17260.0,6253.0,1.0
mu[1055],-0.027,0.036,-0.094,0.041,0.0,0.0,20186.0,5605.0,1.0
mu[1056],-0.016,0.037,-0.085,0.054,0.0,0.0,19729.0,5941.0,1.0
mu[1057],0.033,0.05,-0.066,0.122,0.0,0.001,15470.0,6454.0,1.0
mu[1058],-0.068,0.04,-0.142,0.008,0.0,0.001,17727.0,6182.0,1.0
mu[1059],-0.003,0.039,-0.074,0.073,0.0,0.0,18233.0,6099.0,1.0
mu[1060],-0.093,0.047,-0.179,-0.001,0.0,0.001,15221.0,6713.0,1.0
mu[1061],0.063,0.062,-0.052,0.182,0.001,0.001,13745.0,6580.0,1.0
mu[1062],-0.01,0.038,-0.082,0.06,0.0,0.0,19004.0,6004.0,1.0
mu[1063],-0.03,0.036,-0.099,0.035,0.0,0.0,20309.0,5530.0,1.0
mu[1064],-0.039,0.036,-0.105,0.029,0.0,0.0,20283.0,5474.0,1.0
mu[1065],-0.051,0.037,-0.119,0.02,0.0,0.0,19526.0,5861.0,1.0
mu[1066],-0.087,0.046,-0.172,-0.001,0.0,0.001,15735.0,6636.0,1.0
mu[1067],0.043,0.054,-0.057,0.146,0.0,0.001,14497.0,6627.0,1.0
mu[1068],-0.034,0.036,-0.101,0.033,0.0,0.0,20347.0,5470.0,1.0
mu[1069],-0.035,0.036,-0.102,0.032,0.0,0.0,20363.0,5259.0,1.0
mu[1070],-0.034,0.036,-0.101,0.033,0.0,0.0,20347.0,5470.0,1.0
mu[1071],-0.085,0.045,-0.168,-0.0,0.0,0.001,15952.0,6721.0,1.0
mu[1072],-0.059,0.038,-0.129,0.015,0.0,0.0,18714.0,5906.0,1.0
mu[1073],-0.011,0.038,-0.083,0.058,0.0,0.0,19093.0,6076.0,1.0
mu[1074],-0.055,0.038,-0.123,0.018,0.0,0.0,19176.0,5991.0,1.0
mu[1075],-0.064,0.039,-0.137,0.01,0.0,0.0,18112.0,6225.0,1.0
mu[1076],-0.006,0.039,-0.08,0.066,0.0,0.0,18502.0,6244.0,1.0
mu[1077],-0.044,0.036,-0.109,0.026,0.0,0.0,20101.0,5725.0,1.0
mu[1078],0.002,0.04,-0.073,0.079,0.0,0.0,17772.0,6083.0,1.0
mu[1079],-0.087,0.046,-0.172,-0.001,0.0,0.001,15709.0,6665.0,1.0
mu[1080],0.018,0.045,-0.063,0.104,0.0,0.001,16395.0,6450.0,1.0
mu[1081],-0.018,0.037,-0.091,0.047,0.0,0.0,20002.0,6008.0,1.0
mu[1082],-0.017,0.037,-0.087,0.052,0.0,0.0,19795.0,5987.0,1.0
mu[1083],-0.043,0.036,-0.109,0.026,0.0,0.0,20146.0,5620.0,1.0
mu[1084],-0.008,0.038,-0.082,0.062,0.0,0.0,18683.0,6221.0,1.0
mu[1085],-0.043,0.036,-0.109,0.026,0.0,0.0,20146.0,5620.0,1.0
mu[1086],-0.017,0.037,-0.087,0.052,0.0,0.0,19795.0,5987.0,1.0
mu[1087],0.018,0.045,-0.064,0.105,0.0,0.001,16356.0,6423.0,1.0
mu[1088],-0.069,0.04,-0.144,0.007,0.0,0.001,17588.0,6209.0,1.0
mu[1089],-0.069,0.04,-0.144,0.007,0.0,0.001,17588.0,6209.0,1.0
mu[1090],-0.034,0.036,-0.101,0.033,0.0,0.0,20341.0,5392.0,1.0
mu[1091],-0.037,0.036,-0.102,0.032,0.0,0.0,20328.0,5411.0,1.0
mu[1092],-0.022,0.036,-0.093,0.043,0.0,0.0,20401.0,5944.0,1.0
mu[1093],-0.022,0.036,-0.093,0.044,0.0,0.0,20381.0,5943.0,1.0
mu[1094],-0.06,0.039,-0.132,0.013,0.0,0.0,18569.0,5849.0,1.0
mu[1095],-0.031,0.036,-0.099,0.035,0.0,0.0,20329.0,5506.0,1.0
mu[1096],-0.086,0.045,-0.17,-0.0,0.0,0.001,15792.0,6665.0,1.0
mu[1097],-0.069,0.04,-0.144,0.007,0.0,0.001,17588.0,6209.0,1.0
mu[1098],-0.043,0.036,-0.109,0.026,0.0,0.0,20146.0,5620.0,1.0
mu[1099],-0.076,0.042,-0.153,0.005,0.0,0.001,16796.0,6440.0,1.0
mu[1100],0.001,0.04,-0.074,0.077,0.0,0.0,17869.0,6074.0,1.0
mu[1101],0.01,0.042,-0.07,0.088,0.0,0.001,17039.0,6203.0,1.0
mu[1102],-0.053,0.037,-0.12,0.02,0.0,0.0,19380.0,5863.0,1.0
mu[1103],-0.051,0.037,-0.119,0.02,0.0,0.0,19505.0,5884.0,1.0
mu[1104],-0.025,0.036,-0.09,0.045,0.0,0.0,20115.0,5775.0,1.0
mu[1105],-0.017,0.037,-0.087,0.052,0.0,0.0,19795.0,5987.0,1.0
mu[1106],-0.086,0.045,-0.17,-0.0,0.0,0.001,15792.0,6665.0,1.0
mu[1107],-0.085,0.045,-0.168,-0.0,0.0,0.001,15952.0,6721.0,1.0
mu[1108],0.068,0.064,-0.052,0.19,0.001,0.001,13576.0,6608.0,1.0
mu[1109],-0.017,0.037,-0.087,0.052,0.0,0.0,19795.0,5987.0,1.0
mu[1110],-0.08,0.043,-0.158,0.004,0.0,0.001,16383.0,6637.0,1.0
mu[1111],-0.064,0.039,-0.137,0.01,0.0,0.0,18164.0,6225.0,1.0
mu[1112],-0.097,0.049,-0.191,-0.007,0.0,0.001,14888.0,6802.0,1.0
mu[1113],-0.06,0.039,-0.132,0.013,0.0,0.0,18569.0,5849.0,1.0
mu[1114],0.027,0.048,-0.063,0.117,0.0,0.001,15774.0,6530.0,1.0
mu[1115],-0.028,0.036,-0.093,0.042,0.0,0.0,20249.0,5408.0,1.0
mu[1116],-0.037,0.036,-0.102,0.032,0.0,0.0,20319.0,5431.0,1.0
mu[1117],-0.076,0.042,-0.152,0.006,0.0,0.001,16881.0,6413.0,1.0
mu[1118],-0.0,0.04,-0.074,0.076,0.0,0.0,17963.0,6158.0,1.0
mu[1119],-0.017,0.037,-0.087,0.052,0.0,0.0,19795.0,5987.0,1.0
mu[1120],-0.025,0.036,-0.09,0.045,0.0,0.0,20115.0,5775.0,1.0
mu[1121],-0.069,0.04,-0.144,0.007,0.0,0.001,17588.0,6209.0,1.0
mu[1122],-0.094,0.048,-0.181,-0.002,0.0,0.001,15117.0,6743.0,1.0
mu[1123],-0.081,0.044,-0.165,-0.001,0.0,0.001,16266.0,6650.0,1.0
mu[1124],0.002,0.04,-0.073,0.079,0.0,0.0,17781.0,6059.0,1.0
mu[1125],-0.092,0.047,-0.178,-0.001,0.0,0.001,15296.0,6774.0,1.0
mu[1126],-0.053,0.037,-0.119,0.02,0.0,0.0,19421.0,5862.0,1.0
mu[1127],-0.018,0.037,-0.089,0.05,0.0,0.0,19915.0,5936.0,1.0
mu[1128],-0.06,0.039,-0.132,0.013,0.0,0.0,18569.0,5849.0,1.0
mu[1129],-0.069,0.04,-0.144,0.007,0.0,0.001,17588.0,6209.0,1.0
mu[1130],-0.043,0.036,-0.109,0.026,0.0,0.0,20146.0,5620.0,1.0
mu[1131],-0.034,0.036,-0.101,0.033,0.0,0.0,20341.0,5392.0,1.0
mu[1132],-0.051,0.037,-0.119,0.02,0.0,0.0,19505.0,5884.0,1.0
mu[1133],-0.043,0.036,-0.109,0.026,0.0,0.0,20146.0,5620.0,1.0
mu[1134],0.001,0.04,-0.074,0.077,0.0,0.0,17869.0,6074.0,1.0
mu[1135],-0.057,0.038,-0.125,0.017,0.0,0.0,18950.0,5894.0,1.0
mu[1136],-0.044,0.036,-0.111,0.025,0.0,0.0,20070.0,5813.0,1.0
mu[1137],-0.019,0.037,-0.092,0.046,0.0,0.0,20140.0,5973.0,1.0
mu[1138],-0.083,0.044,-0.164,0.002,0.0,0.001,16116.0,6594.0,1.0
mu[1139],-0.054,0.038,-0.122,0.019,0.0,0.0,19245.0,6001.0,1.0
mu[1140],-0.048,0.037,-0.114,0.023,0.0,0.0,19789.0,5727.0,1.0
mu[1141],-0.095,0.048,-0.187,-0.006,0.0,0.001,15044.0,6743.0,1.0
mu[1142],-0.06,0.039,-0.132,0.013,0.0,0.0,18569.0,5849.0,1.0
mu[1143],0.014,0.038,-0.061,0.082,0.0,0.0,20212.0,5532.0,1.0
mu[1144],-0.0,0.036,-0.07,0.067,0.0,0.0,21593.0,5318.0,1.0
mu[1145],0.071,0.053,-0.028,0.171,0.0,0.001,14627.0,6239.0,1.0
mu[1146],-0.028,0.037,-0.095,0.044,0.0,0.0,20805.0,5026.0,1.0
mu[1147],-0.043,0.039,-0.114,0.032,0.0,0.001,18820.0,5301.0,1.0
mu[1148],0.005,0.037,-0.069,0.07,0.0,0.0,21199.0,5491.0,1.0
mu[1149],-0.018,0.036,-0.087,0.049,0.0,0.0,21675.0,4928.0,1.0
mu[1150],0.017,0.038,-0.056,0.089,0.0,0.0,19772.0,5613.0,1.0
mu[1151],-0.045,0.039,-0.117,0.029,0.0,0.001,18556.0,5337.0,1.0
mu[1152],-0.07,0.045,-0.152,0.018,0.0,0.001,15741.0,5787.0,1.0
mu[1153],0.028,0.04,-0.049,0.103,0.0,0.001,18423.0,5739.0,1.0
mu[1154],0.026,0.04,-0.051,0.099,0.0,0.001,18737.0,5910.0,1.0
mu[1155],0.182,0.099,0.005,0.375,0.001,0.001,11993.0,6689.0,1.0
mu[1156],0.01,0.037,-0.059,0.082,0.0,0.0,20649.0,5472.0,1.0
mu[1157],-0.016,0.036,-0.083,0.052,0.0,0.0,21766.0,4865.0,1.0
mu[1158],-0.004,0.036,-0.071,0.065,0.0,0.0,21806.0,5238.0,1.0
mu[1159],0.005,0.037,-0.069,0.07,0.0,0.0,21175.0,5491.0,1.0
mu[1160],-0.058,0.042,-0.135,0.022,0.0,0.001,17023.0,5533.0,1.0
mu[1161],0.053,0.047,-0.034,0.142,0.0,0.001,15861.0,6299.0,1.0
mu[1162],-0.059,0.042,-0.136,0.022,0.0,0.001,16824.0,5553.0,1.0
mu[1163],0.013,0.038,-0.06,0.083,0.0,0.0,20358.0,5511.0,1.0
mu[1164],-0.001,0.036,-0.069,0.069,0.0,0.0,21647.0,5299.0,1.0
mu[1165],0.013,0.038,-0.06,0.082,0.0,0.0,20371.0,5532.0,1.0
mu[1166],0.105,0.066,-0.018,0.229,0.001,0.001,13190.0,6606.0,1.0
mu[1167],-0.009,0.036,-0.078,0.057,0.0,0.0,21936.0,5148.0,1.0
mu[1168],0.012,0.037,-0.061,0.081,0.0,0.0,20492.0,5512.0,1.0
mu[1169],0.04,0.043,-0.045,0.117,0.0,0.001,17097.0,6084.0,1.0
mu[1170],0.011,0.037,-0.062,0.08,0.0,0.0,20542.0,5492.0,1.0
mu[1171],0.001,0.036,-0.067,0.07,0.0,0.0,21541.0,5317.0,1.0
mu[1172],-0.015,0.036,-0.086,0.05,0.0,0.0,21832.0,4944.0,1.0
mu[1173],0.049,0.046,-0.037,0.136,0.0,0.001,16174.0,6292.0,1.0
mu[1174],-0.051,0.04,-0.124,0.027,0.0,0.001,17847.0,5393.0,1.0
mu[1175],-0.033,0.037,-0.104,0.036,0.0,0.001,20265.0,4915.0,1.0
mu[1176],-0.006,0.036,-0.072,0.064,0.0,0.0,21874.0,5292.0,1.0
mu[1177],-0.005,0.036,-0.071,0.066,0.0,0.0,21841.0,5238.0,1.0
mu[1178],-0.045,0.039,-0.118,0.029,0.0,0.001,18544.0,5337.0,1.0
mu[1179],-0.026,0.036,-0.093,0.045,0.0,0.0,21017.0,5059.0,1.0
mu[1180],-0.067,0.044,-0.149,0.018,0.0,0.001,16049.0,5801.0,1.0
mu[1181],-0.051,0.04,-0.125,0.026,0.0,0.001,17811.0,5394.0,1.0
mu[1182],-0.001,0.036,-0.069,0.069,0.0,0.0,21654.0,5263.0,1.0
mu[1183],0.011,0.037,-0.062,0.079,0.0,0.0,20565.0,5492.0,1.0
mu[1184],0.065,0.051,-0.031,0.159,0.0,0.001,14976.0,6108.0,1.0
mu[1185],-0.046,0.039,-0.118,0.029,0.0,0.001,18436.0,5414.0,1.0
mu[1186],0.025,0.04,-0.051,0.099,0.0,0.001,18803.0,5979.0,1.0
mu[1187],-0.074,0.046,-0.158,0.017,0.0,0.001,15361.0,5878.0,1.0
mu[1188],0.098,0.063,-0.022,0.216,0.001,0.001,13404.0,6636.0,1.0
mu[1189],0.017,0.038,-0.056,0.089,0.0,0.0,19816.0,5592.0,1.0
mu[1190],-0.005,0.036,-0.071,0.066,0.0,0.0,21846.0,5274.0,1.0
mu[1191],-0.014,0.036,-0.081,0.055,0.0,0.0,21871.0,5048.0,1.0
mu[1192],-0.028,0.037,-0.094,0.044,0.0,0.0,20836.0,5042.0,1.0
mu[1193],-0.068,0.044,-0.15,0.018,0.0,0.001,15973.0,5735.0,1.0
mu[1194],0.076,0.055,-0.024,0.183,0.0,0.001,14313.0,6078.0,1.0
mu[1195],-0.009,0.036,-0.079,0.057,0.0,0.0,21935.0,5148.0,1.0
mu[1196],-0.01,0.036,-0.079,0.057,0.0,0.0,21953.0,5065.0,1.0
mu[1197],-0.009,0.036,-0.079,0.057,0.0,0.0,21935.0,5148.0,1.0
mu[1198],-0.065,0.044,-0.145,0.019,0.0,0.001,16238.0,5613.0,1.0
mu[1199],-0.036,0.038,-0.109,0.033,0.0,0.001,19787.0,4851.0,1.0
mu[1200],0.016,0.038,-0.053,0.091,0.0,0.0,19929.0,5634.0,1.0
mu[1201],-0.032,0.037,-0.104,0.036,0.0,0.0,20339.0,4948.0,1.0
mu[1202],-0.042,0.039,-0.111,0.035,0.0,0.001,19003.0,5301.0,1.0
mu[1203],0.022,0.039,-0.054,0.094,0.0,0.0,19177.0,5753.0,1.0
mu[1204],-0.019,0.036,-0.088,0.048,0.0,0.0,21591.0,4960.0,1.0
mu[1205],0.031,0.041,-0.048,0.106,0.0,0.001,18131.0,5775.0,1.0
mu[1206],-0.068,0.045,-0.15,0.018,0.0,0.001,15940.0,5735.0,1.0
mu[1207],0.048,0.046,-0.039,0.132,0.0,0.001,16284.0,6371.0,1.0
mu[1208],0.008,0.037,-0.064,0.076,0.0,0.0,20861.0,5452.0,1.0
mu[1209],0.01,0.037,-0.059,0.082,0.0,0.0,20638.0,5512.0,1.0
mu[1210],-0.019,0.036,-0.087,0.049,0.0,0.0,21669.0,4960.0,1.0
mu[1211],0.02,0.039,-0.051,0.095,0.0,0.0,19451.0,5740.0,1.0
mu[1212],-0.019,0.036,-0.087,0.049,0.0,0.0,21669.0,4960.0,1.0
mu[1213],0.01,0.037,-0.059,0.082,0.0,0.0,20638.0,5512.0,1.0
mu[1214],0.049,0.046,-0.037,0.135,0.0,0.001,16214.0,6266.0,1.0
mu[1215],-0.048,0.04,-0.12,0.028,0.0,0.001,18240.0,5431.0,1.0
mu[1216],-0.048,0.04,-0.12,0.028,0.0,0.001,18240.0,5431.0,1.0
mu[1217],-0.009,0.036,-0.079,0.057,0.0,0.0,21941.0,5113.0,1.0
mu[1218],-0.012,0.036,-0.081,0.055,0.0,0.0,21952.0,5082.0,1.0
mu[1219],0.005,0.037,-0.069,0.07,0.0,0.0,21226.0,5491.0,1.0
mu[1220],0.005,0.037,-0.069,0.07,0.0,0.0,21199.0,5491.0,1.0
mu[1221],-0.038,0.038,-0.11,0.033,0.0,0.001,19583.0,4944.0,1.0
mu[1222],-0.006,0.036,-0.076,0.061,0.0,0.0,21849.0,5292.0,1.0
mu[1223],-0.067,0.044,-0.149,0.018,0.0,0.001,16049.0,5801.0,1.0
mu[1224],-0.048,0.04,-0.12,0.028,0.0,0.001,18240.0,5431.0,1.0
mu[1225],-0.019,0.036,-0.087,0.049,0.0,0.0,21669.0,4960.0,1.0
mu[1226],-0.056,0.041,-0.131,0.024,0.0,0.001,17219.0,5408.0,1.0
mu[1227],0.03,0.041,-0.048,0.104,0.0,0.001,18272.0,5811.0,1.0
mu[1228],0.039,0.043,-0.046,0.116,0.0,0.001,17149.0,6084.0,1.0
mu[1229],-0.03,0.037,-0.097,0.042,0.0,0.0,20610.0,4977.0,1.0
mu[1230],-0.028,0.037,-0.095,0.044,0.0,0.0,20805.0,5026.0,1.0
mu[1231],0.001,0.036,-0.068,0.07,0.0,0.0,21556.0,5318.0,1.0
mu[1232],0.01,0.037,-0.059,0.082,0.0,0.0,20638.0,5512.0,1.0
mu[1233],-0.067,0.044,-0.149,0.018,0.0,0.001,16049.0,5801.0,1.0
mu[1234],-0.065,0.044,-0.145,0.019,0.0,0.001,16238.0,5613.0,1.0
mu[1235],0.104,0.066,-0.018,0.228,0.001,0.001,13212.0,6665.0,1.0
mu[1236],0.01,0.037,-0.059,0.082,0.0,0.0,20638.0,5512.0,1.0
mu[1237],-0.06,0.042,-0.137,0.022,0.0,0.001,16761.0,5594.0,1.0
mu[1238],-0.042,0.038,-0.111,0.034,0.0,0.001,19071.0,5253.0,1.0
mu[1239],-0.079,0.048,-0.167,0.013,0.0,0.001,14948.0,6054.0,1.0
mu[1240],-0.038,0.038,-0.11,0.033,0.0,0.001,19583.0,4944.0,1.0
mu[1241],0.058,0.049,-0.032,0.15,0.0,0.001,15411.0,6397.0,1.0
mu[1242],-0.003,0.036,-0.07,0.067,0.0,0.0,21744.0,5226.0,1.0
mu[1243],-0.012,0.036,-0.081,0.054,0.0,0.0,21936.0,5048.0,1.0
mu[1244],-0.055,0.041,-0.131,0.024,0.0,0.001,17324.0,5415.0,1.0
mu[1245],0.028,0.04,-0.049,0.103,0.0,0.001,18399.0,5878.0,1.0
mu[1246],0.01,0.037,-0.059,0.082,0.0,0.0,20638.0,5512.0,1.0
mu[1247],0.001,0.036,-0.068,0.07,0.0,0.0,21556.0,5318.0,1.0
mu[1248],-0.048,0.04,-0.12,0.028,0.0,0.001,18240.0,5431.0,1.0
mu[1249],-0.075,0.047,-0.163,0.013,0.0,0.001,15245.0,6030.0,1.0
mu[1250],-0.061,0.043,-0.139,0.021,0.0,0.001,16614.0,5590.0,1.0
mu[1251],0.031,0.041,-0.048,0.106,0.0,0.001,18138.0,5775.0,1.0
mu[1252],-0.073,0.046,-0.158,0.015,0.0,0.001,15456.0,5767.0,1.0
mu[1253],-0.029,0.037,-0.097,0.042,0.0,0.0,20687.0,4994.0,1.0
mu[1254],0.009,0.037,-0.061,0.079,0.0,0.0,20759.0,5472.0,1.0
mu[1255],-0.038,0.038,-0.11,0.033,0.0,0.001,19583.0,4944.0,1.0
mu[1256],-0.048,0.04,-0.12,0.028,0.0,0.001,18240.0,5431.0,1.0
mu[1257],-0.019,0.036,-0.087,0.049,0.0,0.0,21669.0,4960.0,1.0
mu[1258],-0.009,0.036,-0.079,0.057,0.0,0.0,21941.0,5113.0,1.0
mu[1259],-0.028,0.037,-0.095,0.044,0.0,0.0,20805.0,5026.0,1.0
mu[1260],-0.019,0.036,-0.087,0.049,0.0,0.0,21669.0,4960.0,1.0
mu[1261],0.03,0.041,-0.048,0.104,0.0,0.001,18272.0,5811.0,1.0
mu[1262],-0.034,0.037,-0.106,0.035,0.0,0.001,20074.0,4899.0,1.0
mu[1263],-0.02,0.036,-0.088,0.047,0.0,0.0,21544.0,4911.0,1.0
mu[1264],0.007,0.037,-0.064,0.076,0.0,0.0,20973.0,5433.0,1.0
mu[1265],-0.063,0.043,-0.143,0.02,0.0,0.001,16441.0,5590.0,1.0
mu[1266],-0.032,0.037,-0.104,0.036,0.0,0.0,20416.0,4900.0,1.0
mu[1267],-0.025,0.036,-0.093,0.044,0.0,0.0,21154.0,5059.0,1.0
mu[1268],-0.076,0.047,-0.164,0.014,0.0,0.001,15164.0,6066.0,1.0
mu[1269],-0.038,0.038,-0.11,0.033,0.0,0.001,19583.0,4944.0,1.0
mu[1270],-0.018,0.039,-0.087,0.057,0.0,0.001,19214.0,5650.0,1.0
mu[1271],-0.027,0.037,-0.098,0.039,0.0,0.001,19703.0,5524.0,1.0
mu[1272],0.023,0.054,-0.078,0.128,0.0,0.001,15690.0,6078.0,1.0
mu[1273],-0.047,0.038,-0.118,0.02,0.0,0.001,17933.0,5231.0,1.0
mu[1274],-0.058,0.04,-0.132,0.018,0.0,0.001,16190.0,5526.0,1.0
mu[1275],-0.024,0.038,-0.093,0.046,0.0,0.001,19657.0,5605.0,1.0
mu[1276],-0.04,0.037,-0.11,0.025,0.0,0.001,19054.0,5437.0,1.0
mu[1277],-0.015,0.039,-0.087,0.059,0.0,0.001,18981.0,5605.0,1.0
mu[1278],-0.059,0.041,-0.134,0.017,0.0,0.001,16011.0,5590.0,1.0
mu[1279],-0.077,0.047,-0.168,0.008,0.0,0.001,13926.0,5786.0,1.0
mu[1280],-0.007,0.041,-0.087,0.068,0.0,0.001,18209.0,5696.0,1.0
mu[1281],-0.009,0.041,-0.087,0.065,0.0,0.001,18379.0,5627.0,1.0
mu[1282],0.101,0.101,-0.09,0.293,0.001,0.001,13032.0,6924.0,1.0
mu[1283],-0.02,0.038,-0.088,0.053,0.0,0.001,19421.0,5602.0,1.0
mu[1284],-0.039,0.037,-0.108,0.027,0.0,0.001,19201.0,5537.0,1.0
mu[1285],-0.03,0.037,-0.1,0.036,0.0,0.001,19714.0,5450.0,1.0
mu[1286],-0.024,0.038,-0.093,0.046,0.0,0.001,19648.0,5604.0,1.0
mu[1287],-0.068,0.043,-0.152,0.011,0.0,0.001,14804.0,5821.0,1.0
mu[1288],0.01,0.048,-0.08,0.101,0.0,0.001,16595.0,6064.0,1.0
mu[1289],-0.069,0.044,-0.154,0.011,0.0,0.001,14665.0,5865.0,1.0
mu[1290],-0.018,0.039,-0.087,0.055,0.0,0.001,19268.0,5731.0,1.0
mu[1291],-0.028,0.037,-0.099,0.038,0.0,0.001,19708.0,5565.0,1.0
mu[1292],-0.018,0.039,-0.087,0.055,0.0,0.001,19272.0,5731.0,1.0
mu[1293],0.047,0.067,-0.081,0.172,0.001,0.001,14033.0,6809.0,1.0
mu[1294],-0.033,0.037,-0.102,0.033,0.0,0.001,19607.0,5620.0,1.0
mu[1295],-0.019,0.038,-0.089,0.054,0.0,0.001,19350.0,5646.0,1.0
mu[1296],0.001,0.044,-0.081,0.085,0.0,0.001,17431.0,5687.0,1.0
mu[1297],-0.019,0.038,-0.088,0.054,0.0,0.001,19369.0,5686.0,1.0
mu[1298],-0.027,0.037,-0.095,0.042,0.0,0.001,19709.0,5504.0,1.0
mu[1299],-0.038,0.037,-0.107,0.027,0.0,0.001,19279.0,5537.0,1.0
mu[1300],0.008,0.047,-0.08,0.096,0.0,0.001,16814.0,5979.0,1.0
mu[1301],-0.063,0.042,-0.139,0.017,0.0,0.001,15453.0,5628.0,1.0
mu[1302],-0.05,0.038,-0.124,0.018,0.0,0.001,17416.0,5285.0,1.0
mu[1303],-0.032,0.037,-0.1,0.035,0.0,0.001,19660.0,5528.0,1.0
mu[1304],-0.031,0.037,-0.101,0.035,0.0,0.001,19702.0,5430.0,1.0
mu[1305],-0.059,0.041,-0.135,0.017,0.0,0.001,16001.0,5607.0,1.0
mu[1306],-0.046,0.038,-0.116,0.021,0.0,0.001,18204.0,5361.0,1.0
mu[1307],-0.074,0.046,-0.164,0.009,0.0,0.001,14128.0,5648.0,1.0
mu[1308],-0.063,0.042,-0.139,0.018,0.0,0.001,15414.0,5670.0,1.0
mu[1309],-0.028,0.037,-0.099,0.038,0.0,0.001,19707.0,5565.0,1.0
mu[1310],-0.02,0.038,-0.088,0.054,0.0,0.001,19382.0,5665.0,1.0
mu[1311],0.019,0.052,-0.085,0.113,0.0,0.001,15953.0,6022.0,1.0
mu[1312],-0.06,0.041,-0.137,0.014,0.0,0.001,15935.0,5590.0,1.0
mu[1313],-0.009,0.041,-0.087,0.065,0.0,0.001,18409.0,5690.0,1.0
mu[1314],-0.08,0.048,-0.173,0.008,0.0,0.001,13685.0,5948.0,1.0
mu[1315],0.042,0.065,-0.081,0.162,0.001,0.001,14190.0,6778.0,1.0
mu[1316],-0.015,0.039,-0.087,0.058,0.0,0.001,19006.0,5584.0,1.0
mu[1317],-0.031,0.037,-0.101,0.034,0.0,0.001,19698.0,5469.0,1.0
mu[1318],-0.037,0.037,-0.104,0.03,0.0,0.001,19356.0,5537.0,1.0
mu[1319],-0.047,0.038,-0.118,0.02,0.0,0.001,17970.0,5160.0,1.0
mu[1320],-0.075,0.046,-0.165,0.008,0.0,0.001,14071.0,5648.0,1.0
mu[1321],0.027,0.056,-0.075,0.137,0.0,0.001,15460.0,6363.0,1.0
mu[1322],-0.033,0.037,-0.102,0.033,0.0,0.001,19598.0,5619.0,1.0
mu[1323],-0.034,0.037,-0.102,0.032,0.0,0.001,19579.0,5619.0,1.0
mu[1324],-0.033,0.037,-0.102,0.033,0.0,0.001,19598.0,5619.0,1.0
mu[1325],-0.073,0.045,-0.159,0.012,0.0,0.001,14265.0,5624.0,1.0
mu[1326],-0.053,0.039,-0.126,0.018,0.0,0.001,16996.0,5322.0,1.0
mu[1327],-0.016,0.039,-0.088,0.057,0.0,0.001,19056.0,5569.0,1.0
mu[1328],-0.05,0.038,-0.123,0.018,0.0,0.001,17478.0,5303.0,1.0
mu[1329],-0.057,0.04,-0.133,0.016,0.0,0.001,16330.0,5467.0,1.0
mu[1330],-0.012,0.04,-0.086,0.063,0.0,0.001,18638.0,5712.0,1.0
mu[1331],-0.041,0.037,-0.111,0.024,0.0,0.001,18920.0,5496.0,1.0
mu[1332],-0.006,0.042,-0.086,0.072,0.0,0.001,18021.0,5675.0,1.0
mu[1333],-0.075,0.046,-0.166,0.008,0.0,0.001,14057.0,5538.0,1.0
mu[1334],0.007,0.047,-0.081,0.094,0.0,0.001,16884.0,5841.0,1.0
mu[1335],-0.021,0.038,-0.092,0.049,0.0,0.001,19513.0,5644.0,1.0
mu[1336],-0.02,0.038,-0.093,0.049,0.0,0.001,19412.0,5602.0,1.0
mu[1337],-0.04,0.037,-0.11,0.025,0.0,0.001,18993.0,5437.0,1.0
mu[1338],-0.013,0.04,-0.087,0.061,0.0,0.001,18796.0,5599.0,1.0
mu[1339],-0.04,0.037,-0.11,0.025,0.0,0.001,18993.0,5437.0,1.0
mu[1340],-0.02,0.038,-0.093,0.049,0.0,0.001,19412.0,5602.0,1.0
mu[1341],0.007,0.047,-0.081,0.095,0.0,0.001,16839.0,5978.0,1.0
mu[1342],-0.061,0.041,-0.137,0.016,0.0,0.001,15776.0,5549.0,1.0
mu[1343],-0.061,0.041,-0.137,0.016,0.0,0.001,15776.0,5549.0,1.0
mu[1344],-0.034,0.037,-0.102,0.032,0.0,0.001,19595.0,5619.0,1.0
mu[1345],-0.036,0.037,-0.104,0.03,0.0,0.001,19427.0,5662.0,1.0
mu[1346],-0.024,0.038,-0.094,0.045,0.0,0.001,19660.0,5626.0,1.0
mu[1347],-0.024,0.038,-0.093,0.046,0.0,0.001,19657.0,5605.0,1.0
mu[1348],-0.054,0.039,-0.127,0.018,0.0,0.001,16833.0,5358.0,1.0
mu[1349],-0.031,0.037,-0.1,0.035,0.0,0.001,19674.0,5509.0,1.0
mu[1350],-0.074,0.046,-0.164,0.009,0.0,0.001,14128.0,5648.0,1.0
mu[1351],-0.061,0.041,-0.137,0.016,0.0,0.001,15776.0,5549.0,1.0
mu[1352],-0.04,0.037,-0.11,0.025,0.0,0.001,18993.0,5437.0,1.0
mu[1353],-0.067,0.043,-0.15,0.011,0.0,0.001,14968.0,5759.0,1.0
mu[1354],-0.006,0.042,-0.086,0.07,0.0,0.001,18112.0,5717.0,1.0
mu[1355],0.0,0.044,-0.082,0.084,0.0,0.001,17468.0,5687.0,1.0
mu[1356],-0.048,0.038,-0.119,0.02,0.0,0.001,17739.0,5250.0,1.0
mu[1357],-0.047,0.038,-0.118,0.02,0.0,0.001,17933.0,5231.0,1.0
mu[1358],-0.027,0.037,-0.096,0.042,0.0,0.001,19707.0,5504.0,1.0
mu[1359],-0.02,0.038,-0.093,0.049,0.0,0.001,19412.0,5602.0,1.0
mu[1360],-0.074,0.046,-0.164,0.009,0.0,0.001,14128.0,5648.0,1.0
mu[1361],-0.073,0.045,-0.159,0.012,0.0,0.001,14265.0,5624.0,1.0
mu[1362],0.046,0.067,-0.081,0.171,0.001,0.001,14047.0,6870.0,1.0
mu[1363],-0.02,0.038,-0.093,0.049,0.0,0.001,19412.0,5602.0,1.0
mu[1364],-0.07,0.044,-0.154,0.011,0.0,0.001,14617.0,5842.0,1.0
mu[1365],-0.057,0.04,-0.131,0.018,0.0,0.001,16379.0,5428.0,1.0
mu[1366],-0.083,0.05,-0.178,0.009,0.0,0.001,13426.0,6242.0,1.0
mu[1367],-0.054,0.039,-0.127,0.018,0.0,0.001,16833.0,5358.0,1.0
mu[1368],0.014,0.05,-0.08,0.108,0.0,0.001,16275.0,6120.0,1.0
mu[1369],-0.029,0.037,-0.098,0.037,0.0,0.001,19710.0,5509.0,1.0
mu[1370],-0.036,0.037,-0.104,0.03,0.0,0.001,19421.0,5619.0,1.0
mu[1371],-0.066,0.043,-0.149,0.011,0.0,0.001,15046.0,5759.0,1.0
mu[1372],-0.007,0.042,-0.087,0.068,0.0,0.001,18192.0,5696.0,1.0
mu[1373],-0.02,0.038,-0.093,0.049,0.0,0.001,19412.0,5602.0,1.0
mu[1374],-0.027,0.037,-0.096,0.042,0.0,0.001,19707.0,5504.0,1.0
mu[1375],-0.061,0.041,-0.137,0.016,0.0,0.001,15776.0,5549.0,1.0
mu[1376],-0.08,0.048,-0.174,0.008,0.0,0.001,13609.0,6067.0,1.0
mu[1377],-0.071,0.044,-0.155,0.012,0.0,0.001,14523.0,5889.0,1.0
mu[1378],-0.006,0.042,-0.086,0.072,0.0,0.001,18027.0,5682.0,1.0
mu[1379],-0.079,0.048,-0.171,0.008,0.0,0.001,13757.0,5881.0,1.0
mu[1380],-0.048,0.038,-0.119,0.02,0.0,0.001,17794.0,5268.0,1.0
mu[1381],-0.021,0.038,-0.089,0.052,0.0,0.001,19467.0,5623.0,1.0
mu[1382],-0.054,0.039,-0.127,0.018,0.0,0.001,16833.0,5358.0,1.0
mu[1383],-0.061,0.041,-0.137,0.016,0.0,0.001,15776.0,5549.0,1.0
mu[1384],-0.04,0.037,-0.11,0.025,0.0,0.001,18993.0,5437.0,1.0
mu[1385],-0.034,0.037,-0.102,0.032,0.0,0.001,19595.0,5619.0,1.0
mu[1386],-0.047,0.038,-0.118,0.02,0.0,0.001,17933.0,5231.0,1.0
mu[1387],-0.04,0.037,-0.11,0.025,0.0,0.001,18993.0,5437.0,1.0
mu[1388],-0.006,0.042,-0.086,0.07,0.0,0.001,18112.0,5717.0,1.0
mu[1389],-0.051,0.039,-0.126,0.017,0.0,0.001,17262.0,5341.0,1.0
mu[1390],-0.041,0.037,-0.111,0.024,0.0,0.001,18864.0,5476.0,1.0
mu[1391],-0.022,0.038,-0.092,0.048,0.0,0.001,19568.0,5603.0,1.0
mu[1392],-0.072,0.045,-0.157,0.012,0.0,0.001,14407.0,5879.0,1.0
mu[1393],-0.05,0.038,-0.122,0.019,0.0,0.001,17560.0,5268.0,1.0
mu[1394],-0.045,0.037,-0.114,0.022,0.0,0.001,18395.0,5518.0,1.0
mu[1395],-0.081,0.049,-0.175,0.008,0.0,0.001,13556.0,6115.0,1.0
mu[1396],-0.054,0.039,-0.127,0.018,0.0,0.001,16833.0,5358.0,1.0
mu[1397],0.001,0.037,-0.071,0.068,0.0,0.0,17361.0,5586.0,1.0
mu[1398],-0.011,0.035,-0.078,0.057,0.0,0.0,17653.0,5575.0,1.0
mu[1399],0.048,0.051,-0.047,0.147,0.0,0.001,15553.0,7323.0,1.0
mu[1400],-0.034,0.036,-0.104,0.033,0.0,0.0,17303.0,5885.0,1.0
mu[1401],-0.047,0.039,-0.117,0.028,0.0,0.0,16828.0,6279.0,1.0
mu[1402],-0.007,0.036,-0.074,0.062,0.0,0.0,17559.0,5529.0,1.0
mu[1403],-0.026,0.036,-0.094,0.041,0.0,0.0,17579.0,5945.0,1.0
mu[1404],0.004,0.037,-0.07,0.071,0.0,0.001,17253.0,5615.0,1.0
mu[1405],-0.048,0.039,-0.12,0.026,0.0,0.0,16758.0,6357.0,1.0
mu[1406],-0.069,0.045,-0.151,0.017,0.0,0.001,15808.0,6655.0,1.0
mu[1407],0.012,0.039,-0.063,0.086,0.0,0.001,16861.0,5487.0,1.0
mu[1408],0.01,0.039,-0.064,0.082,0.0,0.001,16958.0,5547.0,1.0
mu[1409],0.139,0.096,-0.047,0.313,0.001,0.001,14343.0,7552.0,1.0
mu[1410],-0.002,0.036,-0.072,0.065,0.0,0.0,17453.0,5542.0,1.0
mu[1411],-0.024,0.035,-0.089,0.045,0.0,0.0,17616.0,5888.0,1.0
mu[1412],-0.014,0.035,-0.08,0.055,0.0,0.0,17650.0,5779.0,1.0
mu[1413],-0.007,0.036,-0.074,0.063,0.0,0.0,17554.0,5537.0,1.0
mu[1414],-0.058,0.042,-0.14,0.016,0.0,0.001,16291.0,6753.0,1.0
mu[1415],0.033,0.045,-0.054,0.117,0.0,0.001,16067.0,6296.0,1.0
mu[1416],-0.06,0.042,-0.139,0.019,0.0,0.001,16220.0,6770.0,1.0
mu[1417],-0.0,0.037,-0.071,0.067,0.0,0.0,17394.0,5480.0,1.0
mu[1418],-0.012,0.035,-0.079,0.056,0.0,0.0,17647.0,5494.0,1.0
mu[1419],-0.0,0.037,-0.071,0.067,0.0,0.0,17397.0,5480.0,1.0
mu[1420],0.075,0.063,-0.043,0.198,0.001,0.001,14947.0,7190.0,1.0
mu[1421],-0.018,0.035,-0.083,0.051,0.0,0.0,17651.0,5869.0,1.0
mu[1422],-0.001,0.037,-0.072,0.066,0.0,0.0,17422.0,5502.0,1.0
mu[1423],0.022,0.042,-0.054,0.104,0.0,0.001,16465.0,6103.0,1.0
mu[1424],-0.002,0.036,-0.072,0.066,0.0,0.0,17443.0,5543.0,1.0
mu[1425],-0.01,0.036,-0.077,0.058,0.0,0.0,17634.0,5575.0,1.0
mu[1426],-0.023,0.035,-0.091,0.043,0.0,0.0,17638.0,5866.0,1.0
mu[1427],0.03,0.044,-0.053,0.114,0.0,0.001,16155.0,6243.0,1.0
mu[1428],-0.053,0.04,-0.129,0.021,0.0,0.0,16573.0,6638.0,1.0
mu[1429],-0.038,0.037,-0.108,0.031,0.0,0.0,17173.0,6001.0,1.0
mu[1430],-0.016,0.035,-0.083,0.051,0.0,0.0,17660.0,5879.0,1.0
mu[1431],-0.015,0.035,-0.083,0.052,0.0,0.0,17651.0,5823.0,1.0
mu[1432],-0.048,0.039,-0.12,0.026,0.0,0.0,16755.0,6357.0,1.0
mu[1433],-0.032,0.036,-0.101,0.035,0.0,0.0,17384.0,5839.0,1.0
mu[1434],-0.066,0.044,-0.147,0.018,0.0,0.001,15921.0,6927.0,1.0
mu[1435],-0.053,0.04,-0.13,0.021,0.0,0.0,16566.0,6662.0,1.0
mu[1436],-0.012,0.035,-0.079,0.056,0.0,0.0,17644.0,5587.0,1.0
mu[1437],-0.002,0.036,-0.072,0.065,0.0,0.0,17450.0,5543.0,1.0
mu[1438],0.043,0.049,-0.046,0.14,0.0,0.001,15713.0,7055.0,1.0
mu[1439],-0.049,0.039,-0.119,0.028,0.0,0.0,16740.0,6334.0,1.0
mu[1440],0.01,0.039,-0.065,0.081,0.0,0.001,16974.0,5526.0,1.0
mu[1441],-0.072,0.047,-0.16,0.014,0.0,0.001,15683.0,6663.0,1.0
mu[1442],0.07,0.061,-0.044,0.188,0.0,0.001,15049.0,7258.0,1.0
mu[1443],0.003,0.037,-0.069,0.071,0.0,0.001,17260.0,5626.0,1.0
mu[1444],-0.015,0.035,-0.08,0.054,0.0,0.0,17649.0,5824.0,1.0
mu[1445],-0.023,0.035,-0.089,0.045,0.0,0.0,17627.0,5954.0,1.0
mu[1446],-0.034,0.036,-0.103,0.034,0.0,0.0,17326.0,5954.0,1.0
mu[1447],-0.067,0.045,-0.149,0.017,0.0,0.001,15880.0,6852.0,1.0
mu[1448],0.052,0.053,-0.046,0.155,0.0,0.001,15415.0,7117.0,1.0
mu[1449],-0.018,0.035,-0.084,0.05,0.0,0.0,17651.0,5868.0,1.0
mu[1450],-0.019,0.035,-0.083,0.051,0.0,0.0,17667.0,5944.0,1.0
mu[1451],-0.018,0.035,-0.084,0.05,0.0,0.0,17651.0,5868.0,1.0
mu[1452],-0.064,0.044,-0.147,0.016,0.0,0.001,16005.0,6991.0,1.0
mu[1453],-0.041,0.038,-0.111,0.03,0.0,0.0,17072.0,6174.0,1.0
mu[1454],0.003,0.037,-0.07,0.07,0.0,0.001,17292.0,5523.0,1.0
mu[1455],-0.037,0.037,-0.107,0.032,0.0,0.0,17191.0,5977.0,1.0
mu[1456],-0.046,0.039,-0.114,0.03,0.0,0.0,16867.0,6252.0,1.0
mu[1457],0.007,0.038,-0.068,0.076,0.0,0.001,17101.0,5446.0,1.0
mu[1458],-0.027,0.036,-0.092,0.043,0.0,0.0,17554.0,5957.0,1.0
mu[1459],0.014,0.04,-0.062,0.089,0.0,0.001,16777.0,5630.0,1.0
mu[1460],-0.067,0.045,-0.15,0.017,0.0,0.001,15874.0,6821.0,1.0
mu[1461],0.029,0.044,-0.053,0.113,0.0,0.001,16193.0,6081.0,1.0
mu[1462],-0.004,0.036,-0.072,0.064,0.0,0.0,17503.0,5463.0,1.0
mu[1463],-0.002,0.036,-0.072,0.065,0.0,0.0,17452.0,5543.0,1.0
mu[1464],-0.026,0.036,-0.092,0.043,0.0,0.0,17567.0,5946.0,1.0
mu[1465],0.006,0.038,-0.069,0.074,0.0,0.001,17165.0,5589.0,1.0
mu[1466],-0.026,0.036,-0.092,0.043,0.0,0.0,17567.0,5946.0,1.0
mu[1467],-0.002,0.036,-0.072,0.065,0.0,0.0,17452.0,5543.0,1.0
mu[1468],0.029,0.044,-0.054,0.114,0.0,0.001,16166.0,6243.0,1.0
mu[1469],-0.05,0.04,-0.121,0.027,0.0,0.0,16691.0,6334.0,1.0
mu[1470],-0.05,0.04,-0.121,0.027,0.0,0.0,16691.0,6334.0,1.0
mu[1471],-0.018,0.035,-0.084,0.05,0.0,0.0,17668.0,5967.0,1.0
mu[1472],-0.021,0.035,-0.088,0.046,0.0,0.0,17653.0,5887.0,1.0
mu[1473],-0.007,0.036,-0.074,0.062,0.0,0.0,17565.0,5529.0,1.0
mu[1474],-0.007,0.036,-0.074,0.062,0.0,0.0,17559.0,5529.0,1.0
mu[1475],-0.042,0.038,-0.112,0.03,0.0,0.0,17026.0,6123.0,1.0
mu[1476],-0.015,0.035,-0.081,0.054,0.0,0.0,17646.0,5824.0,1.0
mu[1477],-0.066,0.044,-0.147,0.018,0.0,0.001,15921.0,6927.0,1.0
mu[1478],-0.05,0.04,-0.121,0.027,0.0,0.0,16691.0,6334.0,1.0
mu[1479],-0.026,0.036,-0.092,0.043,0.0,0.0,17567.0,5946.0,1.0
mu[1480],-0.057,0.042,-0.137,0.017,0.0,0.001,16367.0,6722.0,1.0
mu[1481],0.014,0.04,-0.065,0.085,0.0,0.001,16820.0,5528.0,1.0
mu[1482],0.021,0.042,-0.055,0.103,0.0,0.001,16476.0,6030.0,1.0
mu[1483],-0.036,0.037,-0.105,0.033,0.0,0.0,17251.0,5907.0,1.0
mu[1484],-0.034,0.036,-0.104,0.033,0.0,0.0,17303.0,5885.0,1.0
mu[1485],-0.01,0.036,-0.077,0.058,0.0,0.0,17634.0,5575.0,1.0
mu[1486],-0.002,0.036,-0.072,0.065,0.0,0.0,17452.0,5543.0,1.0
mu[1487],-0.066,0.044,-0.147,0.018,0.0,0.001,15921.0,6927.0,1.0
mu[1488],-0.064,0.044,-0.147,0.016,0.0,0.001,16005.0,6991.0,1.0
mu[1489],0.075,0.063,-0.043,0.198,0.001,0.001,14959.0,7156.0,1.0
mu[1490],-0.002,0.036,-0.072,0.065,0.0,0.0,17452.0,5543.0,1.0
mu[1491],-0.06,0.043,-0.14,0.019,0.0,0.001,16189.0,6776.0,1.0
mu[1492],-0.045,0.038,-0.113,0.03,0.0,0.0,16888.0,6252.0,1.0
mu[1493],-0.076,0.048,-0.165,0.013,0.0,0.001,15539.0,6700.0,1.0
mu[1494],-0.042,0.038,-0.112,0.03,0.0,0.0,17026.0,6123.0,1.0
mu[1495],0.037,0.047,-0.048,0.131,0.0,0.001,15909.0,6820.0,1.0
mu[1496],-0.013,0.035,-0.081,0.054,0.0,0.0,17658.0,5702.0,1.0
mu[1497],-0.021,0.035,-0.088,0.046,0.0,0.0,17643.0,5883.0,1.0
mu[1498],-0.056,0.041,-0.136,0.018,0.0,0.001,16402.0,6740.0,1.0
mu[1499],0.013,0.039,-0.062,0.086,0.0,0.001,16857.0,5547.0,1.0
mu[1500],-0.002,0.036,-0.072,0.065,0.0,0.0,17452.0,5543.0,1.0
mu[1501],-0.01,0.036,-0.077,0.058,0.0,0.0,17634.0,5575.0,1.0
mu[1502],-0.05,0.04,-0.121,0.027,0.0,0.0,16691.0,6334.0,1.0
mu[1503],-0.073,0.047,-0.161,0.014,0.0,0.001,15643.0,6751.0,1.0
mu[1504],-0.061,0.043,-0.141,0.018,0.0,0.001,16146.0,6831.0,1.0
mu[1505],0.014,0.04,-0.062,0.089,0.0,0.001,16781.0,5528.0,1.0
mu[1506],-0.071,0.046,-0.158,0.014,0.0,0.001,15717.0,6541.0,1.0
mu[1507],-0.035,0.037,-0.104,0.033,0.0,0.0,17271.0,5907.0,1.0
mu[1508],-0.003,0.036,-0.073,0.064,0.0,0.0,17469.0,5522.0,1.0
mu[1509],-0.042,0.038,-0.112,0.03,0.0,0.0,17026.0,6123.0,1.0
mu[1510],-0.05,0.04,-0.121,0.027,0.0,0.0,16691.0,6334.0,1.0
mu[1511],-0.026,0.036,-0.092,0.043,0.0,0.0,17567.0,5946.0,1.0
mu[1512],-0.018,0.035,-0.084,0.05,0.0,0.0,17668.0,5967.0,1.0
mu[1513],-0.034,0.036,-0.104,0.033,0.0,0.0,17303.0,5885.0,1.0
mu[1514],-0.026,0.036,-0.092,0.043,0.0,0.0,17567.0,5946.0,1.0
mu[1515],0.014,0.04,-0.065,0.085,0.0,0.001,16820.0,5528.0,1.0
mu[1516],-0.039,0.037,-0.11,0.03,0.0,0.0,17136.0,6000.0,1.0
mu[1517],-0.027,0.036,-0.092,0.043,0.0,0.0,17534.0,5917.0,1.0
mu[1518],-0.005,0.036,-0.073,0.063,0.0,0.0,17529.0,5464.0,1.0
mu[1519],-0.063,0.043,-0.143,0.018,0.0,0.001,16063.0,6991.0,1.0
mu[1520],-0.037,0.037,-0.107,0.032,0.0,0.0,17209.0,5953.0,1.0
mu[1521],-0.031,0.036,-0.097,0.039,0.0,0.0,17417.0,5907.0,1.0
mu[1522],-0.074,0.047,-0.162,0.014,0.0,0.001,15619.0,6603.0,1.0
mu[1523],-0.042,0.038,-0.112,0.03,0.0,0.0,17026.0,6123.0,1.0
mu[1524],-0.028,0.04,-0.099,0.049,0.0,0.001,14962.0,5801.0,1.0
mu[1525],-0.026,0.037,-0.094,0.041,0.0,0.001,18414.0,5351.0,1.0
mu[1526],-0.038,0.069,-0.159,0.099,0.001,0.001,8669.0,6909.0,1.0
mu[1527],-0.021,0.038,-0.092,0.05,0.0,0.001,15581.0,5849.0,1.0
mu[1528],-0.019,0.043,-0.099,0.063,0.0,0.0,12058.0,6598.0,1.0
mu[1529],-0.027,0.037,-0.095,0.043,0.0,0.001,17320.0,5501.0,1.0
mu[1530],-0.023,0.036,-0.092,0.041,0.0,0.001,18426.0,5558.0,1.0
mu[1531],-0.029,0.041,-0.104,0.049,0.0,0.001,14076.0,6173.0,1.0
mu[1532],-0.018,0.044,-0.101,0.065,0.0,0.0,11747.0,6794.0,1.0
mu[1533],-0.014,0.056,-0.118,0.095,0.001,0.001,9180.0,7202.0,1.0
mu[1534],-0.031,0.045,-0.114,0.056,0.0,0.001,12003.0,6734.0,1.0
mu[1535],-0.03,0.044,-0.112,0.053,0.0,0.001,12417.0,6514.0,1.0
mu[1536],-0.056,0.144,-0.311,0.231,0.002,0.001,7336.0,6817.0,1.0
mu[1537],-0.028,0.039,-0.098,0.046,0.0,0.001,15880.0,5550.0,1.0
mu[1538],-0.023,0.036,-0.092,0.041,0.0,0.001,18836.0,5405.0,1.0
mu[1539],-0.025,0.036,-0.093,0.04,0.0,0.001,19079.0,5318.0,1.0
mu[1540],-0.027,0.037,-0.095,0.044,0.0,0.001,17253.0,5479.0,1.0
mu[1541],-0.016,0.05,-0.11,0.078,0.0,0.0,10136.0,7001.0,1.0
mu[1542],-0.035,0.058,-0.142,0.074,0.001,0.001,9574.0,6957.0,1.0
mu[1543],-0.016,0.051,-0.113,0.079,0.001,0.0,9974.0,7099.0,1.0
mu[1544],-0.028,0.039,-0.098,0.048,0.0,0.001,15222.0,5760.0,1.0
mu[1545],-0.026,0.036,-0.093,0.041,0.0,0.001,18563.0,5351.0,1.0
mu[1546],-0.028,0.039,-0.098,0.048,0.0,0.001,15246.0,5716.0,1.0
mu[1547],-0.043,0.091,-0.208,0.132,0.001,0.001,7896.0,6881.0,1.0
mu[1548],-0.024,0.036,-0.093,0.04,0.0,0.001,19664.0,5259.0,1.0
mu[1549],-0.028,0.039,-0.097,0.048,0.0,0.001,15519.0,5612.0,1.0
mu[1550],-0.032,0.051,-0.128,0.061,0.0,0.001,10583.0,6781.0,1.0
mu[1551],-0.028,0.039,-0.097,0.047,0.0,0.001,15645.0,5551.0,1.0
mu[1552],-0.026,0.037,-0.095,0.041,0.0,0.001,18236.0,5378.0,1.0
mu[1553],-0.023,0.036,-0.09,0.043,0.0,0.001,19027.0,5425.0,1.0
mu[1554],-0.034,0.056,-0.141,0.069,0.001,0.001,9794.0,6956.0,1.0
mu[1555],-0.018,0.047,-0.106,0.068,0.0,0.0,10941.0,6801.0,1.0
mu[1556],-0.02,0.04,-0.092,0.055,0.0,0.001,14355.0,5884.0,1.0
mu[1557],-0.025,0.036,-0.093,0.04,0.0,0.001,19575.0,5259.0,1.0
mu[1558],-0.025,0.036,-0.093,0.04,0.0,0.001,19461.0,5290.0,1.0
mu[1559],-0.018,0.044,-0.101,0.064,0.0,0.0,11731.0,6774.0,1.0
mu[1560],-0.022,0.038,-0.091,0.049,0.0,0.001,16188.0,5842.0,1.0
mu[1561],-0.015,0.055,-0.116,0.091,0.001,0.001,9384.0,7100.0,1.0
mu[1562],-0.017,0.047,-0.106,0.069,0.0,0.0,10892.0,6832.0,1.0
mu[1563],-0.026,0.036,-0.093,0.041,0.0,0.001,18584.0,5351.0,1.0
mu[1564],-0.028,0.039,-0.098,0.047,0.0,0.001,15698.0,5551.0,1.0
mu[1565],-0.037,0.065,-0.153,0.091,0.001,0.001,8898.0,6788.0,1.0
mu[1566],-0.018,0.044,-0.102,0.065,0.0,0.0,11625.0,6679.0,1.0
mu[1567],-0.03,0.044,-0.112,0.052,0.0,0.001,12499.0,6348.0,1.0
mu[1568],-0.014,0.059,-0.13,0.093,0.001,0.001,8944.0,7167.0,1.0
mu[1569],-0.042,0.086,-0.202,0.122,0.001,0.001,8000.0,6754.0,1.0
mu[1570],-0.029,0.041,-0.103,0.049,0.0,0.001,14141.0,6224.0,1.0
mu[1571],-0.025,0.036,-0.092,0.041,0.0,0.001,19489.0,5309.0,1.0
mu[1572],-0.024,0.036,-0.09,0.043,0.0,0.001,19210.0,5311.0,1.0
mu[1573],-0.021,0.038,-0.092,0.05,0.0,0.001,15667.0,5849.0,1.0
mu[1574],-0.015,0.055,-0.119,0.089,0.001,0.001,9330.0,7167.0,1.0
mu[1575],-0.038,0.072,-0.168,0.103,0.001,0.001,8492.0,6901.0,1.0
mu[1576],-0.024,0.036,-0.092,0.04,0.0,0.001,19656.0,5241.0,1.0
mu[1577],-0.024,0.036,-0.092,0.04,0.0,0.001,19640.0,5279.0,1.0
mu[1578],-0.024,0.036,-0.092,0.04,0.0,0.001,19656.0,5241.0,1.0
mu[1579],-0.015,0.054,-0.114,0.089,0.001,0.001,9525.0,7133.0,1.0
mu[1580],-0.02,0.041,-0.094,0.058,0.0,0.0,13474.0,6209.0,1.0
mu[1581],-0.029,0.041,-0.102,0.049,0.0,0.001,14331.0,5930.0,1.0
mu[1582],-0.021,0.039,-0.092,0.054,0.0,0.001,14498.0,6013.0,1.0
mu[1583],-0.019,0.043,-0.099,0.062,0.0,0.0,12283.0,6569.0,1.0
mu[1584],-0.03,0.043,-0.11,0.05,0.0,0.001,13067.0,6456.0,1.0
mu[1585],-0.023,0.037,-0.093,0.041,0.0,0.001,18099.0,5634.0,1.0
mu[1586],-0.031,0.046,-0.122,0.052,0.0,0.001,11632.0,6827.0,1.0
mu[1587],-0.015,0.055,-0.117,0.093,0.001,0.001,9311.0,7167.0,1.0
mu[1588],-0.034,0.055,-0.137,0.07,0.001,0.001,9871.0,6957.0,1.0
mu[1589],-0.027,0.038,-0.096,0.046,0.0,0.001,16416.0,5600.0,1.0
mu[1590],-0.028,0.039,-0.098,0.046,0.0,0.001,15854.0,5550.0,1.0
mu[1591],-0.023,0.036,-0.092,0.042,0.0,0.001,18301.0,5606.0,1.0
mu[1592],-0.029,0.042,-0.108,0.049,0.0,0.001,13525.0,6391.0,1.0
mu[1593],-0.023,0.036,-0.092,0.042,0.0,0.001,18301.0,5606.0,1.0
mu[1594],-0.028,0.039,-0.098,0.046,0.0,0.001,15854.0,5550.0,1.0
mu[1595],-0.034,0.056,-0.135,0.073,0.001,0.001,9821.0,6989.0,1.0
mu[1596],-0.018,0.045,-0.104,0.065,0.0,0.0,11397.0,6743.0,1.0
mu[1597],-0.018,0.045,-0.104,0.065,0.0,0.0,11397.0,6743.0,1.0
mu[1598],-0.024,0.036,-0.092,0.04,0.0,0.001,19653.0,5242.0,1.0
mu[1599],-0.024,0.036,-0.094,0.038,0.0,0.001,19501.0,5299.0,1.0
mu[1600],-0.027,0.037,-0.095,0.043,0.0,0.001,17374.0,5500.0,1.0
mu[1601],-0.027,0.037,-0.095,0.043,0.0,0.001,17320.0,5501.0,1.0
mu[1602],-0.02,0.041,-0.095,0.059,0.0,0.0,13155.0,6183.0,1.0
mu[1603],-0.025,0.036,-0.093,0.04,0.0,0.001,19547.0,5252.0,1.0
mu[1604],-0.015,0.055,-0.116,0.091,0.001,0.001,9384.0,7100.0,1.0
mu[1605],-0.018,0.045,-0.104,0.065,0.0,0.0,11397.0,6743.0,1.0
mu[1606],-0.023,0.036,-0.092,0.042,0.0,0.001,18301.0,5606.0,1.0
mu[1607],-0.017,0.049,-0.109,0.075,0.0,0.0,10329.0,7001.0,1.0
mu[1608],-0.031,0.046,-0.115,0.056,0.0,0.001,11795.0,6750.0,1.0
mu[1609],-0.032,0.051,-0.128,0.06,0.0,0.001,10632.0,6825.0,1.0
mu[1610],-0.021,0.039,-0.093,0.051,0.0,0.001,15085.0,5964.0,1.0
mu[1611],-0.021,0.038,-0.092,0.05,0.0,0.001,15581.0,5849.0,1.0
mu[1612],-0.026,0.037,-0.094,0.041,0.0,0.001,18280.0,5341.0,1.0
mu[1613],-0.028,0.039,-0.098,0.046,0.0,0.001,15854.0,5550.0,1.0
mu[1614],-0.015,0.055,-0.116,0.091,0.001,0.001,9384.0,7100.0,1.0
mu[1615],-0.015,0.054,-0.114,0.089,0.001,0.001,9525.0,7133.0,1.0
mu[1616],-0.043,0.09,-0.208,0.131,0.001,0.001,7905.0,6850.0,1.0
mu[1617],-0.028,0.039,-0.098,0.046,0.0,0.001,15854.0,5550.0,1.0
mu[1618],-0.016,0.051,-0.114,0.079,0.001,0.0,9918.0,7132.0,1.0
mu[1619],-0.019,0.043,-0.099,0.061,0.0,0.0,12373.0,6568.0,1.0
mu[1620],-0.013,0.062,-0.136,0.097,0.001,0.001,8712.0,7005.0,1.0
mu[1621],-0.02,0.041,-0.095,0.059,0.0,0.0,13155.0,6183.0,1.0
mu[1622],-0.036,0.061,-0.15,0.08,0.001,0.001,9264.0,6729.0,1.0
mu[1623],-0.025,0.036,-0.093,0.04,0.0,0.001,18919.0,5289.0,1.0
mu[1624],-0.024,0.036,-0.094,0.038,0.0,0.001,19472.0,5299.0,1.0
mu[1625],-0.017,0.049,-0.107,0.075,0.0,0.0,10421.0,7033.0,1.0
mu[1626],-0.031,0.045,-0.114,0.056,0.0,0.001,11973.0,6780.0,1.0
mu[1627],-0.028,0.039,-0.098,0.046,0.0,0.001,15854.0,5550.0,1.0
mu[1628],-0.026,0.037,-0.094,0.041,0.0,0.001,18280.0,5341.0,1.0
mu[1629],-0.018,0.045,-0.104,0.065,0.0,0.0,11397.0,6743.0,1.0
mu[1630],-0.013,0.06,-0.126,0.099,0.001,0.001,8875.0,7086.0,1.0
mu[1631],-0.016,0.052,-0.111,0.084,0.001,0.0,9809.0,7132.0,1.0
mu[1632],-0.031,0.046,-0.122,0.052,0.0,0.001,11646.0,6827.0,1.0
mu[1633],-0.014,0.058,-0.128,0.092,0.001,0.001,9001.0,7202.0,1.0
mu[1634],-0.021,0.039,-0.092,0.051,0.0,0.001,15245.0,6017.0,1.0
mu[1635],-0.027,0.038,-0.096,0.046,0.0,0.001,16148.0,5601.0,1.0
mu[1636],-0.02,0.041,-0.095,0.059,0.0,0.0,13155.0,6183.0,1.0
mu[1637],-0.018,0.045,-0.104,0.065,0.0,0.0,11397.0,6743.0,1.0
mu[1638],-0.023,0.036,-0.092,0.042,0.0,0.001,18301.0,5606.0,1.0
mu[1639],-0.024,0.036,-0.092,0.04,0.0,0.001,19653.0,5242.0,1.0
mu[1640],-0.021,0.038,-0.092,0.05,0.0,0.001,15581.0,5849.0,1.0
mu[1641],-0.023,0.036,-0.092,0.042,0.0,0.001,18301.0,5606.0,1.0
mu[1642],-0.031,0.046,-0.115,0.056,0.0,0.001,11795.0,6750.0,1.0
mu[1643],-0.02,0.04,-0.093,0.056,0.0,0.001,14008.0,5848.0,1.0
mu[1644],-0.023,0.037,-0.094,0.04,0.0,0.001,17930.0,5633.0,1.0
mu[1645],-0.027,0.038,-0.097,0.044,0.0,0.001,16704.0,5592.0,1.0
mu[1646],-0.015,0.053,-0.115,0.083,0.001,0.001,9672.0,7100.0,1.0
mu[1647],-0.021,0.039,-0.092,0.054,0.0,0.001,14673.0,5946.0,1.0
mu[1648],-0.022,0.037,-0.091,0.047,0.0,0.001,16751.0,5615.0,1.0
mu[1649],-0.013,0.06,-0.127,0.1,0.001,0.001,8825.0,7134.0,1.0
mu[1650],-0.02,0.041,-0.095,0.059,0.0,0.0,13155.0,6183.0,1.0
mu[1651],-0.072,0.039,-0.149,-0.001,0.0,0.001,14830.0,4938.0,1.0
mu[1652],-0.059,0.036,-0.127,0.01,0.0,0.001,18325.0,4565.0,1.0
mu[1653],-0.123,0.068,-0.252,0.001,0.001,0.001,9169.0,7031.0,1.0
mu[1654],-0.034,0.038,-0.105,0.039,0.0,0.001,17680.0,5136.0,1.0
mu[1655],-0.02,0.043,-0.101,0.062,0.0,0.001,14325.0,5436.0,1.0
mu[1656],-0.064,0.037,-0.133,0.006,0.0,0.001,17105.0,4677.0,1.0
mu[1657],-0.043,0.036,-0.115,0.022,0.0,0.001,19579.0,4643.0,1.0
mu[1658],-0.075,0.041,-0.153,-0.001,0.0,0.001,14040.0,5068.0,1.0
mu[1659],-0.019,0.044,-0.104,0.062,0.0,0.001,13994.0,5599.0,1.0
mu[1660],0.003,0.056,-0.104,0.108,0.001,0.001,11087.0,6440.0,1.0
mu[1661],-0.085,0.045,-0.168,0.0,0.0,0.001,12145.0,5538.0,1.0
mu[1662],-0.082,0.044,-0.165,-0.001,0.0,0.001,12525.0,5412.0,1.0
mu[1663],-0.223,0.142,-0.496,0.033,0.002,0.001,8106.0,7716.0,1.0
mu[1664],-0.068,0.038,-0.141,0.002,0.0,0.001,15700.0,4890.0,1.0
mu[1665],-0.045,0.036,-0.113,0.024,0.0,0.001,19790.0,4611.0,1.0
mu[1666],-0.056,0.036,-0.125,0.01,0.0,0.001,19126.0,4698.0,1.0
mu[1667],-0.064,0.037,-0.133,0.006,0.0,0.001,17028.0,4680.0,1.0
mu[1668],-0.008,0.05,-0.101,0.087,0.0,0.001,12224.0,6417.0,1.0
mu[1669],-0.107,0.057,-0.214,-0.001,0.001,0.001,9915.0,6580.0,1.0
mu[1670],-0.006,0.051,-0.101,0.091,0.0,0.001,12037.0,6465.0,1.0
mu[1671],-0.071,0.039,-0.147,-0.0,0.0,0.001,15085.0,4936.0,1.0
mu[1672],-0.059,0.036,-0.126,0.01,0.0,0.001,18498.0,4587.0,1.0
mu[1673],-0.071,0.039,-0.146,-0.0,0.0,0.001,15108.0,4951.0,1.0
mu[1674],-0.153,0.089,-0.323,0.012,0.001,0.001,8534.0,7244.0,1.0
mu[1675],-0.052,0.036,-0.118,0.017,0.0,0.001,19756.0,4581.0,1.0
mu[1676],-0.07,0.039,-0.143,0.002,0.0,0.001,15366.0,4934.0,1.0
mu[1677],-0.095,0.05,-0.188,0.001,0.0,0.001,10838.0,6206.0,1.0
mu[1678],-0.069,0.039,-0.143,0.002,0.0,0.001,15492.0,4952.0,1.0
mu[1679],-0.06,0.036,-0.128,0.009,0.0,0.001,18118.0,4413.0,1.0
mu[1680],-0.046,0.036,-0.113,0.023,0.0,0.001,19889.0,4552.0,1.0
mu[1681],-0.104,0.055,-0.208,-0.001,0.001,0.001,10116.0,6468.0,1.0
mu[1682],-0.014,0.046,-0.101,0.074,0.0,0.001,13120.0,5924.0,1.0
mu[1683],-0.03,0.039,-0.103,0.045,0.0,0.001,16613.0,5484.0,1.0
mu[1684],-0.054,0.036,-0.12,0.014,0.0,0.001,19449.0,4770.0,1.0
mu[1685],-0.055,0.036,-0.125,0.011,0.0,0.001,19223.0,4772.0,1.0
mu[1686],-0.019,0.044,-0.104,0.062,0.0,0.001,13975.0,5597.0,1.0
mu[1687],-0.036,0.038,-0.107,0.035,0.0,0.001,18168.0,5133.0,1.0
mu[1688],0.001,0.054,-0.102,0.103,0.001,0.001,11338.0,6623.0,1.0
mu[1689],-0.013,0.046,-0.1,0.076,0.0,0.001,13059.0,5888.0,1.0
mu[1690],-0.059,0.036,-0.126,0.01,0.0,0.001,18520.0,4587.0,1.0
mu[1691],-0.069,0.039,-0.143,0.002,0.0,0.001,15534.0,4921.0,1.0
mu[1692],-0.118,0.064,-0.24,-0.0,0.001,0.001,9357.0,6835.0,1.0
mu[1693],-0.018,0.044,-0.104,0.063,0.0,0.001,13859.0,5636.0,1.0
mu[1694],-0.082,0.044,-0.164,-0.001,0.0,0.001,12600.0,5260.0,1.0
mu[1695],0.007,0.058,-0.104,0.116,0.001,0.001,10793.0,6509.0,1.0
mu[1696],-0.147,0.085,-0.311,0.007,0.001,0.001,8615.0,7115.0,1.0
mu[1697],-0.075,0.04,-0.153,-0.001,0.0,0.001,14103.0,5034.0,1.0
mu[1698],-0.055,0.036,-0.125,0.011,0.0,0.001,19272.0,4757.0,1.0
mu[1699],-0.047,0.036,-0.113,0.022,0.0,0.001,19931.0,4510.0,1.0
mu[1700],-0.034,0.038,-0.104,0.039,0.0,0.001,17743.0,5120.0,1.0
mu[1701],0.001,0.055,-0.103,0.103,0.001,0.001,11270.0,6468.0,1.0
mu[1702],-0.128,0.071,-0.264,0.002,0.001,0.001,9019.0,6935.0,1.0
mu[1703],-0.052,0.036,-0.119,0.016,0.0,0.001,19777.0,4716.0,1.0
mu[1704],-0.051,0.036,-0.116,0.018,0.0,0.001,19853.0,4743.0,1.0
mu[1705],-0.052,0.036,-0.119,0.016,0.0,0.001,19777.0,4716.0,1.0
mu[1706],-0.001,0.053,-0.103,0.098,0.0,0.001,11503.0,6728.0,1.0
mu[1707],-0.027,0.041,-0.102,0.051,0.0,0.001,15783.0,5359.0,1.0
mu[1708],-0.074,0.04,-0.152,-0.001,0.0,0.001,14268.0,5001.0,1.0
mu[1709],-0.03,0.039,-0.104,0.044,0.0,0.001,16743.0,5409.0,1.0
mu[1710],-0.021,0.043,-0.101,0.06,0.0,0.001,14564.0,5417.0,1.0
mu[1711],-0.079,0.042,-0.159,-0.001,0.0,0.001,13121.0,5221.0,1.0
mu[1712],-0.042,0.036,-0.113,0.025,0.0,0.001,19411.0,4671.0,1.0
mu[1713],-0.087,0.046,-0.172,-0.0,0.0,0.001,11802.0,5740.0,1.0
mu[1714],0.002,0.055,-0.103,0.104,0.001,0.001,11248.0,6468.0,1.0
mu[1715],-0.102,0.055,-0.21,-0.006,0.001,0.001,10194.0,6283.0,1.0
mu[1716],-0.067,0.038,-0.14,0.002,0.0,0.001,16205.0,4863.0,1.0
mu[1717],-0.069,0.038,-0.142,0.002,0.0,0.001,15675.0,4890.0,1.0
mu[1718],-0.043,0.036,-0.115,0.023,0.0,0.001,19523.0,4731.0,1.0
mu[1719],-0.077,0.041,-0.156,-0.0,0.0,0.001,13537.0,5172.0,1.0
mu[1720],-0.043,0.036,-0.115,0.023,0.0,0.001,19523.0,4731.0,1.0
mu[1721],-0.069,0.038,-0.142,0.002,0.0,0.001,15675.0,4890.0,1.0
mu[1722],-0.103,0.055,-0.212,-0.006,0.001,0.001,10142.0,6468.0,1.0
mu[1723],-0.017,0.045,-0.101,0.069,0.0,0.001,13608.0,5944.0,1.0
mu[1724],-0.017,0.045,-0.101,0.069,0.0,0.001,13608.0,5944.0,1.0
mu[1725],-0.051,0.036,-0.117,0.018,0.0,0.001,19807.0,4702.0,1.0
mu[1726],-0.049,0.036,-0.114,0.02,0.0,0.001,19948.0,4615.0,1.0
mu[1727],-0.063,0.037,-0.133,0.007,0.0,0.001,17151.0,4691.0,1.0
mu[1728],-0.064,0.037,-0.133,0.006,0.0,0.001,17105.0,4677.0,1.0
mu[1729],-0.025,0.041,-0.102,0.052,0.0,0.001,15459.0,5502.0,1.0
mu[1730],-0.054,0.036,-0.123,0.012,0.0,0.001,19379.0,4745.0,1.0
mu[1731],0.001,0.054,-0.102,0.103,0.001,0.001,11338.0,6623.0,1.0
mu[1732],-0.017,0.045,-0.101,0.069,0.0,0.001,13608.0,5944.0,1.0
mu[1733],-0.043,0.036,-0.115,0.023,0.0,0.001,19523.0,4731.0,1.0
mu[1734],-0.009,0.049,-0.097,0.087,0.0,0.001,12447.0,6388.0,1.0
mu[1735],-0.086,0.045,-0.168,0.002,0.0,0.001,11958.0,5719.0,1.0
mu[1736],-0.095,0.05,-0.186,0.001,0.0,0.001,10883.0,6155.0,1.0
mu[1737],-0.032,0.039,-0.105,0.04,0.0,0.001,17255.0,5313.0,1.0
mu[1738],-0.034,0.038,-0.105,0.039,0.0,0.001,17680.0,5136.0,1.0
mu[1739],-0.06,0.036,-0.127,0.009,0.0,0.001,18159.0,4538.0,1.0
mu[1740],-0.069,0.038,-0.142,0.002,0.0,0.001,15675.0,4890.0,1.0
mu[1741],0.001,0.054,-0.102,0.103,0.001,0.001,11338.0,6623.0,1.0
mu[1742],-0.001,0.053,-0.103,0.098,0.0,0.001,11503.0,6728.0,1.0
mu[1743],-0.153,0.089,-0.321,0.012,0.001,0.001,8541.0,7245.0,1.0
mu[1744],-0.069,0.038,-0.142,0.002,0.0,0.001,15675.0,4890.0,1.0
mu[1745],-0.005,0.051,-0.105,0.087,0.0,0.001,11976.0,6519.0,1.0
mu[1746],-0.022,0.042,-0.102,0.059,0.0,0.001,14657.0,5417.0,1.0
mu[1747],0.011,0.061,-0.105,0.125,0.001,0.001,10508.0,6837.0,1.0
mu[1748],-0.025,0.041,-0.102,0.052,0.0,0.001,15459.0,5502.0,1.0
mu[1749],-0.112,0.06,-0.228,-0.003,0.001,0.001,9622.0,6749.0,1.0
mu[1750],-0.057,0.036,-0.127,0.009,0.0,0.001,18904.0,4719.0,1.0
mu[1751],-0.048,0.036,-0.114,0.021,0.0,0.001,19958.0,4656.0,1.0
mu[1752],-0.01,0.048,-0.096,0.087,0.0,0.001,12551.0,6205.0,1.0
mu[1753],-0.085,0.045,-0.168,0.0,0.0,0.001,12121.0,5518.0,1.0
mu[1754],-0.069,0.038,-0.142,0.002,0.0,0.001,15675.0,4890.0,1.0
mu[1755],-0.06,0.036,-0.127,0.009,0.0,0.001,18159.0,4538.0,1.0
mu[1756],-0.017,0.045,-0.101,0.069,0.0,0.001,13608.0,5944.0,1.0
mu[1757],0.008,0.059,-0.105,0.118,0.001,0.001,10712.0,6717.0,1.0
mu[1758],-0.004,0.051,-0.105,0.09,0.0,0.001,11848.0,6522.0,1.0
mu[1759],-0.087,0.046,-0.172,0.0,0.0,0.001,11814.0,5740.0,1.0
mu[1760],0.006,0.058,-0.106,0.113,0.001,0.001,10868.0,6605.0,1.0
mu[1761],-0.033,0.038,-0.105,0.039,0.0,0.001,17394.0,5331.0,1.0
mu[1762],-0.068,0.038,-0.14,0.003,0.0,0.001,15943.0,4988.0,1.0
mu[1763],-0.025,0.041,-0.102,0.052,0.0,0.001,15459.0,5502.0,1.0
mu[1764],-0.017,0.045,-0.101,0.069,0.0,0.001,13608.0,5944.0,1.0
mu[1765],-0.043,0.036,-0.115,0.023,0.0,0.001,19523.0,4731.0,1.0
mu[1766],-0.051,0.036,-0.117,0.018,0.0,0.001,19807.0,4702.0,1.0
mu[1767],-0.034,0.038,-0.105,0.039,0.0,0.001,17680.0,5136.0,1.0
mu[1768],-0.043,0.036,-0.115,0.023,0.0,0.001,19523.0,4731.0,1.0
mu[1769],-0.086,0.045,-0.168,0.002,0.0,0.001,11958.0,5719.0,1.0
mu[1770],-0.029,0.04,-0.102,0.048,0.0,0.001,16291.0,5448.0,1.0
mu[1771],-0.041,0.036,-0.11,0.028,0.0,0.001,19302.0,4671.0,1.0
mu[1772],-0.066,0.038,-0.138,0.003,0.0,0.001,16483.0,4926.0,1.0
mu[1773],-0.003,0.052,-0.102,0.096,0.0,0.001,11684.0,6608.0,1.0
mu[1774],-0.031,0.039,-0.104,0.043,0.0,0.001,16900.0,5425.0,1.0
mu[1775],-0.037,0.037,-0.111,0.03,0.0,0.001,18495.0,5037.0,1.0
mu[1776],0.009,0.06,-0.104,0.122,0.001,0.001,10644.0,6717.0,1.0
mu[1777],-0.025,0.041,-0.102,0.052,0.0,0.001,15459.0,5502.0,1.0
mu[1778],-0.066,0.039,-0.141,0.005,0.0,0.0,15443.0,6200.0,1.0
mu[1779],-0.058,0.036,-0.123,0.012,0.0,0.0,17053.0,5098.0,1.0
mu[1780],-0.101,0.065,-0.232,0.014,0.001,0.001,10631.0,7788.0,1.0
mu[1781],-0.041,0.037,-0.109,0.032,0.0,0.0,15999.0,5694.0,1.0
mu[1782],-0.032,0.042,-0.111,0.046,0.0,0.0,13652.0,6128.0,1.0
mu[1783],-0.061,0.036,-0.128,0.01,0.0,0.0,16537.0,5648.0,1.0
mu[1784],-0.047,0.035,-0.112,0.022,0.0,0.0,17533.0,5768.0,1.0
mu[1785],-0.069,0.04,-0.142,0.009,0.0,0.0,14961.0,6567.0,1.0
mu[1786],-0.031,0.042,-0.11,0.05,0.0,0.0,13414.0,6080.0,1.0
mu[1787],-0.016,0.054,-0.12,0.082,0.001,0.001,11249.0,6878.0,1.0
mu[1788],-0.075,0.044,-0.158,0.007,0.0,0.0,13582.0,6717.0,1.0
mu[1789],-0.074,0.043,-0.152,0.008,0.0,0.0,13901.0,6717.0,1.0
mu[1790],-0.169,0.135,-0.42,0.091,0.001,0.001,9326.0,7548.0,1.0
mu[1791],-0.064,0.038,-0.134,0.008,0.0,0.0,15869.0,6001.0,1.0
mu[1792],-0.048,0.035,-0.113,0.02,0.0,0.0,17689.0,5659.0,1.0
mu[1793],-0.056,0.035,-0.122,0.012,0.0,0.0,17514.0,5330.0,1.0
mu[1794],-0.061,0.036,-0.129,0.009,0.0,0.0,16505.0,5732.0,1.0
mu[1795],-0.023,0.048,-0.117,0.063,0.0,0.001,12107.0,6815.0,1.0
mu[1796],-0.09,0.055,-0.201,0.009,0.001,0.001,11446.0,7629.0,1.0
mu[1797],-0.022,0.048,-0.115,0.068,0.0,0.001,11968.0,6814.0,1.0
mu[1798],-0.066,0.038,-0.139,0.006,0.0,0.0,15574.0,6075.0,1.0
mu[1799],-0.058,0.036,-0.123,0.012,0.0,0.0,17145.0,5115.0,1.0
mu[1800],-0.066,0.038,-0.139,0.006,0.0,0.0,15585.0,6050.0,1.0
mu[1801],-0.122,0.085,-0.28,0.044,0.001,0.001,9884.0,7700.0,1.0
mu[1802],-0.053,0.035,-0.119,0.014,0.0,0.0,17921.0,5204.0,1.0
mu[1803],-0.065,0.038,-0.137,0.007,0.0,0.0,15719.0,6050.0,1.0
mu[1804],-0.082,0.049,-0.174,0.011,0.0,0.0,12366.0,7093.0,1.0
mu[1805],-0.065,0.038,-0.136,0.008,0.0,0.0,15777.0,6099.0,1.0
mu[1806],-0.059,0.036,-0.123,0.012,0.0,0.0,16952.0,5222.0,1.0
mu[1807],-0.049,0.035,-0.115,0.018,0.0,0.0,17762.0,5596.0,1.0
mu[1808],-0.088,0.053,-0.197,0.007,0.0,0.001,11654.0,7669.0,1.0
mu[1809],-0.027,0.045,-0.116,0.053,0.0,0.0,12792.0,6169.0,1.0
mu[1810],-0.038,0.038,-0.113,0.031,0.0,0.0,15257.0,5783.0,1.0
mu[1811],-0.054,0.035,-0.12,0.013,0.0,0.0,17726.0,5294.0,1.0
mu[1812],-0.055,0.035,-0.122,0.012,0.0,0.0,17556.0,5311.0,1.0
mu[1813],-0.031,0.042,-0.11,0.05,0.0,0.0,13401.0,6073.0,1.0
mu[1814],-0.042,0.037,-0.109,0.03,0.0,0.0,16360.0,5804.0,1.0
mu[1815],-0.018,0.052,-0.117,0.079,0.0,0.001,11438.0,6847.0,1.0
mu[1816],-0.027,0.045,-0.116,0.053,0.0,0.0,12749.0,6221.0,1.0
mu[1817],-0.058,0.036,-0.123,0.012,0.0,0.0,17149.0,5132.0,1.0
mu[1818],-0.065,0.038,-0.136,0.008,0.0,0.0,15796.0,6115.0,1.0
mu[1819],-0.097,0.062,-0.218,0.016,0.001,0.001,10850.0,7910.0,1.0
mu[1820],-0.03,0.043,-0.112,0.049,0.0,0.0,13318.0,6050.0,1.0
mu[1821],-0.073,0.042,-0.152,0.008,0.0,0.0,13971.0,6718.0,1.0
mu[1822],-0.013,0.056,-0.121,0.088,0.001,0.001,11023.0,7195.0,1.0
mu[1823],-0.118,0.081,-0.271,0.037,0.001,0.001,9985.0,7702.0,1.0
mu[1824],-0.068,0.04,-0.141,0.009,0.0,0.0,14998.0,6567.0,1.0
mu[1825],-0.055,0.035,-0.121,0.012,0.0,0.0,17603.0,5310.0,1.0
mu[1826],-0.049,0.035,-0.116,0.017,0.0,0.0,17830.0,5575.0,1.0
mu[1827],-0.041,0.037,-0.113,0.027,0.0,0.0,16050.0,5716.0,1.0
mu[1828],-0.017,0.052,-0.118,0.079,0.0,0.001,11385.0,6816.0,1.0
mu[1829],-0.104,0.068,-0.243,0.016,0.001,0.001,10470.0,7787.0,1.0
mu[1830],-0.053,0.035,-0.119,0.014,0.0,0.0,17934.0,5222.0,1.0
mu[1831],-0.052,0.035,-0.117,0.016,0.0,0.0,18044.0,5494.0,1.0
mu[1832],-0.053,0.035,-0.119,0.014,0.0,0.0,17934.0,5222.0,1.0
mu[1833],-0.019,0.051,-0.118,0.074,0.0,0.001,11565.0,6785.0,1.0
mu[1834],-0.036,0.039,-0.111,0.037,0.0,0.0,14676.0,5938.0,1.0
mu[1835],-0.068,0.039,-0.141,0.009,0.0,0.0,15101.0,6336.0,1.0
mu[1836],-0.039,0.038,-0.11,0.034,0.0,0.0,15347.0,5759.0,1.0
mu[1837],-0.032,0.041,-0.11,0.045,0.0,0.0,13816.0,6102.0,1.0
mu[1838],-0.072,0.041,-0.147,0.009,0.0,0.0,14358.0,6660.0,1.0
mu[1839],-0.046,0.036,-0.111,0.024,0.0,0.0,17351.0,5746.0,1.0
mu[1840],-0.077,0.045,-0.163,0.006,0.0,0.0,13272.0,6898.0,1.0
mu[1841],-0.017,0.053,-0.118,0.079,0.0,0.001,11369.0,6816.0,1.0
mu[1842],-0.087,0.053,-0.195,0.006,0.0,0.001,11728.0,7593.0,1.0
mu[1843],-0.063,0.037,-0.134,0.007,0.0,0.0,16112.0,6026.0,1.0
mu[1844],-0.064,0.038,-0.135,0.008,0.0,0.0,15860.0,6001.0,1.0
mu[1845],-0.047,0.035,-0.111,0.023,0.0,0.0,17464.0,5725.0,1.0
mu[1846],-0.07,0.04,-0.146,0.007,0.0,0.0,14642.0,6663.0,1.0
mu[1847],-0.047,0.035,-0.111,0.023,0.0,0.0,17464.0,5725.0,1.0
mu[1848],-0.064,0.038,-0.135,0.008,0.0,0.0,15860.0,6001.0,1.0
mu[1849],-0.088,0.053,-0.196,0.007,0.0,0.001,11679.0,7669.0,1.0
mu[1850],-0.029,0.043,-0.112,0.051,0.0,0.0,13145.0,6003.0,1.0
mu[1851],-0.029,0.043,-0.112,0.051,0.0,0.0,13145.0,6003.0,1.0
mu[1852],-0.053,0.035,-0.119,0.014,0.0,0.0,17993.0,5351.0,1.0
mu[1853],-0.051,0.035,-0.115,0.018,0.0,0.0,17937.0,5616.0,1.0
mu[1854],-0.061,0.036,-0.128,0.01,0.0,0.0,16555.0,5647.0,1.0
mu[1855],-0.061,0.036,-0.128,0.01,0.0,0.0,16537.0,5648.0,1.0
mu[1856],-0.035,0.04,-0.108,0.042,0.0,0.0,14448.0,6100.0,1.0
mu[1857],-0.055,0.035,-0.121,0.012,0.0,0.0,17669.0,5311.0,1.0
mu[1858],-0.018,0.052,-0.117,0.079,0.0,0.001,11438.0,6847.0,1.0
mu[1859],-0.029,0.043,-0.112,0.051,0.0,0.0,13145.0,6003.0,1.0
mu[1860],-0.047,0.035,-0.111,0.023,0.0,0.0,17464.0,5725.0,1.0
mu[1861],-0.024,0.047,-0.116,0.06,0.0,0.001,12283.0,6495.0,1.0
mu[1862],-0.076,0.044,-0.161,0.006,0.0,0.0,13410.0,6776.0,1.0
mu[1863],-0.082,0.048,-0.174,0.01,0.0,0.0,12406.0,7060.0,1.0
mu[1864],-0.04,0.038,-0.111,0.031,0.0,0.0,15713.0,5716.0,1.0
mu[1865],-0.041,0.037,-0.109,0.032,0.0,0.0,15999.0,5694.0,1.0
mu[1866],-0.058,0.036,-0.123,0.012,0.0,0.0,16975.0,5168.0,1.0
mu[1867],-0.064,0.038,-0.135,0.008,0.0,0.0,15860.0,6001.0,1.0
mu[1868],-0.018,0.052,-0.117,0.079,0.0,0.001,11438.0,6847.0,1.0
mu[1869],-0.019,0.051,-0.118,0.074,0.0,0.001,11565.0,6785.0,1.0
mu[1870],-0.121,0.085,-0.278,0.045,0.001,0.001,9892.0,7662.0,1.0
mu[1871],-0.064,0.038,-0.135,0.008,0.0,0.0,15860.0,6001.0,1.0
mu[1872],-0.022,0.049,-0.12,0.065,0.0,0.001,11922.0,6814.0,1.0
mu[1873],-0.033,0.041,-0.11,0.045,0.0,0.0,13886.0,6128.0,1.0
mu[1874],-0.01,0.058,-0.122,0.098,0.001,0.001,10787.0,7340.0,1.0
mu[1875],-0.035,0.04,-0.108,0.042,0.0,0.0,14448.0,6100.0,1.0
mu[1876],-0.094,0.058,-0.205,0.016,0.001,0.001,11130.0,7747.0,1.0
mu[1877],-0.056,0.035,-0.122,0.012,0.0,0.0,17391.0,5257.0,1.0
mu[1878],-0.051,0.035,-0.117,0.016,0.0,0.0,17930.0,5616.0,1.0
mu[1879],-0.025,0.046,-0.116,0.059,0.0,0.001,12364.0,6578.0,1.0
mu[1880],-0.075,0.044,-0.158,0.007,0.0,0.0,13557.0,6717.0,1.0
mu[1881],-0.064,0.038,-0.135,0.008,0.0,0.0,15860.0,6001.0,1.0
mu[1882],-0.058,0.036,-0.123,0.012,0.0,0.0,16975.0,5168.0,1.0
mu[1883],-0.029,0.043,-0.112,0.051,0.0,0.0,13145.0,6003.0,1.0
mu[1884],-0.012,0.056,-0.121,0.091,0.001,0.001,10952.0,7485.0,1.0
mu[1885],-0.021,0.049,-0.117,0.069,0.0,0.001,11819.0,6848.0,1.0
mu[1886],-0.077,0.045,-0.163,0.006,0.0,0.0,13280.0,6898.0,1.0
mu[1887],-0.014,0.055,-0.12,0.087,0.001,0.001,11078.0,7155.0,1.0
mu[1888],-0.04,0.037,-0.111,0.03,0.0,0.0,15807.0,5695.0,1.0
mu[1889],-0.064,0.037,-0.134,0.008,0.0,0.0,16005.0,6025.0,1.0
mu[1890],-0.035,0.04,-0.108,0.042,0.0,0.0,14448.0,6100.0,1.0
mu[1891],-0.029,0.043,-0.112,0.051,0.0,0.0,13145.0,6003.0,1.0
mu[1892],-0.047,0.035,-0.111,0.023,0.0,0.0,17464.0,5725.0,1.0
mu[1893],-0.053,0.035,-0.119,0.014,0.0,0.0,17993.0,5351.0,1.0
mu[1894],-0.041,0.037,-0.109,0.032,0.0,0.0,15999.0,5694.0,1.0
mu[1895],-0.047,0.035,-0.111,0.023,0.0,0.0,17464.0,5725.0,1.0
mu[1896],-0.076,0.044,-0.161,0.006,0.0,0.0,13410.0,6776.0,1.0
mu[1897],-0.037,0.039,-0.112,0.033,0.0,0.0,15023.0,5937.0,1.0
mu[1898],-0.046,0.036,-0.111,0.024,0.0,0.0,17258.0,5598.0,1.0
mu[1899],-0.062,0.037,-0.133,0.007,0.0,0.0,16242.0,5969.0,1.0
mu[1900],-0.02,0.05,-0.119,0.07,0.0,0.001,11697.0,6878.0,1.0
mu[1901],-0.039,0.038,-0.111,0.033,0.0,0.0,15454.0,5738.0,1.0
mu[1902],-0.043,0.036,-0.11,0.028,0.0,0.0,16611.0,5873.0,1.0
mu[1903],-0.012,0.057,-0.122,0.092,0.001,0.001,10899.0,7486.0,1.0
mu[1904],-0.035,0.04,-0.108,0.042,0.0,0.0,14448.0,6100.0,1.0
mu[1905],0.033,0.04,-0.042,0.11,0.0,0.0,15110.0,6507.0,1.0
mu[1906],-0.007,0.036,-0.075,0.06,0.0,0.0,19582.0,6129.0,1.0
mu[1907],0.199,0.076,0.053,0.34,0.001,0.001,9443.0,6364.0,1.0
mu[1908],-0.089,0.039,-0.162,-0.018,0.0,0.0,16278.0,5618.0,1.0
mu[1909],-0.133,0.045,-0.216,-0.047,0.0,0.001,13321.0,5885.0,1.0
mu[1910],0.007,0.037,-0.063,0.078,0.0,0.0,18205.0,6302.0,1.0
mu[1911],-0.059,0.036,-0.129,0.007,0.0,0.0,18648.0,5753.0,1.0
mu[1912],0.044,0.042,-0.035,0.122,0.0,0.0,14212.0,6677.0,1.0
mu[1913],-0.138,0.046,-0.221,-0.049,0.0,0.001,13054.0,5836.0,1.0
mu[1914],-0.21,0.062,-0.322,-0.09,0.001,0.001,10719.0,5950.0,1.0
mu[1915],0.076,0.047,-0.011,0.166,0.0,0.001,12276.0,6605.0,1.0
mu[1916],0.068,0.046,-0.017,0.155,0.0,0.0,12635.0,6609.0,1.0
mu[1917],0.523,0.165,0.21,0.829,0.002,0.002,8565.0,5403.0,1.0
mu[1918],0.023,0.039,-0.05,0.096,0.0,0.0,16628.0,6390.0,1.0
mu[1919],-0.054,0.036,-0.122,0.013,0.0,0.0,19097.0,5614.0,1.0
mu[1920],-0.018,0.035,-0.086,0.047,0.0,0.0,20364.0,5973.0,1.0
mu[1921],0.008,0.037,-0.062,0.078,0.0,0.0,18116.0,6287.0,1.0
mu[1922],-0.175,0.054,-0.272,-0.071,0.0,0.001,11856.0,6018.0,1.0
mu[1923],0.146,0.063,0.033,0.271,0.001,0.001,10096.0,6456.0,1.0
mu[1924],-0.18,0.055,-0.279,-0.073,0.001,0.001,11729.0,5924.0,1.0
mu[1925],0.03,0.04,-0.044,0.106,0.0,0.0,15394.0,6535.0,1.0
mu[1926],-0.009,0.036,-0.076,0.059,0.0,0.0,19779.0,6157.0,1.0
mu[1927],0.03,0.04,-0.044,0.106,0.0,0.0,15420.0,6507.0,1.0
mu[1928],0.298,0.102,0.104,0.49,0.001,0.001,8910.0,5857.0,1.0
mu[1929],-0.031,0.035,-0.1,0.034,0.0,0.0,20247.0,5806.0,1.0
mu[1930],0.027,0.039,-0.049,0.099,0.0,0.0,15725.0,6425.0,1.0
mu[1931],0.109,0.054,0.011,0.215,0.001,0.001,10974.0,6486.0,1.0
mu[1932],0.026,0.039,-0.049,0.099,0.0,0.0,15861.0,6425.0,1.0
mu[1933],-0.004,0.036,-0.073,0.064,0.0,0.0,19354.0,6082.0,1.0
mu[1934],-0.051,0.035,-0.117,0.017,0.0,0.0,19309.0,5710.0,1.0
mu[1935],0.137,0.061,0.029,0.258,0.001,0.001,10286.0,6541.0,1.0
mu[1936],-0.154,0.049,-0.244,-0.06,0.0,0.001,12443.0,6191.0,1.0
mu[1937],-0.102,0.04,-0.179,-0.028,0.0,0.0,15252.0,5468.0,1.0
mu[1938],-0.024,0.035,-0.09,0.043,0.0,0.0,20366.0,5790.0,1.0
mu[1939],-0.02,0.035,-0.087,0.046,0.0,0.0,20370.0,6031.0,1.0
mu[1940],-0.139,0.046,-0.222,-0.049,0.0,0.001,13037.0,6002.0,1.0
mu[1941],-0.083,0.038,-0.154,-0.013,0.0,0.0,16793.0,5530.0,1.0
mu[1942],-0.201,0.06,-0.307,-0.084,0.001,0.001,10914.0,5970.0,1.0
mu[1943],-0.155,0.05,-0.245,-0.061,0.0,0.001,12395.0,6068.0,1.0
mu[1944],-0.009,0.036,-0.077,0.058,0.0,0.0,19797.0,6157.0,1.0
mu[1945],0.025,0.039,-0.049,0.098,0.0,0.0,15919.0,6417.0,1.0
mu[1946],0.182,0.072,0.053,0.324,0.001,0.001,9609.0,6445.0,1.0
mu[1947],-0.141,0.047,-0.225,-0.052,0.0,0.001,12947.0,6075.0,1.0
mu[1948],0.067,0.046,-0.018,0.153,0.0,0.0,12711.0,6623.0,1.0
mu[1949],-0.222,0.065,-0.337,-0.095,0.001,0.001,10491.0,5794.0,1.0
mu[1950],0.279,0.097,0.095,0.46,0.001,0.001,8977.0,5771.0,1.0
mu[1951],0.043,0.042,-0.036,0.12,0.0,0.0,14278.0,6619.0,1.0
mu[1952],-0.021,0.035,-0.088,0.045,0.0,0.0,20360.0,5914.0,1.0
mu[1953],-0.048,0.035,-0.114,0.019,0.0,0.0,19508.0,5666.0,1.0
mu[1954],-0.088,0.038,-0.161,-0.017,0.0,0.0,16343.0,5681.0,1.0
mu[1955],-0.203,0.06,-0.31,-0.085,0.001,0.001,10865.0,6018.0,1.0
mu[1956],0.215,0.08,0.062,0.364,0.001,0.001,9321.0,6223.0,1.0
mu[1957],-0.032,0.035,-0.099,0.034,0.0,0.0,20240.0,5740.0,1.0
mu[1958],-0.034,0.035,-0.102,0.031,0.0,0.0,20139.0,5675.0,1.0
mu[1959],-0.032,0.035,-0.099,0.034,0.0,0.0,20240.0,5740.0,1.0
mu[1960],-0.195,0.058,-0.298,-0.08,0.001,0.001,11411.0,6015.0,1.0
mu[1961],-0.113,0.042,-0.191,-0.034,0.0,0.0,14515.0,5494.0,1.0
mu[1962],0.041,0.041,-0.035,0.121,0.0,0.0,14457.0,6591.0,1.0
mu[1963],-0.1,0.04,-0.177,-0.027,0.0,0.0,15386.0,5469.0,1.0
mu[1964],-0.129,0.045,-0.21,-0.044,0.0,0.0,13504.0,5752.0,1.0
mu[1965],0.058,0.044,-0.023,0.142,0.0,0.0,13242.0,6678.0,1.0
mu[1966],-0.063,0.036,-0.132,0.004,0.0,0.0,18303.0,5770.0,1.0
mu[1967],0.083,0.049,-0.007,0.175,0.0,0.001,11948.0,6724.0,1.0
mu[1968],-0.204,0.06,-0.311,-0.085,0.001,0.001,10844.0,5948.0,1.0
mu[1969],0.133,0.06,0.018,0.243,0.001,0.001,10353.0,6625.0,1.0
mu[1970],0.017,0.038,-0.055,0.089,0.0,0.0,17191.0,6278.0,1.0
mu[1971],0.023,0.039,-0.05,0.096,0.0,0.0,16599.0,6417.0,1.0
mu[1972],-0.061,0.036,-0.13,0.005,0.0,0.0,18529.0,5751.0,1.0
mu[1973],0.051,0.043,-0.029,0.132,0.0,0.0,13669.0,6678.0,1.0
mu[1974],-0.061,0.036,-0.13,0.005,0.0,0.0,18529.0,5751.0,1.0
mu[1975],0.023,0.039,-0.05,0.096,0.0,0.0,16599.0,6417.0,1.0
mu[1976],0.136,0.061,0.019,0.247,0.001,0.001,10308.0,6625.0,1.0
mu[1977],-0.145,0.048,-0.232,-0.055,0.0,0.001,12765.0,6040.0,1.0
mu[1978],-0.145,0.048,-0.232,-0.055,0.0,0.001,12765.0,6040.0,1.0
mu[1979],-0.033,0.035,-0.1,0.033,0.0,0.0,20217.0,5762.0,1.0
mu[1980],-0.041,0.035,-0.107,0.026,0.0,0.0,19867.0,5656.0,1.0
mu[1981],0.007,0.037,-0.063,0.077,0.0,0.0,18260.0,6302.0,1.0
mu[1982],0.007,0.037,-0.063,0.078,0.0,0.0,18205.0,6302.0,1.0
mu[1983],-0.117,0.042,-0.194,-0.034,0.0,0.0,14245.0,5592.0,1.0
mu[1984],-0.023,0.035,-0.089,0.044,0.0,0.0,20376.0,5845.0,1.0
mu[1985],-0.201,0.06,-0.307,-0.084,0.001,0.001,10914.0,5970.0,1.0
mu[1986],-0.145,0.048,-0.232,-0.055,0.0,0.001,12765.0,6040.0,1.0
mu[1987],-0.061,0.036,-0.13,0.005,0.0,0.0,18529.0,5751.0,1.0
mu[1988],-0.169,0.052,-0.264,-0.069,0.0,0.001,11993.0,5994.0,1.0
mu[1989],0.079,0.048,-0.009,0.171,0.0,0.001,12097.0,6666.0,1.0
mu[1990],0.107,0.054,0.009,0.212,0.001,0.001,11016.0,6542.0,1.0
mu[1991],-0.094,0.039,-0.169,-0.022,0.0,0.0,15861.0,5555.0,1.0
mu[1992],-0.089,0.039,-0.162,-0.018,0.0,0.0,16278.0,5618.0,1.0
mu[1993],-0.005,0.036,-0.073,0.063,0.0,0.0,19408.0,6082.0,1.0
mu[1994],0.023,0.039,-0.05,0.096,0.0,0.0,16599.0,6417.0,1.0
mu[1995],-0.201,0.06,-0.307,-0.084,0.001,0.001,10914.0,5970.0,1.0
mu[1996],-0.195,0.058,-0.298,-0.08,0.001,0.001,11411.0,6015.0,1.0
mu[1997],0.296,0.102,0.103,0.487,0.001,0.001,8914.0,5857.0,1.0
mu[1998],0.023,0.039,-0.05,0.096,0.0,0.0,16599.0,6417.0,1.0
mu[1999],-0.181,0.055,-0.281,-0.074,0.001,0.001,11696.0,5856.0,1.0
mu[2000],-0.128,0.044,-0.208,-0.043,0.0,0.0,13583.0,5751.0,1.0
mu[2001],-0.236,0.068,-0.361,-0.106,0.001,0.001,10259.0,5839.0,1.0
mu[2002],-0.117,0.042,-0.194,-0.034,0.0,0.0,14245.0,5592.0,1.0
mu[2003],0.164,0.067,0.036,0.29,0.001,0.001,9832.0,6522.0,1.0
mu[2004],-0.015,0.036,-0.081,0.052,0.0,0.0,20190.0,6066.0,1.0
mu[2005],-0.042,0.035,-0.108,0.025,0.0,0.0,19836.0,5708.0,1.0
mu[2006],-0.166,0.052,-0.261,-0.068,0.0,0.001,12064.0,5921.0,1.0
mu[2007],0.076,0.048,-0.01,0.166,0.0,0.001,12249.0,6605.0,1.0
mu[2008],0.023,0.039,-0.05,0.096,0.0,0.0,16599.0,6417.0,1.0
mu[2009],-0.005,0.036,-0.073,0.063,0.0,0.0,19408.0,6082.0,1.0
mu[2010],-0.145,0.048,-0.232,-0.055,0.0,0.001,12765.0,6040.0,1.0
mu[2011],-0.226,0.066,-0.347,-0.101,0.001,0.001,10421.0,5931.0,1.0
mu[2012],-0.185,0.056,-0.285,-0.075,0.001,0.001,11617.0,5992.0,1.0
mu[2013],0.083,0.049,-0.007,0.175,0.0,0.001,11962.0,6724.0,1.0
mu[2014],-0.219,0.064,-0.333,-0.094,0.001,0.001,10548.0,5839.0,1.0
mu[2015],-0.092,0.039,-0.167,-0.021,0.0,0.0,15995.0,5534.0,1.0
mu[2016],0.02,0.039,-0.052,0.093,0.0,0.0,16914.0,6344.0,1.0
mu[2017],-0.117,0.042,-0.194,-0.034,0.0,0.0,14245.0,5592.0,1.0
mu[2018],-0.145,0.048,-0.232,-0.055,0.0,0.001,12765.0,6040.0,1.0
mu[2019],-0.061,0.036,-0.13,0.005,0.0,0.0,18529.0,5751.0,1.0
mu[2020],-0.033,0.035,-0.1,0.033,0.0,0.0,20217.0,5762.0,1.0
mu[2021],-0.089,0.039,-0.162,-0.018,0.0,0.0,16278.0,5618.0,1.0
mu[2022],-0.061,0.036,-0.13,0.005,0.0,0.0,18529.0,5751.0,1.0
mu[2023],0.079,0.048,-0.009,0.171,0.0,0.001,12097.0,6666.0,1.0
mu[2024],-0.106,0.041,-0.181,-0.027,0.0,0.0,14953.0,5422.0,1.0
mu[2025],-0.065,0.036,-0.134,0.002,0.0,0.0,18156.0,5682.0,1.0
mu[2026],0.014,0.038,-0.056,0.087,0.0,0.0,17502.0,6362.0,1.0
mu[2027],-0.19,0.057,-0.291,-0.077,0.001,0.001,11512.0,6086.0,1.0
mu[2028],-0.098,0.04,-0.173,-0.024,0.0,0.0,15536.0,5590.0,1.0
mu[2029],-0.078,0.037,-0.147,-0.008,0.0,0.0,17166.0,5479.0,1.0
mu[2030],-0.229,0.066,-0.351,-0.102,0.001,0.001,10370.0,5934.0,1.0
mu[2031],-0.117,0.042,-0.194,-0.034,0.0,0.0,14245.0,5592.0,1.0
mu[2032],-0.048,0.039,-0.12,0.025,0.0,0.0,17334.0,6843.0,1.0
mu[2033],-0.036,0.035,-0.102,0.031,0.0,0.0,21514.0,5996.0,1.0
mu[2034],-0.096,0.07,-0.232,0.028,0.001,0.001,10753.0,7508.0,1.0
mu[2035],-0.013,0.038,-0.08,0.062,0.0,0.0,17455.0,6382.0,1.0
mu[2036],0.0,0.043,-0.079,0.084,0.0,0.0,14164.0,7057.0,1.0
mu[2037],-0.041,0.036,-0.107,0.028,0.0,0.0,20065.0,6045.0,1.0
mu[2038],-0.021,0.035,-0.092,0.042,0.0,0.0,19980.0,5796.0,1.0
mu[2039],-0.051,0.04,-0.124,0.026,0.0,0.0,16326.0,6934.0,1.0
mu[2040],0.002,0.044,-0.084,0.082,0.0,0.0,13871.0,6993.0,1.0
mu[2041],0.022,0.058,-0.082,0.133,0.001,0.001,11371.0,7417.0,1.0
mu[2042],-0.06,0.045,-0.145,0.022,0.0,0.0,14212.0,7187.0,1.0
mu[2043],-0.058,0.043,-0.139,0.024,0.0,0.0,14692.0,7054.0,1.0
mu[2044],-0.19,0.149,-0.472,0.085,0.002,0.001,9235.0,6302.0,1.0
mu[2045],-0.045,0.037,-0.113,0.028,0.0,0.0,18358.0,6411.0,1.0
mu[2046],-0.023,0.035,-0.089,0.044,0.0,0.0,20344.0,5746.0,1.0
mu[2047],-0.033,0.035,-0.1,0.032,0.0,0.0,22426.0,5948.0,1.0
mu[2048],-0.041,0.036,-0.107,0.029,0.0,0.0,19958.0,6130.0,1.0
mu[2049],0.012,0.051,-0.08,0.11,0.0,0.0,12311.0,7444.0,1.0
mu[2050],-0.081,0.058,-0.187,0.03,0.001,0.001,11630.0,7225.0,1.0
mu[2051],0.014,0.052,-0.08,0.112,0.0,0.0,12148.0,7370.0,1.0
mu[2052],-0.047,0.038,-0.115,0.028,0.0,0.0,17610.0,6699.0,1.0
mu[2053],-0.036,0.035,-0.102,0.03,0.0,0.0,21682.0,5933.0,1.0
mu[2054],-0.047,0.038,-0.115,0.028,0.0,0.0,17639.0,6692.0,1.0
mu[2055],-0.125,0.093,-0.296,0.052,0.001,0.001,10091.0,7156.0,1.0
mu[2056],-0.029,0.035,-0.095,0.036,0.0,0.0,23005.0,5887.0,1.0
mu[2057],-0.046,0.038,-0.114,0.028,0.0,0.0,17945.0,6595.0,1.0
mu[2058],-0.07,0.051,-0.163,0.027,0.0,0.0,12743.0,7189.0,1.0
mu[2059],-0.046,0.038,-0.114,0.028,0.0,0.0,18080.0,6472.0,1.0
mu[2060],-0.037,0.035,-0.103,0.03,0.0,0.0,21263.0,5996.0,1.0
mu[2061],-0.024,0.035,-0.087,0.045,0.0,0.0,20518.0,5757.0,1.0
mu[2062],-0.078,0.056,-0.181,0.028,0.001,0.001,11870.0,7092.0,1.0
mu[2063],0.006,0.047,-0.08,0.096,0.0,0.0,13091.0,7481.0,1.0
mu[2064],-0.009,0.039,-0.079,0.067,0.0,0.0,16331.0,6707.0,1.0
mu[2065],-0.031,0.035,-0.097,0.034,0.0,0.0,22783.0,5816.0,1.0
mu[2066],-0.033,0.035,-0.098,0.033,0.0,0.0,22547.0,5890.0,1.0
mu[2067],0.002,0.044,-0.084,0.082,0.0,0.0,13857.0,7058.0,1.0
mu[2068],-0.014,0.037,-0.081,0.059,0.0,0.0,18000.0,6215.0,1.0
mu[2069],0.02,0.056,-0.083,0.126,0.001,0.001,11569.0,7171.0,1.0
mu[2070],0.007,0.047,-0.082,0.094,0.0,0.0,13043.0,7481.0,1.0
mu[2071],-0.036,0.035,-0.101,0.031,0.0,0.0,21717.0,5980.0,1.0
mu[2072],-0.046,0.038,-0.113,0.028,0.0,0.0,18136.0,6455.0,1.0
mu[2073],-0.091,0.066,-0.21,0.035,0.001,0.001,10979.0,7416.0,1.0
mu[2074],0.002,0.045,-0.083,0.084,0.0,0.0,13751.0,7058.0,1.0
mu[2075],-0.058,0.043,-0.139,0.024,0.0,0.0,14801.0,6990.0,1.0
mu[2076],0.026,0.06,-0.085,0.14,0.001,0.001,11143.0,7392.0,1.0
mu[2077],-0.119,0.088,-0.279,0.052,0.001,0.001,10183.0,7184.0,1.0
mu[2078],-0.051,0.04,-0.124,0.026,0.0,0.0,16411.0,6862.0,1.0
mu[2079],-0.032,0.035,-0.098,0.033,0.0,0.0,22600.0,5842.0,1.0
mu[2080],-0.025,0.035,-0.089,0.044,0.0,0.0,20656.0,5761.0,1.0
mu[2081],-0.013,0.037,-0.08,0.061,0.0,0.0,17534.0,6353.0,1.0
mu[2082],0.02,0.056,-0.082,0.128,0.001,0.001,11516.0,7205.0,1.0
mu[2083],-0.101,0.073,-0.243,0.031,0.001,0.001,10585.0,7489.0,1.0
mu[2084],-0.029,0.035,-0.095,0.035,0.0,0.0,23014.0,5887.0,1.0
mu[2085],-0.028,0.035,-0.095,0.036,0.0,0.0,23035.0,5938.0,1.0
mu[2086],-0.029,0.035,-0.095,0.035,0.0,0.0,23014.0,5887.0,1.0
mu[2087],0.018,0.055,-0.081,0.123,0.001,0.001,11705.0,7157.0,1.0
mu[2088],-0.006,0.04,-0.078,0.073,0.0,0.0,15496.0,6804.0,1.0
mu[2089],-0.05,0.04,-0.123,0.026,0.0,0.0,16611.0,6840.0,1.0
mu[2090],-0.009,0.039,-0.079,0.066,0.0,0.0,16464.0,6567.0,1.0
mu[2091],-0.001,0.043,-0.078,0.082,0.0,0.0,14375.0,6992.0,1.0
mu[2092],-0.055,0.042,-0.135,0.023,0.0,0.0,15345.0,6832.0,1.0
mu[2093],-0.02,0.035,-0.091,0.044,0.0,0.0,19674.0,5782.0,1.0
mu[2094],-0.062,0.046,-0.15,0.022,0.0,0.0,13933.0,7189.0,1.0
mu[2095],0.021,0.056,-0.083,0.128,0.001,0.001,11497.0,7239.0,1.0
mu[2096],-0.077,0.055,-0.18,0.028,0.001,0.001,11958.0,7193.0,1.0
mu[2097],-0.043,0.037,-0.111,0.027,0.0,0.0,18975.0,6266.0,1.0
mu[2098],-0.045,0.038,-0.113,0.028,0.0,0.0,18334.0,6482.0,1.0
mu[2099],-0.021,0.035,-0.089,0.046,0.0,0.0,19874.0,5710.0,1.0
mu[2100],-0.053,0.041,-0.13,0.024,0.0,0.0,15794.0,6866.0,1.0
mu[2101],-0.021,0.035,-0.089,0.046,0.0,0.0,19874.0,5710.0,1.0
mu[2102],-0.045,0.038,-0.113,0.028,0.0,0.0,18334.0,6482.0,1.0
mu[2103],-0.078,0.056,-0.18,0.029,0.001,0.001,11900.0,7125.0,1.0
mu[2104],0.004,0.045,-0.082,0.087,0.0,0.0,13528.0,7338.0,1.0
mu[2105],0.004,0.045,-0.082,0.087,0.0,0.0,13528.0,7338.0,1.0
mu[2106],-0.029,0.035,-0.093,0.037,0.0,0.0,23032.0,5936.0,1.0
mu[2107],-0.026,0.035,-0.093,0.039,0.0,0.0,20924.0,5623.0,1.0
mu[2108],-0.04,0.036,-0.107,0.028,0.0,0.0,20134.0,6022.0,1.0
mu[2109],-0.041,0.036,-0.107,0.028,0.0,0.0,20065.0,6045.0,1.0
mu[2110],-0.005,0.041,-0.079,0.074,0.0,0.0,15209.0,6804.0,1.0
mu[2111],-0.032,0.035,-0.097,0.034,0.0,0.0,22717.0,5821.0,1.0
mu[2112],0.02,0.056,-0.083,0.126,0.001,0.001,11569.0,7171.0,1.0
mu[2113],0.004,0.045,-0.082,0.087,0.0,0.0,13528.0,7338.0,1.0
mu[2114],-0.021,0.035,-0.089,0.046,0.0,0.0,19874.0,5710.0,1.0
mu[2115],0.011,0.05,-0.082,0.103,0.0,0.0,12497.0,7347.0,1.0
mu[2116],-0.061,0.045,-0.147,0.023,0.0,0.0,14059.0,7086.0,1.0
mu[2117],-0.069,0.05,-0.162,0.026,0.0,0.0,12794.0,7189.0,1.0
mu[2118],-0.011,0.038,-0.081,0.062,0.0,0.0,17008.0,6568.0,1.0
mu[2119],-0.013,0.038,-0.08,0.062,0.0,0.0,17455.0,6382.0,1.0
mu[2120],-0.037,0.035,-0.103,0.029,0.0,0.0,21310.0,5972.0,1.0
mu[2121],-0.045,0.038,-0.113,0.028,0.0,0.0,18334.0,6482.0,1.0
mu[2122],0.02,0.056,-0.083,0.126,0.001,0.001,11569.0,7171.0,1.0
mu[2123],0.018,0.055,-0.081,0.123,0.001,0.001,11705.0,7157.0,1.0
mu[2124],-0.124,0.092,-0.294,0.052,0.001,0.001,10098.0,7150.0,1.0
mu[2125],-0.045,0.038,-0.113,0.028,0.0,0.0,18334.0,6482.0,1.0
mu[2126],0.014,0.052,-0.081,0.113,0.0,0.001,12094.0,7442.0,1.0
mu[2127],-0.001,0.043,-0.078,0.082,0.0,0.0,14464.0,6929.0,1.0
mu[2128],0.03,0.063,-0.086,0.151,0.001,0.001,10903.0,7376.0,1.0
mu[2129],-0.005,0.041,-0.079,0.074,0.0,0.0,15209.0,6804.0,1.0
mu[2130],-0.086,0.062,-0.198,0.033,0.001,0.001,11294.0,7368.0,1.0
mu[2131],-0.034,0.035,-0.1,0.031,0.0,0.0,22128.0,5947.0,1.0
mu[2132],-0.026,0.035,-0.095,0.037,0.0,0.0,20883.0,5667.0,1.0
mu[2133],0.01,0.049,-0.082,0.101,0.0,0.0,12587.0,7347.0,1.0
mu[2134],-0.06,0.045,-0.146,0.022,0.0,0.0,14180.0,7187.0,1.0
mu[2135],-0.045,0.038,-0.113,0.028,0.0,0.0,18334.0,6482.0,1.0
mu[2136],-0.037,0.035,-0.103,0.029,0.0,0.0,21310.0,5972.0,1.0
mu[2137],0.004,0.045,-0.082,0.087,0.0,0.0,13528.0,7338.0,1.0
mu[2138],0.027,0.061,-0.085,0.143,0.001,0.001,11072.0,7377.0,1.0
mu[2139],0.015,0.053,-0.086,0.111,0.0,0.001,11988.0,7450.0,1.0
mu[2140],-0.062,0.046,-0.15,0.022,0.0,0.0,13945.0,7189.0,1.0
mu[2141],0.025,0.06,-0.087,0.137,0.001,0.001,11200.0,7375.0,1.0
mu[2142],-0.012,0.038,-0.081,0.061,0.0,0.0,17155.0,6515.0,1.0
mu[2143],-0.044,0.037,-0.114,0.025,0.0,0.0,18643.0,6411.0,1.0
mu[2144],-0.005,0.041,-0.079,0.074,0.0,0.0,15209.0,6804.0,1.0
mu[2145],0.004,0.045,-0.082,0.087,0.0,0.0,13528.0,7338.0,1.0
mu[2146],-0.021,0.035,-0.089,0.046,0.0,0.0,19874.0,5710.0,1.0
mu[2147],-0.029,0.035,-0.093,0.037,0.0,0.0,23032.0,5936.0,1.0
mu[2148],-0.013,0.038,-0.08,0.062,0.0,0.0,17455.0,6382.0,1.0
mu[2149],-0.021,0.035,-0.089,0.046,0.0,0.0,19874.0,5710.0,1.0
mu[2150],-0.061,0.045,-0.147,0.023,0.0,0.0,14059.0,7086.0,1.0
mu[2151],-0.008,0.039,-0.078,0.069,0.0,0.0,15983.0,6736.0,1.0
mu[2152],-0.02,0.036,-0.091,0.045,0.0,0.0,19518.0,5962.0,1.0
mu[2153],-0.043,0.037,-0.112,0.026,0.0,0.0,19313.0,6139.0,1.0
mu[2154],0.017,0.054,-0.086,0.114,0.0,0.001,11856.0,7346.0,1.0
mu[2155],-0.01,0.039,-0.08,0.065,0.0,0.0,16619.0,6624.0,1.0
mu[2156],-0.016,0.037,-0.081,0.058,0.0,0.0,18395.0,5911.0,1.0
mu[2157],0.028,0.062,-0.086,0.145,0.001,0.001,11020.0,7414.0,1.0
mu[2158],-0.005,0.041,-0.079,0.074,0.0,0.0,15209.0,6804.0,1.0
mu[2159],-0.036,0.041,-0.117,0.038,0.0,0.0,15726.0,6534.0,1.0
mu[2160],-0.029,0.038,-0.1,0.042,0.0,0.0,18227.0,5962.0,1.0
mu[2161],-0.069,0.071,-0.202,0.065,0.001,0.001,9927.0,7321.0,1.0
mu[2162],-0.012,0.039,-0.085,0.06,0.0,0.0,16925.0,6227.0,1.0
mu[2163],-0.004,0.044,-0.087,0.08,0.0,0.0,14137.0,6836.0,1.0
mu[2164],-0.031,0.038,-0.111,0.035,0.0,0.0,17347.0,6104.0,1.0
mu[2165],-0.018,0.037,-0.087,0.051,0.0,0.0,18680.0,5733.0,1.0
mu[2166],-0.038,0.042,-0.119,0.041,0.0,0.0,14882.0,6631.0,1.0
mu[2167],-0.003,0.045,-0.088,0.081,0.0,0.0,13858.0,6806.0,1.0
mu[2168],0.011,0.058,-0.098,0.12,0.001,0.001,11328.0,7104.0,1.0
mu[2169],-0.045,0.047,-0.135,0.042,0.0,0.0,12882.0,6980.0,1.0
mu[2170],-0.043,0.046,-0.13,0.043,0.0,0.0,13276.0,6999.0,1.0
mu[2171],-0.132,0.149,-0.402,0.158,0.002,0.001,8830.0,7261.0,1.0
mu[2172],-0.034,0.04,-0.114,0.037,0.0,0.0,16223.0,6375.0,1.0
mu[2173],-0.019,0.037,-0.091,0.048,0.0,0.0,18913.0,5609.0,1.0
mu[2174],-0.026,0.037,-0.098,0.041,0.0,0.0,18774.0,5827.0,1.0
mu[2175],-0.031,0.038,-0.109,0.038,0.0,0.0,17292.0,6131.0,1.0
mu[2176],0.004,0.051,-0.091,0.101,0.0,0.001,12325.0,7071.0,1.0
mu[2177],-0.059,0.06,-0.167,0.057,0.001,0.001,10552.0,7258.0,1.0
mu[2178],0.005,0.052,-0.089,0.107,0.0,0.001,12154.0,7104.0,1.0
mu[2179],-0.036,0.041,-0.116,0.038,0.0,0.0,15994.0,6468.0,1.0
mu[2180],-0.028,0.037,-0.1,0.041,0.0,0.0,18349.0,5918.0,1.0
mu[2181],-0.036,0.041,-0.116,0.038,0.0,0.0,16022.0,6489.0,1.0
mu[2182],-0.088,0.094,-0.262,0.092,0.001,0.001,9469.0,7372.0,1.0
mu[2183],-0.024,0.037,-0.094,0.044,0.0,0.0,19130.0,5413.0,1.0
mu[2184],-0.035,0.04,-0.114,0.039,0.0,0.0,15959.0,6402.0,1.0
mu[2185],-0.051,0.052,-0.152,0.046,0.0,0.001,11510.0,7424.0,1.0
mu[2186],-0.035,0.04,-0.113,0.04,0.0,0.0,16054.0,6403.0,1.0
mu[2187],-0.029,0.038,-0.101,0.041,0.0,0.0,18078.0,6079.0,1.0
mu[2188],-0.02,0.037,-0.09,0.047,0.0,0.0,19014.0,5489.0,1.0
mu[2189],-0.057,0.058,-0.168,0.05,0.001,0.001,10753.0,7409.0,1.0
mu[2190],0.0,0.048,-0.089,0.09,0.0,0.001,13116.0,7071.0,1.0
mu[2191],-0.01,0.04,-0.084,0.067,0.0,0.0,16013.0,6466.0,1.0
mu[2192],-0.025,0.037,-0.098,0.04,0.0,0.0,18972.0,5762.0,1.0
mu[2193],-0.026,0.037,-0.097,0.042,0.0,0.0,18830.0,5805.0,1.0
mu[2194],-0.003,0.045,-0.088,0.081,0.0,0.0,13843.0,6806.0,1.0
mu[2195],-0.014,0.039,-0.084,0.06,0.0,0.0,17329.0,6069.0,1.0
mu[2196],0.01,0.056,-0.095,0.115,0.001,0.001,11544.0,7071.0,1.0
mu[2197],0.001,0.048,-0.09,0.09,0.0,0.001,13066.0,7038.0,1.0
mu[2198],-0.028,0.037,-0.1,0.041,0.0,0.0,18362.0,5873.0,1.0
mu[2199],-0.035,0.04,-0.115,0.037,0.0,0.0,16095.0,6402.0,1.0
mu[2200],-0.066,0.067,-0.187,0.065,0.001,0.001,10044.0,7327.0,1.0
mu[2201],-0.002,0.046,-0.088,0.083,0.0,0.0,13745.0,6756.0,1.0
mu[2202],-0.043,0.045,-0.129,0.042,0.0,0.0,13355.0,6966.0,1.0
mu[2203],0.014,0.06,-0.096,0.13,0.001,0.001,11081.0,7103.0,1.0
mu[2204],-0.084,0.089,-0.248,0.088,0.001,0.001,9528.0,7372.0,1.0
mu[2205],-0.038,0.042,-0.118,0.041,0.0,0.0,14946.0,6517.0,1.0
mu[2206],-0.026,0.037,-0.099,0.039,0.0,0.0,18861.0,5783.0,1.0
mu[2207],-0.02,0.037,-0.091,0.047,0.0,0.0,19076.0,5591.0,1.0
mu[2208],-0.013,0.039,-0.085,0.06,0.0,0.0,16978.0,6151.0,1.0
mu[2209],0.01,0.057,-0.095,0.117,0.001,0.001,11487.0,7104.0,1.0
mu[2210],-0.072,0.075,-0.214,0.066,0.001,0.001,9827.0,7295.0,1.0
mu[2211],-0.024,0.037,-0.094,0.044,0.0,0.0,19134.0,5413.0,1.0
mu[2212],-0.023,0.037,-0.094,0.043,0.0,0.0,19147.0,5448.0,1.0
mu[2213],-0.024,0.037,-0.094,0.044,0.0,0.0,19134.0,5413.0,1.0
mu[2214],0.008,0.055,-0.094,0.113,0.001,0.001,11687.0,7105.0,1.0
mu[2215],-0.008,0.042,-0.086,0.069,0.0,0.0,15316.0,6690.0,1.0
mu[2216],-0.038,0.042,-0.119,0.04,0.0,0.0,15116.0,6433.0,1.0
mu[2217],-0.01,0.04,-0.086,0.064,0.0,0.0,16130.0,6466.0,1.0
mu[2218],-0.004,0.044,-0.085,0.079,0.0,0.0,14335.0,6781.0,1.0
mu[2219],-0.041,0.044,-0.123,0.044,0.0,0.0,13907.0,6815.0,1.0
mu[2220],-0.017,0.037,-0.089,0.05,0.0,0.0,18492.0,5769.0,1.0
mu[2221],-0.046,0.048,-0.141,0.041,0.0,0.0,12517.0,7045.0,1.0
mu[2222],0.01,0.057,-0.095,0.117,0.001,0.001,11466.0,7171.0,1.0
mu[2223],-0.056,0.057,-0.164,0.05,0.001,0.001,10832.0,7446.0,1.0
mu[2224],-0.033,0.039,-0.11,0.039,0.0,0.0,16621.0,6186.0,1.0
mu[2225],-0.034,0.04,-0.114,0.037,0.0,0.0,16206.0,6375.0,1.0
mu[2226],-0.018,0.037,-0.089,0.05,0.0,0.0,18623.0,5767.0,1.0
mu[2227],-0.04,0.043,-0.122,0.042,0.0,0.0,14355.0,6719.0,1.0
mu[2228],-0.018,0.037,-0.089,0.05,0.0,0.0,18623.0,5767.0,1.0
mu[2229],-0.034,0.04,-0.114,0.037,0.0,0.0,16206.0,6375.0,1.0
mu[2230],-0.056,0.058,-0.167,0.049,0.001,0.001,10778.0,7410.0,1.0
mu[2231],-0.001,0.046,-0.088,0.084,0.0,0.0,13540.0,6774.0,1.0
mu[2232],-0.001,0.046,-0.088,0.084,0.0,0.0,13540.0,6774.0,1.0
mu[2233],-0.023,0.037,-0.094,0.044,0.0,0.0,19149.0,5431.0,1.0
mu[2234],-0.022,0.037,-0.091,0.046,0.0,0.0,19158.0,5569.0,1.0
mu[2235],-0.031,0.038,-0.108,0.037,0.0,0.0,17384.0,6104.0,1.0
mu[2236],-0.031,0.038,-0.111,0.035,0.0,0.0,17347.0,6104.0,1.0
mu[2237],-0.007,0.042,-0.084,0.073,0.0,0.0,15064.0,6690.0,1.0
mu[2238],-0.025,0.037,-0.098,0.04,0.0,0.0,18939.0,5827.0,1.0
mu[2239],0.01,0.056,-0.095,0.115,0.001,0.001,11544.0,7071.0,1.0
mu[2240],-0.001,0.046,-0.088,0.084,0.0,0.0,13540.0,6774.0,1.0
mu[2241],-0.018,0.037,-0.089,0.05,0.0,0.0,18623.0,5767.0,1.0
mu[2242],0.003,0.05,-0.086,0.102,0.0,0.001,12525.0,7038.0,1.0
mu[2243],-0.045,0.047,-0.138,0.042,0.0,0.0,12678.0,7012.0,1.0
mu[2244],-0.051,0.052,-0.151,0.045,0.0,0.001,11556.0,7424.0,1.0
mu[2245],-0.011,0.04,-0.086,0.061,0.0,0.0,16579.0,6333.0,1.0
mu[2246],-0.012,0.039,-0.085,0.06,0.0,0.0,16925.0,6227.0,1.0
mu[2247],-0.029,0.038,-0.101,0.042,0.0,0.0,18111.0,6056.0,1.0
mu[2248],-0.034,0.04,-0.114,0.037,0.0,0.0,16206.0,6375.0,1.0
mu[2249],0.01,0.056,-0.095,0.115,0.001,0.001,11544.0,7071.0,1.0
mu[2250],0.008,0.055,-0.094,0.113,0.001,0.001,11687.0,7105.0,1.0
mu[2251],-0.088,0.093,-0.26,0.092,0.001,0.001,9473.0,7446.0,1.0
mu[2252],-0.034,0.04,-0.114,0.037,0.0,0.0,16206.0,6375.0,1.0
mu[2253],0.006,0.052,-0.09,0.107,0.0,0.001,12098.0,7138.0,1.0
mu[2254],-0.005,0.044,-0.086,0.078,0.0,0.0,14414.0,6722.0,1.0
mu[2255],0.016,0.063,-0.102,0.137,0.001,0.001,10827.0,7071.0,1.0
mu[2256],-0.007,0.042,-0.084,0.073,0.0,0.0,15064.0,6690.0,1.0
mu[2257],-0.062,0.063,-0.178,0.06,0.001,0.001,10250.0,7257.0,1.0
mu[2258],-0.027,0.037,-0.1,0.039,0.0,0.0,18624.0,5825.0,1.0
mu[2259],-0.022,0.037,-0.092,0.046,0.0,0.0,19152.0,5611.0,1.0
mu[2260],0.003,0.05,-0.086,0.1,0.0,0.001,12619.0,7005.0,1.0
mu[2261],-0.045,0.047,-0.136,0.042,0.0,0.0,12852.0,6980.0,1.0
mu[2262],-0.034,0.04,-0.114,0.037,0.0,0.0,16206.0,6375.0,1.0
mu[2263],-0.029,0.038,-0.101,0.042,0.0,0.0,18111.0,6056.0,1.0
mu[2264],-0.001,0.046,-0.088,0.084,0.0,0.0,13540.0,6774.0,1.0
mu[2265],0.014,0.061,-0.098,0.132,0.001,0.001,11006.0,7037.0,1.0
mu[2266],0.006,0.053,-0.09,0.109,0.0,0.001,11986.0,7172.0,1.0
mu[2267],-0.046,0.048,-0.141,0.041,0.0,0.0,12529.0,7045.0,1.0
mu[2268],0.013,0.06,-0.097,0.128,0.001,0.001,11138.0,7136.0,1.0
mu[2269],-0.012,0.039,-0.087,0.06,0.0,0.0,16690.0,6280.0,1.0
mu[2270],-0.034,0.04,-0.114,0.036,0.0,0.0,16417.0,6280.0,1.0
mu[2271],-0.007,0.042,-0.084,0.073,0.0,0.0,15064.0,6690.0,1.0
mu[2272],-0.001,0.046,-0.088,0.084,0.0,0.0,13540.0,6774.0,1.0
mu[2273],-0.018,0.037,-0.089,0.05,0.0,0.0,18623.0,5767.0,1.0
mu[2274],-0.023,0.037,-0.094,0.044,0.0,0.0,19149.0,5431.0,1.0
mu[2275],-0.012,0.039,-0.085,0.06,0.0,0.0,16925.0,6227.0,1.0
mu[2276],-0.018,0.037,-0.089,0.05,0.0,0.0,18623.0,5767.0,1.0
mu[2277],-0.045,0.047,-0.138,0.042,0.0,0.0,12678.0,7012.0,1.0
mu[2278],-0.009,0.041,-0.084,0.068,0.0,0.0,15734.0,6439.0,1.0
mu[2279],-0.017,0.037,-0.088,0.051,0.0,0.0,18396.0,5705.0,1.0
mu[2280],-0.033,0.039,-0.11,0.039,0.0,0.0,16863.0,6160.0,1.0
mu[2281],0.007,0.054,-0.092,0.11,0.0,0.001,11842.0,7173.0,1.0
mu[2282],-0.011,0.04,-0.086,0.063,0.0,0.0,16264.0,6413.0,1.0
mu[2283],-0.014,0.038,-0.085,0.058,0.0,0.0,17635.0,5941.0,1.0
mu[2284],0.015,0.062,-0.101,0.131,0.001,0.001,10945.0,7070.0,1.0
mu[2285],-0.007,0.042,-0.084,0.073,0.0,0.0,15064.0,6690.0,1.0
mu[2286],-0.012,0.038,-0.083,0.058,0.0,0.0,15867.0,5641.0,1.0
mu[2287],-0.018,0.036,-0.086,0.05,0.0,0.0,15457.0,5769.0,1.0
mu[2288],0.016,0.054,-0.086,0.12,0.0,0.001,15147.0,6626.0,1.0
mu[2289],-0.032,0.037,-0.103,0.038,0.0,0.0,15174.0,5753.0,1.0
mu[2290],-0.039,0.04,-0.114,0.036,0.0,0.0,15027.0,6132.0,1.0
mu[2291],-0.016,0.036,-0.085,0.052,0.0,0.0,15629.0,5701.0,1.0
mu[2292],-0.027,0.036,-0.095,0.041,0.0,0.0,15298.0,5839.0,1.0
mu[2293],-0.01,0.038,-0.081,0.062,0.0,0.0,15988.0,5622.0,1.0
mu[2294],-0.04,0.04,-0.116,0.036,0.0,0.0,15015.0,6035.0,1.0
mu[2295],-0.052,0.048,-0.146,0.032,0.0,0.001,14846.0,6754.0,1.0
mu[2296],-0.005,0.04,-0.082,0.07,0.0,0.0,16224.0,5934.0,1.0
mu[2297],-0.006,0.04,-0.082,0.068,0.0,0.0,16196.0,5922.0,1.0
mu[2298],0.07,0.105,-0.133,0.267,0.001,0.001,14236.0,7337.0,1.0
mu[2299],-0.013,0.037,-0.083,0.056,0.0,0.0,15789.0,5641.0,1.0
mu[2300],-0.026,0.036,-0.093,0.042,0.0,0.0,15327.0,5721.0,1.0
mu[2301],-0.02,0.036,-0.086,0.049,0.0,0.0,15399.0,5786.0,1.0
mu[2302],-0.016,0.036,-0.085,0.053,0.0,0.0,15643.0,5679.0,1.0
mu[2303],-0.046,0.044,-0.13,0.034,0.0,0.001,14933.0,6250.0,1.0
mu[2304],0.007,0.048,-0.081,0.099,0.0,0.001,15626.0,6347.0,1.0
mu[2305],-0.047,0.044,-0.133,0.033,0.0,0.001,14935.0,6075.0,1.0
mu[2306],-0.012,0.037,-0.082,0.059,0.0,0.0,15845.0,5664.0,1.0
mu[2307],-0.019,0.036,-0.086,0.05,0.0,0.0,15425.0,5741.0,1.0
mu[2308],-0.012,0.037,-0.082,0.059,0.0,0.0,15840.0,5621.0,1.0
mu[2309],0.032,0.069,-0.098,0.162,0.001,0.001,14679.0,7196.0,1.0
mu[2310],-0.022,0.036,-0.087,0.048,0.0,0.0,15387.0,5557.0,1.0
mu[2311],-0.013,0.037,-0.083,0.058,0.0,0.0,15818.0,5705.0,1.0
mu[2312],0.001,0.044,-0.078,0.085,0.0,0.0,16060.0,6234.0,1.0
mu[2313],-0.013,0.037,-0.083,0.057,0.0,0.0,15817.0,5641.0,1.0
mu[2314],-0.018,0.036,-0.084,0.052,0.0,0.0,15491.0,5790.0,1.0
mu[2315],-0.026,0.036,-0.093,0.042,0.0,0.0,15330.0,5637.0,1.0
mu[2316],0.005,0.047,-0.081,0.095,0.0,0.001,15723.0,6400.0,1.0
mu[2317],-0.043,0.042,-0.124,0.033,0.0,0.0,14979.0,6276.0,1.0
mu[2318],-0.034,0.038,-0.106,0.038,0.0,0.0,15138.0,5887.0,1.0
mu[2319],-0.021,0.036,-0.088,0.048,0.0,0.0,15404.0,5700.0,1.0
mu[2320],-0.021,0.036,-0.086,0.049,0.0,0.0,15396.0,5828.0,1.0
mu[2321],-0.04,0.04,-0.116,0.036,0.0,0.0,15007.0,6059.0,1.0
mu[2322],-0.031,0.037,-0.101,0.039,0.0,0.0,15198.0,5769.0,1.0
mu[2323],-0.051,0.047,-0.142,0.033,0.0,0.001,14899.0,6334.0,1.0
mu[2324],-0.043,0.042,-0.122,0.035,0.0,0.0,14970.0,6302.0,1.0
mu[2325],-0.019,0.036,-0.086,0.049,0.0,0.0,15417.0,5741.0,1.0
mu[2326],-0.013,0.037,-0.083,0.057,0.0,0.0,15806.0,5662.0,1.0
mu[2327],0.013,0.052,-0.09,0.107,0.0,0.001,15286.0,6542.0,1.0
mu[2328],-0.041,0.041,-0.116,0.037,0.0,0.0,15012.0,6038.0,1.0
mu[2329],-0.006,0.04,-0.082,0.067,0.0,0.0,16196.0,5855.0,1.0
mu[2330],-0.054,0.049,-0.147,0.037,0.0,0.001,14821.0,6875.0,1.0
mu[2331],0.029,0.066,-0.097,0.152,0.001,0.001,14755.0,7162.0,1.0
mu[2332],-0.01,0.038,-0.081,0.062,0.0,0.0,15976.0,5620.0,1.0
mu[2333],-0.021,0.036,-0.087,0.048,0.0,0.0,15397.0,5742.0,1.0
mu[2334],-0.025,0.036,-0.093,0.042,0.0,0.0,15335.0,5658.0,1.0
mu[2335],-0.032,0.037,-0.103,0.038,0.0,0.0,15179.0,5753.0,1.0
mu[2336],-0.051,0.047,-0.143,0.033,0.0,0.001,14878.0,6441.0,1.0
mu[2337],0.018,0.057,-0.089,0.125,0.0,0.001,15045.0,6742.0,1.0
mu[2338],-0.023,0.036,-0.089,0.046,0.0,0.0,15385.0,5676.0,1.0
mu[2339],-0.023,0.036,-0.089,0.047,0.0,0.0,15372.0,5741.0,1.0
mu[2340],-0.023,0.036,-0.089,0.046,0.0,0.0,15385.0,5676.0,1.0
mu[2341],-0.05,0.046,-0.138,0.034,0.0,0.001,14896.0,6282.0,1.0
mu[2342],-0.036,0.039,-0.108,0.038,0.0,0.0,15075.0,5916.0,1.0
mu[2343],-0.01,0.038,-0.082,0.061,0.0,0.0,15951.0,5600.0,1.0
mu[2344],-0.034,0.038,-0.103,0.04,0.0,0.0,15152.0,5955.0,1.0
mu[2345],-0.039,0.04,-0.115,0.035,0.0,0.0,15034.0,6111.0,1.0
mu[2346],-0.008,0.039,-0.083,0.063,0.0,0.0,16138.0,5734.0,1.0
mu[2347],-0.028,0.036,-0.095,0.041,0.0,0.0,15274.0,5772.0,1.0
mu[2348],-0.004,0.041,-0.081,0.073,0.0,0.0,16280.0,5902.0,1.0
mu[2349],-0.051,0.047,-0.144,0.032,0.0,0.001,14875.0,6441.0,1.0
mu[2350],0.005,0.046,-0.08,0.093,0.0,0.001,15762.0,6310.0,1.0
mu[2351],-0.014,0.037,-0.083,0.056,0.0,0.0,15759.0,5496.0,1.0
mu[2352],-0.013,0.037,-0.083,0.056,0.0,0.0,15789.0,5641.0,1.0
mu[2353],-0.027,0.036,-0.095,0.041,0.0,0.0,15285.0,5839.0,1.0
mu[2354],-0.009,0.039,-0.084,0.061,0.0,0.0,16052.0,5667.0,1.0
mu[2355],-0.027,0.036,-0.095,0.041,0.0,0.0,15285.0,5839.0,1.0
mu[2356],-0.013,0.037,-0.083,0.056,0.0,0.0,15789.0,5641.0,1.0
mu[2357],0.005,0.046,-0.08,0.095,0.0,0.001,15738.0,6417.0,1.0
mu[2358],-0.041,0.041,-0.117,0.037,0.0,0.0,15023.0,6085.0,1.0
mu[2359],-0.041,0.041,-0.117,0.037,0.0,0.0,15023.0,6085.0,1.0
mu[2360],-0.023,0.036,-0.088,0.047,0.0,0.0,15388.0,5697.0,1.0
mu[2361],-0.024,0.036,-0.092,0.043,0.0,0.0,15356.0,5574.0,1.0
mu[2362],-0.016,0.036,-0.084,0.054,0.0,0.0,15617.0,5724.0,1.0
mu[2363],-0.016,0.036,-0.085,0.052,0.0,0.0,15629.0,5701.0,1.0
mu[2364],-0.037,0.039,-0.108,0.039,0.0,0.0,15048.0,6006.0,1.0
mu[2365],-0.021,0.036,-0.087,0.048,0.0,0.0,15398.0,5699.0,1.0
mu[2366],-0.051,0.047,-0.142,0.033,0.0,0.001,14899.0,6334.0,1.0
mu[2367],-0.041,0.041,-0.117,0.037,0.0,0.0,15023.0,6085.0,1.0
mu[2368],-0.027,0.036,-0.095,0.041,0.0,0.0,15285.0,5839.0,1.0
mu[2369],-0.045,0.043,-0.128,0.034,0.0,0.001,14942.0,6278.0,1.0
mu[2370],-0.004,0.041,-0.081,0.072,0.0,0.0,16246.0,5901.0,1.0
mu[2371],0.001,0.043,-0.078,0.085,0.0,0.0,16078.0,6232.0,1.0
mu[2372],-0.033,0.037,-0.105,0.037,0.0,0.0,15161.0,5781.0,1.0
mu[2373],-0.032,0.037,-0.103,0.038,0.0,0.0,15174.0,5753.0,1.0
mu[2374],-0.018,0.036,-0.084,0.052,0.0,0.0,15470.0,5769.0,1.0
mu[2375],-0.013,0.037,-0.083,0.056,0.0,0.0,15789.0,5641.0,1.0
mu[2376],-0.051,0.047,-0.142,0.033,0.0,0.001,14899.0,6334.0,1.0
mu[2377],-0.05,0.046,-0.138,0.034,0.0,0.001,14896.0,6282.0,1.0
mu[2378],0.032,0.068,-0.095,0.164,0.001,0.001,14684.0,7163.0,1.0
mu[2379],-0.013,0.037,-0.083,0.056,0.0,0.0,15789.0,5641.0,1.0
mu[2380],-0.047,0.045,-0.133,0.033,0.0,0.001,14936.0,6151.0,1.0
mu[2381],-0.038,0.04,-0.115,0.034,0.0,0.0,15032.0,6063.0,1.0
mu[2382],-0.056,0.051,-0.15,0.041,0.0,0.001,14802.0,7008.0,1.0
mu[2383],-0.037,0.039,-0.108,0.039,0.0,0.0,15048.0,6006.0,1.0
mu[2384],0.01,0.05,-0.088,0.099,0.0,0.001,15443.0,6539.0,1.0
mu[2385],-0.02,0.036,-0.085,0.05,0.0,0.0,15412.0,5761.0,1.0
mu[2386],-0.024,0.036,-0.092,0.043,0.0,0.0,15356.0,5594.0,1.0
mu[2387],-0.045,0.043,-0.127,0.034,0.0,0.0,14938.0,6252.0,1.0
mu[2388],-0.005,0.041,-0.082,0.07,0.0,0.0,16224.0,5958.0,1.0
mu[2389],-0.013,0.037,-0.083,0.056,0.0,0.0,15789.0,5641.0,1.0
mu[2390],-0.018,0.036,-0.084,0.052,0.0,0.0,15470.0,5769.0,1.0
mu[2391],-0.041,0.041,-0.117,0.037,0.0,0.0,15023.0,6085.0,1.0
mu[2392],-0.055,0.05,-0.148,0.038,0.0,0.001,14822.0,6875.0,1.0
mu[2393],-0.048,0.045,-0.135,0.033,0.0,0.001,14932.0,6176.0,1.0
mu[2394],-0.004,0.041,-0.081,0.073,0.0,0.0,16267.0,5879.0,1.0
mu[2395],-0.054,0.049,-0.145,0.038,0.0,0.001,14826.0,6875.0,1.0
mu[2396],-0.033,0.037,-0.103,0.038,0.0,0.0,15162.0,5781.0,1.0
mu[2397],-0.014,0.037,-0.083,0.056,0.0,0.0,15775.0,5618.0,1.0
mu[2398],-0.037,0.039,-0.108,0.039,0.0,0.0,15048.0,6006.0,1.0
mu[2399],-0.041,0.041,-0.117,0.037,0.0,0.0,15023.0,6085.0,1.0
mu[2400],-0.027,0.036,-0.095,0.041,0.0,0.0,15285.0,5839.0,1.0
mu[2401],-0.023,0.036,-0.088,0.047,0.0,0.0,15388.0,5697.0,1.0
mu[2402],-0.032,0.037,-0.103,0.038,0.0,0.0,15174.0,5753.0,1.0
mu[2403],-0.027,0.036,-0.095,0.041,0.0,0.0,15285.0,5839.0,1.0
mu[2404],-0.004,0.041,-0.081,0.072,0.0,0.0,16246.0,5901.0,1.0
mu[2405],-0.035,0.038,-0.106,0.038,0.0,0.0,15110.0,5868.0,1.0
mu[2406],-0.028,0.036,-0.096,0.041,0.0,0.0,15265.0,5798.0,1.0
mu[2407],-0.015,0.037,-0.083,0.055,0.0,0.0,15726.0,5620.0,1.0
mu[2408],-0.049,0.045,-0.137,0.033,0.0,0.001,14912.0,6334.0,1.0
mu[2409],-0.034,0.038,-0.106,0.037,0.0,0.0,15158.0,5972.0,1.0
mu[2410],-0.03,0.037,-0.099,0.039,0.0,0.0,15204.0,5464.0,1.0
mu[2411],-0.055,0.05,-0.152,0.036,0.0,0.001,14807.0,6938.0,1.0
mu[2412],-0.037,0.039,-0.108,0.039,0.0,0.0,15048.0,6006.0,1.0
mu[2413],-0.031,0.038,-0.102,0.039,0.0,0.001,18373.0,5913.0,1.0
mu[2414],-0.037,0.036,-0.105,0.031,0.0,0.0,19658.0,5618.0,1.0
mu[2415],-0.006,0.055,-0.113,0.097,0.0,0.001,14265.0,6205.0,1.0
mu[2416],-0.05,0.037,-0.117,0.023,0.0,0.0,19775.0,5682.0,1.0
mu[2417],-0.057,0.04,-0.131,0.02,0.0,0.001,19160.0,5906.0,1.0
mu[2418],-0.035,0.037,-0.102,0.035,0.0,0.0,19336.0,5695.0,1.0
mu[2419],-0.046,0.036,-0.111,0.024,0.0,0.0,19803.0,5685.0,1.0
mu[2420],-0.03,0.039,-0.102,0.043,0.0,0.001,17973.0,5941.0,1.0
mu[2421],-0.058,0.04,-0.131,0.022,0.0,0.001,19042.0,5849.0,1.0
mu[2422],-0.069,0.048,-0.16,0.02,0.0,0.001,17298.0,6398.0,1.0
mu[2423],-0.025,0.041,-0.101,0.053,0.0,0.001,16902.0,6183.0,1.0
mu[2424],-0.026,0.04,-0.103,0.049,0.0,0.001,17128.0,6084.0,1.0
mu[2425],0.044,0.107,-0.161,0.247,0.001,0.001,12928.0,6489.0,1.0
mu[2426],-0.033,0.037,-0.104,0.036,0.0,0.0,18759.0,5833.0,1.0
mu[2427],-0.045,0.036,-0.113,0.022,0.0,0.0,19847.0,5673.0,1.0
mu[2428],-0.039,0.036,-0.106,0.028,0.0,0.0,19761.0,5531.0,1.0
mu[2429],-0.035,0.037,-0.102,0.035,0.0,0.0,19315.0,5695.0,1.0
mu[2430],-0.063,0.044,-0.146,0.019,0.0,0.001,18134.0,6205.0,1.0
mu[2431],-0.014,0.049,-0.108,0.074,0.0,0.001,15111.0,6174.0,1.0
mu[2432],-0.064,0.044,-0.147,0.019,0.0,0.001,18015.0,6248.0,1.0
mu[2433],-0.032,0.038,-0.102,0.039,0.0,0.001,18488.0,5920.0,1.0
mu[2434],-0.038,0.036,-0.104,0.031,0.0,0.0,19683.0,5639.0,1.0
mu[2435],-0.032,0.038,-0.102,0.038,0.0,0.001,18500.0,5909.0,1.0
mu[2436],0.01,0.07,-0.128,0.139,0.001,0.001,13495.0,6345.0,1.0
mu[2437],-0.041,0.036,-0.107,0.028,0.0,0.0,19856.0,5562.0,1.0
mu[2438],-0.032,0.038,-0.103,0.037,0.0,0.001,18619.0,5863.0,1.0
mu[2439],-0.02,0.044,-0.103,0.064,0.0,0.001,15979.0,6021.0,1.0
mu[2440],-0.032,0.037,-0.103,0.037,0.0,0.001,18670.0,5833.0,1.0
mu[2441],-0.037,0.036,-0.104,0.032,0.0,0.0,19691.0,5641.0,1.0
mu[2442],-0.044,0.036,-0.112,0.023,0.0,0.0,19859.0,5655.0,1.0
mu[2443],-0.015,0.047,-0.106,0.073,0.0,0.001,15316.0,6106.0,1.0
mu[2444],-0.06,0.042,-0.135,0.023,0.0,0.001,18693.0,6176.0,1.0
mu[2445],-0.052,0.038,-0.12,0.023,0.0,0.0,19687.0,5757.0,1.0
mu[2446],-0.04,0.036,-0.108,0.027,0.0,0.0,19837.0,5491.0,1.0
mu[2447],-0.04,0.036,-0.106,0.029,0.0,0.0,19780.0,5514.0,1.0
mu[2448],-0.058,0.04,-0.131,0.022,0.0,0.001,19041.0,5862.0,1.0
mu[2449],-0.049,0.037,-0.115,0.024,0.0,0.0,19690.0,5685.0,1.0
mu[2450],-0.067,0.047,-0.156,0.02,0.0,0.001,17487.0,6357.0,1.0
mu[2451],-0.06,0.042,-0.135,0.023,0.0,0.001,18659.0,6176.0,1.0
mu[2452],-0.038,0.036,-0.104,0.031,0.0,0.0,19685.0,5639.0,1.0
mu[2453],-0.033,0.037,-0.104,0.036,0.0,0.001,18698.0,5811.0,1.0
mu[2454],-0.008,0.053,-0.11,0.091,0.0,0.001,14501.0,6230.0,1.0
mu[2455],-0.058,0.041,-0.132,0.022,0.0,0.001,19049.0,5908.0,1.0
mu[2456],-0.026,0.04,-0.102,0.049,0.0,0.001,17172.0,6035.0,1.0
mu[2457],-0.071,0.049,-0.163,0.023,0.0,0.001,17044.0,6389.0,1.0
mu[2458],0.007,0.067,-0.119,0.136,0.001,0.001,13603.0,6501.0,1.0
mu[2459],-0.03,0.038,-0.1,0.045,0.0,0.001,18006.0,5953.0,1.0
mu[2460],-0.04,0.036,-0.106,0.028,0.0,0.0,19798.0,5525.0,1.0
mu[2461],-0.044,0.036,-0.112,0.023,0.0,0.0,19891.0,5750.0,1.0
mu[2462],-0.05,0.037,-0.117,0.023,0.0,0.0,19785.0,5640.0,1.0
mu[2463],-0.068,0.047,-0.157,0.02,0.0,0.001,17444.0,6330.0,1.0
mu[2464],-0.003,0.058,-0.113,0.106,0.0,0.001,14083.0,6292.0,1.0
mu[2465],-0.041,0.036,-0.108,0.026,0.0,0.0,19859.0,5572.0,1.0
mu[2466],-0.042,0.036,-0.108,0.027,0.0,0.0,19870.0,5521.0,1.0
mu[2467],-0.041,0.036,-0.108,0.026,0.0,0.0,19859.0,5572.0,1.0
mu[2468],-0.067,0.046,-0.154,0.019,0.0,0.001,17615.0,6305.0,1.0
mu[2469],-0.054,0.038,-0.124,0.022,0.0,0.001,19580.0,5725.0,1.0
mu[2470],-0.03,0.038,-0.1,0.044,0.0,0.001,18094.0,5880.0,1.0
mu[2471],-0.052,0.038,-0.12,0.023,0.0,0.0,19686.0,5818.0,1.0
mu[2472],-0.056,0.04,-0.13,0.02,0.0,0.001,19262.0,5772.0,1.0
mu[2473],-0.027,0.04,-0.103,0.045,0.0,0.001,17488.0,5888.0,1.0
mu[2474],-0.046,0.036,-0.112,0.023,0.0,0.0,19761.0,5792.0,1.0
mu[2475],-0.024,0.042,-0.099,0.057,0.0,0.001,16690.0,6233.0,1.0
mu[2476],-0.068,0.047,-0.156,0.022,0.0,0.001,17424.0,6412.0,1.0
mu[2477],-0.016,0.047,-0.107,0.07,0.0,0.001,15390.0,6157.0,1.0
mu[2478],-0.034,0.037,-0.104,0.035,0.0,0.0,18970.0,5819.0,1.0
mu[2479],-0.033,0.037,-0.104,0.036,0.0,0.0,18749.0,5833.0,1.0
mu[2480],-0.046,0.036,-0.112,0.023,0.0,0.0,19783.0,5662.0,1.0
mu[2481],-0.028,0.039,-0.103,0.044,0.0,0.001,17709.0,6163.0,1.0
mu[2482],-0.046,0.036,-0.112,0.023,0.0,0.0,19783.0,5662.0,1.0
mu[2483],-0.033,0.037,-0.104,0.036,0.0,0.0,18749.0,5833.0,1.0
mu[2484],-0.015,0.047,-0.107,0.071,0.0,0.001,15341.0,6131.0,1.0
mu[2485],-0.059,0.041,-0.13,0.024,0.0,0.001,18926.0,5875.0,1.0
mu[2486],-0.059,0.041,-0.13,0.024,0.0,0.001,18926.0,5875.0,1.0
mu[2487],-0.041,0.036,-0.108,0.026,0.0,0.0,19865.0,5552.0,1.0
mu[2488],-0.043,0.036,-0.109,0.025,0.0,0.0,19888.0,5602.0,1.0
mu[2489],-0.035,0.037,-0.102,0.035,0.0,0.0,19354.0,5695.0,1.0
mu[2490],-0.035,0.037,-0.102,0.035,0.0,0.0,19336.0,5695.0,1.0
mu[2491],-0.054,0.039,-0.128,0.019,0.0,0.001,19520.0,5600.0,1.0
mu[2492],-0.04,0.036,-0.109,0.026,0.0,0.0,19824.0,5495.0,1.0
mu[2493],-0.067,0.047,-0.156,0.02,0.0,0.001,17487.0,6357.0,1.0
mu[2494],-0.059,0.041,-0.13,0.024,0.0,0.001,18926.0,5875.0,1.0
mu[2495],-0.046,0.036,-0.112,0.023,0.0,0.0,19783.0,5662.0,1.0
mu[2496],-0.063,0.043,-0.143,0.02,0.0,0.001,18287.0,5935.0,1.0
mu[2497],-0.024,0.041,-0.099,0.056,0.0,0.001,16778.0,6313.0,1.0
mu[2498],-0.02,0.044,-0.102,0.064,0.0,0.001,16020.0,6008.0,1.0
mu[2499],-0.051,0.037,-0.121,0.02,0.0,0.0,19722.0,5790.0,1.0
mu[2500],-0.05,0.037,-0.117,0.023,0.0,0.0,19775.0,5682.0,1.0
mu[2501],-0.037,0.036,-0.104,0.032,0.0,0.0,19629.0,5578.0,1.0
mu[2502],-0.033,0.037,-0.104,0.036,0.0,0.0,18749.0,5833.0,1.0
mu[2503],-0.067,0.047,-0.156,0.02,0.0,0.001,17487.0,6357.0,1.0
mu[2504],-0.067,0.046,-0.154,0.019,0.0,0.001,17615.0,6305.0,1.0
mu[2505],0.009,0.07,-0.127,0.139,0.001,0.001,13505.0,6319.0,1.0
mu[2506],-0.033,0.037,-0.104,0.036,0.0,0.0,18749.0,5833.0,1.0
mu[2507],-0.064,0.045,-0.148,0.019,0.0,0.001,17977.0,6221.0,1.0
mu[2508],-0.056,0.04,-0.128,0.021,0.0,0.001,19290.0,5761.0,1.0
mu[2509],-0.073,0.051,-0.171,0.021,0.0,0.001,16774.0,5964.0,1.0
mu[2510],-0.054,0.039,-0.128,0.019,0.0,0.001,19520.0,5600.0,1.0
mu[2511],-0.011,0.051,-0.109,0.082,0.0,0.001,14796.0,6298.0,1.0
mu[2512],-0.039,0.036,-0.104,0.03,0.0,0.0,19744.0,5635.0,1.0
mu[2513],-0.043,0.036,-0.109,0.026,0.0,0.0,19886.0,5644.0,1.0
mu[2514],-0.062,0.043,-0.142,0.02,0.0,0.001,18356.0,5934.0,1.0
mu[2515],-0.025,0.041,-0.1,0.054,0.0,0.001,16889.0,6208.0,1.0
mu[2516],-0.033,0.037,-0.104,0.036,0.0,0.0,18749.0,5833.0,1.0
mu[2517],-0.037,0.036,-0.104,0.032,0.0,0.0,19629.0,5578.0,1.0
mu[2518],-0.059,0.041,-0.13,0.024,0.0,0.001,18926.0,5875.0,1.0
mu[2519],-0.071,0.05,-0.165,0.022,0.0,0.001,16967.0,6207.0,1.0
mu[2520],-0.065,0.045,-0.149,0.02,0.0,0.001,17877.0,6175.0,1.0
mu[2521],-0.024,0.042,-0.099,0.057,0.0,0.001,16700.0,6234.0,1.0
mu[2522],-0.07,0.049,-0.162,0.022,0.0,0.001,17109.0,6388.0,1.0
mu[2523],-0.051,0.037,-0.12,0.02,0.0,0.0,19723.0,5683.0,1.0
mu[2524],-0.033,0.037,-0.104,0.035,0.0,0.0,18862.0,5745.0,1.0
mu[2525],-0.054,0.039,-0.128,0.019,0.0,0.001,19520.0,5600.0,1.0
mu[2526],-0.059,0.041,-0.13,0.024,0.0,0.001,18926.0,5875.0,1.0
mu[2527],-0.046,0.036,-0.112,0.023,0.0,0.0,19783.0,5662.0,1.0
mu[2528],-0.041,0.036,-0.108,0.026,0.0,0.0,19865.0,5552.0,1.0
mu[2529],-0.05,0.037,-0.117,0.023,0.0,0.0,19775.0,5682.0,1.0
mu[2530],-0.046,0.036,-0.112,0.023,0.0,0.0,19783.0,5662.0,1.0
mu[2531],-0.024,0.041,-0.099,0.056,0.0,0.001,16778.0,6313.0,1.0
mu[2532],-0.053,0.038,-0.126,0.018,0.0,0.0,19634.0,5735.0,1.0
mu[2533],-0.046,0.036,-0.113,0.023,0.0,0.0,19736.0,5882.0,1.0
mu[2534],-0.034,0.037,-0.102,0.036,0.0,0.0,19082.0,5807.0,1.0
mu[2535],-0.066,0.045,-0.152,0.019,0.0,0.001,17753.0,6222.0,1.0
mu[2536],-0.052,0.038,-0.122,0.02,0.0,0.0,19697.0,5857.0,1.0
mu[2537],-0.048,0.037,-0.114,0.024,0.0,0.0,19672.0,5817.0,1.0
mu[2538],-0.072,0.05,-0.166,0.022,0.0,0.001,16900.0,6181.0,1.0
mu[2539],-0.054,0.039,-0.128,0.019,0.0,0.001,19520.0,5600.0,1.0
mu[2540],-0.02,0.038,-0.089,0.053,0.0,0.0,17646.0,6275.0,1.0
mu[2541],-0.027,0.036,-0.095,0.041,0.0,0.0,18676.0,5955.0,1.0
mu[2542],0.005,0.056,-0.095,0.114,0.0,0.001,14039.0,6838.0,1.0
mu[2543],-0.039,0.037,-0.112,0.029,0.0,0.0,18544.0,5930.0,1.0
mu[2544],-0.046,0.04,-0.119,0.032,0.0,0.0,16939.0,6258.0,1.0
mu[2545],-0.024,0.037,-0.095,0.043,0.0,0.0,18349.0,6122.0,1.0
mu[2546],-0.035,0.036,-0.103,0.033,0.0,0.0,19061.0,6001.0,1.0
mu[2547],-0.019,0.039,-0.089,0.055,0.0,0.0,17306.0,6355.0,1.0
mu[2548],-0.047,0.04,-0.12,0.032,0.0,0.0,16775.0,6246.0,1.0
mu[2549],-0.058,0.048,-0.144,0.036,0.0,0.001,15020.0,6641.0,1.0
mu[2550],-0.014,0.041,-0.09,0.063,0.0,0.0,16375.0,6330.0,1.0
mu[2551],-0.015,0.04,-0.09,0.06,0.0,0.0,16585.0,6463.0,1.0
mu[2552],0.055,0.107,-0.154,0.253,0.001,0.001,12479.0,6638.0,1.0
mu[2553],-0.022,0.037,-0.089,0.051,0.0,0.0,17926.0,6173.0,1.0
mu[2554],-0.034,0.036,-0.101,0.034,0.0,0.0,19120.0,6008.0,1.0
mu[2555],-0.028,0.036,-0.098,0.038,0.0,0.0,18893.0,5955.0,1.0
mu[2556],-0.024,0.037,-0.094,0.044,0.0,0.0,18335.0,6075.0,1.0
mu[2557],-0.053,0.044,-0.135,0.029,0.0,0.001,15797.0,6691.0,1.0
mu[2558],-0.003,0.049,-0.092,0.091,0.0,0.001,14788.0,6632.0,1.0
mu[2559],-0.053,0.044,-0.136,0.031,0.0,0.001,15674.0,6750.0,1.0
mu[2560],-0.021,0.038,-0.087,0.055,0.0,0.0,17722.0,6249.0,1.0
mu[2561],-0.027,0.036,-0.096,0.04,0.0,0.0,18720.0,5932.0,1.0
mu[2562],-0.021,0.038,-0.087,0.054,0.0,0.0,17734.0,6224.0,1.0
mu[2563],0.02,0.07,-0.113,0.151,0.001,0.001,13188.0,6789.0,1.0
mu[2564],-0.03,0.036,-0.096,0.039,0.0,0.0,19085.0,6096.0,1.0
mu[2565],-0.021,0.038,-0.088,0.053,0.0,0.0,17815.0,6199.0,1.0
mu[2566],-0.009,0.044,-0.089,0.078,0.0,0.001,15534.0,6579.0,1.0
mu[2567],-0.022,0.037,-0.089,0.052,0.0,0.0,17854.0,6148.0,1.0
mu[2568],-0.026,0.036,-0.095,0.041,0.0,0.0,18624.0,6002.0,1.0
mu[2569],-0.033,0.036,-0.101,0.035,0.0,0.0,19140.0,6107.0,1.0
mu[2570],-0.004,0.047,-0.091,0.087,0.0,0.001,14968.0,6648.0,1.0
mu[2571],-0.049,0.042,-0.126,0.031,0.0,0.0,16328.0,6536.0,1.0
mu[2572],-0.041,0.038,-0.112,0.031,0.0,0.0,18202.0,5884.0,1.0
mu[2573],-0.029,0.036,-0.099,0.037,0.0,0.0,18983.0,6001.0,1.0
mu[2574],-0.029,0.036,-0.096,0.04,0.0,0.0,18922.0,5955.0,1.0
mu[2575],-0.047,0.04,-0.12,0.032,0.0,0.0,16768.0,6299.0,1.0
mu[2576],-0.038,0.037,-0.107,0.032,0.0,0.0,18663.0,5928.0,1.0
mu[2577],-0.057,0.046,-0.145,0.031,0.0,0.001,15199.0,6700.0,1.0
mu[2578],-0.05,0.042,-0.126,0.031,0.0,0.0,16300.0,6565.0,1.0
mu[2579],-0.027,0.036,-0.095,0.041,0.0,0.0,18724.0,5932.0,1.0
mu[2580],-0.022,0.037,-0.089,0.052,0.0,0.0,17870.0,6198.0,1.0
mu[2581],0.003,0.053,-0.093,0.106,0.0,0.001,14255.0,6803.0,1.0
mu[2582],-0.047,0.04,-0.121,0.032,0.0,0.0,16704.0,6169.0,1.0
mu[2583],-0.015,0.04,-0.089,0.061,0.0,0.0,16615.0,6491.0,1.0
mu[2584],-0.06,0.049,-0.148,0.037,0.0,0.001,14797.0,6645.0,1.0
mu[2585],0.017,0.067,-0.109,0.143,0.001,0.001,13312.0,6932.0,1.0
mu[2586],-0.019,0.039,-0.088,0.056,0.0,0.0,17331.0,6276.0,1.0
mu[2587],-0.029,0.036,-0.096,0.04,0.0,0.0,18944.0,5953.0,1.0
mu[2588],-0.033,0.036,-0.1,0.035,0.0,0.0,19142.0,6035.0,1.0
mu[2589],-0.039,0.037,-0.111,0.029,0.0,0.0,18558.0,5930.0,1.0
mu[2590],-0.057,0.047,-0.146,0.031,0.0,0.001,15160.0,6728.0,1.0
mu[2591],0.008,0.058,-0.096,0.121,0.0,0.001,13855.0,6777.0,1.0
mu[2592],-0.031,0.036,-0.096,0.039,0.0,0.0,19087.0,6145.0,1.0
mu[2593],-0.031,0.036,-0.097,0.038,0.0,0.0,19121.0,6070.0,1.0
mu[2594],-0.031,0.036,-0.096,0.039,0.0,0.0,19087.0,6145.0,1.0
mu[2595],-0.056,0.046,-0.142,0.031,0.0,0.001,15317.0,6851.0,1.0
mu[2596],-0.043,0.038,-0.115,0.031,0.0,0.0,17540.0,5950.0,1.0
mu[2597],-0.019,0.038,-0.088,0.055,0.0,0.0,17411.0,6277.0,1.0
mu[2598],-0.041,0.038,-0.112,0.031,0.0,0.0,18250.0,5907.0,1.0
mu[2599],-0.046,0.04,-0.121,0.028,0.0,0.0,17050.0,6219.0,1.0
mu[2600],-0.017,0.04,-0.088,0.059,0.0,0.0,16906.0,6330.0,1.0
mu[2601],-0.035,0.036,-0.104,0.032,0.0,0.0,19015.0,5884.0,1.0
mu[2602],-0.013,0.042,-0.09,0.066,0.0,0.0,16175.0,6329.0,1.0
mu[2603],-0.057,0.047,-0.146,0.031,0.0,0.001,15144.0,6670.0,1.0
mu[2604],-0.005,0.047,-0.095,0.082,0.0,0.001,15016.0,6661.0,1.0
mu[2605],-0.023,0.037,-0.094,0.046,0.0,0.0,18076.0,6198.0,1.0
mu[2606],-0.022,0.037,-0.089,0.051,0.0,0.0,17923.0,6173.0,1.0
mu[2607],-0.035,0.036,-0.104,0.032,0.0,0.0,19041.0,6001.0,1.0
mu[2608],-0.018,0.039,-0.088,0.058,0.0,0.0,17107.0,6329.0,1.0
mu[2609],-0.035,0.036,-0.104,0.032,0.0,0.0,19041.0,6001.0,1.0
mu[2610],-0.022,0.037,-0.089,0.051,0.0,0.0,17923.0,6173.0,1.0
mu[2611],-0.005,0.047,-0.091,0.087,0.0,0.001,14982.0,6633.0,1.0
mu[2612],-0.048,0.041,-0.124,0.029,0.0,0.0,16574.0,6350.0,1.0
mu[2613],-0.048,0.041,-0.124,0.029,0.0,0.0,16574.0,6350.0,1.0
mu[2614],-0.031,0.036,-0.097,0.039,0.0,0.0,19099.0,6120.0,1.0
mu[2615],-0.032,0.036,-0.097,0.038,0.0,0.0,19150.0,6060.0,1.0
mu[2616],-0.025,0.037,-0.094,0.043,0.0,0.0,18368.0,6073.0,1.0
mu[2617],-0.024,0.037,-0.095,0.043,0.0,0.0,18349.0,6122.0,1.0
mu[2618],-0.044,0.039,-0.12,0.026,0.0,0.0,17414.0,5905.0,1.0
mu[2619],-0.029,0.036,-0.096,0.04,0.0,0.0,18970.0,6001.0,1.0
mu[2620],-0.057,0.046,-0.145,0.031,0.0,0.001,15199.0,6700.0,1.0
mu[2621],-0.048,0.041,-0.124,0.029,0.0,0.0,16574.0,6350.0,1.0
mu[2622],-0.035,0.036,-0.104,0.032,0.0,0.0,19041.0,6001.0,1.0
mu[2623],-0.052,0.043,-0.132,0.029,0.0,0.001,15936.0,6693.0,1.0
mu[2624],-0.013,0.041,-0.09,0.064,0.0,0.0,16264.0,6330.0,1.0
mu[2625],-0.009,0.044,-0.088,0.078,0.0,0.001,15562.0,6577.0,1.0
mu[2626],-0.04,0.037,-0.112,0.029,0.0,0.0,18419.0,5930.0,1.0
mu[2627],-0.039,0.037,-0.112,0.029,0.0,0.0,18544.0,5930.0,1.0
mu[2628],-0.026,0.036,-0.096,0.041,0.0,0.0,18636.0,6002.0,1.0
mu[2629],-0.022,0.037,-0.089,0.051,0.0,0.0,17923.0,6173.0,1.0
mu[2630],-0.057,0.046,-0.145,0.031,0.0,0.001,15199.0,6700.0,1.0
mu[2631],-0.056,0.046,-0.142,0.031,0.0,0.001,15317.0,6851.0,1.0
mu[2632],0.02,0.07,-0.113,0.149,0.001,0.001,13194.0,6818.0,1.0
mu[2633],-0.022,0.037,-0.089,0.051,0.0,0.0,17923.0,6173.0,1.0
mu[2634],-0.054,0.044,-0.136,0.031,0.0,0.001,15634.0,6780.0,1.0
mu[2635],-0.045,0.039,-0.121,0.028,0.0,0.0,17091.0,6168.0,1.0
mu[2636],-0.062,0.051,-0.156,0.037,0.0,0.001,14571.0,6725.0,1.0
mu[2637],-0.044,0.039,-0.12,0.026,0.0,0.0,17414.0,5905.0,1.0
mu[2638],-0.0,0.051,-0.093,0.098,0.0,0.001,14517.0,6661.0,1.0
mu[2639],-0.028,0.036,-0.097,0.038,0.0,0.0,18843.0,5955.0,1.0
mu[2640],-0.032,0.036,-0.099,0.036,0.0,0.0,19154.0,6060.0,1.0
mu[2641],-0.051,0.043,-0.131,0.029,0.0,0.001,16003.0,6635.0,1.0
mu[2642],-0.014,0.041,-0.089,0.064,0.0,0.0,16357.0,6330.0,1.0
mu[2643],-0.022,0.037,-0.089,0.051,0.0,0.0,17923.0,6173.0,1.0
mu[2644],-0.026,0.036,-0.096,0.041,0.0,0.0,18636.0,6002.0,1.0
mu[2645],-0.048,0.041,-0.124,0.029,0.0,0.0,16574.0,6350.0,1.0
mu[2646],-0.06,0.049,-0.154,0.033,0.0,0.001,14727.0,6652.0,1.0
mu[2647],-0.054,0.045,-0.137,0.032,0.0,0.001,15554.0,6749.0,1.0
mu[2648],-0.013,0.042,-0.09,0.065,0.0,0.0,16183.0,6329.0,1.0
mu[2649],-0.059,0.049,-0.147,0.037,0.0,0.001,14853.0,6673.0,1.0
mu[2650],-0.04,0.037,-0.112,0.029,0.0,0.0,18460.0,5930.0,1.0
mu[2651],-0.022,0.037,-0.089,0.051,0.0,0.0,18000.0,6174.0,1.0
mu[2652],-0.044,0.039,-0.12,0.026,0.0,0.0,17414.0,5905.0,1.0
mu[2653],-0.048,0.041,-0.124,0.029,0.0,0.0,16574.0,6350.0,1.0
mu[2654],-0.035,0.036,-0.104,0.032,0.0,0.0,19041.0,6001.0,1.0
mu[2655],-0.031,0.036,-0.097,0.039,0.0,0.0,19099.0,6120.0,1.0
mu[2656],-0.039,0.037,-0.112,0.029,0.0,0.0,18544.0,5930.0,1.0
mu[2657],-0.035,0.036,-0.104,0.032,0.0,0.0,19041.0,6001.0,1.0
mu[2658],-0.013,0.041,-0.09,0.064,0.0,0.0,16264.0,6330.0,1.0
mu[2659],-0.042,0.038,-0.113,0.031,0.0,0.0,17726.0,5952.0,1.0
mu[2660],-0.036,0.036,-0.104,0.032,0.0,0.0,18991.0,5906.0,1.0
mu[2661],-0.023,0.037,-0.094,0.045,0.0,0.0,18145.0,6123.0,1.0
mu[2662],-0.055,0.045,-0.137,0.034,0.0,0.001,15443.0,6763.0,1.0
mu[2663],-0.041,0.038,-0.111,0.031,0.0,0.0,18303.0,5930.0,1.0
mu[2664],-0.038,0.037,-0.107,0.032,0.0,0.0,18763.0,5929.0,1.0
mu[2665],-0.061,0.05,-0.153,0.037,0.0,0.001,14679.0,6652.0,1.0
mu[2666],-0.044,0.039,-0.12,0.026,0.0,0.0,17414.0,5905.0,1.0
mu[2667],-0.026,0.038,-0.099,0.044,0.0,0.0,17657.0,5985.0,1.0
mu[2668],-0.036,0.036,-0.105,0.031,0.0,0.0,19416.0,5627.0,1.0
mu[2669],0.014,0.058,-0.092,0.127,0.001,0.001,12616.0,6558.0,1.0
mu[2670],-0.056,0.037,-0.125,0.016,0.0,0.0,18262.0,5718.0,1.0
mu[2671],-0.067,0.04,-0.141,0.01,0.0,0.0,15723.0,6158.0,1.0
mu[2672],-0.033,0.037,-0.104,0.033,0.0,0.0,18888.0,5707.0,1.0
mu[2673],-0.049,0.036,-0.117,0.019,0.0,0.0,20555.0,5574.0,1.0
mu[2674],-0.024,0.039,-0.098,0.048,0.0,0.0,17178.0,6019.0,1.0
mu[2675],-0.068,0.041,-0.145,0.008,0.0,0.001,15514.0,6231.0,1.0
mu[2676],-0.086,0.049,-0.178,0.006,0.0,0.001,13323.0,6481.0,1.0
mu[2677],-0.016,0.042,-0.098,0.059,0.0,0.001,15786.0,6523.0,1.0
mu[2678],-0.018,0.041,-0.097,0.057,0.0,0.001,16090.0,6319.0,1.0
mu[2679],0.093,0.113,-0.114,0.314,0.001,0.001,10870.0,6130.0,1.0
mu[2680],-0.029,0.038,-0.098,0.042,0.0,0.0,18135.0,5940.0,1.0
mu[2681],-0.048,0.036,-0.115,0.02,0.0,0.0,20919.0,5552.0,1.0
mu[2682],-0.039,0.036,-0.105,0.03,0.0,0.0,19735.0,5514.0,1.0
mu[2683],-0.032,0.037,-0.105,0.033,0.0,0.0,18838.0,5706.0,1.0
mu[2684],-0.077,0.044,-0.161,0.007,0.0,0.001,14215.0,6085.0,1.0
mu[2685],0.001,0.05,-0.097,0.093,0.0,0.001,13567.0,6560.0,1.0
mu[2686],-0.078,0.045,-0.163,0.007,0.0,0.001,14085.0,6207.0,1.0
mu[2687],-0.027,0.038,-0.098,0.044,0.0,0.0,17808.0,5962.0,1.0
mu[2688],-0.037,0.036,-0.104,0.032,0.0,0.0,19492.0,5543.0,1.0
mu[2689],-0.027,0.038,-0.098,0.044,0.0,0.0,17804.0,5964.0,1.0
mu[2690],0.038,0.073,-0.101,0.177,0.001,0.001,11746.0,6293.0,1.0
mu[2691],-0.042,0.036,-0.11,0.025,0.0,0.0,19970.0,5499.0,1.0
mu[2692],-0.028,0.038,-0.1,0.041,0.0,0.0,17947.0,5918.0,1.0
mu[2693],-0.008,0.045,-0.097,0.076,0.0,0.001,14604.0,6704.0,1.0
mu[2694],-0.028,0.038,-0.1,0.041,0.0,0.0,18013.0,5906.0,1.0
mu[2695],-0.035,0.036,-0.105,0.031,0.0,0.0,19331.0,5681.0,1.0
mu[2696],-0.047,0.036,-0.115,0.02,0.0,0.0,19983.0,5492.0,1.0
mu[2697],-0.001,0.049,-0.094,0.091,0.0,0.001,13806.0,6574.0,1.0
mu[2698],-0.072,0.042,-0.153,0.006,0.0,0.001,14889.0,6013.0,1.0
mu[2699],-0.059,0.038,-0.131,0.012,0.0,0.0,17373.0,5792.0,1.0
mu[2700],-0.04,0.036,-0.109,0.027,0.0,0.0,19875.0,5500.0,1.0
mu[2701],-0.039,0.036,-0.105,0.03,0.0,0.0,19787.0,5541.0,1.0
mu[2702],-0.068,0.041,-0.144,0.009,0.0,0.001,15505.0,6231.0,1.0
mu[2703],-0.055,0.037,-0.123,0.016,0.0,0.0,18791.0,5785.0,1.0
mu[2704],-0.084,0.048,-0.176,0.003,0.0,0.001,13523.0,6454.0,1.0
mu[2705],-0.072,0.042,-0.154,0.006,0.0,0.001,14847.0,6059.0,1.0
mu[2706],-0.037,0.036,-0.105,0.031,0.0,0.0,19499.0,5523.0,1.0
mu[2707],-0.028,0.038,-0.098,0.042,0.0,0.0,18041.0,5941.0,1.0
mu[2708],0.01,0.055,-0.091,0.118,0.0,0.001,12873.0,6544.0,1.0
mu[2709],-0.069,0.041,-0.146,0.008,0.0,0.001,15408.0,6133.0,1.0
mu[2710],-0.018,0.041,-0.097,0.057,0.0,0.001,16149.0,6319.0,1.0
mu[2711],-0.089,0.05,-0.184,0.006,0.0,0.001,13068.0,6609.0,1.0
mu[2712],0.034,0.07,-0.101,0.166,0.001,0.001,11900.0,6364.0,1.0
mu[2713],-0.024,0.039,-0.098,0.048,0.0,0.0,17216.0,5985.0,1.0
mu[2714],-0.04,0.036,-0.106,0.029,0.0,0.0,19796.0,5541.0,1.0
mu[2715],-0.046,0.036,-0.114,0.021,0.0,0.0,19998.0,5592.0,1.0
mu[2716],-0.056,0.037,-0.126,0.014,0.0,0.0,18328.0,5739.0,1.0
mu[2717],-0.084,0.048,-0.177,0.004,0.0,0.001,13468.0,6454.0,1.0
mu[2718],0.018,0.06,-0.089,0.138,0.001,0.001,12399.0,6566.0,1.0
mu[2719],-0.042,0.036,-0.11,0.025,0.0,0.0,19974.0,5539.0,1.0
mu[2720],-0.043,0.036,-0.11,0.025,0.0,0.0,19998.0,5498.0,1.0
mu[2721],-0.042,0.036,-0.11,0.025,0.0,0.0,19974.0,5539.0,1.0
mu[2722],-0.082,0.047,-0.172,0.004,0.0,0.001,13655.0,6330.0,1.0
mu[2723],-0.062,0.039,-0.135,0.011,0.0,0.0,16729.0,6021.0,1.0
mu[2724],-0.024,0.039,-0.098,0.047,0.0,0.0,17320.0,5927.0,1.0
mu[2725],-0.059,0.038,-0.131,0.012,0.0,0.0,17478.0,5770.0,1.0
mu[2726],-0.066,0.04,-0.14,0.01,0.0,0.0,15872.0,6268.0,1.0
mu[2727],-0.02,0.04,-0.097,0.053,0.0,0.001,16544.0,6332.0,1.0
mu[2728],-0.05,0.036,-0.118,0.018,0.0,0.0,20288.0,5532.0,1.0
mu[2729],-0.014,0.043,-0.096,0.065,0.0,0.001,15507.0,6537.0,1.0
mu[2730],-0.084,0.048,-0.177,0.004,0.0,0.001,13459.0,6454.0,1.0
mu[2731],-0.002,0.048,-0.091,0.092,0.0,0.001,13897.0,6602.0,1.0
mu[2732],-0.03,0.037,-0.102,0.037,0.0,0.0,18424.0,5946.0,1.0
mu[2733],-0.029,0.038,-0.098,0.042,0.0,0.0,18122.0,5941.0,1.0
mu[2734],-0.049,0.036,-0.117,0.019,0.0,0.0,20445.0,5574.0,1.0
mu[2735],-0.022,0.04,-0.099,0.05,0.0,0.0,16851.0,6231.0,1.0
mu[2736],-0.049,0.036,-0.117,0.019,0.0,0.0,20445.0,5574.0,1.0
mu[2737],-0.029,0.038,-0.098,0.042,0.0,0.0,18122.0,5941.0,1.0
mu[2738],-0.001,0.049,-0.092,0.093,0.0,0.001,13835.0,6574.0,1.0
mu[2739],-0.07,0.041,-0.148,0.008,0.0,0.001,15238.0,6013.0,1.0
mu[2740],-0.07,0.041,-0.148,0.008,0.0,0.001,15238.0,6013.0,1.0
mu[2741],-0.042,0.036,-0.109,0.026,0.0,0.0,19981.0,5539.0,1.0
mu[2742],-0.045,0.036,-0.114,0.02,0.0,0.0,20020.0,5511.0,1.0
mu[2743],-0.033,0.037,-0.104,0.033,0.0,0.0,18911.0,5685.0,1.0
mu[2744],-0.033,0.037,-0.104,0.033,0.0,0.0,18888.0,5707.0,1.0
mu[2745],-0.063,0.039,-0.135,0.011,0.0,0.0,16511.0,6035.0,1.0
mu[2746],-0.04,0.036,-0.106,0.029,0.0,0.0,19847.0,5540.0,1.0
mu[2747],-0.084,0.048,-0.176,0.003,0.0,0.001,13523.0,6454.0,1.0
mu[2748],-0.07,0.041,-0.148,0.008,0.0,0.001,15238.0,6013.0,1.0
mu[2749],-0.049,0.036,-0.117,0.019,0.0,0.0,20445.0,5574.0,1.0
mu[2750],-0.076,0.044,-0.165,0.0,0.0,0.001,14389.0,6263.0,1.0
mu[2751],-0.015,0.042,-0.096,0.063,0.0,0.001,15632.0,6579.0,1.0
mu[2752],-0.008,0.045,-0.097,0.075,0.0,0.001,14648.0,6680.0,1.0
mu[2753],-0.057,0.037,-0.127,0.015,0.0,0.0,17861.0,5739.0,1.0
mu[2754],-0.056,0.037,-0.125,0.016,0.0,0.0,18262.0,5718.0,1.0
mu[2755],-0.036,0.036,-0.105,0.032,0.0,0.0,19355.0,5632.0,1.0
mu[2756],-0.029,0.038,-0.098,0.042,0.0,0.0,18122.0,5941.0,1.0
mu[2757],-0.084,0.048,-0.176,0.003,0.0,0.001,13523.0,6454.0,1.0
mu[2758],-0.082,0.047,-0.172,0.004,0.0,0.001,13655.0,6330.0,1.0
mu[2759],0.038,0.073,-0.1,0.176,0.001,0.001,11759.0,6294.0,1.0
mu[2760],-0.029,0.038,-0.098,0.042,0.0,0.0,18122.0,5941.0,1.0
mu[2761],-0.079,0.045,-0.164,0.007,0.0,0.001,14033.0,6108.0,1.0
mu[2762],-0.066,0.04,-0.14,0.01,0.0,0.0,15938.0,6176.0,1.0
mu[2763],-0.092,0.052,-0.188,0.009,0.0,0.001,13133.0,6607.0,1.0
mu[2764],-0.063,0.039,-0.135,0.011,0.0,0.0,16511.0,6035.0,1.0
mu[2765],0.005,0.053,-0.092,0.107,0.0,0.001,13212.0,6489.0,1.0
mu[2766],-0.038,0.036,-0.106,0.029,0.0,0.0,19640.0,5489.0,1.0
mu[2767],-0.045,0.036,-0.114,0.02,0.0,0.0,20021.0,5538.0,1.0
mu[2768],-0.075,0.044,-0.155,0.01,0.0,0.001,14456.0,6285.0,1.0
mu[2769],-0.016,0.042,-0.098,0.059,0.0,0.001,15761.0,6523.0,1.0
mu[2770],-0.029,0.038,-0.098,0.042,0.0,0.0,18122.0,5941.0,1.0
mu[2771],-0.036,0.036,-0.105,0.032,0.0,0.0,19355.0,5632.0,1.0
mu[2772],-0.07,0.041,-0.148,0.008,0.0,0.001,15238.0,6013.0,1.0
mu[2773],-0.09,0.051,-0.184,0.007,0.0,0.001,13349.0,6623.0,1.0
mu[2774],-0.08,0.046,-0.165,0.007,0.0,0.001,13928.0,6159.0,1.0
mu[2775],-0.014,0.042,-0.096,0.065,0.0,0.001,15518.0,6523.0,1.0
mu[2776],-0.088,0.05,-0.182,0.006,0.0,0.001,13130.0,6608.0,1.0
mu[2777],-0.057,0.037,-0.126,0.015,0.0,0.0,18003.0,5739.0,1.0
mu[2778],-0.029,0.037,-0.1,0.04,0.0,0.0,18283.0,5919.0,1.0
mu[2779],-0.063,0.039,-0.135,0.011,0.0,0.0,16511.0,6035.0,1.0
mu[2780],-0.07,0.041,-0.148,0.008,0.0,0.001,15238.0,6013.0,1.0
mu[2781],-0.049,0.036,-0.117,0.019,0.0,0.0,20445.0,5574.0,1.0
mu[2782],-0.042,0.036,-0.109,0.026,0.0,0.0,19981.0,5539.0,1.0
mu[2783],-0.056,0.037,-0.125,0.016,0.0,0.0,18262.0,5718.0,1.0
mu[2784],-0.049,0.036,-0.117,0.019,0.0,0.0,20445.0,5574.0,1.0
mu[2785],-0.015,0.042,-0.096,0.063,0.0,0.001,15632.0,6579.0,1.0
mu[2786],-0.06,0.038,-0.132,0.012,0.0,0.0,17081.0,5833.0,1.0
mu[2787],-0.05,0.036,-0.119,0.017,0.0,0.0,20148.0,5533.0,1.0
mu[2788],-0.031,0.037,-0.101,0.038,0.0,0.0,18567.0,5832.0,1.0
mu[2789],-0.081,0.046,-0.168,0.006,0.0,0.001,13794.0,6175.0,1.0
mu[2790],-0.058,0.038,-0.129,0.014,0.0,0.0,17596.0,5684.0,1.0
mu[2791],-0.054,0.037,-0.123,0.016,0.0,0.0,19151.0,5807.0,1.0
mu[2792],-0.09,0.051,-0.186,0.007,0.0,0.001,13277.0,6594.0,1.0
mu[2793],-0.063,0.039,-0.135,0.011,0.0,0.0,16511.0,6035.0,1.0
mu[2794],-0.017,0.038,-0.094,0.052,0.0,0.0,18090.0,5703.0,1.0
mu[2795],-0.025,0.036,-0.097,0.042,0.0,0.0,19998.0,5391.0,1.0
mu[2796],0.019,0.056,-0.087,0.123,0.0,0.001,13730.0,6817.0,1.0
mu[2797],-0.043,0.038,-0.117,0.024,0.0,0.0,20679.0,5637.0,1.0
mu[2798],-0.053,0.041,-0.131,0.021,0.0,0.001,19235.0,5855.0,1.0
mu[2799],-0.022,0.037,-0.099,0.042,0.0,0.0,19273.0,5329.0,1.0
mu[2800],-0.037,0.037,-0.106,0.031,0.0,0.0,21239.0,5418.0,1.0
mu[2801],-0.014,0.039,-0.091,0.057,0.0,0.001,18086.0,5755.0,1.0
mu[2802],-0.054,0.041,-0.135,0.019,0.0,0.001,19036.0,5925.0,1.0
mu[2803],-0.07,0.049,-0.163,0.02,0.0,0.001,16587.0,6147.0,1.0
mu[2804],-0.008,0.041,-0.091,0.067,0.0,0.001,16474.0,5977.0,1.0
mu[2805],-0.009,0.041,-0.09,0.065,0.0,0.001,16730.0,5873.0,1.0
mu[2806],0.09,0.109,-0.106,0.303,0.001,0.001,12491.0,7204.0,1.0
mu[2807],-0.019,0.038,-0.094,0.049,0.0,0.0,18379.0,5631.0,1.0
mu[2808],-0.036,0.036,-0.106,0.031,0.0,0.0,21249.0,5380.0,1.0
mu[2809],-0.028,0.036,-0.097,0.039,0.0,0.0,20709.0,5479.0,1.0
mu[2810],-0.022,0.037,-0.099,0.042,0.0,0.0,19223.0,5329.0,1.0
mu[2811],-0.062,0.045,-0.147,0.021,0.0,0.001,17693.0,6045.0,1.0
mu[2812],0.008,0.049,-0.084,0.1,0.0,0.001,14549.0,6495.0,1.0
mu[2813],-0.063,0.045,-0.149,0.02,0.0,0.001,17536.0,6093.0,1.0
mu[2814],-0.017,0.038,-0.093,0.051,0.0,0.0,18166.0,5713.0,1.0
mu[2815],-0.026,0.036,-0.097,0.041,0.0,0.0,20123.0,5333.0,1.0
mu[2816],-0.017,0.038,-0.094,0.051,0.0,0.0,18149.0,5713.0,1.0
mu[2817],0.041,0.071,-0.09,0.176,0.001,0.001,12977.0,6885.0,1.0
mu[2818],-0.031,0.036,-0.102,0.034,0.0,0.0,21057.0,5402.0,1.0
mu[2819],-0.018,0.038,-0.094,0.05,0.0,0.0,18158.0,5735.0,1.0
mu[2820],-0.0,0.044,-0.082,0.087,0.0,0.001,15421.0,6241.0,1.0
mu[2821],-0.018,0.038,-0.094,0.049,0.0,0.0,18197.0,5735.0,1.0
mu[2822],-0.025,0.036,-0.097,0.042,0.0,0.0,19867.0,5316.0,1.0
mu[2823],-0.035,0.036,-0.104,0.032,0.0,0.0,21267.0,5419.0,1.0
mu[2824],0.006,0.048,-0.083,0.096,0.0,0.001,14753.0,6346.0,1.0
mu[2825],-0.058,0.043,-0.137,0.023,0.0,0.001,18441.0,5948.0,1.0
mu[2826],-0.046,0.038,-0.115,0.029,0.0,0.0,20271.0,5617.0,1.0
mu[2827],-0.029,0.036,-0.1,0.037,0.0,0.0,20886.0,5431.0,1.0
mu[2828],-0.028,0.036,-0.098,0.038,0.0,0.0,20762.0,5441.0,1.0
mu[2829],-0.054,0.041,-0.135,0.019,0.0,0.001,19029.0,5925.0,1.0
mu[2830],-0.042,0.037,-0.115,0.025,0.0,0.0,20850.0,5576.0,1.0
mu[2831],-0.068,0.048,-0.159,0.02,0.0,0.001,16843.0,6090.0,1.0
mu[2832],-0.058,0.043,-0.137,0.023,0.0,0.001,18404.0,5948.0,1.0
mu[2833],-0.026,0.036,-0.097,0.041,0.0,0.0,20143.0,5333.0,1.0
mu[2834],-0.019,0.038,-0.094,0.049,0.0,0.0,18232.0,5727.0,1.0
mu[2835],0.016,0.054,-0.085,0.116,0.0,0.001,13950.0,6652.0,1.0
mu[2836],-0.055,0.041,-0.135,0.02,0.0,0.001,18949.0,5878.0,1.0
mu[2837],-0.009,0.04,-0.09,0.065,0.0,0.001,16785.0,5805.0,1.0
mu[2838],-0.072,0.05,-0.167,0.022,0.0,0.001,16249.0,5979.0,1.0
mu[2839],0.037,0.068,-0.087,0.167,0.001,0.001,13079.0,6807.0,1.0
mu[2840],-0.015,0.039,-0.091,0.056,0.0,0.0,18106.0,5754.0,1.0
mu[2841],-0.029,0.036,-0.099,0.037,0.0,0.0,20784.0,5441.0,1.0
mu[2842],-0.034,0.036,-0.102,0.034,0.0,0.0,21262.0,5431.0,1.0
mu[2843],-0.043,0.038,-0.115,0.027,0.0,0.0,20703.0,5637.0,1.0
mu[2844],-0.068,0.048,-0.16,0.02,0.0,0.001,16780.0,6113.0,1.0
mu[2845],0.023,0.058,-0.081,0.137,0.001,0.001,13559.0,6833.0,1.0
mu[2846],-0.031,0.036,-0.102,0.034,0.0,0.0,21065.0,5402.0,1.0
mu[2847],-0.032,0.036,-0.101,0.035,0.0,0.0,21112.0,5479.0,1.0
mu[2848],-0.031,0.036,-0.102,0.034,0.0,0.0,21065.0,5402.0,1.0
mu[2849],-0.067,0.047,-0.158,0.019,0.0,0.001,17000.0,6092.0,1.0
mu[2850],-0.049,0.039,-0.122,0.025,0.0,0.0,19923.0,5945.0,1.0
mu[2851],-0.015,0.039,-0.092,0.056,0.0,0.0,18108.0,5776.0,1.0
mu[2852],-0.046,0.038,-0.115,0.029,0.0,0.0,20310.0,5701.0,1.0
mu[2853],-0.052,0.04,-0.128,0.022,0.0,0.001,19352.0,5855.0,1.0
mu[2854],-0.011,0.04,-0.088,0.065,0.0,0.001,17100.0,5764.0,1.0
mu[2855],-0.038,0.037,-0.107,0.03,0.0,0.0,21213.0,5341.0,1.0
mu[2856],-0.006,0.042,-0.087,0.073,0.0,0.001,16220.0,5976.0,1.0
mu[2857],-0.069,0.048,-0.16,0.019,0.0,0.001,16757.0,6113.0,1.0
mu[2858],0.005,0.047,-0.084,0.095,0.0,0.001,14824.0,6347.0,1.0
mu[2859],-0.02,0.037,-0.096,0.046,0.0,0.0,18718.0,5478.0,1.0
mu[2860],-0.019,0.038,-0.094,0.049,0.0,0.0,18360.0,5631.0,1.0
mu[2861],-0.037,0.037,-0.106,0.031,0.0,0.0,21225.0,5361.0,1.0
mu[2862],-0.013,0.039,-0.091,0.059,0.0,0.001,18181.0,5752.0,1.0
mu[2863],-0.037,0.037,-0.106,0.031,0.0,0.0,21225.0,5361.0,1.0
mu[2864],-0.019,0.038,-0.094,0.049,0.0,0.0,18360.0,5631.0,1.0
mu[2865],0.006,0.047,-0.084,0.096,0.0,0.001,14775.0,6307.0,1.0
mu[2866],-0.056,0.042,-0.133,0.023,0.0,0.001,18778.0,5857.0,1.0
mu[2867],-0.056,0.042,-0.133,0.023,0.0,0.001,18778.0,5857.0,1.0
mu[2868],-0.031,0.036,-0.102,0.034,0.0,0.0,21090.0,5421.0,1.0
mu[2869],-0.033,0.036,-0.102,0.034,0.0,0.0,21252.0,5469.0,1.0
mu[2870],-0.023,0.037,-0.099,0.042,0.0,0.0,19289.0,5292.0,1.0
mu[2871],-0.022,0.037,-0.099,0.042,0.0,0.0,19273.0,5329.0,1.0
mu[2872],-0.05,0.039,-0.123,0.025,0.0,0.001,19776.0,5898.0,1.0
mu[2873],-0.029,0.036,-0.1,0.037,0.0,0.0,20842.0,5470.0,1.0
mu[2874],-0.068,0.048,-0.159,0.02,0.0,0.001,16843.0,6090.0,1.0
mu[2875],-0.056,0.042,-0.133,0.023,0.0,0.001,18778.0,5857.0,1.0
mu[2876],-0.037,0.037,-0.106,0.031,0.0,0.0,21225.0,5361.0,1.0
mu[2877],-0.061,0.044,-0.142,0.023,0.0,0.001,17880.0,6043.0,1.0
mu[2878],-0.007,0.042,-0.087,0.072,0.0,0.001,16341.0,5999.0,1.0
mu[2879],-0.001,0.044,-0.082,0.086,0.0,0.001,15463.0,6241.0,1.0
mu[2880],-0.045,0.038,-0.119,0.024,0.0,0.0,20526.0,5722.0,1.0
mu[2881],-0.043,0.038,-0.117,0.024,0.0,0.0,20679.0,5637.0,1.0
mu[2882],-0.025,0.036,-0.097,0.042,0.0,0.0,19915.0,5353.0,1.0
mu[2883],-0.019,0.038,-0.094,0.049,0.0,0.0,18360.0,5631.0,1.0
mu[2884],-0.068,0.048,-0.159,0.02,0.0,0.001,16843.0,6090.0,1.0
mu[2885],-0.067,0.047,-0.158,0.019,0.0,0.001,17000.0,6092.0,1.0
mu[2886],0.041,0.07,-0.09,0.175,0.001,0.001,12986.0,6884.0,1.0
mu[2887],-0.019,0.038,-0.094,0.049,0.0,0.0,18360.0,5631.0,1.0
mu[2888],-0.064,0.046,-0.15,0.02,0.0,0.001,17467.0,6068.0,1.0
mu[2889],-0.052,0.04,-0.128,0.023,0.0,0.001,19402.0,5832.0,1.0
mu[2890],-0.076,0.052,-0.173,0.023,0.0,0.001,15897.0,6045.0,1.0
mu[2891],-0.05,0.039,-0.123,0.025,0.0,0.001,19776.0,5898.0,1.0
mu[2892],0.012,0.051,-0.085,0.107,0.0,0.001,14240.0,6682.0,1.0
mu[2893],-0.027,0.036,-0.097,0.04,0.0,0.0,20593.0,5440.0,1.0
mu[2894],-0.033,0.036,-0.102,0.034,0.0,0.0,21268.0,5459.0,1.0
mu[2895],-0.06,0.044,-0.143,0.022,0.0,0.001,17980.0,5902.0,1.0
mu[2896],-0.007,0.041,-0.091,0.067,0.0,0.001,16457.0,5977.0,1.0
mu[2897],-0.019,0.038,-0.094,0.049,0.0,0.0,18360.0,5631.0,1.0
mu[2898],-0.025,0.036,-0.097,0.042,0.0,0.0,19915.0,5353.0,1.0
mu[2899],-0.056,0.042,-0.133,0.023,0.0,0.001,18778.0,5857.0,1.0
mu[2900],-0.073,0.051,-0.168,0.022,0.0,0.001,16149.0,5971.0,1.0
mu[2901],-0.064,0.046,-0.152,0.02,0.0,0.001,17362.0,6092.0,1.0
mu[2902],-0.006,0.042,-0.087,0.073,0.0,0.001,16231.0,6023.0,1.0
mu[2903],-0.072,0.05,-0.166,0.022,0.0,0.001,16340.0,5978.0,1.0
mu[2904],-0.044,0.038,-0.118,0.024,0.0,0.0,20581.0,5701.0,1.0
mu[2905],-0.02,0.037,-0.096,0.047,0.0,0.0,18527.0,5539.0,1.0
mu[2906],-0.05,0.039,-0.123,0.025,0.0,0.001,19776.0,5898.0,1.0
mu[2907],-0.056,0.042,-0.133,0.023,0.0,0.001,18778.0,5857.0,1.0
mu[2908],-0.037,0.037,-0.106,0.031,0.0,0.0,21225.0,5361.0,1.0
mu[2909],-0.031,0.036,-0.102,0.034,0.0,0.0,21090.0,5421.0,1.0
mu[2910],-0.043,0.038,-0.117,0.024,0.0,0.0,20679.0,5637.0,1.0
mu[2911],-0.037,0.037,-0.106,0.031,0.0,0.0,21225.0,5361.0,1.0
mu[2912],-0.007,0.042,-0.087,0.072,0.0,0.001,16341.0,5999.0,1.0
mu[2913],-0.047,0.039,-0.117,0.028,0.0,0.0,20135.0,5810.0,1.0
mu[2914],-0.038,0.037,-0.111,0.027,0.0,0.0,21197.0,5360.0,1.0
mu[2915],-0.021,0.037,-0.094,0.048,0.0,0.0,18918.0,5410.0,1.0
mu[2916],-0.065,0.047,-0.155,0.019,0.0,0.001,17199.0,6092.0,1.0
mu[2917],-0.045,0.038,-0.12,0.024,0.0,0.0,20379.0,5681.0,1.0
mu[2918],-0.041,0.037,-0.115,0.025,0.0,0.0,20937.0,5516.0,1.0
mu[2919],-0.074,0.051,-0.171,0.021,0.0,0.001,16066.0,5925.0,1.0
mu[2920],-0.05,0.039,-0.123,0.025,0.0,0.001,19776.0,5898.0,1.0
mu[2921],0.005,0.038,-0.066,0.078,0.0,0.001,19261.0,6009.0,1.0
mu[2922],0.001,0.036,-0.067,0.069,0.0,0.001,20576.0,5550.0,1.0
mu[2923],0.022,0.058,-0.087,0.131,0.001,0.001,13321.0,6405.0,1.0
mu[2924],-0.007,0.037,-0.074,0.065,0.0,0.0,18294.0,5830.0,1.0
mu[2925],-0.012,0.04,-0.088,0.061,0.0,0.0,15864.0,5767.0,1.0
mu[2926],0.003,0.037,-0.067,0.071,0.0,0.001,20228.0,5709.0,1.0
mu[2927],-0.004,0.036,-0.07,0.064,0.0,0.0,19828.0,5341.0,1.0
mu[2928],0.006,0.039,-0.067,0.08,0.0,0.001,18773.0,6166.0,1.0
mu[2929],-0.012,0.04,-0.089,0.062,0.0,0.0,15583.0,5769.0,1.0
mu[2930],-0.02,0.048,-0.108,0.073,0.0,0.001,13048.0,6478.0,1.0
mu[2931],0.01,0.042,-0.069,0.089,0.0,0.001,17250.0,6326.0,1.0
mu[2932],0.009,0.041,-0.069,0.087,0.0,0.001,17618.0,6152.0,1.0
mu[2933],0.056,0.114,-0.167,0.263,0.001,0.001,10960.0,6743.0,1.0
mu[2934],0.004,0.038,-0.066,0.076,0.0,0.001,19678.0,5902.0,1.0
mu[2935],-0.004,0.036,-0.069,0.065,0.0,0.0,20028.0,5414.0,1.0
mu[2936],0.0,0.036,-0.067,0.068,0.0,0.0,20717.0,5460.0,1.0
mu[2937],0.003,0.037,-0.067,0.072,0.0,0.001,20198.0,5709.0,1.0
mu[2938],-0.016,0.044,-0.098,0.067,0.0,0.001,14093.0,6450.0,1.0
mu[2939],0.017,0.051,-0.073,0.115,0.0,0.001,14550.0,6042.0,1.0
mu[2940],-0.017,0.045,-0.098,0.068,0.0,0.001,13930.0,6534.0,1.0
mu[2941],0.005,0.038,-0.066,0.077,0.0,0.001,19385.0,5868.0,1.0
mu[2942],0.001,0.036,-0.067,0.069,0.0,0.001,20609.0,5502.0,1.0
mu[2943],0.005,0.038,-0.066,0.077,0.0,0.001,19392.0,5869.0,1.0
mu[2944],0.032,0.074,-0.104,0.175,0.001,0.001,12095.0,6991.0,1.0
mu[2945],-0.001,0.036,-0.066,0.069,0.0,0.0,20647.0,5521.0,1.0
mu[2946],0.005,0.038,-0.066,0.076,0.0,0.001,19511.0,5759.0,1.0
mu[2947],0.013,0.046,-0.072,0.099,0.0,0.001,15799.0,6073.0,1.0
mu[2948],0.005,0.038,-0.066,0.076,0.0,0.001,19579.0,5826.0,1.0
mu[2949],0.001,0.036,-0.067,0.07,0.0,0.001,20528.0,5663.0,1.0
mu[2950],-0.003,0.036,-0.069,0.065,0.0,0.0,20143.0,5348.0,1.0
mu[2951],0.016,0.049,-0.073,0.11,0.0,0.001,14840.0,5829.0,1.0
mu[2952],-0.014,0.042,-0.089,0.067,0.0,0.0,14895.0,5944.0,1.0
mu[2953],-0.009,0.038,-0.078,0.064,0.0,0.0,17564.0,5784.0,1.0
mu[2954],-0.001,0.036,-0.065,0.07,0.0,0.0,20712.0,5522.0,1.0
mu[2955],-0.0,0.036,-0.067,0.068,0.0,0.0,20733.0,5520.0,1.0
mu[2956],-0.012,0.04,-0.089,0.062,0.0,0.0,15573.0,5769.0,1.0
mu[2957],-0.007,0.037,-0.071,0.066,0.0,0.0,18646.0,5767.0,1.0
mu[2958],-0.019,0.047,-0.104,0.073,0.0,0.001,13291.0,6679.0,1.0
mu[2959],-0.014,0.042,-0.089,0.067,0.0,0.0,14840.0,5898.0,1.0
mu[2960],0.001,0.036,-0.067,0.069,0.0,0.001,20608.0,5502.0,1.0
mu[2961],0.004,0.038,-0.066,0.076,0.0,0.001,19605.0,5826.0,1.0
mu[2962],0.021,0.056,-0.084,0.124,0.0,0.001,13676.0,6274.0,1.0
mu[2963],-0.013,0.041,-0.09,0.062,0.0,0.0,15487.0,5813.0,1.0
mu[2964],0.009,0.041,-0.068,0.086,0.0,0.001,17679.0,6152.0,1.0
mu[2965],-0.021,0.05,-0.112,0.076,0.0,0.001,12746.0,6569.0,1.0
mu[2966],0.03,0.071,-0.098,0.169,0.001,0.001,12264.0,6927.0,1.0
mu[2967],0.006,0.039,-0.066,0.08,0.0,0.001,18814.0,6021.0,1.0
mu[2968],-0.0,0.036,-0.067,0.068,0.0,0.0,20729.0,5519.0,1.0
mu[2969],-0.003,0.036,-0.067,0.068,0.0,0.0,20213.0,5372.0,1.0
mu[2970],-0.007,0.037,-0.074,0.065,0.0,0.0,18341.0,5830.0,1.0
mu[2971],-0.019,0.048,-0.104,0.074,0.0,0.001,13232.0,6621.0,1.0
mu[2972],0.024,0.061,-0.091,0.137,0.001,0.001,13051.0,6485.0,1.0
mu[2973],-0.001,0.036,-0.066,0.069,0.0,0.0,20636.0,5521.0,1.0
mu[2974],-0.002,0.036,-0.066,0.068,0.0,0.0,20585.0,5481.0,1.0
mu[2975],-0.001,0.036,-0.066,0.069,0.0,0.0,20636.0,5521.0,1.0
mu[2976],-0.018,0.047,-0.102,0.072,0.0,0.001,13439.0,6678.0,1.0
mu[2977],-0.01,0.038,-0.08,0.064,0.0,0.0,16968.0,5721.0,1.0
mu[2978],0.006,0.039,-0.066,0.08,0.0,0.001,18917.0,6116.0,1.0
mu[2979],-0.008,0.038,-0.076,0.065,0.0,0.0,17656.0,5804.0,1.0
mu[2980],-0.011,0.04,-0.087,0.062,0.0,0.0,16058.0,5834.0,1.0
mu[2981],0.008,0.04,-0.067,0.085,0.0,0.001,18118.0,6163.0,1.0
mu[2982],-0.005,0.036,-0.071,0.064,0.0,0.0,19663.0,5484.0,1.0
mu[2983],0.01,0.043,-0.066,0.095,0.0,0.001,16884.0,6249.0,1.0
mu[2984],-0.019,0.048,-0.104,0.074,0.0,0.001,13208.0,6591.0,1.0
mu[2985],0.016,0.049,-0.072,0.109,0.0,0.001,14950.0,5724.0,1.0
mu[2986],0.004,0.037,-0.066,0.074,0.0,0.001,19889.0,5536.0,1.0
mu[2987],0.004,0.038,-0.066,0.076,0.0,0.001,19672.0,5848.0,1.0
mu[2988],-0.004,0.036,-0.071,0.064,0.0,0.0,19770.0,5416.0,1.0
mu[2989],0.007,0.04,-0.067,0.082,0.0,0.001,18407.0,6164.0,1.0
mu[2990],-0.004,0.036,-0.071,0.064,0.0,0.0,19770.0,5416.0,1.0
mu[2991],0.004,0.038,-0.066,0.076,0.0,0.001,19672.0,5848.0,1.0
mu[2992],0.016,0.049,-0.073,0.11,0.0,0.001,14875.0,5741.0,1.0
mu[2993],-0.013,0.041,-0.091,0.063,0.0,0.0,15295.0,5785.0,1.0
mu[2994],-0.013,0.041,-0.091,0.063,0.0,0.0,15295.0,5785.0,1.0
mu[2995],-0.001,0.036,-0.065,0.069,0.0,0.0,20626.0,5501.0,1.0
mu[2996],-0.002,0.036,-0.069,0.066,0.0,0.0,20430.0,5359.0,1.0
mu[2997],0.003,0.037,-0.067,0.071,0.0,0.001,20245.0,5709.0,1.0
mu[2998],0.003,0.037,-0.067,0.071,0.0,0.001,20228.0,5709.0,1.0
mu[2999],-0.01,0.039,-0.083,0.063,0.0,0.0,16743.0,5831.0,1.0
mu[3000],-0.0,0.036,-0.067,0.067,0.0,0.0,20730.0,5560.0,1.0
mu[3001],-0.019,0.047,-0.104,0.073,0.0,0.001,13291.0,6679.0,1.0
mu[3002],-0.013,0.041,-0.091,0.063,0.0,0.0,15295.0,5785.0,1.0
mu[3003],-0.004,0.036,-0.071,0.064,0.0,0.0,19770.0,5416.0,1.0
mu[3004],-0.015,0.044,-0.096,0.066,0.0,0.001,14288.0,6343.0,1.0
mu[3005],0.01,0.043,-0.065,0.094,0.0,0.001,17056.0,6177.0,1.0
mu[3006],0.013,0.046,-0.068,0.102,0.0,0.001,15839.0,6049.0,1.0
mu[3007],-0.008,0.037,-0.076,0.064,0.0,0.0,18014.0,5827.0,1.0
mu[3008],-0.007,0.037,-0.074,0.065,0.0,0.0,18294.0,5830.0,1.0
mu[3009],0.001,0.036,-0.067,0.069,0.0,0.001,20538.0,5674.0,1.0
mu[3010],0.004,0.038,-0.066,0.076,0.0,0.001,19672.0,5848.0,1.0
mu[3011],-0.019,0.047,-0.104,0.073,0.0,0.001,13291.0,6679.0,1.0
mu[3012],-0.018,0.047,-0.102,0.072,0.0,0.001,13439.0,6678.0,1.0
mu[3013],0.032,0.074,-0.104,0.175,0.001,0.001,12109.0,6991.0,1.0
mu[3014],0.004,0.038,-0.066,0.076,0.0,0.001,19672.0,5848.0,1.0
mu[3015],-0.017,0.045,-0.099,0.068,0.0,0.001,13872.0,6592.0,1.0
mu[3016],-0.011,0.04,-0.086,0.062,0.0,0.0,16132.0,5813.0,1.0
mu[3017],-0.022,0.052,-0.119,0.076,0.0,0.001,12454.0,6625.0,1.0
mu[3018],-0.01,0.039,-0.083,0.063,0.0,0.0,16743.0,5831.0,1.0
mu[3019],0.019,0.053,-0.078,0.119,0.0,0.001,14079.0,6300.0,1.0
mu[3020],0.0,0.036,-0.067,0.068,0.0,0.001,20685.0,5519.0,1.0
mu[3021],-0.002,0.036,-0.068,0.066,0.0,0.0,20410.0,5361.0,1.0
mu[3022],-0.015,0.043,-0.095,0.065,0.0,0.001,14386.0,6364.0,1.0
mu[3023],0.01,0.042,-0.069,0.089,0.0,0.001,17223.0,6326.0,1.0
mu[3024],0.004,0.038,-0.066,0.076,0.0,0.001,19672.0,5848.0,1.0
mu[3025],0.001,0.036,-0.067,0.069,0.0,0.001,20538.0,5674.0,1.0
mu[3026],-0.013,0.041,-0.091,0.063,0.0,0.0,15295.0,5785.0,1.0
mu[3027],-0.021,0.051,-0.113,0.077,0.0,0.001,12660.0,6597.0,1.0
mu[3028],-0.017,0.045,-0.099,0.07,0.0,0.001,13760.0,6622.0,1.0
mu[3029],0.01,0.043,-0.066,0.095,0.0,0.001,16900.0,6249.0,1.0
mu[3030],-0.021,0.05,-0.11,0.077,0.0,0.001,12821.0,6512.0,1.0
mu[3031],-0.008,0.037,-0.076,0.064,0.0,0.0,18122.0,5850.0,1.0
mu[3032],0.004,0.038,-0.065,0.076,0.0,0.001,19786.0,5703.0,1.0
mu[3033],-0.01,0.039,-0.083,0.063,0.0,0.0,16743.0,5831.0,1.0
mu[3034],-0.013,0.041,-0.091,0.063,0.0,0.0,15295.0,5785.0,1.0
mu[3035],-0.004,0.036,-0.071,0.064,0.0,0.0,19770.0,5416.0,1.0
mu[3036],-0.001,0.036,-0.065,0.069,0.0,0.0,20626.0,5501.0,1.0
mu[3037],-0.007,0.037,-0.074,0.065,0.0,0.0,18294.0,5830.0,1.0
mu[3038],-0.004,0.036,-0.071,0.064,0.0,0.0,19770.0,5416.0,1.0
mu[3039],0.01,0.043,-0.065,0.094,0.0,0.001,17056.0,6177.0,1.0
mu[3040],-0.009,0.038,-0.078,0.065,0.0,0.0,17330.0,5808.0,1.0
mu[3041],-0.005,0.036,-0.072,0.063,0.0,0.0,19575.0,5466.0,1.0
mu[3042],0.003,0.037,-0.066,0.074,0.0,0.001,19989.0,5658.0,1.0
mu[3043],-0.018,0.046,-0.101,0.07,0.0,0.001,13605.0,6621.0,1.0
mu[3044],-0.008,0.037,-0.076,0.065,0.0,0.0,17762.0,5827.0,1.0
mu[3045],-0.006,0.037,-0.072,0.065,0.0,0.0,18912.0,5711.0,1.0
mu[3046],-0.022,0.051,-0.114,0.078,0.0,0.001,12600.0,6598.0,1.0
mu[3047],-0.01,0.039,-0.083,0.063,0.0,0.0,16743.0,5831.0,1.0
mu[3048],0.013,0.04,-0.062,0.087,0.0,0.0,14733.0,6812.0,1.0
mu[3049],-0.007,0.037,-0.074,0.063,0.0,0.0,17226.0,6001.0,1.0
mu[3050],0.098,0.071,-0.034,0.229,0.001,0.001,10746.0,7561.0,1.0
mu[3051],-0.05,0.038,-0.118,0.023,0.0,0.0,17133.0,6297.0,1.0
mu[3052],-0.072,0.044,-0.153,0.01,0.0,0.0,14633.0,6764.0,1.0
mu[3053],-0.0,0.038,-0.069,0.071,0.0,0.0,16312.0,6263.0,1.0
mu[3054],-0.034,0.036,-0.102,0.033,0.0,0.0,18552.0,5968.0,1.0
mu[3055],0.019,0.041,-0.061,0.094,0.0,0.0,14192.0,6871.0,1.0
mu[3056],-0.075,0.044,-0.162,0.005,0.0,0.0,14390.0,6887.0,1.0
mu[3057],-0.112,0.057,-0.211,0.006,0.001,0.001,11916.0,7001.0,1.0
mu[3058],0.035,0.046,-0.053,0.118,0.0,0.0,12891.0,7020.0,1.0
mu[3059],0.031,0.045,-0.053,0.114,0.0,0.0,13155.0,7074.0,1.0
mu[3060],0.264,0.149,-0.012,0.546,0.002,0.002,9621.0,6789.0,1.0
mu[3061],0.008,0.039,-0.061,0.084,0.0,0.0,15330.0,6535.0,1.0
mu[3062],-0.032,0.036,-0.101,0.034,0.0,0.0,18709.0,6101.0,1.0
mu[3063],-0.013,0.036,-0.08,0.056,0.0,0.0,17944.0,6047.0,1.0
mu[3064],0.0,0.038,-0.069,0.071,0.0,0.0,16250.0,6264.0,1.0
mu[3065],-0.093,0.05,-0.189,0.001,0.0,0.001,13019.0,6972.0,1.0
mu[3066],0.071,0.059,-0.038,0.182,0.001,0.001,11335.0,7616.0,1.0
mu[3067],-0.096,0.051,-0.193,0.001,0.0,0.001,12861.0,6997.0,1.0
mu[3068],0.012,0.04,-0.063,0.085,0.0,0.0,14918.0,6736.0,1.0
mu[3069],-0.009,0.036,-0.077,0.06,0.0,0.0,17362.0,6046.0,1.0
mu[3070],0.011,0.04,-0.063,0.085,0.0,0.0,14932.0,6736.0,1.0
mu[3071],0.149,0.093,-0.021,0.329,0.001,0.001,10252.0,7395.0,1.0
mu[3072],-0.02,0.036,-0.087,0.047,0.0,0.0,18692.0,5885.0,1.0
mu[3073],0.01,0.039,-0.061,0.086,0.0,0.0,15113.0,6677.0,1.0
mu[3074],0.052,0.052,-0.047,0.145,0.0,0.001,11978.0,7327.0,1.0
mu[3075],0.009,0.039,-0.059,0.087,0.0,0.0,15187.0,6648.0,1.0
mu[3076],-0.006,0.037,-0.073,0.065,0.0,0.0,17075.0,5991.0,1.0
mu[3077],-0.03,0.036,-0.096,0.038,0.0,0.0,18758.0,6040.0,1.0
mu[3078],0.066,0.057,-0.039,0.174,0.001,0.001,11472.0,7434.0,1.0
mu[3079],-0.083,0.047,-0.166,0.011,0.0,0.0,13717.0,6820.0,1.0
mu[3080],-0.056,0.04,-0.128,0.02,0.0,0.0,16340.0,6169.0,1.0
mu[3081],-0.016,0.036,-0.083,0.052,0.0,0.0,18526.0,5908.0,1.0
mu[3082],-0.014,0.036,-0.08,0.054,0.0,0.0,18038.0,6000.0,1.0
mu[3083],-0.075,0.044,-0.162,0.005,0.0,0.0,14379.0,6885.0,1.0
mu[3084],-0.046,0.038,-0.114,0.025,0.0,0.0,17505.0,6401.0,1.0
mu[3085],-0.107,0.055,-0.205,0.005,0.001,0.001,12114.0,6873.0,1.0
mu[3086],-0.084,0.047,-0.167,0.011,0.0,0.0,13666.0,6819.0,1.0
mu[3087],-0.009,0.036,-0.077,0.06,0.0,0.0,17381.0,6046.0,1.0
mu[3088],0.009,0.039,-0.059,0.087,0.0,0.0,15225.0,6620.0,1.0
mu[3089],0.089,0.067,-0.035,0.214,0.001,0.001,10920.0,7286.0,1.0
mu[3090],-0.076,0.045,-0.163,0.006,0.0,0.0,14281.0,6852.0,1.0
mu[3091],0.03,0.045,-0.053,0.113,0.0,0.0,13202.0,7076.0,1.0
mu[3092],-0.118,0.06,-0.224,0.0,0.001,0.001,11688.0,7134.0,1.0
mu[3093],0.139,0.089,-0.027,0.306,0.001,0.001,10309.0,7409.0,1.0
mu[3094],0.018,0.041,-0.055,0.099,0.0,0.0,14232.0,6821.0,1.0
mu[3095],-0.015,0.036,-0.081,0.053,0.0,0.0,18082.0,5977.0,1.0
mu[3096],-0.029,0.036,-0.094,0.04,0.0,0.0,18775.0,6240.0,1.0
mu[3097],-0.049,0.038,-0.12,0.021,0.0,0.0,17192.0,6297.0,1.0
mu[3098],-0.108,0.056,-0.206,0.005,0.001,0.001,12062.0,6873.0,1.0
mu[3099],0.106,0.074,-0.034,0.244,0.001,0.001,10623.0,7667.0,1.0
mu[3100],-0.02,0.036,-0.087,0.046,0.0,0.0,18705.0,5885.0,1.0
mu[3101],-0.022,0.036,-0.088,0.045,0.0,0.0,18746.0,5976.0,1.0
mu[3102],-0.02,0.036,-0.087,0.046,0.0,0.0,18705.0,5885.0,1.0
mu[3103],-0.104,0.054,-0.205,0.0,0.0,0.001,12244.0,6872.0,1.0
mu[3104],-0.062,0.041,-0.139,0.014,0.0,0.0,15739.0,6443.0,1.0
mu[3105],0.017,0.041,-0.061,0.092,0.0,0.0,14343.0,6822.0,1.0
mu[3106],-0.055,0.039,-0.126,0.021,0.0,0.0,16438.0,6218.0,1.0
mu[3107],-0.07,0.043,-0.149,0.012,0.0,0.0,14828.0,6828.0,1.0
mu[3108],0.026,0.043,-0.056,0.106,0.0,0.0,13550.0,6824.0,1.0
mu[3109],-0.036,0.036,-0.105,0.031,0.0,0.0,18427.0,5983.0,1.0
mu[3110],0.038,0.047,-0.052,0.123,0.0,0.0,12672.0,7153.0,1.0
mu[3111],-0.109,0.056,-0.211,0.001,0.001,0.001,12040.0,6873.0,1.0
mu[3112],0.064,0.056,-0.039,0.172,0.001,0.001,11527.0,7470.0,1.0
mu[3113],0.005,0.038,-0.064,0.08,0.0,0.0,15685.0,6434.0,1.0
mu[3114],0.008,0.039,-0.06,0.086,0.0,0.0,15322.0,6535.0,1.0
mu[3115],-0.035,0.036,-0.103,0.032,0.0,0.0,18509.0,6003.0,1.0
mu[3116],0.022,0.042,-0.058,0.1,0.0,0.0,13855.0,6886.0,1.0
mu[3117],-0.035,0.036,-0.103,0.032,0.0,0.0,18509.0,6003.0,1.0
mu[3118],0.008,0.039,-0.06,0.086,0.0,0.0,15322.0,6535.0,1.0
mu[3119],0.065,0.057,-0.039,0.173,0.001,0.001,11493.0,7434.0,1.0
mu[3120],-0.078,0.045,-0.167,0.004,0.0,0.0,14086.0,6883.0,1.0
mu[3121],-0.078,0.045,-0.167,0.004,0.0,0.0,14086.0,6883.0,1.0
mu[3122],-0.021,0.036,-0.088,0.046,0.0,0.0,18727.0,6001.0,1.0
mu[3123],-0.025,0.036,-0.092,0.041,0.0,0.0,18793.0,6142.0,1.0
mu[3124],-0.0,0.037,-0.07,0.07,0.0,0.0,16355.0,6315.0,1.0
mu[3125],-0.0,0.038,-0.069,0.071,0.0,0.0,16312.0,6263.0,1.0
mu[3126],-0.064,0.041,-0.142,0.013,0.0,0.0,15502.0,6774.0,1.0
mu[3127],-0.016,0.036,-0.082,0.052,0.0,0.0,18469.0,5931.0,1.0
mu[3128],-0.107,0.055,-0.205,0.005,0.001,0.001,12114.0,6873.0,1.0
mu[3129],-0.078,0.045,-0.167,0.004,0.0,0.0,14086.0,6883.0,1.0
mu[3130],-0.035,0.036,-0.103,0.032,0.0,0.0,18509.0,6003.0,1.0
mu[3131],-0.091,0.049,-0.184,0.003,0.0,0.0,13191.0,7037.0,1.0
mu[3132],0.037,0.047,-0.052,0.121,0.0,0.0,12772.0,7186.0,1.0
mu[3133],0.051,0.052,-0.047,0.144,0.0,0.001,12007.0,7223.0,1.0
mu[3134],-0.052,0.039,-0.121,0.022,0.0,0.0,16847.0,6295.0,1.0
mu[3135],-0.05,0.038,-0.118,0.023,0.0,0.0,17133.0,6297.0,1.0
mu[3136],-0.006,0.037,-0.073,0.064,0.0,0.0,17105.0,5991.0,1.0
mu[3137],0.008,0.039,-0.06,0.086,0.0,0.0,15322.0,6535.0,1.0
mu[3138],-0.107,0.055,-0.205,0.005,0.001,0.001,12114.0,6873.0,1.0
mu[3139],-0.104,0.054,-0.205,0.0,0.0,0.001,12244.0,6872.0,1.0
mu[3140],0.148,0.093,-0.021,0.327,0.001,0.001,10259.0,7395.0,1.0
mu[3141],0.008,0.039,-0.06,0.086,0.0,0.0,15322.0,6535.0,1.0
mu[3142],-0.097,0.052,-0.194,0.0,0.0,0.001,12815.0,6998.0,1.0
mu[3143],-0.07,0.043,-0.152,0.009,0.0,0.0,14903.0,6829.0,1.0
mu[3144],-0.125,0.063,-0.246,-0.01,0.001,0.001,11456.0,7274.0,1.0
mu[3145],-0.064,0.041,-0.142,0.013,0.0,0.0,15502.0,6774.0,1.0
mu[3146],0.08,0.063,-0.038,0.195,0.001,0.001,11130.0,7661.0,1.0
mu[3147],-0.012,0.036,-0.084,0.052,0.0,0.0,17736.0,6108.0,1.0
mu[3148],-0.026,0.036,-0.092,0.041,0.0,0.0,18801.0,6218.0,1.0
mu[3149],-0.089,0.049,-0.178,0.007,0.0,0.0,13277.0,7037.0,1.0
mu[3150],0.035,0.046,-0.053,0.118,0.0,0.0,12880.0,6987.0,1.0
mu[3151],0.008,0.039,-0.06,0.086,0.0,0.0,15322.0,6535.0,1.0
mu[3152],-0.006,0.037,-0.073,0.064,0.0,0.0,17105.0,5991.0,1.0
mu[3153],-0.078,0.045,-0.167,0.004,0.0,0.0,14086.0,6883.0,1.0
mu[3154],-0.12,0.061,-0.235,-0.007,0.001,0.001,11620.0,7272.0,1.0
mu[3155],-0.099,0.052,-0.198,-0.001,0.0,0.001,12709.0,6935.0,1.0
mu[3156],0.038,0.047,-0.052,0.123,0.0,0.0,12680.0,7152.0,1.0
mu[3157],-0.116,0.059,-0.223,0.0,0.001,0.001,11740.0,7035.0,1.0
mu[3158],-0.051,0.039,-0.121,0.023,0.0,0.0,16947.0,6270.0,1.0
mu[3159],0.006,0.039,-0.062,0.082,0.0,0.0,15501.0,6621.0,1.0
mu[3160],-0.064,0.041,-0.142,0.013,0.0,0.0,15502.0,6774.0,1.0
mu[3161],-0.078,0.045,-0.167,0.004,0.0,0.0,14086.0,6883.0,1.0
mu[3162],-0.035,0.036,-0.103,0.032,0.0,0.0,18509.0,6003.0,1.0
mu[3163],-0.021,0.036,-0.088,0.046,0.0,0.0,18727.0,6001.0,1.0
mu[3164],-0.05,0.038,-0.118,0.023,0.0,0.0,17133.0,6297.0,1.0
mu[3165],-0.035,0.036,-0.103,0.032,0.0,0.0,18509.0,6003.0,1.0
mu[3166],0.037,0.047,-0.052,0.121,0.0,0.0,12772.0,7186.0,1.0
mu[3167],-0.058,0.04,-0.134,0.016,0.0,0.0,16104.0,6215.0,1.0
mu[3168],-0.037,0.037,-0.107,0.029,0.0,0.0,18353.0,5866.0,1.0
mu[3169],0.003,0.038,-0.066,0.076,0.0,0.0,15852.0,6455.0,1.0
mu[3170],-0.101,0.053,-0.202,-0.001,0.0,0.001,12589.0,6936.0,1.0
mu[3171],-0.054,0.039,-0.125,0.021,0.0,0.0,16570.0,6258.0,1.0
mu[3172],-0.044,0.037,-0.113,0.026,0.0,0.0,17742.0,6199.0,1.0
mu[3173],-0.121,0.061,-0.238,-0.007,0.001,0.001,11567.0,7273.0,1.0
mu[3174],-0.064,0.041,-0.142,0.013,0.0,0.0,15502.0,6774.0,1.0
mu[3175],0.018,0.04,-0.06,0.091,0.0,0.0,16143.0,6135.0,1.0
mu[3176],-0.004,0.037,-0.069,0.069,0.0,0.0,19255.0,5241.0,1.0
mu[3177],0.108,0.071,-0.026,0.239,0.001,0.001,10583.0,7669.0,1.0
mu[3178],-0.049,0.039,-0.119,0.025,0.0,0.0,17050.0,5867.0,1.0
mu[3179],-0.073,0.044,-0.152,0.014,0.0,0.0,14130.0,6520.0,1.0
mu[3180],0.004,0.038,-0.064,0.078,0.0,0.0,18385.0,5239.0,1.0
mu[3181],-0.033,0.037,-0.1,0.038,0.0,0.0,19060.0,5499.0,1.0
mu[3182],0.024,0.041,-0.055,0.1,0.0,0.0,15412.0,6223.0,1.0
mu[3183],-0.076,0.045,-0.157,0.012,0.0,0.0,13845.0,6535.0,1.0
mu[3184],-0.115,0.058,-0.224,-0.007,0.001,0.001,11394.0,7339.0,1.0
mu[3185],0.041,0.046,-0.046,0.128,0.0,0.001,13602.0,6692.0,1.0
mu[3186],0.037,0.045,-0.046,0.123,0.0,0.0,13977.0,6576.0,1.0
mu[3187],0.285,0.15,-0.002,0.56,0.002,0.001,8992.0,7518.0,1.0
mu[3188],0.012,0.039,-0.062,0.085,0.0,0.0,17324.0,5562.0,1.0
mu[3189],-0.03,0.036,-0.096,0.04,0.0,0.0,19347.0,5333.0,1.0
mu[3190],-0.01,0.036,-0.077,0.059,0.0,0.0,19666.0,5368.0,1.0
mu[3191],0.004,0.038,-0.063,0.079,0.0,0.0,18337.0,5239.0,1.0
mu[3192],-0.096,0.051,-0.195,-0.004,0.0,0.001,12392.0,7072.0,1.0
mu[3193],0.079,0.059,-0.038,0.185,0.001,0.001,11367.0,7296.0,1.0
mu[3194],-0.098,0.052,-0.2,-0.004,0.0,0.001,12238.0,7119.0,1.0
mu[3195],0.016,0.04,-0.06,0.09,0.0,0.0,16375.0,5815.0,1.0
mu[3196],-0.005,0.037,-0.07,0.068,0.0,0.0,19371.0,5203.0,1.0
mu[3197],0.016,0.04,-0.06,0.089,0.0,0.0,16394.0,5749.0,1.0
mu[3198],0.162,0.094,-0.01,0.342,0.001,0.001,9877.0,7665.0,1.0
mu[3199],-0.018,0.036,-0.085,0.05,0.0,0.0,19833.0,5359.0,1.0
mu[3200],0.014,0.039,-0.061,0.088,0.0,0.0,16612.0,5661.0,1.0
mu[3201],0.059,0.052,-0.043,0.152,0.0,0.001,12320.0,7407.0,1.0
mu[3202],0.014,0.039,-0.06,0.089,0.0,0.0,17133.0,5549.0,1.0
mu[3203],-0.003,0.037,-0.073,0.066,0.0,0.0,19121.0,5396.0,1.0
mu[3204],-0.028,0.036,-0.094,0.042,0.0,0.0,19492.0,5257.0,1.0
mu[3205],0.074,0.057,-0.04,0.175,0.001,0.001,11580.0,7478.0,1.0
mu[3206],-0.084,0.048,-0.174,0.004,0.0,0.0,13134.0,6996.0,1.0
mu[3207],-0.056,0.04,-0.129,0.021,0.0,0.0,16129.0,5937.0,1.0
mu[3208],-0.014,0.036,-0.081,0.054,0.0,0.0,19786.0,4859.0,1.0
mu[3209],-0.011,0.036,-0.079,0.057,0.0,0.0,19705.0,5332.0,1.0
mu[3210],-0.076,0.045,-0.157,0.012,0.0,0.0,13831.0,6592.0,1.0
mu[3211],-0.045,0.038,-0.115,0.027,0.0,0.0,17484.0,5670.0,1.0
mu[3212],-0.11,0.057,-0.216,-0.006,0.001,0.001,11683.0,7339.0,1.0
mu[3213],-0.085,0.048,-0.175,0.004,0.0,0.0,13088.0,6976.0,1.0
mu[3214],-0.005,0.037,-0.07,0.068,0.0,0.0,19382.0,5202.0,1.0
mu[3215],0.013,0.039,-0.061,0.087,0.0,0.0,17177.0,5649.0,1.0
mu[3216],0.099,0.067,-0.03,0.221,0.001,0.001,10787.0,7746.0,1.0
mu[3217],-0.077,0.046,-0.159,0.011,0.0,0.0,13737.0,6562.0,1.0
mu[3218],0.036,0.045,-0.046,0.122,0.0,0.0,14049.0,6576.0,1.0
mu[3219],-0.121,0.061,-0.233,-0.006,0.001,0.001,11169.0,7123.0,1.0
mu[3220],0.151,0.089,-0.019,0.316,0.001,0.001,9975.0,7704.0,1.0
mu[3221],0.023,0.041,-0.055,0.1,0.0,0.0,15465.0,6268.0,1.0
mu[3222],-0.012,0.036,-0.079,0.056,0.0,0.0,19728.0,5257.0,1.0
mu[3223],-0.027,0.036,-0.091,0.044,0.0,0.0,19584.0,5331.0,1.0
mu[3224],-0.048,0.039,-0.118,0.026,0.0,0.0,17116.0,5822.0,1.0
mu[3225],-0.111,0.057,-0.219,-0.006,0.001,0.001,11633.0,7411.0,1.0
mu[3226],0.117,0.074,-0.023,0.255,0.001,0.001,10423.0,7705.0,1.0
mu[3227],-0.018,0.036,-0.085,0.05,0.0,0.0,19834.0,5359.0,1.0
mu[3228],-0.019,0.036,-0.086,0.049,0.0,0.0,19793.0,5236.0,1.0
mu[3229],-0.018,0.036,-0.085,0.05,0.0,0.0,19834.0,5359.0,1.0
mu[3230],-0.107,0.055,-0.211,-0.004,0.001,0.001,11811.0,7288.0,1.0
mu[3231],-0.062,0.042,-0.138,0.016,0.0,0.0,15389.0,5992.0,1.0
mu[3232],0.022,0.041,-0.056,0.098,0.0,0.0,15617.0,6254.0,1.0
mu[3233],-0.055,0.04,-0.128,0.021,0.0,0.0,16232.0,5946.0,1.0
mu[3234],-0.071,0.044,-0.154,0.01,0.0,0.0,14322.0,6516.0,1.0
mu[3235],0.031,0.043,-0.051,0.112,0.0,0.0,14552.0,6521.0,1.0
mu[3236],-0.035,0.037,-0.103,0.035,0.0,0.0,18823.0,5644.0,1.0
mu[3237],0.045,0.047,-0.043,0.135,0.0,0.001,13277.0,6842.0,1.0
mu[3238],-0.112,0.057,-0.219,-0.006,0.001,0.001,11615.0,7411.0,1.0
mu[3239],0.072,0.057,-0.04,0.173,0.001,0.001,11654.0,7442.0,1.0
mu[3240],0.009,0.039,-0.059,0.086,0.0,0.0,17697.0,5688.0,1.0
mu[3241],0.012,0.039,-0.06,0.088,0.0,0.0,17306.0,5606.0,1.0
mu[3242],-0.034,0.037,-0.102,0.036,0.0,0.0,18986.0,5500.0,1.0
mu[3243],0.028,0.042,-0.052,0.108,0.0,0.0,14945.0,6384.0,1.0
mu[3244],-0.034,0.037,-0.102,0.036,0.0,0.0,18986.0,5500.0,1.0
mu[3245],0.012,0.039,-0.06,0.088,0.0,0.0,17306.0,5606.0,1.0
mu[3246],0.073,0.057,-0.04,0.174,0.001,0.001,11604.0,7478.0,1.0
mu[3247],-0.079,0.046,-0.168,0.004,0.0,0.0,13536.0,6859.0,1.0
mu[3248],-0.079,0.046,-0.168,0.004,0.0,0.0,13536.0,6859.0,1.0
mu[3249],-0.018,0.036,-0.085,0.05,0.0,0.0,19828.0,5359.0,1.0
mu[3250],-0.023,0.036,-0.088,0.048,0.0,0.0,19729.0,5327.0,1.0
mu[3251],0.003,0.038,-0.065,0.077,0.0,0.0,18430.0,5239.0,1.0
mu[3252],0.004,0.038,-0.064,0.078,0.0,0.0,18385.0,5239.0,1.0
mu[3253],-0.064,0.042,-0.146,0.011,0.0,0.0,15114.0,6215.0,1.0
mu[3254],-0.013,0.036,-0.08,0.055,0.0,0.0,19781.0,5091.0,1.0
mu[3255],-0.11,0.057,-0.216,-0.006,0.001,0.001,11683.0,7339.0,1.0
mu[3256],-0.079,0.046,-0.168,0.004,0.0,0.0,13536.0,6859.0,1.0
mu[3257],-0.034,0.037,-0.102,0.036,0.0,0.0,18986.0,5500.0,1.0
mu[3258],-0.093,0.05,-0.191,-0.002,0.0,0.001,12579.0,7017.0,1.0
mu[3259],0.043,0.047,-0.045,0.131,0.0,0.001,13420.0,6752.0,1.0
mu[3260],0.058,0.052,-0.043,0.151,0.0,0.001,12364.0,7408.0,1.0
mu[3261],-0.052,0.039,-0.123,0.023,0.0,0.0,16661.0,5894.0,1.0
mu[3262],-0.049,0.039,-0.119,0.025,0.0,0.0,17050.0,5867.0,1.0
mu[3263],-0.003,0.037,-0.073,0.066,0.0,0.0,19144.0,5376.0,1.0
mu[3264],0.012,0.039,-0.06,0.088,0.0,0.0,17306.0,5606.0,1.0
mu[3265],-0.11,0.057,-0.216,-0.006,0.001,0.001,11683.0,7339.0,1.0
mu[3266],-0.107,0.055,-0.211,-0.004,0.001,0.001,11811.0,7288.0,1.0
mu[3267],0.161,0.093,-0.01,0.34,0.001,0.001,9887.0,7627.0,1.0
mu[3268],0.012,0.039,-0.06,0.088,0.0,0.0,17306.0,5606.0,1.0
mu[3269],-0.099,0.053,-0.202,-0.006,0.0,0.001,12183.0,7173.0,1.0
mu[3270],-0.07,0.044,-0.152,0.011,0.0,0.0,14405.0,6451.0,1.0
mu[3271],-0.129,0.064,-0.25,-0.012,0.001,0.001,10936.0,7122.0,1.0
mu[3272],-0.064,0.042,-0.146,0.011,0.0,0.0,15114.0,6215.0,1.0
mu[3273],0.089,0.063,-0.033,0.202,0.001,0.001,11065.0,7668.0,1.0
mu[3274],-0.008,0.036,-0.076,0.061,0.0,0.0,19581.0,5256.0,1.0
mu[3275],-0.023,0.036,-0.087,0.048,0.0,0.0,19720.0,5327.0,1.0
mu[3276],-0.091,0.05,-0.188,-0.002,0.0,0.001,12664.0,7039.0,1.0
mu[3277],0.041,0.046,-0.046,0.128,0.0,0.001,13575.0,6663.0,1.0
mu[3278],0.012,0.039,-0.06,0.088,0.0,0.0,17306.0,5606.0,1.0
mu[3279],-0.003,0.037,-0.073,0.066,0.0,0.0,19144.0,5376.0,1.0
mu[3280],-0.079,0.046,-0.168,0.004,0.0,0.0,13536.0,6859.0,1.0
mu[3281],-0.124,0.062,-0.237,-0.007,0.001,0.001,11100.0,7090.0,1.0
mu[3282],-0.101,0.053,-0.205,-0.006,0.0,0.001,12079.0,7173.0,1.0
mu[3283],0.045,0.047,-0.045,0.133,0.0,0.001,13287.0,6842.0,1.0
mu[3284],-0.12,0.06,-0.231,-0.006,0.001,0.001,11226.0,7293.0,1.0
mu[3285],-0.051,0.039,-0.122,0.023,0.0,0.0,16785.0,5902.0,1.0
mu[3286],0.011,0.039,-0.057,0.089,0.0,0.0,17515.0,5571.0,1.0
mu[3287],-0.064,0.042,-0.146,0.011,0.0,0.0,15114.0,6215.0,1.0
mu[3288],-0.079,0.046,-0.168,0.004,0.0,0.0,13536.0,6859.0,1.0
mu[3289],-0.034,0.037,-0.102,0.036,0.0,0.0,18986.0,5500.0,1.0
mu[3290],-0.018,0.036,-0.085,0.05,0.0,0.0,19828.0,5359.0,1.0
mu[3291],-0.049,0.039,-0.119,0.025,0.0,0.0,17050.0,5867.0,1.0
mu[3292],-0.034,0.037,-0.102,0.036,0.0,0.0,18986.0,5500.0,1.0
mu[3293],0.043,0.047,-0.045,0.131,0.0,0.001,13420.0,6752.0,1.0
mu[3294],-0.058,0.041,-0.134,0.018,0.0,0.0,15823.0,5921.0,1.0
mu[3295],-0.036,0.037,-0.104,0.034,0.0,0.0,18697.0,5694.0,1.0
mu[3296],0.007,0.038,-0.059,0.085,0.0,0.0,17910.0,5317.0,1.0
mu[3297],-0.104,0.054,-0.205,-0.002,0.0,0.001,11955.0,7242.0,1.0
mu[3298],-0.054,0.04,-0.125,0.023,0.0,0.0,16361.0,5974.0,1.0
mu[3299],-0.043,0.038,-0.113,0.028,0.0,0.0,17809.0,5767.0,1.0
mu[3300],-0.125,0.062,-0.24,-0.008,0.001,0.001,11049.0,7122.0,1.0
mu[3301],-0.064,0.042,-0.146,0.011,0.0,0.0,15114.0,6215.0,1.0
mu[3302],-0.019,0.039,-0.092,0.054,0.0,0.0,15054.0,5960.0,1.0
mu[3303],-0.025,0.036,-0.09,0.043,0.0,0.001,17856.0,5381.0,1.0
mu[3304],0.002,0.066,-0.121,0.125,0.001,0.001,9543.0,6732.0,1.0
mu[3305],-0.035,0.038,-0.107,0.033,0.0,0.001,16627.0,5551.0,1.0
mu[3306],-0.041,0.042,-0.12,0.038,0.0,0.001,13764.0,6174.0,1.0
mu[3307],-0.023,0.037,-0.093,0.043,0.0,0.0,16957.0,5622.0,1.0
mu[3308],-0.031,0.036,-0.096,0.036,0.0,0.001,18394.0,5501.0,1.0
mu[3309],-0.018,0.04,-0.091,0.059,0.0,0.0,14334.0,6112.0,1.0
mu[3310],-0.041,0.043,-0.123,0.038,0.0,0.001,13465.0,6251.0,1.0
mu[3311],-0.051,0.055,-0.152,0.052,0.001,0.001,10897.0,6739.0,1.0
mu[3312],-0.014,0.044,-0.097,0.067,0.0,0.001,12580.0,6232.0,1.0
mu[3313],-0.015,0.043,-0.096,0.065,0.0,0.0,12935.0,6215.0,1.0
mu[3314],0.043,0.137,-0.212,0.3,0.001,0.001,8340.0,6728.0,1.0
mu[3315],-0.021,0.038,-0.092,0.05,0.0,0.0,15780.0,5850.0,1.0
mu[3316],-0.031,0.036,-0.094,0.038,0.0,0.001,18607.0,5360.0,1.0
mu[3317],-0.026,0.036,-0.09,0.042,0.0,0.001,18435.0,5265.0,1.0
mu[3318],-0.023,0.037,-0.093,0.043,0.0,0.0,16893.0,5684.0,1.0
mu[3319],-0.046,0.049,-0.141,0.04,0.0,0.001,11904.0,6650.0,1.0
mu[3320],-0.005,0.055,-0.114,0.093,0.001,0.001,10343.0,6581.0,1.0
mu[3321],-0.047,0.049,-0.141,0.042,0.0,0.001,11736.0,6679.0,1.0
mu[3322],-0.02,0.038,-0.09,0.055,0.0,0.0,15258.0,6034.0,1.0
mu[3323],-0.025,0.036,-0.089,0.044,0.0,0.001,17990.0,5444.0,1.0
mu[3324],-0.02,0.038,-0.09,0.055,0.0,0.0,15276.0,6058.0,1.0
mu[3325],0.014,0.086,-0.144,0.18,0.001,0.001,8830.0,6667.0,1.0
mu[3326],-0.028,0.035,-0.092,0.039,0.0,0.001,18780.0,5246.0,1.0
mu[3327],-0.02,0.038,-0.09,0.054,0.0,0.0,15496.0,6034.0,1.0
mu[3328],-0.01,0.049,-0.103,0.08,0.0,0.001,11279.0,6454.0,1.0
mu[3329],-0.02,0.038,-0.09,0.053,0.0,0.0,15594.0,5987.0,1.0
mu[3330],-0.024,0.036,-0.088,0.046,0.0,0.001,17709.0,5421.0,1.0
mu[3331],-0.03,0.036,-0.094,0.038,0.0,0.001,18698.0,5270.0,1.0
mu[3332],-0.006,0.054,-0.111,0.09,0.001,0.001,10548.0,6444.0,1.0
mu[3333],-0.043,0.045,-0.129,0.04,0.0,0.001,12697.0,6394.0,1.0
mu[3334],-0.037,0.039,-0.109,0.036,0.0,0.001,15723.0,5491.0,1.0
mu[3335],-0.027,0.035,-0.092,0.039,0.0,0.001,18625.0,5338.0,1.0
mu[3336],-0.026,0.035,-0.091,0.041,0.0,0.001,18501.0,5230.0,1.0
mu[3337],-0.041,0.043,-0.123,0.038,0.0,0.001,13451.0,6251.0,1.0
mu[3338],-0.034,0.037,-0.105,0.034,0.0,0.001,17063.0,5612.0,1.0
mu[3339],-0.049,0.053,-0.147,0.051,0.001,0.001,11123.0,6741.0,1.0
mu[3340],-0.044,0.046,-0.13,0.039,0.0,0.001,12648.0,6420.0,1.0
mu[3341],-0.025,0.036,-0.089,0.043,0.0,0.001,18001.0,5404.0,1.0
mu[3342],-0.021,0.038,-0.089,0.053,0.0,0.0,15635.0,5963.0,1.0
mu[3343],-0.0,0.062,-0.118,0.115,0.001,0.001,9756.0,6874.0,1.0
mu[3344],-0.042,0.043,-0.124,0.037,0.0,0.001,13350.0,6305.0,1.0
mu[3345],-0.015,0.043,-0.095,0.064,0.0,0.0,13006.0,6216.0,1.0
mu[3346],-0.052,0.057,-0.159,0.053,0.001,0.001,10640.0,6923.0,1.0
mu[3347],0.012,0.082,-0.142,0.167,0.001,0.001,8920.0,6912.0,1.0
mu[3348],-0.018,0.04,-0.091,0.058,0.0,0.0,14388.0,6087.0,1.0
mu[3349],-0.026,0.035,-0.092,0.04,0.0,0.001,18531.0,5246.0,1.0
mu[3350],-0.03,0.035,-0.095,0.037,0.0,0.001,18752.0,5248.0,1.0
mu[3351],-0.035,0.038,-0.107,0.033,0.0,0.001,16686.0,5580.0,1.0
mu[3352],-0.05,0.053,-0.149,0.051,0.001,0.001,11062.0,6770.0,1.0
mu[3353],0.004,0.069,-0.124,0.133,0.001,0.001,9369.0,6763.0,1.0
mu[3354],-0.028,0.035,-0.093,0.038,0.0,0.001,18796.0,5264.0,1.0
mu[3355],-0.028,0.035,-0.092,0.039,0.0,0.001,18818.0,5131.0,1.0
mu[3356],-0.028,0.035,-0.093,0.038,0.0,0.001,18796.0,5264.0,1.0
mu[3357],-0.049,0.052,-0.145,0.049,0.0,0.001,11270.0,6681.0,1.0
mu[3358],-0.038,0.04,-0.112,0.037,0.0,0.001,15001.0,5829.0,1.0
mu[3359],-0.019,0.04,-0.091,0.057,0.0,0.0,14538.0,6011.0,1.0
mu[3360],-0.037,0.039,-0.108,0.036,0.0,0.001,15837.0,5484.0,1.0
mu[3361],-0.04,0.042,-0.117,0.039,0.0,0.001,13966.0,6099.0,1.0
mu[3362],-0.016,0.041,-0.092,0.063,0.0,0.0,13506.0,6307.0,1.0
mu[3363],-0.032,0.036,-0.098,0.035,0.0,0.001,18218.0,5493.0,1.0
mu[3364],-0.013,0.045,-0.098,0.07,0.0,0.001,12251.0,6304.0,1.0
mu[3365],-0.05,0.054,-0.149,0.051,0.001,0.001,11041.0,6770.0,1.0
mu[3366],-0.007,0.053,-0.108,0.091,0.001,0.001,10622.0,6467.0,1.0
mu[3367],-0.022,0.037,-0.091,0.049,0.0,0.0,16206.0,5716.0,1.0
mu[3368],-0.021,0.038,-0.092,0.05,0.0,0.0,15761.0,5872.0,1.0
mu[3369],-0.031,0.036,-0.097,0.036,0.0,0.001,18332.0,5407.0,1.0
mu[3370],-0.017,0.041,-0.091,0.06,0.0,0.0,13876.0,6334.0,1.0
mu[3371],-0.031,0.036,-0.097,0.036,0.0,0.001,18332.0,5407.0,1.0
mu[3372],-0.021,0.038,-0.092,0.05,0.0,0.0,15761.0,5872.0,1.0
mu[3373],-0.006,0.053,-0.111,0.089,0.001,0.001,10572.0,6467.0,1.0
mu[3374],-0.042,0.044,-0.124,0.039,0.0,0.001,13134.0,6381.0,1.0
mu[3375],-0.042,0.044,-0.124,0.039,0.0,0.001,13134.0,6381.0,1.0
mu[3376],-0.028,0.035,-0.093,0.038,0.0,0.001,18800.0,5169.0,1.0
mu[3377],-0.029,0.035,-0.094,0.037,0.0,0.001,18848.0,5199.0,1.0
mu[3378],-0.023,0.037,-0.092,0.044,0.0,0.0,16992.0,5583.0,1.0
mu[3379],-0.023,0.037,-0.093,0.043,0.0,0.0,16957.0,5622.0,1.0
mu[3380],-0.039,0.04,-0.114,0.037,0.0,0.001,14731.0,5935.0,1.0
mu[3381],-0.027,0.035,-0.093,0.039,0.0,0.001,18597.0,5301.0,1.0
mu[3382],-0.049,0.053,-0.147,0.051,0.001,0.001,11123.0,6741.0,1.0
mu[3383],-0.042,0.044,-0.124,0.039,0.0,0.001,13134.0,6381.0,1.0
mu[3384],-0.031,0.036,-0.097,0.036,0.0,0.001,18332.0,5407.0,1.0
mu[3385],-0.045,0.048,-0.138,0.04,0.0,0.001,12100.0,6589.0,1.0
mu[3386],-0.014,0.044,-0.098,0.068,0.0,0.001,12399.0,6335.0,1.0
mu[3387],-0.01,0.049,-0.102,0.08,0.0,0.001,11323.0,6427.0,1.0
mu[3388],-0.036,0.038,-0.104,0.038,0.0,0.001,16280.0,5433.0,1.0
mu[3389],-0.035,0.038,-0.107,0.033,0.0,0.001,16627.0,5551.0,1.0
mu[3390],-0.024,0.036,-0.089,0.045,0.0,0.001,17741.0,5421.0,1.0
mu[3391],-0.021,0.038,-0.092,0.05,0.0,0.0,15761.0,5872.0,1.0
mu[3392],-0.049,0.053,-0.147,0.051,0.001,0.001,11123.0,6741.0,1.0
mu[3393],-0.049,0.052,-0.145,0.049,0.0,0.001,11270.0,6681.0,1.0
mu[3394],0.014,0.086,-0.151,0.171,0.001,0.001,8838.0,6667.0,1.0
mu[3395],-0.021,0.038,-0.092,0.05,0.0,0.0,15761.0,5872.0,1.0
mu[3396],-0.047,0.05,-0.142,0.043,0.0,0.001,11684.0,6709.0,1.0
mu[3397],-0.04,0.042,-0.116,0.039,0.0,0.001,14055.0,6101.0,1.0
mu[3398],-0.054,0.06,-0.163,0.059,0.001,0.001,10369.0,7219.0,1.0
mu[3399],-0.039,0.04,-0.114,0.037,0.0,0.001,14731.0,5935.0,1.0
mu[3400],-0.003,0.059,-0.119,0.101,0.001,0.001,10035.0,6912.0,1.0
mu[3401],-0.026,0.036,-0.089,0.043,0.0,0.001,18273.0,5273.0,1.0
mu[3402],-0.029,0.035,-0.095,0.037,0.0,0.001,18831.0,5250.0,1.0
mu[3403],-0.045,0.047,-0.137,0.039,0.0,0.001,12191.0,6503.0,1.0
mu[3404],-0.014,0.044,-0.097,0.068,0.0,0.001,12553.0,6231.0,1.0
mu[3405],-0.021,0.038,-0.092,0.05,0.0,0.0,15761.0,5872.0,1.0
mu[3406],-0.024,0.036,-0.089,0.045,0.0,0.001,17741.0,5421.0,1.0
mu[3407],-0.042,0.044,-0.124,0.039,0.0,0.001,13134.0,6381.0,1.0
mu[3408],-0.053,0.058,-0.159,0.056,0.001,0.001,10562.0,6956.0,1.0
mu[3409],-0.047,0.05,-0.143,0.044,0.0,0.001,11568.0,6710.0,1.0
mu[3410],-0.013,0.045,-0.098,0.069,0.0,0.001,12261.0,6304.0,1.0
mu[3411],-0.052,0.056,-0.158,0.052,0.001,0.001,10701.0,6890.0,1.0
mu[3412],-0.035,0.038,-0.104,0.037,0.0,0.001,16394.0,5594.0,1.0
mu[3413],-0.021,0.038,-0.091,0.05,0.0,0.0,15993.0,5761.0,1.0
mu[3414],-0.039,0.04,-0.114,0.037,0.0,0.001,14731.0,5935.0,1.0
mu[3415],-0.042,0.044,-0.124,0.039,0.0,0.001,13134.0,6381.0,1.0
mu[3416],-0.031,0.036,-0.097,0.036,0.0,0.001,18332.0,5407.0,1.0
mu[3417],-0.028,0.035,-0.093,0.038,0.0,0.001,18800.0,5169.0,1.0
mu[3418],-0.035,0.038,-0.107,0.033,0.0,0.001,16627.0,5551.0,1.0
mu[3419],-0.031,0.036,-0.097,0.036,0.0,0.001,18332.0,5407.0,1.0
mu[3420],-0.014,0.044,-0.098,0.068,0.0,0.001,12399.0,6335.0,1.0
mu[3421],-0.037,0.039,-0.111,0.036,0.0,0.001,15439.0,5484.0,1.0
mu[3422],-0.032,0.036,-0.099,0.035,0.0,0.001,18131.0,5503.0,1.0
mu[3423],-0.022,0.037,-0.094,0.045,0.0,0.0,16444.0,5652.0,1.0
mu[3424],-0.048,0.051,-0.148,0.043,0.0,0.001,11429.0,6651.0,1.0
mu[3425],-0.036,0.038,-0.107,0.036,0.0,0.001,15969.0,5433.0,1.0
mu[3426],-0.034,0.037,-0.106,0.031,0.0,0.001,17355.0,5730.0,1.0
mu[3427],-0.053,0.058,-0.16,0.057,0.001,0.001,10503.0,7018.0,1.0
mu[3428],-0.039,0.04,-0.114,0.037,0.0,0.001,14731.0,5935.0,1.0
mu[3429],0.014,0.04,-0.06,0.09,0.0,0.0,14031.0,5366.0,1.0
mu[3430],-0.003,0.037,-0.072,0.065,0.0,0.0,18088.0,5451.0,1.0
mu[3431],0.086,0.07,-0.04,0.22,0.001,0.001,7811.0,6804.0,1.0
mu[3432],-0.038,0.039,-0.113,0.031,0.0,0.0,15753.0,5991.0,1.0
mu[3433],-0.057,0.044,-0.137,0.027,0.0,0.0,11979.0,6833.0,1.0
mu[3434],0.003,0.038,-0.069,0.073,0.0,0.0,16680.0,5697.0,1.0
mu[3435],-0.025,0.037,-0.095,0.042,0.0,0.0,18585.0,5317.0,1.0
mu[3436],0.019,0.041,-0.057,0.097,0.0,0.0,13101.0,5255.0,1.0
mu[3437],-0.059,0.045,-0.142,0.025,0.0,0.0,11643.0,6658.0,1.0
mu[3438],-0.09,0.057,-0.204,0.011,0.001,0.001,8855.0,6778.0,1.0
mu[3439],0.032,0.046,-0.05,0.121,0.0,0.0,11001.0,5772.0,1.0
mu[3440],0.029,0.045,-0.052,0.115,0.0,0.0,11410.0,5621.0,1.0
mu[3441],0.224,0.146,-0.022,0.516,0.002,0.001,6584.0,6972.0,1.0
mu[3442],0.01,0.039,-0.061,0.085,0.0,0.0,15028.0,5387.0,1.0
mu[3443],-0.023,0.036,-0.091,0.045,0.0,0.0,18972.0,5242.0,1.0
mu[3444],-0.008,0.036,-0.077,0.058,0.0,0.0,18964.0,5141.0,1.0
mu[3445],0.004,0.038,-0.069,0.073,0.0,0.0,16595.0,5529.0,1.0
mu[3446],-0.075,0.051,-0.176,0.014,0.001,0.001,9913.0,6544.0,1.0
mu[3447],0.063,0.059,-0.041,0.176,0.001,0.001,8589.0,6398.0,1.0
mu[3448],-0.077,0.052,-0.18,0.013,0.001,0.001,9729.0,6543.0,1.0
mu[3449],0.013,0.04,-0.058,0.09,0.0,0.0,14318.0,5522.0,1.0
mu[3450],-0.004,0.037,-0.074,0.064,0.0,0.0,18279.0,5359.0,1.0
mu[3451],0.013,0.04,-0.058,0.09,0.0,0.0,14349.0,5689.0,1.0
mu[3452],0.128,0.092,-0.039,0.302,0.001,0.001,7131.0,6960.0,1.0
mu[3453],-0.013,0.036,-0.08,0.054,0.0,0.0,19535.0,5300.0,1.0
mu[3454],0.012,0.039,-0.059,0.088,0.0,0.0,14650.0,5533.0,1.0
mu[3455],0.047,0.051,-0.044,0.147,0.001,0.001,9574.0,5723.0,1.0
mu[3456],0.011,0.039,-0.06,0.086,0.0,0.0,14784.0,5531.0,1.0
mu[3457],-0.002,0.037,-0.071,0.067,0.0,0.0,17843.0,5431.0,1.0
mu[3458],-0.022,0.036,-0.088,0.048,0.0,0.0,19162.0,5235.0,1.0
mu[3459],0.059,0.057,-0.043,0.168,0.001,0.001,8801.0,6622.0,1.0
mu[3460],-0.066,0.047,-0.153,0.024,0.0,0.001,10771.0,6690.0,1.0
mu[3461],-0.044,0.04,-0.122,0.027,0.0,0.0,14464.0,6228.0,1.0
mu[3462],-0.01,0.036,-0.078,0.056,0.0,0.0,19300.0,5109.0,1.0
mu[3463],-0.009,0.036,-0.078,0.057,0.0,0.0,19066.0,5013.0,1.0
mu[3464],-0.059,0.045,-0.142,0.025,0.0,0.0,11625.0,6658.0,1.0
mu[3465],-0.035,0.038,-0.11,0.033,0.0,0.0,16372.0,5047.0,1.0
mu[3466],-0.086,0.056,-0.196,0.012,0.001,0.001,9074.0,6719.0,1.0
mu[3467],-0.066,0.047,-0.154,0.024,0.0,0.001,10715.0,6631.0,1.0
mu[3468],-0.004,0.037,-0.074,0.064,0.0,0.0,18302.0,5322.0,1.0
mu[3469],0.011,0.039,-0.061,0.086,0.0,0.0,14843.0,5531.0,1.0
mu[3470],0.078,0.066,-0.036,0.21,0.001,0.001,8009.0,6762.0,1.0
mu[3471],-0.06,0.045,-0.142,0.026,0.0,0.0,11509.0,6687.0,1.0
mu[3472],0.029,0.044,-0.052,0.114,0.0,0.0,11498.0,5468.0,1.0
mu[3473],-0.095,0.06,-0.215,0.009,0.001,0.001,8599.0,6778.0,1.0
mu[3474],0.119,0.087,-0.039,0.285,0.001,0.001,7220.0,6986.0,1.0
mu[3475],0.019,0.041,-0.058,0.096,0.0,0.0,13171.0,5319.0,1.0
mu[3476],-0.009,0.036,-0.078,0.057,0.0,0.0,19115.0,5012.0,1.0
mu[3477],-0.02,0.036,-0.09,0.045,0.0,0.0,19312.0,5491.0,1.0
mu[3478],-0.038,0.039,-0.111,0.033,0.0,0.0,15837.0,5932.0,1.0
mu[3479],-0.087,0.056,-0.198,0.012,0.001,0.001,9017.0,6719.0,1.0
mu[3480],0.092,0.073,-0.041,0.231,0.001,0.001,7652.0,6819.0,1.0
mu[3481],-0.014,0.036,-0.081,0.053,0.0,0.0,19547.0,5300.0,1.0
mu[3482],-0.015,0.036,-0.079,0.055,0.0,0.0,19566.0,5467.0,1.0
mu[3483],-0.014,0.036,-0.081,0.053,0.0,0.0,19547.0,5300.0,1.0
mu[3484],-0.084,0.054,-0.191,0.014,0.001,0.001,9227.0,6811.0,1.0
mu[3485],-0.048,0.041,-0.123,0.031,0.0,0.0,13526.0,6138.0,1.0
mu[3486],0.018,0.041,-0.059,0.094,0.0,0.0,13359.0,5367.0,1.0
mu[3487],-0.043,0.04,-0.121,0.028,0.0,0.0,14620.0,6165.0,1.0
mu[3488],-0.055,0.043,-0.135,0.027,0.0,0.0,12228.0,6799.0,1.0
mu[3489],0.025,0.043,-0.057,0.105,0.0,0.0,12081.0,5579.0,1.0
mu[3490],-0.027,0.037,-0.094,0.044,0.0,0.0,18272.0,5414.0,1.0
mu[3491],0.036,0.047,-0.05,0.125,0.0,0.0,10629.0,5773.0,1.0
mu[3492],-0.087,0.056,-0.199,0.011,0.001,0.001,8997.0,6748.0,1.0
mu[3493],0.057,0.056,-0.043,0.165,0.001,0.001,8878.0,6458.0,1.0
mu[3494],0.008,0.039,-0.061,0.083,0.0,0.0,15591.0,5514.0,1.0
mu[3495],0.01,0.039,-0.061,0.085,0.0,0.0,15001.0,5541.0,1.0
mu[3496],-0.026,0.037,-0.096,0.041,0.0,0.0,18479.0,5394.0,1.0
mu[3497],0.022,0.042,-0.059,0.1,0.0,0.0,12548.0,5526.0,1.0
mu[3498],-0.026,0.037,-0.096,0.041,0.0,0.0,18479.0,5394.0,1.0
mu[3499],0.01,0.039,-0.061,0.085,0.0,0.0,15001.0,5541.0,1.0
mu[3500],0.058,0.056,-0.043,0.167,0.001,0.001,8827.0,6458.0,1.0
mu[3501],-0.062,0.046,-0.146,0.025,0.0,0.0,11265.0,6748.0,1.0
mu[3502],-0.062,0.046,-0.146,0.025,0.0,0.0,11265.0,6748.0,1.0
mu[3503],-0.014,0.036,-0.082,0.052,0.0,0.0,19559.0,5298.0,1.0
mu[3504],-0.018,0.036,-0.083,0.051,0.0,0.0,19530.0,5717.0,1.0
mu[3505],0.003,0.038,-0.069,0.072,0.0,0.0,16740.0,5698.0,1.0
mu[3506],0.003,0.038,-0.069,0.073,0.0,0.0,16680.0,5697.0,1.0
mu[3507],-0.05,0.042,-0.126,0.029,0.0,0.0,13174.0,6418.0,1.0
mu[3508],-0.01,0.036,-0.078,0.057,0.0,0.0,19226.0,5095.0,1.0
mu[3509],-0.086,0.056,-0.196,0.012,0.001,0.001,9074.0,6719.0,1.0
mu[3510],-0.062,0.046,-0.146,0.025,0.0,0.0,11265.0,6748.0,1.0
mu[3511],-0.026,0.037,-0.096,0.041,0.0,0.0,18479.0,5394.0,1.0
mu[3512],-0.072,0.05,-0.171,0.016,0.0,0.001,10124.0,6603.0,1.0
mu[3513],0.034,0.046,-0.05,0.123,0.0,0.0,10794.0,5816.0,1.0
mu[3514],0.046,0.051,-0.044,0.146,0.001,0.001,9623.0,5723.0,1.0
mu[3515],-0.04,0.039,-0.111,0.035,0.0,0.0,15238.0,5801.0,1.0
mu[3516],-0.038,0.039,-0.113,0.031,0.0,0.0,15753.0,5991.0,1.0
mu[3517],-0.002,0.037,-0.072,0.066,0.0,0.0,17903.0,5432.0,1.0
mu[3518],0.01,0.039,-0.061,0.085,0.0,0.0,15001.0,5541.0,1.0
mu[3519],-0.086,0.056,-0.196,0.012,0.001,0.001,9074.0,6719.0,1.0
mu[3520],-0.084,0.054,-0.191,0.014,0.001,0.001,9227.0,6811.0,1.0
mu[3521],0.127,0.091,-0.037,0.303,0.001,0.001,7138.0,6992.0,1.0
mu[3522],0.01,0.039,-0.061,0.085,0.0,0.0,15001.0,5541.0,1.0
mu[3523],-0.078,0.052,-0.18,0.014,0.001,0.001,9671.0,6722.0,1.0
mu[3524],-0.055,0.043,-0.133,0.027,0.0,0.0,12323.0,6798.0,1.0
mu[3525],-0.101,0.063,-0.226,0.009,0.001,0.001,8350.0,6749.0,1.0
mu[3526],-0.05,0.042,-0.126,0.029,0.0,0.0,13174.0,6418.0,1.0
mu[3527],0.07,0.062,-0.037,0.194,0.001,0.001,8279.0,6353.0,1.0
mu[3528],-0.006,0.037,-0.075,0.061,0.0,0.0,18719.0,5177.0,1.0
mu[3529],-0.018,0.036,-0.086,0.049,0.0,0.0,19516.0,5717.0,1.0
mu[3530],-0.071,0.049,-0.166,0.019,0.0,0.001,10225.0,6546.0,1.0
mu[3531],0.033,0.046,-0.05,0.121,0.0,0.0,10971.0,5772.0,1.0
mu[3532],0.01,0.039,-0.061,0.085,0.0,0.0,15001.0,5541.0,1.0
mu[3533],-0.002,0.037,-0.072,0.066,0.0,0.0,17903.0,5432.0,1.0
mu[3534],-0.062,0.046,-0.146,0.025,0.0,0.0,11265.0,6748.0,1.0
mu[3535],-0.097,0.06,-0.218,0.009,0.001,0.001,8525.0,6718.0,1.0
mu[3536],-0.079,0.052,-0.183,0.014,0.001,0.001,9547.0,6723.0,1.0
mu[3537],0.035,0.047,-0.051,0.124,0.0,0.0,10643.0,5773.0,1.0
mu[3538],-0.094,0.059,-0.212,0.009,0.001,0.001,8664.0,6840.0,1.0
mu[3539],-0.039,0.039,-0.116,0.03,0.0,0.0,15410.0,5823.0,1.0
mu[3540],0.009,0.039,-0.062,0.083,0.0,0.0,15305.0,5445.0,1.0
mu[3541],-0.05,0.042,-0.126,0.029,0.0,0.0,13174.0,6418.0,1.0
mu[3542],-0.062,0.046,-0.146,0.025,0.0,0.0,11265.0,6748.0,1.0
mu[3543],-0.026,0.037,-0.096,0.041,0.0,0.0,18479.0,5394.0,1.0
mu[3544],-0.014,0.036,-0.082,0.052,0.0,0.0,19559.0,5298.0,1.0
mu[3545],-0.038,0.039,-0.113,0.031,0.0,0.0,15753.0,5991.0,1.0
mu[3546],-0.026,0.037,-0.096,0.041,0.0,0.0,18479.0,5394.0,1.0
mu[3547],0.034,0.046,-0.05,0.123,0.0,0.0,10794.0,5816.0,1.0
mu[3548],-0.045,0.04,-0.117,0.035,0.0,0.0,14076.0,6142.0,1.0
mu[3549],-0.028,0.037,-0.098,0.04,0.0,0.0,18105.0,5208.0,1.0
mu[3550],0.006,0.038,-0.062,0.082,0.0,0.0,15920.0,5358.0,1.0
mu[3551],-0.081,0.053,-0.187,0.014,0.001,0.001,9396.0,6720.0,1.0
mu[3552],-0.042,0.04,-0.12,0.028,0.0,0.0,14805.0,6128.0,1.0
mu[3553],-0.033,0.038,-0.103,0.038,0.0,0.0,16845.0,4892.0,1.0
mu[3554],-0.098,0.061,-0.221,0.008,0.001,0.001,8470.0,6748.0,1.0
mu[3555],-0.05,0.042,-0.126,0.029,0.0,0.0,13174.0,6418.0,1.0
mu[3556],-0.019,0.039,-0.092,0.056,0.0,0.0,15226.0,6421.0,1.0
mu[3557],-0.022,0.036,-0.089,0.048,0.0,0.0,18580.0,5861.0,1.0
mu[3558],-0.004,0.068,-0.129,0.121,0.001,0.001,8535.0,7601.0,1.0
mu[3559],-0.029,0.038,-0.1,0.041,0.0,0.0,15010.0,5930.0,1.0
mu[3560],-0.033,0.043,-0.117,0.044,0.0,0.0,11585.0,6625.0,1.0
mu[3561],-0.021,0.037,-0.087,0.053,0.0,0.0,17534.0,6072.0,1.0
mu[3562],-0.027,0.036,-0.093,0.042,0.0,0.0,17783.0,5647.0,1.0
mu[3563],-0.018,0.04,-0.093,0.059,0.0,0.0,14343.0,6606.0,1.0
mu[3564],-0.033,0.044,-0.118,0.046,0.0,0.0,11276.0,6686.0,1.0
mu[3565],-0.04,0.056,-0.147,0.061,0.001,0.001,8756.0,6920.0,1.0
mu[3566],-0.015,0.045,-0.096,0.071,0.0,0.0,12168.0,7034.0,1.0
mu[3567],-0.016,0.044,-0.095,0.068,0.0,0.0,12592.0,6845.0,1.0
mu[3568],0.024,0.142,-0.247,0.281,0.002,0.001,7056.0,7079.0,1.0
mu[3569],-0.019,0.038,-0.091,0.053,0.0,0.0,16143.0,6287.0,1.0
mu[3570],-0.026,0.036,-0.093,0.042,0.0,0.0,18195.0,5665.0,1.0
mu[3571],-0.023,0.036,-0.09,0.045,0.0,0.0,18980.0,5921.0,1.0
mu[3572],-0.021,0.037,-0.087,0.053,0.0,0.0,17453.0,6073.0,1.0
mu[3573],-0.037,0.049,-0.127,0.056,0.0,0.0,9700.0,6929.0,1.0
mu[3574],-0.009,0.057,-0.112,0.1,0.001,0.001,9466.0,7573.0,1.0
mu[3575],-0.037,0.05,-0.129,0.058,0.001,0.0,9538.0,6835.0,1.0
mu[3576],-0.019,0.039,-0.091,0.055,0.0,0.0,15501.0,6348.0,1.0
mu[3577],-0.022,0.036,-0.088,0.048,0.0,0.0,18684.0,5838.0,1.0
mu[3578],-0.019,0.039,-0.091,0.054,0.0,0.0,15525.0,6348.0,1.0
mu[3579],0.004,0.089,-0.161,0.169,0.001,0.001,7699.0,7482.0,1.0
mu[3580],-0.024,0.035,-0.089,0.044,0.0,0.0,18996.0,5830.0,1.0
mu[3581],-0.019,0.039,-0.09,0.054,0.0,0.0,15788.0,6348.0,1.0
mu[3582],-0.012,0.05,-0.103,0.083,0.0,0.0,10596.0,7278.0,1.0
mu[3583],-0.019,0.038,-0.09,0.054,0.0,0.0,15927.0,6346.0,1.0
mu[3584],-0.022,0.036,-0.087,0.051,0.0,0.0,18412.0,5955.0,1.0
mu[3585],-0.026,0.036,-0.092,0.042,0.0,0.0,18382.0,5666.0,1.0
mu[3586],-0.01,0.055,-0.115,0.09,0.001,0.001,9711.0,7515.0,1.0
mu[3587],-0.035,0.046,-0.119,0.053,0.0,0.0,10498.0,6962.0,1.0
mu[3588],-0.03,0.039,-0.102,0.044,0.0,0.0,13827.0,6329.0,1.0
mu[3589],-0.024,0.035,-0.093,0.041,0.0,0.0,19068.0,5897.0,1.0
mu[3590],-0.023,0.036,-0.091,0.043,0.0,0.0,19014.0,5838.0,1.0
mu[3591],-0.033,0.044,-0.118,0.046,0.0,0.0,11260.0,6686.0,1.0
mu[3592],-0.029,0.037,-0.102,0.037,0.0,0.0,15601.0,5872.0,1.0
mu[3593],-0.039,0.054,-0.138,0.063,0.001,0.001,8960.0,6889.0,1.0
mu[3594],-0.035,0.046,-0.118,0.054,0.0,0.0,10446.0,6899.0,1.0
mu[3595],-0.022,0.036,-0.088,0.048,0.0,0.0,18694.0,5838.0,1.0
mu[3596],-0.019,0.038,-0.091,0.053,0.0,0.0,15987.0,6340.0,1.0
mu[3597],-0.006,0.064,-0.125,0.112,0.001,0.001,8776.0,7475.0,1.0
mu[3598],-0.034,0.044,-0.117,0.048,0.0,0.0,11151.0,6837.0,1.0
mu[3599],-0.016,0.043,-0.092,0.07,0.0,0.0,12681.0,6814.0,1.0
mu[3600],-0.041,0.058,-0.146,0.072,0.001,0.001,8518.0,7130.0,1.0
mu[3601],0.003,0.085,-0.155,0.158,0.001,0.001,7812.0,7655.0,1.0
mu[3602],-0.018,0.04,-0.089,0.062,0.0,0.0,14404.0,6605.0,1.0
mu[3603],-0.023,0.036,-0.092,0.042,0.0,0.0,19028.0,5837.0,1.0
mu[3604],-0.026,0.036,-0.091,0.043,0.0,0.0,18546.0,5623.0,1.0
mu[3605],-0.029,0.038,-0.102,0.038,0.0,0.0,15085.0,6000.0,1.0
mu[3606],-0.039,0.054,-0.139,0.065,0.001,0.001,8906.0,6858.0,1.0
mu[3607],-0.003,0.071,-0.133,0.129,0.001,0.001,8338.0,7453.0,1.0
mu[3608],-0.024,0.035,-0.092,0.041,0.0,0.0,18988.0,5875.0,1.0
mu[3609],-0.024,0.035,-0.09,0.043,0.0,0.0,18945.0,5855.0,1.0
mu[3610],-0.024,0.035,-0.092,0.041,0.0,0.0,18988.0,5875.0,1.0
mu[3611],-0.038,0.053,-0.137,0.061,0.001,0.001,9099.0,6827.0,1.0
mu[3612],-0.031,0.04,-0.106,0.044,0.0,0.0,12969.0,6456.0,1.0
mu[3613],-0.018,0.04,-0.091,0.06,0.0,0.0,14577.0,6606.0,1.0
mu[3614],-0.03,0.039,-0.101,0.044,0.0,0.0,13977.0,6275.0,1.0
mu[3615],-0.033,0.042,-0.116,0.044,0.0,0.0,11798.0,6773.0,1.0
mu[3616],-0.016,0.042,-0.094,0.064,0.0,0.0,13283.0,6723.0,1.0
mu[3617],-0.027,0.036,-0.094,0.041,0.0,0.0,17450.0,5711.0,1.0
mu[3618],-0.014,0.046,-0.1,0.071,0.0,0.0,11767.0,7067.0,1.0
mu[3619],-0.039,0.054,-0.139,0.065,0.001,0.001,8887.0,6858.0,1.0
mu[3620],-0.01,0.054,-0.113,0.089,0.001,0.0,9804.0,7479.0,1.0
mu[3621],-0.02,0.038,-0.086,0.057,0.0,0.0,16636.0,6258.0,1.0
mu[3622],-0.019,0.038,-0.091,0.053,0.0,0.0,16122.0,6287.0,1.0
mu[3623],-0.027,0.036,-0.094,0.041,0.0,0.0,17665.0,5689.0,1.0
mu[3624],-0.017,0.041,-0.093,0.062,0.0,0.0,13747.0,6752.0,1.0
mu[3625],-0.027,0.036,-0.094,0.041,0.0,0.0,17665.0,5689.0,1.0
mu[3626],-0.019,0.038,-0.091,0.053,0.0,0.0,16122.0,6287.0,1.0
mu[3627],-0.01,0.055,-0.114,0.09,0.001,0.001,9741.0,7515.0,1.0
mu[3628],-0.034,0.044,-0.117,0.05,0.0,0.0,10937.0,6899.0,1.0
mu[3629],-0.034,0.044,-0.117,0.05,0.0,0.0,10937.0,6899.0,1.0
mu[3630],-0.024,0.035,-0.092,0.041,0.0,0.0,18965.0,5876.0,1.0
mu[3631],-0.025,0.035,-0.09,0.043,0.0,0.0,18814.0,5711.0,1.0
mu[3632],-0.021,0.037,-0.087,0.053,0.0,0.0,17572.0,6072.0,1.0
mu[3633],-0.021,0.037,-0.087,0.053,0.0,0.0,17534.0,6072.0,1.0
mu[3634],-0.032,0.041,-0.106,0.047,0.0,0.0,12647.0,6401.0,1.0
mu[3635],-0.023,0.036,-0.093,0.041,0.0,0.0,19050.0,5853.0,1.0
mu[3636],-0.039,0.054,-0.138,0.063,0.001,0.001,8960.0,6889.0,1.0
mu[3637],-0.034,0.044,-0.117,0.05,0.0,0.0,10937.0,6899.0,1.0
mu[3638],-0.027,0.036,-0.094,0.041,0.0,0.0,17665.0,5689.0,1.0
mu[3639],-0.036,0.048,-0.125,0.056,0.0,0.0,9898.0,6992.0,1.0
mu[3640],-0.015,0.045,-0.1,0.069,0.0,0.0,11948.0,7099.0,1.0
mu[3641],-0.012,0.05,-0.102,0.083,0.0,0.0,10649.0,7191.0,1.0
mu[3642],-0.03,0.038,-0.101,0.041,0.0,0.0,14535.0,6173.0,1.0
mu[3643],-0.029,0.038,-0.1,0.041,0.0,0.0,15010.0,5930.0,1.0
mu[3644],-0.022,0.036,-0.087,0.05,0.0,0.0,18446.0,5954.0,1.0
mu[3645],-0.019,0.038,-0.091,0.053,0.0,0.0,16122.0,6287.0,1.0
mu[3646],-0.039,0.054,-0.138,0.063,0.001,0.001,8960.0,6889.0,1.0
mu[3647],-0.038,0.053,-0.137,0.061,0.001,0.001,9099.0,6827.0,1.0
mu[3648],0.004,0.089,-0.161,0.168,0.001,0.001,7707.0,7503.0,1.0
mu[3649],-0.019,0.038,-0.091,0.053,0.0,0.0,16122.0,6287.0,1.0
mu[3650],-0.037,0.05,-0.13,0.058,0.001,0.0,9487.0,6866.0,1.0
mu[3651],-0.033,0.042,-0.115,0.044,0.0,0.0,11886.0,6743.0,1.0
mu[3652],-0.042,0.061,-0.157,0.072,0.001,0.001,8279.0,7237.0,1.0
mu[3653],-0.032,0.041,-0.106,0.047,0.0,0.0,12647.0,6401.0,1.0
mu[3654],-0.007,0.06,-0.117,0.107,0.001,0.001,9109.0,7316.0,1.0
mu[3655],-0.023,0.036,-0.089,0.046,0.0,0.0,18900.0,5923.0,1.0
mu[3656],-0.025,0.035,-0.09,0.043,0.0,0.0,18786.0,5733.0,1.0
mu[3657],-0.036,0.048,-0.123,0.056,0.0,0.0,9990.0,7025.0,1.0
mu[3658],-0.015,0.045,-0.096,0.071,0.0,0.0,12132.0,7067.0,1.0
mu[3659],-0.019,0.038,-0.091,0.053,0.0,0.0,16122.0,6287.0,1.0
mu[3660],-0.022,0.036,-0.087,0.05,0.0,0.0,18446.0,5954.0,1.0
mu[3661],-0.034,0.044,-0.117,0.05,0.0,0.0,10937.0,6899.0,1.0
mu[3662],-0.041,0.059,-0.152,0.068,0.001,0.001,8443.0,7119.0,1.0
mu[3663],-0.037,0.051,-0.133,0.057,0.001,0.001,9379.0,6866.0,1.0
mu[3664],-0.014,0.046,-0.1,0.071,0.0,0.0,11782.0,7067.0,1.0
mu[3665],-0.04,0.057,-0.144,0.071,0.001,0.001,8576.0,7047.0,1.0
mu[3666],-0.029,0.038,-0.1,0.042,0.0,0.0,14693.0,6027.0,1.0
mu[3667],-0.02,0.038,-0.091,0.052,0.0,0.0,16387.0,6222.0,1.0
mu[3668],-0.032,0.041,-0.106,0.047,0.0,0.0,12647.0,6401.0,1.0
mu[3669],-0.034,0.044,-0.117,0.05,0.0,0.0,10937.0,6899.0,1.0
mu[3670],-0.027,0.036,-0.094,0.041,0.0,0.0,17665.0,5689.0,1.0
mu[3671],-0.024,0.035,-0.092,0.041,0.0,0.0,18965.0,5876.0,1.0
mu[3672],-0.029,0.038,-0.1,0.041,0.0,0.0,15010.0,5930.0,1.0
mu[3673],-0.027,0.036,-0.094,0.041,0.0,0.0,17665.0,5689.0,1.0
mu[3674],-0.015,0.045,-0.1,0.069,0.0,0.0,11948.0,7099.0,1.0
mu[3675],-0.031,0.039,-0.105,0.042,0.0,0.0,13485.0,6304.0,1.0
mu[3676],-0.027,0.036,-0.094,0.041,0.0,0.0,17268.0,5754.0,1.0
mu[3677],-0.02,0.037,-0.089,0.053,0.0,0.0,16930.0,6232.0,1.0
mu[3678],-0.038,0.052,-0.135,0.059,0.001,0.001,9247.0,6832.0,1.0
mu[3679],-0.03,0.039,-0.102,0.043,0.0,0.0,14148.0,6198.0,1.0
mu[3680],-0.028,0.037,-0.101,0.037,0.0,0.0,16018.0,5764.0,1.0
mu[3681],-0.041,0.059,-0.153,0.07,0.001,0.001,8391.0,7093.0,1.0
mu[3682],-0.032,0.041,-0.106,0.047,0.0,0.0,12647.0,6401.0,1.0
mu[3683],-0.005,0.04,-0.078,0.073,0.0,0.001,15453.0,5998.0,1.0
mu[3684],-0.018,0.037,-0.089,0.051,0.0,0.001,17993.0,5330.0,1.0
mu[3685],0.049,0.066,-0.071,0.18,0.001,0.001,10493.0,6908.0,1.0
mu[3686],-0.045,0.038,-0.116,0.027,0.0,0.001,17295.0,5899.0,1.0
mu[3687],-0.06,0.043,-0.139,0.022,0.0,0.0,14875.0,6356.0,1.0
mu[3688],-0.014,0.038,-0.086,0.057,0.0,0.001,17150.0,5348.0,1.0
mu[3689],-0.036,0.037,-0.104,0.034,0.0,0.001,18577.0,5708.0,1.0
mu[3690],-0.002,0.041,-0.078,0.078,0.0,0.001,14803.0,6039.0,1.0
mu[3691],-0.062,0.044,-0.147,0.017,0.0,0.0,14613.0,6406.0,1.0
mu[3692],-0.085,0.055,-0.187,0.019,0.0,0.001,12092.0,6952.0,1.0
mu[3693],0.008,0.045,-0.076,0.094,0.0,0.001,13210.0,6379.0,1.0
mu[3694],0.006,0.044,-0.077,0.089,0.0,0.001,13529.0,6297.0,1.0
mu[3695],0.155,0.136,-0.082,0.434,0.001,0.001,9428.0,6973.0,1.0
mu[3696],-0.009,0.039,-0.079,0.069,0.0,0.001,16110.0,5782.0,1.0
mu[3697],-0.034,0.037,-0.102,0.035,0.0,0.001,18728.0,5590.0,1.0
mu[3698],-0.022,0.037,-0.087,0.051,0.0,0.001,18610.0,5411.0,1.0
mu[3699],-0.014,0.038,-0.086,0.058,0.0,0.001,17096.0,5386.0,1.0
mu[3700],-0.073,0.049,-0.166,0.017,0.0,0.0,13110.0,6984.0,1.0
mu[3701],0.032,0.056,-0.075,0.139,0.001,0.001,11151.0,6694.0,1.0
mu[3702],-0.075,0.05,-0.167,0.019,0.0,0.0,12939.0,6997.0,1.0
mu[3703],-0.006,0.039,-0.08,0.07,0.0,0.001,15650.0,5975.0,1.0
mu[3704],-0.019,0.037,-0.085,0.054,0.0,0.001,18123.0,5329.0,1.0
mu[3705],-0.006,0.039,-0.08,0.07,0.0,0.001,15666.0,5975.0,1.0
mu[3706],0.081,0.086,-0.076,0.251,0.001,0.001,9898.0,6665.0,1.0
mu[3707],-0.026,0.036,-0.091,0.046,0.0,0.001,18904.0,5322.0,1.0
mu[3708],-0.007,0.039,-0.077,0.073,0.0,0.001,15855.0,5872.0,1.0
mu[3709],0.019,0.05,-0.073,0.115,0.0,0.001,11997.0,6668.0,1.0
mu[3710],-0.008,0.039,-0.077,0.072,0.0,0.001,15942.0,5895.0,1.0
mu[3711],-0.018,0.037,-0.088,0.053,0.0,0.001,17852.0,5311.0,1.0
mu[3712],-0.033,0.036,-0.1,0.036,0.0,0.001,18812.0,5518.0,1.0
mu[3713],0.029,0.054,-0.073,0.134,0.001,0.001,11325.0,6694.0,1.0
mu[3714],-0.067,0.046,-0.153,0.019,0.0,0.0,13892.0,6550.0,1.0
mu[3715],-0.05,0.04,-0.123,0.023,0.0,0.0,16547.0,6061.0,1.0
mu[3716],-0.024,0.036,-0.088,0.049,0.0,0.001,18799.0,5409.0,1.0
mu[3717],-0.023,0.036,-0.095,0.043,0.0,0.001,18675.0,5384.0,1.0
mu[3718],-0.062,0.044,-0.146,0.018,0.0,0.0,14598.0,6406.0,1.0
mu[3719],-0.043,0.038,-0.115,0.025,0.0,0.001,17635.0,5875.0,1.0
mu[3720],-0.082,0.053,-0.18,0.02,0.0,0.001,12317.0,6984.0,1.0
mu[3721],-0.067,0.046,-0.153,0.019,0.0,0.0,13840.0,6580.0,1.0
mu[3722],-0.019,0.037,-0.084,0.056,0.0,0.001,18138.0,5367.0,1.0
mu[3723],-0.008,0.039,-0.079,0.07,0.0,0.001,15978.0,5849.0,1.0
mu[3724],0.043,0.063,-0.07,0.168,0.001,0.001,10677.0,6878.0,1.0
mu[3725],-0.062,0.044,-0.148,0.017,0.0,0.0,14499.0,6432.0,1.0
mu[3726],0.006,0.043,-0.077,0.089,0.0,0.001,13597.0,6291.0,1.0
mu[3727],-0.089,0.057,-0.203,0.011,0.001,0.001,11827.0,7030.0,1.0
mu[3728],0.075,0.082,-0.073,0.24,0.001,0.001,9973.0,6826.0,1.0
mu[3729],-0.002,0.041,-0.077,0.078,0.0,0.001,14859.0,6063.0,1.0
mu[3730],-0.023,0.036,-0.087,0.051,0.0,0.001,18704.0,5373.0,1.0
mu[3731],-0.032,0.036,-0.099,0.037,0.0,0.001,18877.0,5478.0,1.0
mu[3732],-0.045,0.038,-0.117,0.026,0.0,0.001,17343.0,5854.0,1.0
mu[3733],-0.083,0.054,-0.182,0.02,0.0,0.001,12257.0,7015.0,1.0
mu[3734],0.054,0.069,-0.075,0.188,0.001,0.001,10363.0,6972.0,1.0
mu[3735],-0.027,0.036,-0.091,0.046,0.0,0.001,18913.0,5322.0,1.0
mu[3736],-0.028,0.036,-0.094,0.043,0.0,0.001,18936.0,5286.0,1.0
mu[3737],-0.027,0.036,-0.091,0.046,0.0,0.001,18913.0,5322.0,1.0
mu[3738],-0.08,0.052,-0.176,0.02,0.0,0.001,12464.0,7047.0,1.0
mu[3739],-0.053,0.041,-0.131,0.021,0.0,0.0,15943.0,6144.0,1.0
mu[3740],-0.003,0.04,-0.078,0.077,0.0,0.001,14997.0,6021.0,1.0
mu[3741],-0.049,0.039,-0.122,0.024,0.0,0.0,16651.0,6037.0,1.0
mu[3742],-0.059,0.043,-0.136,0.022,0.0,0.0,15052.0,6436.0,1.0
mu[3743],0.003,0.042,-0.076,0.086,0.0,0.001,14047.0,6188.0,1.0
mu[3744],-0.037,0.037,-0.103,0.035,0.0,0.001,18455.0,5665.0,1.0
mu[3745],0.011,0.046,-0.077,0.097,0.0,0.001,12902.0,6460.0,1.0
mu[3746],-0.083,0.054,-0.182,0.02,0.0,0.001,12236.0,7036.0,1.0
mu[3747],0.027,0.054,-0.072,0.132,0.001,0.001,11396.0,6728.0,1.0
mu[3748],-0.011,0.038,-0.082,0.064,0.0,0.001,16475.0,5679.0,1.0
mu[3749],-0.009,0.039,-0.079,0.069,0.0,0.001,16091.0,5782.0,1.0
mu[3750],-0.036,0.037,-0.103,0.034,0.0,0.001,18539.0,5708.0,1.0
mu[3751],0.001,0.042,-0.08,0.079,0.0,0.001,14393.0,5789.0,1.0
mu[3752],-0.036,0.037,-0.103,0.034,0.0,0.001,18539.0,5708.0,1.0
mu[3753],-0.009,0.039,-0.079,0.069,0.0,0.001,16091.0,5782.0,1.0
mu[3754],0.028,0.054,-0.073,0.134,0.001,0.001,11346.0,6694.0,1.0
mu[3755],-0.064,0.045,-0.149,0.018,0.0,0.0,14305.0,6487.0,1.0
mu[3756],-0.064,0.045,-0.149,0.018,0.0,0.0,14305.0,6487.0,1.0
mu[3757],-0.027,0.036,-0.092,0.045,0.0,0.001,18920.0,5249.0,1.0
mu[3758],-0.03,0.036,-0.097,0.039,0.0,0.001,18946.0,5149.0,1.0
mu[3759],-0.014,0.038,-0.084,0.059,0.0,0.001,17188.0,5348.0,1.0
mu[3760],-0.014,0.038,-0.086,0.057,0.0,0.001,17150.0,5348.0,1.0
mu[3761],-0.055,0.041,-0.133,0.021,0.0,0.0,15723.0,6168.0,1.0
mu[3762],-0.024,0.036,-0.088,0.049,0.0,0.001,18767.0,5392.0,1.0
mu[3763],-0.082,0.053,-0.18,0.02,0.0,0.001,12317.0,6984.0,1.0
mu[3764],-0.064,0.045,-0.149,0.018,0.0,0.0,14305.0,6487.0,1.0
mu[3765],-0.036,0.037,-0.103,0.034,0.0,0.001,18539.0,5708.0,1.0
mu[3766],-0.072,0.048,-0.163,0.017,0.0,0.0,13313.0,6917.0,1.0
mu[3767],0.01,0.045,-0.078,0.094,0.0,0.001,13035.0,6404.0,1.0
mu[3768],0.019,0.049,-0.073,0.115,0.0,0.001,12038.0,6668.0,1.0
mu[3769],-0.047,0.039,-0.119,0.025,0.0,0.001,17023.0,5829.0,1.0
mu[3770],-0.045,0.038,-0.116,0.027,0.0,0.001,17295.0,5899.0,1.0
mu[3771],-0.018,0.037,-0.088,0.053,0.0,0.001,17888.0,5292.0,1.0
mu[3772],-0.009,0.039,-0.079,0.069,0.0,0.001,16091.0,5782.0,1.0
mu[3773],-0.082,0.053,-0.18,0.02,0.0,0.001,12317.0,6984.0,1.0
mu[3774],-0.08,0.052,-0.176,0.02,0.0,0.001,12464.0,7047.0,1.0
mu[3775],0.081,0.086,-0.077,0.249,0.001,0.001,9906.0,6666.0,1.0
mu[3776],-0.009,0.039,-0.079,0.069,0.0,0.001,16091.0,5782.0,1.0
mu[3777],-0.076,0.05,-0.169,0.018,0.0,0.0,12887.0,7061.0,1.0
mu[3778],-0.058,0.042,-0.135,0.023,0.0,0.0,15125.0,6463.0,1.0
mu[3779],-0.094,0.06,-0.209,0.014,0.001,0.001,11564.0,7065.0,1.0
mu[3780],-0.055,0.041,-0.133,0.021,0.0,0.0,15723.0,6168.0,1.0
mu[3781],0.037,0.059,-0.075,0.15,0.001,0.001,10897.0,6848.0,1.0
mu[3782],-0.021,0.037,-0.086,0.053,0.0,0.001,18477.0,5394.0,1.0
mu[3783],-0.03,0.036,-0.097,0.039,0.0,0.001,18938.0,5153.0,1.0
mu[3784],-0.071,0.048,-0.16,0.019,0.0,0.0,13403.0,6703.0,1.0
mu[3785],0.009,0.045,-0.076,0.094,0.0,0.001,13186.0,6379.0,1.0
mu[3786],-0.009,0.039,-0.079,0.069,0.0,0.001,16091.0,5782.0,1.0
mu[3787],-0.018,0.037,-0.088,0.053,0.0,0.001,17888.0,5292.0,1.0
mu[3788],-0.064,0.045,-0.149,0.018,0.0,0.0,14305.0,6487.0,1.0
mu[3789],-0.09,0.058,-0.206,0.011,0.001,0.001,11745.0,7050.0,1.0
mu[3790],-0.077,0.051,-0.171,0.018,0.0,0.0,12766.0,7060.0,1.0
mu[3791],0.011,0.046,-0.077,0.096,0.0,0.001,12911.0,6460.0,1.0
mu[3792],-0.088,0.056,-0.201,0.011,0.001,0.001,11895.0,7030.0,1.0
mu[3793],-0.046,0.039,-0.117,0.027,0.0,0.001,17112.0,5853.0,1.0
mu[3794],-0.01,0.039,-0.079,0.068,0.0,0.001,16297.0,5738.0,1.0
mu[3795],-0.055,0.041,-0.133,0.021,0.0,0.0,15723.0,6168.0,1.0
mu[3796],-0.064,0.045,-0.149,0.018,0.0,0.0,14305.0,6487.0,1.0
mu[3797],-0.036,0.037,-0.103,0.034,0.0,0.001,18539.0,5708.0,1.0
mu[3798],-0.027,0.036,-0.092,0.045,0.0,0.001,18920.0,5249.0,1.0
mu[3799],-0.045,0.038,-0.116,0.027,0.0,0.001,17295.0,5899.0,1.0
mu[3800],-0.036,0.037,-0.103,0.034,0.0,0.001,18539.0,5708.0,1.0
mu[3801],0.01,0.045,-0.078,0.094,0.0,0.001,13035.0,6404.0,1.0
mu[3802],-0.051,0.04,-0.127,0.021,0.0,0.0,16316.0,6182.0,1.0
mu[3803],-0.038,0.037,-0.103,0.035,0.0,0.001,18377.0,5695.0,1.0
mu[3804],-0.012,0.038,-0.082,0.063,0.0,0.001,16677.0,5445.0,1.0
mu[3805],-0.078,0.051,-0.174,0.019,0.0,0.001,12626.0,7060.0,1.0
mu[3806],-0.048,0.039,-0.12,0.026,0.0,0.001,16773.0,5897.0,1.0
mu[3807],-0.042,0.038,-0.112,0.029,0.0,0.001,17848.0,5783.0,1.0
mu[3808],-0.091,0.058,-0.206,0.013,0.001,0.001,11687.0,7097.0,1.0
mu[3809],-0.055,0.041,-0.133,0.021,0.0,0.0,15723.0,6168.0,1.0
mu[3810],-0.007,0.038,-0.08,0.063,0.0,0.0,14488.0,6242.0,1.0
mu[3811],-0.019,0.036,-0.087,0.048,0.0,0.0,16488.0,4928.0,1.0
mu[3812],0.039,0.063,-0.08,0.157,0.001,0.001,10226.0,6895.0,1.0
mu[3813],-0.041,0.037,-0.113,0.028,0.0,0.0,16322.0,5582.0,1.0
mu[3814],-0.054,0.042,-0.13,0.024,0.0,0.001,14190.0,6102.0,1.0
mu[3815],-0.015,0.036,-0.082,0.055,0.0,0.0,15770.0,4877.0,1.0
mu[3816],-0.033,0.036,-0.1,0.035,0.0,0.0,17511.0,5266.0,1.0
mu[3817],-0.004,0.039,-0.076,0.07,0.0,0.0,13979.0,6319.0,1.0
mu[3818],-0.055,0.042,-0.133,0.024,0.0,0.001,13968.0,6253.0,1.0
mu[3819],-0.075,0.053,-0.173,0.023,0.0,0.001,11783.0,6995.0,1.0
mu[3820],0.004,0.043,-0.076,0.084,0.0,0.0,12698.0,6571.0,1.0
mu[3821],0.002,0.042,-0.075,0.082,0.0,0.0,12959.0,6515.0,1.0
mu[3822],0.129,0.13,-0.11,0.379,0.001,0.001,9370.0,7253.0,1.0
mu[3823],-0.01,0.037,-0.082,0.058,0.0,0.0,15024.0,5602.0,1.0
mu[3824],-0.032,0.035,-0.099,0.035,0.0,0.0,17610.0,5142.0,1.0
mu[3825],-0.022,0.035,-0.085,0.048,0.0,0.0,17022.0,4983.0,1.0
mu[3826],-0.014,0.036,-0.082,0.055,0.0,0.0,15730.0,4908.0,1.0
mu[3827],-0.065,0.047,-0.154,0.022,0.0,0.001,12673.0,6405.0,1.0
mu[3828],0.024,0.054,-0.077,0.125,0.001,0.001,10907.0,6549.0,1.0
mu[3829],-0.067,0.048,-0.158,0.021,0.0,0.001,12537.0,6431.0,1.0
mu[3830],-0.008,0.038,-0.079,0.063,0.0,0.0,14655.0,6204.0,1.0
mu[3831],-0.019,0.036,-0.088,0.047,0.0,0.0,16603.0,4961.0,1.0
mu[3832],-0.008,0.038,-0.079,0.062,0.0,0.0,14682.0,6089.0,1.0
mu[3833],0.066,0.083,-0.086,0.222,0.001,0.001,9705.0,7151.0,1.0
mu[3834],-0.025,0.035,-0.092,0.041,0.0,0.0,17462.0,4829.0,1.0
mu[3835],-0.009,0.038,-0.081,0.06,0.0,0.0,14832.0,5810.0,1.0
mu[3836],0.014,0.048,-0.075,0.104,0.0,0.001,11668.0,6604.0,1.0
mu[3837],-0.01,0.038,-0.081,0.06,0.0,0.0,14904.0,5678.0,1.0
mu[3838],-0.018,0.036,-0.086,0.049,0.0,0.0,16343.0,4992.0,1.0
mu[3839],-0.031,0.035,-0.096,0.038,0.0,0.0,17677.0,5069.0,1.0
mu[3840],0.021,0.052,-0.077,0.118,0.0,0.001,11084.0,6724.0,1.0
mu[3841],-0.06,0.044,-0.142,0.023,0.0,0.001,13360.0,6358.0,1.0
mu[3842],-0.045,0.038,-0.116,0.029,0.0,0.0,15657.0,5621.0,1.0
mu[3843],-0.023,0.035,-0.09,0.043,0.0,0.0,17241.0,4882.0,1.0
mu[3844],-0.022,0.035,-0.086,0.047,0.0,0.0,17095.0,4967.0,1.0
mu[3845],-0.055,0.042,-0.133,0.024,0.0,0.001,13956.0,6253.0,1.0
mu[3846],-0.04,0.037,-0.11,0.028,0.0,0.0,16616.0,5583.0,1.0
mu[3847],-0.073,0.051,-0.169,0.023,0.0,0.001,11978.0,6837.0,1.0
mu[3848],-0.06,0.044,-0.143,0.023,0.0,0.001,13318.0,6358.0,1.0
mu[3849],-0.019,0.036,-0.088,0.047,0.0,0.0,16613.0,4961.0,1.0
mu[3850],-0.01,0.038,-0.081,0.059,0.0,0.0,14928.0,5588.0,1.0
mu[3851],0.034,0.06,-0.078,0.147,0.001,0.001,10409.0,6680.0,1.0
mu[3852],-0.056,0.042,-0.134,0.025,0.0,0.001,13875.0,6253.0,1.0
mu[3853],0.002,0.042,-0.077,0.079,0.0,0.0,13018.0,6515.0,1.0
mu[3854],-0.078,0.055,-0.18,0.025,0.001,0.001,11543.0,7059.0,1.0
mu[3855],0.061,0.079,-0.085,0.209,0.001,0.001,9767.0,7020.0,1.0
mu[3856],-0.005,0.039,-0.076,0.07,0.0,0.0,14023.0,6319.0,1.0
mu[3857],-0.023,0.035,-0.087,0.047,0.0,0.0,17133.0,5016.0,1.0
mu[3858],-0.03,0.035,-0.095,0.039,0.0,0.0,17694.0,5002.0,1.0
mu[3859],-0.041,0.037,-0.114,0.027,0.0,0.0,16362.0,5582.0,1.0
mu[3860],-0.073,0.052,-0.17,0.022,0.0,0.001,11926.0,6931.0,1.0
mu[3861],0.043,0.066,-0.082,0.166,0.001,0.001,10099.0,7200.0,1.0
mu[3862],-0.026,0.035,-0.092,0.041,0.0,0.0,17478.0,4829.0,1.0
mu[3863],-0.026,0.035,-0.093,0.04,0.0,0.0,17548.0,4716.0,1.0
mu[3864],-0.026,0.035,-0.092,0.041,0.0,0.0,17478.0,4829.0,1.0
mu[3865],-0.071,0.05,-0.164,0.024,0.0,0.001,12112.0,6808.0,1.0
mu[3866],-0.048,0.039,-0.122,0.025,0.0,0.0,15143.0,5754.0,1.0
mu[3867],-0.005,0.039,-0.076,0.069,0.0,0.0,14125.0,6293.0,1.0
mu[3868],-0.045,0.038,-0.116,0.028,0.0,0.0,15738.0,5621.0,1.0
mu[3869],-0.053,0.041,-0.129,0.025,0.0,0.0,14352.0,6053.0,1.0
mu[3870],-0.001,0.041,-0.073,0.079,0.0,0.0,13391.0,6476.0,1.0
mu[3871],-0.034,0.036,-0.103,0.032,0.0,0.0,17372.0,5284.0,1.0
mu[3872],0.006,0.044,-0.075,0.089,0.0,0.0,12454.0,6687.0,1.0
mu[3873],-0.073,0.052,-0.17,0.022,0.0,0.001,11906.0,6963.0,1.0
mu[3874],0.02,0.052,-0.077,0.116,0.0,0.001,11152.0,6695.0,1.0
mu[3875],-0.012,0.037,-0.082,0.057,0.0,0.0,15309.0,5597.0,1.0
mu[3876],-0.01,0.037,-0.081,0.059,0.0,0.0,15008.0,5602.0,1.0
mu[3877],-0.034,0.036,-0.102,0.034,0.0,0.0,17468.0,5230.0,1.0
mu[3878],-0.002,0.04,-0.074,0.075,0.0,0.0,13653.0,6449.0,1.0
mu[3879],-0.034,0.036,-0.102,0.034,0.0,0.0,17468.0,5230.0,1.0
mu[3880],-0.01,0.037,-0.081,0.059,0.0,0.0,15008.0,5602.0,1.0
mu[3881],0.021,0.052,-0.077,0.118,0.0,0.001,11105.0,6755.0,1.0
mu[3882],-0.057,0.043,-0.136,0.025,0.0,0.001,13725.0,6279.0,1.0
mu[3883],-0.057,0.043,-0.136,0.025,0.0,0.001,13725.0,6279.0,1.0
mu[3884],-0.026,0.035,-0.092,0.041,0.0,0.0,17508.0,4813.0,1.0
mu[3885],-0.028,0.035,-0.094,0.039,0.0,0.0,17698.0,4765.0,1.0
mu[3886],-0.015,0.036,-0.082,0.055,0.0,0.0,15792.0,4877.0,1.0
mu[3887],-0.015,0.036,-0.082,0.055,0.0,0.0,15770.0,4877.0,1.0
mu[3888],-0.049,0.04,-0.119,0.03,0.0,0.0,14941.0,5776.0,1.0
mu[3889],-0.023,0.035,-0.09,0.043,0.0,0.0,17194.0,5000.0,1.0
mu[3890],-0.073,0.051,-0.169,0.023,0.0,0.001,11978.0,6837.0,1.0
mu[3891],-0.057,0.043,-0.136,0.025,0.0,0.001,13725.0,6279.0,1.0
mu[3892],-0.034,0.036,-0.102,0.034,0.0,0.0,17468.0,5230.0,1.0
mu[3893],-0.064,0.046,-0.153,0.02,0.0,0.001,12836.0,6460.0,1.0
mu[3894],0.005,0.043,-0.076,0.086,0.0,0.0,12567.0,6599.0,1.0
mu[3895],0.013,0.047,-0.074,0.104,0.0,0.001,11713.0,6664.0,1.0
mu[3896],-0.043,0.038,-0.114,0.028,0.0,0.0,16066.0,5481.0,1.0
mu[3897],-0.041,0.037,-0.113,0.028,0.0,0.0,16322.0,5582.0,1.0
mu[3898],-0.018,0.036,-0.086,0.049,0.0,0.0,16376.0,4992.0,1.0
mu[3899],-0.01,0.037,-0.081,0.059,0.0,0.0,15008.0,5602.0,1.0
mu[3900],-0.073,0.051,-0.169,0.023,0.0,0.001,11978.0,6837.0,1.0
mu[3901],-0.071,0.05,-0.164,0.024,0.0,0.001,12112.0,6808.0,1.0
mu[3902],0.066,0.082,-0.086,0.221,0.001,0.001,9709.0,7151.0,1.0
mu[3903],-0.01,0.037,-0.081,0.059,0.0,0.0,15008.0,5602.0,1.0
mu[3904],-0.067,0.048,-0.159,0.021,0.0,0.001,12483.0,6487.0,1.0
mu[3905],-0.052,0.041,-0.128,0.025,0.0,0.0,14419.0,6004.0,1.0
mu[3906],-0.082,0.057,-0.191,0.023,0.001,0.001,11306.0,6897.0,1.0
mu[3907],-0.049,0.04,-0.119,0.03,0.0,0.0,14941.0,5776.0,1.0
mu[3908],0.029,0.057,-0.081,0.132,0.001,0.001,10634.0,6579.0,1.0
mu[3909],-0.021,0.035,-0.085,0.049,0.0,0.0,16868.0,4882.0,1.0
mu[3910],-0.028,0.035,-0.094,0.039,0.0,0.0,17702.0,4852.0,1.0
mu[3911],-0.063,0.046,-0.152,0.02,0.0,0.001,12926.0,6515.0,1.0
mu[3912],0.004,0.043,-0.075,0.085,0.0,0.0,12680.0,6571.0,1.0
mu[3913],-0.01,0.037,-0.081,0.059,0.0,0.0,15008.0,5602.0,1.0
mu[3914],-0.018,0.036,-0.086,0.049,0.0,0.0,16376.0,4992.0,1.0
mu[3915],-0.057,0.043,-0.136,0.025,0.0,0.001,13725.0,6279.0,1.0
mu[3916],-0.079,0.056,-0.185,0.022,0.001,0.001,11473.0,6962.0,1.0
mu[3917],-0.068,0.049,-0.162,0.02,0.0,0.001,12380.0,6515.0,1.0
mu[3918],0.006,0.044,-0.074,0.09,0.0,0.0,12462.0,6658.0,1.0
mu[3919],-0.078,0.054,-0.179,0.024,0.001,0.001,11601.0,7059.0,1.0
mu[3920],-0.042,0.037,-0.114,0.028,0.0,0.0,16156.0,5582.0,1.0
mu[3921],-0.011,0.037,-0.082,0.058,0.0,0.0,15171.0,5639.0,1.0
mu[3922],-0.049,0.04,-0.119,0.03,0.0,0.0,14941.0,5776.0,1.0
mu[3923],-0.057,0.043,-0.136,0.025,0.0,0.001,13725.0,6279.0,1.0
mu[3924],-0.034,0.036,-0.102,0.034,0.0,0.0,17468.0,5230.0,1.0
mu[3925],-0.026,0.035,-0.092,0.041,0.0,0.0,17508.0,4813.0,1.0
mu[3926],-0.041,0.037,-0.113,0.028,0.0,0.0,16322.0,5582.0,1.0
mu[3927],-0.034,0.036,-0.102,0.034,0.0,0.0,17468.0,5230.0,1.0
mu[3928],0.005,0.043,-0.076,0.086,0.0,0.0,12567.0,6599.0,1.0
mu[3929],-0.046,0.039,-0.118,0.028,0.0,0.0,15458.0,5798.0,1.0
mu[3930],-0.035,0.036,-0.103,0.033,0.0,0.0,17314.0,5340.0,1.0
mu[3931],-0.013,0.037,-0.083,0.055,0.0,0.0,15450.0,5386.0,1.0
mu[3932],-0.069,0.05,-0.161,0.024,0.0,0.001,12253.0,6687.0,1.0
mu[3933],-0.044,0.038,-0.115,0.029,0.0,0.0,15845.0,5600.0,1.0
mu[3934],-0.038,0.036,-0.108,0.03,0.0,0.0,16808.0,5386.0,1.0
mu[3935],-0.08,0.056,-0.186,0.023,0.001,0.001,11421.0,6993.0,1.0
mu[3936],-0.049,0.04,-0.119,0.03,0.0,0.0,14941.0,5776.0,1.0
mu[3937],-0.009,0.039,-0.081,0.065,0.0,0.0,13620.0,5349.0,1.0
mu[3938],-0.023,0.036,-0.089,0.046,0.0,0.0,16176.0,4763.0,1.0
mu[3939],0.046,0.065,-0.073,0.169,0.001,0.001,8884.0,6896.0,1.0
mu[3940],-0.05,0.038,-0.121,0.02,0.0,0.0,16353.0,6437.0,1.0
mu[3941],-0.065,0.042,-0.14,0.018,0.0,0.0,14131.0,6894.0,1.0
mu[3942],-0.018,0.037,-0.085,0.053,0.0,0.0,15332.0,4932.0,1.0
mu[3943],-0.04,0.036,-0.109,0.026,0.0,0.0,17367.0,5490.0,1.0
mu[3944],-0.006,0.04,-0.081,0.068,0.0,0.0,12972.0,5311.0,1.0
mu[3945],-0.067,0.043,-0.146,0.015,0.0,0.0,13853.0,7092.0,1.0
mu[3946],-0.09,0.054,-0.192,0.011,0.001,0.001,11149.0,7269.0,1.0
mu[3947],0.005,0.044,-0.077,0.086,0.0,0.001,11457.0,5841.0,1.0
mu[3948],0.002,0.043,-0.079,0.081,0.0,0.0,11745.0,5695.0,1.0
mu[3949],0.154,0.133,-0.082,0.42,0.001,0.001,7904.0,7025.0,1.0
mu[3950],-0.013,0.038,-0.083,0.059,0.0,0.0,14280.0,5167.0,1.0
mu[3951],-0.038,0.036,-0.107,0.027,0.0,0.0,17471.0,5492.0,1.0
mu[3952],-0.027,0.036,-0.094,0.039,0.0,0.0,16756.0,4871.0,1.0
mu[3953],-0.018,0.037,-0.084,0.054,0.0,0.0,15276.0,4933.0,1.0
mu[3954],-0.079,0.048,-0.173,0.008,0.0,0.0,12266.0,7030.0,1.0
mu[3955],0.028,0.055,-0.075,0.13,0.001,0.001,9572.0,6533.0,1.0
mu[3956],-0.08,0.049,-0.174,0.009,0.0,0.0,12064.0,7196.0,1.0
mu[3957],-0.01,0.039,-0.08,0.065,0.0,0.0,13810.0,5217.0,1.0
mu[3958],-0.023,0.036,-0.092,0.043,0.0,0.0,16287.0,4853.0,1.0
mu[3959],-0.01,0.039,-0.08,0.064,0.0,0.0,13826.0,5217.0,1.0
mu[3960],0.079,0.084,-0.077,0.24,0.001,0.001,8296.0,6703.0,1.0
mu[3961],-0.031,0.036,-0.097,0.036,0.0,0.0,17223.0,4854.0,1.0
mu[3962],-0.012,0.039,-0.083,0.061,0.0,0.0,14024.0,5184.0,1.0
mu[3963],0.016,0.049,-0.08,0.102,0.0,0.001,10387.0,5939.0,1.0
mu[3964],-0.012,0.038,-0.083,0.06,0.0,0.0,14115.0,5202.0,1.0
mu[3965],-0.022,0.037,-0.089,0.046,0.0,0.0,16027.0,4763.0,1.0
mu[3966],-0.037,0.036,-0.106,0.028,0.0,0.0,17480.0,5300.0,1.0
mu[3967],0.025,0.053,-0.075,0.123,0.001,0.001,9752.0,6019.0,1.0
mu[3968],-0.072,0.045,-0.158,0.011,0.0,0.0,13105.0,7161.0,1.0
mu[3969],-0.054,0.039,-0.126,0.019,0.0,0.0,15737.0,6479.0,1.0
mu[3970],-0.029,0.036,-0.096,0.037,0.0,0.0,16981.0,4932.0,1.0
mu[3971],-0.027,0.036,-0.095,0.039,0.0,0.0,16823.0,4878.0,1.0
mu[3972],-0.067,0.043,-0.146,0.015,0.0,0.0,13839.0,7092.0,1.0
mu[3973],-0.048,0.037,-0.116,0.024,0.0,0.0,16596.0,6279.0,1.0
mu[3974],-0.087,0.052,-0.187,0.01,0.0,0.001,11385.0,7148.0,1.0
mu[3975],-0.072,0.045,-0.158,0.011,0.0,0.0,13056.0,7127.0,1.0
mu[3976],-0.024,0.036,-0.092,0.043,0.0,0.0,16302.0,4853.0,1.0
mu[3977],-0.012,0.038,-0.083,0.06,0.0,0.0,14148.0,5238.0,1.0
mu[3978],0.04,0.061,-0.07,0.16,0.001,0.001,9061.0,6970.0,1.0
mu[3979],-0.067,0.043,-0.147,0.015,0.0,0.0,13740.0,7092.0,1.0
mu[3980],0.002,0.043,-0.079,0.08,0.0,0.0,11808.0,5610.0,1.0
mu[3981],-0.094,0.056,-0.202,0.008,0.001,0.001,10843.0,7231.0,1.0
mu[3982],0.072,0.08,-0.076,0.225,0.001,0.001,8375.0,6704.0,1.0
mu[3983],-0.006,0.04,-0.081,0.068,0.0,0.0,13020.0,5330.0,1.0
mu[3984],-0.027,0.036,-0.095,0.038,0.0,0.0,16852.0,4877.0,1.0
mu[3985],-0.036,0.036,-0.105,0.029,0.0,0.0,17482.0,5319.0,1.0
mu[3986],-0.05,0.038,-0.12,0.021,0.0,0.0,16383.0,6438.0,1.0
mu[3987],-0.088,0.053,-0.189,0.01,0.0,0.001,11329.0,7171.0,1.0
mu[3988],0.051,0.068,-0.073,0.181,0.001,0.001,8748.0,6866.0,1.0
mu[3989],-0.031,0.036,-0.097,0.035,0.0,0.0,17242.0,4854.0,1.0
mu[3990],-0.032,0.036,-0.098,0.034,0.0,0.0,17311.0,4963.0,1.0
mu[3991],-0.031,0.036,-0.097,0.035,0.0,0.0,17242.0,4854.0,1.0
mu[3992],-0.085,0.051,-0.184,0.01,0.0,0.001,11550.0,7163.0,1.0
mu[3993],-0.058,0.04,-0.131,0.018,0.0,0.0,15185.0,6706.0,1.0
mu[3994],-0.007,0.04,-0.081,0.067,0.0,0.0,13158.0,5273.0,1.0
mu[3995],-0.054,0.039,-0.126,0.019,0.0,0.0,15823.0,6336.0,1.0
mu[3996],-0.064,0.042,-0.139,0.018,0.0,0.0,14307.0,6863.0,1.0
mu[3997],-0.001,0.042,-0.079,0.076,0.0,0.0,12236.0,5592.0,1.0
mu[3998],-0.042,0.036,-0.111,0.025,0.0,0.0,17262.0,5672.0,1.0
mu[3999],0.007,0.045,-0.077,0.09,0.0,0.001,11186.0,5772.0,1.0
mu[4000],-0.088,0.053,-0.189,0.01,0.0,0.001,11309.0,7186.0,1.0
mu[4001],0.024,0.053,-0.074,0.122,0.001,0.001,9817.0,5997.0,1.0
mu[4002],-0.015,0.038,-0.084,0.057,0.0,0.0,14647.0,5078.0,1.0
mu[4003],-0.013,0.038,-0.084,0.059,0.0,0.0,14259.0,5167.0,1.0
mu[4004],-0.041,0.036,-0.109,0.026,0.0,0.0,17339.0,5573.0,1.0
mu[4005],-0.003,0.041,-0.08,0.071,0.0,0.0,12556.0,5431.0,1.0
mu[4006],-0.041,0.036,-0.109,0.026,0.0,0.0,17339.0,5573.0,1.0
mu[4007],-0.013,0.038,-0.084,0.059,0.0,0.0,14259.0,5167.0,1.0
mu[4008],0.025,0.053,-0.075,0.122,0.001,0.001,9771.0,6021.0,1.0
mu[4009],-0.069,0.044,-0.15,0.014,0.0,0.0,13537.0,7134.0,1.0
mu[4010],-0.069,0.044,-0.15,0.014,0.0,0.0,13537.0,7134.0,1.0
mu[4011],-0.031,0.036,-0.097,0.035,0.0,0.0,17272.0,4901.0,1.0
mu[4012],-0.034,0.036,-0.097,0.036,0.0,0.0,17441.0,5245.0,1.0
mu[4013],-0.018,0.037,-0.085,0.053,0.0,0.0,15370.0,4881.0,1.0
mu[4014],-0.018,0.037,-0.085,0.053,0.0,0.0,15332.0,4932.0,1.0
mu[4015],-0.059,0.04,-0.132,0.019,0.0,0.0,14959.0,6749.0,1.0
mu[4016],-0.028,0.036,-0.095,0.038,0.0,0.0,16921.0,4923.0,1.0
mu[4017],-0.087,0.052,-0.187,0.01,0.0,0.001,11385.0,7148.0,1.0
mu[4018],-0.069,0.044,-0.15,0.014,0.0,0.0,13537.0,7134.0,1.0
mu[4019],-0.041,0.036,-0.109,0.026,0.0,0.0,17339.0,5573.0,1.0
mu[4020],-0.077,0.047,-0.168,0.01,0.0,0.0,12489.0,7049.0,1.0
mu[4021],0.006,0.044,-0.077,0.088,0.0,0.001,11305.0,5807.0,1.0
mu[4022],0.015,0.048,-0.08,0.101,0.0,0.001,10423.0,5893.0,1.0
mu[4023],-0.052,0.038,-0.121,0.022,0.0,0.0,16131.0,6475.0,1.0
mu[4024],-0.05,0.038,-0.121,0.02,0.0,0.0,16353.0,6437.0,1.0
mu[4025],-0.022,0.036,-0.09,0.046,0.0,0.0,16055.0,4763.0,1.0
mu[4026],-0.013,0.038,-0.084,0.059,0.0,0.0,14259.0,5167.0,1.0
mu[4027],-0.087,0.052,-0.187,0.01,0.0,0.001,11385.0,7148.0,1.0
mu[4028],-0.085,0.051,-0.184,0.01,0.0,0.001,11550.0,7163.0,1.0
mu[4029],0.078,0.084,-0.077,0.238,0.001,0.001,8303.0,6793.0,1.0
mu[4030],-0.013,0.038,-0.084,0.059,0.0,0.0,14259.0,5167.0,1.0
mu[4031],-0.081,0.049,-0.175,0.009,0.0,0.0,12001.0,7196.0,1.0
mu[4032],-0.063,0.042,-0.137,0.018,0.0,0.0,14379.0,6847.0,1.0
mu[4033],-0.099,0.058,-0.214,0.006,0.001,0.001,10531.0,7101.0,1.0
mu[4034],-0.059,0.04,-0.132,0.019,0.0,0.0,14959.0,6749.0,1.0
mu[4035],0.034,0.058,-0.072,0.144,0.001,0.001,9302.0,6721.0,1.0
mu[4036],-0.025,0.036,-0.092,0.042,0.0,0.0,16590.0,4821.0,1.0
mu[4037],-0.035,0.036,-0.098,0.035,0.0,0.0,17452.0,5227.0,1.0
mu[4038],-0.076,0.047,-0.166,0.01,0.0,0.0,12582.0,7016.0,1.0
mu[4039],0.005,0.044,-0.077,0.086,0.0,0.001,11436.0,5841.0,1.0
mu[4040],-0.013,0.038,-0.084,0.059,0.0,0.0,14259.0,5167.0,1.0
mu[4041],-0.022,0.036,-0.09,0.046,0.0,0.0,16055.0,4763.0,1.0
mu[4042],-0.069,0.044,-0.15,0.014,0.0,0.0,13537.0,7134.0,1.0
mu[4043],-0.096,0.057,-0.205,0.009,0.001,0.001,10758.0,7162.0,1.0
mu[4044],-0.082,0.05,-0.178,0.009,0.0,0.0,11881.0,7198.0,1.0
mu[4045],0.007,0.045,-0.077,0.089,0.0,0.001,11195.0,5794.0,1.0
mu[4046],-0.093,0.055,-0.202,0.007,0.001,0.001,10921.0,7305.0,1.0
mu[4047],-0.051,0.038,-0.121,0.022,0.0,0.0,16207.0,6465.0,1.0
mu[4048],-0.014,0.038,-0.084,0.057,0.0,0.0,14470.0,5078.0,1.0
mu[4049],-0.059,0.04,-0.132,0.019,0.0,0.0,14959.0,6749.0,1.0
mu[4050],-0.069,0.044,-0.15,0.014,0.0,0.0,13537.0,7134.0,1.0
mu[4051],-0.041,0.036,-0.109,0.026,0.0,0.0,17339.0,5573.0,1.0
mu[4052],-0.031,0.036,-0.097,0.035,0.0,0.0,17272.0,4901.0,1.0
mu[4053],-0.05,0.038,-0.121,0.02,0.0,0.0,16353.0,6437.0,1.0
mu[4054],-0.041,0.036,-0.109,0.026,0.0,0.0,17339.0,5573.0,1.0
mu[4055],0.006,0.044,-0.077,0.088,0.0,0.001,11305.0,5807.0,1.0
mu[4056],-0.056,0.039,-0.129,0.018,0.0,0.0,15527.0,6400.0,1.0
mu[4057],-0.042,0.036,-0.112,0.024,0.0,0.0,17217.0,5694.0,1.0
mu[4058],-0.016,0.038,-0.084,0.056,0.0,0.0,14841.0,5012.0,1.0
mu[4059],-0.084,0.05,-0.181,0.008,0.0,0.001,11727.0,7231.0,1.0
mu[4060],-0.053,0.039,-0.124,0.02,0.0,0.0,15908.0,6420.0,1.0
mu[4061],-0.046,0.037,-0.114,0.025,0.0,0.0,16749.0,5986.0,1.0
mu[4062],-0.097,0.057,-0.208,0.007,0.001,0.001,10690.0,7164.0,1.0
mu[4063],-0.059,0.04,-0.132,0.019,0.0,0.0,14959.0,6749.0,1.0
mu[4064],-0.019,0.039,-0.09,0.055,0.0,0.0,16996.0,6015.0,1.0
mu[4065],-0.029,0.036,-0.096,0.04,0.0,0.0,20016.0,5437.0,1.0
mu[4066],0.022,0.064,-0.1,0.136,0.001,0.001,10655.0,7501.0,1.0
mu[4067],-0.049,0.038,-0.119,0.022,0.0,0.0,18883.0,6167.0,1.0
mu[4068],-0.06,0.042,-0.144,0.014,0.0,0.0,15188.0,6766.0,1.0
mu[4069],-0.025,0.037,-0.094,0.044,0.0,0.0,19026.0,5496.0,1.0
mu[4070],-0.042,0.036,-0.111,0.024,0.0,0.0,20636.0,5976.0,1.0
mu[4071],-0.016,0.04,-0.089,0.06,0.0,0.001,16173.0,6015.0,1.0
mu[4072],-0.062,0.042,-0.144,0.017,0.0,0.0,14693.0,6825.0,1.0
mu[4073],-0.079,0.053,-0.178,0.022,0.0,0.001,11752.0,7660.0,1.0
mu[4074],-0.009,0.044,-0.088,0.073,0.0,0.001,14161.0,6356.0,1.0
mu[4075],-0.01,0.043,-0.086,0.072,0.0,0.001,14583.0,6253.0,1.0
mu[4076],0.103,0.131,-0.142,0.352,0.001,0.001,8922.0,7769.0,1.0
mu[4077],-0.022,0.038,-0.091,0.051,0.0,0.0,17820.0,5764.0,1.0
mu[4078],-0.041,0.036,-0.109,0.026,0.0,0.0,20845.0,5958.0,1.0
mu[4079],-0.032,0.036,-0.098,0.037,0.0,0.0,20666.0,5478.0,1.0
mu[4080],-0.025,0.037,-0.095,0.044,0.0,0.0,18959.0,5557.0,1.0
mu[4081],-0.071,0.047,-0.162,0.017,0.0,0.0,12587.0,7399.0,1.0
mu[4082],0.009,0.054,-0.09,0.112,0.001,0.001,11612.0,6843.0,1.0
mu[4083],-0.072,0.048,-0.165,0.017,0.0,0.0,12447.0,7514.0,1.0
mu[4084],-0.02,0.039,-0.09,0.054,0.0,0.0,17238.0,5920.0,1.0
mu[4085],-0.029,0.036,-0.096,0.04,0.0,0.0,20149.0,5477.0,1.0
mu[4086],-0.02,0.039,-0.09,0.054,0.0,0.0,17259.0,5920.0,1.0
mu[4087],0.047,0.083,-0.111,0.2,0.001,0.001,9637.0,7649.0,1.0
mu[4088],-0.035,0.036,-0.103,0.031,0.0,0.0,21067.0,5616.0,1.0
mu[4089],-0.021,0.038,-0.091,0.052,0.0,0.0,17503.0,5852.0,1.0
mu[4090],-0.0,0.048,-0.088,0.091,0.0,0.001,12697.0,6691.0,1.0
mu[4091],-0.021,0.038,-0.091,0.051,0.0,0.0,17617.0,5831.0,1.0
mu[4092],-0.028,0.036,-0.096,0.041,0.0,0.0,19851.0,5558.0,1.0
mu[4093],-0.04,0.036,-0.108,0.027,0.0,0.0,20936.0,5819.0,1.0
mu[4094],0.007,0.053,-0.089,0.107,0.0,0.001,11859.0,6841.0,1.0
mu[4095],-0.066,0.044,-0.149,0.019,0.0,0.0,13521.0,6952.0,1.0
mu[4096],-0.053,0.039,-0.126,0.019,0.0,0.0,17923.0,6488.0,1.0
mu[4097],-0.033,0.036,-0.1,0.034,0.0,0.0,20901.0,5592.0,1.0
mu[4098],-0.032,0.036,-0.099,0.036,0.0,0.0,20751.0,5580.0,1.0
mu[4099],-0.062,0.042,-0.144,0.017,0.0,0.0,14666.0,6825.0,1.0
mu[4100],-0.048,0.037,-0.118,0.022,0.0,0.0,19328.0,6168.0,1.0
mu[4101],-0.077,0.051,-0.175,0.019,0.0,0.001,11933.0,7514.0,1.0
mu[4102],-0.066,0.045,-0.149,0.02,0.0,0.0,13451.0,6954.0,1.0
mu[4103],-0.03,0.036,-0.096,0.04,0.0,0.0,20161.0,5477.0,1.0
mu[4104],-0.021,0.038,-0.091,0.051,0.0,0.0,17662.0,5831.0,1.0
mu[4105],0.018,0.061,-0.098,0.126,0.001,0.001,10916.0,6958.0,1.0
mu[4106],-0.062,0.043,-0.145,0.016,0.0,0.0,14509.0,6764.0,1.0
mu[4107],-0.011,0.042,-0.087,0.07,0.0,0.001,14669.0,6278.0,1.0
mu[4108],-0.082,0.055,-0.182,0.025,0.001,0.001,11524.0,7628.0,1.0
mu[4109],0.042,0.079,-0.11,0.186,0.001,0.001,9774.0,7709.0,1.0
mu[4110],-0.017,0.04,-0.089,0.06,0.0,0.0,16234.0,5992.0,1.0
mu[4111],-0.032,0.036,-0.099,0.035,0.0,0.0,20789.0,5592.0,1.0
mu[4112],-0.039,0.036,-0.105,0.03,0.0,0.0,21015.0,5756.0,1.0
mu[4113],-0.049,0.037,-0.119,0.022,0.0,0.0,18946.0,6218.0,1.0
mu[4114],-0.078,0.052,-0.177,0.019,0.0,0.001,11892.0,7469.0,1.0
mu[4115],0.026,0.067,-0.101,0.147,0.001,0.001,10417.0,7536.0,1.0
mu[4116],-0.035,0.036,-0.103,0.031,0.0,0.0,21071.0,5658.0,1.0
mu[4117],-0.036,0.036,-0.104,0.03,0.0,0.0,21109.0,5575.0,1.0
mu[4118],-0.035,0.036,-0.103,0.031,0.0,0.0,21071.0,5658.0,1.0
mu[4119],-0.076,0.05,-0.173,0.018,0.0,0.001,12066.0,7552.0,1.0
mu[4120],-0.055,0.04,-0.133,0.016,0.0,0.0,17436.0,6427.0,1.0
mu[4121],-0.017,0.04,-0.091,0.056,0.0,0.0,16397.0,6014.0,1.0
mu[4122],-0.052,0.038,-0.125,0.019,0.0,0.0,18057.0,6447.0,1.0
mu[4123],-0.059,0.041,-0.143,0.013,0.0,0.0,15549.0,6647.0,1.0
mu[4124],-0.013,0.041,-0.089,0.065,0.0,0.001,15232.0,6050.0,1.0
mu[4125],-0.043,0.036,-0.114,0.021,0.0,0.0,20482.0,6024.0,1.0
mu[4126],-0.007,0.045,-0.09,0.075,0.0,0.001,13776.0,6462.0,1.0
mu[4127],-0.078,0.052,-0.177,0.019,0.0,0.001,11869.0,7469.0,1.0
mu[4128],0.006,0.052,-0.093,0.1,0.0,0.001,11951.0,6780.0,1.0
mu[4129],-0.023,0.038,-0.092,0.049,0.0,0.0,18245.0,5680.0,1.0
mu[4130],-0.021,0.038,-0.091,0.051,0.0,0.0,17801.0,5764.0,1.0
mu[4131],-0.042,0.036,-0.111,0.024,0.0,0.0,20584.0,5975.0,1.0
mu[4132],-0.015,0.041,-0.088,0.063,0.0,0.001,15651.0,6114.0,1.0
mu[4133],-0.042,0.036,-0.111,0.024,0.0,0.0,20584.0,5975.0,1.0
mu[4134],-0.021,0.038,-0.091,0.051,0.0,0.0,17801.0,5764.0,1.0
mu[4135],0.006,0.052,-0.09,0.105,0.0,0.001,11889.0,6841.0,1.0
mu[4136],-0.063,0.043,-0.144,0.02,0.0,0.0,14194.0,6760.0,1.0
mu[4137],-0.063,0.043,-0.144,0.02,0.0,0.0,14194.0,6760.0,1.0
mu[4138],-0.035,0.036,-0.103,0.031,0.0,0.0,21076.0,5658.0,1.0
mu[4139],-0.038,0.036,-0.107,0.028,0.0,0.0,21110.0,5607.0,1.0
mu[4140],-0.026,0.037,-0.095,0.044,0.0,0.0,19074.0,5496.0,1.0
mu[4141],-0.025,0.037,-0.094,0.044,0.0,0.0,19026.0,5496.0,1.0
mu[4142],-0.056,0.04,-0.135,0.015,0.0,0.0,16957.0,6508.0,1.0
mu[4143],-0.033,0.036,-0.099,0.035,0.0,0.0,20856.0,5612.0,1.0
mu[4144],-0.077,0.051,-0.175,0.019,0.0,0.001,11933.0,7514.0,1.0
mu[4145],-0.063,0.043,-0.144,0.02,0.0,0.0,14194.0,6760.0,1.0
mu[4146],-0.042,0.036,-0.111,0.024,0.0,0.0,20584.0,5975.0,1.0
mu[4147],-0.069,0.046,-0.16,0.016,0.0,0.0,12777.0,7222.0,1.0
mu[4148],-0.008,0.044,-0.089,0.074,0.0,0.001,13947.0,6355.0,1.0
mu[4149],-0.001,0.048,-0.088,0.09,0.0,0.001,12747.0,6662.0,1.0
mu[4150],-0.051,0.038,-0.123,0.019,0.0,0.0,18527.0,6239.0,1.0
mu[4151],-0.049,0.038,-0.119,0.022,0.0,0.0,18883.0,6167.0,1.0
mu[4152],-0.028,0.036,-0.094,0.042,0.0,0.0,19891.0,5558.0,1.0
mu[4153],-0.021,0.038,-0.091,0.051,0.0,0.0,17801.0,5764.0,1.0
mu[4154],-0.077,0.051,-0.175,0.019,0.0,0.001,11933.0,7514.0,1.0
mu[4155],-0.076,0.05,-0.173,0.018,0.0,0.001,12066.0,7552.0,1.0
mu[4156],0.046,0.083,-0.111,0.199,0.001,0.001,9647.0,7689.0,1.0
mu[4157],-0.021,0.038,-0.091,0.051,0.0,0.0,17801.0,5764.0,1.0
mu[4158],-0.072,0.048,-0.167,0.017,0.0,0.0,12398.0,7514.0,1.0
mu[4159],-0.059,0.041,-0.142,0.013,0.0,0.0,15700.0,6589.0,1.0
mu[4160],-0.086,0.057,-0.191,0.026,0.001,0.001,11304.0,7745.0,1.0
mu[4161],-0.056,0.04,-0.135,0.015,0.0,0.0,16957.0,6508.0,1.0
mu[4162],0.013,0.057,-0.094,0.119,0.001,0.001,11245.0,7162.0,1.0
mu[4163],-0.031,0.036,-0.098,0.037,0.0,0.0,20466.0,5478.0,1.0
mu[4164],-0.038,0.036,-0.109,0.026,0.0,0.0,21118.0,5710.0,1.0
mu[4165],-0.069,0.046,-0.159,0.016,0.0,0.0,12875.0,7280.0,1.0
mu[4166],-0.008,0.044,-0.088,0.073,0.0,0.001,14127.0,6383.0,1.0
mu[4167],-0.021,0.038,-0.091,0.051,0.0,0.0,17801.0,5764.0,1.0
mu[4168],-0.028,0.036,-0.094,0.042,0.0,0.0,19891.0,5558.0,1.0
mu[4169],-0.063,0.043,-0.144,0.02,0.0,0.0,14194.0,6760.0,1.0
mu[4170],-0.083,0.056,-0.185,0.025,0.001,0.001,11460.0,7667.0,1.0
mu[4171],-0.073,0.049,-0.167,0.018,0.0,0.0,12313.0,7440.0,1.0
mu[4172],-0.007,0.044,-0.09,0.074,0.0,0.001,13788.0,6462.0,1.0
mu[4173],-0.082,0.054,-0.181,0.025,0.001,0.001,11586.0,7629.0,1.0
mu[4174],-0.05,0.038,-0.121,0.021,0.0,0.0,18647.0,6264.0,1.0
mu[4175],-0.022,0.038,-0.092,0.049,0.0,0.0,18043.0,5636.0,1.0
mu[4176],-0.056,0.04,-0.135,0.015,0.0,0.0,16957.0,6508.0,1.0
mu[4177],-0.063,0.043,-0.144,0.02,0.0,0.0,14194.0,6760.0,1.0
mu[4178],-0.042,0.036,-0.111,0.024,0.0,0.0,20584.0,5975.0,1.0
mu[4179],-0.035,0.036,-0.103,0.031,0.0,0.0,21076.0,5658.0,1.0
mu[4180],-0.049,0.038,-0.119,0.022,0.0,0.0,18883.0,6167.0,1.0
mu[4181],-0.042,0.036,-0.111,0.024,0.0,0.0,20584.0,5975.0,1.0
mu[4182],-0.008,0.044,-0.089,0.074,0.0,0.001,13947.0,6355.0,1.0
mu[4183],-0.054,0.039,-0.128,0.018,0.0,0.0,18226.0,6483.0,1.0
mu[4184],-0.044,0.036,-0.115,0.021,0.0,0.0,20393.0,6047.0,1.0
mu[4185],-0.024,0.037,-0.094,0.047,0.0,0.0,18491.0,5637.0,1.0
mu[4186],-0.074,0.05,-0.171,0.017,0.0,0.001,12197.0,7441.0,1.0
mu[4187],-0.052,0.038,-0.124,0.019,0.0,0.0,18192.0,6366.0,1.0
mu[4188],-0.047,0.037,-0.118,0.02,0.0,0.0,19641.0,6095.0,1.0
mu[4189],-0.084,0.056,-0.186,0.026,0.001,0.001,11407.0,7667.0,1.0
mu[4190],-0.056,0.04,-0.135,0.015,0.0,0.0,16957.0,6508.0,1.0
sigma_obs,0.402,0.004,0.394,0.411,0.0,0.0,19175.0,5292.0,1.0
