chain,draw,energy
0,0,10198.437182513055
0,1,10165.862075301477
0,2,10205.825019426871
0,3,10216.565059973576
0,4,10222.629011500492
0,5,10225.21626165988
0,6,10259.55766073575
0,7,10195.650733873837
0,8,10204.972289611884
0,9,10212.98463378788
0,10,10194.465304128675
0,11,10186.106577333607
0,12,10184.784491190157
0,13,10193.931497153046
0,14,10226.981374198469
0,15,10223.694521396248
0,16,10202.190296093842
0,17,10236.533358626328
0,18,10223.441070280449
0,19,10222.387553150387
0,20,10180.962049397362
0,21,10205.575987213138
0,22,10213.66686266451
0,23,10211.671497448162
0,24,10175.894933205884
0,25,10169.074459169915
0,26,10185.564921937454
0,27,10183.551710018777
0,28,10182.548317879746
0,29,10172.415343512715
0,30,10179.870449821528
0,31,10187.799170610104
0,32,10218.324561085647
0,33,10232.692974926933
0,34,10207.995993060984
0,35,10205.528706043699
0,36,10216.12070865418
0,37,10214.904897085327
0,38,10206.946838855447
0,39,10165.769954026293
0,40,10162.911298100107
0,41,10177.581176224721
0,42,10205.78004925084
0,43,10187.532008197602
0,44,10216.09526745293
0,45,10193.542481074694
0,46,10193.04261671561
0,47,10216.81807736694
0,48,10235.877645679899
0,49,10203.14462886004
0,50,10213.334875844557
0,51,10222.47127243289
0,52,10197.822219400456
0,53,10216.241243190167
0,54,10256.661357538656
0,55,10241.390898862253
0,56,10230.60376986179
0,57,10228.16330114478
0,58,10187.827048309964
0,59,10163.311140104739
0,60,10179.763537899194
0,61,10199.396892696514
0,62,10219.896668680298
0,63,10229.438902420074
0,64,10163.475998711361
0,65,10184.304093440005
0,66,10176.179888196331
0,67,10156.903963414878
0,68,10182.50470839002
0,69,10182.556583901567
0,70,10181.056090629814
0,71,10202.444618133637
0,72,10191.752013412924
0,73,10235.151158819142
0,74,10192.774386538787
0,75,10168.781251828865
0,76,10189.025955310066
0,77,10200.985093942065
0,78,10219.299718238624
0,79,10192.949228699137
0,80,10185.613349821826
0,81,10163.649826907846
0,82,10155.15511263488
0,83,10140.056674834668
0,84,10139.710591634976
0,85,10176.672561663352
0,86,10163.831304940604
0,87,10199.313783707039
0,88,10167.085616741819
0,89,10212.424799718392
0,90,10227.038834880315
0,91,10225.458896360593
0,92,10202.125295654525
0,93,10176.891065977406
0,94,10185.315212840678
0,95,10181.500072067045
0,96,10207.051412234026
0,97,10189.268356891102
0,98,10213.536249645425
0,99,10179.972003016472
0,100,10205.998720879152
0,101,10216.987813675534
0,102,10246.894028662151
0,103,10259.150357804632
0,104,10229.29488078841
0,105,10238.972672569465
0,106,10222.337685394017
0,107,10172.638916002172
0,108,10257.91178201239
0,109,10281.145875479178
0,110,10243.518170752895
0,111,10248.038143847738
0,112,10228.218242367846
0,113,10213.342048945342
0,114,10176.764990166275
0,115,10207.275843255184
0,116,10209.761614314502
0,117,10199.32208674274
0,118,10212.197813298359
0,119,10196.157135015299
0,120,10214.233665434454
0,121,10234.314882622446
0,122,10247.757619959113
0,123,10241.645459531605
0,124,10212.370308868543
0,125,10206.263239856258
0,126,10235.001433951185
0,127,10234.025035630046
0,128,10235.4888703455
0,129,10222.637872943538
0,130,10221.980226045684
0,131,10211.027486060972
0,132,10186.18225990473
0,133,10232.738289866453
0,134,10221.038811029986
0,135,10219.011628673848
0,136,10213.847615634946
0,137,10185.557479352112
0,138,10224.690647595084
0,139,10254.052188142681
0,140,10243.632025038494
0,141,10231.011425314766
0,142,10228.340167323626
0,143,10248.198912668155
0,144,10225.4527941973
0,145,10234.919681887057
0,146,10206.168743653414
0,147,10202.471265431237
0,148,10204.416540794238
0,149,10180.850643233482
0,150,10180.112973430216
0,151,10161.009320230109
0,152,10147.377833066395
0,153,10139.267537692584
0,154,10158.247010473247
0,155,10154.551072101984
0,156,10152.801149072377
0,157,10198.024787689048
0,158,10181.515863669383
0,159,10179.058807955742
0,160,10185.576534412998
0,161,10216.310452749622
0,162,10190.720614946023
0,163,10206.852184007561
0,164,10239.746552468276
0,165,10213.104538749494
0,166,10219.098520694593
0,167,10209.387679436339
0,168,10200.538234854257
0,169,10179.204895570663
0,170,10182.689126697036
0,171,10187.44698261565
0,172,10202.98607275285
0,173,10213.342816612008
0,174,10224.164144313523
0,175,10224.767854972035
0,176,10187.622602529165
0,177,10160.185666602478
0,178,10214.792743058666
0,179,10250.855138435454
0,180,10201.345823258083
0,181,10216.948767391896
0,182,10185.245366096604
0,183,10168.476020949527
0,184,10179.79047445313
0,185,10177.636033845616
0,186,10184.685915789001
0,187,10204.598022465721
0,188,10175.990024565495
0,189,10213.125390653815
0,190,10208.861171025055
0,191,10259.750759484432
0,192,10225.990156386411
0,193,10202.360910437901
0,194,10202.096175737266
0,195,10215.298455236882
0,196,10241.909962005635
0,197,10224.971509135123
0,198,10219.792389414306
0,199,10225.11914819476
0,200,10181.257218576826
0,201,10169.396268225646
0,202,10181.123898228083
0,203,10198.483983337486
0,204,10202.350847202833
0,205,10191.816565537569
0,206,10209.255163387481
0,207,10209.703554330381
0,208,10223.05931606798
0,209,10214.637892241566
0,210,10198.75421090178
0,211,10241.91456898599
0,212,10228.858377184271
0,213,10215.357489629117
0,214,10177.171109554607
0,215,10151.425583155638
0,216,10207.880538858708
0,217,10227.892721575021
0,218,10179.546153626568
0,219,10178.904906810676
0,220,10189.187184075712
0,221,10163.6938976844
0,222,10176.573393473669
0,223,10186.806455681899
0,224,10185.760476164476
0,225,10221.289734620816
0,226,10225.930079736818
0,227,10219.462119107771
0,228,10206.152119306995
0,229,10195.177606169947
0,230,10193.168836041827
0,231,10204.965393322365
0,232,10222.5804408843
0,233,10180.283044725791
0,234,10179.860536298333
0,235,10161.234692919339
0,236,10165.22249584742
0,237,10184.521421399872
0,238,10189.9358535942
0,239,10185.683606310387
0,240,10204.125618306936
0,241,10204.845070859086
0,242,10164.285361022756
0,243,10165.789504059418
0,244,10207.400815089914
0,245,10219.036533855075
0,246,10170.867448493176
0,247,10138.683705978965
0,248,10158.089497364219
0,249,10186.42749572024
0,250,10196.669119315102
0,251,10201.352313952142
0,252,10213.139285198755
0,253,10177.702849331528
0,254,10174.56236538624
0,255,10166.550284801036
0,256,10190.998081501522
0,257,10173.091329129598
0,258,10166.954888640379
0,259,10180.88747206462
0,260,10181.33593582496
0,261,10173.246106785818
0,262,10199.458193476192
0,263,10175.266455728704
0,264,10172.917376873966
0,265,10175.634986057308
0,266,10191.20373031392
0,267,10198.831332161053
0,268,10200.299119102268
0,269,10198.180965079679
0,270,10208.063933345076
0,271,10212.27751904391
0,272,10248.542121481383
0,273,10241.597092138532
0,274,10225.411428939213
0,275,10197.817490561107
0,276,10187.971293209215
0,277,10204.811641242159
0,278,10169.315525745411
0,279,10183.642536521469
0,280,10182.154508434869
0,281,10194.554762170974
0,282,10170.860778184955
0,283,10186.15516351343
0,284,10177.911251059368
0,285,10167.196814608655
0,286,10188.445868481625
0,287,10202.748582003456
0,288,10219.38735223614
0,289,10226.313158918625
0,290,10218.654008517055
0,291,10189.04765949724
0,292,10196.910902309362
0,293,10198.070026566817
0,294,10183.219376140227
0,295,10176.11458122896
0,296,10164.495781073774
0,297,10145.93471202025
0,298,10197.041538645619
0,299,10209.337183527039
0,300,10241.27764936799
0,301,10221.466477924327
0,302,10199.332160114736
0,303,10179.861253016674
0,304,10156.006966266563
0,305,10182.017540948651
0,306,10219.408225286801
0,307,10200.43142946159
0,308,10200.061517100328
0,309,10216.727054760231
0,310,10269.518086526878
0,311,10208.021969401805
0,312,10197.40760128484
0,313,10178.800529536946
0,314,10203.34260279386
0,315,10213.915035415508
0,316,10224.986676502707
0,317,10221.591503475209
0,318,10224.518840980014
0,319,10221.955677731201
0,320,10225.01981002966
0,321,10215.7671761628
0,322,10220.839537467096
0,323,10253.685825752114
0,324,10240.290187089682
0,325,10203.272209962193
0,326,10191.903311288765
0,327,10212.2518119458
0,328,10219.893431832574
0,329,10200.488943023827
0,330,10185.719465495557
0,331,10188.059770922995
0,332,10218.059497175202
0,333,10247.854915264592
0,334,10254.707456555443
0,335,10256.593740733202
0,336,10244.592846484287
0,337,10229.419062595181
0,338,10211.069154843613
0,339,10207.074434538581
0,340,10177.57092308984
0,341,10188.288159028254
0,342,10225.495446779601
0,343,10193.790042544595
0,344,10157.619899002144
0,345,10174.227115165837
0,346,10191.258525969419
0,347,10195.125994141006
0,348,10175.455519691235
0,349,10173.550788555658
0,350,10206.490406714522
0,351,10199.13800347067
0,352,10224.507323296915
0,353,10222.265244575465
0,354,10229.522926129557
0,355,10221.619366462435
0,356,10228.066261104583
0,357,10193.045701430352
0,358,10171.922089546273
0,359,10189.528329319053
0,360,10200.031927515007
0,361,10216.41267800528
0,362,10230.604733138287
0,363,10199.604894157641
0,364,10211.353376195744
0,365,10207.370128523627
0,366,10219.87854211295
0,367,10239.867358903593
0,368,10236.675659208253
0,369,10244.51101686828
0,370,10225.709340513724
0,371,10223.623443348079
0,372,10218.96580365956
0,373,10217.924181255132
0,374,10231.2626281024
0,375,10199.838400151746
0,376,10176.897155699182
0,377,10187.02656164318
0,378,10175.489989686901
0,379,10159.343541095228
0,380,10184.746570243185
0,381,10221.007446378984
0,382,10198.560641887258
0,383,10204.647058263005
0,384,10223.723638371077
0,385,10194.181793595264
0,386,10201.345386518273
0,387,10191.53249736028
0,388,10208.997247124147
0,389,10225.631431238962
0,390,10176.879567771326
0,391,10190.287666174201
0,392,10164.967932660102
0,393,10187.194681935915
0,394,10206.198180986607
0,395,10192.856780188751
0,396,10214.27533026566
0,397,10183.841135744147
0,398,10186.92386534647
0,399,10177.071193367678
0,400,10162.845736997115
0,401,10153.732992418465
0,402,10198.18588460876
0,403,10186.366319314491
0,404,10200.135646210556
0,405,10179.446176846524
0,406,10211.343289162158
0,407,10223.654676984845
0,408,10219.112160407762
0,409,10213.499091339376
0,410,10209.83682658634
0,411,10212.95692780319
0,412,10202.000034649407
0,413,10193.156324737474
0,414,10182.206402896094
0,415,10177.02206535026
0,416,10222.040665963623
0,417,10237.33416153334
0,418,10217.137827202783
0,419,10238.579232956123
0,420,10226.565490464105
0,421,10203.681160574148
0,422,10188.736032637447
0,423,10181.404742712963
0,424,10174.443014702156
0,425,10207.462285549822
0,426,10217.299522415122
0,427,10214.692093419491
0,428,10225.344148192486
0,429,10220.51274850879
0,430,10188.137875503175
0,431,10197.22041131695
0,432,10207.505698973491
0,433,10183.182242562909
0,434,10210.81151603349
0,435,10201.110284302253
0,436,10253.838494348496
0,437,10243.70405491406
0,438,10273.028309906913
0,439,10248.18245975694
0,440,10214.771920494
0,441,10209.914292849871
0,442,10218.29931002352
0,443,10241.450753974503
0,444,10242.301586380227
0,445,10207.847034584223
0,446,10208.459335904143
0,447,10215.895023321955
0,448,10199.981718030873
0,449,10175.055561414048
0,450,10189.493407796459
0,451,10202.894663416166
0,452,10208.122113436519
0,453,10182.989217138502
0,454,10214.528113176166
0,455,10204.66855147703
0,456,10195.431978383136
0,457,10217.402043522425
0,458,10203.13790634533
0,459,10201.363628385261
0,460,10196.818180041211
0,461,10179.763044735888
0,462,10185.32612306279
0,463,10161.393793540388
0,464,10202.478714081539
0,465,10187.537765518491
0,466,10192.380533332727
0,467,10184.589913018684
0,468,10193.622865547495
0,469,10187.860466959408
0,470,10185.322312478935
0,471,10188.779379783133
0,472,10183.127909415187
0,473,10212.25177734684
0,474,10201.036437506214
0,475,10157.894490499739
0,476,10205.613541851051
0,477,10231.525710428274
0,478,10233.302084153005
0,479,10210.2761526362
0,480,10207.22849018084
0,481,10200.699459479982
0,482,10169.298174290545
0,483,10174.660770744538
0,484,10203.369791061934
0,485,10214.571877649976
0,486,10197.28893386287
0,487,10203.865816904721
0,488,10224.954604427292
0,489,10203.629311120623
0,490,10194.329125860877
0,491,10229.490818932614
0,492,10224.071459091208
0,493,10245.789267646402
0,494,10218.193128801711
0,495,10185.149269202924
0,496,10223.29612005299
0,497,10209.72928071902
0,498,10190.289638799633
0,499,10174.315061035404
0,500,10162.944237292113
0,501,10172.014072014268
0,502,10197.265591323145
0,503,10210.60270306819
0,504,10199.762978461855
0,505,10176.532720351288
0,506,10153.736052028822
0,507,10180.14046546965
0,508,10150.734938474718
0,509,10182.25871579222
0,510,10179.239736029076
0,511,10180.666999769244
0,512,10197.460166869058
0,513,10234.736595887973
0,514,10254.113234864952
0,515,10247.595432098486
0,516,10255.34220937472
0,517,10203.479012828777
0,518,10238.922071188928
0,519,10243.571915622253
0,520,10210.83136446366
0,521,10223.650216237967
0,522,10205.619699029681
0,523,10213.293236921212
0,524,10219.6192977613
0,525,10213.157414065308
0,526,10210.961660471572
0,527,10216.846509059358
0,528,10224.563010672753
0,529,10208.140495156242
0,530,10214.807911164267
0,531,10166.824493062284
0,532,10145.526797177154
0,533,10150.751424620568
0,534,10179.778021158447
0,535,10182.059533990161
0,536,10188.568481022872
0,537,10167.509253560049
0,538,10152.560859777177
0,539,10191.954232292634
0,540,10207.181173359364
0,541,10212.378856682682
0,542,10193.122031318662
0,543,10176.928844513683
0,544,10158.413134161006
0,545,10194.77370649912
0,546,10221.283876004247
0,547,10221.152327269412
0,548,10205.574226421915
0,549,10204.889156757772
0,550,10194.892134276426
0,551,10189.090816273556
0,552,10223.532540657665
0,553,10212.199067142084
0,554,10242.09098324545
0,555,10196.906513341923
0,556,10189.642386580732
0,557,10205.608374810954
0,558,10191.664261258928
0,559,10183.779293259327
0,560,10235.263994657143
0,561,10235.349165527323
0,562,10217.739209285146
0,563,10172.279874566777
0,564,10184.338665828358
0,565,10167.883456281268
0,566,10173.005196418711
0,567,10154.300927000982
0,568,10172.199520920263
0,569,10177.652147917544
0,570,10208.57071014513
0,571,10207.469256726275
0,572,10217.645939301792
0,573,10235.21407489264
0,574,10207.197113209655
0,575,10225.589041973402
0,576,10217.20900623803
0,577,10219.087484297948
0,578,10194.134113179298
0,579,10165.607241868078
0,580,10169.140351905658
0,581,10190.132252018722
0,582,10231.05144899812
0,583,10181.822402092906
0,584,10223.21138708794
0,585,10205.273882074747
0,586,10190.326298944445
0,587,10193.642196634433
0,588,10201.936821584486
0,589,10190.635559854225
0,590,10200.50058309526
0,591,10186.297408561639
0,592,10199.041047287788
0,593,10191.110828693552
0,594,10219.834532481642
0,595,10220.986985642983
0,596,10220.458216617919
0,597,10233.841480621775
0,598,10209.886880926017
0,599,10216.179485076282
0,600,10207.150118682388
0,601,10224.607899747896
0,602,10230.524499460498
0,603,10233.592405795793
0,604,10218.906592332574
0,605,10260.925891728622
0,606,10240.757375819172
0,607,10226.14958647075
0,608,10193.432559987683
0,609,10177.831141897334
0,610,10192.601105431708
0,611,10177.426284388812
0,612,10163.207099508785
0,613,10154.238933269273
0,614,10238.198823957362
0,615,10252.713311273608
0,616,10209.073780098384
0,617,10193.511658000685
0,618,10211.69071519664
0,619,10203.646396979093
0,620,10193.944071627478
0,621,10191.588025414547
0,622,10220.989563315175
0,623,10216.901249559996
0,624,10222.156696425356
0,625,10197.981194269161
0,626,10161.529948890227
0,627,10189.600544247744
0,628,10171.292573965242
0,629,10178.999394554936
0,630,10176.564697165571
0,631,10178.89296159733
0,632,10203.094261951437
0,633,10215.699502132853
0,634,10210.47401012254
0,635,10201.530992944543
0,636,10186.6302027615
0,637,10163.615373663717
0,638,10201.377149662636
0,639,10210.50447449138
0,640,10182.640882976668
0,641,10179.621982601988
0,642,10204.12823782175
0,643,10217.858198151449
0,644,10209.269465950307
0,645,10218.302794043822
0,646,10237.621359199145
0,647,10236.752417398413
0,648,10211.318344570596
0,649,10200.239524604352
0,650,10205.5053881798
0,651,10196.17379471594
0,652,10176.724347238325
0,653,10196.586361859068
0,654,10206.995510589652
0,655,10217.512253383073
0,656,10268.440018148629
0,657,10238.949294800332
0,658,10238.605766333238
0,659,10238.338439809668
0,660,10230.683714886138
0,661,10181.5381715114
0,662,10217.23059919483
0,663,10214.20382557656
0,664,10213.909474453209
0,665,10225.788197129197
0,666,10202.122119163
0,667,10176.555961019583
0,668,10206.384737721437
0,669,10188.315930566147
0,670,10220.3033910288
0,671,10192.588371035015
0,672,10204.537994520575
0,673,10153.64253157263
0,674,10155.129029863272
0,675,10158.235031346592
0,676,10169.488389380644
0,677,10159.713970791881
0,678,10213.87927153633
0,679,10165.300475187734
0,680,10154.1611670647
0,681,10183.16506710881
0,682,10183.693702654187
0,683,10156.637534520807
0,684,10202.281163324971
0,685,10203.288368877345
0,686,10212.808425161322
0,687,10213.147484344261
0,688,10189.601466298423
0,689,10221.65089821567
0,690,10181.641988431185
0,691,10178.576197141394
0,692,10211.803064247197
0,693,10186.933263219895
0,694,10177.064223597503
0,695,10188.36256968934
0,696,10194.860572511227
0,697,10208.759114662638
0,698,10204.985431389485
0,699,10163.079249260723
0,700,10188.945201427327
0,701,10198.837755670338
0,702,10205.143017029537
0,703,10206.202207363436
0,704,10180.768318093165
0,705,10201.59108302357
0,706,10197.11809174893
0,707,10171.88263742321
0,708,10204.622567674322
0,709,10254.007893037247
0,710,10235.978144396566
0,711,10250.82798872374
0,712,10232.026732556185
0,713,10211.99121601245
0,714,10197.753201593283
0,715,10222.324922930655
0,716,10209.496798892695
0,717,10215.898596584182
0,718,10205.794260724215
0,719,10178.661929510296
0,720,10186.92408320688
0,721,10192.789561592868
0,722,10186.415419936551
0,723,10193.561174249178
0,724,10176.296625977455
0,725,10159.545333157004
0,726,10186.479434491956
0,727,10225.471548674424
0,728,10223.623726574593
0,729,10235.986359917537
0,730,10210.366423818286
0,731,10232.66026394513
0,732,10183.580673689066
0,733,10198.480922872104
0,734,10220.30787122162
0,735,10207.169062399762
0,736,10193.680632453956
0,737,10193.673545298205
0,738,10182.296886359574
0,739,10212.237308778196
0,740,10201.896964872385
0,741,10201.248645790676
0,742,10176.408322621559
0,743,10200.12742001446
0,744,10194.635542509877
0,745,10196.242538801636
0,746,10185.79136438489
0,747,10203.465944078875
0,748,10230.13884175749
0,749,10212.400584825902
0,750,10220.275541716677
0,751,10200.776719727915
0,752,10216.948292956473
0,753,10232.178998507334
0,754,10218.255548924148
0,755,10219.798799576924
0,756,10202.659797369974
0,757,10207.104450676863
0,758,10187.256212306125
0,759,10175.054322952432
0,760,10187.712292810886
0,761,10219.617333943954
0,762,10219.904277201447
0,763,10167.031979923606
0,764,10158.397454424616
0,765,10203.594945762901
0,766,10191.340736211718
0,767,10185.041445367577
0,768,10190.694644597977
0,769,10161.943876221276
0,770,10189.70488279187
0,771,10174.862445169718
0,772,10194.354358899554
0,773,10218.887620765629
0,774,10223.787191110243
0,775,10229.957759161438
0,776,10234.767263365216
0,777,10250.733093200219
0,778,10183.2120508206
0,779,10201.120439525577
0,780,10189.35315912896
0,781,10182.404471280592
0,782,10172.348897983411
0,783,10164.986582371006
0,784,10182.40943939351
0,785,10166.050525645393
0,786,10171.82403514122
0,787,10182.869338034778
0,788,10195.31539422803
0,789,10184.909907324487
0,790,10202.229831046236
0,791,10191.132536504201
0,792,10185.378092431332
0,793,10173.781358737353
0,794,10181.15651379314
0,795,10193.545305398206
0,796,10133.384124975724
0,797,10172.297260329076
0,798,10192.98283354284
0,799,10181.559885500286
0,800,10208.246888249805
0,801,10190.13877561857
0,802,10205.671771137302
0,803,10222.000194859087
0,804,10172.139032215924
0,805,10169.415741984163
0,806,10168.940463283225
0,807,10167.071937492363
0,808,10220.547124522947
0,809,10213.355647012277
0,810,10167.5825838294
0,811,10214.598429306845
0,812,10167.884056221625
0,813,10176.460889439617
0,814,10195.18249808396
0,815,10205.394192238453
0,816,10228.080495298145
0,817,10224.778705440438
0,818,10216.695192801039
0,819,10219.376041635478
0,820,10213.268397953272
0,821,10190.138208918976
0,822,10192.731068136449
0,823,10201.585589914579
0,824,10190.642375513558
0,825,10208.35604808472
0,826,10210.373916011495
0,827,10217.719546394304
0,828,10164.87171863973
0,829,10201.312878490782
0,830,10183.045089190207
0,831,10199.546531609298
0,832,10197.055964983812
0,833,10206.968483417877
0,834,10183.021355812012
0,835,10174.160092301037
0,836,10196.06196895542
0,837,10205.417544389602
0,838,10168.006135300297
0,839,10194.940190814259
0,840,10210.702138627248
0,841,10245.738244759896
0,842,10254.501441042401
0,843,10258.564402804026
0,844,10208.838849108339
0,845,10206.270066467247
0,846,10189.155542732742
0,847,10188.368396719463
0,848,10210.23162292758
0,849,10189.069276946833
0,850,10182.427952415506
0,851,10186.209524595599
0,852,10201.203784327918
0,853,10222.751609852188
0,854,10206.189240977477
0,855,10251.661593982728
0,856,10200.859023108933
0,857,10202.048860579884
0,858,10179.286448933362
0,859,10148.271956956552
0,860,10138.788771120611
0,861,10103.89320357291
0,862,10140.787767541131
0,863,10156.957483448332
0,864,10154.512982145872
0,865,10169.145243480096
0,866,10177.427842800373
0,867,10197.35460539116
0,868,10223.181111569165
0,869,10219.989287352111
0,870,10189.804102137565
0,871,10222.170029608995
0,872,10299.87046898211
0,873,10270.32908971917
0,874,10276.584381620314
0,875,10233.118484786599
0,876,10223.273062467826
0,877,10246.640726876934
0,878,10219.77508327781
0,879,10206.520949163349
0,880,10199.34273944381
0,881,10219.196610262468
0,882,10205.298177530807
0,883,10203.320845134887
0,884,10237.560674394794
0,885,10263.216525491114
0,886,10249.162412686963
0,887,10237.987456965133
0,888,10186.294967147569
0,889,10207.734259120421
0,890,10237.154266835987
0,891,10210.989895709637
0,892,10203.734592774343
0,893,10229.323290289483
0,894,10208.39171772228
0,895,10198.442075874878
0,896,10244.23272808874
0,897,10222.853700310767
0,898,10192.068124149198
0,899,10201.308498275572
0,900,10226.342573965354
0,901,10219.82488719268
0,902,10198.76734148923
0,903,10166.885699811803
0,904,10200.139807866555
0,905,10171.786486566349
0,906,10198.790570247049
0,907,10195.05124758675
0,908,10203.697863712307
0,909,10202.112934913464
0,910,10234.034205576765
0,911,10237.799218163225
0,912,10234.872641554679
0,913,10253.675714132378
0,914,10273.40636933173
0,915,10262.926527346277
0,916,10219.277019816642
0,917,10210.733524702515
0,918,10252.10751667754
0,919,10236.194307570435
0,920,10226.1352599555
0,921,10245.633444803365
0,922,10204.446062319072
0,923,10192.91155079114
0,924,10186.561575222991
0,925,10216.49916800455
0,926,10244.182263958379
0,927,10244.038419766386
0,928,10240.390772930672
0,929,10212.04314269566
0,930,10198.987889983138
0,931,10170.421531434311
0,932,10200.043563227988
0,933,10185.196313650455
0,934,10183.848368608722
0,935,10202.037627603997
0,936,10221.112913832478
0,937,10192.75237044238
0,938,10173.416646431839
0,939,10181.103199961766
0,940,10179.65353596421
0,941,10195.346465354038
0,942,10189.181077865325
0,943,10203.87674532923
0,944,10163.403445457752
0,945,10157.353859497784
0,946,10184.862085511004
0,947,10201.042029039963
0,948,10205.598161734804
0,949,10194.618734155118
0,950,10193.69306873788
0,951,10178.582885622523
0,952,10227.580405004775
0,953,10240.988964665845
0,954,10222.284971226296
0,955,10190.242659864312
0,956,10203.9265274297
0,957,10213.376602514429
0,958,10155.706710528608
0,959,10200.151014129144
0,960,10195.212498159099
0,961,10182.22801470919
0,962,10216.515411893584
0,963,10206.267592143835
0,964,10220.317629061157
0,965,10226.052307538379
0,966,10217.217722197298
0,967,10231.37656414205
0,968,10232.670262851907
0,969,10224.318259130156
0,970,10224.271098142342
0,971,10209.946188451742
0,972,10186.128145669485
0,973,10211.562847085606
0,974,10206.605394063192
0,975,10226.000642870245
0,976,10268.938879809235
0,977,10243.942584608625
0,978,10217.8389622425
0,979,10213.624957398362
0,980,10198.585718303351
0,981,10155.021534298177
0,982,10160.30185479052
0,983,10147.205575261754
0,984,10174.856846898461
0,985,10180.470019837438
0,986,10185.691496126597
0,987,10215.665012344713
0,988,10186.795087212573
0,989,10182.788471745895
0,990,10186.855058367617
0,991,10191.270493892747
0,992,10196.048046175485
0,993,10178.688372503992
0,994,10189.523188718502
0,995,10201.150038237241
0,996,10186.652511214912
0,997,10172.796874937983
0,998,10187.39949513433
0,999,10175.427884624536
0,1000,10162.363931592745
0,1001,10187.490113345339
0,1002,10180.81160376714
0,1003,10125.860105530868
0,1004,10169.13853567717
0,1005,10219.654724437349
0,1006,10180.653147064711
0,1007,10195.644326113506
0,1008,10195.484452301716
0,1009,10217.714630884882
0,1010,10186.839119399028
0,1011,10189.56142025464
0,1012,10177.69034861592
0,1013,10196.250648133837
0,1014,10217.471314139935
0,1015,10167.351104325182
0,1016,10198.835736984274
0,1017,10214.035445740903
0,1018,10195.018952426042
0,1019,10191.331721415641
0,1020,10219.66267951983
0,1021,10231.90895393166
0,1022,10196.534821802625
0,1023,10202.148860595351
0,1024,10183.174081592535
0,1025,10168.85927020365
0,1026,10188.789371031267
0,1027,10189.334968101679
0,1028,10204.288431765173
0,1029,10221.657692728271
0,1030,10216.118821390606
0,1031,10213.597779823118
0,1032,10207.91613816278
0,1033,10190.098633160569
0,1034,10150.416855842906
0,1035,10187.64261915767
0,1036,10187.658926586475
0,1037,10204.306358764603
0,1038,10187.404992375286
0,1039,10193.45696451622
0,1040,10213.476532219616
0,1041,10183.130173370217
0,1042,10169.213964853489
0,1043,10171.066708482214
0,1044,10211.30424455087
0,1045,10221.045981417066
0,1046,10231.383045772176
0,1047,10248.037982814003
0,1048,10234.904249611842
0,1049,10256.875752071539
0,1050,10246.465639871376
0,1051,10251.03604238328
0,1052,10218.349240937567
0,1053,10205.852774783081
0,1054,10228.58087683509
0,1055,10218.709430352104
0,1056,10216.88506392484
0,1057,10215.464054634971
0,1058,10212.29773385178
0,1059,10222.021339044963
0,1060,10205.383361877022
0,1061,10164.88175895141
0,1062,10179.719029305552
0,1063,10196.597087034908
0,1064,10183.447695816196
0,1065,10189.746335340446
0,1066,10192.460901584398
0,1067,10192.81801195001
0,1068,10188.889290131798
0,1069,10170.101047103266
0,1070,10197.227078248428
0,1071,10202.974272662523
0,1072,10227.509549570876
0,1073,10254.846984138767
0,1074,10248.63196472478
0,1075,10287.825784292878
0,1076,10272.22252844973
0,1077,10229.497177825382
0,1078,10231.428677943279
0,1079,10226.041358154678
0,1080,10243.308406425778
0,1081,10256.740905813134
0,1082,10251.017503677935
0,1083,10232.502346888617
0,1084,10233.202090518223
0,1085,10252.365317971946
0,1086,10215.060908424093
0,1087,10225.69716326658
0,1088,10239.29977750505
0,1089,10210.842953558209
0,1090,10232.804136447374
0,1091,10231.258211057715
0,1092,10203.69052841436
0,1093,10202.833669055104
0,1094,10188.749037807613
0,1095,10198.538239754173
0,1096,10228.183074312672
0,1097,10199.556363267662
0,1098,10218.385240112348
0,1099,10222.740330764418
0,1100,10189.660749036782
0,1101,10176.51637699923
0,1102,10184.306983108912
0,1103,10200.439974402485
0,1104,10208.819326315319
0,1105,10201.211233759692
0,1106,10210.41121579198
0,1107,10238.534367967146
0,1108,10202.227052772892
0,1109,10174.400011491656
0,1110,10178.540075043771
0,1111,10177.405138470014
0,1112,10179.979148220144
0,1113,10201.968065272411
0,1114,10224.79374901578
0,1115,10191.199562500477
0,1116,10190.586379588307
0,1117,10172.027019325273
0,1118,10192.54571002376
0,1119,10154.093892088169
0,1120,10164.048914377468
0,1121,10231.169016904352
0,1122,10195.3869960107
0,1123,10202.341110202451
0,1124,10213.037814083154
0,1125,10197.237821663688
0,1126,10224.53037275454
0,1127,10215.163320824513
0,1128,10211.074117458431
0,1129,10204.899991718843
0,1130,10208.905778471855
0,1131,10232.499923636049
0,1132,10239.85350774252
0,1133,10228.180621629253
0,1134,10205.847773171798
0,1135,10144.845485537184
0,1136,10154.119940347498
0,1137,10166.944958710696
0,1138,10199.258256072242
0,1139,10197.751944362497
0,1140,10207.901508006318
0,1141,10185.069536986275
0,1142,10196.162482238922
0,1143,10203.60210636616
0,1144,10200.633299107823
0,1145,10208.490948853754
0,1146,10224.578277821453
0,1147,10211.504458034602
0,1148,10246.470711806014
0,1149,10222.111029370737
0,1150,10228.660243835393
0,1151,10186.92357575492
0,1152,10186.417053011066
0,1153,10152.297240170166
0,1154,10140.42077106506
0,1155,10185.1700706577
0,1156,10173.56879351003
0,1157,10189.232495166172
0,1158,10215.585549730664
0,1159,10208.582606186772
0,1160,10203.188346267898
0,1161,10188.665912725097
0,1162,10209.795858671523
0,1163,10190.921512135685
0,1164,10209.775703099065
0,1165,10194.561672859827
0,1166,10242.217416655561
0,1167,10236.469404367603
0,1168,10223.04652350684
0,1169,10227.861387613038
0,1170,10224.028269206525
0,1171,10204.638420237761
0,1172,10194.630934279774
0,1173,10197.178435527429
0,1174,10143.307118338318
0,1175,10171.764848359895
0,1176,10178.774186916833
0,1177,10171.171642652407
0,1178,10204.38464441934
0,1179,10215.007176472742
0,1180,10208.092282269541
0,1181,10192.596260897073
0,1182,10217.20997759088
0,1183,10205.831364958301
0,1184,10188.618085274169
0,1185,10218.194105979517
0,1186,10177.21018343346
0,1187,10188.834083936348
0,1188,10190.438840378289
0,1189,10191.006872138776
0,1190,10200.358654099584
0,1191,10210.818063807728
0,1192,10225.061545357756
0,1193,10237.705073968571
0,1194,10255.293659711999
0,1195,10233.825754812464
0,1196,10232.312836951609
0,1197,10240.545528743882
0,1198,10221.790098396388
0,1199,10230.51738234343
0,1200,10232.244356121875
0,1201,10195.448403297023
0,1202,10213.142056944744
0,1203,10201.33795320778
0,1204,10228.878113893146
0,1205,10248.235807598465
0,1206,10224.685022165591
0,1207,10207.64820803662
0,1208,10186.71357158976
0,1209,10205.304262102658
0,1210,10190.618768845174
0,1211,10182.319410537188
0,1212,10191.230694588021
0,1213,10177.439923739435
0,1214,10172.537722389183
0,1215,10174.82735736718
0,1216,10172.483458062143
0,1217,10178.7509003374
0,1218,10176.088711045182
0,1219,10190.899371933554
0,1220,10175.986143913558
0,1221,10211.633842914724
0,1222,10214.185041546392
0,1223,10178.057460374095
0,1224,10188.20813177642
0,1225,10188.416088084023
0,1226,10175.138231896943
0,1227,10165.296104615207
0,1228,10174.577550332579
0,1229,10171.113308386546
0,1230,10174.235896034977
0,1231,10188.712758530595
0,1232,10218.400964213934
0,1233,10215.462962696303
0,1234,10193.341105495674
0,1235,10224.766857578366
0,1236,10213.981213565887
0,1237,10189.329174230732
0,1238,10190.777417863701
0,1239,10223.299191727476
0,1240,10199.57431034735
0,1241,10241.57305636159
0,1242,10209.504887740928
0,1243,10225.31909682255
0,1244,10217.227642550917
0,1245,10201.279415880184
0,1246,10234.239679500888
0,1247,10233.105249196447
0,1248,10243.203405669956
0,1249,10178.676692261903
0,1250,10179.663542833401
0,1251,10188.436330673283
0,1252,10190.20768308617
0,1253,10185.805811571021
0,1254,10190.057911367587
0,1255,10248.097136238552
0,1256,10228.073620638253
0,1257,10228.929930871036
0,1258,10200.971023820865
0,1259,10189.348868399153
0,1260,10230.945635543067
0,1261,10238.109246777103
0,1262,10214.66245019715
0,1263,10217.939197360027
0,1264,10232.799862814716
0,1265,10201.637624930736
0,1266,10235.306100086607
0,1267,10221.651199836077
0,1268,10236.012749089574
0,1269,10239.553771141938
0,1270,10227.387333422705
0,1271,10194.223801514896
0,1272,10199.418443364324
0,1273,10215.158797168897
0,1274,10209.485069049793
0,1275,10199.035115488547
0,1276,10220.927508523442
0,1277,10181.795593789922
0,1278,10188.104994796586
0,1279,10194.663470916017
0,1280,10196.868208486143
0,1281,10217.614093438346
0,1282,10203.221657448763
0,1283,10214.810558437395
0,1284,10219.953674040407
0,1285,10222.137875946823
0,1286,10202.33654970308
0,1287,10258.241772381245
0,1288,10243.409083216347
0,1289,10219.37982159229
0,1290,10203.473469025183
0,1291,10218.530884267884
0,1292,10223.148245254757
0,1293,10211.171824721088
0,1294,10213.729818580172
0,1295,10214.041722119691
0,1296,10179.013184586714
0,1297,10168.80727599838
0,1298,10207.300269420393
0,1299,10184.922720661873
0,1300,10161.225005149234
0,1301,10152.645839965
0,1302,10186.628632548589
0,1303,10211.942493461856
0,1304,10214.0750783387
0,1305,10203.542920219143
0,1306,10200.86755773758
0,1307,10214.930378876574
0,1308,10187.769442510786
0,1309,10189.971078556013
0,1310,10207.078379839977
0,1311,10202.660591955206
0,1312,10210.133379193732
0,1313,10247.476880346476
0,1314,10202.342347971624
0,1315,10192.162974858802
0,1316,10190.26720996937
0,1317,10234.83690931111
0,1318,10232.214221401602
0,1319,10204.40772411793
0,1320,10215.634850361432
0,1321,10217.708950078808
0,1322,10210.895557458756
0,1323,10216.395736516639
0,1324,10209.809477271752
0,1325,10187.922153864525
0,1326,10209.04028063563
0,1327,10238.001290045284
0,1328,10222.098029899984
0,1329,10227.312910017512
0,1330,10269.168981281915
0,1331,10210.76365302501
0,1332,10165.063205217166
0,1333,10196.984102336904
0,1334,10197.097917490353
0,1335,10183.24513716734
0,1336,10197.848166476697
0,1337,10196.024522401744
0,1338,10190.32733902912
0,1339,10206.998072060187
0,1340,10276.991668860781
0,1341,10242.26357576846
0,1342,10222.43365945046
0,1343,10196.424661140336
0,1344,10178.958310143607
0,1345,10185.453228408842
0,1346,10194.45364338188
0,1347,10183.101328544322
0,1348,10200.757956925409
0,1349,10176.435593411537
0,1350,10195.826845473455
0,1351,10186.87988354603
0,1352,10201.751032863524
0,1353,10209.510971478448
0,1354,10199.172800258031
0,1355,10202.498246658171
0,1356,10182.022226643921
0,1357,10194.066663902877
0,1358,10224.011302936338
0,1359,10232.57857002956
0,1360,10246.217202454167
0,1361,10204.795468131393
0,1362,10211.013512722624
0,1363,10232.697944495105
0,1364,10208.932624434168
0,1365,10184.460839599054
0,1366,10174.506090743977
0,1367,10164.234380580838
0,1368,10151.496930374995
0,1369,10179.28254133577
0,1370,10168.73379422035
0,1371,10200.290744532269
0,1372,10194.415316319426
0,1373,10185.035214224587
0,1374,10211.34964856724
0,1375,10189.328335297547
0,1376,10225.417001018193
0,1377,10241.667114854268
0,1378,10222.8121369366
0,1379,10189.448872957357
0,1380,10202.858927577068
0,1381,10191.450945019149
0,1382,10245.293373456607
0,1383,10233.058129068635
0,1384,10222.017871834147
0,1385,10226.250119131755
0,1386,10216.811868321349
0,1387,10209.576135490877
0,1388,10211.257070872889
0,1389,10209.871072664972
0,1390,10192.313320707577
0,1391,10188.410021816573
0,1392,10210.548267321441
0,1393,10217.700844151876
0,1394,10199.41833508367
0,1395,10195.855802761062
0,1396,10223.674787488142
0,1397,10190.361280916819
0,1398,10231.132639293815
0,1399,10251.252438851863
0,1400,10209.612841042712
0,1401,10197.211160170764
0,1402,10197.442152533073
0,1403,10173.61829167576
0,1404,10187.27538066136
0,1405,10220.349396968395
0,1406,10205.630280638585
0,1407,10186.89953192715
0,1408,10163.053225375239
0,1409,10196.450707602507
0,1410,10172.433623787976
0,1411,10168.34519118896
0,1412,10242.565799739408
0,1413,10206.75483846558
0,1414,10178.476302666262
0,1415,10207.880976678387
0,1416,10217.812341906014
0,1417,10184.282391016708
0,1418,10201.190292899915
0,1419,10203.668691440202
0,1420,10211.424199994246
0,1421,10191.304797949733
0,1422,10171.189034779833
0,1423,10186.020213630176
0,1424,10179.99248820427
0,1425,10187.022469121886
0,1426,10210.817145263023
0,1427,10189.941678645126
0,1428,10175.295343305726
0,1429,10172.985999256962
0,1430,10170.377460863392
0,1431,10236.368688333969
0,1432,10216.256620779874
0,1433,10182.67576747339
0,1434,10208.667089568307
0,1435,10208.329288196368
0,1436,10214.82392439605
0,1437,10230.106479344155
0,1438,10241.225259974133
0,1439,10189.481298660108
0,1440,10203.737172001805
0,1441,10180.71200147273
0,1442,10208.98910710623
0,1443,10257.108519948237
0,1444,10255.428548731026
0,1445,10252.945202168004
0,1446,10209.915525596029
0,1447,10173.551926876264
0,1448,10154.475683952998
0,1449,10182.206475095863
0,1450,10177.84423033371
0,1451,10213.033969174574
0,1452,10195.077875271034
0,1453,10200.50072913775
0,1454,10189.285561359255
0,1455,10228.125426506464
0,1456,10189.24900429792
0,1457,10205.11584688016
0,1458,10217.222931590575
0,1459,10211.279923421303
0,1460,10244.236415419588
0,1461,10248.389386937319
0,1462,10220.63232081764
0,1463,10172.062571077411
0,1464,10189.842645076305
0,1465,10179.647997329695
0,1466,10197.602082460851
0,1467,10206.383043848324
0,1468,10179.07236945094
0,1469,10216.152920527215
0,1470,10214.519322329728
0,1471,10179.642982777568
0,1472,10187.604020062967
0,1473,10203.903942945502
0,1474,10199.001797073777
0,1475,10182.744038228542
0,1476,10186.523771243372
0,1477,10201.06705400169
0,1478,10198.880021095134
0,1479,10222.578985419168
0,1480,10224.498688667576
0,1481,10204.707095777532
0,1482,10208.387730422082
0,1483,10201.834516820078
0,1484,10218.750660913222
0,1485,10212.040270005919
0,1486,10219.111698047214
0,1487,10231.390411474033
0,1488,10225.440286644955
0,1489,10239.085430112647
0,1490,10254.977165857734
0,1491,10206.614093219865
0,1492,10215.642685094146
0,1493,10208.34069757959
0,1494,10210.722035017267
0,1495,10253.015227967584
0,1496,10248.289218196569
0,1497,10241.164290419261
0,1498,10202.725710884273
0,1499,10221.148690328015
0,1500,10218.434238780677
0,1501,10207.15003774297
0,1502,10215.567800533256
0,1503,10186.30352935472
0,1504,10193.373207730234
0,1505,10199.290141646417
0,1506,10185.147564301406
0,1507,10202.541218819913
0,1508,10230.398268474568
0,1509,10209.985513767255
0,1510,10240.437083148203
0,1511,10222.996097930743
0,1512,10203.543438398292
0,1513,10209.126085711014
0,1514,10218.979614602258
0,1515,10189.637153138967
0,1516,10206.26063645654
0,1517,10200.220001114383
0,1518,10208.164014927897
0,1519,10195.282045684378
0,1520,10158.273702570257
0,1521,10174.296207320274
0,1522,10208.937037545811
0,1523,10222.029024031342
0,1524,10179.969050973426
0,1525,10161.573600712283
0,1526,10197.741004527843
0,1527,10235.153755680065
0,1528,10205.508235111718
0,1529,10212.364373584152
0,1530,10196.646312452396
0,1531,10194.746982679637
0,1532,10230.452636411828
0,1533,10206.831110426934
0,1534,10187.6156140134
0,1535,10192.734755312329
0,1536,10142.14643924752
0,1537,10180.782609229344
0,1538,10173.963452213147
0,1539,10162.891788763996
0,1540,10201.662843421242
0,1541,10171.295978391965
0,1542,10190.707880123977
0,1543,10195.216172234157
0,1544,10207.235331462398
0,1545,10240.35540145244
0,1546,10224.537306058774
0,1547,10213.527131338107
0,1548,10203.090573428919
0,1549,10222.664958188037
0,1550,10221.498605499894
0,1551,10177.40938762276
0,1552,10198.147765169644
0,1553,10195.229876435462
0,1554,10169.548282098429
0,1555,10173.46773742187
0,1556,10194.01452799798
0,1557,10181.000534370747
0,1558,10182.562485424265
0,1559,10164.568722071946
0,1560,10209.471119406691
0,1561,10196.159890732773
0,1562,10208.356363389306
0,1563,10216.403495462584
0,1564,10214.718532554316
0,1565,10219.692380811946
0,1566,10226.078302696787
0,1567,10225.596185625447
0,1568,10179.766825811126
0,1569,10156.077515681543
0,1570,10172.183182806484
0,1571,10186.153920466259
0,1572,10148.46280908852
0,1573,10192.988110588716
0,1574,10197.310125561173
0,1575,10214.323889264262
0,1576,10212.886350359631
0,1577,10203.750603558216
0,1578,10236.59009958073
0,1579,10233.553573439998
0,1580,10224.860445157632
0,1581,10199.064600655953
0,1582,10178.99945842214
0,1583,10175.110761757976
0,1584,10194.808034760243
0,1585,10219.257458909728
0,1586,10200.26708994847
0,1587,10204.945001993601
0,1588,10209.40158573306
0,1589,10213.928002170724
0,1590,10210.397213010203
0,1591,10190.75449119382
0,1592,10178.510239625886
0,1593,10223.208514297088
0,1594,10200.447290923767
0,1595,10162.317036130496
0,1596,10198.818347252452
0,1597,10204.499282682884
0,1598,10152.144770156076
0,1599,10203.656616862536
0,1600,10202.667079336596
0,1601,10208.128344123556
0,1602,10233.884011128324
0,1603,10207.501118955104
0,1604,10224.888868896991
0,1605,10233.169325973733
0,1606,10214.958868000034
0,1607,10218.508188388947
0,1608,10222.755319067535
0,1609,10189.506623590163
0,1610,10189.7506550973
0,1611,10199.96830993148
0,1612,10171.028687737353
0,1613,10167.734692048709
0,1614,10165.49298726575
0,1615,10191.64230991613
0,1616,10217.014869367309
0,1617,10228.51826104267
0,1618,10231.410647412142
0,1619,10233.872254790938
0,1620,10213.76912933513
0,1621,10199.955382676404
0,1622,10188.329114649003
0,1623,10180.198885923479
0,1624,10192.896658133044
0,1625,10197.680188879709
0,1626,10170.962620619408
0,1627,10178.563572455405
0,1628,10164.917190760829
0,1629,10187.887323654448
0,1630,10208.463556315826
0,1631,10187.644354879116
0,1632,10178.383752558788
0,1633,10161.24886298084
0,1634,10188.197645609094
0,1635,10159.097543192487
0,1636,10157.489342242487
0,1637,10163.175273152285
0,1638,10186.245614088535
0,1639,10207.503164837712
0,1640,10238.430083404051
0,1641,10210.587824899243
0,1642,10204.682674540916
0,1643,10241.932031229835
0,1644,10213.36885522378
0,1645,10198.33065768057
0,1646,10204.282214634524
0,1647,10183.879771417814
0,1648,10210.330428252657
0,1649,10183.50471122715
0,1650,10206.704031197585
0,1651,10215.229068818031
0,1652,10174.611575395924
0,1653,10166.930928740821
0,1654,10180.973425742723
0,1655,10200.303666125148
0,1656,10227.020290389713
0,1657,10218.402777488493
0,1658,10185.684385093075
0,1659,10182.822449806868
0,1660,10209.197546121602
0,1661,10217.287813785868
0,1662,10194.099665797816
0,1663,10202.730233918104
0,1664,10196.446356696557
0,1665,10190.810516683767
0,1666,10165.926687044172
0,1667,10185.432604518353
0,1668,10203.923479963489
0,1669,10184.64378128585
0,1670,10214.34566514752
0,1671,10212.582240665803
0,1672,10209.128735075688
0,1673,10188.722314674327
0,1674,10179.977536915989
0,1675,10179.508000846747
0,1676,10211.629695287578
0,1677,10221.770407409169
0,1678,10232.477958951366
0,1679,10219.148903615307
0,1680,10237.59954270781
0,1681,10252.312599656869
0,1682,10226.25279460354
0,1683,10211.928538009342
0,1684,10193.450956082814
0,1685,10215.104698703144
0,1686,10221.522411406124
0,1687,10211.627115835614
0,1688,10214.560134065401
0,1689,10196.624891627625
0,1690,10246.428073872929
0,1691,10213.628919288294
0,1692,10200.726115217785
0,1693,10191.9991985902
0,1694,10197.092409167526
0,1695,10228.371594290642
0,1696,10232.535406168867
0,1697,10231.198872554116
0,1698,10242.92557042033
0,1699,10259.281663430305
0,1700,10222.026841775214
0,1701,10214.750684941107
0,1702,10222.640914125783
0,1703,10201.920887559068
0,1704,10218.926569110405
0,1705,10158.502494760824
0,1706,10138.063471938322
0,1707,10166.75419251857
0,1708,10154.116188248365
0,1709,10187.26957418384
0,1710,10196.132800340285
0,1711,10177.668260552527
0,1712,10166.163747262983
0,1713,10148.788552255048
0,1714,10150.762483376238
0,1715,10173.734078920781
0,1716,10215.92858157391
0,1717,10224.990362619104
0,1718,10239.566731535213
0,1719,10224.740085458801
0,1720,10204.310664268794
0,1721,10250.030533861223
0,1722,10207.074314080168
0,1723,10196.18776485316
0,1724,10190.85605108889
0,1725,10207.135541792573
0,1726,10197.714872173621
0,1727,10186.022907420385
0,1728,10214.403274903054
0,1729,10199.002091877277
0,1730,10219.331506352906
0,1731,10221.27852354774
0,1732,10210.746339820917
0,1733,10202.591877859817
0,1734,10232.140270511778
0,1735,10215.643021591488
0,1736,10251.208211422432
0,1737,10219.881913483176
0,1738,10224.405123100267
0,1739,10239.44604151958
0,1740,10197.840661379276
0,1741,10205.32007992675
0,1742,10207.184295181758
0,1743,10195.554591648219
0,1744,10192.972442653992
0,1745,10197.970534313663
0,1746,10206.928046816201
0,1747,10229.025693406998
0,1748,10215.294939690346
0,1749,10227.880646283518
0,1750,10197.106961166106
0,1751,10186.146880197224
0,1752,10185.264845624542
0,1753,10183.908690555674
0,1754,10177.156795216406
0,1755,10190.14880536125
0,1756,10175.90003210142
0,1757,10193.55149536629
0,1758,10163.514485590682
0,1759,10153.559799371611
0,1760,10190.827501031472
0,1761,10206.608315094947
0,1762,10246.822634678756
0,1763,10216.92739240135
0,1764,10204.626177318534
0,1765,10174.140635946826
0,1766,10204.193501268786
0,1767,10204.484711145384
0,1768,10200.82353656052
0,1769,10212.464579046196
0,1770,10224.146352409029
0,1771,10213.992549232702
0,1772,10181.585509444893
0,1773,10216.821589481215
0,1774,10216.189597174229
0,1775,10228.00794515948
0,1776,10201.218261135278
0,1777,10197.266753502836
0,1778,10202.989400511045
0,1779,10195.830575318492
0,1780,10193.9570623416
0,1781,10201.644552663645
0,1782,10217.788818928755
0,1783,10185.342554920398
0,1784,10183.832873302497
0,1785,10219.213357570772
0,1786,10188.261279142043
0,1787,10211.231193516043
0,1788,10203.499033748281
0,1789,10185.508910144186
0,1790,10196.936573531882
0,1791,10179.272054954292
0,1792,10156.207047830323
0,1793,10183.929242587892
0,1794,10204.970675416002
0,1795,10225.464246377302
0,1796,10207.966883193434
0,1797,10179.267974150487
0,1798,10194.237279427121
0,1799,10178.830685171355
0,1800,10186.834128828825
0,1801,10199.841533654173
0,1802,10196.992135934166
0,1803,10194.451547565017
0,1804,10216.64838953083
0,1805,10188.108592479113
0,1806,10189.4650680372
0,1807,10174.315926002862
0,1808,10175.149210419526
0,1809,10166.392579591278
0,1810,10179.308805633082
0,1811,10208.890371775238
0,1812,10213.424724344457
0,1813,10181.339687853471
0,1814,10159.041758620215
0,1815,10163.062737349444
0,1816,10166.09813406755
0,1817,10173.559779094447
0,1818,10209.009954552552
0,1819,10191.192597593466
0,1820,10228.489541503342
0,1821,10226.955466270847
0,1822,10223.161885631065
0,1823,10265.085110753493
0,1824,10251.330986297351
0,1825,10253.665837629556
0,1826,10251.095445783893
0,1827,10230.733617109721
0,1828,10219.209377532501
0,1829,10235.372678855734
0,1830,10231.571716426277
0,1831,10257.210406133301
0,1832,10276.853976922173
0,1833,10224.012416135669
0,1834,10226.118836888993
0,1835,10208.704561719887
0,1836,10226.861155577364
0,1837,10237.949650834238
0,1838,10213.951489717723
0,1839,10192.31402588291
0,1840,10201.76097289213
0,1841,10223.450658631837
0,1842,10173.614193156322
0,1843,10173.622421509963
0,1844,10186.822595612648
0,1845,10213.172619476853
0,1846,10170.617465743997
0,1847,10217.304707142142
0,1848,10227.422049371859
0,1849,10226.411929153215
0,1850,10233.203053915808
0,1851,10240.59921331781
0,1852,10232.21740336083
0,1853,10255.694866288462
0,1854,10253.333098181598
0,1855,10220.48277852972
0,1856,10209.607734005785
0,1857,10222.489372632675
0,1858,10218.741568732476
0,1859,10208.132483372667
0,1860,10187.47951388155
0,1861,10182.769669688236
0,1862,10200.918478761676
0,1863,10180.742615228852
0,1864,10183.794181927202
0,1865,10212.680713873446
0,1866,10194.976009050722
0,1867,10214.688380067404
0,1868,10244.56106111296
0,1869,10204.383418264337
0,1870,10194.13297381962
0,1871,10232.301915724469
0,1872,10222.605637422303
0,1873,10214.851137061598
0,1874,10234.047025695614
0,1875,10237.689293124395
0,1876,10212.663372853527
0,1877,10187.236452580099
0,1878,10200.123132977345
0,1879,10201.75122599935
0,1880,10197.837922021861
0,1881,10196.721742266907
0,1882,10206.140019419905
0,1883,10213.189219749896
0,1884,10185.931484890612
0,1885,10193.910196105318
0,1886,10208.33192025798
0,1887,10162.777744230389
0,1888,10167.343913702569
0,1889,10168.464699865257
0,1890,10169.733399126413
0,1891,10212.10864787614
0,1892,10219.15176442911
0,1893,10226.4474927766
0,1894,10220.349167198896
0,1895,10190.618522005972
0,1896,10214.733739290996
0,1897,10194.775011618389
0,1898,10210.67018207388
0,1899,10193.161458613893
0,1900,10198.711498132321
0,1901,10187.532349607163
0,1902,10189.729887599535
0,1903,10190.000233459337
0,1904,10184.394778114765
0,1905,10170.589535179712
0,1906,10202.913223288662
0,1907,10187.54893965249
0,1908,10180.195672281436
0,1909,10168.716329786064
0,1910,10216.26410901038
0,1911,10213.560830651933
0,1912,10208.777752939051
0,1913,10222.973262213487
0,1914,10203.47327674981
0,1915,10176.413606946651
0,1916,10178.692996805721
0,1917,10204.157450809671
0,1918,10246.499909753762
0,1919,10240.453933081762
0,1920,10214.419420930013
0,1921,10184.513587491081
0,1922,10193.210819014124
0,1923,10209.95262762576
0,1924,10221.629219572644
0,1925,10209.002359716296
0,1926,10225.791632255543
0,1927,10227.189489501263
0,1928,10231.808624076597
0,1929,10259.756017403046
0,1930,10201.687910977002
0,1931,10158.36827945764
0,1932,10176.586229940975
0,1933,10215.363970968208
0,1934,10231.772111036744
0,1935,10218.831172314924
0,1936,10202.863145138333
0,1937,10201.615011312964
0,1938,10205.00696612356
0,1939,10186.717221176601
0,1940,10197.15949812093
0,1941,10195.263267525419
0,1942,10199.359603252342
0,1943,10177.564026399677
0,1944,10177.277820024734
0,1945,10201.53215067115
0,1946,10218.534850924547
0,1947,10197.839864868936
0,1948,10189.265771696422
0,1949,10207.264101940254
0,1950,10193.7816122195
0,1951,10195.391704329062
0,1952,10224.421125103303
0,1953,10192.313306509057
0,1954,10170.46024939184
0,1955,10210.379682866902
0,1956,10217.195592218157
0,1957,10195.530598074076
0,1958,10158.15027109462
0,1959,10165.796765777823
0,1960,10200.350571053024
0,1961,10210.005390828559
0,1962,10194.778726674545
0,1963,10225.596544378646
0,1964,10191.31095503494
0,1965,10206.991601663924
0,1966,10197.37440007925
0,1967,10209.74845157473
0,1968,10192.37714989357
0,1969,10168.577595649349
0,1970,10166.643525097938
0,1971,10190.28889197294
0,1972,10242.544687854248
0,1973,10264.682136501375
0,1974,10241.138123503439
0,1975,10248.992544245659
0,1976,10215.705571098106
0,1977,10239.003703796452
0,1978,10234.0611589014
0,1979,10202.148555215386
0,1980,10199.314787695888
0,1981,10229.222878736913
0,1982,10193.50323383616
0,1983,10193.078953681208
0,1984,10230.358947165092
0,1985,10271.084048175828
0,1986,10246.548236715458
0,1987,10225.044294302708
0,1988,10186.804535400253
0,1989,10210.101156872543
0,1990,10236.08302204514
0,1991,10237.628060975027
0,1992,10230.889587767255
0,1993,10231.953523260698
0,1994,10220.774454834764
0,1995,10213.587466871117
0,1996,10242.763909572566
0,1997,10198.174177088711
0,1998,10218.38185401001
0,1999,10224.12911571508
1,0,10174.825812609033
1,1,10207.461297971611
1,2,10234.393919704542
1,3,10221.588459885003
1,4,10236.33089940304
1,5,10255.837706780489
1,6,10251.689285394059
1,7,10216.323597086932
1,8,10243.261071234629
1,9,10212.489115528595
1,10,10201.664504878505
1,11,10185.270340826204
1,12,10209.47740114055
1,13,10195.87746610904
1,14,10174.01197131956
1,15,10187.649514688199
1,16,10184.695537548649
1,17,10185.581159881678
1,18,10190.855684558363
1,19,10192.837809733754
1,20,10220.969238917416
1,21,10189.479781384709
1,22,10162.467538851977
1,23,10165.759864722593
1,24,10201.279039707622
1,25,10208.698731440752
1,26,10217.738566164357
1,27,10209.06002603714
1,28,10236.509276923938
1,29,10242.266515931315
1,30,10235.44145593051
1,31,10245.070542622607
1,32,10226.71871303354
1,33,10206.708550971465
1,34,10238.041311834475
1,35,10226.583454450421
1,36,10217.609169723766
1,37,10206.114412038458
1,38,10211.497981264676
1,39,10213.122070416479
1,40,10216.856646065891
1,41,10210.991343568221
1,42,10218.395371217448
1,43,10201.517745345001
1,44,10193.086366674494
1,45,10174.484057453172
1,46,10224.352169245762
1,47,10191.552879490564
1,48,10173.649967962576
1,49,10196.000456356884
1,50,10228.256425885074
1,51,10249.135444546006
1,52,10226.016370096573
1,53,10229.224973870225
1,54,10202.33765715375
1,55,10243.499337711368
1,56,10266.551994375895
1,57,10201.732653765524
1,58,10228.500281929613
1,59,10200.070699122385
1,60,10224.480351284945
1,61,10236.758387743463
1,62,10254.869218615531
1,63,10233.132465059636
1,64,10248.720037301175
1,65,10225.985688063529
1,66,10211.514170985718
1,67,10171.491511418752
1,68,10182.38500300442
1,69,10187.24134980696
1,70,10199.856638086987
1,71,10178.487760546415
1,72,10222.142791892373
1,73,10239.555941123494
1,74,10202.84422841166
1,75,10217.351212901382
1,76,10212.459434898157
1,77,10256.478321258148
1,78,10216.413307257804
1,79,10213.251373458994
1,80,10196.626437296449
1,81,10227.428799763484
1,82,10211.851405381056
1,83,10221.244858116355
1,84,10242.31030794171
1,85,10194.748782547567
1,86,10173.564994162081
1,87,10211.032367137497
1,88,10194.43984546048
1,89,10199.686427330973
1,90,10196.465409497792
1,91,10241.094610325916
1,92,10252.887832576178
1,93,10232.247131961882
1,94,10199.53893863398
1,95,10182.78349157094
1,96,10173.17526236411
1,97,10212.856840412589
1,98,10202.101262874465
1,99,10176.988436945032
1,100,10169.830488763895
1,101,10190.149222975137
1,102,10170.823995245857
1,103,10170.629580436578
1,104,10179.911162876513
1,105,10179.977192510212
1,106,10159.970920512065
1,107,10200.85083555464
1,108,10207.74753924066
1,109,10199.635756970574
1,110,10209.632177391897
1,111,10183.009696250267
1,112,10185.668139367235
1,113,10160.236483070323
1,114,10188.275031933994
1,115,10183.286998090487
1,116,10204.109884947273
1,117,10185.726938290587
1,118,10202.097533240933
1,119,10190.670385762702
1,120,10192.47162764865
1,121,10194.423910192874
1,122,10219.122757384697
1,123,10217.167766765691
1,124,10182.635993076772
1,125,10211.362758267818
1,126,10196.412167466828
1,127,10164.05952270106
1,128,10150.331669651707
1,129,10173.126740516107
1,130,10210.14786896771
1,131,10210.612312509298
1,132,10191.825328029458
1,133,10212.486333394145
1,134,10185.968736046105
1,135,10240.920917055904
1,136,10197.612406018368
1,137,10217.628957098708
1,138,10253.552270904207
1,139,10258.482617508937
1,140,10203.566457780838
1,141,10146.517223469296
1,142,10188.038451000859
1,143,10227.58484092669
1,144,10270.24354291314
1,145,10237.117377455244
1,146,10189.062918637152
1,147,10213.262007866371
1,148,10258.48162027259
1,149,10272.100600194992
1,150,10270.03357240597
1,151,10250.200299620443
1,152,10193.583379353282
1,153,10213.677856983744
1,154,10216.936767542884
1,155,10199.06143763648
1,156,10211.394053975984
1,157,10209.606358281288
1,158,10161.024993896435
1,159,10157.609409145958
1,160,10169.685197772815
1,161,10184.30274555868
1,162,10178.895233945974
1,163,10170.416677244482
1,164,10193.528163414117
1,165,10207.38753999503
1,166,10165.732174918256
1,167,10165.040239884907
1,168,10172.633996151524
1,169,10165.698786549556
1,170,10189.824208387887
1,171,10172.606145174546
1,172,10183.418901830059
1,173,10200.269972074162
1,174,10213.401196644387
1,175,10201.682234120684
1,176,10182.320596629314
1,177,10227.201389052489
1,178,10216.235377571185
1,179,10208.812030374382
1,180,10246.282138674193
1,181,10249.69389519236
1,182,10223.15463622638
1,183,10210.131891643483
1,184,10195.401847056102
1,185,10193.520701927533
1,186,10216.30740731694
1,187,10205.487787199414
1,188,10183.560233787479
1,189,10172.766199352063
1,190,10174.545492054262
1,191,10165.726876823193
1,192,10171.8279307589
1,193,10193.961384488119
1,194,10204.98474539077
1,195,10222.090218606267
1,196,10196.949583571057
1,197,10184.993360783377
1,198,10205.459775256953
1,199,10194.314286028583
1,200,10210.695585121068
1,201,10225.86334542453
1,202,10187.290398490459
1,203,10216.273508764403
1,204,10227.489644565632
1,205,10200.097197602152
1,206,10211.565262136359
1,207,10174.668808128648
1,208,10159.542725615782
1,209,10164.0294166581
1,210,10167.46112034936
1,211,10150.154304117561
1,212,10188.21246316647
1,213,10193.982198881886
1,214,10205.479985726071
1,215,10215.14952941932
1,216,10246.463130782213
1,217,10185.052984325828
1,218,10180.10476464692
1,219,10190.482659461848
1,220,10185.97648302411
1,221,10224.260915184694
1,222,10228.592982465525
1,223,10247.032962518513
1,224,10240.93891288509
1,225,10210.376508474325
1,226,10165.505277314698
1,227,10200.789159566237
1,228,10191.275755484688
1,229,10202.898775908563
1,230,10200.081086237702
1,231,10205.841011751058
1,232,10174.205893269307
1,233,10195.044849589338
1,234,10197.092786466654
1,235,10203.748602930214
1,236,10228.76774970661
1,237,10218.44709907617
1,238,10196.327446454963
1,239,10222.632171245763
1,240,10172.756808982993
1,241,10183.525005211486
1,242,10222.953279719064
1,243,10241.862797770302
1,244,10237.371094056385
1,245,10221.142738730992
1,246,10216.918745114548
1,247,10179.933076244082
1,248,10180.20144271076
1,249,10165.181518009675
1,250,10180.62129866104
1,251,10198.44315435345
1,252,10237.708425588362
1,253,10240.305535949135
1,254,10209.004666920175
1,255,10225.718219185033
1,256,10241.13963840976
1,257,10199.389825398932
1,258,10202.654758882494
1,259,10192.060944518342
1,260,10170.17055258305
1,261,10185.624216366909
1,262,10188.343860993862
1,263,10186.621146034859
1,264,10221.119861594643
1,265,10205.047447127448
1,266,10204.59401456874
1,267,10224.370596379633
1,268,10224.79374880597
1,269,10194.549449446962
1,270,10203.942939575816
1,271,10196.935980448818
1,272,10197.640673586471
1,273,10196.255028034719
1,274,10224.98870304289
1,275,10244.751173770039
1,276,10224.311452860027
1,277,10218.948662607123
1,278,10244.478475396782
1,279,10216.92113804752
1,280,10217.232544127599
1,281,10236.13551942324
1,282,10236.16408450548
1,283,10216.900701548235
1,284,10224.169777751258
1,285,10225.165320057566
1,286,10211.644295494412
1,287,10202.747061261161
1,288,10224.371894489765
1,289,10243.887727601417
1,290,10249.691508616843
1,291,10205.946096840858
1,292,10196.61086832475
1,293,10195.933969173118
1,294,10256.295776319754
1,295,10192.885944567679
1,296,10193.15062489348
1,297,10187.11192107823
1,298,10153.032431063899
1,299,10171.566580876284
1,300,10185.068932873583
1,301,10183.577985150376
1,302,10200.856934288118
1,303,10196.847780418873
1,304,10221.086836559614
1,305,10218.622464518028
1,306,10246.948450091393
1,307,10224.895703108865
1,308,10219.730866414917
1,309,10209.868377158085
1,310,10183.462738575083
1,311,10172.510088510291
1,312,10199.41524399343
1,313,10261.056465783187
1,314,10273.62008256056
1,315,10257.566395201182
1,316,10255.37499946035
1,317,10238.757991746303
1,318,10234.138795579885
1,319,10233.25738151392
1,320,10232.557361119136
1,321,10214.83630278772
1,322,10226.793462577489
1,323,10207.110933546064
1,324,10214.511365788288
1,325,10216.060062494944
1,326,10224.72898299554
1,327,10234.397769090212
1,328,10267.518388269262
1,329,10283.9426450803
1,330,10278.105059452235
1,331,10225.160753347021
1,332,10207.038116789088
1,333,10204.073183178472
1,334,10250.345881085703
1,335,10227.581434955537
1,336,10207.544952101991
1,337,10212.772818027774
1,338,10202.260768554948
1,339,10191.13008736475
1,340,10177.328486654227
1,341,10162.95775932567
1,342,10202.137884810929
1,343,10222.98302103281
1,344,10236.75226111249
1,345,10239.55392799472
1,346,10184.979313297543
1,347,10191.970216751644
1,348,10203.788364452179
1,349,10207.313612721522
1,350,10193.408764155716
1,351,10215.36874666942
1,352,10232.441887391644
1,353,10227.79640424001
1,354,10188.563467370379
1,355,10195.223631927347
1,356,10198.986581871713
1,357,10172.882179920733
1,358,10211.409450081417
1,359,10206.92829474789
1,360,10226.179413435939
1,361,10210.435213870853
1,362,10212.64576326408
1,363,10182.241280125612
1,364,10178.831507084593
1,365,10213.096935344574
1,366,10214.077197636334
1,367,10247.171219000906
1,368,10265.694985621525
1,369,10241.10038653704
1,370,10206.169615665895
1,371,10228.301552795641
1,372,10209.995005849665
1,373,10225.44730554138
1,374,10207.455546323532
1,375,10197.59729928909
1,376,10192.995019119486
1,377,10203.50801589432
1,378,10197.816507686231
1,379,10184.147504288154
1,380,10189.140149363713
1,381,10209.283531794072
1,382,10187.274622357505
1,383,10203.745179922274
1,384,10199.975967478775
1,385,10213.109046260772
1,386,10229.101934373717
1,387,10198.752796632996
1,388,10177.59797907312
1,389,10169.893287616494
1,390,10190.305618579398
1,391,10173.915493042581
1,392,10178.02393526723
1,393,10161.074818662502
1,394,10176.191570158264
1,395,10174.406132548631
1,396,10188.712349958812
1,397,10195.71294051063
1,398,10174.059145794032
1,399,10172.662183647231
1,400,10171.894786171502
1,401,10197.621745391201
1,402,10200.4843712471
1,403,10200.568286597852
1,404,10178.587898767286
1,405,10162.029869066713
1,406,10190.356553762615
1,407,10189.393736764783
1,408,10230.16073722893
1,409,10219.911563574107
1,410,10216.080349058351
1,411,10200.064278482518
1,412,10196.98805202125
1,413,10199.065735877886
1,414,10217.053792986806
1,415,10138.59785129848
1,416,10164.7288717671
1,417,10194.756954481472
1,418,10146.304039630484
1,419,10173.452504733343
1,420,10174.128606399721
1,421,10194.022666054047
1,422,10210.792547236568
1,423,10201.596810899711
1,424,10167.880770341948
1,425,10188.670370369537
1,426,10190.472318780789
1,427,10210.62272095774
1,428,10205.84388608496
1,429,10214.378031095646
1,430,10240.220809271215
1,431,10251.704684614371
1,432,10228.348942942177
1,433,10199.07207761428
1,434,10190.916369571365
1,435,10221.389430174213
1,436,10190.656643311244
1,437,10191.752937449646
1,438,10177.332820017915
1,439,10184.379524125648
1,440,10191.974566906292
1,441,10205.399780511541
1,442,10218.345594446777
1,443,10191.924023624364
1,444,10212.569573945499
1,445,10206.038309102361
1,446,10180.570713107983
1,447,10170.966214088174
1,448,10191.632889305758
1,449,10196.326255110507
1,450,10212.096525426789
1,451,10174.869374204882
1,452,10188.331558763111
1,453,10202.800382432904
1,454,10220.101427727875
1,455,10211.413429935163
1,456,10191.984385706468
1,457,10204.130821533294
1,458,10188.020996875175
1,459,10187.969066390524
1,460,10225.81854677071
1,461,10224.928854930067
1,462,10239.85665265931
1,463,10193.82664718757
1,464,10207.304134071102
1,465,10185.122714145047
1,466,10171.305818642422
1,467,10182.869511455234
1,468,10187.156974463462
1,469,10202.00527976776
1,470,10211.228227782089
1,471,10205.086409891312
1,472,10206.194489986778
1,473,10218.654221724699
1,474,10241.2670113643
1,475,10226.51821854057
1,476,10230.687115510349
1,477,10210.61058631902
1,478,10205.94495516326
1,479,10206.746150465284
1,480,10210.058499870822
1,481,10192.187620656754
1,482,10177.406034029273
1,483,10237.851160551349
1,484,10220.467297160536
1,485,10216.065065879919
1,486,10219.187625783
1,487,10212.07619104026
1,488,10197.65997861985
1,489,10170.988761767067
1,490,10177.395662915309
1,491,10203.837974441292
1,492,10200.638448125068
1,493,10198.50744511498
1,494,10199.25510281482
1,495,10160.501236718464
1,496,10144.988280450476
1,497,10173.678060322383
1,498,10209.77324219238
1,499,10227.48098332523
1,500,10236.122905948541
1,501,10244.78274327548
1,502,10196.34801007365
1,503,10196.82316643671
1,504,10202.107002295543
1,505,10179.976714358867
1,506,10181.940067294585
1,507,10206.103613331497
1,508,10189.770467512
1,509,10223.752241293798
1,510,10234.032105002918
1,511,10227.040598018812
1,512,10203.339916645666
1,513,10197.792841084038
1,514,10163.79199963649
1,515,10176.72676353505
1,516,10225.428325722394
1,517,10213.615685225144
1,518,10218.076489075758
1,519,10238.084036366145
1,520,10227.293754383045
1,521,10240.548038076742
1,522,10252.4375116439
1,523,10219.576380402876
1,524,10228.968963819563
1,525,10231.953566615162
1,526,10210.013871835494
1,527,10196.464340390043
1,528,10182.283204916374
1,529,10213.264517276913
1,530,10232.747812393385
1,531,10205.506943314258
1,532,10160.852121364434
1,533,10168.11418119575
1,534,10146.890384315244
1,535,10184.431536104852
1,536,10173.474492054489
1,537,10212.474752291788
1,538,10191.395621064505
1,539,10220.29691468482
1,540,10195.808001555864
1,541,10198.101517526986
1,542,10157.150001084698
1,543,10168.181295460352
1,544,10194.322683252738
1,545,10214.317227268228
1,546,10213.713462252128
1,547,10201.450094304
1,548,10199.14726888295
1,549,10220.306676401782
1,550,10206.292408032685
1,551,10234.856368081522
1,552,10219.709822721494
1,553,10218.718442349515
1,554,10206.632535691371
1,555,10216.501793462461
1,556,10191.07411685978
1,557,10185.721951691032
1,558,10202.731722565315
1,559,10230.421173952367
1,560,10199.31965404736
1,561,10208.480787606886
1,562,10234.652491368384
1,563,10244.606526943995
1,564,10230.350292296758
1,565,10242.935547728986
1,566,10235.909918258127
1,567,10189.039880242282
1,568,10189.580714536838
1,569,10221.588941256752
1,570,10228.052098156933
1,571,10249.848589821275
1,572,10242.881025294171
1,573,10246.16832129946
1,574,10242.476726977073
1,575,10233.851798328147
1,576,10206.489683296077
1,577,10192.431923557731
1,578,10197.942788860357
1,579,10217.153422510422
1,580,10240.93081232319
1,581,10216.09171526497
1,582,10190.14415221004
1,583,10196.779529890797
1,584,10215.229284566743
1,585,10190.96849312185
1,586,10198.712601924826
1,587,10202.43737553116
1,588,10203.588708755045
1,589,10213.791190858296
1,590,10180.150678301168
1,591,10162.278025256832
1,592,10196.340983763976
1,593,10196.935294320672
1,594,10185.663670460943
1,595,10193.180273572658
1,596,10200.875554470687
1,597,10220.56922004509
1,598,10192.040155244888
1,599,10196.663398469696
1,600,10197.778925459414
1,601,10204.704666294941
1,602,10227.819925312995
1,603,10206.909214609572
1,604,10207.282399008183
1,605,10203.74171007728
1,606,10191.514799371625
1,607,10209.796423338437
1,608,10183.429870500599
1,609,10160.384947035827
1,610,10190.630535361468
1,611,10161.583739412903
1,612,10197.811422772704
1,613,10200.699455454376
1,614,10226.689892531118
1,615,10209.488405195938
1,616,10198.317178331217
1,617,10245.3014211585
1,618,10234.658197615317
1,619,10258.51390320458
1,620,10251.398357457649
1,621,10222.76324272594
1,622,10220.498182167428
1,623,10222.636499926502
1,624,10231.138141206247
1,625,10219.952691379793
1,626,10191.198057212403
1,627,10202.295702442125
1,628,10231.94077183129
1,629,10216.797132208303
1,630,10200.931066487268
1,631,10207.302813643837
1,632,10207.62595313733
1,633,10217.255226011079
1,634,10228.094395919052
1,635,10229.26743477446
1,636,10214.441624224939
1,637,10217.690587815934
1,638,10174.39055414237
1,639,10191.092565142859
1,640,10177.0863879666
1,641,10162.265576777843
1,642,10174.912749627016
1,643,10170.32149138385
1,644,10169.649597272422
1,645,10196.596434449675
1,646,10187.454622021964
1,647,10192.11736709884
1,648,10191.473085234456
1,649,10202.252819738202
1,650,10192.843889101878
1,651,10201.911409171144
1,652,10211.915949326123
1,653,10190.957401983098
1,654,10186.06985026892
1,655,10200.668637675215
1,656,10202.460543286928
1,657,10195.992764016797
1,658,10196.448412903625
1,659,10194.118790173785
1,660,10209.904872507688
1,661,10207.572896168582
1,662,10199.083515898417
1,663,10215.878027072691
1,664,10207.412296221288
1,665,10217.761017145274
1,666,10218.342807171595
1,667,10262.320977957104
1,668,10235.98896824661
1,669,10189.925390641116
1,670,10189.748335064836
1,671,10172.75815315237
1,672,10218.829237869184
1,673,10234.188928765592
1,674,10246.461816201463
1,675,10219.05948447331
1,676,10221.72466580859
1,677,10237.945433261946
1,678,10249.566875355515
1,679,10217.33816410101
1,680,10170.360429477656
1,681,10195.26500567785
1,682,10203.036521502281
1,683,10189.764867976139
1,684,10198.619844144174
1,685,10230.042316096056
1,686,10258.345727791291
1,687,10249.05743180011
1,688,10240.495784744999
1,689,10214.346983548332
1,690,10208.038105596213
1,691,10211.485779267054
1,692,10205.443325031043
1,693,10215.079446107333
1,694,10219.843415164523
1,695,10203.348730632188
1,696,10211.773815349634
1,697,10219.631088504986
1,698,10178.661634205147
1,699,10198.549154763135
1,700,10177.699505861596
1,701,10139.4851975714
1,702,10180.978408071738
1,703,10180.48229700704
1,704,10189.157228332977
1,705,10212.30164237229
1,706,10176.64808377767
1,707,10224.836492906708
1,708,10202.74403710408
1,709,10225.407911212405
1,710,10241.413430867482
1,711,10212.197477911564
1,712,10202.320808320223
1,713,10203.675278067
1,714,10217.990183025517
1,715,10225.832563776512
1,716,10247.307308497242
1,717,10230.738077623299
1,718,10210.029743885241
1,719,10194.606021733774
1,720,10211.725352742851
1,721,10222.16322226563
1,722,10224.860277631364
1,723,10209.09027373677
1,724,10269.392077174149
1,725,10217.64103611222
1,726,10200.390191256442
1,727,10232.740972467793
1,728,10231.639040448244
1,729,10244.461401149181
1,730,10236.514715510624
1,731,10204.110147186628
1,732,10166.120215579767
1,733,10172.32965971619
1,734,10182.083794633876
1,735,10185.985419146891
1,736,10165.627472376058
1,737,10170.63455530475
1,738,10171.573771943047
1,739,10175.913083652245
1,740,10171.148672025638
1,741,10189.611011470994
1,742,10189.35374041574
1,743,10183.537717728432
1,744,10199.373729174546
1,745,10206.76414179052
1,746,10205.96694488563
1,747,10221.238791646285
1,748,10185.445630221688
1,749,10190.156614167046
1,750,10221.48596695157
1,751,10223.244826385191
1,752,10212.221105885867
1,753,10205.41131703419
1,754,10225.898511882957
1,755,10197.593657811894
1,756,10168.164865866327
1,757,10140.602238900745
1,758,10189.041636059233
1,759,10143.356730835021
1,760,10172.025552676241
1,761,10158.796621132742
1,762,10172.595500671403
1,763,10199.866851943054
1,764,10162.926789820496
1,765,10205.292210008016
1,766,10204.858796376842
1,767,10204.222256283048
1,768,10191.136085863054
1,769,10209.865505324686
1,770,10170.34721254139
1,771,10166.738953802784
1,772,10199.146911048678
1,773,10203.219302670248
1,774,10207.095300503313
1,775,10203.524587438222
1,776,10229.823813848396
1,777,10192.95190698425
1,778,10222.89014784182
1,779,10192.704950362318
1,780,10189.850005473123
1,781,10215.3798408064
1,782,10221.983766476618
1,783,10226.607322908014
1,784,10230.894061164054
1,785,10224.545811189813
1,786,10203.350345973695
1,787,10220.277451741986
1,788,10227.999388675355
1,789,10225.103971733235
1,790,10217.803520993328
1,791,10215.081586415037
1,792,10190.82419241291
1,793,10173.17201208381
1,794,10168.84259247498
1,795,10207.325013560681
1,796,10199.594463721616
1,797,10217.297439767746
1,798,10218.4066262357
1,799,10199.416140314554
1,800,10202.130776015472
1,801,10240.181074156066
1,802,10238.500521361659
1,803,10188.937403464906
1,804,10189.141937893015
1,805,10201.39707105936
1,806,10166.602766987931
1,807,10181.956853906902
1,808,10209.258232805834
1,809,10203.345958912301
1,810,10197.187542024914
1,811,10202.138957807785
1,812,10210.432643116608
1,813,10233.577421169364
1,814,10234.814533871555
1,815,10191.884026608646
1,816,10178.292793818202
1,817,10194.00022277568
1,818,10181.868207656742
1,819,10227.752764430892
1,820,10263.503525691374
1,821,10234.267110934723
1,822,10233.184352728733
1,823,10224.39557442955
1,824,10223.149566710104
1,825,10231.20546933022
1,826,10232.962910489967
1,827,10240.312337656478
1,828,10212.214303658215
1,829,10221.641044749864
1,830,10181.886291047438
1,831,10210.27198646401
1,832,10226.006422406566
1,833,10226.319635636562
1,834,10213.533300470435
1,835,10186.398664731843
1,836,10167.712369744339
1,837,10185.407063349876
1,838,10220.076835957565
1,839,10239.795401340814
1,840,10230.37725532305
1,841,10185.904391074891
1,842,10208.778979534653
1,843,10186.447957984255
1,844,10205.784466827721
1,845,10184.246642592814
1,846,10196.23209991917
1,847,10251.706078240213
1,848,10237.1135155606
1,849,10250.779800837778
1,850,10276.45696832908
1,851,10287.464203478843
1,852,10240.827299270186
1,853,10188.709642981783
1,854,10181.92047572712
1,855,10191.120170370099
1,856,10243.987409178751
1,857,10244.669622808731
1,858,10214.99911621654
1,859,10201.703533209437
1,860,10225.31939864024
1,861,10214.312641341783
1,862,10195.238505086898
1,863,10187.210603717747
1,864,10178.48527196718
1,865,10222.305516658598
1,866,10240.688226504439
1,867,10228.217568947617
1,868,10216.964031650941
1,869,10209.625859806636
1,870,10224.289927138083
1,871,10225.63250568562
1,872,10181.352001185503
1,873,10182.234052016121
1,874,10198.381385906967
1,875,10174.022101494038
1,876,10195.437581976908
1,877,10178.40498308434
1,878,10150.631812735222
1,879,10194.57467576686
1,880,10158.932728829106
1,881,10197.08084881064
1,882,10192.242913367201
1,883,10176.33221772414
1,884,10167.855020118704
1,885,10144.491101621445
1,886,10155.509171625052
1,887,10174.799788076552
1,888,10216.301110830884
1,889,10230.399231266303
1,890,10221.214890861662
1,891,10252.628295079794
1,892,10226.857251036812
1,893,10250.405649685967
1,894,10218.765558178726
1,895,10227.775982914369
1,896,10253.82359602417
1,897,10235.904924389171
1,898,10194.573779767572
1,899,10223.723358701753
1,900,10184.310261204993
1,901,10194.885302574174
1,902,10165.096323446734
1,903,10180.349662181208
1,904,10198.700329760457
1,905,10237.133336958585
1,906,10241.944359500489
1,907,10208.4164141368
1,908,10221.48755766497
1,909,10181.537909587993
1,910,10202.360496149036
1,911,10225.207240087399
1,912,10198.80596409147
1,913,10223.740282709738
1,914,10188.219047832308
1,915,10197.152850673256
1,916,10193.808029125252
1,917,10190.529721238032
1,918,10193.784874974419
1,919,10229.21805025078
1,920,10207.782660631015
1,921,10192.351723693055
1,922,10190.548861198551
1,923,10185.525330871566
1,924,10212.552761975003
1,925,10192.019114852794
1,926,10180.429226073904
1,927,10193.407706964434
1,928,10158.97054730388
1,929,10216.135265240739
1,930,10216.074716628882
1,931,10252.216994959035
1,932,10188.63343104404
1,933,10171.042376264704
1,934,10166.871652694765
1,935,10168.758374479874
1,936,10224.4082527368
1,937,10195.00580215648
1,938,10197.647489206047
1,939,10196.714571414583
1,940,10167.003869026787
1,941,10165.494943371106
1,942,10192.280532152121
1,943,10184.71446653516
1,944,10205.1052170535
1,945,10205.957942600176
1,946,10206.944111316114
1,947,10215.943610379936
1,948,10226.644372260695
1,949,10219.160153964542
1,950,10240.769412395619
1,951,10240.534064257587
1,952,10221.530614569476
1,953,10203.798791828545
1,954,10226.840635156286
1,955,10231.601811900655
1,956,10204.81046368146
1,957,10196.903491309295
1,958,10183.860072881997
1,959,10168.938701396692
1,960,10212.210129099514
1,961,10194.870982424787
1,962,10206.248252339652
1,963,10219.702562187249
1,964,10199.403087548377
1,965,10182.667186830844
1,966,10181.749783415837
1,967,10224.59376540639
1,968,10249.22772691178
1,969,10249.019318008013
1,970,10231.388967083922
1,971,10188.662772777825
1,972,10164.477839351463
1,973,10189.265934069008
1,974,10206.360136559197
1,975,10182.369390404741
1,976,10217.186598258762
1,977,10204.552887845459
1,978,10213.029232677818
1,979,10229.458777014881
1,980,10217.392604469756
1,981,10218.229791859923
1,982,10216.638797088804
1,983,10236.912224933312
1,984,10189.506501125708
1,985,10222.06845854274
1,986,10212.872214630306
1,987,10187.947802333701
1,988,10191.910548836286
1,989,10177.881920498312
1,990,10183.534589585654
1,991,10192.22792216668
1,992,10178.191853714046
1,993,10219.309416926391
1,994,10248.46535374964
1,995,10234.750826579504
1,996,10207.105315116249
1,997,10240.724952058048
1,998,10210.364208076526
1,999,10207.092802888197
1,1000,10222.402063150981
1,1001,10225.621698993884
1,1002,10245.532538850797
1,1003,10257.95972361946
1,1004,10226.77592155939
1,1005,10257.980585046433
1,1006,10245.014620494529
1,1007,10197.174139903613
1,1008,10180.283708742725
1,1009,10230.326796719719
1,1010,10228.399204596597
1,1011,10225.911415903855
1,1012,10230.806914467788
1,1013,10201.483055221799
1,1014,10247.422823013723
1,1015,10221.24932707628
1,1016,10229.516194697968
1,1017,10183.105173450616
1,1018,10157.490791526132
1,1019,10201.63768245594
1,1020,10223.989960428466
1,1021,10198.900814863495
1,1022,10207.583306802235
1,1023,10190.144479413517
1,1024,10181.725584381233
1,1025,10155.4078803413
1,1026,10172.624588152785
1,1027,10194.369714418139
1,1028,10177.022162985973
1,1029,10173.483164707563
1,1030,10148.33282428823
1,1031,10181.666879778908
1,1032,10192.629900636251
1,1033,10188.675125608199
1,1034,10209.142769977674
1,1035,10199.415515119621
1,1036,10193.35624417778
1,1037,10212.186677061383
1,1038,10224.903454015162
1,1039,10235.238490709748
1,1040,10215.922758454057
1,1041,10223.646835091626
1,1042,10240.942664180855
1,1043,10229.174134931995
1,1044,10244.57884754604
1,1045,10215.065718011163
1,1046,10207.779424178978
1,1047,10185.931225519926
1,1048,10224.69584353899
1,1049,10207.130012374319
1,1050,10202.96355151699
1,1051,10190.747751215984
1,1052,10199.41083714762
1,1053,10180.137277934467
1,1054,10155.382926189586
1,1055,10149.503509870152
1,1056,10167.056395412532
1,1057,10174.903671526215
1,1058,10166.278778906639
1,1059,10177.25748646843
1,1060,10171.707929594388
1,1061,10189.94333973926
1,1062,10188.031773864424
1,1063,10191.09060608531
1,1064,10167.459247271472
1,1065,10174.07553940501
1,1066,10214.457043064567
1,1067,10197.341012440764
1,1068,10162.55451560681
1,1069,10166.035588775549
1,1070,10194.809555362817
1,1071,10208.289327547493
1,1072,10224.463726315485
1,1073,10238.046604842313
1,1074,10215.827513747332
1,1075,10192.913797634921
1,1076,10177.127104511017
1,1077,10179.145423071854
1,1078,10198.994940128518
1,1079,10195.347384993034
1,1080,10229.483578846708
1,1081,10203.464652414279
1,1082,10215.851568485048
1,1083,10211.531822653902
1,1084,10177.962489157442
1,1085,10208.351610708778
1,1086,10196.724206781219
1,1087,10220.170673691611
1,1088,10233.210494277879
1,1089,10240.02107577668
1,1090,10187.665796350353
1,1091,10198.255035664177
1,1092,10194.05182962245
1,1093,10182.2163440105
1,1094,10190.6553619076
1,1095,10179.78365901712
1,1096,10209.64965019146
1,1097,10192.080883648989
1,1098,10215.986073643784
1,1099,10194.888289334738
1,1100,10183.773522269857
1,1101,10188.691974443842
1,1102,10163.618103202736
1,1103,10162.005515168843
1,1104,10188.018570893495
1,1105,10204.777686460733
1,1106,10213.503178844845
1,1107,10221.7002523513
1,1108,10209.657092943897
1,1109,10195.201167496582
1,1110,10222.943896915547
1,1111,10217.72127798785
1,1112,10203.291073301414
1,1113,10180.852778992856
1,1114,10219.887707861948
1,1115,10225.296665491256
1,1116,10216.854334812791
1,1117,10207.695423265177
1,1118,10202.941656935254
1,1119,10224.28457922524
1,1120,10214.85721317535
1,1121,10214.099069495453
1,1122,10202.731015198351
1,1123,10189.049752046365
1,1124,10160.814592791581
1,1125,10169.417746894456
1,1126,10136.414670047363
1,1127,10137.278622631584
1,1128,10174.580911872978
1,1129,10207.452269687754
1,1130,10198.766137355466
1,1131,10225.265945306688
1,1132,10223.121933980327
1,1133,10213.246623187406
1,1134,10214.455505178943
1,1135,10232.548959320331
1,1136,10209.95989207718
1,1137,10173.283407381705
1,1138,10209.481932741406
1,1139,10204.058817073763
1,1140,10193.782635686832
1,1141,10146.761093491576
1,1142,10189.983671113707
1,1143,10215.464711149692
1,1144,10168.868554587454
1,1145,10178.697546914616
1,1146,10205.009463952578
1,1147,10195.904936565412
1,1148,10148.764163615928
1,1149,10177.176836385075
1,1150,10211.142762869345
1,1151,10205.734366256907
1,1152,10227.05727582119
1,1153,10171.559862604054
1,1154,10190.988231246829
1,1155,10193.836963759011
1,1156,10181.035303385064
1,1157,10182.866655977028
1,1158,10183.784162641232
1,1159,10190.472916156392
1,1160,10195.986038759058
1,1161,10208.12460381664
1,1162,10206.674806204552
1,1163,10222.418630963872
1,1164,10200.482916178162
1,1165,10191.666219652203
1,1166,10211.199378690559
1,1167,10222.465667149288
1,1168,10216.318156552958
1,1169,10181.750256143489
1,1170,10171.413452439627
1,1171,10176.785839687536
1,1172,10176.967506706927
1,1173,10174.167187218607
1,1174,10176.411635759918
1,1175,10199.457325118436
1,1176,10225.570418106225
1,1177,10220.561244014905
1,1178,10207.88323116849
1,1179,10189.19414367757
1,1180,10165.21199362243
1,1181,10181.886198944801
1,1182,10178.295908212735
1,1183,10168.468282369104
1,1184,10155.895453831925
1,1185,10177.454397217887
1,1186,10204.087848799845
1,1187,10188.71997001055
1,1188,10179.736675532744
1,1189,10198.490933344856
1,1190,10170.041171512681
1,1191,10174.668700309245
1,1192,10188.091723670828
1,1193,10220.15427648255
1,1194,10212.819131184771
1,1195,10241.685027133492
1,1196,10237.005962491281
1,1197,10271.392083921366
1,1198,10258.323528710107
1,1199,10211.855681222647
1,1200,10175.934248335729
1,1201,10188.100604634086
1,1202,10237.531169479389
1,1203,10250.612944396684
1,1204,10269.775448964745
1,1205,10217.598041018719
1,1206,10201.902584106856
1,1207,10215.418256268873
1,1208,10255.00521906361
1,1209,10246.483221405279
1,1210,10260.502727834122
1,1211,10273.330012476243
1,1212,10252.4513099324
1,1213,10262.115028609594
1,1214,10229.78456049702
1,1215,10251.604880340155
1,1216,10207.599130330982
1,1217,10247.181261205287
1,1218,10227.144750878762
1,1219,10216.160170102672
1,1220,10192.120662023948
1,1221,10196.36866451909
1,1222,10172.721923556737
1,1223,10175.673103042927
1,1224,10188.004085136183
1,1225,10219.46737900641
1,1226,10221.716948831972
1,1227,10266.10278305226
1,1228,10219.277840011471
1,1229,10188.241785015722
1,1230,10222.785918377407
1,1231,10231.120012187683
1,1232,10274.778845896706
1,1233,10242.694844445594
1,1234,10238.135424613414
1,1235,10239.960410801867
1,1236,10187.638590096953
1,1237,10192.025629895932
1,1238,10143.364838958467
1,1239,10213.015581189235
1,1240,10261.839052722167
1,1241,10257.537409337554
1,1242,10247.235383944833
1,1243,10230.29202960475
1,1244,10213.953573549208
1,1245,10236.891726326956
1,1246,10211.713162670101
1,1247,10237.289212233487
1,1248,10259.802030607141
1,1249,10251.771230447654
1,1250,10217.450997906539
1,1251,10197.852820211205
1,1252,10208.782152189084
1,1253,10197.31242786278
1,1254,10243.172616548862
1,1255,10226.618629297132
1,1256,10217.475512955209
1,1257,10202.400906740531
1,1258,10183.551561444616
1,1259,10230.186092883556
1,1260,10196.185297086193
1,1261,10156.38002856506
1,1262,10185.054330752073
1,1263,10176.96357961208
1,1264,10146.3205269236
1,1265,10194.496155478628
1,1266,10207.074719694352
1,1267,10166.588003569776
1,1268,10205.66567940681
1,1269,10207.329612987958
1,1270,10220.243991453122
1,1271,10189.238937198872
1,1272,10191.946491270171
1,1273,10187.782514478786
1,1274,10202.13053799352
1,1275,10194.111890000766
1,1276,10238.858871896853
1,1277,10239.493524400123
1,1278,10221.761585433678
1,1279,10215.993842725446
1,1280,10233.564090987655
1,1281,10230.924157996651
1,1282,10237.116778004904
1,1283,10215.478547404173
1,1284,10228.603958210702
1,1285,10199.130747158339
1,1286,10182.944611610983
1,1287,10199.46101166721
1,1288,10201.814908099243
1,1289,10187.931598127665
1,1290,10193.311732440803
1,1291,10167.85869833127
1,1292,10178.916773876952
1,1293,10178.650497569966
1,1294,10182.8952170823
1,1295,10198.3615277942
1,1296,10167.485739499143
1,1297,10181.063026560589
1,1298,10195.870861733878
1,1299,10203.88710116018
1,1300,10235.097069071757
1,1301,10241.976174937956
1,1302,10265.360797785144
1,1303,10193.49176884565
1,1304,10196.859334559298
1,1305,10176.269112688235
1,1306,10172.306360282706
1,1307,10195.825701603444
1,1308,10202.181058722523
1,1309,10192.174607371244
1,1310,10190.084402656135
1,1311,10188.581987812107
1,1312,10236.114485373377
1,1313,10249.015985092525
1,1314,10218.055539583123
1,1315,10205.958393430945
1,1316,10210.149439385872
1,1317,10195.490008471317
1,1318,10235.509382643866
1,1319,10185.469715759365
1,1320,10197.70104970503
1,1321,10181.15302741779
1,1322,10186.951030649134
1,1323,10201.31614127901
1,1324,10217.57457306718
1,1325,10237.59852233144
1,1326,10218.161269867413
1,1327,10251.93008392749
1,1328,10219.230210349317
1,1329,10217.791167620328
1,1330,10213.760626358673
1,1331,10206.21048887949
1,1332,10224.987657805119
1,1333,10239.230404421509
1,1334,10217.026300060756
1,1335,10177.164656361807
1,1336,10191.425014011429
1,1337,10160.199215504976
1,1338,10145.22376486398
1,1339,10153.316540275822
1,1340,10166.483801201612
1,1341,10199.324392818062
1,1342,10233.350306595023
1,1343,10237.902606957738
1,1344,10230.435826715555
1,1345,10233.619861069608
1,1346,10207.901334639213
1,1347,10225.745317747114
1,1348,10220.351846142346
1,1349,10189.166643894498
1,1350,10198.365379921184
1,1351,10224.008365790884
1,1352,10213.91815233901
1,1353,10212.92352191349
1,1354,10194.473604238032
1,1355,10215.89152633071
1,1356,10234.264138402912
1,1357,10211.787619683946
1,1358,10201.751194805538
1,1359,10195.746089342732
1,1360,10211.807343382114
1,1361,10178.616379614712
1,1362,10210.719622926266
1,1363,10191.148264788771
1,1364,10188.014442951653
1,1365,10202.492640125362
1,1366,10207.167024437511
1,1367,10207.538829939855
1,1368,10169.560624026415
1,1369,10161.658635685659
1,1370,10191.24327754053
1,1371,10195.495477093367
1,1372,10210.001919418257
1,1373,10195.941423425058
1,1374,10198.372519687655
1,1375,10206.361828301566
1,1376,10239.735217647476
1,1377,10231.972049577447
1,1378,10223.80967787925
1,1379,10161.42686188823
1,1380,10204.829124812946
1,1381,10217.478306008194
1,1382,10235.380761484656
1,1383,10211.268376980697
1,1384,10190.029324761803
1,1385,10216.061649359579
1,1386,10169.012038379056
1,1387,10174.226091887233
1,1388,10192.81744077114
1,1389,10159.294424722762
1,1390,10192.081783936952
1,1391,10194.775603674665
1,1392,10174.386542432667
1,1393,10192.733749167612
1,1394,10180.830392614454
1,1395,10192.164532350975
1,1396,10229.3341204148
1,1397,10189.179385695885
1,1398,10212.973047547946
1,1399,10190.373056912887
1,1400,10201.301878825283
1,1401,10177.923878712138
1,1402,10247.463587028988
1,1403,10281.808811105322
1,1404,10270.136713695698
1,1405,10226.249640791195
1,1406,10169.965533739683
1,1407,10159.86668412715
1,1408,10170.399636739356
1,1409,10212.213986588597
1,1410,10218.747019378754
1,1411,10210.778875481577
1,1412,10210.484131580595
1,1413,10232.316707321985
1,1414,10221.646122947282
1,1415,10198.898184796313
1,1416,10231.903650174338
1,1417,10211.88103761256
1,1418,10181.451252704466
1,1419,10170.047454547834
1,1420,10185.246121292146
1,1421,10191.10805379881
1,1422,10180.983035532145
1,1423,10220.151621319954
1,1424,10218.146290761244
1,1425,10219.785784923111
1,1426,10200.328419362562
1,1427,10207.323503635944
1,1428,10187.86001416844
1,1429,10199.549298182443
1,1430,10195.083421473968
1,1431,10205.326308832406
1,1432,10218.475059190316
1,1433,10204.706605281835
1,1434,10178.573848652608
1,1435,10186.490131482398
1,1436,10181.797413046163
1,1437,10196.951737352736
1,1438,10189.4800088829
1,1439,10178.850586562614
1,1440,10208.02210905178
1,1441,10214.025471418523
1,1442,10201.058165256336
1,1443,10212.615399560555
1,1444,10217.06407918327
1,1445,10212.400812878675
1,1446,10227.283797702805
1,1447,10222.472033892695
1,1448,10225.250921972294
1,1449,10216.318877624886
1,1450,10232.7073810452
1,1451,10242.780650527578
1,1452,10238.764805773695
1,1453,10190.429270156019
1,1454,10196.468450160637
1,1455,10215.283723593522
1,1456,10209.376623512055
1,1457,10216.572215770846
1,1458,10202.764207954331
1,1459,10192.968889393189
1,1460,10197.66502339159
1,1461,10173.610889681295
1,1462,10175.829965631718
1,1463,10216.329293673109
1,1464,10206.301424995569
1,1465,10199.114331660287
1,1466,10172.6726213629
1,1467,10193.670166403022
1,1468,10202.352781903892
1,1469,10199.147797787453
1,1470,10213.698173395655
1,1471,10227.36486867019
1,1472,10227.581399094805
1,1473,10214.240346400824
1,1474,10227.077558991361
1,1475,10214.432706047906
1,1476,10214.287178324486
1,1477,10194.93156640287
1,1478,10151.221597875165
1,1479,10206.316106618438
1,1480,10205.874458433436
1,1481,10210.289648459167
1,1482,10227.102353938797
1,1483,10170.685104742151
1,1484,10175.72223152731
1,1485,10192.35705093224
1,1486,10193.937673857623
1,1487,10221.519590676085
1,1488,10207.206140251263
1,1489,10222.94191037456
1,1490,10220.710217561407
1,1491,10194.320328470172
1,1492,10181.869903746994
1,1493,10153.597552977366
1,1494,10155.323439781405
1,1495,10192.72926746392
1,1496,10182.819546030083
1,1497,10228.575810209368
1,1498,10220.03010587727
1,1499,10186.972529830866
1,1500,10170.820317592492
1,1501,10173.98963361538
1,1502,10186.331125861234
1,1503,10190.239384352662
1,1504,10181.572929914922
1,1505,10198.059210970403
1,1506,10206.710029887805
1,1507,10224.98269714616
1,1508,10209.729459746017
1,1509,10180.2276670007
1,1510,10210.94256842234
1,1511,10178.36972333817
1,1512,10140.747104022676
1,1513,10195.455902671267
1,1514,10219.18653159539
1,1515,10214.243723945523
1,1516,10187.85951154706
1,1517,10178.90603451041
1,1518,10175.476045475789
1,1519,10193.410908491445
1,1520,10143.611764405669
1,1521,10169.74206057704
1,1522,10168.555242462928
1,1523,10182.594519413093
1,1524,10192.856410302154
1,1525,10193.766943246254
1,1526,10206.087717671237
1,1527,10191.114925980937
1,1528,10190.052578890347
1,1529,10193.626482799777
1,1530,10196.242621056543
1,1531,10230.777811437378
1,1532,10232.334427487825
1,1533,10187.194574884395
1,1534,10202.48884667549
1,1535,10227.366846579127
1,1536,10206.85820157952
1,1537,10164.677760846256
1,1538,10156.50696823699
1,1539,10188.714926091967
1,1540,10206.886947321218
1,1541,10213.326682697907
1,1542,10187.08850016705
1,1543,10216.62528543597
1,1544,10219.981002422614
1,1545,10157.747006795846
1,1546,10181.674325161586
1,1547,10208.327539822605
1,1548,10198.987937457552
1,1549,10257.312896842232
1,1550,10238.610260454647
1,1551,10215.768774110169
1,1552,10204.945869093643
1,1553,10183.531042423845
1,1554,10175.709176136921
1,1555,10176.82069212063
1,1556,10173.165305910798
1,1557,10142.528685100979
1,1558,10178.878570439414
1,1559,10173.857359096059
1,1560,10204.187058375115
1,1561,10222.475662254132
1,1562,10276.932300867695
1,1563,10282.543618274169
1,1564,10273.711366744312
1,1565,10248.542858862025
1,1566,10219.027950135063
1,1567,10206.973587085848
1,1568,10205.938615301948
1,1569,10159.342187143604
1,1570,10170.124821963404
1,1571,10184.452232564201
1,1572,10183.34258432066
1,1573,10168.663540803645
1,1574,10175.02416517371
1,1575,10185.37488108322
1,1576,10183.00615094618
1,1577,10187.947863116045
1,1578,10161.078452929632
1,1579,10207.205156127146
1,1580,10215.796475674324
1,1581,10223.508813627903
1,1582,10255.189108488275
1,1583,10243.80587335033
1,1584,10238.280554717207
1,1585,10206.37605421805
1,1586,10214.49299820312
1,1587,10190.642398410673
1,1588,10228.678149849155
1,1589,10233.004692566534
1,1590,10257.104065821766
1,1591,10233.297185124982
1,1592,10246.0960440975
1,1593,10230.56847403126
1,1594,10215.637395658527
1,1595,10203.241605218966
1,1596,10210.103152100117
1,1597,10225.432636260228
1,1598,10187.766121784676
1,1599,10246.267647504485
1,1600,10203.746612694229
1,1601,10176.147199277575
1,1602,10212.23767939066
1,1603,10223.960811761573
1,1604,10245.414254537282
1,1605,10229.53772297196
1,1606,10220.481214812782
1,1607,10212.062317828877
1,1608,10181.386453378163
1,1609,10204.588602717913
1,1610,10209.634339940392
1,1611,10230.910139371535
1,1612,10203.54873002627
1,1613,10214.077812162686
1,1614,10215.052898447902
1,1615,10217.24811469852
1,1616,10213.634728609974
1,1617,10245.822092167677
1,1618,10235.4792174091
1,1619,10242.800379245633
1,1620,10201.98871277701
1,1621,10211.408015144407
1,1622,10206.20367434939
1,1623,10189.403690375277
1,1624,10201.196704507696
1,1625,10210.835074934463
1,1626,10190.181467048882
1,1627,10187.519501990175
1,1628,10192.351624292047
1,1629,10197.431981100564
1,1630,10190.100892606106
1,1631,10206.261839221152
1,1632,10223.153778502849
1,1633,10219.193194995038
1,1634,10227.844915945736
1,1635,10193.178838354228
1,1636,10203.900692355557
1,1637,10198.83893028466
1,1638,10250.557995188447
1,1639,10249.822689740166
1,1640,10236.750175456962
1,1641,10205.790744477154
1,1642,10186.879561783904
1,1643,10179.47990277669
1,1644,10196.136320699417
1,1645,10168.813503710655
1,1646,10164.302232933162
1,1647,10188.290701266455
1,1648,10196.638515446046
1,1649,10181.0958277351
1,1650,10146.829661171414
1,1651,10182.76291729509
1,1652,10194.389996542048
1,1653,10204.436584352596
1,1654,10213.000774435664
1,1655,10200.925248185922
1,1656,10191.839772020421
1,1657,10181.448608846244
1,1658,10209.513191495407
1,1659,10160.57658359084
1,1660,10197.97312921268
1,1661,10159.196815027797
1,1662,10196.489671161262
1,1663,10194.47054246643
1,1664,10211.131550501652
1,1665,10204.494576860552
1,1666,10192.52990749958
1,1667,10197.988212550956
1,1668,10212.803980432998
1,1669,10217.478749205531
1,1670,10236.671251017528
1,1671,10189.563713482372
1,1672,10203.365976345296
1,1673,10185.690688199034
1,1674,10209.186775792296
1,1675,10238.702234273884
1,1676,10238.90409691611
1,1677,10204.573951039241
1,1678,10201.449073814469
1,1679,10227.811563456024
1,1680,10210.69585378813
1,1681,10204.644413585378
1,1682,10222.388487177972
1,1683,10213.7208004966
1,1684,10216.725929942668
1,1685,10184.918089494435
1,1686,10164.137190916255
1,1687,10186.365371258566
1,1688,10218.341225447655
1,1689,10175.657518647395
1,1690,10196.10716097218
1,1691,10217.71841454179
1,1692,10192.257737658505
1,1693,10174.239795457162
1,1694,10202.487657428206
1,1695,10172.96676968698
1,1696,10148.838230130132
1,1697,10168.665933566543
1,1698,10170.968091926996
1,1699,10201.370911976288
1,1700,10201.841837494601
1,1701,10197.463029480628
1,1702,10218.578440322051
1,1703,10227.387895345228
1,1704,10195.276875758356
1,1705,10179.726213689255
1,1706,10181.427032905807
1,1707,10189.794154849611
1,1708,10183.867863199903
1,1709,10196.396433666085
1,1710,10185.37822583935
1,1711,10203.48489588993
1,1712,10214.288796747618
1,1713,10198.049232143223
1,1714,10225.034270606751
1,1715,10238.702813368434
1,1716,10227.336202787785
1,1717,10204.450157511921
1,1718,10204.734266268113
1,1719,10191.662345380537
1,1720,10198.534121066445
1,1721,10194.621084068993
1,1722,10204.844441327112
1,1723,10201.7112297533
1,1724,10228.79908638637
1,1725,10243.505922373271
1,1726,10196.3670435229
1,1727,10175.687404261957
1,1728,10196.969566742653
1,1729,10221.329605106146
1,1730,10207.234505588416
1,1731,10204.041485441852
1,1732,10208.20475878607
1,1733,10187.832921356634
1,1734,10214.388755341346
1,1735,10203.45614948254
1,1736,10198.031850209118
1,1737,10201.556130218478
1,1738,10196.639393596924
1,1739,10197.059129493817
1,1740,10226.54979619303
1,1741,10234.841305397036
1,1742,10233.188261421054
1,1743,10221.069324986456
1,1744,10260.62871208899
1,1745,10227.52316444425
1,1746,10217.01729641041
1,1747,10183.691257707838
1,1748,10173.667968331278
1,1749,10210.428749125434
1,1750,10217.996478290233
1,1751,10198.106465082636
1,1752,10192.668566013468
1,1753,10186.985948727703
1,1754,10192.875436189883
1,1755,10158.165840054176
1,1756,10174.656058031971
1,1757,10164.535364917301
1,1758,10179.60230681946
1,1759,10221.404060188344
1,1760,10232.343115878448
1,1761,10238.817364164597
1,1762,10203.276662155959
1,1763,10218.641942768565
1,1764,10228.475727426117
1,1765,10203.145041657413
1,1766,10229.487701832715
1,1767,10197.832462646176
1,1768,10175.725318054894
1,1769,10185.289564018032
1,1770,10182.172883607342
1,1771,10187.60481480384
1,1772,10185.777805975247
1,1773,10216.271370339677
1,1774,10265.335605953202
1,1775,10243.864544050246
1,1776,10273.273430408704
1,1777,10221.753037308274
1,1778,10212.641439199748
1,1779,10224.00498274831
1,1780,10196.960514846141
1,1781,10170.721788511797
1,1782,10159.633396218167
1,1783,10171.458556201287
1,1784,10189.947664700758
1,1785,10189.793388538204
1,1786,10188.935117924158
1,1787,10199.973842402625
1,1788,10220.091153232639
1,1789,10187.26536259227
1,1790,10181.540828558887
1,1791,10177.834669767144
1,1792,10211.47161101968
1,1793,10228.147834104366
1,1794,10234.344532077277
1,1795,10213.37192047192
1,1796,10241.050345534319
1,1797,10210.309277063814
1,1798,10241.812837634152
1,1799,10258.388829968557
1,1800,10235.56179530859
1,1801,10242.275115847224
1,1802,10226.797880031732
1,1803,10223.412796666184
1,1804,10204.289903524465
1,1805,10185.484916454749
1,1806,10191.694430570615
1,1807,10156.903836772985
1,1808,10202.320738513494
1,1809,10197.066557693519
1,1810,10225.299177610123
1,1811,10207.24296882296
1,1812,10254.82712894397
1,1813,10226.358155013118
1,1814,10247.005027236193
1,1815,10208.947464774708
1,1816,10179.443531095088
1,1817,10178.403395199846
1,1818,10169.783122962779
1,1819,10211.306448454761
1,1820,10204.531503057711
1,1821,10174.36023080731
1,1822,10205.496659722092
1,1823,10159.315386212464
1,1824,10180.43154920747
1,1825,10184.03771200602
1,1826,10190.88420304687
1,1827,10237.489458646554
1,1828,10203.962926271752
1,1829,10231.07984905301
1,1830,10194.433269948364
1,1831,10178.114807642829
1,1832,10172.048305815779
1,1833,10217.738824217255
1,1834,10229.447785074379
1,1835,10174.141858891324
1,1836,10180.777590031017
1,1837,10182.639290526287
1,1838,10152.727187387663
1,1839,10161.506886760228
1,1840,10163.98705235782
1,1841,10161.144959080491
1,1842,10183.31627183636
1,1843,10181.088245246687
1,1844,10175.955359461454
1,1845,10169.288780370849
1,1846,10176.52381330803
1,1847,10179.032837666953
1,1848,10197.349727719258
1,1849,10194.589636671571
1,1850,10175.334348042208
1,1851,10169.477439901093
1,1852,10185.737629452537
1,1853,10186.251581824232
1,1854,10179.434522383117
1,1855,10191.456697886022
1,1856,10178.799378953794
1,1857,10204.242921666926
1,1858,10230.58631240783
1,1859,10229.550268448791
1,1860,10216.59092306564
1,1861,10192.734483744995
1,1862,10203.7375205206
1,1863,10217.165952774238
1,1864,10188.274261375052
1,1865,10186.34068627817
1,1866,10211.011066658431
1,1867,10197.680583809293
1,1868,10178.655766917289
1,1869,10171.574458014818
1,1870,10167.73691710525
1,1871,10196.16868716741
1,1872,10167.7223948544
1,1873,10185.515605809678
1,1874,10214.586304581804
1,1875,10203.604621518747
1,1876,10184.122488737134
1,1877,10187.0756094816
1,1878,10183.687670138137
1,1879,10208.595233622491
1,1880,10213.29020429182
1,1881,10181.595379257273
1,1882,10172.52901697029
1,1883,10199.080439222167
1,1884,10228.598669795085
1,1885,10228.761102258337
1,1886,10195.640398876254
1,1887,10166.90463396685
1,1888,10185.016393007654
1,1889,10185.708687246337
1,1890,10202.05696683744
1,1891,10208.126646708693
1,1892,10179.342529731366
1,1893,10176.931375695218
1,1894,10159.534083196293
1,1895,10183.07561277448
1,1896,10207.862108394183
1,1897,10209.65150152969
1,1898,10219.986764985604
1,1899,10197.960642922619
1,1900,10200.73844939611
1,1901,10194.489698729378
1,1902,10215.01487795893
1,1903,10210.428217906298
1,1904,10185.049696018461
1,1905,10183.944080214647
1,1906,10164.758546703883
1,1907,10180.158074751562
1,1908,10180.830799984797
1,1909,10201.057424788549
1,1910,10200.43892652187
1,1911,10197.508063161364
1,1912,10174.064297975736
1,1913,10194.298913508963
1,1914,10197.590171184567
1,1915,10213.50579718308
1,1916,10219.798896083117
1,1917,10173.275045805809
1,1918,10188.119870885488
1,1919,10205.828271393058
1,1920,10224.092011631776
1,1921,10228.801194166983
1,1922,10225.1250947091
1,1923,10195.938655788712
1,1924,10214.515826759116
1,1925,10198.830346256578
1,1926,10224.10428941062
1,1927,10248.051287103632
1,1928,10192.205217320676
1,1929,10194.449435029092
1,1930,10228.860140183517
1,1931,10261.045606410404
1,1932,10218.759880062194
1,1933,10201.460969211652
1,1934,10205.111106807208
1,1935,10209.2153966001
1,1936,10209.96650499047
1,1937,10219.025985884278
1,1938,10211.453185655804
1,1939,10183.394310049522
1,1940,10207.666100331233
1,1941,10180.491813781891
1,1942,10220.099123121066
1,1943,10217.074990754385
1,1944,10223.15433203359
1,1945,10211.914162420935
1,1946,10179.233636397486
1,1947,10195.211277709044
1,1948,10204.061663602784
1,1949,10205.198433112137
1,1950,10208.76123503222
1,1951,10170.764478689121
1,1952,10180.015402958532
1,1953,10207.275224004028
1,1954,10205.344399438827
1,1955,10205.746754049333
1,1956,10200.913851569032
1,1957,10173.047134212724
1,1958,10217.145063116077
1,1959,10206.026282624334
1,1960,10232.666540498923
1,1961,10232.988527116046
1,1962,10237.449807027402
1,1963,10245.586028584412
1,1964,10237.284666102008
1,1965,10228.496536238337
1,1966,10232.718793694337
1,1967,10218.065261506681
1,1968,10185.982919741433
1,1969,10221.980557220448
1,1970,10182.36832215399
1,1971,10189.810032190928
1,1972,10192.816535079499
1,1973,10184.830908295318
1,1974,10190.636244559075
1,1975,10203.781664233129
1,1976,10198.987747693274
1,1977,10217.015366697784
1,1978,10200.335811956485
1,1979,10190.189267243139
1,1980,10198.534521983476
1,1981,10193.97156234194
1,1982,10225.58244072091
1,1983,10228.255169224103
1,1984,10194.180205437342
1,1985,10180.713867050605
1,1986,10179.40316835497
1,1987,10228.003658871588
1,1988,10180.633214758876
1,1989,10217.997951583766
1,1990,10233.40270055792
1,1991,10200.144443159443
1,1992,10213.01690604686
1,1993,10241.02797026983
1,1994,10226.734762064722
1,1995,10249.377342291687
1,1996,10214.16773995386
1,1997,10208.426251756668
1,1998,10210.607243151131
1,1999,10222.622041309209
2,0,10202.547317741259
2,1,10156.506502657669
2,2,10191.964682882852
2,3,10188.02104538704
2,4,10207.848169129862
2,5,10176.896858116583
2,6,10209.893536831349
2,7,10187.04290370738
2,8,10200.82935552393
2,9,10204.252608771014
2,10,10196.074655091685
2,11,10170.137271351243
2,12,10182.49816365354
2,13,10148.767713672887
2,14,10167.462264497022
2,15,10194.050063154918
2,16,10228.638613573456
2,17,10234.456224429247
2,18,10207.204826379313
2,19,10243.114053692492
2,20,10242.51689008641
2,21,10228.459287305877
2,22,10198.354245476985
2,23,10177.667602309995
2,24,10190.2408066737
2,25,10215.137162926983
2,26,10202.112092968302
2,27,10247.247238144897
2,28,10232.638468459965
2,29,10229.496719426374
2,30,10232.717474842237
2,31,10204.754346729524
2,32,10175.400498282199
2,33,10174.754506871448
2,34,10215.770056974998
2,35,10185.238323275265
2,36,10213.097167830576
2,37,10227.413148594716
2,38,10215.360241532724
2,39,10209.522910314541
2,40,10182.521143493
2,41,10182.480623664884
2,42,10200.281716135221
2,43,10159.895615901358
2,44,10198.462282705905
2,45,10232.296773180089
2,46,10234.399830587325
2,47,10199.174744876726
2,48,10193.84485641041
2,49,10226.881612992569
2,50,10238.218101460272
2,51,10219.211341382857
2,52,10242.462341253926
2,53,10212.614147619828
2,54,10189.251094677775
2,55,10182.74741033553
2,56,10167.282101657793
2,57,10195.678419258184
2,58,10210.300484643729
2,59,10231.804931115632
2,60,10246.316048273064
2,61,10251.189335646935
2,62,10238.525747459988
2,63,10217.879799389375
2,64,10196.972891470426
2,65,10209.322350095534
2,66,10182.246041800989
2,67,10157.423567557897
2,68,10172.470063163317
2,69,10200.842743484609
2,70,10190.412962174485
2,71,10194.952457616302
2,72,10193.551302705966
2,73,10172.986534140384
2,74,10148.775048011832
2,75,10172.05890450174
2,76,10179.850334851746
2,77,10205.438909541897
2,78,10203.283186110159
2,79,10215.440098775407
2,80,10194.332454172642
2,81,10208.044913702424
2,82,10205.749624326876
2,83,10220.043137967268
2,84,10212.264321861123
2,85,10204.242098468463
2,86,10211.683264061097
2,87,10203.707415194478
2,88,10198.792453026084
2,89,10194.789371275268
2,90,10193.425782095297
2,91,10170.009995494662
2,92,10145.843205099827
2,93,10164.909618098784
2,94,10205.451948381073
2,95,10268.599004111516
2,96,10246.045474907445
2,97,10245.35150141917
2,98,10211.213831577777
2,99,10212.087885403229
2,100,10219.644303111409
2,101,10172.739530425557
2,102,10217.556120070072
2,103,10234.475017153707
2,104,10204.333414817524
2,105,10194.13943114424
2,106,10216.504029041935
2,107,10225.303345498764
2,108,10213.775451986876
2,109,10216.744326981576
2,110,10216.863334155412
2,111,10219.461491695252
2,112,10235.094640145391
2,113,10230.485387945158
2,114,10238.818047904695
2,115,10213.62584029967
2,116,10216.432343247616
2,117,10233.007677953638
2,118,10194.326416133768
2,119,10214.72259373266
2,120,10186.589477505217
2,121,10154.493058456444
2,122,10179.572729954418
2,123,10190.36670305443
2,124,10177.893026611897
2,125,10208.380890835573
2,126,10236.678956992773
2,127,10241.350517310038
2,128,10221.357451656544
2,129,10194.512025116663
2,130,10182.295021183281
2,131,10197.193233832559
2,132,10167.4842544256
2,133,10168.662184079896
2,134,10214.600705045012
2,135,10228.370864082712
2,136,10206.996474099686
2,137,10188.524948342872
2,138,10182.2694538363
2,139,10150.188963965971
2,140,10173.58485282184
2,141,10175.145881868759
2,142,10250.04888612053
2,143,10277.64273171369
2,144,10257.060996109769
2,145,10217.272192132174
2,146,10222.694946097654
2,147,10225.171101794936
2,148,10203.968638848346
2,149,10197.123106896926
2,150,10219.544213537258
2,151,10238.458719635319
2,152,10256.615686913594
2,153,10201.228003522148
2,154,10193.141216379576
2,155,10192.853982670878
2,156,10193.496115032145
2,157,10180.331554131393
2,158,10190.770872497389
2,159,10176.103522962097
2,160,10194.09392775635
2,161,10215.358444442729
2,162,10230.180629424278
2,163,10218.16162689569
2,164,10202.82130508451
2,165,10203.858009731373
2,166,10192.461447333128
2,167,10217.347852374485
2,168,10209.362567241666
2,169,10197.760846676867
2,170,10175.99219257303
2,171,10187.069665168958
2,172,10191.455952531993
2,173,10194.715305725995
2,174,10162.351801746312
2,175,10214.052691325072
2,176,10199.30161873652
2,177,10174.791289534895
2,178,10192.115869606969
2,179,10199.138040064192
2,180,10198.544551213154
2,181,10198.436060194414
2,182,10206.657168452612
2,183,10198.291673799446
2,184,10223.03684104349
2,185,10219.632753945947
2,186,10213.4471713383
2,187,10250.55715443965
2,188,10282.7234515231
2,189,10264.096341429226
2,190,10241.048404241172
2,191,10221.860525588632
2,192,10216.765944034503
2,193,10207.414412407283
2,194,10223.606131346432
2,195,10203.09162928035
2,196,10213.434199696745
2,197,10172.567375132196
2,198,10173.025712373472
2,199,10184.259428496483
2,200,10223.153350507062
2,201,10221.131039158823
2,202,10189.092970528658
2,203,10220.229126063758
2,204,10203.203806021109
2,205,10191.646245295497
2,206,10185.6937817322
2,207,10162.370033659266
2,208,10187.3053458801
2,209,10180.619580261297
2,210,10189.819265290203
2,211,10199.667364397654
2,212,10161.749897105537
2,213,10149.542693551186
2,214,10182.914376817962
2,215,10201.13551571383
2,216,10189.614018005605
2,217,10197.826652044703
2,218,10218.263006368345
2,219,10206.363444398949
2,220,10202.519669175255
2,221,10207.500490239177
2,222,10193.001147366485
2,223,10189.853863485063
2,224,10220.807752696466
2,225,10197.706142876372
2,226,10162.55103433143
2,227,10168.54523877095
2,228,10174.377127125776
2,229,10185.099977992522
2,230,10199.654694398212
2,231,10212.525935647009
2,232,10216.927862955394
2,233,10209.288671060644
2,234,10237.732432402983
2,235,10219.907318914977
2,236,10195.911585592446
2,237,10196.623843931082
2,238,10202.636560736284
2,239,10225.541180526272
2,240,10207.38653115617
2,241,10237.251351946581
2,242,10206.021610332908
2,243,10223.023502043514
2,244,10202.13575572403
2,245,10193.935762366831
2,246,10237.588772443049
2,247,10238.788115306086
2,248,10245.762649841505
2,249,10230.777889790534
2,250,10215.612240425897
2,251,10213.13317152834
2,252,10224.645894890513
2,253,10178.449249810259
2,254,10167.556834551624
2,255,10184.633929368945
2,256,10210.04112823058
2,257,10209.631826300121
2,258,10219.813422095656
2,259,10162.057266981832
2,260,10203.97499976521
2,261,10203.325094135791
2,262,10218.749642536643
2,263,10213.945022958906
2,264,10206.146041336351
2,265,10200.465071734588
2,266,10241.11029212199
2,267,10220.55744059609
2,268,10213.578161249923
2,269,10214.219777225928
2,270,10197.660620743874
2,271,10191.231674855782
2,272,10184.370121088234
2,273,10171.874195873406
2,274,10178.898017168955
2,275,10218.756841978562
2,276,10211.364308040247
2,277,10214.813131848468
2,278,10197.243389497558
2,279,10205.38224707892
2,280,10177.955547886619
2,281,10216.070581645741
2,282,10200.928861317348
2,283,10221.138584146503
2,284,10213.616851324303
2,285,10210.397506434607
2,286,10174.126891441338
2,287,10179.270089656162
2,288,10213.74145997748
2,289,10181.357017482502
2,290,10178.377691673726
2,291,10188.398729649973
2,292,10187.40034483771
2,293,10199.319377308675
2,294,10196.994119969062
2,295,10176.81388210321
2,296,10196.956097763417
2,297,10224.611631404468
2,298,10251.433319534342
2,299,10249.898042209948
2,300,10209.34145402534
2,301,10187.839412018076
2,302,10205.322443268811
2,303,10157.901000116677
2,304,10150.397345431691
2,305,10166.990435054237
2,306,10184.239567616487
2,307,10144.874910651843
2,308,10172.930071397182
2,309,10189.558283269138
2,310,10148.882346222415
2,311,10126.82066242075
2,312,10163.471444129924
2,313,10187.738768450854
2,314,10199.571405362729
2,315,10177.643543157694
2,316,10190.042477750192
2,317,10185.007475088016
2,318,10196.79080124336
2,319,10195.67044564686
2,320,10211.96329441816
2,321,10211.208452562245
2,322,10182.13591561017
2,323,10198.378309945148
2,324,10200.576025272048
2,325,10189.824473248713
2,326,10182.605389934726
2,327,10192.734791121264
2,328,10161.93419711937
2,329,10163.044964000164
2,330,10214.204918752124
2,331,10214.64601087541
2,332,10210.784197468247
2,333,10223.945565158498
2,334,10225.874197148563
2,335,10207.670018734725
2,336,10240.81180479533
2,337,10220.536788918285
2,338,10190.45184142569
2,339,10216.067713046805
2,340,10215.745002328174
2,341,10208.201470314649
2,342,10169.800682634284
2,343,10166.241302774362
2,344,10169.129289178876
2,345,10158.61372453526
2,346,10191.980104272396
2,347,10180.91233149846
2,348,10186.525933107027
2,349,10183.617601666383
2,350,10198.915673256355
2,351,10173.857861282564
2,352,10186.647097412966
2,353,10230.464782381268
2,354,10213.794814090244
2,355,10222.366847588324
2,356,10220.514339598323
2,357,10237.451594338445
2,358,10207.655933328673
2,359,10195.79149893775
2,360,10207.116461619235
2,361,10231.836801595886
2,362,10238.60039783051
2,363,10182.473938320498
2,364,10175.585997810658
2,365,10168.140688064725
2,366,10161.46935239432
2,367,10160.304599901654
2,368,10187.87974503077
2,369,10202.71047285679
2,370,10195.930730162563
2,371,10215.81417928039
2,372,10205.361477848537
2,373,10205.308584129998
2,374,10236.448676521733
2,375,10228.631138160965
2,376,10191.406332535384
2,377,10226.150121414757
2,378,10218.34882270743
2,379,10221.475137847732
2,380,10208.358718884661
2,381,10214.974681926336
2,382,10217.660680670218
2,383,10200.339287111081
2,384,10195.694827867721
2,385,10204.354026982459
2,386,10188.158992986902
2,387,10175.297614398609
2,388,10182.954477803361
2,389,10175.77907269051
2,390,10216.754578349024
2,391,10188.891735218962
2,392,10215.985843829072
2,393,10247.107922361976
2,394,10231.193786334317
2,395,10212.49911540215
2,396,10193.338939689147
2,397,10188.637474375359
2,398,10200.575932282498
2,399,10208.015416888784
2,400,10243.45594383877
2,401,10204.745624140303
2,402,10185.124290748436
2,403,10244.856661575504
2,404,10193.941043833132
2,405,10192.10894738243
2,406,10195.661277983161
2,407,10204.841353312733
2,408,10176.519254698364
2,409,10181.66886861216
2,410,10191.04462955973
2,411,10199.179276977417
2,412,10179.522471511542
2,413,10181.452726000574
2,414,10190.537492935926
2,415,10185.613977417419
2,416,10222.883749000132
2,417,10233.282024471091
2,418,10216.19343595829
2,419,10225.422631119221
2,420,10217.281319885395
2,421,10214.393288680105
2,422,10197.828307205547
2,423,10193.681157879793
2,424,10189.094206515763
2,425,10209.436559997437
2,426,10171.897488664845
2,427,10197.92988746885
2,428,10209.518466640759
2,429,10187.776733311639
2,430,10206.197905680048
2,431,10207.914864966018
2,432,10177.881289969844
2,433,10169.654771344
2,434,10180.366896750389
2,435,10213.230032234855
2,436,10190.10923279612
2,437,10216.507339058506
2,438,10178.271236730936
2,439,10217.393055258883
2,440,10208.307661514866
2,441,10246.453712947114
2,442,10231.693993819612
2,443,10256.304805312353
2,444,10235.518224488276
2,445,10234.679971474336
2,446,10213.302875069578
2,447,10196.837609909255
2,448,10206.388558812585
2,449,10201.864757524569
2,450,10168.388190870905
2,451,10204.078989766527
2,452,10227.9302198313
2,453,10240.913444082598
2,454,10229.130678631258
2,455,10219.445399025903
2,456,10207.973463053193
2,457,10230.695673242619
2,458,10270.142468458933
2,459,10278.603878375054
2,460,10232.053928179419
2,461,10238.880994991654
2,462,10236.168003171175
2,463,10197.413491285879
2,464,10173.657599320946
2,465,10201.631848953995
2,466,10226.562223514085
2,467,10198.19641832825
2,468,10161.838486891455
2,469,10149.597938001205
2,470,10163.293495487484
2,471,10168.728574812058
2,472,10193.828077564318
2,473,10203.96001214657
2,474,10181.901664787038
2,475,10143.00241165072
2,476,10204.52725413447
2,477,10196.458366552168
2,478,10216.556985373196
2,479,10169.153179208717
2,480,10188.131648732317
2,481,10196.133096649215
2,482,10192.609909372502
2,483,10214.744305724094
2,484,10212.868661509348
2,485,10201.679381553637
2,486,10176.407798714497
2,487,10201.635750587635
2,488,10205.398936126849
2,489,10217.730096570489
2,490,10211.340591708793
2,491,10204.776916907178
2,492,10245.290190244179
2,493,10219.618501814817
2,494,10187.52359382319
2,495,10207.85075073184
2,496,10190.308519036553
2,497,10187.329570623955
2,498,10171.51353794063
2,499,10184.079819553459
2,500,10220.833427357707
2,501,10200.419214984178
2,502,10207.961344460564
2,503,10216.594048880828
2,504,10194.860401089083
2,505,10181.086499558765
2,506,10190.157370850158
2,507,10193.086666921767
2,508,10195.031520667133
2,509,10200.830502734309
2,510,10185.363035919909
2,511,10196.533262551638
2,512,10228.889125345846
2,513,10209.993943830663
2,514,10181.249332387317
2,515,10176.286718814445
2,516,10218.52050896681
2,517,10211.304767185426
2,518,10240.925274730631
2,519,10252.388841683256
2,520,10219.986600767152
2,521,10188.932047612627
2,522,10192.26297077586
2,523,10214.364306478037
2,524,10199.494803571179
2,525,10209.606212962288
2,526,10247.47264606685
2,527,10229.919221213173
2,528,10227.099979604021
2,529,10222.833496897867
2,530,10184.400569733098
2,531,10207.721915580318
2,532,10204.25430118441
2,533,10210.148363474069
2,534,10217.98748348799
2,535,10220.836235196915
2,536,10243.642458742135
2,537,10204.240681554085
2,538,10194.675638163162
2,539,10162.123959762785
2,540,10166.13350307982
2,541,10182.606967373498
2,542,10180.967885122693
2,543,10209.926382892858
2,544,10232.909786210548
2,545,10227.466354215383
2,546,10233.550169318032
2,547,10180.58472970494
2,548,10165.199883194116
2,549,10165.893926022258
2,550,10138.772987499106
2,551,10123.358565421593
2,552,10173.186050572938
2,553,10190.385003653637
2,554,10162.9186692536
2,555,10143.265060607173
2,556,10197.406615560187
2,557,10184.26197930487
2,558,10204.801972181125
2,559,10207.710319839889
2,560,10219.40371138495
2,561,10228.607204525273
2,562,10238.078640169202
2,563,10189.683782460195
2,564,10183.423123211182
2,565,10190.126289085478
2,566,10195.509530839478
2,567,10164.007469692875
2,568,10199.51629283328
2,569,10200.094285653675
2,570,10192.59262562328
2,571,10185.945925315
2,572,10167.169907328507
2,573,10173.203892609034
2,574,10194.143278647784
2,575,10164.511457890692
2,576,10131.89275325141
2,577,10126.066166703115
2,578,10145.135074807742
2,579,10141.655520405937
2,580,10218.607348261337
2,581,10219.852768644512
2,582,10238.741007046025
2,583,10202.747811447143
2,584,10207.025944261299
2,585,10189.097870233516
2,586,10208.606464167548
2,587,10228.731279175065
2,588,10220.75190525702
2,589,10194.185569305748
2,590,10198.168306958929
2,591,10221.782915310356
2,592,10220.387689358296
2,593,10214.589399539722
2,594,10202.449790243822
2,595,10214.796178330058
2,596,10200.25664848103
2,597,10190.2330535887
2,598,10173.626855848706
2,599,10197.728829184172
2,600,10193.730996069253
2,601,10198.36517641532
2,602,10266.95350044532
2,603,10248.601057297385
2,604,10219.907960038461
2,605,10224.963109901497
2,606,10219.438963356804
2,607,10198.59405401265
2,608,10215.461956873123
2,609,10220.88264586502
2,610,10220.362779947061
2,611,10252.753710381121
2,612,10187.270567035424
2,613,10198.768449855317
2,614,10203.970391702898
2,615,10221.811400141198
2,616,10172.871248858497
2,617,10159.695358436533
2,618,10171.935838461393
2,619,10217.811563736666
2,620,10222.7978720966
2,621,10234.980617508118
2,622,10245.727213355163
2,623,10253.72400415932
2,624,10228.195001485425
2,625,10210.385669564512
2,626,10178.30940133996
2,627,10220.698876387478
2,628,10213.58709068838
2,629,10218.048536248672
2,630,10224.94622508143
2,631,10225.18763680841
2,632,10241.337269884896
2,633,10240.579845489285
2,634,10225.019161233486
2,635,10209.079560541308
2,636,10211.59140977112
2,637,10196.64618836234
2,638,10200.264565629932
2,639,10199.516922334313
2,640,10207.07493832222
2,641,10216.549035007021
2,642,10232.347839409507
2,643,10232.874049284637
2,644,10253.251832719125
2,645,10240.271244439868
2,646,10224.436122311792
2,647,10217.478892369978
2,648,10199.720537961843
2,649,10213.228709856205
2,650,10220.526238046492
2,651,10217.552918201382
2,652,10199.498969607266
2,653,10215.927855187918
2,654,10162.88789632751
2,655,10153.2629441867
2,656,10184.5740532806
2,657,10206.216289447326
2,658,10220.526919849888
2,659,10196.96616546918
2,660,10231.420473438473
2,661,10231.934694891228
2,662,10206.61490616713
2,663,10165.560289539744
2,664,10192.939441003384
2,665,10243.723583869141
2,666,10226.789868086651
2,667,10219.529082776618
2,668,10218.758927616605
2,669,10204.70601981167
2,670,10240.178687643645
2,671,10256.009293899893
2,672,10204.332662786415
2,673,10190.114180084815
2,674,10198.099177665557
2,675,10171.703517848142
2,676,10206.75193663322
2,677,10181.652316778775
2,678,10218.52102739239
2,679,10213.864836110803
2,680,10198.30829512652
2,681,10200.659092534463
2,682,10214.377955702566
2,683,10210.869069951466
2,684,10195.347046708059
2,685,10181.373192435887
2,686,10186.485576938883
2,687,10210.707166800423
2,688,10173.893527146623
2,689,10159.433539436266
2,690,10192.234799144999
2,691,10177.847771321862
2,692,10172.110691934427
2,693,10143.095380939547
2,694,10170.873844567413
2,695,10161.60214358914
2,696,10211.546963962914
2,697,10168.481600182535
2,698,10148.260819419436
2,699,10181.12494107075
2,700,10211.197637212272
2,701,10200.92879794647
2,702,10214.922468611729
2,703,10246.45741068789
2,704,10245.340224771737
2,705,10280.175414792197
2,706,10262.721241049177
2,707,10260.770526208787
2,708,10232.926966370775
2,709,10238.635535270372
2,710,10228.545779657401
2,711,10214.267323798817
2,712,10203.09969746928
2,713,10217.032413736337
2,714,10227.185463855089
2,715,10225.332537982122
2,716,10230.76938285337
2,717,10229.628807481551
2,718,10231.494892469003
2,719,10238.375108357479
2,720,10236.194902618532
2,721,10189.959636734015
2,722,10175.07904984838
2,723,10160.556503127627
2,724,10145.73559965308
2,725,10179.33830616772
2,726,10183.955345600007
2,727,10187.636038675335
2,728,10211.173099972233
2,729,10224.44875406547
2,730,10217.929846763589
2,731,10234.856239456562
2,732,10240.387957751509
2,733,10201.45233835414
2,734,10184.838274254262
2,735,10210.226657708612
2,736,10218.255675370265
2,737,10195.48485961644
2,738,10185.864675759021
2,739,10192.423636396456
2,740,10206.063322258398
2,741,10225.34742652743
2,742,10208.7088950283
2,743,10174.547583692163
2,744,10192.58012858809
2,745,10214.677820786348
2,746,10212.014777506325
2,747,10163.445916659708
2,748,10175.532065774067
2,749,10182.290150887873
2,750,10192.474883601551
2,751,10191.1612532584
2,752,10219.80123223228
2,753,10218.523643779226
2,754,10245.032391583916
2,755,10224.183345124718
2,756,10211.340929475384
2,757,10227.94005452043
2,758,10246.552087574366
2,759,10213.208070184015
2,760,10173.430071232531
2,761,10215.07265403553
2,762,10215.62501471848
2,763,10192.642338847867
2,764,10189.08855624424
2,765,10214.676866565687
2,766,10212.702000824609
2,767,10221.686445391088
2,768,10187.540554700907
2,769,10193.398170982444
2,770,10188.917899204373
2,771,10186.534805701787
2,772,10232.852558791239
2,773,10225.065080488615
2,774,10204.923120441745
2,775,10220.683567721573
2,776,10177.014169657548
2,777,10188.347464668506
2,778,10184.99125294699
2,779,10205.841271864516
2,780,10248.794315835825
2,781,10241.417580493224
2,782,10245.069103191207
2,783,10206.051358586988
2,784,10197.278748962846
2,785,10232.836465058735
2,786,10201.87050139632
2,787,10203.446466482577
2,788,10215.071448113044
2,789,10213.292163199247
2,790,10224.177440914224
2,791,10227.168123322544
2,792,10221.018208184825
2,793,10223.130162849218
2,794,10197.02904909056
2,795,10240.63740131945
2,796,10220.865078048922
2,797,10188.520478499997
2,798,10181.211668627817
2,799,10171.120409139501
2,800,10170.270086403547
2,801,10180.833626988726
2,802,10181.897127226066
2,803,10181.233158181665
2,804,10199.847576991933
2,805,10181.850605302569
2,806,10162.642980730105
2,807,10142.530785249774
2,808,10163.472417474999
2,809,10171.568920687478
2,810,10215.072340498127
2,811,10162.189484295792
2,812,10181.335156382476
2,813,10217.025714341975
2,814,10189.548736990455
2,815,10173.297244552938
2,816,10188.844633941439
2,817,10176.726649224742
2,818,10166.535009007446
2,819,10179.066128863135
2,820,10193.28626147834
2,821,10216.623342086263
2,822,10228.013882290717
2,823,10232.523497191833
2,824,10219.718849659255
2,825,10239.181632658427
2,826,10231.283599808676
2,827,10173.996496371394
2,828,10212.760990586847
2,829,10210.622675529392
2,830,10214.398704924482
2,831,10182.86261543675
2,832,10181.703985713737
2,833,10219.4105751595
2,834,10215.399212166047
2,835,10193.453059179734
2,836,10211.899895199913
2,837,10238.558507738686
2,838,10228.628549813262
2,839,10196.759562874839
2,840,10161.33668524354
2,841,10174.38450810117
2,842,10191.508751695015
2,843,10206.52161240278
2,844,10195.11915945327
2,845,10171.015804835559
2,846,10197.135422759868
2,847,10200.57189385387
2,848,10188.762543245457
2,849,10184.867138242493
2,850,10202.129784113336
2,851,10198.444800481337
2,852,10179.39573580095
2,853,10195.494090446406
2,854,10220.794467323954
2,855,10228.412439107842
2,856,10224.608979591043
2,857,10215.307442989171
2,858,10220.524292819982
2,859,10198.187493004292
2,860,10202.082706689604
2,861,10222.130018777034
2,862,10187.009923686252
2,863,10173.14381096443
2,864,10215.717591984963
2,865,10226.649891878986
2,866,10227.528387384607
2,867,10186.867955123716
2,868,10197.588258576403
2,869,10226.589452413276
2,870,10253.664072406218
2,871,10211.592007623873
2,872,10223.765811645113
2,873,10171.314071560957
2,874,10190.892326840805
2,875,10191.913551143949
2,876,10211.665008027685
2,877,10216.542858481684
2,878,10194.881092625532
2,879,10182.479004956162
2,880,10208.41882886771
2,881,10203.638334205885
2,882,10209.277734830024
2,883,10206.498273326219
2,884,10202.760924852408
2,885,10191.66450265589
2,886,10193.869901588585
2,887,10185.589695086035
2,888,10215.252667854671
2,889,10184.004927348527
2,890,10197.018711438372
2,891,10174.150223784805
2,892,10179.626945594133
2,893,10218.49672755426
2,894,10229.732463917953
2,895,10219.583463112558
2,896,10217.987364912859
2,897,10238.75310054134
2,898,10238.559649204188
2,899,10238.842389097608
2,900,10194.575081141194
2,901,10218.477307708998
2,902,10210.087019827988
2,903,10214.749370321098
2,904,10191.18303297199
2,905,10216.077865950492
2,906,10210.678203066256
2,907,10226.690548278653
2,908,10254.050198276933
2,909,10255.656365745286
2,910,10266.042375952902
2,911,10258.599745459727
2,912,10236.206783063191
2,913,10221.467129003919
2,914,10187.809956983892
2,915,10202.43969099109
2,916,10181.569842719024
2,917,10194.108751377367
2,918,10192.456935578311
2,919,10192.253457087807
2,920,10212.225052175969
2,921,10175.357856446175
2,922,10195.133375732383
2,923,10212.145585000104
2,924,10204.024980570677
2,925,10242.13061356659
2,926,10252.946402581558
2,927,10222.532840816186
2,928,10245.073834264605
2,929,10221.28299128692
2,930,10216.994724445003
2,931,10255.826615241689
2,932,10257.305830113228
2,933,10248.300921821123
2,934,10217.83275269144
2,935,10224.976661068506
2,936,10263.26467475283
2,937,10211.2359224403
2,938,10229.626379331592
2,939,10208.728460190705
2,940,10164.697607092408
2,941,10201.490542944186
2,942,10204.23169795542
2,943,10202.734759375639
2,944,10212.354866258118
2,945,10206.648129300474
2,946,10205.091100539046
2,947,10186.482509473655
2,948,10224.10607171635
2,949,10202.23261566354
2,950,10186.558678676114
2,951,10172.935210572941
2,952,10186.485641135316
2,953,10202.378355093588
2,954,10193.713755238963
2,955,10173.41921706264
2,956,10203.690007294139
2,957,10180.495131469237
2,958,10214.45982759158
2,959,10212.19983823452
2,960,10234.448161341785
2,961,10259.051621957457
2,962,10267.301504053417
2,963,10210.063714517913
2,964,10214.967314589892
2,965,10215.254652288955
2,966,10193.351776314017
2,967,10203.701718190778
2,968,10215.138739891265
2,969,10205.222667271895
2,970,10191.283912936382
2,971,10193.966642296777
2,972,10237.048195203375
2,973,10222.770815615018
2,974,10190.540341622018
2,975,10231.795566027617
2,976,10237.90017649438
2,977,10185.333736236951
2,978,10202.062579866899
2,979,10206.307835046966
2,980,10206.278583494492
2,981,10181.987658727834
2,982,10195.243549128558
2,983,10217.288592497236
2,984,10205.155945155899
2,985,10230.454804645173
2,986,10222.818103739406
2,987,10200.719734972188
2,988,10187.592804204758
2,989,10188.522818543099
2,990,10187.66442577711
2,991,10191.402630812157
2,992,10214.18128346973
2,993,10237.89712004824
2,994,10235.381345953194
2,995,10211.21853781891
2,996,10181.553915790479
2,997,10168.346730285182
2,998,10150.82844375002
2,999,10202.166801502202
2,1000,10242.37969174434
2,1001,10218.93918519203
2,1002,10204.611909176541
2,1003,10216.165619586762
2,1004,10218.852987955384
2,1005,10194.038484439956
2,1006,10203.408169194383
2,1007,10201.600921733578
2,1008,10206.422119606405
2,1009,10172.67572320277
2,1010,10207.596369216611
2,1011,10167.725147808704
2,1012,10161.3417988946
2,1013,10195.70612660817
2,1014,10211.977903923309
2,1015,10238.98492126656
2,1016,10208.788425368703
2,1017,10225.64119289539
2,1018,10226.663578331132
2,1019,10232.384228830544
2,1020,10235.710654179828
2,1021,10229.907885879182
2,1022,10225.236066345202
2,1023,10252.804597451186
2,1024,10250.007550039782
2,1025,10201.839212504865
2,1026,10203.408300566363
2,1027,10180.504822797317
2,1028,10190.902647722343
2,1029,10230.513268799325
2,1030,10209.804489377264
2,1031,10198.573340332443
2,1032,10192.954606614721
2,1033,10177.996511151125
2,1034,10151.751220584427
2,1035,10183.687662794608
2,1036,10213.055413946395
2,1037,10238.82923538564
2,1038,10270.0922178942
2,1039,10254.348069868603
2,1040,10230.036288207992
2,1041,10228.409146704089
2,1042,10204.17199119256
2,1043,10214.809715113708
2,1044,10204.895135335682
2,1045,10189.26721527138
2,1046,10218.20353767919
2,1047,10202.116946668355
2,1048,10202.045819474959
2,1049,10205.043075041742
2,1050,10188.889998494722
2,1051,10220.141292067778
2,1052,10241.064926697652
2,1053,10235.425031390527
2,1054,10254.90475036227
2,1055,10237.284438922361
2,1056,10232.356895499695
2,1057,10210.154020131995
2,1058,10197.293843850744
2,1059,10209.147133504317
2,1060,10201.404061081783
2,1061,10160.794910524173
2,1062,10192.561031432238
2,1063,10197.049354518342
2,1064,10208.798897125183
2,1065,10236.396547873932
2,1066,10216.747909947928
2,1067,10200.772414312934
2,1068,10192.109435693385
2,1069,10172.326266348085
2,1070,10172.774060253621
2,1071,10199.626290339713
2,1072,10211.500742056833
2,1073,10218.89825180533
2,1074,10224.556814197638
2,1075,10240.718461264252
2,1076,10197.674441251582
2,1077,10186.77344182275
2,1078,10178.734897892342
2,1079,10168.953594928362
2,1080,10185.725443979369
2,1081,10183.5075739616
2,1082,10193.374249195514
2,1083,10185.989390987657
2,1084,10180.187085276484
2,1085,10202.801812439773
2,1086,10205.974741480326
2,1087,10231.576943011247
2,1088,10203.505907175831
2,1089,10218.804388686967
2,1090,10231.74247846055
2,1091,10233.903559793078
2,1092,10250.559208219396
2,1093,10222.982488983122
2,1094,10231.800672457597
2,1095,10235.230350854878
2,1096,10196.147858520815
2,1097,10195.794974087215
2,1098,10196.62972406245
2,1099,10181.607430909084
2,1100,10188.357398003849
2,1101,10215.610424554137
2,1102,10218.923078996608
2,1103,10200.667366277448
2,1104,10211.07417447608
2,1105,10241.15742248609
2,1106,10203.385778655389
2,1107,10201.059677485806
2,1108,10237.795751320227
2,1109,10228.29400214366
2,1110,10247.446395792693
2,1111,10242.893888593797
2,1112,10189.226889294318
2,1113,10244.089623181248
2,1114,10212.846363365557
2,1115,10220.335330246988
2,1116,10177.829943167984
2,1117,10171.002680885576
2,1118,10194.40648175255
2,1119,10192.69775141711
2,1120,10239.065506566174
2,1121,10197.976186817898
2,1122,10208.380908186604
2,1123,10190.58898880067
2,1124,10221.310389431028
2,1125,10221.450831817518
2,1126,10202.51596150083
2,1127,10209.332411109719
2,1128,10173.557274428686
2,1129,10178.732285086817
2,1130,10189.206824461395
2,1131,10170.401284155663
2,1132,10147.08495231414
2,1133,10198.324981768039
2,1134,10168.917572847799
2,1135,10202.50937744022
2,1136,10223.160148531982
2,1137,10212.020379597045
2,1138,10176.404586445402
2,1139,10179.284413126035
2,1140,10193.841304892389
2,1141,10199.303293229892
2,1142,10191.336381657255
2,1143,10228.632222378668
2,1144,10238.297934375678
2,1145,10217.7778087564
2,1146,10183.012055311008
2,1147,10208.257003403976
2,1148,10203.837881479045
2,1149,10181.528366132658
2,1150,10208.342775751826
2,1151,10235.342158095711
2,1152,10206.092283403916
2,1153,10235.048648881397
2,1154,10222.151243157734
2,1155,10212.042293686682
2,1156,10190.8001377152
2,1157,10165.908972547824
2,1158,10177.553912848485
2,1159,10202.662588173751
2,1160,10197.048170817878
2,1161,10197.466604541569
2,1162,10192.929680784408
2,1163,10178.856124111657
2,1164,10192.19487716129
2,1165,10226.691598525798
2,1166,10199.92331649355
2,1167,10211.736703428181
2,1168,10227.65082293016
2,1169,10220.209998737162
2,1170,10246.920990286108
2,1171,10232.73448822397
2,1172,10221.871613597405
2,1173,10244.892799240704
2,1174,10199.891522566642
2,1175,10191.73680030637
2,1176,10177.860001736542
2,1177,10165.516377011718
2,1178,10182.910557863841
2,1179,10211.91274297896
2,1180,10220.591503530959
2,1181,10210.147954114733
2,1182,10206.751876801729
2,1183,10211.44778865992
2,1184,10193.315208325952
2,1185,10195.813607278056
2,1186,10170.381764429381
2,1187,10174.023244708369
2,1188,10194.742081304128
2,1189,10195.270572617408
2,1190,10203.06261484067
2,1191,10215.868873614954
2,1192,10191.515664269831
2,1193,10208.826100560096
2,1194,10189.760942024499
2,1195,10188.910949389085
2,1196,10194.085803445165
2,1197,10187.169227094691
2,1198,10194.337323715374
2,1199,10185.800956062483
2,1200,10175.84594691986
2,1201,10223.007781597988
2,1202,10219.14580226694
2,1203,10201.75489997765
2,1204,10181.19505375362
2,1205,10137.25664264095
2,1206,10184.280301874913
2,1207,10184.99949688084
2,1208,10206.556248406469
2,1209,10173.428524482762
2,1210,10207.88496767576
2,1211,10203.764735552033
2,1212,10215.378539780833
2,1213,10196.371331783395
2,1214,10207.49304340974
2,1215,10202.517548751814
2,1216,10204.74640620252
2,1217,10212.219180636072
2,1218,10212.63533837636
2,1219,10202.936596670821
2,1220,10228.184964900433
2,1221,10218.250284724694
2,1222,10209.61155566148
2,1223,10224.249306243946
2,1224,10209.253962572802
2,1225,10224.746164902648
2,1226,10208.903160755088
2,1227,10188.730176938025
2,1228,10202.178586875856
2,1229,10196.798692329046
2,1230,10204.054422498735
2,1231,10205.677691638044
2,1232,10209.946145332853
2,1233,10204.611361525564
2,1234,10201.86042769266
2,1235,10202.998275398044
2,1236,10223.227702856797
2,1237,10208.830868767292
2,1238,10210.200618019277
2,1239,10202.492988617985
2,1240,10226.808878239748
2,1241,10219.478659708268
2,1242,10211.647605848013
2,1243,10213.485568810825
2,1244,10177.898056073946
2,1245,10179.660612199275
2,1246,10192.459670681566
2,1247,10200.334562683489
2,1248,10212.510755156341
2,1249,10186.352742478948
2,1250,10173.108282207968
2,1251,10174.090938859883
2,1252,10192.049898275232
2,1253,10179.421696997553
2,1254,10217.122631923377
2,1255,10218.686836421559
2,1256,10209.545133493997
2,1257,10187.213134152207
2,1258,10202.529113384306
2,1259,10242.745918605111
2,1260,10235.210153963299
2,1261,10202.31611104931
2,1262,10196.718685334652
2,1263,10214.28626425526
2,1264,10226.62919909663
2,1265,10208.393243216642
2,1266,10221.581370708715
2,1267,10209.792240502651
2,1268,10196.599146793247
2,1269,10185.908503849716
2,1270,10219.624017194908
2,1271,10241.96159821962
2,1272,10216.923338422532
2,1273,10207.287972557286
2,1274,10210.684210166333
2,1275,10202.247643340608
2,1276,10231.421105502366
2,1277,10206.986190383115
2,1278,10235.581247326185
2,1279,10221.021089397525
2,1280,10248.5131637394
2,1281,10201.461293315026
2,1282,10202.589231421984
2,1283,10192.744039130206
2,1284,10182.92872221016
2,1285,10166.791692753624
2,1286,10159.278856346022
2,1287,10225.405098964733
2,1288,10210.719532564868
2,1289,10210.58506800504
2,1290,10225.125237256874
2,1291,10201.495379882394
2,1292,10190.96775894954
2,1293,10200.491402107124
2,1294,10185.617263373004
2,1295,10185.98239038889
2,1296,10242.150138751256
2,1297,10194.776292010558
2,1298,10183.046678631712
2,1299,10191.655128671371
2,1300,10172.0169745799
2,1301,10193.391950624875
2,1302,10188.616014581068
2,1303,10217.93437871402
2,1304,10201.417323426951
2,1305,10188.148625029631
2,1306,10185.504369196196
2,1307,10192.495076337718
2,1308,10196.582356930487
2,1309,10210.474815221718
2,1310,10199.64603925196
2,1311,10192.430725432509
2,1312,10191.781190931417
2,1313,10209.745752081337
2,1314,10195.632893846898
2,1315,10166.921173870665
2,1316,10219.122847728151
2,1317,10248.861316819453
2,1318,10246.245111301396
2,1319,10221.194008542167
2,1320,10207.273576036883
2,1321,10170.070268461068
2,1322,10180.146364474836
2,1323,10185.07895594311
2,1324,10175.865226735361
2,1325,10200.403957568133
2,1326,10250.470365801508
2,1327,10209.262345745961
2,1328,10203.515047933079
2,1329,10202.495949424521
2,1330,10245.015143821289
2,1331,10258.119185489855
2,1332,10242.191277165459
2,1333,10187.661604755047
2,1334,10201.691290185765
2,1335,10204.852551976423
2,1336,10215.119811927081
2,1337,10230.034583673056
2,1338,10233.683511559333
2,1339,10235.857488369731
2,1340,10237.396660264929
2,1341,10223.085688303405
2,1342,10203.70816334889
2,1343,10182.308587553041
2,1344,10210.791623559664
2,1345,10217.100683319974
2,1346,10222.497319303513
2,1347,10200.468409237914
2,1348,10178.254530433434
2,1349,10196.16180885364
2,1350,10211.502844864752
2,1351,10215.986934500335
2,1352,10206.330557490173
2,1353,10235.165323885998
2,1354,10238.679664276131
2,1355,10213.475711541294
2,1356,10197.286342275893
2,1357,10209.196456565445
2,1358,10210.636548875886
2,1359,10210.484387253808
2,1360,10204.118849463644
2,1361,10231.41597209966
2,1362,10241.93594316803
2,1363,10209.187360290616
2,1364,10208.20058437461
2,1365,10223.642819836086
2,1366,10232.340304466528
2,1367,10207.446323175845
2,1368,10183.623271441651
2,1369,10189.252314138905
2,1370,10221.12599406818
2,1371,10211.100756741163
2,1372,10221.099086486141
2,1373,10234.681251965798
2,1374,10193.33938851377
2,1375,10214.173651877803
2,1376,10210.959944817343
2,1377,10212.756426127004
2,1378,10188.505274463836
2,1379,10184.50581448839
2,1380,10158.60425919974
2,1381,10173.312469999426
2,1382,10168.736309502423
2,1383,10189.589817140171
2,1384,10166.852198964303
2,1385,10209.628280414592
2,1386,10203.822312909359
2,1387,10199.352927882981
2,1388,10213.300209994744
2,1389,10230.256475710412
2,1390,10234.997676065643
2,1391,10239.749840059714
2,1392,10232.588139579222
2,1393,10226.735315055448
2,1394,10184.596366389991
2,1395,10236.143493696829
2,1396,10230.564886982944
2,1397,10260.277027885642
2,1398,10222.030467535704
2,1399,10237.764316813204
2,1400,10209.658014653485
2,1401,10201.050220755616
2,1402,10179.599516298134
2,1403,10141.570322343903
2,1404,10178.601807037223
2,1405,10185.728234328528
2,1406,10205.15429823205
2,1407,10202.48414204295
2,1408,10237.103550028836
2,1409,10225.711454821789
2,1410,10217.59514262472
2,1411,10208.169688403044
2,1412,10204.534069835161
2,1413,10203.468804071585
2,1414,10188.634701317505
2,1415,10219.234953333862
2,1416,10183.960311572579
2,1417,10221.736005981076
2,1418,10198.228391757993
2,1419,10198.291993167373
2,1420,10171.078545482822
2,1421,10182.405474929528
2,1422,10228.913370108921
2,1423,10213.68506278128
2,1424,10237.922068234708
2,1425,10245.282154383176
2,1426,10251.555712880858
2,1427,10250.299453486718
2,1428,10232.738929409174
2,1429,10221.744627737728
2,1430,10197.670088486753
2,1431,10188.694497859762
2,1432,10188.836121400942
2,1433,10176.65840208781
2,1434,10171.579620688924
2,1435,10188.828632334093
2,1436,10216.751941760722
2,1437,10194.36249578271
2,1438,10197.307223854405
2,1439,10278.439507219233
2,1440,10295.214157359538
2,1441,10257.447610490652
2,1442,10237.268989424554
2,1443,10179.425626969192
2,1444,10178.939105175365
2,1445,10216.936241007055
2,1446,10216.585745953755
2,1447,10190.90711890142
2,1448,10208.656814062622
2,1449,10201.3860743383
2,1450,10206.100578814947
2,1451,10203.18274358885
2,1452,10202.893197286165
2,1453,10202.818155544106
2,1454,10237.101527108307
2,1455,10192.51326108438
2,1456,10174.391979294569
2,1457,10181.852436120176
2,1458,10207.743627826403
2,1459,10232.742389009536
2,1460,10213.143063698513
2,1461,10206.439157147372
2,1462,10196.760253699002
2,1463,10168.01424974863
2,1464,10165.28084726184
2,1465,10193.786395013205
2,1466,10215.968170085658
2,1467,10183.296946897992
2,1468,10207.229482833745
2,1469,10193.392863112616
2,1470,10173.247618263089
2,1471,10184.444739538454
2,1472,10207.556816572074
2,1473,10218.689071916091
2,1474,10201.090567240128
2,1475,10160.599202531508
2,1476,10200.717208551752
2,1477,10234.858128414517
2,1478,10217.295668871167
2,1479,10211.147322566916
2,1480,10211.750075223365
2,1481,10212.578417503846
2,1482,10237.678739082407
2,1483,10257.758602152438
2,1484,10230.203053033418
2,1485,10181.313477240039
2,1486,10157.862916296303
2,1487,10193.370875618482
2,1488,10251.99714064249
2,1489,10217.847290549355
2,1490,10217.262468921006
2,1491,10199.661071065128
2,1492,10206.71427410541
2,1493,10219.794414269241
2,1494,10169.267240422558
2,1495,10200.757725701707
2,1496,10180.289984000992
2,1497,10212.632508985158
2,1498,10215.105744880153
2,1499,10237.86881668322
2,1500,10214.717462106206
2,1501,10222.89900419132
2,1502,10231.48702519745
2,1503,10186.504776144262
2,1504,10161.711768179395
2,1505,10167.444958545668
2,1506,10158.75118713748
2,1507,10167.386470754065
2,1508,10169.913838848202
2,1509,10159.03708991774
2,1510,10164.477669247615
2,1511,10182.385691775957
2,1512,10208.17394771666
2,1513,10201.831792624716
2,1514,10189.943018425578
2,1515,10206.977458574196
2,1516,10228.171710609122
2,1517,10195.387251010343
2,1518,10199.415492374359
2,1519,10188.81191713478
2,1520,10224.357217968323
2,1521,10228.418758977981
2,1522,10216.760503853937
2,1523,10198.226821285243
2,1524,10184.763686085415
2,1525,10187.596911007964
2,1526,10193.128462720262
2,1527,10185.13602830746
2,1528,10162.375823366547
2,1529,10176.772430718072
2,1530,10177.07860239339
2,1531,10185.261447252848
2,1532,10202.787893348255
2,1533,10214.991174983586
2,1534,10226.189328216846
2,1535,10226.39421734269
2,1536,10237.22737990971
2,1537,10277.65225343249
2,1538,10252.981372934046
2,1539,10220.762265638828
2,1540,10210.31058029356
2,1541,10184.594212667791
2,1542,10172.22383607896
2,1543,10180.065689109671
2,1544,10189.466791926185
2,1545,10192.392697534995
2,1546,10234.107869221687
2,1547,10233.203719800335
2,1548,10231.58924341304
2,1549,10212.416450319535
2,1550,10205.761861125864
2,1551,10193.825568819431
2,1552,10190.7908429801
2,1553,10207.590210436229
2,1554,10172.811838656631
2,1555,10155.57405613671
2,1556,10181.704865444883
2,1557,10182.432115207379
2,1558,10222.757414870188
2,1559,10258.938995563994
2,1560,10227.502818149569
2,1561,10214.953224837
2,1562,10203.573872781662
2,1563,10251.132151623338
2,1564,10182.568391066385
2,1565,10195.7413467921
2,1566,10169.738884333663
2,1567,10193.024665290532
2,1568,10225.743725772609
2,1569,10226.453014278473
2,1570,10221.148245258824
2,1571,10258.92744102253
2,1572,10251.122050553806
2,1573,10210.307946854731
2,1574,10209.801955954816
2,1575,10238.29684123695
2,1576,10200.930260349287
2,1577,10174.17008259473
2,1578,10186.821555206212
2,1579,10185.846516813814
2,1580,10197.241869041696
2,1581,10216.480091880285
2,1582,10209.302508639448
2,1583,10204.627147637144
2,1584,10187.390327746592
2,1585,10225.323624440147
2,1586,10201.815377283878
2,1587,10188.988203923978
2,1588,10182.896754181917
2,1589,10186.624963916902
2,1590,10182.141946841568
2,1591,10206.908283528954
2,1592,10215.660245992294
2,1593,10206.550875151
2,1594,10218.609077752431
2,1595,10212.985223110732
2,1596,10202.402228412766
2,1597,10234.99208083579
2,1598,10205.397797739035
2,1599,10185.316331047185
2,1600,10160.573554323808
2,1601,10166.98123315424
2,1602,10191.029465658616
2,1603,10185.750105344972
2,1604,10166.76591057883
2,1605,10169.376614459095
2,1606,10186.462535174314
2,1607,10168.336338060853
2,1608,10195.130753169531
2,1609,10194.368567170515
2,1610,10198.185219563129
2,1611,10192.96537142747
2,1612,10179.295437673469
2,1613,10169.68360189175
2,1614,10206.77628798936
2,1615,10211.269388589753
2,1616,10213.883136596187
2,1617,10219.969729428207
2,1618,10213.228196621701
2,1619,10235.0665606937
2,1620,10189.457121129448
2,1621,10220.897279276302
2,1622,10211.035965034042
2,1623,10201.809570453592
2,1624,10229.484991028332
2,1625,10213.51154961076
2,1626,10218.089104081544
2,1627,10178.4828773747
2,1628,10170.226183446208
2,1629,10171.428496390741
2,1630,10190.996976485469
2,1631,10206.453639235047
2,1632,10201.491862302953
2,1633,10168.91803473785
2,1634,10185.53989025325
2,1635,10181.00571497553
2,1636,10191.24436244835
2,1637,10182.718030115608
2,1638,10184.876279310485
2,1639,10209.959979249175
2,1640,10249.968061452835
2,1641,10234.234878221856
2,1642,10218.069638930378
2,1643,10228.49398694067
2,1644,10206.408084253648
2,1645,10194.660609572624
2,1646,10211.31477580639
2,1647,10194.990911438937
2,1648,10194.593870011777
2,1649,10208.562580206764
2,1650,10179.989317206697
2,1651,10203.724988799111
2,1652,10180.857091886304
2,1653,10191.58611587327
2,1654,10157.17341106766
2,1655,10196.846540106786
2,1656,10219.144838674853
2,1657,10210.376281359691
2,1658,10226.922032540604
2,1659,10215.025924356125
2,1660,10205.747174755741
2,1661,10234.402911848098
2,1662,10255.563112687116
2,1663,10218.69466942761
2,1664,10243.651957317465
2,1665,10229.61281243233
2,1666,10212.081939627322
2,1667,10218.91423156288
2,1668,10188.796576072715
2,1669,10228.002525010483
2,1670,10253.195581730466
2,1671,10246.49418632828
2,1672,10198.626118494081
2,1673,10190.18531954696
2,1674,10192.755646934802
2,1675,10208.679034454712
2,1676,10193.467698174045
2,1677,10203.583693140918
2,1678,10208.576535804712
2,1679,10180.706514504807
2,1680,10205.957050706105
2,1681,10191.890920370817
2,1682,10195.867924493688
2,1683,10191.85953885549
2,1684,10196.376725836022
2,1685,10194.829486055009
2,1686,10169.929667284647
2,1687,10193.462353198347
2,1688,10185.997635127793
2,1689,10175.778754675239
2,1690,10210.360911936126
2,1691,10222.712145731115
2,1692,10206.43867880123
2,1693,10181.03892621602
2,1694,10197.090567448331
2,1695,10174.128362072472
2,1696,10146.476900098416
2,1697,10157.37222450964
2,1698,10169.606376813126
2,1699,10180.152043398086
2,1700,10166.305495359751
2,1701,10187.079284547768
2,1702,10222.64324068026
2,1703,10222.264905241902
2,1704,10226.310249793321
2,1705,10206.439646590845
2,1706,10212.167911763288
2,1707,10159.079714286478
2,1708,10159.020542420189
2,1709,10189.362982014074
2,1710,10207.46640922217
2,1711,10197.681694296536
2,1712,10175.184100091868
2,1713,10204.783756819452
2,1714,10208.601681864227
2,1715,10190.409956197434
2,1716,10186.970727290223
2,1717,10200.949695636897
2,1718,10208.031651766278
2,1719,10215.683135929741
2,1720,10219.87574764515
2,1721,10188.62438464809
2,1722,10212.528420632145
2,1723,10207.02021552413
2,1724,10226.520039497478
2,1725,10215.579799490433
2,1726,10235.820480474735
2,1727,10205.86317620231
2,1728,10188.417189358006
2,1729,10200.812284542002
2,1730,10194.937768187237
2,1731,10221.337489889318
2,1732,10206.0964443616
2,1733,10176.57689090843
2,1734,10179.191053659815
2,1735,10196.900387911488
2,1736,10219.86226633031
2,1737,10204.69015215967
2,1738,10190.778763755809
2,1739,10180.737595162524
2,1740,10187.347317565735
2,1741,10190.47900036843
2,1742,10201.288842075965
2,1743,10208.580505953714
2,1744,10204.843130629184
2,1745,10217.339753620925
2,1746,10222.778449326772
2,1747,10246.1279795682
2,1748,10225.924626255663
2,1749,10205.700986991838
2,1750,10216.616179979834
2,1751,10214.546525817248
2,1752,10201.178817742657
2,1753,10192.461748936821
2,1754,10197.827995303145
2,1755,10225.493112263777
2,1756,10209.453538443911
2,1757,10216.300429521829
2,1758,10200.994649874006
2,1759,10214.825081526515
2,1760,10248.443068339007
2,1761,10221.319905842123
2,1762,10223.077055503094
2,1763,10191.389975520387
2,1764,10181.43153256687
2,1765,10185.15127199614
2,1766,10193.850947990257
2,1767,10196.432027534594
2,1768,10188.661003811465
2,1769,10203.82176643707
2,1770,10185.334991924536
2,1771,10168.98593147317
2,1772,10164.38956185911
2,1773,10154.355741958982
2,1774,10194.645890883967
2,1775,10204.820167348793
2,1776,10194.43787259367
2,1777,10185.145998041875
2,1778,10147.775016637828
2,1779,10151.929630426665
2,1780,10200.341415628678
2,1781,10229.253528814941
2,1782,10223.071413364078
2,1783,10229.274352539736
2,1784,10201.84667037295
2,1785,10195.64934913513
2,1786,10175.046575020353
2,1787,10162.231068779474
2,1788,10156.242443151288
2,1789,10160.693642227294
2,1790,10216.978561357988
2,1791,10222.981753632148
2,1792,10203.074402036053
2,1793,10223.335043503606
2,1794,10214.20926935181
2,1795,10219.397160933799
2,1796,10223.68004043755
2,1797,10252.306709479893
2,1798,10236.883080515838
2,1799,10257.264558058843
2,1800,10209.989193032885
2,1801,10242.212339023265
2,1802,10201.153981514639
2,1803,10236.425036591136
2,1804,10227.359177559953
2,1805,10216.441940299228
2,1806,10226.370486481388
2,1807,10182.209833542427
2,1808,10214.775014914869
2,1809,10183.586915006868
2,1810,10186.167023522174
2,1811,10189.858445380572
2,1812,10199.401641008897
2,1813,10218.0161069363
2,1814,10200.40578463812
2,1815,10168.224349345974
2,1816,10185.690975291904
2,1817,10171.441449049842
2,1818,10187.396457299257
2,1819,10197.15419557903
2,1820,10224.356421269817
2,1821,10225.178316319061
2,1822,10215.375185751824
2,1823,10199.667483378058
2,1824,10176.789740298103
2,1825,10174.541247575533
2,1826,10178.229220418483
2,1827,10172.053573562796
2,1828,10189.052550047069
2,1829,10207.025142756964
2,1830,10170.655989228626
2,1831,10157.224904992923
2,1832,10159.198240427027
2,1833,10179.080859637468
2,1834,10200.136259687304
2,1835,10191.486934412318
2,1836,10179.272086429375
2,1837,10174.18507236383
2,1838,10201.387463846573
2,1839,10193.390156715766
2,1840,10223.63149938884
2,1841,10225.537707025773
2,1842,10197.132494632182
2,1843,10174.31623101
2,1844,10171.946217668083
2,1845,10203.7379377142
2,1846,10207.436435158172
2,1847,10183.476073400981
2,1848,10205.555493337368
2,1849,10214.899901491654
2,1850,10211.428773371028
2,1851,10217.800383763704
2,1852,10175.891302049495
2,1853,10194.996978136172
2,1854,10223.073643399563
2,1855,10224.927201138249
2,1856,10197.61087001787
2,1857,10175.872163442355
2,1858,10193.420235741754
2,1859,10198.044040974517
2,1860,10189.402291409715
2,1861,10170.637770568386
2,1862,10154.230489392745
2,1863,10193.75137726905
2,1864,10152.85083280225
2,1865,10183.272018377851
2,1866,10176.85667009388
2,1867,10162.9538717041
2,1868,10196.805913576549
2,1869,10229.934767126395
2,1870,10174.753252128949
2,1871,10207.89907448396
2,1872,10221.512033165658
2,1873,10185.28775666158
2,1874,10187.157872599828
2,1875,10182.206825603389
2,1876,10187.256030620594
2,1877,10210.844266602713
2,1878,10213.027718096031
2,1879,10213.258726370339
2,1880,10228.926871127025
2,1881,10237.760635847648
2,1882,10219.640621006905
2,1883,10211.774619532096
2,1884,10207.489368289558
2,1885,10192.94907392522
2,1886,10208.149211499942
2,1887,10243.828417684439
2,1888,10227.64811225952
2,1889,10221.671631544948
2,1890,10199.975728116986
2,1891,10204.398032665838
2,1892,10242.507398005102
2,1893,10239.171570476663
2,1894,10208.639222323713
2,1895,10209.235805876084
2,1896,10185.265482448753
2,1897,10154.499688992619
2,1898,10179.919276253111
2,1899,10190.118011944449
2,1900,10181.307267074842
2,1901,10163.578715915723
2,1902,10167.314676487524
2,1903,10147.047747847391
2,1904,10208.582892685386
2,1905,10211.79583358877
2,1906,10204.93641891893
2,1907,10213.815502087658
2,1908,10221.603010219234
2,1909,10224.645934116363
2,1910,10197.181491705172
2,1911,10204.92444225299
2,1912,10163.768841553583
2,1913,10172.91289313911
2,1914,10174.42517497532
2,1915,10178.098174579089
2,1916,10171.788027526514
2,1917,10169.943372553467
2,1918,10186.277338847078
2,1919,10197.407625932725
2,1920,10179.58380983309
2,1921,10187.860815956836
2,1922,10196.304435714328
2,1923,10219.05514782664
2,1924,10183.88432087216
2,1925,10202.514867546211
2,1926,10201.84449325734
2,1927,10166.417843443522
2,1928,10183.03519712315
2,1929,10169.464123937856
2,1930,10224.560392686062
2,1931,10181.478356750149
2,1932,10179.206438082047
2,1933,10171.544687580252
2,1934,10226.805528451649
2,1935,10212.291631190817
2,1936,10216.268137516652
2,1937,10204.872017518826
2,1938,10209.912473136546
2,1939,10235.162827425911
2,1940,10217.567969925942
2,1941,10186.793897499596
2,1942,10234.592006709692
2,1943,10263.545145770533
2,1944,10275.817191578937
2,1945,10217.18355125283
2,1946,10223.597517329616
2,1947,10238.787435439788
2,1948,10275.76330467533
2,1949,10261.765804142586
2,1950,10224.050978899726
2,1951,10194.932612180392
2,1952,10196.237108948133
2,1953,10199.196977112882
2,1954,10235.568855316162
2,1955,10227.90161151999
2,1956,10191.1240266365
2,1957,10235.854616784145
2,1958,10225.649567183882
2,1959,10225.040985023656
2,1960,10196.455164271962
2,1961,10215.00119627843
2,1962,10199.174535158343
2,1963,10229.436701777558
2,1964,10253.212671550282
2,1965,10218.205786312607
2,1966,10202.433159424036
2,1967,10214.539095018146
2,1968,10192.416222580725
2,1969,10205.548073056623
2,1970,10208.028644250528
2,1971,10204.177312656942
2,1972,10170.178055344451
2,1973,10178.630258656442
2,1974,10180.331474013952
2,1975,10164.790224972934
2,1976,10159.419897621936
2,1977,10195.88769106586
2,1978,10199.022006348665
2,1979,10165.633702839717
2,1980,10180.583465960297
2,1981,10141.741881140691
2,1982,10165.08600971575
2,1983,10169.519998968135
2,1984,10165.040472162646
2,1985,10158.36758769662
2,1986,10158.55652858051
2,1987,10160.487541960678
2,1988,10151.003697253329
2,1989,10182.313087789007
2,1990,10235.2096231828
2,1991,10224.16997863817
2,1992,10196.467587836374
2,1993,10213.278205214077
2,1994,10226.621403170775
2,1995,10220.473800173988
2,1996,10214.956179578972
2,1997,10233.755509919498
2,1998,10187.943929951427
2,1999,10207.793328403079
3,0,10220.255539903224
3,1,10216.864466279234
3,2,10180.728234509628
3,3,10205.493330811829
3,4,10176.62237944172
3,5,10202.138447556712
3,6,10205.042715527405
3,7,10209.466831754056
3,8,10220.062606179046
3,9,10222.893045591585
3,10,10208.729028933709
3,11,10243.34604708536
3,12,10231.119928496764
3,13,10235.007425236428
3,14,10220.192326641405
3,15,10176.32556559765
3,16,10230.92646636815
3,17,10203.916842466177
3,18,10226.590159401967
3,19,10210.976023336088
3,20,10159.328484101177
3,21,10174.792511470967
3,22,10179.877288833972
3,23,10221.670897921103
3,24,10188.054453168497
3,25,10192.43875937473
3,26,10216.592373162766
3,27,10211.12546317385
3,28,10206.884664994086
3,29,10222.897449055252
3,30,10233.967454119862
3,31,10207.101717465617
3,32,10217.99709556748
3,33,10244.886584703143
3,34,10245.170041263766
3,35,10242.784686068111
3,36,10247.668277570805
3,37,10205.607599875215
3,38,10184.077696204848
3,39,10211.568594770679
3,40,10228.007114301734
3,41,10248.41310047701
3,42,10240.796705830058
3,43,10220.63267708535
3,44,10248.398505636565
3,45,10204.655739885664
3,46,10207.550183467252
3,47,10198.874327807158
3,48,10201.546020669899
3,49,10195.234225503033
3,50,10206.828894886376
3,51,10184.248379278999
3,52,10153.10974053827
3,53,10197.145026795035
3,54,10188.765491941278
3,55,10189.101779865285
3,56,10195.380887256577
3,57,10167.193301567959
3,58,10161.576066727403
3,59,10193.768810200925
3,60,10199.66971013047
3,61,10173.534001014956
3,62,10161.72072034332
3,63,10164.30443427277
3,64,10204.78250614514
3,65,10181.322357011339
3,66,10216.665232683157
3,67,10184.9485135872
3,68,10181.828681429257
3,69,10172.6563625417
3,70,10172.149713635357
3,71,10186.618814998874
3,72,10186.177809427792
3,73,10170.087516004953
3,74,10202.131142684348
3,75,10185.471204209492
3,76,10238.388680247115
3,77,10183.38297832889
3,78,10202.926409356243
3,79,10204.254754313752
3,80,10251.159423360657
3,81,10175.478961706105
3,82,10155.219835640648
3,83,10157.150250356663
3,84,10181.49944705065
3,85,10175.292268064175
3,86,10163.559265629276
3,87,10171.552874244022
3,88,10166.468554575253
3,89,10145.077268292223
3,90,10195.024844855812
3,91,10209.421516998098
3,92,10208.397988017676
3,93,10220.924614345351
3,94,10224.275402911328
3,95,10202.172013557356
3,96,10182.229405700522
3,97,10213.318685882443
3,98,10236.138062974916
3,99,10190.543805434236
3,100,10187.965002405457
3,101,10162.744896832457
3,102,10147.173872885836
3,103,10217.06476112383
3,104,10171.49098913931
3,105,10181.511276311876
3,106,10143.613779863435
3,107,10166.1887211144
3,108,10188.646825902624
3,109,10165.091415531884
3,110,10170.836980342308
3,111,10185.743886033035
3,112,10185.492770427605
3,113,10165.319488990597
3,114,10199.305593577197
3,115,10187.471221573032
3,116,10195.926525207324
3,117,10210.112836338703
3,118,10190.814950374974
3,119,10173.296862405303
3,120,10133.222354750023
3,121,10169.873713292085
3,122,10169.290671088484
3,123,10194.179249864
3,124,10203.15322477195
3,125,10224.634891589065
3,126,10200.500600473479
3,127,10203.41665893669
3,128,10169.436082271231
3,129,10178.525160170318
3,130,10184.27509308902
3,131,10141.433114320373
3,132,10195.870602381518
3,133,10196.846027548781
3,134,10234.071625535187
3,135,10254.231462292824
3,136,10235.71137082734
3,137,10200.014947354744
3,138,10192.899321264165
3,139,10230.486270505602
3,140,10213.509161605554
3,141,10172.400846320474
3,142,10161.687570970376
3,143,10177.425630174554
3,144,10190.225779406226
3,145,10177.127686564043
3,146,10176.114461612036
3,147,10193.210044166957
3,148,10206.346641168342
3,149,10231.725671462742
3,150,10238.137375273793
3,151,10225.358810198277
3,152,10233.925099461207
3,153,10187.6669450116
3,154,10186.868576271085
3,155,10214.061569640198
3,156,10220.724660391543
3,157,10211.72311305366
3,158,10176.14303788083
3,159,10189.991137286524
3,160,10193.044476864467
3,161,10222.926434598528
3,162,10206.42637360238
3,163,10210.203247546555
3,164,10204.764812361995
3,165,10221.231833452472
3,166,10206.926972205769
3,167,10231.905128698076
3,168,10177.400248359883
3,169,10186.890301531683
3,170,10182.167291730382
3,171,10205.999443325238
3,172,10210.50698916091
3,173,10195.713252796048
3,174,10229.825006114743
3,175,10251.812295261489
3,176,10214.246239022577
3,177,10196.247554969714
3,178,10164.159355717407
3,179,10153.568244252183
3,180,10188.195858747376
3,181,10145.12891004713
3,182,10137.869792741483
3,183,10160.248654601734
3,184,10182.026315196594
3,185,10196.233544749977
3,186,10196.313467632224
3,187,10218.259251455644
3,188,10189.378308941361
3,189,10206.409963454213
3,190,10207.78428441155
3,191,10199.198993066637
3,192,10235.839307408245
3,193,10227.619766107182
3,194,10232.72588717068
3,195,10246.14166004519
3,196,10204.015632386416
3,197,10195.382020969919
3,198,10196.553425629043
3,199,10196.299489238923
3,200,10176.704547113775
3,201,10168.189051629011
3,202,10160.53437892973
3,203,10179.013170906399
3,204,10204.10562409026
3,205,10203.940138725195
3,206,10216.991179582034
3,207,10245.756406612976
3,208,10240.497639633273
3,209,10219.27201015042
3,210,10236.539907653296
3,211,10266.964017734874
3,212,10247.60956849623
3,213,10240.250889483072
3,214,10238.652237432852
3,215,10245.799058990273
3,216,10260.210404722835
3,217,10261.00621049284
3,218,10231.916988613544
3,219,10202.56205540924
3,220,10227.216250863868
3,221,10216.118181967833
3,222,10246.098614639403
3,223,10244.99436217061
3,224,10198.929726870116
3,225,10188.657920947964
3,226,10152.759884993106
3,227,10159.523498497714
3,228,10160.738462757738
3,229,10203.696756162955
3,230,10219.75809156026
3,231,10222.462970317334
3,232,10231.942334166682
3,233,10223.504679114269
3,234,10194.568057498987
3,235,10232.62282586061
3,236,10214.23111606063
3,237,10233.384156539058
3,238,10206.720776162898
3,239,10205.394078700181
3,240,10213.279093838259
3,241,10227.219596766488
3,242,10190.22384457318
3,243,10193.297643342614
3,244,10167.18746694585
3,245,10175.371337285005
3,246,10218.474381501586
3,247,10219.045911639894
3,248,10223.96877856359
3,249,10238.435853119805
3,250,10210.08838531771
3,251,10206.681769137764
3,252,10229.952108873078
3,253,10253.061698261075
3,254,10241.084247889532
3,255,10194.927696722498
3,256,10203.069402914685
3,257,10227.03120244634
3,258,10251.391734671082
3,259,10225.315716162662
3,260,10235.341895485039
3,261,10226.84574993356
3,262,10206.07958172121
3,263,10183.796708981728
3,264,10199.861085718712
3,265,10225.739423202676
3,266,10230.917714889232
3,267,10244.572154913432
3,268,10269.383688681393
3,269,10250.774684025138
3,270,10225.555296425831
3,271,10207.857587904417
3,272,10247.764021817617
3,273,10225.002346360923
3,274,10222.671362575999
3,275,10220.088176754478
3,276,10241.31677084719
3,277,10221.37499840648
3,278,10211.57889843721
3,279,10217.701830631482
3,280,10239.043812177551
3,281,10217.952468828755
3,282,10212.522942092295
3,283,10217.02031811821
3,284,10164.160069307412
3,285,10182.052864720936
3,286,10220.271288957685
3,287,10219.101774282855
3,288,10247.289565234658
3,289,10229.987184369791
3,290,10237.771897341463
3,291,10241.990142787456
3,292,10206.035328306336
3,293,10257.544504159474
3,294,10277.609470541027
3,295,10241.355878506001
3,296,10212.46134863104
3,297,10190.017290659087
3,298,10193.902031133177
3,299,10235.082521082617
3,300,10219.4838976436
3,301,10181.312096493593
3,302,10192.984732228642
3,303,10214.972842234793
3,304,10202.750930234442
3,305,10190.726971654673
3,306,10210.673624294408
3,307,10221.460445720264
3,308,10232.718260022157
3,309,10238.964938943938
3,310,10191.182283612809
3,311,10207.284262283105
3,312,10176.660145302789
3,313,10211.584549309257
3,314,10197.808923071747
3,315,10186.150886364076
3,316,10210.371674628755
3,317,10207.44657904114
3,318,10207.360506082132
3,319,10220.48236783367
3,320,10211.161305012542
3,321,10206.85926959239
3,322,10218.150852392695
3,323,10202.02485811306
3,324,10220.871265420095
3,325,10222.032381330215
3,326,10219.36296086693
3,327,10205.938785447433
3,328,10207.804156819238
3,329,10201.88778532602
3,330,10196.081659779393
3,331,10192.837392671634
3,332,10212.879145767589
3,333,10226.752074426719
3,334,10212.25720331792
3,335,10216.07437541897
3,336,10189.269941115464
3,337,10180.159117046334
3,338,10189.084000176947
3,339,10181.198806774291
3,340,10217.730762417512
3,341,10220.080364537396
3,342,10236.443675273118
3,343,10221.145455393333
3,344,10223.326234611695
3,345,10185.425117658802
3,346,10175.052523651211
3,347,10214.37199863484
3,348,10211.347711078686
3,349,10231.739592205155
3,350,10234.48859259777
3,351,10223.542580869507
3,352,10173.549919296534
3,353,10178.845051565717
3,354,10163.334095625678
3,355,10170.614060943146
3,356,10196.048110787036
3,357,10212.842562945392
3,358,10229.889872281932
3,359,10238.06769548179
3,360,10213.157422751887
3,361,10160.113389378566
3,362,10154.853090257771
3,363,10190.606859057427
3,364,10193.13535093308
3,365,10157.107148533401
3,366,10200.346112788358
3,367,10249.646577786722
3,368,10230.42784998881
3,369,10211.404538852132
3,370,10179.431028278448
3,371,10218.081022260028
3,372,10198.716246131184
3,373,10218.794639246002
3,374,10203.017466281048
3,375,10240.077244560889
3,376,10227.783189442534
3,377,10183.03564109444
3,378,10216.563872757984
3,379,10200.013448899092
3,380,10195.177221905386
3,381,10168.103892369661
3,382,10172.300524911885
3,383,10178.68875694644
3,384,10245.994747321245
3,385,10251.74959521721
3,386,10292.139159949968
3,387,10284.521985566622
3,388,10250.360149911652
3,389,10169.086979947295
3,390,10182.668412710365
3,391,10176.728879554135
3,392,10187.772112882214
3,393,10203.477895008624
3,394,10190.86622554455
3,395,10225.037711320389
3,396,10232.146244673231
3,397,10236.041887517313
3,398,10233.239724894634
3,399,10222.012846764883
3,400,10212.637455102373
3,401,10199.921958425957
3,402,10182.687149659363
3,403,10178.836254675882
3,404,10205.246778398678
3,405,10176.075378210024
3,406,10216.438633368532
3,407,10209.380413972416
3,408,10204.446192828933
3,409,10200.742828668175
3,410,10203.05189633078
3,411,10216.134982725083
3,412,10228.007860719576
3,413,10201.559464719863
3,414,10224.040658582555
3,415,10224.34763931792
3,416,10180.440934556516
3,417,10188.641758576841
3,418,10194.467608353558
3,419,10174.067310436547
3,420,10201.310288096785
3,421,10201.920100925097
3,422,10207.44071412015
3,423,10170.308596553044
3,424,10154.989958014658
3,425,10171.606312949552
3,426,10178.783520838686
3,427,10198.449330005364
3,428,10182.510224532409
3,429,10203.550024241542
3,430,10197.094805051975
3,431,10201.21241139067
3,432,10192.6702763496
3,433,10193.794843016758
3,434,10204.437412143321
3,435,10176.521507580941
3,436,10198.314669002597
3,437,10181.277460927155
3,438,10176.667781995522
3,439,10194.55597230346
3,440,10208.7257041199
3,441,10180.70859677658
3,442,10178.752143584503
3,443,10244.898573640829
3,444,10200.72032743268
3,445,10181.909381946913
3,446,10189.237418588398
3,447,10199.745297772943
3,448,10168.62042382418
3,449,10177.938180027835
3,450,10188.673560342526
3,451,10206.707172312523
3,452,10212.006144017763
3,453,10193.39008507354
3,454,10196.70924196969
3,455,10196.296266034102
3,456,10185.9955233409
3,457,10148.763629554065
3,458,10159.977620094138
3,459,10148.63606061429
3,460,10195.656007721302
3,461,10212.334702133961
3,462,10174.896348691502
3,463,10175.487112778375
3,464,10193.543477729556
3,465,10184.590305101654
3,466,10199.56027910537
3,467,10203.246850377067
3,468,10201.812408820844
3,469,10202.8227764879
3,470,10204.346845228867
3,471,10215.490643709925
3,472,10208.012175275677
3,473,10257.114312108795
3,474,10230.53683902113
3,475,10252.673046913866
3,476,10191.039806206361
3,477,10181.90463085581
3,478,10198.1820634399
3,479,10207.068122815701
3,480,10203.76494451217
3,481,10203.313147269397
3,482,10195.1077698491
3,483,10218.768061691506
3,484,10240.102630423968
3,485,10216.15494695233
3,486,10163.872511416357
3,487,10162.641083538563
3,488,10151.73425951949
3,489,10172.183652417105
3,490,10192.442388902877
3,491,10194.796177345095
3,492,10197.288343961707
3,493,10182.347584896648
3,494,10161.366792108958
3,495,10194.292656071178
3,496,10178.745461433462
3,497,10201.226275323692
3,498,10185.282641132822
3,499,10151.225026222211
3,500,10198.030186557793
3,501,10173.335870654657
3,502,10194.128824364374
3,503,10222.751310414089
3,504,10199.099770947256
3,505,10211.248137075008
3,506,10198.998570684776
3,507,10225.186154526175
3,508,10236.884695675968
3,509,10236.15718939162
3,510,10235.56880854569
3,511,10225.210781846621
3,512,10212.674071529882
3,513,10212.126297522078
3,514,10199.775806898313
3,515,10199.281719816403
3,516,10219.425528576647
3,517,10220.50867832855
3,518,10212.151754041166
3,519,10236.20161906863
3,520,10239.461738291724
3,521,10234.57860488902
3,522,10206.668864110969
3,523,10219.226181151185
3,524,10201.350592346595
3,525,10177.30536091051
3,526,10188.286491448664
3,527,10172.093786429103
3,528,10189.787542246813
3,529,10206.296296764465
3,530,10200.391699878162
3,531,10216.83024819128
3,532,10173.590149984027
3,533,10134.425712361364
3,534,10167.005556313974
3,535,10226.154759857152
3,536,10245.986102779287
3,537,10257.201129596462
3,538,10239.926038615042
3,539,10216.428190830313
3,540,10186.795379352492
3,541,10190.611722977785
3,542,10203.879745992945
3,543,10212.69615429288
3,544,10185.238350727534
3,545,10170.275816182737
3,546,10181.540481461363
3,547,10214.03867712913
3,548,10245.279604237876
3,549,10169.552756697476
3,550,10194.855884318908
3,551,10201.062379874576
3,552,10200.441458012856
3,553,10209.699751963537
3,554,10185.221650798674
3,555,10186.967428873055
3,556,10182.644027026621
3,557,10184.638991005215
3,558,10224.718262599612
3,559,10216.257228563874
3,560,10188.203902346486
3,561,10194.837676393416
3,562,10182.769414896826
3,563,10201.07374747322
3,564,10165.581278970387
3,565,10166.259289580954
3,566,10192.59224268133
3,567,10212.451110029802
3,568,10185.589136714761
3,569,10190.653086450857
3,570,10163.729330950031
3,571,10175.570511991007
3,572,10236.451117382527
3,573,10209.837697281897
3,574,10193.450880527636
3,575,10214.578856521408
3,576,10214.535238355698
3,577,10218.598044521403
3,578,10195.355039375443
3,579,10208.80304417614
3,580,10167.963938026885
3,581,10152.962433082328
3,582,10172.33398972054
3,583,10192.11196520799
3,584,10225.607191343064
3,585,10207.363243128666
3,586,10192.40523573861
3,587,10178.269166224749
3,588,10217.82647975264
3,589,10246.26308188705
3,590,10228.945412231256
3,591,10198.552690094491
3,592,10212.171729916838
3,593,10215.444696868668
3,594,10234.829712216731
3,595,10265.998885739727
3,596,10235.19830483676
3,597,10232.47546687121
3,598,10215.246802115098
3,599,10228.62059948812
3,600,10199.702726929527
3,601,10181.561275133152
3,602,10168.629050448362
3,603,10188.022243646641
3,604,10189.60973531481
3,605,10198.486026572948
3,606,10234.13663341447
3,607,10208.143675800073
3,608,10231.02270813087
3,609,10222.82599610261
3,610,10236.924432882799
3,611,10199.263809454776
3,612,10160.263129602166
3,613,10159.703959326218
3,614,10168.75195505496
3,615,10191.725786221274
3,616,10164.29125092273
3,617,10181.130917594097
3,618,10200.667587458955
3,619,10209.612955290711
3,620,10240.379710406718
3,621,10239.843155954793
3,622,10206.03059948442
3,623,10205.361004139744
3,624,10203.224348974283
3,625,10210.455764530549
3,626,10201.346663925542
3,627,10213.76610885867
3,628,10163.638172251904
3,629,10181.881456144305
3,630,10198.823337216729
3,631,10212.478998808474
3,632,10250.514702501969
3,633,10196.045941917571
3,634,10189.919246763046
3,635,10223.734170797105
3,636,10221.523761771108
3,637,10240.491271696286
3,638,10202.468648131638
3,639,10207.570423348427
3,640,10176.727505300467
3,641,10186.740264659844
3,642,10191.426021409736
3,643,10177.149679394377
3,644,10211.371842937077
3,645,10211.77622383251
3,646,10189.618084232035
3,647,10197.432899605086
3,648,10221.118027880724
3,649,10224.247446319607
3,650,10245.423213091062
3,651,10244.447840162336
3,652,10188.916565216645
3,653,10224.352368815502
3,654,10232.59788389093
3,655,10206.945172850586
3,656,10236.200250734346
3,657,10236.28113488192
3,658,10218.594116458038
3,659,10239.187367465087
3,660,10228.299293698807
3,661,10236.021961920338
3,662,10193.888903712545
3,663,10192.82737022612
3,664,10210.400748688726
3,665,10230.464514728497
3,666,10227.925540588127
3,667,10218.532880408295
3,668,10214.066679468948
3,669,10205.01725192517
3,670,10200.51112683911
3,671,10181.367826862466
3,672,10208.911249329381
3,673,10228.071939524762
3,674,10206.16812637358
3,675,10223.521161103194
3,676,10219.211094154825
3,677,10230.69169745244
3,678,10235.889865678037
3,679,10212.716979540764
3,680,10204.247074682107
3,681,10213.322939130101
3,682,10208.09549865704
3,683,10209.446288043106
3,684,10219.381475283211
3,685,10227.655518886959
3,686,10192.413467437877
3,687,10183.310755621496
3,688,10193.73393347895
3,689,10211.90109970823
3,690,10218.6713504882
3,691,10216.602060410656
3,692,10192.578337244091
3,693,10203.941079412218
3,694,10198.175996841228
3,695,10188.990359718788
3,696,10207.04281386196
3,697,10164.766816177462
3,698,10174.24417994035
3,699,10190.645298398536
3,700,10198.293100457211
3,701,10208.38868164288
3,702,10208.633463346223
3,703,10198.050868166269
3,704,10150.81974582064
3,705,10156.624092693117
3,706,10150.5012292268
3,707,10172.545133543572
3,708,10189.327530797365
3,709,10194.208408114402
3,710,10209.091907471917
3,711,10219.545757702928
3,712,10232.30570603435
3,713,10235.33791214915
3,714,10227.755291946205
3,715,10181.37980556495
3,716,10221.479745051569
3,717,10251.152106161579
3,718,10234.208028392322
3,719,10222.627206453892
3,720,10175.007122496609
3,721,10183.812073751033
3,722,10183.15213161529
3,723,10221.110609768913
3,724,10204.519391615448
3,725,10223.060591056108
3,726,10190.7687943258
3,727,10175.280048493427
3,728,10184.599388219367
3,729,10209.28822030639
3,730,10177.4583336379
3,731,10174.361936774512
3,732,10193.18738791602
3,733,10201.875648332963
3,734,10204.896207540596
3,735,10187.9784820326
3,736,10210.418044932216
3,737,10211.64973292018
3,738,10205.16557165062
3,739,10204.861413035875
3,740,10197.970847767136
3,741,10202.038085750217
3,742,10199.749004955225
3,743,10158.626391322403
3,744,10196.937653382976
3,745,10225.344576758562
3,746,10227.838875177782
3,747,10207.13759714215
3,748,10225.311320775325
3,749,10220.278890277907
3,750,10218.382916666005
3,751,10219.441662029207
3,752,10179.61666640397
3,753,10176.62568777364
3,754,10201.678860027967
3,755,10185.127522863462
3,756,10197.380884349364
3,757,10210.769839355022
3,758,10176.877009758478
3,759,10185.329063378427
3,760,10192.647257982753
3,761,10194.65889130024
3,762,10193.438638402567
3,763,10188.853732068033
3,764,10187.207704485707
3,765,10204.451155758852
3,766,10176.97534020075
3,767,10194.504509812534
3,768,10211.964678140825
3,769,10224.378247729941
3,770,10191.205842399366
3,771,10188.159640956223
3,772,10198.647354478311
3,773,10173.834946288434
3,774,10175.903029152
3,775,10183.272621847467
3,776,10190.110526131317
3,777,10180.888641648307
3,778,10169.695265693352
3,779,10194.888347293887
3,780,10182.427874549008
3,781,10209.026938913566
3,782,10198.213914955793
3,783,10189.461150769645
3,784,10203.602713495115
3,785,10212.998465206429
3,786,10221.831677316903
3,787,10194.87664030022
3,788,10225.674465592601
3,789,10244.822638396952
3,790,10206.20462034627
3,791,10200.814543235725
3,792,10216.44987286503
3,793,10225.617155796534
3,794,10259.14518063826
3,795,10232.982613853528
3,796,10224.175414015515
3,797,10230.86120955289
3,798,10210.166925773701
3,799,10220.947770388793
3,800,10228.558104584314
3,801,10230.08357456809
3,802,10180.648941391628
3,803,10176.59749932928
3,804,10219.399528391652
3,805,10233.882245194476
3,806,10234.619366044017
3,807,10219.244499249951
3,808,10171.18732798088
3,809,10201.78443153937
3,810,10221.365123748248
3,811,10203.28354873125
3,812,10183.128062853992
3,813,10191.430157448009
3,814,10183.011497092046
3,815,10194.614537396972
3,816,10174.971723746547
3,817,10170.66069379016
3,818,10175.746831925746
3,819,10172.530626440013
3,820,10216.50036528717
3,821,10189.068998022456
3,822,10167.273334226908
3,823,10201.170518729774
3,824,10213.205735956515
3,825,10184.686561357785
3,826,10162.179115338575
3,827,10188.563957223816
3,828,10181.977340160985
3,829,10143.03446797456
3,830,10205.144515215956
3,831,10207.356557284187
3,832,10239.4814751519
3,833,10233.341416651147
3,834,10244.787854851149
3,835,10260.794099794082
3,836,10234.817334735593
3,837,10210.800968252397
3,838,10171.34051634661
3,839,10201.585295064413
3,840,10217.41408269115
3,841,10184.999749269344
3,842,10226.191323069777
3,843,10228.2131771547
3,844,10216.087756512352
3,845,10205.567963524638
3,846,10196.138687648197
3,847,10168.32219020966
3,848,10177.269676254697
3,849,10174.681202133717
3,850,10222.087392899104
3,851,10192.839541298934
3,852,10196.926072458553
3,853,10204.197770479926
3,854,10232.11018302039
3,855,10209.03577642594
3,856,10197.114190224464
3,857,10197.249511115302
3,858,10210.712399401065
3,859,10219.464115751352
3,860,10203.575345183563
3,861,10231.537765109995
3,862,10223.763878384374
3,863,10206.625089300249
3,864,10197.230663085025
3,865,10166.107265586637
3,866,10174.66988695778
3,867,10201.472103699753
3,868,10208.91145729632
3,869,10186.977922042775
3,870,10207.338723232942
3,871,10200.731545526689
3,872,10195.011703727138
3,873,10205.362460304286
3,874,10207.668632417872
3,875,10231.2562427193
3,876,10209.660118652359
3,877,10168.831869408525
3,878,10184.020500280898
3,879,10187.659206215685
3,880,10238.48964304364
3,881,10254.62626647475
3,882,10202.281160067747
3,883,10220.582012790095
3,884,10189.612807409912
3,885,10193.771742920884
3,886,10201.846264588807
3,887,10196.599673210567
3,888,10220.727886218134
3,889,10194.126985888784
3,890,10202.874653796734
3,891,10192.469840040503
3,892,10217.760911483054
3,893,10211.64152861881
3,894,10233.866933970545
3,895,10260.950534722857
3,896,10237.925167488493
3,897,10166.10818782323
3,898,10197.730334468844
3,899,10207.362703036388
3,900,10204.187312881975
3,901,10184.520887493232
3,902,10187.25045361537
3,903,10187.023231426854
3,904,10212.782250588405
3,905,10214.2795939764
3,906,10225.801491750099
3,907,10231.99182491623
3,908,10230.840771903306
3,909,10210.636239001276
3,910,10202.9026273604
3,911,10203.925561987007
3,912,10219.720461396333
3,913,10210.938881737628
3,914,10205.553761573969
3,915,10192.151200713022
3,916,10206.8005488808
3,917,10193.96920202443
3,918,10201.868089974654
3,919,10197.216182885006
3,920,10195.572181495063
3,921,10185.151402682439
3,922,10193.894443546433
3,923,10218.714045958031
3,924,10237.390276266966
3,925,10246.250761120531
3,926,10245.837240884917
3,927,10228.842455846909
3,928,10216.260600811751
3,929,10184.02303385358
3,930,10178.619818997731
3,931,10186.521329637058
3,932,10181.196804444135
3,933,10215.016055033448
3,934,10216.885760029585
3,935,10206.791200485286
3,936,10205.895384339032
3,937,10203.528842142257
3,938,10185.725865399096
3,939,10196.951246014338
3,940,10174.356406901701
3,941,10191.984182104297
3,942,10187.064663612711
3,943,10165.233716942483
3,944,10212.685823572703
3,945,10242.919551620564
3,946,10215.506027035433
3,947,10189.86899066264
3,948,10199.69554472267
3,949,10200.099131497043
3,950,10168.637210896859
3,951,10197.94219818804
3,952,10265.719185838045
3,953,10214.625983152233
3,954,10213.799870066694
3,955,10185.065218062879
3,956,10193.125511688859
3,957,10172.952113603042
3,958,10145.31079537678
3,959,10156.242729437017
3,960,10182.58394914657
3,961,10213.800895813496
3,962,10226.288092395305
3,963,10208.988563524303
3,964,10222.367667686256
3,965,10209.801078472658
3,966,10220.42180853718
3,967,10227.66055461017
3,968,10237.224548420594
3,969,10252.551225228903
3,970,10216.373153047562
3,971,10239.954798315479
3,972,10229.97177326753
3,973,10229.642727428993
3,974,10189.253726255487
3,975,10197.572385060595
3,976,10200.234985195968
3,977,10173.465945867458
3,978,10175.263282014665
3,979,10174.80351074867
3,980,10170.214673404966
3,981,10208.708405512183
3,982,10211.026209608326
3,983,10207.972781715269
3,984,10182.964927966916
3,985,10159.557912473058
3,986,10147.179107445987
3,987,10211.285835008874
3,988,10191.804583811578
3,989,10210.149344836955
3,990,10185.157957551794
3,991,10179.032747927515
3,992,10203.600398144485
3,993,10178.592980841631
3,994,10185.716339537483
3,995,10219.321631430277
3,996,10211.468729045491
3,997,10178.956465037125
3,998,10167.336513860395
3,999,10149.583259075487
3,1000,10156.460184548132
3,1001,10195.168746751884
3,1002,10222.626262392945
3,1003,10198.252124865483
3,1004,10201.482244427416
3,1005,10209.382008139966
3,1006,10201.203553861313
3,1007,10222.381982116667
3,1008,10190.797267670385
3,1009,10197.111847402333
3,1010,10197.49352883329
3,1011,10229.78564681597
3,1012,10236.038801266384
3,1013,10202.017354522122
3,1014,10237.522555922418
3,1015,10221.966068156313
3,1016,10234.44446042363
3,1017,10260.786987457017
3,1018,10243.304000466233
3,1019,10216.431746348548
3,1020,10197.590446603517
3,1021,10189.827017831421
3,1022,10165.742166744532
3,1023,10177.453646105532
3,1024,10201.279246782806
3,1025,10191.119089453645
3,1026,10194.432524049933
3,1027,10182.321649507958
3,1028,10208.61163173382
3,1029,10175.9861969013
3,1030,10172.801962608919
3,1031,10185.846826024646
3,1032,10194.542238890095
3,1033,10174.468203437513
3,1034,10187.512358597409
3,1035,10179.553628646963
3,1036,10190.135570358605
3,1037,10213.585332442699
3,1038,10224.88987497867
3,1039,10233.809196438075
3,1040,10238.581700646928
3,1041,10240.25543606772
3,1042,10226.406735892082
3,1043,10206.911942741885
3,1044,10181.924390211612
3,1045,10194.914824486319
3,1046,10198.589532810805
3,1047,10210.545880271313
3,1048,10191.2329337852
3,1049,10206.075107662955
3,1050,10212.760829762696
3,1051,10205.780538509389
3,1052,10216.978797679141
3,1053,10209.084726174253
3,1054,10196.001191969212
3,1055,10236.5148043746
3,1056,10194.122085058041
3,1057,10194.09650260804
3,1058,10217.045167569513
3,1059,10188.284177440137
3,1060,10179.227061396152
3,1061,10191.207647753288
3,1062,10197.065504633074
3,1063,10166.997019689632
3,1064,10188.502394979434
3,1065,10191.121948105503
3,1066,10220.980560066098
3,1067,10222.398338431067
3,1068,10172.236481876776
3,1069,10158.17925801337
3,1070,10136.784050185799
3,1071,10157.555174986019
3,1072,10152.13315253527
3,1073,10168.65311843548
3,1074,10202.106457907754
3,1075,10166.392923141435
3,1076,10170.023919057843
3,1077,10160.107603356864
3,1078,10149.887302864006
3,1079,10182.285509637852
3,1080,10180.734535174499
3,1081,10183.898410970633
3,1082,10183.62851757552
3,1083,10202.915439908347
3,1084,10197.88684253564
3,1085,10194.988944815785
3,1086,10193.04102800098
3,1087,10195.26523017976
3,1088,10195.761059086868
3,1089,10194.523998737674
3,1090,10206.17874271589
3,1091,10225.023133977636
3,1092,10213.23995559485
3,1093,10207.260031426993
3,1094,10187.135696814104
3,1095,10200.882364072184
3,1096,10200.092740060903
3,1097,10193.805767341259
3,1098,10161.911761349396
3,1099,10203.26622173858
3,1100,10204.991775503133
3,1101,10218.928440854232
3,1102,10231.128085021754
3,1103,10249.448387007591
3,1104,10254.22030751182
3,1105,10239.293219240955
3,1106,10220.300472576977
3,1107,10211.38357561478
3,1108,10196.92919611415
3,1109,10205.058474077508
3,1110,10188.960296977497
3,1111,10175.48632053861
3,1112,10150.137665164657
3,1113,10183.405739903461
3,1114,10183.547403373903
3,1115,10219.234566354453
3,1116,10182.80999592761
3,1117,10212.56511719163
3,1118,10216.316927819174
3,1119,10216.19970140879
3,1120,10202.132124994394
3,1121,10192.389414667927
3,1122,10200.298037765117
3,1123,10220.029885398493
3,1124,10208.125434801648
3,1125,10212.84853873695
3,1126,10173.695533814187
3,1127,10190.63562976731
3,1128,10188.061240904917
3,1129,10181.363210404435
3,1130,10187.801341237515
3,1131,10176.217923019256
3,1132,10178.449348373848
3,1133,10169.62334579497
3,1134,10173.974487494681
3,1135,10174.058886502935
3,1136,10243.702229451259
3,1137,10204.477897848414
3,1138,10210.315180605106
3,1139,10241.695032165442
3,1140,10195.891568676143
3,1141,10203.464093270042
3,1142,10215.556744757463
3,1143,10203.74275115164
3,1144,10235.729661996362
3,1145,10268.457735661756
3,1146,10217.685322277663
3,1147,10186.90557459286
3,1148,10188.633206984283
3,1149,10202.026544724355
3,1150,10200.789419730192
3,1151,10188.333229480404
3,1152,10199.889383361326
3,1153,10243.625019429996
3,1154,10233.444857902521
3,1155,10201.372974177903
3,1156,10200.67745002433
3,1157,10206.484254096358
3,1158,10213.07897378926
3,1159,10183.512655105476
3,1160,10211.678389637287
3,1161,10218.730757825037
3,1162,10215.228181742645
3,1163,10202.283770374825
3,1164,10194.815498238358
3,1165,10192.16739033952
3,1166,10142.638202951448
3,1167,10152.852369904878
3,1168,10179.14298817545
3,1169,10193.748918181313
3,1170,10226.72794308132
3,1171,10191.107455485297
3,1172,10174.719402663415
3,1173,10168.50902935184
3,1174,10179.929877370061
3,1175,10253.399075751386
3,1176,10213.729377737365
3,1177,10224.978106576345
3,1178,10216.164129199205
3,1179,10245.855018360553
3,1180,10202.583550326153
3,1181,10194.536364205556
3,1182,10172.676273500325
3,1183,10166.103748325155
3,1184,10171.822521016471
3,1185,10148.131308219583
3,1186,10202.342803875681
3,1187,10220.342594659705
3,1188,10215.933737962172
3,1189,10228.301154784413
3,1190,10200.679781825114
3,1191,10190.44016541391
3,1192,10226.575729512895
3,1193,10254.340930470746
3,1194,10261.301878346425
3,1195,10248.574592398985
3,1196,10203.955939014406
3,1197,10207.56485821072
3,1198,10231.4019397362
3,1199,10221.031904533416
3,1200,10195.697276634659
3,1201,10199.796684248855
3,1202,10176.075809957692
3,1203,10140.122030186765
3,1204,10159.54370017424
3,1205,10181.137338194138
3,1206,10188.571527992923
3,1207,10179.331323748984
3,1208,10200.621010785417
3,1209,10227.551149672214
3,1210,10214.858714680962
3,1211,10197.46386068321
3,1212,10197.246615514914
3,1213,10217.587816198402
3,1214,10230.427645760665
3,1215,10239.631284010098
3,1216,10202.820076449758
3,1217,10243.059860067833
3,1218,10186.613712708333
3,1219,10195.430720482302
3,1220,10195.781782670736
3,1221,10194.29656285153
3,1222,10215.055265458588
3,1223,10183.940352584777
3,1224,10221.62553129342
3,1225,10212.848653606334
3,1226,10242.996066353475
3,1227,10228.025703461693
3,1228,10230.065853525584
3,1229,10210.692572867423
3,1230,10241.819160036439
3,1231,10214.816805582319
3,1232,10208.040220163763
3,1233,10228.255523481675
3,1234,10232.013708909804
3,1235,10260.717488464676
3,1236,10242.910473857417
3,1237,10276.170098429966
3,1238,10210.37276860543
3,1239,10219.312934914387
3,1240,10241.252947350547
3,1241,10184.323814296853
3,1242,10194.654446814164
3,1243,10217.81525616387
3,1244,10200.802827645139
3,1245,10210.698363681502
3,1246,10201.862680114984
3,1247,10173.00730991409
3,1248,10173.656439794484
3,1249,10206.59248123407
3,1250,10224.191241337096
3,1251,10212.132490434013
3,1252,10236.787180898304
3,1253,10203.486295101338
3,1254,10251.455670598838
3,1255,10225.073036420134
3,1256,10183.959574791039
3,1257,10178.932039866124
3,1258,10177.469713883966
3,1259,10165.554021888596
3,1260,10205.895436894574
3,1261,10204.551766346593
3,1262,10219.396766318943
3,1263,10204.626368096699
3,1264,10214.17728287116
3,1265,10231.583861204022
3,1266,10224.812238823264
3,1267,10176.291547159757
3,1268,10233.695125355367
3,1269,10225.746519639986
3,1270,10267.032837600382
3,1271,10254.611465043236
3,1272,10224.13452203132
3,1273,10213.324889487381
3,1274,10255.389892546435
3,1275,10233.355330736948
3,1276,10200.294563024807
3,1277,10192.258535735877
3,1278,10163.30304823329
3,1279,10164.732486796196
3,1280,10162.705507937724
3,1281,10177.581548455655
3,1282,10200.033271757802
3,1283,10216.045875589005
3,1284,10201.624792575383
3,1285,10192.863936060718
3,1286,10198.171306108914
3,1287,10188.684799214634
3,1288,10194.41369558149
3,1289,10170.723682684924
3,1290,10199.216437794583
3,1291,10201.130140670974
3,1292,10210.088539701852
3,1293,10179.374485502412
3,1294,10188.86486719044
3,1295,10182.524836205843
3,1296,10206.381037310535
3,1297,10225.623263024267
3,1298,10210.926454880133
3,1299,10210.628882835928
3,1300,10211.172730776074
3,1301,10210.42920241521
3,1302,10227.572631197278
3,1303,10200.962941134163
3,1304,10205.265863336304
3,1305,10171.181626354135
3,1306,10166.376162966279
3,1307,10189.078970525008
3,1308,10231.786925630751
3,1309,10206.84192975095
3,1310,10217.546449347205
3,1311,10229.878656520226
3,1312,10195.972263892598
3,1313,10197.97419735874
3,1314,10241.768145038288
3,1315,10232.000535068111
3,1316,10209.22381548213
3,1317,10228.72566770992
3,1318,10216.757785233685
3,1319,10195.386145325512
3,1320,10217.442825456916
3,1321,10189.053681514493
3,1322,10214.388197600341
3,1323,10203.278845230301
3,1324,10198.527345923058
3,1325,10233.804299226036
3,1326,10224.460672785437
3,1327,10198.382551338735
3,1328,10210.619121777074
3,1329,10211.657111681065
3,1330,10233.935638181116
3,1331,10203.328006455526
3,1332,10174.443935313413
3,1333,10226.562021692152
3,1334,10198.638653282895
3,1335,10210.34154464145
3,1336,10222.710971450178
3,1337,10198.002825761321
3,1338,10183.63292262434
3,1339,10210.266653349168
3,1340,10212.906219637993
3,1341,10227.475577949304
3,1342,10217.688713556967
3,1343,10166.44943376689
3,1344,10173.32165619093
3,1345,10197.752868855916
3,1346,10230.031758900657
3,1347,10230.211810827948
3,1348,10227.977465708005
3,1349,10225.242053958547
3,1350,10205.315590169228
3,1351,10205.497151285268
3,1352,10186.161619003857
3,1353,10204.04576896522
3,1354,10208.495979505486
3,1355,10213.858828115259
3,1356,10179.039794359212
3,1357,10186.383584528901
3,1358,10231.881283835284
3,1359,10248.159384403496
3,1360,10226.885552689562
3,1361,10205.359451534658
3,1362,10200.675571308579
3,1363,10204.992153329731
3,1364,10235.405044621673
3,1365,10238.812590931038
3,1366,10241.15673273318
3,1367,10195.077560698963
3,1368,10196.548458754518
3,1369,10221.460838568306
3,1370,10230.520839761693
3,1371,10207.441570318924
3,1372,10186.391732342177
3,1373,10167.426871755239
3,1374,10177.514305517328
3,1375,10176.550797891325
3,1376,10148.85877069295
3,1377,10188.571332774234
3,1378,10202.012611909024
3,1379,10201.7527533723
3,1380,10216.587459430331
3,1381,10216.713643729167
3,1382,10201.321218540801
3,1383,10179.87152153371
3,1384,10164.566134784734
3,1385,10135.841071005392
3,1386,10186.291029982796
3,1387,10180.373393871072
3,1388,10201.165840611202
3,1389,10197.128696044321
3,1390,10172.737975023554
3,1391,10178.03080796518
3,1392,10205.161539755909
3,1393,10174.767683989092
3,1394,10166.969378294765
3,1395,10160.926642794082
3,1396,10204.25527238037
3,1397,10215.49246277882
3,1398,10213.891643462954
3,1399,10206.957036734617
3,1400,10234.148695663302
3,1401,10212.665379096154
3,1402,10209.756132414874
3,1403,10205.552848131727
3,1404,10215.491999341395
3,1405,10229.707230222266
3,1406,10222.901938299543
3,1407,10210.097979909307
3,1408,10227.664080320523
3,1409,10201.384980096596
3,1410,10177.039356541658
3,1411,10173.903726162767
3,1412,10213.376309762205
3,1413,10202.194459374963
3,1414,10177.843497923755
3,1415,10192.04781486323
3,1416,10202.421635910941
3,1417,10174.906355353472
3,1418,10190.795731112907
3,1419,10225.224790184238
3,1420,10207.481700371342
3,1421,10202.342836266624
3,1422,10191.664210844498
3,1423,10214.197325811554
3,1424,10219.135581405773
3,1425,10181.080242998569
3,1426,10164.660729834166
3,1427,10154.337181719595
3,1428,10139.404417022377
3,1429,10145.694658857496
3,1430,10160.567605507558
3,1431,10193.657757196443
3,1432,10194.826935392106
3,1433,10176.132158275477
3,1434,10164.29364496032
3,1435,10163.426550731276
3,1436,10175.32965510692
3,1437,10204.724504033687
3,1438,10221.867652727586
3,1439,10229.31985713897
3,1440,10188.85204256285
3,1441,10188.940324738182
3,1442,10168.86831115088
3,1443,10185.38046255685
3,1444,10164.106640539363
3,1445,10166.552110515244
3,1446,10205.128565503373
3,1447,10187.264673691583
3,1448,10197.1261110591
3,1449,10200.257330339713
3,1450,10225.882437740434
3,1451,10215.647175754808
3,1452,10195.79207214355
3,1453,10197.369708859242
3,1454,10178.419266347128
3,1455,10174.055279133576
3,1456,10161.138555535399
3,1457,10190.527813846618
3,1458,10223.764193731944
3,1459,10217.412324036472
3,1460,10224.127689355468
3,1461,10199.223240059588
3,1462,10175.20568300164
3,1463,10199.961526459052
3,1464,10225.875817262537
3,1465,10214.84392623563
3,1466,10214.361997203758
3,1467,10255.570154012868
3,1468,10222.781159664712
3,1469,10227.979223463146
3,1470,10192.177197266616
3,1471,10163.624121858536
3,1472,10214.74361402788
3,1473,10208.290013705659
3,1474,10204.094245951135
3,1475,10222.725157632634
3,1476,10224.127851920231
3,1477,10216.185494655363
3,1478,10222.772366760477
3,1479,10174.011457818238
3,1480,10212.803798873625
3,1481,10249.645681414126
3,1482,10249.438547582624
3,1483,10238.219707483704
3,1484,10244.697575424108
3,1485,10199.810366837175
3,1486,10182.311411609708
3,1487,10206.294986153962
3,1488,10211.189978811513
3,1489,10216.484233105857
3,1490,10208.262299409213
3,1491,10207.227137259579
3,1492,10191.512874395456
3,1493,10205.74285733077
3,1494,10224.79139603324
3,1495,10218.647495598145
3,1496,10192.388521982712
3,1497,10227.313908994645
3,1498,10220.869784888053
3,1499,10202.735171972714
3,1500,10190.313440013175
3,1501,10201.71846617804
3,1502,10187.322443687686
3,1503,10207.719683421137
3,1504,10230.655765842946
3,1505,10221.162348235994
3,1506,10237.818961469498
3,1507,10230.797256315907
3,1508,10189.646765838868
3,1509,10202.144749626555
3,1510,10194.070070249083
3,1511,10193.629724204675
3,1512,10186.308965952494
3,1513,10192.277064694272
3,1514,10218.603793096556
3,1515,10203.494090773309
3,1516,10185.792855582577
3,1517,10187.363721865047
3,1518,10184.611659215412
3,1519,10189.874911977946
3,1520,10189.037280577886
3,1521,10178.197432875257
3,1522,10180.981625160213
3,1523,10175.474431932294
3,1524,10189.408238893995
3,1525,10169.136058834807
3,1526,10146.410385435733
3,1527,10168.806919715451
3,1528,10172.659983170393
3,1529,10212.65686775187
3,1530,10223.397622871284
3,1531,10213.840040797864
3,1532,10211.212801913749
3,1533,10168.251374181827
3,1534,10183.386677639715
3,1535,10187.82478259035
3,1536,10224.245552647953
3,1537,10207.83225718198
3,1538,10223.45215644856
3,1539,10208.492087414814
3,1540,10207.60444402425
3,1541,10165.43423042575
3,1542,10179.34898703208
3,1543,10220.347292587507
3,1544,10204.925689412394
3,1545,10192.49773464518
3,1546,10190.437583048897
3,1547,10215.452545778731
3,1548,10203.565394677224
3,1549,10205.968437458429
3,1550,10213.570039809201
3,1551,10232.856654312207
3,1552,10225.599523557912
3,1553,10236.341562454334
3,1554,10258.406692464978
3,1555,10235.866002782535
3,1556,10256.461587799124
3,1557,10241.288119904684
3,1558,10212.160082679111
3,1559,10181.387553165163
3,1560,10191.767902483502
3,1561,10229.629796927176
3,1562,10237.719573973665
3,1563,10242.718793903288
3,1564,10232.542847434319
3,1565,10217.741396329855
3,1566,10213.371165272209
3,1567,10208.874358983127
3,1568,10216.277823903029
3,1569,10227.345886815821
3,1570,10219.62039339185
3,1571,10230.41253124414
3,1572,10236.45627127841
3,1573,10206.669601608568
3,1574,10224.416802844347
3,1575,10219.614266564891
3,1576,10235.944558469137
3,1577,10227.384936744535
3,1578,10197.725838160131
3,1579,10184.882636648563
3,1580,10180.721311240777
3,1581,10193.278500914234
3,1582,10206.065021144117
3,1583,10249.795145517592
3,1584,10243.713386049381
3,1585,10206.065747168332
3,1586,10219.819612679752
3,1587,10219.796055333629
3,1588,10205.36772128427
3,1589,10171.418754172106
3,1590,10207.833341578795
3,1591,10202.60457721931
3,1592,10201.773638264922
3,1593,10182.140315551083
3,1594,10181.422469932246
3,1595,10174.430173277406
3,1596,10183.942344865716
3,1597,10194.877857103302
3,1598,10227.674440448236
3,1599,10196.72603136527
3,1600,10239.666407752866
3,1601,10208.431727786692
3,1602,10209.416659279976
3,1603,10228.350601483631
3,1604,10233.170682955963
3,1605,10236.958533712064
3,1606,10228.911935734604
3,1607,10209.31494904181
3,1608,10174.962114804459
3,1609,10196.525846880477
3,1610,10214.653047766633
3,1611,10232.677288343659
3,1612,10221.103603371796
3,1613,10217.078644935926
3,1614,10221.519733101184
3,1615,10194.080340809154
3,1616,10201.98133027003
3,1617,10249.58639823849
3,1618,10266.755191942617
3,1619,10230.16376755893
3,1620,10266.453726264781
3,1621,10249.793438782302
3,1622,10201.069962116419
3,1623,10189.600848784057
3,1624,10225.542096414323
3,1625,10218.477677443105
3,1626,10222.786918037798
3,1627,10215.747306936224
3,1628,10198.233914763752
3,1629,10220.289523617104
3,1630,10233.397940049876
3,1631,10226.364698358875
3,1632,10199.660801030821
3,1633,10220.207849401191
3,1634,10187.710715620038
3,1635,10213.814657830366
3,1636,10208.167094108036
3,1637,10230.422247353854
3,1638,10230.963916467392
3,1639,10264.098475714629
3,1640,10251.270338526347
3,1641,10236.252710704157
3,1642,10214.350562556778
3,1643,10234.71751188093
3,1644,10210.75413137512
3,1645,10194.850433095935
3,1646,10192.767517125538
3,1647,10187.685456444398
3,1648,10204.833906365599
3,1649,10210.830256739253
3,1650,10215.083275476218
3,1651,10225.253727441606
3,1652,10208.955806819255
3,1653,10199.270665196962
3,1654,10186.44781963727
3,1655,10234.568351198997
3,1656,10233.508763570964
3,1657,10211.37479197902
3,1658,10229.517037749194
3,1659,10226.627070226199
3,1660,10210.000432303332
3,1661,10215.876503943487
3,1662,10193.592026448576
3,1663,10219.834273911621
3,1664,10229.995108134832
3,1665,10233.256918549869
3,1666,10207.763267342543
3,1667,10224.706327433702
3,1668,10224.64471992729
3,1669,10210.213247663112
3,1670,10194.447584518053
3,1671,10222.321149018264
3,1672,10184.227815140264
3,1673,10252.093637732434
3,1674,10259.810618221914
3,1675,10272.652713827074
3,1676,10245.715973692568
3,1677,10227.798195040297
3,1678,10228.222651646687
3,1679,10215.73203308543
3,1680,10174.854568436414
3,1681,10174.033606072293
3,1682,10198.371346079415
3,1683,10228.718791431551
3,1684,10207.466920376239
3,1685,10215.182137136442
3,1686,10184.870426847336
3,1687,10193.955564160464
3,1688,10210.454225009664
3,1689,10238.799335924326
3,1690,10229.872782391934
3,1691,10213.263755602158
3,1692,10211.513992197104
3,1693,10199.816253868566
3,1694,10199.430055012988
3,1695,10178.633486848588
3,1696,10203.811028678021
3,1697,10201.209876165138
3,1698,10191.740719716854
3,1699,10208.646282379288
3,1700,10194.828657910228
3,1701,10179.120933704646
3,1702,10213.342070961324
3,1703,10194.936125652202
3,1704,10170.28650529066
3,1705,10181.889112821671
3,1706,10218.145046123795
3,1707,10233.94943364042
3,1708,10222.7530338899
3,1709,10233.911764536299
3,1710,10264.614986045819
3,1711,10213.307794621423
3,1712,10175.582042328535
3,1713,10190.726855650682
3,1714,10209.22170634188
3,1715,10228.609864880063
3,1716,10210.10487311318
3,1717,10219.247726563908
3,1718,10209.9067537343
3,1719,10216.958387227178
3,1720,10233.966081313874
3,1721,10227.751200384742
3,1722,10205.491117592532
3,1723,10195.509076940933
3,1724,10219.832082113515
3,1725,10196.032819552713
3,1726,10164.695168823548
3,1727,10171.759298373041
3,1728,10173.674403232728
3,1729,10182.562886488666
3,1730,10180.846239322234
3,1731,10193.784100402416
3,1732,10191.97421717681
3,1733,10170.481621111538
3,1734,10203.201051923334
3,1735,10203.579700147428
3,1736,10184.593171846143
3,1737,10177.948292548286
3,1738,10168.667754068245
3,1739,10196.40314376087
3,1740,10187.188622077316
3,1741,10208.531442917354
3,1742,10191.105363225804
3,1743,10205.63636696105
3,1744,10211.380625266549
3,1745,10230.93220162085
3,1746,10229.485592800129
3,1747,10211.215191147501
3,1748,10169.16753645296
3,1749,10184.126687176937
3,1750,10209.05280766988
3,1751,10197.729232007672
3,1752,10227.842942519299
3,1753,10234.245561492575
3,1754,10215.746462622841
3,1755,10214.034199976933
3,1756,10211.711289414423
3,1757,10189.839094176963
3,1758,10177.898298059206
3,1759,10209.784731593862
3,1760,10214.384838393611
3,1761,10197.380640138446
3,1762,10205.68879008864
3,1763,10203.481820591056
3,1764,10165.28517304588
3,1765,10150.765986578439
3,1766,10146.410565238499
3,1767,10189.147792460499
3,1768,10208.668591747559
3,1769,10172.614280219646
3,1770,10198.674752186502
3,1771,10233.862569059318
3,1772,10239.665641802605
3,1773,10257.97711006602
3,1774,10208.226817803237
3,1775,10165.942152772042
3,1776,10152.577903275005
3,1777,10164.085931506055
3,1778,10180.927784215251
3,1779,10203.698233238056
3,1780,10214.633215767837
3,1781,10215.527959020794
3,1782,10242.411500994884
3,1783,10206.681052129497
3,1784,10226.078126070544
3,1785,10210.970836005527
3,1786,10216.965490229777
3,1787,10224.295423882617
3,1788,10226.837274725905
3,1789,10222.539764552663
3,1790,10197.820580807265
3,1791,10202.659385855737
3,1792,10235.71415494113
3,1793,10238.98761513952
3,1794,10255.681915292664
3,1795,10263.587275849964
3,1796,10234.18297164238
3,1797,10187.907583094655
3,1798,10207.408741074165
3,1799,10173.689999082728
3,1800,10180.502455326878
3,1801,10208.84157058057
3,1802,10201.829904197386
3,1803,10152.966380263682
3,1804,10182.158296611744
3,1805,10197.682348978004
3,1806,10201.364158388522
3,1807,10186.536972491622
3,1808,10207.367845550907
3,1809,10204.34436472004
3,1810,10226.250390884472
3,1811,10222.111929260427
3,1812,10235.573947850657
3,1813,10221.75103197908
3,1814,10199.186697334424
3,1815,10206.229985528782
3,1816,10267.713020567158
3,1817,10245.51183547861
3,1818,10205.67312571762
3,1819,10226.306995533181
3,1820,10227.380919174077
3,1821,10208.693590799681
3,1822,10213.67903523861
3,1823,10200.049580939736
3,1824,10228.368939705484
3,1825,10247.99856391024
3,1826,10266.522011686911
3,1827,10214.944778370322
3,1828,10197.547203308657
3,1829,10209.112025912838
3,1830,10211.325243321586
3,1831,10182.144355338136
3,1832,10192.57654102962
3,1833,10203.376509823489
3,1834,10219.10605903476
3,1835,10228.455995246488
3,1836,10211.249603488526
3,1837,10184.671720456336
3,1838,10215.453503371371
3,1839,10202.401654188805
3,1840,10191.0663158797
3,1841,10200.347408686192
3,1842,10185.145228476056
3,1843,10213.518485453247
3,1844,10201.051146314265
3,1845,10232.659368289596
3,1846,10236.066892560038
3,1847,10226.702152638596
3,1848,10202.146842785402
3,1849,10189.654124606825
3,1850,10219.042425566164
3,1851,10201.898507747635
3,1852,10221.52347087777
3,1853,10241.187031247422
3,1854,10186.508816700496
3,1855,10191.365432788662
3,1856,10208.351648617867
3,1857,10215.155382276314
3,1858,10217.825714038925
3,1859,10189.351708359149
3,1860,10173.302101223351
3,1861,10174.869599373982
3,1862,10171.186965142582
3,1863,10196.86365542383
3,1864,10203.44823753141
3,1865,10201.446939124973
3,1866,10194.077022384086
3,1867,10198.25352936295
3,1868,10200.724384646586
3,1869,10209.886440241995
3,1870,10188.738381624735
3,1871,10191.13975403916
3,1872,10179.873521565985
3,1873,10176.797977079314
3,1874,10166.289269891877
3,1875,10198.677647050326
3,1876,10221.405764458483
3,1877,10183.845113115718
3,1878,10189.543642353761
3,1879,10168.701126762993
3,1880,10164.249286035561
3,1881,10163.851252605496
3,1882,10198.158374895684
3,1883,10203.92818021407
3,1884,10206.671048818598
3,1885,10222.668195586386
3,1886,10217.188199447182
3,1887,10242.746647999476
3,1888,10212.424696014561
3,1889,10185.327398166337
3,1890,10176.068487621076
3,1891,10206.050614063695
3,1892,10243.674516367424
3,1893,10251.207815195894
3,1894,10207.87888286054
3,1895,10240.041939045686
3,1896,10217.674984253463
3,1897,10207.221918429352
3,1898,10188.932447852294
3,1899,10183.306803270298
3,1900,10178.527397198026
3,1901,10186.979580084851
3,1902,10191.878569085964
3,1903,10202.309401360837
3,1904,10223.20679855147
3,1905,10218.160732370192
3,1906,10213.248251625397
3,1907,10201.712230299587
3,1908,10174.702703730718
3,1909,10209.49972666675
3,1910,10201.732976856809
3,1911,10174.022467003077
3,1912,10189.954689103559
3,1913,10213.590313499635
3,1914,10195.006851027294
3,1915,10202.878376588478
3,1916,10192.879924270777
3,1917,10203.899656907843
3,1918,10226.068245935588
3,1919,10203.214614120323
3,1920,10201.693802238784
3,1921,10222.171024843656
3,1922,10213.505977618619
3,1923,10205.494828676852
3,1924,10212.916331123555
3,1925,10219.129084988155
3,1926,10197.811630215941
3,1927,10202.276499926524
3,1928,10197.782253905792
3,1929,10190.899293838342
3,1930,10167.97678809756
3,1931,10196.302912087147
3,1932,10176.026184991635
3,1933,10170.029505457864
3,1934,10157.02909520077
3,1935,10184.907525503155
3,1936,10174.611231188008
3,1937,10193.093114988791
3,1938,10201.95113576755
3,1939,10189.844595851178
3,1940,10193.449145171859
3,1941,10214.334892724215
3,1942,10237.48146599555
3,1943,10250.22630897802
3,1944,10220.431426917903
3,1945,10191.76401997419
3,1946,10194.147025496068
3,1947,10180.255494570465
3,1948,10213.73096573433
3,1949,10203.184554942716
3,1950,10181.485748855233
3,1951,10196.447792579553
3,1952,10197.274674170187
3,1953,10195.234124614622
3,1954,10195.785035694502
3,1955,10240.987592946398
3,1956,10232.784093315027
3,1957,10222.98911511214
3,1958,10225.843706735839
3,1959,10246.350263348371
3,1960,10249.864682766654
3,1961,10241.8543602095
3,1962,10244.609918922552
3,1963,10249.484927898648
3,1964,10226.458336268775
3,1965,10219.086452377573
3,1966,10211.852803916849
3,1967,10178.424833599192
3,1968,10214.49228659142
3,1969,10174.115454886054
3,1970,10195.011874282052
3,1971,10187.831427705183
3,1972,10177.910209048607
3,1973,10197.292360496182
3,1974,10188.025726684931
3,1975,10166.151059949472
3,1976,10177.801235119488
3,1977,10180.768750463243
3,1978,10185.681527724626
3,1979,10164.11646422983
3,1980,10160.272370504972
3,1981,10201.176185838807
3,1982,10185.5548448283
3,1983,10218.124817248907
3,1984,10219.439797867764
3,1985,10230.42354962422
3,1986,10226.367312495115
3,1987,10186.187568288233
3,1988,10172.880493068129
3,1989,10166.597502188932
3,1990,10206.800015137827
3,1991,10203.213642892604
3,1992,10215.766710237296
3,1993,10204.413657862384
3,1994,10195.608734171363
3,1995,10222.519531458604
3,1996,10221.205144574427
3,1997,10208.779706902302
3,1998,10215.204363493916
3,1999,10210.327475308362
