"","Index","Rank","Cell.Interaction","Favorable.Cell.Type","Unfavorable.Cell.Type","No.Total.IMGP","No.Shared.IMGP","Enrichment.Ratio","P.Value","Adjust.P.Value","Permutation.FDR","Shared.IMGP","Total.IMGP"
"195",1,1,"Eosinophil_Neutrophil","Eosinophil","Neutrophil",132,129,1.955,3.08295054590696e-35,1.42432315220902e-32,0,"SMPD3_SLC25A37/ABHD2_CD93/ABHD2_FPR1/MYO15B_DYSF/SMPD3_FPR1/SMPD3_S100A12/ACACB_ALPL/SMPD3_SIGLEC5/SMPD3_DYSF/KBTBD11_FPR1/MYO15B_CD93/ACACB_CD93/SMPD3_ALPL/SMPD3_MME/CAT_CD93/KBTBD11_CD93/SMPD3_HPSE/SMPD3_LILRB2/ACACB_DYSF/SYNJ1_DYSF/SMPD3_PDE4B/KBTBD11_DYSF/MYO15B_FPR1/ABHD2_HPSE/MYO15B_PDE4B/SMPD3_G0S2/CAT_FPR1/SMPD3_SLC22A4/ACACB_PDE4B/SMPD3_FCAR/SMPD3_TNFRSF10C/MYO15B_LILRB2/MYO15B_ALPL/ABHD2_SIGLEC5/KBTBD11_MME/ABHD2_FCAR/ABHD2_CEACAM3/RCOR3_PDE4B/ACACB_CREB5/ABHD2_PDE4B/SMPD3_CEACAM3/KBTBD11_S100A12/SMPD3_CREB5/SMPD3_CD93/ABHD2_CSF3R/ABHD2_DYSF/ABHD2_G0S2/MYO15B_G0S2/EPN2_G0S2/GALC_DYSF/CAT_ALPL/IL5RA_DYSF/KBTBD11_BST1/ACACB_G0S2/CAT_DYSF/SMPD3_CSF3R/KBTBD11_ALPL/RRP12_G0S2/ACACB_CEACAM3/SYNJ1_G0S2/ABHD2_ALPL/KBTBD11_SLC22A4/KBTBD11_CSF3R/KBTBD11_G0S2/ABHD2_BST1/CYSLTR2_MME/CAT_PDE4B/MYO15B_FCAR/HES1_G0S2/SMPD3_CRISPLD2/HRH4_DYSF/ABHD2_LILRB2/SIAH1_CD93/HRH4_FPR1/CAT_CEACAM3/KBTBD11_TNFRSF10C/IL5RA_ALPL/ABHD2_MME/HRH4_PDE4B/RRP12_MME/KBTBD11_HPSE/CAT_G0S2/ACACB_SLC25A37/THBS4_CD93/IL5RA_G0S2/CAT_FCAR/KBTBD11_LILRB2/SYNJ1_CD93/KBTBD11_PDE4B/CAT_LILRB2/ABHD2_CRISPLD2/ACACB_FPR1/SIAH1_MME/ACACB_LILRB2/HRH4_LILRB2/ACACB_FCAR/HES1_MME/GALC_PDE4B/TIPARP_FPR1/LRP5L_G0S2/IL5RA_PDE4B/RCOR3_G0S2/SMPD3_FCGR3B/KBTBD11_FCAR/SYNJ1_MME/SMPD3_BST1/CAT_SIGLEC5/TIPARP_G0S2/ABHD2_TNFRSF10C/MYO15B_MME/ABHD2_CREB5/RCOR3_ALPL/MYO15B_HPSE/SIAH1_DYSF/MYO15B_CREB5/RCOR3_MME/HRH4_MME/CAT_SLC25A37/ABHD2_FCGR3B/RCOR3_CD93/ACACB_MME/CAT_S100A12/RCOR3_DYSF/GALC_ALPL/CCR3_G0S2/CYSLTR2_FPR1/SIAH1_G0S2/KBTBD11_CEACAM3/CAT_MME","IL5RA_ALPL/CAT_ALPL/ACACB_ALPL/GALC_ALPL/RCOR3_ALPL/KBTBD11_ALPL/ABHD2_ALPL/SMPD3_ALPL/MYO15B_ALPL/CAT_SIGLEC5/THBS1_SIGLEC5/ABHD2_SIGLEC5/SMPD3_SIGLEC5/CAT_CD93/ACACB_CD93/RCOR3_CD93/SYNJ1_CD93/THBS4_CD93/KBTBD11_CD93/ABHD2_CD93/SMPD3_CD93/MYO15B_CD93/SIAH1_CD93/TKTL1_MGAM/KBTBD11_CSF3R/ABHD2_CSF3R/SMPD3_CSF3R/HRH4_MME/CAT_MME/ACACB_MME/CYSLTR2_MME/RRP12_MME/RCOR3_MME/SYNJ1_MME/KBTBD11_MME/HES1_MME/ABHD2_MME/SMPD3_MME/MYO15B_MME/SIAH1_MME/ABHD2_FCGR3B/SMPD3_FCGR3B/IL5RA_DYSF/HRH4_DYSF/CAT_DYSF/ACACB_DYSF/GALC_DYSF/RCOR3_DYSF/SYNJ1_DYSF/KBTBD11_DYSF/ABHD2_DYSF/SMPD3_DYSF/MYO15B_DYSF/SIAH1_DYSF/CAT_FCAR/ACACB_FCAR/KBTBD11_FCAR/ABHD2_FCAR/SMPD3_FCAR/MYO15B_FCAR/CAT_CEACAM3/ACACB_CEACAM3/KBTBD11_CEACAM3/ABHD2_CEACAM3/SMPD3_CEACAM3/KBTBD11_HPSE/ABHD2_HPSE/SMPD3_HPSE/MYO15B_HPSE/ACACB_CREB5/ABHD2_CREB5/SMPD3_CREB5/MYO15B_CREB5/CAT_S100A12/KBTBD11_S100A12/SMPD3_S100A12/KBTBD11_TNFRSF10C/ABHD2_TNFRSF10C/SMPD3_TNFRSF10C/KBTBD11_SLC22A4/SMPD3_SLC22A4/CAT_SLC25A37/ACACB_SLC25A37/SMPD3_SLC25A37/TGIF1_BST1/KBTBD11_BST1/ABHD2_BST1/SMPD3_BST1/ABHD2_CRISPLD2/SMPD3_CRISPLD2/IL5RA_G0S2/CAT_G0S2/LRP5L_G0S2/CCR3_G0S2/ACACB_G0S2/RRP12_G0S2/RCOR3_G0S2/SYNJ1_G0S2/KBTBD11_G0S2/HES1_G0S2/ABHD2_G0S2/TIPARP_G0S2/SMPD3_G0S2/MYO15B_G0S2/EPN2_G0S2/SIAH1_G0S2/HRH4_FPR1/CAT_FPR1/ACACB_FPR1/CYSLTR2_FPR1/KBTBD11_FPR1/ABHD2_FPR1/TIPARP_FPR1/SMPD3_FPR1/MYO15B_FPR1/IL5RA_PDE4B/HRH4_PDE4B/CAT_PDE4B/ACACB_PDE4B/GALC_PDE4B/RCOR3_PDE4B/KBTBD11_PDE4B/ABHD2_PDE4B/SMPD3_PDE4B/MYO15B_PDE4B/HRH4_LILRB2/CAT_LILRB2/ACACB_LILRB2/KBTBD11_LILRB2/ABHD2_LILRB2/SMPD3_LILRB2/MYO15B_LILRB2"
"198",2,2,"Mast_Neutrophil","Mast","Neutrophil",106,105,1.981,7.53192373689204e-31,1.73987438322206e-28,0,"MAOB_CD93/MAOB_ALPL/PPM1H_FPR1/MAOB_DYSF/MAOB_FPR1/PPM1H_ALPL/MAOB_CREB5/HPGD_DYSF/TPSAB1_CD93/MAOB_PDE4B/SLC18A2_CD93/PPM1H_CD93/TPSAB1_FPR1/CTSG_MME/TAL1_CD93/GATA2_G0S2/TPSB2_G0S2/SIGLEC6_CRISPLD2/TAL1_G0S2/CTSG_G0S2/TAL1_SLC25A37/TPSAB1_PDE4B/HPGD_FPR1/HPGD_FCAR/SLC24A3_FPR1/HDC_G0S2/NR0B1_G0S2/HPGD_G0S2/HPGD_CD93/MS4A2_PDE4B/SLC18A2_G0S2/HPGD_MME/MAOB_S100A12/TAL1_FCAR/PPM1H_LILRB2/PPM1H_MME/CEACAM8_MME/SIGLEC6_DYSF/MS4A2_CRISPLD2/PPM1H_DYSF/TAL1_PDE4B/TPSB2_FPR1/PPM1H_PDE4B/MAOB_G0S2/CMA1_MME/TPSAB1_G0S2/MS4A2_G0S2/CEACAM8_DYSF/MS4A2_DYSF/HPGD_SLC22A4/MAOB_LILRB2/HPGD_ALPL/MAOB_BST1/MAOB_MME/SIGLEC6_MME/CTSG_S100A12/HPGD_PDE4B/SIGLEC6_PDE4B/SLC18A2_MME/MAOB_CEACAM3/SIGLEC6_G0S2/PPM1H_CREB5/HPGD_S100A12/KIT_CREB5/TPSAB1_MME/MS4A2_FCAR/SLC18A2_FPR1/MAOB_SLC22A4/TPSAB1_FCAR/TAL1_MME/NR0B1_MME/CMA1_G0S2/HPGD_CEACAM3/PPM1H_SIGLEC5/MAOB_CRISPLD2/MS4A2_ALPL/HDC_PDE4B/TAL1_ALPL/PRG2_PDE4B/PTGS1_MME/KIT_ALPL/SLC24A3_MME/SLC18A2_PDE4B/ABCC4_MME/ADCYAP1_G0S2/KIT_G0S2/HPGD_LILRB2/TAL1_DYSF/SIGLEC6_CREB5/SIGLEC6_TNFRSF10C/HDC_MME/SIGLEC6_CEACAM3/PRG2_MME/MLPH_DYSF/CEACAM8_SLC25A37/CEACAM8_FPR1/TPSB2_CRISPLD2/MAOB_CSF3R/HPGD_CSF3R/CTSG_FPR1/MAOB_HPSE/HPGD_TNFRSF10C/CMA1_CD93/CEACAM8_FCAR/MPO_MME","MS4A2_ALPL/PPM1H_ALPL/KIT_ALPL/TAL1_ALPL/MAOB_ALPL/HPGD_ALPL/PPM1H_SIGLEC5/TPSAB1_CD93/SLC18A2_CD93/CMA1_CD93/PPM1H_CD93/TAL1_CD93/MAOB_CD93/HPGD_CD93/MAOB_CSF3R/HPGD_CSF3R/SLC24A3_MME/PRG2_MME/CTSG_MME/TPSAB1_MME/SLC18A2_MME/HDC_MME/SIGLEC6_MME/CMA1_MME/MPO_MME/NR0B1_MME/PPM1H_MME/TAL1_MME/ABCC4_MME/PTGS1_MME/MAOB_MME/HPGD_MME/CEACAM8_MME/MLPH_DYSF/MS4A2_DYSF/SIGLEC6_DYSF/PPM1H_DYSF/TAL1_DYSF/MAOB_DYSF/HPGD_DYSF/CEACAM8_DYSF/TPSAB1_FCAR/MS4A2_FCAR/TAL1_FCAR/HPGD_FCAR/CEACAM8_FCAR/SIGLEC6_CEACAM3/MAOB_CEACAM3/HPGD_CEACAM3/MAOB_HPSE/SIGLEC6_CREB5/PPM1H_CREB5/KIT_CREB5/MAOB_CREB5/CTSG_S100A12/MAOB_S100A12/HPGD_S100A12/SIGLEC6_TNFRSF10C/HPGD_TNFRSF10C/MAOB_SLC22A4/HPGD_SLC22A4/TAL1_SLC25A37/CEACAM8_SLC25A37/PTGS1_BST1/MAOB_BST1/MS4A2_CRISPLD2/TPSB2_CRISPLD2/SIGLEC6_CRISPLD2/MAOB_CRISPLD2/ADCYAP1_G0S2/CTSG_G0S2/TPSAB1_G0S2/SLC18A2_G0S2/MS4A2_G0S2/TPSB2_G0S2/GATA2_G0S2/HDC_G0S2/SIGLEC6_G0S2/CMA1_G0S2/NR0B1_G0S2/KIT_G0S2/TAL1_G0S2/MAOB_G0S2/HPGD_G0S2/SLC24A3_FPR1/CTSG_FPR1/TPSAB1_FPR1/SLC18A2_FPR1/TPSB2_FPR1/PPM1H_FPR1/MAOB_FPR1/HPGD_FPR1/CEACAM8_FPR1/PRG2_PDE4B/TPSAB1_PDE4B/SLC18A2_PDE4B/MS4A2_PDE4B/HDC_PDE4B/SIGLEC6_PDE4B/PPM1H_PDE4B/TAL1_PDE4B/MAOB_PDE4B/HPGD_PDE4B/PPM1H_LILRB2/MAOB_LILRB2/HPGD_LILRB2"
"205",3,3,"Tcm_Neutrophil","Tcm","Neutrophil",70,70,2,6.58612653270774e-22,1.01426348603699e-19,0.00666666666666667,"CEP68_CD93/PCM1_G0S2/PSPC1_MME/CEP68_DYSF/MAP3K1_MME/POLR2J2_DYSF/TRAF3IP3_G0S2/INPP4B_G0S2/PCM1_PDE4B/POLR2J2_MME/RPP38_PDE4B/INPP4B_FPR1/MAP3K1_PDE4B/TXK_G0S2/INPP4B_CD93/PCM1_DYSF/CASP8_MME/TXK_PDE4B/FOXP1_DYSF/CASP8_PDE4B/RPP38_G0S2/KLF12_G0S2/NFATC3_MME/PSPC1_PDE4B/TRAF3IP3_FPR1/FOXP1_ALPL/CYLD_DYSF/SNRPN_PDE4B/NFATC3_DYSF/INPP4B_MME/POLR2J2_G0S2/NEFL_ALPL/NEFL_G0S2/SNRPN_MME/USP9Y_CD93/PHC3_CD93/RPP38_LILRB2/CEP68_PDE4B/REPS1_MME/PHC3_MME/RPP38_ALPL/STX16_MME/RPP38_MME/RPP38_CD93/SNRPN_G0S2/CEP68_G0S2/TRAF3IP3_MME/ATF7IP_G0S2/USP9Y_DYSF/POLR2J2_FCAR/NEFL_CREB5/FOXP1_MME/SNRPN_DYSF/USP9Y_MME/RPP38_FCAR/ATF7IP_MME/CREBZF_MME/TRAF3IP3_ALPL/PCM1_MME/NEFL_PDE4B/CLUAP1_DYSF/NFATC3_FCAR/CREBZF_G0S2/REPS1_G0S2/CEP68_ALPL/TXK_FCAR/CEP68_FCAR/PSPC1_FPR1/MAP3K1_G0S2/FOXP1_FPR1","FOXP1_ALPL/TRAF3IP3_ALPL/NEFL_ALPL/CEP68_ALPL/RPP38_ALPL/USP9Y_CD93/PHC3_CD93/INPP4B_CD93/CEP68_CD93/RPP38_CD93/USP9Y_MME/FOXP1_MME/PCM1_MME/PHC3_MME/NFATC3_MME/ATF7IP_MME/REPS1_MME/PSPC1_MME/INPP4B_MME/CASP8_MME/SNRPN_MME/TRAF3IP3_MME/POLR2J2_MME/CREBZF_MME/MAP3K1_MME/STX16_MME/RPP38_MME/CLUAP1_DYSF/USP9Y_DYSF/FOXP1_DYSF/PCM1_DYSF/NFATC3_DYSF/SNRPN_DYSF/POLR2J2_DYSF/CEP68_DYSF/CYLD_DYSF/NFATC3_FCAR/POLR2J2_FCAR/CEP68_FCAR/TXK_FCAR/RPP38_FCAR/NEFL_CREB5/KLF12_G0S2/PCM1_G0S2/ATF7IP_G0S2/REPS1_G0S2/INPP4B_G0S2/SNRPN_G0S2/TRAF3IP3_G0S2/NEFL_G0S2/POLR2J2_G0S2/CREBZF_G0S2/CEP68_G0S2/TXK_G0S2/MAP3K1_G0S2/RPP38_G0S2/FOXP1_FPR1/PSPC1_FPR1/INPP4B_FPR1/TRAF3IP3_FPR1/PCM1_PDE4B/PSPC1_PDE4B/CASP8_PDE4B/SNRPN_PDE4B/NEFL_PDE4B/CEP68_PDE4B/TXK_PDE4B/MAP3K1_PDE4B/RPP38_PDE4B/RPP38_LILRB2"
"282",4,4,"Mast_Tumor","Mast","Tumor",59,59,2,1.45178517332293e-18,1.67681187518799e-16,0.0175,"KIT_S100A2/MS4A2_S100A2/MAOB_KRT13/TAL1_S100A2/PPM1H_ASPSCR1/MAOB_S100A2/MAOB_TEAD4/PPM1H_FKBP4/CTSG_S100A2/PPM1H_HOXA9/MAOB_IGF2/CEACAM8_S100A2/MAOB_ASPSCR1/CMA1_S100A2/CPA3_S100A2/MAOB_KRT5/SIGLEC6_INHBB/MAOB_MFAP2/MS4A2_KRT5/PPM1H_JAG2/CPA3_KRT5/SIGLEC6_S100A2/MAOB_DHRS2/HPGD_S100A2/MAOB_INHBB/MAOB_JAG2/HPGD_KRT5/MLPH_JAG2/SCG2_S100A2/NR0B1_S100A2/TAL1_FKBP4/PPM1H_S100A2/MLPH_S100A2/MAOB_SLC27A5/PPM1H_INHBB/MAOB_SLC1A5/MAOB_HOXA9/MAOB_VSNL1/ABCC4_S100A2/MAOB_ITGB4/GATA2_S100A2/SLC18A2_S100A2/MAOB_BMP4/HDC_S100A2/MAOB_RPP25/HPGD_FKBP4/SIGLEC6_KRT5/TPSB2_S100A2/ADCYAP1_S100A2/MPO_S100A2/PRG2_S100A2/MAOB_STRA6/PTGS1_S100A2/MAOB_RHOD/MAOB_FKBP4/MLPH_VSNL1/TPSB2_FKBP4/SLC24A3_S100A2/CTSG_DHRS2","MAOB_KRT13/MS4A2_KRT5/CPA3_KRT5/SIGLEC6_KRT5/MAOB_KRT5/HPGD_KRT5/MAOB_BMP4/MLPH_VSNL1/MAOB_VSNL1/PPM1H_ASPSCR1/MAOB_ASPSCR1/MAOB_IGF2/MAOB_MFAP2/MLPH_S100A2/ADCYAP1_S100A2/SLC24A3_S100A2/PRG2_S100A2/CTSG_S100A2/SLC18A2_S100A2/MS4A2_S100A2/CPA3_S100A2/TPSB2_S100A2/GATA2_S100A2/HDC_S100A2/SIGLEC6_S100A2/CMA1_S100A2/MPO_S100A2/NR0B1_S100A2/PPM1H_S100A2/KIT_S100A2/TAL1_S100A2/ABCC4_S100A2/PTGS1_S100A2/MAOB_S100A2/HPGD_S100A2/SCG2_S100A2/CEACAM8_S100A2/SIGLEC6_INHBB/PPM1H_INHBB/MAOB_INHBB/MLPH_JAG2/PPM1H_JAG2/MAOB_JAG2/MAOB_RPP25/MAOB_RHOD/CTSG_DHRS2/MAOB_DHRS2/MAOB_ITGB4/MAOB_STRA6/MAOB_SLC1A5/TPSB2_FKBP4/PPM1H_FKBP4/TAL1_FKBP4/MAOB_FKBP4/HPGD_FKBP4/MAOB_TEAD4/MAOB_SLC27A5/PPM1H_HOXA9/MAOB_HOXA9"
"191",5,5,"B_Neutrophil","B","Neutrophil",67,65,1.94,1.2598291898624e-17,1.16408217143286e-15,0.022,"BLNK_CEACAM3/BLNK_LILRB2/BLNK_ALPL/BLNK_MME/BLNK_CD93/SCN3A_DYSF/BLNK_FCAR/BLNK_G0S2/SPIB_G0S2/SCN3A_ALPL/BLNK_S100A12/GNG7_G0S2/GNG7_ALPL/SCN3A_CD93/GNG7_CD93/BLNK_HPSE/BLNK_PDE4B/BLK_FCAR/FAM30A_G0S2/BLNK_CREB5/CCR9_DYSF/SCN3A_PDE4B/MICAL3_MME/BLK_G0S2/SLC15A2_G0S2/TNFRSF17_G0S2/ABCB4_MME/BLK_PDE4B/BLNK_SIGLEC5/GNG7_DYSF/BLNK_FPR1/HLA-DOB_G0S2/DTNB_G0S2/CCR9_PDE4B/CCR9_LILRB2/BACH2_G0S2/SCN3A_FPR1/MS4A1_G0S2/BCL11A_G0S2/BLNK_DYSF/SCN3A_G0S2/HLA-DOB_ALPL/GNG7_FPR1/BLK_ALPL/GNG7_MME/CCR9_G0S2/SLC15A2_MME/IGHM_ALPL/BLK_FPR1/QRSL1_PDE4B/COCH_LILRB2/CCR9_CEACAM3/TCL1A_G0S2/CCR9_SLC25A37/BLNK_TNFRSF10C/GLDC_MME/BACH2_ALPL/GNG7_PDE4B/IGHA1_MME/QRSL1_G0S2/BLNK_CSF3R/SCN3A_MME/CD19_G0S2/ABCB4_G0S2/TNFRSF17_ALPL","BLK_ALPL/TNFRSF17_ALPL/HLA-DOB_ALPL/BACH2_ALPL/GNG7_ALPL/SCN3A_ALPL/BLNK_ALPL/IGHM_ALPL/BLNK_SIGLEC5/GNG7_CD93/SCN3A_CD93/BLNK_CD93/OSBPL10_MGAM/GLDC_MGAM/BLNK_CSF3R/MICAL3_MME/IGHA1_MME/ABCB4_MME/GNG7_MME/SCN3A_MME/SLC15A2_MME/BLNK_MME/GLDC_MME/GNG7_DYSF/CCR9_DYSF/SCN3A_DYSF/BLNK_DYSF/BLK_FCAR/BLNK_FCAR/CCR9_CEACAM3/BLNK_CEACAM3/BLNK_HPSE/BLNK_CREB5/BLNK_S100A12/BLNK_TNFRSF10C/CCR9_SLC25A37/MS4A1_G0S2/TCL1A_G0S2/BLK_G0S2/TNFRSF17_G0S2/ABCB4_G0S2/HLA-DOB_G0S2/CD19_G0S2/FAM30A_G0S2/SPIB_G0S2/BCL11A_G0S2/BACH2_G0S2/GNG7_G0S2/CCR9_G0S2/QRSL1_G0S2/DTNB_G0S2/SCN3A_G0S2/SLC15A2_G0S2/BLNK_G0S2/BLK_FPR1/GNG7_FPR1/SCN3A_FPR1/BLNK_FPR1/BLK_PDE4B/GNG7_PDE4B/CCR9_PDE4B/QRSL1_PDE4B/SCN3A_PDE4B/BLNK_PDE4B/COCH_LILRB2/CCR9_LILRB2/BLNK_LILRB2"
"321",6,6,"Eosinophil_Th","Eosinophil","Th",75,71,1.893,2.70191329609434e-17,2.08047323799264e-15,0.02,"SMPD3_ANP32B/SMPD3_ATF2/SMPD3_FRYL/SMPD3_UBE2L3/SMPD3_SLC25A12/MYO15B_SLC25A12/SMPD3_PPP2R5C/SMPD3_LRBA/ACACB_SLC25A12/SMPD3_DDX50/ABHD2_NUP107/SMPD3_NAP1L4/SMPD3_SEC24C/SMPD3_FAM111A/ABHD2_NAP1L4/SMPD3_RPA1/ABHD2_ANP32B/SMPD3_PHF10/ACACB_ANP32B/SMPD3_ASF1A/CAT_ATF2/ABHD2_RPA1/KBTBD11_ATF2/MYO15B_NAP1L4/ACACB_ATF2/KBTBD11_SLC25A12/SMPD3_NUP107/ABHD2_ATF2/KBTBD11_UBE2L3/SMPD3_CD28/SMPD3_BATF/MYO15B_RPA1/ACACB_PPP2R5C/CAT_SLC25A12/CAT_ANP32B/ACACB_RPA1/ACACB_FRYL/MYO15B_ATF2/ABHD2_PHF10/KBTBD11_GOLGA8A/ABHD2_FRYL/GALC_SLC25A12/KBTBD11_DDX50/IL5RA_SLC25A12/ABHD2_SLC25A12/MYO15B_FRYL/SMPD3_GOLGA8A/KBTBD11_NUP107/ABHD2_ICOS/KBTBD11_ASF1A/HRH4_ATF2/CAT_DDX50/MYO15B_ANP32B/MYO15B_NUP107/ACACB_NAP1L4/TKTL1_ANP32B/KBTBD11_PPP2R5C/CAT_PHF10/ACACB_DDX50/ACACB_SEC24C/SYNJ1_ANP32B/KBTBD11_PHF10/KBTBD11_NAP1L4/ABHD2_UBE2L3/ABHD2_DDX50/RCOR3_ANP32B/CAT_FRYL/KBTBD11_LRBA/ABHD2_SEC24C/CAT_PPP2R5C/ACACB_NUP107","CAT_FRYL/ACACB_FRYL/ABHD2_FRYL/SMPD3_FRYL/MYO15B_FRYL/ACACB_RPA1/ABHD2_RPA1/SMPD3_RPA1/MYO15B_RPA1/ABHD2_ICOS/KBTBD11_LRBA/SMPD3_LRBA/EPN2_LRBA/ACACB_NAP1L4/KBTBD11_NAP1L4/ABHD2_NAP1L4/SMPD3_NAP1L4/MYO15B_NAP1L4/THBS1_BATF/SMPD3_BATF/EPN2_BATF/THBS1_ASF1A/KBTBD11_ASF1A/SMPD3_ASF1A/KBTBD11_GOLGA8A/SMPD3_GOLGA8A/TKTL1_ANP32B/CAT_ANP32B/ACACB_ANP32B/RCOR3_ANP32B/SYNJ1_ANP32B/ABHD2_ANP32B/SMPD3_ANP32B/MYO15B_ANP32B/CAT_DDX50/ACACB_DDX50/KBTBD11_DDX50/ABHD2_DDX50/SMPD3_DDX50/KBTBD11_UBE2L3/ABHD2_UBE2L3/SMPD3_UBE2L3/IL5RA_SLC25A12/CAT_SLC25A12/ACACB_SLC25A12/GALC_SLC25A12/KBTBD11_SLC25A12/ABHD2_SLC25A12/SMPD3_SLC25A12/MYO15B_SLC25A12/HRH4_ATF2/CAT_ATF2/ACACB_ATF2/KBTBD11_ATF2/ABHD2_ATF2/SMPD3_ATF2/MYO15B_ATF2/SMPD3_CD28/CAT_PPP2R5C/ACACB_PPP2R5C/KBTBD11_PPP2R5C/SMPD3_PPP2R5C/ACACB_NUP107/KBTBD11_NUP107/ABHD2_NUP107/SMPD3_NUP107/MYO15B_NUP107/ACACB_SEC24C/ABHD2_SEC24C/SMPD3_SEC24C/SMPD3_FAM111A/CAT_PHF10/KBTBD11_PHF10/ABHD2_PHF10/SMPD3_PHF10"
"279",7,7,"Eosinophil_Tumor","Eosinophil","Tumor",97,87,1.794,6.57790546966977e-17,3.80790137012264e-15,0.0214285714285714,"SMPD3_BAMBI/SMPD3_TEAD4/SMPD3_FKBP4/SMPD3_JAG2/SMPD3_DHRS2/SMPD3_S100A2/SMPD3_SLC27A5/SMPD3_INHBB/SMPD3_SLC1A5/SMPD3_IGF2/SMPD3_ASPSCR1/SMPD3_STRA6/SMPD3_RPP25/SMPD3_KRT13/GALC_S100A2/CAT_S100A2/CCR3_S100A2/SMPD3_SLC6A8/SMPD3_HOXA9/SMPD3_ITGB4/ABHD2_INHBB/ACACB_INHBB/SMPD3_VSNL1/ABHD2_TEAD4/MYO15B_ASPSCR1/MYO15B_S100A2/SMPD3_MFAP2/KBTBD11_S100A2/HRH4_S100A2/MYO15B_VSNL1/KBTBD11_MFAP2/SMPD3_KRT5/SMPD3_RHOD/ACACB_IGF2/SMPD3_FGF3/ACACB_S100A2/IL5RA_S100A2/KCNH2_S100A2/MYO15B_INHBB/ABHD2_S100A2/THBS4_S100A2/KBTBD11_SLC1A5/MYO15B_SLC1A5/ABHD2_LRFN4/MYO15B_MFAP2/SMPD3_LRFN4/HES1_S100A2/SIAH1_S100A2/ACACB_FKBP4/CAT_INHBB/ABHD2_DHRS2/SYNJ1_S100A2/TIPARP_S100A2/RCOR3_S100A2/LRP5L_S100A2/ACACB_TEAD4/MYO15B_HOXA9/ACACB_DHRS2/ABHD2_MFAP2/SMPD3_CCND1/KBTBD11_KRT5/ABHD2_RPP25/THBS4_FKBP4/ABHD2_FKBP4/CYSLTR2_S100A2/EPN2_S100A2/TGIF1_S100A2/TKTL1_S100A2/ACACB_VSNL1/MYO15B_RPP25/SMPD3_EEF1A2/CAT_FKBP4/CAT_ASPSCR1/SIAH1_INHBB/KBTBD11_FKBP4/KBTBD11_RPP25/CAT_VSNL1/CAT_JAG2/ABHD2_JAG2/KBTBD11_DHRS2/ACACB_ASPSCR1/KBTBD11_JAG2/IL5RA_FKBP4/KBTBD11_INHBB/GALC_FKBP4/SMPD3_BMP4/GALC_KRT5","SMPD3_KRT13/SMPD3_SLC6A8/GALC_KRT5/KBTBD11_KRT5/SMPD3_KRT5/THBS1_BMP4/CYSLTR2_BMP4/SMPD3_BMP4/EPN2_BMP4/SMPD3_EEF1A2/CAT_VSNL1/ACACB_VSNL1/SMPD3_VSNL1/MYO15B_VSNL1/CAT_ASPSCR1/ACACB_ASPSCR1/SMPD3_ASPSCR1/MYO15B_ASPSCR1/ACACB_IGF2/THBS1_IGF2/SMPD3_IGF2/KBTBD11_MFAP2/ABHD2_MFAP2/SMPD3_MFAP2/MYO15B_MFAP2/SMPD3_FGF3/KCNH2_S100A2/TKTL1_S100A2/IL5RA_S100A2/HRH4_S100A2/CAT_S100A2/LRP5L_S100A2/CCR3_S100A2/ACACB_S100A2/GALC_S100A2/CYSLTR2_S100A2/TGIF1_S100A2/RCOR3_S100A2/SYNJ1_S100A2/THBS4_S100A2/KBTBD11_S100A2/HES1_S100A2/ABHD2_S100A2/TIPARP_S100A2/SMPD3_S100A2/MYO15B_S100A2/EPN2_S100A2/SIAH1_S100A2/CAT_INHBB/ACACB_INHBB/KBTBD11_INHBB/ABHD2_INHBB/SMPD3_INHBB/MYO15B_INHBB/SIAH1_INHBB/CAT_JAG2/KBTBD11_JAG2/ABHD2_JAG2/SMPD3_JAG2/SMPD3_BAMBI/THBS1_BMP7/CYSLTR2_BMP7/TGIF1_BMP7/EPN2_BMP7/KBTBD11_RPP25/ABHD2_RPP25/SMPD3_RPP25/MYO15B_RPP25/SMPD3_RHOD/ACACB_DHRS2/KBTBD11_DHRS2/ABHD2_DHRS2/SMPD3_DHRS2/SMPD3_ITGB4/SMPD3_STRA6/KBTBD11_SLC1A5/SMPD3_SLC1A5/MYO15B_SLC1A5/IL5RA_FKBP4/CAT_FKBP4/ACACB_FKBP4/GALC_FKBP4/THBS4_FKBP4/KBTBD11_FKBP4/ABHD2_FKBP4/SMPD3_FKBP4/ACACB_TEAD4/ABHD2_TEAD4/SMPD3_TEAD4/SMPD3_CCND1/THBS1_SLC27A5/SMPD3_SLC27A5/TGIF1_HOXA9/SMPD3_HOXA9/MYO15B_HOXA9/ABHD2_LRFN4/SMPD3_LRFN4"
"153",8,8,"Eosinophil_Macrophage","Eosinophil","Macrophage",111,97,1.748,6.59376860627298e-17,3.80790137012264e-15,0.01875,"SMPD3_CD68/SMPD3_FDX1/SMPD3_SCARB2/SMPD3_CTSK/ACACB_ATG7/SMPD3_MSR1/SMPD3_SGMS1/SMPD3_EMP1/SMPD3_CHI3L1/SMPD3_SCG5/SMPD3_ATG7/ABHD2_MSR1/MYO15B_ATG7/SMPD3_GM2A/SMPD3_RAI14/CAT_RAI14/MYO15B_CHI3L1/SMPD3_COLEC12/SMPD3_CYBB/SMPD3_FN1/SMPD3_CLEC5A/SMPD3_MS4A4A/ABHD2_GM2A/SMPD3_CCL7/KBTBD11_RAI14/ABHD2_EMP1/KBTBD11_EMP1/MYO15B_CLEC5A/CAT_FN1/MYO15B_FN1/ABHD2_CTSK/KBTBD11_FN1/ABHD2_SCARB2/KBTBD11_ME1/ACACB_RAI14/CAT_FDX1/KBTBD11_CTSK/SMPD3_PCOLCE2/ABHD2_CD68/HES1_COLEC12/KBTBD11_FDX1/KBTBD11_CLEC5A/ACACB_PCOLCE2/CAT_CHI3L1/ABHD2_RAI14/MYO15B_COLEC12/MYO15B_RAI14/GALC_FN1/SMPD3_ME1/ABHD2_FN1/SMPD3_APOE/MYO15B_GM2A/SMPD3_CD163/MYO15B_PCOLCE2/GALC_RAI14/ABHD2_COLEC12/RCOR3_CHI3L1/ABHD2_CHI3L1/HES1_CHI3L1/KBTBD11_MSR1/ACACB_FN1/HRH4_RAI14/SMPD3_COL8A2/KBTBD11_CHI3L1/MYO15B_GPC4/ABHD2_ATG7/ABHD2_CLEC5A/SMPD3_GPC4/KBTBD11_SCARB2/SIAH1_CHI3L1/MYO15B_MSR1/MYO15B_SCARB2/KBTBD11_COL8A2/MYO15B_CTSK/CAT_COLEC12/ABHD2_SGMS1/ACACB_SCG5/MYO15B_CD163/ABHD2_COL8A2/SIAH1_RAI14/SMPD3_BCAT1/KBTBD11_ATG7/KCNH2_FN1/GALC_CLEC5A/MYO15B_CCL7/ABHD2_CD163/KBTBD11_GM2A/SYNJ1_FN1/ABHD2_FDX1/MYO15B_CYBB/MYO15B_ME1/SMPD3_DNASE2B/CAT_GM2A/CAT_CYBB/HRH4_CHI3L1/KBTBD11_GPC4/SYNJ1_RAI14","RNASE2_CHIT1/THBS1_CHIT1/CYSLTR2_CHIT1/SYNJ1_CHIT1/CAT_COLEC12/HES1_COLEC12/ABHD2_COLEC12/SMPD3_COLEC12/MYO15B_COLEC12/KBTBD11_GPC4/SMPD3_GPC4/MYO15B_GPC4/ACACB_PCOLCE2/SMPD3_PCOLCE2/MYO15B_PCOLCE2/ACACB_SCG5/SMPD3_SCG5/RNASE2_SULT1C2/TGIF1_SULT1C2/EPN2_SULT1C2/SIAH1_SULT1C2/KBTBD11_MSR1/ABHD2_MSR1/SMPD3_MSR1/MYO15B_MSR1/KBTBD11_CTSK/ABHD2_CTSK/SMPD3_CTSK/MYO15B_CTSK/THBS1_SCARB2/KBTBD11_SCARB2/ABHD2_SCARB2/SMPD3_SCARB2/MYO15B_SCARB2/SMPD3_BCAT1/HRH4_RAI14/CAT_RAI14/ACACB_RAI14/GALC_RAI14/SYNJ1_RAI14/KBTBD11_RAI14/ABHD2_RAI14/SMPD3_RAI14/MYO15B_RAI14/SIAH1_RAI14/KBTBD11_COL8A2/ABHD2_COL8A2/SMPD3_COL8A2/SMPD3_APOE/GALC_CLEC5A/KBTBD11_CLEC5A/ABHD2_CLEC5A/SMPD3_CLEC5A/MYO15B_CLEC5A/KBTBD11_ME1/SMPD3_ME1/MYO15B_ME1/THBS1_DNASE2B/CYSLTR2_DNASE2B/SMPD3_DNASE2B/SMPD3_CCL7/MYO15B_CCL7/KCNH2_FN1/CAT_FN1/ACACB_FN1/GALC_FN1/SYNJ1_FN1/KBTBD11_FN1/ABHD2_FN1/SMPD3_FN1/MYO15B_FN1/ABHD2_CD163/SMPD3_CD163/MYO15B_CD163/CAT_GM2A/KBTBD11_GM2A/ABHD2_GM2A/SMPD3_GM2A/MYO15B_GM2A/ABHD2_CD68/SMPD3_CD68/HRH4_CHI3L1/CAT_CHI3L1/RCOR3_CHI3L1/KBTBD11_CHI3L1/HES1_CHI3L1/ABHD2_CHI3L1/SMPD3_CHI3L1/MYO15B_CHI3L1/SIAH1_CHI3L1/ACACB_ATG7/KBTBD11_ATG7/ABHD2_ATG7/SMPD3_ATG7/MYO15B_ATG7/THBS1_CD84/CYSLTR2_CD84/RRP12_CD84/CAT_FDX1/KBTBD11_FDX1/ABHD2_FDX1/SMPD3_FDX1/SMPD3_MS4A4A/ABHD2_SGMS1/SMPD3_SGMS1/KBTBD11_EMP1/ABHD2_EMP1/SMPD3_EMP1/CAT_CYBB/SMPD3_CYBB/MYO15B_CYBB"
"207",9,9,"Tfh_Neutrophil","Tfh","Neutrophil",63,61,1.937,1.82966713148721e-16,8.9371267079982e-15,0.02,"B3GAT1_DYSF/STK39_HPSE/STK39_MME/STK39_CD93/STK39_DYSF/MYO6_FPR1/SIRPG_G0S2/MYO6_CD93/KCNK5_G0S2/TSHR_G0S2/POMT1_DYSF/ZNF764_G0S2/SLC7A10_CD93/SLC7A10_PDE4B/ZNF764_CD93/SMAD1_DYSF/ICA1_G0S2/SLC7A10_ALPL/KCNK5_FPR1/PDCD1_G0S2/MYO7A_MME/STK39_PDE4B/POMT1_G0S2/MYO6_MME/SLC7A10_G0S2/SIRPG_MME/THADA_PDE4B/ZNF764_DYSF/PVALB_DYSF/SLC7A10_DYSF/STK39_FPR1/KCNK5_CREB5/ICA1_PDE4B/MYO7A_G0S2/KCNK5_PDE4B/ZNF764_PDE4B/B3GAT1_ALPL/THADA_MME/SMAD1_G0S2/STK39_G0S2/MYO6_G0S2/ICA1_MME/ZNF764_MME/MYO6_FCAR/ICA1_CD93/STK39_LILRB2/ST8SIA1_DYSF/KCNK5_SIGLEC5/KCNK5_TNFRSF10C/KCNK5_CEACAM3/ICA1_FCAR/ST8SIA1_MME/MAF_DYSF/B3GAT1_MME/PVALB_FPR1/SLC7A10_SIGLEC5/ST8SIA1_G0S2/SMAD1_MME/TSHR_FCAR/STK39_CEACAM3/STK39_FCAR","SLC7A10_ALPL/B3GAT1_ALPL/SLC7A10_SIGLEC5/KCNK5_SIGLEC5/SLC7A10_CD93/ICA1_CD93/MYO6_CD93/STK39_CD93/ZNF764_CD93/HEY1_MGAM/MYO7A_MME/SMAD1_MME/ICA1_MME/SIRPG_MME/B3GAT1_MME/ST8SIA1_MME/MYO6_MME/THADA_MME/STK39_MME/ZNF764_MME/SLC7A10_DYSF/SMAD1_DYSF/PVALB_DYSF/B3GAT1_DYSF/POMT1_DYSF/ST8SIA1_DYSF/MAF_DYSF/STK39_DYSF/ZNF764_DYSF/TSHR_FCAR/ICA1_FCAR/MYO6_FCAR/STK39_FCAR/STK39_CEACAM3/KCNK5_CEACAM3/STK39_HPSE/KCNK5_CREB5/KCNK5_TNFRSF10C/HEY1_BST1/MYO7A_G0S2/TSHR_G0S2/SLC7A10_G0S2/SMAD1_G0S2/ICA1_G0S2/SIRPG_G0S2/POMT1_G0S2/ST8SIA1_G0S2/PDCD1_G0S2/MYO6_G0S2/STK39_G0S2/ZNF764_G0S2/KCNK5_G0S2/PVALB_FPR1/MYO6_FPR1/STK39_FPR1/KCNK5_FPR1/SLC7A10_PDE4B/ICA1_PDE4B/THADA_PDE4B/STK39_PDE4B/ZNF764_PDE4B/KCNK5_PDE4B/STK39_LILRB2"
"196",10,10,"iDC_Neutrophil","iDC","Neutrophil",52,52,2,1.93444301038922e-16,8.9371267079982e-15,0.02,"FABP4_G0S2/HS3ST2_FPR1/CARD9_CD93/CLEC10A_G0S2/CD1C_MME/CD1C_G0S2/CARD9_FPR1/CARD9_DYSF/CARD9_G0S2/FABP4_DYSF/CARD9_ALPL/MS4A6A_MME/ABCG2_DYSF/ABCG2_PDE4B/PREP_FPR1/CTNS_MME/CARD9_MME/CLEC10A_MME/CD1E_G0S2/ABCG2_MME/BLVRB_MME/ABCG2_CD93/CSF1R_MME/RAP1GAP_G0S2/NUDT9_G0S2/CTNS_G0S2/CTNS_PDE4B/CSF1R_G0S2/MS4A6A_CD93/CD1E_MME/PREP_ALPL/LMAN2L_MME/CLEC10A_FCGR3B/ABCG2_G0S2/CLEC10A_FPR1/RAP1GAP_PDE4B/HS3ST2_MME/MS4A6A_FPR1/CLEC10A_DYSF/NUDT9_DYSF/HS3ST2_CSF3R/GUCA1A_G0S2/VASH1_G0S2/PPARG_G0S2/PREP_G0S2/SYT17_G0S2/RAP1GAP_CD93/PREP_FCAR/NUDT9_MME/ABCG2_FCAR/RAP1GAP_MME/GUCA1A_PDE4B","CARD9_ALPL/PREP_ALPL/CARD9_CD93/ABCG2_CD93/MS4A6A_CD93/RAP1GAP_CD93/HS3ST2_CSF3R/CARD9_MME/ABCG2_MME/CD1E_MME/CLEC10A_MME/MS4A6A_MME/CTNS_MME/LMAN2L_MME/BLVRB_MME/RAP1GAP_MME/CSF1R_MME/HS3ST2_MME/NUDT9_MME/CD1C_MME/CLEC10A_FCGR3B/CARD9_DYSF/ABCG2_DYSF/FABP4_DYSF/CLEC10A_DYSF/NUDT9_DYSF/ABCG2_FCAR/PREP_FCAR/GUCA1A_G0S2/CARD9_G0S2/ABCG2_G0S2/VASH1_G0S2/CD1E_G0S2/FABP4_G0S2/CLEC10A_G0S2/SYT17_G0S2/CTNS_G0S2/PPARG_G0S2/RAP1GAP_G0S2/CSF1R_G0S2/PREP_G0S2/NUDT9_G0S2/CD1C_G0S2/CARD9_FPR1/CLEC10A_FPR1/MS4A6A_FPR1/HS3ST2_FPR1/PREP_FPR1/GUCA1A_PDE4B/ABCG2_PDE4B/CTNS_PDE4B/RAP1GAP_PDE4B"
"192",11,11,"CD8 T_Neutrophil","CD8 T","Neutrophil",64,61,1.906,1.99589409214913e-15,8.38275518702634e-14,0.0254545454545455,"TSC22D3_FPR1/PRR5_FCAR/THUMPD1_DYSF/ZNF609_DYSF/FLT3LG_DYSF/PRR5_MME/ARHGAP8_MME/RBM3_CD93/THUMPD1_PDE4B/CAMLG_DYSF/CDKN2AIP_G0S2/TBCC_G0S2/PRR5_PDE4B/ARHGAP8_G0S2/PRR5_ALPL/ZFP36L2_DYSF/FLT3LG_MME/GZMM_G0S2/PRR5_DYSF/TMC6_DYSF/ZNF609_G0S2/CDKN2AIP_MME/PRR5_G0S2/CDKN2AIP_CEACAM3/SLC16A7_G0S2/ZFP36L2_G0S2/TBCC_FPR1/ZFP36L2_MME/CDKN2AIP_LILRB2/VAMP2_LILRB2/VAMP2_MME/ZNF609_MME/ZFP36L2_ALPL/TSC22D3_CSF3R/LEPROTL1_G0S2/TBCC_PDE4B/PRR5_LILRB2/KLF9_PDE4B/RBM3_MME/TBCC_DYSF/SLC16A7_MME/FLT3LG_ALPL/PPP1R2_MME/PRR5_CD93/ZFP36L2_FPR1/LEPROTL1_MME/ARHGAP8_DYSF/ZEB1_DYSF/PRR5_FPR1/VAMP2_DYSF/ZNF609_ALPL/TBCC_FCAR/LEPROTL1_CD93/ABT1_DYSF/CDKN2AIP_PDE4B/LIME1_MME/RBM3_PDE4B/CD8B_G0S2/PPP1R2_CD93/GZMM_FPR1/THUMPD1_ALPL","PRR5_ALPL/THUMPD1_ALPL/ZFP36L2_ALPL/ZNF609_ALPL/FLT3LG_ALPL/PRR5_CD93/LEPROTL1_CD93/PPP1R2_CD93/RBM3_CD93/SF1_MGAM/DNAJB1_MGAM/CAMLG_MGAM/TSC22D3_CSF3R/ARHGAP8_MME/PRR5_MME/LIME1_MME/VAMP2_MME/SLC16A7_MME/LEPROTL1_MME/ZFP36L2_MME/ZNF609_MME/PPP1R2_MME/FLT3LG_MME/CDKN2AIP_MME/RBM3_MME/ARHGAP8_DYSF/PRR5_DYSF/THUMPD1_DYSF/VAMP2_DYSF/ZFP36L2_DYSF/ZEB1_DYSF/ZNF609_DYSF/CAMLG_DYSF/TMC6_DYSF/FLT3LG_DYSF/TBCC_DYSF/ABT1_DYSF/PRR5_FCAR/TBCC_FCAR/CDKN2AIP_CEACAM3/ARHGAP8_G0S2/GZMM_G0S2/CD8B_G0S2/PRR5_G0S2/SLC16A7_G0S2/LEPROTL1_G0S2/ZFP36L2_G0S2/ZNF609_G0S2/CDKN2AIP_G0S2/TBCC_G0S2/GZMM_FPR1/PRR5_FPR1/ZFP36L2_FPR1/TSC22D3_FPR1/TBCC_FPR1/PRR5_PDE4B/THUMPD1_PDE4B/CDKN2AIP_PDE4B/TBCC_PDE4B/RBM3_PDE4B/KLF9_PDE4B/PRR5_LILRB2/VAMP2_LILRB2/CDKN2AIP_LILRB2"
"201",12,12,"NK_Neutrophil","NK","Neutrophil",53,52,1.962,5.25019420365451e-15,2.02132476840699e-13,0.0316666666666667,"MCM3AP_ALPL/BCL2_FCAR/LDB3_CD93/BCL2_DYSF/LDB3_DYSF/BCL2_LILRB2/SPN_G0S2/MCM3AP_CD93/ZNF747_CD93/FZR1_G0S2/BCL2_G0S2/CDC5L_PDE4B/SPN_DYSF/BCL2_ALPL/ZNF205_MME/ZNF205_G0S2/PRX_MME/TINAGL1_G0S2/XCL1_G0S2/MCM3AP_G0S2/FGF18_G0S2/TBXA2R_G0S2/ZNF747_PDE4B/LDB3_PDE4B/IGFBP5_G0S2/ZNF747_DYSF/NCR1_FCAR/SLC30A5_MME/BCL2_CD93/PRX_G0S2/TBXA2R_MME/MRC2_G0S2/MCM3AP_DYSF/ADARB1_G0S2/TCTN2_G0S2/SPN_MME/NCR1_G0S2/FZR1_FPR1/ZNF747_G0S2/PSMD4_FPR1/MCM3AP_FCAR/PRX_FCAR/BCL2_PDE4B/ZNF747_MME/MCM3AP_FPR1/FZR1_MME/SPN_FPR1/BCL2_FPR1/CDC5L_MME/MCM3AP_MME/LDB3_G0S2/NCR1_MME","MCM3AP_ALPL/BCL2_ALPL/ZNF747_CD93/MCM3AP_CD93/BCL2_CD93/LDB3_CD93/ZNF747_MME/SLC30A5_MME/MCM3AP_MME/TBXA2R_MME/CDC5L_MME/SPN_MME/PRX_MME/FZR1_MME/ZNF205_MME/NCR1_MME/ZNF747_DYSF/MCM3AP_DYSF/SPN_DYSF/BCL2_DYSF/LDB3_DYSF/MCM3AP_FCAR/PRX_FCAR/BCL2_FCAR/NCR1_FCAR/ADARB1_CRISPLD2/ZNF747_G0S2/XCL1_G0S2/MCM3AP_G0S2/TBXA2R_G0S2/FGF18_G0S2/MRC2_G0S2/SPN_G0S2/PRX_G0S2/FZR1_G0S2/ZNF205_G0S2/BCL2_G0S2/TCTN2_G0S2/ADARB1_G0S2/NCR1_G0S2/LDB3_G0S2/IGFBP5_G0S2/TINAGL1_G0S2/MCM3AP_FPR1/SPN_FPR1/PSMD4_FPR1/FZR1_FPR1/BCL2_FPR1/ZNF747_PDE4B/CDC5L_PDE4B/BCL2_PDE4B/LDB3_PDE4B/BCL2_LILRB2"
"429",13,13,"Mast_Th1","Mast","Th1",45,45,2,2.56432333137729e-14,9.11321060843314e-13,0.0361538461538462,"MAOB_DUSP5/MAOB_DGKI/MAOB_DOK5/MAOB_BTG3/PPM1H_BTG3/MAOB_SGCB/MAOB_APBB2/MLPH_DUSP5/MAOB_EGFL6/MAOB_IL22/MAOB_HBEGF/MAOB_IL12RB2/TPSB2_HBEGF/SIGLEC6_APBB2/MAOB_CD70/TAL1_BTG3/TAL1_APBB2/MS4A2_BTG3/PPM1H_DUSP5/SLC24A3_BTG3/SLC18A2_HBEGF/MAOB_LRRN3/CEACAM8_BTG3/HPGD_EGFL6/SLC18A2_BTG3/MAOB_LTA/MAOB_BST2/PPM1H_EGFL6/HPGD_CD70/CEACAM8_APBB2/MPO_APBB2/MAOB_LRP8/MS4A2_APBB2/HPGD_HBEGF/ABCC4_EGFL6/TPSB2_EGFL6/MS4A2_HBEGF/HPGD_SYNGR3/HPGD_CCL4/PPM1H_CD70/HPGD_DUSP5/PPM1H_HBEGF/TAL1_DGKI/PPM1H_DGKI/SLC18A2_APBB2","MAOB_LRP8/MAOB_IL22/PPM1H_DGKI/TAL1_DGKI/MAOB_DGKI/MAOB_LTA/SLC18A2_APBB2/MS4A2_APBB2/SIGLEC6_APBB2/MPO_APBB2/TAL1_APBB2/MAOB_APBB2/CEACAM8_APBB2/MAOB_DOK5/MAOB_IL12RB2/TPSB2_EGFL6/PPM1H_EGFL6/ABCC4_EGFL6/MAOB_EGFL6/HPGD_EGFL6/MAOB_BST2/HPGD_CCL4/MLPH_DUSP5/PPM1H_DUSP5/MAOB_DUSP5/HPGD_DUSP5/MAOB_LRRN3/HPGD_SYNGR3/SLC18A2_HBEGF/MS4A2_HBEGF/TPSB2_HBEGF/PPM1H_HBEGF/MAOB_HBEGF/HPGD_HBEGF/MAOB_SGCB/SLC24A3_BTG3/SLC18A2_BTG3/MS4A2_BTG3/PPM1H_BTG3/TAL1_BTG3/MAOB_BTG3/CEACAM8_BTG3/PPM1H_CD70/MAOB_CD70/HPGD_CD70"
"155",14,14,"Mast_Macrophage","Mast","Macrophage",70,64,1.829,1.02754743056879e-13,3.18799894150495e-12,0.0464285714285714,"MAOB_EMP1/MAOB_RAI14/PPM1H_RAI14/MAOB_COLEC12/MAOB_ATG7/HPGD_FDX1/MAOB_GPC4/MAOB_CD68/MAOB_CLEC5A/HPGD_FN1/MAOB_GM2A/HPGD_CLEC5A/MS4A2_FN1/MAOB_FDX1/MAOB_ME1/PPM1H_GM2A/MAOB_SCARB2/PPM1H_ATG7/MAOB_CTSK/PPM1H_COLEC12/CTSG_CHI3L1/SIGLEC6_FN1/CEACAM8_CLEC5A/SIGLEC6_RAI14/HPGD_CTSK/CEACAM8_CHI3L1/PPM1H_CLEC5A/CTSG_FN1/MAOB_MSR1/MS4A2_CHI3L1/MAOB_FN1/MAOB_CHI3L1/PPM1H_FN1/TAL1_FN1/SLC24A3_COLEC12/MLPH_COLEC12/SIGLEC6_BCAT1/NR0B1_CHI3L1/PPM1H_MSR1/SLC18A2_EMP1/MS4A2_BCAT1/HPGD_RAI14/PTGS1_FN1/MAOB_SGMS1/MAOB_MS4A4A/TAL1_SCARB2/MS4A2_RAI14/MPO_CHI3L1/MAOB_SCG5/PPM1H_COL8A2/MS4A2_CTSK/KIT_FN1/NR0B1_FN1/SLC18A2_CLEC5A/PPM1H_CHI3L1/HPGD_MSR1/TAL1_FDX1/MAOB_BCAT1/HPGD_CD163/CMA1_FN1/HPGD_CYBB/MAOB_CYBB/CEACAM8_FN1/HDC_RAI14","ABCC4_CHIT1/PTGS1_CHIT1/MLPH_COLEC12/SLC24A3_COLEC12/PPM1H_COLEC12/MAOB_COLEC12/MAOB_GPC4/MAOB_SCG5/NR0B1_SULT1C2/PTGS1_SULT1C2/PPM1H_MSR1/MAOB_MSR1/HPGD_MSR1/MS4A2_CTSK/MAOB_CTSK/HPGD_CTSK/TAL1_SCARB2/MAOB_SCARB2/MS4A2_BCAT1/SIGLEC6_BCAT1/MAOB_BCAT1/MS4A2_RAI14/HDC_RAI14/SIGLEC6_RAI14/PPM1H_RAI14/MAOB_RAI14/HPGD_RAI14/PPM1H_COL8A2/SLC18A2_CLEC5A/PPM1H_CLEC5A/MAOB_CLEC5A/HPGD_CLEC5A/CEACAM8_CLEC5A/MAOB_ME1/CTSG_FN1/MS4A2_FN1/SIGLEC6_FN1/CMA1_FN1/NR0B1_FN1/PPM1H_FN1/KIT_FN1/TAL1_FN1/PTGS1_FN1/MAOB_FN1/HPGD_FN1/CEACAM8_FN1/HPGD_CD163/PPM1H_GM2A/MAOB_GM2A/MAOB_CD68/CTSG_CHI3L1/MS4A2_CHI3L1/MPO_CHI3L1/NR0B1_CHI3L1/PPM1H_CHI3L1/MAOB_CHI3L1/CEACAM8_CHI3L1/PPM1H_ATG7/MAOB_ATG7/PTGS1_CD84/TAL1_FDX1/PTGS1_FDX1/MAOB_FDX1/HPGD_FDX1/MAOB_MS4A4A/MAOB_SGMS1/SLC18A2_EMP1/MAOB_EMP1/MAOB_CYBB/HPGD_CYBB"
"203",15,15,"T_Neutrophil","T","Neutrophil",43,43,2,1.03506459139771e-13,3.18799894150495e-12,0.0446666666666667,"BCL11B_G0S2/CD3E_G0S2/BCL11B_LILRB2/CD96_G0S2/ITM2A_DYSF/GIMAP5_G0S2/TRBC1_G0S2/CD6_G0S2/BCL11B_ALPL/CD3G_G0S2/TRAT1_G0S2/BCL11B_DYSF/BCL11B_FPR1/GIMAP5_FCAR/BCL11B_HPSE/NCALD_MME/BCL11B_MME/LCK_G0S2/CD2_G0S2/CD3D_G0S2/BCL11B_FCAR/GIMAP5_CEACAM3/ITM2A_ALPL/NCALD_G0S2/SH2D1A_G0S2/CD28_FPR1/BCL11B_PDE4B/TRBC1_MME/BCL11B_CEACAM3/GIMAP5_MME/SKAP1_G0S2/GIMAP5_LILRB2/ITM2A_CD93/PRKCQ_G0S2/ITM2A_MME/CD2_FCGR3B/GIMAP5_FPR1/BCL11B_FCGR3B/ITM2A_LILRB2/LCK_MME/CD2_FPR1/ITM2A_PDE4B/CD2_CD93","BCL11B_ALPL/ITM2A_ALPL/CD2_CD93/ITM2A_CD93/LCK_MME/NCALD_MME/BCL11B_MME/GIMAP5_MME/TRBC1_MME/ITM2A_MME/BCL11B_FCGR3B/CD2_FCGR3B/BCL11B_DYSF/ITM2A_DYSF/BCL11B_FCAR/GIMAP5_FCAR/BCL11B_CEACAM3/GIMAP5_CEACAM3/BCL11B_HPSE/CD3D_G0S2/LCK_G0S2/PRKCQ_G0S2/NCALD_G0S2/CD3G_G0S2/CD3E_G0S2/SKAP1_G0S2/TRAT1_G0S2/BCL11B_G0S2/CD2_G0S2/CD6_G0S2/CD96_G0S2/GIMAP5_G0S2/SH2D1A_G0S2/TRBC1_G0S2/CD28_FPR1/BCL11B_FPR1/CD2_FPR1/GIMAP5_FPR1/BCL11B_PDE4B/ITM2A_PDE4B/BCL11B_LILRB2/GIMAP5_LILRB2/ITM2A_LILRB2"
"209",16,16,"Th1_Neutrophil","Th1","Neutrophil",39,39,2,1.68426595427253e-12,4.86331794296194e-11,0.078125,"ATP9A_FPR1/SYNGR3_G0S2/LRRN3_CD93/ATP9A_MME/IFNG_G0S2/LRP8_G0S2/GGT1_G0S2/SYNGR3_MME/BST2_G0S2/IL22_MME/ATP9A_G0S2/LRRN3_G0S2/GGT1_FPR1/LRRN3_DYSF/DPP4_ALPL/HBEGF_G0S2/LRRN3_MME/ZBTB32_MME/ZBTB32_FCAR/ATP9A_DYSF/DOK5_DYSF/DPP4_MME/ZBTB32_LILRB2/DPP4_DYSF/LTA_G0S2/GGT1_SLC22A4/GGT1_SLC25A37/IL22_PDE4B/APOD_PDE4B/GGT1_CD93/IL22_SLC25A37/APOD_G0S2/CTLA4_G0S2/GGT1_CEACAM3/BST2_MME/LTA_MME/SYNGR3_FPR1/IFNG_DYSF/APOD_ALPL","APOD_ALPL/DPP4_ALPL/LRRN3_CD93/GGT1_CD93/IL22_MME/LTA_MME/ZBTB32_MME/DPP4_MME/BST2_MME/LRRN3_MME/SYNGR3_MME/ATP9A_MME/IFNG_DYSF/DOK5_DYSF/DPP4_DYSF/LRRN3_DYSF/ATP9A_DYSF/ZBTB32_FCAR/GGT1_CEACAM3/GGT1_SLC22A4/IL22_SLC25A37/GGT1_SLC25A37/LRP8_G0S2/IFNG_G0S2/LTA_G0S2/APOD_G0S2/BST2_G0S2/LRRN3_G0S2/SYNGR3_G0S2/ATP9A_G0S2/GGT1_G0S2/HBEGF_G0S2/CTLA4_G0S2/SYNGR3_FPR1/ATP9A_FPR1/GGT1_FPR1/IL22_PDE4B/APOD_PDE4B/ZBTB32_LILRB2"
"324",17,17,"Mast_Th","Mast","Th",44,43,1.955,2.33883732768118e-12,6.35613438463945e-11,0.0776470588235294,"MAOB_PHF10/MAOB_GOLGA8A/MAOB_SLC25A12/MAOB_NUP107/MAOB_RPA1/MAOB_NAP1L4/MAOB_FRYL/PPM1H_UBE2L3/PPM1H_PPP2R5C/HPGD_UBE2L3/MAOB_ANP32B/TAL1_DDX50/PPM1H_DDX50/PPM1H_NAP1L4/SIGLEC6_SLC25A12/MAOB_PPP2R5C/PPM1H_ANP32B/MAOB_ATF2/TAL1_ATF2/PPM1H_SEC24C/PPM1H_PHF10/MAOB_UBE2L3/SIGLEC6_NUP107/PPM1H_RPA1/PPM1H_SLC25A12/TAL1_SLC25A12/PPM1H_NUP107/MS4A2_PHF10/HPGD_DDX50/MAOB_ICOS/CEACAM8_SLC25A12/CEACAM8_ANP32B/TAL1_FRYL/MAOB_DDX50/TAL1_ANP32B/MS4A2_FRYL/SIGLEC6_DDX50/TPSB2_PHF10/MAOB_BATF/HDC_SLC25A12/MS4A2_ATF2/MAOB_LRBA/CEACAM8_ATF2","MS4A2_FRYL/TAL1_FRYL/MAOB_FRYL/PPM1H_RPA1/MAOB_RPA1/MAOB_ICOS/PTGS1_LRBA/MAOB_LRBA/PPM1H_NAP1L4/MAOB_NAP1L4/MAOB_BATF/MAOB_GOLGA8A/PPM1H_ANP32B/TAL1_ANP32B/MAOB_ANP32B/CEACAM8_ANP32B/SIGLEC6_DDX50/PPM1H_DDX50/TAL1_DDX50/MAOB_DDX50/HPGD_DDX50/PPM1H_UBE2L3/MAOB_UBE2L3/HPGD_UBE2L3/HDC_SLC25A12/SIGLEC6_SLC25A12/PPM1H_SLC25A12/TAL1_SLC25A12/MAOB_SLC25A12/CEACAM8_SLC25A12/MS4A2_ATF2/TAL1_ATF2/MAOB_ATF2/CEACAM8_ATF2/PPM1H_PPP2R5C/MAOB_PPP2R5C/SIGLEC6_NUP107/PPM1H_NUP107/MAOB_NUP107/PPM1H_SEC24C/MS4A2_PHF10/TPSB2_PHF10/PPM1H_PHF10/MAOB_PHF10"
"426",18,18,"Eosinophil_Th1","Eosinophil","Th1",71,63,1.775,4.39610504980298e-12,1.12833362944943e-10,0.0788888888888889,"SMPD3_BTG3/SMPD3_APBB2/SMPD3_DGKI/SMPD3_LRRN3/SMPD3_IL12RB2/SMPD3_DOK5/KBTBD11_EGFL6/SMPD3_IL22/SMPD3_CD70/MYO15B_DUSP5/SMPD3_SGCB/SMPD3_EGFL6/SMPD3_ZBTB32/ABHD2_BTG3/ACACB_APBB2/MYO15B_DGKI/ABHD2_APBB2/MYO15B_EGFL6/SMPD3_LTA/ABHD2_DGKI/CAT_BTG3/ACACB_CD70/ABHD2_DUSP5/ABHD2_EGFL6/ACACB_LTA/SMPD3_HBEGF/ABHD2_HBEGF/MYO15B_APBB2/SMPD3_DUSP5/KBTBD11_HBEGF/KBTBD11_BTG3/IL5RA_APBB2/SYNJ1_APBB2/MYO15B_BTG3/HES1_BTG3/ABHD2_LTA/CAT_APBB2/MYO15B_SGCB/MYO15B_CD70/SMPD3_CCL4/SIAH1_APBB2/ACACB_DUSP5/SMPD3_SYNGR3/HES1_DUSP5/GALC_DUSP5/SMPD3_LRP8/CAT_DGKI/ABHD2_SGCB/ABHD2_IL12RB2/HES1_APBB2/CAT_EGFL6/MYO15B_SYNGR3/ABHD2_SYNGR3/KBTBD11_IL12RB2/SMPD3_CD38/KBTBD11_SGCB/KBTBD11_DUSP5/TKTL1_CD70/ABHD2_CD70/RCOR3_BTG3/HES1_HBEGF/GALC_APBB2/CCR3_APBB2","SMPD3_LRP8/THBS1_IL22/SMPD3_IL22/EPN2_IL22/CAT_DGKI/ABHD2_DGKI/SMPD3_DGKI/MYO15B_DGKI/ACACB_LTA/ABHD2_LTA/SMPD3_LTA/IL5RA_APBB2/CAT_APBB2/CCR3_APBB2/ACACB_APBB2/GALC_APBB2/SYNJ1_APBB2/HES1_APBB2/ABHD2_APBB2/SMPD3_APBB2/MYO15B_APBB2/SIAH1_APBB2/THBS1_DOK5/SMPD3_DOK5/KBTBD11_IL12RB2/ABHD2_IL12RB2/SMPD3_IL12RB2/SMPD3_ZBTB32/CAT_EGFL6/KBTBD11_EGFL6/ABHD2_EGFL6/SMPD3_EGFL6/MYO15B_EGFL6/SMPD3_CCL4/ACACB_DUSP5/GALC_DUSP5/KBTBD11_DUSP5/HES1_DUSP5/ABHD2_DUSP5/SMPD3_DUSP5/MYO15B_DUSP5/THBS1_LRRN3/SMPD3_LRRN3/ABHD2_SYNGR3/SMPD3_SYNGR3/MYO15B_SYNGR3/THBS1_ATP9A/TGIF1_ATP9A/THBS1_GGT1/KBTBD11_HBEGF/HES1_HBEGF/ABHD2_HBEGF/SMPD3_HBEGF/THBS1_SGCB/KBTBD11_SGCB/ABHD2_SGCB/SMPD3_SGCB/MYO15B_SGCB/CAT_BTG3/RCOR3_BTG3/KBTBD11_BTG3/HES1_BTG3/ABHD2_BTG3/SMPD3_BTG3/MYO15B_BTG3/TKTL1_CD70/ACACB_CD70/ABHD2_CD70/SMPD3_CD70/MYO15B_CD70/SMPD3_CD38"
"363",19,19,"Eosinophil_Tem","Eosinophil","Tem",42,41,1.952,9.01526508481495e-12,2.19213287851816e-10,0.088421052631579,"SMPD3_EWSR1/SMPD3_TBC1D5/SMPD3_NFATC4/SMPD3_DDX17/SMPD3_GDPD5/MYO15B_TBCD/ABHD2_AKT3/KBTBD11_NFATC4/ACACB_NFATC4/ACACB_GDPD5/SMPD3_AKT3/ACACB_EWSR1/ACACB_TBC1D5/SMPD3_TBCD/KBTBD11_MEFV/ACACB_AKT3/ABHD2_TBC1D5/ABHD2_MEFV/MYO15B_NFATC4/SMPD3_MEFV/ABHD2_DDX17/ABHD2_NFATC4/KBTBD11_AKT3/CAT_TBCD/ACACB_FLI1/ACACB_TBCD/ABHD2_EWSR1/SMPD3_FLI1/ACACB_DDX17/MYO15B_AKT3/ABHD2_TBCD/SYNJ1_AKT3/ABHD2_GDPD5/SMPD3_CCR2/MYO15B_GDPD5/MYO15B_EWSR1/CAT_AKT3/CAT_GDPD5/KBTBD11_TBC1D5/CAT_NFATC4/IL5RA_NFATC4","KBTBD11_MEFV/ABHD2_MEFV/SMPD3_MEFV/CAT_GDPD5/ACACB_GDPD5/ABHD2_GDPD5/SMPD3_GDPD5/MYO15B_GDPD5/SMPD3_CCR2/ACACB_FLI1/SMPD3_FLI1/ACACB_TBC1D5/KBTBD11_TBC1D5/ABHD2_TBC1D5/SMPD3_TBC1D5/IL5RA_NFATC4/CAT_NFATC4/ACACB_NFATC4/KBTBD11_NFATC4/ABHD2_NFATC4/SMPD3_NFATC4/MYO15B_NFATC4/CAT_AKT3/ACACB_AKT3/SYNJ1_AKT3/KBTBD11_AKT3/ABHD2_AKT3/SMPD3_AKT3/MYO15B_AKT3/ACACB_EWSR1/ABHD2_EWSR1/SMPD3_EWSR1/MYO15B_EWSR1/CAT_TBCD/ACACB_TBCD/ABHD2_TBCD/SMPD3_TBCD/MYO15B_TBCD/ACACB_DDX17/THBS1_DDX17/ABHD2_DDX17/SMPD3_DDX17"
"210",20,20,"Th2_Neutrophil","Th2","Neutrophil",45,43,1.911,2.70347839121089e-11,6.24503508369715e-10,0.099,"LIMA1_MME/LIMA1_FPR1/LIMA1_ALPL/LIMA1_DYSF/LIMA1_FCAR/EVI5_CD93/GATA3_FPR1/PTGIS_G0S2/IL26_ALPL/SLC39A14_G0S2/ANK1_MME/GATA3_MME/LIMA1_G0S2/ADCY1_MME/SNRPD1_FPR1/DHFR_DYSF/DHFR_G0S2/ANK1_PDE4B/IL26_G0S2/EVI5_DYSF/SLC39A14_FCAR/CXCR6_G0S2/AHI1_PDE4B/ANK1_CD93/SLC39A14_DYSF/ANK1_TNFRSF10C/GSTA4_G0S2/CXCR6_LILRB2/ANK1_DYSF/ANK1_S100A12/SNRPD1_MME/SLC39A14_CEACAM3/ANK1_LILRB2/GSTA4_DYSF/ANK1_G0S2/SNRPD1_G0S2/LIMA1_HPSE/ADCY1_DYSF/ANK1_SLC25A37/PHEX_MME/ANK1_HPSE/SLC39A14_MME/SLC39A14_PDE4B","IL26_ALPL/LIMA1_ALPL/EVI5_CD93/ANK1_CD93/WDHD1_MGAM/ADCY1_MME/SNRPD1_MME/ANK1_MME/GATA3_MME/PHEX_MME/SLC39A14_MME/LIMA1_MME/ADCY1_DYSF/EVI5_DYSF/ANK1_DYSF/DHFR_DYSF/GSTA4_DYSF/SLC39A14_DYSF/LIMA1_DYSF/SLC39A14_FCAR/LIMA1_FCAR/SLC39A14_CEACAM3/ANK1_HPSE/LIMA1_HPSE/ANK1_S100A12/ANK1_TNFRSF10C/ANK1_SLC25A37/WDHD1_BST1/PTGIS_G0S2/CXCR6_G0S2/SNRPD1_G0S2/IL26_G0S2/ANK1_G0S2/DHFR_G0S2/GSTA4_G0S2/SLC39A14_G0S2/LIMA1_G0S2/SNRPD1_FPR1/GATA3_FPR1/LIMA1_FPR1/AHI1_PDE4B/ANK1_PDE4B/SLC39A14_PDE4B/CXCR6_LILRB2/ANK1_LILRB2"
"47",21,21,"Eosinophil_CD8 T","Eosinophil","CD8 T",84,71,1.69,3.3049708218426e-11,7.27093580805373e-10,0.103809523809524,"SMPD3_ZNF91/SMPD3_ZNF22/SMPD3_CAMLG/SMPD3_ABT1/SMPD3_ZEB1/SMPD3_PPP1R2/SMPD3_DNAJB1/SMPD3_VAMP2/SMPD3_TBCC/SMPD3_LEPROTL1/SMPD3_PRR5/ABHD2_APBA2/MYO15B_APBA2/SMPD3_FLT3LG/SMPD3_APBA2/SMPD3_THUMPD1/SMPD3_SF1/ABHD2_PPP1R2/SMPD3_ZNF609/SMPD3_PF4/KBTBD11_APBA2/SMPD3_CD8A/KBTBD11_ABT1/SMPD3_LIME1/ABHD2_DNAJB1/CAT_CAMLG/ABHD2_LIME1/MYO15B_DNAJB1/ABHD2_CAMLG/ACACB_DNAJB1/KBTBD11_LEPROTL1/KBTBD11_DNAJB1/SMPD3_GADD45A/ACACB_SF1/ACACB_VAMP2/ABHD2_ZEB1/ACACB_ZNF609/KBTBD11_PPP1R2/SMPD3_KLF9/ACACB_FLT3LG/ABHD2_ZNF22/SMPD3_RBM3/MYO15B_PPP1R2/ABHD2_ABT1/MYO15B_VAMP2/ABHD2_CDKN2AIP/KBTBD11_CAMLG/CAT_DNAJB1/CAT_ZNF609/ABHD2_ARHGAP8/ABHD2_VAMP2/ABHD2_ZNF609/MYO15B_SF1/KBTBD11_ZNF22/ABHD2_THUMPD1/SMPD3_ARHGAP8/ACACB_ZNF91/KBTBD11_KLF9/KBTBD11_ZEB1/KBTBD11_TBCC/SMPD3_GZMM/SMPD3_CD8B/KBTBD11_RBM3/SIAH1_DNAJB1/ACACB_PPP1R2/ABHD2_LEPROTL1/CAT_ZEB1/RCOR3_DNAJB1/KBTBD11_FLT3LG/MYO15B_RBM3/SMPD3_ZFP36L2","ACACB_SF1/SMPD3_SF1/MYO15B_SF1/THBS1_ARHGAP8/ABHD2_ARHGAP8/SMPD3_ARHGAP8/SMPD3_GZMM/CAT_DNAJB1/ACACB_DNAJB1/RCOR3_DNAJB1/KBTBD11_DNAJB1/ABHD2_DNAJB1/SMPD3_DNAJB1/MYO15B_DNAJB1/SIAH1_DNAJB1/SMPD3_CD8B/SMPD3_CD8A/SMPD3_PF4/SMPD3_PRR5/EPN2_PRR5/ABHD2_LIME1/SMPD3_LIME1/THBS1_THUMPD1/ABHD2_THUMPD1/SMPD3_THUMPD1/EPN2_THUMPD1/ACACB_VAMP2/ABHD2_VAMP2/SMPD3_VAMP2/MYO15B_VAMP2/KBTBD11_APBA2/ABHD2_APBA2/SMPD3_APBA2/MYO15B_APBA2/THBS1_LEPROTL1/KBTBD11_LEPROTL1/ABHD2_LEPROTL1/SMPD3_LEPROTL1/THBS1_ZFP36L2/SMPD3_ZFP36L2/EPN2_ZFP36L2/SMPD3_GADD45A/CAT_ZEB1/KBTBD11_ZEB1/ABHD2_ZEB1/SMPD3_ZEB1/CAT_ZNF609/ACACB_ZNF609/ABHD2_ZNF609/SMPD3_ZNF609/CAT_CAMLG/KBTBD11_CAMLG/ABHD2_CAMLG/SMPD3_CAMLG/ACACB_PPP1R2/KBTBD11_PPP1R2/ABHD2_PPP1R2/SMPD3_PPP1R2/MYO15B_PPP1R2/ACACB_ZNF91/SMPD3_ZNF91/KBTBD11_ZNF22/ABHD2_ZNF22/SMPD3_ZNF22/ACACB_FLT3LG/KBTBD11_FLT3LG/SMPD3_FLT3LG/EPN2_FLT3LG/ABHD2_CDKN2AIP/CLC_TSC22D3/KBTBD11_TBCC/SMPD3_TBCC/EPN2_TBCC/THBS1_RBM3/KBTBD11_RBM3/SMPD3_RBM3/MYO15B_RBM3/KBTBD11_ABT1/ABHD2_ABT1/SMPD3_ABT1/EPN2_ABT1/KBTBD11_KLF9/SMPD3_KLF9/EPN2_KLF9"
"280",22,22,"iDC_Tumor","iDC","Tumor",43,41,1.907,9.9665682103336e-11,2.09297932417006e-09,0.110454545454545,"F13A1_S100A2/NUDT9_S100A2/RAP1GAP_S100A2/FABP4_S100A2/ABCG2_S100A2/MS4A6A_S100A2/CD1C_INHBB/CD1B_S100A2/CD1C_S100A2/PREP_INHBB/TACSTD2_S100A2/SLC26A6_S100A2/CLEC10A_S100A2/BLVRB_S100A2/CARD9_FKBP4/CD1E_S100A2/PREP_S100A2/CD1A_S100A2/SYT17_S100A2/CLEC10A_KRT5/CARD9_S100A2/RAP1GAP_DHRS2/CARD9_INHBB/VASH1_S100A2/CTNS_JAG2/GUCA1A_FKBP4/CD1E_DHRS2/CH25H_S100A2/CTNS_INHBB/BLVRB_FKBP4/CTNS_S100A2/GUCA1A_S100A2/HS3ST2_S100A2/LMAN2L_S100A2/FZD2_S100A2/FABP4_EEF1A2/FABP4_VSNL1/PPARG_INHBB/CD1C_VSNL1/ABCG2_KRT5/NUDT9_KRT5","ABCG2_KRT5/CLEC10A_KRT5/NUDT9_KRT5/SLC26A6_BMP4/FABP4_EEF1A2/FABP4_VSNL1/CD1C_VSNL1/GUCA1A_S100A2/CARD9_S100A2/ABCG2_S100A2/CD1B_S100A2/VASH1_S100A2/F13A1_S100A2/CD1E_S100A2/FABP4_S100A2/CLEC10A_S100A2/SYT17_S100A2/MS4A6A_S100A2/CTNS_S100A2/LMAN2L_S100A2/SLC26A6_S100A2/BLVRB_S100A2/CD1A_S100A2/RAP1GAP_S100A2/FZD2_S100A2/HS3ST2_S100A2/CH25H_S100A2/PREP_S100A2/TACSTD2_S100A2/NUDT9_S100A2/CD1C_S100A2/CARD9_INHBB/CTNS_INHBB/PPARG_INHBB/PREP_INHBB/CD1C_INHBB/CTNS_JAG2/SYT17_BMP7/CD1E_DHRS2/RAP1GAP_DHRS2/GUCA1A_FKBP4/CARD9_FKBP4/BLVRB_FKBP4"
"450",23,23,"Mast_Th2","Mast","Th2",47,44,1.872,1.13136875395977e-10,2.2725754970844e-09,0.111304347826087,"MAOB_WDHD1/MAOB_SMAD2/MAOB_AHI1/MAOB_CDC25C/PRG2_WDHD1/TAL1_WDHD1/MAOB_PHEX/MAOB_GSTA4/PPM1H_SMAD2/CEACAM8_WDHD1/MAOB_CENPF/MAOB_BIRC5/MAOB_CDC7/MAOB_MICAL2/MAOB_MB/PPM1H_WDHD1/PPM1H_PHEX/MAOB_EVI5/PPM1H_MICAL2/MAOB_NEIL3/MAOB_DHFR/PPM1H_AHI1/MS4A2_WDHD1/MS4A2_GSTA4/MAOB_HELLS/MAOB_ADCY1/MS4A2_AHI1/PPM1H_CDC7/KIT_WDHD1/MAOB_GATA3/HPGD_MB/HPGD_SMAD2/MLPH_WDHD1/TAL1_AHI1/MAOB_IL26/CEACAM8_BIRC5/MS4A2_CDC7/TPSB2_WDHD1/SIGLEC6_SMAD2/HPGD_WDHD1/SIGLEC6_CDC7/KIT_SMAD2/TAL1_SMAD2/HPGD_AHI1","MAOB_ADCY1/MS4A2_AHI1/PPM1H_AHI1/TAL1_AHI1/MAOB_AHI1/HPGD_AHI1/MAOB_EVI5/MAOB_IL26/MAOB_MB/HPGD_MB/MAOB_CENPF/NR0B1_ANK1/PTGS1_ANK1/MAOB_GATA3/MLPH_WDHD1/PRG2_WDHD1/MS4A2_WDHD1/TPSB2_WDHD1/PPM1H_WDHD1/KIT_WDHD1/TAL1_WDHD1/MAOB_WDHD1/HPGD_WDHD1/CEACAM8_WDHD1/MAOB_NEIL3/PPM1H_MICAL2/MAOB_MICAL2/MAOB_DHFR/SIGLEC6_SMAD2/PPM1H_SMAD2/KIT_SMAD2/TAL1_SMAD2/MAOB_SMAD2/HPGD_SMAD2/MAOB_CDC25C/MS4A2_GSTA4/MAOB_GSTA4/PPM1H_PHEX/MAOB_PHEX/MAOB_HELLS/MS4A2_CDC7/SIGLEC6_CDC7/PPM1H_CDC7/MAOB_CDC7/MAOB_BIRC5/CEACAM8_BIRC5/PTGS1_LIMA1"
"289",24,24,"Tcm_Tumor","Tcm","Tumor",54,49,1.815,1.76253861199923e-10,3.39288682809852e-09,0.110416666666667,"DOCK9_S100A2/CYLD_S100A2/NEFL_INHBB/INPP4B_S100A2/CDC14A_S100A2/FOXP1_S100A2/RPP38_S100A2/POLR2J2_INHBB/CASP8_FKBP4/PSPC1_FKBP4/POLR2J2_JAG2/ST3GAL1_S100A2/SLC7A6_S100A2/TRAF3IP3_S100A2/TXK_S100A2/MAP3K1_INHBB/NEFL_FKBP4/STX16_S100A2/TIMM8A_S100A2/CASP8_S100A2/PCM1_S100A2/POLR2J2_S100A2/PSPC1_S100A2/INPP4B_KRT5/KLF12_S100A2/SNRPN_INHBB/ATF7IP_S100A2/CLUAP1_S100A2/MAP3K1_S100A2/PHC3_S100A2/INPP4B_INHBB/NEFL_JAG2/ATM_S100A2/CEP68_S100A2/CREBZF_S100A2/NFATC3_S100A2/REPS1_S100A2/SNRPN_S100A2/CASP8_JAG2/NFATC3_FKBP4/NFATC3_JAG2/RPP38_JAG2/ATF7IP_INHBB/CASP8_INHBB/PCM1_FKBP4/FOXP1_INHBB/MAP3K1_FKBP4/CREBZF_FKBP4/POLR2J2_VSNL1","INPP4B_KRT5/POLR2J2_VSNL1/TIMM8A_FGF3/CLUAP1_S100A2/DOCK9_S100A2/CDC14A_S100A2/ATM_S100A2/FOXP1_S100A2/KLF12_S100A2/PCM1_S100A2/PHC3_S100A2/NFATC3_S100A2/TIMM8A_S100A2/ATF7IP_S100A2/REPS1_S100A2/PSPC1_S100A2/ST3GAL1_S100A2/INPP4B_S100A2/CASP8_S100A2/SNRPN_S100A2/TRAF3IP3_S100A2/POLR2J2_S100A2/CREBZF_S100A2/CEP68_S100A2/TXK_S100A2/MAP3K1_S100A2/CYLD_S100A2/SLC7A6_S100A2/STX16_S100A2/RPP38_S100A2/FOXP1_INHBB/ATF7IP_INHBB/INPP4B_INHBB/CASP8_INHBB/SNRPN_INHBB/NEFL_INHBB/POLR2J2_INHBB/MAP3K1_INHBB/NFATC3_JAG2/CASP8_JAG2/NEFL_JAG2/POLR2J2_JAG2/RPP38_JAG2/PHC3_BMP7/STX16_BMP7/PCM1_FKBP4/NFATC3_FKBP4/PSPC1_FKBP4/CASP8_FKBP4/NEFL_FKBP4/CREBZF_FKBP4/MAP3K1_FKBP4/TIMM8A_SLC27A5/TIMM8A_F12"
"204",25,25,"Th_Neutrophil","Th","Neutrophil",49,45,1.837,3.77525762596956e-10,6.70834239691515e-09,0.1228,"BATF_G0S2/ITM2A_DYSF/BATF_FPR1/ASF1A_PDE4B/ASF1A_DYSF/LRBA_DYSF/ASF1A_G0S2/BATF_DYSF/ICOS_G0S2/BATF_MME/FAM111A_PDE4B/LRBA_G0S2/FAM111A_G0S2/UBE2L3_MME/ITM2A_ALPL/SEC24C_MME/NAP1L4_MME/SLC25A12_MME/CD28_FPR1/ATF2_DYSF/ASF1A_MME/FAM111A_MME/LRBA_PDE4B/PPP2R5C_DYSF/DDX50_MME/DDX50_G0S2/ITM2A_CD93/ASF1A_ALPL/NUP107_MME/FRYL_MME/BATF_CD93/FAM111A_DYSF/FAM111A_CD93/ITM2A_MME/LRBA_MME/FAM111A_ALPL/PPP2R5C_MME/ITM2A_LILRB2/ASF1A_LILRB2/DDX50_DYSF/UBE2L3_PDE4B/FAM111A_LILRB2/DDX50_ALPL/ITM2A_PDE4B/SEC24C_G0S2","ITM2A_ALPL/ASF1A_ALPL/DDX50_ALPL/FAM111A_ALPL/SLC25A12_SIGLEC5/ITM2A_CD93/BATF_CD93/FAM111A_CD93/NAP1L4_MGAM/SLC25A12_MGAM/ATF2_MGAM/FRYL_MME/LRBA_MME/ITM2A_MME/NAP1L4_MME/BATF_MME/ASF1A_MME/DDX50_MME/UBE2L3_MME/SLC25A12_MME/PPP2R5C_MME/NUP107_MME/SEC24C_MME/FAM111A_MME/LRBA_DYSF/ITM2A_DYSF/BATF_DYSF/ASF1A_DYSF/DDX50_DYSF/ATF2_DYSF/PPP2R5C_DYSF/FAM111A_DYSF/ICOS_G0S2/LRBA_G0S2/BATF_G0S2/ASF1A_G0S2/DDX50_G0S2/SEC24C_G0S2/FAM111A_G0S2/BATF_FPR1/CD28_FPR1/LRBA_PDE4B/ITM2A_PDE4B/ASF1A_PDE4B/UBE2L3_PDE4B/FAM111A_PDE4B/ITM2A_LILRB2/ASF1A_LILRB2/FAM111A_LILRB2"
"275",26,25,"B_Tumor","B","Tumor",49,45,1.837,3.77525762596956e-10,6.70834239691515e-09,0.1228,"BLNK_INHBB/BLNK_DHRS2/BLNK_S100A2/CCR9_S100A2/BLNK_TEAD4/TNFRSF17_VSNL1/ABCB4_S100A2/BCL11A_S100A2/FAM30A_S100A2/GNG7_S100A2/SCN3A_JAG2/BLNK_SLC1A5/SCN3A_S100A2/QRSL1_S100A2/BLK_S100A2/GLDC_S100A2/SCN3A_EEF1A2/BLNK_HOXA9/COCH_S100A2/BLNK_RPP25/SCN3A_INHBB/BLK_INHBB/GNG7_INHBB/BLNK_KRT5/MICAL3_S100A2/TNFRSF17_S100A2/BLNK_ASPSCR1/BLNK_RHOD/BLNK_SLC27A5/MEF2C_S100A2/BLNK_JAG2/BLK_SLC1A5/PNOC_S100A2/SCN3A_SLC1A5/DTNB_S100A2/HLA-DOB_S100A2/BACH2_S100A2/FAM30A_INHBB/SLC15A2_S100A2/HLA-DQA1_S100A2/BLNK_VSNL1/IGHA1_VSNL1/BLNK_LRFN4/BLNK_IGF2/IGHA1_S100A2","BLNK_KRT5/SCN3A_EEF1A2/IGHA1_VSNL1/TNFRSF17_VSNL1/BLNK_VSNL1/BLNK_ASPSCR1/BLNK_IGF2/MICAL3_S100A2/BLK_S100A2/COCH_S100A2/IGHA1_S100A2/TNFRSF17_S100A2/ABCB4_S100A2/HLA-DOB_S100A2/PNOC_S100A2/FAM30A_S100A2/BCL11A_S100A2/BACH2_S100A2/GNG7_S100A2/CCR9_S100A2/QRSL1_S100A2/DTNB_S100A2/SCN3A_S100A2/SLC15A2_S100A2/BLNK_S100A2/HLA-DQA1_S100A2/MEF2C_S100A2/GLDC_S100A2/BLK_INHBB/FAM30A_INHBB/GNG7_INHBB/SCN3A_INHBB/BLNK_INHBB/SCN3A_JAG2/BLNK_JAG2/MICAL3_BMP7/DTNB_BMP7/HLA-DQA1_BMP7/GLDC_BMP7/BLNK_RPP25/BLNK_RHOD/BLNK_DHRS2/BLK_SLC1A5/SCN3A_SLC1A5/BLNK_SLC1A5/BLNK_TEAD4/BLNK_SLC27A5/BLNK_HOXA9/BLNK_LRFN4"
"50",27,27,"Mast_CD8 T","Mast","CD8 T",36,35,1.944,5.07911801408773e-10,8.69093526855012e-09,0.122222222222222,"MAOB_CAMLG/MAOB_PPP1R2/MAOB_RBM3/MAOB_LEPROTL1/PPM1H_PPP1R2/MAOB_FLT3LG/PPM1H_CAMLG/MAOB_ZNF22/MAOB_KLF9/MAOB_VAMP2/PPM1H_TBCC/MAOB_ABT1/MAOB_GADD45A/HDC_DNAJB1/MAOB_SF1/MAOB_DNAJB1/PPM1H_ZNF91/PPM1H_DNAJB1/MAOB_PF4/SIGLEC6_ZEB1/MS4A2_CAMLG/MAOB_LIME1/MAOB_ZEB1/TPSAB1_DNAJB1/PPM1H_ABT1/MS4A2_ZNF22/SLC18A2_DNAJB1/MS4A2_DNAJB1/PPM1H_PF4/PPM1H_RBM3/HPGD_DNAJB1/SIGLEC6_DNAJB1/HPGD_CAMLG/TAL1_DNAJB1/MAOB_CDKN2AIP","MAOB_SF1/TPSAB1_DNAJB1/SLC18A2_DNAJB1/MS4A2_DNAJB1/HDC_DNAJB1/SIGLEC6_DNAJB1/PPM1H_DNAJB1/TAL1_DNAJB1/MAOB_DNAJB1/HPGD_DNAJB1/PPM1H_PF4/MAOB_PF4/MAOB_LIME1/MAOB_VAMP2/MAOB_LEPROTL1/MAOB_GADD45A/SIGLEC6_ZEB1/MAOB_ZEB1/MS4A2_CAMLG/PPM1H_CAMLG/MAOB_CAMLG/HPGD_CAMLG/PPM1H_PPP1R2/MAOB_PPP1R2/PPM1H_ZNF91/MS4A2_ZNF22/MAOB_ZNF22/MPO_FLT3LG/MAOB_FLT3LG/MAOB_CDKN2AIP/PPM1H_TBCC/PPM1H_RBM3/MAOB_RBM3/PPM1H_ABT1/MAOB_ABT1/MAOB_KLF9"
"447",28,28,"Eosinophil_Th2","Eosinophil","Th2",75,63,1.68,7.40679397328598e-10,1.22212100559219e-08,0.123928571428571,"SMPD3_WDHD1/SMPD3_MB/SMPD3_SMAD2/SMPD3_EVI5/SMPD3_AHI1/SMPD3_CDC7/SMPD3_CDC25C/SMPD3_MICAL2/SMPD3_CENPF/SMPD3_GSTA4/SMPD3_PHEX/SMPD3_BIRC5/KBTBD11_NEIL3/ACACB_PHEX/ABHD2_SMAD2/MYO15B_MICAL2/KBTBD11_BIRC5/KCNH2_WDHD1/ACACB_WDHD1/SMPD3_HELLS/ACACB_SMAD2/KBTBD11_CDC7/SMPD3_DHFR/KBTBD11_WDHD1/MYO15B_WDHD1/HRH4_WDHD1/IL5RA_WDHD1/ABHD2_AHI1/CAT_WDHD1/KBTBD11_AHI1/ACACB_MB/SMPD3_CXCR6/ABHD2_WDHD1/SMPD3_NEIL3/HES1_MB/KBTBD11_CENPF/ABHD2_NEIL3/ABHD2_EVI5/MYO15B_CDC25C/MYO15B_MB/CAT_AHI1/ABHD2_PTGIS/KBTBD11_GSTA4/CAT_BIRC5/KBTBD11_SMAD2/KBTBD11_MB/SYNJ1_SMAD2/KBTBD11_HELLS/SMPD3_IL26/SMPD3_PTGIS/TKTL1_WDHD1/MYO15B_PHEX/ABHD2_MB/CAT_MB/SMPD3_GATA3/ACACB_CDC25C/SMPD3_LIMA1/MYO15B_SMAD2/KBTBD11_EVI5/KBTBD11_GATA3/GALC_SMAD2/ABHD2_BIRC5/KBTBD11_CDC25C","ABHD2_PTGIS/SMPD3_PTGIS/SMPD3_CXCR6/CAT_AHI1/THBS1_AHI1/KBTBD11_AHI1/ABHD2_AHI1/SMPD3_AHI1/THBS1_EVI5/KBTBD11_EVI5/ABHD2_EVI5/SMPD3_EVI5/SMPD3_IL26/CAT_MB/ACACB_MB/KBTBD11_MB/HES1_MB/ABHD2_MB/SMPD3_MB/MYO15B_MB/KBTBD11_CENPF/SMPD3_CENPF/THBS1_ANK1/CYSLTR2_ANK1/EPN2_ANK1/KBTBD11_GATA3/SMPD3_GATA3/KCNH2_WDHD1/TKTL1_WDHD1/IL5RA_WDHD1/HRH4_WDHD1/CAT_WDHD1/ACACB_WDHD1/KBTBD11_WDHD1/ABHD2_WDHD1/SMPD3_WDHD1/MYO15B_WDHD1/KBTBD11_NEIL3/ABHD2_NEIL3/SMPD3_NEIL3/THBS1_MICAL2/SMPD3_MICAL2/MYO15B_MICAL2/SMPD3_DHFR/ACACB_SMAD2/GALC_SMAD2/SYNJ1_SMAD2/KBTBD11_SMAD2/ABHD2_SMAD2/SMPD3_SMAD2/MYO15B_SMAD2/ACACB_CDC25C/KBTBD11_CDC25C/SMPD3_CDC25C/MYO15B_CDC25C/THBS1_GSTA4/KBTBD11_GSTA4/SMPD3_GSTA4/EPN2_GSTA4/ACACB_PHEX/SMPD3_PHEX/MYO15B_PHEX/THBS1_SLC39A14/KBTBD11_HELLS/SMPD3_HELLS/KBTBD11_CDC7/SMPD3_CDC7/CAT_BIRC5/KBTBD11_BIRC5/ABHD2_BIRC5/SMPD3_BIRC5/THBS1_LIMA1/CYSLTR2_LIMA1/SMPD3_LIMA1/EPN2_LIMA1"
"258",29,29,"Eosinophil_NK","Eosinophil","NK",66,56,1.697,3.09521630386911e-09,4.93099976685354e-08,0.157241379310345,"SMPD3_PSMD4/SMPD3_CDC5L/SMPD3_SLC30A5/SMPD3_NCR1/MYO15B_ADARB1/SMPD3_MAPRE3/SMPD3_ADARB1/SMPD3_ZNF747/ACACB_MAPRE3/SMPD3_PDLIM4/KBTBD11_MRC2/ABHD2_MRC2/SMPD3_MRC2/ABHD2_PDLIM4/KBTBD11_PDLIM4/SMPD3_PRX/SMPD3_TCTN2/SMPD3_XCL2/ABHD2_ADARB1/ABHD2_TCTN2/SMPD3_TBXA2R/MYO15B_MRC2/SMPD3_MCM3AP/ACACB_TBXA2R/ACACB_ADARB1/ACACB_MRC2/SMPD3_ZNF205/SMPD3_ALDH1B1/MYO15B_MAPRE3/SMPD3_FZR1/ABHD2_NCR1/KBTBD11_SLC30A5/KBTBD11_ADARB1/SMPD3_LDB3/SIAH1_ADARB1/MYO15B_BCL2/ABHD2_CDC5L/CAT_ADARB1/SMPD3_IGFBP5/CAT_MAPRE3/CAT_SLC30A5/MYO15B_MCM3AP/SMPD3_ZNF528/SMPD3_XCL1/ABHD2_SLC30A5/TKTL1_ADARB1/MYO15B_PSMD4/ABHD2_MAPRE3/MYO15B_CDC5L/ABHD2_ZNF747/MYO15B_ALDH1B1/KBTBD11_CDC5L/SMPD3_SPN/KBTBD11_TBXA2R/KBTBD11_MAPRE3/ACACB_NCR1","KBTBD11_PDLIM4/ABHD2_PDLIM4/SMPD3_PDLIM4/THBS1_ZNF747/ABHD2_ZNF747/SMPD3_ZNF747/EPN2_ZNF747/SMPD3_XCL1/SMPD3_XCL2/CAT_SLC30A5/THBS1_SLC30A5/KBTBD11_SLC30A5/ABHD2_SLC30A5/SMPD3_SLC30A5/THBS1_MCM3AP/SMPD3_MCM3AP/MYO15B_MCM3AP/EPN2_MCM3AP/ACACB_TBXA2R/KBTBD11_TBXA2R/SMPD3_TBXA2R/THBS1_CDC5L/KBTBD11_CDC5L/ABHD2_CDC5L/SMPD3_CDC5L/MYO15B_CDC5L/ACACB_MRC2/KBTBD11_MRC2/ABHD2_MRC2/SMPD3_MRC2/MYO15B_MRC2/THBS1_SPN/SMPD3_SPN/THBS1_PSMD4/SMPD3_PSMD4/MYO15B_PSMD4/SMPD3_PRX/SMPD3_FZR1/SMPD3_ZNF205/SMPD3_ZNF528/CAT_MAPRE3/ACACB_MAPRE3/KBTBD11_MAPRE3/ABHD2_MAPRE3/SMPD3_MAPRE3/MYO15B_MAPRE3/MYO15B_BCL2/ABHD2_TCTN2/SMPD3_TCTN2/TKTL1_ADARB1/CAT_ADARB1/ACACB_ADARB1/KBTBD11_ADARB1/ABHD2_ADARB1/SMPD3_ADARB1/MYO15B_ADARB1/SIAH1_ADARB1/ACACB_NCR1/ABHD2_NCR1/SMPD3_NCR1/THBS1_LDB3/TGIF1_LDB3/SMPD3_LDB3/SMPD3_IGFBP5/SMPD3_ALDH1B1/MYO15B_ALDH1B1"
"317",30,30,"B_Th","B","Th",33,32,1.939,3.7712971038183e-09,5.80779753988018e-08,0.160333333333333,"BLNK_ANP32B/BLNK_RPA1/BLNK_CD28/BLNK_ICOS/BLNK_ATF2/BLNK_FRYL/BLNK_NUP107/SCN3A_SLC25A12/BLNK_SEC24C/BLNK_PHF10/BLNK_DDX50/CCR9_SLC25A12/BLNK_NAP1L4/BLNK_GOLGA8A/BLNK_LRBA/SCN3A_PHF10/BLNK_FAM111A/BLK_ANP32B/BLNK_PPP2R5C/SCN3A_NAP1L4/SCN3A_ANP32B/COCH_SLC25A12/BLNK_ASF1A/SCN3A_RPA1/BLNK_UBE2L3/BLNK_SLC25A12/QRSL1_FRYL/CCR9_FRYL/BLK_RPA1/ABCB4_SLC25A12/CCR9_ATF2/CCR9_DDX50","CCR9_FRYL/QRSL1_FRYL/BLNK_FRYL/BLK_RPA1/SCN3A_RPA1/BLNK_RPA1/BLNK_ICOS/BLNK_LRBA/SCN3A_NAP1L4/BLNK_NAP1L4/CD72_BATF/BLNK_ASF1A/BLNK_GOLGA8A/BLK_ANP32B/SCN3A_ANP32B/BLNK_ANP32B/CCR9_DDX50/BLNK_DDX50/BLNK_UBE2L3/COCH_SLC25A12/ABCB4_SLC25A12/CCR9_SLC25A12/SCN3A_SLC25A12/BLNK_SLC25A12/CCR9_ATF2/BLNK_ATF2/BLNK_CD28/BLNK_PPP2R5C/BLNK_NUP107/BLNK_SEC24C/BLNK_FAM111A/SCN3A_PHF10/BLNK_PHF10"
"276",31,31,"CD8 T_Tumor","CD8 T","Tumor",41,38,1.854,4.92422240093183e-09,7.33867983622743e-08,0.164838709677419,"ZNF22_S100A2/RBM3_INHBB/THUMPD1_S100A2/ZNF91_S100A2/CDKN2AIP_S100A2/FLT3LG_ASPSCR1/LEPROTL1_S100A2/CD8A_S100A2/TMC6_S100A2/GADD45A_S100A2/THUMPD1_FKBP4/GZMM_S100A2/SLC16A7_KRT5/LIME1_INHBB/SLC16A7_S100A2/CAMLG_S100A2/RBM3_S100A2/FLT3LG_FKBP4/PRR5_FKBP4/ZEB1_S100A2/ZFP36L2_LRFN4/CD8B_S100A2/APBA2_S100A2/PPP1R2_S100A2/PRF1_S100A2/ABT1_S100A2/FLT3LG_S100A2/LIME1_S100A2/PRR5_S100A2/SF1_S100A2/TBCC_S100A2/VAMP2_S100A2/ZNF609_S100A2/FLT3LG_JAG2/DNAJB1_S100A2/TBCC_INHBB/ZFP36L2_S100A2/PRR5_INHBB","SLC16A7_KRT5/DNAJB1_BMP4/FLT3LG_ASPSCR1/SF1_S100A2/GZMM_S100A2/DNAJB1_S100A2/CD8B_S100A2/CD8A_S100A2/PRR5_S100A2/LIME1_S100A2/THUMPD1_S100A2/VAMP2_S100A2/SLC16A7_S100A2/APBA2_S100A2/LEPROTL1_S100A2/ZFP36L2_S100A2/GADD45A_S100A2/ZEB1_S100A2/ZNF609_S100A2/CAMLG_S100A2/PPP1R2_S100A2/ZNF91_S100A2/ZNF22_S100A2/TMC6_S100A2/FLT3LG_S100A2/CDKN2AIP_S100A2/TBCC_S100A2/RBM3_S100A2/ABT1_S100A2/PRF1_S100A2/PRR5_INHBB/LIME1_INHBB/TBCC_INHBB/RBM3_INHBB/FLT3LG_JAG2/ZNF609_BMP7/PPP1R2_BMP7/PRR5_FKBP4/THUMPD1_FKBP4/FLT3LG_FKBP4/ZFP36L2_LRFN4"
"132",32,32,"Eosinophil_iDC","Eosinophil","iDC",55,48,1.745,6.00485741295107e-09,8.66951288994811e-08,0.16375,"SMPD3_BLVRB/SMPD3_SLC26A6/SMPD3_LMAN2L/SMPD3_SYT17/SMPD3_GUCA1A/SMPD3_FZD2/SMPD3_SLC7A8/SMPD3_PREP/SMPD3_CSF1R/SMPD3_VASH1/ACACB_VASH1/SMPD3_MMP12/SMPD3_PPARG/ACACB_SLC26A6/ABHD2_FZD2/MYO15B_SLC26A6/MYO15B_VASH1/ABHD2_PPARG/MYO15B_F13A1/ABHD2_LMAN2L/MYO15B_FZD2/CAT_SYT17/SMPD3_CARD9/SMPD3_NUDT9/ABHD2_NUDT9/KBTBD11_FZD2/SMPD3_MS4A6A/ABHD2_VASH1/MYO15B_CTNS/SMPD3_CD1C/ABHD2_CSF1R/KBTBD11_NUDT9/ACACB_SLC7A8/KBTBD11_MMP12/ACACB_FZD2/SMPD3_ABCG2/SMPD3_TACSTD2/ABHD2_GUCA1A/SMPD3_CTNS/CAT_LMAN2L/ACACB_F13A1/KBTBD11_GUCA1A/MYO15B_SYT17/SMPD3_CD1E/SMPD3_CD1A/KBTBD11_SLC7A8/SMPD3_F13A1/ABHD2_CTNS","THBS1_GUCA1A/KBTBD11_GUCA1A/ABHD2_GUCA1A/SMPD3_GUCA1A/EPN2_GUCA1A/TGIF1_CARD9/SMPD3_CARD9/EPN2_CARD9/SMPD3_ABCG2/EPN2_ABCG2/ACACB_VASH1/ABHD2_VASH1/SMPD3_VASH1/MYO15B_VASH1/ACACB_F13A1/SMPD3_F13A1/MYO15B_F13A1/SMPD3_CD1E/KBTBD11_MMP12/SMPD3_MMP12/THBS1_FABP4/CAT_SYT17/SMPD3_SYT17/MYO15B_SYT17/SMPD3_MS4A6A/ABHD2_CTNS/SMPD3_CTNS/MYO15B_CTNS/CAT_LMAN2L/ABHD2_LMAN2L/SMPD3_LMAN2L/ACACB_SLC26A6/SMPD3_SLC26A6/MYO15B_SLC26A6/SMPD3_BLVRB/SMPD3_CD1A/ABHD2_PPARG/SMPD3_PPARG/ACACB_SLC7A8/KBTBD11_SLC7A8/SMPD3_SLC7A8/ACACB_FZD2/KBTBD11_FZD2/ABHD2_FZD2/SMPD3_FZD2/MYO15B_FZD2/ABHD2_CSF1R/SMPD3_CSF1R/RNASE2_HS3ST2/SMPD3_PREP/SMPD3_TACSTD2/KBTBD11_NUDT9/ABHD2_NUDT9/SMPD3_NUDT9/SMPD3_CD1C"
"194",33,33,"DC_Neutrophil","DC","Neutrophil",27,27,2,7.18421883818333e-09,9.97868225337528e-08,0.165454545454545,"PPFIBP2_DYSF/PPFIBP2_SIGLEC5/PPFIBP2_ALPL/PPFIBP2_FPR1/PPFIBP2_HPSE/PPFIBP2_FCAR/PPFIBP2_CEACAM3/PPFIBP2_MME/PPFIBP2_LILRB2/PPFIBP2_G0S2/NPR1_G0S2/CCL17_G0S2/CCL17_FPR1/CCL17_DYSF/PPFIBP2_CD93/PPFIBP2_PDE4B/CCL17_CD93/PPFIBP2_FCGR3B/PPFIBP2_CREB5/NPR1_DYSF/CCL22_MME/NPR1_MME/HSD11B1_MME/CCL17_MME/CCL22_ALPL/PPFIBP2_S100A12/CCL22_G0S2","CCL22_ALPL/PPFIBP2_ALPL/PPFIBP2_SIGLEC5/PPFIBP2_CD93/CCL17_CD93/HSD11B1_MME/CCL22_MME/PPFIBP2_MME/NPR1_MME/CCL17_MME/PPFIBP2_FCGR3B/PPFIBP2_DYSF/NPR1_DYSF/CCL17_DYSF/PPFIBP2_FCAR/PPFIBP2_CEACAM3/PPFIBP2_HPSE/PPFIBP2_CREB5/PPFIBP2_S100A12/CCL22_G0S2/PPFIBP2_G0S2/NPR1_G0S2/CCL17_G0S2/PPFIBP2_FPR1/CCL17_FPR1/PPFIBP2_PDE4B/PPFIBP2_LILRB2"
"261",34,34,"Mast_NK","Mast","NK",32,31,1.938,7.34361897434545e-09,9.97868225337528e-08,0.162941176470588,"MAOB_SLC30A5/MAOB_CDC5L/MAOB_PDLIM4/MAOB_MAPRE3/MAOB_TCTN2/MAOB_PRX/MAOB_MRC2/PPM1H_CDC5L/PPM1H_PSMD4/PPM1H_ADARB1/MAOB_PSMD4/MAOB_ADARB1/HPGD_CDC5L/MAOB_ZNF205/MAOB_FZR1/MAOB_XCL2/MAOB_FGF18/TPSB2_ADARB1/MS4A2_MCM3AP/MLPH_ADARB1/HPGD_MAPRE3/PPM1H_TBXA2R/TPSAB1_MAPRE3/MAOB_TBXA2R/PPM1H_PDLIM4/MAOB_MCM3AP/MAOB_NCR1/PRG2_ADARB1/MAOB_ALDH1B1/HPGD_ADARB1/HDC_MRC2","PPM1H_PDLIM4/MAOB_PDLIM4/PTGS1_ZNF747/MAOB_XCL2/MAOB_SLC30A5/MS4A2_MCM3AP/MAOB_MCM3AP/PPM1H_TBXA2R/MAOB_TBXA2R/PPM1H_CDC5L/MAOB_CDC5L/HPGD_CDC5L/MAOB_FGF18/HDC_MRC2/MAOB_MRC2/PPM1H_PSMD4/MAOB_PSMD4/MAOB_PRX/MAOB_FZR1/MAOB_ZNF205/TPSAB1_MAPRE3/MAOB_MAPRE3/HPGD_MAPRE3/MAOB_TCTN2/MLPH_ADARB1/PRG2_ADARB1/TPSB2_ADARB1/PPM1H_ADARB1/MAOB_ADARB1/HPGD_ADARB1/MAOB_NCR1/MAOB_ALDH1B1"
"345",35,35,"Mast_Tcm","Mast","Tcm",36,34,1.889,9.21730064377947e-09,1.21668368497889e-07,0.165142857142857,"PPM1H_TIMM8A/MAOB_TIMM8A/MAOB_PHC3/MAOB_CYLD/MAOB_CREBZF/MAOB_KLF12/MAOB_ATF7IP/MAOB_CDC14A/MAOB_RPP38/MAOB_SNRPN/MAOB_REPS1/PPM1H_SLC7A6/MAOB_CLUAP1/PPM1H_REPS1/HPGD_TIMM8A/CEACAM8_TIMM8A/MAOB_POLR2J2/MAOB_DOCK9/MAOB_CEP68/TAL1_TIMM8A/MAOB_FOXP1/MAOB_ATM/MS4A2_CYLD/PPM1H_PHC3/PPM1H_STX16/MAOB_SLC7A6/HPGD_CDC14A/MAOB_PCM1/MAOB_MAP3K1/MAOB_STX16/MAOB_ST3GAL1/MAOB_NFATC3/PPM1H_ATF7IP/TAL1_STX16","MAOB_CLUAP1/MAOB_DOCK9/MAOB_CDC14A/HPGD_CDC14A/MAOB_ATM/NR0B1_USP9Y/MAOB_FOXP1/MAOB_KLF12/MAOB_PCM1/PPM1H_PHC3/MAOB_PHC3/MAOB_NFATC3/PPM1H_TIMM8A/TAL1_TIMM8A/MAOB_TIMM8A/HPGD_TIMM8A/CEACAM8_TIMM8A/PPM1H_ATF7IP/MAOB_ATF7IP/PPM1H_REPS1/MAOB_REPS1/MAOB_ST3GAL1/MAOB_SNRPN/MAOB_POLR2J2/MAOB_CREBZF/PTGS1_CEP68/MAOB_CEP68/MAOB_MAP3K1/MS4A2_CYLD/MAOB_CYLD/PPM1H_SLC7A6/MAOB_SLC7A6/PPM1H_STX16/TAL1_STX16/MAOB_STX16/MAOB_RPP38"
"193",36,36,"Cytotoxic_Neutrophil","Cytotoxic","Neutrophil",26,26,2,1.44072874454583e-08,1.84893522216715e-07,0.170833333333333,"KLRK1_FPR1/CTSW_MME/KLRB1_G0S2/APOL3_G0S2/KLRD1_G0S2/KLRK1_G0S2/APOL3_LILRB2/KLRB1_ALPL/SIGIRR_G0S2/APOL3_MME/NKG7_G0S2/ZBTB16_S100A12/ZBTB16_FCGR3B/KLRB1_MME/KLRF1_G0S2/KLRK1_MME/DUSP2_G0S2/KLRK1_CD93/ZBTB16_CSF3R/RORA_G0S2/KLRK1_SIGLEC5/SIGIRR_MME/GZMA_G0S2/ZBTB16_MME/KLRK1_DYSF/ZBTB16_FPR1","KLRB1_ALPL/KLRK1_SIGLEC5/KLRK1_CD93/ZBTB16_CSF3R/CTSW_MME/KLRB1_MME/KLRK1_MME/SIGIRR_MME/ZBTB16_MME/APOL3_MME/ZBTB16_FCGR3B/KLRK1_DYSF/ZBTB16_S100A12/KLRB1_G0S2/KLRK1_G0S2/KLRD1_G0S2/KLRF1_G0S2/DUSP2_G0S2/SIGIRR_G0S2/NKG7_G0S2/RORA_G0S2/APOL3_G0S2/GZMA_G0S2/KLRK1_FPR1/ZBTB16_FPR1/APOL3_LILRB2"
"342",37,37,"Eosinophil_Tcm","Eosinophil","Tcm",100,76,1.52,7.86120701562245e-08,9.81588551680425e-07,0.220540540540541,"SMPD3_TIMM8A/SMPD3_RPP38/SMPD3_CREBZF/SMPD3_PSPC1/SMPD3_REPS1/SMPD3_CEP68/SMPD3_SLC7A6/SMPD3_PHC3/SMPD3_ATF7IP/SMPD3_CYLD/ACACB_TIMM8A/SMPD3_MAP3K1/SMPD3_CLUAP1/SMPD3_PCM1/MYO15B_TIMM8A/SMPD3_STX16/SMPD3_POLR2J2/MYO15B_SLC7A6/SMPD3_NFATC3/ABHD2_ATM/SMPD3_SNRPN/SMPD3_ST3GAL1/SMPD3_CASP8/ABHD2_KLF12/MYO15B_CDC14A/MYO15B_ATM/ABHD2_STX16/ACACB_KLF12/KBTBD11_CREBZF/ACACB_ST3GAL1/ACACB_ATF7IP/SMPD3_CDC14A/ABHD2_CEP68/ACACB_SLC7A6/SMPD3_ATM/ABHD2_SLC7A6/ABHD2_MAP3K1/SMPD3_DOCK9/ACACB_STX16/CAT_SLC7A6/CAT_CREBZF/ABHD2_PHC3/MYO15B_REPS1/ABHD2_TIMM8A/SMPD3_FOXP1/ACACB_CYLD/CAT_CEP68/ABHD2_TRAF3IP3/SMPD3_TXK/KBTBD11_REPS1/SMPD3_KLF12/HRH4_TIMM8A/ACACB_TRAF3IP3/KBTBD11_DOCK9/ACACB_ATM/ABHD2_CREBZF/KBTBD11_ATM/KBTBD11_SLC7A6/KBTBD11_PCM1/KBTBD11_KLF12/SMPD3_TRAF3IP3/ABHD2_REPS1/KBTBD11_CYLD/ABHD2_NFATC3/KBTBD11_PHC3/ABHD2_PSPC1/ABHD2_CYLD/MYO15B_STX16/CAT_PHC3/ABHD2_ATF7IP/CAT_ATM/MYO15B_ST3GAL1/IL5RA_TIMM8A/KBTBD11_ST3GAL1/MYO15B_ATF7IP/KBTBD11_TIMM8A","THBS1_CLUAP1/SMPD3_CLUAP1/THBS1_DOCK9/KBTBD11_DOCK9/SMPD3_DOCK9/SMPD3_CDC14A/MYO15B_CDC14A/CAT_ATM/ACACB_ATM/KBTBD11_ATM/ABHD2_ATM/SMPD3_ATM/MYO15B_ATM/THBS1_USP9Y/SMPD3_FOXP1/ACACB_KLF12/KBTBD11_KLF12/ABHD2_KLF12/SMPD3_KLF12/KBTBD11_PCM1/SMPD3_PCM1/CAT_PHC3/KBTBD11_PHC3/ABHD2_PHC3/SMPD3_PHC3/EPN2_PHC3/ABHD2_NFATC3/SMPD3_NFATC3/IL5RA_TIMM8A/HRH4_TIMM8A/ACACB_TIMM8A/KBTBD11_TIMM8A/ABHD2_TIMM8A/SMPD3_TIMM8A/MYO15B_TIMM8A/ACACB_ATF7IP/ABHD2_ATF7IP/SMPD3_ATF7IP/MYO15B_ATF7IP/THBS1_REPS1/KBTBD11_REPS1/ABHD2_REPS1/SMPD3_REPS1/MYO15B_REPS1/EPN2_REPS1/THBS1_PSPC1/ABHD2_PSPC1/SMPD3_PSPC1/EPN2_PSPC1/ACACB_ST3GAL1/KBTBD11_ST3GAL1/SMPD3_ST3GAL1/MYO15B_ST3GAL1/THBS1_INPP4B/EPN2_INPP4B/SMPD3_CASP8/EPN2_CASP8/THBS1_SNRPN/SMPD3_SNRPN/ACACB_TRAF3IP3/ABHD2_TRAF3IP3/SMPD3_TRAF3IP3/LRP5L_NEFL/RCOR3_NEFL/EPN2_NEFL/SMPD3_POLR2J2/EPN2_POLR2J2/CAT_CREBZF/THBS1_CREBZF/KBTBD11_CREBZF/ABHD2_CREBZF/SMPD3_CREBZF/CAT_CEP68/THBS1_CEP68/TGIF1_CEP68/ABHD2_CEP68/SMPD3_CEP68/EPN2_CEP68/THBS1_TXK/SMPD3_TXK/THBS1_MAP3K1/ABHD2_MAP3K1/SMPD3_MAP3K1/ACACB_CYLD/KBTBD11_CYLD/ABHD2_CYLD/SMPD3_CYLD/CAT_SLC7A6/ACACB_SLC7A6/KBTBD11_SLC7A6/ABHD2_SLC7A6/SMPD3_SLC7A6/MYO15B_SLC7A6/ACACB_STX16/ABHD2_STX16/SMPD3_STX16/MYO15B_STX16/THBS1_RPP38/SMPD3_RPP38/EPN2_RPP38"
"206",38,38,"Tem_Neutrophil","Tem","Neutrophil",28,27,1.929,1.0444278893693e-07,1.26980443391741e-06,0.222631578947368,"DDX17_G0S2/FLI1_DYSF/CCR2_MME/DDX17_PDE4B/FLI1_G0S2/PRKY_CD93/LTK_DYSF/TBC1D5_G0S2/DDX17_MME/PRKY_G0S2/FLI1_FPR1/CCR2_G0S2/FLI1_FCAR/TBCD_G0S2/AKT3_MME/FLI1_MME/CCR2_FPR1/FLI1_CD93/AKT3_G0S2/TBCD_MME/DDX17_DYSF/LTK_G0S2/PRKY_MME/DDX17_FCAR/EWSR1_DYSF/MEFV_G0S2/EWSR1_MME","PRKY_CD93/FLI1_CD93/EWSR1_MGAM/CCR2_MME/PRKY_MME/FLI1_MME/AKT3_MME/EWSR1_MME/TBCD_MME/DDX17_MME/FLI1_DYSF/EWSR1_DYSF/LTK_DYSF/DDX17_DYSF/FLI1_FCAR/DDX17_FCAR/MEFV_G0S2/CCR2_G0S2/PRKY_G0S2/FLI1_G0S2/TBC1D5_G0S2/AKT3_G0S2/TBCD_G0S2/LTK_G0S2/DDX17_G0S2/CCR2_FPR1/FLI1_FPR1/DDX17_PDE4B"
"197",39,39,"Macrophage_Neutrophil","Macrophage","Neutrophil",53,45,1.698,1.10412137337812e-07,1.30795916538639e-06,0.221282051282051,"CHIT1_FPR1/SULT1C2_FPR1/CHIT1_G0S2/DNASE2B_FPR1/CHIT1_SLC22A4/CD84_DYSF/PCOLCE2_G0S2/SGMS1_DYSF/CD84_CD93/COL8A2_G0S2/CD84_G0S2/CD68_MME/CHIT1_HPSE/SULT1C2_G0S2/DNASE2B_PDE4B/CHIT1_S100A12/CHIT1_DYSF/CHIT1_CD93/CD84_MME/CD84_FCAR/DNASE2B_G0S2/CHIT1_MME/SULT1C2_FCAR/CD84_FPR1/DNASE2B_FCAR/DNASE2B_DYSF/DNASE2B_CD93/SULT1C2_PDE4B/CHIT1_ALPL/CYBB_MME/SGMS1_ALPL/CHIT1_FCGR3B/SULT1C2_CD93/CHIT1_CSF3R/CD84_LILRB2/CCL7_MME/SULT1C2_DYSF/CD68_G0S2/CD68_PDE4B/CD84_PDE4B/CHIT1_TNFRSF10C/GM2A_MME/CD84_ALPL/FDX1_G0S2/ATG7_G0S2","CHIT1_ALPL/CD84_ALPL/SGMS1_ALPL/CHIT1_CD93/SULT1C2_CD93/DNASE2B_CD93/CD84_CD93/COLEC12_MGAM/FN1_MGAM/ATG7_MGAM/CHIT1_CSF3R/CHI3L1_KCNJ15/CHIT1_MME/CCL7_MME/GM2A_MME/CD68_MME/CD84_MME/CYBB_MME/CHIT1_FCGR3B/CHIT1_DYSF/SULT1C2_DYSF/DNASE2B_DYSF/CD84_DYSF/SGMS1_DYSF/SULT1C2_FCAR/DNASE2B_FCAR/CD84_FCAR/CHIT1_HPSE/CHIT1_S100A12/CHIT1_TNFRSF10C/CHIT1_SLC22A4/CHI3L1_SLC22A4/CTSK_BST1/RAI14_BST1/FN1_BST1/CHIT1_G0S2/PCOLCE2_G0S2/SULT1C2_G0S2/COL8A2_G0S2/DNASE2B_G0S2/CD68_G0S2/ATG7_G0S2/CD84_G0S2/FDX1_G0S2/CHIT1_FPR1/SULT1C2_FPR1/DNASE2B_FPR1/CD84_FPR1/SULT1C2_PDE4B/DNASE2B_PDE4B/CD68_PDE4B/CD84_PDE4B/CD84_LILRB2"
"286",40,40,"NK_Tumor","NK","Tumor",39,35,1.795,1.5969657559433e-07,1.84449544811452e-06,0.23025,"BCL2_S100A2/LDB3_S100A2/ZNF528_S100A2/XCL1_S100A2/ZNF747_FKBP4/PSMD4_S100A2/FGF18_INHBB/SPN_FKBP4/LDB3_FKBP4/CDC5L_S100A2/FGF18_JAG2/ZNF205_INHBB/FZR1_S100A2/ZNF205_S100A2/SLC30A5_S100A2/FZR1_JAG2/NCR1_S100A2/FGF18_S100A2/ADARB1_S100A2/MAPRE3_S100A2/MCM3AP_S100A2/PRX_S100A2/SPN_S100A2/TBXA2R_S100A2/ZNF747_S100A2/TINAGL1_S100A2/SPN_JAG2/FZR1_INHBB/PDLIM4_S100A2/FGF18_FKBP4/XCL2_S100A2/TCTN2_S100A2/MRC2_S100A2/BCL2_KRT5/MCM3AP_FKBP4","BCL2_KRT5/ADARB1_BMP4/PDLIM4_S100A2/ZNF747_S100A2/XCL1_S100A2/XCL2_S100A2/SLC30A5_S100A2/MCM3AP_S100A2/TBXA2R_S100A2/CDC5L_S100A2/FGF18_S100A2/MRC2_S100A2/SPN_S100A2/PSMD4_S100A2/PRX_S100A2/FZR1_S100A2/ZNF205_S100A2/ZNF528_S100A2/MAPRE3_S100A2/BCL2_S100A2/TCTN2_S100A2/ADARB1_S100A2/NCR1_S100A2/LDB3_S100A2/TINAGL1_S100A2/FGF18_INHBB/FZR1_INHBB/ZNF205_INHBB/FGF18_JAG2/SPN_JAG2/FZR1_JAG2/MCM3AP_BMP7/TBXA2R_BMP7/TCTN2_BMP7/ZNF747_FKBP4/MCM3AP_FKBP4/FGF18_FKBP4/SPN_FKBP4/LDB3_FKBP4"
"437",41,41,"Tcm_Th1","Tcm","Th1",37,33,1.784,5.19630383224122e-07,5.85534724511084e-06,0.277804878048781,"POLR2J2_APBB2/SNRPN_APBB2/NEFL_BTG3/PCM1_APBB2/RPP38_BTG3/CASP8_BTG3/CEP68_APBB2/CASP8_APBB2/INPP4B_BTG3/PCM1_EGFL6/CREBZF_BTG3/USP9Y_DUSP5/MAP3K1_DUSP5/NEFL_APBB2/INPP4B_APBB2/STX16_CD70/CDC14A_CD70/INPP4B_DUSP5/CASP8_DUSP5/TRAF3IP3_DUSP5/FOXP1_DUSP5/CEP68_BTG3/ATM_DUSP5/DOCK9_APBB2/SNRPN_BTG3/CREBZF_APBB2/CYLD_APBB2/FOXP1_APBB2/NFATC3_APBB2/MAP3K1_EGFL6/PSPC1_DUSP5/PSPC1_APBB2/MAP3K1_APBB2","TIMM8A_IL22/SLC7A6_IL22/DOCK9_APBB2/FOXP1_APBB2/PCM1_APBB2/NFATC3_APBB2/PSPC1_APBB2/INPP4B_APBB2/CASP8_APBB2/SNRPN_APBB2/NEFL_APBB2/POLR2J2_APBB2/CREBZF_APBB2/CEP68_APBB2/MAP3K1_APBB2/CYLD_APBB2/PCM1_EGFL6/MAP3K1_EGFL6/ATM_DUSP5/USP9Y_DUSP5/FOXP1_DUSP5/PSPC1_DUSP5/INPP4B_DUSP5/CASP8_DUSP5/TRAF3IP3_DUSP5/MAP3K1_DUSP5/REPS1_ATP9A/TIMM8A_GGT1/INPP4B_BTG3/CASP8_BTG3/SNRPN_BTG3/NEFL_BTG3/CREBZF_BTG3/CEP68_BTG3/RPP38_BTG3/CDC14A_CD70/STX16_CD70"
"291",42,42,"Tfh_Tumor","Tfh","Tumor",50,42,1.68,5.48418275419574e-07,6.03260102961531e-06,0.273809523809524,"KCNK5_DHRS2/SMAD1_S100A2/MAF_S100A2/KCNK5_KRT5/KCNK5_S100A2/B3GAT1_S100A2/MAGEH1_S100A2/ST8SIA1_S100A2/MYO6_INHBB/ICA1_S100A2/MYO6_S100A2/STK39_FKBP4/STK39_INHBB/STK39_S100A2/PTPN13_S100A2/TOX_S100A2/TSHR_S100A2/STK39_KRT5/PVALB_FKBP4/ZNF764_JAG2/ZNF764_TEAD4/STK39_JAG2/ZNF764_FKBP4/THADA_S100A2/STK39_VSNL1/ICA1_JAG2/SIRPG_S100A2/KCNK5_JAG2/CHI3L2_S100A2/PASK_S100A2/POMT1_S100A2/PVALB_S100A2/SH3TC1_S100A2/SLC7A10_S100A2/ZNF764_S100A2/MYO6_JAG2/PDCD1_INHBB/KCNK5_INHBB/ZNF764_INHBB/B3GAT1_FKBP4/HEY1_S100A2/MYO7A_S100A2","STK39_KRT5/KCNK5_KRT5/HEY1_BMP4/STK39_VSNL1/HEY1_ASPSCR1/HEY1_FGF3/MYO7A_S100A2/CHI3L2_S100A2/TSHR_S100A2/TOX_S100A2/SLC7A10_S100A2/SMAD1_S100A2/ICA1_S100A2/HEY1_S100A2/PVALB_S100A2/SIRPG_S100A2/MAGEH1_S100A2/B3GAT1_S100A2/SH3TC1_S100A2/POMT1_S100A2/PASK_S100A2/ST8SIA1_S100A2/MAF_S100A2/MYO6_S100A2/PTPN13_S100A2/THADA_S100A2/STK39_S100A2/ZNF764_S100A2/KCNK5_S100A2/PDCD1_INHBB/MYO6_INHBB/STK39_INHBB/ZNF764_INHBB/KCNK5_INHBB/ICA1_JAG2/MYO6_JAG2/STK39_JAG2/ZNF764_JAG2/KCNK5_JAG2/HEY1_BMP7/MAF_BMP7/KCNK5_DHRS2/HEY1_STRA6/PVALB_FKBP4/B3GAT1_FKBP4/STK39_FKBP4/ZNF764_FKBP4/ZNF764_TEAD4/HEY1_SLC27A5/PASK_F12"
"384",43,43,"Eosinophil_Tfh","Eosinophil","Tfh",87,66,1.517,6.34599320636819e-07,6.81825316591187e-06,0.271627906976744,"SMPD3_HEY1/SMPD3_SMAD1/SMPD3_B3GAT1/SMPD3_MAGEH1/ABHD2_HEY1/SMPD3_MYO6/CAT_HEY1/SIAH1_HEY1/SMPD3_SLC7A10/HRH4_HEY1/GALC_HEY1/MYO15B_HEY1/SMPD3_ST8SIA1/ABHD2_THADA/KBTBD11_HEY1/SMPD3_PVALB/SMPD3_MAF/SMPD3_TSHR/SMPD3_PASK/ACACB_PASK/SMPD3_THADA/SMPD3_TOX/ABHD2_PASK/SMPD3_PTPN13/ACACB_TOX/HES1_HEY1/ABHD2_CHI3L2/SMPD3_CHI3L2/ACACB_B3GAT1/RCOR3_HEY1/SMPD3_ZNF764/SMPD3_POMT1/SMPD3_CDK5R1/SMPD3_SH3TC1/KCNH2_HEY1/ACACB_HEY1/MYO15B_POMT1/ABHD2_PVALB/ACACB_PTPN13/ACACB_MAGEH1/MYO15B_MAF/ABHD2_CDK5R1/KBTBD11_POMT1/MYO15B_SH3TC1/KBTBD11_MAGEH1/SMPD3_STK39/ABHD2_SMAD1/ACACB_MAF/ACACB_ST8SIA1/ABHD2_MAGEH1/SYNJ1_HEY1/SMPD3_MYO7A/ACACB_PDCD1/ACACB_POMT1/THBS4_HEY1/MYO15B_ST8SIA1/SMPD3_PDCD1/ABHD2_POMT1/MYO15B_PASK/KBTBD11_MAF/KBTBD11_B3GAT1/CAT_PASK/ABHD2_SH3TC1/ABHD2_TSHR/ACACB_THADA/KBTBD11_THADA","SMPD3_MYO7A/ABHD2_CHI3L2/SMPD3_CHI3L2/ABHD2_TSHR/SMPD3_TSHR/ACACB_TOX/SMPD3_TOX/THBS1_SLC7A10/SMPD3_SLC7A10/EPN2_SLC7A10/ABHD2_SMAD1/SMPD3_SMAD1/THBS1_ICA1/TGIF1_ICA1/KCNH2_HEY1/HRH4_HEY1/CAT_HEY1/ACACB_HEY1/GALC_HEY1/RCOR3_HEY1/SYNJ1_HEY1/THBS4_HEY1/KBTBD11_HEY1/HES1_HEY1/ABHD2_HEY1/SMPD3_HEY1/MYO15B_HEY1/SIAH1_HEY1/THBS1_PVALB/ABHD2_PVALB/SMPD3_PVALB/ACACB_MAGEH1/THBS1_MAGEH1/KBTBD11_MAGEH1/ABHD2_MAGEH1/SMPD3_MAGEH1/ACACB_B3GAT1/KBTBD11_B3GAT1/SMPD3_B3GAT1/ABHD2_SH3TC1/SMPD3_SH3TC1/MYO15B_SH3TC1/ACACB_POMT1/TGIF1_POMT1/KBTBD11_POMT1/ABHD2_POMT1/SMPD3_POMT1/MYO15B_POMT1/CAT_PASK/ACACB_PASK/ABHD2_PASK/SMPD3_PASK/MYO15B_PASK/ABHD2_CDK5R1/SMPD3_CDK5R1/ACACB_ST8SIA1/SMPD3_ST8SIA1/MYO15B_ST8SIA1/ACACB_PDCD1/SMPD3_PDCD1/ACACB_MAF/KBTBD11_MAF/SMPD3_MAF/MYO15B_MAF/THBS1_MYO6/SMPD3_MYO6/EPN2_MYO6/ACACB_PTPN13/SMPD3_PTPN13/ACACB_THADA/THBS1_THADA/KBTBD11_THADA/ABHD2_THADA/SMPD3_THADA/THBS1_STK39/SMPD3_STK39/EPN2_STK39/LRP5L_ZNF764/THBS1_ZNF764/RRP12_ZNF764/SMPD3_ZNF764/EPN2_ZNF764/TKTL1_KCNK5/CCR3_KCNK5/THBS1_KCNK5/CLC_KCNK5/EPN2_KCNK5"
"422",44,44,"B_Th1","B","Th1",36,32,1.778,9.33096618538903e-07,9.60013493977008e-06,0.282727272727273,"BLNK_APBB2/BLNK_BTG3/BLNK_CD70/BLNK_HBEGF/SCN3A_BTG3/BLNK_LTA/BLNK_EGFL6/FAM30A_DUSP5/CCR9_EGFL6/BLK_DUSP5/BLNK_DUSP5/BLNK_CTLA4/FCRL2_DUSP5/SPIB_EGFL6/BLNK_SYNGR3/BLNK_SGCB/HLA-DOB_CD70/CCR9_BTG3/CCR9_APBB2/ABCB4_APBB2/SCN3A_DUSP5/QRSL1_APBB2/CD19_DUSP5/BLNK_DGKI/SLC15A2_DUSP5/SPIB_CCL4/BACH2_DUSP5/TNFRSF17_EGFL6/BLNK_ZBTB32/SPIB_DUSP5/SLC15A2_BTG3/GNG7_DUSP5","OSBPL10_IL22/DTNB_IL22/BLNK_DGKI/BLNK_LTA/ABCB4_APBB2/CCR9_APBB2/QRSL1_APBB2/BLNK_APBB2/BLNK_ZBTB32/TNFRSF17_EGFL6/SPIB_EGFL6/CCR9_EGFL6/BLNK_EGFL6/SPIB_CCL4/FCRL2_DUSP5/BLK_DUSP5/CD19_DUSP5/FAM30A_DUSP5/SPIB_DUSP5/BACH2_DUSP5/GNG7_DUSP5/SCN3A_DUSP5/SLC15A2_DUSP5/BLNK_DUSP5/BLNK_SYNGR3/OSBPL10_ATP9A/CD72_GGT1/BLNK_HBEGF/BLNK_SGCB/CCR9_BTG3/SCN3A_BTG3/SLC15A2_BTG3/BLNK_BTG3/BLNK_CTLA4/HLA-DOB_CD70/BLNK_CD70"
"199",45,45,"CD56bright NK_Neutrophil","CD56bright NK","Neutrophil",20,20,2,9.35078078549034e-07,9.60013493977008e-06,0.28,"PLA2G6_DYSF/PLA2G6_CD93/PLA2G6_G0S2/PLA2G6_PDE4B/PLA2G6_LILRB2/MADD_ALPL/DUSP4_G0S2/MPPED1_DYSF/MPPED1_PDE4B/PLA2G6_FCAR/XCL1_G0S2/PLA2G6_CEACAM3/PLA2G6_MME/MADD_G0S2/MPPED1_MME/MADD_MME/MPPED1_CD93/MADD_CD93/MADD_DYSF/PLA2G6_SLC25A37","MADD_ALPL/PLA2G6_CD93/MPPED1_CD93/MADD_CD93/PLA2G6_MME/MPPED1_MME/MADD_MME/PLA2G6_DYSF/MPPED1_DYSF/MADD_DYSF/PLA2G6_FCAR/PLA2G6_CEACAM3/PLA2G6_SLC25A37/XCL1_G0S2/DUSP4_G0S2/PLA2G6_G0S2/MADD_G0S2/PLA2G6_PDE4B/MPPED1_PDE4B/PLA2G6_LILRB2"
"134",46,46,"Mast_iDC","Mast","iDC",24,23,1.917,1.45472322238886e-06,1.46104810596447e-05,0.289565217391304,"MAOB_SLC26A6/MAOB_BLVRB/PPM1H_SLC26A6/MAOB_VASH1/PPM1H_FZD2/MAOB_FZD2/MAOB_SYT17/MAOB_SLC7A8/MAOB_CTNS/HPGD_F13A1/MAOB_MMP12/MAOB_GUCA1A/PPM1H_CTNS/MAOB_PPARG/MS4A2_SLC7A8/MAOB_NUDT9/MAOB_CD1B/TAL1_SYT17/MAOB_CH25H/PPM1H_PREP/MS4A2_NUDT9/PPM1H_LMAN2L/PPM1H_SYT17","MAOB_GUCA1A/PTGS1_ABCG2/MAOB_CD1B/MAOB_VASH1/HPGD_F13A1/MAOB_MMP12/PPM1H_SYT17/TAL1_SYT17/MAOB_SYT17/PPM1H_CTNS/MAOB_CTNS/PPM1H_LMAN2L/PPM1H_SLC26A6/MAOB_SLC26A6/MAOB_BLVRB/MAOB_PPARG/MS4A2_SLC7A8/MAOB_SLC7A8/PPM1H_FZD2/MAOB_FZD2/MAOB_CH25H/PPM1H_PREP/MS4A2_NUDT9/MAOB_NUDT9"
"152",47,47,"DC_Macrophage","DC","Macrophage",18,18,2,3.75469553143314e-06,3.69078582025981e-05,0.339148936170213,"PPFIBP2_ATG7/PPFIBP2_SGMS1/PPFIBP2_RAI14/CCL17_FN1/PPFIBP2_ME1/PPFIBP2_GM2A/PPFIBP2_COLEC12/CCL17_CD163/PPFIBP2_CD68/CCL17_CLEC5A/PPFIBP2_FN1/NPR1_FN1/CCL17_CHI3L1/CCL17_RAI14/CCL22_FN1/PPFIBP2_MSR1/CCL17_GM2A/PPFIBP2_FDX1","PPFIBP2_COLEC12/PPFIBP2_MSR1/PPFIBP2_RAI14/CCL17_RAI14/CCL17_CLEC5A/PPFIBP2_ME1/CCL22_FN1/PPFIBP2_FN1/NPR1_FN1/CCL17_FN1/CCL17_CD163/PPFIBP2_GM2A/CCL17_GM2A/PPFIBP2_CD68/CCL17_CHI3L1/PPFIBP2_ATG7/PPFIBP2_FDX1/PPFIBP2_SGMS1"
"387",48,48,"Mast_Tfh","Mast","Tfh",36,31,1.722,6.23978897388609e-06,6.00579688736536e-05,0.364375,"MAOB_HEY1/TAL1_HEY1/PPM1H_HEY1/MAOB_MAGEH1/MAOB_PASK/MAOB_CDK5R1/MAOB_POMT1/MAOB_SMAD1/MAOB_ST8SIA1/MAOB_MAF/CEACAM8_HEY1/MLPH_CDK5R1/MPO_HEY1/TPSAB1_HEY1/MAOB_B3GAT1/MAOB_THADA/PPM1H_CHI3L2/MAOB_PTPN13/HPGD_HEY1/TPSAB1_CDK5R1/SLC24A3_HEY1/MS4A2_HEY1/MAOB_SH3TC1/PPM1H_PASK/TAL1_TOX/SLC18A2_HEY1/HPGD_TOX/MAOB_ZNF764/MAOB_MYO7A/HPGD_SMAD1/MAOB_CHI3L2","MAOB_MYO7A/PPM1H_CHI3L2/MAOB_CHI3L2/TAL1_TOX/HPGD_TOX/MAOB_SMAD1/HPGD_SMAD1/SLC24A3_HEY1/TPSAB1_HEY1/SLC18A2_HEY1/MS4A2_HEY1/MPO_HEY1/PPM1H_HEY1/TAL1_HEY1/MAOB_HEY1/HPGD_HEY1/CEACAM8_HEY1/MAOB_MAGEH1/MAOB_B3GAT1/MAOB_SH3TC1/MAOB_POMT1/PPM1H_PASK/MAOB_PASK/MLPH_CDK5R1/TPSAB1_CDK5R1/MAOB_CDK5R1/MAOB_ST8SIA1/MAOB_MAF/MAOB_PTPN13/MAOB_THADA/PRG2_STK39/PTGS1_STK39/MAOB_ZNF764/PRG2_KCNK5/MPO_KCNK5/SCG2_KCNK5"
"68",49,49,"Eosinophil_Cytotoxic","Eosinophil","Cytotoxic",32,28,1.75,9.37485544553248e-06,8.83914942007348e-05,0.381020408163265,"SMPD3_GNLY/ABHD2_APBA2/MYO15B_APBA2/SMPD3_RORA/SMPD3_KLRD1/SMPD3_APBA2/KBTBD11_APBA2/SMPD3_KLRK1/MYO15B_GNLY/ACACB_RORA/KBTBD11_GNLY/SMPD3_GZMH/SMPD3_RUNX3/ABHD2_DUSP2/CAT_DUSP2/THBS4_GNLY/SMPD3_DUSP2/KBTBD11_KLRD1/SMPD3_GZMA/SMPD3_CTSW/ABHD2_RUNX3/SMPD3_SIGIRR/ACACB_GZMH/ACACB_GNLY/ACACB_DUSP2/ABHD2_GNLY/CAT_RORA/ACACB_KLRF1","SMPD3_CTSW/RRP12_KLRK1/SMPD3_KLRK1/KBTBD11_KLRD1/SMPD3_KLRD1/ACACB_KLRF1/CAT_DUSP2/ACACB_DUSP2/ABHD2_DUSP2/SMPD3_DUSP2/ACACB_GNLY/THBS4_GNLY/KBTBD11_GNLY/ABHD2_GNLY/SMPD3_GNLY/MYO15B_GNLY/RRP12_SIGIRR/SMPD3_SIGIRR/CLC_ZBTB16/TGIF1_ZBTB16/ACACB_GZMH/SMPD3_GZMH/CAT_RORA/ACACB_RORA/SMPD3_RORA/KBTBD11_APBA2/ABHD2_APBA2/SMPD3_APBA2/MYO15B_APBA2/ABHD2_RUNX3/SMPD3_RUNX3/SMPD3_GZMA"
"46",50,50,"DC_CD8 T","DC","CD8 T",16,16,2,1.50702658165102e-05,0.000128934496430143,0.4088,"PPFIBP2_CAMLG/PPFIBP2_DNAJB1/PPFIBP2_ZNF609/PPFIBP2_SF1/PPFIBP2_ZEB1/PPFIBP2_LIME1/PPFIBP2_ABT1/PPFIBP2_LEPROTL1/PPFIBP2_FLT3LG/PPFIBP2_APBA2/CCL17_DNAJB1/PPFIBP2_ZNF91/PPFIBP2_VAMP2/CCL17_LEPROTL1/PPFIBP2_PPP1R2/PPFIBP2_PRR5","PPFIBP2_SF1/PPFIBP2_DNAJB1/CCL17_DNAJB1/PPFIBP2_PRR5/PPFIBP2_LIME1/PPFIBP2_VAMP2/PPFIBP2_APBA2/PPFIBP2_LEPROTL1/CCL17_LEPROTL1/PPFIBP2_ZEB1/PPFIBP2_ZNF609/PPFIBP2_CAMLG/PPFIBP2_PPP1R2/PPFIBP2_ZNF91/PPFIBP2_FLT3LG/PPFIBP2_ABT1"
"278",51,50,"DC_Tumor","DC","Tumor",16,16,2,1.50702658165102e-05,0.000128934496430143,0.4088,"PPFIBP2_S100A2/PPFIBP2_INHBB/PPFIBP2_IGF2/PPFIBP2_JAG2/CD209_S100A2/CCL22_S100A2/CCL17_S100A2/CCL13_S100A2/CCL17_FKBP4/PPFIBP2_VSNL1/PPFIBP2_SLC1A5/CCL17_KRT5/HSD11B1_S100A2/NPR1_S100A2/PPFIBP2_ASPSCR1/PPFIBP2_HOXA9","CCL17_KRT5/PPFIBP2_VSNL1/PPFIBP2_ASPSCR1/PPFIBP2_IGF2/HSD11B1_S100A2/CCL22_S100A2/PPFIBP2_S100A2/NPR1_S100A2/CD209_S100A2/CCL17_S100A2/CCL13_S100A2/PPFIBP2_INHBB/PPFIBP2_JAG2/PPFIBP2_SLC1A5/CCL17_FKBP4/PPFIBP2_HOXA9"
"320",52,50,"DC_Th","DC","Th",16,16,2,1.50702658165102e-05,0.000128934496430143,0.4088,"PPFIBP2_PPP2R5C/PPFIBP2_DDX50/PPFIBP2_RPA1/PPFIBP2_SLC25A12/PPFIBP2_ATF2/PPFIBP2_ANP32B/PPFIBP2_GOLGA8A/PPFIBP2_CD28/PPFIBP2_NUP107/PPFIBP2_LRBA/PPFIBP2_FRYL/PPFIBP2_SEC24C/PPFIBP2_NAP1L4/CCL17_UBE2L3/CCL17_SLC25A12/PPFIBP2_ASF1A","PPFIBP2_FRYL/PPFIBP2_RPA1/PPFIBP2_LRBA/PPFIBP2_NAP1L4/PPFIBP2_ASF1A/PPFIBP2_GOLGA8A/PPFIBP2_ANP32B/PPFIBP2_DDX50/CCL17_UBE2L3/PPFIBP2_SLC25A12/CCL17_SLC25A12/PPFIBP2_ATF2/PPFIBP2_CD28/PPFIBP2_PPP2R5C/PPFIBP2_NUP107/PPFIBP2_SEC24C"
"322",53,50,"iDC_Th","iDC","Th",16,16,2,1.50702658165102e-05,0.000128934496430143,0.4088,"CD1C_ANP32B/PREP_RPA1/PREP_DDX50/CARD9_SLC25A12/CARD9_ANP32B/CARD9_NAP1L4/GUCA1A_ANP32B/CD1C_SEC24C/PREP_ANP32B/ABCG2_SLC25A12/CD1C_CD28/GUCA1A_SLC25A12/CTNS_ANP32B/CTNS_SLC25A12/CARD9_RPA1/ABCG2_PHF10","CARD9_RPA1/PREP_RPA1/CARD9_NAP1L4/GUCA1A_ANP32B/CARD9_ANP32B/CTNS_ANP32B/PREP_ANP32B/CD1C_ANP32B/PREP_DDX50/GUCA1A_SLC25A12/CARD9_SLC25A12/ABCG2_SLC25A12/CTNS_SLC25A12/CD1C_CD28/CD1C_SEC24C/ABCG2_PHF10"
"341",54,50,"DC_Tcm","DC","Tcm",16,16,2,1.50702658165102e-05,0.000128934496430143,0.4088,"PPFIBP2_SLC7A6/PPFIBP2_ATM/PPFIBP2_TIMM8A/PPFIBP2_KLF12/PPFIBP2_REPS1/PPFIBP2_ATF7IP/PPFIBP2_CREBZF/PPFIBP2_CYLD/PPFIBP2_STX16/PPFIBP2_NFATC3/PPFIBP2_PCM1/PPFIBP2_FOXP1/PPFIBP2_ST3GAL1/PPFIBP2_CDC14A/PPFIBP2_MAP3K1/PPFIBP2_CEP68","PPFIBP2_CDC14A/PPFIBP2_ATM/PPFIBP2_FOXP1/PPFIBP2_KLF12/PPFIBP2_PCM1/PPFIBP2_NFATC3/PPFIBP2_TIMM8A/PPFIBP2_ATF7IP/PPFIBP2_REPS1/PPFIBP2_ST3GAL1/PPFIBP2_CREBZF/PPFIBP2_CEP68/PPFIBP2_MAP3K1/PPFIBP2_CYLD/PPFIBP2_SLC7A6/PPFIBP2_STX16"
"331",55,55,"Tcm_Th","Tcm","Th",24,22,1.833,1.75880259766421e-05,0.000147739418203794,0.382181818181818,"NFATC3_ANP32B/RPP38_ANP32B/FOXP1_RPA1/NEFL_ANP32B/PSPC1_ANP32B/CEP68_SLC25A12/PCM1_ATF2/PCM1_SLC25A12/ATF7IP_ANP32B/CASP8_ANP32B/PSPC1_SLC25A12/INPP4B_ANP32B/MAP3K1_ATF2/NFATC3_SLC25A12/FOXP1_ANP32B/RPP38_NUP107/NEFL_FRYL/POLR2J2_ANP32B/PCM1_FRYL/RPP38_DDX50/POLR2J2_SEC24C/NEFL_PHF10","PCM1_FRYL/NEFL_FRYL/FOXP1_RPA1/TIMM8A_LRBA/SLC7A6_ITM2A/FOXP1_ANP32B/NFATC3_ANP32B/ATF7IP_ANP32B/PSPC1_ANP32B/INPP4B_ANP32B/CASP8_ANP32B/NEFL_ANP32B/POLR2J2_ANP32B/RPP38_ANP32B/RPP38_DDX50/PCM1_SLC25A12/NFATC3_SLC25A12/PSPC1_SLC25A12/CEP68_SLC25A12/PCM1_ATF2/MAP3K1_ATF2/RPP38_NUP107/POLR2J2_SEC24C/NEFL_PHF10"
"446",56,56,"DC_Th2","DC","Th2",15,15,2,3.0187440532636e-05,0.000249046384394247,0.411428571428571,"PPFIBP2_WDHD1/PPFIBP2_AHI1/PPFIBP2_SMAD2/PPFIBP2_MICAL2/CCL17_NEIL3/PPFIBP2_PHEX/PPFIBP2_CENPF/PPFIBP2_NEIL3/PPFIBP2_HELLS/PPFIBP2_BIRC5/CCL17_BIRC5/PPFIBP2_CDC25C/CCL17_CDC7/CCL17_HELLS/PPFIBP2_CDC7","PPFIBP2_AHI1/PPFIBP2_CENPF/PPFIBP2_WDHD1/PPFIBP2_NEIL3/CCL17_NEIL3/PPFIBP2_MICAL2/PPFIBP2_SMAD2/PPFIBP2_CDC25C/PPFIBP2_PHEX/PPFIBP2_HELLS/CCL17_HELLS/PPFIBP2_CDC7/CCL17_CDC7/PPFIBP2_BIRC5/CCL17_BIRC5"
"338",57,57,"B_Tcm","B","Tcm",35,29,1.657,5.68774796688035e-05,0.00046100694047346,0.450350877192982,"BLNK_SLC7A6/BLNK_TIMM8A/BLNK_ST3GAL1/BLNK_ATM/BLNK_TRAF3IP3/BLNK_KLF12/BLNK_REPS1/BLNK_CDC14A/BLNK_CEP68/SCN3A_REPS1/BLNK_MAP3K1/BLNK_STX16/SCN3A_STX16/BLNK_PHC3/BLNK_CYLD/BLNK_PSPC1/SCN3A_PHC3/BLNK_PCM1/BLNK_CREBZF/GNG7_SLC7A6/BLNK_ATF7IP/QRSL1_SLC7A6/SCN3A_ATF7IP/BLNK_DOCK9/BLNK_NFATC3/SCN3A_SLC7A6/FAM30A_SLC7A6/CCR9_TIMM8A/BLNK_RPP38","BLNK_DOCK9/BLNK_CDC14A/BLNK_ATM/BLNK_KLF12/BLNK_PCM1/SCN3A_PHC3/BLNK_PHC3/OSBPL10_NFATC3/BLNK_NFATC3/GLDC_NFATC3/CCR9_TIMM8A/BLNK_TIMM8A/SCN3A_ATF7IP/BLNK_ATF7IP/SCN3A_REPS1/BLNK_REPS1/OSBPL10_PSPC1/BLNK_PSPC1/BLNK_ST3GAL1/CD72_INPP4B/MICAL3_INPP4B/BLNK_TRAF3IP3/BLNK_CREBZF/BLNK_CEP68/CD72_TXK/BLNK_MAP3K1/BLNK_CYLD/FAM30A_SLC7A6/GNG7_SLC7A6/QRSL1_SLC7A6/SCN3A_SLC7A6/BLNK_SLC7A6/SCN3A_STX16/BLNK_STX16/BLNK_RPP38"
"287",58,58,"T_Tumor","T","Tumor",14,14,2,6.0462562427815e-05,0.000465561730694176,0.453103448275862,"GIMAP5_S100A2/NCALD_S100A2/SKAP1_S100A2/ITM2A_S100A2/BCL11B_S100A2/CD96_S100A2/CD3D_S100A2/CD6_EEF1A2/BCL11B_VSNL1/TRBC1_EEF1A2/BCL11B_EEF1A2/CD3G_S100A2/SKAP1_VSNL1/LCK_S100A2","BCL11B_EEF1A2/CD6_EEF1A2/TRBC1_EEF1A2/SKAP1_VSNL1/BCL11B_VSNL1/CD3D_S100A2/LCK_S100A2/NCALD_S100A2/CD3G_S100A2/SKAP1_S100A2/BCL11B_S100A2/CD96_S100A2/GIMAP5_S100A2/ITM2A_S100A2"
"366",59,58,"Mast_Tem","Mast","Tem",14,14,2,6.0462562427815e-05,0.000465561730694176,0.453103448275862,"MAOB_TBCD/MAOB_AKT3/MAOB_GDPD5/MAOB_NFATC4/MAOB_EWSR1/TAL1_NFATC4/MAOB_MEFV/MAOB_TBC1D5/TAL1_FLI1/HPGD_EWSR1/TAL1_EWSR1/TPSAB1_AKT3/HDC_AKT3/HPGD_GDPD5","MAOB_MEFV/MAOB_GDPD5/HPGD_GDPD5/TAL1_FLI1/MAOB_TBC1D5/TAL1_NFATC4/MAOB_NFATC4/TPSAB1_AKT3/HDC_AKT3/MAOB_AKT3/TAL1_EWSR1/MAOB_EWSR1/HPGD_EWSR1/MAOB_TBCD"
"435",60,58,"T_Th1","T","Th1",14,14,2,6.0462562427815e-05,0.000465561730694176,0.453103448275862,"SKAP1_DUSP5/BCL11B_CCL4/BCL11B_APBB2/CD3G_EGFL6/BCL11B_DUSP5/BCL11B_EGFL6/CD96_DUSP5/ITM2A_CD70/ITM2A_APBB2/CD6_DUSP5/ITM2A_EGFL6/CD3G_DUSP5/BCL11B_CD70/GIMAP5_CD70","BCL11B_APBB2/ITM2A_APBB2/CD3G_EGFL6/BCL11B_EGFL6/ITM2A_EGFL6/BCL11B_CCL4/CD3G_DUSP5/SKAP1_DUSP5/BCL11B_DUSP5/CD6_DUSP5/CD96_DUSP5/BCL11B_CD70/GIMAP5_CD70/ITM2A_CD70"
"254",61,61,"B_NK","B","NK",25,22,1.76,7.68661476408249e-05,0.000582166560820674,0.449672131147541,"SCN3A_ADARB1/BLNK_MRC2/BLNK_ADARB1/BLNK_ZNF528/BACH2_ADARB1/SCN3A_MRC2/BLNK_PDLIM4/BLNK_MAPRE3/COCH_ADARB1/BLNK_CDC5L/BLNK_NCR1/BLNK_TBXA2R/BLK_MRC2/FAM30A_ADARB1/BLK_ADARB1/BLNK_PRX/CCR9_MRC2/BLNK_TCTN2/BLNK_ZNF747/GNG7_TBXA2R/ABCB4_ADARB1/BLNK_SLC30A5","BLNK_PDLIM4/BLNK_ZNF747/GLDC_ZNF747/BLNK_SLC30A5/GNG7_TBXA2R/BLNK_TBXA2R/BLNK_CDC5L/BLK_MRC2/CCR9_MRC2/SCN3A_MRC2/BLNK_MRC2/HLA-DQA1_SPN/BLNK_PRX/BLNK_ZNF528/BLNK_MAPRE3/BLNK_TCTN2/BLK_ADARB1/COCH_ADARB1/ABCB4_ADARB1/FAM30A_ADARB1/BACH2_ADARB1/SCN3A_ADARB1/BLNK_ADARB1/BLNK_NCR1/GLDC_LDB3"
"71",62,62,"Mast_Cytotoxic","Mast","Cytotoxic",13,13,2,0.000121088164331167,0.000902302127758048,0.470322580645161,"PPM1H_GNLY/SIGLEC6_RORA/MS4A2_RORA/MAOB_GNLY/TPSAB1_DUSP2/MLPH_GNLY/HPGD_GNLY/MS4A2_KLRD1/HPGD_DUSP2/HPGD_RUNX3/TPSB2_RORA/MAOB_SIGIRR/TAL1_GNLY","MS4A2_KLRD1/TPSAB1_DUSP2/HPGD_DUSP2/MLPH_GNLY/PPM1H_GNLY/TAL1_GNLY/MAOB_GNLY/HPGD_GNLY/MAOB_SIGIRR/MS4A2_RORA/TPSB2_RORA/SIGLEC6_RORA/HPGD_RUNX3"
"290",63,63,"Tem_Tumor","Tem","Tumor",17,16,1.882,0.00013583224668184,0.000996103142333496,0.474285714285714,"LTK_S100A2/DDX17_S100A2/FLI1_INHBB/CCR2_S100A2/FLI1_S100A2/DDX17_FKBP4/MEFV_S100A2/AKT3_S100A2/CCR2_VSNL1/PRKY_EEF1A2/EWSR1_S100A2/GDPD5_S100A2/NFATC4_S100A2/TBC1D5_S100A2/TBCD_S100A2/LTK_VSNL1","PRKY_EEF1A2/CCR2_VSNL1/LTK_VSNL1/MEFV_S100A2/GDPD5_S100A2/CCR2_S100A2/FLI1_S100A2/TBC1D5_S100A2/NFATC4_S100A2/AKT3_S100A2/EWSR1_S100A2/TBCD_S100A2/LTK_S100A2/DDX17_S100A2/FLI1_INHBB/DDX17_FKBP4/NFATC4_F12"
"149",64,64,"B_Macrophage","B","Macrophage",50,38,1.52,0.000147699380505922,0.00106620490302713,0.47890625,"SCN3A_FN1/BLNK_FN1/SCN3A_RAI14/ABCB4_RAI14/BLNK_FDX1/BLNK_SCARB2/CCR9_RAI14/ABCB4_FN1/BLNK_RAI14/CCR9_FN1/BLNK_SGMS1/SCN3A_ATG7/IGHA1_FN1/BLNK_ATG7/MEF2C_FN1/BLNK_MS4A4A/BLNK_CD68/SPIB_CHI3L1/CCR9_MSR1/SCN3A_ME1/TNFRSF17_FN1/BLNK_CHI3L1/BACH2_FN1/SLC15A2_CHI3L1/ABCB4_COLEC12/BLNK_CCL7/FAM30A_FN1/BLNK_CLEC5A/MEF2C_ATG7/BLK_FN1/SCN3A_CHI3L1/SCN3A_MSR1/IGHM_COLEC12/PNOC_RAI14/BLNK_GM2A/GNG7_FN1/BLNK_ME1/ABCB4_ATG7","CD72_CHIT1/DTNB_CHIT1/HLA-DQA1_CHIT1/ABCB4_COLEC12/IGHM_COLEC12/IGKC_SULT1C2/IGHG1_SULT1C2/OSBPL10_SULT1C2/PNOC_SULT1C2/DTNB_SULT1C2/CCR9_MSR1/SCN3A_MSR1/BLNK_SCARB2/ABCB4_RAI14/PNOC_RAI14/CCR9_RAI14/SCN3A_RAI14/BLNK_RAI14/BLNK_CLEC5A/SCN3A_ME1/BLNK_ME1/CD72_DNASE2B/BLNK_CCL7/BLK_FN1/IGHA1_FN1/TNFRSF17_FN1/ABCB4_FN1/FAM30A_FN1/BACH2_FN1/GNG7_FN1/CCR9_FN1/SCN3A_FN1/BLNK_FN1/MEF2C_FN1/BLNK_GM2A/BLNK_CD68/SPIB_CHI3L1/SCN3A_CHI3L1/SLC15A2_CHI3L1/BLNK_CHI3L1/ABCB4_ATG7/SCN3A_ATG7/BLNK_ATG7/MEF2C_ATG7/CD72_CD84/OSBPL10_CD84/GLDC_CD84/BLNK_FDX1/BLNK_MS4A4A/BLNK_SGMS1"
"44",65,65,"B_CD8 T","B","CD8 T",30,25,1.667,0.000159219672807789,0.00113168444364921,0.482461538461538,"BLNK_CDKN2AIP/BLNK_ZNF22/BLNK_SF1/BLNK_CD8A/BLNK_PPP1R2/SCN3A_DNAJB1/BLNK_ABT1/BLNK_CAMLG/BLNK_ZNF91/BLNK_ZEB1/BLNK_DNAJB1/BLNK_KLF9/BLNK_ZNF609/BLNK_LEPROTL1/BLNK_TBCC/CCR9_CAMLG/BLNK_PRR5/ABCB4_DNAJB1/BLNK_FLT3LG/BLK_SF1/GNG7_DNAJB1/BLNK_PF4/BLNK_THUMPD1/CCR9_DNAJB1/SCN3A_APBA2","BLK_SF1/BLNK_SF1/ABCB4_DNAJB1/GNG7_DNAJB1/CCR9_DNAJB1/SCN3A_DNAJB1/BLNK_DNAJB1/BLNK_CD8A/BLNK_PF4/CD72_PRR5/MICAL3_PRR5/BLNK_PRR5/BLNK_THUMPD1/SCN3A_APBA2/OSBPL10_LEPROTL1/BLNK_LEPROTL1/CD72_ZFP36L2/BLNK_ZEB1/BLNK_ZNF609/CCR9_CAMLG/BLNK_CAMLG/BLNK_PPP1R2/BLNK_ZNF91/BLNK_ZNF22/BLNK_FLT3LG/BLNK_CDKN2AIP/BLNK_TBCC/OSBPL10_RBM3/BLNK_ABT1/BLNK_KLF9"
"439",66,66,"Tfh_Th1","Tfh","Th1",38,30,1.579,0.000230245795957675,0.00161172057170373,0.490757575757576,"STK39_BTG3/ZNF764_APBB2/MYO6_DUSP5/MYO6_BTG3/STK39_APBB2/PVALB_APBB2/ZNF764_DUSP5/ST8SIA1_CD70/KCNK5_HBEGF/B3GAT1_APBB2/PVALB_DUSP5/POMT1_APBB2/KCNK5_APBB2/ICA1_EGFL6/SLC7A10_DUSP5/STK39_DUSP5/MYO7A_CD70/ZNF764_EGFL6/SIRPG_EGFL6/POMT1_BTG3/MAF_DUSP5/MAGEH1_APBB2/MYO6_APBB2/MYO7A_DUSP5/ST8SIA1_DGKI/CHI3L2_DUSP5/ZNF764_BTG3/ICA1_BTG3/B3GAT1_CD70/THADA_APBB2","HEY1_IL22/ST8SIA1_DGKI/PVALB_APBB2/MAGEH1_APBB2/B3GAT1_APBB2/POMT1_APBB2/MYO6_APBB2/THADA_APBB2/STK39_APBB2/ZNF764_APBB2/KCNK5_APBB2/HEY1_DOK5/ICA1_EGFL6/SIRPG_EGFL6/ZNF764_EGFL6/MYO7A_DUSP5/CHI3L2_DUSP5/SLC7A10_DUSP5/PVALB_DUSP5/MAF_DUSP5/MYO6_DUSP5/STK39_DUSP5/ZNF764_DUSP5/HEY1_LRRN3/HEY1_ATP9A/MAF_ATP9A/SMAD1_GGT1/HEY1_GGT1/KCNK5_HBEGF/HEY1_SGCB/ICA1_BTG3/POMT1_BTG3/MYO6_BTG3/STK39_BTG3/ZNF764_BTG3/MYO7A_CD70/B3GAT1_CD70/ST8SIA1_CD70"
"383",67,67,"DC_Tfh","DC","Tfh",12,12,2,0.000242477667934829,0.00167201018784912,0.496716417910448,"PPFIBP2_PASK/PPFIBP2_CHI3L2/PPFIBP2_HEY1/PPFIBP2_SMAD1/PPFIBP2_MAGEH1/PPFIBP2_THADA/PPFIBP2_MAF/PPFIBP2_TOX/CCL17_HEY1/PPFIBP2_TSHR/PPFIBP2_PVALB/CCL22_PASK","PPFIBP2_CHI3L2/PPFIBP2_TSHR/PPFIBP2_TOX/PPFIBP2_SMAD1/PPFIBP2_HEY1/CCL17_HEY1/PPFIBP2_PVALB/PPFIBP2_MAGEH1/CCL22_PASK/PPFIBP2_PASK/PPFIBP2_MAF/PPFIBP2_THADA"
"336",68,68,"Th2_Th","Th2","Th",26,22,1.692,0.000262475271979509,0.00178328787727254,0.511176470588235,"LIMA1_ANP32B/LIMA1_NAP1L4/ANK1_SLC25A12/EVI5_ATF2/SLC39A14_ATF2/ANK1_FRYL/SLC39A14_SLC25A12/SLC39A14_DDX50/ANK1_ANP32B/LIMA1_SLC25A12/LAIR2_ATF2/ANK1_ATF2/SLC39A14_NUP107/ANK1_UBE2L3/SLC39A14_PPP2R5C/ANK1_NUP107/PHEX_ANP32B/SLC39A14_UBE2L3/ANK1_PHF10/LIMA1_NUP107/SLC39A14_ANP32B/DHFR_SLC25A12","ANK1_FRYL/NEIL3_ICOS/WDHD1_LRBA/LIMA1_NAP1L4/ANK1_ANP32B/PHEX_ANP32B/SLC39A14_ANP32B/LIMA1_ANP32B/SLC39A14_DDX50/ANK1_UBE2L3/SLC39A14_UBE2L3/ANK1_SLC25A12/DHFR_SLC25A12/SLC39A14_SLC25A12/LIMA1_SLC25A12/LAIR2_ATF2/EVI5_ATF2/ANK1_ATF2/SLC39A14_ATF2/SLC39A14_PPP2R5C/ANK1_NUP107/WDHD1_NUP107/SLC39A14_NUP107/LIMA1_NUP107/SMAD2_FAM111A/ANK1_PHF10"
"29",69,69,"Mast_B","Mast","B",34,27,1.588,0.000402445685056062,0.00269463632602755,0.524782608695652,"MAOB_OSBPL10/MAOB_GLDC/MAOB_QRSL1/TAL1_GLDC/MAOB_MEF2C/PPM1H_OSBPL10/MAOB_HLA-DQA1/MAOB_DTNB/TAL1_MICAL3/MAOB_MICAL3/MS4A2_BACH2/SLC18A2_MICAL3/MAOB_GNG7/MAOB_PNOC/TPSB2_DTNB/HPGD_HLA-DQA1/PPM1H_GLDC/SIGLEC6_CD72/HPGD_TCL1A/MAOB_BCL11A/PPM1H_CD72/HPGD_GLDC/MAOB_ABCB4/PPM1H_MICAL3/MS4A2_ABCB4/PPM1H_QRSL1/MS4A2_CD72","MS4A2_CD72/SIGLEC6_CD72/PPM1H_CD72/SLC18A2_MICAL3/PPM1H_MICAL3/TAL1_MICAL3/MAOB_MICAL3/HPGD_TCL1A/PTGS1_COCH/PPM1H_OSBPL10/MAOB_OSBPL10/MS4A2_ABCB4/MAOB_ABCB4/MAOB_PNOC/MAOB_BCL11A/MS4A2_BACH2/MAOB_GNG7/PTGS1_CCR9/PPM1H_QRSL1/MAOB_QRSL1/TPSB2_DTNB/MAOB_DTNB/PRG2_BLNK/MPO_BLNK/NR0B1_BLNK/ABCC4_BLNK/PTGS1_BLNK/MAOB_HLA-DQA1/HPGD_HLA-DQA1/MAOB_MEF2C/PPM1H_GLDC/TAL1_GLDC/MAOB_GLDC/HPGD_GLDC"
"427",70,70,"iDC_Th1","iDC","Th1",22,19,1.727,0.000422333531890864,0.0027874013104797,0.521285714285714,"RAP1GAP_HBEGF/FABP4_APBB2/FABP4_DGKI/ABCG2_APBB2/CLEC10A_CCL4/CARD9_CD70/NUDT9_APBB2/GUCA1A_APBB2/CTNS_APBB2/CARD9_DUSP5/CARD9_HBEGF/ABCG2_BTG3/CTNS_DUSP5/CD1E_HBEGF/FABP4_DUSP5/ABCG2_DGKI/CLEC10A_DUSP5/CD1B_CD70/FABP4_CCL4","SLC26A6_IL22/ABCG2_DGKI/FABP4_DGKI/GUCA1A_APBB2/ABCG2_APBB2/FABP4_APBB2/CTNS_APBB2/NUDT9_APBB2/FABP4_CCL4/CLEC10A_CCL4/CARD9_DUSP5/FABP4_DUSP5/CLEC10A_DUSP5/CTNS_DUSP5/SYT17_GGT1/LMAN2L_GGT1/CARD9_HBEGF/CD1E_HBEGF/RAP1GAP_HBEGF/ABCG2_BTG3/CARD9_CD70/CD1B_CD70"
"359",71,71,"B_Tem","B","Tem",11,11,2,0.00048550836393254,0.00315922343854695,0.545211267605634,"BLNK_AKT3/BLNK_GDPD5/BLNK_NFATC4/BLNK_TBC1D5/BLNK_DDX17/SCN3A_TBCD/BLNK_FLI1/BLNK_EWSR1/BLNK_TBCD/SCN3A_AKT3/BLNK_MEFV","BLNK_MEFV/BLNK_GDPD5/BLNK_FLI1/BLNK_TBC1D5/BLNK_NFATC4/SCN3A_AKT3/BLNK_AKT3/BLNK_EWSR1/SCN3A_TBCD/BLNK_TBCD/BLNK_DDX17"
"294",72,72,"Th2_Tumor","Th2","Tumor",39,30,1.538,0.000520636248828652,0.00334074926331719,0.545138888888889,"MB_S100A2/SLC39A14_S100A2/LIMA1_JAG2/LIMA1_INHBB/SLC39A14_FKBP4/EVI5_S100A2/ANK1_S100A2/IL26_S100A2/LIMA1_FKBP4/WDHD1_S100A2/MICAL2_INHBB/GATA3_S100A2/SNRPD1_S100A2/LAIR2_S100A2/LIMA1_S100A2/LAIR2_INHBB/AHI1_S100A2/PHEX_S100A2/LIMA1_HOXA9/MICAL2_S100A2/CXCR6_S100A2/DHFR_S100A2/SNRPD1_FKBP4/BIRC5_S100A2/ADCY1_S100A2/LAIR2_DHRS2/ANK1_DHRS2/NEIL3_S100A2/HELLS_S100A2/CDC25C_KRT5","CDC25C_KRT5/MB_BMP4/SMAD2_BMP4/WDHD1_FGF3/CXCR6_S100A2/ADCY1_S100A2/AHI1_S100A2/LAIR2_S100A2/SNRPD1_S100A2/EVI5_S100A2/IL26_S100A2/MB_S100A2/ANK1_S100A2/GATA3_S100A2/WDHD1_S100A2/NEIL3_S100A2/MICAL2_S100A2/DHFR_S100A2/PHEX_S100A2/SLC39A14_S100A2/HELLS_S100A2/BIRC5_S100A2/LIMA1_S100A2/LAIR2_INHBB/MICAL2_INHBB/LIMA1_INHBB/LIMA1_JAG2/MICAL2_BMP7/CDC7_BMP7/LAIR2_DHRS2/ANK1_DHRS2/SNRPD1_FKBP4/SLC39A14_FKBP4/LIMA1_FKBP4/WDHD1_TEAD4/WDHD1_SLC27A5/LIMA1_HOXA9/NEIL3_F12/CDC7_F12"
"165",73,73,"Tfh_Macrophage","Tfh","Macrophage",52,38,1.462,0.000579977138772529,0.00367054024812203,0.53958904109589,"STK39_RAI14/KCNK5_CHI3L1/STK39_FN1/ST8SIA1_FN1/MYO6_MSR1/POMT1_RAI14/MYO6_RAI14/ZNF764_CHI3L1/STK39_MSR1/KCNK5_FN1/MAF_FN1/ZNF764_COLEC12/PTPN13_FN1/SLC7A10_FN1/KCNK5_RAI14/KCNK5_CLEC5A/SLC7A10_MSR1/ZNF764_FN1/PVALB_RAI14/STK39_CHI3L1/ZNF764_MSR1/STK39_COLEC12/ICA1_CHI3L1/ST8SIA1_RAI14/PVALB_CHI3L1/THADA_CHI3L1/KCNK5_CD68/THADA_COLEC12/ZNF764_ATG7/SLC7A10_RAI14/STK39_ATG7/ZNF764_FDX1/MAGEH1_FN1/POMT1_CHI3L1/MYO6_FN1/ICA1_COLEC12/STK39_COL8A2/SLC7A10_ATG7","CHI3L2_CHIT1/SMAD1_CHIT1/HEY1_CHIT1/SH3TC1_CHIT1/CDK5R1_CHIT1/PTPN13_CHIT1/ICA1_COLEC12/THADA_COLEC12/STK39_COLEC12/ZNF764_COLEC12/HEY1_SULT1C2/CDK5R1_SULT1C2/PTPN13_SULT1C2/SLC7A10_MSR1/MYO6_MSR1/STK39_MSR1/ZNF764_MSR1/HEY1_SCARB2/SLC7A10_RAI14/PVALB_RAI14/POMT1_RAI14/ST8SIA1_RAI14/MYO6_RAI14/STK39_RAI14/KCNK5_RAI14/STK39_COL8A2/KCNK5_CLEC5A/HEY1_DNASE2B/SLC7A10_FN1/MAGEH1_FN1/ST8SIA1_FN1/MAF_FN1/MYO6_FN1/PTPN13_FN1/STK39_FN1/ZNF764_FN1/KCNK5_FN1/KCNK5_CD68/ICA1_CHI3L1/PVALB_CHI3L1/POMT1_CHI3L1/THADA_CHI3L1/STK39_CHI3L1/ZNF764_CHI3L1/KCNK5_CHI3L1/SLC7A10_ATG7/STK39_ATG7/ZNF764_ATG7/MYO7A_CD84/HEY1_CD84/HEY1_FDX1/ZNF764_FDX1"
"163",74,74,"Tcm_Macrophage","Tcm","Macrophage",54,39,1.444,0.000726054739622659,0.00453293634737389,0.552837837837838,"CYLD_RAI14/INPP4B_FN1/RPP38_FN1/CYLD_FN1/USP9Y_EMP1/SNRPN_CHI3L1/POLR2J2_FN1/CEP68_FN1/INPP4B_CHI3L1/CEP68_CHI3L1/RPP38_CHI3L1/CASP8_RAI14/CEP68_RAI14/ST3GAL1_FN1/PCM1_RAI14/CLUAP1_CHI3L1/MAP3K1_COLEC12/SNRPN_FN1/INPP4B_EMP1/MAP3K1_CHI3L1/PSPC1_COLEC12/CASP8_COLEC12/DOCK9_FN1/USP9Y_COLEC12/REPS1_FN1/CASP8_FN1/INPP4B_RAI14/RPP38_MSR1/PSPC1_CHI3L1/INPP4B_MSR1/INPP4B_CYBB/RPP38_RAI14/SNRPN_COLEC12/PHC3_COLEC12/CREBZF_RAI14/RPP38_ATG7/INPP4B_COLEC12/ATF7IP_RAI14/FOXP1_RAI14","DOCK9_CHIT1/PHC3_CHIT1/USP9Y_COLEC12/PHC3_COLEC12/PSPC1_COLEC12/INPP4B_COLEC12/CASP8_COLEC12/SNRPN_COLEC12/MAP3K1_COLEC12/CLUAP1_SULT1C2/DOCK9_SULT1C2/KLF12_SULT1C2/PHC3_SULT1C2/ATF7IP_SULT1C2/REPS1_SULT1C2/ST3GAL1_SULT1C2/SLC7A6_SULT1C2/STX16_SULT1C2/INPP4B_MSR1/RPP38_MSR1/FOXP1_RAI14/PCM1_RAI14/ATF7IP_RAI14/INPP4B_RAI14/CASP8_RAI14/CREBZF_RAI14/CEP68_RAI14/CYLD_RAI14/RPP38_RAI14/DOCK9_FN1/REPS1_FN1/ST3GAL1_FN1/INPP4B_FN1/CASP8_FN1/SNRPN_FN1/POLR2J2_FN1/CEP68_FN1/CYLD_FN1/RPP38_FN1/TIMM8A_CD68/CLUAP1_CHI3L1/PSPC1_CHI3L1/INPP4B_CHI3L1/SNRPN_CHI3L1/CEP68_CHI3L1/MAP3K1_CHI3L1/RPP38_CHI3L1/RPP38_ATG7/NFATC3_CD84/CYLD_CD84/TIMM8A_SGMS1/USP9Y_EMP1/INPP4B_EMP1/INPP4B_CYBB"
"300",75,75,"Eosinophil_T","Eosinophil","T",14,13,1.857,0.000909220989074735,0.00560080129270037,0.566666666666667,"SMPD3_CD28/SMPD3_SKAP1/SMPD3_NCALD/KBTBD11_NCALD/SMPD3_PRKCQ/SMPD3_GIMAP5/SMPD3_BCL11B/SMPD3_CD6/MYO15B_NCALD/ACACB_CD96/SMPD3_SH2D1A/SMPD3_CD3G/ACACB_CD3G","SMPD3_CD28/SMPD3_PRKCQ/KBTBD11_NCALD/SMPD3_NCALD/MYO15B_NCALD/ACACB_CD3G/SMPD3_CD3G/SMPD3_SKAP1/SMPD3_BCL11B/SMPD3_CD6/ACACB_CD96/SMPD3_GIMAP5/EPN2_GIMAP5/SMPD3_SH2D1A"
"161",76,76,"T_Macrophage","T","Macrophage",10,10,2,0.000972023171405571,0.00575736801524838,0.573815789473684,"GIMAP5_FN1/BCL11B_ATG7/BCL11B_FN1/ITM2A_FN1/GIMAP5_RAI14/BCL11B_CHI3L1/GIMAP5_CLEC5A/CD6_CHI3L1/LCK_FN1/CD28_CHI3L1","GIMAP5_RAI14/GIMAP5_CLEC5A/LCK_FN1/BCL11B_FN1/GIMAP5_FN1/ITM2A_FN1/CD28_CHI3L1/BCL11B_CHI3L1/CD6_CHI3L1/BCL11B_ATG7"
"208",77,76,"Tgd_Neutrophil","Tgd","Neutrophil",10,10,2,0.000972023171405571,0.00575736801524838,0.573815789473684,"CD160_DYSF/TRGV9_G0S2/TRGV9_MME/TRGV9_ALPL/FEZ1_DYSF/TRGV9_PDE4B/TRGV9_CEACAM3/CD160_MME/TRGV9_FPR1/TRGV9_LILRB2","TRGV9_ALPL/TRGV9_MME/CD160_MME/CD160_DYSF/FEZ1_DYSF/TRGV9_CEACAM3/TRGV9_G0S2/TRGV9_FPR1/TRGV9_PDE4B/TRGV9_LILRB2"
"284",78,76,"CD56bright NK_Tumor","CD56bright NK","Tumor",10,10,2,0.000972023171405571,0.00575736801524838,0.573815789473684,"PLA2G6_INHBB/PLA2G6_S100A2/MADD_INHBB/XCL1_S100A2/DUSP4_S100A2/MPPED1_S100A2/MADD_S100A2/MPPED1_FKBP4/PLA2G6_JAG2/DUSP4_FKBP4","XCL1_S100A2/DUSP4_S100A2/PLA2G6_S100A2/MPPED1_S100A2/MADD_S100A2/PLA2G6_INHBB/MADD_INHBB/PLA2G6_JAG2/DUSP4_FKBP4/MPPED1_FKBP4"
"333",79,79,"Tfh_Th","Tfh","Th",32,25,1.562,0.0010340621858614,0.00604730037807551,0.56,"ZNF764_SLC25A12/STK39_SLC25A12/STK39_PHF10/ZNF764_PPP2R5C/STK39_ATF2/ZNF764_SEC24C/ZNF764_DDX50/ZNF764_ANP32B/STK39_DDX50/STK39_FRYL/POMT1_PHF10/STK39_ANP32B/ZNF764_NAP1L4/MYO6_NAP1L4/B3GAT1_SLC25A12/ZNF764_ATF2/THADA_SLC25A12/POMT1_ANP32B/PVALB_SLC25A12/KCNK5_NUP107/SLC7A10_NAP1L4/PVALB_ATF2/STK39_UBE2L3/SLC7A10_ANP32B/B3GAT1_ANP32B","HEY1_FRYL/STK39_FRYL/HEY1_LRBA/SLC7A10_NAP1L4/MYO6_NAP1L4/ZNF764_NAP1L4/HEY1_BATF/SLC7A10_ANP32B/B3GAT1_ANP32B/POMT1_ANP32B/STK39_ANP32B/ZNF764_ANP32B/STK39_DDX50/ZNF764_DDX50/HEY1_UBE2L3/STK39_UBE2L3/PVALB_SLC25A12/B3GAT1_SLC25A12/THADA_SLC25A12/STK39_SLC25A12/ZNF764_SLC25A12/PVALB_ATF2/STK39_ATF2/ZNF764_ATF2/ZNF764_PPP2R5C/KCNK5_NUP107/HEY1_SEC24C/ZNF764_SEC24C/HEY1_FAM111A/HEY1_PHF10/POMT1_PHF10/STK39_PHF10"
"277",80,80,"Cytotoxic_Tumor","Cytotoxic","Tumor",17,15,1.765,0.00116529117071965,0.00672955651090595,0.565,"SIGIRR_INHBB/KLRK1_JAG2/RORA_S100A2/KLRK1_INHBB/GZMA_S100A2/APOL3_S100A2/KLRK1_S100A2/KLRK1_FKBP4/ZBTB16_S100A2/SIGIRR_S100A2/KLRB1_S100A2/KLRD1_S100A2/CTSW_S100A2/SIGIRR_FKBP4/APBA2_S100A2","CTSW_S100A2/KLRB1_S100A2/KLRK1_S100A2/KLRD1_S100A2/SIGIRR_S100A2/ZBTB16_S100A2/RORA_S100A2/APBA2_S100A2/APOL3_S100A2/GZMA_S100A2/KLRK1_INHBB/SIGIRR_INHBB/KLRK1_JAG2/KLRD1_BMP7/GNLY_STRA6/KLRK1_FKBP4/SIGIRR_FKBP4"
"326",81,81,"CD56bright NK_Th","CD56bright NK","Th",9,9,2,0.00194585944302723,0.0108311694298624,0.614320987654321,"MPPED1_SLC25A12/PLA2G6_SLC25A12/PLA2G6_ATF2/MPPED1_ANP32B/MADD_ANP32B/PLA2G6_ANP32B/PLA2G6_NAP1L4/MPPED1_ATF2/MADD_RPA1","MADD_RPA1/PLA2G6_NAP1L4/PLA2G6_ANP32B/MPPED1_ANP32B/MADD_ANP32B/PLA2G6_SLC25A12/MPPED1_SLC25A12/PLA2G6_ATF2/MPPED1_ATF2"
"362",82,81,"DC_Tem","DC","Tem",9,9,2,0.00194585944302723,0.0108311694298624,0.614320987654321,"PPFIBP2_AKT3/PPFIBP2_EWSR1/PPFIBP2_NFATC4/PPFIBP2_GDPD5/PPFIBP2_DDX17/PPFIBP2_TBC1D5/PPFIBP2_FLI1/PPFIBP2_TBCD/CCL17_MEFV","CCL17_MEFV/PPFIBP2_GDPD5/PPFIBP2_FLI1/PPFIBP2_TBC1D5/PPFIBP2_NFATC4/PPFIBP2_AKT3/PPFIBP2_EWSR1/PPFIBP2_TBCD/PPFIBP2_DDX17"
"393",83,81,"T_Tfh","T","Tfh",9,9,2,0.00194585944302723,0.0108311694298624,0.614320987654321,"BCL11B_MYO7A/BCL11B_PASK/BCL11B_SMAD1/BCL11B_TOX/BCL11B_ST8SIA1/GIMAP5_PDCD1/BCL11B_HEY1/BCL11B_MAF/BCL11B_CDK5R1","BCL11B_MYO7A/BCL11B_TOX/BCL11B_SMAD1/BCL11B_HEY1/BCL11B_PASK/BCL11B_CDK5R1/BCL11B_ST8SIA1/GIMAP5_PDCD1/BCL11B_MAF"
"237",84,84,"Eosinophil_CD56dim NK","Eosinophil","CD56dim NK",19,16,1.684,0.0021942139660765,0.0120681768134208,0.617261904761905,"SMPD3_KIR3DL1/SMPD3_KIR3DL2/SMPD3_GTF3C1/SMPD3_GZMB/SMPD3_IL21R/ABHD2_GTF3C1/SMPD3_SPON2/ABHD2_KIR3DL1/MYO15B_IL21R/KBTBD11_KIR3DL1/CAT_KIR3DL1/KBTBD11_KIR3DL2/ABHD2_GZMB/KBTBD11_GTF3C1/MYO15B_GTF3C1/CAT_GTF3C1","KBTBD11_KIR3DL2/SMPD3_KIR3DL2/ABHD2_GZMB/SMPD3_GZMB/SMPD3_SPON2/EPN2_SPON2/SMPD3_IL21R/MYO15B_IL21R/CAT_KIR3DL1/KBTBD11_KIR3DL1/ABHD2_KIR3DL1/SMPD3_KIR3DL1/EPN2_KIR3DL1/CAT_GTF3C1/THBS1_GTF3C1/KBTBD11_GTF3C1/ABHD2_GTF3C1/SMPD3_GTF3C1/MYO15B_GTF3C1"
"288",85,85,"Th_Tumor","Th","Tumor",33,25,1.515,0.00224239202883166,0.0121880602037674,0.615411764705882,"BATF_S100A2/FAM111A_S100A2/FRYL_S100A2/PHF10_S100A2/BATF_FKBP4/ASF1A_S100A2/ITM2A_S100A2/SEC24C_S100A2/UBE2L3_S100A2/ATF2_S100A2/GOLGA8A_S100A2/NAP1L4_S100A2/ICOS_S100A2/LRBA_S100A2/FAM111A_FKBP4/BATF_JAG2/DDX50_S100A2/PPP2R5C_S100A2/SLC25A12_S100A2/BATF_INHBB/NUP107_S100A2/ANP32B_S100A2/RPA1_S100A2/FAM111A_INHBB/FAM111A_JAG2","SLC25A12_BMP4/SLC25A12_FGF3/FRYL_S100A2/RPA1_S100A2/ICOS_S100A2/LRBA_S100A2/ITM2A_S100A2/NAP1L4_S100A2/BATF_S100A2/ASF1A_S100A2/GOLGA8A_S100A2/ANP32B_S100A2/DDX50_S100A2/UBE2L3_S100A2/SLC25A12_S100A2/ATF2_S100A2/PPP2R5C_S100A2/NUP107_S100A2/SEC24C_S100A2/FAM111A_S100A2/PHF10_S100A2/BATF_INHBB/FAM111A_INHBB/BATF_JAG2/FAM111A_JAG2/NAP1L4_BMP7/ANP32B_BMP7/SLC25A12_BMP7/SEC24C_BMP7/SLC25A12_STRA6/BATF_FKBP4/FAM111A_FKBP4/SLC25A12_SLC27A5"
"281",86,86,"Macrophage_Tumor","Macrophage","Tumor",60,41,1.367,0.00303036214563115,0.0162793873404836,0.624767441860465,"SULT1C2_S100A2/CHIT1_S100A2/GPC4_S100A2/CHIT1_FKBP4/CD84_S100A2/SCARB2_S100A2/SCG5_S100A2/CHIT1_S100A3/CD68_FKBP4/CD84_INHBB/DNASE2B_S100A2/SULT1C2_VSNL1/COL8A2_S100A2/ME1_S100A2/CCL7_S100A2/CD84_JAG2/SULT1C2_LRFN4/SULT1C2_ASPSCR1/CD84_FKBP4/SGMS1_S100A2/CHIT1_SLC1A5/DNASE2B_FKBP4/CTSK_S100A2/PCOLCE2_S100A2/SULT1C2_KRT5/SULT1C2_STRA6/ATG7_S100A2/CD68_S100A2/FDX1_S100A2/ME1_JAG2/CHIT1_KRT5/DNASE2B_JAG2/GPC4_KRT5/CLEC5A_KRT5/CHIT1_TEAD4/SULT1C2_SLC6A8/COL8A2_INHBB/SULT1C2_MFAP2/DNASE2B_INHBB/SULT1C2_BAMBI/CYBB_KRT5","SULT1C2_SLC6A8/CHIT1_KRT5/GPC4_KRT5/SULT1C2_KRT5/CLEC5A_KRT5/CYBB_KRT5/CLEC5A_TRIM29/CTSK_BMP4/RAI14_BMP4/FN1_BMP4/CHI3L1_BMP4/SULT1C2_VSNL1/SULT1C2_ASPSCR1/CHI3L1_ASPSCR1/RAI14_IGF2/SULT1C2_MFAP2/FN1_MFAP2/CHI3L1_FGF3/CHIT1_S100A2/GPC4_S100A2/PCOLCE2_S100A2/SCG5_S100A2/SULT1C2_S100A2/CTSK_S100A2/SCARB2_S100A2/COL8A2_S100A2/ME1_S100A2/DNASE2B_S100A2/CCL7_S100A2/CD68_S100A2/ATG7_S100A2/CD84_S100A2/FDX1_S100A2/SGMS1_S100A2/COL8A2_INHBB/DNASE2B_INHBB/CD84_INHBB/ME1_JAG2/DNASE2B_JAG2/CD84_JAG2/SULT1C2_BAMBI/FN1_BAMBI/COLEC12_BMP7/MSR1_BMP7/CTSK_BMP7/RAI14_BMP7/CLEC5A_BMP7/FN1_BMP7/FN1_ITGB4/SULT1C2_STRA6/CHI3L1_STRA6/CHIT1_SLC1A5/CHIT1_FKBP4/DNASE2B_FKBP4/CD68_FKBP4/CD84_FKBP4/CHIT1_S100A3/CHIT1_TEAD4/CHI3L1_SLC27A5/SULT1C2_LRFN4"
"157",87,87,"CD56bright NK_Macrophage","CD56bright NK","Macrophage",12,11,1.833,0.00315884601990736,0.0167745616229564,0.622183908045977,"PLA2G6_ATG7/PLA2G6_CHI3L1/MADD_FN1/MPPED1_CHI3L1/PLA2G6_COLEC12/PLA2G6_CD163/PLA2G6_RAI14/PLA2G6_FN1/DUSP4_RAI14/MPPED1_FN1/MPPED1_ATG7","RRAD_CHIT1/PLA2G6_COLEC12/DUSP4_RAI14/PLA2G6_RAI14/PLA2G6_FN1/MPPED1_FN1/MADD_FN1/PLA2G6_CD163/PLA2G6_CHI3L1/MPPED1_CHI3L1/PLA2G6_ATG7/MPPED1_ATG7"
"67",88,88,"DC_Cytotoxic","DC","Cytotoxic",8,8,2,0.00389494451298033,0.0193490791935152,0.660795454545455,"PPFIBP2_GNLY/PPFIBP2_APBA2/CCL17_GNLY/CCL22_RUNX3/PPFIBP2_DUSP2/CCL17_KLRD1/PPFIBP2_RORA/CCL17_RUNX3","CCL17_KLRD1/PPFIBP2_DUSP2/PPFIBP2_GNLY/CCL17_GNLY/PPFIBP2_RORA/PPFIBP2_APBA2/CCL22_RUNX3/CCL17_RUNX3"
"131",89,88,"DC_iDC","DC","iDC",8,8,2,0.00389494451298033,0.0193490791935152,0.660795454545455,"PPFIBP2_FZD2/PPFIBP2_VASH1/PPFIBP2_SLC7A8/PPFIBP2_SLC26A6/PPFIBP2_GUCA1A/PPFIBP2_PREP/PPFIBP2_LMAN2L/PPFIBP2_BLVRB","PPFIBP2_GUCA1A/PPFIBP2_VASH1/PPFIBP2_LMAN2L/PPFIBP2_SLC26A6/PPFIBP2_BLVRB/PPFIBP2_SLC7A8/PPFIBP2_FZD2/PPFIBP2_PREP"
"200",90,88,"CD56dim NK_Neutrophil","CD56dim NK","Neutrophil",8,8,2,0.00389494451298033,0.0193490791935152,0.660795454545455,"IL21R_MME/KIR3DL2_G0S2/SPON2_MME/IL21R_G0S2/GTF3C1_MME/SPON2_G0S2/KIR3DL2_SIGLEC5/KIR3DL1_MME","KIR3DL2_SIGLEC5/SPON2_MME/IL21R_MME/KIR3DL1_MME/GTF3C1_MME/KIR3DL2_G0S2/SPON2_G0S2/IL21R_G0S2"
"233",91,88,"B_CD56dim NK","B","CD56dim NK",8,8,2,0.00389494451298033,0.0193490791935152,0.660795454545455,"BLNK_GZMB/SCN3A_GTF3C1/BLNK_KIR3DL1/BLNK_GTF3C1/BLNK_IL21R/BLNK_KIR3DL2/BLK_IL21R/BLNK_SPON2","BLNK_KIR3DL2/BLNK_GZMB/BLNK_SPON2/BLK_IL21R/BLNK_IL21R/BLNK_KIR3DL1/SCN3A_GTF3C1/BLNK_GTF3C1"
"257",92,88,"DC_NK","DC","NK",8,8,2,0.00389494451298033,0.0193490791935152,0.660795454545455,"PPFIBP2_MAPRE3/PPFIBP2_TBXA2R/PPFIBP2_MRC2/PPFIBP2_ADARB1/PPFIBP2_NCR1/PPFIBP2_ZNF747/NPR1_MRC2/CCL17_MAPRE3","PPFIBP2_ZNF747/PPFIBP2_TBXA2R/PPFIBP2_MRC2/NPR1_MRC2/PPFIBP2_MAPRE3/CCL17_MAPRE3/PPFIBP2_ADARB1/PPFIBP2_NCR1"
"425",93,88,"DC_Th1","DC","Th1",8,8,2,0.00389494451298033,0.0193490791935152,0.660795454545455,"PPFIBP2_DUSP5/PPFIBP2_APBB2/PPFIBP2_BTG3/PPFIBP2_LTA/PPFIBP2_EGFL6/PPFIBP2_CD70/CCL17_BST2/CCL22_HBEGF","PPFIBP2_LTA/PPFIBP2_APBB2/PPFIBP2_EGFL6/CCL17_BST2/PPFIBP2_DUSP5/CCL22_HBEGF/PPFIBP2_BTG3/PPFIBP2_CD70"
"26",94,94,"Eosinophil_B","Eosinophil","B",66,44,1.333,0.00448800388519163,0.022058061648495,0.632872340425532,"SMPD3_GLDC/SMPD3_QRSL1/SMPD3_OSBPL10/SMPD3_MICAL3/SMPD3_BACH2/SMPD3_ABCB4/SMPD3_PNOC/ACACB_GLDC/SMPD3_MEF2C/SMPD3_SLC15A2/ACACB_CD72/SMPD3_CD72/MYO15B_CD72/MYO15B_OSBPL10/ACACB_MEF2C/KBTBD11_CD72/SMPD3_GNG7/SMPD3_HLA-DQA1/SMPD3_CCR9/ACACB_PNOC/SMPD3_DTNB/SMPD3_IGHG1/ABHD2_QRSL1/CAT_GLDC/KBTBD11_MEF2C/KBTBD11_BACH2/SMPD3_FAM30A/MYO15B_PNOC/SMPD3_FCRL2/ACACB_BACH2/SMPD3_SCN3A/ABHD2_CD72/SMPD3_CD19/ACACB_HLA-DQA1/ABHD2_BACH2/KBTBD11_OSBPL10/SMPD3_HLA-DOB/ABHD2_MEF2C/ACACB_OSBPL10/ACACB_DTNB/SMPD3_TCL1A/HRH4_GLDC/CAT_CD72/KBTBD11_GLDC","CAT_CD72/ACACB_CD72/KBTBD11_CD72/ABHD2_CD72/SMPD3_CD72/MYO15B_CD72/SMPD3_MICAL3/SMPD3_TCL1A/SMPD3_IGHG1/SMPD3_FCRL2/THBS1_COCH/ACACB_OSBPL10/KBTBD11_OSBPL10/SMPD3_OSBPL10/MYO15B_OSBPL10/THBS1_TNFRSF17/SMPD3_ABCB4/SMPD3_HLA-DOB/ACACB_PNOC/SMPD3_PNOC/MYO15B_PNOC/SMPD3_CD19/SMPD3_FAM30A/ACACB_BACH2/KBTBD11_BACH2/ABHD2_BACH2/SMPD3_BACH2/SMPD3_GNG7/EPN2_GNG7/THBS1_CCR9/SMPD3_CCR9/EPN2_CCR9/ABHD2_QRSL1/SMPD3_QRSL1/EPN2_QRSL1/ACACB_DTNB/SMPD3_DTNB/THBS1_SCN3A/SMPD3_SCN3A/EPN2_SCN3A/THBS1_SLC15A2/SMPD3_SLC15A2/EPN2_SLC15A2/TKTL1_BLNK/IL5RA_BLNK/HRH4_BLNK/LRP5L_BLNK/THBS1_BLNK/GALC_BLNK/CYSLTR2_BLNK/RRP12_BLNK/RCOR3_BLNK/TIPARP_BLNK/EPN2_BLNK/SIAH1_BLNK/ACACB_HLA-DQA1/SMPD3_HLA-DQA1/ACACB_MEF2C/KBTBD11_MEF2C/ABHD2_MEF2C/SMPD3_MEF2C/HRH4_GLDC/CAT_GLDC/ACACB_GLDC/KBTBD11_GLDC/SMPD3_GLDC"
"380",95,95,"B_Tfh","B","Tfh",26,20,1.538,0.00463163258655449,0.0225243605788229,0.628526315789474,"BLNK_CHI3L2/BLNK_PASK/BLNK_TOX/BLNK_PTPN13/BLNK_PDCD1/MS4A1_CXCL13/ABCB4_HEY1/BLNK_HEY1/SCN3A_HEY1/MICAL3_HEY1/QRSL1_HEY1/BLNK_MAGEH1/BLNK_SMAD1/BLNK_SIRPG/BLNK_THADA/BLNK_TSHR/MEF2C_HEY1/GNG7_HEY1/BLK_CXCL13/FCRL2_CXCL13","BLNK_CHI3L2/BLNK_TSHR/MS4A1_CXCL13/FCRL2_CXCL13/BLK_CXCL13/BLNK_TOX/BLNK_SMAD1/MICAL3_HEY1/ABCB4_HEY1/GNG7_HEY1/QRSL1_HEY1/SCN3A_HEY1/BLNK_HEY1/MEF2C_HEY1/BLNK_SIRPG/BLNK_MAGEH1/BLNK_PASK/BLNK_PDCD1/DTNB_MYO6/BLNK_PTPN13/BLNK_THADA/GLDC_THADA/CD72_ZNF764/OSBPL10_ZNF764/GLDC_ZNF764/CD72_KCNK5"
"443",96,96,"B_Th2","B","Th2",23,18,1.565,0.00526629097949909,0.0253440253388394,0.629375,"BLNK_CDC7/BLNK_NEIL3/BLNK_WDHD1/BLNK_HELLS/BLNK_AHI1/BLNK_EVI5/CCR9_WDHD1/BLNK_SMAD2/SCN3A_SMAD2/BLNK_IL26/SCN3A_MICAL2/BLNK_CXCR6/BLNK_PHEX/ABCB4_WDHD1/COCH_SMAD2/BLNK_MICAL2/BLNK_CENPF/BLNK_GSTA4","BLNK_CXCR6/BLNK_AHI1/BLNK_EVI5/BLNK_IL26/BLNK_CENPF/OSBPL10_ANK1/GLDC_ANK1/ABCB4_WDHD1/CCR9_WDHD1/BLNK_WDHD1/BLNK_NEIL3/SCN3A_MICAL2/BLNK_MICAL2/COCH_SMAD2/SCN3A_SMAD2/BLNK_SMAD2/BLNK_GSTA4/BLNK_PHEX/GLDC_SLC39A14/BLNK_HELLS/BLNK_CDC7/OSBPL10_LIMA1/PNOC_LIMA1"
"69",97,97,"iDC_Cytotoxic","iDC","Cytotoxic",11,10,1.818,0.00583717124613588,0.0278017846980905,0.63639175257732,"CARD9_GNLY/CLEC10A_RUNX3/CD1E_DUSP2/CD1C_DUSP2/RAP1GAP_GNLY/PREP_GNLY/CD1C_RUNX3/CD1E_RUNX3/MS4A6A_GNLY/VASH1_GNLY","CD1E_DUSP2/CD1C_DUSP2/CARD9_GNLY/VASH1_GNLY/MS4A6A_GNLY/RAP1GAP_GNLY/PREP_GNLY/SLC26A6_SIGIRR/CD1E_RUNX3/CLEC10A_RUNX3/CD1C_RUNX3"
"240",98,98,"Mast_CD56dim NK","Mast","CD56dim NK",7,7,2,0.00779553738137622,0.0360153827019581,0.677142857142857,"PPM1H_GTF3C1/MAOB_GTF3C1/MAOB_KIR3DL1/MAOB_KIR3DL2/PPM1H_IL21R/HPGD_GZMB/MS4A2_KIR3DL2","MS4A2_KIR3DL2/MAOB_KIR3DL2/HPGD_GZMB/PPM1H_IL21R/MAOB_KIR3DL1/PPM1H_GTF3C1/MAOB_GTF3C1"
"351",99,98,"T_Tcm","T","Tcm",7,7,2,0.00779553738137622,0.0360153827019581,0.677142857142857,"BCL11B_SLC7A6/ITM2A_SLC7A6/BCL11B_TRAF3IP3/BCL11B_CDC14A/BCL11B_TIMM8A/GIMAP5_TIMM8A/BCL11B_ATM","BCL11B_CDC14A/BCL11B_ATM/BCL11B_TIMM8A/GIMAP5_TIMM8A/BCL11B_TRAF3IP3/BCL11B_SLC7A6/ITM2A_SLC7A6"
"431",100,98,"CD56bright NK_Th1","CD56bright NK","Th1",7,7,2,0.00779553738137622,0.0360153827019581,0.677142857142857,"PLA2G6_APBB2/MPPED1_APBB2/MPPED1_BTG3/DUSP4_BTG3/PLA2G6_BTG3/DUSP4_APBB2/MPPED1_DUSP5","DUSP4_APBB2/PLA2G6_APBB2/MPPED1_APBB2/MPPED1_DUSP5/DUSP4_BTG3/PLA2G6_BTG3/MPPED1_BTG3"
"77",101,101,"T_Cytotoxic","T","Cytotoxic",6,6,2,0.0156007626716771,0.0713619044981664,0.760792079207921,"BCL11B_RUNX3/BCL11B_GNLY/SKAP1_GNLY/CD6_DUSP2/BCL11B_DUSP2/TRBC1_DUSP2","BCL11B_DUSP2/CD6_DUSP2/TRBC1_DUSP2/SKAP1_GNLY/BCL11B_GNLY/BCL11B_RUNX3"
"423",102,102,"CD8 T_Th1","CD8 T","Th1",23,17,1.478,0.0172391201543881,0.0780830736404636,0.77078431372549,"THUMPD1_APBB2/RBM3_BTG3/ZFP36L2_DUSP5/THUMPD1_BTG3/ZNF609_APBB2/ZNF22_APBB2/FLT3LG_APBB2/KLF9_BTG3/CDKN2AIP_BTG3/FLT3LG_CD70/PRR5_APBB2/ZNF22_BTG3/ZFP36L2_CD70/ZFP36L2_APBB2/LIME1_APBB2/PPP1R2_BTG3/LEPROTL1_EGFL6","DNAJB1_IL22/PRR5_APBB2/LIME1_APBB2/THUMPD1_APBB2/ZFP36L2_APBB2/ZNF609_APBB2/ZNF22_APBB2/FLT3LG_APBB2/LEPROTL1_EGFL6/ZFP36L2_DUSP5/DNAJB1_ATP9A/GADD45A_ATP9A/DNAJB1_GGT1/ZEB1_GGT1/ABT1_GGT1/THUMPD1_BTG3/PPP1R2_BTG3/ZNF22_BTG3/CDKN2AIP_BTG3/RBM3_BTG3/KLF9_BTG3/ZFP36L2_CD70/FLT3LG_CD70"
"65",103,103,"B_Cytotoxic","B","Cytotoxic",12,10,1.667,0.0192287973772784,0.0862495571679867,0.78378640776699,"BLNK_RUNX3/BLNK_DUSP2/BLNK_KLRF1/SPIB_GNLY/BLNK_RORA/BLNK_KLRB1/SCN3A_APBA2/IGHA1_GNLY/SLC15A2_GNLY/HLA-DOB_GNLY","BLNK_KLRB1/CD72_KLRK1/BLNK_KLRF1/BLNK_DUSP2/IGHA1_GNLY/HLA-DOB_GNLY/SPIB_GNLY/SLC15A2_GNLY/DTNB_ZBTB16/BLNK_RORA/SCN3A_APBA2/BLNK_RUNX3"
"318",104,104,"CD8 T_Th","CD8 T","Th",9,8,1.778,0.0194876250726051,0.0865700267648419,0.786634615384615,"FLT3LG_SLC25A12/PRR5_SLC25A12/FLT3LG_ANP32B/THUMPD1_SLC25A12/THUMPD1_ATF2/FLT3LG_FRYL/ARHGAP8_NAP1L4/CDKN2AIP_ANP32B","FLT3LG_FRYL/ARHGAP8_NAP1L4/DNAJB1_BATF/FLT3LG_ANP32B/CDKN2AIP_ANP32B/PRR5_SLC25A12/THUMPD1_SLC25A12/FLT3LG_SLC25A12/THUMPD1_ATF2"
"113",105,105,"Mast_Eosinophil","Mast","Eosinophil",70,44,1.257,0.0203303602357872,0.0894535850374637,0.78847619047619,"MAOB_TKTL1/MAOB_TGIF1/PPM1H_THBS1/PPM1H_TGIF1/MAOB_RNASE2/MAOB_SIAH1/MAOB_RRP12/PPM1H_SIAH1/MLPH_THBS1/MAOB_KCNH2/SIGLEC6_EPN2/SLC18A2_EPN2/MAOB_IL5RA/NR0B1_THBS1/TAL1_EPN2/MAOB_THBS1/SLC24A3_THBS1/MAOB_EPN2/MAOB_CYSLTR2/MAOB_LRP5L/SIGLEC6_THBS1/PPM1H_RRP12/HPGD_THBS1/TPSB2_THBS1/MAOB_GALC/HPGD_EPN2/CTSG_THBS1/HPGD_CLC/PPM1H_LRP5L/MAOB_SYNJ1/TPSAB1_EPN2/MS4A2_EPN2/SIGLEC6_CLC/CMA1_THBS1/TPSAB1_THBS1/KIT_THBS1/MPO_EPN2/PRG2_THBS1/CPA3_THBS1/HPGD_CCR3/MAOB_HRH4/HPGD_CYSLTR2/PPM1H_CLC/MS4A2_THBS1","MAOB_KCNH2/MAOB_TKTL1/MAOB_IL5RA/MAOB_HRH4/MAOB_RNASE2/PRG2_CAT/MPO_CAT/PPM1H_LRP5L/MAOB_LRP5L/HPGD_CCR3/MPO_ACACB/PTGS1_ACACB/MLPH_THBS1/SLC24A3_THBS1/PRG2_THBS1/CTSG_THBS1/TPSAB1_THBS1/MS4A2_THBS1/CPA3_THBS1/TPSB2_THBS1/SIGLEC6_THBS1/CMA1_THBS1/NR0B1_THBS1/PPM1H_THBS1/KIT_THBS1/MAOB_THBS1/HPGD_THBS1/PTGS1_GALC/MAOB_GALC/SIGLEC6_CLC/PPM1H_CLC/HPGD_CLC/MAOB_CYSLTR2/HPGD_CYSLTR2/PPM1H_TGIF1/MAOB_TGIF1/PPM1H_RRP12/MAOB_RRP12/PTGS1_SYNJ1/MAOB_SYNJ1/PRG2_KBTBD11/MPO_KBTBD11/NR0B1_KBTBD11/ABCC4_KBTBD11/PTGS1_KBTBD11/SLC24A3_ABHD2/PRG2_ABHD2/MPO_ABHD2/NR0B1_ABHD2/PTGS1_ABHD2/SLC24A3_SMPD3/PRG2_SMPD3/MPO_SMPD3/NR0B1_SMPD3/TAL1_SMPD3/ABCC4_SMPD3/PTGS1_SMPD3/SCG2_SMPD3/CEACAM8_SMPD3/PTGS1_MYO15B/TPSAB1_EPN2/SLC18A2_EPN2/MS4A2_EPN2/SIGLEC6_EPN2/MPO_EPN2/TAL1_EPN2/MAOB_EPN2/HPGD_EPN2/PPM1H_SIAH1/MAOB_SIAH1"
"168",106,106,"Th2_Macrophage","Th2","Macrophage",39,26,1.333,0.026387732257239,0.115010682102306,0.81311320754717,"LIMA1_RAI14/EVI5_FN1/EVI5_RAI14/SLC39A14_RAI14/SLC39A14_FN1/LIMA1_FN1/MICAL2_FN1/SLC39A14_CHI3L1/SLC39A14_BCAT1/ANK1_CHI3L1/LAIR2_COLEC12/ANK1_RAI14/ANK1_SCARB2/LIMA1_MSR1/LIMA1_ATG7/ANK1_CTSK/SLC39A14_SCARB2/ANK1_FN1/ANK1_FDX1/SNRPD1_RAI14/ANK1_BCAT1/ANK1_GPC4/LIMA1_COLEC12/IL26_FN1/SLC39A14_MSR1/LAIR2_RAI14","CENPF_CHIT1/GATA3_CHIT1/WDHD1_CHIT1/NEIL3_CHIT1/CDC7_CHIT1/BIRC5_CHIT1/LAIR2_COLEC12/LIMA1_COLEC12/ANK1_GPC4/GATA3_SULT1C2/MICAL2_SULT1C2/SMAD2_SULT1C2/LIMA1_SULT1C2/SLC39A14_MSR1/LIMA1_MSR1/ANK1_CTSK/ANK1_SCARB2/SLC39A14_SCARB2/ANK1_BCAT1/SLC39A14_BCAT1/LAIR2_RAI14/SNRPD1_RAI14/EVI5_RAI14/ANK1_RAI14/SLC39A14_RAI14/LIMA1_RAI14/GATA3_DNASE2B/EVI5_FN1/IL26_FN1/ANK1_FN1/MICAL2_FN1/SLC39A14_FN1/LIMA1_FN1/WDHD1_CD68/ANK1_CHI3L1/SLC39A14_CHI3L1/LIMA1_ATG7/ANK1_FDX1/WDHD1_SGMS1"
"202",107,107,"Tumor_Neutrophil","Tumor","Neutrophil",48,31,1.292,0.0294176210951354,0.1270181396818,0.817570093457944,"BMP7_FPR1/HOXA9_FPR1/BMP4_MME/BMP4_DYSF/RPP25_G0S2/BMP4_G0S2/TEAD4_MME/BMP7_G0S2/SLC27A5_LILRB2/SLC27A5_G0S2/F12_G0S2/STRA6_MME/RHOD_FPR1/SLC27A5_MME/LRFN4_G0S2/SLC27A5_PDE4B/BMP7_ALPL/F12_FPR1/TEAD4_DYSF/SLC27A5_DYSF/F12_MME/IGF2_MME/HOXA9_MME/ASPSCR1_MME/BMP7_CD93/BMP7_FCAR/BMP7_MME/BMP4_FPR1/S100A3_G0S2/IGF2_PDE4B/SLC6A8_G0S2","BMP7_ALPL/S100A2_SIGLEC5/S100A2_CD93/BMP7_CD93/S100A2_MGAM/DHRS2_MGAM/KRT5_KCNJ15/S100A2_KCNJ15/BMP4_MME/ASPSCR1_MME/IGF2_MME/BMP7_MME/STRA6_MME/TEAD4_MME/SLC27A5_MME/HOXA9_MME/F12_MME/BMP4_DYSF/S100A2_DYSF/TEAD4_DYSF/SLC27A5_DYSF/S100A2_FCAR/BMP7_FCAR/S100A2_CEACAM3/S100A2_HPSE/S100A2_S100A12/S100A2_TNFRSF10C/S100A2_SLC22A4/S100A2_SLC25A37/S100A2_BST1/S100A2_CRISPLD2/SLC6A8_G0S2/BMP4_G0S2/BMP7_G0S2/RPP25_G0S2/S100A3_G0S2/SLC27A5_G0S2/F12_G0S2/LRFN4_G0S2/BMP4_FPR1/BMP7_FPR1/RHOD_FPR1/HOXA9_FPR1/F12_FPR1/IGF2_PDE4B/SLC27A5_PDE4B/S100A2_LILRB2/SLC27A5_LILRB2"
"190",108,108,"aDC_Neutrophil","aDC","Neutrophil",5,5,2,0.0312176785455406,0.131114249891271,0.827037037037037,"LAMP3_G0S2/OAS3_G0S2/EBI3_G0S2/EBI3_MME/EBI3_FPR1","EBI3_MME/EBI3_G0S2/OAS3_G0S2/LAMP3_G0S2/EBI3_FPR1"
"364",109,108,"iDC_Tem","iDC","Tem",5,5,2,0.0312176785455406,0.131114249891271,0.827037037037037,"CARD9_TBCD/CD1C_NFATC4/ABCG2_NFATC4/CARD9_AKT3/CD1C_GDPD5","CD1C_GDPD5/ABCG2_NFATC4/CD1C_NFATC4/CARD9_AKT3/CARD9_TBCD"
"452",110,108,"CD56bright NK_Th2","CD56bright NK","Th2",5,5,2,0.0312176785455406,0.131114249891271,0.827037037037037,"PLA2G6_WDHD1/MPPED1_AHI1/MPPED1_WDHD1/MPPED1_SMAD2/PLA2G6_SMAD2","MPPED1_AHI1/PLA2G6_WDHD1/MPPED1_WDHD1/PLA2G6_SMAD2/MPPED1_SMAD2"
"128",111,111,"B_iDC","B","iDC",19,14,1.474,0.0316556188377729,0.131755818946406,0.819369369369369,"SCN3A_SLC26A6/BLNK_SLC7A8/BLNK_CSF1R/BLNK_GUCA1A/BLNK_CD1B/BLNK_PPARG/BLNK_FZD2/BLNK_BLVRB/BLNK_NUDT9/BLNK_SYT17/SCN3A_VASH1/SCN3A_SLC7A8/BLNK_LMAN2L/BLNK_CD1A","BLNK_GUCA1A/MICAL3_CARD9/DTNB_CARD9/BLNK_CD1B/OSBPL10_VASH1/SCN3A_VASH1/BLNK_SYT17/BLNK_LMAN2L/SCN3A_SLC26A6/BLNK_BLVRB/BLNK_CD1A/BLNK_PPARG/SCN3A_SLC7A8/BLNK_SLC7A8/BLNK_FZD2/BLNK_CSF1R/OSBPL10_PREP/BLNK_NUDT9/BACH2_CD1C"
"259",112,112,"iDC_NK","iDC","NK",8,7,1.75,0.0350996874601474,0.139793582815415,0.83875,"FABP4_MRC2/CARD9_ADARB1/RAP1GAP_XCL2/CTNS_ADARB1/ABCG2_MAPRE3/FABP4_ADARB1/GUCA1A_ADARB1","RAP1GAP_XCL2/FABP4_MRC2/ABCG2_MAPRE3/GUCA1A_ADARB1/CARD9_ADARB1/FABP4_ADARB1/CTNS_ADARB1/SLC26A6_LDB3"
"285",113,112,"CD56dim NK_Tumor","CD56dim NK","Tumor",8,7,1.75,0.0350996874601474,0.139793582815415,0.83875,"SPON2_S100A2/KIR3DL2_S100A2/SPON2_INHBB/KIR3DL2_FKBP4/GTF3C1_S100A2/KIR3DL1_S100A2/GTF3C1_INHBB","KIR3DL2_S100A2/SPON2_S100A2/KIR3DL1_S100A2/GTF3C1_S100A2/SPON2_INHBB/GTF3C1_INHBB/GTF3C1_BMP7/KIR3DL2_FKBP4"
"328",114,112,"NK_Th","NK","Th",8,7,1.75,0.0350996874601474,0.139793582815415,0.83875,"ZNF747_SLC25A12/FZR1_SLC25A12/LDB3_SLC25A12/MCM3AP_ANP32B/MCM3AP_SLC25A12/SPN_NAP1L4/LDB3_NAP1L4","ADARB1_ITM2A/SPN_NAP1L4/LDB3_NAP1L4/MCM3AP_ANP32B/ZNF747_SLC25A12/MCM3AP_SLC25A12/FZR1_SLC25A12/LDB3_SLC25A12"
"343",115,112,"iDC_Tcm","iDC","Tcm",8,7,1.75,0.0350996874601474,0.139793582815415,0.83875,"FABP4_ST3GAL1/FABP4_SLC7A6/PREP_SLC7A6/CD1C_CDC14A/CARD9_SLC7A6/CD1C_ST3GAL1/CARD9_STX16","CD1C_CDC14A/FABP4_ST3GAL1/CD1C_ST3GAL1/LMAN2L_NEFL/CARD9_SLC7A6/FABP4_SLC7A6/PREP_SLC7A6/CARD9_STX16"
"405",116,112,"Eosinophil_Tgd","Eosinophil","Tgd",8,7,1.75,0.0350996874601474,0.139793582815415,0.83875,"SMPD3_CD160/SMPD3_FEZ1/ABHD2_FEZ1/KBTBD11_FEZ1/MYO15B_FEZ1/CAT_FEZ1/ACACB_FEZ1","EPN2_TRGV9/SMPD3_CD160/CAT_FEZ1/ACACB_FEZ1/KBTBD11_FEZ1/ABHD2_FEZ1/SMPD3_FEZ1/MYO15B_FEZ1"
"154",117,117,"iDC_Macrophage","iDC","Macrophage",45,29,1.289,0.0358964550775973,0.141744976460256,0.811367521367521,"PREP_RAI14/FABP4_CD163/FABP4_FN1/CD1C_FN1/LMAN2L_FN1/ABCG2_FN1/ABCG2_RAI14/PREP_FN1/RAP1GAP_CHI3L1/ABCG2_EMP1/MS4A6A_COLEC12/CARD9_RAI14/CTNS_CHI3L1/CARD9_CHI3L1/NUDT9_FN1/MS4A6A_FN1/FABP4_EMP1/CARD9_COLEC12/CD1B_FN1/MS4A6A_MSR1/VASH1_RAI14/CARD9_FN1/PREP_ATG7/ABCG2_CHI3L1/ABCG2_COLEC12/F13A1_FN1/CD1C_CHI3L1/LMAN2L_CHI3L1/FABP4_CHI3L1","MMP12_CHIT1/SYT17_CHIT1/MS4A6A_CHIT1/BLVRB_CHIT1/CD1A_CHIT1/PPARG_CHIT1/FZD2_CHIT1/CARD9_COLEC12/ABCG2_COLEC12/MS4A6A_COLEC12/VASH1_SULT1C2/SYT17_SULT1C2/SLC26A6_SULT1C2/PPARG_SULT1C2/SLC7A8_SULT1C2/CSF1R_SULT1C2/MS4A6A_MSR1/CARD9_RAI14/ABCG2_RAI14/VASH1_RAI14/PREP_RAI14/SYT17_DNASE2B/CARD9_FN1/ABCG2_FN1/CD1B_FN1/F13A1_FN1/FABP4_FN1/MS4A6A_FN1/LMAN2L_FN1/PREP_FN1/NUDT9_FN1/CD1C_FN1/FABP4_CD163/CARD9_CHI3L1/ABCG2_CHI3L1/FABP4_CHI3L1/CTNS_CHI3L1/LMAN2L_CHI3L1/RAP1GAP_CHI3L1/CD1C_CHI3L1/PREP_ATG7/LMAN2L_CD84/PPARG_CD84/ABCG2_EMP1/FABP4_EMP1"
"25",118,118,"DC_B","DC","B",13,10,1.538,0.0460342395751578,0.180235751556974,0.835762711864407,"PPFIBP2_OSBPL10/PPFIBP2_PNOC/PPFIBP2_GLDC/PPFIBP2_QRSL1/PPFIBP2_MEF2C/PPFIBP2_CCR9/CCL17_DTNB/PPFIBP2_BACH2/PPFIBP2_CD72/PPFIBP2_HLA-DQA1","PPFIBP2_CD72/PPFIBP2_OSBPL10/PPFIBP2_PNOC/PPFIBP2_BACH2/PPFIBP2_CCR9/CD209_CCR9/PPFIBP2_QRSL1/CCL17_DTNB/NPR1_BLNK/CD209_BLNK/PPFIBP2_HLA-DQA1/PPFIBP2_MEF2C/PPFIBP2_GLDC"
"159",119,119,"NK_Macrophage","NK","Macrophage",30,20,1.333,0.0491080375104047,0.190654733863924,0.844117647058824,"BCL2_FN1/ZNF747_CHI3L1/SPN_CHI3L1/MCM3AP_ATG7/SPN_RAI14/SPN_COLEC12/LDB3_RAI14/ZNF747_FN1/SLC30A5_FN1/ADARB1_FN1/FZR1_CHI3L1/LDB3_FN1/ALDH1B1_FN1/MCM3AP_RAI14/FGF18_COLEC12/MRC2_FN1/BCL2_ATG7/LDB3_CHI3L1/LDB3_COLEC12/ZNF747_MSR1","PDLIM4_CHIT1/MRC2_CHIT1/SPN_CHIT1/MAPRE3_CHIT1/FGF18_COLEC12/SPN_COLEC12/LDB3_COLEC12/PSMD4_SULT1C2/ZNF528_SULT1C2/MAPRE3_SULT1C2/TCTN2_SULT1C2/ZNF747_MSR1/MCM3AP_RAI14/SPN_RAI14/LDB3_RAI14/MAPRE3_DNASE2B/ZNF747_FN1/SLC30A5_FN1/MRC2_FN1/BCL2_FN1/ADARB1_FN1/LDB3_FN1/ALDH1B1_FN1/ADARB1_CD68/ZNF747_CHI3L1/SPN_CHI3L1/FZR1_CHI3L1/LDB3_CHI3L1/MCM3AP_ATG7/BCL2_ATG7"
"293",120,120,"Th1_Tumor","Th1","Tumor",46,29,1.261,0.0514922993361513,0.198245352444183,0.840166666666667,"DPP4_S100A2/DGKI_S100A2/GGT1_S100A2/IL22_S100A2/CD70_S100A2/SGCB_S100A2/LRRN3_S100A2/ATP9A_INHBB/GGT1_INHBB/GGT1_JAG2/APOD_S100A2/SYNGR3_S100A2/DPP4_INHBB/IL22_FKBP4/BST2_S100A2/ATP9A_S100A2/ATP9A_JAG2/CSF2_S100A2/APOD_KRT5/ATP9A_MFAP2/APBB2_S100A2/BTG3_S100A2/LRP8_S100A2/DOK5_S100A2/LTA_S100A2/ZBTB32_S100A2/IFNG_INHBB/DPP4_DHRS2/ATP9A_VSNL1","APOD_KRT5/BTG3_BMP4/CD70_BMP4/ATP9A_VSNL1/APBB2_IGF2/CD70_IGF2/ATP9A_MFAP2/APBB2_FGF3/BTG3_FGF3/LRP8_S100A2/IL22_S100A2/DGKI_S100A2/LTA_S100A2/APBB2_S100A2/DOK5_S100A2/APOD_S100A2/ZBTB32_S100A2/DPP4_S100A2/BST2_S100A2/LRRN3_S100A2/SYNGR3_S100A2/ATP9A_S100A2/GGT1_S100A2/SGCB_S100A2/BTG3_S100A2/CD70_S100A2/CSF2_S100A2/IFNG_INHBB/DPP4_INHBB/ATP9A_INHBB/GGT1_INHBB/ATP9A_JAG2/GGT1_JAG2/DGKI_BMP7/APBB2_BMP7/DUSP5_BMP7/HBEGF_BMP7/BTG3_BMP7/CD70_BMP7/DUSP5_RPP25/DPP4_DHRS2/DUSP5_STRA6/IL22_FKBP4/BTG3_SLC27A5/CD70_SLC27A5/DUSP5_HOXA9"
"166",121,121,"Tgd_Macrophage","Tgd","Macrophage",7,6,1.714,0.0624321144134823,0.221207937876124,0.87504132231405,"CD160_RAI14/FEZ1_FN1/FEZ1_RAI14/CD160_FN1/FEZ1_CHI3L1/TRGV9_FN1","FEZ1_SULT1C2/CD160_RAI14/FEZ1_RAI14/TRGV9_FN1/CD160_FN1/FEZ1_FN1/FEZ1_CHI3L1"
"52",122,122,"CD56bright NK_CD8 T","CD56bright NK","CD8 T",4,4,2,0.0624612102410154,0.221207937876124,0.89327868852459,"PLA2G6_CAMLG/PLA2G6_DNAJB1/PLA2G6_LIME1/MPPED1_CAMLG","PLA2G6_DNAJB1/PLA2G6_LIME1/PLA2G6_CAMLG/MPPED1_CAMLG"
"56",123,122,"T_CD8 T","T","CD8 T",4,4,2,0.0624612102410154,0.221207937876124,0.89327868852459,"BCL11B_CD8B/BCL11B_CD8A/BCL11B_CAMLG/GIMAP5_DNAJB1","GIMAP5_DNAJB1/BCL11B_CD8B/BCL11B_CD8A/BCL11B_CAMLG"
"263",124,122,"CD56bright NK_NK","CD56bright NK","NK",4,4,2,0.0624612102410154,0.221207937876124,0.89327868852459,"MPPED1_ADARB1/MADD_ADARB1/PLA2G6_ADARB1/PLA2G6_PRX","PLA2G6_PRX/PLA2G6_ADARB1/MPPED1_ADARB1/MADD_ADARB1"
"266",125,122,"T_NK","T","NK",4,4,2,0.0624612102410154,0.221207937876124,0.89327868852459,"BCL11B_MRC2/BCL11B_MAPRE3/ITM2A_ADARB1/BCL11B_BCL2","BCL11B_MRC2/BCL11B_MAPRE3/BCL11B_BCL2/ITM2A_ADARB1"
"274",126,122,"aDC_Tumor","aDC","Tumor",4,4,2,0.0624612102410154,0.221207937876124,0.89327868852459,"OAS3_S100A2/EBI3_S100A2/EBI3_INHBB/LAMP3_S100A2","EBI3_S100A2/OAS3_S100A2/LAMP3_S100A2/EBI3_INHBB"
"347",127,122,"CD56bright NK_Tcm","CD56bright NK","Tcm",4,4,2,0.0624612102410154,0.221207937876124,0.89327868852459,"PLA2G6_TIMM8A/MPPED1_TIMM8A/PLA2G6_SLC7A6/MADD_SLC7A6","PLA2G6_TIMM8A/MPPED1_TIMM8A/PLA2G6_SLC7A6/MADD_SLC7A6"
"368",128,122,"CD56bright NK_Tem","CD56bright NK","Tem",4,4,2,0.0624612102410154,0.221207937876124,0.89327868852459,"PLA2G6_MEFV/PLA2G6_EWSR1/MADD_NFATC4/PLA2G6_TBCD","PLA2G6_MEFV/MADD_NFATC4/PLA2G6_EWSR1/PLA2G6_TBCD"
"378",129,122,"Th2_Tem","Th2","Tem",4,4,2,0.0624612102410154,0.221207937876124,0.89327868852459,"ANK1_EWSR1/ANK1_NFATC4/LIMA1_AKT3/SLC39A14_EWSR1","ANK1_NFATC4/LIMA1_AKT3/ANK1_EWSR1/SLC39A14_EWSR1"
"389",130,122,"CD56bright NK_Tfh","CD56bright NK","Tfh",4,4,2,0.0624612102410154,0.221207937876124,0.89327868852459,"PLA2G6_HEY1/MPPED1_HEY1/PLA2G6_PASK/DUSP4_HEY1","DUSP4_HEY1/PLA2G6_HEY1/MPPED1_HEY1/PLA2G6_PASK"
"150",131,131,"CD8 T_Macrophage","CD8 T","Macrophage",43,27,1.256,0.0627234629042688,0.221207937876124,0.845343511450382,"CDKN2AIP_FN1/ZNF91_FN1/ZEB1_FN1/ARHGAP8_CHI3L1/ZFP36L2_COLEC12/ZNF22_FN1/THUMPD1_CHI3L1/TBCC_FN1/LEPROTL1_RAI14/FLT3LG_ATG7/ZFP36L2_CHI3L1/LEPROTL1_CHI3L1/ZFP36L2_RAI14/THUMPD1_FN1/RBM3_CHI3L1/FLT3LG_FN1/THUMPD1_RAI14/FLT3LG_RAI14/TBCC_MSR1/PF4_CHI3L1/ZNF609_FN1/PRR5_RAI14/PPP1R2_CHI3L1/RBM3_FN1/APBA2_FN1/PRR5_FN1/CD8B_FN1","ARHGAP8_CHIT1/DNAJB1_CHIT1/APBA2_CHIT1/LEPROTL1_CHIT1/ZEB1_CHIT1/PPP1R2_CHIT1/ZFP36L2_COLEC12/SF1_SULT1C2/DNAJB1_SULT1C2/PF4_SULT1C2/ZEB1_SULT1C2/ZNF609_SULT1C2/PPP1R2_SULT1C2/ZNF91_SULT1C2/ABT1_SULT1C2/TBCC_MSR1/PRR5_RAI14/THUMPD1_RAI14/LEPROTL1_RAI14/ZFP36L2_RAI14/FLT3LG_RAI14/DNAJB1_DNASE2B/ABT1_DNASE2B/CD8B_FN1/PRR5_FN1/THUMPD1_FN1/APBA2_FN1/ZEB1_FN1/ZNF609_FN1/ZNF91_FN1/ZNF22_FN1/FLT3LG_FN1/CDKN2AIP_FN1/TBCC_FN1/RBM3_FN1/ARHGAP8_CHI3L1/PF4_CHI3L1/THUMPD1_CHI3L1/LEPROTL1_CHI3L1/ZFP36L2_CHI3L1/PPP1R2_CHI3L1/RBM3_CHI3L1/FLT3LG_ATG7"
"110",132,132,"DC_Eosinophil","DC","Eosinophil",14,10,1.429,0.0896246638722426,0.311735041257473,0.88280303030303,"PPFIBP2_CYSLTR2/PPFIBP2_THBS1/PPFIBP2_TKTL1/PPFIBP2_EPN2/CCL17_THBS1/PPFIBP2_RRP12/PPFIBP2_SIAH1/PPFIBP2_CLC/PPFIBP2_GALC/PPFIBP2_IL5RA","PPFIBP2_TKTL1/PPFIBP2_IL5RA/NPR1_ACACB/CD209_ACACB/PPFIBP2_THBS1/CCL17_THBS1/PPFIBP2_GALC/PPFIBP2_CLC/PPFIBP2_CYSLTR2/PPFIBP2_RRP12/NPR1_SMPD3/CD209_SMPD3/PPFIBP2_EPN2/PPFIBP2_SIAH1"
"374",133,133,"Tcm_Tem","Tcm","Tem",9,7,1.556,0.0897419058165454,0.311735041257473,0.883233082706767,"MAP3K1_EWSR1/CEP68_AKT3/POLR2J2_NFATC4/FOXP1_NFATC4/PSPC1_NFATC4/NEFL_EWSR1/CEP68_EWSR1","FOXP1_NFATC4/PSPC1_NFATC4/POLR2J2_NFATC4/CEP68_AKT3/NEFL_EWSR1/CEP68_EWSR1/MAP3K1_EWSR1/KLF12_LTK/SLC7A6_LTK"
"167",134,134,"Th1_Macrophage","Th1","Macrophage",46,28,1.217,0.0914395685193355,0.315261795939799,0.881268656716418,"DPP4_FN1/GGT1_CHI3L1/GGT1_SCARB2/GGT1_RAI14/IL22_RAI14/LRRN3_FN1/GGT1_CLEC5A/LRRN3_RAI14/ATP9A_RAI14/DGKI_FN1/IFNG_FN1/IL22_FN1/SGCB_FN1/IL22_CHI3L1/GGT1_COLEC12/IL22_FDX1/SGCB_RAI14/ATP9A_COLEC12/LRRN3_CHI3L1/DOK5_COLEC12/APOD_CHI3L1/ATP9A_EMP1/IL22_ATG7/SYNGR3_FN1/APOD_RAI14/IL22_MSR1/LRP8_CLEC5A/CD38_FN1","DGKI_CHIT1/APBB2_CHIT1/CCL4_CHIT1/DUSP5_CHIT1/CD70_CHIT1/DOK5_COLEC12/ATP9A_COLEC12/GGT1_COLEC12/APBB2_SULT1C2/CCL4_SULT1C2/DUSP5_SULT1C2/HBEGF_SULT1C2/SGCB_SULT1C2/BTG3_SULT1C2/IL22_MSR1/DUSP5_PTGDS/DUSP5_SCARB2/GGT1_SCARB2/IL22_RAI14/APOD_RAI14/LRRN3_RAI14/ATP9A_RAI14/GGT1_RAI14/SGCB_RAI14/LRP8_CLEC5A/GGT1_CLEC5A/APBB2_DNASE2B/IL22_FN1/DGKI_FN1/IFNG_FN1/DPP4_FN1/LRRN3_FN1/SYNGR3_FN1/SGCB_FN1/CD38_FN1/IL22_CHI3L1/APOD_CHI3L1/LRRN3_CHI3L1/GGT1_CHI3L1/IL22_ATG7/APBB2_CD84/CCL4_CD84/DUSP5_CD84/IL22_FDX1/APBB2_SGMS1/ATP9A_EMP1"
"79",135,135,"Tcm_Cytotoxic","Tcm","Cytotoxic",6,5,1.667,0.109302257914858,0.371306199681357,0.905925925925926,"TXK_KLRD1/RPP38_GNLY/NEFL_GNLY/PSPC1_GNLY/POLR2J2_GNLY","SLC7A6_KLRB1/TXK_KLRD1/PSPC1_GNLY/NEFL_GNLY/POLR2J2_GNLY/RPP38_GNLY"
"375",136,135,"Tfh_Tem","Tfh","Tem",6,5,1.667,0.109302257914858,0.371306199681357,0.905925925925926,"STK39_EWSR1/KCNK5_AKT3/B3GAT1_NFATC4/ZNF764_TBC1D5/ZNF764_NFATC4","HEY1_TBC1D5/ZNF764_TBC1D5/B3GAT1_NFATC4/ZNF764_NFATC4/KCNK5_AKT3/STK39_EWSR1"
"273",137,137,"Th2_NK","Th2","NK",11,8,1.455,0.113147861914473,0.378799363800626,0.905401459854015,"LIMA1_TBXA2R/LIMA1_MCM3AP/ANK1_MRC2/ANK1_SLC30A5/LIMA1_ADARB1/PTGIS_ADARB1/SLC39A14_PDLIM4/ADCY1_ADARB1","SLC39A14_PDLIM4/SMAD2_ZNF747/ANK1_SLC30A5/SMAD2_SLC30A5/LIMA1_MCM3AP/LIMA1_TBXA2R/ANK1_MRC2/WDHD1_SPN/PTGIS_ADARB1/ADCY1_ADARB1/LIMA1_ADARB1"
"438",138,137,"Tem_Th1","Tem","Th1",11,8,1.455,0.113147861914473,0.378799363800626,0.905401459854015,"DDX17_APBB2/DDX17_DUSP5/TBC1D5_APBB2/FLI1_APBB2/EWSR1_APBB2/CCR2_CCL4/TBCD_CD70/LTK_DUSP5","EWSR1_IL22/FLI1_APBB2/TBC1D5_APBB2/EWSR1_APBB2/DDX17_APBB2/CCR2_CCL4/LTK_DUSP5/DDX17_DUSP5/NFATC4_GGT1/EWSR1_GGT1/TBCD_CD70"
"433",139,139,"NK_Th1","NK","Th1",18,12,1.333,0.118722357935165,0.394602369539901,0.904388489208633,"MCM3AP_APBB2/ZNF747_APBB2/LDB3_APBB2/SLC30A5_BTG3/LDB3_CD70/TINAGL1_DUSP5/MCM3AP_BTG3/LDB3_BTG3/FZR1_APBB2/FZR1_DUSP5/XCL2_DUSP5/ZNF747_EGFL6","ZNF747_APBB2/MCM3AP_APBB2/FZR1_APBB2/LDB3_APBB2/ZNF747_EGFL6/XCL2_DUSP5/FZR1_DUSP5/TINAGL1_DUSP5/TCTN2_ATP9A/PDLIM4_GGT1/CDC5L_GGT1/MRC2_GGT1/MAPRE3_GGT1/NCR1_GGT1/SLC30A5_BTG3/MCM3AP_BTG3/LDB3_BTG3/LDB3_CD70"
"48",140,140,"iDC_CD8 T","iDC","CD8 T",3,3,2,0.124961208234199,0.39815226347724,0.924142857142857,"CARD9_DNAJB1/GUCA1A_DNAJB1/ABCG2_DNAJB1","GUCA1A_DNAJB1/CARD9_DNAJB1/ABCG2_DNAJB1"
"236",141,140,"DC_CD56dim NK","DC","CD56dim NK",3,3,2,0.124961208234199,0.39815226347724,0.924142857142857,"PPFIBP2_GTF3C1/PPFIBP2_KIR3DL1/PPFIBP2_IL21R","PPFIBP2_IL21R/PPFIBP2_KIR3DL1/PPFIBP2_GTF3C1"
"245",142,140,"T_CD56dim NK","T","CD56dim NK",3,3,2,0.124961208234199,0.39815226347724,0.924142857142857,"BCL11B_IL21R/GIMAP5_GZMB/BCL11B_GZMB","BCL11B_GZMB/GIMAP5_GZMB/BCL11B_IL21R"
"292",143,140,"Tgd_Tumor","Tgd","Tumor",3,3,2,0.124961208234199,0.39815226347724,0.924142857142857,"TRGV9_S100A2/CD160_S100A2/FEZ1_S100A2","TRGV9_S100A2/CD160_S100A2/FEZ1_S100A2"
"330",144,140,"T_Th","T","Th",3,3,2,0.124961208234199,0.39815226347724,0.924142857142857,"BCL11B_RPA1/BCL11B_DDX50/BCL11B_ANP32B","BCL11B_RPA1/BCL11B_ANP32B/BCL11B_DDX50"
"408",145,140,"Mast_Tgd","Mast","Tgd",3,3,2,0.124961208234199,0.39815226347724,0.924142857142857,"MAOB_FEZ1/MAOB_TRGV9/PPM1H_FEZ1","MAOB_TRGV9/PPM1H_FEZ1/MAOB_FEZ1"
"268",146,146,"Tcm_NK","Tcm","NK",22,14,1.273,0.142863076483219,0.452073570789365,0.922123287671233,"MAP3K1_ADARB1/SNRPN_MAPRE3/CEP68_ADARB1/POLR2J2_MRC2/REPS1_ADARB1/SNRPN_ADARB1/CASP8_ADARB1/RPP38_ADARB1/FOXP1_ADARB1/KLF12_ADARB1/POLR2J2_ADARB1/INPP4B_ADARB1/CEP68_MRC2/NEFL_TCTN2","TIMM8A_ZNF747/SLC7A6_ZNF747/SLC7A6_MCM3AP/STX16_MCM3AP/POLR2J2_MRC2/CEP68_MRC2/SNRPN_MAPRE3/TIMM8A_BCL2/SLC7A6_BCL2/NEFL_TCTN2/FOXP1_ADARB1/KLF12_ADARB1/REPS1_ADARB1/INPP4B_ADARB1/CASP8_ADARB1/SNRPN_ADARB1/POLR2J2_ADARB1/CEP68_ADARB1/MAP3K1_ADARB1/RPP38_ADARB1/KLF12_LDB3/SLC7A6_LDB3"
"424",147,147,"Cytotoxic_Th1","Cytotoxic","Th1",8,6,1.5,0.144429395273487,0.453920956573817,0.922789115646258,"CTSW_CD70/KLRB1_DUSP5/CTSW_CCL4/APOL3_EGFL6/SIGIRR_DUSP5/APOL3_CCL4","GNLY_LRP8/APOL3_EGFL6/CTSW_CCL4/APOL3_CCL4/KLRB1_DUSP5/SIGIRR_DUSP5/GNLY_ATP9A/CTSW_CD70"
"255",148,148,"CD8 T_NK","CD8 T","NK",10,7,1.4,0.171747661825899,0.536131214618684,0.946351351351351,"FLT3LG_ADARB1/RBM3_ADARB1/ZNF609_ADARB1/CDKN2AIP_MRC2/KLF9_ADARB1/THUMPD1_ADARB1/ZEB1_MRC2","DNAJB1_ZNF747/DNAJB1_MCM3AP/ZEB1_MRC2/CDKN2AIP_MRC2/THUMPD1_ADARB1/ZNF609_ADARB1/FLT3LG_ADARB1/RBM3_ADARB1/KLF9_ADARB1/DNAJB1_LDB3"
"441",149,149,"Th2_Th1","Th2","Th1",30,18,1.2,0.18042174561343,0.559428499821506,0.951812080536913,"LIMA1_BTG3/LIMA1_DUSP5/EVI5_BTG3/LIMA1_APBB2/GSTA4_APBB2/EVI5_APBB2/LIMA1_CD70/SNRPD1_DUSP5/ANK1_EGFL6/SLC39A14_BTG3/LAIR2_APBB2/DHFR_APBB2/SLC39A14_APBB2/ANK1_BTG3/CXCR6_CD70/MICAL2_APBB2/IL26_DUSP5/MICAL2_DUSP5","MB_LRP8/WDHD1_LRP8/WDHD1_IL22/SMAD2_IL22/LAIR2_APBB2/EVI5_APBB2/MICAL2_APBB2/DHFR_APBB2/GSTA4_APBB2/SLC39A14_APBB2/LIMA1_APBB2/CENPF_DPP4/WDHD1_DPP4/ANK1_EGFL6/SNRPD1_DUSP5/IL26_DUSP5/MICAL2_DUSP5/LIMA1_DUSP5/MB_GGT1/WDHD1_GGT1/SMAD2_GGT1/CDC25C_GGT1/EVI5_BTG3/ANK1_BTG3/SLC39A14_BTG3/LIMA1_BTG3/CXCR6_CD70/LIMA1_CD70/NEIL3_CD38/CDC7_CD38"
"63",150,150,"Th2_CD8 T","Th2","CD8 T",21,13,1.238,0.191393902670077,0.589493220223836,0.9696,"LIMA1_DNAJB1/SLC39A14_DNAJB1/LIMA1_SF1/LIMA1_APBA2/SLC39A14_CAMLG/LIMA1_ZNF609/ANK1_APBA2/LIMA1_ZEB1/ANK1_DNAJB1/LIMA1_PPP1R2/SLC39A14_ZNF22/ANK1_LIME1/ANK1_ZNF22","LIMA1_SF1/WDHD1_ARHGAP8/ANK1_DNAJB1/SLC39A14_DNAJB1/LIMA1_DNAJB1/ANK1_LIME1/WDHD1_THUMPD1/SMAD2_THUMPD1/ANK1_APBA2/LIMA1_APBA2/WDHD1_LEPROTL1/LIMA1_ZEB1/LIMA1_ZNF609/SLC39A14_CAMLG/LIMA1_PPP1R2/ANK1_ZNF22/SLC39A14_ZNF22/WDHD1_FLT3LG/SMAD2_FLT3LG/SMAD2_CDKN2AIP/CDC7_CDKN2AIP"
"385",151,151,"iDC_Tfh","iDC","Tfh",14,9,1.286,0.211804331891678,0.648037094926855,0.98205298013245,"LMAN2L_HEY1/ABCG2_HEY1/FABP4_SH3TC1/MS4A6A_HEY1/CARD9_HEY1/CD1C_HEY1/CLEC10A_HEY1/CD1C_MYO7A/ABCG2_TOX","CD1C_MYO7A/ABCG2_TOX/CARD9_HEY1/ABCG2_HEY1/CLEC10A_HEY1/MS4A6A_HEY1/LMAN2L_HEY1/CD1C_HEY1/FABP4_SH3TC1/SYT17_MYO6/GUCA1A_STK39/FZD2_STK39/LMAN2L_ZNF764/SYT17_KCNK5"
"173",152,152,"DC_Mast","DC","Mast",7,5,1.429,0.226477616668298,0.688372755926012,0.990855263157895,"PPFIBP2_PTGS1/PPFIBP2_PRG2/PPFIBP2_ABCC4/PPFIBP2_MPO/CCL17_PTGS1","PPFIBP2_PRG2/PPFIBP2_MPO/NPR1_KIT/PPFIBP2_ABCC4/PPFIBP2_PTGS1/CCL17_PTGS1/CD209_MAOB"
"58",153,153,"Tcm_CD8 T","Tcm","CD8 T",18,11,1.222,0.240133763663166,0.708515657276892,1,"PSPC1_DNAJB1/POLR2J2_ZEB1/INPP4B_DNAJB1/NFATC3_SF1/PCM1_DNAJB1/NEFL_ZNF609/CEP68_DNAJB1/POLR2J2_SF1/USP9Y_DNAJB1/SNRPN_DNAJB1/INPP4B_PPP1R2","NFATC3_SF1/POLR2J2_SF1/TIMM8A_ARHGAP8/USP9Y_DNAJB1/PCM1_DNAJB1/PSPC1_DNAJB1/INPP4B_DNAJB1/SNRPN_DNAJB1/CEP68_DNAJB1/SLC7A6_PRR5/SLC7A6_THUMPD1/SLC7A6_LEPROTL1/POLR2J2_ZEB1/NEFL_ZNF609/INPP4B_PPP1R2/TIMM8A_FLT3LG/SLC7A6_FLT3LG/TIMM8A_CDKN2AIP"
"61",154,154,"Tgd_CD8 T","Tgd","CD8 T",2,2,2,0.249974138822799,0.708515657276892,1,"TRGV9_DNAJB1/CD160_DNAJB1","TRGV9_DNAJB1/CD160_DNAJB1"
"235",155,154,"Cytotoxic_CD56dim NK","Cytotoxic","CD56dim NK",2,2,2,0.249974138822799,0.708515657276892,1,"GZMH_GZMB/APOL3_GZMB","GZMH_GZMB/APOL3_GZMB"
"271",156,154,"Tgd_NK","Tgd","NK",2,2,2,0.249974138822799,0.708515657276892,1,"CD160_ADARB1/FEZ1_ADARB1","CD160_ADARB1/FEZ1_ADARB1"
"372",157,154,"T_Tem","T","Tem",2,2,2,0.249974138822799,0.708515657276892,1,"BCL11B_NFATC4/BCL11B_GDPD5","BCL11B_GDPD5/BCL11B_NFATC4"
"397",158,154,"Tgd_Tfh","Tgd","Tfh",2,2,2,0.249974138822799,0.708515657276892,1,"CD160_HEY1/FEZ1_HEY1","CD160_HEY1/FEZ1_HEY1"
"404",159,154,"DC_Tgd","DC","Tgd",2,2,2,0.249974138822799,0.708515657276892,1,"PPFIBP2_FEZ1/PPFIBP2_CD160","PPFIBP2_CD160/PPFIBP2_FEZ1"
"432",160,154,"CD56dim NK_Th1","CD56dim NK","Th1",2,2,2,0.249974138822799,0.708515657276892,1,"SPON2_APBB2/KIR3DL2_BTG3","SPON2_APBB2/KIR3DL2_BTG3"
"440",161,154,"Tgd_Th1","Tgd","Th1",2,2,2,0.249974138822799,0.708515657276892,1,"FEZ1_BTG3/CD160_APBB2","CD160_APBB2/FEZ1_BTG3"
"456",162,154,"T_Th2","T","Th2",2,2,2,0.249974138822799,0.708515657276892,1,"BCL11B_WDHD1/BCL11B_SMAD2","BCL11B_WDHD1/BCL11B_SMAD2"
"461",163,154,"Tgd_Th2","Tgd","Th2",2,2,2,0.249974138822799,0.708515657276892,1,"TRGV9_WDHD1/TRGV9_NEIL3","TRGV9_WDHD1/TRGV9_NEIL3"
"81",164,164,"Tfh_Cytotoxic","Tfh","Cytotoxic",11,7,1.273,0.274297311670894,0.772715597511909,1,"MYO6_GNLY/STK39_APBA2/STK39_GNLY/SIRPG_GNLY/ICA1_GNLY/ZNF764_GNLY/KCNK5_GNLY","HEY1_KLRK1/MAGEH1_KLRK1/ICA1_GNLY/SIRPG_GNLY/MYO6_GNLY/STK39_GNLY/ZNF764_GNLY/KCNK5_GNLY/PASK_ZBTB16/CDK5R1_ZBTB16/STK39_APBA2"
"296",165,165,"B_T","B","T",13,8,1.231,0.290397229763217,0.813112243337007,1,"BLNK_CD28/BLNK_GIMAP5/BLNK_PRKCQ/BLNK_NCALD/BLNK_CD6/BLNK_LCK/BLNK_CD3G/BLNK_TRAT1","BLNK_CD28/BLNK_LCK/BLNK_PRKCQ/BLNK_NCALD/CD72_CD3G/BLNK_CD3G/BLNK_TRAT1/CD72_BCL11B/BACH2_BCL11B/MEF2C_BCL11B/CD72_CD6/BLNK_CD6/BLNK_GIMAP5"
"59",166,166,"Tem_CD8 T","Tem","CD8 T",4,3,1.5,0.312461202213749,0.85926830608781,1,"DDX17_DNAJB1/PRKY_DNAJB1/TBCD_DNAJB1","PRKY_DNAJB1/TBCD_DNAJB1/DDX17_DNAJB1/EWSR1_FLT3LG"
"212",167,166,"B_CD56bright NK","B","CD56bright NK",4,3,1.5,0.312461202213749,0.85926830608781,1,"BLNK_MPPED1/BLNK_PLA2G6/BLNK_DUSP4","BLNK_DUSP4/BLNK_PLA2G6/GLDC_PLA2G6/BLNK_MPPED1"
"401",168,166,"B_Tgd","B","Tgd",4,3,1.5,0.312461202213749,0.85926830608781,1,"BLNK_FEZ1/BLNK_CD160/BLNK_TRGV9","BLNK_TRGV9/GLDC_TRGV9/BLNK_CD160/BLNK_FEZ1"
"319",169,169,"Cytotoxic_Th","Cytotoxic","Th",6,4,1.333,0.343701495239028,0.939586336097224,1,"SIGIRR_NAP1L4/ZBTB16_NAP1L4/KLRB1_SEC24C/ZBTB16_ICOS","ZBTB16_ICOS/SIGIRR_NAP1L4/ZBTB16_NAP1L4/GNLY_BATF/KLRB1_SEC24C/GNLY_FAM111A"
"460",170,170,"Tfh_Th2","Tfh","Th2",27,15,1.111,0.350352672065239,0.952134908789062,1,"STK39_WDHD1/STK39_SMAD2/STK39_AHI1/ZNF764_WDHD1/ICA1_WDHD1/STK39_CENPF/B3GAT1_WDHD1/SLC7A10_AHI1/STK39_NEIL3/KCNK5_MB/ZNF764_AHI1/KCNK5_WDHD1/MYO6_SMAD2/TSHR_WDHD1/PASK_WDHD1","SLC7A10_AHI1/STK39_AHI1/ZNF764_AHI1/HEY1_SNRPD1/HEY1_EVI5/KCNK5_MB/STK39_CENPF/CHI3L2_ANK1/HEY1_ANK1/MAF_ANK1/HEY1_GATA3/TSHR_WDHD1/ICA1_WDHD1/B3GAT1_WDHD1/PASK_WDHD1/STK39_WDHD1/ZNF764_WDHD1/KCNK5_WDHD1/STK39_NEIL3/MYO6_SMAD2/STK39_SMAD2/HEY1_GSTA4/HEY1_PHEX/HEY1_SLC39A14/HEY1_LIMA1/MAF_LIMA1/PTPN13_LIMA1"
"323",171,171,"Macrophage_Th","Macrophage","Th",37,20,1.081,0.371174619438161,1,1,"CHIT1_BATF/CHIT1_ICOS/CHIT1_ATF2/CHIT1_FRYL/SULT1C2_PPP2R5C/CHIT1_SLC25A12/SULT1C2_ANP32B/SULT1C2_SLC25A12/CD68_SLC25A12/CD84_RPA1/CD84_PPP2R5C/SGMS1_ANP32B/CD84_PHF10/CHIT1_UBE2L3/CD68_ATF2/DNASE2B_SLC25A12/CHIT1_FAM111A/CHIT1_RPA1/SULT1C2_NAP1L4/DNASE2B_ANP32B","CHIT1_FRYL/RAI14_FRYL/FN1_FRYL/CHIT1_RPA1/CD84_RPA1/CHIT1_ICOS/FN1_ITM2A/SULT1C2_NAP1L4/CHIT1_BATF/COLEC12_BATF/FN1_BATF/CHI3L1_BATF/MSR1_ASF1A/RAI14_ASF1A/FN1_ASF1A/SULT1C2_ANP32B/DNASE2B_ANP32B/SGMS1_ANP32B/FN1_DDX50/CHIT1_UBE2L3/CHIT1_SLC25A12/SULT1C2_SLC25A12/DNASE2B_SLC25A12/FN1_SLC25A12/CD68_SLC25A12/CHIT1_ATF2/RAI14_ATF2/FN1_ATF2/CD68_ATF2/CHI3L1_CD28/SULT1C2_PPP2R5C/FN1_PPP2R5C/CD84_PPP2R5C/CHIT1_FAM111A/FN1_FAM111A/ATG7_FAM111A/CD84_PHF10"
"84",172,172,"Th2_Cytotoxic","Th2","Cytotoxic",10,6,1.2,0.376889442729579,1,1,"LIMA1_APBA2/ANK1_GNLY/ANK1_APBA2/LIMA1_DUSP2/LIMA1_GNLY/ANK1_KLRD1","NEIL3_KLRB1/WDHD1_KLRK1/CDC25C_KLRK1/ANK1_KLRD1/LIMA1_DUSP2/ANK1_GNLY/LIMA1_GNLY/WDHD1_ZBTB16/ANK1_APBA2/LIMA1_APBA2"
"448",173,173,"iDC_Th2","iDC","Th2",12,7,1.167,0.387136969872502,1,1,"CD1C_WDHD1/NUDT9_WDHD1/GUCA1A_WDHD1/NUDT9_CDC7/ABCG2_SMAD2/CARD9_WDHD1/CLEC10A_BIRC5","SLC26A6_ANK1/GUCA1A_WDHD1/CARD9_WDHD1/NUDT9_WDHD1/CD1C_WDHD1/ABCG2_SMAD2/SLC26A6_SLC39A14/NUDT9_CDC7/CLEC10A_BIRC5/VASH1_LIMA1/PPARG_LIMA1/CSF1R_LIMA1"
"270",174,174,"Tfh_NK","Tfh","NK",20,11,1.1,0.41181021326521,1,1,"MYO6_ADARB1/ZNF764_ADARB1/THADA_ADARB1/STK39_ADARB1/ICA1_PSMD4/STK39_CDC5L/SLC7A10_ADARB1/B3GAT1_ADARB1/ICA1_NCR1/B3GAT1_MRC2/THADA_MAPRE3","HEY1_ZNF747/HEY1_SLC30A5/HEY1_MCM3AP/HEY1_CDC5L/STK39_CDC5L/HEY1_FGF18/B3GAT1_MRC2/HEY1_SPN/ICA1_PSMD4/THADA_MAPRE3/SLC7A10_ADARB1/B3GAT1_ADARB1/MYO6_ADARB1/THADA_ADARB1/STK39_ADARB1/ZNF764_ADARB1/ICA1_NCR1/TOX_LDB3/HEY1_LDB3/CDK5R1_TINAGL1"
"458",175,175,"Tcm_Th2","Tcm","Th2",24,13,1.083,0.419309660550861,1,1,"POLR2J2_SMAD2/RPP38_WDHD1/CREBZF_WDHD1/MAP3K1_WDHD1/NEFL_AHI1/NEFL_SMAD2/PCM1_WDHD1/CASP8_WDHD1/CASP8_SMAD2/RPP38_MB/POLR2J2_CDC7/FOXP1_WDHD1/RPP38_SMAD2","NEFL_AHI1/TIMM8A_IL26/RPP38_MB/CREBZF_ANK1/STX16_ANK1/FOXP1_WDHD1/PCM1_WDHD1/CASP8_WDHD1/CREBZF_WDHD1/MAP3K1_WDHD1/RPP38_WDHD1/CASP8_SMAD2/NEFL_SMAD2/POLR2J2_SMAD2/RPP38_SMAD2/TIMM8A_SLC39A14/REPS1_SLC39A14/CREBZF_SLC39A14/POLR2J2_CDC7/KLF12_LIMA1/TIMM8A_LIMA1/REPS1_LIMA1/SLC7A6_LIMA1/STX16_LIMA1"
"60",176,176,"Tfh_CD8 T","Tfh","CD8 T",28,15,1.071,0.425168575046833,1,1,"STK39_CAMLG/STK39_APBA2/KCNK5_SLC16A7/ZNF764_DNAJB1/SLC7A10_DNAJB1/KCNK5_DNAJB1/ICA1_DNAJB1/ZNF764_LIME1/STK39_DNAJB1/STK39_ZNF22/THADA_DNAJB1/MYO6_DNAJB1/ZNF764_ABT1/KCNK5_ABT1/POMT1_DNAJB1","HEY1_ARHGAP8/SLC7A10_DNAJB1/ICA1_DNAJB1/POMT1_DNAJB1/MYO6_DNAJB1/THADA_DNAJB1/STK39_DNAJB1/ZNF764_DNAJB1/KCNK5_DNAJB1/HEY1_PRR5/ZNF764_LIME1/HEY1_THUMPD1/KCNK5_SLC16A7/STK39_APBA2/HEY1_LEPROTL1/HEY1_ZFP36L2/STK39_CAMLG/HEY1_PPP1R2/HEY1_ZNF22/STK39_ZNF22/PASK_FLT3LG/HEY1_CDKN2AIP/HEY1_TBCC/HEY1_RBM3/HEY1_ABT1/ZNF764_ABT1/KCNK5_ABT1/HEY1_KLF9"
"354",177,177,"Tfh_Tcm","Tfh","Tcm",30,16,1.067,0.427655451257367,1,1,"ZNF764_TIMM8A/STK39_TIMM8A/B3GAT1_TIMM8A/KCNK5_AQP3/ZNF764_REPS1/SLC7A10_TIMM8A/SLC7A10_SLC7A6/KCNK5_STX16/STK39_STX16/STK39_SLC7A6/ICA1_SLC7A6/MYO6_SLC7A6/SLC7A10_STX16/ZNF764_SLC7A6/MYO6_PHC3/ZNF764_CREBZF","KCNK5_AQP3/HEY1_FOXP1/HEY1_PCM1/HEY1_PHC3/MYO6_PHC3/SLC7A10_TIMM8A/B3GAT1_TIMM8A/STK39_TIMM8A/ZNF764_TIMM8A/HEY1_ATF7IP/HEY1_REPS1/ZNF764_REPS1/HEY1_PSPC1/HEY1_INPP4B/CDK5R1_INPP4B/HEY1_CASP8/HEY1_SNRPN/HEY1_NEFL/ZNF764_CREBZF/HEY1_CEP68/HEY1_MAP3K1/SLC7A10_SLC7A6/ICA1_SLC7A6/MYO6_SLC7A6/STK39_SLC7A6/ZNF764_SLC7A6/SLC7A10_STX16/STK39_STX16/KCNK5_STX16/HEY1_RPP38"
"335",178,178,"Th1_Th","Th1","Th",21,11,1.048,0.5,1,1,"IL22_SLC25A12/IL22_PHF10/GGT1_ATF2/ZBTB32_ANP32B/GGT1_ANP32B/LRRN3_SLC25A12/GGT1_UBE2L3/GGT1_SLC25A12/IL22_ANP32B/IL22_FRYL/GGT1_FAM111A","IL22_FRYL/APBB2_LRBA/APBB2_ITM2A/EGFL6_ITM2A/CD70_ITM2A/APBB2_BATF/APBB2_ASF1A/EGFL6_ASF1A/DUSP5_ASF1A/IL22_ANP32B/ZBTB32_ANP32B/GGT1_ANP32B/GGT1_UBE2L3/IL22_SLC25A12/LRRN3_SLC25A12/GGT1_SLC25A12/GGT1_ATF2/APBB2_FAM111A/EGFL6_FAM111A/GGT1_FAM111A/IL22_PHF10"
"1",179,179,"B_aDC","B","aDC",1,1,2,0.5,1,1,"BLNK_LAMP3","BLNK_LAMP3"
"5",180,179,"Eosinophil_aDC","Eosinophil","aDC",1,1,2,0.5,1,1,"SMPD3_OAS3","SMPD3_OAS3"
"53",181,179,"CD56dim NK_CD8 T","CD56dim NK","CD8 T",1,1,2,0.5,1,1,"KIR3DL2_DNAJB1","KIR3DL2_DNAJB1"
"73",182,179,"CD56bright NK_Cytotoxic","CD56bright NK","Cytotoxic",1,1,2,0.5,1,1,"MADD_GNLY","MADD_GNLY"
"136",183,179,"CD56bright NK_iDC","CD56bright NK","iDC",1,1,2,0.5,1,1,"PLA2G6_PPARG","PLA2G6_PPARG"
"148",184,179,"aDC_Macrophage","aDC","Macrophage",1,1,2,0.5,1,1,"EBI3_FN1","EBI3_FN1"
"215",185,179,"DC_CD56bright NK","DC","CD56bright NK",1,1,2,0.5,1,1,"PPFIBP2_MADD","PPFIBP2_MADD"
"238",186,179,"iDC_CD56dim NK","iDC","CD56dim NK",1,1,2,0.5,1,1,"ABCG2_GTF3C1","ABCG2_GTF3C1"
"247",187,179,"Tcm_CD56dim NK","Tcm","CD56dim NK",1,1,2,0.5,1,1,"INPP4B_GTF3C1","INPP4B_GTF3C1"
"379",188,179,"aDC_Tfh","aDC","Tfh",1,1,2,0.5,1,1,"EBI3_CHI3L2","EBI3_CHI3L2"
"414",189,179,"T_Tgd","T","Tgd",1,1,2,0.5,1,1,"BCL11B_FEZ1","BCL11B_FEZ1"
"421",190,179,"aDC_Th1","aDC","Th1",1,1,2,0.5,1,1,"EBI3_CD70","EBI3_CD70"
"442",191,179,"aDC_Th2","aDC","Th2",1,1,2,0.5,1,1,"OAS3_WDHD1","OAS3_WDHD1"
"66",192,192,"CD8 T_Cytotoxic","CD8 T","Cytotoxic",7,4,1.143,0.5,1,1,"ZFP36L2_GNLY/PRR5_GNLY/ZNF91_GNLY/ARHGAP8_GNLY","DNAJB1_KLRK1/DNAJB1_KLRD1/ARHGAP8_GNLY/PRR5_GNLY/ZFP36L2_GNLY/ZNF91_GNLY/DNAJB1_ZBTB16"
"216",193,192,"Eosinophil_CD56bright NK","Eosinophil","CD56bright NK",13,7,1.077,0.5,1,1,"SMPD3_MPPED1/SMPD3_MADD/SMPD3_DUSP4/SMPD3_PLA2G6/SMPD3_XCL1/CAT_FOXJ1/ACACB_MADD","SMPD3_XCL1/SMPD3_DUSP4/CAT_FOXJ1/TKTL1_PLA2G6/CCR3_PLA2G6/THBS1_PLA2G6/SMPD3_PLA2G6/EPN2_PLA2G6/THBS1_MPPED1/SMPD3_MPPED1/EPN2_MPPED1/ACACB_MADD/SMPD3_MADD"
"249",194,192,"Tfh_CD56dim NK","Tfh","CD56dim NK",7,4,1.143,0.5,1,1,"THADA_GTF3C1/ZNF764_IL21R/KCNK5_KIR3DL1/STK39_KIR3DL1","HEY1_KIR3DL2/HEY1_SPON2/CDK5R1_SPON2/ZNF764_IL21R/STK39_KIR3DL1/KCNK5_KIR3DL1/THADA_GTF3C1"
"219",195,195,"Mast_CD56bright NK","Mast","CD56bright NK",3,2,1.333,0.5,1,1,"MAOB_MPPED1/MAOB_MADD","MPO_PLA2G6/MAOB_MPPED1/MAOB_MADD"
"301",196,195,"iDC_T","iDC","T",3,2,1.333,0.5,1,1,"CLEC10A_PRKCQ/CD1C_CD28","CD1C_CD28/CLEC10A_PRKCQ/SLC7A8_BCL11B"
"303",197,195,"Mast_T","Mast","T",3,2,1.333,0.5,1,1,"MAOB_NCALD/HPGD_NCALD","MAOB_NCALD/HPGD_NCALD/PTGS1_BCL11B"
"370",198,195,"NK_Tem","NK","Tem",3,2,1.333,0.5,1,1,"MCM3AP_AKT3/LDB3_NFATC4","ADARB1_TBC1D5/LDB3_NFATC4/MCM3AP_AKT3"
"453",199,195,"CD56dim NK_Th2","CD56dim NK","Th2",3,2,1.333,0.5,1,1,"KIR3DL1_WDHD1/KIR3DL2_WDHD1","KIR3DL2_WDHD1/KIR3DL1_WDHD1/GTF3C1_LIMA1"
"164",200,200,"Tem_Macrophage","Tem","Macrophage",17,9,1.059,0.500000000000001,1,1,"DDX17_FN1/FLI1_FN1/CCR2_FN1/LTK_EMP1/AKT3_FN1/NFATC4_FN1/DDX17_RAI14/TBCD_CHI3L1/PRKY_EMP1","MEFV_CHIT1/NFATC4_CHIT1/AKT3_CHIT1/EWSR1_CHIT1/FLI1_SULT1C2/NFATC4_SULT1C2/AKT3_SULT1C2/TBCD_SULT1C2/DDX17_RAI14/CCR2_FN1/FLI1_FN1/NFATC4_FN1/AKT3_FN1/DDX17_FN1/TBCD_CHI3L1/PRKY_EMP1/LTK_EMP1"
"70",201,201,"Macrophage_Cytotoxic","Macrophage","Cytotoxic",10,5,1,0.623110557270422,1,1,"CD84_GNLY/CHIT1_APBA2/DNASE2B_GNLY/SULT1C2_RUNX3/CHIT1_GNLY","FN1_KLRB1/COLEC12_KLRK1/RAI14_KLRK1/CHI3L1_KLRK1/CHIT1_GNLY/DNASE2B_GNLY/CD84_GNLY/CHIT1_APBA2/FN1_APBA2/SULT1C2_RUNX3"
"151",202,201,"Cytotoxic_Macrophage","Cytotoxic","Macrophage",10,5,1,0.623110557270422,1,1,"KLRK1_CHI3L1/KLRB1_FN1/KLRK1_RAI14/APBA2_FN1/KLRK1_COLEC12","GNLY_CHIT1/APBA2_CHIT1/KLRK1_COLEC12/RUNX3_SULT1C2/KLRK1_RAI14/GNLY_DNASE2B/KLRB1_FN1/APBA2_FN1/KLRK1_CHI3L1/GNLY_CD84"
"75",203,203,"NK_Cytotoxic","NK","Cytotoxic",8,4,1,0.636775347673683,1,1,"SPN_GNLY/FGF18_GNLY/FGF18_DUSP2/BCL2_RUNX3","FGF18_DUSP2/FGF18_GNLY/SPN_GNLY/ADARB1_SIGIRR/MAPRE3_ZBTB16/NCR1_ZBTB16/ADARB1_RORA/BCL2_RUNX3"
"158",204,203,"CD56dim NK_Macrophage","CD56dim NK","Macrophage",8,4,1,0.636775347673683,1,1,"KIR3DL2_CHI3L1/SPON2_FN1/IL21R_FN1/KIR3DL1_FN1","GZMB_CHIT1/GTF3C1_SULT1C2/SPON2_FN1/IL21R_FN1/KIR3DL1_FN1/KIR3DL2_CHI3L1/GZMB_CD84/IL21R_CD84"
"239",205,203,"Macrophage_CD56dim NK","Macrophage","CD56dim NK",8,4,1,0.636775347673683,1,1,"SULT1C2_GTF3C1/CD84_GZMB/CD84_IL21R/CHIT1_GZMB","CHI3L1_KIR3DL2/CHIT1_GZMB/CD84_GZMB/FN1_SPON2/FN1_IL21R/CD84_IL21R/FN1_KIR3DL1/SULT1C2_GTF3C1"
"256",206,203,"Cytotoxic_NK","Cytotoxic","NK",8,4,1,0.636775347673683,1,1,"ZBTB16_NCR1/ZBTB16_MAPRE3/SIGIRR_ADARB1/RORA_ADARB1","DUSP2_FGF18/GNLY_FGF18/GNLY_SPN/ZBTB16_MAPRE3/RUNX3_BCL2/SIGIRR_ADARB1/RORA_ADARB1/ZBTB16_NCR1"
"436",207,207,"Th_Th1","Th","Th1",21,10,0.952,0.668362320130054,1,1,"FAM111A_APBB2/ASF1A_APBB2/LRBA_APBB2/ITM2A_CD70/ITM2A_APBB2/ITM2A_EGFL6/BATF_APBB2/ASF1A_EGFL6/FAM111A_EGFL6/ASF1A_DUSP5","FRYL_IL22/ANP32B_IL22/SLC25A12_IL22/PHF10_IL22/LRBA_APBB2/ITM2A_APBB2/BATF_APBB2/ASF1A_APBB2/FAM111A_APBB2/ANP32B_ZBTB32/ITM2A_EGFL6/ASF1A_EGFL6/FAM111A_EGFL6/ASF1A_DUSP5/SLC25A12_LRRN3/ANP32B_GGT1/UBE2L3_GGT1/SLC25A12_GGT1/ATF2_GGT1/FAM111A_GGT1/ITM2A_CD70"
"365",208,208,"Macrophage_Tem","Macrophage","Tem",17,8,0.941,0.685624235577439,1,1,"CHIT1_NFATC4/CHIT1_MEFV/SULT1C2_FLI1/SULT1C2_TBCD/SULT1C2_NFATC4/SULT1C2_AKT3/CHIT1_EWSR1/CHIT1_AKT3","CHIT1_MEFV/FN1_CCR2/EMP1_PRKY/SULT1C2_FLI1/FN1_FLI1/CHIT1_NFATC4/SULT1C2_NFATC4/FN1_NFATC4/CHIT1_AKT3/SULT1C2_AKT3/FN1_AKT3/CHIT1_EWSR1/SULT1C2_TBCD/CHI3L1_TBCD/EMP1_LTK/RAI14_DDX17/FN1_DDX17"
"332",209,209,"Tem_Th","Tem","Th",4,2,1,0.687538797786251,1,1,"DDX17_SLC25A12/CCR2_ANP32B","EWSR1_LRBA/AKT3_ASF1A/CCR2_ANP32B/DDX17_SLC25A12"
"373",210,209,"Th_Tem","Th","Tem",4,2,1,0.687538797786251,1,1,"LRBA_EWSR1/ASF1A_AKT3","ANP32B_CCR2/ASF1A_AKT3/LRBA_EWSR1/SLC25A12_DDX17"
"395",211,211,"Tcm_Tfh","Tcm","Tfh",30,14,0.933,0.707962435305425,1,1,"PSPC1_HEY1/PHC3_HEY1/MAP3K1_HEY1/CASP8_HEY1/NEFL_HEY1/INPP4B_HEY1/REPS1_HEY1/CEP68_HEY1/RPP38_HEY1/SNRPN_HEY1/INPP4B_CDK5R1/ATF7IP_HEY1/FOXP1_HEY1/PCM1_HEY1","TIMM8A_SLC7A10/SLC7A6_SLC7A10/STX16_SLC7A10/SLC7A6_ICA1/FOXP1_HEY1/PCM1_HEY1/PHC3_HEY1/ATF7IP_HEY1/REPS1_HEY1/PSPC1_HEY1/INPP4B_HEY1/CASP8_HEY1/SNRPN_HEY1/NEFL_HEY1/CEP68_HEY1/MAP3K1_HEY1/RPP38_HEY1/TIMM8A_B3GAT1/INPP4B_CDK5R1/PHC3_MYO6/SLC7A6_MYO6/TIMM8A_STK39/SLC7A6_STK39/STX16_STK39/TIMM8A_ZNF764/REPS1_ZNF764/CREBZF_ZNF764/SLC7A6_ZNF764/AQP3_KCNK5/STX16_KCNK5"
"115",212,212,"CD56bright NK_Eosinophil","CD56bright NK","Eosinophil",13,6,0.923,0.709602770236783,1,1,"PLA2G6_EPN2/MPPED1_EPN2/PLA2G6_CCR3/PLA2G6_TKTL1/MPPED1_THBS1/PLA2G6_THBS1","PLA2G6_TKTL1/FOXJ1_CAT/PLA2G6_CCR3/MADD_ACACB/PLA2G6_THBS1/MPPED1_THBS1/XCL1_SMPD3/DUSP4_SMPD3/PLA2G6_SMPD3/MPPED1_SMPD3/MADD_SMPD3/PLA2G6_EPN2/MPPED1_EPN2"
"381",213,213,"CD8 T_Tfh","CD8 T","Tfh",28,13,0.929,0.714487777185475,1,1,"KLF9_HEY1/ZFP36L2_HEY1/THUMPD1_HEY1/LEPROTL1_HEY1/PPP1R2_HEY1/RBM3_HEY1/FLT3LG_PASK/CDKN2AIP_HEY1/ZNF22_HEY1/PRR5_HEY1/ABT1_HEY1/ARHGAP8_HEY1/TBCC_HEY1","DNAJB1_SLC7A10/DNAJB1_ICA1/ARHGAP8_HEY1/PRR5_HEY1/THUMPD1_HEY1/LEPROTL1_HEY1/ZFP36L2_HEY1/PPP1R2_HEY1/ZNF22_HEY1/CDKN2AIP_HEY1/TBCC_HEY1/RBM3_HEY1/ABT1_HEY1/KLF9_HEY1/DNAJB1_POMT1/FLT3LG_PASK/DNAJB1_MYO6/DNAJB1_THADA/DNAJB1_STK39/APBA2_STK39/CAMLG_STK39/ZNF22_STK39/DNAJB1_ZNF764/LIME1_ZNF764/ABT1_ZNF764/DNAJB1_KCNK5/SLC16A7_KCNK5/ABT1_KCNK5"
"357",214,214,"Th2_Tcm","Th2","Tcm",24,11,0.917,0.729626233223681,1,1,"LIMA1_STX16/LIMA1_REPS1/SLC39A14_TIMM8A/ANK1_CREBZF/IL26_TIMM8A/ANK1_STX16/LIMA1_SLC7A6/SLC39A14_REPS1/LIMA1_KLF12/LIMA1_TIMM8A/SLC39A14_CREBZF","WDHD1_FOXP1/LIMA1_KLF12/WDHD1_PCM1/IL26_TIMM8A/SLC39A14_TIMM8A/LIMA1_TIMM8A/SLC39A14_REPS1/LIMA1_REPS1/WDHD1_CASP8/SMAD2_CASP8/AHI1_NEFL/SMAD2_NEFL/SMAD2_POLR2J2/CDC7_POLR2J2/ANK1_CREBZF/WDHD1_CREBZF/SLC39A14_CREBZF/WDHD1_MAP3K1/LIMA1_SLC7A6/ANK1_STX16/LIMA1_STX16/MB_RPP38/WDHD1_RPP38/SMAD2_RPP38"
"162",215,215,"Th_Macrophage","Th","Macrophage",37,17,0.919,0.744720084042165,1,1,"DDX50_FN1/ATF2_FN1/ATF2_RAI14/ITM2A_FN1/FRYL_RAI14/BATF_COLEC12/BATF_CHI3L1/FAM111A_FN1/ASF1A_FN1/FRYL_FN1/PPP2R5C_FN1/FAM111A_ATG7/BATF_FN1/ASF1A_RAI14/ASF1A_MSR1/CD28_CHI3L1/SLC25A12_FN1","FRYL_CHIT1/RPA1_CHIT1/ICOS_CHIT1/BATF_CHIT1/UBE2L3_CHIT1/SLC25A12_CHIT1/ATF2_CHIT1/FAM111A_CHIT1/BATF_COLEC12/NAP1L4_SULT1C2/ANP32B_SULT1C2/SLC25A12_SULT1C2/PPP2R5C_SULT1C2/ASF1A_MSR1/FRYL_RAI14/ASF1A_RAI14/ATF2_RAI14/ANP32B_DNASE2B/SLC25A12_DNASE2B/FRYL_FN1/ITM2A_FN1/BATF_FN1/ASF1A_FN1/DDX50_FN1/SLC25A12_FN1/ATF2_FN1/PPP2R5C_FN1/FAM111A_FN1/SLC25A12_CD68/ATF2_CD68/BATF_CHI3L1/CD28_CHI3L1/FAM111A_ATG7/RPA1_CD84/PPP2R5C_CD84/PHF10_CD84/ANP32B_SGMS1"
"391",216,216,"NK_Tfh","NK","Tfh",20,9,0.9,0.748501621387122,1,1,"CDC5L_HEY1/ZNF747_HEY1/FGF18_HEY1/SLC30A5_HEY1/LDB3_HEY1/MCM3AP_HEY1/SPN_HEY1/LDB3_TOX/TINAGL1_CDK5R1","LDB3_TOX/ADARB1_SLC7A10/PSMD4_ICA1/NCR1_ICA1/ZNF747_HEY1/SLC30A5_HEY1/MCM3AP_HEY1/CDC5L_HEY1/FGF18_HEY1/SPN_HEY1/LDB3_HEY1/MRC2_B3GAT1/ADARB1_B3GAT1/TINAGL1_CDK5R1/ADARB1_MYO6/MAPRE3_THADA/ADARB1_THADA/CDC5L_STK39/ADARB1_STK39/ADARB1_ZNF764"
"80",217,217,"Tem_Cytotoxic","Tem","Cytotoxic",2,1,1,0.750025861177201,1,1,"TBC1D5_GNLY","EWSR1_KLRK1/TBC1D5_GNLY"
"98",218,217,"T_DC","T","DC",2,1,1,0.750025861177201,1,1,"BCL11B_CD209","CD28_PPFIBP2/BCL11B_CD209"
"243",219,217,"NK_CD56dim NK","NK","CD56dim NK",2,1,1,0.750025861177201,1,1,"ZNF747_IL21R","ZNF747_IL21R/ADARB1_GTF3C1"
"264",220,217,"CD56dim NK_NK","CD56dim NK","NK",2,1,1,0.750025861177201,1,1,"GTF3C1_ADARB1","IL21R_ZNF747/GTF3C1_ADARB1"
"299",221,217,"DC_T","DC","T",2,1,1,0.750025861177201,1,1,"PPFIBP2_CD28","PPFIBP2_CD28/CD209_BCL11B"
"361",222,217,"Cytotoxic_Tem","Cytotoxic","Tem",2,1,1,0.750025861177201,1,1,"KLRK1_EWSR1","GNLY_TBC1D5/KLRK1_EWSR1"
"45",223,223,"Cytotoxic_CD8 T","Cytotoxic","CD8 T",7,3,0.857,0.773522383331702,1,1,"KLRD1_DNAJB1/KLRK1_DNAJB1/ZBTB16_DNAJB1","GNLY_ARHGAP8/KLRK1_DNAJB1/KLRD1_DNAJB1/ZBTB16_DNAJB1/GNLY_PRR5/GNLY_ZFP36L2/GNLY_ZNF91"
"390",224,223,"CD56dim NK_Tfh","CD56dim NK","Tfh",7,3,0.857,0.773522383331702,1,1,"KIR3DL2_HEY1/SPON2_HEY1/SPON2_CDK5R1","KIR3DL2_HEY1/SPON2_HEY1/SPON2_CDK5R1/GTF3C1_THADA/KIR3DL1_STK39/IL21R_ZNF764/KIR3DL1_KCNK5"
"399",225,225,"Th2_Tfh","Th2","Tfh",27,12,0.889,0.779287886048849,1,1,"EVI5_HEY1/GATA3_HEY1/ANK1_HEY1/SLC39A14_HEY1/LIMA1_HEY1/LIMA1_MAF/ANK1_MAF/ANK1_CHI3L2/SNRPD1_HEY1/GSTA4_HEY1/LIMA1_PTPN13/PHEX_HEY1","ANK1_CHI3L2/WDHD1_TSHR/AHI1_SLC7A10/WDHD1_ICA1/SNRPD1_HEY1/EVI5_HEY1/ANK1_HEY1/GATA3_HEY1/GSTA4_HEY1/PHEX_HEY1/SLC39A14_HEY1/LIMA1_HEY1/WDHD1_B3GAT1/WDHD1_PASK/ANK1_MAF/LIMA1_MAF/SMAD2_MYO6/LIMA1_PTPN13/AHI1_STK39/CENPF_STK39/WDHD1_STK39/NEIL3_STK39/SMAD2_STK39/AHI1_ZNF764/WDHD1_ZNF764/MB_KCNK5/WDHD1_KCNK5"
"147",226,226,"Th2_iDC","Th2","iDC",12,5,0.833,0.806302444187397,1,1,"LIMA1_CSF1R/LIMA1_PPARG/LIMA1_VASH1/ANK1_SLC26A6/SLC39A14_SLC26A6","WDHD1_GUCA1A/WDHD1_CARD9/SMAD2_ABCG2/LIMA1_VASH1/BIRC5_CLEC10A/ANK1_SLC26A6/SLC39A14_SLC26A6/LIMA1_PPARG/LIMA1_CSF1R/WDHD1_NUDT9/CDC7_NUDT9/WDHD1_CD1C"
"445",227,227,"Cytotoxic_Th2","Cytotoxic","Th2",10,4,0.8,0.828252338174101,1,1,"KLRK1_WDHD1/KLRB1_NEIL3/KLRK1_CDC25C/ZBTB16_WDHD1","KLRD1_ANK1/GNLY_ANK1/APBA2_ANK1/KLRK1_WDHD1/ZBTB16_WDHD1/KLRB1_NEIL3/KLRK1_CDC25C/DUSP2_LIMA1/GNLY_LIMA1/APBA2_LIMA1"
"35",228,228,"T_B","T","B",13,5,0.769,0.86673974040653,1,1,"BCL11B_CD72/BCL11B_BACH2/CD3G_CD72/CD6_CD72/BCL11B_MEF2C","CD3G_CD72/BCL11B_CD72/CD6_CD72/BCL11B_BACH2/CD28_BLNK/LCK_BLNK/PRKCQ_BLNK/NCALD_BLNK/CD3G_BLNK/TRAT1_BLNK/CD6_BLNK/GIMAP5_BLNK/BCL11B_MEF2C"
"140",229,229,"T_iDC","T","iDC",3,1,0.667,0.875038791765801,1,1,"BCL11B_SLC7A8","PRKCQ_CLEC10A/BCL11B_SLC7A8/CD28_CD1C"
"178",230,229,"CD56bright NK_Mast","CD56bright NK","Mast",3,1,0.667,0.875038791765801,1,1,"PLA2G6_MPO","PLA2G6_MPO/MPPED1_MAOB/MADD_MAOB"
"182",231,229,"T_Mast","T","Mast",3,1,0.667,0.875038791765801,1,1,"BCL11B_PTGS1","BCL11B_PTGS1/NCALD_MAOB/NCALD_HPGD"
"252",232,229,"Th2_CD56dim NK","Th2","CD56dim NK",3,1,0.667,0.875038791765801,1,1,"LIMA1_GTF3C1","WDHD1_KIR3DL2/WDHD1_KIR3DL1/LIMA1_GTF3C1"
"269",233,229,"Tem_NK","Tem","NK",3,1,0.667,0.875038791765801,1,1,"TBC1D5_ADARB1","AKT3_MCM3AP/TBC1D5_ADARB1/NFATC4_LDB3"
"339",234,234,"CD8 T_Tcm","CD8 T","Tcm",18,7,0.778,0.881277642064835,1,1,"FLT3LG_TIMM8A/CDKN2AIP_TIMM8A/FLT3LG_SLC7A6/PRR5_SLC7A6/LEPROTL1_SLC7A6/ARHGAP8_TIMM8A/THUMPD1_SLC7A6","DNAJB1_USP9Y/DNAJB1_PCM1/SF1_NFATC3/ARHGAP8_TIMM8A/FLT3LG_TIMM8A/CDKN2AIP_TIMM8A/DNAJB1_PSPC1/DNAJB1_INPP4B/PPP1R2_INPP4B/DNAJB1_SNRPN/ZNF609_NEFL/SF1_POLR2J2/ZEB1_POLR2J2/DNAJB1_CEP68/PRR5_SLC7A6/THUMPD1_SLC7A6/LEPROTL1_SLC7A6/FLT3LG_SLC7A6"
"382",235,235,"Cytotoxic_Tfh","Cytotoxic","Tfh",11,4,0.727,0.886852138085527,1,1,"KLRK1_MAGEH1/KLRK1_HEY1/ZBTB16_CDK5R1/ZBTB16_PASK","GNLY_ICA1/KLRK1_HEY1/GNLY_SIRPG/KLRK1_MAGEH1/ZBTB16_PASK/ZBTB16_CDK5R1/GNLY_MYO6/GNLY_STK39/APBA2_STK39/GNLY_ZNF764/GNLY_KCNK5"
"78",236,236,"Th_Cytotoxic","Th","Cytotoxic",6,2,0.667,0.890697742085142,1,1,"BATF_GNLY/FAM111A_GNLY","SEC24C_KLRB1/BATF_GNLY/FAM111A_GNLY/NAP1L4_SIGIRR/ICOS_ZBTB16/NAP1L4_ZBTB16"
"462",237,237,"Th1_Th2","Th1","Th2",30,12,0.8,0.90010609215191,1,1,"GGT1_WDHD1/IL22_WDHD1/DPP4_WDHD1/GGT1_MB/CD38_NEIL3/GGT1_CDC25C/LRP8_WDHD1/GGT1_SMAD2/DPP4_CENPF/IL22_SMAD2/CD38_CDC7/LRP8_MB","CD70_CXCR6/APBB2_LAIR2/DUSP5_SNRPD1/APBB2_EVI5/BTG3_EVI5/DUSP5_IL26/LRP8_MB/GGT1_MB/DPP4_CENPF/EGFL6_ANK1/BTG3_ANK1/LRP8_WDHD1/IL22_WDHD1/DPP4_WDHD1/GGT1_WDHD1/CD38_NEIL3/APBB2_MICAL2/DUSP5_MICAL2/APBB2_DHFR/IL22_SMAD2/GGT1_SMAD2/GGT1_CDC25C/APBB2_GSTA4/APBB2_SLC39A14/BTG3_SLC39A14/CD38_CDC7/APBB2_LIMA1/DUSP5_LIMA1/BTG3_LIMA1/CD70_LIMA1"
"444",238,238,"CD8 T_Th2","CD8 T","Th2",21,8,0.762,0.905617469112893,1,1,"THUMPD1_SMAD2/CDKN2AIP_CDC7/CDKN2AIP_SMAD2/FLT3LG_WDHD1/LEPROTL1_WDHD1/FLT3LG_SMAD2/THUMPD1_WDHD1/ARHGAP8_WDHD1","DNAJB1_ANK1/LIME1_ANK1/APBA2_ANK1/ZNF22_ANK1/ARHGAP8_WDHD1/THUMPD1_WDHD1/LEPROTL1_WDHD1/FLT3LG_WDHD1/THUMPD1_SMAD2/FLT3LG_SMAD2/CDKN2AIP_SMAD2/DNAJB1_SLC39A14/CAMLG_SLC39A14/ZNF22_SLC39A14/CDKN2AIP_CDC7/SF1_LIMA1/DNAJB1_LIMA1/APBA2_LIMA1/ZEB1_LIMA1/ZNF609_LIMA1/PPP1R2_LIMA1"
"144",239,239,"Tfh_iDC","Tfh","iDC",14,5,0.714,0.910375336127757,1,1,"MYO6_SYT17/ZNF764_LMAN2L/STK39_GUCA1A/STK39_FZD2/KCNK5_SYT17","STK39_GUCA1A/HEY1_CARD9/TOX_ABCG2/HEY1_ABCG2/SH3TC1_FABP4/HEY1_CLEC10A/MYO6_SYT17/KCNK5_SYT17/HEY1_MS4A6A/HEY1_LMAN2L/ZNF764_LMAN2L/STK39_FZD2/MYO7A_CD1C/HEY1_CD1C"
"349",240,240,"NK_Tcm","NK","Tcm",22,8,0.727,0.933320638024957,1,1,"BCL2_SLC7A6/ZNF747_TIMM8A/ZNF747_SLC7A6/MCM3AP_SLC7A6/BCL2_TIMM8A/MCM3AP_STX16/LDB3_SLC7A6/LDB3_KLF12","ADARB1_FOXP1/ADARB1_KLF12/LDB3_KLF12/ZNF747_TIMM8A/BCL2_TIMM8A/ADARB1_REPS1/ADARB1_INPP4B/ADARB1_CASP8/MAPRE3_SNRPN/ADARB1_SNRPN/TCTN2_NEFL/MRC2_POLR2J2/ADARB1_POLR2J2/MRC2_CEP68/ADARB1_CEP68/ADARB1_MAP3K1/ZNF747_SLC7A6/MCM3AP_SLC7A6/BCL2_SLC7A6/LDB3_SLC7A6/MCM3AP_STX16/ADARB1_RPP38"
"31",241,241,"CD56bright NK_B","CD56bright NK","B",4,1,0.5,0.937538789758985,1,1,"PLA2G6_GLDC","DUSP4_BLNK/PLA2G6_BLNK/MPPED1_BLNK/PLA2G6_GLDC"
"40",242,241,"Tgd_B","Tgd","B",4,1,0.5,0.937538789758985,1,1,"TRGV9_GLDC","TRGV9_BLNK/CD160_BLNK/FEZ1_BLNK/TRGV9_GLDC"
"360",243,241,"CD8 T_Tem","CD8 T","Tem",4,1,0.5,0.937538789758985,1,1,"FLT3LG_EWSR1","DNAJB1_PRKY/FLT3LG_EWSR1/DNAJB1_TBCD/DNAJB1_DDX17"
"92",244,244,"Mast_DC","Mast","DC",7,2,0.571,0.937567885586518,1,1,"MAOB_CD209/KIT_NPR1","PRG2_PPFIBP2/MPO_PPFIBP2/ABCC4_PPFIBP2/PTGS1_PPFIBP2/KIT_NPR1/MAOB_CD209/PTGS1_CCL17"
"54",245,245,"NK_CD8 T","NK","CD8 T",10,3,0.6,0.945403418187463,1,1,"MCM3AP_DNAJB1/LDB3_DNAJB1/ZNF747_DNAJB1","ZNF747_DNAJB1/MCM3AP_DNAJB1/LDB3_DNAJB1/ADARB1_THUMPD1/MRC2_ZEB1/ADARB1_ZNF609/ADARB1_FLT3LG/MRC2_CDKN2AIP/ADARB1_RBM3/ADARB1_KLF9"
"428",246,246,"Macrophage_Th1","Macrophage","Th1",46,18,0.783,0.948507700663849,1,1,"SULT1C2_DUSP5/CHIT1_CD70/CHIT1_DGKI/SULT1C2_SGCB/SULT1C2_APBB2/DNASE2B_APBB2/CHIT1_APBB2/CHIT1_DUSP5/PTGDS_DUSP5/CD84_DUSP5/CD84_CCL4/CD84_APBB2/SULT1C2_HBEGF/SULT1C2_BTG3/SCARB2_DUSP5/SGMS1_APBB2/SULT1C2_CCL4/CHIT1_CCL4","CLEC5A_LRP8/MSR1_IL22/RAI14_IL22/FN1_IL22/CHI3L1_IL22/ATG7_IL22/FDX1_IL22/CHIT1_DGKI/FN1_DGKI/FN1_IFNG/CHIT1_APBB2/SULT1C2_APBB2/DNASE2B_APBB2/CD84_APBB2/SGMS1_APBB2/COLEC12_DOK5/RAI14_APOD/CHI3L1_APOD/FN1_DPP4/CHIT1_CCL4/SULT1C2_CCL4/CD84_CCL4/CHIT1_DUSP5/SULT1C2_DUSP5/PTGDS_DUSP5/SCARB2_DUSP5/CD84_DUSP5/RAI14_LRRN3/FN1_LRRN3/CHI3L1_LRRN3/FN1_SYNGR3/COLEC12_ATP9A/RAI14_ATP9A/EMP1_ATP9A/COLEC12_GGT1/SCARB2_GGT1/RAI14_GGT1/CLEC5A_GGT1/CHI3L1_GGT1/SULT1C2_HBEGF/SULT1C2_SGCB/RAI14_SGCB/FN1_SGCB/SULT1C2_BTG3/CHIT1_CD70/FN1_CD38"
"272",247,247,"Th1_NK","Th1","NK",18,6,0.667,0.95202761563538,1,1,"GGT1_PDLIM4/ATP9A_TCTN2/GGT1_NCR1/GGT1_CDC5L/GGT1_MAPRE3/GGT1_MRC2","GGT1_PDLIM4/APBB2_ZNF747/EGFL6_ZNF747/DUSP5_XCL2/BTG3_SLC30A5/APBB2_MCM3AP/BTG3_MCM3AP/GGT1_CDC5L/GGT1_MRC2/APBB2_FZR1/DUSP5_FZR1/GGT1_MAPRE3/ATP9A_TCTN2/GGT1_NCR1/APBB2_LDB3/BTG3_LDB3/CD70_LDB3/DUSP5_TINAGL1"
"83",248,248,"Th1_Cytotoxic","Th1","Cytotoxic",8,2,0.5,0.964900312539853,1,1,"ATP9A_GNLY/LRP8_GNLY","CCL4_CTSW/CD70_CTSW/DUSP5_KLRB1/LRP8_GNLY/ATP9A_GNLY/DUSP5_SIGIRR/EGFL6_APOL3/CCL4_APOL3"
"49",249,249,"Macrophage_CD8 T","Macrophage","CD8 T",43,16,0.744,0.967302213940795,1,1,"CHIT1_ZEB1/DNASE2B_DNAJB1/CHIT1_LEPROTL1/SULT1C2_DNAJB1/SULT1C2_PPP1R2/SULT1C2_PF4/CHIT1_APBA2/SULT1C2_ZEB1/CHIT1_DNAJB1/CHIT1_ARHGAP8/SULT1C2_ABT1/SULT1C2_ZNF91/DNASE2B_ABT1/SULT1C2_ZNF609/CHIT1_PPP1R2/SULT1C2_SF1","SULT1C2_SF1/CHIT1_ARHGAP8/CHI3L1_ARHGAP8/CHIT1_DNAJB1/SULT1C2_DNAJB1/DNASE2B_DNAJB1/FN1_CD8B/SULT1C2_PF4/CHI3L1_PF4/RAI14_PRR5/FN1_PRR5/RAI14_THUMPD1/FN1_THUMPD1/CHI3L1_THUMPD1/CHIT1_APBA2/FN1_APBA2/CHIT1_LEPROTL1/RAI14_LEPROTL1/CHI3L1_LEPROTL1/COLEC12_ZFP36L2/RAI14_ZFP36L2/CHI3L1_ZFP36L2/CHIT1_ZEB1/SULT1C2_ZEB1/FN1_ZEB1/SULT1C2_ZNF609/FN1_ZNF609/CHIT1_PPP1R2/SULT1C2_PPP1R2/CHI3L1_PPP1R2/SULT1C2_ZNF91/FN1_ZNF91/FN1_ZNF22/RAI14_FLT3LG/FN1_FLT3LG/ATG7_FLT3LG/FN1_CDKN2AIP/MSR1_TBCC/FN1_TBCC/FN1_RBM3/CHI3L1_RBM3/SULT1C2_ABT1/DNASE2B_ABT1"
"377",250,250,"Th1_Tem","Th1","Tem",11,3,0.545,0.967360148225689,1,1,"GGT1_NFATC4/GGT1_EWSR1/IL22_EWSR1","CCL4_CCR2/APBB2_FLI1/APBB2_TBC1D5/GGT1_NFATC4/IL22_EWSR1/APBB2_EWSR1/GGT1_EWSR1/CD70_TBCD/DUSP5_LTK/APBB2_DDX17/DUSP5_DDX17"
"454",251,250,"NK_Th2","NK","Th2",11,3,0.545,0.967360148225689,1,1,"SLC30A5_SMAD2/ZNF747_SMAD2/SPN_WDHD1","ADARB1_PTGIS/ADARB1_ADCY1/SLC30A5_ANK1/MRC2_ANK1/SPN_WDHD1/ZNF747_SMAD2/SLC30A5_SMAD2/PDLIM4_SLC39A14/MCM3AP_LIMA1/TBXA2R_LIMA1/ADARB1_LIMA1"
"89",252,252,"Eosinophil_DC","Eosinophil","DC",14,4,0.571,0.971401930143676,1,1,"SMPD3_CD209/ACACB_NPR1/ACACB_CD209/SMPD3_NPR1","TKTL1_PPFIBP2/IL5RA_PPFIBP2/THBS1_PPFIBP2/GALC_PPFIBP2/CLC_PPFIBP2/CYSLTR2_PPFIBP2/RRP12_PPFIBP2/EPN2_PPFIBP2/SIAH1_PPFIBP2/ACACB_NPR1/SMPD3_NPR1/ACACB_CD209/SMPD3_CD209/THBS1_CCL17"
"434",253,253,"Tumor_Th1","Tumor","Th1",46,17,0.739,0.973245936384313,1,1,"BMP7_BTG3/STRA6_DUSP5/BMP7_CD70/BMP4_CD70/FGF3_APBB2/BMP7_DGKI/HOXA9_DUSP5/BMP7_DUSP5/IGF2_APBB2/FGF3_BTG3/BMP7_APBB2/BMP4_BTG3/IGF2_CD70/SLC27A5_BTG3/RPP25_DUSP5/SLC27A5_CD70/BMP7_HBEGF","S100A2_LRP8/S100A2_IL22/FKBP4_IL22/S100A2_DGKI/BMP7_DGKI/INHBB_IFNG/S100A2_LTA/IGF2_APBB2/FGF3_APBB2/S100A2_APBB2/BMP7_APBB2/S100A2_DOK5/KRT5_APOD/S100A2_APOD/S100A2_ZBTB32/S100A2_DPP4/INHBB_DPP4/DHRS2_DPP4/S100A2_BST2/BMP7_DUSP5/RPP25_DUSP5/STRA6_DUSP5/HOXA9_DUSP5/S100A2_LRRN3/S100A2_SYNGR3/VSNL1_ATP9A/MFAP2_ATP9A/S100A2_ATP9A/INHBB_ATP9A/JAG2_ATP9A/S100A2_GGT1/INHBB_GGT1/JAG2_GGT1/BMP7_HBEGF/S100A2_SGCB/BMP4_BTG3/FGF3_BTG3/S100A2_BTG3/BMP7_BTG3/SLC27A5_BTG3/BMP4_CD70/IGF2_CD70/S100A2_CD70/BMP7_CD70/SLC27A5_CD70/S100A2_CSF2"
"260",254,254,"Macrophage_NK","Macrophage","NK",30,10,0.667,0.978772078808372,1,1,"SULT1C2_PSMD4/CHIT1_PDLIM4/CHIT1_MAPRE3/SULT1C2_TCTN2/CHIT1_MRC2/SULT1C2_MAPRE3/CHIT1_SPN/SULT1C2_ZNF528/CD68_ADARB1/DNASE2B_MAPRE3","CHIT1_PDLIM4/MSR1_ZNF747/FN1_ZNF747/CHI3L1_ZNF747/FN1_SLC30A5/RAI14_MCM3AP/ATG7_MCM3AP/COLEC12_FGF18/CHIT1_MRC2/FN1_MRC2/CHIT1_SPN/COLEC12_SPN/RAI14_SPN/CHI3L1_SPN/SULT1C2_PSMD4/CHI3L1_FZR1/SULT1C2_ZNF528/CHIT1_MAPRE3/SULT1C2_MAPRE3/DNASE2B_MAPRE3/FN1_BCL2/ATG7_BCL2/SULT1C2_TCTN2/FN1_ADARB1/CD68_ADARB1/COLEC12_LDB3/RAI14_LDB3/FN1_LDB3/CHI3L1_LDB3/FN1_ALDH1B1"
"353",255,255,"Tem_Tcm","Tem","Tcm",9,2,0.444,0.980512374927395,1,1,"LTK_SLC7A6/LTK_KLF12","NFATC4_FOXP1/LTK_KLF12/NFATC4_PSPC1/EWSR1_NEFL/NFATC4_POLR2J2/AKT3_CEP68/EWSR1_CEP68/EWSR1_MAP3K1/LTK_SLC7A6"
"133",256,256,"Macrophage_iDC","Macrophage","iDC",45,16,0.711,0.982363659708199,1,1,"CHIT1_MS4A6A/SULT1C2_SLC7A8/SULT1C2_CSF1R/SULT1C2_VASH1/CHIT1_SYT17/SULT1C2_SYT17/SULT1C2_SLC26A6/DNASE2B_SYT17/CD84_LMAN2L/CD84_PPARG/CHIT1_PPARG/CHIT1_FZD2/CHIT1_CD1A/SULT1C2_PPARG/CHIT1_MMP12/CHIT1_BLVRB","COLEC12_CARD9/RAI14_CARD9/FN1_CARD9/CHI3L1_CARD9/COLEC12_ABCG2/RAI14_ABCG2/FN1_ABCG2/CHI3L1_ABCG2/EMP1_ABCG2/FN1_CD1B/SULT1C2_VASH1/RAI14_VASH1/FN1_F13A1/CHIT1_MMP12/FN1_FABP4/CD163_FABP4/CHI3L1_FABP4/EMP1_FABP4/CHIT1_SYT17/SULT1C2_SYT17/DNASE2B_SYT17/CHIT1_MS4A6A/COLEC12_MS4A6A/MSR1_MS4A6A/FN1_MS4A6A/CHI3L1_CTNS/FN1_LMAN2L/CHI3L1_LMAN2L/CD84_LMAN2L/SULT1C2_SLC26A6/CHIT1_BLVRB/CHIT1_CD1A/CHIT1_PPARG/SULT1C2_PPARG/CD84_PPARG/CHI3L1_RAP1GAP/SULT1C2_SLC7A8/CHIT1_FZD2/SULT1C2_CSF1R/RAI14_PREP/FN1_PREP/ATG7_PREP/FN1_NUDT9/FN1_CD1C/CHI3L1_CD1C"
"340",257,257,"Cytotoxic_Tcm","Cytotoxic","Tcm",6,1,0.333,0.984399237328323,1,1,"KLRB1_SLC7A6","GNLY_PSPC1/GNLY_NEFL/GNLY_POLR2J2/KLRD1_TXK/KLRB1_SLC7A6/GNLY_RPP38"
"396",258,257,"Tem_Tfh","Tem","Tfh",6,1,0.333,0.984399237328323,1,1,"TBC1D5_HEY1","TBC1D5_HEY1/NFATC4_B3GAT1/EWSR1_STK39/TBC1D5_ZNF764/NFATC4_ZNF764/AKT3_KCNK5"
"283",259,259,"Neutrophil_Tumor","Neutrophil","Tumor",48,17,0.708,0.985545965239106,1,1,"SLC25A37_S100A2/BST1_S100A2/KCNJ15_S100A2/CEACAM3_S100A2/MGAM_S100A2/SLC22A4_S100A2/FCAR_S100A2/KCNJ15_KRT5/HPSE_S100A2/CRISPLD2_S100A2/MGAM_DHRS2/DYSF_S100A2/SIGLEC5_S100A2/CD93_S100A2/TNFRSF10C_S100A2/S100A12_S100A2/LILRB2_S100A2","G0S2_SLC6A8/KCNJ15_KRT5/MME_BMP4/DYSF_BMP4/G0S2_BMP4/FPR1_BMP4/MME_ASPSCR1/MME_IGF2/PDE4B_IGF2/SIGLEC5_S100A2/CD93_S100A2/MGAM_S100A2/KCNJ15_S100A2/DYSF_S100A2/FCAR_S100A2/CEACAM3_S100A2/HPSE_S100A2/S100A12_S100A2/TNFRSF10C_S100A2/SLC22A4_S100A2/SLC25A37_S100A2/BST1_S100A2/CRISPLD2_S100A2/LILRB2_S100A2/ALPL_BMP7/CD93_BMP7/MME_BMP7/FCAR_BMP7/G0S2_BMP7/FPR1_BMP7/G0S2_RPP25/FPR1_RHOD/MGAM_DHRS2/MME_STRA6/G0S2_S100A3/MME_TEAD4/DYSF_TEAD4/MME_SLC27A5/DYSF_SLC27A5/G0S2_SLC27A5/PDE4B_SLC27A5/LILRB2_SLC27A5/MME_HOXA9/FPR1_HOXA9/MME_F12/G0S2_F12/FPR1_F12/G0S2_LRFN4"
"449",260,260,"Macrophage_Th2","Macrophage","Th2",39,13,0.667,0.988287426092139,1,1,"SGMS1_WDHD1/CHIT1_BIRC5/SULT1C2_SMAD2/CD68_WDHD1/CHIT1_NEIL3/CHIT1_CDC7/CHIT1_WDHD1/DNASE2B_GATA3/SULT1C2_GATA3/SULT1C2_MICAL2/CHIT1_CENPF/SULT1C2_LIMA1/CHIT1_GATA3","COLEC12_LAIR2/RAI14_LAIR2/RAI14_SNRPD1/RAI14_EVI5/FN1_EVI5/FN1_IL26/CHIT1_CENPF/GPC4_ANK1/CTSK_ANK1/SCARB2_ANK1/BCAT1_ANK1/RAI14_ANK1/FN1_ANK1/CHI3L1_ANK1/FDX1_ANK1/CHIT1_GATA3/SULT1C2_GATA3/DNASE2B_GATA3/CHIT1_WDHD1/CD68_WDHD1/SGMS1_WDHD1/CHIT1_NEIL3/SULT1C2_MICAL2/FN1_MICAL2/SULT1C2_SMAD2/MSR1_SLC39A14/SCARB2_SLC39A14/BCAT1_SLC39A14/RAI14_SLC39A14/FN1_SLC39A14/CHI3L1_SLC39A14/CHIT1_CDC7/CHIT1_BIRC5/COLEC12_LIMA1/SULT1C2_LIMA1/MSR1_LIMA1/RAI14_LIMA1/FN1_LIMA1/ATG7_LIMA1"
"86",261,261,"B_DC","B","DC",13,3,0.462,0.988812835282085,1,1,"CCR9_CD209/BLNK_CD209/BLNK_NPR1","CD72_PPFIBP2/OSBPL10_PPFIBP2/PNOC_PPFIBP2/BACH2_PPFIBP2/CCR9_PPFIBP2/QRSL1_PPFIBP2/HLA-DQA1_PPFIBP2/MEF2C_PPFIBP2/GLDC_PPFIBP2/BLNK_NPR1/CCR9_CD209/BLNK_CD209/DTNB_CCL17"
"174",262,262,"Eosinophil_Mast","Eosinophil","Mast",70,26,0.743,0.989009391755477,1,1,"SMPD3_PRG2/SMPD3_NR0B1/SMPD3_SLC24A3/ACACB_PTGS1/SMPD3_PTGS1/SMPD3_MPO/SMPD3_SCG2/MYO15B_PTGS1/ABHD2_SLC24A3/SYNJ1_PTGS1/SMPD3_TAL1/ABHD2_PRG2/KBTBD11_ABCC4/KBTBD11_NR0B1/KBTBD11_PTGS1/ABHD2_PTGS1/SMPD3_ABCC4/ACACB_MPO/SMPD3_CEACAM8/GALC_PTGS1/ABHD2_MPO/CAT_MPO/KBTBD11_MPO/KBTBD11_PRG2/ABHD2_NR0B1/CAT_PRG2","THBS1_MLPH/THBS1_SLC24A3/ABHD2_SLC24A3/SMPD3_SLC24A3/CAT_PRG2/THBS1_PRG2/KBTBD11_PRG2/ABHD2_PRG2/SMPD3_PRG2/THBS1_CTSG/THBS1_TPSAB1/EPN2_TPSAB1/EPN2_SLC18A2/THBS1_MS4A2/EPN2_MS4A2/THBS1_CPA3/THBS1_TPSB2/THBS1_SIGLEC6/CLC_SIGLEC6/EPN2_SIGLEC6/THBS1_CMA1/CAT_MPO/ACACB_MPO/KBTBD11_MPO/ABHD2_MPO/SMPD3_MPO/EPN2_MPO/THBS1_NR0B1/KBTBD11_NR0B1/ABHD2_NR0B1/SMPD3_NR0B1/LRP5L_PPM1H/THBS1_PPM1H/CLC_PPM1H/TGIF1_PPM1H/RRP12_PPM1H/SIAH1_PPM1H/THBS1_KIT/SMPD3_TAL1/EPN2_TAL1/KBTBD11_ABCC4/SMPD3_ABCC4/ACACB_PTGS1/GALC_PTGS1/SYNJ1_PTGS1/KBTBD11_PTGS1/ABHD2_PTGS1/SMPD3_PTGS1/MYO15B_PTGS1/KCNH2_MAOB/TKTL1_MAOB/IL5RA_MAOB/HRH4_MAOB/RNASE2_MAOB/LRP5L_MAOB/THBS1_MAOB/GALC_MAOB/CYSLTR2_MAOB/TGIF1_MAOB/RRP12_MAOB/SYNJ1_MAOB/EPN2_MAOB/SIAH1_MAOB/CCR3_HPGD/THBS1_HPGD/CLC_HPGD/CYSLTR2_HPGD/EPN2_HPGD/SMPD3_SCG2/SMPD3_CEACAM8"
"27",263,263,"iDC_B","iDC","B",19,5,0.526,0.990451877619549,1,1,"PREP_OSBPL10/CARD9_MICAL3/CARD9_DTNB/VASH1_OSBPL10/CD1C_BACH2","CARD9_MICAL3/VASH1_OSBPL10/PREP_OSBPL10/CD1C_BACH2/CARD9_DTNB/VASH1_SCN3A/SLC26A6_SCN3A/SLC7A8_SCN3A/GUCA1A_BLNK/CD1B_BLNK/SYT17_BLNK/LMAN2L_BLNK/BLVRB_BLNK/CD1A_BLNK/PPARG_BLNK/SLC7A8_BLNK/FZD2_BLNK/CSF1R_BLNK/NUDT9_BLNK"
"407",264,264,"Macrophage_Tgd","Macrophage","Tgd",7,1,0.286,0.992204462618624,1,1,"SULT1C2_FEZ1","FN1_TRGV9/RAI14_CD160/FN1_CD160/SULT1C2_FEZ1/RAI14_FEZ1/FN1_FEZ1/CHI3L1_FEZ1"
"62",265,265,"Th1_CD8 T","Th1","CD8 T",23,6,0.522,0.994733709020501,1,1,"GGT1_ABT1/GGT1_ZEB1/IL22_DNAJB1/ATP9A_GADD45A/ATP9A_DNAJB1/GGT1_DNAJB1","IL22_DNAJB1/ATP9A_DNAJB1/GGT1_DNAJB1/APBB2_PRR5/APBB2_LIME1/APBB2_THUMPD1/BTG3_THUMPD1/EGFL6_LEPROTL1/APBB2_ZFP36L2/DUSP5_ZFP36L2/CD70_ZFP36L2/ATP9A_GADD45A/GGT1_ZEB1/APBB2_ZNF609/BTG3_PPP1R2/APBB2_ZNF22/BTG3_ZNF22/APBB2_FLT3LG/CD70_FLT3LG/BTG3_CDKN2AIP/BTG3_RBM3/GGT1_ABT1/BTG3_KLF9"
"124",266,266,"Tgd_Eosinophil","Tgd","Eosinophil",8,1,0.25,0.99610505548702,1,1,"TRGV9_EPN2","FEZ1_CAT/FEZ1_ACACB/FEZ1_KBTBD11/FEZ1_ABHD2/CD160_SMPD3/FEZ1_SMPD3/FEZ1_MYO15B/TRGV9_EPN2"
"138",267,266,"NK_iDC","NK","iDC",8,1,0.25,0.99610505548702,1,1,"LDB3_SLC26A6","ADARB1_GUCA1A/ADARB1_CARD9/MAPRE3_ABCG2/MRC2_FABP4/ADARB1_FABP4/ADARB1_CTNS/LDB3_SLC26A6/XCL2_RAP1GAP"
"142",268,266,"Tcm_iDC","Tcm","iDC",8,1,0.25,0.99610505548702,1,1,"NEFL_LMAN2L","SLC7A6_CARD9/STX16_CARD9/ST3GAL1_FABP4/SLC7A6_FABP4/NEFL_LMAN2L/SLC7A6_PREP/CDC14A_CD1C/ST3GAL1_CD1C"
"244",269,266,"Tumor_CD56dim NK","Tumor","CD56dim NK",8,1,0.25,0.99610505548702,1,1,"BMP7_GTF3C1","S100A2_KIR3DL2/FKBP4_KIR3DL2/S100A2_SPON2/INHBB_SPON2/S100A2_KIR3DL1/S100A2_GTF3C1/INHBB_GTF3C1/BMP7_GTF3C1"
"267",270,266,"Th_NK","Th","NK",8,1,0.25,0.99610505548702,1,1,"ITM2A_ADARB1","SLC25A12_ZNF747/ANP32B_MCM3AP/SLC25A12_MCM3AP/NAP1L4_SPN/SLC25A12_FZR1/ITM2A_ADARB1/NAP1L4_LDB3/SLC25A12_LDB3"
"24",271,271,"Cytotoxic_B","Cytotoxic","B",12,2,0.333,0.996841153980093,1,1,"KLRK1_CD72/ZBTB16_DTNB","KLRK1_CD72/GNLY_IGHA1/GNLY_HLA-DOB/GNLY_SPIB/ZBTB16_DTNB/APBA2_SCN3A/GNLY_SLC15A2/KLRB1_BLNK/KLRF1_BLNK/DUSP2_BLNK/RORA_BLNK/RUNX3_BLNK"
"107",272,272,"B_Eosinophil","B","Eosinophil",66,22,0.667,0.997927854647189,1,1,"BLNK_SIAH1/BLNK_CYSLTR2/BLNK_RRP12/BLNK_GALC/BLNK_RCOR3/SCN3A_THBS1/BLNK_EPN2/CCR9_EPN2/BLNK_TKTL1/BLNK_HRH4/CCR9_THBS1/QRSL1_EPN2/BLNK_TIPARP/BLNK_THBS1/COCH_THBS1/BLNK_IL5RA/TNFRSF17_THBS1/SCN3A_EPN2/SLC15A2_THBS1/BLNK_LRP5L/GNG7_EPN2/SLC15A2_EPN2","BLNK_TKTL1/BLNK_IL5RA/BLNK_HRH4/GLDC_HRH4/CD72_CAT/GLDC_CAT/BLNK_LRP5L/CD72_ACACB/OSBPL10_ACACB/PNOC_ACACB/BACH2_ACACB/DTNB_ACACB/HLA-DQA1_ACACB/MEF2C_ACACB/GLDC_ACACB/COCH_THBS1/TNFRSF17_THBS1/CCR9_THBS1/SCN3A_THBS1/SLC15A2_THBS1/BLNK_THBS1/BLNK_GALC/BLNK_CYSLTR2/BLNK_RRP12/BLNK_RCOR3/CD72_KBTBD11/OSBPL10_KBTBD11/BACH2_KBTBD11/MEF2C_KBTBD11/GLDC_KBTBD11/CD72_ABHD2/BACH2_ABHD2/QRSL1_ABHD2/MEF2C_ABHD2/BLNK_TIPARP/CD72_SMPD3/MICAL3_SMPD3/TCL1A_SMPD3/IGHG1_SMPD3/FCRL2_SMPD3/OSBPL10_SMPD3/ABCB4_SMPD3/HLA-DOB_SMPD3/PNOC_SMPD3/CD19_SMPD3/FAM30A_SMPD3/BACH2_SMPD3/GNG7_SMPD3/CCR9_SMPD3/QRSL1_SMPD3/DTNB_SMPD3/SCN3A_SMPD3/SLC15A2_SMPD3/HLA-DQA1_SMPD3/MEF2C_SMPD3/GLDC_SMPD3/CD72_MYO15B/OSBPL10_MYO15B/PNOC_MYO15B/GNG7_EPN2/CCR9_EPN2/QRSL1_EPN2/SCN3A_EPN2/SLC15A2_EPN2/BLNK_EPN2/BLNK_SIAH1"
"57",273,273,"Th_CD8 T","Th","CD8 T",9,1,0.222,0.998054140556973,1,1,"BATF_DNAJB1","NAP1L4_ARHGAP8/BATF_DNAJB1/SLC25A12_PRR5/SLC25A12_THUMPD1/ATF2_THUMPD1/FRYL_FLT3LG/ANP32B_FLT3LG/SLC25A12_FLT3LG/ANP32B_CDKN2AIP"
"160",274,274,"Tumor_Macrophage","Tumor","Macrophage",60,19,0.633,0.998704502998025,1,1,"BMP7_RAI14/BMP7_FN1/BMP7_MSR1/BMP4_FN1/BMP4_RAI14/SLC27A5_CHI3L1/IGF2_RAI14/ASPSCR1_CHI3L1/TRIM29_CLEC5A/BMP4_CTSK/BAMBI_FN1/BMP7_CLEC5A/FGF3_CHI3L1/MFAP2_FN1/ITGB4_FN1/BMP4_CHI3L1/BMP7_COLEC12/STRA6_CHI3L1/BMP7_CTSK","KRT5_CHIT1/S100A2_CHIT1/SLC1A5_CHIT1/FKBP4_CHIT1/S100A3_CHIT1/TEAD4_CHIT1/BMP7_COLEC12/KRT5_GPC4/S100A2_GPC4/S100A2_PCOLCE2/S100A2_SCG5/SLC6A8_SULT1C2/KRT5_SULT1C2/VSNL1_SULT1C2/ASPSCR1_SULT1C2/MFAP2_SULT1C2/S100A2_SULT1C2/BAMBI_SULT1C2/STRA6_SULT1C2/LRFN4_SULT1C2/BMP7_MSR1/BMP4_CTSK/S100A2_CTSK/BMP7_CTSK/S100A2_SCARB2/BMP4_RAI14/IGF2_RAI14/BMP7_RAI14/S100A2_COL8A2/INHBB_COL8A2/KRT5_CLEC5A/TRIM29_CLEC5A/BMP7_CLEC5A/S100A2_ME1/JAG2_ME1/S100A2_DNASE2B/INHBB_DNASE2B/JAG2_DNASE2B/FKBP4_DNASE2B/S100A2_CCL7/BMP4_FN1/MFAP2_FN1/BAMBI_FN1/BMP7_FN1/ITGB4_FN1/S100A2_CD68/FKBP4_CD68/BMP4_CHI3L1/ASPSCR1_CHI3L1/FGF3_CHI3L1/STRA6_CHI3L1/SLC27A5_CHI3L1/S100A2_ATG7/S100A2_CD84/INHBB_CD84/JAG2_CD84/FKBP4_CD84/S100A2_FDX1/S100A2_SGMS1/KRT5_CYBB"
"42",275,275,"Th2_B","Th2","B",23,5,0.435,0.998714734639017,1,1,"LIMA1_OSBPL10/LIMA1_PNOC/ANK1_OSBPL10/SLC39A14_GLDC/ANK1_GLDC","SMAD2_COCH/ANK1_OSBPL10/LIMA1_OSBPL10/WDHD1_ABCB4/LIMA1_PNOC/WDHD1_CCR9/MICAL2_SCN3A/SMAD2_SCN3A/CXCR6_BLNK/AHI1_BLNK/EVI5_BLNK/IL26_BLNK/CENPF_BLNK/WDHD1_BLNK/NEIL3_BLNK/MICAL2_BLNK/SMAD2_BLNK/GSTA4_BLNK/PHEX_BLNK/HELLS_BLNK/CDC7_BLNK/ANK1_GLDC/SLC39A14_GLDC"
"39",276,276,"Tfh_B","Tfh","B",26,6,0.462,0.99876894821298,1,1,"THADA_GLDC/ZNF764_OSBPL10/ZNF764_CD72/MYO6_DTNB/ZNF764_GLDC/KCNK5_CD72","ZNF764_CD72/KCNK5_CD72/HEY1_MICAL3/CXCL13_MS4A1/CXCL13_FCRL2/CXCL13_BLK/ZNF764_OSBPL10/HEY1_ABCB4/HEY1_GNG7/HEY1_QRSL1/MYO6_DTNB/HEY1_SCN3A/CHI3L2_BLNK/TSHR_BLNK/TOX_BLNK/SMAD1_BLNK/HEY1_BLNK/SIRPG_BLNK/MAGEH1_BLNK/PASK_BLNK/PDCD1_BLNK/PTPN13_BLNK/THADA_BLNK/HEY1_MEF2C/THADA_GLDC/ZNF764_GLDC"
"329",277,277,"Tumor_Th","Tumor","Th",33,8,0.485,0.999352603363889,1,1,"BMP4_SLC25A12/FGF3_SLC25A12/BMP7_SLC25A12/SLC27A5_SLC25A12/STRA6_SLC25A12/BMP7_ANP32B/BMP7_SEC24C/BMP7_NAP1L4","S100A2_FRYL/S100A2_RPA1/S100A2_ICOS/S100A2_LRBA/S100A2_ITM2A/S100A2_NAP1L4/BMP7_NAP1L4/S100A2_BATF/INHBB_BATF/JAG2_BATF/FKBP4_BATF/S100A2_ASF1A/S100A2_GOLGA8A/S100A2_ANP32B/BMP7_ANP32B/S100A2_DDX50/S100A2_UBE2L3/BMP4_SLC25A12/FGF3_SLC25A12/S100A2_SLC25A12/BMP7_SLC25A12/STRA6_SLC25A12/SLC27A5_SLC25A12/S100A2_ATF2/S100A2_PPP2R5C/S100A2_NUP107/S100A2_SEC24C/BMP7_SEC24C/S100A2_FAM111A/INHBB_FAM111A/JAG2_FAM111A/FKBP4_FAM111A/S100A2_PHF10"
"130",278,278,"Cytotoxic_iDC","Cytotoxic","iDC",11,1,0.182,0.999514491636067,1,1,"SIGIRR_SLC26A6","GNLY_CARD9/GNLY_VASH1/DUSP2_CD1E/RUNX3_CD1E/RUNX3_CLEC10A/GNLY_MS4A6A/SIGIRR_SLC26A6/GNLY_RAP1GAP/GNLY_PREP/DUSP2_CD1C/RUNX3_CD1C"
"116",279,279,"CD56dim NK_Eosinophil","CD56dim NK","Eosinophil",19,3,0.316,0.999639696438026,1,1,"SPON2_EPN2/GTF3C1_THBS1/KIR3DL1_EPN2","KIR3DL1_CAT/GTF3C1_CAT/GTF3C1_THBS1/KIR3DL2_KBTBD11/KIR3DL1_KBTBD11/GTF3C1_KBTBD11/GZMB_ABHD2/KIR3DL1_ABHD2/GTF3C1_ABHD2/KIR3DL2_SMPD3/GZMB_SMPD3/SPON2_SMPD3/IL21R_SMPD3/KIR3DL1_SMPD3/GTF3C1_SMPD3/IL21R_MYO15B/GTF3C1_MYO15B/SPON2_EPN2/KIR3DL1_EPN2"
"394",280,280,"Th_Tfh","Th","Tfh",32,7,0.438,0.999737827028432,1,1,"BATF_HEY1/FAM111A_HEY1/PHF10_HEY1/FRYL_HEY1/LRBA_HEY1/SEC24C_HEY1/UBE2L3_HEY1","NAP1L4_SLC7A10/ANP32B_SLC7A10/FRYL_HEY1/LRBA_HEY1/BATF_HEY1/UBE2L3_HEY1/SEC24C_HEY1/FAM111A_HEY1/PHF10_HEY1/SLC25A12_PVALB/ATF2_PVALB/ANP32B_B3GAT1/SLC25A12_B3GAT1/ANP32B_POMT1/PHF10_POMT1/NAP1L4_MYO6/SLC25A12_THADA/FRYL_STK39/ANP32B_STK39/DDX50_STK39/UBE2L3_STK39/SLC25A12_STK39/ATF2_STK39/PHF10_STK39/NAP1L4_ZNF764/ANP32B_ZNF764/DDX50_ZNF764/SLC25A12_ZNF764/ATF2_ZNF764/PPP2R5C_ZNF764/SEC24C_ZNF764/NUP107_KCNK5"
"344",281,281,"Macrophage_Tcm","Macrophage","Tcm",54,15,0.556,0.999741487921712,1,1,"CD84_NFATC3/SULT1C2_REPS1/SULT1C2_DOCK9/SULT1C2_SLC7A6/SULT1C2_ST3GAL1/CHIT1_DOCK9/CD68_TIMM8A/SULT1C2_ATF7IP/SULT1C2_STX16/SULT1C2_PHC3/SULT1C2_CLUAP1/SGMS1_TIMM8A/CD84_CYLD/SULT1C2_KLF12/CHIT1_PHC3","SULT1C2_CLUAP1/CHI3L1_CLUAP1/CHIT1_DOCK9/SULT1C2_DOCK9/FN1_DOCK9/COLEC12_USP9Y/EMP1_USP9Y/RAI14_FOXP1/SULT1C2_KLF12/RAI14_PCM1/CHIT1_PHC3/COLEC12_PHC3/SULT1C2_PHC3/CD84_NFATC3/CD68_TIMM8A/SGMS1_TIMM8A/SULT1C2_ATF7IP/RAI14_ATF7IP/SULT1C2_REPS1/FN1_REPS1/COLEC12_PSPC1/CHI3L1_PSPC1/SULT1C2_ST3GAL1/FN1_ST3GAL1/COLEC12_INPP4B/MSR1_INPP4B/RAI14_INPP4B/FN1_INPP4B/CHI3L1_INPP4B/EMP1_INPP4B/CYBB_INPP4B/COLEC12_CASP8/RAI14_CASP8/FN1_CASP8/COLEC12_SNRPN/FN1_SNRPN/CHI3L1_SNRPN/FN1_POLR2J2/RAI14_CREBZF/RAI14_CEP68/FN1_CEP68/CHI3L1_CEP68/COLEC12_MAP3K1/CHI3L1_MAP3K1/RAI14_CYLD/FN1_CYLD/CD84_CYLD/SULT1C2_SLC7A6/SULT1C2_STX16/MSR1_RPP38/RAI14_RPP38/FN1_RPP38/CHI3L1_RPP38/ATG7_RPP38"
"218",282,282,"Macrophage_CD56bright NK","Macrophage","CD56bright NK",12,1,0.167,0.999757522332065,1,1,"CHIT1_RRAD","CHIT1_RRAD/RAI14_DUSP4/COLEC12_PLA2G6/RAI14_PLA2G6/FN1_PLA2G6/CD163_PLA2G6/CHI3L1_PLA2G6/ATG7_PLA2G6/FN1_MPPED1/CHI3L1_MPPED1/ATG7_MPPED1/FN1_MADD"
"386",283,283,"Macrophage_Tfh","Macrophage","Tfh",52,14,0.538,0.999802253073677,1,1,"DNASE2B_HEY1/CD84_MYO7A/SULT1C2_HEY1/SULT1C2_CDK5R1/CHIT1_CHI3L2/FDX1_HEY1/SCARB2_HEY1/CHIT1_CDK5R1/CHIT1_HEY1/CHIT1_SH3TC1/SULT1C2_PTPN13/CHIT1_SMAD1/CD84_HEY1/CHIT1_PTPN13","CD84_MYO7A/CHIT1_CHI3L2/MSR1_SLC7A10/RAI14_SLC7A10/FN1_SLC7A10/ATG7_SLC7A10/CHIT1_SMAD1/COLEC12_ICA1/CHI3L1_ICA1/CHIT1_HEY1/SULT1C2_HEY1/SCARB2_HEY1/DNASE2B_HEY1/CD84_HEY1/FDX1_HEY1/RAI14_PVALB/CHI3L1_PVALB/FN1_MAGEH1/CHIT1_SH3TC1/RAI14_POMT1/CHI3L1_POMT1/CHIT1_CDK5R1/SULT1C2_CDK5R1/RAI14_ST8SIA1/FN1_ST8SIA1/FN1_MAF/MSR1_MYO6/RAI14_MYO6/FN1_MYO6/CHIT1_PTPN13/SULT1C2_PTPN13/FN1_PTPN13/COLEC12_THADA/CHI3L1_THADA/COLEC12_STK39/MSR1_STK39/RAI14_STK39/COL8A2_STK39/FN1_STK39/CHI3L1_STK39/ATG7_STK39/COLEC12_ZNF764/MSR1_ZNF764/FN1_ZNF764/CHI3L1_ZNF764/ATG7_ZNF764/FDX1_ZNF764/RAI14_KCNK5/CLEC5A_KCNK5/FN1_KCNK5/CD68_KCNK5/CHI3L1_KCNK5"
"455",284,284,"Tumor_Th2","Tumor","Th2",39,9,0.462,0.999856871339904,1,1,"SLC27A5_WDHD1/FGF3_WDHD1/TEAD4_WDHD1/BMP4_MB/BMP7_CDC7/BMP7_MICAL2/BMP4_SMAD2/F12_CDC7/F12_NEIL3","S100A2_CXCR6/S100A2_ADCY1/S100A2_AHI1/S100A2_LAIR2/INHBB_LAIR2/DHRS2_LAIR2/S100A2_SNRPD1/FKBP4_SNRPD1/S100A2_EVI5/S100A2_IL26/BMP4_MB/S100A2_MB/S100A2_ANK1/DHRS2_ANK1/S100A2_GATA3/FGF3_WDHD1/S100A2_WDHD1/TEAD4_WDHD1/SLC27A5_WDHD1/S100A2_NEIL3/F12_NEIL3/S100A2_MICAL2/INHBB_MICAL2/BMP7_MICAL2/S100A2_DHFR/BMP4_SMAD2/KRT5_CDC25C/S100A2_PHEX/S100A2_SLC39A14/FKBP4_SLC39A14/S100A2_HELLS/BMP7_CDC7/F12_CDC7/S100A2_BIRC5/S100A2_LIMA1/INHBB_LIMA1/JAG2_LIMA1/FKBP4_LIMA1/HOXA9_LIMA1"
"76",285,285,"Tumor_Cytotoxic","Tumor","Cytotoxic",17,2,0.235,0.999864167753318,1,1,"STRA6_GNLY/BMP7_KLRD1","S100A2_CTSW/S100A2_KLRB1/S100A2_KLRK1/INHBB_KLRK1/JAG2_KLRK1/FKBP4_KLRK1/S100A2_KLRD1/BMP7_KLRD1/STRA6_GNLY/S100A2_SIGIRR/INHBB_SIGIRR/FKBP4_SIGIRR/S100A2_ZBTB16/S100A2_RORA/S100A2_APBA2/S100A2_APOL3/S100A2_GZMA"
"170",286,286,"B_Mast","B","Mast",34,7,0.412,0.999904796923042,1,1,"BLNK_MPO/BLNK_PRG2/BLNK_ABCC4/CCR9_PTGS1/BLNK_NR0B1/COCH_PTGS1/BLNK_PTGS1","BLNK_PRG2/MICAL3_SLC18A2/CD72_MS4A2/ABCB4_MS4A2/BACH2_MS4A2/DTNB_TPSB2/CD72_SIGLEC6/BLNK_MPO/BLNK_NR0B1/CD72_PPM1H/MICAL3_PPM1H/OSBPL10_PPM1H/QRSL1_PPM1H/GLDC_PPM1H/MICAL3_TAL1/GLDC_TAL1/BLNK_ABCC4/COCH_PTGS1/CCR9_PTGS1/BLNK_PTGS1/MICAL3_MAOB/OSBPL10_MAOB/ABCB4_MAOB/PNOC_MAOB/BCL11A_MAOB/GNG7_MAOB/QRSL1_MAOB/DTNB_MAOB/HLA-DQA1_MAOB/MEF2C_MAOB/GLDC_MAOB/TCL1A_HPGD/HLA-DQA1_HPGD/GLDC_HPGD"
"119",287,287,"T_Eosinophil","T","Eosinophil",14,1,0.143,0.999939537437572,1,1,"GIMAP5_EPN2","CD3G_ACACB/CD96_ACACB/NCALD_KBTBD11/CD28_SMPD3/PRKCQ_SMPD3/NCALD_SMPD3/CD3G_SMPD3/SKAP1_SMPD3/BCL11B_SMPD3/CD6_SMPD3/GIMAP5_SMPD3/SH2D1A_SMPD3/NCALD_MYO15B/GIMAP5_EPN2"
"146",288,288,"Th1_iDC","Th1","iDC",22,3,0.273,0.999940404505278,1,1,"IL22_SLC26A6/GGT1_LMAN2L/GGT1_SYT17","APBB2_GUCA1A/DUSP5_CARD9/HBEGF_CARD9/CD70_CARD9/DGKI_ABCG2/APBB2_ABCG2/BTG3_ABCG2/CD70_CD1B/HBEGF_CD1E/DGKI_FABP4/APBB2_FABP4/CCL4_FABP4/DUSP5_FABP4/CCL4_CLEC10A/DUSP5_CLEC10A/GGT1_SYT17/APBB2_CTNS/DUSP5_CTNS/GGT1_LMAN2L/IL22_SLC26A6/HBEGF_RAP1GAP/APBB2_NUDT9"
"398",289,289,"Th1_Tfh","Th1","Tfh",38,8,0.421,0.999943591340044,1,1,"GGT1_HEY1/ATP9A_HEY1/IL22_HEY1/LRRN3_HEY1/GGT1_SMAD1/DOK5_HEY1/SGCB_HEY1/ATP9A_MAF","DUSP5_MYO7A/CD70_MYO7A/DUSP5_CHI3L2/DUSP5_SLC7A10/GGT1_SMAD1/EGFL6_ICA1/BTG3_ICA1/IL22_HEY1/DOK5_HEY1/LRRN3_HEY1/ATP9A_HEY1/GGT1_HEY1/SGCB_HEY1/APBB2_PVALB/DUSP5_PVALB/EGFL6_SIRPG/APBB2_MAGEH1/APBB2_B3GAT1/CD70_B3GAT1/APBB2_POMT1/BTG3_POMT1/DGKI_ST8SIA1/CD70_ST8SIA1/DUSP5_MAF/ATP9A_MAF/APBB2_MYO6/DUSP5_MYO6/BTG3_MYO6/APBB2_THADA/APBB2_STK39/DUSP5_STK39/BTG3_STK39/APBB2_ZNF764/EGFL6_ZNF764/DUSP5_ZNF764/BTG3_ZNF764/APBB2_KCNK5/HBEGF_KCNK5"
"28",290,290,"Macrophage_B","Macrophage","B",50,12,0.48,0.999956672361321,1,1,"CHIT1_HLA-DQA1/CD84_GLDC/CD84_CD72/SULT1C2_OSBPL10/CHIT1_DTNB/SULT1C2_IGHG1/SULT1C2_PNOC/SULT1C2_DTNB/DNASE2B_CD72/CD84_OSBPL10/CHIT1_CD72/SULT1C2_IGKC","SULT1C2_IGKC/CHIT1_CD72/DNASE2B_CD72/CD84_CD72/SULT1C2_IGHG1/FN1_BLK/SULT1C2_OSBPL10/CD84_OSBPL10/FN1_IGHA1/FN1_TNFRSF17/COLEC12_ABCB4/RAI14_ABCB4/FN1_ABCB4/ATG7_ABCB4/SULT1C2_PNOC/RAI14_PNOC/FN1_FAM30A/CHI3L1_SPIB/FN1_BACH2/FN1_GNG7/MSR1_CCR9/RAI14_CCR9/FN1_CCR9/CHIT1_DTNB/SULT1C2_DTNB/MSR1_SCN3A/RAI14_SCN3A/ME1_SCN3A/FN1_SCN3A/CHI3L1_SCN3A/ATG7_SCN3A/CHI3L1_SLC15A2/SCARB2_BLNK/RAI14_BLNK/CLEC5A_BLNK/ME1_BLNK/CCL7_BLNK/FN1_BLNK/GM2A_BLNK/CD68_BLNK/CHI3L1_BLNK/ATG7_BLNK/FDX1_BLNK/MS4A4A_BLNK/SGMS1_BLNK/CHIT1_HLA-DQA1/FN1_MEF2C/ATG7_MEF2C/COLEC12_IGHM/CD84_GLDC"
"457",291,291,"Th_Th2","Th","Th2",26,4,0.308,0.999956880965875,1,1,"ICOS_NEIL3/LRBA_WDHD1/FAM111A_SMAD2/NUP107_WDHD1","ATF2_LAIR2/ATF2_EVI5/FRYL_ANK1/ANP32B_ANK1/UBE2L3_ANK1/SLC25A12_ANK1/ATF2_ANK1/NUP107_ANK1/PHF10_ANK1/LRBA_WDHD1/NUP107_WDHD1/ICOS_NEIL3/SLC25A12_DHFR/FAM111A_SMAD2/ANP32B_PHEX/ANP32B_SLC39A14/DDX50_SLC39A14/UBE2L3_SLC39A14/SLC25A12_SLC39A14/ATF2_SLC39A14/PPP2R5C_SLC39A14/NUP107_SLC39A14/NAP1L4_LIMA1/ANP32B_LIMA1/SLC25A12_LIMA1/NUP107_LIMA1"
"23",292,292,"CD8 T_B","CD8 T","B",30,5,0.333,0.999970976106321,1,1,"PRR5_CD72/LEPROTL1_OSBPL10/RBM3_OSBPL10/ZFP36L2_CD72/PRR5_MICAL3","PRR5_CD72/ZFP36L2_CD72/PRR5_MICAL3/SF1_BLK/LEPROTL1_OSBPL10/RBM3_OSBPL10/DNAJB1_ABCB4/DNAJB1_GNG7/DNAJB1_CCR9/CAMLG_CCR9/DNAJB1_SCN3A/APBA2_SCN3A/SF1_BLNK/DNAJB1_BLNK/CD8A_BLNK/PF4_BLNK/PRR5_BLNK/THUMPD1_BLNK/LEPROTL1_BLNK/ZEB1_BLNK/ZNF609_BLNK/CAMLG_BLNK/PPP1R2_BLNK/ZNF91_BLNK/ZNF22_BLNK/FLT3LG_BLNK/CDKN2AIP_BLNK/TBCC_BLNK/ABT1_BLNK/KLF9_BLNK"
"37",293,293,"Tcm_B","Tcm","B",35,6,0.343,0.999989166778823,1,1,"INPP4B_CD72/NFATC3_OSBPL10/TXK_CD72/INPP4B_MICAL3/PSPC1_OSBPL10/NFATC3_GLDC","INPP4B_CD72/TXK_CD72/INPP4B_MICAL3/NFATC3_OSBPL10/PSPC1_OSBPL10/SLC7A6_FAM30A/SLC7A6_GNG7/TIMM8A_CCR9/SLC7A6_QRSL1/PHC3_SCN3A/ATF7IP_SCN3A/REPS1_SCN3A/SLC7A6_SCN3A/STX16_SCN3A/DOCK9_BLNK/CDC14A_BLNK/ATM_BLNK/KLF12_BLNK/PCM1_BLNK/PHC3_BLNK/NFATC3_BLNK/TIMM8A_BLNK/ATF7IP_BLNK/REPS1_BLNK/PSPC1_BLNK/ST3GAL1_BLNK/TRAF3IP3_BLNK/CREBZF_BLNK/CEP68_BLNK/MAP3K1_BLNK/CYLD_BLNK/SLC7A6_BLNK/STX16_BLNK/RPP38_BLNK/NFATC3_GLDC"
"33",294,294,"NK_B","NK","B",25,3,0.24,0.99999049535425,1,1,"ZNF747_GLDC/LDB3_GLDC/SPN_HLA-DQA1","MRC2_BLK/ADARB1_BLK/ADARB1_COCH/ADARB1_ABCB4/ADARB1_FAM30A/ADARB1_BACH2/TBXA2R_GNG7/MRC2_CCR9/MRC2_SCN3A/ADARB1_SCN3A/PDLIM4_BLNK/ZNF747_BLNK/SLC30A5_BLNK/TBXA2R_BLNK/CDC5L_BLNK/MRC2_BLNK/PRX_BLNK/ZNF528_BLNK/MAPRE3_BLNK/TCTN2_BLNK/ADARB1_BLNK/NCR1_BLNK/SPN_HLA-DQA1/ZNF747_GLDC/LDB3_GLDC"
"371",295,295,"Tumor_Tem","Tumor","Tem",17,1,0.118,0.999992477357988,1,1,"F12_NFATC4","S100A2_MEFV/S100A2_GDPD5/VSNL1_CCR2/S100A2_CCR2/EEF1A2_PRKY/S100A2_FLI1/INHBB_FLI1/S100A2_TBC1D5/S100A2_NFATC4/F12_NFATC4/S100A2_AKT3/S100A2_EWSR1/S100A2_TBCD/VSNL1_LTK/S100A2_LTK/S100A2_DDX17/FKBP4_DDX17"
"352",296,296,"Th_Tcm","Th","Tcm",24,2,0.167,0.999998545276778,1,1,"LRBA_TIMM8A/ITM2A_SLC7A6","RPA1_FOXP1/ANP32B_FOXP1/FRYL_PCM1/SLC25A12_PCM1/ATF2_PCM1/ANP32B_NFATC3/SLC25A12_NFATC3/LRBA_TIMM8A/ANP32B_ATF7IP/ANP32B_PSPC1/SLC25A12_PSPC1/ANP32B_INPP4B/ANP32B_CASP8/FRYL_NEFL/ANP32B_NEFL/PHF10_NEFL/ANP32B_POLR2J2/SEC24C_POLR2J2/SLC25A12_CEP68/ATF2_MAP3K1/ITM2A_SLC7A6/ANP32B_RPP38/DDX50_RPP38/NUP107_RPP38"
"109",297,297,"Cytotoxic_Eosinophil","Cytotoxic","Eosinophil",32,4,0.25,0.999998764703721,1,1,"ZBTB16_CLC/SIGIRR_RRP12/ZBTB16_TGIF1/KLRK1_RRP12","DUSP2_CAT/RORA_CAT/KLRF1_ACACB/DUSP2_ACACB/GNLY_ACACB/GZMH_ACACB/RORA_ACACB/ZBTB16_CLC/ZBTB16_TGIF1/KLRK1_RRP12/SIGIRR_RRP12/GNLY_THBS4/KLRD1_KBTBD11/GNLY_KBTBD11/APBA2_KBTBD11/DUSP2_ABHD2/GNLY_ABHD2/APBA2_ABHD2/RUNX3_ABHD2/CTSW_SMPD3/KLRK1_SMPD3/KLRD1_SMPD3/DUSP2_SMPD3/GNLY_SMPD3/SIGIRR_SMPD3/GZMH_SMPD3/RORA_SMPD3/APBA2_SMPD3/RUNX3_SMPD3/GZMA_SMPD3/GNLY_MYO15B/APBA2_MYO15B"
"186",298,298,"Tfh_Mast","Tfh","Mast",36,5,0.278,0.999999066903381,1,1,"KCNK5_SCG2/KCNK5_MPO/STK39_PRG2/KCNK5_PRG2/STK39_PTGS1","CDK5R1_MLPH/HEY1_SLC24A3/STK39_PRG2/KCNK5_PRG2/HEY1_TPSAB1/CDK5R1_TPSAB1/HEY1_SLC18A2/HEY1_MS4A2/HEY1_MPO/KCNK5_MPO/CHI3L2_PPM1H/HEY1_PPM1H/PASK_PPM1H/TOX_TAL1/HEY1_TAL1/STK39_PTGS1/MYO7A_MAOB/CHI3L2_MAOB/SMAD1_MAOB/HEY1_MAOB/MAGEH1_MAOB/B3GAT1_MAOB/SH3TC1_MAOB/POMT1_MAOB/PASK_MAOB/CDK5R1_MAOB/ST8SIA1_MAOB/MAF_MAOB/PTPN13_MAOB/THADA_MAOB/ZNF764_MAOB/TOX_HPGD/SMAD1_HPGD/HEY1_HPGD/KCNK5_SCG2/HEY1_CEACAM8"
"123",299,299,"Tfh_Eosinophil","Tfh","Eosinophil",87,21,0.483,0.999999808055265,1,1,"MYO6_EPN2/MYO6_THBS1/STK39_EPN2/STK39_THBS1/ZNF764_EPN2/POMT1_TGIF1/KCNK5_CLC/KCNK5_TKTL1/SLC7A10_EPN2/MAGEH1_THBS1/KCNK5_EPN2/PVALB_THBS1/THADA_THBS1/ICA1_TGIF1/ICA1_THBS1/KCNK5_CCR3/KCNK5_THBS1/ZNF764_THBS1/ZNF764_RRP12/SLC7A10_THBS1/ZNF764_LRP5L","HEY1_KCNH2/KCNK5_TKTL1/HEY1_HRH4/HEY1_CAT/PASK_CAT/ZNF764_LRP5L/KCNK5_CCR3/TOX_ACACB/HEY1_ACACB/MAGEH1_ACACB/B3GAT1_ACACB/POMT1_ACACB/PASK_ACACB/ST8SIA1_ACACB/PDCD1_ACACB/MAF_ACACB/PTPN13_ACACB/THADA_ACACB/SLC7A10_THBS1/ICA1_THBS1/PVALB_THBS1/MAGEH1_THBS1/MYO6_THBS1/THADA_THBS1/STK39_THBS1/ZNF764_THBS1/KCNK5_THBS1/HEY1_GALC/KCNK5_CLC/ICA1_TGIF1/POMT1_TGIF1/ZNF764_RRP12/HEY1_RCOR3/HEY1_SYNJ1/HEY1_THBS4/HEY1_KBTBD11/MAGEH1_KBTBD11/B3GAT1_KBTBD11/POMT1_KBTBD11/MAF_KBTBD11/THADA_KBTBD11/HEY1_HES1/CHI3L2_ABHD2/TSHR_ABHD2/SMAD1_ABHD2/HEY1_ABHD2/PVALB_ABHD2/MAGEH1_ABHD2/SH3TC1_ABHD2/POMT1_ABHD2/PASK_ABHD2/CDK5R1_ABHD2/THADA_ABHD2/MYO7A_SMPD3/CHI3L2_SMPD3/TSHR_SMPD3/TOX_SMPD3/SLC7A10_SMPD3/SMAD1_SMPD3/HEY1_SMPD3/PVALB_SMPD3/MAGEH1_SMPD3/B3GAT1_SMPD3/SH3TC1_SMPD3/POMT1_SMPD3/PASK_SMPD3/CDK5R1_SMPD3/ST8SIA1_SMPD3/PDCD1_SMPD3/MAF_SMPD3/MYO6_SMPD3/PTPN13_SMPD3/THADA_SMPD3/STK39_SMPD3/ZNF764_SMPD3/HEY1_MYO15B/SH3TC1_MYO15B/POMT1_MYO15B/PASK_MYO15B/ST8SIA1_MYO15B/MAF_MYO15B/SLC7A10_EPN2/MYO6_EPN2/STK39_EPN2/ZNF764_EPN2/KCNK5_EPN2/HEY1_SIAH1"
"41",300,300,"Th1_B","Th1","B",36,4,0.222,0.999999891438946,1,1,"IL22_DTNB/ATP9A_OSBPL10/IL22_OSBPL10/GGT1_CD72","GGT1_CD72/DUSP5_FCRL2/DUSP5_BLK/IL22_OSBPL10/ATP9A_OSBPL10/EGFL6_TNFRSF17/APBB2_ABCB4/CD70_HLA-DOB/DUSP5_CD19/DUSP5_FAM30A/EGFL6_SPIB/CCL4_SPIB/DUSP5_SPIB/DUSP5_BACH2/DUSP5_GNG7/APBB2_CCR9/EGFL6_CCR9/BTG3_CCR9/APBB2_QRSL1/IL22_DTNB/DUSP5_SCN3A/BTG3_SCN3A/DUSP5_SLC15A2/BTG3_SLC15A2/DGKI_BLNK/LTA_BLNK/APBB2_BLNK/ZBTB32_BLNK/EGFL6_BLNK/DUSP5_BLNK/SYNGR3_BLNK/HBEGF_BLNK/SGCB_BLNK/BTG3_BLNK/CTLA4_BLNK/CD70_BLNK"
"392",301,301,"Tumor_Tfh","Tumor","Tfh",50,8,0.32,0.999999901781915,1,1,"BMP4_HEY1/BMP7_MAF/STRA6_HEY1/FGF3_HEY1/BMP7_HEY1/SLC27A5_HEY1/F12_PASK/ASPSCR1_HEY1","S100A2_MYO7A/S100A2_CHI3L2/S100A2_TSHR/S100A2_TOX/S100A2_SLC7A10/S100A2_SMAD1/S100A2_ICA1/JAG2_ICA1/BMP4_HEY1/ASPSCR1_HEY1/FGF3_HEY1/S100A2_HEY1/BMP7_HEY1/STRA6_HEY1/SLC27A5_HEY1/S100A2_PVALB/FKBP4_PVALB/S100A2_SIRPG/S100A2_MAGEH1/S100A2_B3GAT1/FKBP4_B3GAT1/S100A2_SH3TC1/S100A2_POMT1/S100A2_PASK/F12_PASK/S100A2_ST8SIA1/INHBB_PDCD1/S100A2_MAF/BMP7_MAF/S100A2_MYO6/INHBB_MYO6/JAG2_MYO6/S100A2_PTPN13/S100A2_THADA/KRT5_STK39/VSNL1_STK39/S100A2_STK39/INHBB_STK39/JAG2_STK39/FKBP4_STK39/S100A2_ZNF764/INHBB_ZNF764/JAG2_ZNF764/FKBP4_ZNF764/TEAD4_ZNF764/KRT5_KCNK5/S100A2_KCNK5/INHBB_KCNK5/JAG2_KCNK5/DHRS2_KCNK5"
"356",302,302,"Th1_Tcm","Th1","Tcm",37,4,0.216,0.999999941265532,1,1,"IL22_TIMM8A/IL22_SLC7A6/GGT1_TIMM8A/ATP9A_REPS1","APBB2_DOCK9/CD70_CDC14A/DUSP5_ATM/DUSP5_USP9Y/APBB2_FOXP1/DUSP5_FOXP1/APBB2_PCM1/EGFL6_PCM1/APBB2_NFATC3/IL22_TIMM8A/GGT1_TIMM8A/ATP9A_REPS1/APBB2_PSPC1/DUSP5_PSPC1/APBB2_INPP4B/DUSP5_INPP4B/BTG3_INPP4B/APBB2_CASP8/DUSP5_CASP8/BTG3_CASP8/APBB2_SNRPN/BTG3_SNRPN/DUSP5_TRAF3IP3/APBB2_NEFL/BTG3_NEFL/APBB2_POLR2J2/APBB2_CREBZF/BTG3_CREBZF/APBB2_CEP68/BTG3_CEP68/APBB2_MAP3K1/EGFL6_MAP3K1/DUSP5_MAP3K1/APBB2_CYLD/IL22_SLC7A6/CD70_STX16/BTG3_RPP38"
"175",303,303,"iDC_Mast","iDC","Mast",24,1,0.083,0.999999942076908,1,1,"ABCG2_PTGS1","SLC7A8_MS4A2/NUDT9_MS4A2/SYT17_PPM1H/CTNS_PPM1H/LMAN2L_PPM1H/SLC26A6_PPM1H/FZD2_PPM1H/PREP_PPM1H/SYT17_TAL1/ABCG2_PTGS1/GUCA1A_MAOB/CD1B_MAOB/VASH1_MAOB/MMP12_MAOB/SYT17_MAOB/CTNS_MAOB/SLC26A6_MAOB/BLVRB_MAOB/PPARG_MAOB/SLC7A8_MAOB/FZD2_MAOB/CH25H_MAOB/NUDT9_MAOB/F13A1_HPGD"
"121",304,304,"Tcm_Eosinophil","Tcm","Eosinophil",100,24,0.48,0.999999976312812,1,1,"PSPC1_EPN2/INPP4B_THBS1/CLUAP1_THBS1/RPP38_EPN2/MAP3K1_THBS1/CEP68_EPN2/NEFL_EPN2/SNRPN_THBS1/POLR2J2_EPN2/USP9Y_THBS1/CREBZF_THBS1/PHC3_EPN2/NEFL_RCOR3/CEP68_TGIF1/NEFL_LRP5L/INPP4B_EPN2/REPS1_THBS1/RPP38_THBS1/TXK_THBS1/CASP8_EPN2/CEP68_THBS1/DOCK9_THBS1/PSPC1_THBS1/REPS1_EPN2","TIMM8A_IL5RA/TIMM8A_HRH4/ATM_CAT/PHC3_CAT/CREBZF_CAT/CEP68_CAT/SLC7A6_CAT/NEFL_LRP5L/ATM_ACACB/KLF12_ACACB/TIMM8A_ACACB/ATF7IP_ACACB/ST3GAL1_ACACB/TRAF3IP3_ACACB/CYLD_ACACB/SLC7A6_ACACB/STX16_ACACB/CLUAP1_THBS1/DOCK9_THBS1/USP9Y_THBS1/REPS1_THBS1/PSPC1_THBS1/INPP4B_THBS1/SNRPN_THBS1/CREBZF_THBS1/CEP68_THBS1/TXK_THBS1/MAP3K1_THBS1/RPP38_THBS1/CEP68_TGIF1/NEFL_RCOR3/DOCK9_KBTBD11/ATM_KBTBD11/KLF12_KBTBD11/PCM1_KBTBD11/PHC3_KBTBD11/TIMM8A_KBTBD11/REPS1_KBTBD11/ST3GAL1_KBTBD11/CREBZF_KBTBD11/CYLD_KBTBD11/SLC7A6_KBTBD11/ATM_ABHD2/KLF12_ABHD2/PHC3_ABHD2/NFATC3_ABHD2/TIMM8A_ABHD2/ATF7IP_ABHD2/REPS1_ABHD2/PSPC1_ABHD2/TRAF3IP3_ABHD2/CREBZF_ABHD2/CEP68_ABHD2/MAP3K1_ABHD2/CYLD_ABHD2/SLC7A6_ABHD2/STX16_ABHD2/CLUAP1_SMPD3/DOCK9_SMPD3/CDC14A_SMPD3/ATM_SMPD3/FOXP1_SMPD3/KLF12_SMPD3/PCM1_SMPD3/PHC3_SMPD3/NFATC3_SMPD3/TIMM8A_SMPD3/ATF7IP_SMPD3/REPS1_SMPD3/PSPC1_SMPD3/ST3GAL1_SMPD3/CASP8_SMPD3/SNRPN_SMPD3/TRAF3IP3_SMPD3/POLR2J2_SMPD3/CREBZF_SMPD3/CEP68_SMPD3/TXK_SMPD3/MAP3K1_SMPD3/CYLD_SMPD3/SLC7A6_SMPD3/STX16_SMPD3/RPP38_SMPD3/CDC14A_MYO15B/ATM_MYO15B/TIMM8A_MYO15B/ATF7IP_MYO15B/REPS1_MYO15B/ST3GAL1_MYO15B/SLC7A6_MYO15B/STX16_MYO15B/PHC3_EPN2/REPS1_EPN2/PSPC1_EPN2/INPP4B_EPN2/CASP8_EPN2/NEFL_EPN2/POLR2J2_EPN2/CEP68_EPN2/RPP38_EPN2"
"156",305,305,"Neutrophil_Macrophage","Neutrophil","Macrophage",53,8,0.302,0.999999981480575,1,1,"MGAM_COLEC12/BST1_RAI14/BST1_FN1/BST1_CTSK/MGAM_ATG7/SLC22A4_CHI3L1/KCNJ15_CHI3L1/MGAM_FN1","ALPL_CHIT1/CD93_CHIT1/CSF3R_CHIT1/MME_CHIT1/FCGR3B_CHIT1/DYSF_CHIT1/HPSE_CHIT1/S100A12_CHIT1/TNFRSF10C_CHIT1/SLC22A4_CHIT1/G0S2_CHIT1/FPR1_CHIT1/MGAM_COLEC12/G0S2_PCOLCE2/CD93_SULT1C2/DYSF_SULT1C2/FCAR_SULT1C2/G0S2_SULT1C2/FPR1_SULT1C2/PDE4B_SULT1C2/BST1_CTSK/BST1_RAI14/G0S2_COL8A2/CD93_DNASE2B/DYSF_DNASE2B/FCAR_DNASE2B/G0S2_DNASE2B/FPR1_DNASE2B/PDE4B_DNASE2B/MME_CCL7/MGAM_FN1/BST1_FN1/MME_GM2A/MME_CD68/G0S2_CD68/PDE4B_CD68/KCNJ15_CHI3L1/SLC22A4_CHI3L1/MGAM_ATG7/G0S2_ATG7/ALPL_CD84/CD93_CD84/MME_CD84/DYSF_CD84/FCAR_CD84/G0S2_CD84/FPR1_CD84/PDE4B_CD84/LILRB2_CD84/G0S2_FDX1/ALPL_SGMS1/DYSF_SGMS1/MME_CYBB"
"265",306,306,"Tumor_NK","Tumor","NK",39,4,0.205,0.999999982923077,1,1,"BMP4_ADARB1/BMP7_TCTN2/BMP7_TBXA2R/BMP7_MCM3AP","S100A2_PDLIM4/S100A2_ZNF747/FKBP4_ZNF747/S100A2_XCL1/S100A2_XCL2/S100A2_SLC30A5/S100A2_MCM3AP/BMP7_MCM3AP/FKBP4_MCM3AP/S100A2_TBXA2R/BMP7_TBXA2R/S100A2_CDC5L/S100A2_FGF18/INHBB_FGF18/JAG2_FGF18/FKBP4_FGF18/S100A2_MRC2/S100A2_SPN/JAG2_SPN/FKBP4_SPN/S100A2_PSMD4/S100A2_PRX/S100A2_FZR1/INHBB_FZR1/JAG2_FZR1/S100A2_ZNF205/INHBB_ZNF205/S100A2_ZNF528/S100A2_MAPRE3/KRT5_BCL2/S100A2_BCL2/S100A2_TCTN2/BMP7_TCTN2/BMP4_ADARB1/S100A2_ADARB1/S100A2_NCR1/S100A2_LDB3/FKBP4_LDB3/S100A2_TINAGL1"
"367",307,307,"Neutrophil_Tem","Neutrophil","Tem",28,1,0.071,0.99999999641795,1,1,"MGAM_EWSR1","G0S2_MEFV/MME_CCR2/G0S2_CCR2/FPR1_CCR2/CD93_PRKY/MME_PRKY/G0S2_PRKY/CD93_FLI1/MME_FLI1/DYSF_FLI1/FCAR_FLI1/G0S2_FLI1/FPR1_FLI1/G0S2_TBC1D5/MME_AKT3/G0S2_AKT3/MGAM_EWSR1/MME_EWSR1/DYSF_EWSR1/MME_TBCD/G0S2_TBCD/DYSF_LTK/G0S2_LTK/MME_DDX17/DYSF_DDX17/FCAR_DDX17/G0S2_DDX17/PDE4B_DDX17"
"111",308,308,"iDC_Eosinophil","iDC","Eosinophil",55,7,0.255,0.999999999170761,1,1,"GUCA1A_EPN2/FABP4_THBS1/ABCG2_EPN2/HS3ST2_RNASE2/CARD9_EPN2/GUCA1A_THBS1/CARD9_TGIF1","HS3ST2_RNASE2/SYT17_CAT/LMAN2L_CAT/VASH1_ACACB/F13A1_ACACB/SLC26A6_ACACB/SLC7A8_ACACB/FZD2_ACACB/GUCA1A_THBS1/FABP4_THBS1/CARD9_TGIF1/GUCA1A_KBTBD11/MMP12_KBTBD11/SLC7A8_KBTBD11/FZD2_KBTBD11/NUDT9_KBTBD11/GUCA1A_ABHD2/VASH1_ABHD2/CTNS_ABHD2/LMAN2L_ABHD2/PPARG_ABHD2/FZD2_ABHD2/CSF1R_ABHD2/NUDT9_ABHD2/GUCA1A_SMPD3/CARD9_SMPD3/ABCG2_SMPD3/VASH1_SMPD3/F13A1_SMPD3/CD1E_SMPD3/MMP12_SMPD3/SYT17_SMPD3/MS4A6A_SMPD3/CTNS_SMPD3/LMAN2L_SMPD3/SLC26A6_SMPD3/BLVRB_SMPD3/CD1A_SMPD3/PPARG_SMPD3/SLC7A8_SMPD3/FZD2_SMPD3/CSF1R_SMPD3/PREP_SMPD3/TACSTD2_SMPD3/NUDT9_SMPD3/CD1C_SMPD3/VASH1_MYO15B/F13A1_MYO15B/SYT17_MYO15B/CTNS_MYO15B/SLC26A6_MYO15B/FZD2_MYO15B/GUCA1A_EPN2/CARD9_EPN2/ABCG2_EPN2"
"117",309,309,"NK_Eosinophil","NK","Eosinophil",66,10,0.303,0.999999999474599,1,1,"MCM3AP_EPN2/MCM3AP_THBS1/LDB3_TGIF1/CDC5L_THBS1/SLC30A5_THBS1/SPN_THBS1/ZNF747_EPN2/ZNF747_THBS1/LDB3_THBS1/PSMD4_THBS1","ADARB1_TKTL1/SLC30A5_CAT/MAPRE3_CAT/ADARB1_CAT/TBXA2R_ACACB/MRC2_ACACB/MAPRE3_ACACB/ADARB1_ACACB/NCR1_ACACB/ZNF747_THBS1/SLC30A5_THBS1/MCM3AP_THBS1/CDC5L_THBS1/SPN_THBS1/PSMD4_THBS1/LDB3_THBS1/LDB3_TGIF1/PDLIM4_KBTBD11/SLC30A5_KBTBD11/TBXA2R_KBTBD11/CDC5L_KBTBD11/MRC2_KBTBD11/MAPRE3_KBTBD11/ADARB1_KBTBD11/PDLIM4_ABHD2/ZNF747_ABHD2/SLC30A5_ABHD2/CDC5L_ABHD2/MRC2_ABHD2/MAPRE3_ABHD2/TCTN2_ABHD2/ADARB1_ABHD2/NCR1_ABHD2/PDLIM4_SMPD3/ZNF747_SMPD3/XCL1_SMPD3/XCL2_SMPD3/SLC30A5_SMPD3/MCM3AP_SMPD3/TBXA2R_SMPD3/CDC5L_SMPD3/MRC2_SMPD3/SPN_SMPD3/PSMD4_SMPD3/PRX_SMPD3/FZR1_SMPD3/ZNF205_SMPD3/ZNF528_SMPD3/MAPRE3_SMPD3/TCTN2_SMPD3/ADARB1_SMPD3/NCR1_SMPD3/LDB3_SMPD3/IGFBP5_SMPD3/ALDH1B1_SMPD3/MCM3AP_MYO15B/CDC5L_MYO15B/MRC2_MYO15B/PSMD4_MYO15B/MAPRE3_MYO15B/BCL2_MYO15B/ADARB1_MYO15B/ALDH1B1_MYO15B/ZNF747_EPN2/MCM3AP_EPN2/ADARB1_SIAH1"
"184",310,310,"Tcm_Mast","Tcm","Mast",36,2,0.111,0.999999999492088,1,1,"CEP68_PTGS1/USP9Y_NR0B1","CYLD_MS4A2/USP9Y_NR0B1/PHC3_PPM1H/TIMM8A_PPM1H/ATF7IP_PPM1H/REPS1_PPM1H/SLC7A6_PPM1H/STX16_PPM1H/TIMM8A_TAL1/STX16_TAL1/CEP68_PTGS1/CLUAP1_MAOB/DOCK9_MAOB/CDC14A_MAOB/ATM_MAOB/FOXP1_MAOB/KLF12_MAOB/PCM1_MAOB/PHC3_MAOB/NFATC3_MAOB/TIMM8A_MAOB/ATF7IP_MAOB/REPS1_MAOB/ST3GAL1_MAOB/SNRPN_MAOB/POLR2J2_MAOB/CREBZF_MAOB/CEP68_MAOB/MAP3K1_MAOB/CYLD_MAOB/SLC7A6_MAOB/STX16_MAOB/RPP38_MAOB/CDC14A_HPGD/TIMM8A_HPGD/TIMM8A_CEACAM8"
"55",311,311,"Tumor_CD8 T","Tumor","CD8 T",41,3,0.146,0.999999999634276,1,1,"BMP7_PPP1R2/BMP4_DNAJB1/BMP7_ZNF609","S100A2_SF1/S100A2_GZMM/BMP4_DNAJB1/S100A2_DNAJB1/S100A2_CD8B/S100A2_CD8A/S100A2_PRR5/INHBB_PRR5/FKBP4_PRR5/S100A2_LIME1/INHBB_LIME1/S100A2_THUMPD1/FKBP4_THUMPD1/S100A2_VAMP2/KRT5_SLC16A7/S100A2_SLC16A7/S100A2_APBA2/S100A2_LEPROTL1/S100A2_ZFP36L2/LRFN4_ZFP36L2/S100A2_GADD45A/S100A2_ZEB1/S100A2_ZNF609/BMP7_ZNF609/S100A2_CAMLG/S100A2_PPP1R2/BMP7_PPP1R2/S100A2_ZNF91/S100A2_ZNF22/S100A2_TMC6/ASPSCR1_FLT3LG/S100A2_FLT3LG/JAG2_FLT3LG/FKBP4_FLT3LG/S100A2_CDKN2AIP/S100A2_TBCC/INHBB_TBCC/S100A2_RBM3/INHBB_RBM3/S100A2_ABT1/S100A2_PRF1"
"180",312,312,"NK_Mast","NK","Mast",32,1,0.062,0.99999999977885,1,1,"ZNF747_PTGS1","ADARB1_MLPH/ADARB1_PRG2/MAPRE3_TPSAB1/MCM3AP_MS4A2/ADARB1_TPSB2/MRC2_HDC/PDLIM4_PPM1H/TBXA2R_PPM1H/CDC5L_PPM1H/PSMD4_PPM1H/ADARB1_PPM1H/ZNF747_PTGS1/PDLIM4_MAOB/XCL2_MAOB/SLC30A5_MAOB/MCM3AP_MAOB/TBXA2R_MAOB/CDC5L_MAOB/FGF18_MAOB/MRC2_MAOB/PSMD4_MAOB/PRX_MAOB/FZR1_MAOB/ZNF205_MAOB/MAPRE3_MAOB/TCTN2_MAOB/ADARB1_MAOB/NCR1_MAOB/ALDH1B1_MAOB/CDC5L_HPGD/MAPRE3_HPGD/ADARB1_HPGD"
"126",313,313,"Th2_Eosinophil","Th2","Eosinophil",75,12,0.32,0.999999999865511,1,1,"LIMA1_CYSLTR2/LIMA1_THBS1/LIMA1_EPN2/MICAL2_THBS1/ANK1_THBS1/ANK1_EPN2/ANK1_CYSLTR2/EVI5_THBS1/GSTA4_EPN2/SLC39A14_THBS1/AHI1_THBS1/GSTA4_THBS1","WDHD1_KCNH2/WDHD1_TKTL1/WDHD1_IL5RA/WDHD1_HRH4/AHI1_CAT/MB_CAT/WDHD1_CAT/BIRC5_CAT/MB_ACACB/WDHD1_ACACB/SMAD2_ACACB/CDC25C_ACACB/PHEX_ACACB/AHI1_THBS1/EVI5_THBS1/ANK1_THBS1/MICAL2_THBS1/GSTA4_THBS1/SLC39A14_THBS1/LIMA1_THBS1/SMAD2_GALC/ANK1_CYSLTR2/LIMA1_CYSLTR2/SMAD2_SYNJ1/AHI1_KBTBD11/EVI5_KBTBD11/MB_KBTBD11/CENPF_KBTBD11/GATA3_KBTBD11/WDHD1_KBTBD11/NEIL3_KBTBD11/SMAD2_KBTBD11/CDC25C_KBTBD11/GSTA4_KBTBD11/HELLS_KBTBD11/CDC7_KBTBD11/BIRC5_KBTBD11/MB_HES1/PTGIS_ABHD2/AHI1_ABHD2/EVI5_ABHD2/MB_ABHD2/WDHD1_ABHD2/NEIL3_ABHD2/SMAD2_ABHD2/BIRC5_ABHD2/PTGIS_SMPD3/CXCR6_SMPD3/AHI1_SMPD3/EVI5_SMPD3/IL26_SMPD3/MB_SMPD3/CENPF_SMPD3/GATA3_SMPD3/WDHD1_SMPD3/NEIL3_SMPD3/MICAL2_SMPD3/DHFR_SMPD3/SMAD2_SMPD3/CDC25C_SMPD3/GSTA4_SMPD3/PHEX_SMPD3/HELLS_SMPD3/CDC7_SMPD3/BIRC5_SMPD3/LIMA1_SMPD3/MB_MYO15B/WDHD1_MYO15B/MICAL2_MYO15B/SMAD2_MYO15B/CDC25C_MYO15B/PHEX_MYO15B/ANK1_EPN2/GSTA4_EPN2/LIMA1_EPN2"
"36",314,314,"Th_B","Th","B",33,1,0.061,0.999999999889792,1,1,"BATF_CD72","BATF_CD72/RPA1_BLK/ANP32B_BLK/SLC25A12_COCH/SLC25A12_ABCB4/FRYL_CCR9/DDX50_CCR9/SLC25A12_CCR9/ATF2_CCR9/FRYL_QRSL1/RPA1_SCN3A/NAP1L4_SCN3A/ANP32B_SCN3A/SLC25A12_SCN3A/PHF10_SCN3A/FRYL_BLNK/RPA1_BLNK/ICOS_BLNK/LRBA_BLNK/NAP1L4_BLNK/ASF1A_BLNK/GOLGA8A_BLNK/ANP32B_BLNK/DDX50_BLNK/UBE2L3_BLNK/SLC25A12_BLNK/ATF2_BLNK/CD28_BLNK/PPP2R5C_BLNK/NUP107_BLNK/SEC24C_BLNK/FAM111A_BLNK/PHF10_BLNK"
"34",315,315,"Tumor_B","Tumor","B",49,4,0.163,0.999999999968231,1,1,"BMP7_GLDC/BMP7_DTNB/BMP7_HLA-DQA1/BMP7_MICAL3","S100A2_MICAL3/BMP7_MICAL3/S100A2_BLK/INHBB_BLK/SLC1A5_BLK/S100A2_COCH/VSNL1_IGHA1/S100A2_IGHA1/VSNL1_TNFRSF17/S100A2_TNFRSF17/S100A2_ABCB4/S100A2_HLA-DOB/S100A2_PNOC/S100A2_FAM30A/INHBB_FAM30A/S100A2_BCL11A/S100A2_BACH2/S100A2_GNG7/INHBB_GNG7/S100A2_CCR9/S100A2_QRSL1/S100A2_DTNB/BMP7_DTNB/EEF1A2_SCN3A/S100A2_SCN3A/INHBB_SCN3A/JAG2_SCN3A/SLC1A5_SCN3A/S100A2_SLC15A2/KRT5_BLNK/VSNL1_BLNK/ASPSCR1_BLNK/IGF2_BLNK/S100A2_BLNK/INHBB_BLNK/JAG2_BLNK/RPP25_BLNK/RHOD_BLNK/DHRS2_BLNK/SLC1A5_BLNK/TEAD4_BLNK/SLC27A5_BLNK/HOXA9_BLNK/LRFN4_BLNK/S100A2_HLA-DQA1/BMP7_HLA-DQA1/S100A2_MEF2C/S100A2_GLDC/BMP7_GLDC"
"325",316,315,"Neutrophil_Th","Neutrophil","Th",49,4,0.163,0.999999999968231,1,1,"MGAM_NAP1L4/MGAM_SLC25A12/MGAM_ATF2/SIGLEC5_SLC25A12","MME_FRYL/G0S2_ICOS/MME_LRBA/DYSF_LRBA/G0S2_LRBA/PDE4B_LRBA/ALPL_ITM2A/CD93_ITM2A/MME_ITM2A/DYSF_ITM2A/PDE4B_ITM2A/LILRB2_ITM2A/MGAM_NAP1L4/MME_NAP1L4/CD93_BATF/MME_BATF/DYSF_BATF/G0S2_BATF/FPR1_BATF/ALPL_ASF1A/MME_ASF1A/DYSF_ASF1A/G0S2_ASF1A/PDE4B_ASF1A/LILRB2_ASF1A/ALPL_DDX50/MME_DDX50/DYSF_DDX50/G0S2_DDX50/MME_UBE2L3/PDE4B_UBE2L3/SIGLEC5_SLC25A12/MGAM_SLC25A12/MME_SLC25A12/MGAM_ATF2/DYSF_ATF2/FPR1_CD28/MME_PPP2R5C/DYSF_PPP2R5C/MME_NUP107/MME_SEC24C/G0S2_SEC24C/ALPL_FAM111A/CD93_FAM111A/MME_FAM111A/DYSF_FAM111A/G0S2_FAM111A/PDE4B_FAM111A/LILRB2_FAM111A"
"350",317,317,"Tumor_Tcm","Tumor","Tcm",54,5,0.185,0.999999999982932,1,1,"FGF3_TIMM8A/BMP7_STX16/F12_TIMM8A/SLC27A5_TIMM8A/BMP7_PHC3","S100A2_CLUAP1/S100A2_DOCK9/S100A2_CDC14A/S100A2_ATM/S100A2_FOXP1/INHBB_FOXP1/S100A2_KLF12/S100A2_PCM1/FKBP4_PCM1/S100A2_PHC3/BMP7_PHC3/S100A2_NFATC3/JAG2_NFATC3/FKBP4_NFATC3/FGF3_TIMM8A/S100A2_TIMM8A/SLC27A5_TIMM8A/F12_TIMM8A/S100A2_ATF7IP/INHBB_ATF7IP/S100A2_REPS1/S100A2_PSPC1/FKBP4_PSPC1/S100A2_ST3GAL1/KRT5_INPP4B/S100A2_INPP4B/INHBB_INPP4B/S100A2_CASP8/INHBB_CASP8/JAG2_CASP8/FKBP4_CASP8/S100A2_SNRPN/INHBB_SNRPN/S100A2_TRAF3IP3/INHBB_NEFL/JAG2_NEFL/FKBP4_NEFL/VSNL1_POLR2J2/S100A2_POLR2J2/INHBB_POLR2J2/JAG2_POLR2J2/S100A2_CREBZF/FKBP4_CREBZF/S100A2_CEP68/S100A2_TXK/S100A2_MAP3K1/INHBB_MAP3K1/FKBP4_MAP3K1/S100A2_CYLD/S100A2_SLC7A6/S100A2_STX16/BMP7_STX16/S100A2_RPP38/JAG2_RPP38"
"171",318,318,"CD8 T_Mast","CD8 T","Mast",36,1,0.056,0.999999999986369,1,1,"FLT3LG_MPO","DNAJB1_TPSAB1/DNAJB1_SLC18A2/DNAJB1_MS4A2/CAMLG_MS4A2/ZNF22_MS4A2/DNAJB1_HDC/DNAJB1_SIGLEC6/ZEB1_SIGLEC6/FLT3LG_MPO/DNAJB1_PPM1H/PF4_PPM1H/CAMLG_PPM1H/PPP1R2_PPM1H/ZNF91_PPM1H/TBCC_PPM1H/RBM3_PPM1H/ABT1_PPM1H/DNAJB1_TAL1/SF1_MAOB/DNAJB1_MAOB/PF4_MAOB/LIME1_MAOB/VAMP2_MAOB/LEPROTL1_MAOB/GADD45A_MAOB/ZEB1_MAOB/CAMLG_MAOB/PPP1R2_MAOB/ZNF22_MAOB/FLT3LG_MAOB/CDKN2AIP_MAOB/RBM3_MAOB/ABT1_MAOB/KLF9_MAOB/DNAJB1_HPGD/CAMLG_HPGD"
"189",319,319,"Th2_Mast","Th2","Mast",47,3,0.128,0.999999999992698,1,1,"ANK1_PTGS1/LIMA1_PTGS1/ANK1_NR0B1","WDHD1_MLPH/WDHD1_PRG2/AHI1_MS4A2/WDHD1_MS4A2/GSTA4_MS4A2/CDC7_MS4A2/WDHD1_TPSB2/SMAD2_SIGLEC6/CDC7_SIGLEC6/ANK1_NR0B1/AHI1_PPM1H/WDHD1_PPM1H/MICAL2_PPM1H/SMAD2_PPM1H/PHEX_PPM1H/CDC7_PPM1H/WDHD1_KIT/SMAD2_KIT/AHI1_TAL1/WDHD1_TAL1/SMAD2_TAL1/ANK1_PTGS1/LIMA1_PTGS1/ADCY1_MAOB/AHI1_MAOB/EVI5_MAOB/IL26_MAOB/MB_MAOB/CENPF_MAOB/GATA3_MAOB/WDHD1_MAOB/NEIL3_MAOB/MICAL2_MAOB/DHFR_MAOB/SMAD2_MAOB/CDC25C_MAOB/GSTA4_MAOB/PHEX_MAOB/HELLS_MAOB/CDC7_MAOB/BIRC5_MAOB/AHI1_HPGD/MB_HPGD/WDHD1_HPGD/SMAD2_HPGD/WDHD1_CEACAM8/BIRC5_CEACAM8"
"108",320,320,"CD8 T_Eosinophil","CD8 T","Eosinophil",84,13,0.31,0.999999999994215,1,1,"THUMPD1_THBS1/ZFP36L2_EPN2/PRR5_EPN2/KLF9_EPN2/TSC22D3_CLC/ZFP36L2_THBS1/ARHGAP8_THBS1/TBCC_EPN2/RBM3_THBS1/LEPROTL1_THBS1/THUMPD1_EPN2/ABT1_EPN2/FLT3LG_EPN2","DNAJB1_CAT/ZEB1_CAT/ZNF609_CAT/CAMLG_CAT/SF1_ACACB/DNAJB1_ACACB/VAMP2_ACACB/ZNF609_ACACB/PPP1R2_ACACB/ZNF91_ACACB/FLT3LG_ACACB/ARHGAP8_THBS1/THUMPD1_THBS1/LEPROTL1_THBS1/ZFP36L2_THBS1/RBM3_THBS1/TSC22D3_CLC/DNAJB1_RCOR3/DNAJB1_KBTBD11/APBA2_KBTBD11/LEPROTL1_KBTBD11/ZEB1_KBTBD11/CAMLG_KBTBD11/PPP1R2_KBTBD11/ZNF22_KBTBD11/FLT3LG_KBTBD11/TBCC_KBTBD11/RBM3_KBTBD11/ABT1_KBTBD11/KLF9_KBTBD11/ARHGAP8_ABHD2/DNAJB1_ABHD2/LIME1_ABHD2/THUMPD1_ABHD2/VAMP2_ABHD2/APBA2_ABHD2/LEPROTL1_ABHD2/ZEB1_ABHD2/ZNF609_ABHD2/CAMLG_ABHD2/PPP1R2_ABHD2/ZNF22_ABHD2/CDKN2AIP_ABHD2/ABT1_ABHD2/SF1_SMPD3/ARHGAP8_SMPD3/GZMM_SMPD3/DNAJB1_SMPD3/CD8B_SMPD3/CD8A_SMPD3/PF4_SMPD3/PRR5_SMPD3/LIME1_SMPD3/THUMPD1_SMPD3/VAMP2_SMPD3/APBA2_SMPD3/LEPROTL1_SMPD3/ZFP36L2_SMPD3/GADD45A_SMPD3/ZEB1_SMPD3/ZNF609_SMPD3/CAMLG_SMPD3/PPP1R2_SMPD3/ZNF91_SMPD3/ZNF22_SMPD3/FLT3LG_SMPD3/TBCC_SMPD3/RBM3_SMPD3/ABT1_SMPD3/KLF9_SMPD3/SF1_MYO15B/DNAJB1_MYO15B/VAMP2_MYO15B/APBA2_MYO15B/PPP1R2_MYO15B/RBM3_MYO15B/PRR5_EPN2/THUMPD1_EPN2/ZFP36L2_EPN2/FLT3LG_EPN2/TBCC_EPN2/ABT1_EPN2/KLF9_EPN2/DNAJB1_SIAH1"
"139",321,321,"Tumor_iDC","Tumor","iDC",43,2,0.093,0.999999999995407,1,1,"BMP7_SYT17/BMP4_SLC26A6","S100A2_GUCA1A/FKBP4_GUCA1A/S100A2_CARD9/INHBB_CARD9/FKBP4_CARD9/KRT5_ABCG2/S100A2_ABCG2/S100A2_CD1B/S100A2_VASH1/S100A2_F13A1/S100A2_CD1E/DHRS2_CD1E/EEF1A2_FABP4/VSNL1_FABP4/S100A2_FABP4/KRT5_CLEC10A/S100A2_CLEC10A/S100A2_SYT17/BMP7_SYT17/S100A2_MS4A6A/S100A2_CTNS/INHBB_CTNS/JAG2_CTNS/S100A2_LMAN2L/BMP4_SLC26A6/S100A2_SLC26A6/S100A2_BLVRB/FKBP4_BLVRB/S100A2_CD1A/INHBB_PPARG/S100A2_RAP1GAP/DHRS2_RAP1GAP/S100A2_FZD2/S100A2_HS3ST2/S100A2_CH25H/S100A2_PREP/INHBB_PREP/S100A2_TACSTD2/KRT5_NUDT9/S100A2_NUDT9/VSNL1_CD1C/S100A2_CD1C/INHBB_CD1C"
"451",322,322,"Neutrophil_Th2","Neutrophil","Th2",45,2,0.089,0.99999999999881,1,1,"MGAM_WDHD1/BST1_WDHD1","G0S2_PTGIS/G0S2_CXCR6/LILRB2_CXCR6/MME_ADCY1/DYSF_ADCY1/PDE4B_AHI1/MME_SNRPD1/G0S2_SNRPD1/FPR1_SNRPD1/CD93_EVI5/DYSF_EVI5/ALPL_IL26/G0S2_IL26/CD93_ANK1/MME_ANK1/DYSF_ANK1/HPSE_ANK1/S100A12_ANK1/TNFRSF10C_ANK1/SLC25A37_ANK1/G0S2_ANK1/PDE4B_ANK1/LILRB2_ANK1/MME_GATA3/FPR1_GATA3/MGAM_WDHD1/BST1_WDHD1/DYSF_DHFR/G0S2_DHFR/DYSF_GSTA4/G0S2_GSTA4/MME_PHEX/MME_SLC39A14/DYSF_SLC39A14/FCAR_SLC39A14/CEACAM3_SLC39A14/G0S2_SLC39A14/PDE4B_SLC39A14/ALPL_LIMA1/MME_LIMA1/DYSF_LIMA1/FCAR_LIMA1/HPSE_LIMA1/G0S2_LIMA1/FPR1_LIMA1"
"125",323,323,"Th1_Eosinophil","Th1","Eosinophil",71,8,0.225,0.999999999999467,1,1,"IL22_EPN2/GGT1_THBS1/SGCB_THBS1/ATP9A_TGIF1/ATP9A_THBS1/LRRN3_THBS1/IL22_THBS1/DOK5_THBS1","CD70_TKTL1/APBB2_IL5RA/DGKI_CAT/APBB2_CAT/EGFL6_CAT/BTG3_CAT/APBB2_CCR3/LTA_ACACB/APBB2_ACACB/DUSP5_ACACB/CD70_ACACB/IL22_THBS1/DOK5_THBS1/LRRN3_THBS1/ATP9A_THBS1/GGT1_THBS1/SGCB_THBS1/APBB2_GALC/DUSP5_GALC/ATP9A_TGIF1/BTG3_RCOR3/APBB2_SYNJ1/IL12RB2_KBTBD11/EGFL6_KBTBD11/DUSP5_KBTBD11/HBEGF_KBTBD11/SGCB_KBTBD11/BTG3_KBTBD11/APBB2_HES1/DUSP5_HES1/HBEGF_HES1/BTG3_HES1/DGKI_ABHD2/LTA_ABHD2/APBB2_ABHD2/IL12RB2_ABHD2/EGFL6_ABHD2/DUSP5_ABHD2/SYNGR3_ABHD2/HBEGF_ABHD2/SGCB_ABHD2/BTG3_ABHD2/CD70_ABHD2/LRP8_SMPD3/IL22_SMPD3/DGKI_SMPD3/LTA_SMPD3/APBB2_SMPD3/DOK5_SMPD3/IL12RB2_SMPD3/ZBTB32_SMPD3/EGFL6_SMPD3/CCL4_SMPD3/DUSP5_SMPD3/LRRN3_SMPD3/SYNGR3_SMPD3/HBEGF_SMPD3/SGCB_SMPD3/BTG3_SMPD3/CD70_SMPD3/CD38_SMPD3/DGKI_MYO15B/APBB2_MYO15B/EGFL6_MYO15B/DUSP5_MYO15B/SYNGR3_MYO15B/SGCB_MYO15B/BTG3_MYO15B/CD70_MYO15B/IL22_EPN2/APBB2_SIAH1"
"122",324,324,"Tem_Eosinophil","Tem","Eosinophil",42,1,0.048,0.999999999999792,1,1,"DDX17_THBS1","NFATC4_IL5RA/GDPD5_CAT/NFATC4_CAT/AKT3_CAT/TBCD_CAT/GDPD5_ACACB/FLI1_ACACB/TBC1D5_ACACB/NFATC4_ACACB/AKT3_ACACB/EWSR1_ACACB/TBCD_ACACB/DDX17_ACACB/DDX17_THBS1/AKT3_SYNJ1/MEFV_KBTBD11/TBC1D5_KBTBD11/NFATC4_KBTBD11/AKT3_KBTBD11/MEFV_ABHD2/GDPD5_ABHD2/TBC1D5_ABHD2/NFATC4_ABHD2/AKT3_ABHD2/EWSR1_ABHD2/TBCD_ABHD2/DDX17_ABHD2/MEFV_SMPD3/GDPD5_SMPD3/CCR2_SMPD3/FLI1_SMPD3/TBC1D5_SMPD3/NFATC4_SMPD3/AKT3_SMPD3/EWSR1_SMPD3/TBCD_SMPD3/DDX17_SMPD3/GDPD5_MYO15B/NFATC4_MYO15B/AKT3_MYO15B/EWSR1_MYO15B/TBCD_MYO15B"
"183",325,325,"Th_Mast","Th","Mast",44,1,0.045,0.999999999999948,1,1,"LRBA_PTGS1","FRYL_MS4A2/ATF2_MS4A2/PHF10_MS4A2/PHF10_TPSB2/SLC25A12_HDC/DDX50_SIGLEC6/SLC25A12_SIGLEC6/NUP107_SIGLEC6/RPA1_PPM1H/NAP1L4_PPM1H/ANP32B_PPM1H/DDX50_PPM1H/UBE2L3_PPM1H/SLC25A12_PPM1H/PPP2R5C_PPM1H/NUP107_PPM1H/SEC24C_PPM1H/PHF10_PPM1H/FRYL_TAL1/ANP32B_TAL1/DDX50_TAL1/SLC25A12_TAL1/ATF2_TAL1/LRBA_PTGS1/FRYL_MAOB/RPA1_MAOB/ICOS_MAOB/LRBA_MAOB/NAP1L4_MAOB/BATF_MAOB/GOLGA8A_MAOB/ANP32B_MAOB/DDX50_MAOB/UBE2L3_MAOB/SLC25A12_MAOB/ATF2_MAOB/PPP2R5C_MAOB/NUP107_MAOB/PHF10_MAOB/DDX50_HPGD/UBE2L3_HPGD/ANP32B_CEACAM8/SLC25A12_CEACAM8/ATF2_CEACAM8"
"176",326,326,"Macrophage_Mast","Macrophage","Mast",70,6,0.171,0.999999999999991,1,1,"CHIT1_ABCC4/CHIT1_PTGS1/SULT1C2_PTGS1/SULT1C2_NR0B1/CD84_PTGS1/FDX1_PTGS1","COLEC12_MLPH/COLEC12_SLC24A3/FN1_CTSG/CHI3L1_CTSG/CLEC5A_SLC18A2/EMP1_SLC18A2/CTSK_MS4A2/BCAT1_MS4A2/RAI14_MS4A2/FN1_MS4A2/CHI3L1_MS4A2/RAI14_HDC/BCAT1_SIGLEC6/RAI14_SIGLEC6/FN1_SIGLEC6/FN1_CMA1/CHI3L1_MPO/SULT1C2_NR0B1/FN1_NR0B1/CHI3L1_NR0B1/COLEC12_PPM1H/MSR1_PPM1H/RAI14_PPM1H/COL8A2_PPM1H/CLEC5A_PPM1H/FN1_PPM1H/GM2A_PPM1H/CHI3L1_PPM1H/ATG7_PPM1H/FN1_KIT/SCARB2_TAL1/FN1_TAL1/FDX1_TAL1/CHIT1_ABCC4/CHIT1_PTGS1/SULT1C2_PTGS1/FN1_PTGS1/CD84_PTGS1/FDX1_PTGS1/COLEC12_MAOB/GPC4_MAOB/SCG5_MAOB/MSR1_MAOB/CTSK_MAOB/SCARB2_MAOB/BCAT1_MAOB/RAI14_MAOB/CLEC5A_MAOB/ME1_MAOB/FN1_MAOB/GM2A_MAOB/CD68_MAOB/CHI3L1_MAOB/ATG7_MAOB/FDX1_MAOB/MS4A4A_MAOB/SGMS1_MAOB/EMP1_MAOB/CYBB_MAOB/MSR1_HPGD/CTSK_HPGD/RAI14_HPGD/CLEC5A_HPGD/FN1_HPGD/CD163_HPGD/FDX1_HPGD/CYBB_HPGD/CLEC5A_CEACAM8/FN1_CEACAM8/CHI3L1_CEACAM8"
"51",327,327,"Neutrophil_CD8 T","Neutrophil","CD8 T",64,3,0.094,1,1,1,"MGAM_CAMLG/MGAM_DNAJB1/MGAM_SF1","MGAM_SF1/MME_ARHGAP8/DYSF_ARHGAP8/G0S2_ARHGAP8/G0S2_GZMM/FPR1_GZMM/MGAM_DNAJB1/G0S2_CD8B/ALPL_PRR5/CD93_PRR5/MME_PRR5/DYSF_PRR5/FCAR_PRR5/G0S2_PRR5/FPR1_PRR5/PDE4B_PRR5/LILRB2_PRR5/MME_LIME1/ALPL_THUMPD1/DYSF_THUMPD1/PDE4B_THUMPD1/MME_VAMP2/DYSF_VAMP2/LILRB2_VAMP2/MME_SLC16A7/G0S2_SLC16A7/CD93_LEPROTL1/MME_LEPROTL1/G0S2_LEPROTL1/ALPL_ZFP36L2/MME_ZFP36L2/DYSF_ZFP36L2/G0S2_ZFP36L2/FPR1_ZFP36L2/DYSF_ZEB1/ALPL_ZNF609/MME_ZNF609/DYSF_ZNF609/G0S2_ZNF609/MGAM_CAMLG/DYSF_CAMLG/CD93_PPP1R2/MME_PPP1R2/DYSF_TMC6/ALPL_FLT3LG/MME_FLT3LG/DYSF_FLT3LG/MME_CDKN2AIP/CEACAM3_CDKN2AIP/G0S2_CDKN2AIP/PDE4B_CDKN2AIP/LILRB2_CDKN2AIP/CSF3R_TSC22D3/FPR1_TSC22D3/DYSF_TBCC/FCAR_TBCC/G0S2_TBCC/FPR1_TBCC/PDE4B_TBCC/CD93_RBM3/MME_RBM3/PDE4B_RBM3/DYSF_ABT1/PDE4B_KLF9"
"262",328,327,"Neutrophil_NK","Neutrophil","NK",53,1,0.038,1,1,1,"CRISPLD2_ADARB1","CD93_ZNF747/MME_ZNF747/DYSF_ZNF747/G0S2_ZNF747/PDE4B_ZNF747/G0S2_XCL1/MME_SLC30A5/ALPL_MCM3AP/CD93_MCM3AP/MME_MCM3AP/DYSF_MCM3AP/FCAR_MCM3AP/G0S2_MCM3AP/FPR1_MCM3AP/MME_TBXA2R/G0S2_TBXA2R/MME_CDC5L/PDE4B_CDC5L/G0S2_FGF18/G0S2_MRC2/MME_SPN/DYSF_SPN/G0S2_SPN/FPR1_SPN/FPR1_PSMD4/MME_PRX/FCAR_PRX/G0S2_PRX/MME_FZR1/G0S2_FZR1/FPR1_FZR1/MME_ZNF205/G0S2_ZNF205/ALPL_BCL2/CD93_BCL2/DYSF_BCL2/FCAR_BCL2/G0S2_BCL2/FPR1_BCL2/PDE4B_BCL2/LILRB2_BCL2/G0S2_TCTN2/CRISPLD2_ADARB1/G0S2_ADARB1/MME_NCR1/FCAR_NCR1/G0S2_NCR1/CD93_LDB3/DYSF_LDB3/G0S2_LDB3/PDE4B_LDB3/G0S2_IGFBP5/G0S2_TINAGL1"
"2",329,329,"CD8 T_aDC","CD8 T","aDC",0,0,NA,1,1,1,"",""
"3",330,329,"Cytotoxic_aDC","Cytotoxic","aDC",0,0,NA,1,1,1,"",""
"4",331,329,"DC_aDC","DC","aDC",0,0,NA,1,1,1,"",""
"6",332,329,"iDC_aDC","iDC","aDC",0,0,NA,1,1,1,"",""
"7",333,329,"Macrophage_aDC","Macrophage","aDC",1,0,0,1,1,1,"","FN1_EBI3"
"8",334,329,"Mast_aDC","Mast","aDC",0,0,NA,1,1,1,"",""
"9",335,329,"Neutrophil_aDC","Neutrophil","aDC",5,0,0,1,1,1,"","MME_EBI3/G0S2_EBI3/FPR1_EBI3/G0S2_OAS3/G0S2_LAMP3"
"10",336,329,"CD56bright NK_aDC","CD56bright NK","aDC",0,0,NA,1,1,1,"",""
"11",337,329,"CD56dim NK_aDC","CD56dim NK","aDC",0,0,NA,1,1,1,"",""
"12",338,329,"NK_aDC","NK","aDC",0,0,NA,1,1,1,"",""
"13",339,329,"Tumor_aDC","Tumor","aDC",4,0,0,1,1,1,"","S100A2_EBI3/INHBB_EBI3/S100A2_OAS3/S100A2_LAMP3"
"14",340,329,"T_aDC","T","aDC",0,0,NA,1,1,1,"",""
"15",341,329,"Th_aDC","Th","aDC",0,0,NA,1,1,1,"",""
"16",342,329,"Tcm_aDC","Tcm","aDC",0,0,NA,1,1,1,"",""
"17",343,329,"Tem_aDC","Tem","aDC",0,0,NA,1,1,1,"",""
"18",344,329,"Tfh_aDC","Tfh","aDC",1,0,0,1,1,1,"","CHI3L2_EBI3"
"19",345,329,"Tgd_aDC","Tgd","aDC",0,0,NA,1,1,1,"",""
"20",346,329,"Th1_aDC","Th1","aDC",1,0,0,1,1,1,"","CD70_EBI3"
"21",347,329,"Th2_aDC","Th2","aDC",1,0,0,1,1,1,"","WDHD1_OAS3"
"22",348,329,"aDC_B","aDC","B",1,0,0,1,1,1,"","LAMP3_BLNK"
"30",349,329,"Neutrophil_B","Neutrophil","B",67,2,0.06,1,1,1,"MGAM_OSBPL10/MGAM_GLDC","MME_MICAL3/G0S2_MS4A1/G0S2_TCL1A/ALPL_BLK/FCAR_BLK/G0S2_BLK/FPR1_BLK/PDE4B_BLK/LILRB2_COCH/MGAM_OSBPL10/MME_IGHA1/ALPL_TNFRSF17/G0S2_TNFRSF17/MME_ABCB4/G0S2_ABCB4/ALPL_HLA-DOB/G0S2_HLA-DOB/G0S2_CD19/G0S2_FAM30A/G0S2_SPIB/G0S2_BCL11A/ALPL_BACH2/G0S2_BACH2/ALPL_GNG7/CD93_GNG7/MME_GNG7/DYSF_GNG7/G0S2_GNG7/FPR1_GNG7/PDE4B_GNG7/DYSF_CCR9/CEACAM3_CCR9/SLC25A37_CCR9/G0S2_CCR9/PDE4B_CCR9/LILRB2_CCR9/G0S2_QRSL1/PDE4B_QRSL1/G0S2_DTNB/ALPL_SCN3A/CD93_SCN3A/MME_SCN3A/DYSF_SCN3A/G0S2_SCN3A/FPR1_SCN3A/PDE4B_SCN3A/MME_SLC15A2/G0S2_SLC15A2/ALPL_BLNK/SIGLEC5_BLNK/CD93_BLNK/CSF3R_BLNK/MME_BLNK/DYSF_BLNK/FCAR_BLNK/CEACAM3_BLNK/HPSE_BLNK/CREB5_BLNK/S100A12_BLNK/TNFRSF10C_BLNK/G0S2_BLNK/FPR1_BLNK/PDE4B_BLNK/LILRB2_BLNK/ALPL_IGHM/MGAM_GLDC/MME_GLDC"
"32",350,329,"CD56dim NK_B","CD56dim NK","B",8,0,0,1,1,1,"","IL21R_BLK/GTF3C1_SCN3A/KIR3DL2_BLNK/GZMB_BLNK/SPON2_BLNK/IL21R_BLNK/KIR3DL1_BLNK/GTF3C1_BLNK"
"38",351,329,"Tem_B","Tem","B",11,0,0,1,1,1,"","AKT3_SCN3A/TBCD_SCN3A/MEFV_BLNK/GDPD5_BLNK/FLI1_BLNK/TBC1D5_BLNK/NFATC4_BLNK/AKT3_BLNK/EWSR1_BLNK/TBCD_BLNK/DDX17_BLNK"
"43",352,329,"aDC_CD8 T","aDC","CD8 T",0,0,NA,1,1,1,"",""
"64",353,329,"aDC_Cytotoxic","aDC","Cytotoxic",0,0,NA,1,1,1,"",""
"72",354,329,"Neutrophil_Cytotoxic","Neutrophil","Cytotoxic",26,0,0,1,1,1,"","MME_CTSW/ALPL_KLRB1/MME_KLRB1/G0S2_KLRB1/SIGLEC5_KLRK1/CD93_KLRK1/MME_KLRK1/DYSF_KLRK1/G0S2_KLRK1/FPR1_KLRK1/G0S2_KLRD1/G0S2_KLRF1/G0S2_DUSP2/MME_SIGIRR/G0S2_SIGIRR/CSF3R_ZBTB16/MME_ZBTB16/FCGR3B_ZBTB16/S100A12_ZBTB16/FPR1_ZBTB16/G0S2_NKG7/G0S2_RORA/MME_APOL3/G0S2_APOL3/LILRB2_APOL3/G0S2_GZMA"
"74",355,329,"CD56dim NK_Cytotoxic","CD56dim NK","Cytotoxic",2,0,0,1,1,1,"","GZMB_GZMH/GZMB_APOL3"
"82",356,329,"Tgd_Cytotoxic","Tgd","Cytotoxic",0,0,NA,1,1,1,"",""
"85",357,329,"aDC_DC","aDC","DC",0,0,NA,1,1,1,"",""
"87",358,329,"CD8 T_DC","CD8 T","DC",16,0,0,1,1,1,"","SF1_PPFIBP2/DNAJB1_PPFIBP2/PRR5_PPFIBP2/LIME1_PPFIBP2/VAMP2_PPFIBP2/APBA2_PPFIBP2/LEPROTL1_PPFIBP2/ZEB1_PPFIBP2/ZNF609_PPFIBP2/CAMLG_PPFIBP2/PPP1R2_PPFIBP2/ZNF91_PPFIBP2/FLT3LG_PPFIBP2/ABT1_PPFIBP2/DNAJB1_CCL17/LEPROTL1_CCL17"
"88",359,329,"Cytotoxic_DC","Cytotoxic","DC",8,0,0,1,1,1,"","RUNX3_CCL22/DUSP2_PPFIBP2/GNLY_PPFIBP2/RORA_PPFIBP2/APBA2_PPFIBP2/KLRD1_CCL17/GNLY_CCL17/RUNX3_CCL17"
"90",360,329,"iDC_DC","iDC","DC",8,0,0,1,1,1,"","GUCA1A_PPFIBP2/VASH1_PPFIBP2/LMAN2L_PPFIBP2/SLC26A6_PPFIBP2/BLVRB_PPFIBP2/SLC7A8_PPFIBP2/FZD2_PPFIBP2/PREP_PPFIBP2"
"91",361,329,"Macrophage_DC","Macrophage","DC",18,0,0,1,1,1,"","FN1_CCL22/COLEC12_PPFIBP2/MSR1_PPFIBP2/RAI14_PPFIBP2/ME1_PPFIBP2/FN1_PPFIBP2/GM2A_PPFIBP2/CD68_PPFIBP2/ATG7_PPFIBP2/FDX1_PPFIBP2/SGMS1_PPFIBP2/FN1_NPR1/RAI14_CCL17/CLEC5A_CCL17/FN1_CCL17/CD163_CCL17/GM2A_CCL17/CHI3L1_CCL17"
"93",362,329,"Neutrophil_DC","Neutrophil","DC",27,0,0,1,1,1,"","MME_HSD11B1/ALPL_CCL22/MME_CCL22/G0S2_CCL22/ALPL_PPFIBP2/SIGLEC5_PPFIBP2/CD93_PPFIBP2/MME_PPFIBP2/FCGR3B_PPFIBP2/DYSF_PPFIBP2/FCAR_PPFIBP2/CEACAM3_PPFIBP2/HPSE_PPFIBP2/CREB5_PPFIBP2/S100A12_PPFIBP2/G0S2_PPFIBP2/FPR1_PPFIBP2/PDE4B_PPFIBP2/LILRB2_PPFIBP2/MME_NPR1/DYSF_NPR1/G0S2_NPR1/CD93_CCL17/MME_CCL17/DYSF_CCL17/G0S2_CCL17/FPR1_CCL17"
"94",363,329,"CD56bright NK_DC","CD56bright NK","DC",1,0,0,1,1,1,"","MADD_PPFIBP2"
"95",364,329,"CD56dim NK_DC","CD56dim NK","DC",3,0,0,1,1,1,"","IL21R_PPFIBP2/KIR3DL1_PPFIBP2/GTF3C1_PPFIBP2"
"96",365,329,"NK_DC","NK","DC",8,0,0,1,1,1,"","ZNF747_PPFIBP2/TBXA2R_PPFIBP2/MRC2_PPFIBP2/MAPRE3_PPFIBP2/ADARB1_PPFIBP2/NCR1_PPFIBP2/MRC2_NPR1/MAPRE3_CCL17"
"97",366,329,"Tumor_DC","Tumor","DC",16,0,0,1,1,1,"","S100A2_HSD11B1/S100A2_CCL22/VSNL1_PPFIBP2/ASPSCR1_PPFIBP2/IGF2_PPFIBP2/S100A2_PPFIBP2/INHBB_PPFIBP2/JAG2_PPFIBP2/SLC1A5_PPFIBP2/HOXA9_PPFIBP2/S100A2_NPR1/S100A2_CD209/KRT5_CCL17/S100A2_CCL17/FKBP4_CCL17/S100A2_CCL13"
"99",367,329,"Th_DC","Th","DC",16,0,0,1,1,1,"","FRYL_PPFIBP2/RPA1_PPFIBP2/LRBA_PPFIBP2/NAP1L4_PPFIBP2/ASF1A_PPFIBP2/GOLGA8A_PPFIBP2/ANP32B_PPFIBP2/DDX50_PPFIBP2/SLC25A12_PPFIBP2/ATF2_PPFIBP2/CD28_PPFIBP2/PPP2R5C_PPFIBP2/NUP107_PPFIBP2/SEC24C_PPFIBP2/UBE2L3_CCL17/SLC25A12_CCL17"
"100",368,329,"Tcm_DC","Tcm","DC",16,0,0,1,1,1,"","CDC14A_PPFIBP2/ATM_PPFIBP2/FOXP1_PPFIBP2/KLF12_PPFIBP2/PCM1_PPFIBP2/NFATC3_PPFIBP2/TIMM8A_PPFIBP2/ATF7IP_PPFIBP2/REPS1_PPFIBP2/ST3GAL1_PPFIBP2/CREBZF_PPFIBP2/CEP68_PPFIBP2/MAP3K1_PPFIBP2/CYLD_PPFIBP2/SLC7A6_PPFIBP2/STX16_PPFIBP2"
"101",369,329,"Tem_DC","Tem","DC",9,0,0,1,1,1,"","GDPD5_PPFIBP2/FLI1_PPFIBP2/TBC1D5_PPFIBP2/NFATC4_PPFIBP2/AKT3_PPFIBP2/EWSR1_PPFIBP2/TBCD_PPFIBP2/DDX17_PPFIBP2/MEFV_CCL17"
"102",370,329,"Tfh_DC","Tfh","DC",12,0,0,1,1,1,"","PASK_CCL22/CHI3L2_PPFIBP2/TSHR_PPFIBP2/TOX_PPFIBP2/SMAD1_PPFIBP2/HEY1_PPFIBP2/PVALB_PPFIBP2/MAGEH1_PPFIBP2/PASK_PPFIBP2/MAF_PPFIBP2/THADA_PPFIBP2/HEY1_CCL17"
"103",371,329,"Tgd_DC","Tgd","DC",2,0,0,1,1,1,"","CD160_PPFIBP2/FEZ1_PPFIBP2"
"104",372,329,"Th1_DC","Th1","DC",8,0,0,1,1,1,"","HBEGF_CCL22/LTA_PPFIBP2/APBB2_PPFIBP2/EGFL6_PPFIBP2/DUSP5_PPFIBP2/BTG3_PPFIBP2/CD70_PPFIBP2/BST2_CCL17"
"105",373,329,"Th2_DC","Th2","DC",15,0,0,1,1,1,"","AHI1_PPFIBP2/CENPF_PPFIBP2/WDHD1_PPFIBP2/NEIL3_PPFIBP2/MICAL2_PPFIBP2/SMAD2_PPFIBP2/CDC25C_PPFIBP2/PHEX_PPFIBP2/HELLS_PPFIBP2/CDC7_PPFIBP2/BIRC5_PPFIBP2/NEIL3_CCL17/HELLS_CCL17/CDC7_CCL17/BIRC5_CCL17"
"106",374,329,"aDC_Eosinophil","aDC","Eosinophil",1,0,0,1,1,1,"","OAS3_SMPD3"
"112",375,329,"Macrophage_Eosinophil","Macrophage","Eosinophil",111,14,0.252,1,1,1,"CHIT1_RNASE2/CHIT1_CYSLTR2/CD84_CYSLTR2/SCARB2_THBS1/SULT1C2_TGIF1/CD84_THBS1/CHIT1_THBS1/DNASE2B_THBS1/CD84_RRP12/SULT1C2_EPN2/CHIT1_SYNJ1/SULT1C2_RNASE2/SULT1C2_SIAH1/DNASE2B_CYSLTR2","FN1_KCNH2/RAI14_HRH4/CHI3L1_HRH4/CHIT1_RNASE2/SULT1C2_RNASE2/COLEC12_CAT/RAI14_CAT/FN1_CAT/GM2A_CAT/CHI3L1_CAT/FDX1_CAT/CYBB_CAT/PCOLCE2_ACACB/SCG5_ACACB/RAI14_ACACB/FN1_ACACB/ATG7_ACACB/CHIT1_THBS1/SCARB2_THBS1/DNASE2B_THBS1/CD84_THBS1/RAI14_GALC/CLEC5A_GALC/FN1_GALC/CHIT1_CYSLTR2/DNASE2B_CYSLTR2/CD84_CYSLTR2/SULT1C2_TGIF1/CD84_RRP12/CHI3L1_RCOR3/CHIT1_SYNJ1/RAI14_SYNJ1/FN1_SYNJ1/GPC4_KBTBD11/MSR1_KBTBD11/CTSK_KBTBD11/SCARB2_KBTBD11/RAI14_KBTBD11/COL8A2_KBTBD11/CLEC5A_KBTBD11/ME1_KBTBD11/FN1_KBTBD11/GM2A_KBTBD11/CHI3L1_KBTBD11/ATG7_KBTBD11/FDX1_KBTBD11/EMP1_KBTBD11/COLEC12_HES1/CHI3L1_HES1/COLEC12_ABHD2/MSR1_ABHD2/CTSK_ABHD2/SCARB2_ABHD2/RAI14_ABHD2/COL8A2_ABHD2/CLEC5A_ABHD2/FN1_ABHD2/CD163_ABHD2/GM2A_ABHD2/CD68_ABHD2/CHI3L1_ABHD2/ATG7_ABHD2/FDX1_ABHD2/SGMS1_ABHD2/EMP1_ABHD2/COLEC12_SMPD3/GPC4_SMPD3/PCOLCE2_SMPD3/SCG5_SMPD3/MSR1_SMPD3/CTSK_SMPD3/SCARB2_SMPD3/BCAT1_SMPD3/RAI14_SMPD3/COL8A2_SMPD3/APOE_SMPD3/CLEC5A_SMPD3/ME1_SMPD3/DNASE2B_SMPD3/CCL7_SMPD3/FN1_SMPD3/CD163_SMPD3/GM2A_SMPD3/CD68_SMPD3/CHI3L1_SMPD3/ATG7_SMPD3/FDX1_SMPD3/MS4A4A_SMPD3/SGMS1_SMPD3/EMP1_SMPD3/CYBB_SMPD3/COLEC12_MYO15B/GPC4_MYO15B/PCOLCE2_MYO15B/MSR1_MYO15B/CTSK_MYO15B/SCARB2_MYO15B/RAI14_MYO15B/CLEC5A_MYO15B/ME1_MYO15B/CCL7_MYO15B/FN1_MYO15B/CD163_MYO15B/GM2A_MYO15B/CHI3L1_MYO15B/ATG7_MYO15B/CYBB_MYO15B/SULT1C2_EPN2/SULT1C2_SIAH1/RAI14_SIAH1/CHI3L1_SIAH1"
"114",376,329,"Neutrophil_Eosinophil","Neutrophil","Eosinophil",132,3,0.045,1,1,1,"SIGLEC5_THBS1/MGAM_TKTL1/BST1_TGIF1","MGAM_TKTL1/ALPL_IL5RA/DYSF_IL5RA/G0S2_IL5RA/PDE4B_IL5RA/MME_HRH4/DYSF_HRH4/FPR1_HRH4/PDE4B_HRH4/LILRB2_HRH4/ALPL_CAT/SIGLEC5_CAT/CD93_CAT/MME_CAT/DYSF_CAT/FCAR_CAT/CEACAM3_CAT/S100A12_CAT/SLC25A37_CAT/G0S2_CAT/FPR1_CAT/PDE4B_CAT/LILRB2_CAT/G0S2_LRP5L/G0S2_CCR3/ALPL_ACACB/CD93_ACACB/MME_ACACB/DYSF_ACACB/FCAR_ACACB/CEACAM3_ACACB/CREB5_ACACB/SLC25A37_ACACB/G0S2_ACACB/FPR1_ACACB/PDE4B_ACACB/LILRB2_ACACB/SIGLEC5_THBS1/ALPL_GALC/DYSF_GALC/PDE4B_GALC/MME_CYSLTR2/FPR1_CYSLTR2/BST1_TGIF1/MME_RRP12/G0S2_RRP12/ALPL_RCOR3/CD93_RCOR3/MME_RCOR3/DYSF_RCOR3/G0S2_RCOR3/PDE4B_RCOR3/CD93_SYNJ1/MME_SYNJ1/DYSF_SYNJ1/G0S2_SYNJ1/CD93_THBS4/ALPL_KBTBD11/CD93_KBTBD11/CSF3R_KBTBD11/MME_KBTBD11/DYSF_KBTBD11/FCAR_KBTBD11/CEACAM3_KBTBD11/HPSE_KBTBD11/S100A12_KBTBD11/TNFRSF10C_KBTBD11/SLC22A4_KBTBD11/BST1_KBTBD11/G0S2_KBTBD11/FPR1_KBTBD11/PDE4B_KBTBD11/LILRB2_KBTBD11/MME_HES1/G0S2_HES1/ALPL_ABHD2/SIGLEC5_ABHD2/CD93_ABHD2/CSF3R_ABHD2/MME_ABHD2/FCGR3B_ABHD2/DYSF_ABHD2/FCAR_ABHD2/CEACAM3_ABHD2/HPSE_ABHD2/CREB5_ABHD2/TNFRSF10C_ABHD2/BST1_ABHD2/CRISPLD2_ABHD2/G0S2_ABHD2/FPR1_ABHD2/PDE4B_ABHD2/LILRB2_ABHD2/G0S2_TIPARP/FPR1_TIPARP/ALPL_SMPD3/SIGLEC5_SMPD3/CD93_SMPD3/CSF3R_SMPD3/MME_SMPD3/FCGR3B_SMPD3/DYSF_SMPD3/FCAR_SMPD3/CEACAM3_SMPD3/HPSE_SMPD3/CREB5_SMPD3/S100A12_SMPD3/TNFRSF10C_SMPD3/SLC22A4_SMPD3/SLC25A37_SMPD3/BST1_SMPD3/CRISPLD2_SMPD3/G0S2_SMPD3/FPR1_SMPD3/PDE4B_SMPD3/LILRB2_SMPD3/ALPL_MYO15B/CD93_MYO15B/MME_MYO15B/DYSF_MYO15B/FCAR_MYO15B/HPSE_MYO15B/CREB5_MYO15B/G0S2_MYO15B/FPR1_MYO15B/PDE4B_MYO15B/LILRB2_MYO15B/G0S2_EPN2/CD93_SIAH1/MME_SIAH1/DYSF_SIAH1/G0S2_SIAH1"
"118",377,329,"Tumor_Eosinophil","Tumor","Eosinophil",97,10,0.206,1,1,1,"BMP4_CYSLTR2/BMP7_TGIF1/BMP7_EPN2/BMP4_THBS1/BMP7_THBS1/HOXA9_TGIF1/BMP7_CYSLTR2/IGF2_THBS1/BMP4_EPN2/SLC27A5_THBS1","S100A2_KCNH2/S100A2_TKTL1/S100A2_IL5RA/FKBP4_IL5RA/S100A2_HRH4/VSNL1_CAT/ASPSCR1_CAT/S100A2_CAT/INHBB_CAT/JAG2_CAT/FKBP4_CAT/S100A2_LRP5L/S100A2_CCR3/VSNL1_ACACB/ASPSCR1_ACACB/IGF2_ACACB/S100A2_ACACB/INHBB_ACACB/DHRS2_ACACB/FKBP4_ACACB/TEAD4_ACACB/BMP4_THBS1/IGF2_THBS1/BMP7_THBS1/SLC27A5_THBS1/KRT5_GALC/S100A2_GALC/FKBP4_GALC/BMP4_CYSLTR2/S100A2_CYSLTR2/BMP7_CYSLTR2/S100A2_TGIF1/BMP7_TGIF1/HOXA9_TGIF1/S100A2_RCOR3/S100A2_SYNJ1/S100A2_THBS4/FKBP4_THBS4/KRT5_KBTBD11/MFAP2_KBTBD11/S100A2_KBTBD11/INHBB_KBTBD11/JAG2_KBTBD11/RPP25_KBTBD11/DHRS2_KBTBD11/SLC1A5_KBTBD11/FKBP4_KBTBD11/S100A2_HES1/MFAP2_ABHD2/S100A2_ABHD2/INHBB_ABHD2/JAG2_ABHD2/RPP25_ABHD2/DHRS2_ABHD2/FKBP4_ABHD2/TEAD4_ABHD2/LRFN4_ABHD2/S100A2_TIPARP/KRT13_SMPD3/SLC6A8_SMPD3/KRT5_SMPD3/BMP4_SMPD3/EEF1A2_SMPD3/VSNL1_SMPD3/ASPSCR1_SMPD3/IGF2_SMPD3/MFAP2_SMPD3/FGF3_SMPD3/S100A2_SMPD3/INHBB_SMPD3/JAG2_SMPD3/BAMBI_SMPD3/RPP25_SMPD3/RHOD_SMPD3/DHRS2_SMPD3/ITGB4_SMPD3/STRA6_SMPD3/SLC1A5_SMPD3/FKBP4_SMPD3/TEAD4_SMPD3/CCND1_SMPD3/SLC27A5_SMPD3/HOXA9_SMPD3/LRFN4_SMPD3/VSNL1_MYO15B/ASPSCR1_MYO15B/MFAP2_MYO15B/S100A2_MYO15B/INHBB_MYO15B/RPP25_MYO15B/SLC1A5_MYO15B/HOXA9_MYO15B/BMP4_EPN2/S100A2_EPN2/BMP7_EPN2/S100A2_SIAH1/INHBB_SIAH1"
"120",378,329,"Th_Eosinophil","Th","Eosinophil",75,4,0.107,1,1,1,"LRBA_EPN2/BATF_EPN2/BATF_THBS1/ASF1A_THBS1","ANP32B_TKTL1/SLC25A12_IL5RA/ATF2_HRH4/FRYL_CAT/ANP32B_CAT/DDX50_CAT/SLC25A12_CAT/ATF2_CAT/PPP2R5C_CAT/PHF10_CAT/FRYL_ACACB/RPA1_ACACB/NAP1L4_ACACB/ANP32B_ACACB/DDX50_ACACB/SLC25A12_ACACB/ATF2_ACACB/PPP2R5C_ACACB/NUP107_ACACB/SEC24C_ACACB/BATF_THBS1/ASF1A_THBS1/SLC25A12_GALC/ANP32B_RCOR3/ANP32B_SYNJ1/LRBA_KBTBD11/NAP1L4_KBTBD11/ASF1A_KBTBD11/GOLGA8A_KBTBD11/DDX50_KBTBD11/UBE2L3_KBTBD11/SLC25A12_KBTBD11/ATF2_KBTBD11/PPP2R5C_KBTBD11/NUP107_KBTBD11/PHF10_KBTBD11/FRYL_ABHD2/RPA1_ABHD2/ICOS_ABHD2/NAP1L4_ABHD2/ANP32B_ABHD2/DDX50_ABHD2/UBE2L3_ABHD2/SLC25A12_ABHD2/ATF2_ABHD2/NUP107_ABHD2/SEC24C_ABHD2/PHF10_ABHD2/FRYL_SMPD3/RPA1_SMPD3/LRBA_SMPD3/NAP1L4_SMPD3/BATF_SMPD3/ASF1A_SMPD3/GOLGA8A_SMPD3/ANP32B_SMPD3/DDX50_SMPD3/UBE2L3_SMPD3/SLC25A12_SMPD3/ATF2_SMPD3/CD28_SMPD3/PPP2R5C_SMPD3/NUP107_SMPD3/SEC24C_SMPD3/FAM111A_SMPD3/PHF10_SMPD3/FRYL_MYO15B/RPA1_MYO15B/NAP1L4_MYO15B/ANP32B_MYO15B/SLC25A12_MYO15B/ATF2_MYO15B/NUP107_MYO15B/LRBA_EPN2/BATF_EPN2"
"127",379,329,"aDC_iDC","aDC","iDC",0,0,NA,1,1,1,"",""
"129",380,329,"CD8 T_iDC","CD8 T","iDC",3,0,0,1,1,1,"","DNAJB1_GUCA1A/DNAJB1_CARD9/DNAJB1_ABCG2"
"135",381,329,"Neutrophil_iDC","Neutrophil","iDC",52,0,0,1,1,1,"","G0S2_GUCA1A/PDE4B_GUCA1A/ALPL_CARD9/CD93_CARD9/MME_CARD9/DYSF_CARD9/G0S2_CARD9/FPR1_CARD9/CD93_ABCG2/MME_ABCG2/DYSF_ABCG2/FCAR_ABCG2/G0S2_ABCG2/PDE4B_ABCG2/G0S2_VASH1/MME_CD1E/G0S2_CD1E/DYSF_FABP4/G0S2_FABP4/MME_CLEC10A/FCGR3B_CLEC10A/DYSF_CLEC10A/G0S2_CLEC10A/FPR1_CLEC10A/G0S2_SYT17/CD93_MS4A6A/MME_MS4A6A/FPR1_MS4A6A/MME_CTNS/G0S2_CTNS/PDE4B_CTNS/MME_LMAN2L/MME_BLVRB/G0S2_PPARG/CD93_RAP1GAP/MME_RAP1GAP/G0S2_RAP1GAP/PDE4B_RAP1GAP/MME_CSF1R/G0S2_CSF1R/CSF3R_HS3ST2/MME_HS3ST2/FPR1_HS3ST2/ALPL_PREP/FCAR_PREP/G0S2_PREP/FPR1_PREP/MME_NUDT9/DYSF_NUDT9/G0S2_NUDT9/MME_CD1C/G0S2_CD1C"
"137",382,329,"CD56dim NK_iDC","CD56dim NK","iDC",1,0,0,1,1,1,"","GTF3C1_ABCG2"
"141",383,329,"Th_iDC","Th","iDC",16,0,0,1,1,1,"","ANP32B_GUCA1A/SLC25A12_GUCA1A/RPA1_CARD9/NAP1L4_CARD9/ANP32B_CARD9/SLC25A12_CARD9/SLC25A12_ABCG2/PHF10_ABCG2/ANP32B_CTNS/SLC25A12_CTNS/RPA1_PREP/ANP32B_PREP/DDX50_PREP/ANP32B_CD1C/CD28_CD1C/SEC24C_CD1C"
"143",384,329,"Tem_iDC","Tem","iDC",5,0,0,1,1,1,"","AKT3_CARD9/TBCD_CARD9/NFATC4_ABCG2/GDPD5_CD1C/NFATC4_CD1C"
"145",385,329,"Tgd_iDC","Tgd","iDC",0,0,NA,1,1,1,"",""
"169",386,329,"aDC_Mast","aDC","Mast",0,0,NA,1,1,1,"",""
"172",387,329,"Cytotoxic_Mast","Cytotoxic","Mast",13,0,0,1,1,1,"","GNLY_MLPH/DUSP2_TPSAB1/KLRD1_MS4A2/RORA_MS4A2/RORA_TPSB2/RORA_SIGLEC6/GNLY_PPM1H/GNLY_TAL1/GNLY_MAOB/SIGIRR_MAOB/DUSP2_HPGD/GNLY_HPGD/RUNX3_HPGD"
"177",388,329,"Neutrophil_Mast","Neutrophil","Mast",106,1,0.019,1,1,1,"BST1_PTGS1","DYSF_MLPH/G0S2_ADCYAP1/MME_SLC24A3/FPR1_SLC24A3/MME_PRG2/PDE4B_PRG2/MME_CTSG/S100A12_CTSG/G0S2_CTSG/FPR1_CTSG/CD93_TPSAB1/MME_TPSAB1/FCAR_TPSAB1/G0S2_TPSAB1/FPR1_TPSAB1/PDE4B_TPSAB1/CD93_SLC18A2/MME_SLC18A2/G0S2_SLC18A2/FPR1_SLC18A2/PDE4B_SLC18A2/ALPL_MS4A2/DYSF_MS4A2/FCAR_MS4A2/CRISPLD2_MS4A2/G0S2_MS4A2/PDE4B_MS4A2/CRISPLD2_TPSB2/G0S2_TPSB2/FPR1_TPSB2/G0S2_GATA2/MME_HDC/G0S2_HDC/PDE4B_HDC/MME_SIGLEC6/DYSF_SIGLEC6/CEACAM3_SIGLEC6/CREB5_SIGLEC6/TNFRSF10C_SIGLEC6/CRISPLD2_SIGLEC6/G0S2_SIGLEC6/PDE4B_SIGLEC6/CD93_CMA1/MME_CMA1/G0S2_CMA1/MME_MPO/MME_NR0B1/G0S2_NR0B1/ALPL_PPM1H/SIGLEC5_PPM1H/CD93_PPM1H/MME_PPM1H/DYSF_PPM1H/CREB5_PPM1H/FPR1_PPM1H/PDE4B_PPM1H/LILRB2_PPM1H/ALPL_KIT/CREB5_KIT/G0S2_KIT/ALPL_TAL1/CD93_TAL1/MME_TAL1/DYSF_TAL1/FCAR_TAL1/SLC25A37_TAL1/G0S2_TAL1/PDE4B_TAL1/MME_ABCC4/MME_PTGS1/BST1_PTGS1/ALPL_MAOB/CD93_MAOB/CSF3R_MAOB/MME_MAOB/DYSF_MAOB/CEACAM3_MAOB/HPSE_MAOB/CREB5_MAOB/S100A12_MAOB/SLC22A4_MAOB/BST1_MAOB/CRISPLD2_MAOB/G0S2_MAOB/FPR1_MAOB/PDE4B_MAOB/LILRB2_MAOB/ALPL_HPGD/CD93_HPGD/CSF3R_HPGD/MME_HPGD/DYSF_HPGD/FCAR_HPGD/CEACAM3_HPGD/S100A12_HPGD/TNFRSF10C_HPGD/SLC22A4_HPGD/G0S2_HPGD/FPR1_HPGD/PDE4B_HPGD/LILRB2_HPGD/MME_CEACAM8/DYSF_CEACAM8/FCAR_CEACAM8/SLC25A37_CEACAM8/FPR1_CEACAM8"
"179",389,329,"CD56dim NK_Mast","CD56dim NK","Mast",7,0,0,1,1,1,"","KIR3DL2_MS4A2/IL21R_PPM1H/GTF3C1_PPM1H/KIR3DL2_MAOB/KIR3DL1_MAOB/GTF3C1_MAOB/GZMB_HPGD"
"181",390,329,"Tumor_Mast","Tumor","Mast",59,0,0,1,1,1,"","VSNL1_MLPH/S100A2_MLPH/JAG2_MLPH/S100A2_ADCYAP1/S100A2_SLC24A3/S100A2_PRG2/S100A2_CTSG/DHRS2_CTSG/S100A2_SLC18A2/KRT5_MS4A2/S100A2_MS4A2/KRT5_CPA3/S100A2_CPA3/S100A2_TPSB2/FKBP4_TPSB2/S100A2_GATA2/S100A2_HDC/KRT5_SIGLEC6/S100A2_SIGLEC6/INHBB_SIGLEC6/S100A2_CMA1/S100A2_MPO/S100A2_NR0B1/ASPSCR1_PPM1H/S100A2_PPM1H/INHBB_PPM1H/JAG2_PPM1H/FKBP4_PPM1H/HOXA9_PPM1H/S100A2_KIT/S100A2_TAL1/FKBP4_TAL1/S100A2_ABCC4/S100A2_PTGS1/KRT13_MAOB/KRT5_MAOB/BMP4_MAOB/VSNL1_MAOB/ASPSCR1_MAOB/IGF2_MAOB/MFAP2_MAOB/S100A2_MAOB/INHBB_MAOB/JAG2_MAOB/RPP25_MAOB/RHOD_MAOB/DHRS2_MAOB/ITGB4_MAOB/STRA6_MAOB/SLC1A5_MAOB/FKBP4_MAOB/TEAD4_MAOB/SLC27A5_MAOB/HOXA9_MAOB/KRT5_HPGD/S100A2_HPGD/FKBP4_HPGD/S100A2_SCG2/S100A2_CEACAM8"
"185",391,329,"Tem_Mast","Tem","Mast",14,0,0,1,1,1,"","AKT3_TPSAB1/AKT3_HDC/FLI1_TAL1/NFATC4_TAL1/EWSR1_TAL1/MEFV_MAOB/GDPD5_MAOB/TBC1D5_MAOB/NFATC4_MAOB/AKT3_MAOB/EWSR1_MAOB/TBCD_MAOB/GDPD5_HPGD/EWSR1_HPGD"
"187",392,329,"Tgd_Mast","Tgd","Mast",3,0,0,1,1,1,"","FEZ1_PPM1H/TRGV9_MAOB/FEZ1_MAOB"
"188",393,329,"Th1_Mast","Th1","Mast",45,0,0,1,1,1,"","DUSP5_MLPH/BTG3_SLC24A3/APBB2_SLC18A2/HBEGF_SLC18A2/BTG3_SLC18A2/APBB2_MS4A2/HBEGF_MS4A2/BTG3_MS4A2/EGFL6_TPSB2/HBEGF_TPSB2/APBB2_SIGLEC6/APBB2_MPO/DGKI_PPM1H/EGFL6_PPM1H/DUSP5_PPM1H/HBEGF_PPM1H/BTG3_PPM1H/CD70_PPM1H/DGKI_TAL1/APBB2_TAL1/BTG3_TAL1/EGFL6_ABCC4/LRP8_MAOB/IL22_MAOB/DGKI_MAOB/LTA_MAOB/APBB2_MAOB/DOK5_MAOB/IL12RB2_MAOB/EGFL6_MAOB/BST2_MAOB/DUSP5_MAOB/LRRN3_MAOB/HBEGF_MAOB/SGCB_MAOB/BTG3_MAOB/CD70_MAOB/EGFL6_HPGD/CCL4_HPGD/DUSP5_HPGD/SYNGR3_HPGD/HBEGF_HPGD/CD70_HPGD/APBB2_CEACAM8/BTG3_CEACAM8"
"211",394,329,"aDC_CD56bright NK","aDC","CD56bright NK",0,0,NA,1,1,1,"",""
"213",395,329,"CD8 T_CD56bright NK","CD8 T","CD56bright NK",4,0,0,1,1,1,"","DNAJB1_PLA2G6/LIME1_PLA2G6/CAMLG_PLA2G6/CAMLG_MPPED1"
"214",396,329,"Cytotoxic_CD56bright NK","Cytotoxic","CD56bright NK",1,0,0,1,1,1,"","GNLY_MADD"
"217",397,329,"iDC_CD56bright NK","iDC","CD56bright NK",1,0,0,1,1,1,"","PPARG_PLA2G6"
"220",398,329,"Neutrophil_CD56bright NK","Neutrophil","CD56bright NK",20,0,0,1,1,1,"","G0S2_XCL1/G0S2_DUSP4/CD93_PLA2G6/MME_PLA2G6/DYSF_PLA2G6/FCAR_PLA2G6/CEACAM3_PLA2G6/SLC25A37_PLA2G6/G0S2_PLA2G6/PDE4B_PLA2G6/LILRB2_PLA2G6/CD93_MPPED1/MME_MPPED1/DYSF_MPPED1/PDE4B_MPPED1/ALPL_MADD/CD93_MADD/MME_MADD/DYSF_MADD/G0S2_MADD"
"221",399,329,"CD56dim NK_CD56bright NK","CD56dim NK","CD56bright NK",0,0,NA,1,1,1,"",""
"222",400,329,"NK_CD56bright NK","NK","CD56bright NK",4,0,0,1,1,1,"","PRX_PLA2G6/ADARB1_PLA2G6/ADARB1_MPPED1/ADARB1_MADD"
"223",401,329,"Tumor_CD56bright NK","Tumor","CD56bright NK",10,0,0,1,1,1,"","S100A2_XCL1/S100A2_DUSP4/FKBP4_DUSP4/S100A2_PLA2G6/INHBB_PLA2G6/JAG2_PLA2G6/S100A2_MPPED1/FKBP4_MPPED1/S100A2_MADD/INHBB_MADD"
"224",402,329,"T_CD56bright NK","T","CD56bright NK",0,0,NA,1,1,1,"",""
"225",403,329,"Th_CD56bright NK","Th","CD56bright NK",9,0,0,1,1,1,"","NAP1L4_PLA2G6/ANP32B_PLA2G6/SLC25A12_PLA2G6/ATF2_PLA2G6/ANP32B_MPPED1/SLC25A12_MPPED1/ATF2_MPPED1/RPA1_MADD/ANP32B_MADD"
"226",404,329,"Tcm_CD56bright NK","Tcm","CD56bright NK",4,0,0,1,1,1,"","TIMM8A_PLA2G6/SLC7A6_PLA2G6/TIMM8A_MPPED1/SLC7A6_MADD"
"227",405,329,"Tem_CD56bright NK","Tem","CD56bright NK",4,0,0,1,1,1,"","MEFV_PLA2G6/EWSR1_PLA2G6/TBCD_PLA2G6/NFATC4_MADD"
"228",406,329,"Tfh_CD56bright NK","Tfh","CD56bright NK",4,0,0,1,1,1,"","HEY1_DUSP4/HEY1_PLA2G6/PASK_PLA2G6/HEY1_MPPED1"
"229",407,329,"Tgd_CD56bright NK","Tgd","CD56bright NK",0,0,NA,1,1,1,"",""
"230",408,329,"Th1_CD56bright NK","Th1","CD56bright NK",7,0,0,1,1,1,"","APBB2_DUSP4/BTG3_DUSP4/APBB2_PLA2G6/BTG3_PLA2G6/APBB2_MPPED1/DUSP5_MPPED1/BTG3_MPPED1"
"231",409,329,"Th2_CD56bright NK","Th2","CD56bright NK",5,0,0,1,1,1,"","WDHD1_PLA2G6/SMAD2_PLA2G6/AHI1_MPPED1/WDHD1_MPPED1/SMAD2_MPPED1"
"232",410,329,"aDC_CD56dim NK","aDC","CD56dim NK",0,0,NA,1,1,1,"",""
"234",411,329,"CD8 T_CD56dim NK","CD8 T","CD56dim NK",1,0,0,1,1,1,"","DNAJB1_KIR3DL2"
"241",412,329,"Neutrophil_CD56dim NK","Neutrophil","CD56dim NK",8,0,0,1,1,1,"","SIGLEC5_KIR3DL2/G0S2_KIR3DL2/MME_SPON2/G0S2_SPON2/MME_IL21R/G0S2_IL21R/MME_KIR3DL1/MME_GTF3C1"
"242",413,329,"CD56bright NK_CD56dim NK","CD56bright NK","CD56dim NK",0,0,NA,1,1,1,"",""
"246",414,329,"Th_CD56dim NK","Th","CD56dim NK",0,0,NA,1,1,1,"",""
"248",415,329,"Tem_CD56dim NK","Tem","CD56dim NK",0,0,NA,1,1,1,"",""
"250",416,329,"Tgd_CD56dim NK","Tgd","CD56dim NK",0,0,NA,1,1,1,"",""
"251",417,329,"Th1_CD56dim NK","Th1","CD56dim NK",2,0,0,1,1,1,"","BTG3_KIR3DL2/APBB2_SPON2"
"253",418,329,"aDC_NK","aDC","NK",0,0,NA,1,1,1,"",""
"295",419,329,"aDC_T","aDC","T",0,0,NA,1,1,1,"",""
"297",420,329,"CD8 T_T","CD8 T","T",4,0,0,1,1,1,"","CD8B_BCL11B/CD8A_BCL11B/CAMLG_BCL11B/DNAJB1_GIMAP5"
"298",421,329,"Cytotoxic_T","Cytotoxic","T",6,0,0,1,1,1,"","GNLY_SKAP1/DUSP2_BCL11B/GNLY_BCL11B/RUNX3_BCL11B/DUSP2_CD6/DUSP2_TRBC1"
"302",422,329,"Macrophage_T","Macrophage","T",10,0,0,1,1,1,"","CHI3L1_CD28/FN1_LCK/FN1_BCL11B/CHI3L1_BCL11B/ATG7_BCL11B/CHI3L1_CD6/RAI14_GIMAP5/CLEC5A_GIMAP5/FN1_GIMAP5/FN1_ITM2A"
"304",423,329,"Neutrophil_T","Neutrophil","T",43,0,0,1,1,1,"","G0S2_CD3D/FPR1_CD28/MME_LCK/G0S2_LCK/G0S2_PRKCQ/MME_NCALD/G0S2_NCALD/G0S2_CD3G/G0S2_CD3E/G0S2_SKAP1/G0S2_TRAT1/ALPL_BCL11B/MME_BCL11B/FCGR3B_BCL11B/DYSF_BCL11B/FCAR_BCL11B/CEACAM3_BCL11B/HPSE_BCL11B/G0S2_BCL11B/FPR1_BCL11B/PDE4B_BCL11B/LILRB2_BCL11B/CD93_CD2/FCGR3B_CD2/G0S2_CD2/FPR1_CD2/G0S2_CD6/G0S2_CD96/MME_GIMAP5/FCAR_GIMAP5/CEACAM3_GIMAP5/G0S2_GIMAP5/FPR1_GIMAP5/LILRB2_GIMAP5/G0S2_SH2D1A/MME_TRBC1/G0S2_TRBC1/ALPL_ITM2A/CD93_ITM2A/MME_ITM2A/DYSF_ITM2A/PDE4B_ITM2A/LILRB2_ITM2A"
"305",424,329,"CD56bright NK_T","CD56bright NK","T",0,0,NA,1,1,1,"",""
"306",425,329,"CD56dim NK_T","CD56dim NK","T",3,0,0,1,1,1,"","GZMB_BCL11B/IL21R_BCL11B/GZMB_GIMAP5"
"307",426,329,"NK_T","NK","T",4,0,0,1,1,1,"","MRC2_BCL11B/MAPRE3_BCL11B/BCL2_BCL11B/ADARB1_ITM2A"
"308",427,329,"Tumor_T","Tumor","T",14,0,0,1,1,1,"","S100A2_CD3D/S100A2_LCK/S100A2_NCALD/S100A2_CD3G/VSNL1_SKAP1/S100A2_SKAP1/EEF1A2_BCL11B/VSNL1_BCL11B/S100A2_BCL11B/EEF1A2_CD6/S100A2_CD96/S100A2_GIMAP5/EEF1A2_TRBC1/S100A2_ITM2A"
"309",428,329,"Th_T","Th","T",3,0,0,1,1,1,"","RPA1_BCL11B/ANP32B_BCL11B/DDX50_BCL11B"
"310",429,329,"Tcm_T","Tcm","T",7,0,0,1,1,1,"","CDC14A_BCL11B/ATM_BCL11B/TIMM8A_BCL11B/TRAF3IP3_BCL11B/SLC7A6_BCL11B/TIMM8A_GIMAP5/SLC7A6_ITM2A"
"311",430,329,"Tem_T","Tem","T",2,0,0,1,1,1,"","GDPD5_BCL11B/NFATC4_BCL11B"
"312",431,329,"Tfh_T","Tfh","T",9,0,0,1,1,1,"","MYO7A_BCL11B/TOX_BCL11B/SMAD1_BCL11B/HEY1_BCL11B/PASK_BCL11B/CDK5R1_BCL11B/ST8SIA1_BCL11B/MAF_BCL11B/PDCD1_GIMAP5"
"313",432,329,"Tgd_T","Tgd","T",1,0,0,1,1,1,"","FEZ1_BCL11B"
"314",433,329,"Th1_T","Th1","T",14,0,0,1,1,1,"","EGFL6_CD3G/DUSP5_CD3G/DUSP5_SKAP1/APBB2_BCL11B/EGFL6_BCL11B/CCL4_BCL11B/DUSP5_BCL11B/CD70_BCL11B/DUSP5_CD6/DUSP5_CD96/CD70_GIMAP5/APBB2_ITM2A/EGFL6_ITM2A/CD70_ITM2A"
"315",434,329,"Th2_T","Th2","T",2,0,0,1,1,1,"","WDHD1_BCL11B/SMAD2_BCL11B"
"316",435,329,"aDC_Th","aDC","Th",0,0,NA,1,1,1,"",""
"327",436,329,"CD56dim NK_Th","CD56dim NK","Th",0,0,NA,1,1,1,"",""
"334",437,329,"Tgd_Th","Tgd","Th",0,0,NA,1,1,1,"",""
"337",438,329,"aDC_Tcm","aDC","Tcm",0,0,NA,1,1,1,"",""
"346",439,329,"Neutrophil_Tcm","Neutrophil","Tcm",70,0,0,1,1,1,"","DYSF_CLUAP1/CD93_USP9Y/MME_USP9Y/DYSF_USP9Y/ALPL_FOXP1/MME_FOXP1/DYSF_FOXP1/FPR1_FOXP1/G0S2_KLF12/MME_PCM1/DYSF_PCM1/G0S2_PCM1/PDE4B_PCM1/CD93_PHC3/MME_PHC3/MME_NFATC3/DYSF_NFATC3/FCAR_NFATC3/MME_ATF7IP/G0S2_ATF7IP/MME_REPS1/G0S2_REPS1/MME_PSPC1/FPR1_PSPC1/PDE4B_PSPC1/CD93_INPP4B/MME_INPP4B/G0S2_INPP4B/FPR1_INPP4B/MME_CASP8/PDE4B_CASP8/MME_SNRPN/DYSF_SNRPN/G0S2_SNRPN/PDE4B_SNRPN/ALPL_TRAF3IP3/MME_TRAF3IP3/G0S2_TRAF3IP3/FPR1_TRAF3IP3/ALPL_NEFL/CREB5_NEFL/G0S2_NEFL/PDE4B_NEFL/MME_POLR2J2/DYSF_POLR2J2/FCAR_POLR2J2/G0S2_POLR2J2/MME_CREBZF/G0S2_CREBZF/ALPL_CEP68/CD93_CEP68/DYSF_CEP68/FCAR_CEP68/G0S2_CEP68/PDE4B_CEP68/FCAR_TXK/G0S2_TXK/PDE4B_TXK/MME_MAP3K1/G0S2_MAP3K1/PDE4B_MAP3K1/DYSF_CYLD/MME_STX16/ALPL_RPP38/CD93_RPP38/MME_RPP38/FCAR_RPP38/G0S2_RPP38/PDE4B_RPP38/LILRB2_RPP38"
"348",440,329,"CD56dim NK_Tcm","CD56dim NK","Tcm",1,0,0,1,1,1,"","GTF3C1_INPP4B"
"355",441,329,"Tgd_Tcm","Tgd","Tcm",0,0,NA,1,1,1,"",""
"358",442,329,"aDC_Tem","aDC","Tem",0,0,NA,1,1,1,"",""
"369",443,329,"CD56dim NK_Tem","CD56dim NK","Tem",0,0,NA,1,1,1,"",""
"376",444,329,"Tgd_Tem","Tgd","Tem",0,0,NA,1,1,1,"",""
"388",445,329,"Neutrophil_Tfh","Neutrophil","Tfh",63,2,0.063,1,1,1,"MGAM_HEY1/BST1_HEY1","MME_MYO7A/G0S2_MYO7A/FCAR_TSHR/G0S2_TSHR/ALPL_SLC7A10/SIGLEC5_SLC7A10/CD93_SLC7A10/DYSF_SLC7A10/G0S2_SLC7A10/PDE4B_SLC7A10/MME_SMAD1/DYSF_SMAD1/G0S2_SMAD1/CD93_ICA1/MME_ICA1/FCAR_ICA1/G0S2_ICA1/PDE4B_ICA1/MGAM_HEY1/BST1_HEY1/DYSF_PVALB/FPR1_PVALB/MME_SIRPG/G0S2_SIRPG/ALPL_B3GAT1/MME_B3GAT1/DYSF_B3GAT1/DYSF_POMT1/G0S2_POMT1/MME_ST8SIA1/DYSF_ST8SIA1/G0S2_ST8SIA1/G0S2_PDCD1/DYSF_MAF/CD93_MYO6/MME_MYO6/FCAR_MYO6/G0S2_MYO6/FPR1_MYO6/MME_THADA/PDE4B_THADA/CD93_STK39/MME_STK39/DYSF_STK39/FCAR_STK39/CEACAM3_STK39/HPSE_STK39/G0S2_STK39/FPR1_STK39/PDE4B_STK39/LILRB2_STK39/CD93_ZNF764/MME_ZNF764/DYSF_ZNF764/G0S2_ZNF764/PDE4B_ZNF764/SIGLEC5_KCNK5/CEACAM3_KCNK5/CREB5_KCNK5/TNFRSF10C_KCNK5/G0S2_KCNK5/FPR1_KCNK5/PDE4B_KCNK5"
"400",446,329,"aDC_Tgd","aDC","Tgd",0,0,NA,1,1,1,"",""
"402",447,329,"CD8 T_Tgd","CD8 T","Tgd",2,0,0,1,1,1,"","DNAJB1_TRGV9/DNAJB1_CD160"
"403",448,329,"Cytotoxic_Tgd","Cytotoxic","Tgd",0,0,NA,1,1,1,"",""
"406",449,329,"iDC_Tgd","iDC","Tgd",0,0,NA,1,1,1,"",""
"409",450,329,"Neutrophil_Tgd","Neutrophil","Tgd",10,0,0,1,1,1,"","ALPL_TRGV9/MME_TRGV9/CEACAM3_TRGV9/G0S2_TRGV9/FPR1_TRGV9/PDE4B_TRGV9/LILRB2_TRGV9/MME_CD160/DYSF_CD160/DYSF_FEZ1"
"410",451,329,"CD56bright NK_Tgd","CD56bright NK","Tgd",0,0,NA,1,1,1,"",""
"411",452,329,"CD56dim NK_Tgd","CD56dim NK","Tgd",0,0,NA,1,1,1,"",""
"412",453,329,"NK_Tgd","NK","Tgd",2,0,0,1,1,1,"","ADARB1_CD160/ADARB1_FEZ1"
"413",454,329,"Tumor_Tgd","Tumor","Tgd",3,0,0,1,1,1,"","S100A2_TRGV9/S100A2_CD160/S100A2_FEZ1"
"415",455,329,"Th_Tgd","Th","Tgd",0,0,NA,1,1,1,"",""
"416",456,329,"Tcm_Tgd","Tcm","Tgd",0,0,NA,1,1,1,"",""
"417",457,329,"Tem_Tgd","Tem","Tgd",0,0,NA,1,1,1,"",""
"418",458,329,"Tfh_Tgd","Tfh","Tgd",2,0,0,1,1,1,"","HEY1_CD160/HEY1_FEZ1"
"419",459,329,"Th1_Tgd","Th1","Tgd",2,0,0,1,1,1,"","APBB2_CD160/BTG3_FEZ1"
"420",460,329,"Th2_Tgd","Th2","Tgd",2,0,0,1,1,1,"","WDHD1_TRGV9/NEIL3_TRGV9"
"430",461,329,"Neutrophil_Th1","Neutrophil","Th1",39,0,0,1,1,1,"","G0S2_LRP8/MME_IL22/SLC25A37_IL22/PDE4B_IL22/DYSF_IFNG/G0S2_IFNG/MME_LTA/G0S2_LTA/DYSF_DOK5/ALPL_APOD/G0S2_APOD/PDE4B_APOD/MME_ZBTB32/FCAR_ZBTB32/LILRB2_ZBTB32/ALPL_DPP4/MME_DPP4/DYSF_DPP4/MME_BST2/G0S2_BST2/CD93_LRRN3/MME_LRRN3/DYSF_LRRN3/G0S2_LRRN3/MME_SYNGR3/G0S2_SYNGR3/FPR1_SYNGR3/MME_ATP9A/DYSF_ATP9A/G0S2_ATP9A/FPR1_ATP9A/CD93_GGT1/CEACAM3_GGT1/SLC22A4_GGT1/SLC25A37_GGT1/G0S2_GGT1/FPR1_GGT1/G0S2_HBEGF/G0S2_CTLA4"
"459",462,329,"Tem_Th2","Tem","Th2",4,0,0,1,1,1,"","NFATC4_ANK1/EWSR1_ANK1/EWSR1_SLC39A14/AKT3_LIMA1"
