"","Index","Rank","Cell.Interaction","Favorable.Cell.Type","Unfavorable.Cell.Type","No.Total.IMGP","No.Shared.IMGP","Enrichment.Ratio","P.Value","Adjust.P.Value","Permutation.FDR","Shared.IMGP","Total.IMGP"
"420",1,1,"CD4+IL26+ Th17_CD8+terminal Tex","CD4+IL26+ Th17","CD8+terminal Tex",65,61,2.059,7.30762627201287e-17,1.13998969843401e-13,0,"IL17RE_RBPJ/IL17RE_TOX2/IL17RE_ETV1/ID2_RBPJ/ID2_NAMPT/CD40LG_GZMB/CTSH_NAMPT/IL23R_NAMPT/IL22_RBPJ/IL17RE_TNFSF4/ID2_HAVCR2/IL23R_RBPJ/IL17RE_NAMPT/IL17RE_ZBED2/CTSH_TNFSF4/IL17RE_ENTPD1/CD40LG_CSF1/CA10_RBPJ/CD40LG_TNFSF4/TNFSF13B_HAVCR2/ERN1_NAMPT/IL17RE_CD70/TNFSF13B_NAMPT/IL17RE_CSF1/IL17RE_KRT86/IL23R_HAVCR2/IL17RE_GEM/IL17RE_HAVCR2/IL22_TOX2/CAPG_TNFSF4/MGAT4A_NAMPT/IL17RE_LAYN/IL17RE_FAM3C/IL26_TNFRSF9/ID2_TOX2/IL22_TNFRSF9/CD40LG_TNFRSF9/IL22_NAMPT/IL22_CD70/MGAT4A_HAVCR2/CTSH_HAVCR2/CD40LG_HAVCR2/CXCR6_CD70/ID2_TNFRSF9/IL17RE_TOX/TMIGD2_CD70/IL17RE_TNFRSF9/IL17RE_IL2RA/KLRB1_NAMPT/IL23R_FASLG/CXCR6_TNFRSF9/IL23R_CD70/IL23R_CXCR6/CA10_NAMPT/IL23R_CSF1/CAPG_HAVCR2/IL23R_CCL3/IL17RE_CCL3/IL23R_IL2RB/IL17RE_IFNG/CD40LG_NAMPT","ID2_RBPJ/IL22_RBPJ/IL23R_RBPJ/IL17RE_RBPJ/CA10_RBPJ/IL22_ETV1/IL17RE_ETV1/IL17RE_TOX/IL17RE_ZBED2/ID2_TOX2/IL22_TOX2/IL17RE_TOX2/CD40LG_TNFSF4/IL17RE_TNFSF4/CTSH_TNFSF4/CAPG_TNFSF4/IL17RE_FAM3C/CD40LG_GZMB/CD40LG_CSF1/IL23R_CSF1/IL17RE_CSF1/IL23R_CCL3/IL17RE_CCL3/IL22_CD70/CXCR6_CD70/IL23R_CD70/IL17RE_CD70/TMIGD2_CD70/IL17RE_IFNG/ID2_NAMPT/TNFSF13B_NAMPT/CD40LG_NAMPT/IL22_NAMPT/IL23R_NAMPT/IL17RE_NAMPT/KLRB1_NAMPT/CTSH_NAMPT/CA10_NAMPT/MGAT4A_NAMPT/ERN1_NAMPT/IL23R_FASLG/IL17RE_IL2RA/IL23R_CXCR6/IL23R_IL2RB/ID2_TNFRSF9/IL26_TNFRSF9/CD40LG_TNFRSF9/IL22_TNFRSF9/CXCR6_TNFRSF9/CCR6_TNFRSF9/IL23R_TNFRSF9/IL17RE_TNFRSF9/IL17RE_LAYN/IL17RE_ENTPD1/ID2_HAVCR2/TNFSF13B_HAVCR2/CD40LG_HAVCR2/IL23R_HAVCR2/IL17RE_HAVCR2/CTSH_HAVCR2/CAPG_HAVCR2/MGAT4A_HAVCR2/IL17RE_KRT86/IL17RE_TNFRSF18/IL17RE_GEM"
"404",2,2,"CD8+Tc17_CD8+terminal Tex","CD8+Tc17","CD8+terminal Tex",82,72,1.926,1.0611226669323e-15,8.27675680207193e-13,0,"IL17RE_RBPJ/IL17RE_TOX2/IL17RE_ETV1/CA2_KRT86/CA2_TNFSF4/CA2_HAVCR2/CA2_CD70/CD40LG_GZMB/CA2_RBPJ/IL23R_NAMPT/CA2_IL2RA/CA2_NAMPT/ZBTB16_NAMPT/IL17RE_TNFSF4/IL23R_RBPJ/FLT3LG_RBPJ/IL17RE_NAMPT/CA2_ETV1/IL17RE_ZBED2/CA2_CD74/IL17RE_ENTPD1/CD40LG_CSF1/CD40LG_TNFSF4/TNFSF13B_HAVCR2/CA2_CSF1/IL17RE_CD70/TNFSF13B_NAMPT/FLT3LG_TOX2/IL17RE_CSF1/IL17RE_KRT86/IL23R_HAVCR2/CA2_CCL3/IL17RE_GEM/CA2_TOX/FLT3LG_CD70/IL17RE_HAVCR2/IL17RE_LAYN/CA2_FAM3C/IL17RE_FAM3C/IL26_TNFRSF9/FLT3LG_GEM/FLT3LG_CSF1/ZBTB16_TNFRSF9/CA2_TOX2/CD40LG_TNFRSF9/CA2_TNFRSF9/CD40LG_HAVCR2/CA2_TIGIT/IL17RE_TOX/TMIGD2_CD70/IL17RE_TNFRSF9/IL17RE_IL2RA/KLRB1_NAMPT/IL23R_FASLG/ZBTB16_CSF1/NCR3_CD70/ZBTB16_HAVCR2/IL23R_CD70/IL23R_CXCR6/IL23R_CSF1/ZBTB16_CCL3/CA2_GZMB/IL23R_CCL3/IL17RE_CCL3/CA2_TNFRSF18/NCR3_HAVCR2/NCR3_CXCL13/FLT3LG_TNFRSF9/IL23R_IL2RB/CA2_IL2RB/IL17RE_IFNG/CD40LG_NAMPT","FLT3LG_RBPJ/IL23R_RBPJ/IL17RE_RBPJ/CA2_RBPJ/IL17RE_ETV1/CA2_ETV1/IL17RE_TOX/LTK_TOX/CA2_TOX/IL17RE_ZBED2/FLT3LG_TOX2/IL17RE_TOX2/CA2_TOX2/NCR3_CXCL13/CD40LG_TNFSF4/IL17RE_TNFSF4/CA2_TNFSF4/IL17RE_FAM3C/CA2_FAM3C/ADAM12_FAM3C/ZBTB16_GZMB/CD40LG_GZMB/CA2_GZMB/ZBTB16_CSF1/CD40LG_CSF1/FLT3LG_CSF1/IL23R_CSF1/IL17RE_CSF1/CA2_CSF1/ZBTB16_CCL3/IL23R_CCL3/IL17RE_CCL3/CA2_CCL3/FLT3LG_CD70/IL23R_CD70/IL17RE_CD70/TMIGD2_CD70/NCR3_CD70/CA2_CD70/IL17RE_IFNG/ADAM12_IFNG/ZBTB16_NAMPT/CD40LG_NAMPT/TNFSF13B_NAMPT/IL23R_NAMPT/IL17RE_NAMPT/KLRB1_NAMPT/CA2_NAMPT/IL23R_FASLG/ZBTB16_IL2RA/IL17RE_IL2RA/CA2_IL2RA/IL23R_CXCR6/CA2_CD74/IL23R_IL2RB/CA2_IL2RB/ZBTB16_TNFRSF9/CD40LG_TNFRSF9/IL26_TNFRSF9/FLT3LG_TNFRSF9/CCR6_TNFRSF9/IL23R_TNFRSF9/IL17RE_TNFRSF9/CA2_TNFRSF9/IL17RE_LAYN/ADAM12_LAYN/IL17RE_ENTPD1/ADAM12_ENTPD1/ZBTB16_HAVCR2/CD40LG_HAVCR2/TNFSF13B_HAVCR2/IL23R_HAVCR2/IL17RE_HAVCR2/NCR3_HAVCR2/CA2_HAVCR2/IL17RE_KRT86/CA2_KRT86/IL17RE_TNFRSF18/CA2_TNFRSF18/FLT3LG_GEM/IL17RE_GEM/CA2_TIGIT"
"365",3,3,"CD8+Tc17_CD8+GZMK+ Tex","CD8+Tc17","CD8+GZMK+ Tex",60,55,2.011,3.89047987928678e-14,2.02304953722912e-11,0.03,"IL17RE_TRPS1/IL17RE_TSC22D1/CA2_TNFSF4/CA2_HAVCR2/IL23R_NAMPT/IL17RE_VCAM1/CA2_NAMPT/ZBTB16_NAMPT/IL17RE_TNFSF4/IL17RE_NAMPT/IL23R_TRPS1/IL17RE_PRDM1/CA2_CD74/CA2_HLA-DRB1/FLT3LG_TRPS1/CA2_TSC22D1/CD40LG_TNFSF4/TNFSF13B_HAVCR2/LTK_PRDM1/IL17RE_HLA-DRB1/TNFSF13B_NAMPT/IL23R_HAVCR2/CA2_CCL3/CA2_TOX/IL17RE_HAVCR2/IL23R_TSC22D1/CA2_HLA-DQA1/FLT3LG_TSC22D1/IL17RE_HLA-DQA1/ZBTB16_CCL3L3/IL26_TNFRSF9/ZBTB16_TNFRSF9/FLT3LG_PRDM1/CD40LG_TNFRSF9/CA2_TNFRSF9/CD40LG_HAVCR2/IL17RE_TOX/IL17RE_TNFRSF9/KLRB1_NAMPT/CA2_TRPS1/CA2_PRDM1/ZBTB16_HAVCR2/IL23R_CXCR6/IL23R_PRDM1/ZBTB16_CCL3/TMIGD2_PRDM1/IL23R_CCL3/IL17RE_CCL3/NCR3_HAVCR2/CA2_CCL3L3/NCR3_CXCL13/FLT3LG_TNFRSF9/IL17RE_IFNG/CD40LG_NAMPT/IL17RE_LYST","IL17RE_TOX/LTK_TOX/CA2_TOX/FLT3LG_TSC22D1/IL23R_TSC22D1/IL17RE_TSC22D1/CA2_TSC22D1/FLT3LG_PRDM1/IL23R_PRDM1/IL17RE_PRDM1/TMIGD2_PRDM1/LTK_PRDM1/CA2_PRDM1/FLT3LG_TRPS1/IL23R_TRPS1/IL17RE_TRPS1/CA2_TRPS1/NCR3_CXCL13/ZBTB16_CCL3/IL23R_CCL3/IL17RE_CCL3/CA2_CCL3/ZBTB16_CCL3L3/CA2_CCL3L3/CD40LG_TNFSF4/IL17RE_TNFSF4/CA2_TNFSF4/IL17RE_IFNG/ADAM12_IFNG/ZBTB16_NAMPT/CD40LG_NAMPT/TNFSF13B_NAMPT/IL23R_NAMPT/IL17RE_NAMPT/KLRB1_NAMPT/CA2_NAMPT/CA2_CD74/IL23R_CXCR6/ZBTB16_HAVCR2/CD40LG_HAVCR2/TNFSF13B_HAVCR2/IL23R_HAVCR2/IL17RE_HAVCR2/NCR3_HAVCR2/CA2_HAVCR2/IL17RE_VCAM1/CEBPD_LYST/IL17RE_LYST/ZBTB16_TNFRSF9/CD40LG_TNFRSF9/IL26_TNFRSF9/FLT3LG_TNFRSF9/CCR6_TNFRSF9/IL23R_TNFRSF9/IL17RE_TNFRSF9/CA2_TNFRSF9/IL17RE_HLA-DQA1/CA2_HLA-DQA1/IL17RE_HLA-DRB1/CA2_HLA-DRB1"
"1536",4,4,"CD8+Tc17_CD4+NME1+CCR4+ T","CD8+Tc17","CD4+NME1+CCR4+ T",64,57,1.954,2.79203482899344e-13,1.08889358330744e-10,0.05,"IL17RE_PFN1/IL17RE_ENO1/IL17RE_SUB1/IL17RE_ACTG1/CA2_TPM4/IL17RE_CMTM7/IL23R_ACTG1/CD40LG_ENO1/CA2_TMSB10/IL23R_ENO1/CA2_ARHGDIB/IL17RE_ACTB/IL17RE_ARPC1B/FLT3LG_ENO1/IL17RE_TMSB10/IL17RE_SCAND1/IL17RE_TPM4/CA2_PFN1/TNFSF13B_ENO1/CA2_COTL1/KLRB1_ENO1/IL26_ENO1/CA2_SUB1/CA2_ENO1/CA2_IL32/CA2_ACTG1/IL17RE_HMGB1/CCR6_ENO1/CA2_CD74/CD40LG_CNN2/IL23R_CMTM7/CA2_CMTM7/TMIGD2_ENO1/FLT3LG_CNN2/IL23R_CNN2/IL23R_ARPC1B/IL17RE_CNN2/CA2_CNN2/FLT3LG_CMTM7/ZBTB16_ENO1/IL17RE_IFNAR2/IL23R_TPM4/CA2_ACTB/CA2_FLT3LG/KLRB1_CNN2/CA2_SCAND1/CA2_HMGB1/IL23R_ACTB/FLT3LG_SUB1/LTK_CNN2/ZBTB16_CNN2/CA2_ARPC1B/FLT3LG_ACTG1/ZBTB16_CMTM7/LTK_TPM4/IL23R_SUB1/ZBTB16_IL32","FLT3LG_SUB1/IL23R_SUB1/IL17RE_SUB1/CA2_SUB1/ZBTB16_ENO1/CD40LG_ENO1/TNFSF13B_ENO1/IL26_ENO1/FLT3LG_ENO1/CCR6_ENO1/IL23R_ENO1/IL17RE_ENO1/KLRB1_ENO1/TMIGD2_ENO1/NCR3_ENO1/CA2_ENO1/IL17RE_SCAND1/CA2_SCAND1/ZBTB16_IL32/CA2_IL32/ZBTB16_CMTM7/FLT3LG_CMTM7/IL23R_CMTM7/IL17RE_CMTM7/CA2_CMTM7/IL17RE_HMGB1/CA2_HMGB1/CA2_FLT3LG/CEBPD_IL16/CA2_CD74/CEBPD_IL6R/ADAM12_IL6R/CEBPD_IFNAR2/IL17RE_IFNAR2/IL23R_ACTB/IL17RE_ACTB/CA2_ACTB/IL17RE_PFN1/CA2_PFN1/FLT3LG_ACTG1/IL23R_ACTG1/IL17RE_ACTG1/CA2_ACTG1/IL17RE_TMSB10/CA2_TMSB10/IL17RE_CORO1A/IL4I1_CORO1A/CA2_COTL1/IL23R_ARPC1B/IL17RE_ARPC1B/CA2_ARPC1B/ZBTB16_CNN2/CD40LG_CNN2/FLT3LG_CNN2/IL23R_CNN2/IL17RE_CNN2/KLRB1_CNN2/LTK_CNN2/CA2_CNN2/CA2_ARHGDIB/IL23R_TPM4/IL17RE_TPM4/LTK_TPM4/CA2_TPM4"
"912",5,5,"CD8+Tc17_CD4+CREM+ Tm","CD8+Tc17","CD4+CREM+ Tm",79,67,1.86,4.24614471079582e-13,1.32479714976829e-10,0.042,"CA2_AREG/CA2_SRGN/IL23R_SRGN/IL17RE_AREG/TNFSF13B_AREG/IL23R_AREG/IL17RE_CREM/IL17RE_YPEL5/IL23R_CREM/IL17RE_FTH1/CCR6_CREM/IL17RE_LMNA/CD40LG_TNFAIP3/CA2_CREM/CD40LG_NR4A2/CA2_FTH1/CD40LG_AREG/IL17RE_ZNF331/CA2_TGFB1/IL26_CREM/IL17RE_SRGN/IL17RE_ANXA1/SLC4A10_AREG/CA2_TNFAIP3/LTK_AREG/FLT3LG_AREG/CCR6_AREG/IL17RE_FAM177A1/CA2_ANXA1/TMIGD2_AREG/NCR3_TNFAIP3/LTK_CDKN1A/RORC_AREG/IL17RE_IFNGR1/CA2_YPEL5/CA2_CD44/IL23R_ANXA1/IL17RE_CD44/IL17RE_CXCL16/CD40LG_FTH1/FLT3LG_SRGN/NCR3_AREG/LTK_FTH1/IL23R_TNFAIP3/IL26_AREG/TMIGD2_TGFB1/CD40LG_SRGN/IL23A_AREG/IL17RE_NR4A2/NCR3_SRGN/CD40LG_TGFB1/CA2_CDKN1A/NCR3_FTH1/IL17RE_TGFB1/ZBTB16_CREM/IL23R_ZNF331/CCR6_SRGN/IL23R_TGFB1/RORC_TNFAIP3/ZBTB16_IFNGR1/IL23R_NR4A2/CD40LG_CREM/ZBTB16_ANXA1/CA2_ZFP36/IL26_SRGN/ZBTB16_AREG/CA2_IFNGR1","ZBTB16_CREM/CD40LG_CREM/IL26_CREM/CCR6_CREM/IL23R_CREM/IL17RE_CREM/CA2_CREM/CEBPD_ZFP36L2/IL4I1_ZFP36L2/IL23R_ZNF331/IL17RE_ZNF331/CD40LG_NR4A2/IL23R_NR4A2/IL17RE_NR4A2/LTK_NR4A2/CD40LG_TGFB1/IL23R_TGFB1/IL17RE_TGFB1/TMIGD2_TGFB1/CA2_TGFB1/RORC_AREG/ZBTB16_AREG/RORA_AREG/CD40LG_AREG/TNFSF13B_AREG/IL26_AREG/FLT3LG_AREG/IL23A_AREG/CCR6_AREG/IL23R_AREG/IL17RE_AREG/IL18RAP_AREG/SLC4A10_AREG/TMIGD2_AREG/NCR3_AREG/LTK_AREG/CA2_AREG/CEBPD_CXCL16/IL17RE_CXCL16/IL4I1_CXCL16/IL4I1_CXCR4/ZBTB16_IFNGR1/IL17RE_IFNGR1/CA2_IFNGR1/NR1D1_GPR35/IL4I1_GPR35/IL17RE_CD44/CA2_CD44/CA2_ZFP36/CD40LG_FTH1/IL17RE_FTH1/TMIGD2_FTH1/NCR3_FTH1/LTK_FTH1/CA2_FTH1/CD40LG_SRGN/IL26_SRGN/FLT3LG_SRGN/CCR6_SRGN/IL23R_SRGN/IL17RE_SRGN/NCR3_SRGN/CA2_SRGN/IL17RE_FAM177A1/RORC_TNFAIP3/CD40LG_TNFAIP3/IL23R_TNFAIP3/NCR3_TNFAIP3/CA2_TNFAIP3/IL17RE_YPEL5/CA2_YPEL5/IL17RE_LMNA/ZBTB16_ANXA1/IL23R_ANXA1/IL17RE_ANXA1/LTK_ANXA1/CA2_ANXA1/LTK_CDKN1A/CA2_CDKN1A"
"1263",6,6,"CD8+Tc17_CD4+IFNG+ Tfh/Th1","CD8+Tc17","CD4+IFNG+ Tfh/Th1",56,51,1.998,6.55324115640077e-13,1.7038427006642e-10,0.0383333333333333,"IL17RE_RBPJ/IL23R_BHLHE40/CA2_KRT86/CA2_CD4/CA2_HAVCR2/CD40LG_GZMB/CA2_RBPJ/CA2_BHLHE40/CA2_LAG3/IL17RE_PTMS/CA2_PTMS/IL17RE_ZEB2/IL23R_RBPJ/FLT3LG_RBPJ/IL17RE_ZBED2/CA2_CD74/FLT3LG_LAG3/CA2_IL21/TNFSF13B_HAVCR2/CA2_ZEB2/IL17RE_KRT86/IL23R_HAVCR2/CA2_CCL3/CA2_CCL4L2/IL17RE_HAVCR2/CD40LG_ZEB2/IL17RE_BHLHE40/CA2_FAM3C/IL23R_CCL4L2/IL23R_ZEB2/IL17RE_FAM3C/CCR6_BHLHE40/FLT3LG_PTMS/IL17RE_MYO7A/CA2_ID2/IL23R_CD4/CD40LG_HAVCR2/KLRB1_BHLHE40/ZBTB16_HAVCR2/LTK_PTMS/IL23R_CXCR6/ZBTB16_CCL3/CA2_GZMB/CA2_PDE7B/IL23R_LAG3/IL23R_CCL3/IL17RE_CCL3/NCR3_HAVCR2/NCR3_CXCL13/IL17RE_IFNG/IL17RE_LAG3","IL17RE_ZBED2/CD40LG_ZEB2/IL23R_ZEB2/IL17RE_ZEB2/LTK_ZEB2/CA2_ZEB2/CA2_ID2/CCR6_BHLHE40/IL23R_BHLHE40/IL17RE_BHLHE40/KLRB1_BHLHE40/CA2_BHLHE40/FLT3LG_RBPJ/IL23R_RBPJ/IL17RE_RBPJ/CA2_RBPJ/NCR3_CXCL13/IL17RE_IFNG/ADAM12_IFNG/ZBTB16_GZMB/CD40LG_GZMB/CA2_GZMB/ZBTB16_CCL3/IL23R_CCL3/IL17RE_CCL3/CA2_CCL3/CA2_IL21/IL17RE_FAM3C/CA2_FAM3C/ADAM12_FAM3C/IL23R_CXCR6/IL23R_CD4/CA2_CD4/CA2_CD74/ZBTB16_LAG3/FLT3LG_LAG3/IL23R_LAG3/IL17RE_LAG3/CA2_LAG3/ZBTB16_HAVCR2/CD40LG_HAVCR2/TNFSF13B_HAVCR2/IL23R_HAVCR2/IL17RE_HAVCR2/NCR3_HAVCR2/CA2_HAVCR2/IL17RE_KRT86/CA2_KRT86/IL17RE_MYO7A/FLT3LG_PTMS/IL17RE_PTMS/LTK_PTMS/CA2_PTMS/IL23R_CCL4L2/CA2_CCL4L2/CA2_PDE7B"
"381",7,7,"CD4+IL26+ Th17_CD8+GZMK+ Tex","CD4+IL26+ Th17","CD8+GZMK+ Tex",55,50,1.994,1.32174019209276e-12,2.94559242809243e-10,0.0471428571428571,"IL17RE_TRPS1/IL17RE_TSC22D1/ID2_NAMPT/CTSH_NAMPT/IL23R_NAMPT/IL17RE_VCAM1/ID2_TRPS1/IL17RE_TNFSF4/ID2_HAVCR2/IL17RE_NAMPT/IL23R_TRPS1/IL17RE_PRDM1/CTSH_TNFSF4/CD40LG_TNFSF4/TNFSF13B_HAVCR2/IL17RE_HLA-DRB1/ERN1_NAMPT/TNFSF13B_NAMPT/ID2_PRDM1/IL23R_HAVCR2/IL17RE_HAVCR2/IL23R_TSC22D1/CAPG_TNFSF4/MGAT4A_NAMPT/IL17RE_HLA-DQA1/IL26_TNFRSF9/IL22_TNFRSF9/CD40LG_TNFRSF9/IL22_NAMPT/MGAT4A_HAVCR2/CTSH_HAVCR2/CD40LG_HAVCR2/CA10_TRPS1/ID2_TNFRSF9/IL17RE_TOX/IL17RE_TNFRSF9/KLRB1_NAMPT/CXCR6_TNFRSF9/MGAT4A_TRPS1/IL23R_CXCR6/CA10_NAMPT/IL23R_PRDM1/CAPG_HAVCR2/TMIGD2_PRDM1/IL23R_CCL3/IL17RE_CCL3/IL17RE_IFNG/CD40LG_NAMPT/IL17RE_LYST/IL22_TSC22D1","IL17RE_TOX/IL22_TSC22D1/IL23R_TSC22D1/IL17RE_TSC22D1/ID2_PRDM1/IL23R_PRDM1/IL17RE_PRDM1/TMIGD2_PRDM1/ID2_TRPS1/IL23R_TRPS1/IL17RE_TRPS1/CA10_TRPS1/MGAT4A_TRPS1/IL23R_CCL3/IL17RE_CCL3/CD40LG_TNFSF4/IL17RE_TNFSF4/CTSH_TNFSF4/CAPG_TNFSF4/IL17RE_IFNG/ID2_NAMPT/TNFSF13B_NAMPT/CD40LG_NAMPT/IL22_NAMPT/IL23R_NAMPT/IL17RE_NAMPT/KLRB1_NAMPT/CTSH_NAMPT/CA10_NAMPT/MGAT4A_NAMPT/ERN1_NAMPT/IL23R_CXCR6/ID2_HAVCR2/TNFSF13B_HAVCR2/CD40LG_HAVCR2/IL23R_HAVCR2/IL17RE_HAVCR2/CTSH_HAVCR2/CAPG_HAVCR2/MGAT4A_HAVCR2/ANKRD28_CD27/IL17RE_VCAM1/CEBPD_LYST/IL17RE_LYST/ANKRD28_LYST/ID2_TNFRSF9/IL26_TNFRSF9/CD40LG_TNFRSF9/IL22_TNFRSF9/CXCR6_TNFRSF9/CCR6_TNFRSF9/IL23R_TNFRSF9/IL17RE_TNFRSF9/IL17RE_HLA-DQA1/IL17RE_HLA-DRB1"
"600",8,8,"CD8+Tc17_CD8+NME1+ T","CD8+Tc17","CD8+NME1+ T",64,56,1.919,2.45568235845312e-12,4.78858059898358e-10,0.0475,"IL17RE_PFN1/IL17RE_ENO1/IL17RE_GPI/IL17RE_GAPDH/IL17RE_CKLF/IL17RE_ACTG1/IL23R_ACTG1/CD40LG_ENO1/IL23R_ENO1/IL17RE_ACTB/FLT3LG_ENO1/CA2_GAPDH/IL23R_GPI/CA2_CENPA/CA2_PFN1/IL17RE_HMGA1/TNFSF13B_ENO1/IL23R_GAPDH/IL17RE_MND1/KLRB1_ENO1/IL26_ENO1/IL17RE_KIF20A/TMIGD2_GPI/FLT3LG_GAPDH/CA2_ENO1/KLRB1_GPI/CA2_GPI/CD40LG_GPI/TMIGD2_GAPDH/CA2_ACTG1/IL17RE_HMGB1/CCR6_ENO1/CA2_CD74/TMIGD2_ENO1/CA2_KIF20A/CA2_HMGA1/CA2_SKA3/FLT3LG_GPI/CCR6_GAPDH/NCR3_GPI/ZBTB16_ENO1/CA2_MND1/IL17RE_SKA3/CCR6_GPI/CA2_ACTB/CA2_HMGB1/ZBTB16_GAPDH/IL23R_ACTB/CA2_SPC24/IL17RE_CXCR3/ZBTB16_GPI/FLT3LG_ACTG1/CA2_GTF3A/RORA_GAPDH/IL17RE_GTF3A/FLT3LG_KIF20A","ZBTB16_ENO1/CD40LG_ENO1/TNFSF13B_ENO1/IL26_ENO1/FLT3LG_ENO1/CCR6_ENO1/IL23R_ENO1/IL17RE_ENO1/KLRB1_ENO1/TMIGD2_ENO1/NCR3_ENO1/CA2_ENO1/IL17RE_HMGA1/CA2_HMGA1/IL17RE_GTF3A/CA2_GTF3A/CEBPD_MYB/ADAM12_MYB/IL4I1_MXD3/IL17RE_HMGB1/CA2_HMGB1/ZBTB16_GPI/CD40LG_GPI/FLT3LG_GPI/CCR6_GPI/IL23R_GPI/IL17RE_GPI/KLRB1_GPI/TMIGD2_GPI/NCR3_GPI/CA2_GPI/IL17RE_CKLF/ADAM12_CKLF/CA2_CD74/IL17RE_CXCR3/IL4I1_CXCR3/IL23R_ACTB/IL17RE_ACTB/CA2_ACTB/CEBPD_MND1/IL17RE_MND1/CA2_MND1/CA2_SPC24/IL17RE_PFN1/CA2_PFN1/FLT3LG_ACTG1/IL23R_ACTG1/IL17RE_ACTG1/CA2_ACTG1/CA2_CENPA/IL17RE_SKA3/CA2_SKA3/ZBTB16_GAPDH/RORA_GAPDH/FLT3LG_GAPDH/CCR6_GAPDH/IL23R_GAPDH/IL17RE_GAPDH/TMIGD2_GAPDH/CA2_GAPDH/ME1_GAPDH/FLT3LG_KIF20A/IL17RE_KIF20A/CA2_KIF20A"
"678",9,9,"CD8+Tc17_CD4+CXCR5+ pre-Tfh","CD8+Tc17","CD4+CXCR5+ pre-Tfh",71,59,1.823,6.25847880362013e-11,9.57693070959228e-09,0.108888888888889,"CA2_AREG/IL17RE_AREG/TNFSF13B_AREG/IL17RE_NR3C1/IL23R_AREG/IL17RE_PABPC1/CA2_NR3C1/IL17RE_SLC2A3/IL26_SLC2A3/FLT3LG_NR3C1/IL23R_SLC2A3/CD40LG_NR4A2/CD40LG_SLC2A3/CD40LG_AREG/CA2_SLC2A3/CA2_MBP/RORC_SLC2A3/CA2_IFITM1/IL23R_NR3C1/CA2_PABPC1/SLC4A10_AREG/LTK_AREG/CA2_PASK/FLT3LG_PASK/NCR3_SLC2A3/FLT3LG_AREG/CCR6_AREG/IL17RE_FAM177A1/CA2_CXCR5/TMIGD2_AREG/FLT3LG_SLC2A3/RORC_AREG/CA2_IL6ST/KLRB1_SLC2A3/IL23R_PABPC1/CCR6_SLC2A3/TMIGD2_SLC2A3/FLT3LG_PABPC1/SLC4A10_SLC2A3/NCR3_AREG/IL17RE_MBP/IL17RE_LEF1/TMIGD2_NR3C1/IL26_AREG/IL23A_AREG/RORC_IFITM1/IL17RE_NR4A2/RORA_SLC2A3/IL7R_SLC2A3/IL17RE_IFITM1/IL17RE_SH3TC1/ZBTB16_PASK/CA2_SH3TC1/IL23R_NR4A2/IL23R_CXCR5/LTK_RNASET2/ZBTB16_AREG/LTK_SLC2A3/CD40LG_PABPC1","IL17RE_TCF7/FLT3LG_NR3C1/IL23R_NR3C1/IL17RE_NR3C1/TMIGD2_NR3C1/CA2_NR3C1/CD40LG_NR4A2/IL23R_NR4A2/IL17RE_NR4A2/LTK_NR4A2/CA2_TSHZ2/IL17RE_LEF1/ADAM12_LEF1/IL4I1_TNFSF8/RORC_AREG/ZBTB16_AREG/RORA_AREG/CD40LG_AREG/TNFSF13B_AREG/IL26_AREG/FLT3LG_AREG/IL23A_AREG/CCR6_AREG/IL23R_AREG/IL17RE_AREG/IL18RAP_AREG/SLC4A10_AREG/TMIGD2_AREG/NCR3_AREG/LTK_AREG/CA2_AREG/IL4I1_CD40LG/ADAM12_CD40LG/IL23R_CXCR5/CA2_CXCR5/CA2_IL6ST/IL4I1_CXCR4/ZBTB16_PASK/FLT3LG_PASK/CA2_PASK/ADAM12_SESN3/RORC_SLC2A3/RORA_SLC2A3/CD40LG_SLC2A3/TNFSF13B_SLC2A3/IL26_SLC2A3/FLT3LG_SLC2A3/CCR6_SLC2A3/IL23R_SLC2A3/IL7R_SLC2A3/IL17RE_SLC2A3/SLC4A10_SLC2A3/KLRB1_SLC2A3/TMIGD2_SLC2A3/NCR3_SLC2A3/LTK_SLC2A3/CA2_SLC2A3/IL17RE_FAM177A1/IL17RE_MBP/CA2_MBP/IL17RE_SH3TC1/CA2_SH3TC1/LTK_RNASET2/CD40LG_PABPC1/FLT3LG_PABPC1/IL23R_PABPC1/IL17RE_PABPC1/CA2_PABPC1/RORC_IFITM1/IL17RE_IFITM1/CA2_IFITM1"
"927",10,10,"CD4+IL26+ Th17_CD4+CREM+ Tm","CD4+IL26+ Th17","CD4+CREM+ Tm",68,57,1.839,6.62477836481798e-11,9.57693070959228e-09,0.1,"IL23R_SRGN/ID2_AREG/IL17RE_AREG/TNFSF13B_AREG/IL23R_AREG/IL17RE_CREM/IL17RE_YPEL5/IL23R_CREM/CA10_AREG/IL17RE_FTH1/CCR6_CREM/IL17RE_LMNA/CD40LG_TNFAIP3/CD40LG_NR4A2/CTSH_AREG/CD40LG_AREG/IL17RE_ZNF331/IL26_CREM/IL17RE_SRGN/CAPG_AREG/IL17RE_ANXA1/ID2_SRGN/CA10_CREM/CTSH_SRGN/CAPG_SRGN/CTSH_CREM/CCR6_AREG/IL17RE_FAM177A1/TMIGD2_AREG/RORC_AREG/IL17RE_IFNGR1/IL22_CREM/IL23R_ANXA1/IL17RE_CD44/IL17RE_CXCL16/CD40LG_FTH1/IL23R_TNFAIP3/IL22_AREG/TNFSF14_AREG/IL26_AREG/TMIGD2_TGFB1/CD40LG_SRGN/IL17RE_NR4A2/MGAT4A_CREM/CXCR6_TNFAIP3/MGAT4A_AREG/CD40LG_TGFB1/IL17RE_TGFB1/IL23R_ZNF331/CCR6_SRGN/IL23R_TGFB1/RORC_TNFAIP3/ID2_ANXA1/IL23R_NR4A2/CD40LG_CREM/CXCR6_AREG/IL26_SRGN","IL26_CREM/CD40LG_CREM/IL22_CREM/CCR6_CREM/IL23R_CREM/IL17RE_CREM/CTSH_CREM/CA10_CREM/MGAT4A_CREM/CEBPD_ZFP36L2/IL4I1_ZFP36L2/ANKRD28_ZFP36L2/IL23R_ZNF331/IL17RE_ZNF331/CD40LG_NR4A2/IL23R_NR4A2/IL17RE_NR4A2/CD40LG_TGFB1/IL23R_TGFB1/IL17RE_TGFB1/TMIGD2_TGFB1/RORC_AREG/RORA_AREG/ID2_AREG/IL26_AREG/TNFSF13B_AREG/CD40LG_AREG/IL22_AREG/TNFSF14_AREG/CXCR6_AREG/CCR6_AREG/IL23R_AREG/IL17RE_AREG/CTSH_AREG/CA10_AREG/CAPG_AREG/MGAT4A_AREG/TMIGD2_AREG/CEBPD_CXCL16/IL17RE_CXCL16/IL4I1_CXCL16/IL4I1_CXCR4/IL17RE_IFNGR1/IL4I1_GPR35/IL17RE_CD44/CD40LG_FTH1/IL17RE_FTH1/TMIGD2_FTH1/ID2_SRGN/IL26_SRGN/CD40LG_SRGN/CCR6_SRGN/IL23R_SRGN/IL17RE_SRGN/CTSH_SRGN/CAPG_SRGN/IL17RE_FAM177A1/RORC_TNFAIP3/ID2_TNFAIP3/CD40LG_TNFAIP3/CXCR6_TNFAIP3/IL23R_TNFAIP3/CTSH_TNFAIP3/IL17RE_YPEL5/IL17RE_LMNA/ID2_ANXA1/IL23R_ANXA1/IL17RE_ANXA1"
"1513",11,11,"CD4+IL26+ Th17_CD4+NME1+CCR4- T","CD4+IL26+ Th17","CD4+NME1+CCR4- T",62,53,1.875,6.832685821801e-11,9.57693070959228e-09,0.0909090909090909,"IL17RE_PKM/IL17RE_PFN1/IL17RE_ENO1/IL17RE_SUB1/IL17RE_CFL1/IL17RE_GPI/IL17RE_GAPDH/IL17RE_CKLF/IL17RE_ACTG1/IL23R_ACTG1/CD40LG_ENO1/ID2_GAPDH/IL23R_ENO1/IL17RE_ACTB/IL22_ENO1/IL17RE_ARPC1B/CA10_ENO1/IL17RE_TMSB10/CXCR6_GAPDH/MGAT4A_GAPDH/IL23R_GPI/CXCR6_ENO1/IL22_GAPDH/CAPG_GAPDH/IL17RE_HMGA1/TNFSF13B_ENO1/IL23R_GAPDH/CAPG_ENO1/KLRB1_ENO1/IL26_ENO1/TNFSF14_ENO1/ID2_SUB1/ERN1_GAPDH/TMIGD2_GPI/KLRB1_GPI/CD40LG_GPI/TMIGD2_GAPDH/IL17RE_HMGB1/ID2_ENO1/CCR6_ENO1/TMIGD2_ENO1/IL22_GPI/IL23R_ARPC1B/ID2_GPI/CCR6_GAPDH/MGAT4A_ENO1/CCR6_GPI/CAPG_TMSB10/CA10_GAPDH/IL23R_ACTB/IL17RE_IL2RA/IL23R_SUB1/RORA_GAPDH","ID2_ENO1/IL26_ENO1/TNFSF13B_ENO1/CD40LG_ENO1/IL22_ENO1/TNFSF14_ENO1/CXCR6_ENO1/CCR6_ENO1/IL23R_ENO1/IL17RE_ENO1/KLRB1_ENO1/CA10_ENO1/CAPG_ENO1/MGAT4A_ENO1/TMIGD2_ENO1/IL17RE_HMGA1/ID2_SUB1/IL23R_SUB1/IL17RE_SUB1/GZMA_MEOX1/TNFSF14_MEOX1/KLRB1_MEOX1/PTPN13_MEOX1/IL4I1_MEOX1/ANKRD28_MEOX1/ID2_GPI/CD40LG_GPI/IL22_GPI/CCR6_GPI/IL23R_GPI/IL17RE_GPI/KLRB1_GPI/TMIGD2_GPI/IL17RE_HMGB1/IL17RE_CKLF/IL17RE_IL2RA/IL23R_ACTB/IL17RE_ACTB/IL17RE_PFN1/IL23R_ACTG1/IL17RE_ACTG1/RORA_GAPDH/ID2_GAPDH/IL22_GAPDH/CXCR6_GAPDH/CCR6_GAPDH/IL23R_GAPDH/IL17RE_GAPDH/CTSH_GAPDH/CA10_GAPDH/CAPG_GAPDH/MGAT4A_GAPDH/ERN1_GAPDH/TMIGD2_GAPDH/IL17RE_PKM/IL17RE_CFL1/IL17RE_TMSB10/CAPG_TMSB10/IL23R_ARPC1B/IL17RE_ARPC1B/IL17RE_CORO1A/IL4I1_CORO1A"
"1380",12,12,"CD8+Tc17_CD4+TNFRSF9+ Treg","CD8+Tc17","CD4+TNFRSF9+ Treg",82,66,1.766,7.36686977660945e-11,9.57693070959228e-09,0.0833333333333333,"IL17RE_IKZF2/CA2_CD70/IL23R_NAMPT/CA2_TNFRSF4/CA2_IL2RA/IL17RE_IKZF4/CA2_NAMPT/IL23R_TNFRSF4/CA2_PMAIP1/ZBTB16_NAMPT/IL17RE_PMAIP1/IL17RE_BATF/IL17RE_NAMPT/CA2_IL32/NCR3_TNFRSF4/IL17RE_TNFRSF4/CA2_IKZF2/FLT3LG_PMAIP1/CA2_CD74/IL23R_IKZF2/CD40LG_CSF1/KLRB1_PMAIP1/CA2_CSF1/LTK_TNFRSF4/IL17RE_CD70/TNFSF13B_NAMPT/IL17RE_CSF1/CA2_IKZF4/IL17RE_IL1R2/FLT3LG_CD70/KLRB1_TNFRSF4/TMIGD2_TNFRSF4/IL17RE_LAYN/ZBTB16_TNFRSF4/IL26_TNFRSF9/FLT3LG_CSF1/ZBTB16_TNFRSF9/CA2_FOXP3/CD40LG_TNFRSF9/IL26_PMAIP1/CA2_TNFRSF9/CD40LG_TNFRSF4/CA2_TIGIT/IL17RE_ZBTB32/TMIGD2_PMAIP1/TMIGD2_CD70/IL17RE_TNFRSF9/IL17RE_IL2RA/KLRB1_NAMPT/ZBTB16_CCR8/ZBTB16_CSF1/NCR3_CD70/IL23R_CD70/IL23R_CSF1/CA2_TBC1D4/ZBTB16_FOXP3/CA2_ZBTB32/TNFSF13B_PMAIP1/CA2_TNFRSF18/IL26_TNFRSF4/FLT3LG_TNFRSF9/IL23R_IL2RB/CA2_IL2RB/CD40LG_PMAIP1/CD40LG_NAMPT/ZBTB16_IL32","ZBTB16_FOXP3/IL4I1_FOXP3/CA2_FOXP3/CEBPD_BATF/IL17RE_BATF/IL23R_IKZF2/IL17RE_IKZF2/CA2_IKZF2/IL17RE_IKZF4/CA2_IKZF4/IL17RE_ZBTB32/IL4I1_ZBTB32/CA2_ZBTB32/ZBTB16_IL32/CA2_IL32/ZBTB16_NAMPT/CD40LG_NAMPT/TNFSF13B_NAMPT/IL23R_NAMPT/IL17RE_NAMPT/KLRB1_NAMPT/CA2_NAMPT/IL4I1_CCL22/IL4I1_LTA/ZBTB16_CSF1/CD40LG_CSF1/FLT3LG_CSF1/IL23R_CSF1/IL17RE_CSF1/CA2_CSF1/FLT3LG_CD70/IL23R_CD70/IL17RE_CD70/TMIGD2_CD70/NCR3_CD70/CA2_CD70/IL23A_IL1RN/ADAM12_IL1RN/CEBPD_IL7/IL4I1_IL7/ADAM12_IL7/ZBTB16_IL2RA/IL17RE_IL2RA/CA2_IL2RA/ZBTB16_CCR8/IL17RE_IL1R2/IL23R_IL2RB/CA2_IL2RB/CA2_CD74/IL17RE_LAYN/ADAM12_LAYN/IL17RE_TNFRSF18/CA2_TNFRSF18/ZBTB16_TNFRSF9/CD40LG_TNFRSF9/IL26_TNFRSF9/FLT3LG_TNFRSF9/CCR6_TNFRSF9/IL23R_TNFRSF9/IL17RE_TNFRSF9/CA2_TNFRSF9/CA2_TIGIT/ZBTB16_TNFRSF4/CD40LG_TNFRSF4/IL26_TNFRSF4/IL23R_TNFRSF4/IL17RE_TNFRSF4/KLRB1_TNFRSF4/TMIGD2_TNFRSF4/NCR3_TNFRSF4/LTK_TNFRSF4/CA2_TNFRSF4/CEBPD_CARD16/CA2_TBC1D4/CD40LG_PMAIP1/TNFSF13B_PMAIP1/IL26_PMAIP1/FLT3LG_PMAIP1/IL17RE_PMAIP1/KLRB1_PMAIP1/TMIGD2_PMAIP1/CA2_PMAIP1"
"681",13,13,"CD4+ADSL+ Tn_CD4+CXCR5+ pre-Tfh","CD4+ADSL+ Tn","CD4+CXCR5+ pre-Tfh",34,33,2.129,9.58829582284874e-11,1.15059549874185e-08,0.0861538461538462,"TCF7_SLC2A3/TXK_AREG/IL6R_AREG/ANKRD55_SLC2A3/DGKA_AREG/LDHB_AREG/IL6R_PABPC1/KLF2_SLC2A3/CMTM8_SLC2A3/LEF1_SLC2A3/LIMS2_SLC2A3/SELL_SLC2A3/IL6ST_NR3C1/IL6ST_SLC2A3/IL6R_SLC2A3/DGKA_SLC2A3/IL6ST_AREG/TXK_SLC2A3/PASK_SLC2A3/LDHB_SLC2A3/TXK_NR4A2/TXK_NR3C1/LIMS2_AREG/IL6R_NR4A2/NOSIP_AREG/ANKRD55_AREG/ANKRD55_PASK/GIMAP4_SLC2A3/ANKRD55_NR4A2/ANKRD55_NR3C1/MYC_AREG/SELL_AREG/COTL1_NR3C1","TXK_NR3C1/IL6ST_NR3C1/ANKRD55_NR3C1/COTL1_NR3C1/TXK_NR4A2/IL6R_NR4A2/ANKRD55_NR4A2/TXK_AREG/MYC_AREG/IL6R_AREG/IL6ST_AREG/SELL_AREG/LDHB_AREG/LIMS2_AREG/ANKRD55_AREG/NOSIP_AREG/DGKA_AREG/ANKRD55_PASK/TCF7_SLC2A3/LEF1_SLC2A3/TXK_SLC2A3/KLF2_SLC2A3/CMTM8_SLC2A3/IL6R_SLC2A3/IL6ST_SLC2A3/PASK_SLC2A3/SELL_SLC2A3/LDHB_SLC2A3/GIMAP4_SLC2A3/LIMS2_SLC2A3/ANKRD55_SLC2A3/COTL1_SLC2A3/DGKA_SLC2A3/IL6R_PABPC1"
"1497",14,14,"CD8+Tc17_CD4+NME1+CCR4- T","CD8+Tc17","CD4+NME1+CCR4- T",73,60,1.803,1.05811880039122e-10,1.17904666329307e-08,0.0807142857142857,"IL17RE_PKM/IL17RE_PFN1/IL17RE_ENO1/IL17RE_SUB1/IL17RE_CFL1/IL17RE_GPI/IL17RE_GAPDH/IL17RE_CKLF/IL17RE_ACTG1/IL23R_ACTG1/CD40LG_ENO1/CA2_TMSB10/IL23R_ENO1/IL17RE_ACTB/IL17RE_ARPC1B/FLT3LG_ENO1/CA2_GAPDH/IL17RE_TMSB10/IL23R_GPI/CA2_PFN1/IL17RE_HMGA1/TNFSF13B_ENO1/CA2_IL2RA/IL23R_GAPDH/KLRB1_ENO1/IL26_ENO1/CA2_SUB1/TMIGD2_GPI/FLT3LG_GAPDH/CA2_ENO1/KLRB1_GPI/CA2_GPI/CA2_PHF5A/CD40LG_GPI/TMIGD2_GAPDH/CA2_ACTG1/IL17RE_HMGB1/CCR6_ENO1/TMIGD2_ENO1/CA2_HMGA1/IL23R_ARPC1B/CA2_CFL1/FLT3LG_GPI/CCR6_GAPDH/NCR3_GPI/ZBTB16_ENO1/CCR6_GPI/CA2_ACTB/CA2_HMGB1/ZBTB16_GAPDH/CA2_PKM/IL23R_ACTB/FLT3LG_SUB1/IL17RE_IL2RA/ZBTB16_GPI/CA2_ARPC1B/FLT3LG_ACTG1/IL23R_SUB1/ZBTB16_PKM/RORA_GAPDH","ZBTB16_ENO1/CD40LG_ENO1/TNFSF13B_ENO1/IL26_ENO1/FLT3LG_ENO1/CCR6_ENO1/IL23R_ENO1/IL17RE_ENO1/KLRB1_ENO1/TMIGD2_ENO1/NCR3_ENO1/CA2_ENO1/IL17RE_HMGA1/CA2_HMGA1/FLT3LG_SUB1/IL23R_SUB1/IL17RE_SUB1/CA2_SUB1/NR1D1_MEOX1/TNF_MEOX1/IL18RAP_MEOX1/SLC4A10_MEOX1/KLRB1_MEOX1/IL4I1_MEOX1/ADAM12_MEOX1/CA2_PHF5A/ZBTB16_GPI/CD40LG_GPI/FLT3LG_GPI/CCR6_GPI/IL23R_GPI/IL17RE_GPI/KLRB1_GPI/TMIGD2_GPI/NCR3_GPI/CA2_GPI/IL17RE_HMGB1/CA2_HMGB1/IL17RE_CKLF/ADAM12_CKLF/ZBTB16_IL2RA/IL17RE_IL2RA/CA2_IL2RA/IL23R_ACTB/IL17RE_ACTB/CA2_ACTB/IL17RE_PFN1/CA2_PFN1/FLT3LG_ACTG1/IL23R_ACTG1/IL17RE_ACTG1/CA2_ACTG1/ZBTB16_GAPDH/RORA_GAPDH/FLT3LG_GAPDH/CCR6_GAPDH/IL23R_GAPDH/IL17RE_GAPDH/TMIGD2_GAPDH/CA2_GAPDH/ME1_GAPDH/ZBTB16_PKM/IL17RE_PKM/CA2_PKM/IL17RE_CFL1/CA2_CFL1/IL17RE_TMSB10/CA2_TMSB10/IL23R_ARPC1B/IL17RE_ARPC1B/CA2_ARPC1B/IL17RE_CORO1A/IL4I1_CORO1A"
"920",15,15,"CD4+TIMP1+ Tm_CD4+CREM+ Tm","CD4+TIMP1+ Tm","CD4+CREM+ Tm",37,35,2.075,2.15714718314604e-10,2.24343307047189e-08,0.0966666666666667,"S100A10_SRGN/CD40LG_TNFAIP3/S100A6_AREG/CD40LG_NR4A2/CD40LG_AREG/TIMP1_AREG/S100A11_AREG/CAPG_AREG/CD52_AREG/LMO4_CREM/HOPX_SRGN/LMO4_AREG/S100A10_AREG/CAPG_SRGN/FLT3LG_AREG/S100A6_SRGN/LMO4_TNFAIP3/KLF2_CREM/CD40LG_FTH1/FLT3LG_SRGN/S100A10_NR4A2/LMO4_SRGN/HOPX_CREM/S100A11_FTH1/HOPX_AREG/CD40LG_SRGN/S100A10_ANXA1/LMO4_FTH1/CD40LG_TGFB1/KLF2_ANXA1/S100A6_CREM/LMO4_YPEL5/CD52_SRGN/CD40LG_CREM/KLF2_TGFB1","KLF2_CREM/HOPX_CREM/LMO4_CREM/CD40LG_CREM/S100A6_CREM/CD40LG_NR4A2/S100A10_NR4A2/KLF2_TGFB1/CD40LG_TGFB1/HOPX_AREG/LMO4_AREG/TIMP1_AREG/FLT3LG_AREG/CD40LG_AREG/S100A11_AREG/S100A10_AREG/CD52_AREG/S100A6_AREG/CAPG_AREG/VIM_GPR35/LMO4_FTH1/CD40LG_FTH1/S100A11_FTH1/KLF2_SRGN/HOPX_SRGN/LMO4_SRGN/FLT3LG_SRGN/CD40LG_SRGN/S100A10_SRGN/CD52_SRGN/S100A6_SRGN/CAPG_SRGN/LMO4_TNFAIP3/CD40LG_TNFAIP3/LMO4_YPEL5/KLF2_ANXA1/S100A10_ANXA1"
"664",16,16,"CD8+Tn_CD4+CXCR5+ pre-Tfh","CD8+Tn","CD4+CXCR5+ pre-Tfh",40,37,2.029,3.66758721473072e-10,3.36555062057643e-08,0.1,"TCF7_SLC2A3/TXK_AREG/IL6R_AREG/BACH2_SLC2A3/FLT3LG_NR3C1/IFNGR2_SLC2A3/TIMP1_AREG/IFNGR2_AREG/TNFSF8_AREG/MAL_SLC2A3/IL6R_PABPC1/KLF2_SLC2A3/NELL2_SLC2A3/EEF1B2_SLC2A3/CMTM8_SLC2A3/LEF1_SLC2A3/TNFSF8_SLC2A3/SELL_SLC2A3/FLT3LG_PASK/TPT1_SLC2A3/FLT3LG_AREG/FLT3LG_SLC2A3/BACH2_AREG/IL6R_SLC2A3/TPT1_AREG/TXK_SLC2A3/TXK_NR4A2/FLT3LG_PABPC1/TNFSF8_NR4A2/TXK_NR3C1/IL23A_AREG/TRABD2A_SLC2A3/IL6R_NR4A2/NOSIP_AREG/IL7R_SLC2A3/EEF1A1_SLC2A3/SELL_AREG","TXK_NR3C1/FLT3LG_NR3C1/TXK_NR4A2/TNFSF8_NR4A2/IL6R_NR4A2/TXK_AREG/BACH2_AREG/FLT3LG_AREG/TNFSF8_AREG/IL23A_AREG/TIMP1_AREG/IL6R_AREG/IFNGR2_AREG/SELL_AREG/EEF1A1_AREG/TPT1_AREG/NOSIP_AREG/PABPC1_CD40LG/FLT3LG_PASK/PABPC1_FAAH2/LEF1_SLC2A3/TCF7_SLC2A3/KLF2_SLC2A3/TXK_SLC2A3/BACH2_SLC2A3/FLT3LG_SLC2A3/TNFSF8_SLC2A3/CMTM8_SLC2A3/IL7R_SLC2A3/IL6R_SLC2A3/IFNGR2_SLC2A3/SELL_SLC2A3/MAL_SLC2A3/EEF1A1_SLC2A3/TRABD2A_SLC2A3/TPT1_SLC2A3/EEF1B2_SLC2A3/NELL2_SLC2A3/FLT3LG_PABPC1/IL6R_PABPC1"
"1279",17,16,"CD4+IL26+ Th17_CD4+IFNG+ Tfh/Th1","CD4+IL26+ Th17","CD4+IFNG+ Tfh/Th1",40,37,2.029,3.66758721473072e-10,3.36555062057643e-08,0.1,"IL17RE_RBPJ/IL23R_BHLHE40/ID2_RBPJ/CD40LG_GZMB/IL17RE_PTMS/IL22_RBPJ/IL17RE_ZEB2/ID2_HAVCR2/IL23R_RBPJ/IL17RE_ZBED2/ID2_BHLHE40/CA10_RBPJ/TNFSF13B_HAVCR2/IL17RE_KRT86/IL23R_HAVCR2/IL17RE_HAVCR2/IL22_BHLHE40/CD40LG_ZEB2/IL17RE_BHLHE40/IL23R_CCL4L2/IL23R_ZEB2/IL17RE_FAM3C/CCR6_BHLHE40/IL17RE_MYO7A/MGAT4A_HAVCR2/IL23R_CD4/CTSH_HAVCR2/CD40LG_HAVCR2/KLRB1_BHLHE40/IL23R_CXCR6/CAPG_HAVCR2/IL23R_LAG3/IL23R_CCL3/IL17RE_CCL3/IL17RE_IFNG/ID2_PTMS/IL17RE_LAG3","IL17RE_ZBED2/CD40LG_ZEB2/IL23R_ZEB2/IL17RE_ZEB2/ID2_BHLHE40/IL22_BHLHE40/CCR6_BHLHE40/IL23R_BHLHE40/IL17RE_BHLHE40/KLRB1_BHLHE40/CTSH_BHLHE40/ID2_RBPJ/IL22_RBPJ/IL23R_RBPJ/IL17RE_RBPJ/CA10_RBPJ/IL17RE_IFNG/CD40LG_GZMB/IL23R_CCL3/IL17RE_CCL3/ANKRD28_IL21/IL17RE_FAM3C/IL23R_CXCR6/IL23R_CD4/IL23R_LAG3/IL17RE_LAG3/ID2_HAVCR2/TNFSF13B_HAVCR2/CD40LG_HAVCR2/IL23R_HAVCR2/IL17RE_HAVCR2/CTSH_HAVCR2/CAPG_HAVCR2/MGAT4A_HAVCR2/IL17RE_KRT86/IL17RE_MYO7A/ANKRD28_MYO7A/ID2_PTMS/IL17RE_PTMS/IL23R_CCL4L2"
"443",18,18,"CD8+Tc17_CD8+OXPHOS- Tex","CD8+Tc17","CD8+OXPHOS- Tex",50,44,1.93,3.96867313315055e-10,3.43951671539714e-08,0.0905555555555556,"IL17RE_ETV1/CA2_HAVCR2/CA2_PHLDA1/IL17RE_PRDM1/IL17RE_PHLDA1/CA2_ETV1/IL17RE_ENTPD1/CD40LG_CSF1/TNFSF13B_HAVCR2/LTK_PRDM1/CA2_KIR2DL4/CA2_CSF1/IL17RE_CSF1/IL23R_HAVCR2/CA2_CCL3/IL17RE_HAVCR2/IL17RE_KIR2DL4/IL17RE_LAYN/CA2_FAM3C/IL17RE_FAM3C/IL23R_PHLDA1/IL26_TNFRSF9/FLT3LG_CSF1/ZBTB16_TNFRSF9/FLT3LG_PRDM1/CD40LG_TNFRSF9/CA2_TNFRSF9/CD40LG_HAVCR2/CA2_TIGIT/LTK_PHLDA1/IL17RE_TNFRSF9/CA2_PRDM1/ZBTB16_CSF1/ZBTB16_HAVCR2/IL23R_PRDM1/IL23R_CSF1/ZBTB16_CCL3/TMIGD2_PRDM1/IL23R_CCL3/IL17RE_CCL3/CA2_TNFRSF18/NCR3_HAVCR2/NCR3_CXCL13/FLT3LG_TNFRSF9","IL17RE_ETV1/CA2_ETV1/FLT3LG_PRDM1/IL23R_PRDM1/IL17RE_PRDM1/TMIGD2_PRDM1/LTK_PRDM1/CA2_PRDM1/NCR3_CXCL13/ZBTB16_CSF1/CD40LG_CSF1/FLT3LG_CSF1/IL23R_CSF1/IL17RE_CSF1/CA2_CSF1/ZBTB16_CCL3/IL23R_CCL3/IL17RE_CCL3/CA2_CCL3/IL17RE_FAM3C/CA2_FAM3C/ADAM12_FAM3C/IL17RE_LAYN/ADAM12_LAYN/ZBTB16_HAVCR2/CD40LG_HAVCR2/TNFSF13B_HAVCR2/IL23R_HAVCR2/IL17RE_HAVCR2/NCR3_HAVCR2/CA2_HAVCR2/IL17RE_ENTPD1/ADAM12_ENTPD1/ZBTB16_TNFRSF9/CD40LG_TNFRSF9/IL26_TNFRSF9/FLT3LG_TNFRSF9/CCR6_TNFRSF9/IL23R_TNFRSF9/IL17RE_TNFRSF9/CA2_TNFRSF9/IL17RE_TNFRSF18/CA2_TNFRSF18/IL23R_PHLDA1/IL17RE_PHLDA1/LTK_PHLDA1/CA2_PHLDA1/CA2_TIGIT/IL17RE_KIR2DL4/CA2_KIR2DL4"
"615",19,19,"CD4+IL26+ Th17_CD8+NME1+ T","CD4+IL26+ Th17","CD8+NME1+ T",56,48,1.88,4.59031257718884e-10,3.76888822127084e-08,0.0973684210526316,"IL17RE_PFN1/IL17RE_ENO1/IL17RE_GPI/IL17RE_GAPDH/IL17RE_CKLF/IL17RE_ACTG1/IL23R_ACTG1/CD40LG_ENO1/ID2_GAPDH/IL23R_ENO1/IL17RE_ACTB/IL22_ENO1/CA10_ENO1/CXCR6_GAPDH/MGAT4A_GAPDH/IL23R_GPI/CXCR6_ENO1/IL22_GAPDH/CAPG_GAPDH/IL17RE_HMGA1/TNFSF13B_ENO1/IL23R_GAPDH/IL17RE_MND1/CAPG_ENO1/KLRB1_ENO1/IL26_ENO1/IL17RE_KIF20A/TNFSF14_ENO1/ERN1_GAPDH/TMIGD2_GPI/KLRB1_GPI/CD40LG_GPI/TMIGD2_GAPDH/IL17RE_HMGB1/ID2_ENO1/CCR6_ENO1/TMIGD2_ENO1/IL22_GPI/ID2_GPI/CCR6_GAPDH/MGAT4A_ENO1/IL17RE_SKA3/CCR6_GPI/CA10_GAPDH/IL23R_ACTB/IL17RE_CXCR3/RORA_GAPDH/IL17RE_GTF3A","ID2_ENO1/IL26_ENO1/TNFSF13B_ENO1/CD40LG_ENO1/IL22_ENO1/TNFSF14_ENO1/CXCR6_ENO1/CCR6_ENO1/IL23R_ENO1/IL17RE_ENO1/KLRB1_ENO1/CA10_ENO1/CAPG_ENO1/MGAT4A_ENO1/TMIGD2_ENO1/IL17RE_HMGA1/IL17RE_GTF3A/CEBPD_MYB/RUNX2_MYB/CA10_MYB/ERN1_MYB/IL4I1_MXD3/IL17RE_HMGB1/ID2_GPI/CD40LG_GPI/IL22_GPI/CCR6_GPI/IL23R_GPI/IL17RE_GPI/KLRB1_GPI/TMIGD2_GPI/IL17RE_CKLF/IL17RE_CXCR3/IL4I1_CXCR3/IL23R_ACTB/IL17RE_ACTB/CEBPD_MND1/IL17RE_MND1/IL17RE_PFN1/IL23R_ACTG1/IL17RE_ACTG1/IL17RE_SKA3/RORA_GAPDH/ID2_GAPDH/IL22_GAPDH/CXCR6_GAPDH/CCR6_GAPDH/IL23R_GAPDH/IL17RE_GAPDH/CTSH_GAPDH/CA10_GAPDH/CAPG_GAPDH/MGAT4A_GAPDH/ERN1_GAPDH/TMIGD2_GAPDH/IL17RE_KIF20A"
"685",20,20,"CD4+TIMP1+ Tm_CD4+CXCR5+ pre-Tfh","CD4+TIMP1+ Tm","CD4+CXCR5+ pre-Tfh",27,27,2.194,5.78401187813778e-10,4.51152926494747e-08,0.0975,"CD52_SLC2A3/S100A6_AREG/FLT3LG_NR3C1/CD40LG_NR4A2/CD40LG_SLC2A3/HOPX_SLC2A3/CD40LG_AREG/TIMP1_AREG/S100A11_AREG/LMO4_SLC2A3/CAPG_AREG/CD52_AREG/KLF2_SLC2A3/LMO4_AREG/S100A10_AREG/FLT3LG_PASK/FLT3LG_AREG/SH3BGRL3_SLC2A3/FLT3LG_SLC2A3/FLT3LG_PABPC1/S100A10_NR4A2/S100A4_SLC2A3/HOPX_AREG/IL7R_SLC2A3/LMO4_NR3C1/CD40LG_PABPC1/S100A10_SLC2A3","LMO4_NR3C1/FLT3LG_NR3C1/CD40LG_NR4A2/S100A10_NR4A2/HOPX_AREG/LMO4_AREG/TIMP1_AREG/FLT3LG_AREG/CD40LG_AREG/S100A11_AREG/S100A10_AREG/CD52_AREG/S100A6_AREG/CAPG_AREG/FLT3LG_PASK/KLF2_SLC2A3/HOPX_SLC2A3/LMO4_SLC2A3/FLT3LG_SLC2A3/CD40LG_SLC2A3/IL7R_SLC2A3/S100A10_SLC2A3/S100A4_SLC2A3/SH3BGRL3_SLC2A3/CD52_SLC2A3/FLT3LG_PABPC1/CD40LG_PABPC1"
"416",21,21,"CD4+CAPG+CREM- Tm_CD8+terminal Tex","CD4+CAPG+CREM- Tm","CD8+terminal Tex",26,26,2.194,1.27448023110741e-09,9.46756743108359e-08,0.12,"ID2_RBPJ/ID2_NAMPT/CD40LG_GZMB/GZMH_GZMB/ID2_HAVCR2/CD52_NAMPT/CD40LG_CSF1/CD40LG_TNFSF4/HOPX_TNFSF4/CAPG_TNFSF4/CXCR3_CD70/CD99_TNFSF4/ID2_TOX2/CD40LG_TNFRSF9/ZFP36L2_CD70/CD40LG_HAVCR2/CXCR6_CD70/ID2_TNFRSF9/ZFP36L2_CSF1/CXCR6_TNFRSF9/CD52_GZMB/ZFP36L2_NAMPT/CAPG_HAVCR2/HOPX_NAMPT/CD40LG_NAMPT/CD52_HAVCR2","ID2_RBPJ/ID2_TOX2/HOPX_TNFSF4/CD40LG_TNFSF4/CAPG_TNFSF4/CD99_TNFSF4/GZMH_GZMB/CD40LG_GZMB/CD52_GZMB/ZFP36L2_CSF1/CD40LG_CSF1/ZFP36L2_CD70/CXCR3_CD70/CXCR6_CD70/HOPX_NAMPT/ID2_NAMPT/ZFP36L2_NAMPT/CD40LG_NAMPT/CD52_NAMPT/ID2_TNFRSF9/CD40LG_TNFRSF9/CXCR6_TNFRSF9/ID2_HAVCR2/CD40LG_HAVCR2/CAPG_HAVCR2/CD52_HAVCR2"
"419",22,22,"CD4+CCR6+ Th17_CD8+terminal Tex","CD4+CCR6+ Th17","CD8+terminal Tex",37,34,2.016,3.11401494730414e-09,2.20811968990657e-07,0.149090909090909,"ABCB1_RBPJ/CD40LG_GZMB/ABCB1_TNFSF4/ABCB1_IL2RA/ABCB1_NAMPT/FLT3LG_RBPJ/CD40LG_CSF1/CD40LG_TNFSF4/TNFSF13B_HAVCR2/ABCB1_TOX2/DPP4_NAMPT/TNFSF13B_NAMPT/FLT3LG_TOX2/FLT3LG_CD70/HOPX_TNFSF4/CAPG_TNFSF4/ABCB1_KRT86/ABCB1_ENTPD1/FLT3LG_GEM/FLT3LG_CSF1/CD40LG_TNFRSF9/ZFP36L2_CD70/CD40LG_HAVCR2/ZFP36L2_CSF1/KLRB1_NAMPT/ABCB1_CD70/ABCB1_TNFRSF18/ABCB1_TOX/ZFP36L2_NAMPT/CAPG_HAVCR2/ABCB1_LAYN/HOPX_NAMPT/FLT3LG_TNFRSF9/CD40LG_NAMPT","FLT3LG_RBPJ/ABCB1_RBPJ/ABCB1_TOX/FLT3LG_TOX2/ABCB1_TOX2/HOPX_TNFSF4/CD40LG_TNFSF4/CAPG_TNFSF4/ABCB1_TNFSF4/CD40LG_GZMB/ZFP36L2_CSF1/CD40LG_CSF1/FLT3LG_CSF1/ABCB1_CCL3/ZFP36L2_CD70/FLT3LG_CD70/ABCB1_CD70/HOPX_NAMPT/ZFP36L2_NAMPT/TNFSF13B_NAMPT/CD40LG_NAMPT/KLRB1_NAMPT/ABCB1_NAMPT/DPP4_NAMPT/ABCB1_IL2RA/CD40LG_TNFRSF9/FLT3LG_TNFRSF9/CCR6_TNFRSF9/ABCB1_LAYN/VIM_ENTPD1/ABCB1_ENTPD1/TNFSF13B_HAVCR2/CD40LG_HAVCR2/CAPG_HAVCR2/ABCB1_KRT86/ABCB1_TNFRSF18/FLT3LG_GEM"
"697",23,23,"CD4+S1PR1+ Treg_CD4+CXCR5+ pre-Tfh","CD4+S1PR1+ Treg","CD4+CXCR5+ pre-Tfh",40,36,1.974,4.19771435229807e-09,2.72851432899375e-07,0.151739130434783,"PI16_AREG/IKZF2_AREG/KLF3_AREG/TTN_AREG/PI16_SLC2A3/FLT3LG_NR3C1/KLF3_SLC2A3/HPGD_NR4A2/CCR10_SLC2A3/CCDC141_AREG/KLF2_SLC2A3/HPGD_AREG/PI16_NR4A2/LEF1_SLC2A3/SELL_SLC2A3/FLT3LG_PASK/TTN_SLC2A3/FLT3LG_AREG/HPGD_SLC2A3/FLT3LG_SLC2A3/KLF3_NR3C1/FLT3LG_PABPC1/PI16_SH3TC1/RTKN2_AREG/HLA-DRB1_AREG/HPGD_NR3C1/KLF3_LEF1/CD74_AREG/IKZF2_SLC2A3/HPGD_FAM177A1/IL10RA_SLC2A3/CCDC141_SLC2A3/HPGD_MBP/IL32_SLC2A3/SELL_AREG/KLF3_NR4A2","KLF3_NR3C1/FLT3LG_NR3C1/CCR10_NR3C1/HPGD_NR3C1/PI16_NR3C1/KLF3_NR4A2/HPGD_NR4A2/PI16_NR4A2/KLF3_LEF1/IKZF2_AREG/KLF3_AREG/FLT3LG_AREG/CD74_AREG/RTKN2_AREG/SELL_AREG/HLA-DRB1_AREG/TTN_AREG/CCDC141_AREG/HPGD_AREG/PI16_AREG/IL32_CXCR5/FLT3LG_PASK/CPNE2_FAAH2/IKZF2_SLC2A3/KLF2_SLC2A3/LEF1_SLC2A3/KLF3_SLC2A3/IL32_SLC2A3/FLT3LG_SLC2A3/IL10RA_SLC2A3/CCR10_SLC2A3/SELL_SLC2A3/TTN_SLC2A3/CCDC141_SLC2A3/HPGD_SLC2A3/PI16_SLC2A3/HPGD_FAM177A1/HPGD_MBP/PI16_SH3TC1/FLT3LG_PABPC1"
"931",24,23,"CD4+S1PR1+ Treg_CD4+CREM+ Tm","CD4+S1PR1+ Treg","CD4+CREM+ Tm",40,36,1.974,4.19771435229807e-09,2.72851432899375e-07,0.151739130434783,"PI16_AREG/IKZF2_AREG/KLF3_AREG/TTN_AREG/KLF3_CREM/KLF3_ZNF331/HPGD_SRGN/PI16_TNFAIP3/HPGD_CREM/HPGD_NR4A2/KLF3_TNFAIP3/CCDC141_AREG/HPGD_AREG/PI16_NR4A2/KLF3_ANXA1/FLT3LG_AREG/PI16_CREM/HPGD_TNFAIP3/KLF2_CREM/CCR10_TNFAIP3/FLT3LG_SRGN/HPGD_ZNF331/RTKN2_AREG/PI16_TGFB1/HLA-DRB1_AREG/SAMHD1_SRGN/KLF3_SRGN/KLF2_ANXA1/CD74_AREG/HPGD_FAM177A1/IKZF2_TNFAIP3/HPGD_CCL5/KLF2_TGFB1/IL10RA_TNFAIP3/SELL_AREG/KLF3_NR4A2","KLF2_CREM/KLF3_CREM/HPGD_CREM/PI16_CREM/KLF3_ZNF331/HPGD_ZNF331/KLF3_NR4A2/HPGD_NR4A2/PI16_NR4A2/HPGD_CCL5/KLF2_TGFB1/PI16_TGFB1/IKZF2_AREG/KLF3_AREG/FLT3LG_AREG/CD74_AREG/RTKN2_AREG/SELL_AREG/HLA-DRB1_AREG/TTN_AREG/CCDC141_AREG/HPGD_AREG/PI16_AREG/KLF2_SRGN/KLF3_SRGN/FLT3LG_SRGN/CCR10_SRGN/SAMHD1_SRGN/HPGD_SRGN/PI16_SRGN/HPGD_FAM177A1/IKZF2_TNFAIP3/KLF3_TNFAIP3/IL10RA_TNFAIP3/CCR10_TNFAIP3/HPGD_TNFAIP3/PI16_TNFAIP3/KLF2_ANXA1/KLF3_ANXA1/IL32_PTGER4"
"692",25,25,"CD4+CCR6+ Th17_CD4+CXCR5+ pre-Tfh","CD4+CCR6+ Th17","CD4+CXCR5+ pre-Tfh",49,42,1.88,5.87649373901436e-09,3.66693209314496e-07,0.148,"TNFSF13B_AREG/FKBP11_SLC2A3/ABCB1_SLC2A3/FLT3LG_NR3C1/CD40LG_NR4A2/CD40LG_SLC2A3/HOPX_SLC2A3/CD40LG_AREG/ABCB1_NR4A2/TIMP1_AREG/ABCB1_AREG/GPR35_SLC2A3/ABCB1_PABPC1/CAPG_AREG/GPR35_AREG/IFNGR1_AREG/DPP4_SLC2A3/FLT3LG_PASK/TPT1_SLC2A3/ZFP36L2_SLC2A3/FLT3LG_AREG/CCR6_AREG/ABCB1_TNFSF8/ABCB1_NR3C1/FLT3LG_SLC2A3/KLRB1_SLC2A3/TPT1_AREG/CCR6_SLC2A3/BHLHE40_AREG/FLT3LG_PABPC1/HOPX_AREG/GPR35_NR4A2/ZFP36L2_AREG/RORA_SLC2A3/CCL5_SLC2A3/ZFP36L2_PABPC1/ABCB1_MBP/IL7R_SLC2A3/ZFP36L2_NR4A2/ZFP36L2_SH3TC1/DPP4_NR4A2/CD40LG_PABPC1","FLT3LG_NR3C1/ABCB1_NR3C1/ZFP36L2_NR4A2/CD40LG_NR4A2/GPR35_NR4A2/ABCB1_NR4A2/DPP4_NR4A2/IL4I1_TNFSF8/ABCB1_TNFSF8/BHLHE40_AREG/HOPX_AREG/ZFP36L2_AREG/RORA_AREG/TNFSF13B_AREG/CD40LG_AREG/TIMP1_AREG/FLT3LG_AREG/CCR6_AREG/IFNGR1_AREG/GPR35_AREG/CAPG_AREG/ABCB1_AREG/TPT1_AREG/IL4I1_CD40LG/MYBL1_CXCR5/IL4I1_CXCR4/FLT3LG_PASK/HOPX_SLC2A3/ZFP36L2_SLC2A3/RORA_SLC2A3/TNFSF13B_SLC2A3/CD40LG_SLC2A3/CCL5_SLC2A3/FLT3LG_SLC2A3/IL7R_SLC2A3/CCR6_SLC2A3/GPR35_SLC2A3/KLRB1_SLC2A3/FKBP11_SLC2A3/ABCB1_SLC2A3/TPT1_SLC2A3/DPP4_SLC2A3/ABCB1_MBP/ZFP36L2_SH3TC1/ABCB1_SH3TC1/ZFP36L2_PABPC1/CD40LG_PABPC1/FLT3LG_PABPC1/ABCB1_PABPC1"
"412",26,26,"CD4+TIMP1+ Tm_CD8+terminal Tex","CD4+TIMP1+ Tm","CD8+terminal Tex",32,30,2.057,8.43871343202961e-09,4.87570109406155e-07,0.160384615384615,"CD40LG_GZMB/FLT3LG_RBPJ/S100A10_NAMPT/CD52_NAMPT/CD40LG_CSF1/CD40LG_TNFSF4/LMO4_NAMPT/FLT3LG_TOX2/LMO4_HAVCR2/FLT3LG_CD70/HOPX_TNFSF4/S100A6_IL2RA/CAPG_TNFSF4/S100A10_IL2RA/FLT3LG_GEM/FLT3LG_CSF1/CD40LG_TNFRSF9/CD40LG_HAVCR2/LMO4_IL2RA/CD52_GZMB/S100A10_HAVCR2/LMO4_TNFRSF18/S100A6_FASLG/CAPG_HAVCR2/S100A6_TNFSF4/HOPX_NAMPT/FLT3LG_TNFRSF9/CD40LG_NAMPT/S100A6_GZMB/CD52_HAVCR2","FLT3LG_RBPJ/FLT3LG_TOX2/HOPX_TNFSF4/CD40LG_TNFSF4/S100A11_TNFSF4/S100A6_TNFSF4/CAPG_TNFSF4/CD40LG_GZMB/CD52_GZMB/S100A6_GZMB/FLT3LG_CSF1/CD40LG_CSF1/FLT3LG_CD70/HOPX_NAMPT/LMO4_NAMPT/CD40LG_NAMPT/S100A10_NAMPT/CD52_NAMPT/S100A6_FASLG/LMO4_IL2RA/S100A10_IL2RA/S100A6_IL2RA/FLT3LG_TNFRSF9/CD40LG_TNFRSF9/VIM_ENTPD1/LMO4_HAVCR2/CD40LG_HAVCR2/S100A10_HAVCR2/CD52_HAVCR2/CAPG_HAVCR2/LMO4_TNFRSF18/FLT3LG_GEM"
"680",27,26,"CD4+Tn_CD4+CXCR5+ pre-Tfh","CD4+Tn","CD4+CXCR5+ pre-Tfh",32,30,2.057,8.43871343202961e-09,4.87570109406155e-07,0.160384615384615,"TCF7_SLC2A3/TXK_AREG/GIMAP7_NR3C1/SCML1_AREG/LINC00861_SLC2A3/GIMAP7_SLC2A3/PLAC8_AREG/MAL_SLC2A3/KLF2_SLC2A3/LINC00861_AREG/PLAC8_SLC2A3/EEF1B2_SLC2A3/LEF1_SLC2A3/SELL_SLC2A3/TPT1_SLC2A3/TPT1_AREG/FHIT_AREG/TXK_SLC2A3/TXK_NR4A2/GIMAP7_PABPC1/FHIT_SLC2A3/TXK_NR3C1/FHIT_NR4A2/FHIT_NR3C1/IL7R_SLC2A3/LINC00861_PASK/EEF1A1_SLC2A3/GIMAP7_PASK/SELL_AREG/SCML1_SLC2A3","TXK_NR3C1/GIMAP7_NR3C1/FHIT_NR3C1/TXK_NR4A2/FHIT_NR4A2/TXK_AREG/SCML1_AREG/EEF1A1_AREG/SELL_AREG/PLAC8_AREG/TPT1_AREG/GIMAP7_AREG/LINC00861_AREG/FHIT_AREG/GIMAP7_PASK/LINC00861_PASK/TCF7_SLC2A3/LEF1_SLC2A3/TXK_SLC2A3/KLF2_SLC2A3/SCML1_SLC2A3/IL7R_SLC2A3/EEF1A1_SLC2A3/SELL_SLC2A3/EEF1B2_SLC2A3/PLAC8_SLC2A3/TPT1_SLC2A3/GIMAP7_SLC2A3/MAL_SLC2A3/LINC00861_SLC2A3/FHIT_SLC2A3/GIMAP7_PABPC1"
"287",28,28,"CD8+Tc17_CD8+KIR+TXK+ NK-like","CD8+Tc17","CD8+KIR+TXK+ NK-like",57,47,1.809,9.63394450473891e-09,5.36748336692597e-07,0.155,"CA2_AREG/IL17RE_AREG/TNFSF13B_AREG/IL23R_AREG/IL17RE_IKZF2/IL17RE_FOSL2/IL17RE_KLRC3/CD40LG_AREG/IL23R_LAT2/IL23R_FOSL2/CA2_LAT2/CA2_IL32/SLC4A10_AREG/LTK_AREG/ZBTB16_FOSL2/CA2_IKZF2/IL23R_KLRC3/IL23R_IKZF2/FLT3LG_AREG/CA2_KIR3DL2/CCR6_AREG/IL23R_REL/TMIGD2_AREG/RORC_AREG/CA2_KLRC3/CA2_KIR2DL4/IL17RE_LAT2/ZBTB16_KLRC2/CA2_KLRC2/IL17RE_KIR2DL4/CA2_TYROBP/CA2_REL/CA2_FAM3C/IL17RE_FAM3C/ZBTB16_KLRC3/NCR3_AREG/IL26_AREG/IL23A_AREG/CA2_IL12RB2/IL17RE_HOPX/ZBTB16_REL/LTK_FOSL2/IL17RE_REL/IL23R_IL2RB/ZBTB16_AREG/CA2_IL2RB/ZBTB16_IL32","IL23R_IKZF2/IL17RE_IKZF2/CA2_IKZF2/IL17RE_HOPX/ADAM12_HOPX/ZBTB16_FOSL2/IL23R_FOSL2/IL17RE_FOSL2/LTK_FOSL2/ZBTB16_REL/IL23R_REL/IL17RE_REL/CA2_REL/RORC_AREG/ZBTB16_AREG/RORA_AREG/CD40LG_AREG/TNFSF13B_AREG/IL26_AREG/FLT3LG_AREG/IL23A_AREG/CCR6_AREG/IL23R_AREG/IL17RE_AREG/IL18RAP_AREG/SLC4A10_AREG/TMIGD2_AREG/NCR3_AREG/LTK_AREG/CA2_AREG/IL17RE_FAM3C/CA2_FAM3C/ADAM12_FAM3C/ZBTB16_IL32/CA2_IL32/IL23R_IL2RB/CA2_IL2RB/CA2_IL12RB2/CA2_KIR3DL2/IL17RE_KIR2DL4/CA2_KIR2DL4/IL17RE_TYROBP/CA2_TYROBP/ZBTB16_KLRC2/CA2_KLRC2/ZBTB16_KLRC3/IL23R_KLRC3/IL17RE_KLRC3/CA2_KLRC3/ZBTB16_LAT2/IL23R_LAT2/IL17RE_LAT2/CA2_LAT2/RORA_B3GNT7/IL18RAP_B3GNT7/IL4I1_B3GNT7/ADAM12_B3GNT7"
"1396",29,29,"CD4+IL26+ Th17_CD4+TNFRSF9+ Treg","CD4+IL26+ Th17","CD4+TNFRSF9+ Treg",73,57,1.713,1.2235488606982e-08,6.58184904375581e-07,0.158275862068966,"IL17RE_IKZF2/ID2_NAMPT/CTSH_NAMPT/IL23R_NAMPT/ID2_PMAIP1/IL17RE_IKZF4/IL23R_TNFRSF4/IL17RE_PMAIP1/IL17RE_BATF/IL17RE_NAMPT/IL22_PMAIP1/IL17RE_TNFRSF4/IL23R_IKZF2/CD40LG_CSF1/KLRB1_PMAIP1/ERN1_NAMPT/IL17RE_CD70/TNFSF13B_NAMPT/IL17RE_CSF1/IL17RE_IL1R2/KLRB1_TNFRSF4/TMIGD2_TNFRSF4/MGAT4A_NAMPT/IL17RE_LAYN/IL26_TNFRSF9/IL22_TNFRSF9/CD40LG_TNFRSF9/IL22_NAMPT/IL22_CD70/IL26_PMAIP1/CD40LG_TNFRSF4/CKLF_PMAIP1/CAPG_PMAIP1/IL17RE_ZBTB32/CXCR6_CD70/TMIGD2_PMAIP1/ID2_TNFRSF9/CXCR6_TNFRSF4/CA10_PMAIP1/TMIGD2_CD70/IL17RE_TNFRSF9/IL17RE_IL2RA/ID2_IKZF4/KLRB1_NAMPT/CXCR6_TNFRSF9/IL22_TNFRSF4/MGAT4A_PMAIP1/IL23R_CD70/IL22_IL32/CA10_NAMPT/IL23R_CSF1/TNFSF13B_PMAIP1/IL26_TNFRSF4/IL23R_IL2RB/CD40LG_PMAIP1/CD40LG_NAMPT/ANKRD28_PMAIP1","IL4I1_FOXP3/CEBPD_BATF/IL17RE_BATF/IL23R_IKZF2/IL17RE_IKZF2/ID2_IKZF4/IL17RE_IKZF4/ANKRD28_IKZF4/IL17RE_ZBTB32/IL4I1_ZBTB32/ANKRD28_ZBTB32/IL22_IL32/ID2_NAMPT/TNFSF13B_NAMPT/CD40LG_NAMPT/IL22_NAMPT/IL23R_NAMPT/IL17RE_NAMPT/KLRB1_NAMPT/CTSH_NAMPT/CA10_NAMPT/MGAT4A_NAMPT/ERN1_NAMPT/IL4I1_CCL22/IL4I1_LTA/CD40LG_CSF1/IL23R_CSF1/IL17RE_CSF1/IL22_CD70/CXCR6_CD70/IL23R_CD70/IL17RE_CD70/TMIGD2_CD70/CEBPD_IL7/RUNX2_IL7/IL4I1_IL7/ANKRD28_IL7/IL17RE_IL2RA/IL17RE_IL1R2/IL23R_IL2RB/IL17RE_LAYN/IL17RE_TNFRSF18/ID2_TNFRSF9/IL26_TNFRSF9/CD40LG_TNFRSF9/IL22_TNFRSF9/CXCR6_TNFRSF9/CCR6_TNFRSF9/IL23R_TNFRSF9/IL17RE_TNFRSF9/IL26_TNFRSF4/CD40LG_TNFRSF4/IL22_TNFRSF4/CXCR6_TNFRSF4/IL23R_TNFRSF4/IL17RE_TNFRSF4/KLRB1_TNFRSF4/TMIGD2_TNFRSF4/CEBPD_CARD16/ANKRD28_CARD16/ID2_PMAIP1/IL26_PMAIP1/TNFSF13B_PMAIP1/CD40LG_PMAIP1/CKLF_PMAIP1/IL22_PMAIP1/IL17RE_PMAIP1/KLRB1_PMAIP1/CA10_PMAIP1/CAPG_PMAIP1/MGAT4A_PMAIP1/ANKRD28_PMAIP1/TMIGD2_PMAIP1"
"414",30,30,"CD4+CCL5+ Tm_CD8+terminal Tex","CD4+CCL5+ Tm","CD8+terminal Tex",23,23,2.194,1.36206641119438e-08,7.08274533821077e-07,0.159333333333333,"ID2_RBPJ/ID2_NAMPT/CD40LG_GZMB/PTGER4_NAMPT/GZMH_GZMB/PTGER4_RBPJ/ID2_HAVCR2/CD40LG_CSF1/CD40LG_TNFSF4/HOPX_TNFSF4/CD99_TNFSF4/ID2_TOX2/CD40LG_TNFRSF9/ZFP36L2_CD70/CD40LG_HAVCR2/ID2_TNFRSF9/ZFP36L2_CSF1/ZFP36L2_NAMPT/PARP8_RBPJ/HOPX_NAMPT/CD40LG_NAMPT/PTGER4_CSF1/PARP8_NAMPT","ID2_RBPJ/PARP8_RBPJ/PTGER4_RBPJ/ID2_TOX2/HOPX_TNFSF4/CD40LG_TNFSF4/CD99_TNFSF4/CD40LG_GZMB/GZMH_GZMB/ZFP36L2_CSF1/CD40LG_CSF1/PTGER4_CSF1/ZFP36L2_CD70/ZFP36L2_NAMPT/HOPX_NAMPT/ID2_NAMPT/CD40LG_NAMPT/PARP8_NAMPT/PTGER4_NAMPT/ID2_TNFRSF9/CD40LG_TNFRSF9/ID2_HAVCR2/CD40LG_HAVCR2"
"424",31,31,"CD4+S1PR1+ Treg_CD8+terminal Tex","CD4+S1PR1+ Treg","CD8+terminal Tex",34,31,2,2.58802482881724e-08,1.30236088159835e-06,0.181935483870968,"KLF3_RBPJ/HPGD_ZBED2/HPGD_NAMPT/PI16_ZBED2/PI16_FAM3C/KLF3_NAMPT/FLT3LG_RBPJ/HPGD_IL2RA/HPGD_CCL3/KLF3_ETV1/FLT3LG_TOX2/PI16_NAMPT/HPGD_TNFRSF18/FLT3LG_CD70/HPGD_KRT86/HPGD_RBPJ/HPGD_CD70/FLT3LG_GEM/HPGD_TOX/FLT3LG_CSF1/KLF3_CSF1/HPGD_GZMB/HPGD_FASLG/CCR10_CD70/HPGD_HAVCR2/HPGD_TNFSF4/KLF3_TOX2/IL10RA_NAMPT/HPGD_CSF1/FLT3LG_TNFRSF9/SAMHD1_NAMPT","KLF3_RBPJ/FLT3LG_RBPJ/HPGD_RBPJ/KLF3_ETV1/HPGD_TOX/HPGD_ZBED2/PI16_ZBED2/KLF3_TOX2/FLT3LG_TOX2/HPGD_TNFSF4/KLF3_FAM3C/PI16_FAM3C/HPGD_GZMB/KLF3_CSF1/FLT3LG_CSF1/HPGD_CSF1/KLF3_CCL3/HPGD_CCL3/FLT3LG_CD70/CCR10_CD70/SAMHD1_CD70/HPGD_CD70/KLF3_NAMPT/IL10RA_NAMPT/SAMHD1_NAMPT/HPGD_NAMPT/PI16_NAMPT/HPGD_FASLG/HPGD_IL2RA/FLT3LG_TNFRSF9/HPGD_HAVCR2/HPGD_KRT86/HPGD_TNFRSF18/FLT3LG_GEM"
"410",32,32,"CD4+TNF+ T_CD8+terminal Tex","CD4+TNF+ T","CD8+terminal Tex",22,22,2.194,2.99919421116556e-08,1.46210717794321e-06,0.1796875,"ID2_RBPJ/ID2_NAMPT/CD40LG_GZMB/ID2_HAVCR2/CD52_NAMPT/CD40LG_CSF1/CD40LG_TNFSF4/CCR2_TNFRSF9/HOPX_TNFSF4/CAPG_TNFSF4/CXCR3_CD70/CD99_TNFSF4/ID2_TOX2/CD40LG_TNFRSF9/CD40LG_HAVCR2/ID2_TNFRSF9/CD52_GZMB/CAPG_HAVCR2/HOPX_NAMPT/CISH_NAMPT/CD40LG_NAMPT/CD52_HAVCR2","ID2_RBPJ/ID2_TOX2/HOPX_TNFSF4/CD40LG_TNFSF4/CAPG_TNFSF4/CD99_TNFSF4/CD40LG_GZMB/CD52_GZMB/CD40LG_CSF1/CXCR3_CD70/HOPX_NAMPT/ID2_NAMPT/CD40LG_NAMPT/CD52_NAMPT/CISH_NAMPT/ID2_TNFRSF9/CD40LG_TNFRSF9/CCR2_TNFRSF9/ID2_HAVCR2/CD40LG_HAVCR2/CD52_HAVCR2/CAPG_HAVCR2"
"688",33,33,"CD4+CAPG+ Tm_CD4+CXCR5+ pre-Tfh","CD4+CAPG+ Tm","CD4+CXCR5+ pre-Tfh",40,35,1.919,3.74517601945799e-08,1.77044684556196e-06,0.187575757575758,"ID2_AREG/ID2_NR3C1/CD52_SLC2A3/CXCR3_AREG/ID2_SLC2A3/CD40LG_NR4A2/CD40LG_SLC2A3/HOPX_SLC2A3/CD40LG_AREG/TIMP1_AREG/CXCR3_SLC2A3/CXCR6_SLC2A3/S100A11_AREG/CAPG_AREG/CD52_AREG/TMSB4X_AREG/CXCR3_NR3C1/SH3BGRL3_SLC2A3/BHLHE40_AREG/HMGB1_SLC2A3/GZMA_SLC2A3/S100A4_SLC2A3/HOPX_AREG/HMGB1_AREG/CCL5_SLC2A3/TGFB1_SLC2A3/PPARG_AREG/CD74_AREG/PFN1_AREG/CXCR3_PABPC1/ID2_MBP/IL32_SLC2A3/CXCR6_AREG/CD40LG_PABPC1/COTL1_NR3C1","ID2_NR3C1/CXCR3_NR3C1/CXCR6_NR3C1/COTL1_NR3C1/CD40LG_NR4A2/CXCR3_NR4A2/HOPX_AREG/BHLHE40_AREG/ID2_AREG/PPARG_AREG/TIMP1_AREG/CD40LG_AREG/HMGB1_AREG/CXCR3_AREG/CD74_AREG/CXCR6_AREG/TMSB4X_AREG/CAPG_AREG/CD52_AREG/PFN1_AREG/S100A11_AREG/TGFB1_CD40LG/IL32_CXCR5/HOPX_SLC2A3/ID2_SLC2A3/GZMA_SLC2A3/CCL5_SLC2A3/IL32_SLC2A3/TGFB1_SLC2A3/CD40LG_SLC2A3/HMGB1_SLC2A3/CXCR3_SLC2A3/CXCR6_SLC2A3/SH3BGRL3_SLC2A3/CD52_SLC2A3/S100A4_SLC2A3/COTL1_SLC2A3/ID2_MBP/CD40LG_PABPC1/CXCR3_PABPC1"
"459",34,34,"CD4+IL26+ Th17_CD8+OXPHOS- Tex","CD4+IL26+ Th17","CD8+OXPHOS- Tex",36,32,1.95,6.46981935041058e-08,2.94301942447151e-06,0.205294117647059,"IL17RE_ETV1/ID2_HAVCR2/IL17RE_PRDM1/IL17RE_PHLDA1/MGAT4A_PHLDA1/IL17RE_ENTPD1/CD40LG_CSF1/TNFSF13B_HAVCR2/IL17RE_CSF1/ID2_PRDM1/IL23R_HAVCR2/IL17RE_HAVCR2/IL17RE_KIR2DL4/IL17RE_LAYN/IL17RE_FAM3C/IL23R_PHLDA1/IL26_TNFRSF9/IL22_TNFRSF9/CD40LG_TNFRSF9/CA10_PHLDA1/MGAT4A_HAVCR2/CTSH_HAVCR2/CD40LG_HAVCR2/ID2_TNFRSF9/IL17RE_TNFRSF9/CXCR6_TNFRSF9/IL23R_PRDM1/IL23R_CSF1/CAPG_HAVCR2/TMIGD2_PRDM1/IL23R_CCL3/IL17RE_CCL3","IL22_ETV1/IL17RE_ETV1/ID2_PRDM1/IL23R_PRDM1/IL17RE_PRDM1/TMIGD2_PRDM1/CD40LG_CSF1/IL23R_CSF1/IL17RE_CSF1/IL23R_CCL3/IL17RE_CCL3/IL17RE_FAM3C/IL17RE_LAYN/ID2_HAVCR2/TNFSF13B_HAVCR2/CD40LG_HAVCR2/IL23R_HAVCR2/IL17RE_HAVCR2/CTSH_HAVCR2/CAPG_HAVCR2/MGAT4A_HAVCR2/IL17RE_ENTPD1/ID2_TNFRSF9/IL26_TNFRSF9/CD40LG_TNFRSF9/IL22_TNFRSF9/CXCR6_TNFRSF9/CCR6_TNFRSF9/IL23R_TNFRSF9/IL17RE_TNFRSF9/IL17RE_TNFRSF18/IL23R_PHLDA1/IL17RE_PHLDA1/CA10_PHLDA1/MGAT4A_PHLDA1/IL17RE_KIR2DL4"
"399",35,35,"CD8+ZNF683+CXCR6+ Trm_CD8+terminal Tex","CD8+ZNF683+CXCR6+ Trm","CD8+terminal Tex",21,21,2.194,6.60292819592968e-08,2.94301942447151e-06,0.200285714285714,"ID2_RBPJ/ID2_NAMPT/ID2_HAVCR2/LDLRAD4_HAVCR2/CD52_NAMPT/HOPX_TNFSF4/CAPG_TNFSF4/CXCR3_CD70/ID2_TOX2/ZFP36L2_CD70/CXCR6_CD70/ID2_TNFRSF9/ZFP36L2_CSF1/CXCR6_TNFRSF9/LDLRAD4_NAMPT/CD52_GZMB/ZFP36L2_NAMPT/CAPG_HAVCR2/HOPX_NAMPT/LGALS3_ETV1/CD52_HAVCR2","ID2_RBPJ/LGALS3_ETV1/ID2_TOX2/HOPX_TNFSF4/CAPG_TNFSF4/CD52_GZMB/ZFP36L2_CSF1/ZFP36L2_CD70/CXCR6_CD70/CXCR3_CD70/HOPX_NAMPT/ID2_NAMPT/ZFP36L2_NAMPT/CD52_NAMPT/LDLRAD4_NAMPT/ID2_TNFRSF9/CXCR6_TNFRSF9/ID2_HAVCR2/CAPG_HAVCR2/CD52_HAVCR2/LDLRAD4_HAVCR2"
"689",36,36,"CD4+CAPG+CREM- Tm_CD4+CXCR5+ pre-Tfh","CD4+CAPG+CREM- Tm","CD4+CXCR5+ pre-Tfh",48,40,1.828,7.08503703754258e-08,3.06694034977344e-06,0.199166666666667,"ID2_AREG/ID2_NR3C1/CD52_SLC2A3/CXCR3_AREG/ID2_SLC2A3/CD40LG_NR4A2/CD40LG_SLC2A3/XCL1_AREG/HOPX_SLC2A3/CD40LG_AREG/GPR35_SLC2A3/CXCR3_SLC2A3/CXCR6_SLC2A3/CD99_SLC2A3/CAPG_AREG/GPR35_AREG/IFNGR1_AREG/CD52_AREG/TMSB4X_AREG/XCL1_SLC2A3/ZFP36L2_SLC2A3/IFNG_SLC2A3/CXCR3_NR3C1/SH3BGRL3_SLC2A3/BHLHE40_AREG/CLU_SLC2A3/GZMA_SLC2A3/CD99_AREG/S100A4_SLC2A3/HOPX_AREG/GPR35_NR4A2/ZFP36L2_AREG/CCL5_SLC2A3/ZFP36L2_PABPC1/ZFP36L2_NR4A2/ZFP36L2_SH3TC1/CXCR3_PABPC1/ID2_MBP/CXCR6_AREG/CD40LG_PABPC1","ID2_NR3C1/CXCR3_NR3C1/CXCR6_NR3C1/ZFP36L2_NR4A2/CD40LG_NR4A2/CXCR3_NR4A2/GPR35_NR4A2/HOPX_AREG/ID2_AREG/BHLHE40_AREG/ZFP36L2_AREG/IFNG_AREG/XCL1_AREG/CD40LG_AREG/CXCR3_AREG/IFNGR1_AREG/CXCR6_AREG/IL18RAP_AREG/GPR35_AREG/CAPG_AREG/CD52_AREG/CD99_AREG/TMSB4X_AREG/ZNF683_CD40LG/GZMB_CD40LG/CCL4_CCR4/HOPX_SLC2A3/ID2_SLC2A3/ZFP36L2_SLC2A3/ZNF683_SLC2A3/CCL5_SLC2A3/GZMA_SLC2A3/IFNG_SLC2A3/XCL1_SLC2A3/CD40LG_SLC2A3/CXCR3_SLC2A3/CXCR6_SLC2A3/GPR35_SLC2A3/SH3BGRL3_SLC2A3/CD52_SLC2A3/CD99_SLC2A3/S100A4_SLC2A3/CLU_SLC2A3/ID2_MBP/ZFP36L2_SH3TC1/ZFP36L2_PABPC1/CD40LG_PABPC1/CXCR3_PABPC1"
"923",37,37,"CD4+CAPG+CREM- Tm_CD4+CREM+ Tm","CD4+CAPG+CREM- Tm","CD4+CREM+ Tm",45,38,1.852,7.47075213406351e-08,3.06694034977344e-06,0.201891891891892,"ID2_AREG/CXCR3_AREG/CD40LG_TNFAIP3/CD40LG_NR4A2/XCL1_AREG/CD40LG_AREG/CAPG_AREG/GPR35_AREG/IFNGR1_AREG/CD52_AREG/HOPX_SRGN/ID2_SRGN/GPR35_FTH1/CXCR3_TNFAIP3/TMSB4X_AREG/CAPG_SRGN/TMSB4X_ANXA1/BHLHE40_AREG/CXCR3_CREM/CD40LG_FTH1/CD99_AREG/HOPX_CREM/HOPX_AREG/GPR35_NR4A2/CD40LG_SRGN/ZFP36L2_AREG/CXCR6_TNFAIP3/CD40LG_TGFB1/CLU_TNFAIP3/ZFP36L2_NR4A2/GPR35_CREM/GZMK_TNFAIP3/CD52_SRGN/ID2_ANXA1/CD40LG_CREM/GPR35_TGFB1/CXCR6_AREG/ZFP36L2_TNFAIP3","HOPX_CREM/CD40LG_CREM/CXCR3_CREM/GPR35_CREM/BHLHE40_ZFP36L2/ZFP36L2_NR4A2/CD40LG_NR4A2/CXCR3_NR4A2/GPR35_NR4A2/CD40LG_TGFB1/GPR35_TGFB1/HOPX_AREG/ID2_AREG/BHLHE40_AREG/ZFP36L2_AREG/IFNG_AREG/XCL1_AREG/CD40LG_AREG/CXCR3_AREG/IFNGR1_AREG/CXCR6_AREG/IL18RAP_AREG/GPR35_AREG/CAPG_AREG/CD52_AREG/CD99_AREG/TMSB4X_AREG/BHLHE40_GPR35/CD40LG_FTH1/GPR35_FTH1/HOPX_SRGN/ID2_SRGN/CD40LG_SRGN/CAPG_SRGN/CD52_SRGN/TMSB4X_SRGN/ID2_TNFAIP3/ZFP36L2_TNFAIP3/GZMK_TNFAIP3/CD40LG_TNFAIP3/CXCR3_TNFAIP3/CXCR6_TNFAIP3/CLU_TNFAIP3/ID2_ANXA1/TMSB4X_ANXA1"
"990",38,37,"CD8+Tc17_CD4+CAPG+ Tm","CD8+Tc17","CD4+CAPG+ Tm",45,38,1.852,7.47075213406351e-08,3.06694034977344e-06,0.201891891891892,"IL17RE_RBPJ/IL17RE_PFN1/IL17RE_CKLF/IL23R_BHLHE40/IL17RE_ALOX5AP/IL17RE_ACTB/CA2_RBPJ/CA2_BHLHE40/CA2_PFN1/CA2_COTL1/CA2_TIMP1/CA2_TGFB1/IL23R_RBPJ/FLT3LG_RBPJ/CA2_IL32/IL23R_TIMP1/IL17RE_HMGB1/CA2_CD74/IL17RE_CAPG/CA2_S100A4/IL17RE_BHLHE40/CCR6_BHLHE40/CA2_ACTB/CA2_ALOX5AP/CA2_ID2/TMIGD2_TGFB1/CA2_HMGB1/IL23R_ACTB/IL17RE_HOPX/KLRB1_BHLHE40/CD40LG_TGFB1/IL17RE_CXCR3/IL17RE_TGFB1/IL23R_CXCR6/ZBTB16_ALOX5AP/IL23R_TGFB1/IL17RE_TIMP1/ZBTB16_IL32","IL17RE_HOPX/ADAM12_HOPX/CCR6_BHLHE40/IL23R_BHLHE40/IL17RE_BHLHE40/KLRB1_BHLHE40/CA2_BHLHE40/CA2_ID2/FLT3LG_RBPJ/IL23R_RBPJ/IL17RE_RBPJ/CA2_RBPJ/IL17RE_CKLF/ADAM12_CKLF/IL23R_TIMP1/IL17RE_TIMP1/CA2_TIMP1/ZBTB16_IL32/CA2_IL32/CD40LG_TGFB1/IL23R_TGFB1/IL17RE_TGFB1/TMIGD2_TGFB1/CA2_TGFB1/IL4I1_CD40LG/ADAM12_CD40LG/IL17RE_HMGB1/CA2_HMGB1/IL17RE_CXCR3/IL4I1_CXCR3/CA2_CD74/IL23R_CXCR6/IL23R_ACTB/IL17RE_ACTB/CA2_ACTB/IL17RE_CAPG/ZBTB16_ALOX5AP/IL17RE_ALOX5AP/CA2_ALOX5AP/IL4I1_CD52/ADAM12_CD52/IL17RE_PFN1/CA2_PFN1/CA2_S100A4/CA2_COTL1"
"693",39,39,"CD4+IL26+ Th17_CD4+CXCR5+ pre-Tfh","CD4+IL26+ Th17","CD4+CXCR5+ pre-Tfh",72,55,1.676,8.65798519993956e-08,3.40198936035156e-06,0.198974358974359,"ID2_AREG/IL17RE_AREG/TNFSF13B_AREG/IL17RE_NR3C1/ID2_NR3C1/IL23R_AREG/ID2_SLC2A3/CA10_AREG/IL17RE_PABPC1/IL17RE_SLC2A3/IL26_SLC2A3/IL23R_SLC2A3/CD40LG_NR4A2/CD40LG_SLC2A3/CTSH_AREG/CD40LG_AREG/CXCR6_SLC2A3/RORC_SLC2A3/IL23R_NR3C1/CAPG_AREG/IL22_NR3C1/CCR6_AREG/IL17RE_FAM177A1/TMIGD2_AREG/RORC_AREG/KLRB1_SLC2A3/TNFSF14_SLC2A3/IL23R_PABPC1/MGAT4A_SLC2A3/CCR6_SLC2A3/TMIGD2_SLC2A3/CTSH_SLC2A3/ERN1_NR3C1/IL22_PABPC1/IL17RE_MBP/IL17RE_LEF1/TMIGD2_NR3C1/GZMA_SLC2A3/IL22_AREG/TNFSF14_AREG/IL26_AREG/RORC_IFITM1/IL17RE_NR4A2/PTPN13_SLC2A3/RORA_SLC2A3/MGAT4A_AREG/IL7R_SLC2A3/IL17RE_IFITM1/IL17RE_SH3TC1/CA10_SLC2A3/IL23R_NR4A2/IL23R_CXCR5/ID2_MBP/CXCR6_AREG/CD40LG_PABPC1","IL17RE_TCF7/ANKRD28_TCF7/ID2_NR3C1/IL22_NR3C1/CXCR6_NR3C1/IL23R_NR3C1/IL17RE_NR3C1/ERN1_NR3C1/TMIGD2_NR3C1/CD40LG_NR4A2/IL23R_NR4A2/IL17RE_NR4A2/ANKRD28_TSHZ2/IL17RE_LEF1/ANKRD28_CMTM8/IL4I1_TNFSF8/RORC_AREG/RORA_AREG/ID2_AREG/IL26_AREG/TNFSF13B_AREG/CD40LG_AREG/IL22_AREG/TNFSF14_AREG/CXCR6_AREG/CCR6_AREG/IL23R_AREG/IL17RE_AREG/CTSH_AREG/CA10_AREG/CAPG_AREG/MGAT4A_AREG/TMIGD2_AREG/TNFSF14_CD40LG/IL4I1_CD40LG/ANKRD28_CD40LG/IL23R_CXCR5/ANKRD28_CXCR5/ANKRD28_IL6ST/IL4I1_CXCR4/ANKRD28_FAAH2/RUNX2_SESN3/ANKRD28_SESN3/RORC_SLC2A3/RORA_SLC2A3/ID2_SLC2A3/IL26_SLC2A3/TNFSF13B_SLC2A3/CD40LG_SLC2A3/GZMA_SLC2A3/TNFSF14_SLC2A3/CXCR6_SLC2A3/CCR6_SLC2A3/IL23R_SLC2A3/IL17RE_SLC2A3/IL7R_SLC2A3/KLRB1_SLC2A3/CTSH_SLC2A3/CA10_SLC2A3/PTPN13_SLC2A3/MGAT4A_SLC2A3/TMIGD2_SLC2A3/IL17RE_FAM177A1/ID2_MBP/IL17RE_MBP/IL17RE_SH3TC1/CD40LG_PABPC1/IL22_PABPC1/IL23R_PABPC1/IL17RE_PABPC1/RORC_IFITM1/IL17RE_IFITM1"
"371",40,40,"CD4+TNF+ T_CD8+GZMK+ Tex","CD4+TNF+ T","CD8+GZMK+ Tex",25,24,2.106,8.72304964192707e-08,3.40198936035156e-06,0.194,"ID2_NAMPT/ID2_TRPS1/ID2_HAVCR2/CCR2_TRPS1/CXCR3_TRPS1/CD52_NAMPT/CD40LG_TNFSF4/HOPX_PRDM1/CCR2_TNFRSF9/ID2_PRDM1/HOPX_TNFSF4/CAPG_TNFSF4/CXCR3_PRDM1/CD99_TNFSF4/CD40LG_TNFRSF9/CD40LG_HAVCR2/CCR2_CCL4/ID2_TNFRSF9/IFNG_PRDM1/CAPG_HAVCR2/HOPX_NAMPT/CISH_NAMPT/CD40LG_NAMPT/CD52_HAVCR2","HOPX_PRDM1/ID2_PRDM1/IFNG_PRDM1/CXCR3_PRDM1/ID2_TRPS1/CCR2_TRPS1/CXCR3_TRPS1/HOPX_TNFSF4/CD40LG_TNFSF4/CAPG_TNFSF4/CD99_TNFSF4/CCR2_CCL4/HOPX_NAMPT/ID2_NAMPT/CD40LG_NAMPT/CD52_NAMPT/CISH_NAMPT/ID2_HAVCR2/CD40LG_HAVCR2/CD52_HAVCR2/CAPG_HAVCR2/ID2_TNFRSF9/CD40LG_TNFRSF9/CCR2_TNFRSF9/CCL4_HLA-DQA1"
"683",41,41,"CD4+TNF+ T_CD4+CXCR5+ pre-Tfh","CD4+TNF+ T","CD4+CXCR5+ pre-Tfh",38,33,1.905,1.39882822234467e-07,5.32237079721385e-06,0.212926829268293,"ID2_AREG/ID2_NR3C1/CD52_SLC2A3/CXCR3_AREG/ID2_SLC2A3/SIT1_SLC2A3/CD40LG_NR4A2/CD40LG_SLC2A3/HOPX_SLC2A3/CD40LG_AREG/CXCR3_SLC2A3/CD99_SLC2A3/CD69_AREG/CCR2_SLC2A3/CAPG_AREG/CD52_AREG/IFNG_SLC2A3/CXCR3_NR3C1/SH3BGRL3_SLC2A3/FASLG_SLC2A3/CCR2_AREG/LCP2_SLC2A3/CD69_SLC2A3/GZMA_SLC2A3/CD99_AREG/HOPX_AREG/SIT1_AREG/CCL5_SLC2A3/MYL12A_AREG/FASLG_AREG/CXCR3_PABPC1/ID2_MBP/CD40LG_PABPC1","ID2_NR3C1/CXCR3_NR3C1/CD40LG_NR4A2/CXCR3_NR4A2/HOPX_AREG/ID2_AREG/CD40LG_AREG/IFNG_AREG/FASLG_AREG/CCR2_AREG/CXCR3_AREG/CD52_AREG/MYL12A_AREG/SIT1_AREG/CAPG_AREG/CD69_AREG/CD99_AREG/LCP2_CD40LG/CCL4_CCR4/HOPX_SLC2A3/ID2_SLC2A3/CD40LG_SLC2A3/CCL5_SLC2A3/GZMA_SLC2A3/IFNG_SLC2A3/FASLG_SLC2A3/CCR2_SLC2A3/CXCR3_SLC2A3/CD52_SLC2A3/SH3BGRL3_SLC2A3/MYL12A_SLC2A3/SIT1_SLC2A3/CD69_SLC2A3/CD99_SLC2A3/LCP2_SLC2A3/ID2_MBP/CD40LG_PABPC1/CXCR3_PABPC1"
"385",42,42,"CD4+S1PR1+ Treg_CD8+GZMK+ Tex","CD4+S1PR1+ Treg","CD8+GZMK+ Tex",28,26,2.037,1.52798299609174e-07,5.67536541405503e-06,0.217380952380952,"KLF3_TRPS1/HPGD_NAMPT/PI16_CCL4/KLF3_NAMPT/HPGD_CCL3/FLT3LG_TRPS1/KLF3_PRDM1/PI16_NAMPT/PI16_PRDM1/FLT3LG_TSC22D1/HPGD_TOX/FLT3LG_PRDM1/HPGD_HLA-DQA1/HPGD_CCL4/KLF3_TSC22D1/IKZF2_TRPS1/HPGD_HAVCR2/HPGD_TNFSF4/KLF2_TSC22D1/IL10RA_NAMPT/CCDC141_CCL4/HPGD_CCL5/FLT3LG_TNFRSF9/SAMHD1_NAMPT/CCR4_CCL4/HPGD_TSC22D1","HPGD_TOX/KLF2_TSC22D1/KLF3_TSC22D1/FLT3LG_TSC22D1/HPGD_TSC22D1/KLF3_PRDM1/FLT3LG_PRDM1/PI16_PRDM1/IKZF2_TRPS1/KLF3_TRPS1/FLT3LG_TRPS1/KLF3_CCL3/HPGD_CCL3/HPGD_CCL5/HPGD_TNFSF4/CCR4_CCL4/CCDC141_CCL4/HPGD_CCL4/PI16_CCL4/KLF3_NAMPT/IL10RA_NAMPT/SAMHD1_NAMPT/HPGD_NAMPT/PI16_NAMPT/HPGD_HAVCR2/FLT3LG_TNFRSF9/KLF3_HLA-DQA1/HPGD_HLA-DQA1"
"486",43,43,"CD4+ADSL+ Tn_CD8+TCF7+ Tex","CD4+ADSL+ Tn","CD8+TCF7+ Tex",24,23,2.102,1.84648171225582e-07,6.69886388632344e-06,0.22046511627907,"IL6ST_CD200/IL6R_NMB/COTL1_TNFRSF4/KLF2_IGFL2/IL6ST_NR3C1/COTL1_IGFBP4/TXK_IGFL2/IL6R_TNFRSF4/ANKRD55_TNFRSF4/LEF1_IGFL2/TXK_NR3C1/IL6ST_IGFL2/IL6R_GNG4/IL6R_IGFL2/IL16_IGFL2/CMTM8_IGFL2/NOSIP_NMB/IL6R_CD200/ANKRD55_NR3C1/IL6R_IGFBP4/LIMS2_IGFL2/TCF7_TNFRSF4/COTL1_NR3C1","TXK_NR3C1/IL6ST_NR3C1/ANKRD55_NR3C1/COTL1_NR3C1/IL6R_CD200/IL6ST_CD200/IL6R_GNG4/TCF7_TNFRSF4/IL6R_TNFRSF4/ANKRD55_TNFRSF4/COTL1_TNFRSF4/LEF1_IGFL2/TXK_IGFL2/KLF2_IGFL2/IL16_IGFL2/CMTM8_IGFL2/IL6R_IGFL2/IL6ST_IGFL2/LIMS2_IGFL2/IL6R_NMB/NOSIP_NMB/DGKA_NMB/IL6R_IGFBP4/COTL1_IGFBP4"
"672",44,44,"CD8+ZNF683+CXCR6+ Trm_CD4+CXCR5+ pre-Tfh","CD8+ZNF683+CXCR6+ Trm","CD4+CXCR5+ pre-Tfh",43,36,1.837,2.60310173260039e-07,9.22917887012865e-06,0.235,"ID2_AREG/ID2_NR3C1/CD52_SLC2A3/CXCR3_AREG/ID2_SLC2A3/LGALS3_AREG/XCL1_AREG/HOPX_SLC2A3/LDLRAD4_NR3C1/CXCR3_SLC2A3/CXCR6_SLC2A3/ITGA1_AREG/CAPG_AREG/CD52_AREG/TMSB4X_AREG/XCL1_SLC2A3/ZFP36L2_SLC2A3/LDLRAD4_AREG/CXCR3_NR3C1/SH3BGRL3_SLC2A3/ITGA1_SLC2A3/LDLRAD4_SLC2A3/LDLRAD4_NR4A2/GZMA_SLC2A3/S100A4_SLC2A3/HOPX_AREG/ZFP36L2_AREG/CCL5_SLC2A3/ZFP36L2_PABPC1/ZFP36L2_NR4A2/ZFP36L2_SH3TC1/CXCR3_PABPC1/LGALS3_SLC2A3/ID2_MBP/IL32_SLC2A3/CXCR6_AREG","ID2_NR3C1/CXCR6_NR3C1/CXCR3_NR3C1/LDLRAD4_NR3C1/ZFP36L2_NR4A2/CXCR3_NR4A2/LDLRAD4_NR4A2/HOPX_AREG/ID2_AREG/ZFP36L2_AREG/XCL1_AREG/XCL2_AREG/CXCR6_AREG/CXCR3_AREG/CAPG_AREG/TMSB4X_AREG/LGALS3_AREG/CD52_AREG/ITGA1_AREG/LDLRAD4_AREG/ZNF683_CD40LG/GZMB_CD40LG/IL32_CXCR5/ZNF683_SLC2A3/HOPX_SLC2A3/ID2_SLC2A3/ZFP36L2_SLC2A3/IL32_SLC2A3/XCL1_SLC2A3/CCL5_SLC2A3/GZMA_SLC2A3/CXCR6_SLC2A3/CXCR3_SLC2A3/S100A4_SLC2A3/LGALS3_SLC2A3/SH3BGRL3_SLC2A3/CD52_SLC2A3/ITGA1_SLC2A3/LDLRAD4_SLC2A3/ID2_MBP/ZFP36L2_SH3TC1/ZFP36L2_PABPC1/CXCR3_PABPC1"
"1505",45,45,"CD4+TIMP1+ Tm_CD4+NME1+CCR4- T","CD4+TIMP1+ Tm","CD4+NME1+CCR4- T",27,25,2.031,3.13235871125517e-07,1.08588435323512e-05,0.241777777777778,"CD40LG_ENO1/S100A10_GAPDH/FLT3LG_ENO1/CAPG_GAPDH/CAPG_ENO1/LMO4_GAPDH/FLT3LG_GAPDH/CD40LG_GPI/S100A10_ENO1/FLT3LG_GPI/S100A6_GAPDH/S100A6_IL2RA/S100A11_PKM/S100A10_IL2RA/CAPG_TMSB10/S100A10_TMSB10/LMO4_IL2RA/FLT3LG_SUB1/LMO4_PKM/LMO4_PHF5A/FLT3LG_ACTG1/S100A10_HMGA1/LMO4_ACTG1/S100A6_ENO1/S100A10_GPI","FLT3LG_ENO1/CD40LG_ENO1/S100A10_ENO1/S100A6_ENO1/CAPG_ENO1/S100A10_HMGA1/FLT3LG_SUB1/LMO4_PHF5A/FLT3LG_GPI/CD40LG_GPI/S100A10_GPI/VIM_HMGB1/LMO4_IL2RA/S100A10_IL2RA/S100A6_IL2RA/LMO4_ACTG1/FLT3LG_ACTG1/LMO4_GAPDH/FLT3LG_GAPDH/S100A10_GAPDH/SH3BGRL3_GAPDH/S100A6_GAPDH/CAPG_GAPDH/LMO4_PKM/S100A11_PKM/S100A10_TMSB10/CAPG_TMSB10"
"687",46,46,"CD4+CCL5+ Tm_CD4+CXCR5+ pre-Tfh","CD4+CCL5+ Tm","CD4+CXCR5+ pre-Tfh",48,39,1.782,3.90776503466433e-07,1.29704541576093e-05,0.247391304347826,"ID2_AREG/ID2_NR3C1/ID2_SLC2A3/CD40LG_NR4A2/CD40LG_SLC2A3/XCL1_AREG/HOPX_SLC2A3/CD40LG_AREG/CD99_SLC2A3/CD69_AREG/ITGA1_AREG/IFNGR1_AREG/GLUL_AREG/XCL1_SLC2A3/ZFP36L2_SLC2A3/IFNG_SLC2A3/ITGA1_SLC2A3/BHLHE40_AREG/PARP8_SLC2A3/CLU_SLC2A3/PTGER4_NR3C1/CD69_SLC2A3/GZMA_SLC2A3/CD99_AREG/HOPX_AREG/ZFP36L2_AREG/CCL5_SLC2A3/ZFP36L2_PABPC1/PTGER4_SLC2A3/ZFP36_SLC2A3/IL7R_SLC2A3/PTGER4_PASK/PTGER4_IFITM1/ZFP36L2_NR4A2/ZFP36L2_SH3TC1/ID2_MBP/PTGER4_AREG/CD40LG_PABPC1/NR4A2_SLC2A3","ID2_NR3C1/PTGER4_NR3C1/ZFP36L2_NR4A2/CD40LG_NR4A2/NR4A2_TSHZ2/NR4A2_TNFSF8/ZFP36L2_AREG/HOPX_AREG/ID2_AREG/BHLHE40_AREG/XCL1_AREG/CD40LG_AREG/XCL2_AREG/IFNG_AREG/IFNGR1_AREG/IL18RAP_AREG/GLUL_AREG/ITGA1_AREG/PARP8_AREG/PTGER4_AREG/CD69_AREG/CD99_AREG/NR4A2_CD40LG/CCL4_CCR4/PTGER4_PASK/NR4A2_SESN3/ZFP36L2_SLC2A3/HOPX_SLC2A3/ID2_SLC2A3/NR4A2_SLC2A3/CCL5_SLC2A3/GZMA_SLC2A3/XCL1_SLC2A3/CD40LG_SLC2A3/IFNG_SLC2A3/IL7R_SLC2A3/ITGA1_SLC2A3/PARP8_SLC2A3/PTGER4_SLC2A3/CD69_SLC2A3/ZFP36_SLC2A3/CD99_SLC2A3/CLU_SLC2A3/ID2_MBP/ZFP36L2_SH3TC1/ZFP36L2_PABPC1/CD40LG_PABPC1/PTGER4_IFITM1"
"1107",47,46,"CD8+Tc17_CD4+Temra","CD8+Tc17","CD4+Temra",48,39,1.782,3.90776503466433e-07,1.29704541576093e-05,0.247391304347826,"IL17RE_S1PR5/IL17RE_PRSS23/CD40LG_GZMB/IL23R_GNLY/CA2_PRSS23/IL23R_PRSS23/IL17RE_ZEB2/CA2_CMKLR1/IL17RE_GNLY/CA2_S1PR5/IL23R_S1PR5/CA2_ZNF683/CA2_PRF1/CA2_PLEK/CA2_FGFBP2/CA2_IL5RA/CA2_ZEB2/ZBTB16_GNLY/CA2_CXCR2/FLT3LG_S1PR5/ZBTB16_CMKLR1/CA2_CCL3/TNFSF13B_GNLY/CD40LG_ZEB2/RORA_GNLY/CA2_GNLY/IL23R_ZEB2/IL17RE_HOPX/IL23R_FASLG/CA2_TBX21/IL17RE_IL18RAP/CD40LG_ZNF683/ZBTB16_CCL3/CA2_GZMB/IL23R_CCL3/IL17RE_CCL3/TMIGD2_S1PR5/ZBTB16_ZNF683/CA2_CTSW","IL17RE_HOPX/ADAM12_HOPX/CD40LG_ZEB2/IL23R_ZEB2/IL17RE_ZEB2/LTK_ZEB2/CA2_ZEB2/ZBTB16_ZNF683/CD40LG_ZNF683/CA2_ZNF683/CEBPD_TBX21/CA2_TBX21/ZBTB16_GZMB/CD40LG_GZMB/CA2_GZMB/ZBTB16_CCL3/IL23R_CCL3/IL17RE_CCL3/CA2_CCL3/IL23R_FASLG/IL4I1_CX3CR1/ADAM12_CX3CR1/ZBTB16_CMKLR1/CA2_CMKLR1/CA2_IL5RA/CA2_CXCR2/IL17RE_IL18RAP/CA2_FGFBP2/ZBTB16_GNLY/RORA_GNLY/TNFSF13B_GNLY/IL23R_GNLY/IL17RE_GNLY/SLC4A10_GNLY/CA2_GNLY/FLT3LG_S1PR5/IL23R_S1PR5/IL17RE_S1PR5/TMIGD2_S1PR5/CA2_S1PR5/CEBPD_C1orf21/CA2_PRF1/CA2_PLEK/IL4I1_CTSW/CA2_CTSW/IL23R_PRSS23/IL17RE_PRSS23/CA2_PRSS23"
"614",48,48,"CD4+CCR6+ Th17_CD8+NME1+ T","CD4+CCR6+ Th17","CD8+NME1+ T",45,37,1.804,4.40518617180657e-07,1.37441808560365e-05,0.246666666666667,"DPP4_ENO1/CD40LG_ENO1/FLT3LG_ENO1/GPR35_GPI/GPR35_GAPDH/CAPG_GAPDH/TNFSF13B_ENO1/TPT1_GAPDH/CAPG_ENO1/KLRB1_ENO1/ABCB1_SKA3/ZFP36L2_GAPDH/FLT3LG_GAPDH/KLRB1_GPI/CD40LG_GPI/DPP4_KIF20A/ABCB1_ACTG1/CCR6_ENO1/ABCB1_ENO1/FKBP11_ENO1/ABCB1_CENPA/DPP4_GAPDH/ABCB1_GAPDH/ABCB1_GTF3A/ABCB1_HMGA1/FLT3LG_GPI/CCR6_GAPDH/ABCB1_GPI/ABCB1_CKLF/ABCB1_KIFC1/CCR6_GPI/ABCB1_HMGB1/DPP4_GPI/FLT3LG_ACTG1/RORA_GAPDH/GPR35_ENO1/FLT3LG_KIF20A","TNFSF13B_ENO1/CD40LG_ENO1/FLT3LG_ENO1/CCR6_ENO1/GPR35_ENO1/KLRB1_ENO1/FKBP11_ENO1/CAPG_ENO1/ABCB1_ENO1/DPP4_ENO1/ABCB1_HMGA1/ABCB1_GTF3A/MYBL1_MYB/IFNGR1_MYB/IL4I1_MXD3/ABCB1_MXD3/VIM_HMGB1/ABCB1_HMGB1/CD40LG_GPI/FLT3LG_GPI/CCR6_GPI/GPR35_GPI/KLRB1_GPI/ABCB1_GPI/DPP4_GPI/ABCB1_CKLF/BHLHE40_CXCR3/IL4I1_CXCR3/ABCB1_MND1/FLT3LG_ACTG1/ABCB1_ACTG1/ABCB1_CENPA/ABCB1_KIFC1/ABCB1_SKA3/ZFP36L2_GAPDH/RORA_GAPDH/FLT3LG_GAPDH/CCR6_GAPDH/GPR35_GAPDH/CAPG_GAPDH/ABCB1_GAPDH/TPT1_GAPDH/DPP4_GAPDH/FLT3LG_KIF20A/DPP4_KIF20A"
"933",49,48,"CD4+ISG+ Treg_CD4+CREM+ Tm","CD4+ISG+ Treg","CD4+CREM+ Tm",45,37,1.804,4.40518617180657e-07,1.37441808560365e-05,0.246666666666667,"IL7_SRGN/TNFSF13B_AREG/OAS1_SRGN/IL7_AREG/ETV7_AREG/IRF7_AREG/IL7_IFNGR1/IL7_CREM/MX1_AREG/BATF_AREG/MX1_SRGN/IL1RN_SRGN/BATF_TNFAIP3/IFI6_SRGN/ETV7_CREM/IL7_ZNF331/OAS1_AREG/IFIT3_AREG/USP18_AREG/IFI6_ANXA1/IL7_TNFAIP3/IL1RN_AREG/IL1RN_ANXA1/IL1RN_CREM/HERC5_AREG/IL1RN_FTH1/USP18_SRGN/CD74_AREG/OAS1_NR4A2/IFI6_AREG/OAS1_CREM/ETV7_SRGN/ISG15_AREG/BATF_ZNF331/IL2RB_AREG/TNFSF10_AREG/BATF_FTH1","ETV7_CREM/IL1RN_CREM/IL7_CREM/OAS1_CREM/CSF1_ZFP36L2/NAMPT_ZFP36L2/CD70_ZFP36L2/BATF_ZNF331/IL7_ZNF331/OAS1_NR4A2/IRF7_AREG/ETV7_AREG/BATF_AREG/TNFSF10_AREG/IL1RN_AREG/IL7_AREG/TNFSF13B_AREG/CD74_AREG/IL2RB_AREG/OAS1_AREG/MX1_AREG/ISG15_AREG/USP18_AREG/IFI6_AREG/IFIT3_AREG/HERC5_AREG/CD70_CXCL16/IL1RN_CXCR4/IL7_IFNGR1/BATF_FTH1/IL1RN_FTH1/ETV7_SRGN/IL1RN_SRGN/IL7_SRGN/OAS1_SRGN/MX1_SRGN/USP18_SRGN/IFI6_SRGN/BATF_TNFAIP3/IL7_TNFAIP3/IL1RN_ANXA1/IFI6_ANXA1/IL32_PTGER4/CSF1_PTGER4/NAMPT_PTGER4"
"1512",50,48,"CD4+CCR6+ Th17_CD4+NME1+CCR4- T","CD4+CCR6+ Th17","CD4+NME1+CCR4- T",45,37,1.804,4.40518617180657e-07,1.37441808560365e-05,0.246666666666667,"DPP4_ENO1/CD40LG_ENO1/FLT3LG_ENO1/GPR35_GPI/GPR35_GAPDH/CAPG_GAPDH/TNFSF13B_ENO1/ABCB1_IL2RA/TPT1_GAPDH/CAPG_ENO1/ABCB1_TMSB10/KLRB1_ENO1/ABCB1_PKM/ZFP36L2_GAPDH/FLT3LG_GAPDH/KLRB1_GPI/CD40LG_GPI/ABCB1_ACTG1/CCR6_ENO1/ABCB1_ENO1/ABCB1_PHF5A/FKBP11_ENO1/DPP4_GAPDH/ABCB1_GAPDH/ABCB1_HMGA1/FLT3LG_GPI/CCR6_GAPDH/ABCB1_GPI/ABCB1_CKLF/CCR6_GPI/CAPG_TMSB10/FLT3LG_SUB1/ABCB1_HMGB1/DPP4_GPI/FLT3LG_ACTG1/RORA_GAPDH/GPR35_ENO1","TNFSF13B_ENO1/CD40LG_ENO1/FLT3LG_ENO1/CCR6_ENO1/GPR35_ENO1/KLRB1_ENO1/FKBP11_ENO1/CAPG_ENO1/ABCB1_ENO1/DPP4_ENO1/ABCB1_HMGA1/FLT3LG_SUB1/BHLHE40_MEOX1/KLRB1_MEOX1/IL4I1_MEOX1/FKBP11_MEOX1/PERP_MEOX1/ABCB1_PHF5A/CD40LG_GPI/FLT3LG_GPI/CCR6_GPI/GPR35_GPI/KLRB1_GPI/ABCB1_GPI/DPP4_GPI/VIM_HMGB1/ABCB1_HMGB1/MYBL1_EBI3/ABCB1_CKLF/ABCB1_IL2RA/FLT3LG_ACTG1/ABCB1_ACTG1/ZFP36L2_GAPDH/RORA_GAPDH/FLT3LG_GAPDH/CCR6_GAPDH/GPR35_GAPDH/CAPG_GAPDH/ABCB1_GAPDH/TPT1_GAPDH/DPP4_GAPDH/ABCB1_PKM/CAPG_TMSB10/ABCB1_TMSB10/IL4I1_CORO1A"
"380",51,51,"CD4+CCR6+ Th17_CD8+GZMK+ Tex","CD4+CCR6+ Th17","CD8+GZMK+ Tex",33,29,1.928,4.86122076782312e-07,1.45836623034693e-05,0.239803921568627,"ABCB1_TSC22D1/ABCB1_TNFSF4/ABCB1_TRPS1/ABCB1_NAMPT/FKBP11_TRPS1/FLT3LG_TRPS1/CD40LG_TNFSF4/TNFSF13B_HAVCR2/HOPX_PRDM1/DPP4_NAMPT/TNFSF13B_NAMPT/HOPX_TNFSF4/CAPG_TNFSF4/FLT3LG_TSC22D1/FLT3LG_PRDM1/CD40LG_TNFRSF9/CD40LG_HAVCR2/ABCB1_VCAM1/KLRB1_NAMPT/ABCB1_PRDM1/ABCB1_CCL3L3/ABCB1_TOX/ZFP36L2_NAMPT/CAPG_HAVCR2/HOPX_NAMPT/DPP4_TRPS1/GPR35_TRPS1/FLT3LG_TNFRSF9/CD40LG_NAMPT","ABCB1_TOX/FLT3LG_TSC22D1/ABCB1_TSC22D1/HOPX_PRDM1/FLT3LG_PRDM1/ABCB1_PRDM1/FLT3LG_TRPS1/GPR35_TRPS1/FKBP11_TRPS1/ABCB1_TRPS1/DPP4_TRPS1/ABCB1_CCL3/ABCB1_CCL3L3/HOPX_TNFSF4/CD40LG_TNFSF4/CAPG_TNFSF4/ABCB1_TNFSF4/HOPX_NAMPT/ZFP36L2_NAMPT/TNFSF13B_NAMPT/CD40LG_NAMPT/KLRB1_NAMPT/ABCB1_NAMPT/DPP4_NAMPT/TNFSF13B_HAVCR2/CD40LG_HAVCR2/CAPG_HAVCR2/VIM_CD27/ABCB1_VCAM1/ANXA1_LYST/CD40LG_TNFRSF9/FLT3LG_TNFRSF9/CCR6_TNFRSF9"
"918",52,51,"CD4+TNF+ T_CD4+CREM+ Tm","CD4+TNF+ T","CD4+CREM+ Tm",33,29,1.928,4.86122076782312e-07,1.45836623034693e-05,0.239803921568627,"ID2_AREG/CXCR3_AREG/CD40LG_TNFAIP3/CD40LG_NR4A2/CD69_TNFAIP3/CD40LG_AREG/CD69_AREG/CAPG_AREG/CD52_AREG/HOPX_SRGN/ID2_SRGN/CXCR3_TNFAIP3/CAPG_SRGN/SIT1_TNFAIP3/CXCR3_CREM/CD40LG_FTH1/CCR2_AREG/CD99_AREG/HOPX_CREM/HOPX_AREG/SIT1_AREG/CD40LG_SRGN/CD40LG_TGFB1/SIT1_SRGN/MYL12A_AREG/FASLG_AREG/CD52_SRGN/ID2_ANXA1/CD40LG_CREM","HOPX_CREM/CD40LG_CREM/CXCR3_CREM/CD40LG_NR4A2/CXCR3_NR4A2/CD40LG_TGFB1/HOPX_AREG/ID2_AREG/CD40LG_AREG/IFNG_AREG/FASLG_AREG/CCR2_AREG/CXCR3_AREG/CD52_AREG/MYL12A_AREG/SIT1_AREG/CAPG_AREG/CD69_AREG/CD99_AREG/CD40LG_FTH1/HOPX_SRGN/ID2_SRGN/CD40LG_SRGN/CCR2_SRGN/CD52_SRGN/SIT1_SRGN/CAPG_SRGN/ID2_TNFAIP3/CD40LG_TNFAIP3/CXCR3_TNFAIP3/SIT1_TNFAIP3/CD69_TNFAIP3/ID2_ANXA1"
"914",53,53,"CD4+Tn_CD4+CREM+ Tm","CD4+Tn","CD4+CREM+ Tm",36,31,1.889,5.14541413652259e-07,1.51449925527835e-05,0.236603773584906,"LINC00861_TNFAIP3/TXK_AREG/SCML1_CREM/TXK_CREM/SCML1_AREG/GIMAP7_TNFAIP3/PLAC8_AREG/TXK_TNFAIP3/LINC00861_AREG/FHIT_TNFAIP3/TCF7_TNFAIP3/TPT1_AREG/FHIT_AREG/LINC00861_CREM/TXK_NR4A2/PLAC8_FTH1/SCML1_FTH1/KLF2_CREM/FHIT_NR4A2/FHIT_CREM/EEF1B2_FTH1/GIMAP7_SRGN/TPT1_TNFAIP3/GIMAP7_YPEL5/TCF7_FTH1/GIMAP7_CREM/KLF2_ANXA1/TPT1_CREM/KLF2_TGFB1/SELL_AREG/EEF1B2_SRGN","TXK_CREM/KLF2_CREM/SCML1_CREM/TPT1_CREM/GIMAP7_CREM/LINC00861_CREM/FHIT_CREM/TXK_NR4A2/FHIT_NR4A2/KLF2_TGFB1/TXK_AREG/SCML1_AREG/EEF1A1_AREG/SELL_AREG/PLAC8_AREG/TPT1_AREG/GIMAP7_AREG/LINC00861_AREG/FHIT_AREG/TCF7_FTH1/SCML1_FTH1/EEF1B2_FTH1/PLAC8_FTH1/KLF2_SRGN/EEF1B2_SRGN/TPT1_SRGN/GIMAP7_SRGN/TCF7_TNFAIP3/TXK_TNFAIP3/TPT1_TNFAIP3/GIMAP7_TNFAIP3/LINC00861_TNFAIP3/FHIT_TNFAIP3/GIMAP7_YPEL5/KLF2_ANXA1/EEF1B2_PTGER4"
"1552",54,54,"CD4+IL26+ Th17_CD4+NME1+CCR4+ T","CD4+IL26+ Th17","CD4+NME1+CCR4+ T",50,40,1.755,6.04466618476798e-07,1.74623689782186e-05,0.233148148148148,"IL17RE_PFN1/IL17RE_ENO1/IL17RE_SUB1/IL17RE_ACTG1/IL17RE_CMTM7/IL23R_ACTG1/CD40LG_ENO1/IL23R_ENO1/IL17RE_ACTB/IL22_ENO1/IL17RE_ARPC1B/CA10_ENO1/IL17RE_TMSB10/IL17RE_SCAND1/IL17RE_TPM4/CXCR6_ENO1/TNFSF13B_ENO1/CAPG_ENO1/KLRB1_ENO1/IL26_ENO1/TNFSF14_ENO1/ID2_SUB1/IL17RE_HMGB1/ID2_ENO1/CCR6_ENO1/CD40LG_CNN2/IL23R_CMTM7/TMIGD2_ENO1/IL23R_CNN2/IL22_TPM4/IL23R_ARPC1B/IL17RE_CNN2/MGAT4A_ENO1/IL17RE_IFNAR2/IL23R_TPM4/KLRB1_CNN2/CAPG_TMSB10/IL23R_ACTB/IL22_IL32/IL23R_SUB1","ID2_SUB1/IL23R_SUB1/IL17RE_SUB1/ANKRD28_KLF2/ID2_ENO1/IL26_ENO1/TNFSF13B_ENO1/CD40LG_ENO1/IL22_ENO1/TNFSF14_ENO1/CXCR6_ENO1/CCR6_ENO1/IL23R_ENO1/IL17RE_ENO1/KLRB1_ENO1/CA10_ENO1/CAPG_ENO1/MGAT4A_ENO1/TMIGD2_ENO1/IL17RE_SCAND1/IL22_IL32/IL22_CMTM7/IL23R_CMTM7/IL17RE_CMTM7/IL17RE_HMGB1/RUNX2_FLT3LG/ANKRD28_FLT3LG/CEBPD_IL16/CEBPD_IL6R/ANKRD28_IL6R/CEBPD_IFNAR2/IL17RE_IFNAR2/IL23R_ACTB/IL17RE_ACTB/IL17RE_PFN1/IL23R_ACTG1/IL17RE_ACTG1/IL17RE_TMSB10/CAPG_TMSB10/IL17RE_CORO1A/IL4I1_CORO1A/IL23R_ARPC1B/IL17RE_ARPC1B/CD40LG_CNN2/IL23R_CNN2/IL17RE_CNN2/KLRB1_CNN2/IL22_TPM4/IL23R_TPM4/IL17RE_TPM4"
"926",55,55,"CD4+CCR6+ Th17_CD4+CREM+ Tm","CD4+CCR6+ Th17","CD4+CREM+ Tm",55,43,1.715,7.40478825409513e-07,2.1002672138888e-05,0.24,"TNFSF13B_AREG/CCR6_CREM/CD40LG_TNFAIP3/ABCB1_CD44/CD40LG_NR4A2/ABCB1_ZNF331/CD40LG_AREG/ABCB1_NR4A2/TIMP1_AREG/ABCB1_AREG/ABCB1_YPEL5/CAPG_AREG/GPR35_AREG/ABCB1_CREM/IFNGR1_AREG/HOPX_SRGN/GPR35_FTH1/CAPG_SRGN/FLT3LG_AREG/CCR6_AREG/ABCB1_SRGN/TPT1_AREG/BHLHE40_AREG/CD40LG_FTH1/FLT3LG_SRGN/HOPX_CREM/HOPX_AREG/TPT1_TNFAIP3/GPR35_NR4A2/CD40LG_SRGN/ZFP36L2_AREG/CD40LG_TGFB1/DPP4_TNFAIP3/CCR6_SRGN/ZFP36L2_NR4A2/ABCB1_TGFB1/GPR35_CREM/TPT1_CREM/ABCB1_CDKN1A/CD40LG_CREM/GPR35_TGFB1/DPP4_NR4A2/ZFP36L2_TNFAIP3","HOPX_CREM/CD40LG_CREM/CCR6_CREM/GPR35_CREM/ABCB1_CREM/TPT1_CREM/DPP4_CREM/BHLHE40_ZFP36L2/IL4I1_ZFP36L2/ABCB1_ZNF331/ZFP36L2_NR4A2/CD40LG_NR4A2/GPR35_NR4A2/ABCB1_NR4A2/DPP4_NR4A2/CD40LG_TGFB1/GPR35_TGFB1/ABCB1_TGFB1/BHLHE40_AREG/HOPX_AREG/ZFP36L2_AREG/RORA_AREG/TNFSF13B_AREG/CD40LG_AREG/TIMP1_AREG/FLT3LG_AREG/CCR6_AREG/IFNGR1_AREG/GPR35_AREG/CAPG_AREG/ABCB1_AREG/TPT1_AREG/IL4I1_CXCL16/IL4I1_CXCR4/BHLHE40_GPR35/IL4I1_GPR35/VIM_GPR35/ABCB1_CD44/CD40LG_FTH1/GPR35_FTH1/HOPX_SRGN/CD40LG_SRGN/FLT3LG_SRGN/CCR6_SRGN/CAPG_SRGN/ABCB1_SRGN/TPT1_SRGN/ZFP36L2_TNFAIP3/CD40LG_TNFAIP3/FKBP11_TNFAIP3/TPT1_TNFAIP3/DPP4_TNFAIP3/ABCB1_YPEL5/MYBL1_PTGER4/ABCB1_CDKN1A"
"427",56,56,"CD4+ISG+ Th_CD8+terminal Tex","CD4+ISG+ Th","CD8+terminal Tex",22,21,2.094,8.22813418759768e-07,2.25191040923726e-05,0.251071428571429,"CMPK2_HAVCR2/TNFSF13B_HAVCR2/MX2_HAVCR2/TNFSF13B_NAMPT/IFI6_IL2RA/SP100_RBPJ/IFIT3_GZMB/MX1_NAMPT/MX1_HAVCR2/MX1_IL2RA/IFI6_RBPJ/IFI44L_GZMB/IFIT2_GZMB/MX1_TOX2/TNFSF10_NAMPT/MX1_GZMB/IFIT1_GZMB/IFI6_NAMPT/SP100_TOX2/IFI6_HAVCR2/TNFSF10_RBPJ","SP100_RBPJ/TNFSF10_RBPJ/MX1_RBPJ/IFI6_RBPJ/SP100_TOX2/MX1_TOX2/IFIT3_GZMB/IFIT1_GZMB/IFI44L_GZMB/MX1_GZMB/IFIT2_GZMB/TNFSF10_NAMPT/TNFSF13B_NAMPT/MX1_NAMPT/IFI6_NAMPT/MX1_IL2RA/IFI6_IL2RA/TNFSF13B_HAVCR2/MX1_HAVCR2/IFI6_HAVCR2/MX2_HAVCR2/CMPK2_HAVCR2"
"911",57,56,"CD8+ISG+ CD8+ T_CD4+CREM+ Tm","CD8+ISG+ CD8+ T","CD4+CREM+ Tm",22,21,2.094,8.22813418759768e-07,2.25191040923726e-05,0.251071428571429,"OAS1_SRGN/SP100_TNFAIP3/CMPK2_SRGN/IRF7_AREG/SP100_AREG/MX1_AREG/MX1_SRGN/IFI6_SRGN/PLSCR1_TNFAIP3/OAS1_AREG/IFIT3_AREG/IFI6_ANXA1/OAS3_AREG/PLSCR1_AREG/CD74_AREG/OAS1_NR4A2/IFI6_AREG/OAS1_CREM/ISG15_AREG/STAT2_AREG/TNFSF10_AREG","OAS1_CREM/OAS1_NR4A2/PLSCR1_AREG/IRF7_AREG/STAT2_AREG/SP100_AREG/TNFSF10_AREG/CD74_AREG/IFIT3_AREG/MX1_AREG/IFI6_AREG/OAS1_AREG/ISG15_AREG/OAS3_AREG/MX1_SRGN/IFI6_SRGN/OAS1_SRGN/CMPK2_SRGN/STAT2_FAM177A1/PLSCR1_TNFAIP3/SP100_TNFAIP3/IFI6_ANXA1"
"170",58,58,"CD8+Tc17_CD8+GZMK+ Tem","CD8+Tc17","CD8+GZMK+ Tem",25,23,2.018,1.30495143149818e-06,3.45038005616467e-05,0.271896551724138,"IL17RE_SUB1/CA2_CST7/CA2_COTL1/CA2_SUB1/CA2_IL32/CA2_CD74/CA2_HLA-DRB1/IL17RE_ITM2C/IL17RE_HLA-DRB1/CA2_HLA-DQA1/CA2_HLA-DQB1/IL17RE_HLA-DQA1/IL17RE_APOBEC3G/KLRB1_CST7/CA2_HLA-DPB1/FLT3LG_SUB1/CA2_APOBEC3G/IL17RE_CXCR3/ZBTB16_APOBEC3G/CA2_HLA-DPA1/IL23R_SUB1/ZBTB16_IL32/ZBTB16_CST7","FLT3LG_SUB1/IL23R_SUB1/IL17RE_SUB1/CA2_SUB1/ZBTB16_IL32/CA2_IL32/CA2_CD74/IL17RE_CXCR3/IL4I1_CXCR3/IL17RE_HLA-DRB1/CA2_HLA-DRB1/CA2_HLA-DPA1/CA2_COTL1/CA2_HLA-DPB1/IL17RE_HLA-DQA1/CA2_HLA-DQA1/CA2_HLA-DQB1/IL17RE_ITM2C/ADAM12_ITM2C/ZBTB16_CST7/KLRB1_CST7/CA2_CST7/ZBTB16_APOBEC3G/IL17RE_APOBEC3G/CA2_APOBEC3G"
"377",59,58,"CD4+CAPG+CREM- Tm_CD8+GZMK+ Tex","CD4+CAPG+CREM- Tm","CD8+GZMK+ Tex",25,23,2.018,1.30495143149818e-06,3.45038005616467e-05,0.271896551724138,"ID2_NAMPT/ID2_TRPS1/ID2_HAVCR2/CXCR3_TRPS1/CD52_NAMPT/CD40LG_TNFSF4/HOPX_PRDM1/ID2_PRDM1/HOPX_TNFSF4/CAPG_TNFSF4/CXCR3_PRDM1/CD99_TNFSF4/CD40LG_TNFRSF9/CD40LG_HAVCR2/ID2_TNFRSF9/CXCR6_TNFRSF9/IFNG_PRDM1/ZFP36L2_NAMPT/CAPG_HAVCR2/HOPX_NAMPT/GPR35_TRPS1/CD40LG_NAMPT/CD52_HAVCR2","HOPX_PRDM1/ID2_PRDM1/IFNG_PRDM1/CXCR3_PRDM1/ID2_TRPS1/CXCR3_TRPS1/GPR35_TRPS1/HOPX_TNFSF4/CD40LG_TNFSF4/CAPG_TNFSF4/CD99_TNFSF4/HOPX_NAMPT/ID2_NAMPT/ZFP36L2_NAMPT/CD40LG_NAMPT/CD52_NAMPT/ID2_HAVCR2/CD40LG_HAVCR2/CAPG_HAVCR2/CD52_HAVCR2/ANXA1_LYST/ID2_TNFRSF9/CD40LG_TNFRSF9/CXCR6_TNFRSF9/CCL4_HLA-DQA1"
"898",60,60,"CD8+Tn_CD4+CREM+ Tm","CD8+Tn","CD4+CREM+ Tm",40,33,1.81,1.63828624846962e-06,4.259544246021e-05,0.281,"TXK_AREG/TXK_CREM/IL6R_TNFAIP3/IL6R_AREG/TIMP1_AREG/IFNGR2_AREG/TNFSF8_AREG/TXK_TNFAIP3/FLT3LG_AREG/NOSIP_SRGN/BACH2_AREG/TCF7_TNFAIP3/CMTM8_CREM/TPT1_AREG/TXK_NR4A2/IL6R_FTH1/TNFSF8_NR4A2/IFNGR2_TNFAIP3/KLF2_CREM/FLT3LG_SRGN/EEF1B2_FTH1/TPT1_TNFAIP3/IL23A_AREG/IL6R_NR4A2/NOSIP_AREG/TCF7_FTH1/KLF2_ANXA1/TNFSF8_TNFAIP3/TPT1_CREM/IL6R_ANXA1/KLF2_TGFB1/SELL_AREG/EEF1B2_SRGN","KLF2_CREM/TXK_CREM/CMTM8_CREM/TPT1_CREM/PABPC1_ZFP36L2/TXK_NR4A2/TNFSF8_NR4A2/IL6R_NR4A2/KLF2_TGFB1/TXK_AREG/BACH2_AREG/FLT3LG_AREG/TNFSF8_AREG/IL23A_AREG/TIMP1_AREG/IL6R_AREG/IFNGR2_AREG/SELL_AREG/EEF1A1_AREG/TPT1_AREG/NOSIP_AREG/TCF7_FTH1/IL6R_FTH1/EEF1B2_FTH1/KLF2_SRGN/FLT3LG_SRGN/IL6R_SRGN/TPT1_SRGN/EEF1B2_SRGN/NOSIP_SRGN/TCF7_TNFAIP3/TXK_TNFAIP3/TNFSF8_TNFAIP3/CMTM8_TNFAIP3/IL6R_TNFAIP3/IFNGR2_TNFAIP3/TPT1_TNFAIP3/KLF2_ANXA1/IL6R_ANXA1/EEF1B2_PTGER4"
"1228",61,61,"CD4+ADSL+ Tn_CD4+IL21+ Tfh","CD4+ADSL+ Tn","CD4+IL21+ Tfh",21,20,2.089,1.73161843669126e-06,4.42840124793175e-05,0.287868852459016,"IL6ST_CD200/IL6R_NMB/LIMS2_TNFSF4/ANKRD55_RBPJ/KLF2_IGFL2/IL6ST_NR3C1/TXK_IGFL2/LEF1_IGFL2/TXK_NR3C1/IL6ST_IGFL2/IL6R_GNG4/IL6R_IGFL2/IL16_IGFL2/KLF2_PDE7B/CMTM8_IGFL2/NOSIP_NMB/IL6R_CD200/ANKRD55_NR3C1/LIMS2_IGFL2/COTL1_NR3C1","TXK_NR3C1/IL6ST_NR3C1/ANKRD55_NR3C1/COTL1_NR3C1/ANKRD55_RBPJ/LIMS2_TNFSF4/IL6R_GNG4/IL6R_CD200/IL6ST_CD200/IL6R_NMB/NOSIP_NMB/DGKA_NMB/LEF1_IGFL2/TXK_IGFL2/KLF2_IGFL2/IL16_IGFL2/CMTM8_IGFL2/IL6R_IGFL2/IL6ST_IGFL2/LIMS2_IGFL2/KLF2_PDE7B"
"1419",62,62,"CD8+Tc17_CD4+ISG+ Treg","CD8+Tc17","CD4+ISG+ Treg",50,39,1.711,2.73313386589968e-06,6.87691746903791e-05,0.310161290322581,"CA2_CD70/CA2_HERC5/IL23R_NAMPT/CA2_IL2RA/CA2_NAMPT/ZBTB16_NAMPT/IL17RE_BATF/IL17RE_NAMPT/CA2_IL32/CA2_CD74/CD40LG_CSF1/CA2_CSF1/IL17RE_CD70/TNFSF13B_NAMPT/IL17RE_CSF1/CA2_IRF7/IL17RE_IL1R2/FLT3LG_CD70/FLT3LG_CSF1/CA2_USP18/CA2_FOXP3/ZBTB16_ISG15/CA2_RSAD2/CA2_TNFSF10/TMIGD2_CD70/IL17RE_IL2RA/KLRB1_NAMPT/ZBTB16_CCR8/ZBTB16_CSF1/NCR3_CD70/IL23R_CD70/CA2_TNFSF13B/IL23R_CSF1/ZBTB16_FOXP3/CA2_STAT1/IL23R_IL2RB/CA2_IL2RB/CD40LG_NAMPT/ZBTB16_IL32","ZBTB16_FOXP3/IL4I1_FOXP3/CA2_FOXP3/CA2_STAT1/CA2_IRF7/IL4I1_ETV7/CEBPD_BATF/IL17RE_BATF/ZBTB16_IL32/CA2_IL32/IL4I1_LTA/CA2_TNFSF10/ADAM12_TNFSF10/IL23A_IL1RN/ADAM12_IL1RN/ZBTB16_CSF1/CD40LG_CSF1/FLT3LG_CSF1/IL23R_CSF1/IL17RE_CSF1/CA2_CSF1/ZBTB16_NAMPT/CD40LG_NAMPT/TNFSF13B_NAMPT/IL23R_NAMPT/IL17RE_NAMPT/KLRB1_NAMPT/CA2_NAMPT/CEBPD_IL7/IL4I1_IL7/ADAM12_IL7/FLT3LG_CD70/IL23R_CD70/IL17RE_CD70/TMIGD2_CD70/NCR3_CD70/CA2_CD70/CA2_TNFSF13B/ZBTB16_IL2RA/IL17RE_IL2RA/CA2_IL2RA/ZBTB16_CCR8/IL17RE_IL1R2/CA2_CD74/IL23R_IL2RB/CA2_IL2RB/ZBTB16_ISG15/CA2_USP18/CA2_RSAD2/CA2_HERC5"
"373",63,63,"CD4+TIMP1+ Tm_CD8+GZMK+ Tex","CD4+TIMP1+ Tm","CD8+GZMK+ Tex",27,24,1.95,3.2569406073722e-06,7.81665745769327e-05,0.322063492063492,"S100A10_NAMPT/CD52_NAMPT/FLT3LG_TRPS1/CD40LG_TNFSF4/HOPX_PRDM1/LMO4_NAMPT/LMO4_HAVCR2/HOPX_TNFSF4/CAPG_TNFSF4/FLT3LG_TSC22D1/FLT3LG_PRDM1/CD40LG_TNFRSF9/CD40LG_HAVCR2/LMO4_TRPS1/S100A10_HAVCR2/LMO4_HLA-DRB1/KLF2_TSC22D1/CAPG_HAVCR2/S100A6_TNFSF4/HOPX_NAMPT/LMO4_TSC22D1/FLT3LG_TNFRSF9/CD40LG_NAMPT/CD52_HAVCR2","KLF2_TSC22D1/LMO4_TSC22D1/FLT3LG_TSC22D1/HOPX_PRDM1/FLT3LG_PRDM1/LMO4_TRPS1/FLT3LG_TRPS1/HOPX_TNFSF4/CD40LG_TNFSF4/S100A11_TNFSF4/S100A6_TNFSF4/CAPG_TNFSF4/HOPX_NAMPT/LMO4_NAMPT/CD40LG_NAMPT/S100A10_NAMPT/CD52_NAMPT/LMO4_HAVCR2/CD40LG_HAVCR2/S100A10_HAVCR2/CD52_HAVCR2/CAPG_HAVCR2/VIM_CD27/ANXA1_LYST/FLT3LG_TNFRSF9/CD40LG_TNFRSF9/LMO4_HLA-DRB1"
"415",64,63,"CD4+CAPG+ Tm_CD8+terminal Tex","CD4+CAPG+ Tm","CD8+terminal Tex",27,24,1.95,3.2569406073722e-06,7.81665745769327e-05,0.322063492063492,"ID2_RBPJ/ID2_NAMPT/CD40LG_GZMB/ID2_HAVCR2/CD52_NAMPT/CD40LG_CSF1/CD40LG_TNFSF4/HMGB1_RBPJ/HOPX_TNFSF4/CAPG_TNFSF4/CXCR3_CD70/COTL1_CD70/ID2_TOX2/CD40LG_TNFRSF9/HMGB1_NAMPT/CD40LG_HAVCR2/CXCR6_CD70/ID2_TNFRSF9/CXCR6_TNFRSF9/CD52_GZMB/CAPG_HAVCR2/HOPX_NAMPT/CD40LG_NAMPT/CD52_HAVCR2","ID2_RBPJ/HMGB1_RBPJ/ID2_TOX2/HOPX_TNFSF4/CD40LG_TNFSF4/CAPG_TNFSF4/S100A11_TNFSF4/CD40LG_GZMB/CD52_GZMB/CD40LG_CSF1/COTL1_CSF1/CXCR3_CD70/CXCR6_CD70/COTL1_CD70/HOPX_NAMPT/ID2_NAMPT/CD40LG_NAMPT/HMGB1_NAMPT/CD52_NAMPT/COTL1_CD74/ID2_TNFRSF9/CD40LG_TNFRSF9/CXCR6_TNFRSF9/ID2_HAVCR2/CD40LG_HAVCR2/CAPG_HAVCR2/CD52_HAVCR2"
"1230",65,63,"CD4+TNF+ T_CD4+IL21+ Tfh","CD4+TNF+ T","CD4+IL21+ Tfh",27,24,1.95,3.2569406073722e-06,7.81665745769327e-05,0.322063492063492,"ID2_NR3C1/ID2_RBPJ/ID2_CD200/CXCR3_CD200/CD40LG_IGFL2/CXCR3_NR3C1/CD40LG_TNFSF4/ID2_IGFL2/HOPX_TNFSF4/CAPG_TNFSF4/CD52_IGFL2/IFNG_IGFL2/CD99_TNFSF4/ID2_TOX2/CXCR3_NMB/CD99_IGFL2/CAPG_NMB/ACTB_IGFL2/CD52_NMB/CCR2_IGFL2/CXCR3_GNG4/CXCR3_IGFL2/CAPG_CD200/ID2_NMB","ID2_NR3C1/CXCR3_NR3C1/ID2_TOX2/ID2_RBPJ/HOPX_TNFSF4/CD40LG_TNFSF4/CAPG_TNFSF4/CD99_TNFSF4/LCP2_CD40LG/LCP2_IL6R/CXCR3_GNG4/ID2_CD200/CXCR3_CD200/CAPG_CD200/ID2_NMB/CXCR3_NMB/CD52_NMB/CAPG_NMB/ID2_IGFL2/CD40LG_IGFL2/GZMA_IGFL2/IFNG_IGFL2/CCR2_IGFL2/CXCR3_IGFL2/CD52_IGFL2/ACTB_IGFL2/CD99_IGFL2"
"906",66,66,"CD8+ZNF683+CXCR6+ Trm_CD4+CREM+ Tm","CD8+ZNF683+CXCR6+ Trm","CD4+CREM+ Tm",36,30,1.828,3.3114603724986e-06,7.82708815317851e-05,0.307878787878788,"ID2_AREG/CXCR3_AREG/LGALS3_AREG/XCL1_AREG/ITGA1_AREG/CAPG_AREG/LDLRAD4_TNFAIP3/CD52_AREG/HOPX_SRGN/ID2_SRGN/CXCR3_TNFAIP3/TMSB4X_AREG/CAPG_SRGN/LDLRAD4_AREG/TMSB4X_ANXA1/LGALS3_SRGN/CXCR3_CREM/LDLRAD4_NR4A2/LDLRAD4_CREM/HOPX_CREM/HOPX_AREG/ZFP36L2_AREG/LGALS3_FTH1/LDLRAD4_SRGN/CXCR6_TNFAIP3/ZFP36L2_NR4A2/CD52_SRGN/ID2_ANXA1/CXCR6_AREG/ZFP36L2_TNFAIP3","HOPX_CREM/CXCR3_CREM/LDLRAD4_CREM/ZFP36L2_NR4A2/CXCR3_NR4A2/LDLRAD4_NR4A2/HOPX_AREG/ID2_AREG/ZFP36L2_AREG/XCL1_AREG/XCL2_AREG/CXCR6_AREG/CXCR3_AREG/CAPG_AREG/TMSB4X_AREG/LGALS3_AREG/CD52_AREG/ITGA1_AREG/LDLRAD4_AREG/LGALS3_FTH1/HOPX_SRGN/ID2_SRGN/CAPG_SRGN/TMSB4X_SRGN/LGALS3_SRGN/CD52_SRGN/LDLRAD4_SRGN/ID2_TNFAIP3/ZFP36L2_TNFAIP3/CXCR6_TNFAIP3/CXCR3_TNFAIP3/LDLRAD4_TNFAIP3/ID2_ANXA1/TMSB4X_ANXA1/RBPJ_PTGER4/IL32_PTGER4"
"934",67,67,"CD4+ISG+ Th_CD4+CREM+ Tm","CD4+ISG+ Th","CD4+CREM+ Tm",16,16,2.194,3.40629987115784e-06,7.93108626717347e-05,0.309402985074627,"TNFSF13B_AREG/SP100_TNFAIP3/CMPK2_SRGN/IRF7_AREG/SP100_AREG/MX1_AREG/MX1_SRGN/IFI6_SRGN/PLSCR1_TNFAIP3/IFIT3_AREG/IFI6_ANXA1/PLSCR1_AREG/MX2_AREG/IFI6_AREG/ISG15_AREG/TNFSF10_AREG","PLSCR1_AREG/IRF7_AREG/SP100_AREG/TNFSF10_AREG/TNFSF13B_AREG/IFIT3_AREG/MX1_AREG/ISG15_AREG/IFI6_AREG/MX2_AREG/MX1_SRGN/IFI6_SRGN/CMPK2_SRGN/PLSCR1_TNFAIP3/SP100_TNFAIP3/IFI6_ANXA1"
"1243",68,68,"CD4+S1PR1+ Treg_CD4+IL21+ Tfh","CD4+S1PR1+ Treg","CD4+IL21+ Tfh",33,28,1.861,3.51405482931305e-06,7.96813676041419e-05,0.311764705882353,"KLF3_RBPJ/FLT3LG_NR3C1/PI16_CD200/FLT3LG_CD200/KLF3_NMB/FLT3LG_RBPJ/KLF3_CD200/HPGD_NMB/PI16_IGFL2/SAMHD1_CD200/KLF2_IGFL2/KLF3_NR3C1/FLT3LG_TOX2/LEF1_IGFL2/IKZF2_CD200/HPGD_RBPJ/KLF3_GNG4/TTN_CD200/HPGD_TOX/HPGD_NR3C1/HPGD_IGFL2/HPGD_LIF/KLF2_PDE7B/HPGD_CD200/HPGD_TNFSF4/KLF3_TOX2/FLT3LG_IGFL2/IKZF2_IGFL2","KLF3_NR3C1/FLT3LG_NR3C1/CCR10_NR3C1/HPGD_NR3C1/PI16_NR3C1/KLF3_TOX2/FLT3LG_TOX2/HPGD_TOX/KLF3_RBPJ/FLT3LG_RBPJ/HPGD_RBPJ/IKZF2_IL21/HPGD_TNFSF4/HPGD_LIF/IL32_CXCR5/KLF3_GNG4/IKZF2_CD200/KLF3_CD200/FLT3LG_CD200/SAMHD1_CD200/TTN_CD200/HPGD_CD200/PI16_CD200/KLF3_NMB/HPGD_NMB/PI16_NMB/IKZF2_IGFL2/KLF2_IGFL2/LEF1_IGFL2/FLT3LG_IGFL2/HPGD_IGFL2/PI16_IGFL2/KLF2_PDE7B"
"502",69,69,"CD4+S1PR1+ Treg_CD8+TCF7+ Tex","CD4+S1PR1+ Treg","CD8+TCF7+ Tex",30,26,1.901,3.52436818249089e-06,7.96813676041419e-05,0.307826086956522,"FLT3LG_NR3C1/CCR10_TNFRSF4/PI16_CD200/FLT3LG_CD200/KLF3_NMB/KLF3_CD200/HPGD_NMB/PI16_IGFL2/SAMHD1_CD200/KLF2_IGFL2/KLF3_NR3C1/PI16_TNFRSF4/LEF1_IGFL2/CCDC141_TNFRSF4/HPGD_TNFRSF4/IKZF2_CD200/KLF3_GNG4/TTN_CD200/HPGD_TOX/HPGD_NR3C1/FOXP3_TNFRSF4/HPGD_IGFL2/FLT3LG_IGFBP4/HPGD_CD200/FLT3LG_IGFL2/IKZF2_IGFL2","KLF3_NR3C1/FLT3LG_NR3C1/CCR10_NR3C1/HPGD_NR3C1/PI16_NR3C1/HPGD_TOX/CD74_EBI3/IKZF2_CD200/KLF3_CD200/FLT3LG_CD200/SAMHD1_CD200/TTN_CD200/HPGD_CD200/PI16_CD200/KLF3_GNG4/FOXP3_TNFRSF4/CCR10_TNFRSF4/CCDC141_TNFRSF4/HPGD_TNFRSF4/PI16_TNFRSF4/IKZF2_IGFL2/KLF2_IGFL2/LEF1_IGFL2/FLT3LG_IGFL2/HPGD_IGFL2/PI16_IGFL2/KLF3_NMB/HPGD_NMB/PI16_NMB/FLT3LG_IGFBP4"
"601",70,70,"CD4+Tn_CD8+NME1+ T","CD4+Tn","CD8+NME1+ T",20,19,2.084,3.63594402474856e-06,8.10296096943965e-05,0.309428571428571,"GIMAP7_ENO1/EEF1A1_ENO1/TPT1_GAPDH/GIMAP7_GAPDH/SCML1_GAPDH/MAL_ENO1/TCF7_GPI/GIMAP7_GPI/TCF7_GAPDH/LINC00861_ENO1/SCML1_ENO1/EEF1B2_ENO1/PLAC8_ENO1/TXK_ENO1/TXK_GAPDH/FHIT_ENO1/LEF1_GAPDH/EEF1A1_GAPDH/GIMAP7_CENPA","TXK_ENO1/SCML1_ENO1/EEF1A1_ENO1/EEF1B2_ENO1/PLAC8_ENO1/GIMAP7_ENO1/MAL_ENO1/LINC00861_ENO1/FHIT_ENO1/TCF7_GPI/GIMAP7_GPI/GIMAP7_CENPA/TCF7_GAPDH/LEF1_GAPDH/TXK_GAPDH/SCML1_GAPDH/EEF1A1_GAPDH/EEF1B2_GAPDH/TPT1_GAPDH/GIMAP7_GAPDH"
"922",71,71,"CD4+CAPG+ Tm_CD4+CREM+ Tm","CD4+CAPG+ Tm","CD4+CREM+ Tm",41,33,1.766,4.71880762582049e-06,0.000103680843609577,0.310845070422535,"ID2_AREG/CXCR3_AREG/CD40LG_TNFAIP3/CD40LG_NR4A2/CD40LG_AREG/TIMP1_AREG/S100A11_AREG/CAPG_AREG/CD52_AREG/HOPX_SRGN/ID2_SRGN/CXCR3_TNFAIP3/TMSB4X_AREG/CAPG_SRGN/TMSB4X_ANXA1/BHLHE40_AREG/CXCR3_CREM/IL2RG_SRGN/CD40LG_FTH1/HOPX_CREM/S100A11_FTH1/HOPX_AREG/CD40LG_SRGN/HMGB1_AREG/CXCR6_TNFAIP3/CD40LG_TGFB1/PPARG_AREG/CD74_AREG/PFN1_AREG/CD52_SRGN/ID2_ANXA1/CD40LG_CREM/CXCR6_AREG","HOPX_CREM/CD40LG_CREM/CXCR3_CREM/BHLHE40_ZFP36L2/CD40LG_NR4A2/CXCR3_NR4A2/CD40LG_TGFB1/HOPX_AREG/BHLHE40_AREG/ID2_AREG/PPARG_AREG/TIMP1_AREG/CD40LG_AREG/HMGB1_AREG/CXCR3_AREG/CD74_AREG/CXCR6_AREG/TMSB4X_AREG/CAPG_AREG/CD52_AREG/PFN1_AREG/S100A11_AREG/BHLHE40_GPR35/TGFB1_GPR35/CD40LG_FTH1/S100A11_FTH1/HOPX_SRGN/ID2_SRGN/CD40LG_SRGN/IL2RG_SRGN/TMSB4X_SRGN/CAPG_SRGN/CD52_SRGN/ID2_TNFAIP3/CD40LG_TNFAIP3/CXCR3_TNFAIP3/CXCR6_TNFAIP3/ID2_ANXA1/TMSB4X_ANXA1/RBPJ_PTGER4/IL32_PTGER4"
"360",72,72,"CD8+ZNF683+CXCR6+ Trm_CD8+GZMK+ Tex","CD8+ZNF683+CXCR6+ Trm","CD8+GZMK+ Tex",23,21,2.003,5.36567370563147e-06,0.000114663712065549,0.32,"ID2_NAMPT/ID2_TRPS1/ID2_HAVCR2/CXCR3_TRPS1/LDLRAD4_PRDM1/LDLRAD4_HAVCR2/CD52_NAMPT/HOPX_PRDM1/ID2_PRDM1/HOPX_TNFSF4/CAPG_TNFSF4/CXCR3_PRDM1/LDLRAD4_TRPS1/ID2_TNFRSF9/CXCR6_TNFRSF9/LDLRAD4_NAMPT/ZFP36L2_NAMPT/CAPG_HAVCR2/HOPX_NAMPT/LDLRAD4_TSC22D1/CD52_HAVCR2","LDLRAD4_TSC22D1/HOPX_PRDM1/ID2_PRDM1/CXCR3_PRDM1/LDLRAD4_PRDM1/ID2_TRPS1/CXCR3_TRPS1/LDLRAD4_TRPS1/HOPX_TNFSF4/CAPG_TNFSF4/HOPX_NAMPT/ID2_NAMPT/ZFP36L2_NAMPT/CD52_NAMPT/LDLRAD4_NAMPT/ID2_HAVCR2/CAPG_HAVCR2/CD52_HAVCR2/LDLRAD4_HAVCR2/LGALS1_CD27/RBPJ_LYST/ID2_TNFRSF9/CXCR6_TNFRSF9"
"1386",73,72,"CD4+TNF+ T_CD4+TNFRSF9+ Treg","CD4+TNF+ T","CD4+TNFRSF9+ Treg",23,21,2.003,5.36567370563147e-06,0.000114663712065549,0.32,"ID2_NAMPT/CXCR3_PMAIP1/ID2_PMAIP1/CD52_NAMPT/CD40LG_CSF1/CCR2_TNFRSF9/HOPX_PMAIP1/CXCR3_CD70/CD40LG_TNFRSF9/CD40LG_TNFRSF4/CKLF_PMAIP1/CAPG_PMAIP1/ID2_TNFRSF9/ID2_IKZF4/CXCR3_TNFRSF4/HOPX_NAMPT/CISH_PMAIP1/CISH_NAMPT/IFNG_PMAIP1/CD40LG_PMAIP1/CD40LG_NAMPT","ID2_IKZF4/HOPX_NAMPT/ID2_NAMPT/CD40LG_NAMPT/CD52_NAMPT/CISH_NAMPT/CD40LG_CSF1/CXCR3_CD70/ID2_TNFRSF9/CD40LG_TNFRSF9/CCR2_TNFRSF9/CD40LG_TNFRSF4/CXCR3_TNFRSF4/CCL4_CARD16/LCP2_CARD16/HOPX_PMAIP1/ID2_PMAIP1/CD40LG_PMAIP1/CKLF_PMAIP1/IFNG_PMAIP1/CXCR3_PMAIP1/CISH_PMAIP1/CAPG_PMAIP1"
"916",74,74,"CD4+ADSL+ Tn_CD4+CREM+ Tm","CD4+ADSL+ Tn","CD4+CREM+ Tm",35,29,1.818,6.11467869836929e-06,0.000128904037425082,0.317297297297297,"TXK_AREG/TXK_CREM/ANKRD55_TNFAIP3/IL6R_TNFAIP3/IL6R_AREG/DGKA_AREG/LDHB_AREG/TXK_TNFAIP3/NOSIP_SRGN/TCF7_TNFAIP3/CMTM8_CREM/ANKRD55_SRGN/IL16_TNFAIP3/IL6ST_AREG/TXK_NR4A2/IL6R_FTH1/KLF2_CREM/LIMS2_AREG/IL6R_NR4A2/NOSIP_AREG/ANKRD55_AREG/TCF7_FTH1/KLF2_ANXA1/DGKA_CREM/ANKRD55_NR4A2/MYC_AREG/IL6R_ANXA1/KLF2_TGFB1/SELL_AREG","TXK_CREM/KLF2_CREM/CMTM8_CREM/ANKRD55_CREM/DGKA_CREM/TXK_NR4A2/IL6R_NR4A2/ANKRD55_NR4A2/KLF2_TGFB1/ANKRD55_TGFB1/TXK_AREG/MYC_AREG/IL6R_AREG/IL6ST_AREG/SELL_AREG/LDHB_AREG/LIMS2_AREG/ANKRD55_AREG/NOSIP_AREG/DGKA_AREG/TCF7_FTH1/IL6R_FTH1/KLF2_SRGN/IL6R_SRGN/ANKRD55_SRGN/NOSIP_SRGN/TCF7_TNFAIP3/TXK_TNFAIP3/IL16_TNFAIP3/CMTM8_TNFAIP3/IL6R_TNFAIP3/ANKRD55_TNFAIP3/KLF2_ANXA1/IL6R_ANXA1/PASK_PTGER4"
"1282",75,75,"CD4+S1PR1+ Treg_CD4+IFNG+ Tfh/Th1","CD4+S1PR1+ Treg","CD4+IFNG+ Tfh/Th1",29,25,1.891,6.75917051350459e-06,0.000140056627117374,0.333066666666667,"KLF3_RBPJ/HPGD_ZBED2/PI16_ZBED2/PI16_FAM3C/PI16_CCL4/FLT3LG_RBPJ/HPGD_CCL3/FLT3LG_LAG3/PI16_BHLHE40/CCDC141_BHLHE40/PI16_PTMS/HPGD_KRT86/HPGD_RBPJ/FLT3LG_PTMS/HPGD_GZMB/HPGD_CCL4/CCR10_PTMS/KLF3_ZEB2/KLF2_PDE7B/KLF3_PTMS/HPGD_HAVCR2/CCDC141_CCL4/HPGD_CCL5/CCR4_CCL4/HPGD_BHLHE40","HPGD_ZBED2/PI16_ZBED2/KLF3_ZEB2/PI16_ZEB2/CCDC141_BHLHE40/HPGD_BHLHE40/PI16_BHLHE40/KLF3_RBPJ/FLT3LG_RBPJ/HPGD_RBPJ/CCR4_CCL4/CCDC141_CCL4/HPGD_CCL4/PI16_CCL4/HPGD_GZMB/KLF3_CCL3/HPGD_CCL3/HPGD_CCL5/IKZF2_IL21/KLF3_FAM3C/PI16_FAM3C/FLT3LG_LAG3/HPGD_HAVCR2/HPGD_KRT86/KLF3_PTMS/FLT3LG_PTMS/CCR10_PTMS/PI16_PTMS/KLF2_PDE7B"
"1224",76,76,"CD8+Tc17_CD4+IL21+ Tfh","CD8+Tc17","CD4+IL21+ Tfh",56,42,1.645,6.82327157751308e-06,0.000140056627117374,0.329342105263158,"IL17RE_RBPJ/IL17RE_TOX2/IL17RE_NR3C1/CA2_TNFSF4/IL23R_CD200/CA2_NR3C1/CA2_RBPJ/IL17RE_GNG4/IL17RE_NMB/FLT3LG_NR3C1/IL17RE_CD200/FLT3LG_CD200/IL17RE_TNFSF4/IL23R_NMB/IL23R_RBPJ/FLT3LG_RBPJ/IL23R_NR3C1/CA2_CD200/IL17RE_IGFL2/CD40LG_IGFL2/CA2_IL21/CD40LG_TNFSF4/CA2_CXCR5/CA2_GNG4/CA2_IL6ST/FLT3LG_TOX2/CA2_TOX/KLRB1_IGFL2/SLC4A10_IGFL2/ZBTB16_NMB/CA2_TOX2/RORA_IGFL2/TMIGD2_NR3C1/IL17RE_TOX/LTK_LIF/CA2_NMB/FLT3LG_IGFL2/ZBTB16_CPM/TNFSF13B_CD200/CA2_PDE7B/IL23R_CXCR5/NCR3_CXCL13","FLT3LG_NR3C1/IL23R_NR3C1/IL17RE_NR3C1/TMIGD2_NR3C1/CA2_NR3C1/FLT3LG_TOX2/IL17RE_TOX2/CA2_TOX2/IL17RE_TOX/LTK_TOX/CA2_TOX/CA2_TSHZ2/FLT3LG_RBPJ/IL23R_RBPJ/IL17RE_RBPJ/CA2_RBPJ/NCR3_CXCL13/CA2_IL21/IL4I1_TNFSF8/ADAM12_TNFSF11/CD40LG_TNFSF4/IL17RE_TNFSF4/CA2_TNFSF4/LTK_LIF/IL4I1_CD40LG/ADAM12_CD40LG/CA2_IL6ST/IL23R_CXCR5/CA2_CXCR5/CEBPD_IL6R/ADAM12_IL6R/IL23R_GNG4/IL17RE_GNG4/KLRB1_GNG4/CA2_GNG4/TNFSF13B_CD200/FLT3LG_CD200/IL23R_CD200/IL17RE_CD200/CA2_CD200/ZBTB16_NMB/IL23R_NMB/IL17RE_NMB/CA2_NMB/RORA_IGFL2/CD40LG_IGFL2/FLT3LG_IGFL2/IL17RE_IGFL2/SLC4A10_IGFL2/KLRB1_IGFL2/ZBTB16_CPM/CEBPD_CPM/IL4I1_BTLA/CA2_PDE7B/IL18RAP_ITM2A/ADAM12_ITM2A"
"1048",77,77,"CD4+S1PR1+ Treg_CD4+CAPG+CREM- Tm","CD4+S1PR1+ Treg","CD4+CAPG+CREM- Tm",19,18,2.078,7.6156445521487e-06,0.000152312891042974,0.338571428571429,"PI16_CCL4/KLF3_ANXA1/PI16_BHLHE40/CCDC141_BHLHE40/CCDC141_ZNF683/HPGD_ALOX5AP/HPGD_IL18RAP/HPGD_GZMB/HPGD_CCL4/KLF3_IL18RAP/HPGD_HCST/KLF2_ANXA1/HPGD_ZNF683/HPGD_CD52/CCDC141_CCL4/HPGD_CCL5/CCR4_CCL4/HPGD_BHLHE40","CCDC141_BHLHE40/HPGD_BHLHE40/PI16_BHLHE40/CCDC141_ZNF683/HPGD_ZNF683/HPGD_CCL5/CCR4_CCL4/CCDC141_CCL4/HPGD_CCL4/PI16_CCL4/HPGD_GZMB/KLF3_IL18RAP/HPGD_IL18RAP/HPGD_ALOX5AP/HPGD_CD52/KLF2_ANXA1/KLF3_ANXA1/HPGD_CD99/HPGD_HCST"
"1499",78,77,"CD4+Tn_CD4+NME1+CCR4- T","CD4+Tn","CD4+NME1+CCR4- T",19,18,2.078,7.6156445521487e-06,0.000152312891042974,0.338571428571429,"GIMAP7_ENO1/EEF1A1_ENO1/TPT1_GAPDH/GIMAP7_GAPDH/SCML1_GAPDH/MAL_ENO1/TCF7_GPI/GIMAP7_GPI/TCF7_GAPDH/LINC00861_ENO1/SCML1_ENO1/EEF1B2_ENO1/PLAC8_ENO1/TXK_ENO1/TXK_GAPDH/FHIT_ENO1/LEF1_GAPDH/EEF1A1_GAPDH","TXK_ENO1/SCML1_ENO1/EEF1A1_ENO1/EEF1B2_ENO1/PLAC8_ENO1/GIMAP7_ENO1/MAL_ENO1/LINC00861_ENO1/FHIT_ENO1/TCF7_GPI/GIMAP7_GPI/TCF7_GAPDH/LEF1_GAPDH/TXK_GAPDH/SCML1_GAPDH/EEF1A1_GAPDH/EEF1B2_GAPDH/TPT1_GAPDH/GIMAP7_GAPDH"
"619",79,79,"CD4+S1PR1+ Treg_CD8+NME1+ T","CD4+S1PR1+ Treg","CD8+NME1+ T",37,30,1.779,9.85733173716648e-06,0.000194651107721262,0.33873417721519,"FOXP3_ENO1/KLF3_GAPDH/KLF3_ENO1/PI16_GAPDH/FLT3LG_ENO1/CCR10_ENO1/HPGD_ENO1/SAMHD1_GAPDH/FLT3LG_GAPDH/KLF3_GPI/SAMHD1_ENO1/CCR10_GAPDH/HPGD_SPC24/FLT3LG_GPI/IL10RA_ENO1/CPNE2_GAPDH/CCDC141_ENO1/HPGD_KIFC1/HPGD_HMGA1/RTKN2_GAPDH/HLA-DRB1_ENO1/CCDC141_GAPDH/LEF1_GAPDH/HPGD_ACTG1/HPGD_HMGB1/HPGD_GPI/FLT3LG_ACTG1/IKZF2_GAPDH/HPGD_MND1/FLT3LG_KIF20A","FOXP3_ENO1/KLF3_ENO1/FLT3LG_ENO1/IL10RA_ENO1/CCR10_ENO1/CD74_ENO1/HLA-DRB1_ENO1/SAMHD1_ENO1/CPNE2_ENO1/CCDC141_ENO1/HPGD_ENO1/HPGD_HMGA1/FOXP3_MYB/IL2RA_MYB/CPNE2_MYB/HPGD_HMGB1/KLF3_GPI/FLT3LG_GPI/SAMHD1_GPI/HPGD_GPI/HPGD_MND1/HPGD_SPC24/FLT3LG_ACTG1/HPGD_ACTG1/HPGD_CENPA/HPGD_KIFC1/IKZF2_GAPDH/LEF1_GAPDH/KLF3_GAPDH/FLT3LG_GAPDH/CCR10_GAPDH/RTKN2_GAPDH/SAMHD1_GAPDH/CPNE2_GAPDH/CCDC141_GAPDH/PI16_GAPDH/FLT3LG_KIF20A"
"1556",80,80,"CD4+S1PR1+ Treg_CD4+NME1+CCR4+ T","CD4+S1PR1+ Treg","CD4+NME1+CCR4+ T",31,26,1.84,1.23405189323709e-05,0.000240640119181232,0.365,"FOXP3_ENO1/KLF3_ENO1/FLT3LG_ENO1/CCR10_ENO1/HPGD_ENO1/PI16_TPM4/SAMHD1_ENO1/KLF3_CMTM7/FLT3LG_CNN2/IL10RA_ENO1/CCDC141_ENO1/FLT3LG_CMTM7/KLF3_CNN2/HPGD_TPM4/KLF3_SUB1/KLF3_TPM4/FLT3LG_SUB1/HLA-DRB1_ENO1/HPGD_ACTG1/HPGD_HMGB1/FLT3LG_ACTG1/KLF2_CNN2/SAMHD1_CNN2/HPGD_IL32/PI16_CNN2/HPGD_CMTM7","KLF3_SUB1/FLT3LG_SUB1/CPNE2_KLF2/FOXP3_ENO1/KLF3_ENO1/FLT3LG_ENO1/IL10RA_ENO1/CCR10_ENO1/CD74_ENO1/HLA-DRB1_ENO1/SAMHD1_ENO1/CPNE2_ENO1/CCDC141_ENO1/HPGD_ENO1/HPGD_IL32/KLF3_CMTM7/FLT3LG_CMTM7/HPGD_CMTM7/HPGD_HMGB1/CPNE2_FLT3LG/FLT3LG_ACTG1/HPGD_ACTG1/CD74_COTL1/KLF2_CNN2/KLF3_CNN2/FLT3LG_CNN2/SAMHD1_CNN2/PI16_CNN2/KLF3_TPM4/HPGD_TPM4/PI16_TPM4"
"1232",81,81,"CD4+TIMP1+ Tm_CD4+IL21+ Tfh","CD4+TIMP1+ Tm","CD4+IL21+ Tfh",28,24,1.88,1.28972904490351e-05,0.000248392260499935,0.370864197530864,"FLT3LG_NR3C1/FLT3LG_CD200/LMO4_CD200/FLT3LG_RBPJ/CD40LG_IGFL2/CD40LG_TNFSF4/LMO4_IGFL2/KLF2_IGFL2/S100A10_CD200/FLT3LG_TOX2/S100A11_CD200/HOPX_TNFSF4/CAPG_TNFSF4/CD52_IGFL2/S100A10_NMB/S100A10_IGFL2/CAPG_NMB/CD52_NMB/LMO4_NR3C1/KLF2_PDE7B/LMO4_NMB/FLT3LG_IGFL2/S100A6_TNFSF4/CAPG_CD200","LMO4_NR3C1/FLT3LG_NR3C1/FLT3LG_TOX2/FLT3LG_RBPJ/HOPX_TNFSF4/CD40LG_TNFSF4/S100A11_TNFSF4/S100A6_TNFSF4/CAPG_TNFSF4/ANXA1_IL6R/LMO4_GNG4/LMO4_CD200/FLT3LG_CD200/S100A11_CD200/S100A10_CD200/CAPG_CD200/LMO4_NMB/S100A10_NMB/CD52_NMB/CAPG_NMB/KLF2_IGFL2/LMO4_IGFL2/FLT3LG_IGFL2/CD40LG_IGFL2/S100A10_IGFL2/CD52_IGFL2/KLF2_PDE7B/VIM_ITM2A"
"482",82,82,"CD8+Tc17_CD8+TCF7+ Tex","CD8+Tc17","CD8+TCF7+ Tex",57,42,1.616,1.45324542496923e-05,0.000276471080847805,0.369390243902439,"IL17RE_NR3C1/IL23R_CD200/CA2_NR3C1/IL17RE_GNG4/IL17RE_NMB/FLT3LG_NR3C1/CA2_TNFRSF4/IL17RE_CD200/FLT3LG_CD200/IL23R_TNFRSF4/IL23R_NMB/IL17RE_BATF/IL23R_NR3C1/CA2_CD200/NCR3_TNFRSF4/IL17RE_IGFL2/IL17RE_TNFRSF4/CD40LG_IGFL2/CA2_GNG4/LTK_TNFRSF4/CA2_TOX/KLRB1_IGFL2/KLRB1_TNFRSF4/TMIGD2_TNFRSF4/SLC4A10_IGFL2/TMIGD2_IGFBP4/ZBTB16_TNFRSF4/IL17RE_IFNAR2/ZBTB16_NMB/RORA_IGFL2/TMIGD2_NR3C1/CD40LG_TNFRSF4/FLT3LG_IGFBP4/IL17RE_TOX/IL17RE_IGFBP4/CA2_NMB/FLT3LG_IGFL2/ZBTB16_CPM/TNFSF13B_CD200/IL26_TNFRSF4/CA2_IGFBP4/NCR3_CXCL13","CA2_TSHZ2/IL17RE_TCF7/FLT3LG_NR3C1/IL23R_NR3C1/IL17RE_NR3C1/TMIGD2_NR3C1/CA2_NR3C1/IL17RE_TOX/LTK_TOX/CA2_TOX/CEBPD_BATF/IL17RE_BATF/NCR3_CXCL13/IL4I1_TNFSF8/IL4I1_CD40LG/ADAM12_CD40LG/CEBPD_IL6R/ADAM12_IL6R/CEBPD_IFNAR2/IL17RE_IFNAR2/TNFSF13B_CD200/FLT3LG_CD200/IL23R_CD200/IL17RE_CD200/CA2_CD200/IL23R_GNG4/IL17RE_GNG4/KLRB1_GNG4/CA2_GNG4/ZBTB16_TNFRSF4/CD40LG_TNFRSF4/IL26_TNFRSF4/IL23R_TNFRSF4/IL17RE_TNFRSF4/KLRB1_TNFRSF4/TMIGD2_TNFRSF4/NCR3_TNFRSF4/LTK_TNFRSF4/CA2_TNFRSF4/RORA_IGFL2/CD40LG_IGFL2/FLT3LG_IGFL2/IL17RE_IGFL2/SLC4A10_IGFL2/KLRB1_IGFL2/ZBTB16_CPM/CEBPD_CPM/ZBTB16_NMB/IL23R_NMB/IL17RE_NMB/CA2_NMB/ADAM12_SESN3/IL4I1_BTLA/FLT3LG_IGFBP4/IL17RE_IGFBP4/TMIGD2_IGFBP4/CA2_IGFBP4"
"367",83,83,"CD4+Tn_CD8+GZMK+ Tex","CD4+Tn","CD8+GZMK+ Tex",18,17,2.072,1.59080535375778e-05,0.000295435279983588,0.37421686746988,"TXK_NAMPT/GIMAP7_TRPS1/FHIT_TRPS1/GIMAP7_PRDM1/LINC00861_CXCL13/GIMAP7_PDCD1/EEF1A1_TRPS1/EEF1B2_NAMPT/LINC00861_TRPS1/SCML1_NAMPT/TCF7_PRDM1/KLF2_TSC22D1/FHIT_TNFRSF9/GIMAP7_NAMPT/PLAC8_HAVCR2/TXK_HAVCR2/GIMAP7_TSC22D1","KLF2_TSC22D1/GIMAP7_TSC22D1/TCF7_PRDM1/GIMAP7_PRDM1/EEF1A1_TRPS1/GIMAP7_TRPS1/LINC00861_TRPS1/FHIT_TRPS1/LINC00861_CXCL13/TXK_CCL3/TXK_NAMPT/SCML1_NAMPT/EEF1B2_NAMPT/GIMAP7_NAMPT/TXK_HAVCR2/PLAC8_HAVCR2/GIMAP7_PDCD1/FHIT_TNFRSF9"
"696",84,83,"CD4+TNFRSF9- Treg_CD4+CXCR5+ pre-Tfh","CD4+TNFRSF9- Treg","CD4+CXCR5+ pre-Tfh",18,17,2.072,1.59080535375778e-05,0.000295435279983588,0.37421686746988,"IKZF2_AREG/VAV3_AREG/TTN_AREG/TBC1D4_NR3C1/SELL_SLC2A3/VAV3_SLC2A3/TTN_SLC2A3/ARID5B_SLC2A3/CEACAM4_AREG/IKZF4_PABPC1/FCRL3_AREG/RTKN2_AREG/TBC1D4_SLC2A3/IKZF2_SLC2A3/FCRL3_SLC2A3/IKZF4_SLC2A3/SELL_AREG","TBC1D4_NR3C1/IKZF2_AREG/RTKN2_AREG/FCRL3_AREG/CEACAM4_AREG/SELL_AREG/VAV3_AREG/TTN_AREG/STAM_FAAH2/IKZF2_SLC2A3/ARID5B_SLC2A3/IKZF4_SLC2A3/TBC1D4_SLC2A3/FCRL3_SLC2A3/SELL_SLC2A3/VAV3_SLC2A3/TTN_SLC2A3/IKZF4_PABPC1"
"438",85,85,"CD8+ZNF683+CXCR6+ Trm_CD8+OXPHOS- Tex","CD8+ZNF683+CXCR6+ Trm","CD8+OXPHOS- Tex",14,14,2.194,1.64733656958602e-05,0.000302334711594611,0.369647058823529,"ID2_HAVCR2/LDLRAD4_PRDM1/LDLRAD4_HAVCR2/HOPX_PRDM1/ID2_PRDM1/LDLRAD4_PHLDA1/CXCR3_PRDM1/HOPX_PHLDA1/ID2_TNFRSF9/ZFP36L2_CSF1/CXCR6_TNFRSF9/CAPG_HAVCR2/LGALS3_ETV1/CD52_HAVCR2","LGALS3_ETV1/HOPX_PRDM1/ID2_PRDM1/CXCR3_PRDM1/LDLRAD4_PRDM1/ZFP36L2_CSF1/ID2_HAVCR2/CAPG_HAVCR2/CD52_HAVCR2/LDLRAD4_HAVCR2/ID2_TNFRSF9/CXCR6_TNFRSF9/HOPX_PHLDA1/LDLRAD4_PHLDA1"
"490",86,86,"CD4+TIMP1+ Tm_CD8+TCF7+ Tex","CD4+TIMP1+ Tm","CD8+TCF7+ Tex",21,19,1.985,2.1727037111293e-05,0.000385161112427467,0.388953488372093,"FLT3LG_NR3C1/FLT3LG_CD200/LMO4_CD200/CD40LG_IGFL2/LMO4_IGFL2/KLF2_IGFL2/S100A10_CD200/S100A11_CD200/CD52_IGFL2/S100A10_NMB/S100A10_IGFL2/CD40LG_TNFRSF4/CAPG_NMB/CD52_NMB/FLT3LG_IGFBP4/LMO4_NR3C1/LMO4_NMB/FLT3LG_IGFL2/CAPG_CD200","LMO4_NR3C1/FLT3LG_NR3C1/ANXA1_IL6R/LMO4_CD200/FLT3LG_CD200/S100A11_CD200/S100A10_CD200/CAPG_CD200/LMO4_GNG4/CD40LG_TNFRSF4/KLF2_IGFL2/LMO4_IGFL2/FLT3LG_IGFL2/CD40LG_IGFL2/S100A10_IGFL2/CD52_IGFL2/LMO4_NMB/S100A10_NMB/CD52_NMB/CAPG_NMB/FLT3LG_IGFBP4"
"901",87,86,"CD8+GZMK+ early Tem_CD4+CREM+ Tm","CD8+GZMK+ early Tem","CD4+CREM+ Tm",21,19,1.985,2.1727037111293e-05,0.000385161112427467,0.388953488372093,"CXCR5_AREG/ENC1_CREM/ENC1_AREG/DKK3_AREG/PIK3R1_TNFAIP3/ENC1_SRGN/ENC1_NR4A2/ENC1_ZNF331/ENC1_FTH1/PIK3R1_NR4A2/TRAT1_AREG/CMC1_TNFAIP3/PIK3R1_CREM/CD74_AREG/SH2D1A_AREG/GZMK_TNFAIP3/TRAT1_TNFAIP3/DKK3_NR4A2/PIK3R1_TGFB1","ENC1_CREM/PIK3R1_CREM/ENC1_ZNF331/DKK3_NR4A2/ENC1_NR4A2/PIK3R1_NR4A2/ENC1_TGFB1/PIK3R1_TGFB1/CD74_AREG/CXCR5_AREG/DKK3_AREG/SH2D1A_AREG/ENC1_AREG/TRAT1_AREG/ENC1_FTH1/ENC1_SRGN/GZMK_TNFAIP3/CMC1_TNFAIP3/TRAT1_TNFAIP3/PIK3R1_TNFAIP3/DUSP2_PTGER4"
"1382",88,86,"CD4+Tn_CD4+TNFRSF9+ Treg","CD4+Tn","CD4+TNFRSF9+ Treg",21,19,1.985,2.1727037111293e-05,0.000385161112427467,0.388953488372093,"TXK_NAMPT/GIMAP7_PMAIP1/GIMAP7_TNFRSF4/LINC00861_TNFRSF4/GIMAP7_CSF1/GIMAP7_IL2RB/FHIT_TNFRSF4/SCML1_PMAIP1/FHIT_PMAIP1/PLAC8_PMAIP1/EEF1B2_NAMPT/GIMAP7_CD70/SCML1_NAMPT/GIMAP7_TNFRSF18/FHIT_CSF1/FHIT_TNFRSF9/GIMAP7_NAMPT/TCF7_TNFRSF4/EEF1B2_PMAIP1","TXK_NAMPT/SCML1_NAMPT/EEF1B2_NAMPT/GIMAP7_NAMPT/GIMAP7_CSF1/FHIT_CSF1/TCF7_CD70/GIMAP7_CD70/LEF1_IL7/GIMAP7_IL2RB/GIMAP7_TNFRSF18/FHIT_TNFRSF9/TCF7_TNFRSF4/GIMAP7_TNFRSF4/LINC00861_TNFRSF4/FHIT_TNFRSF4/SCML1_PMAIP1/EEF1B2_PMAIP1/PLAC8_PMAIP1/GIMAP7_PMAIP1/FHIT_PMAIP1"
"376",89,89,"CD4+CAPG+ Tm_CD8+GZMK+ Tex","CD4+CAPG+ Tm","CD8+GZMK+ Tex",24,21,1.919,2.43698539485755e-05,0.000419588428904379,0.400674157303371,"ID2_NAMPT/ID2_TRPS1/ID2_HAVCR2/CXCR3_TRPS1/CD52_NAMPT/HMGB1_TRPS1/CD40LG_TNFSF4/HOPX_PRDM1/ID2_PRDM1/HOPX_TNFSF4/CAPG_TNFSF4/CXCR3_PRDM1/CD40LG_TNFRSF9/HMGB1_NAMPT/CD40LG_HAVCR2/ID2_TNFRSF9/CXCR6_TNFRSF9/CAPG_HAVCR2/HOPX_NAMPT/CD40LG_NAMPT/CD52_HAVCR2","HOPX_PRDM1/ID2_PRDM1/CXCR3_PRDM1/ID2_TRPS1/HMGB1_TRPS1/CXCR3_TRPS1/HOPX_TNFSF4/CD40LG_TNFSF4/CAPG_TNFSF4/S100A11_TNFSF4/HOPX_NAMPT/ID2_NAMPT/CD40LG_NAMPT/HMGB1_NAMPT/CD52_NAMPT/COTL1_CD74/ID2_HAVCR2/CD40LG_HAVCR2/CAPG_HAVCR2/CD52_HAVCR2/RBPJ_LYST/ID2_TNFRSF9/CD40LG_TNFRSF9/CXCR6_TNFRSF9"
"1501",90,89,"CD4+ADSL+ Tn_CD4+NME1+CCR4- T","CD4+ADSL+ Tn","CD4+NME1+CCR4- T",24,21,1.919,2.43698539485755e-05,0.000419588428904379,0.400674157303371,"NOSIP_ENO1/COTL1_ENO1/IL6R_GAPDH/IL6ST_GAPDH/GIMAP4_ENO1/TCF7_GPI/COTL1_GAPDH/ANKRD55_ENO1/TCF7_GAPDH/NOSIP_GAPDH/IL6R_ENO1/IL6R_TMSB10/TXK_ENO1/TXK_GAPDH/IL6R_GPI/IL6ST_ENO1/ANKRD55_GAPDH/ANKRD55_GPI/LEF1_GAPDH/CMTM8_ENO1/GIMAP4_GAPDH","TXK_ENO1/CMTM8_ENO1/IL6R_ENO1/IL6ST_ENO1/GIMAP4_ENO1/ANKRD55_ENO1/NOSIP_ENO1/COTL1_ENO1/PASK_MEOX1/TCF7_GPI/IL6R_GPI/ANKRD55_GPI/NOSIP_GPI/TCF7_GAPDH/LEF1_GAPDH/TXK_GAPDH/IL6R_GAPDH/IL6ST_GAPDH/GIMAP4_GAPDH/ANKRD55_GAPDH/NOSIP_GAPDH/COTL1_GAPDH/DGKA_GAPDH/IL6R_TMSB10"
"1520",91,91,"CD4+ISG+ Th_CD4+NME1+CCR4- T","CD4+ISG+ Th","CD4+NME1+CCR4- T",27,23,1.869,2.44759916860888e-05,0.000419588428904379,0.391868131868132,"MX2_GAPDH/TNFSF10_ENO1/TNFSF13B_ENO1/IFI6_ENO1/SP100_ENO1/IFIT3_GAPDH/IFIT3_ENO1/IFI6_GPI/IFI6_TMSB10/IFI6_GAPDH/CMPK2_ENO1/IFIT2_GAPDH/MX2_ENO1/IFIT2_ENO1/IFI44L_ENO1/IRF7_GAPDH/IFI6_IL2RA/TNFSF10_GAPDH/RSAD2_ENO1/MX1_IL2RA/MX1_ENO1/IFIT1_GPI/IRF7_ENO1","IRF7_ENO1/SP100_ENO1/TNFSF10_ENO1/TNFSF13B_ENO1/IFIT3_ENO1/IFIT1_ENO1/RSAD2_ENO1/IFI44L_ENO1/MX1_ENO1/IFI6_ENO1/MX2_ENO1/IFIT2_ENO1/CMPK2_ENO1/MX1_HMGA1/PLSCR1_MEOX1/IFI16_MEOX1/IFIT1_GPI/IFI6_GPI/MX1_IL2RA/IFI6_IL2RA/IRF7_GAPDH/TNFSF10_GAPDH/IFIT3_GAPDH/IFI6_GAPDH/MX2_GAPDH/IFIT2_GAPDH/IFI6_TMSB10"
"426",92,92,"CD4+ISG+ Treg_CD8+terminal Tex","CD4+ISG+ Treg","CD8+terminal Tex",38,30,1.732,2.63880624729504e-05,0.000447449754976116,0.390326086956522,"IL7_RBPJ/ETV7_NAMPT/TNFSF13B_HAVCR2/IL1RN_NAMPT/IL1RN_HAVCR2/TNFSF13B_NAMPT/ETV7_GZMB/IL1RN_TNFSF4/IL7_NAMPT/IFI6_IL2RA/ETV7_FAM3C/IL7_HAVCR2/IFIT3_GZMB/MX1_NAMPT/MX1_HAVCR2/MX1_IL2RA/IFI6_RBPJ/ETV7_CD74/MX1_TOX2/TNFSF10_NAMPT/MX1_GZMB/IL7_ENTPD1/USP18_IL2RA/OAS1_HAVCR2/IFIT1_GZMB/IFI6_NAMPT/ETV7_HAVCR2/OAS1_NAMPT/IFI6_HAVCR2/TNFSF10_RBPJ","TNFSF10_RBPJ/IL7_RBPJ/MX1_RBPJ/IFI6_RBPJ/IL7_TOX2/MX1_TOX2/IL1RN_TNFSF4/ETV7_FAM3C/ETV7_GZMB/IFIT1_GZMB/OAS1_GZMB/MX1_GZMB/IFIT3_GZMB/IL7_CCL3/OAS1_CD70/ETV7_NAMPT/BATF_NAMPT/TNFSF10_NAMPT/IL1RN_NAMPT/IL7_NAMPT/TNFSF13B_NAMPT/OAS1_NAMPT/MX1_NAMPT/IFI6_NAMPT/MX1_IL2RA/USP18_IL2RA/IFI6_IL2RA/CD70_CXCR6/ETV7_CD74/IL7_ENTPD1/ETV7_HAVCR2/IL1RN_HAVCR2/IL7_HAVCR2/TNFSF13B_HAVCR2/OAS1_HAVCR2/MX1_HAVCR2/IFI6_HAVCR2/CD70_KRT86"
"1005",93,93,"CD4+IL26+ Th17_CD4+CAPG+ Tm","CD4+IL26+ Th17","CD4+CAPG+ Tm",35,28,1.755,3.16873621566889e-05,0.00052587537196207,0.394408602150538,"IL17RE_RBPJ/IL17RE_PFN1/IL17RE_CKLF/IL23R_BHLHE40/IL17RE_ALOX5AP/ID2_RBPJ/IL17RE_ACTB/IL22_RBPJ/IL23R_RBPJ/IL23R_TIMP1/IL17RE_HMGB1/ID2_BHLHE40/CA10_RBPJ/IL17RE_CAPG/IL22_BHLHE40/IL17RE_BHLHE40/CCR6_BHLHE40/TMIGD2_TGFB1/IL23R_ACTB/IL17RE_HOPX/KLRB1_BHLHE40/CD40LG_TGFB1/IL17RE_CXCR3/IL17RE_TGFB1/IL22_IL32/IL23R_CXCR6/IL23R_TGFB1/IL17RE_TIMP1","RUNX2_HOPX/IL17RE_HOPX/ID2_BHLHE40/IL22_BHLHE40/CCR6_BHLHE40/IL23R_BHLHE40/IL17RE_BHLHE40/KLRB1_BHLHE40/CTSH_BHLHE40/ID2_RBPJ/IL22_RBPJ/IL23R_RBPJ/IL17RE_RBPJ/CA10_RBPJ/IL17RE_CKLF/IL23R_TIMP1/IL17RE_TIMP1/IL22_IL32/CD40LG_TGFB1/IL23R_TGFB1/IL17RE_TGFB1/TMIGD2_TGFB1/TNFSF14_CD40LG/IL4I1_CD40LG/ANKRD28_CD40LG/IL17RE_HMGB1/IL17RE_CXCR3/IL4I1_CXCR3/IL23R_CXCR6/IL23R_ACTB/IL17RE_ACTB/IL17RE_CAPG/IL17RE_ALOX5AP/IL4I1_CD52/IL17RE_PFN1"
"1400",94,93,"CD4+S1PR1+ Treg_CD4+TNFRSF9+ Treg","CD4+S1PR1+ Treg","CD4+TNFRSF9+ Treg",35,28,1.755,3.16873621566889e-05,0.00052587537196207,0.394408602150538,"KLF3_PMAIP1/HPGD_NAMPT/CCR10_TNFRSF4/KLF3_NAMPT/HLA-DRB1_PMAIP1/HPGD_IL2RA/FLT3LG_PMAIP1/SAMHD1_PMAIP1/PI16_TNFRSF4/PI16_NAMPT/HPGD_TNFRSF18/FLT3LG_CD70/CCDC141_TNFRSF4/HPGD_TNFRSF4/HPGD_CD70/HPGD_PMAIP1/FLT3LG_CSF1/PI16_PMAIP1/KLF3_CSF1/HPGD_IKZF2/FOXP3_TNFRSF4/CCR10_CD70/IL10RA_NAMPT/HPGD_CSF1/HPGD_IL32/FLT3LG_TNFRSF9/SAMHD1_NAMPT/CCR10_PMAIP1","HPGD_IKZF2/HPGD_IL32/KLF3_NAMPT/IL10RA_NAMPT/SAMHD1_NAMPT/HPGD_NAMPT/PI16_NAMPT/CD74_EBI3/KLF3_CSF1/FLT3LG_CSF1/HPGD_CSF1/FLT3LG_CD70/CCR10_CD70/SAMHD1_CD70/HPGD_CD70/IKZF2_IL7/LEF1_IL7/CPNE2_IL7/HPGD_IL2RA/HPGD_TNFRSF18/FLT3LG_TNFRSF9/FOXP3_TNFRSF4/CCR10_TNFRSF4/CCDC141_TNFRSF4/HPGD_TNFRSF4/PI16_TNFRSF4/IL32_LAIR2/IL2RA_LAIR2/KLF3_PMAIP1/FLT3LG_PMAIP1/CCR10_PMAIP1/HLA-DRB1_PMAIP1/SAMHD1_PMAIP1/HPGD_PMAIP1/PI16_PMAIP1"
"451",95,95,"CD4+TIMP1+ Tm_CD8+OXPHOS- Tex","CD4+TIMP1+ Tm","CD8+OXPHOS- Tex",17,16,2.065,3.31304829244257e-05,0.000532820137753651,0.393894736842105,"KLF2_PHLDA1/LMO4_PHLDA1/CD40LG_CSF1/HOPX_PRDM1/LMO4_HAVCR2/FLT3LG_CSF1/HOPX_PHLDA1/FLT3LG_PRDM1/CD40LG_TNFRSF9/CD40LG_HAVCR2/S100A10_HAVCR2/LMO4_TNFRSF18/S100A10_PHLDA1/CAPG_HAVCR2/FLT3LG_TNFRSF9/CD52_HAVCR2","HOPX_PRDM1/FLT3LG_PRDM1/FLT3LG_CSF1/CD40LG_CSF1/LMO4_HAVCR2/CD40LG_HAVCR2/S100A10_HAVCR2/CD52_HAVCR2/CAPG_HAVCR2/VIM_ENTPD1/FLT3LG_TNFRSF9/CD40LG_TNFRSF9/LMO4_TNFRSF18/KLF2_PHLDA1/HOPX_PHLDA1/LMO4_PHLDA1/S100A10_PHLDA1"
"605",96,95,"CD4+TNF+ T_CD8+NME1+ T","CD4+TNF+ T","CD8+NME1+ T",17,16,2.065,3.31304829244257e-05,0.000532820137753651,0.393894736842105,"CCR2_ENO1/CD40LG_ENO1/ID2_GAPDH/CAPG_GAPDH/CAPG_ENO1/CD40LG_GPI/CXCR3_GAPDH/ID2_ENO1/CISH_GAPDH/ID2_GPI/IFNG_GAPDH/CISH_ENO1/CXCR3_GPI/ACTB_ENO1/ACTB_GAPDH/CXCR3_ENO1","ID2_ENO1/CD40LG_ENO1/CCR2_ENO1/CXCR3_ENO1/ACTB_ENO1/CISH_ENO1/CAPG_ENO1/ID2_GPI/CD40LG_GPI/CXCR3_GPI/ID2_GAPDH/IFNG_GAPDH/CXCR3_GAPDH/SH3BGRL3_GAPDH/ACTB_GAPDH/CISH_GAPDH/CAPG_GAPDH"
"1009",97,95,"CD4+S1PR1+ Treg_CD4+CAPG+ Tm","CD4+S1PR1+ Treg","CD4+CAPG+ Tm",17,16,2.065,3.31304829244257e-05,0.000532820137753651,0.393894736842105,"KLF3_RBPJ/FLT3LG_RBPJ/HPGD_TIMP1/PI16_BHLHE40/CCDC141_BHLHE40/HPGD_RBPJ/PI16_PPARG/HPGD_ALOX5AP/PI16_TGFB1/HPGD_HMGB1/HPGD_IL32/HPGD_CD52/HPGD_CCL5/KLF2_TGFB1/KLF2_TIMP1/HPGD_BHLHE40","CCDC141_BHLHE40/HPGD_BHLHE40/PI16_BHLHE40/KLF3_RBPJ/FLT3LG_RBPJ/HPGD_RBPJ/PI16_PPARG/HPGD_CCL5/KLF2_TIMP1/HPGD_TIMP1/HPGD_IL32/KLF2_TGFB1/PI16_TGFB1/HPGD_HMGB1/HPGD_ALOX5AP/HPGD_CD52/CD74_COTL1"
"55",98,98,"CD4+Tn_CD8+IL7R+ Tm","CD4+Tn","CD8+IL7R+ Tm",13,13,2.194,3.62177092581593e-05,0.000564996264427285,0.39,"LINC00861_TNFAIP3/GIMAP7_TNFAIP3/TXK_TNFAIP3/FHIT_TNFAIP3/TCF7_TNFAIP3/PLAC8_FTH1/SCML1_FTH1/GIMAP7_PABPC1/EEF1B2_FTH1/TPT1_TNFAIP3/TCF7_FTH1/KLF2_ANXA1/TPT1_RGCC","KLF2_ANXA1/TCF7_TNFAIP3/TXK_TNFAIP3/TPT1_TNFAIP3/GIMAP7_TNFAIP3/LINC00861_TNFAIP3/FHIT_TNFAIP3/TCF7_FTH1/SCML1_FTH1/EEF1B2_FTH1/PLAC8_FTH1/TPT1_RGCC/GIMAP7_PABPC1"
"73",99,98,"CD4+S1PR1+ Treg_CD8+IL7R+ Tm","CD4+S1PR1+ Treg","CD8+IL7R+ Tm",13,13,2.194,3.62177092581593e-05,0.000564996264427285,0.39,"KLF3_RGCC/HPGD_RGCC/PI16_TNFAIP3/KLF3_TNFAIP3/PI16_RGCC/KLF3_ANXA1/HPGD_TNFAIP3/FLT3LG_PABPC1/HPGD_GPR183/CCR10_TNFAIP3/KLF2_ANXA1/IKZF2_TNFAIP3/IL10RA_TNFAIP3","KLF2_ANXA1/KLF3_ANXA1/IKZF2_TNFAIP3/KLF3_TNFAIP3/IL10RA_TNFAIP3/CCR10_TNFAIP3/HPGD_TNFAIP3/PI16_TNFAIP3/KLF3_RGCC/HPGD_RGCC/PI16_RGCC/HPGD_GPR183/FLT3LG_PABPC1"
"449",100,98,"CD4+TNF+ T_CD8+OXPHOS- Tex","CD4+TNF+ T","CD8+OXPHOS- Tex",13,13,2.194,3.62177092581593e-05,0.000564996264427285,0.39,"ID2_HAVCR2/CD40LG_CSF1/HOPX_PRDM1/CCR2_TNFRSF9/ID2_PRDM1/CXCR3_PRDM1/HOPX_PHLDA1/CD40LG_TNFRSF9/CD40LG_HAVCR2/ID2_TNFRSF9/IFNG_PRDM1/CAPG_HAVCR2/CD52_HAVCR2","HOPX_PRDM1/ID2_PRDM1/IFNG_PRDM1/CXCR3_PRDM1/CD40LG_CSF1/ID2_HAVCR2/CD40LG_HAVCR2/CD52_HAVCR2/CAPG_HAVCR2/ID2_TNFRSF9/CD40LG_TNFRSF9/CCR2_TNFRSF9/HOPX_PHLDA1"
"1210",101,101,"CD8+Tn_CD4+IL21+ Tfh","CD8+Tn","CD4+IL21+ Tfh",29,24,1.815,4.23602661395815e-05,0.000647862893899481,0.392871287128713,"FLT3LG_NR3C1/FLT3LG_CD200/IL6R_NMB/FLT3LG_RBPJ/IFNGR2_TNFSF4/IFNGR2_IGFL2/KLF2_IGFL2/TXK_IGFL2/FLT3LG_TOX2/TNFSF8_NMB/LEF1_IGFL2/IFNGR2_CD200/TXK_NR3C1/IL6R_GNG4/IL6R_IGFL2/BACH2_IGFL2/KLF2_PDE7B/CMTM8_IGFL2/NOSIP_NMB/FLT3LG_IGFL2/EEF1B2_RBPJ/EEF1A1_IGFL2/IL6R_CD200/TPT1_CD200","TXK_NR3C1/FLT3LG_NR3C1/FLT3LG_TOX2/FLT3LG_RBPJ/EEF1B2_RBPJ/NELL2_CXCL13/IFNGR2_TNFSF4/PABPC1_CD40LG/PABPC1_IL6R/IL6R_GNG4/FLT3LG_CD200/IL6R_CD200/IFNGR2_CD200/TPT1_CD200/TNFSF8_NMB/IL6R_NMB/NOSIP_NMB/LEF1_IGFL2/KLF2_IGFL2/TXK_IGFL2/BACH2_IGFL2/FLT3LG_IGFL2/CMTM8_IGFL2/IL6R_IGFL2/IFNGR2_IGFL2/EEF1A1_IGFL2/TPT1_IGFL2/KLF2_PDE7B/MAL_ITM2A"
"1374",102,101,"CD8+ZNF683+CXCR6+ Trm_CD4+TNFRSF9+ Treg","CD8+ZNF683+CXCR6+ Trm","CD4+TNFRSF9+ Treg",29,24,1.815,4.23602661395815e-05,0.000647862893899481,0.392871287128713,"ID2_NAMPT/CXCR3_PMAIP1/LGALS3_PMAIP1/ID2_PMAIP1/ITGA1_PMAIP1/CD52_NAMPT/HOPX_PMAIP1/CXCR3_CD70/ZFP36L2_CD70/CKLF_PMAIP1/ZFP36L2_PMAIP1/CAPG_PMAIP1/CXCR6_CD70/ID2_TNFRSF9/CXCR6_TNFRSF4/LDLRAD4_PMAIP1/ZFP36L2_CSF1/ID2_IKZF4/CXCR6_TNFRSF9/LDLRAD4_NAMPT/ZFP36L2_NAMPT/CXCR3_TNFRSF4/HOPX_NAMPT/ZNF683_PMAIP1","LGALS1_BATF/ID2_IKZF4/HOPX_NAMPT/ID2_NAMPT/ZFP36L2_NAMPT/CD52_NAMPT/LDLRAD4_NAMPT/ZFP36L2_CSF1/ZFP36L2_CD70/CXCR6_CD70/CXCR3_CD70/RBPJ_IL7/ID2_TNFRSF9/CXCR6_TNFRSF9/CXCR6_TNFRSF4/CXCR3_TNFRSF4/LGALS1_CARD16/RBPJ_LAIR2/IL32_LAIR2/ZNF683_PMAIP1/HOPX_PMAIP1/ID2_PMAIP1/ZFP36L2_PMAIP1/CKLF_PMAIP1/CXCR3_PMAIP1/CAPG_PMAIP1/LGALS3_PMAIP1/ITGA1_PMAIP1/LDLRAD4_PMAIP1"
"53",103,103,"CD8+Tc17_CD8+IL7R+ Tm","CD8+Tc17","CD8+IL7R+ Tm",34,27,1.742,5.62705498229028e-05,0.000852252987609013,0.422718446601942,"CA2_BTG1/IL17RE_PABPC1/IL17RE_FTH1/IL17RE_LMNA/CD40LG_TNFAIP3/CA2_FTH1/IL17RE_ANXA1/CA2_PABPC1/CA2_TNFAIP3/CA2_GPR183/CA2_RGCC/CA2_ANXA1/NCR3_TNFAIP3/IL17RE_RGCC/IL23R_PABPC1/IL23R_ANXA1/IL23R_BTG1/FLT3LG_PABPC1/CD40LG_FTH1/LTK_FTH1/IL23R_TNFAIP3/NCR3_FTH1/RORC_TNFAIP3/ZBTB16_ANXA1/CA2_ZFP36/IL23R_CD55/CD40LG_PABPC1","CEBPD_ZFP36L2/IL4I1_ZFP36L2/IL4I1_CXCR4/CA2_ZFP36/IL23R_BTG1/CA2_BTG1/ZBTB16_ANXA1/IL23R_ANXA1/IL17RE_ANXA1/LTK_ANXA1/CA2_ANXA1/IL17RE_LMNA/ZBTB16_CD55/IL23R_CD55/RORC_TNFAIP3/CD40LG_TNFAIP3/IL23R_TNFAIP3/NCR3_TNFAIP3/CA2_TNFAIP3/CD40LG_FTH1/IL17RE_FTH1/TMIGD2_FTH1/NCR3_FTH1/LTK_FTH1/CA2_FTH1/CCR6_RGCC/IL17RE_RGCC/CA2_RGCC/CA2_GPR183/CD40LG_PABPC1/FLT3LG_PABPC1/IL23R_PABPC1/IL17RE_PABPC1/CA2_PABPC1"
"903",104,104,"CD8+Temra_CD4+CREM+ Tm","CD8+Temra","CD4+CREM+ Tm",39,30,1.687,6.44941574462466e-05,0.000949159298265516,0.423076923076923,"KLF3_AREG/C1orf21_SRGN/FGFBP2_AREG/KLF3_CREM/KLF3_ZNF331/C1orf21_ZNF331/C1orf21_TNFAIP3/KLF3_TNFAIP3/C1orf21_NR4A2/C1orf21_AREG/KLF3_ANXA1/GZMM_TNFAIP3/C1orf21_CREM/C1orf21_FTH1/KLF2_CREM/ASCL2_AREG/ASCL2_SRGN/KLF3_SRGN/FGR_SRGN/KLF2_ANXA1/FGR_AREG/CX3CR1_AREG/ASCL2_FTH1/CMKLR1_FTH1/FGFBP2_SRGN/KLF2_TGFB1/GZMM_SRGN/CX3CR1_ZFP36/KLF3_NR4A2/CX3CR1_TNFAIP3","ASCL2_CREM/KLF2_CREM/KLF3_CREM/FGFBP2_CREM/C1orf21_CREM/PRSS23_ZFP36L2/GNLY_ZFP36L2/KLF3_ZNF331/C1orf21_ZNF331/KLF3_NR4A2/C1orf21_NR4A2/KLF2_TGFB1/ASCL2_AREG/KLF3_AREG/CX3CR1_AREG/FGFBP2_AREG/FGR_AREG/C1orf21_AREG/FCGR3A_GPR35/GNLY_GPR35/CX3CR1_ZFP36/ASCL2_FTH1/CX3CR1_FTH1/CMKLR1_FTH1/C1orf21_FTH1/ASCL2_SRGN/KLF2_SRGN/KLF3_SRGN/GZMM_SRGN/FGFBP2_SRGN/FGR_SRGN/C1orf21_SRGN/KLF3_TNFAIP3/GZMM_TNFAIP3/CX3CR1_TNFAIP3/C1orf21_TNFAIP3/KLF2_ANXA1/KLF3_ANXA1/PRSS23_PTGER4"
"921",105,104,"CD4+CCL5+ Tm_CD4+CREM+ Tm","CD4+CCL5+ Tm","CD4+CREM+ Tm",39,30,1.687,6.44941574462466e-05,0.000949159298265516,0.423076923076923,"ID2_AREG/CD40LG_TNFAIP3/CD40LG_NR4A2/XCL1_AREG/CD69_TNFAIP3/CD40LG_AREG/CD69_AREG/ITGA1_AREG/IFNGR1_AREG/GLUL_AREG/HOPX_SRGN/ID2_SRGN/GZMM_TNFAIP3/BHLHE40_AREG/CD40LG_FTH1/PTGER4_CREM/CD99_AREG/HOPX_CREM/HOPX_AREG/CD40LG_SRGN/ZFP36L2_AREG/CD40LG_TGFB1/CLU_TNFAIP3/ZFP36L2_NR4A2/GZMK_TNFAIP3/ID2_ANXA1/CD40LG_CREM/PTGER4_AREG/GZMM_SRGN/ZFP36L2_TNFAIP3","HOPX_CREM/CD40LG_CREM/PTGER4_CREM/BHLHE40_ZFP36L2/NR4A2_ZFP36L2/ZFP36L2_NR4A2/CD40LG_NR4A2/CD40LG_TGFB1/ZFP36L2_AREG/HOPX_AREG/ID2_AREG/BHLHE40_AREG/XCL1_AREG/CD40LG_AREG/XCL2_AREG/IFNG_AREG/IFNGR1_AREG/IL18RAP_AREG/GLUL_AREG/ITGA1_AREG/PARP8_AREG/PTGER4_AREG/CD69_AREG/CD99_AREG/BHLHE40_GPR35/NR4A2_GPR35/CD40LG_FTH1/HOPX_SRGN/ID2_SRGN/CD40LG_SRGN/GZMM_SRGN/ZFP36L2_TNFAIP3/ID2_TNFAIP3/GZMK_TNFAIP3/CD40LG_TNFAIP3/GZMM_TNFAIP3/CD69_TNFAIP3/CLU_TNFAIP3/ID2_ANXA1"
"1517",106,104,"CD4+S1PR1+ Treg_CD4+NME1+CCR4- T","CD4+S1PR1+ Treg","CD4+NME1+CCR4- T",39,30,1.687,6.44941574462466e-05,0.000949159298265516,0.423076923076923,"FOXP3_ENO1/KLF3_GAPDH/KLF3_ENO1/PI16_GAPDH/FLT3LG_ENO1/CCR10_ENO1/HPGD_ENO1/SAMHD1_GAPDH/FLT3LG_GAPDH/KLF3_GPI/SAMHD1_ENO1/HPGD_IL2RA/CCR10_GAPDH/HPGD_PHF5A/FLT3LG_GPI/IL10RA_ENO1/CPNE2_GAPDH/CCDC141_ENO1/HPGD_HMGA1/RTKN2_GAPDH/KLF3_SUB1/FLT3LG_SUB1/HLA-DRB1_ENO1/CCDC141_GAPDH/LEF1_GAPDH/HPGD_ACTG1/HPGD_HMGB1/HPGD_GPI/FLT3LG_ACTG1/IKZF2_GAPDH","FOXP3_ENO1/KLF3_ENO1/FLT3LG_ENO1/IL10RA_ENO1/CCR10_ENO1/CD74_ENO1/HLA-DRB1_ENO1/SAMHD1_ENO1/CPNE2_ENO1/CCDC141_ENO1/HPGD_ENO1/HPGD_HMGA1/KLF3_SUB1/FLT3LG_SUB1/FOXP3_MEOX1/IL32_MEOX1/RTKN2_MEOX1/TTN_MEOX1/HPGD_PHF5A/KLF3_GPI/FLT3LG_GPI/SAMHD1_GPI/HPGD_GPI/HPGD_HMGB1/CD74_EBI3/HPGD_IL2RA/FLT3LG_ACTG1/HPGD_ACTG1/IKZF2_GAPDH/LEF1_GAPDH/KLF3_GAPDH/FLT3LG_GAPDH/CCR10_GAPDH/RTKN2_GAPDH/SAMHD1_GAPDH/CPNE2_GAPDH/CCDC141_GAPDH/PI16_GAPDH/HPGD_PKM"
"421",107,107,"CD4+IL21+ Tfh_CD8+terminal Tex","CD4+IL21+ Tfh","CD8+terminal Tex",31,25,1.769,6.70692789860828e-05,0.000974932821637239,0.42018691588785,"CD40LG_GZMB/ITM2A_NAMPT/CPM_HAVCR2/ITM2A_RBPJ/IL6ST_NAMPT/CXCR5_NAMPT/ITM2A_GEM/CD40LG_CSF1/CD40LG_TNFSF4/TNFSF11_NAMPT/CPM_TNFSF4/ITM2A_CSF1/TNFSF8_HAVCR2/ITM2A_CD70/BTLA_TNFSF4/CXCR5_HAVCR2/CD40LG_TNFRSF9/CD40LG_HAVCR2/IL21_NAMPT/CPM_RBPJ/IL6ST_CD70/ITM2A_TOX2/CD40LG_NAMPT/IL6R_NAMPT/CXCR5_CD70","CPM_RBPJ/ITM2A_RBPJ/ITM2A_TOX2/CD40LG_TNFSF4/CPM_TNFSF4/BTLA_TNFSF4/CD40LG_GZMB/CD40LG_CSF1/ITM2A_CSF1/IL6ST_CD70/CXCR5_CD70/ITM2A_CD70/IGFL2_IFNG/IL21_NAMPT/TNFSF11_NAMPT/CD40LG_NAMPT/IL6ST_NAMPT/CXCR5_NAMPT/IL6R_NAMPT/ITM2A_NAMPT/NR3C1_CXCR6/CD40LG_TNFRSF9/CXCR5_TNFRSF9/IGFL2_LAYN/TNFSF4_ENTPD1/IGFL2_ENTPD1/TNFSF8_HAVCR2/CD40LG_HAVCR2/CXCR5_HAVCR2/CPM_HAVCR2/ITM2A_GEM"
"951",108,108,"CD8+Tc17_CD4+CCL5+ Tm","CD8+Tc17","CD4+CCL5+ Tm",44,33,1.645,6.74953491902704e-05,0.000974932821637239,0.418240740740741,"IL23R_BHLHE40/IL17RE_ALOX5AP/IL17RE_ITGA1/CA2_BHLHE40/CD40LG_NR4A2/IL17RE_ANXA1/CA2_ANXA1/IL17RE_IFNGR1/CA2_CD44/IL23R_ANXA1/IL17RE_BHLHE40/IL17RE_CD44/IL17RE_CD99/CA2_GLUL/CCR6_BHLHE40/CA2_ALOX5AP/CA2_ID2/CA2_PARP8/IL17RE_NR4A2/IL17RE_HOPX/KLRB1_BHLHE40/ZBTB16_GLUL/CA2_CD69/IL17RE_PARP8/IL17RE_IL18RAP/ZBTB16_ALOX5AP/ZBTB16_IFNGR1/IL23R_NR4A2/ZBTB16_ANXA1/IL23R_PARP8/CA2_ZFP36/IL17RE_IFNG/CA2_IFNGR1","CEBPD_ZFP36L2/IL4I1_ZFP36L2/IL17RE_HOPX/ADAM12_HOPX/CA2_ID2/CCR6_BHLHE40/IL23R_BHLHE40/IL17RE_BHLHE40/KLRB1_BHLHE40/CA2_BHLHE40/CD40LG_NR4A2/IL23R_NR4A2/IL17RE_NR4A2/LTK_NR4A2/IL4I1_CD40LG/ADAM12_CD40LG/IL17RE_IFNG/ADAM12_IFNG/IL4I1_CXCR4/ZBTB16_IFNGR1/IL17RE_IFNGR1/CA2_IFNGR1/IL17RE_CD44/CA2_CD44/IL17RE_IL18RAP/ZBTB16_ANXA1/IL23R_ANXA1/IL17RE_ANXA1/LTK_ANXA1/CA2_ANXA1/ZBTB16_ALOX5AP/IL17RE_ALOX5AP/CA2_ALOX5AP/ZBTB16_GLUL/CA2_GLUL/IL17RE_ITGA1/ADAM12_ITGA1/IL23R_PARP8/IL17RE_PARP8/CA2_PARP8/ADAM12_PARP8/CA2_CD69/CA2_ZFP36/IL17RE_CD99"
"1185",109,109,"CD8+Tc17_CD4+IL26+ Th17","CD8+Tc17","CD4+IL26+ Th17",61,43,1.546,6.85189778561597e-05,0.000975279966159624,0.419816513761468,"IL17RE_ANKRD28/IL17RE_CKLF/CCR6_ANKRD28/IL17RE_CEBPD/IL23R_ANKRD28/FLT3LG_ANKRD28/CA2_ANKRD28/CA2_MGAT4A/CA2_IL4I1/CA2_ERN1/CD40LG_ANKRD28/CA2_CA10/IL23R_RUNX2/IL17RE_CA10/CA2_CEBPD/CD40LG_TNFSF14/TMIGD2_IL4I1/IL17RE_RUNX2/CD40LG_IL4I1/IL23R_CEBPD/IL17RE_CAPG/CA2_CCR6/IL26_ANKRD28/RORA_ANKRD28/FLT3LG_RUNX2/IL23R_ERN1/CA2_IL22/IL17RE_IL4I1/CA2_ID2/CA2_RORA/LTK_ANKRD28/LTK_CEBPD/NCR3_IL4I1/TNF_IL4I1/TMIGD2_ANKRD28/CA2_IL26/IL17RE_CCR6/ZBTB16_CEBPD/ZBTB16_ANKRD28/IL23R_CXCR6/CA2_TNFSF13B/KLRB1_TNFSF14/RORC_ANKRD28","CA2_RORA/ZBTB16_CEBPD/IL23R_CEBPD/IL17RE_CEBPD/LTK_CEBPD/CA2_CEBPD/FLT3LG_RUNX2/IL23R_RUNX2/IL17RE_RUNX2/CA2_RUNX2/CA2_ID2/CA2_IL26/ADAM12_IL26/CA2_TNFSF13B/IL4I1_CD40LG/ADAM12_CD40LG/IL17RE_CKLF/ADAM12_CKLF/IL4I1_IL22/CA2_IL22/CD40LG_TNFSF14/KLRB1_TNFSF14/CA2_TNFSF14/IL23R_CXCR6/IL17RE_CCR6/CA2_CCR6/CEBPD_IL23R/CEBPD_IL17RE/TNF_IL17RE/IL23A_IL17RE/CCR6_IL17RE/IL18RAP_IL17RE/IL4I1_IL17RE/ME1_IL17RE/ADAM12_IL17RE/CEBPD_CA10/IL17RE_CA10/CA2_CA10/IL17RE_CAPG/CA2_MGAT4A/IL23R_ERN1/CA2_ERN1/CD40LG_IL4I1/TNF_IL4I1/IL17RE_IL4I1/TMIGD2_IL4I1/NCR3_IL4I1/CA2_IL4I1/RORC_ANKRD28/ZBTB16_ANKRD28/RORA_ANKRD28/CD40LG_ANKRD28/IL26_ANKRD28/FLT3LG_ANKRD28/CCR6_ANKRD28/IL23R_ANKRD28/IL17RE_ANKRD28/TMIGD2_ANKRD28/LTK_ANKRD28/CA2_ANKRD28/IL4I1_TMIGD2"
"484",110,110,"CD4+Tn_CD8+TCF7+ Tex","CD4+Tn","CD8+TCF7+ Tex",16,15,2.057,6.87697412035632e-05,0.000975279966159624,0.416181818181818,"GIMAP7_NR3C1/GIMAP7_TNFRSF4/LINC00861_TNFRSF4/LINC00861_CXCL13/KLF2_IGFL2/TXK_IGFL2/FHIT_TNFRSF4/LEF1_IGFL2/TXK_NR3C1/SCML1_CD200/FHIT_NR3C1/LINC00861_IGFL2/EEF1A1_IGFL2/TCF7_TNFRSF4/TPT1_CD200","TXK_NR3C1/GIMAP7_NR3C1/FHIT_NR3C1/LINC00861_CXCL13/SCML1_CD200/TPT1_CD200/TCF7_TNFRSF4/GIMAP7_TNFRSF4/LINC00861_TNFRSF4/FHIT_TNFRSF4/LEF1_IGFL2/TXK_IGFL2/KLF2_IGFL2/EEF1A1_IGFL2/TPT1_IGFL2/LINC00861_IGFL2"
"346",111,111,"CD4+S1PR1+ Treg_CD8+ZNF683+CXCR6+ Trm","CD4+S1PR1+ Treg","CD8+ZNF683+CXCR6+ Trm",12,12,2.194,7.96132952495705e-05,0.00111194989482888,0.43009009009009,"KLF3_RBPJ/PI16_LGALS1/FLT3LG_RBPJ/CCDC141_ZNF683/HPGD_RBPJ/HPGD_GZMB/HPGD_IL32/HPGD_ZNF683/HPGD_CD52/HPGD_CCL5/KLF3_LGALS1/HPGD_LGALS1","CCDC141_ZNF683/HPGD_ZNF683/KLF3_RBPJ/FLT3LG_RBPJ/HPGD_RBPJ/HPGD_IL32/HPGD_GZMB/HPGD_CCL5/HPGD_CD52/KLF3_LGALS1/HPGD_LGALS1/PI16_LGALS1"
"396",112,112,"CD8+Temra_CD8+terminal Tex","CD8+Temra","CD8+terminal Tex",36,28,1.706,8.05450885356815e-05,0.00111194989482888,0.426517857142857,"KLF3_RBPJ/FGFBP2_NAMPT/C1orf21_LAYN/GZMH_GZMB/CX3CR1_CD70/KLF3_NAMPT/C1orf21_CD70/C1orf21_ENTPD1/CX3CR1_TOX2/FGR_HAVCR2/KLF3_ETV1/ASCL2_NAMPT/ASCL2_LAYN/C1orf21_RBPJ/ASCL2_RBPJ/KLF3_CSF1/CX3CR1_RBPJ/ASCL2_TOX2/C1orf21_TNFSF4/C1orf21_TOX/C1orf21_TOX2/CX3CR1_TNFRSF9/TBX21_CD70/KLF3_TOX2/CX3CR1_NAMPT/ASCL2_IL2RA/TBX21_NAMPT/FGFBP2_CD70","ASCL2_RBPJ/KLF3_RBPJ/CX3CR1_RBPJ/C1orf21_RBPJ/ASCL2_ETV1/KLF3_ETV1/CX3CR1_TOX/C1orf21_TOX/ASCL2_TOX2/KLF3_TOX2/CX3CR1_TOX2/C1orf21_TOX2/C1orf21_TNFSF4/KLF3_FAM3C/GZMH_GZMB/KLF3_CSF1/TBX21_CSF1/KLF3_CCL3/TBX21_CD70/CX3CR1_CD70/FGFBP2_CD70/C1orf21_CD70/ASCL2_NAMPT/KLF3_NAMPT/TBX21_NAMPT/CX3CR1_NAMPT/FGFBP2_NAMPT/ASCL2_IL2RA/CX3CR1_TNFRSF9/ASCL2_LAYN/C1orf21_LAYN/GNLY_ENTPD1/C1orf21_ENTPD1/FGR_HAVCR2/C1orf21_KRT86/GNLY_DUSP4"
"1392",113,112,"CD4+CAPG+CREM- Tm_CD4+TNFRSF9+ Treg","CD4+CAPG+CREM- Tm","CD4+TNFRSF9+ Treg",36,28,1.706,8.05450885356815e-05,0.00111194989482888,0.426517857142857,"ID2_NAMPT/CXCR3_PMAIP1/ID2_PMAIP1/GPR35_PMAIP1/CD52_NAMPT/CD40LG_CSF1/HOPX_PMAIP1/CXCR3_CD70/CD40LG_TNFRSF9/ZFP36L2_CD70/CD40LG_TNFRSF4/CKLF_PMAIP1/ZFP36L2_PMAIP1/CAPG_PMAIP1/CXCR6_CD70/ID2_TNFRSF9/CXCR6_TNFRSF4/GPR35_TNFRSF4/ZFP36L2_CSF1/ID2_IKZF4/CXCR6_TNFRSF9/ZFP36L2_NAMPT/CXCR3_TNFRSF4/HOPX_NAMPT/IFNG_PMAIP1/ZNF683_PMAIP1/CD40LG_PMAIP1/CD40LG_NAMPT","ID2_IKZF4/HOPX_NAMPT/ID2_NAMPT/ZFP36L2_NAMPT/CD40LG_NAMPT/CD52_NAMPT/ZFP36L2_CSF1/CD40LG_CSF1/ZFP36L2_CD70/CXCR3_CD70/CXCR6_CD70/ALOX5AP_IL1RN/ANXA1_IL1RN/BHLHE40_IL7/IFNGR1_IL7/ID2_TNFRSF9/CD40LG_TNFRSF9/CXCR6_TNFRSF9/CD40LG_TNFRSF4/CXCR3_TNFRSF4/CXCR6_TNFRSF4/GPR35_TNFRSF4/CCL4_CARD16/IFNGR1_CARD16/ANXA1_CARD16/BHLHE40_LAIR2/HOPX_PMAIP1/ID2_PMAIP1/ZFP36L2_PMAIP1/ZNF683_PMAIP1/CKLF_PMAIP1/IFNG_PMAIP1/CD40LG_PMAIP1/CXCR3_PMAIP1/GPR35_PMAIP1/CAPG_PMAIP1"
"375",114,114,"CD4+CCL5+ Tm_CD8+GZMK+ Tex","CD4+CCL5+ Tm","CD8+GZMK+ Tex",19,17,1.963,8.63935299137255e-05,0.00114461852486225,0.442280701754386,"ID2_NAMPT/PTGER4_NAMPT/ID2_TRPS1/ID2_HAVCR2/CD40LG_TNFSF4/HOPX_PRDM1/ID2_PRDM1/HOPX_TNFSF4/CD99_TNFSF4/CD40LG_TNFRSF9/CD40LG_HAVCR2/ID2_TNFRSF9/IFNG_PRDM1/ZFP36L2_NAMPT/HOPX_NAMPT/CD40LG_NAMPT/PARP8_NAMPT","HOPX_PRDM1/ID2_PRDM1/IFNG_PRDM1/ID2_TRPS1/HOPX_TNFSF4/CD40LG_TNFSF4/CD99_TNFSF4/ZFP36L2_NAMPT/HOPX_NAMPT/ID2_NAMPT/CD40LG_NAMPT/PARP8_NAMPT/PTGER4_NAMPT/ID2_HAVCR2/CD40LG_HAVCR2/ANXA1_LYST/ID2_TNFRSF9/CD40LG_TNFRSF9/CCL4_HLA-DQA1"
"406",115,114,"CD4+Tn_CD8+terminal Tex","CD4+Tn","CD8+terminal Tex",19,17,1.963,8.63935299137255e-05,0.00114461852486225,0.442280701754386,"TXK_NAMPT/GIMAP7_RBPJ/GIMAP7_GZMB/GIMAP7_CSF1/LINC00861_CXCL13/GIMAP7_IL2RB/EEF1B2_NAMPT/GIMAP7_CD70/SCML1_NAMPT/GIMAP7_TNFRSF18/FHIT_CSF1/PLAC8_GZMB/FHIT_TNFRSF9/GIMAP7_NAMPT/EEF1B2_RBPJ/PLAC8_HAVCR2/TXK_HAVCR2","EEF1B2_RBPJ/GIMAP7_RBPJ/LINC00861_CXCL13/PLAC8_GZMB/GIMAP7_GZMB/GIMAP7_CSF1/FHIT_CSF1/TXK_CCL3/TCF7_CD70/GIMAP7_CD70/TXK_NAMPT/SCML1_NAMPT/EEF1B2_NAMPT/GIMAP7_NAMPT/GIMAP7_IL2RB/FHIT_TNFRSF9/TXK_HAVCR2/PLAC8_HAVCR2/GIMAP7_TNFRSF18"
"607",116,114,"CD4+TIMP1+ Tm_CD8+NME1+ T","CD4+TIMP1+ Tm","CD8+NME1+ T",19,17,1.963,8.63935299137255e-05,0.00114461852486225,0.442280701754386,"CD40LG_ENO1/S100A10_GAPDH/FLT3LG_ENO1/CAPG_GAPDH/CAPG_ENO1/LMO4_GAPDH/FLT3LG_GAPDH/CD40LG_GPI/S100A10_ENO1/FLT3LG_GPI/S100A6_GAPDH/FLT3LG_ACTG1/S100A10_HMGA1/LMO4_ACTG1/FLT3LG_KIF20A/S100A6_ENO1/S100A10_GPI","FLT3LG_ENO1/CD40LG_ENO1/S100A10_ENO1/S100A6_ENO1/CAPG_ENO1/S100A10_HMGA1/VIM_HMGB1/FLT3LG_GPI/CD40LG_GPI/S100A10_GPI/LMO4_ACTG1/FLT3LG_ACTG1/LMO4_GAPDH/FLT3LG_GAPDH/S100A10_GAPDH/SH3BGRL3_GAPDH/S100A6_GAPDH/CAPG_GAPDH/FLT3LG_KIF20A"
"853",117,114,"CD4+S1PR1+ Treg_CD4+AREG+ Tm","CD4+S1PR1+ Treg","CD4+AREG+ Tm",19,17,1.963,8.63935299137255e-05,0.00114461852486225,0.442280701754386,"PI16_AREG/IKZF2_AREG/KLF3_AREG/TTN_AREG/FLT3LG_EEF1A1/CCDC141_AREG/HPGD_AREG/KLF3_ANXA1/FLT3LG_AREG/HPGD_S1PR1/FLT3LG_PABPC1/HPGD_GPR183/RTKN2_AREG/HLA-DRB1_AREG/KLF2_ANXA1/CD74_AREG/SELL_AREG","CPNE2_KLF2/LEF1_KLF3/IKZF2_AREG/KLF3_AREG/FLT3LG_AREG/CD74_AREG/RTKN2_AREG/SELL_AREG/HLA-DRB1_AREG/TTN_AREG/CCDC141_AREG/HPGD_AREG/PI16_AREG/KLF2_ANXA1/KLF3_ANXA1/FLT3LG_EEF1A1/HPGD_GPR183/FLT3LG_PABPC1/HPGD_S1PR1"
"622",118,118,"CD4+ISG+ Th_CD8+NME1+ T","CD4+ISG+ Th","CD8+NME1+ T",25,21,1.843,8.65801191882981e-05,0.00114461852486225,0.427542372881356,"MX2_GAPDH/TNFSF10_ENO1/TNFSF13B_ENO1/IFI6_ENO1/SP100_ENO1/IFIT3_GAPDH/IFIT3_ENO1/IFI6_GPI/IFI6_GAPDH/CMPK2_ENO1/IFIT2_GAPDH/MX2_ENO1/IFIT2_ENO1/IFI44L_ENO1/IRF7_GAPDH/TNFSF10_GAPDH/RSAD2_ENO1/MX1_ENO1/IFIT1_GPI/IRF7_ENO1/IFI6_CENPA","IRF7_ENO1/SP100_ENO1/TNFSF10_ENO1/TNFSF13B_ENO1/IFIT3_ENO1/IFIT1_ENO1/RSAD2_ENO1/IFI44L_ENO1/MX1_ENO1/IFI6_ENO1/MX2_ENO1/IFIT2_ENO1/CMPK2_ENO1/MX1_HMGA1/IFI16_MYB/IFIT1_GPI/IFI6_GPI/IFI16_CXCR3/IFI6_CENPA/IRF7_GAPDH/TNFSF10_GAPDH/IFIT3_GAPDH/IFI6_GAPDH/MX2_GAPDH/IFIT2_GAPDH"
"51",119,119,"CD8+TCF7+ Tex_CD8+IL7R+ Tm","CD8+TCF7+ Tex","CD8+IL7R+ Tm",22,19,1.895,9.08070375814425e-05,0.00118049148855875,0.433445378151261,"BTLA_TNFAIP3/IL6R_TNFAIP3/CD40LG_TNFAIP3/BATF_RGCC/IL6R_PABPC1/BATF_TNFAIP3/TCF7_TNFAIP3/IL6R_FTH1/CD40LG_FTH1/EBI3_TNFAIP3/IFNAR2_TNFAIP3/IFNAR2_PABPC1/TCF7_FTH1/TNFSF8_TNFAIP3/IL6R_ANXA1/CPM_TNFAIP3/EBI3_PABPC1/CD40LG_PABPC1/BATF_FTH1","NR3C1_TSC22D3/IL6R_ANXA1/IGFL2_LMNA/NMB_LMNA/TCF7_TNFAIP3/BATF_TNFAIP3/EBI3_TNFAIP3/TNFSF8_TNFAIP3/CD40LG_TNFAIP3/IL6R_TNFAIP3/IFNAR2_TNFAIP3/CPM_TNFAIP3/BTLA_TNFAIP3/TCF7_FTH1/BATF_FTH1/CD40LG_FTH1/IL6R_FTH1/BATF_RGCC/EBI3_PABPC1/CD40LG_PABPC1/IL6R_PABPC1/IFNAR2_PABPC1"
"756",120,119,"CD8+Tc17_CD4+IL7R- Tn","CD8+Tc17","CD4+IL7R- Tn",22,19,1.895,9.08070375814425e-05,0.00118049148855875,0.433445378151261,"IL17RE_NACA/IL17RE_EEF1A1/IL17RE_ACTG1/IL23R_ACTG1/FLT3LG_EEF1A1/CA2_NACA/FLT3LG_NACA/CA2_LDHB/IL17RE_FAU/CA2_ACTG1/CA2_EEF1A1/IL17RE_EEF1B2/CA2_BTF3/CA2_EEF1B2/CA2_FAU/IL17RE_LDHB/FLT3LG_ACTG1/IL17RE_BTF3/CCR6_NACA","IL17RE_EEF1B2/CA2_EEF1B2/FLT3LG_EEF1A1/IL17RE_EEF1A1/CA2_EEF1A1/FLT3LG_ACTG1/IL23R_ACTG1/IL17RE_ACTG1/CA2_ACTG1/IL17RE_LDHB/CA2_LDHB/ADAM12_LDHB/FLT3LG_NACA/CCR6_NACA/IL23R_NACA/IL17RE_NACA/CA2_NACA/IL17RE_FAU/CA2_FAU/FLT3LG_BTF3/IL17RE_BTF3/CA2_BTF3"
"1483",121,121,"CD8+Tn_CD4+NME1+CCR4- T","CD8+Tn","CD4+NME1+CCR4- T",33,26,1.728,9.92372127611633e-05,0.0012794219165902,0.431239669421488,"NOSIP_ENO1/FLT3LG_ENO1/IFNGR2_GAPDH/EEF1A1_ENO1/IL6R_GAPDH/TPT1_GAPDH/MAL_ENO1/FLT3LG_GAPDH/TCF7_GPI/IFNGR2_TMSB10/TCF7_GAPDH/NOSIP_GAPDH/EEF1B2_ENO1/FLT3LG_GPI/IL6R_ENO1/IL6R_TMSB10/TXK_ENO1/TXK_GAPDH/IL6R_GPI/FLT3LG_SUB1/LEF1_GAPDH/FLT3LG_ACTG1/EEF1A1_GAPDH/TNFSF8_GAPDH/CMTM8_ENO1/IFNGR2_ARPC1B","TXK_ENO1/FLT3LG_ENO1/CMTM8_ENO1/IL6R_ENO1/IFNGR2_ENO1/MAL_ENO1/EEF1A1_ENO1/EEF1B2_ENO1/NOSIP_ENO1/FLT3LG_SUB1/WNT7A_MEOX1/PABPC1_MEOX1/TCF7_GPI/FLT3LG_GPI/IL6R_GPI/NELL2_GPI/NOSIP_GPI/PABPC1_EBI3/FLT3LG_ACTG1/LEF1_GAPDH/TCF7_GAPDH/TXK_GAPDH/FLT3LG_GAPDH/TNFSF8_GAPDH/IL6R_GAPDH/IFNGR2_GAPDH/EEF1A1_GAPDH/TPT1_GAPDH/EEF1B2_GAPDH/NOSIP_GAPDH/IL6R_TMSB10/IFNGR2_TMSB10/IFNGR2_ARPC1B"
"910",122,122,"CD8+TCF7+ Tex_CD4+CREM+ Tm","CD8+TCF7+ Tex","CD4+CREM+ Tm",50,36,1.579,0.000133633085097096,0.00170875092419237,0.439836065573771,"BTLA_TNFAIP3/IL6R_TNFAIP3/IL6R_AREG/CD40LG_TNFAIP3/CD40LG_NR4A2/CD40LG_AREG/TNFSF8_AREG/BATF_AREG/BATF_TNFAIP3/TCF7_TNFAIP3/IFNAR2_AREG/IL6R_FTH1/TNFSF8_NR4A2/CD40LG_FTH1/EBI3_TNFAIP3/IFNAR2_TNFAIP3/SESN3_AREG/TSHZ2_NR4A2/SESN3_NR4A2/CPM_SRGN/CD40LG_SRGN/IL6R_NR4A2/NMB_AREG/EBI3_AREG/EBI3_TGFB1/CD40LG_TGFB1/BTLA_SRGN/TCF7_FTH1/TNFSF8_TNFAIP3/CD40LG_CREM/CPM_AREG/BATF_ZNF331/IL6R_ANXA1/CPM_TNFAIP3/IFNAR2_NR4A2/BATF_FTH1","CD40LG_CREM/BATF_ZNF331/TSHZ2_NR4A2/TNFSF8_NR4A2/CD40LG_NR4A2/IL6R_NR4A2/IFNAR2_NR4A2/SESN3_NR4A2/IGFL2_GZMA/EBI3_TGFB1/CD40LG_TGFB1/BATF_AREG/EBI3_AREG/TNFSF8_AREG/CD40LG_AREG/IL6R_AREG/IFNAR2_AREG/CPM_AREG/NMB_AREG/SESN3_AREG/CD200_CXCL16/CD200_GPR35/TNFRSF4_GPR35/IGFL2_GPR35/NMB_GPR35/TCF7_FTH1/BATF_FTH1/CD40LG_FTH1/IL6R_FTH1/CD40LG_SRGN/IL6R_SRGN/CPM_SRGN/BTLA_SRGN/CD200_FAM177A1/NMB_FAM177A1/TCF7_TNFAIP3/BATF_TNFAIP3/EBI3_TNFAIP3/TNFSF8_TNFAIP3/CD40LG_TNFAIP3/IL6R_TNFAIP3/IFNAR2_TNFAIP3/CPM_TNFAIP3/BTLA_TNFAIP3/IGFL2_LMNA/NMB_LMNA/IL6R_ANXA1/NR3C1_PTGER4/TNFRSF4_PTGER4/IGFBP4_PTGER4"
"1126",123,123,"CD4+S1PR1+ Treg_CD4+Temra","CD4+S1PR1+ Treg","CD4+Temra",27,22,1.787,0.000141672490359613,0.00177489656542648,0.459512195121951,"PI16_PRSS23/PI16_CCL4/KLF3_S1PR5/HPGD_CCL3/KLF3_GNLY/FLT3LG_S1PR5/CCDC141_ZNF683/CCDC141_S1PR5/PI16_GNLY/HPGD_GNLY/HPGD_IL18RAP/HPGD_GZMB/HPGD_CCL4/HPGD_FASLG/KLF3_IL18RAP/TTN_S1PR5/KLF3_ZEB2/HPGD_PLEK/HPGD_ZNF683/CCDC141_CCL4/HPGD_CCL5/CCR4_CCL4","KLF3_ZEB2/PI16_ZEB2/CCDC141_ZNF683/HPGD_ZNF683/HPGD_GZMB/HPGD_CCL5/CCR4_CCL4/CCDC141_CCL4/HPGD_CCL4/PI16_CCL4/KLF3_CCL3/HPGD_CCL3/HPGD_FASLG/KLF3_IL18RAP/HPGD_IL18RAP/KLF3_GNLY/HPGD_GNLY/PI16_GNLY/KLF3_S1PR5/FLT3LG_S1PR5/TTN_S1PR5/CCDC141_S1PR5/HPGD_S1PR5/RTKN2_C1orf21/CPNE2_C1orf21/HPGD_PLEK/PI16_PRSS23"
"1388",124,123,"CD4+TIMP1+ Tm_CD4+TNFRSF9+ Treg","CD4+TIMP1+ Tm","CD4+TNFRSF9+ Treg",27,22,1.787,0.000141672490359613,0.00177489656542648,0.459512195121951,"S100A10_NAMPT/FLT3LG_PMAIP1/CD52_NAMPT/CD40LG_CSF1/LMO4_NAMPT/S100A6_PMAIP1/HOPX_PMAIP1/FLT3LG_CD70/S100A6_IL2RA/EMP3_PMAIP1/S100A10_IL2RA/FLT3LG_CSF1/CD40LG_TNFRSF9/CD40LG_TNFRSF4/CAPG_PMAIP1/LMO4_IL2RA/LMO4_TNFRSF18/HOPX_NAMPT/VIM_PMAIP1/FLT3LG_TNFRSF9/CD40LG_PMAIP1/CD40LG_NAMPT","HOPX_NAMPT/LMO4_NAMPT/CD40LG_NAMPT/S100A10_NAMPT/CD52_NAMPT/FLT3LG_CSF1/CD40LG_CSF1/FLT3LG_CD70/ANXA1_IL1RN/TIMP1_IL7/VIM_IL7/LMO4_IL2RA/S100A10_IL2RA/S100A6_IL2RA/LMO4_TNFRSF18/FLT3LG_TNFRSF9/CD40LG_TNFRSF9/CD40LG_TNFRSF4/ANXA1_CARD16/VIM_CARD16/HOPX_PMAIP1/FLT3LG_PMAIP1/CD40LG_PMAIP1/S100A6_PMAIP1/VIM_PMAIP1/CAPG_PMAIP1/EMP3_PMAIP1"
"455",125,125,"CD4+CAPG+CREM- Tm_CD8+OXPHOS- Tex","CD4+CAPG+CREM- Tm","CD8+OXPHOS- Tex",15,14,2.047,0.000142219276075839,0.00177489656542648,0.45256,"ID2_HAVCR2/CD40LG_CSF1/HOPX_PRDM1/ID2_PRDM1/CXCR3_PRDM1/HOPX_PHLDA1/CD40LG_TNFRSF9/CD40LG_HAVCR2/ID2_TNFRSF9/ZFP36L2_CSF1/CXCR6_TNFRSF9/IFNG_PRDM1/CAPG_HAVCR2/CD52_HAVCR2","HOPX_PRDM1/ID2_PRDM1/IFNG_PRDM1/CXCR3_PRDM1/ZFP36L2_CSF1/CD40LG_CSF1/ID2_HAVCR2/CD40LG_HAVCR2/CAPG_HAVCR2/CD52_HAVCR2/ID2_TNFRSF9/CD40LG_TNFRSF9/CXCR6_TNFRSF9/HOPX_PHLDA1/ALOX5AP_ACP5"
"1146",126,126,"CD8+Tc17_CD4+CCR6+ Th17","CD8+Tc17","CD4+CCR6+ Th17",57,40,1.539,0.000143639130285709,0.00177838923210878,0.449523809523809,"IL23R_BHLHE40/IL17RE_VIM/CA2_VIM/IL23R_VIM/CA2_BHLHE40/FLT3LG_VIM/IL26_MYBL1/IL17RE_TPT1/CA2_IL4I1/CA2_TIMP1/IL17RE_ANXA1/IL23R_TIMP1/CA2_MYBL1/TMIGD2_IL4I1/CA2_ANXA1/CD40LG_IL4I1/IL17RE_IFNGR1/IL17RE_CAPG/CA2_CCR6/IL23R_MYBL1/IL23R_ANXA1/LTK_VIM/IL17RE_BHLHE40/CCR6_BHLHE40/CA2_FKBP11/IL23R_TPT1/IL17RE_IL4I1/CA2_FLT3LG/CA2_RORA/NCR3_IL4I1/IL17RE_HOPX/TNF_IL4I1/KLRB1_BHLHE40/IL17RE_CCR6/RORA_VIM/CA2_TNFSF13B/ZBTB16_IFNGR1/IL17RE_TIMP1/ZBTB16_ANXA1/CA2_IFNGR1","CCR6_BHLHE40/IL23R_BHLHE40/IL17RE_BHLHE40/KLRB1_BHLHE40/CA2_BHLHE40/IL17RE_HOPX/ADAM12_HOPX/CEBPD_ZFP36L2/IL4I1_ZFP36L2/IL26_MYBL1/IL23R_MYBL1/CA2_MYBL1/CA2_RORA/CA2_TNFSF13B/IL4I1_CD40LG/ADAM12_CD40LG/IL23R_TIMP1/IL17RE_TIMP1/CA2_TIMP1/CA2_FLT3LG/IL4I1_CXCR4/IL17RE_CCR6/CA2_CCR6/ZBTB16_IFNGR1/IL17RE_IFNGR1/CA2_IFNGR1/NR1D1_GPR35/IL4I1_GPR35/ZBTB16_ANXA1/IL23R_ANXA1/IL17RE_ANXA1/LTK_ANXA1/CA2_ANXA1/CD40LG_IL4I1/TNF_IL4I1/IL17RE_IL4I1/TMIGD2_IL4I1/NCR3_IL4I1/CA2_IL4I1/RORA_VIM/FLT3LG_VIM/IL23R_VIM/IL17RE_VIM/LTK_VIM/CA2_VIM/CA2_FKBP11/IL17RE_CAPG/CEBPD_ABCB1/RORA_ABCB1/IL18RAP_ABCB1/SLC4A10_ABCB1/AQP3_ABCB1/ADAM12_ABCB1/IL23R_TPT1/IL17RE_TPT1/IL17RE_PERP/ADAM12_DPP4"
"1068",127,127,"CD8+Tc17_CD4+GZMK+ Tem","CD8+Tc17","CD4+GZMK+ Tem",40,30,1.645,0.000145621788851494,0.00178874008353016,0.445984251968504,"IL17RE_LITAF/CA2_CST7/CA2_CD4/IL17RE_TNFSF9/CD40LG_NR4A2/CA2_CD74/IL17RE_ITM2C/IL23R_CRTAM/CA2_CCL3/CA2_CCL4L2/IL23R_CCL4L2/ZBTB16_CCL3L3/CA2_F2R/KLRB1_CST7/IL23R_CD4/IL17RE_NR4A2/IL23R_FASLG/NCR3_RUNX3/CA2_DTHD1/IL17RE_CXCR3/LTK_SLAMF7/ZBTB16_CCL3/IL23R_NR4A2/ZBTB16_DTHD1/IL23R_CCL3/CA2_TNFSF9/IL17RE_CCL3/CA2_CCL3L3/IL17RE_IFNG/ZBTB16_CST7","IL17RE_LITAF/IL18RAP_NFATC2/ADAM12_NFATC2/NCR3_RUNX3/CD40LG_NR4A2/IL23R_NR4A2/IL17RE_NR4A2/LTK_NR4A2/IL17RE_TNFSF9/CA2_TNFSF9/ZBTB16_CCL3L3/CA2_CCL3L3/IL17RE_IFNG/ADAM12_IFNG/IL23R_FASLG/ZBTB16_CCL3/IL23R_CCL3/IL17RE_CCL3/CA2_CCL3/CA2_CD74/IL4I1_CXCR4/IL17RE_CXCR3/IL4I1_CXCR3/IL23R_CD4/CA2_CD4/ZBTB16_CST7/KLRB1_CST7/CA2_CST7/IL23R_CRTAM/CA2_CRTAM/IL23R_CCL4L2/CA2_CCL4L2/IL17RE_ITM2C/ADAM12_ITM2C/LTK_SLAMF7/CEBPD_F2R/CA2_F2R/ADAM12_F2R/ZBTB16_DTHD1/CA2_DTHD1"
"488",128,128,"CD4+TNF+ T_CD8+TCF7+ Tex","CD4+TNF+ T","CD8+TCF7+ Tex",24,20,1.828,0.000161228538368147,0.00194974046398689,0.451796875,"ID2_NR3C1/ID2_CD200/CXCR3_CD200/CD40LG_IGFL2/CXCR3_NR3C1/ID2_IGFL2/CD52_IGFL2/IFNG_IGFL2/CD40LG_TNFRSF4/CXCR3_NMB/CD99_IGFL2/CAPG_NMB/ACTB_IGFL2/CD52_NMB/CCR2_IGFL2/CXCR3_GNG4/CXCR3_IGFL2/CXCR3_TNFRSF4/CAPG_CD200/ID2_NMB","ID2_NR3C1/CXCR3_NR3C1/LCP2_CD40LG/LCP2_IL6R/CCL4_CCR4/ID2_CD200/CXCR3_CD200/CAPG_CD200/CXCR3_GNG4/CD40LG_TNFRSF4/CXCR3_TNFRSF4/ID2_IGFL2/CD40LG_IGFL2/GZMA_IGFL2/IFNG_IGFL2/CCR2_IGFL2/CXCR3_IGFL2/CD52_IGFL2/ACTB_IGFL2/CD99_IGFL2/ID2_NMB/CXCR3_NMB/CD52_NMB/CAPG_NMB"
"611",129,128,"CD4+CAPG+CREM- Tm_CD8+NME1+ T","CD4+CAPG+CREM- Tm","CD8+NME1+ T",24,20,1.828,0.000161228538368147,0.00194974046398689,0.451796875,"CD40LG_ENO1/ID2_GAPDH/GPR35_GPI/CXCR6_GAPDH/GPR35_GAPDH/CXCR6_ENO1/CAPG_GAPDH/CAPG_ENO1/ZFP36L2_GAPDH/CD40LG_GPI/CXCR3_GAPDH/ID2_ENO1/TMSB4X_GAPDH/TMSB4X_ENO1/ID2_GPI/HCST_GAPDH/IFNG_GAPDH/CXCR3_GPI/CXCR3_ENO1/GPR35_ENO1","ID2_ENO1/CD40LG_ENO1/CXCR3_ENO1/CXCR6_ENO1/GPR35_ENO1/CAPG_ENO1/TMSB4X_ENO1/IFNGR1_MYB/ID2_GPI/CD40LG_GPI/CXCR3_GPI/GPR35_GPI/BHLHE40_CXCR3/ALOX5AP_CXCR3/ID2_GAPDH/ZFP36L2_GAPDH/IFNG_GAPDH/CXCR3_GAPDH/CXCR6_GAPDH/GPR35_GAPDH/SH3BGRL3_GAPDH/CAPG_GAPDH/TMSB4X_GAPDH/HCST_GAPDH"
"970",130,130,"CD4+S1PR1+ Treg_CD4+CCL5+ Tm","CD4+S1PR1+ Treg","CD4+CCL5+ Tm",18,16,1.95,0.00017090991801921,0.00205091901623052,0.468461538461538,"PI16_CCL4/HPGD_NR4A2/PI16_NR4A2/KLF3_ANXA1/PI16_BHLHE40/CCDC141_BHLHE40/HPGD_ALOX5AP/HPGD_IL18RAP/HPGD_CCL4/KLF3_IL18RAP/KLF2_ANXA1/CCDC141_CCL4/HPGD_CCL5/CCR4_CCL4/HPGD_BHLHE40/KLF3_NR4A2","CCDC141_BHLHE40/HPGD_BHLHE40/PI16_BHLHE40/KLF3_NR4A2/HPGD_NR4A2/PI16_NR4A2/HPGD_CCL5/CCR4_CCL4/CCDC141_CCL4/HPGD_CCL4/PI16_CCL4/KLF3_IL18RAP/HPGD_IL18RAP/KLF2_ANXA1/KLF3_ANXA1/HPGD_ALOX5AP/IL32_PTGER4/HPGD_CD99"
"1285",131,131,"CD4+ISG+ Th_CD4+IFNG+ Tfh/Th1","CD4+ISG+ Th","CD4+IFNG+ Tfh/Th1",21,18,1.88,0.000173668422423495,0.00205319503495329,0.473282442748092,"CMPK2_HAVCR2/IFI6_LAG3/TNFSF13B_HAVCR2/MX2_HAVCR2/SP100_RBPJ/MX1_LAG3/IFIT3_GZMB/MX1_HAVCR2/IFI6_RBPJ/IFI44L_GZMB/IFIT2_GZMB/CMPK2_CCL4/MX1_GZMB/IFIT1_GZMB/IFI44L_CCL4/IFI6_HAVCR2/IFIT1_LAG3/TNFSF10_RBPJ","IFI16_ID2/IFIT2_ID2/SP100_RBPJ/TNFSF10_RBPJ/MX1_RBPJ/IFI6_RBPJ/IFI44L_CCL4/CMPK2_CCL4/IFIT3_GZMB/IFIT1_GZMB/IFI44L_GZMB/MX1_GZMB/IFIT2_GZMB/IFIT1_LAG3/MX1_LAG3/IFI6_LAG3/TNFSF13B_HAVCR2/MX1_HAVCR2/IFI6_HAVCR2/MX2_HAVCR2/CMPK2_HAVCR2"
"477",132,132,"CD8+ZNF683+CXCR6+ Trm_CD8+TCF7+ Tex","CD8+ZNF683+CXCR6+ Trm","CD8+TCF7+ Tex",32,25,1.714,0.00017373188757297,0.00205319503495329,0.469924242424242,"ID2_NR3C1/ID2_CD200/LDLRAD4_NR3C1/CXCR3_CD200/CXCR3_NR3C1/ID2_IGFL2/ITGA1_IGFL2/CD52_IGFL2/LDLRAD4_IGFL2/LDLRAD4_NMB/CXCR3_NMB/CAPG_NMB/ACTB_IGFL2/CD52_NMB/CXCR6_TNFRSF4/LDLRAD4_CD200/CXCR3_GNG4/LDLRAD4_IGFBP4/CXCR3_IGFL2/XCL1_IGFL2/CXCR3_TNFRSF4/CAPG_CD200/LDLRAD4_GNG4/TMSB4X_IGFL2/ID2_NMB","ID2_NR3C1/CXCR6_NR3C1/CXCR3_NR3C1/LDLRAD4_NR3C1/LGALS1_BATF/ZNF683_CD40LG/GZMB_CD40LG/ID2_CD200/CXCR3_CD200/CAPG_CD200/TMSB4X_CD200/LDLRAD4_CD200/CXCR3_GNG4/LDLRAD4_GNG4/CXCR6_TNFRSF4/CXCR3_TNFRSF4/ID2_IGFL2/XCL1_IGFL2/GZMA_IGFL2/CXCR3_IGFL2/TMSB4X_IGFL2/ACTB_IGFL2/CD52_IGFL2/ITGA1_IGFL2/LDLRAD4_IGFL2/RBPJ_CPM/ID2_NMB/CXCR3_NMB/CAPG_NMB/CD52_NMB/LDLRAD4_NMB/LDLRAD4_IGFBP4"
"303",133,133,"CD4+IL26+ Th17_CD8+KIR+TXK+ NK-like","CD4+IL26+ Th17","CD8+KIR+TXK+ NK-like",42,31,1.619,0.000186541497613666,0.0021716771363979,0.471203007518797,"ID2_AREG/IL17RE_AREG/TNFSF13B_AREG/IL23R_AREG/IL17RE_IKZF2/CA10_AREG/IL17RE_FOSL2/IL17RE_KLRC3/CTSH_AREG/CD40LG_AREG/IL23R_LAT2/IL23R_FOSL2/CAPG_AREG/IL23R_KLRC3/IL23R_IKZF2/CCR6_AREG/IL23R_REL/TMIGD2_AREG/RORC_AREG/IL17RE_LAT2/IL17RE_KIR2DL4/IL17RE_FAM3C/IL22_AREG/TNFSF14_AREG/IL26_AREG/IL17RE_HOPX/MGAT4A_AREG/IL22_IL32/IL17RE_REL/CXCR6_AREG/IL23R_IL2RB","IL23R_IKZF2/IL17RE_IKZF2/RUNX2_HOPX/IL17RE_HOPX/IL23R_FOSL2/IL17RE_FOSL2/IL23R_REL/IL17RE_REL/RORC_AREG/RORA_AREG/ID2_AREG/IL26_AREG/TNFSF13B_AREG/CD40LG_AREG/IL22_AREG/TNFSF14_AREG/CXCR6_AREG/CCR6_AREG/IL23R_AREG/IL17RE_AREG/CTSH_AREG/CA10_AREG/CAPG_AREG/MGAT4A_AREG/TMIGD2_AREG/IL17RE_FAM3C/IL22_IL32/IL23R_IL2RB/ANKRD28_KIR3DL2/IL17RE_KIR2DL4/IL17RE_TYROBP/IL23R_KLRC3/IL17RE_KLRC3/IL23R_LAT2/IL17RE_LAT2/RORA_B3GNT7/RUNX2_B3GNT7/TNFSF14_B3GNT7/PTPN13_B3GNT7/ERN1_B3GNT7/IL4I1_B3GNT7/ANKRD28_B3GNT7"
"1239",134,133,"CD4+CCR6+ Th17_CD4+IL21+ Tfh","CD4+CCR6+ Th17","CD4+IL21+ Tfh",42,31,1.619,0.000186541497613666,0.0021716771363979,0.471203007518797,"ABCB1_RBPJ/ABCB1_NMB/ABCB1_TNFSF4/FLT3LG_NR3C1/FLT3LG_CD200/GPR35_NMB/FLT3LG_RBPJ/ABCB1_CD200/CD40LG_IGFL2/GPR35_CD200/CD40LG_TNFSF4/ABCB1_TNFSF8/ABCB1_NR3C1/ABCB1_TOX2/FLT3LG_TOX2/ABCB1_PDE7B/ABCB1_IGFL2/KLRB1_IGFL2/HOPX_TNFSF4/DPP4_PDE7B/CAPG_TNFSF4/RORA_IGFL2/CAPG_NMB/ABCB1_GNG4/GPR35_IGFL2/ABCB1_TOX/FLT3LG_IGFL2/TNFSF13B_CD200/CAPG_CD200/DPP4_IGFL2/TPT1_CD200","FLT3LG_NR3C1/ABCB1_NR3C1/FLT3LG_TOX2/ABCB1_TOX2/ABCB1_TOX/FLT3LG_RBPJ/ABCB1_RBPJ/BHLHE40_IL21/MYBL1_IL21/IL4I1_TNFSF8/ABCB1_TNFSF8/HOPX_TNFSF4/CD40LG_TNFSF4/CAPG_TNFSF4/ABCB1_TNFSF4/IL4I1_CD40LG/MYBL1_CXCR5/ANXA1_IL6R/KLRB1_GNG4/ABCB1_GNG4/TNFSF13B_CD200/FLT3LG_CD200/GPR35_CD200/CAPG_CD200/ABCB1_CD200/TPT1_CD200/GPR35_NMB/CAPG_NMB/ABCB1_NMB/RORA_IGFL2/CD40LG_IGFL2/FLT3LG_IGFL2/GPR35_IGFL2/KLRB1_IGFL2/ABCB1_IGFL2/TPT1_IGFL2/DPP4_IGFL2/IL4I1_BTLA/ABCB1_PDE7B/DPP4_PDE7B/BHLHE40_ITM2A/VIM_ITM2A"
"248",135,135,"CD8+Tc17_CD8+KIR+EOMES+ NK-like","CD8+Tc17","CD8+KIR+EOMES+ NK-like",29,23,1.74,0.000213352730451529,0.00242319734457545,0.469851851851852,"IL17RE_LITAF/IL17RE_IKZF2/IL17RE_TNFSF9/CA2_CMC1/CD40LG_NR4A2/IL17RE_ZNF331/CD40LG_DUSP2/CA2_IKZF2/CA2_CD74/IL23R_IKZF2/IL17RE_IFNGR1/CA2_TYROBP/IL17RE_CD160/IL17RE_DUSP2/IL17RE_NR4A2/IL23R_ZNF331/ZBTB16_IFNGR1/IL17RE_CMC1/IL23R_NR4A2/CA2_TNFSF9/IL23R_IL2RB/CA2_IL2RB/CA2_IFNGR1","IL23R_IKZF2/IL17RE_IKZF2/CA2_IKZF2/CD40LG_NR4A2/IL23R_NR4A2/IL17RE_NR4A2/LTK_NR4A2/IL17RE_LITAF/IL23R_ZNF331/IL17RE_ZNF331/IL17RE_TNFSF9/CA2_TNFSF9/ZBTB16_IFNGR1/IL17RE_IFNGR1/CA2_IFNGR1/IL4I1_CXCR4/CA2_CD74/IL23R_IL2RB/CA2_IL2RB/IL17RE_CD160/IL17RE_TYROBP/CA2_TYROBP/IL4I1_KLRG1/IL17RE_CMC1/CA2_CMC1/CEBPD_GCSAM/ADAM12_GCSAM/CD40LG_DUSP2/IL17RE_DUSP2"
"418",136,135,"CD4+Temra_CD8+terminal Tex","CD4+Temra","CD8+terminal Tex",29,23,1.74,0.000213352730451529,0.00242319734457545,0.469851851851852,"FGFBP2_NAMPT/C1orf21_LAYN/GZMH_GZMB/CTSW_CD70/CX3CR1_CD70/C1orf21_CD70/C1orf21_ENTPD1/CX3CR1_TOX2/IL5RA_CSF1/HOPX_TNFSF4/C1orf21_RBPJ/CX3CR1_RBPJ/C1orf21_TNFSF4/C1orf21_TOX/C1orf21_TOX2/CX3CR1_TNFRSF9/IL5RA_TOX2/IL5RA_NAMPT/TBX21_CD70/CX3CR1_NAMPT/HOPX_NAMPT/TBX21_NAMPT/FGFBP2_CD70","CX3CR1_RBPJ/C1orf21_RBPJ/CX3CR1_TOX/C1orf21_TOX/CX3CR1_TOX2/IL5RA_TOX2/C1orf21_TOX2/HOPX_TNFSF4/C1orf21_TNFSF4/GZMH_GZMB/PRF1_GZMB/TBX21_CSF1/IL5RA_CSF1/TBX21_CD70/CX3CR1_CD70/FGFBP2_CD70/C1orf21_CD70/CTSW_CD70/HOPX_NAMPT/TBX21_NAMPT/CX3CR1_NAMPT/IL5RA_NAMPT/FGFBP2_NAMPT/CX3CR1_TNFRSF9/C1orf21_LAYN/GNLY_ENTPD1/C1orf21_ENTPD1/C1orf21_KRT86/GNLY_DUSP4"
"469",137,135,"CD8+Tn_CD8+TCF7+ Tex","CD8+Tn","CD8+TCF7+ Tex",29,23,1.74,0.000213352730451529,0.00242319734457545,0.469851851851852,"FLT3LG_NR3C1/FLT3LG_CD200/IL6R_NMB/IFNGR2_IGFL2/KLF2_IGFL2/TXK_IGFL2/IL6R_TNFRSF4/TNFSF8_NMB/LEF1_IGFL2/IFNGR2_CD200/TXK_NR3C1/IL6R_GNG4/IL6R_IGFL2/BACH2_IGFL2/FLT3LG_IGFBP4/CMTM8_IGFL2/NOSIP_NMB/FLT3LG_IGFL2/EEF1A1_IGFL2/IL6R_CD200/IL6R_IGFBP4/TCF7_TNFRSF4/TPT1_CD200","TXK_NR3C1/FLT3LG_NR3C1/NELL2_CXCL13/PABPC1_EBI3/PABPC1_CD40LG/PABPC1_IL6R/PABPC1_IFNAR2/FLT3LG_CD200/IL6R_CD200/IFNGR2_CD200/TPT1_CD200/IL6R_GNG4/TCF7_TNFRSF4/IL6R_TNFRSF4/LEF1_IGFL2/KLF2_IGFL2/TXK_IGFL2/BACH2_IGFL2/FLT3LG_IGFL2/CMTM8_IGFL2/IL6R_IGFL2/IFNGR2_IGFL2/EEF1A1_IGFL2/TPT1_IGFL2/TNFSF8_NMB/IL6R_NMB/NOSIP_NMB/FLT3LG_IGFBP4/IL6R_IGFBP4"
"1519",138,138,"CD4+ISG+ Treg_CD4+NME1+CCR4- T","CD4+ISG+ Treg","CD4+NME1+CCR4- T",49,35,1.567,0.000214359765097059,0.00242319734457545,0.459710144927536,"IL7_GPI/FOXP3_ENO1/TNFSF10_ENO1/IL7_ENO1/LTA_ENO1/TNFSF13B_ENO1/IFI6_ENO1/IL7_GAPDH/IFIT3_GAPDH/IFIT3_ENO1/IFI6_GPI/BATF_GAPDH/IFI6_TMSB10/IFI6_GAPDH/IL7_ACTG1/ETV7_ENO1/ETV7_GAPDH/IRF7_GAPDH/IFI6_IL2RA/HERC5_GAPDH/IL1RN_GAPDH/TNFSF10_GAPDH/RSAD2_ENO1/MX1_IL2RA/OAS1_GAPDH/LTA_GPI/USP18_IL2RA/ETV7_HMGA1/MX1_ENO1/IFIT1_GPI/BATF_ENO1/IL1RN_PKM/IL1RN_SUB1/IRF7_ENO1/HERC5_ENO1","FOXP3_ENO1/IRF7_ENO1/ETV7_ENO1/BATF_ENO1/LTA_ENO1/TNFSF10_ENO1/IL7_ENO1/TNFSF13B_ENO1/CD74_ENO1/IFIT1_ENO1/MX1_ENO1/IFI6_ENO1/RSAD2_ENO1/IFIT3_ENO1/HERC5_ENO1/ETV7_HMGA1/MX1_HMGA1/IL1RN_SUB1/FOXP3_MEOX1/IL32_MEOX1/LTA_MEOX1/CSF1_MEOX1/NAMPT_MEOX1/CD70_MEOX1/IL2RB_MEOX1/LTA_GPI/IL7_GPI/IFIT1_GPI/IFI6_GPI/NAMPT_HMGB1/CSF1_EBI3/CD70_EBI3/CD74_EBI3/MX1_IL2RA/USP18_IL2RA/IFI6_IL2RA/IL7_ACTG1/IRF7_GAPDH/ETV7_GAPDH/BATF_GAPDH/TNFSF10_GAPDH/IL1RN_GAPDH/IL7_GAPDH/OAS1_GAPDH/IFI6_GAPDH/IFIT3_GAPDH/HERC5_GAPDH/IL1RN_PKM/IFI6_TMSB10"
"1218",139,139,"CD8+ZNF683+CXCR6+ Trm_CD4+IL21+ Tfh","CD8+ZNF683+CXCR6+ Trm","CD4+IL21+ Tfh",34,26,1.678,0.000238878867310512,0.00268094268348488,0.464388489208633,"ID2_NR3C1/ID2_RBPJ/ID2_CD200/LDLRAD4_NR3C1/CXCR3_CD200/CXCR3_NR3C1/ID2_IGFL2/ITGA1_IGFL2/HOPX_TNFSF4/CAPG_TNFSF4/CD52_IGFL2/LDLRAD4_IGFL2/LDLRAD4_NMB/ID2_TOX2/CXCR3_NMB/CAPG_NMB/ACTB_IGFL2/CD52_NMB/LDLRAD4_CD200/CXCR3_GNG4/CXCR3_IGFL2/XCL1_IGFL2/CAPG_CD200/LDLRAD4_GNG4/TMSB4X_IGFL2/ID2_NMB","ID2_NR3C1/CXCR6_NR3C1/CXCR3_NR3C1/LDLRAD4_NR3C1/ID2_TOX2/ID2_RBPJ/HOPX_TNFSF4/CAPG_TNFSF4/ZNF683_CD40LG/GZMB_CD40LG/IL32_CXCR5/CXCR3_GNG4/LDLRAD4_GNG4/ID2_CD200/CXCR3_CD200/CAPG_CD200/TMSB4X_CD200/LDLRAD4_CD200/ID2_NMB/CXCR3_NMB/CAPG_NMB/CD52_NMB/LDLRAD4_NMB/ID2_IGFL2/XCL1_IGFL2/GZMA_IGFL2/CXCR3_IGFL2/TMSB4X_IGFL2/ACTB_IGFL2/CD52_IGFL2/ITGA1_IGFL2/LDLRAD4_IGFL2/RBPJ_CPM/RBPJ_ITM2A"
"690",140,140,"CD4+GZMK+ Tem_CD4+CXCR5+ pre-Tfh","CD4+GZMK+ Tem","CD4+CXCR5+ pre-Tfh",39,29,1.631,0.000243092227211725,0.00270874196035922,0.461642857142857,"CXCR3_AREG/F2R_AREG/LITAF_AREG/ITM2C_SLC2A3/ENC1_SLC2A3/CXCR3_SLC2A3/CCR5_SLC2A3/NFATC2_PABPC1/ENC1_AREG/LITAF_SLC2A3/ENC1_NR4A2/IFNG_SLC2A3/CXCR3_NR3C1/ITM2C_AREG/FASLG_SLC2A3/NFATC2_SLC2A3/AOAH_SLC2A3/NFATC2_NR4A2/ENC1_PABPC1/GZMA_SLC2A3/CRTAM_SLC2A3/CCL5_SLC2A3/CD74_AREG/FASLG_AREG/CXCR3_PABPC1/F2R_SLC2A3/CD4_SLC2A3/NR4A2_SLC2A3/SLAMF7_SLC2A3","CXCR3_NR3C1/F2R_NR3C1/NFATC2_NR4A2/CXCR3_NR4A2/ENC1_NR4A2/NR4A2_TSHZ2/RUNX3_TNFSF8/NR4A2_TNFSF8/LITAF_AREG/IFNG_AREG/FASLG_AREG/CD74_AREG/CXCR3_AREG/ENC1_AREG/ITM2C_AREG/F2R_AREG/NR4A2_CD40LG/CCL4_CCR4/CST7_CCR4/NR4A2_SESN3/LITAF_SLC2A3/NFATC2_SLC2A3/NR4A2_SLC2A3/GZMA_SLC2A3/CCL5_SLC2A3/IFNG_SLC2A3/FASLG_SLC2A3/CCR5_SLC2A3/CXCR3_SLC2A3/CD4_SLC2A3/CRTAM_SLC2A3/ENC1_SLC2A3/ITM2C_SLC2A3/SLAMF7_SLC2A3/AOAH_SLC2A3/F2R_SLC2A3/NFATC2_PABPC1/CXCR3_PABPC1/ENC1_PABPC1"
"603",141,141,"CD4+ADSL+ Tn_CD8+NME1+ T","CD4+ADSL+ Tn","CD8+NME1+ T",26,21,1.772,0.000256264622395946,0.00283526816267856,0.467021276595745,"NOSIP_ENO1/COTL1_ENO1/IL6R_GAPDH/IL6ST_GAPDH/GIMAP4_ENO1/TCF7_GPI/COTL1_GAPDH/ANKRD55_ENO1/TCF7_GAPDH/NOSIP_GAPDH/COTL1_KIF20A/IL6R_ENO1/TXK_ENO1/TXK_GAPDH/IL6R_GPI/IL6ST_ENO1/ANKRD55_GAPDH/ANKRD55_GPI/LEF1_GAPDH/CMTM8_ENO1/GIMAP4_GAPDH","TXK_ENO1/CMTM8_ENO1/IL6R_ENO1/IL6ST_ENO1/GIMAP4_ENO1/ANKRD55_ENO1/NOSIP_ENO1/COTL1_ENO1/PASK_MYB/NOSIP_MYB/TCF7_GPI/IL6R_GPI/ANKRD55_GPI/NOSIP_GPI/COTL1_CD74/TCF7_GAPDH/LEF1_GAPDH/TXK_GAPDH/IL6R_GAPDH/IL6ST_GAPDH/GIMAP4_GAPDH/ANKRD55_GAPDH/NOSIP_GAPDH/COTL1_GAPDH/DGKA_GAPDH/COTL1_KIF20A"
"838",142,142,"CD4+ADSL+ Tn_CD4+AREG+ Tm","CD4+ADSL+ Tn","CD4+AREG+ Tm",14,13,2.037,0.000292894175568046,0.00321771066117009,0.482464788732394,"TXK_AREG/IL6R_AREG/DGKA_AREG/LDHB_AREG/IL6R_PABPC1/IL6ST_AREG/LIMS2_AREG/NOSIP_AREG/ANKRD55_AREG/KLF2_ANXA1/MYC_AREG/IL6R_ANXA1/SELL_AREG","LEF1_KLF3/TXK_AREG/MYC_AREG/IL6R_AREG/IL6ST_AREG/SELL_AREG/LDHB_AREG/LIMS2_AREG/ANKRD55_AREG/NOSIP_AREG/DGKA_AREG/KLF2_ANXA1/IL6R_ANXA1/IL6R_PABPC1"
"403",143,143,"CD8+ISG+ CD8+ T_CD8+terminal Tex","CD8+ISG+ CD8+ T","CD8+terminal Tex",23,19,1.812,0.000298037201338734,0.00322873634783628,0.487132867132867,"CMPK2_HAVCR2/IFI6_IL2RA/SP100_RBPJ/IFIT3_GZMB/MX1_NAMPT/MX1_HAVCR2/MX1_IL2RA/IFI6_RBPJ/IFI44L_GZMB/MX1_TOX2/TNFSF10_NAMPT/MX1_GZMB/OAS1_HAVCR2/IFIT1_GZMB/IFI6_NAMPT/SP100_TOX2/OAS1_NAMPT/IFI6_HAVCR2/TNFSF10_RBPJ","SP100_RBPJ/TNFSF10_RBPJ/MX1_RBPJ/IFI6_RBPJ/SP100_TOX2/MX1_TOX2/IFIT1_GZMB/IFIT3_GZMB/IFI44L_GZMB/MX1_GZMB/OAS1_GZMB/OAS3_GZMB/OAS1_CD70/TNFSF10_NAMPT/MX1_NAMPT/IFI6_NAMPT/OAS1_NAMPT/MX1_IL2RA/IFI6_IL2RA/MX1_HAVCR2/IFI6_HAVCR2/OAS1_HAVCR2/CMPK2_HAVCR2"
"667",144,143,"CD8+GZMK+ early Tem_CD4+CXCR5+ pre-Tfh","CD8+GZMK+ early Tem","CD4+CXCR5+ pre-Tfh",23,19,1.812,0.000298037201338734,0.00322873634783628,0.487132867132867,"TRAT1_SLC2A3/CXCR5_AREG/ENC1_SLC2A3/PIK3R1_SLC2A3/PIK3R1_PABPC1/DUSP2_SLC2A3/ENC1_AREG/DKK3_AREG/DKK3_SLC2A3/SH2D1A_SLC2A3/ENC1_NR4A2/PIK3R1_NR3C1/ENC1_PABPC1/PIK3R1_NR4A2/CRTAM_SLC2A3/TRAT1_AREG/CD74_AREG/SH2D1A_AREG/DKK3_NR4A2","CXCR5_NR3C1/PIK3R1_NR3C1/DKK3_NR4A2/ENC1_NR4A2/PIK3R1_NR4A2/CD74_AREG/CXCR5_AREG/DKK3_AREG/SH2D1A_AREG/ENC1_AREG/TRAT1_AREG/DUSP2_CD40LG/CST7_CCR4/CXCR5_SLC2A3/DUSP2_SLC2A3/DKK3_SLC2A3/SH2D1A_SLC2A3/ENC1_SLC2A3/TRAT1_SLC2A3/PIK3R1_SLC2A3/CRTAM_SLC2A3/ENC1_PABPC1/PIK3R1_PABPC1"
"1236",145,145,"CD4+CAPG+CREM- Tm_CD4+IL21+ Tfh","CD4+CAPG+CREM- Tm","CD4+IL21+ Tfh",36,27,1.645,0.000315319967178452,0.00339240792274749,0.484551724137931,"ID2_NR3C1/ID2_RBPJ/ID2_CD200/GPR35_NMB/CXCR3_CD200/CD40LG_IGFL2/CXCR3_NR3C1/GPR35_CD200/CD40LG_TNFSF4/ID2_IGFL2/HOPX_TNFSF4/CAPG_TNFSF4/CD52_IGFL2/IFNG_IGFL2/CD99_TNFSF4/ID2_TOX2/CXCR3_NMB/CD99_IGFL2/CAPG_NMB/CD52_NMB/GPR35_IGFL2/CXCR3_GNG4/CXCR3_IGFL2/XCL1_IGFL2/CAPG_CD200/TMSB4X_IGFL2/ID2_NMB","ID2_NR3C1/CXCR3_NR3C1/CXCR6_NR3C1/ID2_TOX2/ID2_RBPJ/BHLHE40_IL21/HOPX_TNFSF4/CD40LG_TNFSF4/CAPG_TNFSF4/CD99_TNFSF4/ZNF683_CD40LG/GZMB_CD40LG/ANXA1_IL6R/CXCR3_GNG4/ID2_CD200/CXCR3_CD200/GPR35_CD200/CAPG_CD200/TMSB4X_CD200/ID2_NMB/CXCR3_NMB/GPR35_NMB/CAPG_NMB/CD52_NMB/ID2_IGFL2/GZMA_IGFL2/IFNG_IGFL2/XCL1_IGFL2/CD40LG_IGFL2/CXCR3_IGFL2/GPR35_IGFL2/CD52_IGFL2/CD99_IGFL2/TMSB4X_IGFL2/BHLHE40_ITM2A/IL18RAP_ITM2A"
"1087",146,146,"CD4+S1PR1+ Treg_CD4+GZMK+ Tem","CD4+S1PR1+ Treg","CD4+GZMK+ Tem",20,17,1.865,0.000329836820065252,0.00349506745428978,0.497739726027397,"KLF3_LITAF/PI16_CCL4/HPGD_NR4A2/PI16_NR4A2/HPGD_CCL3/SAMHD1_CST7/HPGD_TNFSF9/HPGD_RUNX3/CCR4_CST7/PI16_ITM2C/HPGD_CCL4/HPGD_FASLG/CCDC141_CST7/CCDC141_CCL4/HPGD_CCL5/CCR4_CCL4/KLF3_NR4A2","KLF3_LITAF/IL32_NFATC2/HPGD_RUNX3/KLF3_NR4A2/HPGD_NR4A2/PI16_NR4A2/CCR4_CCL4/CCDC141_CCL4/HPGD_CCL4/PI16_CCL4/HPGD_CCL5/HPGD_TNFSF9/HPGD_FASLG/KLF3_CCL3/HPGD_CCL3/CCR4_CST7/SAMHD1_CST7/CCDC141_CST7/IKZF2_ENC1/PI16_ITM2C"
"1458",147,146,"CD8+Tc17_CD4+ISG+ Th","CD8+Tc17","CD4+ISG+ Th",20,17,1.865,0.000329836820065252,0.00349506745428978,0.497739726027397,"IL17RE_IFI16/CA2_IFI16/IL23R_IFI16/ZBTB16_PLSCR1/CA2_IFIT2/CD40LG_IFI16/TMIGD2_IFI16/CA2_IRF7/CA2_PLSCR1/ZBTB16_ISG15/CA2_RSAD2/CA2_TNFSF10/CA2_SP100/CA2_TNFSF13B/CA2_STAT1/CA2_MX2/ZBTB16_IFI16","ZBTB16_PLSCR1/CA2_PLSCR1/CA2_IRF7/CA2_STAT1/CA2_SP100/ZBTB16_IFI16/CD40LG_IFI16/FLT3LG_IFI16/IL23R_IFI16/IL17RE_IFI16/TMIGD2_IFI16/CA2_IFI16/CA2_TNFSF10/ADAM12_TNFSF10/CA2_TNFSF13B/CA2_RSAD2/ZBTB16_ISG15/IL4I1_MX2/CA2_MX2/CA2_IFIT2"
"47",148,148,"CD8+ZNF683+CXCR6+ Trm_CD8+IL7R+ Tm","CD8+ZNF683+CXCR6+ Trm","CD8+IL7R+ Tm",17,15,1.936,0.000336064178297094,0.00349506745428978,0.498175675675676,"LDLRAD4_TNFAIP3/LDLRAD4_GPR183/CXCR3_TNFAIP3/ID2_GPR183/TMSB4X_ANXA1/LDLRAD4_RGCC/CXCR3_RGCC/LGALS3_RGCC/LGALS3_FTH1/ZFP36L2_PABPC1/CXCR6_TNFAIP3/HOPX_RGCC/ID2_ANXA1/CXCR3_PABPC1/ZFP36L2_TNFAIP3","ID2_ANXA1/TMSB4X_ANXA1/ID2_TNFAIP3/ZFP36L2_TNFAIP3/CXCR6_TNFAIP3/CXCR3_TNFAIP3/LDLRAD4_TNFAIP3/LGALS3_FTH1/HOPX_RGCC/CXCR3_RGCC/LGALS3_RGCC/ITGA1_RGCC/LDLRAD4_RGCC/ID2_GPR183/LDLRAD4_GPR183/ZFP36L2_PABPC1/CXCR3_PABPC1"
"295",149,148,"CD4+TIMP1+ Tm_CD8+KIR+TXK+ NK-like","CD4+TIMP1+ Tm","CD8+KIR+TXK+ NK-like",17,15,1.936,0.000336064178297094,0.00349506745428978,0.498175675675676,"S100A6_AREG/CD40LG_AREG/TIMP1_AREG/LMO4_FOSL2/S100A11_AREG/CAPG_AREG/LMO4_LAT2/CD52_AREG/LMO4_AREG/S100A10_AREG/FLT3LG_AREG/HOPX_FOSL2/HOPX_AREG/LMO4_TYROBP/S100A10_REL","HOPX_FOSL2/LMO4_FOSL2/S100A10_REL/HOPX_AREG/LMO4_AREG/TIMP1_AREG/FLT3LG_AREG/CD40LG_AREG/S100A11_AREG/S100A10_AREG/CD52_AREG/S100A6_AREG/CAPG_AREG/LMO4_TYROBP/LMO4_LAT2/ANXA1_B3GNT7/VIM_B3GNT7"
"463",150,148,"CD4+S1PR1+ Treg_CD8+OXPHOS- Tex","CD4+S1PR1+ Treg","CD8+OXPHOS- Tex",17,15,1.936,0.000336064178297094,0.00349506745428978,0.498175675675676,"KLF2_PHLDA1/PI16_FAM3C/PI16_PHLDA1/HPGD_CCL3/HPGD_PHLDA1/KLF3_PRDM1/KLF3_ETV1/HPGD_TNFRSF18/PI16_PRDM1/FLT3LG_CSF1/FLT3LG_PRDM1/KLF3_CSF1/HPGD_HAVCR2/HPGD_CSF1/FLT3LG_TNFRSF9","KLF3_ETV1/KLF3_PRDM1/FLT3LG_PRDM1/PI16_PRDM1/KLF3_CSF1/FLT3LG_CSF1/HPGD_CSF1/KLF3_CCL3/HPGD_CCL3/KLF3_FAM3C/PI16_FAM3C/HPGD_HAVCR2/FLT3LG_TNFRSF9/HPGD_TNFRSF18/KLF2_PHLDA1/HPGD_PHLDA1/PI16_PHLDA1"
"670",151,151,"CD8+KIR+EOMES+ NK-like_CD4+CXCR5+ pre-Tfh","CD8+KIR+EOMES+ NK-like","CD4+CXCR5+ pre-Tfh",28,22,1.724,0.00037609889129756,0.00385996230542233,0.496490066225166,"GCSAM_AREG/IKZF2_AREG/LITAF_AREG/XCL1_AREG/ZNF331_SLC2A3/CD160_AREG/IFNGR1_AREG/DUSP2_SLC2A3/LITAF_SLC2A3/XCL1_SLC2A3/ZNF331_AREG/TYROBP_SLC2A3/KLRG1_SLC2A3/IL2RB_SLC2A3/GCSAM_SLC2A3/KLRD1_SLC2A3/TYROBP_AREG/CD74_AREG/IKZF2_SLC2A3/GCSAM_SH3TC1/IL2RB_AREG/NR4A2_SLC2A3","NR4A2_TSHZ2/NR4A2_TNFSF8/IKZF2_AREG/LITAF_AREG/ZNF331_AREG/XCL2_AREG/XCL1_AREG/IFNGR1_AREG/CD74_AREG/IL2RB_AREG/CD160_AREG/TYROBP_AREG/GCSAM_AREG/NR4A2_CD40LG/DUSP2_CD40LG/NR4A2_SESN3/IKZF2_SLC2A3/NR4A2_SLC2A3/LITAF_SLC2A3/ZNF331_SLC2A3/XCL1_SLC2A3/IL2RB_SLC2A3/TYROBP_SLC2A3/KLRD1_SLC2A3/KLRG1_SLC2A3/GCSAM_SLC2A3/DUSP2_SLC2A3/GCSAM_SH3TC1"
"904",152,151,"CD8+KIR+EOMES+ NK-like_CD4+CREM+ Tm","CD8+KIR+EOMES+ NK-like","CD4+CREM+ Tm",28,22,1.724,0.00037609889129756,0.00385996230542233,0.496490066225166,"GCSAM_AREG/IKZF2_AREG/GCSAM_CREM/GCSAM_FTH1/LITAF_AREG/XCL1_AREG/CD160_AREG/IFNGR1_AREG/KLRG1_CREM/GZMM_TNFAIP3/GCSAM_ANXA1/ZNF331_AREG/GCSAM_SRGN/GCSAM_YPEL5/CMC1_TNFAIP3/TYROBP_AREG/KLRG1_SRGN/CD74_AREG/IKZF2_TNFAIP3/GZMK_TNFAIP3/IL2RB_AREG/GZMM_SRGN","KLRG1_CREM/GCSAM_CREM/NR4A2_ZFP36L2/IKZF2_AREG/LITAF_AREG/ZNF331_AREG/XCL2_AREG/XCL1_AREG/IFNGR1_AREG/CD74_AREG/IL2RB_AREG/CD160_AREG/TYROBP_AREG/GCSAM_AREG/NR4A2_GPR35/GCSAM_FTH1/GZMM_SRGN/KLRG1_SRGN/GCSAM_SRGN/IKZF2_TNFAIP3/GZMK_TNFAIP3/GZMM_TNFAIP3/KLRG1_TNFAIP3/CMC1_TNFAIP3/GCSAM_YPEL5/ZNF331_LMNA/GCSAM_ANXA1/DUSP2_PTGER4"
"397",153,153,"CD8+KIR+EOMES+ NK-like_CD8+terminal Tex","CD8+KIR+EOMES+ NK-like","CD8+terminal Tex",10,10,2.194,0.000384496976415405,0.00389490443641579,0.495294117647059,"GCSAM_CSF1/KLRG1_TIGIT/GCSAM_RBPJ/GCSAM_KRT86/GCSAM_TNFSF4/GCSAM_CD70/KLRG1_NAMPT/GCSAM_FAM3C/GCSAM_GEM/GCSAM_NAMPT","GCSAM_RBPJ/GCSAM_TNFSF4/GCSAM_FAM3C/GCSAM_CSF1/GCSAM_CD70/KLRG1_NAMPT/GCSAM_NAMPT/GCSAM_KRT86/GCSAM_GEM/KLRG1_TIGIT"
"422",154,153,"CD4+IFNG+ Tfh/Th1_CD8+terminal Tex","CD4+IFNG+ Tfh/Th1","CD8+terminal Tex",10,10,2.194,0.000384496976415405,0.00389490443641579,0.495294117647059,"ID2_RBPJ/ID2_NAMPT/ID2_HAVCR2/MYO7A_CD70/ID2_TOX2/CXCR6_CD70/ID2_TNFRSF9/KRT86_CD70/CXCR6_TNFRSF9/IL21_NAMPT","ID2_RBPJ/ID2_TOX2/CXCR6_CD70/KRT86_CD70/MYO7A_CD70/ID2_NAMPT/IL21_NAMPT/ID2_TNFRSF9/CXCR6_TNFRSF9/ID2_HAVCR2"
"1508",155,155,"CD4+CAPG+ Tm_CD4+NME1+CCR4- T","CD4+CAPG+ Tm","CD4+NME1+CCR4- T",38,28,1.616,0.000402598516236665,0.00401381825519872,0.495161290322581,"COTL1_ENO1/CD40LG_ENO1/ID2_GAPDH/IL2RG_ENO1/CXCR6_GAPDH/CXCR6_ENO1/CAPG_GAPDH/CAPG_ENO1/PFN1_GAPDH/ID2_SUB1/CD40LG_GPI/CXCR3_GAPDH/COTL1_GAPDH/ID2_ENO1/TMSB4X_GAPDH/PFN1_ENO1/TMSB4X_ENO1/ID2_GPI/HMGB1_GAPDH/S100A11_PKM/IL2RG_GAPDH/HMGB1_ENO1/CXCR3_GPI/CAPG_TMSB10/ACTB_ENO1/ACTB_GAPDH/CXCR3_ENO1/TGFB1_ENO1","ID2_ENO1/TGFB1_ENO1/CD40LG_ENO1/HMGB1_ENO1/CXCR3_ENO1/CD74_ENO1/IL2RG_ENO1/CXCR6_ENO1/TMSB4X_ENO1/ACTB_ENO1/CAPG_ENO1/PFN1_ENO1/COTL1_ENO1/ID2_SUB1/BHLHE40_MEOX1/RBPJ_MEOX1/GZMA_MEOX1/IL32_MEOX1/TGFB1_MEOX1/ID2_GPI/CD40LG_GPI/CXCR3_GPI/RBPJ_HMGB1/TGFB1_EBI3/CD74_EBI3/ID2_GAPDH/HMGB1_GAPDH/CXCR3_GAPDH/IL2RG_GAPDH/CXCR6_GAPDH/SH3BGRL3_GAPDH/TMSB4X_GAPDH/ACTB_GAPDH/CAPG_GAPDH/PFN1_GAPDH/COTL1_GAPDH/S100A11_PKM/CAPG_TMSB10"
"493",156,156,"CD4+CAPG+ Tm_CD8+TCF7+ Tex","CD4+CAPG+ Tm","CD8+TCF7+ Tex",33,25,1.662,0.000406527746359871,0.00401381825519872,0.492179487179487,"ID2_NR3C1/ID2_CD200/HMGB1_NMB/CXCR3_CD200/COTL1_TNFRSF4/CD40LG_IGFL2/CXCR3_NR3C1/ID2_IGFL2/COTL1_IGFBP4/S100A11_CD200/CD52_IGFL2/CD40LG_TNFRSF4/CXCR3_NMB/PFN1_NMB/CAPG_NMB/ACTB_IGFL2/CD52_NMB/CXCR6_TNFRSF4/CXCR3_GNG4/CXCR3_IGFL2/CXCR3_TNFRSF4/CAPG_CD200/TMSB4X_IGFL2/ID2_NMB/COTL1_NR3C1","ID2_NR3C1/CXCR3_NR3C1/CXCR6_NR3C1/COTL1_NR3C1/TGFB1_EBI3/CD74_EBI3/TGFB1_CD40LG/BHLHE40_IFNAR2/ID2_CD200/CXCR3_CD200/TMSB4X_CD200/CAPG_CD200/S100A11_CD200/CXCR3_GNG4/CD40LG_TNFRSF4/CXCR3_TNFRSF4/CXCR6_TNFRSF4/COTL1_TNFRSF4/ID2_IGFL2/GZMA_IGFL2/CD40LG_IGFL2/CXCR3_IGFL2/TMSB4X_IGFL2/ACTB_IGFL2/CD52_IGFL2/RBPJ_CPM/ID2_NMB/HMGB1_NMB/CXCR3_NMB/CAPG_NMB/CD52_NMB/PFN1_NMB/COTL1_IGFBP4"
"494",157,156,"CD4+CAPG+CREM- Tm_CD8+TCF7+ Tex","CD4+CAPG+CREM- Tm","CD8+TCF7+ Tex",33,25,1.662,0.000406527746359871,0.00401381825519872,0.492179487179487,"ID2_NR3C1/ID2_CD200/GPR35_NMB/CXCR3_CD200/CD40LG_IGFL2/CXCR3_NR3C1/GPR35_CD200/ID2_IGFL2/CD52_IGFL2/IFNG_IGFL2/CD40LG_TNFRSF4/CXCR3_NMB/CD99_IGFL2/CAPG_NMB/CD52_NMB/CXCR6_TNFRSF4/GPR35_TNFRSF4/GPR35_IGFL2/CXCR3_GNG4/CXCR3_IGFL2/XCL1_IGFL2/CXCR3_TNFRSF4/CAPG_CD200/TMSB4X_IGFL2/ID2_NMB","ID2_NR3C1/CXCR3_NR3C1/CXCR6_NR3C1/ZNF683_CD40LG/GZMB_CD40LG/ANXA1_IL6R/BHLHE40_IFNAR2/CCL4_CCR4/ID2_CD200/CXCR3_CD200/GPR35_CD200/CAPG_CD200/TMSB4X_CD200/CXCR3_GNG4/CD40LG_TNFRSF4/CXCR3_TNFRSF4/CXCR6_TNFRSF4/GPR35_TNFRSF4/ID2_IGFL2/GZMA_IGFL2/IFNG_IGFL2/XCL1_IGFL2/CD40LG_IGFL2/CXCR3_IGFL2/GPR35_IGFL2/CD52_IGFL2/CD99_IGFL2/TMSB4X_IGFL2/ID2_NMB/CXCR3_NMB/GPR35_NMB/CAPG_NMB/CD52_NMB"
"497",158,156,"CD4+CCR6+ Th17_CD8+TCF7+ Tex","CD4+CCR6+ Th17","CD8+TCF7+ Tex",33,25,1.662,0.000406527746359871,0.00401381825519872,0.492179487179487,"ABCB1_NMB/FLT3LG_NR3C1/FLT3LG_CD200/GPR35_NMB/ABCB1_CD200/CD40LG_IGFL2/GPR35_CD200/ABCB1_TNFSF8/ABCB1_NR3C1/ABCB1_IGFL2/KLRB1_IGFL2/KLRB1_TNFRSF4/RORA_IGFL2/CD40LG_TNFRSF4/CAPG_NMB/FLT3LG_IGFBP4/ABCB1_GNG4/GPR35_TNFRSF4/GPR35_IGFL2/ABCB1_TOX/FLT3LG_IGFL2/TNFSF13B_CD200/CAPG_CD200/DPP4_IGFL2/TPT1_CD200","FLT3LG_NR3C1/ABCB1_NR3C1/ABCB1_TOX/MYBL1_EBI3/IL4I1_TNFSF8/ABCB1_TNFSF8/IL4I1_CD40LG/ANXA1_IL6R/BHLHE40_IFNAR2/TNFSF13B_CD200/FLT3LG_CD200/GPR35_CD200/CAPG_CD200/ABCB1_CD200/TPT1_CD200/KLRB1_GNG4/ABCB1_GNG4/CD40LG_TNFRSF4/GPR35_TNFRSF4/KLRB1_TNFRSF4/RORA_IGFL2/CD40LG_IGFL2/FLT3LG_IGFL2/GPR35_IGFL2/KLRB1_IGFL2/ABCB1_IGFL2/TPT1_IGFL2/DPP4_IGFL2/GPR35_NMB/CAPG_NMB/ABCB1_NMB/IL4I1_BTLA/FLT3LG_IGFBP4"
"1302",159,159,"CD8+Tc17_CD4+TNFRSF9- Treg","CD8+Tc17","CD4+TNFRSF9- Treg",25,20,1.755,0.000459822215087542,0.00448326659710354,0.493522012578616,"IL17RE_IKZF2/IL17RE_ARID5B/CA2_STAM/IL17RE_IKZF4/IL17RE_RTKN2/FLT3LG_ARID5B/FLT3LG_STAM/IL23R_ARID5B/CA2_IKZF2/IL23R_IKZF2/CA2_IKZF4/CA2_VAV3/ZBTB16_CEACAM4/CA2_FOXP3/CA2_TIGIT/CA2_ARID5B/LTK_ARID5B/CA2_TBC1D4/ZBTB16_FOXP3/ZBTB16_ARID5B","ZBTB16_FOXP3/IL4I1_FOXP3/CA2_FOXP3/IL23R_IKZF2/IL17RE_IKZF2/CA2_IKZF2/ZBTB16_ARID5B/FLT3LG_ARID5B/IL23R_ARID5B/IL17RE_ARID5B/LTK_ARID5B/CA2_ARID5B/IL17RE_IKZF4/CA2_IKZF4/IL17RE_RTKN2/CA2_TIGIT/CA2_TBC1D4/IL4I1_FCRL3/ZBTB16_CEACAM4/IL4I1_SELL/CEBPD_VAV3/CA2_VAV3/FLT3LG_STAM/IL17RE_STAM/CA2_STAM"
"1402",160,159,"CD4+ISG+ Th_CD4+TNFRSF9+ Treg","CD4+ISG+ Th","CD4+TNFRSF9+ Treg",25,20,1.755,0.000459822215087542,0.00448326659710354,0.493522012578616,"IFIT3_PMAIP1/IFIT2_PMAIP1/IFIT1_PMAIP1/MX2_PMAIP1/SP100_TNFRSF4/MX1_PMAIP1/TNFSF13B_NAMPT/CMPK2_PMAIP1/IFI6_IL2RA/SP100_PMAIP1/MX1_NAMPT/MX1_IL2RA/TNFSF10_NAMPT/TNFSF10_PMAIP1/IFI6_TNFRSF4/IFI6_NAMPT/IFI16_PMAIP1/TNFSF13B_PMAIP1/IFIT1_TNFRSF4/IFIT3_TNFRSF4","IFI16_ZBTB32/TNFSF10_NAMPT/TNFSF13B_NAMPT/MX1_NAMPT/IFI6_NAMPT/IFI16_IL7/MX1_IL2RA/IFI6_IL2RA/SP100_TNFRSF4/IFIT3_TNFRSF4/IFIT1_TNFRSF4/IFI6_TNFRSF4/CMPK2_TNFRSF4/IFI16_CARD16/IRF7_PMAIP1/SP100_PMAIP1/IFI16_PMAIP1/TNFSF10_PMAIP1/TNFSF13B_PMAIP1/IFIT3_PMAIP1/IFIT1_PMAIP1/MX1_PMAIP1/MX2_PMAIP1/IFIT2_PMAIP1/CMPK2_PMAIP1"
"684",161,161,"CD4+AREG+ Tm_CD4+CXCR5+ pre-Tfh","CD4+AREG+ Tm","CD4+CXCR5+ pre-Tfh",40,29,1.59,0.000500059746525064,0.00484529940732361,0.489006211180124,"KLF3_AREG/TCF7_SLC2A3/PTGER2_SLC2A3/CD40LG_NR4A2/CD40LG_SLC2A3/CD40LG_AREG/KLF3_SLC2A3/PLAC8_AREG/KLF2_SLC2A3/PLAC8_SLC2A3/EEF1B2_SLC2A3/PTGER2_NR3C1/S1PR1_SLC2A3/TPT1_SLC2A3/ZFP36L2_SLC2A3/KLF3_NR3C1/TPT1_AREG/PTGER2_PABPC1/S1PR1_NR4A2/ZFP36L2_AREG/KLF3_LEF1/ZFP36L2_PABPC1/IL7R_SLC2A3/EEF1A1_SLC2A3/ZFP36L2_NR4A2/ZFP36L2_SH3TC1/GPR183_SLC2A3/CD40LG_PABPC1/KLF3_NR4A2","KLF3_NR3C1/PTGER2_NR3C1/ZFP36L2_NR4A2/KLF3_NR4A2/CD40LG_NR4A2/S1PR1_NR4A2/KLF3_LEF1/AREG_TNFSF8/ZFP36L2_AREG/KLF3_AREG/CD40LG_AREG/EEF1A1_AREG/TPT1_AREG/PLAC8_AREG/AREG_CD40LG/PABPC1_CD40LG/AREG_CXCR5/AREG_IL6ST/AREG_FAAH2/PABPC1_FAAH2/AREG_SESN3/ZFP36L2_SLC2A3/KLF2_SLC2A3/KLF3_SLC2A3/TCF7_SLC2A3/CD40LG_SLC2A3/IL7R_SLC2A3/EEF1A1_SLC2A3/TPT1_SLC2A3/GPR183_SLC2A3/EEF1B2_SLC2A3/S1PR1_SLC2A3/PTGER2_SLC2A3/PLAC8_SLC2A3/AREG_FAM177A1/ZFP36L2_SH3TC1/AREG_SH3TC1/ZFP36L2_PABPC1/CD40LG_PABPC1/PTGER2_PABPC1"
"387",162,162,"CD4+ISG+ Treg_CD8+GZMK+ Tex","CD4+ISG+ Treg","CD8+GZMK+ Tex",30,23,1.682,0.000519857723857532,0.00494498810498627,0.494691358024691,"IL7_TSC22D1/IL7_PRDM1/ETV7_NAMPT/BATF_TRPS1/TNFSF13B_HAVCR2/IL1RN_NAMPT/IL1RN_HAVCR2/MX1_TSC22D1/TNFSF13B_NAMPT/IL1RN_TNFSF4/IL7_NAMPT/IL7_HAVCR2/MX1_NAMPT/MX1_HAVCR2/BATF_TSC22D1/ETV7_CD74/TNFSF10_NAMPT/OAS1_HAVCR2/IFI6_NAMPT/ETV7_HAVCR2/OAS1_NAMPT/IFI6_HAVCR2/IL7_TRPS1","BATF_TSC22D1/IL7_TSC22D1/MX1_TSC22D1/IL7_PRDM1/OAS1_PRDM1/BATF_TRPS1/IL7_TRPS1/IL7_CCL3/IFI6_CCL3L3/IL1RN_TNFSF4/ETV7_NAMPT/BATF_NAMPT/TNFSF10_NAMPT/IL1RN_NAMPT/IL7_NAMPT/TNFSF13B_NAMPT/OAS1_NAMPT/MX1_NAMPT/IFI6_NAMPT/ETV7_CD74/CD70_CXCR6/ETV7_HAVCR2/IL1RN_HAVCR2/IL7_HAVCR2/TNFSF13B_HAVCR2/OAS1_HAVCR2/MX1_HAVCR2/IFI6_HAVCR2/CD70_CD27/NAMPT_LYST"
"586",163,162,"CD8+Tn_CD8+NME1+ T","CD8+Tn","CD8+NME1+ T",30,23,1.682,0.000519857723857532,0.00494498810498627,0.494691358024691,"NOSIP_ENO1/FLT3LG_ENO1/IFNGR2_GAPDH/EEF1A1_ENO1/IL6R_GAPDH/TPT1_GAPDH/MAL_ENO1/FLT3LG_GAPDH/TCF7_GPI/TCF7_GAPDH/NOSIP_GAPDH/EEF1B2_ENO1/FLT3LG_GPI/IL6R_ENO1/TXK_ENO1/TXK_GAPDH/IL6R_GPI/LEF1_GAPDH/FLT3LG_ACTG1/EEF1A1_GAPDH/TNFSF8_GAPDH/CMTM8_ENO1/FLT3LG_KIF20A","TXK_ENO1/FLT3LG_ENO1/CMTM8_ENO1/IL6R_ENO1/IFNGR2_ENO1/MAL_ENO1/EEF1A1_ENO1/EEF1B2_ENO1/NOSIP_ENO1/NOSIP_MYB/PABPC1_MYB/TCF7_GPI/FLT3LG_GPI/IL6R_GPI/NELL2_GPI/NOSIP_GPI/PABPC1_CXCR3/FLT3LG_ACTG1/LEF1_GAPDH/TCF7_GAPDH/TXK_GAPDH/FLT3LG_GAPDH/TNFSF8_GAPDH/IL6R_GAPDH/IFNGR2_GAPDH/EEF1A1_GAPDH/TPT1_GAPDH/EEF1B2_GAPDH/NOSIP_GAPDH/FLT3LG_KIF20A"
"924",164,162,"CD4+GZMK+ Tem_CD4+CREM+ Tm","CD4+GZMK+ Tem","CD4+CREM+ Tm",30,23,1.682,0.000519857723857532,0.00494498810498627,0.494691358024691,"CXCR3_AREG/F2R_AREG/LITAF_AREG/ENC1_CREM/NFATC2_CREM/F2R_CREM/ENC1_AREG/CXCR3_TNFAIP3/ENC1_SRGN/ENC1_NR4A2/ITM2C_AREG/AOAH_TNFAIP3/NFATC2_TGFB1/CXCR3_CREM/ENC1_ZNF331/ENC1_FTH1/NFATC2_NR4A2/F2R_TNFAIP3/F2R_SRGN/CD74_AREG/NFATC2_SRGN/GZMK_TNFAIP3/FASLG_AREG","NFATC2_CREM/CXCR3_CREM/ENC1_CREM/F2R_CREM/NR4A2_ZFP36L2/ENC1_ZNF331/F2R_ZNF331/NFATC2_NR4A2/CXCR3_NR4A2/ENC1_NR4A2/NFATC2_TGFB1/ENC1_TGFB1/LITAF_AREG/IFNG_AREG/FASLG_AREG/CD74_AREG/CXCR3_AREG/ENC1_AREG/ITM2C_AREG/F2R_AREG/NR4A2_GPR35/CD4_FTH1/ENC1_FTH1/NFATC2_SRGN/ENC1_SRGN/F2R_SRGN/GZMK_TNFAIP3/CXCR3_TNFAIP3/AOAH_TNFAIP3/F2R_TNFAIP3"
"14",165,165,"CD8+Tc17_CD8+Tn","CD8+Tc17","CD8+Tn",35,26,1.63,0.000526727926973574,0.00497997312775016,0.486545454545455,"IL17RE_EEF1A1/IL17RE_NOSIP/IL17RE_PABPC1/FLT3LG_EEF1A1/CA2_ACTN1/IL17RE_ACTN1/IL17RE_TPT1/CA2_TIMP1/IL17RE_IL23A/IL23R_TIMP1/CA2_PABPC1/CA2_EEF1A1/IL17RE_IFNGR2/IL23R_PABPC1/IL17RE_EEF1B2/FLT3LG_PABPC1/CA2_EEF1B2/IL23R_TPT1/IL17RE_LEF1/CA2_FLT3LG/CA2_NOSIP/FLT3LG_ACTN1/IL17RE_MAL/IL17RE_TIMP1/CA2_MAL/CD40LG_PABPC1","IL17RE_LEF1/ADAM12_LEF1/IL17RE_TCF7/CA2_FLT3LG/IL4I1_TNFSF8/IL17RE_IL23A/CA2_IL23A/IL23R_TIMP1/IL17RE_TIMP1/CA2_TIMP1/CEBPD_IL6R/ADAM12_IL6R/IL17RE_IFNGR2/IL4I1_SELL/IL17RE_MAL/IL4I1_MAL/CA2_MAL/ADAM12_MAL/FLT3LG_EEF1A1/IL17RE_EEF1A1/CA2_EEF1A1/FLT3LG_ACTN1/IL17RE_ACTN1/CA2_ACTN1/IL23R_TPT1/IL17RE_TPT1/IL17RE_EEF1B2/CA2_EEF1B2/IL17RE_NOSIP/CA2_NOSIP/CD40LG_PABPC1/FLT3LG_PABPC1/IL23R_PABPC1/IL17RE_PABPC1/CA2_PABPC1"
"677",166,166,"CD8+ISG+ CD8+ T_CD4+CXCR5+ pre-Tfh","CD8+ISG+ CD8+ T","CD4+CXCR5+ pre-Tfh",22,18,1.795,0.000546544654212731,0.00513620277452928,0.492469879518072,"IRF7_AREG/SP100_AREG/MX1_AREG/IFI6_NR3C1/IFIT1_SLC2A3/MX1_SLC2A3/OAS1_AREG/IFIT3_AREG/IFI6_PABPC1/OAS3_AREG/PLSCR1_AREG/CD74_AREG/OAS1_NR4A2/IFI6_AREG/ISG15_AREG/STAT2_AREG/STAT1_SLC2A3/TNFSF10_AREG","IFI6_NR3C1/OAS1_NR4A2/PLSCR1_AREG/IRF7_AREG/STAT2_AREG/SP100_AREG/TNFSF10_AREG/CD74_AREG/IFIT3_AREG/MX1_AREG/IFI6_AREG/OAS1_AREG/ISG15_AREG/OAS3_AREG/SP100_PASK/STAT1_SLC2A3/TNFSF10_SLC2A3/IFIT1_SLC2A3/MX1_SLC2A3/STAT2_FAM177A1/OAS1_SH3TC1/IFI6_PABPC1"
"57",167,167,"CD4+ADSL+ Tn_CD8+IL7R+ Tm","CD4+ADSL+ Tn","CD8+IL7R+ Tm",13,12,2.025,0.000600360327146504,0.0055747744663604,0.500718562874252,"ANKRD55_TNFAIP3/IL6R_TNFAIP3/LIMS2_RGCC/DGKA_RGCC/TXK_TNFAIP3/IL6R_PABPC1/TCF7_TNFAIP3/IL16_TNFAIP3/IL6R_FTH1/TCF7_FTH1/KLF2_ANXA1/IL6R_ANXA1","KLF2_ANXA1/IL6R_ANXA1/TCF7_TNFAIP3/TXK_TNFAIP3/IL16_TNFAIP3/CMTM8_TNFAIP3/IL6R_TNFAIP3/ANKRD55_TNFAIP3/TCF7_FTH1/IL6R_FTH1/LIMS2_RGCC/DGKA_RGCC/IL6R_PABPC1"
"1269",168,167,"CD4+TNF+ T_CD4+IFNG+ Tfh/Th1","CD4+TNF+ T","CD4+IFNG+ Tfh/Th1",13,12,2.025,0.000600360327146504,0.0055747744663604,0.500718562874252,"ID2_RBPJ/CD40LG_GZMB/ID2_HAVCR2/ID2_BHLHE40/CXCR3_ZEB2/CD40LG_ZEB2/CD40LG_HAVCR2/CCR2_CCL4/CD52_GZMB/CAPG_HAVCR2/ID2_PTMS/CD52_HAVCR2","CD40LG_ZEB2/CXCR3_ZEB2/ID2_BHLHE40/CXCR3_BHLHE40/ID2_RBPJ/CCR2_CCL4/CD40LG_GZMB/CD52_GZMB/ID2_HAVCR2/CD40LG_HAVCR2/CD52_HAVCR2/CAPG_HAVCR2/ID2_PTMS"
"65",169,169,"CD4+CAPG+CREM- Tm_CD8+IL7R+ Tm","CD4+CAPG+CREM- Tm","CD8+IL7R+ Tm",19,16,1.847,0.000621663987915123,0.00567132059150639,0.505739644970414,"CD40LG_TNFAIP3/GPR35_FTH1/CXCR3_TNFAIP3/ID2_GPR183/TMSB4X_ANXA1/CD40LG_FTH1/CXCR3_RGCC/ZFP36L2_PABPC1/CXCR6_TNFAIP3/HOPX_RGCC/CLU_TNFAIP3/GZMK_TNFAIP3/ID2_ANXA1/CXCR3_PABPC1/CD40LG_PABPC1/ZFP36L2_TNFAIP3","BHLHE40_ZFP36L2/ANXA1_TSC22D3/ID2_ANXA1/TMSB4X_ANXA1/ID2_TNFAIP3/ZFP36L2_TNFAIP3/GZMK_TNFAIP3/CD40LG_TNFAIP3/CXCR3_TNFAIP3/CXCR6_TNFAIP3/CLU_TNFAIP3/CD40LG_FTH1/GPR35_FTH1/HOPX_RGCC/CXCR3_RGCC/ID2_GPR183/ZFP36L2_PABPC1/CD40LG_PABPC1/CXCR3_PABPC1"
"274",170,169,"CD8+Tn_CD8+KIR+TXK+ NK-like","CD8+Tn","CD8+KIR+TXK+ NK-like",19,16,1.847,0.000621663987915123,0.00567132059150639,0.505739644970414,"TXK_AREG/IL6R_AREG/IFNGR2_LAT2/TIMP1_AREG/IFNGR2_AREG/TNFSF8_AREG/TXK_KLRC3/FLT3LG_AREG/TXK_FOSL2/BACH2_AREG/TPT1_AREG/IL23A_AREG/NOSIP_AREG/IL6R_KLRC3/SELL_AREG/TPT1_FOSL2","TXK_FOSL2/TPT1_FOSL2/TXK_AREG/BACH2_AREG/FLT3LG_AREG/TNFSF8_AREG/IL23A_AREG/TIMP1_AREG/IL6R_AREG/IFNGR2_AREG/SELL_AREG/EEF1A1_AREG/TPT1_AREG/NOSIP_AREG/TXK_KLRC3/IL6R_KLRC3/IFNGR2_LAT2/SELL_B3GNT7/PABPC1_B3GNT7"
"458",171,169,"CD4+CCR6+ Th17_CD8+OXPHOS- Tex","CD4+CCR6+ Th17","CD8+OXPHOS- Tex",19,16,1.847,0.000621663987915123,0.00567132059150639,0.505739644970414,"CD40LG_CSF1/TNFSF13B_HAVCR2/HOPX_PRDM1/ABCB1_ENTPD1/FLT3LG_CSF1/HOPX_PHLDA1/FLT3LG_PRDM1/ABCB1_PHLDA1/CD40LG_TNFRSF9/CD40LG_HAVCR2/ZFP36L2_CSF1/ABCB1_PRDM1/ABCB1_TNFRSF18/CAPG_HAVCR2/ABCB1_LAYN/FLT3LG_TNFRSF9","HOPX_PRDM1/FLT3LG_PRDM1/ABCB1_PRDM1/ZFP36L2_CSF1/CD40LG_CSF1/FLT3LG_CSF1/ABCB1_CCL3/ABCB1_LAYN/TNFSF13B_HAVCR2/CD40LG_HAVCR2/CAPG_HAVCR2/VIM_ENTPD1/ABCB1_ENTPD1/CD40LG_TNFRSF9/FLT3LG_TNFRSF9/CCR6_TNFRSF9/ABCB1_TNFRSF18/HOPX_PHLDA1/ABCB1_PHLDA1"
"699",172,172,"CD4+ISG+ Treg_CD4+CXCR5+ pre-Tfh","CD4+ISG+ Treg","CD4+CXCR5+ pre-Tfh",49,34,1.522,0.000629088742769723,0.00569692139920034,0.496918604651163,"TNFSF13B_AREG/IL7_AREG/IL1RN_SLC2A3/IL7_SLC2A3/ETV7_AREG/IRF7_AREG/MX1_AREG/BATF_AREG/IFI6_NR3C1/IL7_LEF1/IL7_NR3C1/BATF_SLC2A3/IFIT1_SLC2A3/CCR8_SLC2A3/MX1_SLC2A3/IL2RB_SLC2A3/OAS1_AREG/IFIT3_AREG/USP18_AREG/IFI6_PABPC1/IL1RN_AREG/HERC5_AREG/CD74_AREG/OAS1_NR4A2/ETV7_SLC2A3/IFI6_AREG/IL7_PABPC1/ISG15_AREG/CSF1_SLC2A3/IL32_SLC2A3/STAT1_SLC2A3/IL2RB_AREG/LTA_SLC2A3/TNFSF10_AREG","CD70_TCF7/IL7_NR3C1/IFI6_NR3C1/OAS1_NR4A2/IL7_LEF1/NAMPT_CMTM8/IRF7_AREG/ETV7_AREG/BATF_AREG/TNFSF10_AREG/IL1RN_AREG/IL7_AREG/TNFSF13B_AREG/CD74_AREG/IL2RB_AREG/OAS1_AREG/MX1_AREG/ISG15_AREG/USP18_AREG/IFI6_AREG/IFIT3_AREG/HERC5_AREG/CSF1_CD40LG/NAMPT_CD40LG/IL32_CXCR5/NAMPT_CXCR5/CD70_CXCR5/NAMPT_IL6ST/CD70_IL6ST/IL1RN_CXCR4/NAMPT_FAAH2/STAT1_SLC2A3/ETV7_SLC2A3/BATF_SLC2A3/IL32_SLC2A3/LTA_SLC2A3/TNFSF10_SLC2A3/IL1RN_SLC2A3/CSF1_SLC2A3/IL7_SLC2A3/TNFSF13B_SLC2A3/CCR8_SLC2A3/IL2RB_SLC2A3/IFIT1_SLC2A3/MX1_SLC2A3/USP18_SLC2A3/OAS1_SH3TC1/IL7_PABPC1/IFI6_PABPC1"
"40",173,173,"CD8+Tn_CD8+IL7R+ Tm","CD8+Tn","CD8+IL7R+ Tm",16,14,1.919,0.000656366020181771,0.00569692139920034,0.513526011560694,"IL6R_TNFAIP3/TXK_TNFAIP3/IL6R_PABPC1/TCF7_TNFAIP3/IL6R_FTH1/FLT3LG_PABPC1/IFNGR2_TNFAIP3/EEF1B2_FTH1/TPT1_TNFAIP3/TCF7_FTH1/KLF2_ANXA1/TNFSF8_TNFAIP3/TPT1_RGCC/IL6R_ANXA1","PABPC1_ZFP36L2/KLF2_ANXA1/IL6R_ANXA1/TCF7_TNFAIP3/TXK_TNFAIP3/TNFSF8_TNFAIP3/CMTM8_TNFAIP3/IL6R_TNFAIP3/IFNGR2_TNFAIP3/TPT1_TNFAIP3/TCF7_FTH1/IL6R_FTH1/EEF1B2_FTH1/TPT1_RGCC/FLT3LG_PABPC1/IL6R_PABPC1"
"190",174,173,"CD4+S1PR1+ Treg_CD8+GZMK+ Tem","CD4+S1PR1+ Treg","CD8+GZMK+ Tem",16,14,1.919,0.000656366020181771,0.00569692139920034,0.513526011560694,"PI16_CCL4/SAMHD1_CST7/CCR4_CST7/HPGD_HLA-DQA1/PI16_ITM2C/HPGD_CCL4/KLF3_SUB1/FLT3LG_SUB1/CCDC141_CST7/HPGD_APOBEC3G/HPGD_IL32/CCDC141_CCL4/HPGD_CCL5/CCR4_CCL4","KLF3_SUB1/FLT3LG_SUB1/HPGD_CCL5/HPGD_IL32/CCR4_CCL4/CCDC141_CCL4/HPGD_CCL4/PI16_CCL4/CD74_COTL1/KLF3_HLA-DQA1/HPGD_HLA-DQA1/PI16_ITM2C/CCR4_CST7/SAMHD1_CST7/CCDC141_CST7/HPGD_APOBEC3G"
"521",175,173,"CD8+Tc17_CD8+ISG+ CD8+ T","CD8+Tc17","CD8+ISG+ CD8+ T",16,14,1.919,0.000656366020181771,0.00569692139920034,0.513526011560694,"IL17RE_STAT2/CA2_STAT2/CA2_CD74/ZBTB16_PLSCR1/FLT3LG_STAT2/CA2_IRF7/IL17RE_CCR1/CA2_PLSCR1/ZBTB16_ISG15/CA2_RSAD2/CA2_TNFSF10/CA2_SP100/CA2_CCR1/CA2_STAT1","ZBTB16_PLSCR1/CA2_PLSCR1/CA2_STAT1/CA2_IRF7/FLT3LG_STAT2/IL17RE_STAT2/CA2_STAT2/CA2_SP100/CA2_TNFSF10/ADAM12_TNFSF10/IL17RE_CCR1/CA2_CCR1/ME1_CCR1/CA2_CD74/CA2_RSAD2/ZBTB16_ISG15"
"833",176,173,"CD8+ISG+ CD8+ T_CD4+AREG+ Tm","CD8+ISG+ CD8+ T","CD4+AREG+ Tm",16,14,1.919,0.000656366020181771,0.00569692139920034,0.513526011560694,"IRF7_AREG/SP100_AREG/MX1_AREG/OAS1_AREG/IFIT3_AREG/IFI6_ANXA1/IFI6_PABPC1/OAS3_AREG/PLSCR1_AREG/CD74_AREG/IFI6_AREG/ISG15_AREG/STAT2_AREG/TNFSF10_AREG","STAT2_KLF3/PLSCR1_AREG/IRF7_AREG/STAT2_AREG/SP100_AREG/TNFSF10_AREG/CD74_AREG/IFIT3_AREG/MX1_AREG/IFI6_AREG/OAS1_AREG/ISG15_AREG/OAS3_AREG/IFI6_ANXA1/IFI6_PABPC1/STAT2_PTGER2"
"1226",177,173,"CD4+Tn_CD4+IL21+ Tfh","CD4+Tn","CD4+IL21+ Tfh",16,14,1.919,0.000656366020181771,0.00569692139920034,0.513526011560694,"GIMAP7_NR3C1/GIMAP7_RBPJ/LINC00861_CXCL13/KLF2_IGFL2/TXK_IGFL2/LEF1_IGFL2/TXK_NR3C1/SCML1_CD200/FHIT_NR3C1/KLF2_PDE7B/LINC00861_IGFL2/EEF1B2_RBPJ/EEF1A1_IGFL2/TPT1_CD200","TXK_NR3C1/GIMAP7_NR3C1/FHIT_NR3C1/EEF1B2_RBPJ/GIMAP7_RBPJ/LINC00861_CXCL13/SCML1_CD200/TPT1_CD200/LEF1_IGFL2/TXK_IGFL2/KLF2_IGFL2/EEF1A1_IGFL2/TPT1_IGFL2/LINC00861_IGFL2/KLF2_PDE7B/MAL_ITM2A"
"1271",178,173,"CD4+TIMP1+ Tm_CD4+IFNG+ Tfh/Th1","CD4+TIMP1+ Tm","CD4+IFNG+ Tfh/Th1",16,14,1.919,0.000656366020181771,0.00569692139920034,0.513526011560694,"CD40LG_GZMB/FLT3LG_RBPJ/FLT3LG_LAG3/LMO4_HAVCR2/CD40LG_ZEB2/FLT3LG_PTMS/LMO4_BHLHE40/CD40LG_HAVCR2/CD52_GZMB/S100A10_HAVCR2/KLF2_PDE7B/CAPG_HAVCR2/S100A6_GZMB/CD52_HAVCR2","CD40LG_ZEB2/ANXA1_ID2/VIM_ID2/LMO4_BHLHE40/FLT3LG_RBPJ/CD40LG_GZMB/CD52_GZMB/S100A6_GZMB/FLT3LG_LAG3/LMO4_HAVCR2/CD40LG_HAVCR2/S100A10_HAVCR2/CD52_HAVCR2/CAPG_HAVCR2/FLT3LG_PTMS/KLF2_PDE7B"
"1540",179,173,"CD4+ADSL+ Tn_CD4+NME1+CCR4+ T","CD4+ADSL+ Tn","CD4+NME1+CCR4+ T",16,14,1.919,0.000656366020181771,0.00569692139920034,0.513526011560694,"NOSIP_ENO1/COTL1_ENO1/DGKA_TPM4/COTL1_CNN2/GIMAP4_ENO1/IL6R_CNN2/ANKRD55_ENO1/IL6R_ENO1/IL6R_TMSB10/TXK_ENO1/ANKRD55_CNN2/IL6ST_ENO1/KLF2_CNN2/CMTM8_ENO1","TXK_ENO1/CMTM8_ENO1/IL6R_ENO1/IL6ST_ENO1/GIMAP4_ENO1/ANKRD55_ENO1/NOSIP_ENO1/COTL1_ENO1/PASK_FLT3LG/COTL1_CD74/IL6R_TMSB10/KLF2_CNN2/IL6R_CNN2/ANKRD55_CNN2/COTL1_CNN2/DGKA_TPM4"
"1496",180,180,"CD8+ISG+ CD8+ T_CD4+NME1+CCR4- T","CD8+ISG+ CD8+ T","CD4+NME1+CCR4- T",27,21,1.706,0.000657337084523117,0.00569692139920034,0.493611111111111,"TNFSF10_ENO1/IFI6_ENO1/SP100_ENO1/IFIT3_GAPDH/IFIT3_ENO1/IFI6_GPI/IFI6_TMSB10/STAT2_GAPDH/IFI6_GAPDH/CMPK2_ENO1/IFI44L_ENO1/IRF7_GAPDH/IFI6_IL2RA/TNFSF10_GAPDH/RSAD2_ENO1/MX1_IL2RA/OAS3_ENO1/OAS1_GAPDH/MX1_ENO1/IFIT1_GPI/IRF7_ENO1","IRF7_ENO1/SP100_ENO1/TNFSF10_ENO1/CD74_ENO1/IFIT1_ENO1/RSAD2_ENO1/IFIT3_ENO1/IFI44L_ENO1/MX1_ENO1/IFI6_ENO1/CMPK2_ENO1/OAS3_ENO1/MX1_HMGA1/PLSCR1_MEOX1/CCR1_MEOX1/IFIT1_GPI/IFI6_GPI/CD74_EBI3/MX1_IL2RA/IFI6_IL2RA/IRF7_GAPDH/STAT2_GAPDH/TNFSF10_GAPDH/IFIT3_GAPDH/IFI6_GAPDH/OAS1_GAPDH/IFI6_TMSB10"
"1551",181,181,"CD4+CCR6+ Th17_CD4+NME1+CCR4+ T","CD4+CCR6+ Th17","CD4+NME1+CCR4+ T",37,27,1.601,0.000661210901398041,0.00569883428829251,0.490883977900552,"DPP4_ENO1/CD40LG_ENO1/FLT3LG_ENO1/TNFSF13B_ENO1/CAPG_ENO1/ABCB1_TMSB10/KLRB1_ENO1/ABCB1_ACTG1/CCR6_ENO1/ABCB1_ENO1/CD40LG_CNN2/HOPX_TPM4/FKBP11_ENO1/ABCB1_TPM4/FLT3LG_CNN2/ZFP36L2_CMTM7/ABCB1_CMTM7/FLT3LG_CMTM7/ABCB1_SCAND1/KLRB1_CNN2/CAPG_TMSB10/FLT3LG_SUB1/ABCB1_HMGB1/ZFP36L2_ARHGDIB/FLT3LG_ACTG1/ZFP36L2_TPM4/GPR35_ENO1","FLT3LG_SUB1/TIMP1_KLF2/ANXA1_KLF2/TNFSF13B_ENO1/CD40LG_ENO1/FLT3LG_ENO1/CCR6_ENO1/GPR35_ENO1/KLRB1_ENO1/FKBP11_ENO1/CAPG_ENO1/ABCB1_ENO1/DPP4_ENO1/ABCB1_SCAND1/ZFP36L2_CMTM7/FLT3LG_CMTM7/ABCB1_CMTM7/VIM_HMGB1/ABCB1_HMGB1/VIM_FLT3LG/ANXA1_IL6R/BHLHE40_IFNAR2/FLT3LG_ACTG1/ABCB1_ACTG1/CAPG_TMSB10/ABCB1_TMSB10/IL4I1_CORO1A/MYBL1_COTL1/VIM_COTL1/CD40LG_CNN2/FLT3LG_CNN2/KLRB1_CNN2/BHLHE40_ARHGDIB/ZFP36L2_ARHGDIB/HOPX_TPM4/ZFP36L2_TPM4/ABCB1_TPM4"
"1240",182,182,"CD4+IL26+ Th17_CD4+IL21+ Tfh","CD4+IL26+ Th17","CD4+IL21+ Tfh",58,39,1.475,0.000688086714628599,0.00589788612538799,0.492417582417582,"IL17RE_RBPJ/IL17RE_TOX2/IL17RE_NR3C1/ID2_NR3C1/ID2_RBPJ/IL23R_CD200/ID2_CD200/IL17RE_GNG4/IL22_RBPJ/IL17RE_NMB/IL17RE_CD200/IL17RE_TNFSF4/IL23R_NMB/IL23R_RBPJ/IL23R_NR3C1/IL22_NR3C1/IL17RE_IGFL2/CD40LG_IGFL2/CTSH_TNFSF4/CA10_RBPJ/CD40LG_TNFSF4/ID2_IGFL2/KLRB1_IGFL2/IL22_TOX2/CAPG_TNFSF4/ERN1_NR3C1/ID2_TOX2/RORA_IGFL2/TMIGD2_NR3C1/CAPG_NMB/IL22_CD200/IL17RE_TOX/TNFSF13B_CD200/CAPG_CD200/IL23R_CXCR5/CTSH_CD200/IL22_NMB/ID2_NMB/CA10_CD200","ID2_NR3C1/IL22_NR3C1/CXCR6_NR3C1/IL23R_NR3C1/IL17RE_NR3C1/ERN1_NR3C1/TMIGD2_NR3C1/ID2_TOX2/IL22_TOX2/IL17RE_TOX2/IL17RE_TOX/ANKRD28_TSHZ2/ID2_RBPJ/IL22_RBPJ/IL23R_RBPJ/IL17RE_RBPJ/CA10_RBPJ/ANKRD28_IL21/IL4I1_TNFSF8/CD40LG_TNFSF4/IL17RE_TNFSF4/CTSH_TNFSF4/CAPG_TNFSF4/TNFSF14_CD40LG/IL4I1_CD40LG/ANKRD28_CD40LG/ANKRD28_IL6ST/IL23R_CXCR5/ANKRD28_CXCR5/CEBPD_IL6R/ANKRD28_IL6R/IL23R_GNG4/IL17RE_GNG4/KLRB1_GNG4/ID2_CD200/TNFSF13B_CD200/IL22_CD200/IL23R_CD200/IL17RE_CD200/CTSH_CD200/CA10_CD200/CAPG_CD200/ID2_NMB/IL22_NMB/IL23R_NMB/IL17RE_NMB/CAPG_NMB/RORA_IGFL2/ID2_IGFL2/CD40LG_IGFL2/GZMA_IGFL2/IL17RE_IGFL2/KLRB1_IGFL2/CTSH_IGFL2/CEBPD_CPM/IL4I1_BTLA/TNFSF14_ITM2A/ANKRD28_ITM2A"
"326",183,183,"CD8+Tc17_CD8+ZNF683+CXCR6+ Trm","CD8+Tc17","CD8+ZNF683+CXCR6+ Trm",39,28,1.575,0.000808614524663789,0.00689310742336345,0.499890710382514,"IL17RE_RBPJ/IL17RE_CKLF/IL17RE_ACTB/IL17RE_ITGA1/CA2_LGALS1/CD40LG_GZMB/CA2_RBPJ/IL17RE_LGALS1/CA2_LGALS3/IL17RE_LGALS3/IL23R_RBPJ/FLT3LG_RBPJ/CA2_IL32/CA2_ZNF683/IL23R_LGALS1/IL17RE_CAPG/CA2_S100A4/CA2_ACTB/CA2_ID2/IL23R_ACTB/IL17RE_HOPX/IL17RE_CXCR3/CD40LG_ZNF683/IL23R_CXCR6/LTK_LGALS1/CA2_GZMB/ZBTB16_ZNF683/ZBTB16_IL32","ZBTB16_ZNF683/CD40LG_ZNF683/CA2_ZNF683/IL17RE_HOPX/ADAM12_HOPX/CA2_ID2/CEBPD_ZFP36L2/IL4I1_ZFP36L2/FLT3LG_RBPJ/IL23R_RBPJ/IL17RE_RBPJ/CA2_RBPJ/IL17RE_CKLF/ADAM12_CKLF/ZBTB16_IL32/CA2_IL32/ZBTB16_GZMB/CD40LG_GZMB/CA2_GZMB/IL23R_CXCR6/IL17RE_CXCR3/IL4I1_CXCR3/IL17RE_CAPG/CA2_S100A4/IL17RE_LGALS3/CA2_LGALS3/IL23R_ACTB/IL17RE_ACTB/CA2_ACTB/IL4I1_CD52/ADAM12_CD52/IL23R_LGALS1/IL17RE_LGALS1/LTK_LGALS1/CA2_LGALS1/IL17RE_ITGA1/ADAM12_ITGA1/CEBPD_LDLRAD4/ADAM12_LDLRAD4"
"599",184,184,"CD8+ISG+ CD8+ T_CD8+NME1+ T","CD8+ISG+ CD8+ T","CD8+NME1+ T",24,19,1.737,0.000817910120626967,0.00689697182798956,0.498586956521739,"TNFSF10_ENO1/IFI6_ENO1/SP100_ENO1/IFIT3_GAPDH/IFIT3_ENO1/IFI6_GPI/STAT2_GAPDH/IFI6_GAPDH/CMPK2_ENO1/IFI44L_ENO1/IRF7_GAPDH/TNFSF10_GAPDH/RSAD2_ENO1/OAS3_ENO1/OAS1_GAPDH/MX1_ENO1/IFIT1_GPI/IRF7_ENO1/IFI6_CENPA","IRF7_ENO1/SP100_ENO1/TNFSF10_ENO1/CD74_ENO1/IFIT1_ENO1/RSAD2_ENO1/IFIT3_ENO1/IFI44L_ENO1/MX1_ENO1/IFI6_ENO1/CMPK2_ENO1/OAS3_ENO1/MX1_HMGA1/STAT2_MYB/IFIT1_GPI/IFI6_GPI/STAT2_CXCR3/IFI6_CENPA/IRF7_GAPDH/STAT2_GAPDH/TNFSF10_GAPDH/IFIT3_GAPDH/IFI6_GAPDH/OAS1_GAPDH"
"668",185,184,"CD8+GZMK+ Tem_CD4+CXCR5+ pre-Tfh","CD8+GZMK+ Tem","CD4+CXCR5+ pre-Tfh",24,19,1.737,0.000817910120626967,0.00689697182798956,0.498586956521739,"CXCR3_AREG/ITM2C_SLC2A3/CXCR3_SLC2A3/CCR5_SLC2A3/CXCR3_NR3C1/HLA-DPB1_AREG/ITM2C_AREG/HLA-DPB1_SLC2A3/GZMA_SLC2A3/HLA-DRB1_AREG/APOBEC3G_SLC2A3/CCL5_SLC2A3/HLA-DPA1_AREG/CD74_AREG/HLA-DRB5_AREG/HLA-DPA1_SLC2A3/CXCR3_PABPC1/IL32_SLC2A3/COTL1_NR3C1","CXCR3_NR3C1/COTL1_NR3C1/CXCR3_NR4A2/CD74_AREG/CXCR3_AREG/HLA-DRB1_AREG/HLA-DPA1_AREG/HLA-DPB1_AREG/HLA-DRB5_AREG/ITM2C_AREG/IL32_CXCR5/CCL4_CCR4/CST7_CCR4/GZMA_SLC2A3/CCL5_SLC2A3/IL32_SLC2A3/CCR5_SLC2A3/CXCR3_SLC2A3/HLA-DPA1_SLC2A3/COTL1_SLC2A3/HLA-DPB1_SLC2A3/ITM2C_SLC2A3/APOBEC3G_SLC2A3/CXCR3_PABPC1"
"501",186,186,"CD4+TNFRSF9- Treg_CD8+TCF7+ Tex","CD4+TNFRSF9- Treg","CD8+TCF7+ Tex",9,9,2.194,0.000844764593717168,0.00708512239891819,0.501344086021505,"TBC1D4_NR3C1/VAV3_CD200/IKZF2_CD200/TTN_CD200/CEACAM4_NMB/FOXP3_TNFRSF4/IKZF4_TNFRSF4/FCRL3_CXCL13/IKZF2_IGFL2","TBC1D4_NR3C1/FCRL3_CXCL13/IKZF2_CD200/VAV3_CD200/TTN_CD200/FOXP3_TNFRSF4/IKZF4_TNFRSF4/IKZF2_IGFL2/CEACAM4_NMB"
"1509",187,187,"CD4+CAPG+CREM- Tm_CD4+NME1+CCR4- T","CD4+CAPG+CREM- Tm","CD4+NME1+CCR4- T",29,22,1.664,0.00088758682538509,0.00740446763422856,0.505828877005348,"CD40LG_ENO1/ID2_GAPDH/GPR35_GPI/CXCR6_GAPDH/GPR35_GAPDH/CXCR6_ENO1/CAPG_GAPDH/CAPG_ENO1/ID2_SUB1/ZFP36L2_GAPDH/CD40LG_GPI/CXCR3_GAPDH/ID2_ENO1/TMSB4X_GAPDH/TMSB4X_ENO1/ID2_GPI/HCST_GAPDH/IFNG_GAPDH/CXCR3_GPI/CAPG_TMSB10/CXCR3_ENO1/GPR35_ENO1","ID2_ENO1/CD40LG_ENO1/CXCR3_ENO1/CXCR6_ENO1/GPR35_ENO1/CAPG_ENO1/TMSB4X_ENO1/ID2_SUB1/BHLHE40_MEOX1/ZNF683_MEOX1/GZMA_MEOX1/CCL4_MEOX1/GZMB_MEOX1/IL18RAP_MEOX1/ID2_GPI/CD40LG_GPI/CXCR3_GPI/GPR35_GPI/ID2_GAPDH/ZFP36L2_GAPDH/IFNG_GAPDH/CXCR3_GAPDH/CXCR6_GAPDH/GPR35_GAPDH/SH3BGRL3_GAPDH/CAPG_GAPDH/TMSB4X_GAPDH/HCST_GAPDH/CAPG_TMSB10"
"671",188,188,"CD8+KIR+TXK+ NK-like_CD4+CXCR5+ pre-Tfh","CD8+KIR+TXK+ NK-like","CD4+CXCR5+ pre-Tfh",41,29,1.552,0.000967473538080164,0.00796181953569698,0.505957446808511,"IKZF2_AREG/KIR3DL2_AREG/B3GNT7_NR3C1/B3GNT7_AREG/TXK_AREG/B3GNT7_PABPC1/B3GNT7_PASK/B3GNT7_NR4A2/XCL1_AREG/HOPX_SLC2A3/B3GNT7_SLC2A3/XCL1_SLC2A3/REL_AREG/REL_SLC2A3/TYROBP_SLC2A3/FOSL2_SLC2A3/TXK_SLC2A3/TXK_NR4A2/IL2RB_SLC2A3/TXK_NR3C1/KIR2DL4_SLC2A3/HOPX_AREG/LAT2_SLC2A3/TYROBP_AREG/IKZF2_SLC2A3/KIR3DL2_NR3C1/B3GNT7_TSHZ2/IL32_SLC2A3/IL2RB_AREG","TXK_NR3C1/KIR3DL2_NR3C1/B3GNT7_NR3C1/TXK_NR4A2/B3GNT7_NR4A2/B3GNT7_TSHZ2/AREG_TNFSF8/IKZF2_AREG/HOPX_AREG/TXK_AREG/REL_AREG/XCL1_AREG/XCL2_AREG/IL2RB_AREG/KIR3DL2_AREG/TYROBP_AREG/B3GNT7_AREG/AREG_CD40LG/AREG_CXCR5/IL32_CXCR5/AREG_IL6ST/B3GNT7_PASK/AREG_FAAH2/AREG_SESN3/IKZF2_SLC2A3/HOPX_SLC2A3/TXK_SLC2A3/FOSL2_SLC2A3/REL_SLC2A3/XCL1_SLC2A3/IL32_SLC2A3/IL2RB_SLC2A3/IL12RB2_SLC2A3/KIR3DL2_SLC2A3/KIR2DL4_SLC2A3/TYROBP_SLC2A3/LAT2_SLC2A3/B3GNT7_SLC2A3/AREG_FAM177A1/AREG_SH3TC1/B3GNT7_PABPC1"
"621",189,189,"CD4+ISG+ Treg_CD8+NME1+ T","CD4+ISG+ Treg","CD8+NME1+ T",48,33,1.508,0.00097481252007572,0.00796181953569698,0.506613756613757,"IL7_GPI/FOXP3_ENO1/TNFSF10_ENO1/IL7_ENO1/LTA_ENO1/ETV7_CENPA/TNFSF13B_ENO1/IFI6_ENO1/IL7_GAPDH/IFIT3_GAPDH/IFIT3_ENO1/IFI6_GPI/BATF_GAPDH/IFI6_GAPDH/IL7_ACTG1/ETV7_ENO1/ETV7_GAPDH/IRF7_GAPDH/HERC5_GAPDH/IL1RN_GAPDH/TNFSF10_GAPDH/ETV7_KIF20A/RSAD2_ENO1/OAS1_GAPDH/LTA_GPI/ETV7_CD74/ETV7_HMGA1/MX1_ENO1/IFIT1_GPI/BATF_ENO1/IRF7_ENO1/HERC5_ENO1/IFI6_CENPA","FOXP3_ENO1/IRF7_ENO1/ETV7_ENO1/BATF_ENO1/LTA_ENO1/TNFSF10_ENO1/IL7_ENO1/TNFSF13B_ENO1/CD74_ENO1/IFIT1_ENO1/MX1_ENO1/IFI6_ENO1/RSAD2_ENO1/IFIT3_ENO1/HERC5_ENO1/ETV7_HMGA1/MX1_HMGA1/NAMPT_GTF3A/FOXP3_MYB/LTA_MYB/NAMPT_MYB/CD70_MYB/IL2RA_MYB/CCR8_MYB/IL1R2_MYB/CD70_MXD3/NAMPT_HMGB1/LTA_GPI/IL7_GPI/IFIT1_GPI/IFI6_GPI/ETV7_CD74/CD70_CXCR3/IL7_ACTG1/ETV7_CENPA/IFI6_CENPA/IRF7_GAPDH/ETV7_GAPDH/BATF_GAPDH/TNFSF10_GAPDH/IL1RN_GAPDH/IL7_GAPDH/OAS1_GAPDH/IFI6_GAPDH/IFIT3_GAPDH/HERC5_GAPDH/ETV7_KIF20A/IL1RN_KIF20A"
"834",190,189,"CD8+Tc17_CD4+AREG+ Tm","CD8+Tc17","CD4+AREG+ Tm",48,33,1.508,0.00097481252007572,0.00796181953569698,0.506613756613757,"CA2_AREG/IL17RE_AREG/IL17RE_EEF1A1/TNFSF13B_AREG/IL23R_AREG/IL17RE_PABPC1/FLT3LG_EEF1A1/IL17RE_TPT1/CD40LG_AREG/IL17RE_ANXA1/CA2_PABPC1/SLC4A10_AREG/LTK_AREG/CA2_GPR183/FLT3LG_AREG/CCR6_AREG/CA2_ANXA1/CA2_EEF1A1/TMIGD2_AREG/RORC_AREG/IL23R_PABPC1/IL17RE_EEF1B2/IL23R_ANXA1/FLT3LG_PABPC1/CA2_EEF1B2/IL23R_TPT1/NCR3_AREG/IL26_AREG/IL23A_AREG/ZBTB16_ANXA1/IL23R_CD55/ZBTB16_AREG/CD40LG_PABPC1","CEBPD_ZFP36L2/IL4I1_ZFP36L2/CEBPD_KLF3/IL18RAP_KLF3/IL4I1_KLF3/ADAM12_KLF3/IL17RE_TCF7/IL4I1_CD40LG/ADAM12_CD40LG/RORC_AREG/ZBTB16_AREG/RORA_AREG/CD40LG_AREG/TNFSF13B_AREG/IL26_AREG/FLT3LG_AREG/IL23A_AREG/CCR6_AREG/IL23R_AREG/IL17RE_AREG/IL18RAP_AREG/SLC4A10_AREG/TMIGD2_AREG/NCR3_AREG/LTK_AREG/CA2_AREG/IL4I1_CXCR4/ZBTB16_ANXA1/IL23R_ANXA1/IL17RE_ANXA1/LTK_ANXA1/CA2_ANXA1/FLT3LG_EEF1A1/IL17RE_EEF1A1/CA2_EEF1A1/IL23R_TPT1/IL17RE_TPT1/CA2_GPR183/ZBTB16_CD55/IL23R_CD55/CD40LG_PABPC1/FLT3LG_PABPC1/IL23R_PABPC1/IL17RE_PABPC1/CA2_PABPC1/IL17RE_EEF1B2/CA2_EEF1B2/SLC4A10_PLAC8"
"919",191,189,"CD4+AREG+ Tm_CD4+CREM+ Tm","CD4+AREG+ Tm","CD4+CREM+ Tm",48,33,1.508,0.00097481252007572,0.00796181953569698,0.506613756613757,"KLF3_AREG/KLF3_CREM/KLF3_ZNF331/CD40LG_TNFAIP3/CD40LG_NR4A2/CD40LG_AREG/PLAC8_AREG/KLF3_TNFAIP3/PTGER2_ANXA1/KLF3_ANXA1/TCF7_TNFAIP3/TPT1_AREG/PTGER2_FTH1/PLAC8_FTH1/KLF2_CREM/CD40LG_FTH1/EEF1B2_FTH1/S1PR1_NR4A2/TPT1_TNFAIP3/CD40LG_SRGN/ZFP36L2_AREG/CD40LG_TGFB1/KLF3_SRGN/TCF7_FTH1/KLF2_ANXA1/ZFP36L2_NR4A2/PTGER2_TGFB1/TPT1_CREM/CD40LG_CREM/KLF2_TGFB1/ZFP36L2_TNFAIP3/EEF1B2_SRGN/KLF3_NR4A2","KLF2_CREM/KLF3_CREM/CD40LG_CREM/TPT1_CREM/AREG_ZFP36L2/PABPC1_ZFP36L2/KLF3_ZNF331/AREG_ZNF331/ZFP36L2_NR4A2/KLF3_NR4A2/CD40LG_NR4A2/S1PR1_NR4A2/KLF2_TGFB1/CD40LG_TGFB1/PTGER2_TGFB1/ZFP36L2_AREG/KLF3_AREG/CD40LG_AREG/EEF1A1_AREG/TPT1_AREG/PLAC8_AREG/AREG_CXCL16/AREG_IFNGR1/AREG_GPR35/TCF7_FTH1/CD40LG_FTH1/EEF1B2_FTH1/PTGER2_FTH1/PLAC8_FTH1/KLF2_SRGN/KLF3_SRGN/CD40LG_SRGN/TPT1_SRGN/EEF1B2_SRGN/AREG_FAM177A1/ZFP36L2_TNFAIP3/KLF3_TNFAIP3/TCF7_TNFAIP3/CD40LG_TNFAIP3/TPT1_TNFAIP3/AREG_YPEL5/AREG_LMNA/KLF2_ANXA1/KLF3_ANXA1/PTGER2_ANXA1/AREG_PTGER4/EEF1B2_PTGER4/AREG_CDKN1A"
"352",192,192,"CD8+Tn_CD8+GZMK+ Tex","CD8+Tn","CD8+GZMK+ Tex",21,17,1.776,0.000993552510042722,0.00803078712780646,0.504791666666667,"TXK_NAMPT/CMTM8_TRPS1/IFNGR2_TNFSF4/IFNGR2_HAVCR2/FLT3LG_TRPS1/EEF1A1_TRPS1/IFNGR2_TSC22D1/FLT3LG_TSC22D1/TNFSF8_HAVCR2/FLT3LG_PRDM1/EEF1B2_NAMPT/CMTM8_NAMPT/TCF7_PRDM1/KLF2_TSC22D1/FLT3LG_TNFRSF9/TXK_HAVCR2/IL6R_NAMPT","KLF2_TSC22D1/FLT3LG_TSC22D1/IFNGR2_TSC22D1/TCF7_PRDM1/FLT3LG_PRDM1/FLT3LG_TRPS1/CMTM8_TRPS1/EEF1A1_TRPS1/NELL2_CXCL13/TXK_CCL3/IFNGR2_TNFSF4/IFNGR2_CCL4/TXK_NAMPT/CMTM8_NAMPT/IL6R_NAMPT/EEF1B2_NAMPT/TXK_HAVCR2/TNFSF8_HAVCR2/IFNGR2_HAVCR2/PABPC1_LYST/FLT3LG_TNFRSF9"
"840",193,192,"CD4+TNF+ T_CD4+AREG+ Tm","CD4+TNF+ T","CD4+AREG+ Tm",21,17,1.776,0.000993552510042722,0.00803078712780646,0.504791666666667,"ID2_AREG/CXCR3_AREG/CD40LG_AREG/CD69_AREG/CAPG_AREG/CD52_AREG/ID2_GPR183/CCR2_AREG/ID2_EEF1A1/CD99_AREG/HOPX_AREG/SIT1_AREG/MYL12A_AREG/FASLG_AREG/ID2_ANXA1/CXCR3_PABPC1/CD40LG_PABPC1","EGR1_KLF2/LCP2_CD40LG/HOPX_AREG/ID2_AREG/CD40LG_AREG/IFNG_AREG/FASLG_AREG/CCR2_AREG/CXCR3_AREG/CD52_AREG/MYL12A_AREG/SIT1_AREG/CAPG_AREG/CD69_AREG/CD99_AREG/ID2_ANXA1/ID2_EEF1A1/ID2_GPR183/CD40LG_PABPC1/CXCR3_PABPC1/SH3BGRL3_PLAC8"
"209",194,194,"CD8+Tc17_CD8+Temra","CD8+Tc17","CD8+Temra",43,30,1.53,0.00113628731985131,0.00913715576787649,0.514278350515464,"IL17RE_S1PR5/IL17RE_PRSS23/CD40LG_GZMB/IL23R_GNLY/CA2_PRSS23/IL23R_PRSS23/IL17RE_ZEB2/CA2_FCGR3A/CA2_CMKLR1/IL17RE_GNLY/CA2_S1PR5/IL23R_S1PR5/CA2_CXCR1/CA2_PLEK/CA2_FGFBP2/CA2_ZEB2/ZBTB16_GNLY/CA2_CXCR2/FLT3LG_S1PR5/ZBTB16_CMKLR1/TNFSF13B_GNLY/CD40LG_ZEB2/RORA_GNLY/IL17RE_FCGR3A/CA2_GNLY/IL23R_ZEB2/IL23R_FCGR3A/CA2_TBX21/CA2_GZMB/TMIGD2_S1PR5","CEBPD_ASCL2/ADAM12_ASCL2/CEBPD_KLF3/IL18RAP_KLF3/IL4I1_KLF3/ADAM12_KLF3/CD40LG_ZEB2/IL23R_ZEB2/IL17RE_ZEB2/LTK_ZEB2/CA2_ZEB2/CEBPD_TBX21/CA2_TBX21/ZBTB16_GZMB/CD40LG_GZMB/CA2_GZMB/IL4I1_CX3CR1/ADAM12_CX3CR1/CA2_CXCR2/ZBTB16_CMKLR1/CA2_CMKLR1/CA2_CXCR1/CA2_FGFBP2/IL23R_FCGR3A/IL17RE_FCGR3A/CA2_FCGR3A/FLT3LG_S1PR5/IL23R_S1PR5/IL17RE_S1PR5/TMIGD2_S1PR5/CA2_S1PR5/IL23R_PRSS23/IL17RE_PRSS23/CA2_PRSS23/ZBTB16_GNLY/RORA_GNLY/TNFSF13B_GNLY/IL23R_GNLY/IL17RE_GNLY/SLC4A10_GNLY/CA2_GNLY/CA2_PLEK/CEBPD_C1orf21"
"291",195,195,"CD4+ADSL+ Tn_CD8+KIR+TXK+ NK-like","CD4+ADSL+ Tn","CD8+KIR+TXK+ NK-like",18,15,1.828,0.00116183547968651,0.00920032156503026,0.521846153846154,"TXK_AREG/IL6R_AREG/DGKA_AREG/LDHB_AREG/TXK_KLRC3/TXK_FOSL2/DGKA_FOSL2/IL6ST_AREG/LIMS2_AREG/NOSIP_AREG/ANKRD55_AREG/IL6R_KLRC3/MYC_AREG/LIMS2_FOSL2/SELL_AREG","TXK_FOSL2/LIMS2_FOSL2/DGKA_FOSL2/TXK_AREG/MYC_AREG/IL6R_AREG/IL6ST_AREG/SELL_AREG/LDHB_AREG/LIMS2_AREG/ANKRD55_AREG/NOSIP_AREG/DGKA_AREG/TXK_KLRC3/IL6R_KLRC3/MYC_B3GNT7/PASK_B3GNT7/SELL_B3GNT7"
"388",196,195,"CD4+ISG+ Th_CD8+GZMK+ Tex","CD4+ISG+ Th","CD8+GZMK+ Tex",18,15,1.828,0.00116183547968651,0.00920032156503026,0.521846153846154,"CMPK2_HAVCR2/TNFSF13B_HAVCR2/MX2_HAVCR2/MX1_TSC22D1/TNFSF13B_NAMPT/MX2_TRPS1/MX1_NAMPT/MX1_HAVCR2/IFIT2_TRPS1/CMPK2_CCL4/TNFSF10_NAMPT/IFI44L_CCL4/IFI6_NAMPT/IFIT2_PRDM1/IFI6_HAVCR2","MX1_TSC22D1/IFIT2_PRDM1/MX2_TRPS1/IFIT2_TRPS1/IFI6_CCL3L3/IFI44L_CCL4/CMPK2_CCL4/TNFSF10_NAMPT/TNFSF13B_NAMPT/MX1_NAMPT/IFI6_NAMPT/TNFSF13B_HAVCR2/MX1_HAVCR2/IFI6_HAVCR2/MX2_HAVCR2/CMPK2_HAVCR2/IFI16_CD27/IFI16_LYST"
"391",197,195,"CD8+Tn_CD8+terminal Tex","CD8+Tn","CD8+terminal Tex",18,15,1.828,0.00116183547968651,0.00920032156503026,0.521846153846154,"TXK_NAMPT/FLT3LG_RBPJ/IFNGR2_TNFSF4/IFNGR2_HAVCR2/FLT3LG_TOX2/FLT3LG_CD70/TNFSF8_HAVCR2/FLT3LG_GEM/FLT3LG_CSF1/EEF1B2_NAMPT/CMTM8_NAMPT/EEF1B2_RBPJ/FLT3LG_TNFRSF9/TXK_HAVCR2/IL6R_NAMPT","FLT3LG_RBPJ/EEF1B2_RBPJ/FLT3LG_TOX2/NELL2_CXCL13/IFNGR2_TNFSF4/FLT3LG_CSF1/TXK_CCL3/TCF7_CD70/FLT3LG_CD70/TXK_NAMPT/CMTM8_NAMPT/IL6R_NAMPT/EEF1B2_NAMPT/FLT3LG_TNFRSF9/TXK_HAVCR2/TNFSF8_HAVCR2/IFNGR2_HAVCR2/FLT3LG_GEM"
"59",198,198,"CD4+TNF+ T_CD8+IL7R+ Tm","CD4+TNF+ T","CD8+IL7R+ Tm",12,11,2.011,0.00122395489784308,0.00949935144594632,0.523333333333333,"CD40LG_TNFAIP3/CD69_TNFAIP3/CXCR3_TNFAIP3/SIT1_TNFAIP3/ID2_GPR183/CD40LG_FTH1/CXCR3_RGCC/HOPX_RGCC/ID2_ANXA1/CXCR3_PABPC1/CD40LG_PABPC1","ID2_ANXA1/ID2_TNFAIP3/CD40LG_TNFAIP3/CXCR3_TNFAIP3/SIT1_TNFAIP3/CD69_TNFAIP3/CD40LG_FTH1/HOPX_RGCC/CXCR3_RGCC/ID2_GPR183/CD40LG_PABPC1/CXCR3_PABPC1"
"61",199,198,"CD4+TIMP1+ Tm_CD8+IL7R+ Tm","CD4+TIMP1+ Tm","CD8+IL7R+ Tm",12,11,2.011,0.00122395489784308,0.00949935144594632,0.523333333333333,"CD40LG_TNFAIP3/LMO4_TNFAIP3/FLT3LG_PABPC1/CD40LG_FTH1/S100A11_FTH1/S100A10_ANXA1/LMO4_FTH1/HOPX_RGCC/KLF2_ANXA1/S100A6_RGCC/CD40LG_PABPC1","ANXA1_TSC22D3/KLF2_ANXA1/S100A10_ANXA1/LMO4_TNFAIP3/CD40LG_TNFAIP3/LMO4_FTH1/CD40LG_FTH1/S100A11_FTH1/HOPX_RGCC/S100A6_RGCC/FLT3LG_PABPC1/CD40LG_PABPC1"
"445",200,198,"CD4+Tn_CD8+OXPHOS- Tex","CD4+Tn","CD8+OXPHOS- Tex",12,11,2.011,0.00122395489784308,0.00949935144594632,0.523333333333333,"KLF2_PHLDA1/GIMAP7_PRDM1/GIMAP7_CSF1/LINC00861_CXCL13/SCML1_PHLDA1/GIMAP7_TNFRSF18/TCF7_PRDM1/FHIT_CSF1/FHIT_TNFRSF9/PLAC8_HAVCR2/TXK_HAVCR2","TCF7_PRDM1/GIMAP7_PRDM1/LINC00861_CXCL13/GIMAP7_CSF1/FHIT_CSF1/TXK_CCL3/TXK_HAVCR2/PLAC8_HAVCR2/FHIT_TNFRSF9/GIMAP7_TNFRSF18/KLF2_PHLDA1/SCML1_PHLDA1"
"453",201,198,"CD4+CCL5+ Tm_CD8+OXPHOS- Tex","CD4+CCL5+ Tm","CD8+OXPHOS- Tex",12,11,2.011,0.00122395489784308,0.00949935144594632,0.523333333333333,"ID2_HAVCR2/CD40LG_CSF1/HOPX_PRDM1/ID2_PRDM1/HOPX_PHLDA1/CD40LG_TNFRSF9/CD40LG_HAVCR2/ID2_TNFRSF9/ZFP36L2_CSF1/IFNG_PRDM1/PTGER4_CSF1","HOPX_PRDM1/ID2_PRDM1/IFNG_PRDM1/ZFP36L2_CSF1/CD40LG_CSF1/PTGER4_CSF1/ID2_HAVCR2/CD40LG_HAVCR2/ID2_TNFRSF9/CD40LG_TNFRSF9/HOPX_PHLDA1/ALOX5AP_ACP5"
"64",202,202,"CD4+CAPG+ Tm_CD8+IL7R+ Tm","CD4+CAPG+ Tm","CD8+IL7R+ Tm",15,13,1.901,0.0012722810222674,0.00972920781733891,0.525049504950495,"CD40LG_TNFAIP3/CXCR3_TNFAIP3/ID2_GPR183/TMSB4X_ANXA1/CD40LG_FTH1/CXCR3_RGCC/S100A11_FTH1/CXCR6_TNFAIP3/HOPX_RGCC/HMGB1_GPR183/ID2_ANXA1/CXCR3_PABPC1/CD40LG_PABPC1","BHLHE40_ZFP36L2/ID2_ANXA1/TMSB4X_ANXA1/ID2_TNFAIP3/CD40LG_TNFAIP3/CXCR3_TNFAIP3/CXCR6_TNFAIP3/CD40LG_FTH1/S100A11_FTH1/HOPX_RGCC/CXCR3_RGCC/ID2_GPR183/HMGB1_GPR183/CD40LG_PABPC1/CXCR3_PABPC1"
"369",203,202,"CD4+ADSL+ Tn_CD8+GZMK+ Tex","CD4+ADSL+ Tn","CD8+GZMK+ Tex",15,13,1.901,0.0012722810222674,0.00972920781733891,0.525049504950495,"TXK_NAMPT/CMTM8_TRPS1/LIMS2_TNFSF4/IL6ST_NAMPT/ANKRD55_NAMPT/IL16_PRDM1/LDHB_NAMPT/CMTM8_NAMPT/TCF7_PRDM1/KLF2_TSC22D1/IL6ST_TRPS1/TXK_HAVCR2/IL6R_NAMPT","KLF2_TSC22D1/TCF7_PRDM1/IL16_PRDM1/CMTM8_TRPS1/IL6ST_TRPS1/TXK_CCL3/LIMS2_TNFSF4/TXK_NAMPT/CMTM8_NAMPT/IL6R_NAMPT/IL6ST_NAMPT/LDHB_NAMPT/ANKRD55_NAMPT/COTL1_CD74/TXK_HAVCR2"
"1129",204,202,"CD4+ISG+ Th_CD4+Temra","CD4+ISG+ Th","CD4+Temra",15,13,1.901,0.0012722810222674,0.00972920781733891,0.525049504950495,"MX1_PLEK/TNFSF10_GNLY/TNFSF13B_GNLY/IFIT3_GZMB/MX1_PRSS23/IFI44L_GZMB/IFIT2_GZMB/CMPK2_CCL4/MX1_GZMB/SP100_S1PR5/IFIT1_GZMB/IFI44L_CCL4/IFI6_S1PR5","IFIT3_GZMB/IFIT1_GZMB/IFI44L_GZMB/MX1_GZMB/IFIT2_GZMB/IFI44L_CCL4/CMPK2_CCL4/IFI16_CX3CR1/TNFSF10_GNLY/TNFSF13B_GNLY/SP100_S1PR5/IFI6_S1PR5/IFI16_C1orf21/MX1_PLEK/MX1_PRSS23"
"1029",205,205,"CD8+Tc17_CD4+CAPG+CREM- Tm","CD8+Tc17","CD4+CAPG+CREM- Tm",45,31,1.511,0.00131356970599277,0.00999594507974988,0.518146341463415,"IL17RE_CKLF/IL23R_BHLHE40/IL17RE_ALOX5AP/CD40LG_GZMB/CA2_BHLHE40/IL17RE_ANXA1/CA2_ZNF683/CA2_ANXA1/IL17RE_IFNGR1/IL17RE_CAPG/CA2_S100A4/IL23R_ANXA1/IL17RE_BHLHE40/IL17RE_CD99/CCR6_BHLHE40/CA2_ALOX5AP/CA2_ID2/IL17RE_HOPX/KLRB1_BHLHE40/IL17RE_CXCR3/IL17RE_IL18RAP/CD40LG_ZNF683/IL23R_CXCR6/ZBTB16_ALOX5AP/IL17RE_HCST/ZBTB16_IFNGR1/CA2_GZMB/ZBTB16_ANXA1/ZBTB16_ZNF683/IL17RE_IFNG/CA2_IFNGR1","IL17RE_HOPX/ADAM12_HOPX/CA2_ID2/CCR6_BHLHE40/IL23R_BHLHE40/IL17RE_BHLHE40/KLRB1_BHLHE40/CA2_BHLHE40/CEBPD_ZFP36L2/IL4I1_ZFP36L2/ZBTB16_ZNF683/CD40LG_ZNF683/CA2_ZNF683/ZBTB16_GZMB/CD40LG_GZMB/CA2_GZMB/IL17RE_CKLF/ADAM12_CKLF/IL17RE_IFNG/ADAM12_IFNG/IL4I1_CD40LG/ADAM12_CD40LG/IL17RE_CXCR3/IL4I1_CXCR3/ZBTB16_IFNGR1/IL17RE_IFNGR1/CA2_IFNGR1/IL23R_CXCR6/IL17RE_IL18RAP/NR1D1_GPR35/IL4I1_GPR35/ZBTB16_ALOX5AP/IL17RE_ALOX5AP/CA2_ALOX5AP/IL17RE_CAPG/IL4I1_CD52/ADAM12_CD52/ZBTB16_ANXA1/IL23R_ANXA1/IL17RE_ANXA1/LTK_ANXA1/CA2_ANXA1/IL17RE_CD99/IL17RE_HCST/CA2_S100A4"
"695",206,206,"CD4+IFNG+ Tfh/Th1_CD4+CXCR5+ pre-Tfh","CD4+IFNG+ Tfh/Th1","CD4+CXCR5+ pre-Tfh",33,24,1.595,0.00143099022501888,0.0107842741595625,0.526359223300971,"ID2_AREG/ID2_NR3C1/ID2_SLC2A3/IL21_AREG/CXCR6_SLC2A3/CCR5_SLC2A3/IFNG_SLC2A3/RDH10_AREG/DUSP4_AREG/BHLHE40_AREG/IL21_NR3C1/LAG3_SLC2A3/KRT86_AREG/ZBED2_SLC2A3/GZMA_SLC2A3/PTMS_SLC2A3/IL21_SLC2A3/CCL5_SLC2A3/PDCD1_SLC2A3/CD74_AREG/ID2_MBP/CXCR6_AREG/MYO7A_AREG/CD4_SLC2A3","PTMS_TCF7/ID2_NR3C1/IL21_NR3C1/CXCR6_NR3C1/HAVCR2_TNFSF8/ID2_AREG/BHLHE40_AREG/IFNG_AREG/IL21_AREG/CXCR6_AREG/CD74_AREG/KRT86_AREG/MYO7A_AREG/RDH10_AREG/DUSP4_AREG/ZEB2_CD40LG/GZMB_CD40LG/HAVCR2_CD40LG/HAVCR2_CXCR5/CCL4_CCR4/ZBED2_SLC2A3/ID2_SLC2A3/IFNG_SLC2A3/GZMA_SLC2A3/CCL5_SLC2A3/IL21_SLC2A3/CXCR6_SLC2A3/CCR5_SLC2A3/CD4_SLC2A3/LAG3_SLC2A3/PDCD1_SLC2A3/PTMS_SLC2A3/ID2_MBP"
"1491",207,206,"CD8+ZNF683+CXCR6+ Trm_CD4+NME1+CCR4- T","CD8+ZNF683+CXCR6+ Trm","CD4+NME1+CCR4- T",33,24,1.595,0.00143099022501888,0.0107842741595625,0.526359223300971,"ID2_GAPDH/LGALS3_GAPDH/CXCR6_GAPDH/LGALS3_ENO1/CXCR6_ENO1/CAPG_GAPDH/CAPG_ENO1/ID2_SUB1/ZFP36L2_GAPDH/CXCR3_GAPDH/ID2_ENO1/TMSB4X_GAPDH/LGALS3_GPI/TMSB4X_ENO1/ID2_GPI/LGALS3_CFL1/LDLRAD4_GAPDH/CXCR3_GPI/CAPG_TMSB10/ACTB_ENO1/ACTB_GAPDH/LDLRAD4_ENO1/CXCR3_ENO1/LDLRAD4_PHF5A","ID2_ENO1/CXCR6_ENO1/CXCR3_ENO1/CAPG_ENO1/TMSB4X_ENO1/LGALS3_ENO1/ACTB_ENO1/LDLRAD4_ENO1/ID2_SUB1/ZNF683_MEOX1/RBPJ_MEOX1/IL32_MEOX1/GZMB_MEOX1/GZMA_MEOX1/LDLRAD4_PHF5A/ID2_GPI/CXCR3_GPI/LGALS3_GPI/RBPJ_HMGB1/LGALS1_HMGB1/LGALS1_PFN1/ID2_GAPDH/ZFP36L2_GAPDH/CXCR6_GAPDH/CXCR3_GAPDH/CAPG_GAPDH/TMSB4X_GAPDH/LGALS3_GAPDH/ACTB_GAPDH/SH3BGRL3_GAPDH/LDLRAD4_GAPDH/LGALS3_CFL1/CAPG_TMSB10"
"1530",208,208,"CD8+ZNF683+CXCR6+ Trm_CD4+NME1+CCR4+ T","CD8+ZNF683+CXCR6+ Trm","CD4+NME1+CCR4+ T",23,18,1.717,0.00144117148455911,0.0108087861341933,0.521730769230769,"LGALS3_ENO1/CXCR6_ENO1/CAPG_ENO1/ID2_SUB1/ID2_ENO1/HOPX_TPM4/LGALS3_CMTM7/TMSB4X_ENO1/ZFP36L2_CMTM7/CXCR3_CMTM7/CAPG_TMSB10/LDLRAD4_TPM4/ACTB_ENO1/ITGA1_CNN2/ZFP36L2_ARHGDIB/LDLRAD4_ENO1/CXCR3_ENO1/ZFP36L2_TPM4","ID2_SUB1/ID2_ENO1/CXCR6_ENO1/CXCR3_ENO1/CAPG_ENO1/TMSB4X_ENO1/LGALS3_ENO1/ACTB_ENO1/LDLRAD4_ENO1/ZFP36L2_CMTM7/CXCR3_CMTM7/LGALS3_CMTM7/RBPJ_HMGB1/LGALS1_HMGB1/RBPJ_FLT3LG/LGALS1_PFN1/CAPG_TMSB10/ITGA1_CNN2/ZFP36L2_ARHGDIB/LGALS1_ARHGDIB/HOPX_TPM4/ZFP36L2_TPM4/LDLRAD4_TPM4"
"498",209,209,"CD4+IL26+ Th17_CD8+TCF7+ Tex","CD4+IL26+ Th17","CD8+TCF7+ Tex",58,38,1.437,0.00169105411644646,0.0126222221131889,0.52822966507177,"IL17RE_NR3C1/ID2_NR3C1/IL23R_CD200/ID2_CD200/IL17RE_GNG4/IL17RE_NMB/IL17RE_CD200/IL23R_TNFRSF4/IL23R_NMB/IL17RE_BATF/IL23R_NR3C1/IL22_NR3C1/IL17RE_IGFL2/IL17RE_TNFRSF4/CD40LG_IGFL2/ID2_IGFL2/KLRB1_IGFL2/KLRB1_TNFRSF4/TMIGD2_TNFRSF4/TMIGD2_IGFBP4/ERN1_NR3C1/IL17RE_IFNAR2/RORA_IGFL2/TMIGD2_NR3C1/CD40LG_TNFRSF4/CAPG_NMB/IL22_CD200/CXCR6_TNFRSF4/IL17RE_TOX/IL17RE_IGFBP4/IL22_TNFRSF4/TNFSF13B_CD200/CAPG_CD200/CTSH_CD200/IL26_TNFRSF4/IL22_NMB/ID2_NMB/CA10_CD200","ANKRD28_TSHZ2/IL17RE_TCF7/ANKRD28_TCF7/ID2_NR3C1/IL22_NR3C1/CXCR6_NR3C1/IL23R_NR3C1/IL17RE_NR3C1/ERN1_NR3C1/TMIGD2_NR3C1/IL17RE_TOX/CEBPD_BATF/IL17RE_BATF/IL4I1_TNFSF8/TNFSF14_CD40LG/IL4I1_CD40LG/ANKRD28_CD40LG/CEBPD_IL6R/ANKRD28_IL6R/CEBPD_IFNAR2/IL17RE_IFNAR2/ID2_CD200/TNFSF13B_CD200/IL22_CD200/IL23R_CD200/IL17RE_CD200/CTSH_CD200/CA10_CD200/CAPG_CD200/IL23R_GNG4/IL17RE_GNG4/KLRB1_GNG4/IL26_TNFRSF4/CD40LG_TNFRSF4/IL22_TNFRSF4/CXCR6_TNFRSF4/IL23R_TNFRSF4/IL17RE_TNFRSF4/KLRB1_TNFRSF4/TMIGD2_TNFRSF4/RORA_IGFL2/ID2_IGFL2/CD40LG_IGFL2/GZMA_IGFL2/IL17RE_IGFL2/KLRB1_IGFL2/CTSH_IGFL2/CEBPD_CPM/ID2_NMB/IL22_NMB/IL23R_NMB/IL17RE_NMB/CAPG_NMB/RUNX2_SESN3/ANKRD28_SESN3/IL4I1_BTLA/IL17RE_IGFBP4/TMIGD2_IGFBP4"
"700",210,210,"CD4+ISG+ Th_CD4+CXCR5+ pre-Tfh","CD4+ISG+ Th","CD4+CXCR5+ pre-Tfh",20,16,1.755,0.00178897265931462,0.0132265277181555,0.538428571428571,"TNFSF13B_AREG/IRF7_AREG/SP100_AREG/MX1_AREG/IFI6_NR3C1/IFIT1_SLC2A3/MX1_SLC2A3/IFIT3_AREG/IFI6_PABPC1/PLSCR1_AREG/MX2_AREG/MX2_NR3C1/IFI6_AREG/ISG15_AREG/STAT1_SLC2A3/TNFSF10_AREG","IFI6_NR3C1/MX2_NR3C1/PLSCR1_AREG/IRF7_AREG/SP100_AREG/TNFSF10_AREG/TNFSF13B_AREG/IFIT3_AREG/MX1_AREG/ISG15_AREG/IFI6_AREG/MX2_AREG/IFI16_CD40LG/SP100_PASK/STAT1_SLC2A3/TNFSF10_SLC2A3/TNFSF13B_SLC2A3/IFIT1_SLC2A3/MX1_SLC2A3/IFI6_PABPC1"
"1262",211,210,"CD8+ISG+ CD8+ T_CD4+IFNG+ Tfh/Th1","CD8+ISG+ CD8+ T","CD4+IFNG+ Tfh/Th1",20,16,1.755,0.00178897265931462,0.0132265277181555,0.538428571428571,"CMPK2_HAVCR2/IFI6_LAG3/SP100_RBPJ/MX1_LAG3/IFIT3_GZMB/MX1_HAVCR2/IFI6_RBPJ/IFI44L_GZMB/CMPK2_CCL4/MX1_GZMB/OAS1_HAVCR2/IFIT1_GZMB/IFI44L_CCL4/IFI6_HAVCR2/IFIT1_LAG3/TNFSF10_RBPJ","STAT2_ID2/SP100_RBPJ/TNFSF10_RBPJ/MX1_RBPJ/IFI6_RBPJ/IFI44L_CCL4/CMPK2_CCL4/IFIT1_GZMB/IFIT3_GZMB/IFI44L_GZMB/MX1_GZMB/OAS1_GZMB/OAS3_GZMB/IFIT1_LAG3/MX1_LAG3/IFI6_LAG3/MX1_HAVCR2/IFI6_HAVCR2/OAS1_HAVCR2/CMPK2_HAVCR2"
"852",212,212,"CD4+TNFRSF9- Treg_CD4+AREG+ Tm","CD4+TNFRSF9- Treg","CD4+AREG+ Tm",8,8,2.194,0.001855686444394,0.0136550511945974,0.539764150943396,"IKZF2_AREG/VAV3_AREG/TTN_AREG/CEACAM4_AREG/IKZF4_PABPC1/FCRL3_AREG/RTKN2_AREG/SELL_AREG","IKZF2_AREG/RTKN2_AREG/FCRL3_AREG/CEACAM4_AREG/SELL_AREG/VAV3_AREG/TTN_AREG/IKZF4_PABPC1"
"925",213,213,"CD4+Temra_CD4+CREM+ Tm","CD4+Temra","CD4+CREM+ Tm",30,22,1.609,0.00189884185458587,0.013907010765981,0.541830985915493,"C1orf21_SRGN/FGFBP2_AREG/C1orf21_ZNF331/C1orf21_TNFAIP3/C1orf21_NR4A2/HOPX_SRGN/C1orf21_AREG/GZMM_TNFAIP3/IL5RA_AREG/C1orf21_CREM/C1orf21_FTH1/HOPX_CREM/HOPX_AREG/CX3CR1_AREG/GZMK_TNFAIP3/FASLG_AREG/CMKLR1_FTH1/FGFBP2_SRGN/GZMM_SRGN/CX3CR1_ZFP36/CX3CR1_TNFAIP3/IL5RA_CREM","HOPX_CREM/IL5RA_CREM/FGFBP2_CREM/C1orf21_CREM/GNLY_ZFP36L2/PRSS23_ZFP36L2/C1orf21_ZNF331/C1orf21_NR4A2/HOPX_AREG/XCL2_AREG/FASLG_AREG/CX3CR1_AREG/IL5RA_AREG/IL18RAP_AREG/FGFBP2_AREG/C1orf21_AREG/GNLY_GPR35/CX3CR1_ZFP36/CX3CR1_FTH1/CMKLR1_FTH1/C1orf21_FTH1/HOPX_SRGN/GZMM_SRGN/FGFBP2_SRGN/C1orf21_SRGN/GZMM_TNFAIP3/GZMK_TNFAIP3/CX3CR1_TNFAIP3/C1orf21_TNFAIP3/PRSS23_PTGER4"
"610",214,214,"CD4+CAPG+ Tm_CD8+NME1+ T","CD4+CAPG+ Tm","CD8+NME1+ T",37,26,1.542,0.00205771778126946,0.0149304173896761,0.548317757009346,"COTL1_ENO1/CD40LG_ENO1/ID2_GAPDH/IL2RG_ENO1/CXCR6_GAPDH/CXCR6_ENO1/CAPG_GAPDH/CAPG_ENO1/PFN1_GAPDH/CD40LG_GPI/CXCR3_GAPDH/COTL1_GAPDH/ID2_ENO1/TMSB4X_GAPDH/PFN1_ENO1/COTL1_KIF20A/TMSB4X_ENO1/ID2_GPI/HMGB1_GAPDH/IL2RG_GAPDH/HMGB1_ENO1/CXCR3_GPI/ACTB_ENO1/ACTB_GAPDH/CXCR3_ENO1/TGFB1_ENO1","ID2_ENO1/TGFB1_ENO1/CD40LG_ENO1/HMGB1_ENO1/CXCR3_ENO1/CD74_ENO1/IL2RG_ENO1/CXCR6_ENO1/TMSB4X_ENO1/ACTB_ENO1/CAPG_ENO1/PFN1_ENO1/COTL1_ENO1/RBPJ_GTF3A/RBPJ_MYB/TGFB1_MYB/HMGB1_MYB/PFN1_MYB/RBPJ_HMGB1/ID2_GPI/CD40LG_GPI/CXCR3_GPI/COTL1_CD74/BHLHE40_CXCR3/ALOX5AP_CXCR3/ID2_GAPDH/HMGB1_GAPDH/CXCR3_GAPDH/IL2RG_GAPDH/CXCR6_GAPDH/SH3BGRL3_GAPDH/TMSB4X_GAPDH/ACTB_GAPDH/CAPG_GAPDH/PFN1_GAPDH/COTL1_GAPDH/COTL1_KIF20A"
"1235",215,214,"CD4+CAPG+ Tm_CD4+IL21+ Tfh","CD4+CAPG+ Tm","CD4+IL21+ Tfh",37,26,1.542,0.00205771778126946,0.0149304173896761,0.548317757009346,"ID2_NR3C1/ID2_RBPJ/ID2_CD200/HMGB1_NMB/CXCR3_CD200/CD40LG_IGFL2/CXCR3_NR3C1/CD40LG_TNFSF4/ID2_IGFL2/HMGB1_RBPJ/S100A11_CD200/HOPX_TNFSF4/CAPG_TNFSF4/CD52_IGFL2/ID2_TOX2/CXCR3_NMB/PFN1_NMB/CAPG_NMB/ACTB_IGFL2/CD52_NMB/CXCR3_GNG4/CXCR3_IGFL2/CAPG_CD200/TMSB4X_IGFL2/ID2_NMB/COTL1_NR3C1","ID2_NR3C1/CXCR3_NR3C1/CXCR6_NR3C1/COTL1_NR3C1/ID2_TOX2/ID2_RBPJ/HMGB1_RBPJ/BHLHE40_IL21/HOPX_TNFSF4/CD40LG_TNFSF4/CAPG_TNFSF4/S100A11_TNFSF4/TGFB1_CD40LG/IL32_CXCR5/CXCR3_GNG4/ID2_CD200/CXCR3_CD200/TMSB4X_CD200/CAPG_CD200/S100A11_CD200/ID2_NMB/HMGB1_NMB/CXCR3_NMB/CAPG_NMB/CD52_NMB/PFN1_NMB/ID2_IGFL2/GZMA_IGFL2/CD40LG_IGFL2/CXCR3_IGFL2/TMSB4X_IGFL2/ACTB_IGFL2/CD52_IGFL2/RBPJ_CPM/BHLHE40_ITM2A/RBPJ_ITM2A/TGFB1_ITM2A"
"293",216,216,"CD4+TNF+ T_CD8+KIR+TXK+ NK-like","CD4+TNF+ T","CD8+KIR+TXK+ NK-like",17,14,1.807,0.00215110794897694,0.0155357796315001,0.555324074074074,"ID2_AREG/CXCR3_AREG/CD40LG_AREG/CD69_AREG/CAPG_AREG/CD52_AREG/CCR2_AREG/CD99_AREG/CD99_FOSL2/HOPX_FOSL2/HOPX_AREG/SIT1_AREG/MYL12A_AREG/FASLG_AREG","HOPX_FOSL2/CD99_FOSL2/HOPX_AREG/ID2_AREG/CD40LG_AREG/IFNG_AREG/FASLG_AREG/CCR2_AREG/CXCR3_AREG/CD52_AREG/MYL12A_AREG/SIT1_AREG/CAPG_AREG/CD69_AREG/CD99_AREG/CISH_B3GNT7/LCP2_B3GNT7"
"1395",217,217,"CD4+CCR6+ Th17_CD4+TNFRSF9+ Treg","CD4+CCR6+ Th17","CD4+TNFRSF9+ Treg",55,36,1.436,0.0022795718962958,0.0163877057982555,0.556405529953917,"ABCB1_IL2RA/ABCB1_NAMPT/FLT3LG_PMAIP1/GPR35_PMAIP1/CD40LG_CSF1/KLRB1_PMAIP1/DPP4_PMAIP1/ABCB1_IKZF2/DPP4_NAMPT/TNFSF13B_NAMPT/HOPX_PMAIP1/ABCB1_PMAIP1/FLT3LG_CD70/KLRB1_TNFRSF4/MYBL1_PMAIP1/FLT3LG_CSF1/CD40LG_TNFRSF9/ZFP36L2_CD70/CD40LG_TNFRSF4/ZFP36L2_PMAIP1/CAPG_PMAIP1/GPR35_TNFRSF4/ZFP36L2_CSF1/KLRB1_NAMPT/ABCB1_CD70/ABCB1_TNFRSF18/ZFP36L2_NAMPT/ABCB1_LAYN/ABCB1_TBC1D4/HOPX_NAMPT/TNFSF13B_PMAIP1/VIM_PMAIP1/FLT3LG_TNFRSF9/CD40LG_PMAIP1/CD40LG_NAMPT/ABCB1_IL1R2","IL4I1_FOXP3/ABCB1_IKZF2/IL4I1_ZBTB32/HOPX_NAMPT/ZFP36L2_NAMPT/TNFSF13B_NAMPT/CD40LG_NAMPT/KLRB1_NAMPT/ABCB1_NAMPT/DPP4_NAMPT/MYBL1_EBI3/IL4I1_CCL22/IL4I1_LTA/ZFP36L2_CSF1/CD40LG_CSF1/FLT3LG_CSF1/ZFP36L2_CD70/FLT3LG_CD70/ABCB1_CD70/CXCR4_IL1RN/ANXA1_IL1RN/BHLHE40_IL7/TIMP1_IL7/IFNGR1_IL7/IL4I1_IL7/VIM_IL7/ABCB1_IL2RA/ABCB1_IL1R2/ABCB1_LAYN/ABCB1_TNFRSF18/CD40LG_TNFRSF9/FLT3LG_TNFRSF9/CCR6_TNFRSF9/CD40LG_TNFRSF4/GPR35_TNFRSF4/KLRB1_TNFRSF4/MYBL1_CARD16/IFNGR1_CARD16/ANXA1_CARD16/VIM_CARD16/BHLHE40_LAIR2/MYBL1_LAIR2/ABCB1_TBC1D4/HOPX_PMAIP1/ZFP36L2_PMAIP1/MYBL1_PMAIP1/TNFSF13B_PMAIP1/CD40LG_PMAIP1/FLT3LG_PMAIP1/GPR35_PMAIP1/KLRB1_PMAIP1/VIM_PMAIP1/CAPG_PMAIP1/ABCB1_PMAIP1/DPP4_PMAIP1"
"507",218,218,"CD4+NME1+CCR4+ T_CD8+TCF7+ Tex","CD4+NME1+CCR4+ T","CD8+TCF7+ Tex",32,23,1.577,0.00232469263596722,0.0165594543931911,0.556146788990826,"FLT3LG_NR3C1/FLT3LG_CD200/HDAC1_NMB/HMGB1_NMB/IL6R_NMB/COTL1_TNFRSF4/KLF2_IGFL2/COTL1_IGFBP4/IL6R_TNFRSF4/IL6R_GNG4/IL6R_IGFL2/PFN1_NMB/IFNAR2_CD200/IL16_IGFL2/ACTB_IGFL2/FLT3LG_IGFBP4/CNN2_IGFL2/FLT3LG_IGFL2/ARHGDIB_NMB/IL6R_CD200/IL6R_IGFBP4/IFNAR2_NMB/COTL1_NR3C1","FLT3LG_NR3C1/COTL1_NR3C1/ENO1_BATF/ENO1_EBI3/CD74_EBI3/ENO1_CD40LG/CNN2_CD40LG/ENO1_IL6R/TMSB10_IL6R/CNN2_IL6R/FLT3LG_CD200/IL6R_CD200/IFNAR2_CD200/IL6R_GNG4/IL6R_TNFRSF4/COTL1_TNFRSF4/KLF2_IGFL2/FLT3LG_IGFL2/IL16_IGFL2/IL6R_IGFL2/ACTB_IGFL2/CNN2_IGFL2/ENO1_CPM/HDAC1_NMB/HMGB1_NMB/IL6R_NMB/IFNAR2_NMB/PFN1_NMB/ARHGDIB_NMB/FLT3LG_IGFBP4/IL6R_IGFBP4/COTL1_IGFBP4"
"594",219,218,"CD8+ZNF683+CXCR6+ Trm_CD8+NME1+ T","CD8+ZNF683+CXCR6+ Trm","CD8+NME1+ T",32,23,1.577,0.00232469263596722,0.0165594543931911,0.556146788990826,"ID2_GAPDH/LGALS3_GAPDH/CXCR6_GAPDH/LGALS3_ENO1/CXCR6_ENO1/CAPG_GAPDH/CAPG_ENO1/ZFP36L2_GAPDH/CXCR3_GAPDH/ID2_ENO1/TMSB4X_GAPDH/LGALS3_GPI/TMSB4X_ENO1/LGALS3_KIF20A/ID2_GPI/LDLRAD4_GAPDH/LGALS3_CENPA/LDLRAD4_GTF3A/CXCR3_GPI/ACTB_ENO1/ACTB_GAPDH/LDLRAD4_ENO1/CXCR3_ENO1","ID2_ENO1/CXCR6_ENO1/CXCR3_ENO1/CAPG_ENO1/TMSB4X_ENO1/LGALS3_ENO1/ACTB_ENO1/LDLRAD4_ENO1/RBPJ_GTF3A/LDLRAD4_GTF3A/RBPJ_MYB/LGALS1_MYB/ITGA1_MYB/RBPJ_HMGB1/LGALS1_HMGB1/ID2_GPI/CXCR3_GPI/LGALS3_GPI/LGALS1_CXCR3/LGALS1_PFN1/LGALS3_CENPA/ID2_GAPDH/ZFP36L2_GAPDH/CXCR6_GAPDH/CXCR3_GAPDH/CAPG_GAPDH/TMSB4X_GAPDH/LGALS3_GAPDH/ACTB_GAPDH/SH3BGRL3_GAPDH/LDLRAD4_GAPDH/LGALS3_KIF20A"
"702",220,220,"CD4+NME1+CCR4+ T_CD4+CXCR5+ pre-Tfh","CD4+NME1+CCR4+ T","CD4+CXCR5+ pre-Tfh",39,27,1.519,0.00239257427613287,0.0169655266853058,0.552090909090909,"IL6R_AREG/FLT3LG_NR3C1/ARHGDIB_AREG/IL6R_PABPC1/KLF2_SLC2A3/IFNAR2_SLC2A3/TMSB10_AREG/FLT3LG_PASK/CORO1A_SLC2A3/FLT3LG_AREG/FLT3LG_SLC2A3/ARPC1B_AREG/IL6R_SLC2A3/HDAC1_AREG/IFNAR2_AREG/FLT3LG_PABPC1/HMGB1_SLC2A3/IL6R_NR4A2/HMGB1_AREG/IFNAR2_PABPC1/CD74_AREG/ARHGDIB_SLC2A3/PFN1_AREG/SCAND1_SLC2A3/IL32_SLC2A3/IFNAR2_NR4A2/COTL1_NR3C1","FLT3LG_NR3C1/COTL1_NR3C1/IL6R_NR4A2/IFNAR2_NR4A2/ENO1_CMTM8/HDAC1_AREG/SCAND1_AREG/HMGB1_AREG/FLT3LG_AREG/CD74_AREG/IL6R_AREG/IFNAR2_AREG/PFN1_AREG/TMSB10_AREG/ARPC1B_AREG/ARHGDIB_AREG/ENO1_CD40LG/CNN2_CD40LG/ENO1_CXCR5/IL32_CXCR5/CMTM7_CXCR5/ENO1_IL6ST/FLT3LG_PASK/ENO1_FAAH2/CNN2_FAAH2/KLF2_SLC2A3/SCAND1_SLC2A3/IL32_SLC2A3/HMGB1_SLC2A3/FLT3LG_SLC2A3/IL6R_SLC2A3/IFNAR2_SLC2A3/CORO1A_SLC2A3/COTL1_SLC2A3/ARHGDIB_SLC2A3/ENO1_MBP/FLT3LG_PABPC1/IL6R_PABPC1/IFNAR2_PABPC1"
"454",221,221,"CD4+CAPG+ Tm_CD8+OXPHOS- Tex","CD4+CAPG+ Tm","CD8+OXPHOS- Tex",14,12,1.88,0.00244515723661725,0.0172599334349453,0.562533936651584,"ID2_HAVCR2/CD40LG_CSF1/HOPX_PRDM1/ID2_PRDM1/CXCR3_PRDM1/HOPX_PHLDA1/CD40LG_TNFRSF9/CD40LG_HAVCR2/ID2_TNFRSF9/CXCR6_TNFRSF9/CAPG_HAVCR2/CD52_HAVCR2","HOPX_PRDM1/ID2_PRDM1/CXCR3_PRDM1/CD40LG_CSF1/COTL1_CSF1/ID2_HAVCR2/CD40LG_HAVCR2/CAPG_HAVCR2/CD52_HAVCR2/ID2_TNFRSF9/CD40LG_TNFRSF9/CXCR6_TNFRSF9/HOPX_PHLDA1/ALOX5AP_ACP5"
"900",222,222,"CD8+ZNF683+CXCR6- Tm_CD4+CREM+ Tm","CD8+ZNF683+CXCR6- Tm","CD4+CREM+ Tm",11,10,1.994,0.00247971578591248,0.0174250298469526,0.57981981981982,"CD52_AREG/SIT1_TNFAIP3/TRAF3IP3_TNFAIP3/TRAF3IP3_CREM/SIT1_AREG/TRAF3IP3_AREG/SIT1_SRGN/MYL12A_AREG/PFN1_AREG/CD52_SRGN","TRAF3IP3_CREM/CD52_AREG/TRAF3IP3_AREG/SIT1_AREG/MYL12A_AREG/PFN1_AREG/CD52_SRGN/SIT1_SRGN/TRAF3IP3_TNFAIP3/SIT1_TNFAIP3/IL32_PTGER4"
"1435",223,223,"CD4+IL26+ Th17_CD4+ISG+ Treg","CD4+IL26+ Th17","CD4+ISG+ Treg",34,24,1.549,0.00277204098013811,0.0193918561839258,0.584887892376682,"ID2_NAMPT/CTSH_NAMPT/IL23R_NAMPT/IL17RE_BATF/IL17RE_NAMPT/CD40LG_CSF1/ERN1_NAMPT/IL17RE_CD70/TNFSF13B_NAMPT/IL17RE_CSF1/IL17RE_IL1R2/MGAT4A_NAMPT/IL22_NAMPT/IL22_CD70/CXCR6_CD70/TMIGD2_CD70/IL17RE_IL2RA/KLRB1_NAMPT/IL23R_CD70/IL22_IL32/CA10_NAMPT/IL23R_CSF1/IL23R_IL2RB/CD40LG_NAMPT","IL4I1_FOXP3/IL4I1_ETV7/ANKRD28_ETV7/CEBPD_BATF/IL17RE_BATF/IL22_IL32/IL4I1_LTA/IL22_TNFSF10/CD40LG_CSF1/IL23R_CSF1/IL17RE_CSF1/ID2_NAMPT/TNFSF13B_NAMPT/CD40LG_NAMPT/IL22_NAMPT/IL23R_NAMPT/IL17RE_NAMPT/KLRB1_NAMPT/CTSH_NAMPT/CA10_NAMPT/MGAT4A_NAMPT/ERN1_NAMPT/CEBPD_IL7/RUNX2_IL7/IL4I1_IL7/ANKRD28_IL7/IL22_CD70/CXCR6_CD70/IL23R_CD70/IL17RE_CD70/TMIGD2_CD70/IL17RE_IL2RA/IL17RE_IL1R2/IL23R_IL2RB"
"307",224,224,"CD4+S1PR1+ Treg_CD8+KIR+TXK+ NK-like","CD4+S1PR1+ Treg","CD8+KIR+TXK+ NK-like",29,21,1.589,0.00311139686608837,0.0216686567459726,0.588080357142857,"PI16_AREG/IKZF2_AREG/KLF3_AREG/TTN_AREG/PI16_LAT2/HPGD_KLRC3/PI16_FAM3C/CCDC141_AREG/HPGD_AREG/FLT3LG_AREG/PI16_FOSL2/KLF3_KLRC3/KLF3_REL/KLF3_FOSL2/HPGD_IKZF2/RTKN2_AREG/HLA-DRB1_AREG/HPGD_LAT2/CD74_AREG/HPGD_IL32/SELL_AREG","HPGD_IKZF2/KLF3_FOSL2/PI16_FOSL2/KLF3_REL/IKZF2_AREG/KLF3_AREG/FLT3LG_AREG/CD74_AREG/RTKN2_AREG/SELL_AREG/HLA-DRB1_AREG/TTN_AREG/CCDC141_AREG/HPGD_AREG/PI16_AREG/KLF3_FAM3C/PI16_FAM3C/HPGD_IL32/IKZF2_KIR3DL2/HPGD_TYROBP/KLF3_KLRC3/HPGD_KLRC3/HPGD_LAT2/PI16_LAT2/IL32_B3GNT7/CD74_B3GNT7/RTKN2_B3GNT7/SELL_B3GNT7/CPNE2_B3GNT7"
"131",225,225,"CD8+Tc17_CD8+GZMK+ early Tem","CD8+Tc17","CD8+GZMK+ early Tem",19,15,1.732,0.00318747857382921,0.0220998514452159,0.5984,"CA2_CST7/CA2_CMC1/CD40LG_DUSP2/CA2_CD74/CA2_CXCR5/IL23R_CRTAM/CA2_CD44/IL17RE_CD44/KLRB1_CST7/IL17RE_DUSP2/CA2_DTHD1/IL17RE_CMC1/ZBTB16_DTHD1/IL23R_CXCR5/ZBTB16_CST7","IL4I1_CXCR4/CA2_CD74/IL23R_CXCR5/CA2_CXCR5/IL17RE_CD44/CA2_CD44/CD40LG_DUSP2/IL17RE_DUSP2/IL17RE_CMC1/CA2_CMC1/ZBTB16_CST7/KLRB1_CST7/CA2_CST7/IL4I1_TRAT1/ZBTB16_DTHD1/CA2_DTHD1/ADAM12_PIK3R1/IL23R_CRTAM/CA2_CRTAM"
"1488",226,226,"CD8+Temra_CD4+NME1+CCR4- T","CD8+Temra","CD4+NME1+CCR4- T",36,25,1.523,0.00323494315636134,0.0223296961235562,0.597433628318584,"ASCL2_ENO1/FGFBP2_ENO1/KLF3_GAPDH/KLF3_ENO1/FGFBP2_GAPDH/CMKLR1_ENO1/C1orf21_PKM/KLF3_GPI/CX3CR1_GAPDH/C1orf21_GPI/ASCL2_PKM/C1orf21_GAPDH/C1orf21_CKLF/TBX21_ENO1/KLRD1_GAPDH/CX3CR1_ENO1/GZMM_ENO1/KLF3_SUB1/ASCL2_PHF5A/C1orf21_ACTG1/C1orf21_TMSB10/ASCL2_IL2RA/CMKLR1_GAPDH/ASCL2_HMGA1/ZEB2_GAPDH","ASCL2_ENO1/KLF3_ENO1/TBX21_ENO1/GZMM_ENO1/CX3CR1_ENO1/CMKLR1_ENO1/FGFBP2_ENO1/C1orf21_ENO1/ASCL2_HMGA1/KLF3_SUB1/ZEB2_MEOX1/GZMB_MEOX1/GZMA_MEOX1/CXCR2_MEOX1/CXCR1_MEOX1/S1PR5_MEOX1/PRSS23_MEOX1/ASCL2_PHF5A/ASCL2_GPI/KLF3_GPI/CX3CR1_GPI/C1orf21_GPI/ZEB2_EBI3/C1orf21_CKLF/ASCL2_IL2RA/C1orf21_ACTG1/KLF3_GAPDH/ZEB2_GAPDH/CX3CR1_GAPDH/CMKLR1_GAPDH/FGFBP2_GAPDH/KLRD1_GAPDH/C1orf21_GAPDH/ASCL2_PKM/C1orf21_PKM/C1orf21_TMSB10"
"60",227,227,"CD4+AREG+ Tm_CD8+IL7R+ Tm","CD4+AREG+ Tm","CD8+IL7R+ Tm",24,18,1.645,0.00331095557635556,0.022753703520329,0.601497797356828,"KLF3_RGCC/CD40LG_TNFAIP3/KLF3_TNFAIP3/PTGER2_ANXA1/KLF3_ANXA1/TCF7_TNFAIP3/PTGER2_FTH1/PLAC8_FTH1/CD40LG_FTH1/PTGER2_PABPC1/EEF1B2_FTH1/TPT1_TNFAIP3/ZFP36L2_PABPC1/TCF7_FTH1/KLF2_ANXA1/TPT1_RGCC/CD40LG_PABPC1/ZFP36L2_TNFAIP3","AREG_ZFP36L2/PABPC1_ZFP36L2/ANXA1_TSC22D3/AREG_BTG1/KLF2_ANXA1/KLF3_ANXA1/PTGER2_ANXA1/AREG_LMNA/ZFP36L2_TNFAIP3/KLF3_TNFAIP3/TCF7_TNFAIP3/CD40LG_TNFAIP3/TPT1_TNFAIP3/TCF7_FTH1/CD40LG_FTH1/EEF1B2_FTH1/PTGER2_FTH1/PLAC8_FTH1/KLF3_RGCC/AREG_RGCC/TPT1_RGCC/ZFP36L2_PABPC1/CD40LG_PABPC1/PTGER2_PABPC1"
"844",228,228,"CD4+CAPG+ Tm_CD4+AREG+ Tm","CD4+CAPG+ Tm","CD4+AREG+ Tm",31,22,1.557,0.00373709415317582,0.0254579339692327,0.605350877192982,"ID2_AREG/CXCR3_AREG/CD40LG_AREG/TIMP1_AREG/S100A11_AREG/CAPG_AREG/CD52_AREG/TMSB4X_AREG/ID2_GPR183/TMSB4X_ANXA1/BHLHE40_AREG/ID2_EEF1A1/HOPX_AREG/HMGB1_AREG/HMGB1_GPR183/PPARG_AREG/CD74_AREG/PFN1_AREG/ID2_ANXA1/CXCR3_PABPC1/CXCR6_AREG/CD40LG_PABPC1","BHLHE40_ZFP36L2/TIMP1_KLF2/TGFB1_KLF2/RBPJ_KLF3/TGFB1_CD40LG/HOPX_AREG/BHLHE40_AREG/ID2_AREG/PPARG_AREG/TIMP1_AREG/CD40LG_AREG/HMGB1_AREG/CXCR3_AREG/CD74_AREG/CXCR6_AREG/TMSB4X_AREG/CAPG_AREG/CD52_AREG/PFN1_AREG/S100A11_AREG/ID2_ANXA1/TMSB4X_ANXA1/ID2_EEF1A1/ID2_GPR183/HMGB1_GPR183/CD40LG_PABPC1/CXCR3_PABPC1/RBPJ_EEF1B2/TGFB1_PTGER2/ALOX5AP_PTGER2/SH3BGRL3_PLAC8"
"1390",229,228,"CD4+CCL5+ Tm_CD4+TNFRSF9+ Treg","CD4+CCL5+ Tm","CD4+TNFRSF9+ Treg",31,22,1.557,0.00373709415317582,0.0254579339692327,0.605350877192982,"ID2_NAMPT/PTGER4_NAMPT/ID2_PMAIP1/ITGA1_PMAIP1/PTGER4_IL32/CD40LG_CSF1/HOPX_PMAIP1/CD40LG_TNFRSF9/ZFP36L2_CD70/CD40LG_TNFRSF4/ZFP36L2_PMAIP1/ID2_TNFRSF9/ZFP36L2_CSF1/ID2_IKZF4/PTGER4_TNFRSF4/ZFP36L2_NAMPT/HOPX_NAMPT/IFNG_PMAIP1/CD40LG_PMAIP1/CD40LG_NAMPT/PTGER4_CSF1/PARP8_NAMPT","ID2_IKZF4/PTGER4_IL32/ZFP36L2_NAMPT/HOPX_NAMPT/ID2_NAMPT/CD40LG_NAMPT/PARP8_NAMPT/PTGER4_NAMPT/ZFP36L2_CSF1/CD40LG_CSF1/PTGER4_CSF1/ZFP36L2_CD70/CXCR4_IL1RN/ANXA1_IL1RN/ALOX5AP_IL1RN/BHLHE40_IL7/IFNGR1_IL7/ID2_TNFRSF9/CD40LG_TNFRSF9/CD40LG_TNFRSF4/PTGER4_TNFRSF4/CCL4_CARD16/IFNGR1_CARD16/ANXA1_CARD16/BHLHE40_LAIR2/ZFP36L2_PMAIP1/HOPX_PMAIP1/ID2_PMAIP1/CD40LG_PMAIP1/IFNG_PMAIP1/ITGA1_PMAIP1"
"698",230,230,"CD4+TNFRSF9+ Treg_CD4+CXCR5+ pre-Tfh","CD4+TNFRSF9+ Treg","CD4+CXCR5+ pre-Tfh",58,37,1.399,0.00387132774922161,0.02625770125559,0.602130434782609,"IKZF2_AREG/IL7_AREG/CARD16_AREG/IL1RN_SLC2A3/IL7_SLC2A3/ZBTB32_NR3C1/LAIR2_AREG/TBC1D4_NR3C1/BATF_AREG/CCL22_SLC2A3/CARD16_SLC2A3/IL7_LEF1/IL7_NR3C1/BATF_SLC2A3/CCR8_SLC2A3/IL2RB_SLC2A3/IKZF4_PABPC1/LAYN_SLC2A3/IL1RN_AREG/EBI3_AREG/CCL22_AREG/EBI3_SLC2A3/CCL22_PASK/LAYN_AREG/TBC1D4_SLC2A3/CD74_AREG/IKZF2_SLC2A3/ZBTB32_SLC2A3/IKZF4_SLC2A3/ZBTB32_PABPC1/IL7_PABPC1/CSF1_SLC2A3/IL32_SLC2A3/LAIR2_NR3C1/IL2RB_AREG/LTA_SLC2A3/EBI3_PABPC1","CD70_TCF7/TNFRSF4_TCF7/ZBTB32_NR3C1/IL7_NR3C1/LAIR2_NR3C1/TBC1D4_NR3C1/PMAIP1_TSHZ2/IL7_LEF1/NAMPT_CMTM8/BATF_AREG/IKZF2_AREG/EBI3_AREG/CCL22_AREG/IL1RN_AREG/IL7_AREG/IL2RB_AREG/CD74_AREG/LAYN_AREG/CARD16_AREG/LAIR2_AREG/NAMPT_CD40LG/CSF1_CD40LG/TNFRSF9_CD40LG/TNFRSF4_CD40LG/PMAIP1_CD40LG/IL32_CXCR5/NAMPT_CXCR5/CD70_CXCR5/TNFRSF9_CXCR5/TNFRSF4_CXCR5/NAMPT_IL6ST/CD70_IL6ST/IL1RN_CXCR4/CCL22_PASK/NAMPT_FAAH2/TNFRSF4_FAAH2/BATF_SLC2A3/IKZF2_SLC2A3/IKZF4_SLC2A3/ZBTB32_SLC2A3/IL32_SLC2A3/EBI3_SLC2A3/CCL22_SLC2A3/LTA_SLC2A3/CSF1_SLC2A3/IL1RN_SLC2A3/IL7_SLC2A3/CCR8_SLC2A3/IL2RB_SLC2A3/LAYN_SLC2A3/TNFRSF18_SLC2A3/CARD16_SLC2A3/TBC1D4_SLC2A3/PMAIP1_FAM177A1/IKZF4_PABPC1/ZBTB32_PABPC1/EBI3_PABPC1/IL7_PABPC1"
"310",231,231,"CD4+ISG+ Th_CD8+KIR+TXK+ NK-like","CD4+ISG+ Th","CD8+KIR+TXK+ NK-like",16,13,1.782,0.00394124603130511,0.0266162069646579,0.60969696969697,"TNFSF13B_AREG/IRF7_AREG/SP100_AREG/MX1_AREG/MX1_TYROBP/IFIT3_AREG/MX1_LAT2/IFI6_KLRC3/PLSCR1_AREG/MX2_AREG/IFI6_AREG/ISG15_AREG/TNFSF10_AREG","PLSCR1_AREG/IRF7_AREG/SP100_AREG/TNFSF10_AREG/TNFSF13B_AREG/IFIT3_AREG/MX1_AREG/ISG15_AREG/IFI6_AREG/MX2_AREG/MX1_TYROBP/IFI6_KLRC3/MX1_LAT2/STAT1_B3GNT7/IFI16_B3GNT7/RSAD2_B3GNT7"
"1057",232,232,"CD8+GZMK+ early Tem_CD4+GZMK+ Tem","CD8+GZMK+ early Tem","CD4+GZMK+ Tem",7,7,2.194,0.00407567587677922,0.0274054067576534,0.616422413793103,"ENC1_NR4A2/PIK3R1_NR4A2/CCR4_CST7/ENC1_LITAF/DKK3_NR4A2/PIK3R1_RUNX3/CCR4_CCL4","ENC1_LITAF/PIK3R1_RUNX3/DKK3_NR4A2/ENC1_NR4A2/PIK3R1_NR4A2/CCR4_CCL4/CCR4_CST7"
"928",233,233,"CD4+IL21+ Tfh_CD4+CREM+ Tm","CD4+IL21+ Tfh","CD4+CREM+ Tm",40,27,1.481,0.0041870329120502,0.0280333534025678,0.619828326180258,"BTLA_TNFAIP3/IL6R_TNFAIP3/IL21_AREG/IL6R_AREG/CD40LG_TNFAIP3/CD40LG_NR4A2/CXCR5_AREG/CD40LG_AREG/TNFSF8_AREG/IL6ST_AREG/IL6R_FTH1/TNFSF8_NR4A2/CD40LG_FTH1/TSHZ2_NR4A2/CPM_SRGN/CD40LG_SRGN/IL6R_NR4A2/NMB_AREG/CD40LG_TGFB1/BTLA_SRGN/ITM2A_TGFB1/TNFSF8_TNFAIP3/CD40LG_CREM/CPM_AREG/IL6R_ANXA1/CPM_TNFAIP3/ITM2A_AREG","CD40LG_CREM/TSHZ2_NR4A2/TNFSF8_NR4A2/CD40LG_NR4A2/IL6R_NR4A2/IGFL2_GZMA/CD40LG_TGFB1/ITM2A_TGFB1/IL21_AREG/TNFSF8_AREG/CD40LG_AREG/IL6ST_AREG/CXCR5_AREG/IL6R_AREG/NMB_AREG/CPM_AREG/ITM2A_AREG/CD200_CXCL16/CD200_GPR35/NMB_GPR35/IGFL2_GPR35/CD40LG_FTH1/IL6R_FTH1/CD40LG_SRGN/IL6R_SRGN/CPM_SRGN/BTLA_SRGN/CD200_FAM177A1/NMB_FAM177A1/TNFSF8_TNFAIP3/CD40LG_TNFAIP3/IL6R_TNFAIP3/CPM_TNFAIP3/BTLA_TNFAIP3/TNFSF4_LMNA/NMB_LMNA/IGFL2_LMNA/IL6R_ANXA1/NR3C1_PTGER4/RBPJ_PTGER4"
"364",234,234,"CD8+ISG+ CD8+ T_CD8+GZMK+ Tex","CD8+ISG+ CD8+ T","CD8+GZMK+ Tex",13,11,1.856,0.00465372503667427,0.0307241044870746,0.641581196581197,"CMPK2_HAVCR2/MX1_TSC22D1/MX1_NAMPT/MX1_HAVCR2/CMPK2_CCL4/TNFSF10_NAMPT/OAS1_HAVCR2/IFI44L_CCL4/IFI6_NAMPT/OAS1_NAMPT/IFI6_HAVCR2","MX1_TSC22D1/OAS1_PRDM1/IFI6_CCL3L3/IFI44L_CCL4/CMPK2_CCL4/TNFSF10_NAMPT/MX1_NAMPT/IFI6_NAMPT/OAS1_NAMPT/MX1_HAVCR2/IFI6_HAVCR2/OAS1_HAVCR2/CMPK2_HAVCR2"
"930",235,234,"CD4+TNFRSF9- Treg_CD4+CREM+ Tm","CD4+TNFRSF9- Treg","CD4+CREM+ Tm",13,11,1.856,0.00465372503667427,0.0307241044870746,0.641581196581197,"IKZF2_AREG/VAV3_AREG/TTN_AREG/FCRL3_TNFAIP3/TBC1D4_TNFAIP3/CEACAM4_AREG/FCRL3_AREG/RTKN2_AREG/IKZF2_TNFAIP3/STAM_TNFAIP3/SELL_AREG","IKZF2_AREG/RTKN2_AREG/FCRL3_AREG/CEACAM4_AREG/SELL_AREG/VAV3_AREG/TTN_AREG/TIGIT_SRGN/IKZF2_TNFAIP3/TBC1D4_TNFAIP3/FCRL3_TNFAIP3/STAM_TNFAIP3/ARID5B_PTGER4"
"1257",236,234,"CD8+ZNF683+CXCR6+ Trm_CD4+IFNG+ Tfh/Th1","CD8+ZNF683+CXCR6+ Trm","CD4+IFNG+ Tfh/Th1",13,11,1.856,0.00465372503667427,0.0307241044870746,0.641581196581197,"ID2_RBPJ/ID2_HAVCR2/ID2_BHLHE40/LDLRAD4_HAVCR2/LDLRAD4_BHLHE40/CXCR3_ZEB2/CD52_GZMB/CAPG_HAVCR2/ZFP36L2_BHLHE40/ID2_PTMS/CD52_HAVCR2","CXCR3_ZEB2/RBPJ_ID2/ID2_BHLHE40/ZFP36L2_BHLHE40/CXCR3_BHLHE40/LDLRAD4_BHLHE40/ID2_RBPJ/CD52_GZMB/ID2_HAVCR2/CAPG_HAVCR2/CD52_HAVCR2/LDLRAD4_HAVCR2/ID2_PTMS"
"1401",237,237,"CD4+ISG+ Treg_CD4+TNFRSF9+ Treg","CD4+ISG+ Treg","CD4+TNFRSF9+ Treg",42,28,1.462,0.00466770048938249,0.0307241044870746,0.633459915611814,"IFIT3_PMAIP1/IFIT1_PMAIP1/IL7_TNFRSF4/ETV7_NAMPT/MX1_PMAIP1/IL1RN_NAMPT/BATF_TNFRSF4/TNFSF13B_NAMPT/IL7_PMAIP1/IL7_NAMPT/IFI6_IL2RA/BATF_PMAIP1/ETV7_TNFRSF4/MX1_NAMPT/MX1_IL2RA/ETV7_CD74/FOXP3_TNFRSF4/TNFSF10_NAMPT/TNFSF10_PMAIP1/USP18_IL2RA/IFI6_TNFRSF4/IFI6_NAMPT/IL1RN_PMAIP1/ETV7_PMAIP1/OAS1_NAMPT/TNFSF13B_PMAIP1/IFIT1_TNFRSF4/IFIT3_TNFRSF4","NAMPT_BATF/IL7_IKZF2/ETV7_NAMPT/BATF_NAMPT/TNFSF10_NAMPT/IL1RN_NAMPT/IL7_NAMPT/TNFSF13B_NAMPT/OAS1_NAMPT/MX1_NAMPT/IFI6_NAMPT/CSF1_EBI3/CD70_EBI3/CD74_EBI3/OAS1_CD70/NAMPT_IL1RN/NAMPT_IL7/MX1_IL2RA/USP18_IL2RA/IFI6_IL2RA/ETV7_CD74/FOXP3_TNFRSF4/ETV7_TNFRSF4/BATF_TNFRSF4/IL7_TNFRSF4/IFIT1_TNFRSF4/IFI6_TNFRSF4/IFIT3_TNFRSF4/NAMPT_CARD16/IL32_LAIR2/IL2RA_LAIR2/NAMPT_TBC1D4/IRF7_PMAIP1/ETV7_PMAIP1/BATF_PMAIP1/TNFSF10_PMAIP1/IL1RN_PMAIP1/IL7_PMAIP1/TNFSF13B_PMAIP1/IFIT1_PMAIP1/MX1_PMAIP1/IFIT3_PMAIP1"
"814",238,238,"CD4+S1PR1+ Treg_CD4+TNF+ T","CD4+S1PR1+ Treg","CD4+TNF+ T",10,9,1.974,0.00498717314943304,0.0326350159657836,0.648487394957983,"PI16_CCL4/KLF2_EGR1/HPGD_CCL4/HPGD_FASLG/HPGD_LCP2/HPGD_CD52/CCDC141_CCL4/HPGD_CCL5/CCR4_CCL4","KLF2_EGR1/HPGD_CCL5/CCR4_CCL4/CCDC141_CCL4/HPGD_CCL4/PI16_CCL4/HPGD_FASLG/HPGD_CD52/HPGD_CD99/HPGD_LCP2"
"1391",239,239,"CD4+CAPG+ Tm_CD4+TNFRSF9+ Treg","CD4+CAPG+ Tm","CD4+TNFRSF9+ Treg",35,24,1.504,0.00503260976825774,0.0326350159657836,0.646778242677824,"ID2_NAMPT/CXCR3_PMAIP1/ID2_PMAIP1/COTL1_TNFRSF4/CD52_NAMPT/CD40LG_CSF1/HOPX_PMAIP1/CXCR3_CD70/COTL1_CD70/CD40LG_TNFRSF9/HMGB1_NAMPT/CD40LG_TNFRSF4/CKLF_PMAIP1/CAPG_PMAIP1/CXCR6_CD70/ID2_TNFRSF9/CXCR6_TNFRSF4/TGFB1_PMAIP1/ID2_IKZF4/CXCR6_TNFRSF9/CXCR3_TNFRSF4/HOPX_NAMPT/CD40LG_PMAIP1/CD40LG_NAMPT","ID2_IKZF4/HOPX_NAMPT/ID2_NAMPT/CD40LG_NAMPT/HMGB1_NAMPT/CD52_NAMPT/TGFB1_EBI3/CD74_EBI3/CD40LG_CSF1/COTL1_CSF1/CXCR3_CD70/CXCR6_CD70/COTL1_CD70/ALOX5AP_IL1RN/BHLHE40_IL7/RBPJ_IL7/TIMP1_IL7/COTL1_CD74/ID2_TNFRSF9/CD40LG_TNFRSF9/CXCR6_TNFRSF9/CD40LG_TNFRSF4/CXCR3_TNFRSF4/CXCR6_TNFRSF4/COTL1_TNFRSF4/BHLHE40_LAIR2/RBPJ_LAIR2/IL32_LAIR2/HOPX_PMAIP1/ID2_PMAIP1/CKLF_PMAIP1/TGFB1_PMAIP1/CD40LG_PMAIP1/CXCR3_PMAIP1/CAPG_PMAIP1"
"342",240,240,"CD4+IL26+ Th17_CD8+ZNF683+CXCR6+ Trm","CD4+IL26+ Th17","CD8+ZNF683+CXCR6+ Trm",28,20,1.567,0.00504169156907297,0.0326350159657836,0.644375,"IL17RE_RBPJ/IL17RE_CKLF/ID2_RBPJ/IL17RE_ACTB/IL17RE_ITGA1/CD40LG_GZMB/IL22_RBPJ/IL17RE_LGALS1/IL17RE_LGALS3/IL23R_RBPJ/IL23R_LGALS1/CA10_RBPJ/IL17RE_CAPG/IL23R_ACTB/IL17RE_HOPX/IL17RE_CXCR3/CD40LG_ZNF683/IL22_IL32/IL23R_CXCR6/IL22_LGALS1","CD40LG_ZNF683/RUNX2_HOPX/IL17RE_HOPX/CEBPD_ZFP36L2/IL4I1_ZFP36L2/ANKRD28_ZFP36L2/ID2_RBPJ/IL22_RBPJ/IL23R_RBPJ/IL17RE_RBPJ/CA10_RBPJ/IL17RE_CKLF/IL22_IL32/CD40LG_GZMB/IL23R_CXCR6/IL17RE_CXCR3/IL4I1_CXCR3/IL17RE_CAPG/IL17RE_LGALS3/IL23R_ACTB/IL17RE_ACTB/IL4I1_CD52/IL22_LGALS1/IL23R_LGALS1/IL17RE_LGALS1/IL17RE_ITGA1/CEBPD_LDLRAD4/PTPN13_LDLRAD4"
"1284",241,240,"CD4+ISG+ Treg_CD4+IFNG+ Tfh/Th1","CD4+ISG+ Treg","CD4+IFNG+ Tfh/Th1",28,20,1.567,0.00504169156907297,0.0326350159657836,0.644375,"IL7_RBPJ/IFI6_LAG3/TNFSF13B_HAVCR2/IL1RN_HAVCR2/ETV7_GZMB/MX1_LAG3/ETV7_FAM3C/IL7_HAVCR2/IFIT3_GZMB/MX1_HAVCR2/IFI6_RBPJ/ETV7_CD74/MX1_GZMB/OAS1_HAVCR2/IFIT1_GZMB/ETV7_HAVCR2/IFI6_HAVCR2/IFIT1_LAG3/TNFSF10_RBPJ/IL7_BHLHE40","NAMPT_ID2/IL7_BHLHE40/TNFSF10_RBPJ/IL7_RBPJ/MX1_RBPJ/IFI6_RBPJ/ETV7_GZMB/IFIT1_GZMB/OAS1_GZMB/MX1_GZMB/IFIT3_GZMB/IL7_CCL3/NAMPT_IL21/ETV7_FAM3C/CD70_CXCR6/ETV7_CD74/IFIT1_LAG3/MX1_LAG3/IFI6_LAG3/ETV7_HAVCR2/IL1RN_HAVCR2/IL7_HAVCR2/TNFSF13B_HAVCR2/OAS1_HAVCR2/MX1_HAVCR2/IFI6_HAVCR2/CD70_KRT86/CD70_MYO7A"
"92",242,242,"CD8+Tc17_CD8+ZNF683+CXCR6- Tm","CD8+Tc17","CD8+ZNF683+CXCR6- Tm",23,17,1.621,0.00555130113656376,0.0356379826051007,0.657107438016529,"IL17RE_PFN1/IL17RE_CKLF/IL17RE_ACTB/CA2_PFN1/CA2_IL32/CA2_CISH/CA2_ZNF683/IL17RE_MYL12A/CA2_S100A4/IL17RE_TNF/CA2_ACTB/CA2_MYL12A/IL23R_ACTB/CD40LG_ZNF683/CA2_TRAF3IP3/ZBTB16_ZNF683/ZBTB16_IL32","ZBTB16_ZNF683/CD40LG_ZNF683/CA2_ZNF683/ZBTB16_IL32/CA2_IL32/IL17RE_TNF/IL4I1_TNF/IL17RE_CKLF/ADAM12_CKLF/IL23R_ACTB/IL17RE_ACTB/CA2_ACTB/IL4I1_CD52/ADAM12_CD52/IL4I1_TRAF3IP3/CA2_TRAF3IP3/IL4I1_SIT1/CA2_S100A4/CA2_CISH/IL17RE_MYL12A/CA2_MYL12A/IL17RE_PFN1/CA2_PFN1"
"1544",243,242,"CD4+TIMP1+ Tm_CD4+NME1+CCR4+ T","CD4+TIMP1+ Tm","CD4+NME1+CCR4+ T",23,17,1.621,0.00555130113656376,0.0356379826051007,0.657107438016529,"CD40LG_ENO1/FLT3LG_ENO1/LMO4_TPM4/CAPG_ENO1/CD40LG_CNN2/HOPX_TPM4/S100A10_ENO1/FLT3LG_CNN2/FLT3LG_CMTM7/CAPG_TMSB10/S100A10_TMSB10/LMO4_CNN2/FLT3LG_SUB1/FLT3LG_ACTG1/KLF2_CNN2/LMO4_ACTG1/S100A6_ENO1","FLT3LG_SUB1/TIMP1_KLF2/ANXA1_KLF2/FLT3LG_ENO1/CD40LG_ENO1/S100A10_ENO1/S100A6_ENO1/CAPG_ENO1/FLT3LG_CMTM7/VIM_HMGB1/VIM_FLT3LG/ANXA1_IL6R/LMO4_ACTG1/FLT3LG_ACTG1/S100A10_TMSB10/CAPG_TMSB10/VIM_COTL1/KLF2_CNN2/LMO4_CNN2/FLT3LG_CNN2/CD40LG_CNN2/HOPX_TPM4/LMO4_TPM4"
"473",244,244,"CD8+GZMK+ Tem_CD8+TCF7+ Tex","CD8+GZMK+ Tem","CD8+TCF7+ Tex",18,14,1.706,0.00561356159149342,0.0356486547176318,0.656598360655738,"CXCR3_CD200/COTL1_TNFRSF4/ITM2C_IGFL2/CXCR3_NR3C1/COTL1_IGFBP4/CXCR3_NMB/HLA-DQA1_CD200/HLA-DPB1_NMB/CXCR3_GNG4/HLA-DPB1_TNFRSF4/CXCR3_IGFL2/CXCR3_TNFRSF4/COTL1_NR3C1/HLA-DPA1_NMB","CXCR3_NR3C1/COTL1_NR3C1/CD74_EBI3/CCL4_CCR4/CST7_CCR4/CXCR3_CD200/HLA-DQA1_CD200/CXCR3_GNG4/CXCR3_TNFRSF4/COTL1_TNFRSF4/HLA-DPB1_TNFRSF4/GZMA_IGFL2/CXCR3_IGFL2/ITM2C_IGFL2/CXCR3_NMB/HLA-DPA1_NMB/HLA-DPB1_NMB/COTL1_IGFBP4"
"1275",245,244,"CD4+CAPG+CREM- Tm_CD4+IFNG+ Tfh/Th1","CD4+CAPG+CREM- Tm","CD4+IFNG+ Tfh/Th1",18,14,1.706,0.00561356159149342,0.0356486547176318,0.656598360655738,"ID2_RBPJ/CD40LG_GZMB/GZMH_GZMB/ID2_HAVCR2/ID2_BHLHE40/CXCR3_ZEB2/CD40LG_ZEB2/CD40LG_HAVCR2/CD52_GZMB/GPR35_BHLHE40/CAPG_HAVCR2/ZFP36L2_BHLHE40/ID2_PTMS/CD52_HAVCR2","CD40LG_ZEB2/CXCR3_ZEB2/BHLHE40_ID2/ANXA1_ID2/ID2_BHLHE40/ZFP36L2_BHLHE40/CXCR3_BHLHE40/GPR35_BHLHE40/ID2_RBPJ/GZMH_GZMB/CD40LG_GZMB/CD52_GZMB/BHLHE40_IL21/ID2_HAVCR2/CD40LG_HAVCR2/CAPG_HAVCR2/CD52_HAVCR2/ID2_PTMS"
"849",246,246,"CD4+IL26+ Th17_CD4+AREG+ Tm","CD4+IL26+ Th17","CD4+AREG+ Tm",46,30,1.431,0.00562151862854963,0.0356486547176318,0.65130081300813,"ID2_AREG/IL17RE_AREG/IL17RE_EEF1A1/TNFSF13B_AREG/IL23R_AREG/CA10_AREG/IL17RE_PABPC1/IL17RE_TPT1/CTSH_AREG/CD40LG_AREG/CAPG_AREG/IL17RE_ANXA1/CCR6_AREG/TMIGD2_AREG/ID2_GPR183/RORC_AREG/IL23R_PABPC1/IL17RE_EEF1B2/IL23R_ANXA1/ID2_EEF1A1/IL23R_TPT1/IL22_PABPC1/IL22_AREG/TNFSF14_AREG/IL26_AREG/MGAT4A_AREG/ID2_ANXA1/CXCR6_AREG/IL23R_CD55/CD40LG_PABPC1","CEBPD_ZFP36L2/IL4I1_ZFP36L2/ANKRD28_ZFP36L2/ANKRD28_KLF2/CEBPD_KLF3/RUNX2_KLF3/IL4I1_KLF3/ANKRD28_KLF3/IL17RE_TCF7/ANKRD28_TCF7/TNFSF14_CD40LG/IL4I1_CD40LG/ANKRD28_CD40LG/RORC_AREG/RORA_AREG/ID2_AREG/IL26_AREG/TNFSF13B_AREG/CD40LG_AREG/IL22_AREG/TNFSF14_AREG/CXCR6_AREG/CCR6_AREG/IL23R_AREG/IL17RE_AREG/CTSH_AREG/CA10_AREG/CAPG_AREG/MGAT4A_AREG/TMIGD2_AREG/IL4I1_CXCR4/ID2_ANXA1/IL23R_ANXA1/IL17RE_ANXA1/ID2_EEF1A1/IL17RE_EEF1A1/IL23R_TPT1/IL17RE_TPT1/ID2_GPR183/IL23R_CD55/CD40LG_PABPC1/IL22_PABPC1/IL23R_PABPC1/IL17RE_PABPC1/IL17RE_EEF1B2/ANKRD28_EEF1B2"
"1371",247,247,"CD8+Temra_CD4+TNFRSF9+ Treg","CD8+Temra","CD4+TNFRSF9+ Treg",37,25,1.482,0.00568749602113612,0.0359210275019123,0.648906882591093,"KLF3_PMAIP1/FGFBP2_NAMPT/C1orf21_LAYN/FGFBP2_PMAIP1/C1orf21_TNFRSF4/CX3CR1_CD70/KLF3_NAMPT/C1orf21_CD70/ZEB2_PMAIP1/C1orf21_PMAIP1/ASCL2_NAMPT/CX3CR1_PMAIP1/ASCL2_LAYN/CX3CR1_IKZF4/KLF3_CSF1/TBX21_TNFRSF4/ASCL2_PMAIP1/CX3CR1_TNFRSF9/TBX21_CD70/CMKLR1_TNFRSF4/CX3CR1_NAMPT/ASCL2_IL2RA/TBX21_NAMPT/FGFBP2_CD70/CX3CR1_IL1R2","S1PR5_BATF/GNLY_BATF/CX3CR1_IKZF4/ASCL2_NAMPT/KLF3_NAMPT/TBX21_NAMPT/CX3CR1_NAMPT/FGFBP2_NAMPT/ZEB2_EBI3/KLF3_CSF1/TBX21_CSF1/TBX21_CD70/CX3CR1_CD70/FGFBP2_CD70/C1orf21_CD70/FCGR3A_IL1RN/GNLY_IL1RN/S1PR5_IL7/GNLY_IL7/ASCL2_IL2RA/CX3CR1_IL1R2/ASCL2_LAYN/C1orf21_LAYN/CX3CR1_TNFRSF9/TBX21_TNFRSF4/CX3CR1_TNFRSF4/CMKLR1_TNFRSF4/C1orf21_TNFRSF4/S1PR5_CARD16/GNLY_CARD16/PRSS23_LAIR2/ASCL2_PMAIP1/KLF3_PMAIP1/ZEB2_PMAIP1/CX3CR1_PMAIP1/FGFBP2_PMAIP1/C1orf21_PMAIP1"
"1394",248,248,"CD4+Temra_CD4+TNFRSF9+ Treg","CD4+Temra","CD4+TNFRSF9+ Treg",39,26,1.462,0.00633925645654128,0.0398759680330822,0.651895161290323,"FGFBP2_NAMPT/C1orf21_LAYN/FGFBP2_PMAIP1/C1orf21_TNFRSF4/CTSW_CD70/CX3CR1_CD70/C1orf21_CD70/ZEB2_PMAIP1/C1orf21_PMAIP1/CX3CR1_PMAIP1/IL5RA_CSF1/HOPX_PMAIP1/CX3CR1_IKZF4/TBX21_TNFRSF4/CX3CR1_TNFRSF9/CTSW_PMAIP1/IL5RA_NAMPT/TBX21_CD70/CMKLR1_TNFRSF4/CX3CR1_NAMPT/IL5RA_TNFRSF4/HOPX_NAMPT/TBX21_NAMPT/FGFBP2_CD70/ZNF683_PMAIP1/CX3CR1_IL1R2","GNLY_BATF/S1PR5_BATF/CX3CR1_IKZF4/HOPX_NAMPT/TBX21_NAMPT/CX3CR1_NAMPT/IL5RA_NAMPT/FGFBP2_NAMPT/ZEB2_EBI3/TBX21_CSF1/IL5RA_CSF1/TBX21_CD70/CX3CR1_CD70/FGFBP2_CD70/C1orf21_CD70/CTSW_CD70/GNLY_IL1RN/CCL3_IL7/GNLY_IL7/S1PR5_IL7/CX3CR1_IL1R2/C1orf21_LAYN/CX3CR1_TNFRSF9/TBX21_TNFRSF4/CX3CR1_TNFRSF4/CMKLR1_TNFRSF4/IL5RA_TNFRSF4/C1orf21_TNFRSF4/CCL4_CARD16/GNLY_CARD16/S1PR5_CARD16/PRSS23_LAIR2/HOPX_PMAIP1/ZEB2_PMAIP1/ZNF683_PMAIP1/CX3CR1_PMAIP1/FGFBP2_PMAIP1/C1orf21_PMAIP1/CTSW_PMAIP1"
"966",249,249,"CD4+IL26+ Th17_CD4+CCL5+ Tm","CD4+IL26+ Th17","CD4+CCL5+ Tm",32,22,1.508,0.00684437749103477,0.0428804372932299,0.65995983935743,"IL23R_BHLHE40/IL17RE_ALOX5AP/IL17RE_ITGA1/CD40LG_NR4A2/IL17RE_ANXA1/ID2_BHLHE40/IL17RE_IFNGR1/IL23R_ANXA1/IL22_BHLHE40/IL17RE_BHLHE40/IL17RE_CD44/IL17RE_CD99/CCR6_BHLHE40/IL17RE_NR4A2/IL17RE_HOPX/KLRB1_BHLHE40/IL17RE_PARP8/IL17RE_IL18RAP/ID2_ANXA1/IL23R_NR4A2/IL23R_PARP8/IL17RE_IFNG","CEBPD_ZFP36L2/IL4I1_ZFP36L2/ANKRD28_ZFP36L2/RUNX2_HOPX/IL17RE_HOPX/ID2_BHLHE40/IL22_BHLHE40/CCR6_BHLHE40/IL23R_BHLHE40/IL17RE_BHLHE40/KLRB1_BHLHE40/CTSH_BHLHE40/CD40LG_NR4A2/IL23R_NR4A2/IL17RE_NR4A2/TNFSF14_CD40LG/IL4I1_CD40LG/ANKRD28_CD40LG/IL17RE_IFNG/IL4I1_CXCR4/IL17RE_IFNGR1/IL17RE_CD44/IL17RE_IL18RAP/ID2_ANXA1/IL23R_ANXA1/IL17RE_ANXA1/IL17RE_ALOX5AP/IL17RE_ITGA1/IL23R_PARP8/IL17RE_PARP8/ANKRD28_PARP8/IL17RE_CD99"
"309",250,250,"CD4+ISG+ Treg_CD8+KIR+TXK+ NK-like","CD4+ISG+ Treg","CD8+KIR+TXK+ NK-like",41,27,1.445,0.00698332563833072,0.0433198166018135,0.65792,"TNFSF13B_AREG/IL7_AREG/IL7_FOSL2/ETV7_AREG/IRF7_AREG/MX1_AREG/IL7_KLRC3/BATF_AREG/MX1_TYROBP/IL7_REL/OAS1_AREG/IFIT3_AREG/ETV7_FAM3C/USP18_AREG/IL1RN_AREG/IL7_LAT2/BATF_FOSL2/HERC5_AREG/OAS1_TYROBP/MX1_LAT2/IFI6_KLRC3/CD74_AREG/IFI6_AREG/ISG15_AREG/IL2RB_AREG/TNFSF10_AREG/BATF_LAT2","IL7_IKZF2/NAMPT_HOPX/NAMPT_TXK/BATF_FOSL2/IL7_FOSL2/IL7_REL/IRF7_AREG/ETV7_AREG/BATF_AREG/TNFSF10_AREG/IL1RN_AREG/IL7_AREG/TNFSF13B_AREG/CD74_AREG/IL2RB_AREG/OAS1_AREG/MX1_AREG/ISG15_AREG/USP18_AREG/IFI6_AREG/IFIT3_AREG/HERC5_AREG/ETV7_FAM3C/NAMPT_KIR3DL2/IL7_TYROBP/OAS1_TYROBP/MX1_TYROBP/IL7_KLRC3/IFI6_KLRC3/BATF_LAT2/IL7_LAT2/OAS1_LAT2/MX1_LAT2/STAT1_B3GNT7/IL32_B3GNT7/CSF1_B3GNT7/NAMPT_B3GNT7/CCR8_B3GNT7/CD74_B3GNT7/IL2RB_B3GNT7/RSAD2_B3GNT7"
"289",251,251,"CD4+Tn_CD8+KIR+TXK+ NK-like","CD4+Tn","CD8+KIR+TXK+ NK-like",15,12,1.755,0.0071366620940167,0.0433198166018135,0.667051792828685,"TXK_AREG/SCML1_AREG/PLAC8_AREG/TXK_KLRC3/LINC00861_AREG/TXK_FOSL2/TPT1_AREG/GIMAP7_IL2RB/FHIT_AREG/GIMAP7_FOSL2/SELL_AREG/TPT1_FOSL2","TXK_FOSL2/TPT1_FOSL2/GIMAP7_FOSL2/TXK_AREG/SCML1_AREG/EEF1A1_AREG/SELL_AREG/PLAC8_AREG/TPT1_AREG/GIMAP7_AREG/LINC00861_AREG/FHIT_AREG/GIMAP7_IL2RB/TXK_KLRC3/SELL_B3GNT7"
"771",252,251,"CD4+IL26+ Th17_CD4+IL7R- Tn","CD4+IL26+ Th17","CD4+IL7R- Tn",15,12,1.755,0.0071366620940167,0.0433198166018135,0.667051792828685,"IL17RE_NACA/IL17RE_EEF1A1/IL17RE_ACTG1/IL23R_ACTG1/IL22_NACA/ID2_NACA/IL17RE_FAU/IL17RE_EEF1B2/ID2_EEF1A1/IL17RE_LDHB/IL17RE_BTF3/CCR6_NACA","IL17RE_EEF1B2/ANKRD28_EEF1B2/ID2_EEF1A1/IL17RE_EEF1A1/IL23R_ACTG1/IL17RE_ACTG1/IL17RE_LDHB/ID2_NACA/IL22_NACA/CCR6_NACA/IL23R_NACA/IL17RE_NACA/IL17RE_FAU/IL17RE_BTF3/ANKRD28_BTF3"
"856",253,251,"CD4+ISG+ Th_CD4+AREG+ Tm","CD4+ISG+ Th","CD4+AREG+ Tm",15,12,1.755,0.0071366620940167,0.0433198166018135,0.667051792828685,"TNFSF13B_AREG/IRF7_AREG/SP100_AREG/MX1_AREG/IFIT3_AREG/IFI6_ANXA1/IFI6_PABPC1/PLSCR1_AREG/MX2_AREG/IFI6_AREG/ISG15_AREG/TNFSF10_AREG","IFI16_KLF3/IFI16_CD40LG/PLSCR1_AREG/IRF7_AREG/SP100_AREG/TNFSF10_AREG/TNFSF13B_AREG/IFIT3_AREG/MX1_AREG/ISG15_AREG/IFI6_AREG/MX2_AREG/IFI6_ANXA1/IFI6_PABPC1/IFI16_PTGER2"
"902",254,251,"CD8+GZMK+ Tem_CD4+CREM+ Tm","CD8+GZMK+ Tem","CD4+CREM+ Tm",15,12,1.755,0.0071366620940167,0.0433198166018135,0.667051792828685,"CXCR3_AREG/CXCR3_TNFAIP3/HLA-DPB1_AREG/ITM2C_AREG/CXCR3_CREM/APOBEC3G_TNFAIP3/HLA-DRB1_AREG/HLA-DPA1_AREG/HLA-DPB1_SRGN/CD74_AREG/GZMK_TNFAIP3/HLA-DRB5_AREG","CXCR3_CREM/CXCR3_NR4A2/CD74_AREG/CXCR3_AREG/HLA-DRB1_AREG/HLA-DPA1_AREG/HLA-DPB1_AREG/HLA-DRB5_AREG/ITM2C_AREG/SUB1_FTH1/HLA-DPB1_SRGN/GZMK_TNFAIP3/CXCR3_TNFAIP3/APOBEC3G_TNFAIP3/IL32_PTGER4"
"1273",255,251,"CD4+CCL5+ Tm_CD4+IFNG+ Tfh/Th1","CD4+CCL5+ Tm","CD4+IFNG+ Tfh/Th1",15,12,1.755,0.0071366620940167,0.0433198166018135,0.667051792828685,"ID2_RBPJ/CD40LG_GZMB/GZMH_GZMB/PTGER4_RBPJ/ID2_HAVCR2/PTGER4_LAG3/ID2_BHLHE40/CD40LG_ZEB2/CD40LG_HAVCR2/PARP8_RBPJ/ZFP36L2_BHLHE40/ID2_PTMS","CD40LG_ZEB2/BHLHE40_ID2/ANXA1_ID2/ZFP36L2_BHLHE40/ID2_BHLHE40/ID2_RBPJ/PARP8_RBPJ/PTGER4_RBPJ/CD40LG_GZMB/GZMH_GZMB/BHLHE40_IL21/PTGER4_LAG3/ID2_HAVCR2/CD40LG_HAVCR2/ID2_PTMS"
"1538",256,251,"CD4+Tn_CD4+NME1+CCR4+ T","CD4+Tn","CD4+NME1+CCR4+ T",15,12,1.755,0.0071366620940167,0.0433198166018135,0.667051792828685,"GIMAP7_ENO1/EEF1A1_ENO1/MAL_ENO1/LINC00861_ENO1/SCML1_ENO1/EEF1B2_ENO1/PLAC8_ENO1/SCML1_TPM4/TXK_ENO1/FHIT_ENO1/GIMAP7_TPM4/KLF2_CNN2","TXK_ENO1/SCML1_ENO1/EEF1A1_ENO1/EEF1B2_ENO1/PLAC8_ENO1/GIMAP7_ENO1/MAL_ENO1/LINC00861_ENO1/FHIT_ENO1/EEF1A1_FLT3LG/ACTN1_FLT3LG/KLF2_CNN2/GIMAP7_CNN2/SCML1_TPM4/GIMAP7_TPM4"
"1542",257,251,"CD4+TNF+ T_CD4+NME1+CCR4+ T","CD4+TNF+ T","CD4+NME1+CCR4+ T",15,12,1.755,0.0071366620940167,0.0433198166018135,0.667051792828685,"CCR2_ENO1/CD40LG_ENO1/CAPG_ENO1/ID2_SUB1/ID2_ENO1/CD40LG_CNN2/HOPX_TPM4/CXCR3_CMTM7/CISH_ENO1/CAPG_TMSB10/ACTB_ENO1/CXCR3_ENO1","ID2_SUB1/EGR1_KLF2/ID2_ENO1/CD40LG_ENO1/CCR2_ENO1/CXCR3_ENO1/ACTB_ENO1/CISH_ENO1/CAPG_ENO1/CXCR3_CMTM7/CCL4_CCR4/LCP2_IL6R/CAPG_TMSB10/CD40LG_CNN2/HOPX_TPM4"
"1083",258,258,"CD4+IL26+ Th17_CD4+GZMK+ Tem","CD4+IL26+ Th17","CD4+GZMK+ Tem",20,15,1.645,0.00738299631737302,0.0442979779042381,0.658294573643411,"IL17RE_LITAF/IL17RE_TNFSF9/CD40LG_NR4A2/IL17RE_ITM2C/IL23R_CRTAM/IL23R_CCL4L2/KLRB1_CST7/IL23R_CD4/IL17RE_NR4A2/IL23R_FASLG/IL17RE_CXCR3/IL23R_NR4A2/IL23R_CCL3/IL17RE_CCL3/IL17RE_IFNG","IL17RE_LITAF/CD40LG_NR4A2/IL23R_NR4A2/IL17RE_NR4A2/IL17RE_TNFSF9/IL17RE_IFNG/IL23R_FASLG/IL23R_CCL3/IL17RE_CCL3/IL4I1_CXCR4/IL17RE_CXCR3/IL4I1_CXCR3/IL23R_CD4/KLRB1_CST7/IL23R_CRTAM/IL23R_CCL4L2/RUNX2_ITM2C/IL17RE_ITM2C/CEBPD_F2R/ANKRD28_F2R"
"1384",259,258,"CD4+ADSL+ Tn_CD4+TNFRSF9+ Treg","CD4+ADSL+ Tn","CD4+TNFRSF9+ Treg",20,15,1.645,0.00738299631737302,0.0442979779042381,0.658294573643411,"TXK_NAMPT/COTL1_TNFRSF4/IL6ST_NAMPT/ANKRD55_NAMPT/IL6R_TNFRSF4/ANKRD55_TNFRSF4/COTL1_CD70/LDHB_NAMPT/DGKA_PMAIP1/NOSIP_PMAIP1/GIMAP4_PMAIP1/CMTM8_NAMPT/IL6ST_CD70/TCF7_TNFRSF4/IL6R_NAMPT","TXK_NAMPT/CMTM8_NAMPT/IL6R_NAMPT/IL6ST_NAMPT/LDHB_NAMPT/ANKRD55_NAMPT/PASK_CCL22/COTL1_CSF1/TCF7_CD70/IL6ST_CD70/COTL1_CD70/LEF1_IL7/COTL1_CD74/TCF7_TNFRSF4/IL6R_TNFRSF4/ANKRD55_TNFRSF4/COTL1_TNFRSF4/GIMAP4_PMAIP1/NOSIP_PMAIP1/DGKA_PMAIP1"
"1548",260,258,"CD4+CAPG+CREM- Tm_CD4+NME1+CCR4+ T","CD4+CAPG+CREM- Tm","CD4+NME1+CCR4+ T",20,15,1.645,0.00738299631737302,0.0442979779042381,0.658294573643411,"CD40LG_ENO1/CXCR6_ENO1/CAPG_ENO1/ID2_SUB1/ID2_ENO1/CD40LG_CNN2/HOPX_TPM4/TMSB4X_ENO1/ZFP36L2_CMTM7/CXCR3_CMTM7/CAPG_TMSB10/ZFP36L2_ARHGDIB/CXCR3_ENO1/ZFP36L2_TPM4/GPR35_ENO1","ID2_SUB1/ANXA1_KLF2/ID2_ENO1/CD40LG_ENO1/CXCR3_ENO1/CXCR6_ENO1/GPR35_ENO1/CAPG_ENO1/TMSB4X_ENO1/ZFP36L2_CMTM7/CXCR3_CMTM7/CCL4_CCR4/ANXA1_IL6R/BHLHE40_IFNAR2/CAPG_TMSB10/CD40LG_CNN2/BHLHE40_ARHGDIB/ZFP36L2_ARHGDIB/HOPX_TPM4/ZFP36L2_TPM4"
"357",261,261,"CD8+Temra_CD8+GZMK+ Tex","CD8+Temra","CD8+GZMK+ Tex",27,19,1.544,0.00807224734157112,0.0476996433820112,0.659578544061303,"C1orf21_TSC22D1/KLF3_TRPS1/FGFBP2_NAMPT/KLF3_NAMPT/C1orf21_TRPS1/FGFBP2_TRPS1/FGR_HAVCR2/KLF3_PRDM1/ASCL2_NAMPT/CX3CR1_TRPS1/C1orf21_TNFSF4/C1orf21_TOX/CX3CR1_TNFRSF9/KLF3_TSC22D1/KLF2_TSC22D1/CX3CR1_NAMPT/C1orf21_PRDM1/ASCL2_TSC22D1/TBX21_NAMPT","CX3CR1_TOX/C1orf21_TOX/ASCL2_TSC22D1/KLF2_TSC22D1/KLF3_TSC22D1/C1orf21_TSC22D1/KLF3_PRDM1/C1orf21_PRDM1/KLF3_TRPS1/CX3CR1_TRPS1/FGFBP2_TRPS1/C1orf21_TRPS1/KLF3_CCL3/C1orf21_TNFSF4/ASCL2_NAMPT/KLF3_NAMPT/TBX21_NAMPT/CX3CR1_NAMPT/FGFBP2_NAMPT/FGR_HAVCR2/ZEB2_CD27/S1PR5_CD27/GNLY_CD27/GNLY_DUSP4/CX3CR1_TNFRSF9/KLF3_HLA-DQA1/FCGR3A_HLA-DRB1"
"613",262,261,"CD4+Temra_CD8+NME1+ T","CD4+Temra","CD8+NME1+ T",27,19,1.544,0.00807224734157112,0.0476996433820112,0.659578544061303,"FGFBP2_ENO1/FGFBP2_GAPDH/CMKLR1_ENO1/IL5RA_ENO1/CX3CR1_GAPDH/C1orf21_GPI/C1orf21_GAPDH/C1orf21_CKLF/TBX21_ENO1/KLRD1_GAPDH/CX3CR1_ENO1/CX3CR1_KIF20A/GZMM_ENO1/IL5RA_GAPDH/C1orf21_ACTG1/CMKLR1_GAPDH/CTSW_ENO1/CTSW_GAPDH/ZEB2_GAPDH","TBX21_ENO1/GZMM_ENO1/CX3CR1_ENO1/CMKLR1_ENO1/IL5RA_ENO1/FGFBP2_ENO1/C1orf21_ENO1/CTSW_ENO1/GNLY_MYB/PRSS23_MYB/CX3CR1_GPI/C1orf21_GPI/C1orf21_CKLF/ZEB2_CXCR3/GNLY_CXCR3/S1PR5_CXCR3/PRSS23_CXCR3/C1orf21_ACTG1/ZEB2_GAPDH/CX3CR1_GAPDH/CMKLR1_GAPDH/IL5RA_GAPDH/FGFBP2_GAPDH/KLRD1_GAPDH/C1orf21_GAPDH/CTSW_GAPDH/CX3CR1_KIF20A"
"828",263,261,"CD8+ZNF683+CXCR6+ Trm_CD4+AREG+ Tm","CD8+ZNF683+CXCR6+ Trm","CD4+AREG+ Tm",27,19,1.544,0.00807224734157112,0.0476996433820112,0.659578544061303,"ID2_AREG/CXCR3_AREG/LGALS3_AREG/XCL1_AREG/ITGA1_AREG/CAPG_AREG/CD52_AREG/LDLRAD4_GPR183/TMSB4X_AREG/LDLRAD4_AREG/ID2_GPR183/TMSB4X_ANXA1/ID2_EEF1A1/HOPX_AREG/ZFP36L2_AREG/ZFP36L2_PABPC1/ID2_ANXA1/CXCR3_PABPC1/CXCR6_AREG","RBPJ_KLF3/LGALS1_KLF3/ZNF683_CD40LG/GZMB_CD40LG/HOPX_AREG/ID2_AREG/ZFP36L2_AREG/XCL1_AREG/XCL2_AREG/CXCR6_AREG/CXCR3_AREG/CAPG_AREG/TMSB4X_AREG/LGALS3_AREG/CD52_AREG/ITGA1_AREG/LDLRAD4_AREG/ID2_ANXA1/TMSB4X_ANXA1/ID2_EEF1A1/ID2_GPR183/LDLRAD4_GPR183/ZFP36L2_PABPC1/CXCR3_PABPC1/RBPJ_EEF1B2/GZMB_PLAC8/SH3BGRL3_PLAC8"
"1278",264,261,"CD4+CCR6+ Th17_CD4+IFNG+ Tfh/Th1","CD4+CCR6+ Th17","CD4+IFNG+ Tfh/Th1",27,19,1.544,0.00807224734157112,0.0476996433820112,0.659578544061303,"ABCB1_RBPJ/CD40LG_GZMB/FLT3LG_RBPJ/ABCB1_BHLHE40/FLT3LG_LAG3/TNFSF13B_HAVCR2/ABCB1_PDE7B/DPP4_PDE7B/CD40LG_ZEB2/ABCB1_KRT86/ABCB1_LAG3/CCR6_BHLHE40/FLT3LG_PTMS/ABCB1_ZEB2/CD40LG_HAVCR2/KLRB1_BHLHE40/GPR35_BHLHE40/CAPG_HAVCR2/ZFP36L2_BHLHE40","CD40LG_ZEB2/ABCB1_ZEB2/BHLHE40_ID2/ANXA1_ID2/VIM_ID2/ZFP36L2_BHLHE40/CCR6_BHLHE40/GPR35_BHLHE40/KLRB1_BHLHE40/ABCB1_BHLHE40/FLT3LG_RBPJ/ABCB1_RBPJ/CD40LG_GZMB/ABCB1_CCL3/BHLHE40_IL21/MYBL1_IL21/FLT3LG_LAG3/ABCB1_LAG3/DPP4_LAG3/TNFSF13B_HAVCR2/CD40LG_HAVCR2/CAPG_HAVCR2/ABCB1_KRT86/MYBL1_MYO7A/FLT3LG_PTMS/ABCB1_PDE7B/DPP4_PDE7B"
"186",265,265,"CD4+IL26+ Th17_CD8+GZMK+ Tem","CD4+IL26+ Th17","CD8+GZMK+ Tem",12,10,1.828,0.0087585202262595,0.0509824311677792,0.664943396226415,"IL17RE_SUB1/ID2_SUB1/IL17RE_ITM2C/IL17RE_HLA-DRB1/IL17RE_HLA-DQA1/IL17RE_APOBEC3G/KLRB1_CST7/IL17RE_CXCR3/IL22_IL32/IL23R_SUB1","ID2_SUB1/IL23R_SUB1/IL17RE_SUB1/IL22_IL32/IL17RE_CXCR3/IL4I1_CXCR3/IL17RE_HLA-DRB1/IL17RE_HLA-DQA1/RUNX2_ITM2C/IL17RE_ITM2C/KLRB1_CST7/IL17RE_APOBEC3G"
"268",266,265,"CD4+S1PR1+ Treg_CD8+KIR+EOMES+ NK-like","CD4+S1PR1+ Treg","CD8+KIR+EOMES+ NK-like",12,10,1.828,0.0087585202262595,0.0509824311677792,0.664943396226415,"KLF3_ZNF331/KLF3_LITAF/HPGD_NR4A2/PI16_NR4A2/HPGD_TNFSF9/HPGD_DUSP2/HPGD_ZNF331/HPGD_IKZF2/KLF3_DUSP2/KLF3_NR4A2","HPGD_IKZF2/KLF3_NR4A2/HPGD_NR4A2/PI16_NR4A2/KLF3_LITAF/KLF3_ZNF331/HPGD_ZNF331/HPGD_TNFSF9/HPGD_TYROBP/RTKN2_GCSAM/KLF3_DUSP2/HPGD_DUSP2"
"465",267,265,"CD4+ISG+ Treg_CD8+OXPHOS- Tex","CD4+ISG+ Treg","CD8+OXPHOS- Tex",12,10,1.828,0.0087585202262595,0.0509824311677792,0.664943396226415,"IL7_PRDM1/TNFSF13B_HAVCR2/IL1RN_HAVCR2/ETV7_FAM3C/IL7_HAVCR2/MX1_HAVCR2/IL7_ENTPD1/OAS1_HAVCR2/ETV7_HAVCR2/IFI6_HAVCR2","IL7_PRDM1/OAS1_PRDM1/IL7_CCL3/ETV7_FAM3C/ETV7_HAVCR2/IL1RN_HAVCR2/IL7_HAVCR2/TNFSF13B_HAVCR2/OAS1_HAVCR2/MX1_HAVCR2/IFI6_HAVCR2/IL7_ENTPD1"
"1502",268,265,"CD4+IL7R- Tn_CD4+NME1+CCR4- T","CD4+IL7R- Tn","CD4+NME1+CCR4- T",12,10,1.828,0.0087585202262595,0.0509824311677792,0.664943396226415,"FAU_ENO1/NACA_GAPDH/EEF1A1_ENO1/BTF3_ENO1/BTF3_GAPDH/ACTG1_GAPDH/EEF1B2_ENO1/FAU_GPI/FAU_GAPDH/EEF1A1_GAPDH","EEF1B2_ENO1/EEF1A1_ENO1/FAU_ENO1/BTF3_ENO1/FAU_GPI/BTF3_GPI/EEF1B2_GAPDH/EEF1A1_GAPDH/ACTG1_GAPDH/NACA_GAPDH/FAU_GAPDH/BTF3_GAPDH"
"332",269,269,"CD4+TNF+ T_CD8+ZNF683+CXCR6+ Trm","CD4+TNF+ T","CD8+ZNF683+CXCR6+ Trm",6,6,2.194,0.00894995532629396,0.0517108529963651,0.663234200743494,"ID2_RBPJ/CD40LG_GZMB/HOPX_LGALS1/CXCR3_LGALS1/CD52_GZMB/CD40LG_ZNF683","CD40LG_ZNF683/ID2_RBPJ/CD40LG_GZMB/CD52_GZMB/HOPX_LGALS1/CXCR3_LGALS1"
"466",270,269,"CD4+ISG+ Th_CD8+OXPHOS- Tex","CD4+ISG+ Th","CD8+OXPHOS- Tex",6,6,2.194,0.00894995532629396,0.0517108529963651,0.663234200743494,"CMPK2_HAVCR2/TNFSF13B_HAVCR2/MX2_HAVCR2/MX1_HAVCR2/IFIT2_PRDM1/IFI6_HAVCR2","IFIT2_PRDM1/TNFSF13B_HAVCR2/MX1_HAVCR2/IFI6_HAVCR2/MX2_HAVCR2/CMPK2_HAVCR2"
"286",271,271,"CD8+ISG+ CD8+ T_CD8+KIR+TXK+ NK-like","CD8+ISG+ CD8+ T","CD8+KIR+TXK+ NK-like",22,16,1.595,0.00919015158263812,0.0519443350323024,0.669667896678967,"IRF7_AREG/SP100_AREG/MX1_AREG/MX1_TYROBP/OAS1_AREG/IFIT3_AREG/OAS3_AREG/OAS1_TYROBP/MX1_LAT2/IFI6_KLRC3/PLSCR1_AREG/CD74_AREG/IFI6_AREG/ISG15_AREG/STAT2_AREG/TNFSF10_AREG","STAT2_TXK/PLSCR1_AREG/IRF7_AREG/STAT2_AREG/SP100_AREG/TNFSF10_AREG/CD74_AREG/IFIT3_AREG/MX1_AREG/IFI6_AREG/OAS1_AREG/ISG15_AREG/OAS3_AREG/MX1_TYROBP/OAS1_TYROBP/IFI6_KLRC3/MX1_LAT2/OAS1_LAT2/STAT1_B3GNT7/STAT2_B3GNT7/CD74_B3GNT7/RSAD2_B3GNT7"
"298",272,271,"CD4+CAPG+ Tm_CD8+KIR+TXK+ NK-like","CD4+CAPG+ Tm","CD8+KIR+TXK+ NK-like",22,16,1.595,0.00919015158263812,0.0519443350323024,0.669667896678967,"ID2_AREG/CXCR3_AREG/CD40LG_AREG/TIMP1_AREG/S100A11_AREG/CAPG_AREG/CD52_AREG/TMSB4X_AREG/BHLHE40_AREG/HOPX_FOSL2/HOPX_AREG/HMGB1_AREG/PPARG_AREG/CD74_AREG/PFN1_AREG/CXCR6_AREG","BHLHE40_TXK/HOPX_FOSL2/HOPX_AREG/BHLHE40_AREG/ID2_AREG/PPARG_AREG/TIMP1_AREG/CD40LG_AREG/HMGB1_AREG/CXCR3_AREG/CD74_AREG/CXCR6_AREG/TMSB4X_AREG/CAPG_AREG/CD52_AREG/PFN1_AREG/S100A11_AREG/RBPJ_KIR3DL2/RBPJ_B3GNT7/IL32_B3GNT7/TGFB1_B3GNT7/CD74_B3GNT7"
"379",273,271,"CD4+Temra_CD8+GZMK+ Tex","CD4+Temra","CD8+GZMK+ Tex",22,16,1.595,0.00919015158263812,0.0519443350323024,0.669667896678967,"C1orf21_TSC22D1/FGFBP2_NAMPT/C1orf21_TRPS1/FGFBP2_TRPS1/HOPX_PRDM1/CX3CR1_TRPS1/HOPX_TNFSF4/CTSW_CCL4/C1orf21_TNFSF4/C1orf21_TOX/CX3CR1_TNFRSF9/IL5RA_NAMPT/CX3CR1_NAMPT/C1orf21_PRDM1/HOPX_NAMPT/TBX21_NAMPT","CX3CR1_TOX/C1orf21_TOX/C1orf21_TSC22D1/HOPX_PRDM1/C1orf21_PRDM1/CX3CR1_TRPS1/FGFBP2_TRPS1/C1orf21_TRPS1/HOPX_TNFSF4/C1orf21_TNFSF4/CTSW_CCL4/HOPX_NAMPT/TBX21_NAMPT/CX3CR1_NAMPT/IL5RA_NAMPT/FGFBP2_NAMPT/ZEB2_CD27/GNLY_CD27/S1PR5_CD27/GNLY_DUSP4/CX3CR1_TNFRSF9/CCL4_HLA-DQA1"
"820",274,271,"CD8+Tn_CD4+AREG+ Tm","CD8+Tn","CD4+AREG+ Tm",22,16,1.595,0.00919015158263812,0.0519443350323024,0.669667896678967,"TXK_AREG/FLT3LG_EEF1A1/IL6R_AREG/TIMP1_AREG/IFNGR2_AREG/TNFSF8_AREG/IL6R_PABPC1/FLT3LG_AREG/BACH2_AREG/TPT1_AREG/FLT3LG_PABPC1/IL23A_AREG/NOSIP_AREG/KLF2_ANXA1/IL6R_ANXA1/SELL_AREG","PABPC1_ZFP36L2/TIMP1_KLF2/LEF1_KLF3/PABPC1_CD40LG/TXK_AREG/BACH2_AREG/FLT3LG_AREG/TNFSF8_AREG/IL23A_AREG/TIMP1_AREG/IL6R_AREG/IFNGR2_AREG/SELL_AREG/EEF1A1_AREG/TPT1_AREG/NOSIP_AREG/KLF2_ANXA1/IL6R_ANXA1/FLT3LG_EEF1A1/FLT3LG_PABPC1/IL6R_PABPC1/PABPC1_PTGER2"
"1379",275,271,"CD8+ISG+ CD8+ T_CD4+TNFRSF9+ Treg","CD8+ISG+ CD8+ T","CD4+TNFRSF9+ Treg",22,16,1.595,0.00919015158263812,0.0519443350323024,0.669667896678967,"IFIT3_PMAIP1/IFIT1_PMAIP1/SP100_TNFRSF4/MX1_PMAIP1/CMPK2_PMAIP1/IFI6_IL2RA/SP100_PMAIP1/MX1_NAMPT/MX1_IL2RA/TNFSF10_NAMPT/TNFSF10_PMAIP1/IFI6_TNFRSF4/IFI6_NAMPT/OAS1_NAMPT/IFIT1_TNFRSF4/IFIT3_TNFRSF4","TNFSF10_NAMPT/MX1_NAMPT/IFI6_NAMPT/OAS1_NAMPT/CD74_EBI3/OAS1_CD70/STAT2_IL7/MX1_IL2RA/IFI6_IL2RA/SP100_TNFRSF4/IFIT1_TNFRSF4/IFIT3_TNFRSF4/IFI6_TNFRSF4/CMPK2_TNFRSF4/STAT2_CARD16/IRF7_PMAIP1/SP100_PMAIP1/TNFSF10_PMAIP1/IFIT1_PMAIP1/IFIT3_PMAIP1/MX1_PMAIP1/CMPK2_PMAIP1"
"1507",276,271,"CD4+CCL5+ Tm_CD4+NME1+CCR4- T","CD4+CCL5+ Tm","CD4+NME1+CCR4- T",22,16,1.595,0.00919015158263812,0.0519443350323024,0.669667896678967,"CD40LG_ENO1/ID2_GAPDH/PTGER4_ENO1/ID2_SUB1/ZFP36L2_GAPDH/CD40LG_GPI/CD44_ENO1/ID2_ENO1/PTGER4_GAPDH/ID2_GPI/IFNG_GAPDH/PARP8_ENO1/GZMM_ENO1/PARP8_GAPDH/PARP8_GPI/PTGER4_GPI","ID2_ENO1/CD40LG_ENO1/GZMM_ENO1/CD44_ENO1/PARP8_ENO1/PTGER4_ENO1/ID2_SUB1/BHLHE40_MEOX1/NR4A2_MEOX1/GZMA_MEOX1/CCL4_MEOX1/CD44_MEOX1/IL18RAP_MEOX1/ID2_GPI/CD40LG_GPI/PARP8_GPI/PTGER4_GPI/ZFP36L2_GAPDH/ID2_GAPDH/IFNG_GAPDH/PARP8_GAPDH/PTGER4_GAPDH"
"69",277,277,"CD4+IL26+ Th17_CD8+IL7R+ Tm","CD4+IL26+ Th17","CD8+IL7R+ Tm",29,20,1.513,0.00933123535348318,0.0523623278828552,0.65812274368231,"IL17RE_PABPC1/IL17RE_FTH1/IL17RE_LMNA/CD40LG_TNFAIP3/IL17RE_ANXA1/ID2_GPR183/IL17RE_RGCC/IL23R_PABPC1/IL23R_ANXA1/IL23R_BTG1/CD40LG_FTH1/IL22_PABPC1/IL23R_TNFAIP3/CXCR6_TNFAIP3/RORC_TNFAIP3/ID2_ANXA1/IL23R_CD55/CD40LG_PABPC1/IL22_RGCC/CA10_RGCC","CEBPD_ZFP36L2/IL4I1_ZFP36L2/ANKRD28_ZFP36L2/IL4I1_CXCR4/IL23R_BTG1/ANKRD28_BTG1/ID2_ANXA1/IL23R_ANXA1/IL17RE_ANXA1/IL17RE_LMNA/IL23R_CD55/RORC_TNFAIP3/ID2_TNFAIP3/CD40LG_TNFAIP3/CXCR6_TNFAIP3/IL23R_TNFAIP3/CTSH_TNFAIP3/CD40LG_FTH1/IL17RE_FTH1/TMIGD2_FTH1/IL22_RGCC/CCR6_RGCC/IL17RE_RGCC/CA10_RGCC/ID2_GPR183/CD40LG_PABPC1/IL22_PABPC1/IL23R_PABPC1/IL17RE_PABPC1"
"504",278,277,"CD4+ISG+ Treg_CD8+TCF7+ Tex","CD4+ISG+ Treg","CD8+TCF7+ Tex",29,20,1.513,0.00933123535348318,0.0523623278828552,0.65812274368231,"IL7_TNFRSF4/IL7_CD200/BATF_NMB/IFI6_NR3C1/BATF_TNFRSF4/IL7_NR3C1/TNFSF10_IGFL2/IFIT3_NMB/IL1RN_NMB/ETV7_TNFRSF4/IL1RN_IGFL2/FOXP3_TNFRSF4/IL7_NMB/IFI6_TNFRSF4/ETV7_IGFL2/ETV7_NMB/TNFSF13B_CD200/IFIT1_TNFRSF4/IFIT3_TNFRSF4/ISG15_NMB","CD70_TCF7/IL7_NR3C1/IFI6_NR3C1/NAMPT_BATF/CSF1_EBI3/CD70_EBI3/CD74_EBI3/CSF1_CD40LG/NAMPT_CD40LG/NAMPT_IL6R/IL7_CD200/TNFSF13B_CD200/FOXP3_TNFRSF4/ETV7_TNFRSF4/BATF_TNFRSF4/IL7_TNFRSF4/IFIT1_TNFRSF4/IFI6_TNFRSF4/IFIT3_TNFRSF4/ETV7_IGFL2/TNFSF10_IGFL2/IL1RN_IGFL2/ETV7_NMB/BATF_NMB/IL1RN_NMB/IL7_NMB/ISG15_NMB/USP18_NMB/IFIT3_NMB"
"44",279,279,"CD8+Temra_CD8+IL7R+ Tm","CD8+Temra","CD8+IL7R+ Tm",17,13,1.678,0.00975919479887166,0.0539870350575879,0.665268817204301,"KLF3_RGCC/C1orf21_PABPC1/C1orf21_RGCC/C1orf21_TNFAIP3/KLF3_TNFAIP3/KLF3_ANXA1/GZMM_TNFAIP3/C1orf21_FTH1/KLF2_ANXA1/ASCL2_FTH1/CMKLR1_FTH1/CX3CR1_ZFP36/CX3CR1_TNFAIP3","PRSS23_ZFP36L2/GNLY_ZFP36L2/GNLY_TSC22D3/CX3CR1_ZFP36/KLF2_ANXA1/KLF3_ANXA1/KLF3_TNFAIP3/GZMM_TNFAIP3/CX3CR1_TNFAIP3/C1orf21_TNFAIP3/ASCL2_FTH1/CX3CR1_FTH1/CMKLR1_FTH1/C1orf21_FTH1/KLF3_RGCC/C1orf21_RGCC/C1orf21_PABPC1"
"612",280,279,"CD4+GZMK+ Tem_CD8+NME1+ T","CD4+GZMK+ Tem","CD8+NME1+ T",17,13,1.678,0.00975919479887166,0.0539870350575879,0.665268817204301,"NFATC2_ENO1/ENC1_ENO1/CXCR3_GAPDH/NFATC2_GPI/IFNG_GAPDH/LITAF_GAPDH/F2R_ACTG1/CXCR3_GPI/NFATC2_ACTG1/F2R_ENO1/ENC1_GAPDH/CXCR3_ENO1/ENC1_HMGA1","NFATC2_ENO1/CD74_ENO1/CXCR3_ENO1/ENC1_ENO1/F2R_ENO1/ENC1_HMGA1/CST7_MYB/ITM2C_MYB/NFATC2_GPI/CXCR3_GPI/NR4A2_CXCR3/NFATC2_ACTG1/F2R_ACTG1/LITAF_GAPDH/IFNG_GAPDH/CXCR3_GAPDH/ENC1_GAPDH"
"666",281,279,"CD8+ZNF683+CXCR6- Tm_CD4+CXCR5+ pre-Tfh","CD8+ZNF683+CXCR6- Tm","CD4+CXCR5+ pre-Tfh",17,13,1.678,0.00975919479887166,0.0539870350575879,0.665268817204301,"CD52_SLC2A3/TRAF3IP3_SLC2A3/SIT1_SLC2A3/CD52_AREG/SH3BGRL3_SLC2A3/GZMA_SLC2A3/S100A4_SLC2A3/SIT1_AREG/TRAF3IP3_AREG/CCL5_SLC2A3/MYL12A_AREG/PFN1_AREG/IL32_SLC2A3","CD52_AREG/TRAF3IP3_AREG/SIT1_AREG/MYL12A_AREG/PFN1_AREG/ZNF683_CD40LG/IL32_CXCR5/ZNF683_SLC2A3/CCL5_SLC2A3/IL32_SLC2A3/GZMA_SLC2A3/CD52_SLC2A3/TRAF3IP3_SLC2A3/SH3BGRL3_SLC2A3/SIT1_SLC2A3/S100A4_SLC2A3/MYL12A_SLC2A3"
"1559",282,279,"CD4+ISG+ Th_CD4+NME1+CCR4+ T","CD4+ISG+ Th","CD4+NME1+CCR4+ T",17,13,1.678,0.00975919479887166,0.0539870350575879,0.665268817204301,"TNFSF10_ENO1/TNFSF13B_ENO1/IFI6_ENO1/SP100_ENO1/IFIT3_ENO1/IFI6_TMSB10/CMPK2_ENO1/MX2_ENO1/IFIT2_ENO1/IFI44L_ENO1/RSAD2_ENO1/MX1_ENO1/IRF7_ENO1","IRF7_ENO1/SP100_ENO1/TNFSF10_ENO1/TNFSF13B_ENO1/IFIT3_ENO1/IFIT1_ENO1/RSAD2_ENO1/IFI44L_ENO1/MX1_ENO1/IFI6_ENO1/MX2_ENO1/IFIT2_ENO1/CMPK2_ENO1/IFI16_FLT3LG/IFI16_IL6R/IFI16_IFNAR2/IFI6_TMSB10"
"358",283,283,"CD8+KIR+EOMES+ NK-like_CD8+GZMK+ Tex","CD8+KIR+EOMES+ NK-like","CD8+GZMK+ Tex",9,8,1.95,0.0099430612498087,0.0548098075961186,0.666890459363958,"GCSAM_TRPS1/KLRG1_PRDM1/GCSAM_TSC22D1/GCSAM_TNFSF4/CMC1_TRPS1/IKZF2_TRPS1/KLRG1_NAMPT/GCSAM_NAMPT","GCSAM_TSC22D1/KLRG1_PRDM1/IKZF2_TRPS1/CMC1_TRPS1/GCSAM_TRPS1/GCSAM_TNFSF4/KLRG1_NAMPT/GCSAM_NAMPT/TNFSF9_CD27"
"1215",284,284,"CD8+Temra_CD4+IL21+ Tfh","CD8+Temra","CD4+IL21+ Tfh",40,26,1.426,0.0103362430391676,0.0567765462714838,0.666056338028169,"KLF3_RBPJ/C1orf21_GNG4/KLF3_NMB/KLF3_CD200/C1orf21_NR3C1/CX3CR1_TOX2/KLF2_IGFL2/KLF3_NR3C1/C1orf21_IGFL2/C1orf21_NMB/KLF3_GNG4/C1orf21_RBPJ/ASCL2_RBPJ/CX3CR1_RBPJ/ASCL2_TOX2/C1orf21_TNFSF4/C1orf21_TOX/C1orf21_TOX2/CX3CR1_CD200/KLF2_PDE7B/KLF3_TOX2/C1orf21_CD200/C1orf21_PDE7B/ASCL2_PDE7B/ZEB2_IGFL2/ASCL2_GNG4","KLF3_NR3C1/C1orf21_NR3C1/ASCL2_TOX2/KLF3_TOX2/CX3CR1_TOX2/C1orf21_TOX2/CX3CR1_TOX/C1orf21_TOX/S1PR5_TSHZ2/GNLY_TSHZ2/C1orf21_TSHZ2/ASCL2_RBPJ/KLF3_RBPJ/CX3CR1_RBPJ/C1orf21_RBPJ/S1PR5_IL21/C1orf21_TNFSF4/ZEB2_CD40LG/GZMB_CD40LG/S1PR5_IL6R/GNLY_IL6R/ASCL2_GNG4/KLF3_GNG4/C1orf21_GNG4/KLF3_CD200/CX3CR1_CD200/C1orf21_CD200/KLF3_NMB/C1orf21_NMB/KLF2_IGFL2/ZEB2_IGFL2/GZMA_IGFL2/CX3CR1_IGFL2/C1orf21_IGFL2/GNLY_CPM/ASCL2_PDE7B/KLF2_PDE7B/C1orf21_PDE7B/ZEB2_ITM2A/GNLY_ITM2A"
"669",285,285,"CD8+Temra_CD4+CXCR5+ pre-Tfh","CD8+Temra","CD4+CXCR5+ pre-Tfh",31,21,1.486,0.0105682471464061,0.0578472475382229,0.666421052631579,"KLF3_AREG/C1orf21_SLC2A3/C1orf21_PABPC1/CX3CR1_SLC2A3/FGFBP2_AREG/KLF3_SLC2A3/C1orf21_NR4A2/KLF2_SLC2A3/C1orf21_NR3C1/C1orf21_AREG/FGFBP2_SLC2A3/KLF3_NR3C1/TBX21_SLC2A3/ASCL2_AREG/KLRD1_SLC2A3/GZMA_SLC2A3/KLF3_LEF1/ASCL2_SLC2A3/FGR_AREG/CX3CR1_AREG/KLF3_NR4A2","GNLY_TCF7/C1orf21_TCF7/KLF3_NR3C1/C1orf21_NR3C1/KLF3_NR4A2/C1orf21_NR4A2/S1PR5_TSHZ2/GNLY_TSHZ2/C1orf21_TSHZ2/KLF3_LEF1/ASCL2_AREG/KLF3_AREG/CX3CR1_AREG/FGFBP2_AREG/FGR_AREG/C1orf21_AREG/ZEB2_CD40LG/GZMB_CD40LG/GNLY_FAAH2/S1PR5_SESN3/ASCL2_SLC2A3/KLF2_SLC2A3/KLF3_SLC2A3/TBX21_SLC2A3/GZMA_SLC2A3/CX3CR1_SLC2A3/FGFBP2_SLC2A3/KLRD1_SLC2A3/PLEK_SLC2A3/C1orf21_SLC2A3/C1orf21_PABPC1"
"1522",286,286,"CD8+Tn_CD4+NME1+CCR4+ T","CD8+Tn","CD4+NME1+CCR4+ T",24,17,1.554,0.0109921403542123,0.0599571292047943,0.671188811188811,"NOSIP_ENO1/FLT3LG_ENO1/EEF1A1_ENO1/MAL_ENO1/IFNGR2_TMSB10/IL6R_CNN2/FLT3LG_CNN2/EEF1B2_ENO1/IL6R_ENO1/IL6R_TMSB10/TXK_ENO1/FLT3LG_CMTM7/FLT3LG_SUB1/FLT3LG_ACTG1/KLF2_CNN2/CMTM8_ENO1/IFNGR2_ARPC1B","FLT3LG_SUB1/TIMP1_KLF2/TXK_ENO1/FLT3LG_ENO1/CMTM8_ENO1/IL6R_ENO1/IFNGR2_ENO1/MAL_ENO1/EEF1A1_ENO1/EEF1B2_ENO1/NOSIP_ENO1/FLT3LG_CMTM7/EEF1A1_FLT3LG/ACTN1_FLT3LG/PABPC1_FLT3LG/PABPC1_IL6R/PABPC1_IFNAR2/FLT3LG_ACTG1/IL6R_TMSB10/IFNGR2_TMSB10/IFNGR2_ARPC1B/KLF2_CNN2/FLT3LG_CNN2/IL6R_CNN2"
"359",287,287,"CD8+KIR+TXK+ NK-like_CD8+GZMK+ Tex","CD8+KIR+TXK+ NK-like","CD8+GZMK+ Tex",26,18,1.519,0.0127589205881032,0.06887168206727,0.70191637630662,"B3GNT7_NAMPT/TXK_NAMPT/B3GNT7_TNFRSF9/KIR3DL2_TRPS1/B3GNT7_TRPS1/HOPX_PRDM1/B3GNT7_PRDM1/B3GNT7_TNFSF4/HOPX_TNFSF4/KIR3DL2_NAMPT/B3GNT7_CTLA4/B3GNT7_CD74/B3GNT7_TOX/IKZF2_TRPS1/KIR2DL4_TRPS1/HOPX_NAMPT/B3GNT7_HAVCR2/TXK_HAVCR2","B3GNT7_TOX/HOPX_PRDM1/B3GNT7_PRDM1/IKZF2_TRPS1/KIR3DL2_TRPS1/KIR2DL4_TRPS1/B3GNT7_TRPS1/TXK_CCL3/HOPX_TNFSF4/B3GNT7_TNFSF4/AREG_IFNG/HOPX_NAMPT/TXK_NAMPT/KIR3DL2_NAMPT/B3GNT7_NAMPT/AREG_CD74/B3GNT7_CD74/AREG_CXCR6/TXK_HAVCR2/B3GNT7_HAVCR2/AREG_CD27/AREG_LYST/AREG_DUSP4/B3GNT7_CTLA4/B3GNT7_TNFRSF9/AREG_HLA-DRB1"
"402",288,287,"CD8+TCF7+ Tex_CD8+terminal Tex","CD8+TCF7+ Tex","CD8+terminal Tex",26,18,1.519,0.0127589205881032,0.06887168206727,0.70191637630662,"CD40LG_GZMB/CPM_HAVCR2/CD40LG_CSF1/EBI3_CSF1/CD40LG_TNFSF4/EBI3_CD74/CPM_TNFSF4/TNFSF8_HAVCR2/BTLA_TNFSF4/CD40LG_TNFRSF9/EBI3_CD70/CD40LG_HAVCR2/SESN3_GEM/CPM_RBPJ/SESN3_TOX/IFNAR2_FAM3C/CD40LG_NAMPT/IL6R_NAMPT","CPM_RBPJ/SESN3_TOX/CD40LG_TNFSF4/CPM_TNFSF4/BTLA_TNFSF4/IFNAR2_FAM3C/CD40LG_GZMB/EBI3_CSF1/CD40LG_CSF1/TCF7_CD70/EBI3_CD70/IGFL2_IFNG/BATF_NAMPT/CD40LG_NAMPT/IL6R_NAMPT/NR3C1_CXCR6/TNFRSF4_CXCR6/EBI3_CD74/CD40LG_TNFRSF9/IGFL2_LAYN/IGFL2_ENTPD1/TNFSF8_HAVCR2/CD40LG_HAVCR2/CPM_HAVCR2/SESN3_GEM/TNFRSF4_DUSP4"
"1503",289,287,"CD4+TNF+ T_CD4+NME1+CCR4- T","CD4+TNF+ T","CD4+NME1+CCR4- T",26,18,1.519,0.0127589205881032,0.06887168206727,0.70191637630662,"CCR2_ENO1/CD40LG_ENO1/ID2_GAPDH/CAPG_GAPDH/CAPG_ENO1/ID2_SUB1/CD40LG_GPI/CXCR3_GAPDH/ID2_ENO1/CISH_GAPDH/ID2_GPI/IFNG_GAPDH/CISH_ENO1/CXCR3_GPI/CAPG_TMSB10/ACTB_ENO1/ACTB_GAPDH/CXCR3_ENO1","ID2_ENO1/CD40LG_ENO1/CCR2_ENO1/CXCR3_ENO1/ACTB_ENO1/CISH_ENO1/CAPG_ENO1/ID2_SUB1/EGR1_MEOX1/GZMA_MEOX1/TNF_MEOX1/CCL4_MEOX1/FASLG_MEOX1/MYL12A_MEOX1/LCP2_MEOX1/ID2_GPI/CD40LG_GPI/CXCR3_GPI/ID2_GAPDH/IFNG_GAPDH/CXCR3_GAPDH/SH3BGRL3_GAPDH/ACTB_GAPDH/CISH_GAPDH/CAPG_GAPDH/CAPG_TMSB10"
"411",290,290,"CD4+AREG+ Tm_CD8+terminal Tex","CD4+AREG+ Tm","CD8+terminal Tex",37,24,1.423,0.0140564604768158,0.0756140632545954,0.697620689655172,"KLF3_RBPJ/CD40LG_GZMB/KLF3_NAMPT/CD40LG_CSF1/CD40LG_TNFSF4/KLF3_ETV1/S1PR1_NAMPT/PTGER2_NAMPT/CD40LG_TNFRSF9/KLF3_CSF1/GPR183_NAMPT/ZFP36L2_CD70/CD40LG_HAVCR2/EEF1B2_NAMPT/ZFP36L2_CSF1/PTGER2_TOX2/ZFP36L2_NAMPT/KLF3_TOX2/PLAC8_GZMB/PTGER2_CD70/PTGER2_GEM/EEF1B2_RBPJ/PLAC8_HAVCR2/CD40LG_NAMPT","KLF3_RBPJ/EEF1B2_RBPJ/KLF3_ETV1/AREG_ETV1/KLF3_TOX2/PTGER2_TOX2/CD40LG_TNFSF4/KLF3_FAM3C/CD40LG_GZMB/PLAC8_GZMB/ZFP36L2_CSF1/KLF3_CSF1/CD40LG_CSF1/KLF3_CCL3/ZFP36L2_CD70/TCF7_CD70/PTGER2_CD70/AREG_IFNG/ZFP36L2_NAMPT/KLF3_NAMPT/CD40LG_NAMPT/GPR183_NAMPT/EEF1B2_NAMPT/S1PR1_NAMPT/PTGER2_NAMPT/AREG_FASLG/AREG_CXCR6/AREG_CD74/AREG_IL2RB/CD40LG_TNFRSF9/AREG_LAYN/AREG_ENTPD1/CD40LG_HAVCR2/PLAC8_HAVCR2/AREG_KRT86/PTGER2_GEM/AREG_DUSP4"
"1558",291,291,"CD4+ISG+ Treg_CD4+NME1+CCR4+ T","CD4+ISG+ Treg","CD4+NME1+CCR4+ T",28,19,1.489,0.014470087305734,0.0775716020513576,0.699896907216495,"FOXP3_ENO1/TNFSF10_ENO1/IL7_ENO1/LTA_ENO1/TNFSF13B_ENO1/IFI6_ENO1/IFIT3_ENO1/IFI6_TMSB10/IL7_ACTG1/ETV7_ENO1/RSAD2_ENO1/OAS1_ARHGDIB/ETV7_CD74/ETV7_TPM4/MX1_ENO1/BATF_ENO1/IL1RN_SUB1/IRF7_ENO1/HERC5_ENO1","IL1RN_SUB1/FOXP3_ENO1/IRF7_ENO1/ETV7_ENO1/BATF_ENO1/LTA_ENO1/TNFSF10_ENO1/IL7_ENO1/TNFSF13B_ENO1/CD74_ENO1/IFIT1_ENO1/MX1_ENO1/IFI6_ENO1/RSAD2_ENO1/IFIT3_ENO1/HERC5_ENO1/NAMPT_HMGB1/CSF1_FLT3LG/CD70_FLT3LG/ETV7_CD74/NAMPT_IL6R/IL7_ACTG1/IFI6_TMSB10/CSF1_COTL1/CD70_COTL1/CD74_COTL1/OAS1_ARHGDIB/ETV7_TPM4"
"932",292,292,"CD4+TNFRSF9+ Treg_CD4+CREM+ Tm","CD4+TNFRSF9+ Treg","CD4+CREM+ Tm",52,32,1.35,0.0147623661684592,0.078867435694508,0.699486301369863,"IL7_SRGN/IKZF2_AREG/IL7_AREG/CARD16_SRGN/CARD16_AREG/IL7_IFNGR1/IL7_CREM/LAIR2_AREG/BATF_AREG/IL1RN_SRGN/BATF_TNFAIP3/TBC1D4_TNFAIP3/CCL22_TNFAIP3/IL7_ZNF331/EBI3_TNFAIP3/CARD16_FTH1/IL7_TNFAIP3/IL1RN_AREG/IL1RN_ANXA1/IL1RN_CREM/CARD16_TNFAIP3/EBI3_AREG/CCL22_AREG/IL1RN_FTH1/EBI3_TGFB1/LAYN_AREG/CD74_AREG/IKZF2_TNFAIP3/CARD16_IFNGR1/BATF_ZNF331/IL2RB_AREG/BATF_FTH1","IL1RN_CREM/IL7_CREM/LAIR2_CREM/NAMPT_ZFP36L2/CSF1_ZFP36L2/CD70_ZFP36L2/PMAIP1_ZFP36L2/BATF_ZNF331/IL7_ZNF331/EBI3_TGFB1/PMAIP1_TGFB1/BATF_AREG/IKZF2_AREG/EBI3_AREG/CCL22_AREG/IL1RN_AREG/IL7_AREG/IL2RB_AREG/CD74_AREG/LAYN_AREG/CARD16_AREG/LAIR2_AREG/CD70_CXCL16/IL1RN_CXCR4/IL7_IFNGR1/CARD16_IFNGR1/TNFRSF4_GPR35/PMAIP1_GPR35/BATF_FTH1/ZBTB32_FTH1/IL1RN_FTH1/CARD16_FTH1/IL1RN_SRGN/IL7_SRGN/TIGIT_SRGN/CARD16_SRGN/PMAIP1_FAM177A1/BATF_TNFAIP3/IKZF2_TNFAIP3/EBI3_TNFAIP3/CCL22_TNFAIP3/IL7_TNFAIP3/CARD16_TNFAIP3/TBC1D4_TNFAIP3/PMAIP1_YPEL5/PMAIP1_LMNA/IL1RN_ANXA1/CARD16_ANXA1/IL32_PTGER4/NAMPT_PTGER4/CSF1_PTGER4/TNFRSF4_PTGER4"
"68",293,293,"CD4+CCR6+ Th17_CD8+IL7R+ Tm","CD4+CCR6+ Th17","CD8+IL7R+ Tm",21,15,1.567,0.0150046942683438,0.0798884746027863,0.704436860068259,"CD40LG_TNFAIP3/ABCB1_PABPC1/GPR35_FTH1/ABCB1_GPR183/FLT3LG_PABPC1/ABCB1_BTG1/CD40LG_FTH1/TPT1_TNFAIP3/ABCB1_RGCC/ZFP36L2_PABPC1/HOPX_RGCC/DPP4_TNFAIP3/TPT1_RGCC/CD40LG_PABPC1/ZFP36L2_TNFAIP3","BHLHE40_ZFP36L2/IL4I1_ZFP36L2/ANXA1_TSC22D3/IL4I1_CXCR4/ABCB1_BTG1/ZFP36L2_TNFAIP3/CD40LG_TNFAIP3/FKBP11_TNFAIP3/TPT1_TNFAIP3/DPP4_TNFAIP3/CD40LG_FTH1/GPR35_FTH1/HOPX_RGCC/CCR6_RGCC/ABCB1_RGCC/TPT1_RGCC/ABCB1_GPR183/ZFP36L2_PABPC1/CD40LG_PABPC1/FLT3LG_PABPC1/ABCB1_PABPC1"
"1521",294,294,"CD4+NME1+CCR4+ T_CD4+NME1+CCR4- T","CD4+NME1+CCR4+ T","CD4+NME1+CCR4- T",39,25,1.406,0.0151273578411293,0.0802676130345637,0.702176870748299,"COTL1_ENO1/IL2RG_ENO1/HDAC1_ENO1/FLT3LG_ENO1/IL6R_GAPDH/PFN1_GAPDH/FLT3LG_GAPDH/ACTG1_GAPDH/COTL1_GAPDH/PFN1_ENO1/FLT3LG_GPI/IL6R_ENO1/IL6R_TMSB10/HMGB1_GAPDH/IL2RG_GAPDH/HDAC1_GPI/ARHGDIB_GAPDH/HMGB1_ENO1/IL6R_GPI/IFNAR2_GAPDH/FLT3LG_SUB1/SCAND1_ENO1/ACTB_ENO1/ACTB_GAPDH/FLT3LG_ACTG1","HDAC1_ENO1/SCAND1_ENO1/HMGB1_ENO1/FLT3LG_ENO1/CD74_ENO1/IL2RG_ENO1/IL6R_ENO1/ACTB_ENO1/PFN1_ENO1/COTL1_ENO1/FLT3LG_SUB1/ENO1_MEOX1/SCAND1_MEOX1/IL32_MEOX1/CORO1A_MEOX1/ARPC1B_MEOX1/CNN2_MEOX1/ENO1_PHF5A/HDAC1_GPI/FLT3LG_GPI/IL6R_GPI/ENO1_HMGB1/ENO1_EBI3/CD74_EBI3/ENO1_ACTB/ENO1_PFN1/FLT3LG_ACTG1/HMGB1_GAPDH/FLT3LG_GAPDH/IL2RG_GAPDH/IL6R_GAPDH/IFNAR2_GAPDH/ACTB_GAPDH/PFN1_GAPDH/ACTG1_GAPDH/COTL1_GAPDH/ARHGDIB_GAPDH/ENO1_CFL1/IL6R_TMSB10"
"250",295,295,"CD4+Tn_CD8+KIR+EOMES+ NK-like","CD4+Tn","CD8+KIR+EOMES+ NK-like",11,9,1.795,0.0162707312852755,0.0857511513683439,0.717152542372881,"LINC00861_DUSP2/GIMAP7_IL2RB/TXK_KLRD1/TXK_NR4A2/FHIT_NR4A2/GIMAP7_KLRF1/GIMAP7_TNFSF9/MAL_DUSP2/TXK_DUSP2","TXK_NR4A2/FHIT_NR4A2/GIMAP7_TNFSF9/GIMAP7_IL2RB/ACTN1_CD160/GIMAP7_KLRF1/TXK_KLRD1/GIMAP7_KLRD1/TXK_DUSP2/MAL_DUSP2/LINC00861_DUSP2"
"430",296,295,"CD8+Tn_CD8+OXPHOS- Tex","CD8+Tn","CD8+OXPHOS- Tex",11,9,1.795,0.0162707312852755,0.0857511513683439,0.717152542372881,"KLF2_PHLDA1/IFNGR2_HAVCR2/IFNGR2_PHLDA1/TNFSF8_HAVCR2/FLT3LG_CSF1/FLT3LG_PRDM1/TCF7_PRDM1/FLT3LG_TNFRSF9/TXK_HAVCR2","TCF7_PRDM1/FLT3LG_PRDM1/NELL2_CXCL13/FLT3LG_CSF1/TXK_CCL3/TXK_HAVCR2/TNFSF8_HAVCR2/IFNGR2_HAVCR2/FLT3LG_TNFRSF9/KLF2_PHLDA1/IFNGR2_PHLDA1"
"1106",297,297,"CD8+ISG+ CD8+ T_CD4+Temra","CD8+ISG+ CD8+ T","CD4+Temra",16,12,1.645,0.0167229102821515,0.0875427518126052,0.723670033670034,"MX1_PLEK/TNFSF10_GNLY/IFIT3_GZMB/MX1_PRSS23/IFI44L_GZMB/CMPK2_CCL4/MX1_GZMB/SP100_S1PR5/IFIT1_GZMB/IFI44L_CCL4/IFI6_S1PR5/OAS1_GNLY","IFIT1_GZMB/IFIT3_GZMB/IFI44L_GZMB/MX1_GZMB/OAS1_GZMB/OAS3_GZMB/IFI44L_CCL4/CMPK2_CCL4/CCR1_CX3CR1/TNFSF10_GNLY/OAS1_GNLY/SP100_S1PR5/IFI6_S1PR5/STAT2_C1orf21/MX1_PLEK/MX1_PRSS23"
"1265",298,297,"CD4+Tn_CD4+IFNG+ Tfh/Th1","CD4+Tn","CD4+IFNG+ Tfh/Th1",16,12,1.645,0.0167229102821515,0.0875427518126052,0.723670033670034,"GIMAP7_ZEB2/GIMAP7_RBPJ/GIMAP7_LAG3/GIMAP7_GZMB/LINC00861_CXCL13/GIMAP7_PDCD1/TCF7_PTMS/KLF2_PDE7B/PLAC8_GZMB/EEF1B2_RBPJ/PLAC8_HAVCR2/TXK_HAVCR2","GIMAP7_ZEB2/EEF1A1_ID2/ACTN1_ID2/TXK_BHLHE40/EEF1B2_RBPJ/GIMAP7_RBPJ/LINC00861_CXCL13/PLAC8_GZMB/GIMAP7_GZMB/TXK_CCL3/GIMAP7_LAG3/TXK_HAVCR2/PLAC8_HAVCR2/GIMAP7_PDCD1/TCF7_PTMS/KLF2_PDE7B"
"591",299,299,"CD8+Temra_CD8+NME1+ T","CD8+Temra","CD8+NME1+ T",32,21,1.44,0.0176774528521151,0.0922301887936443,0.729397993311037,"ASCL2_ENO1/FGFBP2_ENO1/KLF3_GAPDH/KLF3_ENO1/FGFBP2_GAPDH/CMKLR1_ENO1/KLF3_GPI/CX3CR1_GAPDH/C1orf21_GPI/C1orf21_GAPDH/C1orf21_CKLF/TBX21_ENO1/KLRD1_GAPDH/ASCL2_KIF20A/CX3CR1_ENO1/CX3CR1_KIF20A/GZMM_ENO1/C1orf21_ACTG1/CMKLR1_GAPDH/ASCL2_HMGA1/ZEB2_GAPDH","ASCL2_ENO1/KLF3_ENO1/TBX21_ENO1/GZMM_ENO1/CX3CR1_ENO1/CMKLR1_ENO1/FGFBP2_ENO1/C1orf21_ENO1/ASCL2_HMGA1/PRSS23_MYB/GNLY_MYB/FGR_MYB/ASCL2_GPI/KLF3_GPI/CX3CR1_GPI/C1orf21_GPI/C1orf21_CKLF/ZEB2_CXCR3/FCGR3A_CXCR3/S1PR5_CXCR3/PRSS23_CXCR3/GNLY_CXCR3/C1orf21_ACTG1/KLF3_GAPDH/ZEB2_GAPDH/CX3CR1_GAPDH/CMKLR1_GAPDH/FGFBP2_GAPDH/KLRD1_GAPDH/C1orf21_GAPDH/ASCL2_KIF20A/CX3CR1_KIF20A"
"1044",300,300,"CD4+IL26+ Th17_CD4+CAPG+CREM- Tm","CD4+IL26+ Th17","CD4+CAPG+CREM- Tm",34,22,1.419,0.0191610063779765,0.0996372331654779,0.730533333333333,"IL17RE_CKLF/IL23R_BHLHE40/IL17RE_ALOX5AP/CD40LG_GZMB/IL17RE_ANXA1/ID2_BHLHE40/IL17RE_IFNGR1/IL17RE_CAPG/IL23R_ANXA1/IL22_BHLHE40/IL17RE_BHLHE40/IL17RE_CD99/CCR6_BHLHE40/IL17RE_HOPX/KLRB1_BHLHE40/IL17RE_CXCR3/IL17RE_IL18RAP/CD40LG_ZNF683/IL23R_CXCR6/IL17RE_HCST/ID2_ANXA1/IL17RE_IFNG","RUNX2_HOPX/IL17RE_HOPX/ID2_BHLHE40/IL22_BHLHE40/CCR6_BHLHE40/IL23R_BHLHE40/IL17RE_BHLHE40/KLRB1_BHLHE40/CTSH_BHLHE40/CEBPD_ZFP36L2/IL4I1_ZFP36L2/ANKRD28_ZFP36L2/CD40LG_ZNF683/CD40LG_GZMB/IL17RE_CKLF/IL17RE_IFNG/TNFSF14_CD40LG/IL4I1_CD40LG/ANKRD28_CD40LG/IL17RE_CXCR3/IL4I1_CXCR3/IL17RE_IFNGR1/IL23R_CXCR6/IL17RE_IL18RAP/IL4I1_GPR35/IL17RE_ALOX5AP/IL17RE_CAPG/IL4I1_CD52/ID2_ANXA1/IL23R_ANXA1/IL17RE_ANXA1/IL17RE_CD99/RUNX2_HCST/IL17RE_HCST"
"42",301,301,"CD8+GZMK+ early Tem_CD8+IL7R+ Tm","CD8+GZMK+ early Tem","CD8+IL7R+ Tm",8,7,1.919,0.0196156019034757,0.100177799229775,0.750996677740864,"PIK3R1_PABPC1/PIK3R1_TNFAIP3/ENC1_FTH1/ENC1_PABPC1/CMC1_TNFAIP3/GZMK_TNFAIP3/TRAT1_TNFAIP3","GZMK_TNFAIP3/CMC1_TNFAIP3/TRAT1_TNFAIP3/PIK3R1_TNFAIP3/ENC1_FTH1/ENC1_RGCC/ENC1_PABPC1/PIK3R1_PABPC1"
"238",302,301,"CD8+GZMK+ early Tem_CD8+KIR+EOMES+ NK-like","CD8+GZMK+ early Tem","CD8+KIR+EOMES+ NK-like",8,7,1.919,0.0196156019034757,0.100177799229775,0.750996677740864,"ENC1_NR4A2/PIK3R1_DUSP2/ENC1_ZNF331/PIK3R1_NR4A2/ENC1_IKZF2/ENC1_LITAF/DKK3_NR4A2","ENC1_IKZF2/DKK3_NR4A2/ENC1_NR4A2/PIK3R1_NR4A2/ENC1_LITAF/ENC1_ZNF331/CST7_KLRG1/PIK3R1_DUSP2"
"72",303,303,"CD4+TNFRSF9- Treg_CD8+IL7R+ Tm","CD4+TNFRSF9- Treg","CD8+IL7R+ Tm",5,5,2.194,0.0196502606181482,0.100177799229775,0.746699669966997,"FCRL3_TNFAIP3/TBC1D4_TNFAIP3/IKZF4_PABPC1/IKZF2_TNFAIP3/STAM_TNFAIP3","IKZF2_TNFAIP3/TBC1D4_TNFAIP3/FCRL3_TNFAIP3/STAM_TNFAIP3/IKZF4_PABPC1"
"112",304,303,"CD4+S1PR1+ Treg_CD8+ZNF683+CXCR6- Tm","CD4+S1PR1+ Treg","CD8+ZNF683+CXCR6- Tm",5,5,2.194,0.0196502606181482,0.100177799229775,0.746699669966997,"CCDC141_ZNF683/HPGD_IL32/HPGD_ZNF683/HPGD_CD52/HPGD_CCL5","CCDC141_ZNF683/HPGD_ZNF683/HPGD_CCL5/HPGD_IL32/HPGD_CD52"
"436",305,303,"CD8+KIR+EOMES+ NK-like_CD8+OXPHOS- Tex","CD8+KIR+EOMES+ NK-like","CD8+OXPHOS- Tex",5,5,2.194,0.0196502606181482,0.100177799229775,0.746699669966997,"GCSAM_CSF1/KLRG1_TIGIT/GCSAM_PHLDA1/KLRG1_PRDM1/GCSAM_FAM3C","KLRG1_PRDM1/GCSAM_CSF1/GCSAM_FAM3C/GCSAM_PHLDA1/KLRG1_TIGIT"
"1321",306,303,"CD4+S1PR1+ Treg_CD4+TNFRSF9- Treg","CD4+S1PR1+ Treg","CD4+TNFRSF9- Treg",5,5,2.194,0.0196502606181482,0.100177799229775,0.746699669966997,"FLT3LG_ARID5B/FLT3LG_STAM/HPGD_STAM/HPGD_RTKN2/HPGD_IKZF2","HPGD_IKZF2/FLT3LG_ARID5B/HPGD_RTKN2/FLT3LG_STAM/HPGD_STAM"
"907",307,307,"CD8+GZMK+ Tex_CD4+CREM+ Tm","CD8+GZMK+ Tex","CD4+CREM+ Tm",25,17,1.492,0.0198881449895641,0.100732162934156,0.738403908794788,"LYST_SRGN/LYST_CREM/CD27_SRGN/LYST_AREG/CD27_FTH1/DUSP4_AREG/LYST_TNFAIP3/HLA-DRB1_AREG/CXCR6_TNFAIP3/CD74_AREG/LYST_ANXA1/DUSP4_TNFAIP3/CD27_CREM/GZMK_TNFAIP3/CD27_AREG/CXCR6_AREG/DUSP4_FTH1","CD27_CREM/LYST_CREM/NAMPT_ZFP36L2/IFNG_AREG/CD74_AREG/CXCR6_AREG/CD27_AREG/LYST_AREG/DUSP4_AREG/HLA-DRB1_AREG/HAVCR2_CXCL16/TRPS1_GPR35/CD27_FTH1/DUSP4_FTH1/CD27_SRGN/LYST_SRGN/PRDM1_FAM177A1/GZMK_TNFAIP3/CXCR6_TNFAIP3/LYST_TNFAIP3/DUSP4_TNFAIP3/TSC22D1_YPEL5/TNFSF4_LMNA/LYST_ANXA1/NAMPT_PTGER4"
"1527",308,307,"CD8+Temra_CD4+NME1+CCR4+ T","CD8+Temra","CD4+NME1+CCR4+ T",25,17,1.492,0.0198881449895641,0.100732162934156,0.738403908794788,"ASCL2_ENO1/FGFBP2_ENO1/KLF3_ENO1/CMKLR1_ENO1/KLF3_CMTM7/C1orf21_TPM4/TBX21_ENO1/C1orf21_CNN2/C1orf21_CMTM7/CX3CR1_ENO1/KLF3_CNN2/GZMM_ENO1/KLF3_SUB1/KLF3_TPM4/C1orf21_ACTG1/C1orf21_TMSB10/KLF2_CNN2","KLF3_SUB1/ASCL2_ENO1/KLF3_ENO1/TBX21_ENO1/GZMM_ENO1/CX3CR1_ENO1/CMKLR1_ENO1/FGFBP2_ENO1/C1orf21_ENO1/KLF3_CMTM7/TBX21_CMTM7/C1orf21_CMTM7/S1PR5_FLT3LG/S1PR5_IL6R/GNLY_IL6R/GNLY_IFNAR2/C1orf21_ACTG1/C1orf21_TMSB10/S1PR5_COTL1/ASCL2_CNN2/KLF2_CNN2/KLF3_CNN2/C1orf21_CNN2/KLF3_TPM4/C1orf21_TPM4"
"1234",309,309,"CD4+CCL5+ Tm_CD4+IL21+ Tfh","CD4+CCL5+ Tm","CD4+IL21+ Tfh",27,18,1.462,0.0221322670811673,0.111375279505229,0.754045307443366,"ID2_NR3C1/ID2_RBPJ/ID2_CD200/PTGER4_RBPJ/CD40LG_IGFL2/CD40LG_TNFSF4/ID2_IGFL2/ITGA1_IGFL2/HOPX_TNFSF4/IFNG_IGFL2/CD99_TNFSF4/PTGER4_NR3C1/ID2_TOX2/CD99_IGFL2/XCL1_IGFL2/PARP8_RBPJ/PARP8_CD200/ID2_NMB","ID2_NR3C1/PTGER4_NR3C1/ID2_TOX2/NR4A2_TSHZ2/ID2_RBPJ/PARP8_RBPJ/PTGER4_RBPJ/BHLHE40_IL21/NR4A2_TNFSF8/HOPX_TNFSF4/CD40LG_TNFSF4/CD99_TNFSF4/NR4A2_CD40LG/NR4A2_IL6R/ANXA1_IL6R/ID2_CD200/PARP8_CD200/ID2_NMB/ID2_IGFL2/GZMA_IGFL2/XCL1_IGFL2/CD40LG_IGFL2/IFNG_IGFL2/ITGA1_IGFL2/CD99_IGFL2/BHLHE40_ITM2A/IL18RAP_ITM2A"
"1547",310,309,"CD4+CAPG+ Tm_CD4+NME1+CCR4+ T","CD4+CAPG+ Tm","CD4+NME1+CCR4+ T",27,18,1.462,0.0221322670811673,0.111375279505229,0.754045307443366,"COTL1_ENO1/CD40LG_ENO1/IL2RG_ENO1/CXCR6_ENO1/CAPG_ENO1/COTL1_CNN2/ID2_SUB1/ID2_ENO1/PFN1_ENO1/CD40LG_CNN2/HOPX_TPM4/TMSB4X_ENO1/CXCR3_CMTM7/HMGB1_ENO1/CAPG_TMSB10/ACTB_ENO1/CXCR3_ENO1/TGFB1_ENO1","ID2_SUB1/TIMP1_KLF2/TGFB1_KLF2/ID2_ENO1/TGFB1_ENO1/CD40LG_ENO1/HMGB1_ENO1/CXCR3_ENO1/CD74_ENO1/IL2RG_ENO1/CXCR6_ENO1/TMSB4X_ENO1/ACTB_ENO1/CAPG_ENO1/PFN1_ENO1/COTL1_ENO1/CXCR3_CMTM7/RBPJ_HMGB1/RBPJ_FLT3LG/COTL1_CD74/BHLHE40_IFNAR2/CAPG_TMSB10/CD74_COTL1/CD40LG_CNN2/COTL1_CNN2/BHLHE40_ARHGDIB/HOPX_TPM4"
"618",311,311,"CD4+TNFRSF9- Treg_CD8+NME1+ T","CD4+TNFRSF9- Treg","CD8+NME1+ T",13,10,1.687,0.0224411708582102,0.111847369133572,0.761093247588424,"FOXP3_ENO1/STAM_GAPDH/IKZF4_GAPDH/STAM_ENO1/VAV3_ENO1/RTKN2_GAPDH/TBC1D4_GAPDH/IKZF2_GAPDH/FCRL3_ENO1/TBC1D4_ENO1","FOXP3_ENO1/TBC1D4_ENO1/FCRL3_ENO1/VAV3_ENO1/STAM_ENO1/FOXP3_MYB/IKZF4_MYB/STAM_MYB/IKZF2_GAPDH/IKZF4_GAPDH/RTKN2_GAPDH/TBC1D4_GAPDH/STAM_GAPDH"
"1214",312,311,"CD8+GZMK+ Tem_CD4+IL21+ Tfh","CD8+GZMK+ Tem","CD4+IL21+ Tfh",13,10,1.687,0.0224411708582102,0.111847369133572,0.761093247588424,"CXCR3_CD200/ITM2C_IGFL2/CXCR3_NR3C1/CXCR3_NMB/HLA-DQA1_CD200/HLA-DPB1_NMB/CXCR3_GNG4/CXCR3_IGFL2/COTL1_NR3C1/HLA-DPA1_NMB","CXCR3_NR3C1/COTL1_NR3C1/IL32_CXCR5/CXCR3_GNG4/CXCR3_CD200/HLA-DQA1_CD200/CXCR3_NMB/HLA-DPA1_NMB/HLA-DPB1_NMB/GZMA_IGFL2/CXCR3_IGFL2/ITM2C_IGFL2/CST7_ITM2A"
"1223",313,311,"CD8+ISG+ CD8+ T_CD4+IL21+ Tfh","CD8+ISG+ CD8+ T","CD4+IL21+ Tfh",13,10,1.687,0.0224411708582102,0.111847369133572,0.761093247588424,"IFI6_NR3C1/TNFSF10_IGFL2/SP100_GNG4/IFIT3_NMB/SP100_RBPJ/IFI6_RBPJ/MX1_TOX2/SP100_TOX2/TNFSF10_RBPJ/ISG15_NMB","IFI6_NR3C1/SP100_TOX2/MX1_TOX2/SP100_RBPJ/TNFSF10_RBPJ/MX1_RBPJ/IFI6_RBPJ/STAT2_IL6R/SP100_GNG4/SP100_CD200/IFIT3_NMB/ISG15_NMB/TNFSF10_IGFL2"
"873",314,314,"CD8+Tc17_CD4+TIMP1+ Tm","CD8+Tc17","CD4+TIMP1+ Tm",29,19,1.437,0.0242339060150106,0.120180936218134,0.768949044585987,"IL17RE_VIM/CA2_VIM/CA2_EMP3/IL17RE_EMP3/IL23R_VIM/FLT3LG_VIM/CA2_TIMP1/IL17RE_ANXA1/IL23R_TIMP1/CA2_ANXA1/IL17RE_CAPG/CA2_S100A4/IL23R_ANXA1/LTK_VIM/CA2_FLT3LG/IL17RE_HOPX/RORA_VIM/IL17RE_TIMP1/ZBTB16_ANXA1","IL17RE_HOPX/ADAM12_HOPX/ADAM12_LMO4/IL23R_TIMP1/IL17RE_TIMP1/CA2_TIMP1/CA2_FLT3LG/IL4I1_CD40LG/ADAM12_CD40LG/ADAM12_S100A10/ZBTB16_ANXA1/IL23R_ANXA1/IL17RE_ANXA1/LTK_ANXA1/CA2_ANXA1/CA2_S100A4/IL4I1_CD52/ADAM12_CD52/IL4I1_S100A6/ADAM12_S100A6/RORA_VIM/FLT3LG_VIM/IL23R_VIM/IL17RE_VIM/LTK_VIM/CA2_VIM/IL17RE_CAPG/IL17RE_EMP3/CA2_EMP3"
"936",315,315,"CD4+NME1+CCR4+ T_CD4+CREM+ Tm","CD4+NME1+CCR4+ T","CD4+CREM+ Tm",42,26,1.358,0.0242673044286617,0.120180936218134,0.766507936507936,"IL6R_TNFAIP3/IL6R_AREG/ARHGDIB_AREG/CORO1A_TNFAIP3/ACTG1_SRGN/TMSB10_AREG/FLT3LG_AREG/ARPC1B_AREG/HDAC1_AREG/IL16_TNFAIP3/IFNAR2_AREG/IL6R_FTH1/IL2RG_SRGN/KLF2_CREM/ARHGDIB_FTH1/IFNAR2_TNFAIP3/FLT3LG_SRGN/ARPC1B_FTH1/IL6R_NR4A2/HMGB1_AREG/KLF2_ANXA1/CD74_AREG/PFN1_AREG/IL6R_ANXA1/IFNAR2_NR4A2/KLF2_TGFB1","KLF2_CREM/CMTM7_ZFP36L2/ARHGDIB_ZFP36L2/TPM4_ZFP36L2/IL6R_NR4A2/IFNAR2_NR4A2/KLF2_TGFB1/ENO1_TGFB1/HDAC1_AREG/SCAND1_AREG/HMGB1_AREG/FLT3LG_AREG/CD74_AREG/IL6R_AREG/IFNAR2_AREG/PFN1_AREG/TMSB10_AREG/ARPC1B_AREG/ARHGDIB_AREG/CMTM7_CXCL16/ENO1_GPR35/ENO1_CD44/SUB1_FTH1/IL6R_FTH1/ARPC1B_FTH1/ARHGDIB_FTH1/KLF2_SRGN/FLT3LG_SRGN/IL2RG_SRGN/IL6R_SRGN/ACTG1_SRGN/HDAC1_TNFAIP3/IL16_TNFAIP3/IL6R_TNFAIP3/IFNAR2_TNFAIP3/CORO1A_TNFAIP3/ENO1_LMNA/TMSB10_LMNA/KLF2_ANXA1/IL6R_ANXA1/ENO1_PTGER4/IL32_PTGER4"
"221",316,316,"CD4+CAPG+CREM- Tm_CD8+Temra","CD4+CAPG+CREM- Tm","CD8+Temra",22,15,1.496,0.0274644285948562,0.135156178574056,0.777120253164557,"CD40LG_GZMB/CXCR3_GNLY/GZMH_GZMB/ZFP36L2_GNLY/CD52_FCGR3A/CXCR3_ZEB2/ID2_GNLY/CD40LG_ZEB2/CXCR3_FCGR3A/CXCR3_S1PR5/CXCR3_PRSS23/ZFP36L2_PRSS23/CD52_GZMB/GPR35_FCGR3A/CD52_GNLY","ANXA1_KLF2/IL18RAP_KLF3/ANXA1_KLF3/CD40LG_ZEB2/CXCR3_ZEB2/GZMB_GZMH/GZMH_GZMB/CD40LG_GZMB/CD52_GZMB/CXCR3_FCGR3A/GPR35_FCGR3A/CD52_FCGR3A/CXCR3_S1PR5/ZFP36L2_PRSS23/CXCR3_PRSS23/CAPG_PRSS23/ID2_GNLY/ZFP36L2_GNLY/CXCR3_GNLY/GPR35_GNLY/CD52_GNLY/CKLF_C1orf21"
"1254",317,316,"CD8+Temra_CD4+IFNG+ Tfh/Th1","CD8+Temra","CD4+IFNG+ Tfh/Th1",22,15,1.496,0.0274644285948562,0.135156178574056,0.777120253164557,"KLF3_RBPJ/GZMH_GZMB/FGR_HAVCR2/C1orf21_PTMS/C1orf21_RBPJ/ASCL2_PTMS/ASCL2_RBPJ/CX3CR1_RBPJ/ASCL2_LAG3/KLF3_ZEB2/KLF2_PDE7B/KLF3_PTMS/FGFBP2_ZEB2/C1orf21_PDE7B/ASCL2_PDE7B","KLF3_ZEB2/FGFBP2_ZEB2/GNLY_ID2/ASCL2_RBPJ/KLF3_RBPJ/CX3CR1_RBPJ/C1orf21_RBPJ/GZMH_GZMB/KLF3_CCL3/S1PR5_IL21/KLF3_FAM3C/ASCL2_LAG3/TBX21_LAG3/FGR_HAVCR2/C1orf21_KRT86/ASCL2_PTMS/KLF3_PTMS/C1orf21_PTMS/ASCL2_PDE7B/KLF2_PDE7B/C1orf21_PDE7B/GNLY_DUSP4"
"845",318,318,"CD4+CAPG+CREM- Tm_CD4+AREG+ Tm","CD4+CAPG+CREM- Tm","CD4+AREG+ Tm",33,21,1.396,0.0280107421494036,0.137014923340922,0.784591194968554,"ID2_AREG/CXCR3_AREG/XCL1_AREG/CD40LG_AREG/CAPG_AREG/GPR35_AREG/IFNGR1_AREG/CD52_AREG/TMSB4X_AREG/ID2_GPR183/TMSB4X_ANXA1/BHLHE40_AREG/ID2_EEF1A1/CD99_AREG/HOPX_AREG/ZFP36L2_AREG/ZFP36L2_PABPC1/ID2_ANXA1/CXCR3_PABPC1/CXCR6_AREG/CD40LG_PABPC1","BHLHE40_ZFP36L2/ANXA1_KLF2/IL18RAP_KLF3/ANXA1_KLF3/ZNF683_CD40LG/GZMB_CD40LG/HOPX_AREG/ID2_AREG/BHLHE40_AREG/ZFP36L2_AREG/IFNG_AREG/XCL1_AREG/CD40LG_AREG/CXCR3_AREG/IFNGR1_AREG/CXCR6_AREG/IL18RAP_AREG/GPR35_AREG/CAPG_AREG/CD52_AREG/CD99_AREG/TMSB4X_AREG/ID2_ANXA1/TMSB4X_ANXA1/ID2_EEF1A1/ID2_GPR183/ZFP36L2_PABPC1/CD40LG_PABPC1/CXCR3_PABPC1/ALOX5AP_PTGER2/ANXA1_PTGER2/GZMB_PLAC8/SH3BGRL3_PLAC8"
"67",319,319,"CD4+Temra_CD8+IL7R+ Tm","CD4+Temra","CD8+IL7R+ Tm",15,11,1.609,0.0281934553797665,0.137014923340922,0.784326018808777,"C1orf21_PABPC1/C1orf21_RGCC/C1orf21_TNFAIP3/GZMM_TNFAIP3/C1orf21_FTH1/HOPX_RGCC/CTSW_PABPC1/GZMK_TNFAIP3/CMKLR1_FTH1/CX3CR1_ZFP36/CX3CR1_TNFAIP3","GNLY_ZFP36L2/PRSS23_ZFP36L2/GNLY_TSC22D3/CX3CR1_ZFP36/GZMM_TNFAIP3/GZMK_TNFAIP3/CX3CR1_TNFAIP3/C1orf21_TNFAIP3/CX3CR1_FTH1/CMKLR1_FTH1/C1orf21_FTH1/HOPX_RGCC/C1orf21_RGCC/C1orf21_PABPC1/CTSW_PABPC1"
"232",320,319,"CD4+ISG+ Th_CD8+Temra","CD4+ISG+ Th","CD8+Temra",15,11,1.609,0.0281934553797665,0.137014923340922,0.784326018808777,"MX1_PLEK/TNFSF10_GNLY/TNFSF13B_GNLY/IFIT3_GZMB/MX1_PRSS23/IFI44L_GZMB/IFIT2_GZMB/MX1_GZMB/SP100_S1PR5/IFIT1_GZMB/IFI6_S1PR5","IFI16_ASCL2/IFI16_KLF3/IFIT3_GZMB/IFIT1_GZMB/IFI44L_GZMB/MX1_GZMB/IFIT2_GZMB/IFI16_CX3CR1/SP100_S1PR5/IFI6_S1PR5/MX1_PRSS23/TNFSF10_GNLY/TNFSF13B_GNLY/MX1_PLEK/IFI16_C1orf21"
"408",321,319,"CD4+ADSL+ Tn_CD8+terminal Tex","CD4+ADSL+ Tn","CD8+terminal Tex",15,11,1.609,0.0281934553797665,0.137014923340922,0.784326018808777,"TXK_NAMPT/LIMS2_TNFSF4/IL6ST_NAMPT/ANKRD55_NAMPT/ANKRD55_RBPJ/COTL1_CD70/LDHB_NAMPT/CMTM8_NAMPT/IL6ST_CD70/TXK_HAVCR2/IL6R_NAMPT","ANKRD55_RBPJ/LIMS2_TNFSF4/COTL1_CSF1/TXK_CCL3/TCF7_CD70/IL6ST_CD70/COTL1_CD70/TXK_NAMPT/CMTM8_NAMPT/IL6R_NAMPT/IL6ST_NAMPT/LDHB_NAMPT/ANKRD55_NAMPT/COTL1_CD74/TXK_HAVCR2"
"676",322,322,"CD8+TCF7+ Tex_CD4+CXCR5+ pre-Tfh","CD8+TCF7+ Tex","CD4+CXCR5+ pre-Tfh",54,32,1.3,0.02968971055577,0.141142605763057,0.794192546583851,"TCF7_SLC2A3/IL6R_AREG/CD40LG_NR4A2/CD40LG_SLC2A3/CD40LG_AREG/BTLA_SLC2A3/TNFSF8_AREG/IL6R_PABPC1/IFNAR2_SLC2A3/TNFSF8_SLC2A3/BATF_AREG/IGFBP4_SLC2A3/IL6R_SLC2A3/BATF_SLC2A3/TSHZ2_SLC2A3/IFNAR2_AREG/TNFSF8_NR4A2/SESN3_AREG/TSHZ2_NR4A2/SESN3_NR4A2/IL6R_NR4A2/NMB_AREG/EBI3_AREG/EBI3_SLC2A3/IFNAR2_PABPC1/GNG4_SLC2A3/TOX_SLC2A3/CPM_AREG/SESN3_SLC2A3/IFNAR2_NR4A2/EBI3_PABPC1/CD40LG_PABPC1","TNFRSF4_TCF7/TSHZ2_NR4A2/TNFSF8_NR4A2/CD40LG_NR4A2/IL6R_NR4A2/IFNAR2_NR4A2/SESN3_NR4A2/CD200_TSHZ2/IGFL2_LEF1/IGFL2_CMTM8/NMB_TNFSF8/BATF_AREG/EBI3_AREG/TNFSF8_AREG/CD40LG_AREG/IL6R_AREG/IFNAR2_AREG/CPM_AREG/NMB_AREG/SESN3_AREG/TNFRSF4_CD40LG/IGFL2_CD40LG/NR3C1_CXCR5/CD200_CXCR5/TNFRSF4_CXCR5/NR3C1_IL6ST/CD200_IL6ST/IGFL2_IL6ST/NR3C1_FAAH2/CD200_FAAH2/TNFRSF4_FAAH2/NMB_FAAH2/TOX_SESN3/IGFL2_SESN3/TSHZ2_SLC2A3/TCF7_SLC2A3/TOX_SLC2A3/BATF_SLC2A3/EBI3_SLC2A3/TNFSF8_SLC2A3/CD40LG_SLC2A3/IL6R_SLC2A3/IFNAR2_SLC2A3/GNG4_SLC2A3/SESN3_SLC2A3/BTLA_SLC2A3/IGFBP4_SLC2A3/CD200_FAM177A1/NMB_FAM177A1/IGFL2_MBP/EBI3_PABPC1/CD40LG_PABPC1/IL6R_PABPC1/IFNAR2_PABPC1"
"1248",323,323,"CD4+NME1+CCR4+ T_CD4+IL21+ Tfh","CD4+NME1+CCR4+ T","CD4+IL21+ Tfh",35,22,1.379,0.0296936777460109,0.141142605763057,0.791733746130031,"FLT3LG_NR3C1/FLT3LG_CD200/HDAC1_NMB/HMGB1_NMB/IL6R_NMB/FLT3LG_RBPJ/KLF2_IGFL2/HMGB1_RBPJ/FLT3LG_TOX2/IL6R_GNG4/IL6R_IGFL2/PFN1_NMB/IFNAR2_CD200/IL16_IGFL2/ACTB_IGFL2/KLF2_PDE7B/CNN2_IGFL2/FLT3LG_IGFL2/ARHGDIB_NMB/IL6R_CD200/IFNAR2_NMB/COTL1_NR3C1","FLT3LG_NR3C1/COTL1_NR3C1/FLT3LG_TOX2/HMGB1_RBPJ/FLT3LG_RBPJ/ENO1_IL21/CMTM7_IL21/ENO1_CD40LG/CNN2_CD40LG/ENO1_IL6ST/ENO1_CXCR5/IL32_CXCR5/CMTM7_CXCR5/ENO1_IL6R/TMSB10_IL6R/CNN2_IL6R/IL6R_GNG4/FLT3LG_CD200/IL6R_CD200/IFNAR2_CD200/HDAC1_NMB/HMGB1_NMB/IL6R_NMB/IFNAR2_NMB/PFN1_NMB/ARHGDIB_NMB/KLF2_IGFL2/FLT3LG_IGFL2/IL16_IGFL2/IL6R_IGFL2/ACTB_IGFL2/CNN2_IGFL2/ENO1_CPM/KLF2_PDE7B/ENO1_ITM2A"
"441",324,324,"CD8+TCF7+ Tex_CD8+OXPHOS- Tex","CD8+TCF7+ Tex","CD8+OXPHOS- Tex",10,8,1.755,0.0297666136513114,0.141142605763057,0.789506172839506,"CPM_HAVCR2/CD40LG_CSF1/EBI3_CSF1/TNFSF8_HAVCR2/CD40LG_TNFRSF9/CD40LG_HAVCR2/TCF7_PRDM1/IFNAR2_FAM3C","TCF7_PRDM1/EBI3_CSF1/CD40LG_CSF1/IFNAR2_FAM3C/IGFL2_LAYN/TNFSF8_HAVCR2/CD40LG_HAVCR2/CPM_HAVCR2/IGFL2_ENTPD1/CD40LG_TNFRSF9"
"457",325,324,"CD4+Temra_CD8+OXPHOS- Tex","CD4+Temra","CD8+OXPHOS- Tex",10,8,1.755,0.0297666136513114,0.141142605763057,0.789506172839506,"C1orf21_PHLDA1/C1orf21_LAYN/C1orf21_ENTPD1/HOPX_PRDM1/IL5RA_CSF1/HOPX_PHLDA1/CX3CR1_TNFRSF9/C1orf21_PRDM1","HOPX_PRDM1/C1orf21_PRDM1/TBX21_CSF1/IL5RA_CSF1/C1orf21_LAYN/GNLY_ENTPD1/C1orf21_ENTPD1/CX3CR1_TNFRSF9/HOPX_PHLDA1/C1orf21_PHLDA1"
"823",326,324,"CD8+GZMK+ early Tem_CD4+AREG+ Tm","CD8+GZMK+ early Tem","CD4+AREG+ Tm",10,8,1.755,0.0297666136513114,0.141142605763057,0.789506172839506,"CXCR5_AREG/PIK3R1_PABPC1/ENC1_AREG/DKK3_AREG/ENC1_PABPC1/TRAT1_AREG/CD74_AREG/SH2D1A_AREG","DUSP2_KLF3/DUSP2_CD40LG/CD74_AREG/CXCR5_AREG/DKK3_AREG/SH2D1A_AREG/ENC1_AREG/TRAT1_AREG/ENC1_PABPC1/PIK3R1_PABPC1"
"824",327,324,"CD8+GZMK+ Tem_CD4+AREG+ Tm","CD8+GZMK+ Tem","CD4+AREG+ Tm",10,8,1.755,0.0297666136513114,0.141142605763057,0.789506172839506,"CXCR3_AREG/HLA-DPB1_AREG/ITM2C_AREG/HLA-DRB1_AREG/HLA-DPA1_AREG/CD74_AREG/HLA-DRB5_AREG/CXCR3_PABPC1","SUB1_KLF3/HLA-DQA1_KLF3/CD74_AREG/CXCR3_AREG/HLA-DRB1_AREG/HLA-DPA1_AREG/HLA-DPB1_AREG/HLA-DRB5_AREG/ITM2C_AREG/CXCR3_PABPC1"
"1035",328,324,"CD4+TNF+ T_CD4+CAPG+CREM- Tm","CD4+TNF+ T","CD4+CAPG+CREM- Tm",10,8,1.755,0.0297666136513114,0.141142605763057,0.789506172839506,"CD40LG_GZMB/ID2_BHLHE40/CXCR3_ALOX5AP/CCR2_IL18RAP/CCR2_CCL4/CD52_GZMB/CD40LG_ZNF683/ID2_ANXA1","ID2_BHLHE40/CXCR3_BHLHE40/CD40LG_ZNF683/CCR2_CCL4/CD40LG_GZMB/CD52_GZMB/LCP2_CD40LG/CCR2_IL18RAP/CXCR3_ALOX5AP/ID2_ANXA1"
"1421",329,324,"CD4+Tn_CD4+ISG+ Treg","CD4+Tn","CD4+ISG+ Treg",10,8,1.755,0.0297666136513114,0.141142605763057,0.789506172839506,"TXK_NAMPT/GIMAP7_CSF1/GIMAP7_IL2RB/EEF1B2_NAMPT/GIMAP7_CD70/SCML1_NAMPT/FHIT_CSF1/GIMAP7_NAMPT","GIMAP7_CSF1/FHIT_CSF1/TXK_NAMPT/SCML1_NAMPT/EEF1B2_NAMPT/GIMAP7_NAMPT/LEF1_IL7/TCF7_CD70/GIMAP7_CD70/GIMAP7_IL2RB"
"299",330,330,"CD4+CAPG+CREM- Tm_CD8+KIR+TXK+ NK-like","CD4+CAPG+CREM- Tm","CD8+KIR+TXK+ NK-like",24,16,1.462,0.0305382913839994,0.143493176382648,0.781787878787879,"ID2_AREG/CXCR3_AREG/XCL1_AREG/CD40LG_AREG/CAPG_AREG/GPR35_AREG/IFNGR1_AREG/CD52_AREG/TMSB4X_AREG/BHLHE40_AREG/CD99_AREG/CD99_FOSL2/HOPX_FOSL2/HOPX_AREG/ZFP36L2_AREG/CXCR6_AREG","BHLHE40_TXK/HOPX_FOSL2/CD99_FOSL2/HOPX_AREG/ID2_AREG/BHLHE40_AREG/ZFP36L2_AREG/IFNG_AREG/XCL1_AREG/CD40LG_AREG/CXCR3_AREG/IFNGR1_AREG/CXCR6_AREG/IL18RAP_AREG/GPR35_AREG/CAPG_AREG/CD52_AREG/CD99_AREG/TMSB4X_AREG/ZNF683_B3GNT7/GZMB_B3GNT7/IFNGR1_B3GNT7/IL18RAP_B3GNT7/ANXA1_B3GNT7"
"405",331,330,"CD8+NME1+ T_CD8+terminal Tex","CD8+NME1+ T","CD8+terminal Tex",24,16,1.462,0.0305382913839994,0.143493176382648,0.781787878787879,"MYB_IL2RA/MYB_RBPJ/MYB_KRT86/MYB_NAMPT/GTF3A_RBPJ/MYB_ETV1/HMGB1_RBPJ/MYB_TNFRSF9/MYB_HAVCR2/CXCR3_CD70/MYB_CD70/HMGB1_NAMPT/GTF3A_NAMPT/MXD3_CD70/MYB_TOX2/MYB_ZBED2","GTF3A_RBPJ/MYB_RBPJ/HMGB1_RBPJ/MYB_ETV1/MYB_ZBED2/MYB_TOX2/MYB_CD70/MXD3_CD70/CXCR3_CD70/GAPDH_IFNG/GTF3A_NAMPT/MYB_NAMPT/HMGB1_NAMPT/MYB_IL2RA/ENO1_CXCR6/GAPDH_CXCR6/ENO1_CD74/ENO1_IL2RG/GAPDH_IL2RG/MYB_TNFRSF9/GAPDH_ENTPD1/MYB_HAVCR2/MYB_KRT86/GAPDH_DUSP4"
"609",332,330,"CD4+CCL5+ Tm_CD8+NME1+ T","CD4+CCL5+ Tm","CD8+NME1+ T",24,16,1.462,0.0305382913839994,0.143493176382648,0.781787878787879,"CD40LG_ENO1/ID2_GAPDH/PTGER4_ENO1/ZFP36L2_GAPDH/CD40LG_GPI/CD44_ENO1/ID2_ENO1/PTGER4_GAPDH/ID2_GPI/IFNG_GAPDH/PARP8_ENO1/GZMM_ENO1/PARP8_GAPDH/PARP8_GPI/PTGER4_KIF20A/PTGER4_GPI","ID2_ENO1/CD40LG_ENO1/GZMM_ENO1/CD44_ENO1/PARP8_ENO1/PTGER4_ENO1/IFNGR1_MYB/CD44_MYB/GLUL_MYB/ITGA1_MYB/PARP8_MYB/ID2_GPI/CD40LG_GPI/PARP8_GPI/PTGER4_GPI/BHLHE40_CXCR3/NR4A2_CXCR3/ALOX5AP_CXCR3/ZFP36L2_GAPDH/ID2_GAPDH/IFNG_GAPDH/PARP8_GAPDH/PTGER4_GAPDH/PTGER4_KIF20A"
"929",333,333,"CD4+IFNG+ Tfh/Th1_CD4+CREM+ Tm","CD4+IFNG+ Tfh/Th1","CD4+CREM+ Tm",26,17,1.434,0.033354457747879,0.153411443557518,0.794114114114114,"ID2_AREG/IL21_AREG/ID2_SRGN/RDH10_AREG/DUSP4_AREG/BHLHE40_AREG/IL2RG_SRGN/KRT86_AREG/MYO7A_FTH1/CXCR6_TNFAIP3/CD74_AREG/RDH10_SRGN/DUSP4_TNFAIP3/ID2_ANXA1/CXCR6_AREG/MYO7A_AREG/DUSP4_FTH1","BHLHE40_ZFP36L2/ID2_AREG/BHLHE40_AREG/IFNG_AREG/IL21_AREG/CXCR6_AREG/CD74_AREG/KRT86_AREG/MYO7A_AREG/RDH10_AREG/DUSP4_AREG/FAM3C_CXCL16/HAVCR2_CXCL16/BHLHE40_GPR35/CD4_FTH1/MYO7A_FTH1/DUSP4_FTH1/ID2_SRGN/IL2RG_SRGN/RDH10_SRGN/ID2_TNFAIP3/CXCR6_TNFAIP3/DUSP4_TNFAIP3/ID2_ANXA1/RBPJ_PTGER4/LAG3_PTGER4"
"435",334,334,"CD8+Temra_CD8+OXPHOS- Tex","CD8+Temra","CD8+OXPHOS- Tex",17,12,1.549,0.0334358274420232,0.153411443557518,0.792035928143713,"C1orf21_PHLDA1/C1orf21_LAYN/KLF2_PHLDA1/C1orf21_ENTPD1/FGR_HAVCR2/KLF3_PRDM1/KLF3_ETV1/ASCL2_LAYN/KLF3_CSF1/CX3CR1_TNFRSF9/ASCL2_PHLDA1/C1orf21_PRDM1","ASCL2_ETV1/KLF3_ETV1/KLF3_PRDM1/C1orf21_PRDM1/KLF3_CSF1/TBX21_CSF1/KLF3_CCL3/KLF3_FAM3C/ASCL2_LAYN/C1orf21_LAYN/FGR_HAVCR2/GNLY_ENTPD1/C1orf21_ENTPD1/CX3CR1_TNFRSF9/ASCL2_PHLDA1/KLF2_PHLDA1/C1orf21_PHLDA1"
"589",335,334,"CD8+GZMK+ early Tem_CD8+NME1+ T","CD8+GZMK+ early Tem","CD8+NME1+ T",17,12,1.549,0.0334358274420232,0.153411443557518,0.792035928143713,"CXCR5_GAPDH/CXCR5_ENO1/ENC1_ENO1/PIK3R1_GAPDH/CMC1_ENO1/CD44_ENO1/CXCR5_GPI/PIK3R1_GPI/PIK3R1_ENO1/DKK3_ENO1/ENC1_GAPDH/ENC1_HMGA1","CD74_ENO1/CXCR5_ENO1/CD44_ENO1/CMC1_ENO1/DKK3_ENO1/ENC1_ENO1/PIK3R1_ENO1/ENC1_HMGA1/CD44_MYB/CMC1_MYB/CST7_MYB/CXCR5_GPI/CMC1_GPI/PIK3R1_GPI/CXCR5_GAPDH/ENC1_GAPDH/PIK3R1_GAPDH"
"1082",336,334,"CD4+CCR6+ Th17_CD4+GZMK+ Tem","CD4+CCR6+ Th17","CD4+GZMK+ Tem",17,12,1.549,0.0334358274420232,0.153411443557518,0.792035928143713,"CD40LG_NR4A2/ABCB1_NR4A2/ABCB1_CST7/DPP4_TNFSF9/DPP4_CST7/KLRB1_CST7/GPR35_NR4A2/ABCB1_AOAH/ABCB1_LITAF/ABCB1_CCL3L3/ZFP36L2_NR4A2/DPP4_NR4A2","ABCB1_LITAF/ZFP36L2_NR4A2/CD40LG_NR4A2/GPR35_NR4A2/ABCB1_NR4A2/DPP4_NR4A2/DPP4_TNFSF9/ABCB1_CCL3L3/ABCB1_CCL3/IL4I1_CXCR4/BHLHE40_CXCR3/IL4I1_CXCR3/KLRB1_CST7/ABCB1_CST7/DPP4_CST7/ABCB1_AOAH/ABCB1_F2R"
"1246",337,334,"CD4+ISG+ Th_CD4+IL21+ Tfh","CD4+ISG+ Th","CD4+IL21+ Tfh",17,12,1.549,0.0334358274420232,0.153411443557518,0.792035928143713,"IFI6_NR3C1/TNFSF10_IGFL2/SP100_GNG4/IFIT3_NMB/SP100_RBPJ/IFI6_RBPJ/MX1_TOX2/MX2_NR3C1/TNFSF13B_CD200/SP100_TOX2/TNFSF10_RBPJ/ISG15_NMB","IFI6_NR3C1/MX2_NR3C1/SP100_TOX2/MX1_TOX2/SP100_RBPJ/TNFSF10_RBPJ/MX1_RBPJ/IFI6_RBPJ/IFI16_CD40LG/IFI16_IL6R/SP100_GNG4/SP100_CD200/TNFSF13B_CD200/IFIT3_NMB/ISG15_NMB/TNFSF10_IGFL2/IFI16_ITM2A"
"1274",338,334,"CD4+CAPG+ Tm_CD4+IFNG+ Tfh/Th1","CD4+CAPG+ Tm","CD4+IFNG+ Tfh/Th1",17,12,1.549,0.0334358274420232,0.153411443557518,0.792035928143713,"ID2_RBPJ/CD40LG_GZMB/ID2_HAVCR2/ID2_BHLHE40/HMGB1_RBPJ/CXCR3_ZEB2/CD40LG_ZEB2/CD40LG_HAVCR2/CD52_GZMB/CAPG_HAVCR2/ID2_PTMS/CD52_HAVCR2","CD40LG_ZEB2/CXCR3_ZEB2/BHLHE40_ID2/RBPJ_ID2/ID2_BHLHE40/CXCR3_BHLHE40/ID2_RBPJ/HMGB1_RBPJ/CD40LG_GZMB/CD52_GZMB/BHLHE40_IL21/COTL1_CD74/ID2_HAVCR2/CD40LG_HAVCR2/CAPG_HAVCR2/CD52_HAVCR2/ID2_PTMS"
"1427",339,334,"CD4+TIMP1+ Tm_CD4+ISG+ Treg","CD4+TIMP1+ Tm","CD4+ISG+ Treg",17,12,1.549,0.0334358274420232,0.153411443557518,0.792035928143713,"S100A10_NAMPT/CD52_NAMPT/CD40LG_CSF1/LMO4_NAMPT/FLT3LG_CD70/S100A6_IL2RA/S100A10_IL2RA/FLT3LG_CSF1/LMO4_IL2RA/HOPX_NAMPT/LMO4_RSAD2/CD40LG_NAMPT","ANXA1_IL1RN/FLT3LG_CSF1/CD40LG_CSF1/HOPX_NAMPT/LMO4_NAMPT/CD40LG_NAMPT/S100A10_NAMPT/CD52_NAMPT/TIMP1_IL7/VIM_IL7/FLT3LG_CD70/LMO4_IL2RA/S100A10_IL2RA/S100A6_IL2RA/SH3BGRL3_OAS1/ANXA1_IFI6/LMO4_RSAD2"
"1535",340,334,"CD8+ISG+ CD8+ T_CD4+NME1+CCR4+ T","CD8+ISG+ CD8+ T","CD4+NME1+CCR4+ T",17,12,1.549,0.0334358274420232,0.153411443557518,0.792035928143713,"TNFSF10_ENO1/IFI6_ENO1/SP100_ENO1/IFIT3_ENO1/IFI6_TMSB10/CMPK2_ENO1/IFI44L_ENO1/RSAD2_ENO1/OAS1_ARHGDIB/OAS3_ENO1/MX1_ENO1/IRF7_ENO1","IRF7_ENO1/SP100_ENO1/TNFSF10_ENO1/CD74_ENO1/IFIT1_ENO1/RSAD2_ENO1/IFIT3_ENO1/IFI44L_ENO1/MX1_ENO1/IFI6_ENO1/CMPK2_ENO1/OAS3_ENO1/STAT2_FLT3LG/STAT2_IL6R/IFI6_TMSB10/CD74_COTL1/OAS1_ARHGDIB"
"1518",341,341,"CD4+TNFRSF9+ Treg_CD4+NME1+CCR4- T","CD4+TNFRSF9+ Treg","CD4+NME1+CCR4- T",45,27,1.316,0.0363085856603116,0.166103793636616,0.781114369501466,"IL7_GPI/FOXP3_ENO1/IL7_ENO1/LTA_ENO1/ZBTB32_ENO1/CARD16_ENO1/IL7_GAPDH/CARD16_GAPDH/ZBTB32_GPI/EBI3_ENO1/BATF_GAPDH/ZBTB32_GAPDH/IKZF4_GAPDH/IL7_ACTG1/CARD16_GPI/IL1RN_GAPDH/LAIR2_GAPDH/LTA_GPI/TBC1D4_GAPDH/CARD16_TMSB10/BATF_ENO1/IL1RN_PKM/IKZF2_GAPDH/IL1RN_SUB1/TBC1D4_ENO1/CCL22_ENO1/LAIR2_IL2RA","FOXP3_ENO1/BATF_ENO1/ZBTB32_ENO1/EBI3_ENO1/CCL22_ENO1/LTA_ENO1/IL7_ENO1/CD74_ENO1/CARD16_ENO1/TBC1D4_ENO1/IL1RN_SUB1/FOXP3_MEOX1/IL32_MEOX1/NAMPT_MEOX1/LTA_MEOX1/CSF1_MEOX1/CD70_MEOX1/IL2RB_MEOX1/TNFRSF9_MEOX1/TIGIT_MEOX1/TNFRSF4_MEOX1/ZBTB32_GPI/LTA_GPI/IL7_GPI/CARD16_GPI/NAMPT_HMGB1/CSF1_EBI3/CD70_EBI3/CD74_EBI3/PMAIP1_EBI3/PMAIP1_CKLF/LAIR2_IL2RA/IL7_ACTG1/BATF_GAPDH/IKZF2_GAPDH/IKZF4_GAPDH/ZBTB32_GAPDH/IL1RN_GAPDH/IL7_GAPDH/CARD16_GAPDH/LAIR2_GAPDH/TBC1D4_GAPDH/IL1RN_PKM/PMAIP1_CFL1/CARD16_TMSB10"
"1119",342,342,"CD4+CAPG+CREM- Tm_CD4+Temra","CD4+CAPG+CREM- Tm","CD4+Temra",19,13,1.501,0.0381555431817758,0.172511184782846,0.804444444444444,"CD40LG_GZMB/CXCR3_GNLY/GZMH_GZMB/ZFP36L2_GNLY/CXCR3_ZEB2/ID2_GNLY/CD40LG_ZEB2/CXCR3_S1PR5/CXCR3_PRSS23/ZFP36L2_PRSS23/CD52_GZMB/CD40LG_ZNF683/CD52_GNLY","CD40LG_ZEB2/CXCR3_ZEB2/CD40LG_ZNF683/GZMB_GZMH/GZMH_GZMB/CD40LG_GZMB/CD52_GZMB/ID2_GNLY/ZFP36L2_GNLY/CXCR3_GNLY/GPR35_GNLY/CD52_GNLY/CXCR3_S1PR5/CKLF_C1orf21/GZMB_PRF1/CCL4_CTSW/ZFP36L2_PRSS23/CXCR3_PRSS23/CAPG_PRSS23"
"747",343,343,"CD8+Temra_CD4+IL7R- Tn","CD8+Temra","CD4+IL7R- Tn",7,6,1.88,0.0381956320233824,0.172511184782846,0.802186588921283,"KLF3_FAU/KLF3_NACA/CX3CR1_NACA/C1orf21_ACTG1/FGFBP2_NACA/ASCL2_NACA","S1PR5_EEF1B2/C1orf21_ACTG1/ASCL2_NACA/KLF3_NACA/CX3CR1_NACA/FGFBP2_NACA/KLF3_FAU"
"1316",344,343,"CD4+Temra_CD4+TNFRSF9- Treg","CD4+Temra","CD4+TNFRSF9- Treg",7,6,1.88,0.0381956320233824,0.172511184782846,0.802186588921283,"C1orf21_ARID5B/CX3CR1_IKZF4/CX3CR1_ARID5B/C1orf21_RTKN2/IL5RA_ARID5B/C1orf21_STAM","CX3CR1_ARID5B/IL5RA_ARID5B/C1orf21_ARID5B/CX3CR1_IKZF4/C1orf21_RTKN2/C1orf21_STAM/S1PR5_TTN"
"398",345,345,"CD8+KIR+TXK+ NK-like_CD8+terminal Tex","CD8+KIR+TXK+ NK-like","CD8+terminal Tex",30,19,1.389,0.0382620961120928,0.172511184782846,0.797594202898551,"B3GNT7_NAMPT/TXK_NAMPT/B3GNT7_RBPJ/B3GNT7_TNFRSF9/B3GNT7_GZMB/B3GNT7_GEM/B3GNT7_CSF1/B3GNT7_TNFSF4/HOPX_TNFSF4/KIR3DL2_NAMPT/B3GNT7_CTLA4/B3GNT7_CD74/B3GNT7_TOX/B3GNT7_IL2RB/KIR3DL2_RBPJ/B3GNT7_TOX2/HOPX_NAMPT/B3GNT7_HAVCR2/TXK_HAVCR2","KIR3DL2_RBPJ/B3GNT7_RBPJ/AREG_ETV1/B3GNT7_TOX/B3GNT7_TOX2/HOPX_TNFSF4/B3GNT7_TNFSF4/B3GNT7_GZMB/B3GNT7_CSF1/TXK_CCL3/AREG_IFNG/HOPX_NAMPT/TXK_NAMPT/KIR3DL2_NAMPT/B3GNT7_NAMPT/AREG_FASLG/AREG_CXCR6/AREG_CD74/B3GNT7_CD74/AREG_IL2RB/B3GNT7_IL2RB/B3GNT7_TNFRSF9/AREG_LAYN/AREG_ENTPD1/TXK_HAVCR2/B3GNT7_HAVCR2/B3GNT7_CTLA4/AREG_KRT86/B3GNT7_GEM/AREG_DUSP4"
"1434",346,345,"CD4+CCR6+ Th17_CD4+ISG+ Treg","CD4+CCR6+ Th17","CD4+ISG+ Treg",30,19,1.389,0.0382620961120928,0.172511184782846,0.797594202898551,"ABCB1_IL2RA/ABCB1_NAMPT/ABCB1_HERC5/CD40LG_CSF1/DPP4_NAMPT/TNFSF13B_NAMPT/FLT3LG_CD70/FLT3LG_CSF1/ZFP36L2_CD70/ABCB1_USP18/ZFP36L2_CSF1/KLRB1_NAMPT/ABCB1_CD70/ABCB1_STAT1/ZFP36L2_NAMPT/HOPX_NAMPT/CD40LG_NAMPT/ABCB1_IL1R2/ABCB1_IFIT3","IL4I1_FOXP3/ABCB1_STAT1/IL4I1_ETV7/IL4I1_LTA/CXCR4_IL1RN/ANXA1_IL1RN/ZFP36L2_CSF1/CD40LG_CSF1/FLT3LG_CSF1/HOPX_NAMPT/ZFP36L2_NAMPT/TNFSF13B_NAMPT/CD40LG_NAMPT/KLRB1_NAMPT/ABCB1_NAMPT/DPP4_NAMPT/BHLHE40_IL7/TIMP1_IL7/IFNGR1_IL7/IL4I1_IL7/VIM_IL7/ZFP36L2_CD70/FLT3LG_CD70/ABCB1_CD70/ABCB1_IL2RA/ABCB1_IL1R2/ABCB1_USP18/ANXA1_IFI6/ABCB1_IFIT3/ABCB1_HERC5"
"836",347,347,"CD4+Tn_CD4+AREG+ Tm","CD4+Tn","CD4+AREG+ Tm",12,9,1.645,0.0388073644623236,0.174465384902665,0.806743515850144,"TXK_AREG/SCML1_AREG/PLAC8_AREG/LINC00861_AREG/TPT1_AREG/FHIT_AREG/GIMAP7_PABPC1/KLF2_ANXA1/SELL_AREG","LEF1_KLF3/TXK_AREG/SCML1_AREG/EEF1A1_AREG/SELL_AREG/PLAC8_AREG/TPT1_AREG/GIMAP7_AREG/LINC00861_AREG/FHIT_AREG/KLF2_ANXA1/GIMAP7_PABPC1"
"694",348,348,"CD4+IL21+ Tfh_CD4+CXCR5+ pre-Tfh","CD4+IL21+ Tfh","CD4+CXCR5+ pre-Tfh",51,30,1.29,0.0390833546335337,0.175201244908944,0.80448275862069,"IL21_AREG/IL6R_AREG/CD40LG_NR4A2/CD40LG_SLC2A3/CXCR5_AREG/CD40LG_AREG/BTLA_SLC2A3/TNFSF8_AREG/LIF_SLC2A3/IL6R_PABPC1/TNFSF8_SLC2A3/IL6ST_NR3C1/IL6ST_SLC2A3/IL6R_SLC2A3/TSHZ2_SLC2A3/IL21_NR3C1/IL6ST_AREG/ITM2A_SLC2A3/TNFSF8_NR4A2/ITM2A_NR3C1/TSHZ2_NR4A2/IL6R_NR4A2/NMB_AREG/IL21_SLC2A3/GNG4_SLC2A3/TOX_SLC2A3/TNFSF11_SLC2A3/CPM_AREG/CD40LG_PABPC1/ITM2A_AREG","IL21_NR3C1/IL6ST_NR3C1/CXCR5_NR3C1/ITM2A_NR3C1/TSHZ2_NR4A2/TNFSF8_NR4A2/CD40LG_NR4A2/IL6R_NR4A2/CD200_TSHZ2/IGFL2_LEF1/IGFL2_CMTM8/NMB_TNFSF8/IL21_AREG/TNFSF8_AREG/CD40LG_AREG/IL6ST_AREG/CXCR5_AREG/IL6R_AREG/NMB_AREG/CPM_AREG/ITM2A_AREG/TNFSF4_CD40LG/IGFL2_CD40LG/NR3C1_CXCR5/CD200_CXCR5/NR3C1_IL6ST/CD200_IL6ST/IGFL2_IL6ST/NR3C1_FAAH2/CD200_FAAH2/NMB_FAAH2/TOX_SESN3/IGFL2_SESN3/TOX_SLC2A3/TSHZ2_SLC2A3/IL21_SLC2A3/TNFSF8_SLC2A3/TNFSF11_SLC2A3/LIF_SLC2A3/CD40LG_SLC2A3/IL6ST_SLC2A3/CXCR5_SLC2A3/IL6R_SLC2A3/GNG4_SLC2A3/BTLA_SLC2A3/ITM2A_SLC2A3/CD200_FAM177A1/NMB_FAM177A1/IGFL2_MBP/CD40LG_PABPC1/IL6R_PABPC1"
"302",349,349,"CD4+CCR6+ Th17_CD8+KIR+TXK+ NK-like","CD4+CCR6+ Th17","CD8+KIR+TXK+ NK-like",32,20,1.371,0.0403841355699422,0.180513614581977,0.804985673352436,"TNFSF13B_AREG/ABCB1_KLRC3/CD40LG_AREG/TIMP1_AREG/ABCB1_AREG/ABCB1_KLRC2/CAPG_AREG/GPR35_AREG/IFNGR1_AREG/FLT3LG_AREG/CCR6_AREG/ABCB1_REL/ABCB1_IKZF2/TPT1_AREG/BHLHE40_AREG/ABCB1_FOSL2/HOPX_FOSL2/HOPX_AREG/ZFP36L2_AREG/TPT1_FOSL2","ABCB1_IKZF2/BHLHE40_TXK/HOPX_FOSL2/ABCB1_FOSL2/TPT1_FOSL2/ABCB1_REL/BHLHE40_AREG/HOPX_AREG/ZFP36L2_AREG/RORA_AREG/TNFSF13B_AREG/CD40LG_AREG/TIMP1_AREG/FLT3LG_AREG/CCR6_AREG/IFNGR1_AREG/GPR35_AREG/CAPG_AREG/ABCB1_AREG/TPT1_AREG/MYBL1_KIR3DL2/ABCB1_KIR3DL2/ABCB1_KLRC2/ABCB1_KLRC3/PERP_LAT2/MYBL1_B3GNT7/RORA_B3GNT7/IFNGR1_B3GNT7/ANXA1_B3GNT7/IL4I1_B3GNT7/VIM_B3GNT7/FKBP11_B3GNT7"
"1546",350,350,"CD4+CCL5+ Tm_CD4+NME1+CCR4+ T","CD4+CCL5+ Tm","CD4+NME1+CCR4+ T",21,14,1.462,0.0423755776512327,0.188874003245494,0.812742857142857,"CD40LG_ENO1/PTGER4_ENO1/ID2_SUB1/CD44_ENO1/PTGER4_IL32/ID2_ENO1/CD40LG_CNN2/HOPX_TPM4/ZFP36L2_CMTM7/PARP8_ENO1/GZMM_ENO1/ITGA1_CNN2/ZFP36L2_ARHGDIB/ZFP36L2_TPM4","ID2_SUB1/ANXA1_KLF2/ID2_ENO1/CD40LG_ENO1/GZMM_ENO1/CD44_ENO1/PARP8_ENO1/PTGER4_ENO1/PTGER4_IL32/ZFP36L2_CMTM7/CCL4_CCR4/NR4A2_IL6R/ANXA1_IL6R/BHLHE40_IFNAR2/NR4A2_IFNAR2/CD40LG_CNN2/ITGA1_CNN2/ZFP36L2_ARHGDIB/BHLHE40_ARHGDIB/ZFP36L2_TPM4/HOPX_TPM4"
"52",351,351,"CD8+ISG+ CD8+ T_CD8+IL7R+ Tm","CD8+ISG+ CD8+ T","CD8+IL7R+ Tm",4,4,2.194,0.04313621289422,0.190091785635546,0.819116809116809,"SP100_TNFAIP3/PLSCR1_TNFAIP3/IFI6_ANXA1/IFI6_PABPC1","IFI6_ANXA1/PLSCR1_TNFAIP3/SP100_TNFAIP3/IFI6_PABPC1"
"76",352,351,"CD4+ISG+ Th_CD8+IL7R+ Tm","CD4+ISG+ Th","CD8+IL7R+ Tm",4,4,2.194,0.04313621289422,0.190091785635546,0.819116809116809,"SP100_TNFAIP3/PLSCR1_TNFAIP3/IFI6_ANXA1/IFI6_PABPC1","IFI6_ANXA1/PLSCR1_TNFAIP3/SP100_TNFAIP3/IFI6_PABPC1"
"247",353,351,"CD8+ISG+ CD8+ T_CD8+KIR+EOMES+ NK-like","CD8+ISG+ CD8+ T","CD8+KIR+EOMES+ NK-like",4,4,2.194,0.04313621289422,0.190091785635546,0.819116809116809,"SP100_LITAF/MX1_TYROBP/OAS1_TYROBP/OAS1_NR4A2","OAS1_NR4A2/SP100_LITAF/MX1_TYROBP/OAS1_TYROBP"
"393",354,351,"CD8+ZNF683+CXCR6- Tm_CD8+terminal Tex","CD8+ZNF683+CXCR6- Tm","CD8+terminal Tex",4,4,2.194,0.04313621289422,0.190091785635546,0.819116809116809,"CD52_NAMPT/CD52_GZMB/CISH_NAMPT/CD52_HAVCR2","CD52_GZMB/CD52_NAMPT/CISH_NAMPT/CD52_HAVCR2"
"1122",355,355,"CD4+IL26+ Th17_CD4+Temra","CD4+IL26+ Th17","CD4+Temra",36,22,1.341,0.0440447993845798,0.193548977577309,0.811549295774648,"IL17RE_S1PR5/IL17RE_PRSS23/CD40LG_GZMB/IL23R_GNLY/IL23R_PRSS23/IL17RE_ZEB2/IL17RE_GNLY/IL23R_S1PR5/ERN1_GNLY/TNFSF13B_GNLY/ID2_GNLY/CD40LG_ZEB2/RORA_GNLY/IL23R_ZEB2/IL17RE_HOPX/IL23R_FASLG/IL17RE_IL18RAP/CD40LG_ZNF683/IL22_PRSS23/IL23R_CCL3/IL17RE_CCL3/TMIGD2_S1PR5","RUNX2_HOPX/IL17RE_HOPX/CD40LG_ZEB2/IL23R_ZEB2/IL17RE_ZEB2/CD40LG_ZNF683/CEBPD_TBX21/ANKRD28_TBX21/CD40LG_GZMB/IL23R_CCL3/IL17RE_CCL3/IL23R_FASLG/RUNX2_CX3CR1/IL4I1_CX3CR1/ANKRD28_CX3CR1/IL17RE_IL18RAP/RORA_GNLY/ID2_GNLY/TNFSF13B_GNLY/IL23R_GNLY/IL17RE_GNLY/ERN1_GNLY/IL22_S1PR5/IL23R_S1PR5/IL17RE_S1PR5/TMIGD2_S1PR5/CEBPD_C1orf21/RUNX2_C1orf21/CKLF_C1orf21/ANKRD28_C1orf21/IL4I1_CTSW/ANKRD28_CTSW/IL22_PRSS23/IL23R_PRSS23/IL17RE_PRSS23/CAPG_PRSS23"
"1341",356,356,"CD8+Tc17_CD4+S1PR1+ Treg","CD8+Tc17","CD4+S1PR1+ Treg",38,23,1.328,0.0456140177472388,0.199881650802507,0.814466292134831,"IL17RE_IKZF2/IL17RE_CPNE2/CA2_IL2RA/IL17RE_RTKN2/FLT3LG_CPNE2/CA2_IL32/CA2_IKZF2/CA2_CD74/IL23R_IKZF2/CA2_HLA-DRB1/CA2_CPNE2/IL17RE_HLA-DRB1/CA2_SAMHD1/CA2_FOXP3/IL17RE_LEF1/CA2_FLT3LG/IL17RE_IL2RA/IL17RE_CCR10/CA2_IL10RA/IL23R_CPNE2/ZBTB16_FOXP3/KLRB1_CPNE2/ZBTB16_IL32","ZBTB16_FOXP3/IL4I1_FOXP3/CA2_FOXP3/IL23R_IKZF2/IL17RE_IKZF2/CA2_IKZF2/IL17RE_LEF1/ADAM12_LEF1/CEBPD_KLF3/IL18RAP_KLF3/IL4I1_KLF3/ADAM12_KLF3/ZBTB16_IL32/CA2_IL32/CA2_FLT3LG/CA2_IL10RA/IL17RE_CCR10/ZBTB16_IL2RA/IL17RE_IL2RA/CA2_IL2RA/CA2_CD74/IL17RE_RTKN2/IL4I1_SELL/IL17RE_HLA-DRB1/CA2_HLA-DRB1/CA2_SAMHD1/FLT3LG_CPNE2/IL23R_CPNE2/IL17RE_CPNE2/KLRB1_CPNE2/CA2_CPNE2/CEBPD_HPGD/IL18RAP_HPGD/IL4I1_HPGD/ME1_HPGD/ADAM12_HPGD/IL4I1_PI16/ADAM12_PI16"
"841",357,357,"CD4+TIMP1+ Tm_CD4+AREG+ Tm","CD4+TIMP1+ Tm","CD4+AREG+ Tm",23,15,1.431,0.0461336246524462,0.201592309405647,0.818039215686274,"FLT3LG_EEF1A1/S100A6_AREG/CD40LG_AREG/TIMP1_AREG/S100A11_AREG/CAPG_AREG/CD52_AREG/LMO4_AREG/S100A10_AREG/FLT3LG_AREG/FLT3LG_PABPC1/HOPX_AREG/S100A10_ANXA1/KLF2_ANXA1/CD40LG_PABPC1","TIMP1_KLF2/ANXA1_KLF2/ANXA1_KLF3/VIM_KLF3/HOPX_AREG/LMO4_AREG/TIMP1_AREG/FLT3LG_AREG/CD40LG_AREG/S100A11_AREG/S100A10_AREG/CD52_AREG/S100A6_AREG/CAPG_AREG/KLF2_ANXA1/S100A10_ANXA1/FLT3LG_EEF1A1/VIM_TPT1/FLT3LG_PABPC1/CD40LG_PABPC1/ANXA1_PTGER2/VIM_PTGER2/SH3BGRL3_PLAC8"
"66",358,358,"CD4+GZMK+ Tem_CD8+IL7R+ Tm","CD4+GZMK+ Tem","CD8+IL7R+ Tm",14,10,1.567,0.0466645805781941,0.20277645042335,0.825782122905028,"NFATC2_PABPC1/CXCR3_TNFAIP3/AOAH_TNFAIP3/ENC1_FTH1/CXCR3_RGCC/ENC1_PABPC1/F2R_TNFAIP3/GZMK_TNFAIP3/CXCR3_PABPC1/F2R_RGCC","NR4A2_ZFP36L2/NR4A2_TSC22D3/GZMK_TNFAIP3/CXCR3_TNFAIP3/AOAH_TNFAIP3/F2R_TNFAIP3/CD4_FTH1/ENC1_FTH1/CXCR3_RGCC/ENC1_RGCC/F2R_RGCC/NFATC2_PABPC1/CXCR3_PABPC1/ENC1_PABPC1"
"70",359,358,"CD4+IL21+ Tfh_CD8+IL7R+ Tm","CD4+IL21+ Tfh","CD8+IL7R+ Tm",14,10,1.567,0.0466645805781941,0.20277645042335,0.825782122905028,"BTLA_TNFAIP3/IL6R_TNFAIP3/CD40LG_TNFAIP3/IL6R_PABPC1/IL6R_FTH1/CD40LG_FTH1/TNFSF8_TNFAIP3/IL6R_ANXA1/CPM_TNFAIP3/CD40LG_PABPC1","NR3C1_TSC22D3/IL6R_ANXA1/TNFSF4_LMNA/NMB_LMNA/IGFL2_LMNA/TNFSF8_TNFAIP3/CD40LG_TNFAIP3/IL6R_TNFAIP3/CPM_TNFAIP3/BTLA_TNFAIP3/CD40LG_FTH1/IL6R_FTH1/CD40LG_PABPC1/IL6R_PABPC1"
"810",360,360,"CD4+IL26+ Th17_CD4+TNF+ T","CD4+IL26+ Th17","CD4+TNF+ T",25,16,1.404,0.0494718849741064,0.214378168221128,0.827972222222222,"IL17RE_CKLF/IL17RE_ACTB/IL23R_LCP2/IL17RE_MYL12A/IL17RE_CAPG/CD40LG_LCP2/IL17RE_CD99/IL17RE_TNF/IL23R_ACTB/IL17RE_HOPX/IL23R_FASLG/IL17RE_CXCR3/IL17RE_LCP2/IL22_CISH/RORC_EGR1/IL17RE_IFNG","RUNX2_HOPX/IL17RE_HOPX/RORC_EGR1/TNFSF14_CD40LG/IL4I1_CD40LG/ANKRD28_CD40LG/IL17RE_TNF/IL4I1_TNF/IL17RE_CKLF/IL17RE_IFNG/IL23R_FASLG/IL4I1_CCR2/IL17RE_CXCR3/IL4I1_CXCR3/IL4I1_CD52/IL23R_ACTB/IL17RE_ACTB/IL17RE_MYL12A/IL4I1_SIT1/IL22_CISH/IL17RE_CAPG/IL17RE_CD99/CD40LG_LCP2/IL23R_LCP2/IL17RE_LCP2"
"428",361,361,"CD4+NME1+CCR4- T_CD8+terminal Tex","CD4+NME1+CCR4- T","CD8+terminal Tex",27,17,1.381,0.052432181881289,0.221841518453309,0.831523545706371,"MEOX1_CSF1/MEOX1_RBPJ/MEOX1_GZMB/EBI3_CSF1/EBI3_CD74/MEOX1_GEM/HMGB1_RBPJ/MEOX1_FASLG/MEOX1_CD70/EBI3_CD70/MEOX1_IL2RB/HMGB1_NAMPT/MEOX1_TNFRSF9/MEOX1_NAMPT/MEOX1_TNFSF4/MEOX1_TOX/MEOX1_TIGIT","MEOX1_RBPJ/HMGB1_RBPJ/MEOX1_TOX/MEOX1_TNFSF4/MEOX1_GZMB/MEOX1_CSF1/EBI3_CSF1/MEOX1_CD70/EBI3_CD70/GAPDH_IFNG/MEOX1_NAMPT/HMGB1_NAMPT/MEOX1_FASLG/ENO1_CXCR6/GAPDH_CXCR6/ENO1_CD74/EBI3_CD74/MEOX1_IL2RB/ENO1_IL2RG/GAPDH_IL2RG/MEOX1_TNFRSF9/GAPDH_ENTPD1/MEOX1_GEM/MEOX1_TIGIT/GAPDH_DUSP4/PKM_DUSP4/TMSB10_DUSP4"
"211",362,362,"CD4+Tn_CD8+Temra","CD4+Tn","CD8+Temra",16,11,1.508,0.0534286545945197,0.221841518453309,0.855580110497238,"GIMAP7_ZEB2/GIMAP7_GZMB/TXK_KLRD1/EEF1B2_S1PR5/PLAC8_GNLY/GIMAP7_PLEK/PLAC8_FCGR3A/TXK_PLEK/PLAC8_GZMB/TCF7_GNLY/GIMAP7_GNLY","LEF1_KLF3/GIMAP7_ZEB2/PLAC8_GZMB/GIMAP7_GZMB/PLAC8_FCGR3A/EEF1B2_S1PR5/TCF7_GNLY/PLAC8_GNLY/TPT1_GNLY/GIMAP7_GNLY/TXK_KLRD1/GIMAP7_KLRD1/TXK_PLEK/GIMAP7_PLEK/TCF7_C1orf21/ACTN1_C1orf21"
"378",363,362,"CD4+GZMK+ Tem_CD8+GZMK+ Tex","CD4+GZMK+ Tem","CD8+GZMK+ Tex",16,11,1.508,0.0534286545945197,0.221841518453309,0.855580110497238,"ENC1_NAMPT/CXCR3_TRPS1/F2R_TRPS1/NFATC2_TRPS1/CXCR3_PRDM1/ENC1_TRPS1/NFATC2_NAMPT/F2R_NAMPT/IFNG_PRDM1/F2R_TOX/NFATC2_PRDM1","F2R_TOX/NFATC2_PRDM1/IFNG_PRDM1/CXCR3_PRDM1/NFATC2_TRPS1/CXCR3_TRPS1/ENC1_TRPS1/F2R_TRPS1/NFATC2_NAMPT/ENC1_NAMPT/F2R_NAMPT/ENC1_HAVCR2/TNFSF9_CD27/CST7_CTLA4/NFATC2_TNFRSF9/CCL4_HLA-DQA1"
"417",364,362,"CD4+GZMK+ Tem_CD8+terminal Tex","CD4+GZMK+ Tem","CD8+terminal Tex",16,11,1.508,0.0534286545945197,0.221841518453309,0.855580110497238,"GZMH_GZMB/ENC1_NAMPT/F2R_RBPJ/ENC1_RBPJ/CXCR3_CD70/NFATC2_NAMPT/F2R_NAMPT/F2R_KRT86/F2R_TOX/NFATC2_CSF1/CRTAM_GZMB","ENC1_RBPJ/F2R_RBPJ/F2R_TOX/GZMH_GZMB/CRTAM_GZMB/NFATC2_CSF1/CXCR3_CD70/NFATC2_NAMPT/ENC1_NAMPT/F2R_NAMPT/NFATC2_TNFRSF9/ENC1_HAVCR2/CST7_CTLA4/ENC1_KRT86/F2R_KRT86/CST7_TIGIT"
"505",365,362,"CD4+ISG+ Th_CD8+TCF7+ Tex","CD4+ISG+ Th","CD8+TCF7+ Tex",16,11,1.508,0.0534286545945197,0.221841518453309,0.855580110497238,"SP100_TNFRSF4/IFI6_NR3C1/TNFSF10_IGFL2/SP100_GNG4/IFIT3_NMB/IFI6_TNFRSF4/MX2_NR3C1/TNFSF13B_CD200/IFIT1_TNFRSF4/IFIT3_TNFRSF4/ISG15_NMB","IFI6_NR3C1/MX2_NR3C1/IFI16_CD40LG/IFI16_IL6R/IFI16_IFNAR2/SP100_CD200/TNFSF13B_CD200/SP100_GNG4/SP100_TNFRSF4/IFIT3_TNFRSF4/IFIT1_TNFRSF4/IFI6_TNFRSF4/CMPK2_TNFRSF4/TNFSF10_IGFL2/IFIT3_NMB/ISG15_NMB"
"1109",366,362,"CD4+Tn_CD4+Temra","CD4+Tn","CD4+Temra",16,11,1.508,0.0534286545945197,0.221841518453309,0.855580110497238,"GIMAP7_ZEB2/GIMAP7_GZMB/TXK_KLRD1/EEF1B2_S1PR5/PLAC8_GNLY/GIMAP7_ZNF683/GIMAP7_PLEK/TXK_PLEK/PLAC8_GZMB/TCF7_GNLY/GIMAP7_GNLY","GIMAP7_ZEB2/GIMAP7_ZNF683/PLAC8_GZMB/GIMAP7_GZMB/TXK_CCL3/TCF7_GNLY/PLAC8_GNLY/TPT1_GNLY/GIMAP7_GNLY/EEF1B2_S1PR5/TXK_KLRD1/GIMAP7_KLRD1/TCF7_C1orf21/ACTN1_C1orf21/TXK_PLEK/GIMAP7_PLEK"
"1118",367,362,"CD4+CAPG+ Tm_CD4+Temra","CD4+CAPG+ Tm","CD4+Temra",16,11,1.508,0.0534286545945197,0.221841518453309,0.855580110497238,"CD40LG_GZMB/CXCR3_GNLY/CXCR3_ZEB2/ID2_GNLY/CD40LG_ZEB2/CXCR3_S1PR5/CXCR3_PRSS23/CD52_GZMB/CD40LG_ZNF683/COTL1_S1PR5/CD52_GNLY","CD40LG_ZEB2/CXCR3_ZEB2/CD40LG_ZNF683/CD40LG_GZMB/CD52_GZMB/RBPJ_CX3CR1/ID2_GNLY/CXCR3_GNLY/CD52_GNLY/CXCR3_S1PR5/COTL1_S1PR5/RBPJ_C1orf21/CKLF_C1orf21/TIMP1_C1orf21/CXCR3_PRSS23/CAPG_PRSS23"
"213",368,368,"CD4+ADSL+ Tn_CD8+Temra","CD4+ADSL+ Tn","CD8+Temra",9,7,1.706,0.0534694941913103,0.221841518453309,0.84179347826087,"ANKRD55_S1PR5/IL6R_GNLY/TXK_KLRD1/IL6R_S1PR5/TXK_PLEK/TCF7_GNLY/COTL1_S1PR5","LEF1_KLF3/IL6R_S1PR5/ANKRD55_S1PR5/COTL1_S1PR5/TCF7_GNLY/IL6R_GNLY/TXK_KLRD1/TXK_PLEK/TCF7_C1orf21"
"235",369,368,"CD8+Tn_CD8+KIR+EOMES+ NK-like","CD8+Tn","CD8+KIR+EOMES+ NK-like",9,7,1.706,0.0534694941913103,0.221841518453309,0.84179347826087,"IL6R_DUSP2/TXK_KLRD1/TXK_NR4A2/TNFSF8_NR4A2/IL6R_NR4A2/MAL_DUSP2/TXK_DUSP2","TXK_NR4A2/TNFSF8_NR4A2/IL6R_NR4A2/ACTN1_CD160/TXK_KLRD1/NOSIP_GCSAM/TXK_DUSP2/IL6R_DUSP2/MAL_DUSP2"
"444",370,368,"CD8+NME1+ T_CD8+OXPHOS- Tex","CD8+NME1+ T","CD8+OXPHOS- Tex",9,7,1.706,0.0534694941913103,0.221841518453309,0.84179347826087,"MYB_PHLDA1/MYB_ETV1/MYB_TNFRSF9/MYB_PRDM1/MYB_HAVCR2/CXCR3_PRDM1/MND1_PHLDA1","MYB_ETV1/MYB_PRDM1/CXCR3_PRDM1/MYB_HAVCR2/GAPDH_ENTPD1/MYB_TNFRSF9/MYB_PHLDA1/MND1_PHLDA1/ENO1_KIR2DL4"
"775",371,368,"CD4+S1PR1+ Treg_CD4+IL7R- Tn","CD4+S1PR1+ Treg","CD4+IL7R- Tn",9,7,1.706,0.0534694941913103,0.221841518453309,0.84179347826087,"FLT3LG_EEF1A1/FLT3LG_NACA/KLF3_FAU/KLF3_NACA/HPGD_NACA/HPGD_ACTG1/FLT3LG_ACTG1","FLT3LG_EEF1A1/FLT3LG_ACTG1/HPGD_ACTG1/KLF3_NACA/FLT3LG_NACA/SAMHD1_NACA/HPGD_NACA/KLF3_FAU/FLT3LG_BTF3"
"1070",372,368,"CD4+Tn_CD4+GZMK+ Tem","CD4+Tn","CD4+GZMK+ Tem",9,7,1.706,0.0534694941913103,0.221841518453309,0.84179347826087,"TXK_NR4A2/GIMAP7_AOAH/LINC00861_AOAH/FHIT_NR4A2/GIMAP7_TNFSF9/LINC00861_CST7/LINC00861_RUNX3","TXK_RUNX3/LINC00861_RUNX3/TXK_NR4A2/FHIT_NR4A2/GIMAP7_TNFSF9/TXK_CCL3/LINC00861_CST7/GIMAP7_AOAH/LINC00861_AOAH"
"1097",373,368,"CD8+GZMK+ Tem_CD4+Temra","CD8+GZMK+ Tem","CD4+Temra",9,7,1.706,0.0534694941913103,0.221841518453309,0.84179347826087,"CXCR3_GNLY/GZMH_GZMB/CXCR3_ZEB2/CXCR3_S1PR5/CXCR3_PRSS23/HLA-DQA1_CCL4/COTL1_S1PR5","CXCR3_ZEB2/APOBEC3G_TBX21/GZMH_GZMB/HLA-DQA1_CCL4/CXCR3_GNLY/CXCR3_S1PR5/COTL1_S1PR5/CCL4_CTSW/CXCR3_PRSS23"
"1111",374,368,"CD4+ADSL+ Tn_CD4+Temra","CD4+ADSL+ Tn","CD4+Temra",9,7,1.706,0.0534694941913103,0.221841518453309,0.84179347826087,"ANKRD55_S1PR5/IL6R_GNLY/TXK_KLRD1/IL6R_S1PR5/TXK_PLEK/TCF7_GNLY/COTL1_S1PR5","TXK_CCL3/TCF7_GNLY/IL6R_GNLY/IL6R_S1PR5/ANKRD55_S1PR5/COTL1_S1PR5/TXK_KLRD1/TCF7_C1orf21/TXK_PLEK"
"1425",375,368,"CD4+TNF+ T_CD4+ISG+ Treg","CD4+TNF+ T","CD4+ISG+ Treg",9,7,1.706,0.0534694941913103,0.221841518453309,0.84179347826087,"ID2_NAMPT/CD52_NAMPT/CD40LG_CSF1/CXCR3_CD70/HOPX_NAMPT/CISH_NAMPT/CD40LG_NAMPT","LCP2_ETV7/CD40LG_CSF1/HOPX_NAMPT/ID2_NAMPT/CD40LG_NAMPT/CD52_NAMPT/CISH_NAMPT/CXCR3_CD70/SH3BGRL3_OAS1"
"1441",376,368,"CD4+ISG+ Th_CD4+ISG+ Treg","CD4+ISG+ Th","CD4+ISG+ Treg",9,7,1.706,0.0534694941913103,0.221841518453309,0.84179347826087,"MX1_HERC5/TNFSF13B_NAMPT/IFI6_IL2RA/MX1_NAMPT/MX1_IL2RA/TNFSF10_NAMPT/IFI6_NAMPT","PLSCR1_ETV7/TNFSF10_NAMPT/TNFSF13B_NAMPT/MX1_NAMPT/IFI6_NAMPT/IFI16_IL7/MX1_IL2RA/IFI6_IL2RA/MX1_HERC5"
"372",377,377,"CD4+AREG+ Tm_CD8+GZMK+ Tex","CD4+AREG+ Tm","CD8+GZMK+ Tex",29,18,1.362,0.0550537473964804,0.227808609916471,0.825543766578249,"KLF3_TRPS1/KLF3_NAMPT/CD40LG_TNFSF4/KLF3_PRDM1/S1PR1_NAMPT/PTGER2_TRPS1/EEF1A1_TRPS1/PTGER2_NAMPT/CD40LG_TNFRSF9/GPR183_NAMPT/CD40LG_HAVCR2/EEF1B2_NAMPT/KLF3_TSC22D1/TCF7_PRDM1/ZFP36L2_NAMPT/KLF2_TSC22D1/PLAC8_HAVCR2/CD40LG_NAMPT","KLF2_TSC22D1/KLF3_TSC22D1/KLF3_PRDM1/TCF7_PRDM1/KLF3_TRPS1/EEF1A1_TRPS1/PTGER2_TRPS1/KLF3_CCL3/CD40LG_TNFSF4/AREG_IFNG/ZFP36L2_NAMPT/KLF3_NAMPT/CD40LG_NAMPT/GPR183_NAMPT/EEF1B2_NAMPT/S1PR1_NAMPT/PTGER2_NAMPT/AREG_CD74/AREG_CXCR6/CD40LG_HAVCR2/PLAC8_HAVCR2/AREG_CD27/AREG_LYST/ANXA1_LYST/PABPC1_LYST/AREG_DUSP4/CD40LG_TNFRSF9/KLF3_HLA-DQA1/AREG_HLA-DRB1"
"63",378,378,"CD4+CCL5+ Tm_CD8+IL7R+ Tm","CD4+CCL5+ Tm","CD8+IL7R+ Tm",18,12,1.462,0.0592318000499594,0.24265810392252,0.837275132275132,"CD40LG_TNFAIP3/CD69_TNFAIP3/GZMM_TNFAIP3/ID2_GPR183/CD40LG_FTH1/ZFP36L2_PABPC1/HOPX_RGCC/CLU_TNFAIP3/GZMK_TNFAIP3/ID2_ANXA1/CD40LG_PABPC1/ZFP36L2_TNFAIP3","BHLHE40_ZFP36L2/NR4A2_ZFP36L2/NR4A2_TSC22D3/ANXA1_TSC22D3/ID2_ANXA1/ZFP36L2_TNFAIP3/ID2_TNFAIP3/GZMK_TNFAIP3/CD40LG_TNFAIP3/GZMM_TNFAIP3/CD69_TNFAIP3/CLU_TNFAIP3/CD40LG_FTH1/HOPX_RGCC/ITGA1_RGCC/ID2_GPR183/ZFP36L2_PABPC1/CD40LG_PABPC1"
"240",379,378,"CD8+Temra_CD8+KIR+EOMES+ NK-like","CD8+Temra","CD8+KIR+EOMES+ NK-like",18,12,1.462,0.0592318000499594,0.24265810392252,0.837275132275132,"KLF3_ZNF331/C1orf21_ZNF331/KLF3_LITAF/C1orf21_NR4A2/C1orf21_LITAF/C1orf21_CD160/FGFBP2_TNFSF9/TBX21_DUSP2/FGFBP2_KLRD1/KLF3_DUSP2/C1orf21_TNFSF9/KLF3_NR4A2","KLF3_NR4A2/C1orf21_NR4A2/KLF3_LITAF/C1orf21_LITAF/KLF3_ZNF331/C1orf21_ZNF331/GNLY_XCL2/FGFBP2_TNFSF9/C1orf21_TNFSF9/ZEB2_CD160/C1orf21_CD160/FGFBP2_KLRD1/GNLY_KLRG1/S1PR5_GCSAM/PRSS23_GCSAM/GNLY_GCSAM/KLF3_DUSP2/TBX21_DUSP2"
"1113",380,378,"CD4+TNF+ T_CD4+Temra","CD4+TNF+ T","CD4+Temra",18,12,1.462,0.0592318000499594,0.24265810392252,0.837275132275132,"CD40LG_GZMB/CXCR3_GNLY/CXCR3_ZEB2/ID2_GNLY/CD40LG_ZEB2/CXCR3_S1PR5/CXCR3_PRSS23/CCR2_IL18RAP/CCR2_CCL4/CD52_GZMB/CD40LG_ZNF683/CD52_GNLY","CD40LG_ZEB2/CXCR3_ZEB2/CD40LG_ZNF683/CD40LG_GZMB/CD52_GZMB/CCR2_CCL4/EGR1_CX3CR1/CCR2_IL18RAP/ID2_GNLY/CCR2_GNLY/CXCR3_GNLY/CD52_GNLY/CXCR3_S1PR5/CKLF_C1orf21/MYL12A_C1orf21/CCL4_CTSW/CXCR3_PRSS23/CAPG_PRSS23"
"848",381,381,"CD4+CCR6+ Th17_CD4+AREG+ Tm","CD4+CCR6+ Th17","CD4+AREG+ Tm",33,20,1.33,0.059420125447694,0.24265810392252,0.830761154855643,"TNFSF13B_AREG/FLT3LG_EEF1A1/CD40LG_AREG/TIMP1_AREG/ABCB1_AREG/ABCB1_PABPC1/CAPG_AREG/GPR35_AREG/ABCB1_S1PR1/IFNGR1_AREG/FLT3LG_AREG/CCR6_AREG/TPT1_AREG/BHLHE40_AREG/ABCB1_GPR183/FLT3LG_PABPC1/HOPX_AREG/ZFP36L2_AREG/ZFP36L2_PABPC1/CD40LG_PABPC1","BHLHE40_ZFP36L2/IL4I1_ZFP36L2/TIMP1_KLF2/ANXA1_KLF2/ANXA1_KLF3/IL4I1_KLF3/VIM_KLF3/IL4I1_CD40LG/BHLHE40_AREG/HOPX_AREG/ZFP36L2_AREG/RORA_AREG/TNFSF13B_AREG/CD40LG_AREG/TIMP1_AREG/FLT3LG_AREG/CCR6_AREG/IFNGR1_AREG/GPR35_AREG/CAPG_AREG/ABCB1_AREG/TPT1_AREG/IL4I1_CXCR4/FLT3LG_EEF1A1/VIM_TPT1/ABCB1_GPR183/ZFP36L2_PABPC1/CD40LG_PABPC1/FLT3LG_PABPC1/ABCB1_PABPC1/ABCB1_S1PR1/ANXA1_PTGER2/VIM_PTGER2"
"1217",382,381,"CD8+KIR+TXK+ NK-like_CD4+IL21+ Tfh","CD8+KIR+TXK+ NK-like","CD4+IL21+ Tfh",33,20,1.33,0.059420125447694,0.24265810392252,0.830761154855643,"B3GNT7_NR3C1/B3GNT7_RBPJ/B3GNT7_PDE7B/B3GNT7_NMB/TXK_IGFL2/B3GNT7_TNFSF4/HOPX_TNFSF4/IKZF2_CD200/B3GNT7_CD200/TXK_NR3C1/B3GNT7_IGFL2/KIR3DL2_NMB/B3GNT7_TOX/KIR3DL2_RBPJ/XCL1_IGFL2/B3GNT7_GNG4/B3GNT7_TOX2/KIR3DL2_NR3C1/B3GNT7_TSHZ2/IKZF2_IGFL2","TXK_NR3C1/KIR3DL2_NR3C1/B3GNT7_NR3C1/B3GNT7_TOX2/B3GNT7_TOX/B3GNT7_TSHZ2/KIR3DL2_RBPJ/B3GNT7_RBPJ/IKZF2_IL21/AREG_IL21/AREG_TNFSF8/HOPX_TNFSF4/B3GNT7_TNFSF4/AREG_CD40LG/AREG_IL6ST/AREG_CXCR5/IL32_CXCR5/AREG_IL6R/KLRC3_IL6R/B3GNT7_GNG4/IKZF2_CD200/KIR3DL2_CD200/B3GNT7_CD200/AREG_NMB/KIR3DL2_NMB/B3GNT7_NMB/IKZF2_IGFL2/TXK_IGFL2/XCL1_IGFL2/B3GNT7_IGFL2/AREG_CPM/B3GNT7_PDE7B/AREG_ITM2A"
"795",383,383,"CD8+Tc17_CD4+TNF+ T","CD8+Tc17","CD4+TNF+ T",35,21,1.316,0.0612256562929482,0.249378652263705,0.828093994778068,"IL17RE_CKLF/IL17RE_ACTB/CA2_CISH/IL23R_LCP2/IL17RE_MYL12A/IL17RE_CAPG/CD40LG_LCP2/IL17RE_CD99/IL17RE_TNF/CA2_ACTB/CA2_ID2/CA2_MYL12A/IL23R_ACTB/IL17RE_HOPX/CA2_CD69/IL23R_FASLG/IL17RE_CXCR3/IL17RE_LCP2/RORC_EGR1/CA2_EGR1/IL17RE_IFNG","IL17RE_HOPX/ADAM12_HOPX/CA2_ID2/RORC_EGR1/CA2_EGR1/IL4I1_CD40LG/ADAM12_CD40LG/IL17RE_TNF/IL4I1_TNF/IL17RE_CKLF/ADAM12_CKLF/IL17RE_IFNG/ADAM12_IFNG/IL23R_FASLG/TNF_CCR2/IL18RAP_CCR2/IL4I1_CCR2/ADAM12_CCR2/IL17RE_CXCR3/IL4I1_CXCR3/IL4I1_CD52/ADAM12_CD52/IL23R_ACTB/IL17RE_ACTB/CA2_ACTB/IL17RE_MYL12A/CA2_MYL12A/IL4I1_SIT1/CA2_CISH/IL17RE_CAPG/CA2_CD69/IL17RE_CD99/CD40LG_LCP2/IL23R_LCP2/IL17RE_LCP2"
"263",384,384,"CD4+CCR6+ Th17_CD8+KIR+EOMES+ NK-like","CD4+CCR6+ Th17","CD8+KIR+EOMES+ NK-like",20,13,1.426,0.064206096688742,0.260837267798014,0.83640625,"CD40LG_NR4A2/ABCB1_ZNF331/ABCB1_NR4A2/CD40LG_DUSP2/ABCB1_IKZF2/DPP4_TNFSF9/ABCB1_DUSP2/GPR35_NR4A2/ABCB1_LITAF/ABCB1_KLRD1/ZFP36L2_NR4A2/ABCB1_CMC1/DPP4_NR4A2","ABCB1_IKZF2/ZFP36L2_NR4A2/CD40LG_NR4A2/GPR35_NR4A2/ABCB1_NR4A2/DPP4_NR4A2/ABCB1_LITAF/ABCB1_ZNF331/DPP4_TNFSF9/IL4I1_CXCR4/BHLHE40_CD160/ABCB1_KLRD1/IL4I1_KLRG1/ABCB1_CMC1/BHLHE40_GCSAM/MYBL1_GCSAM/ANXA1_GCSAM/VIM_GCSAM/CD40LG_DUSP2/ABCB1_DUSP2"
"200",385,385,"CD8+GZMK+ Tem_CD8+Temra","CD8+GZMK+ Tem","CD8+Temra",11,8,1.595,0.0657556332940734,0.265061467542001,0.848337662337662,"CXCR3_GNLY/GZMH_GZMB/CXCR3_ZEB2/CXCR3_FCGR3A/CXCR3_S1PR5/CXCR3_PRSS23/COTL1_S1PR5/HLA-DRB1_FCGR3A","SUB1_KLF3/HLA-DQA1_KLF3/CXCR3_ZEB2/APOBEC3G_TBX21/GZMH_GZMB/CXCR3_FCGR3A/HLA-DRB1_FCGR3A/CXCR3_S1PR5/COTL1_S1PR5/CXCR3_PRSS23/CXCR3_GNLY"
"355",386,385,"CD8+GZMK+ early Tem_CD8+GZMK+ Tex","CD8+GZMK+ early Tem","CD8+GZMK+ Tex",11,8,1.595,0.0657556332940734,0.265061467542001,0.848337662337662,"ENC1_NAMPT/PIK3R1_TRPS1/CXCR5_NAMPT/PIK3R1_PRDM1/CXCR5_HAVCR2/ENC1_TRPS1/CMC1_TRPS1/CCR4_CCL4","PIK3R1_PRDM1/CMC1_TRPS1/ENC1_TRPS1/PIK3R1_TRPS1/CCR4_CCL4/CXCR5_NAMPT/ENC1_NAMPT/CXCR5_HAVCR2/ENC1_HAVCR2/CST7_CTLA4/CXCR5_TNFRSF9"
"1276",387,385,"CD4+GZMK+ Tem_CD4+IFNG+ Tfh/Th1","CD4+GZMK+ Tem","CD4+IFNG+ Tfh/Th1",11,8,1.595,0.0657556332940734,0.265061467542001,0.848337662337662,"NFATC2_ZEB2/GZMH_GZMB/F2R_RBPJ/CXCR3_ZEB2/ENC1_RBPJ/ENC1_PDE7B/F2R_KRT86/CRTAM_GZMB","NFATC2_ZEB2/CXCR3_ZEB2/CXCR3_BHLHE40/ENC1_RBPJ/F2R_RBPJ/GZMH_GZMB/CRTAM_GZMB/ENC1_HAVCR2/ENC1_KRT86/F2R_KRT86/ENC1_PDE7B"
"229",388,388,"CD4+S1PR1+ Treg_CD8+Temra","CD4+S1PR1+ Treg","CD8+Temra",22,14,1.396,0.0684700884998918,0.27458441660625,0.850515463917526,"PI16_PRSS23/KLF3_S1PR5/PI16_FCGR3A/KLF3_GNLY/FLT3LG_S1PR5/CCDC141_S1PR5/PI16_GNLY/HPGD_GNLY/HPGD_GZMB/TTN_S1PR5/KLF3_ZEB2/HPGD_PLEK/HLA-DRB1_FCGR3A/HPGD_FCGR3A","IL2RA_ASCL2/CPNE2_ASCL2/CPNE2_KLF2/LEF1_KLF3/KLF3_ZEB2/PI16_ZEB2/HPGD_GZMB/HLA-DRB1_FCGR3A/HPGD_FCGR3A/PI16_FCGR3A/KLF3_S1PR5/FLT3LG_S1PR5/TTN_S1PR5/CCDC141_S1PR5/HPGD_S1PR5/PI16_PRSS23/KLF3_GNLY/HPGD_GNLY/PI16_GNLY/HPGD_PLEK/RTKN2_C1orf21/CPNE2_C1orf21"
"281",389,388,"CD8+ZNF683+CXCR6+ Trm_CD8+KIR+TXK+ NK-like","CD8+ZNF683+CXCR6+ Trm","CD8+KIR+TXK+ NK-like",22,14,1.396,0.0684700884998918,0.27458441660625,0.850515463917526,"ID2_AREG/CXCR3_AREG/LGALS3_AREG/XCL1_AREG/ITGA1_AREG/CAPG_AREG/CD52_AREG/TMSB4X_AREG/LDLRAD4_AREG/HOPX_FOSL2/HOPX_AREG/ZFP36L2_AREG/LDLRAD4_KLRC3/CXCR6_AREG","LGALS1_HOPX/HOPX_FOSL2/LDLRAD4_XCL2/HOPX_AREG/ID2_AREG/ZFP36L2_AREG/XCL1_AREG/XCL2_AREG/CXCR6_AREG/CXCR3_AREG/CAPG_AREG/TMSB4X_AREG/LGALS3_AREG/CD52_AREG/ITGA1_AREG/LDLRAD4_AREG/RBPJ_KIR3DL2/LDLRAD4_KLRC3/ZNF683_B3GNT7/RBPJ_B3GNT7/IL32_B3GNT7/GZMB_B3GNT7"
"264",390,390,"CD4+IL26+ Th17_CD8+KIR+EOMES+ NK-like","CD4+IL26+ Th17","CD8+KIR+EOMES+ NK-like",24,15,1.371,0.0721258467665249,0.287765526741122,0.851512820512821,"IL17RE_LITAF/IL17RE_IKZF2/IL17RE_TNFSF9/CD40LG_NR4A2/IL17RE_ZNF331/CD40LG_DUSP2/IL23R_IKZF2/IL17RE_IFNGR1/IL17RE_CD160/IL17RE_DUSP2/IL17RE_NR4A2/IL23R_ZNF331/IL17RE_CMC1/IL23R_NR4A2/IL23R_IL2RB","IL23R_IKZF2/IL17RE_IKZF2/CD40LG_NR4A2/IL23R_NR4A2/IL17RE_NR4A2/IL17RE_LITAF/IL23R_ZNF331/IL17RE_ZNF331/IL17RE_TNFSF9/IL17RE_IFNGR1/IL4I1_CXCR4/IL23R_IL2RB/RUNX2_CD160/IL17RE_CD160/ANKRD28_CD160/IL17RE_TYROBP/IL4I1_KLRG1/IL17RE_CMC1/ANKRD28_CMC1/CEBPD_GCSAM/RUNX2_GCSAM/ANKRD28_GCSAM/CD40LG_DUSP2/IL17RE_DUSP2"
"888",391,390,"CD4+IL26+ Th17_CD4+TIMP1+ Tm","CD4+IL26+ Th17","CD4+TIMP1+ Tm",24,15,1.371,0.0721258467665249,0.287765526741122,0.851512820512821,"IL17RE_VIM/IL17RE_EMP3/IL23R_VIM/ID2_VIM/IL22_VIM/IL17RE_ANXA1/IL23R_TIMP1/IL17RE_CAPG/IL23R_ANXA1/IL17RE_HOPX/RORA_VIM/CA10_VIM/ID2_ANXA1/IL17RE_TIMP1/CTSH_VIM","ANKRD28_KLF2/RUNX2_HOPX/IL17RE_HOPX/IL23R_TIMP1/IL17RE_TIMP1/RUNX2_FLT3LG/ANKRD28_FLT3LG/TNFSF14_CD40LG/IL4I1_CD40LG/ANKRD28_CD40LG/ID2_ANXA1/IL23R_ANXA1/IL17RE_ANXA1/IL4I1_CD52/IL4I1_S100A6/RORA_VIM/ID2_VIM/IL22_VIM/IL23R_VIM/IL17RE_VIM/CTSH_VIM/CA10_VIM/IL17RE_CAPG/IL17RE_EMP3"
"43",392,392,"CD8+GZMK+ Tem_CD8+IL7R+ Tm","CD8+GZMK+ Tem","CD8+IL7R+ Tm",6,5,1.828,0.0731517870774195,0.288903260356391,0.859209183673469,"CXCR3_TNFAIP3/CXCR3_RGCC/APOBEC3G_TNFAIP3/GZMK_TNFAIP3/CXCR3_PABPC1","GZMK_TNFAIP3/CXCR3_TNFAIP3/APOBEC3G_TNFAIP3/SUB1_FTH1/CXCR3_RGCC/CXCR3_PABPC1"
"461",393,392,"CD4+IFNG+ Tfh/Th1_CD8+OXPHOS- Tex","CD4+IFNG+ Tfh/Th1","CD8+OXPHOS- Tex",6,5,1.828,0.0731517870774195,0.288903260356391,0.859209183673469,"ID2_HAVCR2/ID2_PRDM1/ID2_TNFRSF9/CXCR6_TNFRSF9/IFNG_PRDM1","ID2_PRDM1/IFNG_PRDM1/DUSP4_PRDM1/ID2_HAVCR2/ID2_TNFRSF9/CXCR6_TNFRSF9"
"1293",394,392,"CD8+Temra_CD4+TNFRSF9- Treg","CD8+Temra","CD4+TNFRSF9- Treg",6,5,1.828,0.0731517870774195,0.288903260356391,0.859209183673469,"C1orf21_ARID5B/CX3CR1_IKZF4/CX3CR1_ARID5B/C1orf21_RTKN2/C1orf21_STAM","CX3CR1_ARID5B/C1orf21_ARID5B/CX3CR1_IKZF4/C1orf21_RTKN2/C1orf21_STAM/S1PR5_TTN"
"1368",395,392,"CD8+ZNF683+CXCR6- Tm_CD4+TNFRSF9+ Treg","CD8+ZNF683+CXCR6- Tm","CD4+TNFRSF9+ Treg",6,5,1.828,0.0731517870774195,0.288903260356391,0.859209183673469,"CD52_NAMPT/CKLF_PMAIP1/CISH_PMAIP1/CISH_NAMPT/ZNF683_PMAIP1","CD52_NAMPT/CISH_NAMPT/IL32_LAIR2/ZNF683_PMAIP1/CKLF_PMAIP1/CISH_PMAIP1"
"108",396,396,"CD4+IL26+ Th17_CD8+ZNF683+CXCR6- Tm","CD4+IL26+ Th17","CD8+ZNF683+CXCR6- Tm",13,9,1.519,0.0756313000715789,0.296444291737847,0.868383838383838,"IL17RE_PFN1/IL17RE_CKLF/IL17RE_ACTB/IL17RE_MYL12A/IL17RE_TNF/IL23R_ACTB/CD40LG_ZNF683/IL22_IL32/IL22_CISH","CD40LG_ZNF683/IL22_IL32/IL17RE_TNF/IL4I1_TNF/IL17RE_CKLF/IL23R_ACTB/IL17RE_ACTB/IL4I1_CD52/IL4I1_TRAF3IP3/IL4I1_SIT1/IL22_CISH/IL17RE_MYL12A/IL17RE_PFN1"
"400",397,396,"CD8+GZMK+ Tex_CD8+terminal Tex","CD8+GZMK+ Tex","CD8+terminal Tex",13,9,1.519,0.0756313000715789,0.296444291737847,0.868383838383838,"LYST_NAMPT/CD27_TOX2/VCAM1_TNFSF4/CXCR6_CD70/CXCR6_TNFRSF9/CD27_GEM/CD27_CD70/CD27_CXCL13/LYST_RBPJ","LYST_RBPJ/CD27_TOX2/CD27_CXCL13/VCAM1_TNFSF4/CXCR6_CD70/CD27_CD70/PRDM1_IFNG/LYST_NAMPT/TNFRSF9_CXCR6/CXCR6_TNFRSF9/TNFSF4_ENTPD1/CD27_GEM/PRDM1_DUSP4"
"481",398,396,"CD8+ISG+ CD8+ T_CD8+TCF7+ Tex","CD8+ISG+ CD8+ T","CD8+TCF7+ Tex",13,9,1.519,0.0756313000715789,0.296444291737847,0.868383838383838,"SP100_TNFRSF4/IFI6_NR3C1/TNFSF10_IGFL2/SP100_GNG4/IFIT3_NMB/IFI6_TNFRSF4/IFIT1_TNFRSF4/IFIT3_TNFRSF4/ISG15_NMB","IFI6_NR3C1/CD74_EBI3/STAT2_IL6R/SP100_CD200/SP100_GNG4/SP100_TNFRSF4/IFIT1_TNFRSF4/IFIT3_TNFRSF4/IFI6_TNFRSF4/CMPK2_TNFRSF4/TNFSF10_IGFL2/IFIT3_NMB/ISG15_NMB"
"208",399,399,"CD8+ISG+ CD8+ T_CD8+Temra","CD8+ISG+ CD8+ T","CD8+Temra",15,10,1.462,0.0836068309750492,0.323047904021936,0.882681704260652,"MX1_PLEK/TNFSF10_GNLY/IFIT3_GZMB/MX1_PRSS23/IFI44L_GZMB/MX1_GZMB/SP100_S1PR5/IFIT1_GZMB/IFI6_S1PR5/OAS1_GNLY","STAT2_KLF3/IFIT1_GZMB/IFIT3_GZMB/IFI44L_GZMB/MX1_GZMB/OAS1_GZMB/OAS3_GZMB/CCR1_CX3CR1/SP100_S1PR5/IFI6_S1PR5/MX1_PRSS23/TNFSF10_GNLY/OAS1_GNLY/MX1_PLEK/STAT2_C1orf21"
"604",400,399,"CD4+IL7R- Tn_CD8+NME1+ T","CD4+IL7R- Tn","CD8+NME1+ T",15,10,1.462,0.0836068309750492,0.323047904021936,0.882681704260652,"FAU_ENO1/NACA_GAPDH/EEF1A1_ENO1/BTF3_ENO1/BTF3_GAPDH/ACTG1_GAPDH/EEF1B2_ENO1/FAU_GPI/FAU_GAPDH/EEF1A1_GAPDH","EEF1B2_ENO1/EEF1A1_ENO1/FAU_ENO1/BTF3_ENO1/ACTG1_MYB/NACA_MYB/FAU_MYB/FAU_GPI/BTF3_GPI/EEF1B2_GAPDH/EEF1A1_GAPDH/ACTG1_GAPDH/NACA_GAPDH/FAU_GAPDH/BTF3_GAPDH"
"1117",401,399,"CD4+CCL5+ Tm_CD4+Temra","CD4+CCL5+ Tm","CD4+Temra",15,10,1.462,0.0836068309750492,0.323047904021936,0.882681704260652,"CD40LG_GZMB/GZMH_GZMB/ZFP36L2_GNLY/ID2_GNLY/CD40LG_ZEB2/PARP8_S1PR5/PARP8_GNLY/ZFP36L2_PRSS23/CD40LG_ZNF683/XCL2_GNLY","CD40LG_ZEB2/CD40LG_ZNF683/CD40LG_GZMB/GZMH_GZMB/ZFP36_CX3CR1/ZFP36L2_GNLY/ID2_GNLY/XCL2_GNLY/PARP8_GNLY/PARP8_S1PR5/NR4A2_C1orf21/ITGA1_C1orf21/CCL4_CTSW/ZFP36L2_PRSS23/PTGER4_PRSS23"
"1516",402,399,"CD4+TNFRSF9- Treg_CD4+NME1+CCR4- T","CD4+TNFRSF9- Treg","CD4+NME1+CCR4- T",15,10,1.462,0.0836068309750492,0.323047904021936,0.882681704260652,"FOXP3_ENO1/STAM_GAPDH/IKZF4_GAPDH/STAM_ENO1/VAV3_ENO1/RTKN2_GAPDH/TBC1D4_GAPDH/IKZF2_GAPDH/FCRL3_ENO1/TBC1D4_ENO1","FOXP3_ENO1/TBC1D4_ENO1/FCRL3_ENO1/VAV3_ENO1/STAM_ENO1/FOXP3_MEOX1/ARID5B_MEOX1/RTKN2_MEOX1/TIGIT_MEOX1/TTN_MEOX1/IKZF2_GAPDH/IKZF4_GAPDH/RTKN2_GAPDH/TBC1D4_GAPDH/STAM_GAPDH"
"855",403,403,"CD4+ISG+ Treg_CD4+AREG+ Tm","CD4+ISG+ Treg","CD4+AREG+ Tm",34,20,1.29,0.0838682058518488,0.323047904021936,0.874143920595533,"TNFSF13B_AREG/IL7_AREG/ETV7_AREG/IRF7_AREG/MX1_AREG/BATF_AREG/OAS1_AREG/IFIT3_AREG/USP18_AREG/IFI6_ANXA1/IFI6_PABPC1/IL1RN_AREG/IL1RN_ANXA1/HERC5_AREG/CD74_AREG/IFI6_AREG/IL7_PABPC1/ISG15_AREG/IL2RB_AREG/TNFSF10_AREG","CSF1_ZFP36L2/NAMPT_ZFP36L2/CD70_ZFP36L2/CSF1_KLF3/NAMPT_KLF3/CD70_TCF7/CSF1_CD40LG/NAMPT_CD40LG/IRF7_AREG/ETV7_AREG/BATF_AREG/TNFSF10_AREG/IL1RN_AREG/IL7_AREG/TNFSF13B_AREG/CD74_AREG/IL2RB_AREG/OAS1_AREG/MX1_AREG/ISG15_AREG/USP18_AREG/IFI6_AREG/IFIT3_AREG/HERC5_AREG/IL1RN_CXCR4/IL1RN_ANXA1/IFI6_ANXA1/NAMPT_GPR183/IL7_PABPC1/IFI6_PABPC1/NAMPT_EEF1B2/NAMPT_S1PR1/NAMPT_PTGER2/CD70_PTGER2"
"1398",404,403,"CD4+IFNG+ Tfh/Th1_CD4+TNFRSF9+ Treg","CD4+IFNG+ Tfh/Th1","CD4+TNFRSF9+ Treg",34,20,1.29,0.0838682058518488,0.323047904021936,0.874143920595533,"ID2_NAMPT/ID2_PMAIP1/ZEB2_PMAIP1/DUSP4_TNFRSF4/MYO7A_CD70/HAVCR2_PMAIP1/CXCR6_CD70/CCL4L2_PMAIP1/ID2_TNFRSF9/KRT86_CD70/CXCR6_TNFRSF4/ID2_IKZF4/IL21_IKZF2/CXCR6_TNFRSF9/IL21_NAMPT/IL21_TNFRSF4/MYO7A_TNFRSF4/IFNG_PMAIP1/DUSP4_PMAIP1/CD4_PMAIP1","IL21_IKZF2/ID2_IKZF4/ID2_NAMPT/IL21_NAMPT/ZEB2_EBI3/CD74_EBI3/CXCR6_CD70/KRT86_CD70/MYO7A_CD70/HAVCR2_IL1RN/BHLHE40_IL7/RBPJ_IL7/CCL3_IL7/HAVCR2_IL7/ID2_TNFRSF9/CXCR6_TNFRSF9/IL21_TNFRSF4/CXCR6_TNFRSF4/MYO7A_TNFRSF4/DUSP4_TNFRSF4/CCL4_CARD16/LAG3_CARD16/HAVCR2_CARD16/KRT86_CARD16/BHLHE40_LAIR2/RBPJ_LAIR2/KRT86_LAIR2/ZEB2_PMAIP1/ID2_PMAIP1/IFNG_PMAIP1/CD4_PMAIP1/HAVCR2_PMAIP1/CCL4L2_PMAIP1/DUSP4_PMAIP1"
"1511",405,403,"CD4+Temra_CD4+NME1+CCR4- T","CD4+Temra","CD4+NME1+CCR4- T",34,20,1.29,0.0838682058518488,0.323047904021936,0.874143920595533,"FGFBP2_ENO1/FGFBP2_GAPDH/CMKLR1_ENO1/C1orf21_PKM/IL5RA_ENO1/CX3CR1_GAPDH/C1orf21_GPI/C1orf21_GAPDH/C1orf21_CKLF/TBX21_ENO1/KLRD1_GAPDH/CX3CR1_ENO1/GZMM_ENO1/IL5RA_GAPDH/C1orf21_ACTG1/C1orf21_TMSB10/CMKLR1_GAPDH/CTSW_ENO1/CTSW_GAPDH/ZEB2_GAPDH","TBX21_ENO1/GZMM_ENO1/CX3CR1_ENO1/CMKLR1_ENO1/IL5RA_ENO1/FGFBP2_ENO1/C1orf21_ENO1/CTSW_ENO1/ZEB2_MEOX1/ZNF683_MEOX1/GZMB_MEOX1/CCL4_MEOX1/GZMA_MEOX1/FASLG_MEOX1/CXCR2_MEOX1/IL18RAP_MEOX1/S1PR5_MEOX1/PRF1_MEOX1/PRSS23_MEOX1/CX3CR1_GPI/C1orf21_GPI/ZEB2_EBI3/C1orf21_CKLF/C1orf21_ACTG1/ZEB2_GAPDH/CX3CR1_GAPDH/CMKLR1_GAPDH/IL5RA_GAPDH/FGFBP2_GAPDH/KLRD1_GAPDH/C1orf21_GAPDH/CTSW_GAPDH/C1orf21_PKM/C1orf21_TMSB10"
"425",406,406,"CD4+TNFRSF9+ Treg_CD8+terminal Tex","CD4+TNFRSF9+ Treg","CD8+terminal Tex",36,21,1.28,0.0852788559646635,0.32767245148984,0.869605911330049,"IL7_RBPJ/CARD16_KRT86/EBI3_CSF1/EBI3_CD74/ZBTB32_TOX2/IL1RN_NAMPT/IL1RN_HAVCR2/IL1RN_TNFSF4/IL7_NAMPT/TBC1D4_NAMPT/LAIR2_ETV1/IL7_HAVCR2/EBI3_CD70/CARD16_NAMPT/IL7_ENTPD1/CARD16_TNFRSF9/LAIR2_KRT86/CARD16_TOX2/LAIR2_RBPJ/CARD16_HAVCR2/LAIR2_IL2RA","IL7_RBPJ/LAIR2_RBPJ/LAIR2_ETV1/PMAIP1_ETV1/IKZF4_TOX2/ZBTB32_TOX2/IL7_TOX2/CARD16_TOX2/IL1RN_TNFSF4/EBI3_CSF1/IL7_CCL3/EBI3_CD70/PMAIP1_IFNG/BATF_NAMPT/IL1RN_NAMPT/IL7_NAMPT/CARD16_NAMPT/TBC1D4_NAMPT/LAIR2_IL2RA/CD70_CXCR6/TNFRSF9_CXCR6/TNFRSF4_CXCR6/EBI3_CD74/CARD16_TNFRSF9/IL7_ENTPD1/PMAIP1_ENTPD1/IL1RN_HAVCR2/IL7_HAVCR2/CARD16_HAVCR2/PMAIP1_HAVCR2/CD70_KRT86/CARD16_KRT86/LAIR2_KRT86/PMAIP1_GEM/TNFRSF4_DUSP4/PMAIP1_DUSP4"
"905",407,407,"CD8+KIR+TXK+ NK-like_CD4+CREM+ Tm","CD8+KIR+TXK+ NK-like","CD4+CREM+ Tm",40,23,1.261,0.0874526001589623,0.335199155400445,0.86963144963145,"IKZF2_AREG/KIR3DL2_AREG/B3GNT7_AREG/TXK_AREG/B3GNT7_TGFB1/TXK_CREM/B3GNT7_TNFAIP3/B3GNT7_NR4A2/XCL1_AREG/TXK_TNFAIP3/HOPX_SRGN/B3GNT7_CDKN1A/REL_AREG/B3GNT7_FTH1/TXK_NR4A2/B3GNT7_ZNF331/B3GNT7_CREM/HOPX_CREM/HOPX_AREG/TYROBP_AREG/IKZF2_TNFAIP3/B3GNT7_ANXA1/IL2RB_AREG","HOPX_CREM/TXK_CREM/KIR3DL2_CREM/B3GNT7_CREM/AREG_ZFP36L2/AREG_ZNF331/B3GNT7_ZNF331/TXK_NR4A2/B3GNT7_NR4A2/B3GNT7_SKIL/B3GNT7_TGFB1/IKZF2_AREG/HOPX_AREG/TXK_AREG/REL_AREG/XCL1_AREG/XCL2_AREG/IL2RB_AREG/KIR3DL2_AREG/TYROBP_AREG/B3GNT7_AREG/AREG_CXCL16/FAM3C_CXCL16/LAT2_CXCL16/AREG_IFNGR1/B3GNT7_IFNGR1/AREG_GPR35/B3GNT7_FTH1/HOPX_SRGN/AREG_FAM177A1/IKZF2_TNFAIP3/TXK_TNFAIP3/B3GNT7_TNFAIP3/AREG_YPEL5/AREG_LMNA/B3GNT7_ANXA1/AREG_PTGER4/IL32_PTGER4/AREG_CDKN1A/B3GNT7_CDKN1A"
"215",408,408,"CD4+TNF+ T_CD8+Temra","CD4+TNF+ T","CD8+Temra",17,11,1.419,0.0900821710407633,0.34275167517949,0.879583333333333,"CD40LG_GZMB/CXCR3_GNLY/CD52_FCGR3A/CXCR3_ZEB2/ID2_GNLY/CD40LG_ZEB2/CXCR3_FCGR3A/CXCR3_S1PR5/CXCR3_PRSS23/CD52_GZMB/CD52_GNLY","EGR1_KLF2/CD40LG_ZEB2/CXCR3_ZEB2/CD40LG_GZMB/CD52_GZMB/EGR1_CX3CR1/CXCR3_FCGR3A/CD52_FCGR3A/CXCR3_S1PR5/CXCR3_PRSS23/CAPG_PRSS23/ID2_GNLY/CCR2_GNLY/CXCR3_GNLY/CD52_GNLY/CKLF_C1orf21/MYL12A_C1orf21"
"429",409,408,"CD4+NME1+CCR4+ T_CD8+terminal Tex","CD4+NME1+CCR4+ T","CD8+terminal Tex",17,11,1.419,0.0900821710407633,0.34275167517949,0.879583333333333,"FLT3LG_RBPJ/HMGB1_RBPJ/FLT3LG_TOX2/FLT3LG_CD70/COTL1_CD70/FLT3LG_GEM/FLT3LG_CSF1/HMGB1_NAMPT/IFNAR2_FAM3C/FLT3LG_TNFRSF9/IL6R_NAMPT","HMGB1_RBPJ/FLT3LG_RBPJ/FLT3LG_TOX2/IFNAR2_FAM3C/FLT3LG_CSF1/COTL1_CSF1/FLT3LG_CD70/COTL1_CD70/HMGB1_NAMPT/IL6R_NAMPT/ENO1_CXCR6/ENO1_CD74/COTL1_CD74/ENO1_IL2RG/FLT3LG_TNFRSF9/FLT3LG_GEM/TMSB10_DUSP4"
"1249",410,408,"CD8+Tn_CD4+IFNG+ Tfh/Th1","CD8+Tn","CD4+IFNG+ Tfh/Th1",17,11,1.419,0.0900821710407633,0.34275167517949,0.879583333333333,"FLT3LG_RBPJ/IFNGR2_HAVCR2/FLT3LG_LAG3/IFNGR2_BHLHE40/IL6R_LAG3/TNFSF8_HAVCR2/FLT3LG_PTMS/TCF7_PTMS/KLF2_PDE7B/EEF1B2_RBPJ/TXK_HAVCR2","EEF1A1_ID2/ACTN1_ID2/TXK_BHLHE40/IFNGR2_BHLHE40/FLT3LG_RBPJ/EEF1B2_RBPJ/NELL2_CXCL13/IFNGR2_CCL4/TXK_CCL3/FLT3LG_LAG3/IL6R_LAG3/TXK_HAVCR2/TNFSF8_HAVCR2/IFNGR2_HAVCR2/TCF7_PTMS/FLT3LG_PTMS/KLF2_PDE7B"
"252",411,411,"CD4+ADSL+ Tn_CD8+KIR+EOMES+ NK-like","CD4+ADSL+ Tn","CD8+KIR+EOMES+ NK-like",8,6,1.645,0.0939357223831025,0.347518290290154,0.887080291970803,"IL6R_DUSP2/TXK_KLRD1/TXK_NR4A2/IL6R_NR4A2/ANKRD55_NR4A2/TXK_DUSP2","TXK_NR4A2/IL6R_NR4A2/ANKRD55_NR4A2/COTL1_CD74/TXK_KLRD1/NOSIP_GCSAM/TXK_DUSP2/IL6R_DUSP2"
"447",412,411,"CD4+ADSL+ Tn_CD8+OXPHOS- Tex","CD4+ADSL+ Tn","CD8+OXPHOS- Tex",8,6,1.645,0.0939357223831025,0.347518290290154,0.887080291970803,"KLF2_PHLDA1/LIMS2_PHLDA1/IL16_PRDM1/DGKA_PHLDA1/TCF7_PRDM1/TXK_HAVCR2","TCF7_PRDM1/IL16_PRDM1/COTL1_CSF1/TXK_CCL3/TXK_HAVCR2/KLF2_PHLDA1/LIMS2_PHLDA1/DGKA_PHLDA1"
"468",413,411,"CD4+NME1+CCR4+ T_CD8+OXPHOS- Tex","CD4+NME1+CCR4+ T","CD8+OXPHOS- Tex",8,6,1.645,0.0939357223831025,0.347518290290154,0.887080291970803,"KLF2_PHLDA1/FLT3LG_CSF1/FLT3LG_PRDM1/IL16_PRDM1/IFNAR2_FAM3C/FLT3LG_TNFRSF9","FLT3LG_PRDM1/IL16_PRDM1/FLT3LG_CSF1/COTL1_CSF1/IFNAR2_FAM3C/FLT3LG_TNFRSF9/KLF2_PHLDA1/ENO1_KIR2DL4"
"541",414,411,"CD4+S1PR1+ Treg_CD8+ISG+ CD8+ T","CD4+S1PR1+ Treg","CD8+ISG+ CD8+ T",8,6,1.645,0.0939357223831025,0.347518290290154,0.887080291970803,"PI16_STAT2/KLF3_STAT2/FLT3LG_STAT2/HPGD_CCR1/HPGD_STAT2/SAMHD1_STAT2","KLF3_STAT2/FLT3LG_STAT2/SAMHD1_STAT2/HPGD_STAT2/PI16_STAT2/HPGD_CCR1/IL2RA_MX1/IL2RA_IFI6"
"588",415,411,"CD8+ZNF683+CXCR6- Tm_CD8+NME1+ T","CD8+ZNF683+CXCR6- Tm","CD8+NME1+ T",8,6,1.645,0.0939357223831025,0.347518290290154,0.887080291970803,"PFN1_GAPDH/PFN1_ENO1/CISH_GAPDH/CISH_ENO1/ACTB_ENO1/ACTB_GAPDH","ACTB_ENO1/CISH_ENO1/PFN1_ENO1/PFN1_MYB/ACTB_GAPDH/SH3BGRL3_GAPDH/CISH_GAPDH/PFN1_GAPDH"
"770",416,411,"CD4+CCR6+ Th17_CD4+IL7R- Tn","CD4+CCR6+ Th17","CD4+IL7R- Tn",8,6,1.645,0.0939357223831025,0.347518290290154,0.887080291970803,"FLT3LG_EEF1A1/FLT3LG_NACA/ABCB1_ACTG1/ABCB1_LDHB/FLT3LG_ACTG1/CCR6_NACA","FLT3LG_EEF1A1/FLT3LG_ACTG1/ABCB1_ACTG1/ABCB1_LDHB/FLT3LG_NACA/CCR6_NACA/FLT3LG_BTF3/ANXA1_BTF3"
"1067",417,411,"CD8+ISG+ CD8+ T_CD4+GZMK+ Tem","CD8+ISG+ CD8+ T","CD4+GZMK+ Tem",8,6,1.645,0.0939357223831025,0.347518290290154,0.887080291970803,"SP100_LITAF/IFI6_CST7/CMPK2_CCL4/IFI44L_CCL4/IFIT3_CST7/OAS1_NR4A2","SP100_LITAF/OAS1_NR4A2/IFI44L_CCL4/CMPK2_CCL4/IFI6_CCL3L3/STAT2_CXCR3/IFIT3_CST7/IFI6_CST7"
"1090",418,411,"CD4+ISG+ Th_CD4+GZMK+ Tem","CD4+ISG+ Th","CD4+GZMK+ Tem",8,6,1.645,0.0939357223831025,0.347518290290154,0.887080291970803,"MX2_TNFSF9/SP100_LITAF/IFI6_CST7/CMPK2_CCL4/IFI44L_CCL4/IFIT3_CST7","SP100_LITAF/IFI44L_CCL4/CMPK2_CCL4/MX2_TNFSF9/IFI6_CCL3L3/IFI16_CXCR3/IFIT3_CST7/IFI6_CST7"
"1252",419,411,"CD8+GZMK+ early Tem_CD4+IFNG+ Tfh/Th1","CD8+GZMK+ early Tem","CD4+IFNG+ Tfh/Th1",8,6,1.645,0.0939357223831025,0.347518290290154,0.887080291970803,"ENC1_RBPJ/PIK3R1_ZEB2/CXCR5_HAVCR2/ENC1_PDE7B/CRTAM_GZMB/CCR4_CCL4","PIK3R1_ZEB2/ENC1_RBPJ/CCR4_CCL4/CRTAM_GZMB/CXCR5_HAVCR2/ENC1_HAVCR2/ENC1_KRT86/ENC1_PDE7B"
"330",420,420,"CD4+ADSL+ Tn_CD8+ZNF683+CXCR6+ Trm","CD4+ADSL+ Tn","CD8+ZNF683+CXCR6+ Trm",3,3,2.194,0.0946764572905869,0.347518290290154,0.8825,"ANKRD55_RBPJ/DGKA_LGALS1/LIMS2_LGALS1","ANKRD55_RBPJ/LIMS2_LGALS1/DGKA_LGALS1"
"354",421,420,"CD8+ZNF683+CXCR6- Tm_CD8+GZMK+ Tex","CD8+ZNF683+CXCR6- Tm","CD8+GZMK+ Tex",3,3,2.194,0.0946764572905869,0.347518290290154,0.8825,"CD52_NAMPT/CISH_NAMPT/CD52_HAVCR2","CD52_NAMPT/CISH_NAMPT/CD52_HAVCR2"
"409",422,420,"CD4+IL7R- Tn_CD8+terminal Tex","CD4+IL7R- Tn","CD8+terminal Tex",3,3,2.194,0.0946764572905869,0.347518290290154,0.8825,"LDHB_NAMPT/EEF1B2_NAMPT/EEF1B2_RBPJ","EEF1B2_RBPJ/EEF1B2_NAMPT/LDHB_NAMPT"
"544",423,420,"CD4+ISG+ Th_CD8+ISG+ CD8+ T","CD4+ISG+ Th","CD8+ISG+ CD8+ T",3,3,2.194,0.0946764572905869,0.347518290290154,0.8825,"MX1_CCR1/IFIT1_CCR1/MX2_STAT2","MX2_STAT2/IFIT1_CCR1/MX1_CCR1"
"1076",424,420,"CD4+TIMP1+ Tm_CD4+GZMK+ Tem","CD4+TIMP1+ Tm","CD4+GZMK+ Tem",3,3,2.194,0.0946764572905869,0.347518290290154,0.8825,"CD40LG_NR4A2/S100A10_NR4A2/S100A6_FASLG","CD40LG_NR4A2/S100A10_NR4A2/S100A6_FASLG"
"1524",425,420,"CD8+ZNF683+CXCR6- Tm_CD4+NME1+CCR4+ T","CD8+ZNF683+CXCR6- Tm","CD4+NME1+CCR4+ T",3,3,2.194,0.0946764572905869,0.347518290290154,0.8825,"PFN1_ENO1/CISH_ENO1/ACTB_ENO1","ACTB_ENO1/CISH_ENO1/PFN1_ENO1"
"1486",426,426,"CD8+GZMK+ early Tem_CD4+NME1+CCR4- T","CD8+GZMK+ early Tem","CD4+NME1+CCR4- T",19,12,1.386,0.0953625261097026,0.34921488434539,0.872558685446009,"CXCR5_GAPDH/CXCR5_ENO1/ENC1_ENO1/PIK3R1_GAPDH/CMC1_ENO1/CD44_ENO1/CXCR5_GPI/PIK3R1_GPI/PIK3R1_ENO1/DKK3_ENO1/ENC1_GAPDH/ENC1_HMGA1","CD74_ENO1/CXCR5_ENO1/CD44_ENO1/CMC1_ENO1/DKK3_ENO1/ENC1_ENO1/PIK3R1_ENO1/ENC1_HMGA1/CD44_MEOX1/CST7_MEOX1/DTHD1_MEOX1/CRTAM_MEOX1/CXCR5_GPI/CMC1_GPI/PIK3R1_GPI/CD74_EBI3/CXCR5_GAPDH/ENC1_GAPDH/PIK3R1_GAPDH"
"78",427,427,"CD4+NME1+CCR4+ T_CD8+IL7R+ Tm","CD4+NME1+CCR4+ T","CD8+IL7R+ Tm",21,13,1.358,0.0996806901246952,0.361632271150057,0.877025761124122,"IL6R_TNFAIP3/CORO1A_TNFAIP3/IL6R_PABPC1/IL16_TNFAIP3/IL6R_FTH1/FLT3LG_PABPC1/ARHGDIB_FTH1/IFNAR2_TNFAIP3/ARPC1B_FTH1/HMGB1_GPR183/IFNAR2_PABPC1/KLF2_ANXA1/IL6R_ANXA1","CMTM7_ZFP36L2/ARHGDIB_ZFP36L2/TPM4_ZFP36L2/ENO1_BTG1/KLF2_ANXA1/IL6R_ANXA1/ENO1_LMNA/TMSB10_LMNA/HDAC1_TNFAIP3/IL16_TNFAIP3/IL6R_TNFAIP3/IFNAR2_TNFAIP3/CORO1A_TNFAIP3/SUB1_FTH1/IL6R_FTH1/ARPC1B_FTH1/ARHGDIB_FTH1/HMGB1_GPR183/FLT3LG_PABPC1/IL6R_PABPC1/IFNAR2_PABPC1"
"1366",428,427,"CD8+Tn_CD4+TNFRSF9+ Treg","CD8+Tn","CD4+TNFRSF9+ Treg",21,13,1.358,0.0996806901246952,0.361632271150057,0.877025761124122,"TXK_NAMPT/FLT3LG_PMAIP1/IL6R_TNFRSF4/FLT3LG_CD70/IFNGR2_PMAIP1/FLT3LG_CSF1/EEF1B2_NAMPT/NOSIP_PMAIP1/CMTM8_NAMPT/TCF7_TNFRSF4/FLT3LG_TNFRSF9/EEF1B2_PMAIP1/IL6R_NAMPT","PABPC1_IKZF4/PABPC1_ZBTB32/TXK_NAMPT/CMTM8_NAMPT/IL6R_NAMPT/EEF1B2_NAMPT/PABPC1_EBI3/FLT3LG_CSF1/TCF7_CD70/FLT3LG_CD70/IL23A_IL1RN/LEF1_IL7/TIMP1_IL7/PABPC1_IL7/FLT3LG_TNFRSF9/TCF7_TNFRSF4/IL6R_TNFRSF4/FLT3LG_PMAIP1/IFNGR2_PMAIP1/EEF1B2_PMAIP1/NOSIP_PMAIP1"
"1489",429,427,"CD8+KIR+EOMES+ NK-like_CD4+NME1+CCR4- T","CD8+KIR+EOMES+ NK-like","CD4+NME1+CCR4- T",21,13,1.358,0.0996806901246952,0.361632271150057,0.877025761124122,"CMC1_ENO1/GCSAM_GPI/KLRD1_GAPDH/GCSAM_GAPDH/GCSAM_TMSB10/GZMM_ENO1/LITAF_GAPDH/KLRG1_ENO1/GCSAM_PKM/CD160_ENO1/CD160_GAPDH/IKZF2_GAPDH/CD160_PKM","GZMM_ENO1/CD74_ENO1/CD160_ENO1/KLRG1_ENO1/CMC1_ENO1/GCSAM_ENO1/TNFSF9_SUB1/NR4A2_MEOX1/IL2RB_MEOX1/CMC1_GPI/GCSAM_GPI/CD74_EBI3/IKZF2_GAPDH/LITAF_GAPDH/ZNF331_GAPDH/CD160_GAPDH/KLRD1_GAPDH/GCSAM_GAPDH/CD160_PKM/GCSAM_PKM/GCSAM_TMSB10"
"1550",430,427,"CD4+Temra_CD4+NME1+CCR4+ T","CD4+Temra","CD4+NME1+CCR4+ T",21,13,1.358,0.0996806901246952,0.361632271150057,0.877025761124122,"FGFBP2_ENO1/CMKLR1_ENO1/IL5RA_ENO1/HOPX_TPM4/C1orf21_TPM4/TBX21_ENO1/C1orf21_CNN2/C1orf21_CMTM7/CX3CR1_ENO1/GZMM_ENO1/C1orf21_ACTG1/C1orf21_TMSB10/CTSW_ENO1","TBX21_ENO1/GZMM_ENO1/CX3CR1_ENO1/CMKLR1_ENO1/IL5RA_ENO1/FGFBP2_ENO1/C1orf21_ENO1/CTSW_ENO1/TBX21_CMTM7/C1orf21_CMTM7/S1PR5_FLT3LG/CCL4_CCR4/GNLY_IL6R/S1PR5_IL6R/GNLY_IFNAR2/C1orf21_ACTG1/C1orf21_TMSB10/S1PR5_COTL1/C1orf21_CNN2/HOPX_TPM4/C1orf21_TPM4"
"1165",431,431,"CD4+S1PR1+ Treg_CD4+CCR6+ Th17","CD4+S1PR1+ Treg","CD4+CCR6+ Th17",25,15,1.316,0.106106789455153,0.384052416589416,0.879164733178654,"FLT3LG_VIM/PI16_VIM/PI16_IL4I1/KLF3_ANXA1/CCR10_VIM/HPGD_TIMP1/PI16_BHLHE40/HPGD_MYBL1/CCDC141_BHLHE40/FOXP3_IL4I1/KLF2_ANXA1/KLF3_VIM/HPGD_CCL5/KLF2_TIMP1/HPGD_BHLHE40","CCDC141_BHLHE40/HPGD_BHLHE40/PI16_BHLHE40/HPGD_MYBL1/HPGD_CCL5/KLF2_TIMP1/HPGD_TIMP1/CPNE2_FLT3LG/KLF2_ANXA1/KLF3_ANXA1/CPNE2_KLRB1/FOXP3_IL4I1/KLF3_IL4I1/SELL_IL4I1/HPGD_IL4I1/PI16_IL4I1/KLF3_VIM/FLT3LG_VIM/CCR10_VIM/PI16_VIM/IKZF2_ABCB1/IL2RA_ABCB1/RTKN2_ABCB1/TTN_ABCB1/CPNE2_ABCB1"
"682",432,432,"CD4+IL7R- Tn_CD4+CXCR5+ pre-Tfh","CD4+IL7R- Tn","CD4+CXCR5+ pre-Tfh",10,7,1.536,0.108776215451308,0.391895833958522,0.894814814814815,"LDHB_AREG/EEF1B2_SLC2A3/FAU_NR3C1/BTF3_SLC2A3/LDHB_SLC2A3/FAU_AREG/EEF1A1_SLC2A3","FAU_NR3C1/EEF1A1_AREG/LDHB_AREG/FAU_AREG/NACA_CXCR5/EEF1B2_SLC2A3/EEF1A1_SLC2A3/LDHB_SLC2A3/FAU_SLC2A3/BTF3_SLC2A3"
"1242",433,432,"CD4+TNFRSF9- Treg_CD4+IL21+ Tfh","CD4+TNFRSF9- Treg","CD4+IL21+ Tfh",10,7,1.536,0.108776215451308,0.391895833958522,0.894814814814815,"TBC1D4_NR3C1/VAV3_CD200/IKZF2_CD200/TTN_CD200/CEACAM4_NMB/FCRL3_CXCL13/IKZF2_IGFL2","TBC1D4_NR3C1/IKZF4_TOX2/FCRL3_CXCL13/IKZF2_IL21/IKZF2_CD200/VAV3_CD200/TTN_CD200/CEACAM4_NMB/IKZF2_IGFL2/ARID5B_ITM2A"
"74",434,434,"CD4+TNFRSF9+ Treg_CD8+IL7R+ Tm","CD4+TNFRSF9+ Treg","CD8+IL7R+ Tm",29,17,1.286,0.110373143338862,0.396732957623558,0.894193548387097,"BATF_RGCC/BATF_TNFAIP3/IL7_RGCC/TBC1D4_TNFAIP3/CCL22_TNFAIP3/EBI3_TNFAIP3/IKZF4_PABPC1/CARD16_FTH1/IL7_TNFAIP3/IL1RN_ANXA1/CARD16_TNFAIP3/IL1RN_FTH1/ZBTB32_PABPC1/IKZF2_TNFAIP3/IL7_PABPC1/EBI3_PABPC1/BATF_FTH1","NAMPT_ZFP36L2/CSF1_ZFP36L2/CD70_ZFP36L2/PMAIP1_ZFP36L2/NAMPT_TSC22D3/IL1RN_CXCR4/NAMPT_BTG1/IL1RN_ANXA1/CARD16_ANXA1/PMAIP1_LMNA/BATF_TNFAIP3/IKZF2_TNFAIP3/EBI3_TNFAIP3/CCL22_TNFAIP3/IL7_TNFAIP3/CARD16_TNFAIP3/TBC1D4_TNFAIP3/BATF_FTH1/ZBTB32_FTH1/IL1RN_FTH1/CARD16_FTH1/BATF_RGCC/IL7_RGCC/NAMPT_GPR183/CARD16_GPR183/IKZF4_PABPC1/ZBTB32_PABPC1/EBI3_PABPC1/IL7_PABPC1"
"30",435,435,"CD4+IL26+ Th17_CD8+Tn","CD4+IL26+ Th17","CD8+Tn",31,18,1.274,0.111905812510357,0.400396943844396,0.895954022988506,"IL17RE_EEF1A1/IL17RE_NOSIP/IL17RE_PABPC1/IL17RE_ACTN1/IL17RE_TPT1/IL17RE_IL23A/IL23R_TIMP1/IL17RE_IFNGR2/IL23R_PABPC1/IL17RE_EEF1B2/ID2_EEF1A1/IL23R_TPT1/IL22_PABPC1/IL17RE_LEF1/IL17RE_MAL/IL17RE_TIMP1/CD40LG_PABPC1/ID2_ACTN1","IL17RE_LEF1/IL17RE_TCF7/ANKRD28_TCF7/ANKRD28_KLF2/RUNX2_FLT3LG/ANKRD28_FLT3LG/IL4I1_TNFSF8/ANKRD28_CMTM8/IL17RE_IL23A/IL23R_TIMP1/IL17RE_TIMP1/CEBPD_IL6R/ANKRD28_IL6R/IL17RE_IFNGR2/ANKRD28_IFNGR2/IL4I1_SELL/IL17RE_MAL/IL4I1_MAL/ID2_EEF1A1/IL17RE_EEF1A1/ID2_ACTN1/IL17RE_ACTN1/IL23R_TPT1/IL17RE_TPT1/IL17RE_EEF1B2/ANKRD28_EEF1B2/IL17RE_NOSIP/CD40LG_PABPC1/IL22_PABPC1/IL23R_PABPC1/IL17RE_PABPC1"
"1504",436,435,"CD4+AREG+ Tm_CD4+NME1+CCR4- T","CD4+AREG+ Tm","CD4+NME1+CCR4- T",31,18,1.274,0.111905812510357,0.400396943844396,0.895954022988506,"PTGER2_ENO1/KLF3_GAPDH/CD40LG_ENO1/KLF3_ENO1/PTGER2_GPI/EEF1A1_ENO1/PTGER2_GAPDH/TPT1_GAPDH/ZFP36L2_GAPDH/TCF7_GPI/CD40LG_GPI/KLF3_GPI/S1PR1_GAPDH/TCF7_GAPDH/EEF1B2_ENO1/PLAC8_ENO1/KLF3_SUB1/EEF1A1_GAPDH","KLF3_ENO1/CD40LG_ENO1/EEF1A1_ENO1/EEF1B2_ENO1/PTGER2_ENO1/PLAC8_ENO1/KLF3_SUB1/AREG_MEOX1/PABPC1_MEOX1/AREG_PHF5A/KLF3_GPI/TCF7_GPI/CD40LG_GPI/PTGER2_GPI/AREG_HMGB1/GPR183_HMGB1/AREG_EBI3/PABPC1_EBI3/AREG_PFN1/ZFP36L2_GAPDH/KLF3_GAPDH/TCF7_GAPDH/EEF1A1_GAPDH/TPT1_GAPDH/EEF1B2_GAPDH/S1PR1_GAPDH/PTGER2_GAPDH/AREG_CFL1/AREG_TMSB10/AREG_TXN/AREG_ARPC1B"
"686",437,437,"CD4+CREM+ Tm_CD4+CXCR5+ pre-Tfh","CD4+CREM+ Tm","CD4+CXCR5+ pre-Tfh",53,29,1.2,0.114965300762264,0.410402446657053,0.899176201372998,"YPEL5_AREG/ZNF331_SLC2A3/GPR35_SLC2A3/LMNA_AREG/FAM177A1_AREG/GPR35_AREG/IFNGR1_AREG/CDKN1A_AREG/ZFP36L2_SLC2A3/YPEL5_SLC2A3/ZNF331_AREG/CXCL16_AREG/FAM177A1_SLC2A3/PTGER4_NR3C1/GZMA_SLC2A3/GPR35_NR4A2/ZFP36L2_AREG/CCL5_SLC2A3/ZFP36L2_PABPC1/PTGER4_SLC2A3/ZFP36_SLC2A3/TGFB1_SLC2A3/IL7R_SLC2A3/PTGER4_PASK/PTGER4_IFITM1/ZFP36L2_NR4A2/ZFP36L2_SH3TC1/PTGER4_AREG/NR4A2_SLC2A3","FTH1_TCF7/TNFAIP3_TCF7/PTGER4_NR3C1/ZFP36L2_NR4A2/GPR35_NR4A2/NR4A2_TSHZ2/CREM_CMTM8/TNFAIP3_CMTM8/NR4A2_TNFSF8/AREG_TNFSF8/TNFAIP3_TNFSF8/ZFP36L2_AREG/ZNF331_AREG/CXCL16_AREG/IFNGR1_AREG/GPR35_AREG/FAM177A1_AREG/YPEL5_AREG/LMNA_AREG/PTGER4_AREG/CDKN1A_AREG/CREM_CD40LG/NR4A2_CD40LG/TGFB1_CD40LG/AREG_CD40LG/FTH1_CD40LG/SRGN_CD40LG/TNFAIP3_CD40LG/AREG_CXCR5/AREG_IL6ST/PTGER4_PASK/AREG_FAAH2/FTH1_FAAH2/TNFAIP3_FAAH2/NR4A2_SESN3/AREG_SESN3/ZFP36L2_SLC2A3/ZNF331_SLC2A3/NR4A2_SLC2A3/CCL5_SLC2A3/GZMA_SLC2A3/TGFB1_SLC2A3/GPR35_SLC2A3/IL7R_SLC2A3/ZFP36_SLC2A3/FAM177A1_SLC2A3/YPEL5_SLC2A3/PTGER4_SLC2A3/AREG_FAM177A1/ZFP36L2_SH3TC1/AREG_SH3TC1/ZFP36L2_PABPC1/PTGER4_IFITM1"
"1498",438,438,"CD8+NME1+ T_CD4+NME1+CCR4- T","CD8+NME1+ T","CD4+NME1+CCR4- T",51,28,1.204,0.11530650300866,0.410680695647282,0.897283105022831,"MYB_IL2RA/MYB_ENO1/MYB_GPI/MYB_GAPDH/PFN1_GAPDH/MYB_PKM/ACTG1_GAPDH/CXCR3_GAPDH/MYB_ACTG1/MYB_TMSB10/PFN1_ENO1/MXD3_GAPDH/KIF20A_ENO1/MYB_PFN1/MYB_SUB1/MYB_HMGA1/HMGB1_GAPDH/MXD3_ENO1/MND1_GAPDH/HMGB1_ENO1/MND1_ENO1/GTF3A_GAPDH/CXCR3_GPI/ACTB_ENO1/ACTB_GAPDH/CXCR3_ENO1/MYB_PHF5A/KIFC1_ENO1","GTF3A_ENO1/MYB_ENO1/MXD3_ENO1/HMGB1_ENO1/CD74_ENO1/CXCR3_ENO1/ACTB_ENO1/MND1_ENO1/PFN1_ENO1/KIFC1_ENO1/KIF20A_ENO1/MYB_HMGA1/MYB_SUB1/ENO1_MEOX1/GPI_MEOX1/CENPA_MEOX1/GAPDH_MEOX1/ENO1_PHF5A/MYB_PHF5A/GAPDH_PHF5A/MYB_GPI/CXCR3_GPI/MND1_GPI/ENO1_HMGB1/MYB_HMGB1/GAPDH_HMGB1/ENO1_EBI3/CD74_EBI3/MYB_IL2RA/ENO1_ACTB/GAPDH_ACTB/ENO1_PFN1/MYB_PFN1/GAPDH_PFN1/MYB_ACTG1/GAPDH_ACTG1/GTF3A_GAPDH/MYB_GAPDH/MXD3_GAPDH/HMGB1_GAPDH/CXCR3_GAPDH/ACTB_GAPDH/MND1_GAPDH/PFN1_GAPDH/ACTG1_GAPDH/MYB_PKM/ENO1_CFL1/MYB_CFL1/GAPDH_CFL1/MYB_TMSB10/GAPDH_TXN"
"45",439,439,"CD8+KIR+EOMES+ NK-like_CD8+IL7R+ Tm","CD8+KIR+EOMES+ NK-like","CD8+IL7R+ Tm",12,8,1.462,0.119652170957573,0.420399519580662,0.908018223234624,"GCSAM_FTH1/GZMM_TNFAIP3/GCSAM_ANXA1/GCSAM_RGCC/CMC1_TNFAIP3/IKZF2_TNFAIP3/GZMK_TNFAIP3/CD160_RGCC","NR4A2_ZFP36L2/NR4A2_TSC22D3/GCSAM_ANXA1/ZNF331_LMNA/IKZF2_TNFAIP3/GZMK_TNFAIP3/GZMM_TNFAIP3/KLRG1_TNFAIP3/CMC1_TNFAIP3/GCSAM_FTH1/CD160_RGCC/GCSAM_RGCC"
"460",440,439,"CD4+IL21+ Tfh_CD8+OXPHOS- Tex","CD4+IL21+ Tfh","CD8+OXPHOS- Tex",12,8,1.462,0.119652170957573,0.420399519580662,0.908018223234624,"CPM_HAVCR2/CD40LG_CSF1/ITM2A_PRDM1/ITM2A_CSF1/TNFSF8_HAVCR2/CXCR5_HAVCR2/CD40LG_TNFRSF9/CD40LG_HAVCR2","ITM2A_PRDM1/CD40LG_CSF1/ITM2A_CSF1/IGFL2_LAYN/TNFSF8_HAVCR2/CD40LG_HAVCR2/CXCR5_HAVCR2/CPM_HAVCR2/TNFSF4_ENTPD1/IGFL2_ENTPD1/CD40LG_TNFRSF9/CXCR5_TNFRSF9"
"1051",441,439,"CD4+ISG+ Th_CD4+CAPG+CREM- Tm","CD4+ISG+ Th","CD4+CAPG+CREM- Tm",12,8,1.462,0.119652170957573,0.420399519580662,0.908018223234624,"IFI6_ANXA1/IFIT3_GZMB/IFI44L_GZMB/IFIT2_GZMB/CMPK2_CCL4/MX1_GZMB/IFIT1_GZMB/IFI44L_CCL4","IFI16_ID2/IFIT2_ID2/IFI44L_CCL4/CMPK2_CCL4/IFIT3_GZMB/IFIT1_GZMB/IFI44L_GZMB/MX1_GZMB/IFIT2_GZMB/IFI16_CD40LG/IFI16_CXCR3/IFI6_ANXA1"
"1317",442,439,"CD4+CCR6+ Th17_CD4+TNFRSF9- Treg","CD4+CCR6+ Th17","CD4+TNFRSF9- Treg",12,8,1.462,0.119652170957573,0.420399519580662,0.908018223234624,"FLT3LG_ARID5B/FLT3LG_STAM/ABCB1_RTKN2/ABCB1_TTN/ABCB1_IKZF2/ABCB1_STAM/ABCB1_VAV3/ABCB1_TBC1D4","IL4I1_FOXP3/ABCB1_IKZF2/FLT3LG_ARID5B/ABCB1_RTKN2/ABCB1_TBC1D4/IL4I1_FCRL3/IL4I1_SELL/BHLHE40_VAV3/ABCB1_VAV3/FLT3LG_STAM/ABCB1_STAM/ABCB1_TTN"
"1423",443,439,"CD4+ADSL+ Tn_CD4+ISG+ Treg","CD4+ADSL+ Tn","CD4+ISG+ Treg",12,8,1.462,0.119652170957573,0.420399519580662,0.908018223234624,"TXK_NAMPT/IL6ST_NAMPT/ANKRD55_NAMPT/COTL1_CD70/LDHB_NAMPT/CMTM8_NAMPT/IL6ST_CD70/IL6R_NAMPT","COTL1_CSF1/TXK_NAMPT/CMTM8_NAMPT/IL6R_NAMPT/IL6ST_NAMPT/LDHB_NAMPT/ANKRD55_NAMPT/LEF1_IL7/TCF7_CD70/IL6ST_CD70/COTL1_CD70/COTL1_CD74"
"1525",444,439,"CD8+GZMK+ early Tem_CD4+NME1+CCR4+ T","CD8+GZMK+ early Tem","CD4+NME1+CCR4+ T",12,8,1.462,0.119652170957573,0.420399519580662,0.908018223234624,"CXCR5_ENO1/ENC1_ENO1/CMC1_ENO1/CD44_ENO1/PIK3R1_ENO1/DKK3_ENO1/CXCR5_CMTM7/CXCR5_IL32","CD74_ENO1/CXCR5_ENO1/CD44_ENO1/CMC1_ENO1/DKK3_ENO1/ENC1_ENO1/PIK3R1_ENO1/CXCR5_IL32/CXCR5_CMTM7/CST7_CCR4/DUSP2_IL6R/CD74_COTL1"
"46",445,445,"CD8+KIR+TXK+ NK-like_CD8+IL7R+ Tm","CD8+KIR+TXK+ NK-like","CD8+IL7R+ Tm",14,9,1.41,0.127771395159672,0.445913593845834,0.90647191011236,"B3GNT7_TNFAIP3/B3GNT7_PABPC1/B3GNT7_BTG1/TXK_TNFAIP3/B3GNT7_GPR183/B3GNT7_FTH1/HOPX_RGCC/IKZF2_TNFAIP3/B3GNT7_ANXA1","AREG_ZFP36L2/FOSL2_TSC22D3/AREG_BTG1/B3GNT7_BTG1/B3GNT7_ANXA1/AREG_LMNA/IKZF2_TNFAIP3/TXK_TNFAIP3/B3GNT7_TNFAIP3/B3GNT7_FTH1/HOPX_RGCC/AREG_RGCC/B3GNT7_GPR183/B3GNT7_PABPC1"
"277",446,445,"CD8+GZMK+ early Tem_CD8+KIR+TXK+ NK-like","CD8+GZMK+ early Tem","CD8+KIR+TXK+ NK-like",14,9,1.41,0.127771395159672,0.445913593845834,0.90647191011236,"CXCR5_AREG/ENC1_AREG/DKK3_AREG/ENC1_REL/TRAT1_AREG/ENC1_IKZF2/CD74_AREG/SH2D1A_AREG/CXCR5_IL32","ENC1_IKZF2/DUSP2_TXK/ENC1_REL/CD74_AREG/CXCR5_AREG/DKK3_AREG/SH2D1A_AREG/ENC1_AREG/TRAT1_AREG/CXCR5_IL32/ENC1_IL12RB2/PIK3R1_KLRC3/CD74_B3GNT7/CST7_B3GNT7"
"437",447,445,"CD8+KIR+TXK+ NK-like_CD8+OXPHOS- Tex","CD8+KIR+TXK+ NK-like","CD8+OXPHOS- Tex",14,9,1.41,0.127771395159672,0.445913593845834,0.90647191011236,"B3GNT7_TNFRSF9/HOPX_PRDM1/B3GNT7_CSF1/B3GNT7_PRDM1/HOPX_PHLDA1/B3GNT7_CTLA4/B3GNT7_HAVCR2/B3GNT7_PHLDA1/TXK_HAVCR2","AREG_ETV1/HOPX_PRDM1/B3GNT7_PRDM1/B3GNT7_CSF1/TXK_CCL3/AREG_LAYN/TXK_HAVCR2/B3GNT7_HAVCR2/B3GNT7_CTLA4/AREG_ENTPD1/B3GNT7_TNFRSF9/HOPX_PHLDA1/B3GNT7_PHLDA1/AREG_ACP5"
"450",448,448,"CD4+AREG+ Tm_CD8+OXPHOS- Tex","CD4+AREG+ Tm","CD8+OXPHOS- Tex",16,10,1.371,0.133903791609265,0.465233663497669,0.909933035714286,"KLF2_PHLDA1/CD40LG_CSF1/KLF3_PRDM1/KLF3_ETV1/CD40LG_TNFRSF9/KLF3_CSF1/CD40LG_HAVCR2/ZFP36L2_CSF1/TCF7_PRDM1/PLAC8_HAVCR2","KLF3_ETV1/AREG_ETV1/KLF3_PRDM1/TCF7_PRDM1/ZFP36L2_CSF1/KLF3_CSF1/CD40LG_CSF1/KLF3_CCL3/KLF3_FAM3C/AREG_LAYN/CD40LG_HAVCR2/PLAC8_HAVCR2/AREG_ENTPD1/CD40LG_TNFRSF9/KLF2_PHLDA1/AREG_ACP5"
"1189",449,448,"CD4+ADSL+ Tn_CD4+IL26+ Th17","CD4+ADSL+ Tn","CD4+IL26+ Th17",16,10,1.371,0.133903791609265,0.465233663497669,0.909933035714286,"TCF7_ANKRD28/IL6ST_ANKRD28/ANKRD55_ANKRD28/IL6R_ANKRD28/IL16_CEBPD/LIMS2_RUNX2/DGKA_RUNX2/CMTM8_ANKRD28/KLF2_ANKRD28/IL6R_CEBPD","IL16_CEBPD/IL6R_CEBPD/LIMS2_RUNX2/DGKA_RUNX2/TCF7_IL17RE/LEF1_IL17RE/LDHB_IL17RE/NOSIP_IL17RE/DGKA_IL17RE/SELL_IL4I1/TCF7_ANKRD28/KLF2_ANKRD28/CMTM8_ANKRD28/IL6R_ANKRD28/IL6ST_ANKRD28/ANKRD55_ANKRD28"
"133",450,450,"CD4+Tn_CD8+GZMK+ early Tem","CD4+Tn","CD8+GZMK+ early Tem",5,4,1.755,0.137080021998507,0.472063651915388,0.919155555555556,"LINC00861_DUSP2/LINC00861_CST7/MAL_DUSP2/TXK_DUSP2","TXK_DUSP2/MAL_DUSP2/LINC00861_DUSP2/LINC00861_CST7/ACTN1_DKK3"
"193",451,450,"CD4+ISG+ Th_CD8+GZMK+ Tem","CD4+ISG+ Th","CD8+GZMK+ Tem",5,4,1.755,0.137080021998507,0.472063651915388,0.919155555555556,"IFI6_CST7/CMPK2_CCL4/IFI44L_CCL4/IFIT3_CST7","IFI44L_CCL4/CMPK2_CCL4/IFI16_CXCR3/IFIT3_CST7/IFI6_CST7"
"442",452,450,"CD8+ISG+ CD8+ T_CD8+OXPHOS- Tex","CD8+ISG+ CD8+ T","CD8+OXPHOS- Tex",5,4,1.755,0.137080021998507,0.472063651915388,0.919155555555556,"CMPK2_HAVCR2/MX1_HAVCR2/OAS1_HAVCR2/IFI6_HAVCR2","OAS1_PRDM1/MX1_HAVCR2/IFI6_HAVCR2/OAS1_HAVCR2/CMPK2_HAVCR2"
"508",453,450,"CD8+Tn_CD8+ISG+ CD8+ T","CD8+Tn","CD8+ISG+ CD8+ T",5,4,1.755,0.137080021998507,0.472063651915388,0.919155555555556,"FLT3LG_STAT2/IL6R_STAT2/TXK_STAT2/IFNGR2_STAT2","TXK_STAT2/FLT3LG_STAT2/IL6R_STAT2/IFNGR2_STAT2/PABPC1_IFI6"
"1549",454,454,"CD4+GZMK+ Tem_CD4+NME1+CCR4+ T","CD4+GZMK+ Tem","CD4+NME1+CCR4+ T",18,11,1.341,0.138561325454883,0.476113805527793,0.919030837004405,"NFATC2_ENO1/ENC1_ENO1/CXCR3_CMTM7/NFATC2_IL32/F2R_ACTG1/NFATC2_ACTG1/F2R_ENO1/F2R_SUB1/CXCR3_ENO1/NFATC2_CNN2/F2R_TPM4","TNFSF9_SUB1/F2R_SUB1/NFATC2_ENO1/CD74_ENO1/CXCR3_ENO1/ENC1_ENO1/F2R_ENO1/NFATC2_IL32/CXCR3_CMTM7/CCL4_CCR4/CST7_CCR4/NR4A2_IL6R/NR4A2_IFNAR2/NFATC2_ACTG1/F2R_ACTG1/CD74_COTL1/NFATC2_CNN2/F2R_TPM4"
"1161",455,455,"CD4+IL26+ Th17_CD4+CCR6+ Th17","CD4+IL26+ Th17","CD4+CCR6+ Th17",58,31,1.172,0.141261805992781,0.484326191975251,0.922901098901099,"IL23R_BHLHE40/IL17RE_VIM/IL23R_VIM/ID2_VIM/IL26_MYBL1/IL17RE_TPT1/IL22_VIM/IL17RE_ANXA1/IL23R_TIMP1/TMIGD2_IL4I1/ID2_BHLHE40/CD40LG_IL4I1/IL17RE_IFNGR1/IL17RE_CAPG/IL23R_MYBL1/IL23R_ANXA1/IL22_BHLHE40/IL17RE_BHLHE40/CCR6_BHLHE40/IL23R_TPT1/IL17RE_IL4I1/IL17RE_HOPX/KLRB1_BHLHE40/IL17RE_CCR6/RORA_VIM/CA10_VIM/ID2_ANXA1/IL17RE_TIMP1/IL22_IL4I1/IL22_MYBL1/CTSH_VIM","ID2_BHLHE40/IL22_BHLHE40/CCR6_BHLHE40/IL23R_BHLHE40/IL17RE_BHLHE40/KLRB1_BHLHE40/CTSH_BHLHE40/RUNX2_HOPX/IL17RE_HOPX/CEBPD_ZFP36L2/IL4I1_ZFP36L2/ANKRD28_ZFP36L2/IL26_MYBL1/IL22_MYBL1/IL23R_MYBL1/ANKRD28_RORA/TNFSF14_CD40LG/IL4I1_CD40LG/ANKRD28_CD40LG/IL23R_TIMP1/IL17RE_TIMP1/RUNX2_FLT3LG/ANKRD28_FLT3LG/IL4I1_CXCR4/IL17RE_CCR6/ANKRD28_CCR6/IL17RE_IFNGR1/IL4I1_GPR35/ID2_ANXA1/IL23R_ANXA1/IL17RE_ANXA1/TNFSF14_KLRB1/CD40LG_IL4I1/IL22_IL4I1/IL17RE_IL4I1/TMIGD2_IL4I1/RORA_VIM/ID2_VIM/IL22_VIM/IL23R_VIM/IL17RE_VIM/CTSH_VIM/CA10_VIM/IL17RE_CAPG/RORA_ABCB1/CEBPD_ABCB1/RUNX2_ABCB1/CKLF_ABCB1/TNFSF14_ABCB1/CA10_ABCB1/CAPG_ABCB1/MGAT4A_ABCB1/ERN1_ABCB1/ANKRD28_ABCB1/IL23R_TPT1/IL17RE_TPT1/IL17RE_PERP/ANKRD28_DPP4"
"592",456,456,"CD8+KIR+EOMES+ NK-like_CD8+NME1+ T","CD8+KIR+EOMES+ NK-like","CD8+NME1+ T",20,12,1.316,0.142097170241144,0.486121898193387,0.922258771929825,"CMC1_ENO1/GCSAM_GPI/KLRD1_GAPDH/GCSAM_GAPDH/GZMM_ENO1/LITAF_GAPDH/KLRG1_ENO1/GCSAM_MND1/CD160_ENO1/CD160_GAPDH/GCSAM_KIF20A/IKZF2_GAPDH","GZMM_ENO1/CD74_ENO1/CD160_ENO1/KLRG1_ENO1/CMC1_ENO1/GCSAM_ENO1/IFNGR1_MYB/CD160_MYB/CMC1_MYB/CMC1_GPI/GCSAM_GPI/NR4A2_CXCR3/GCSAM_MND1/IKZF2_GAPDH/LITAF_GAPDH/ZNF331_GAPDH/CD160_GAPDH/KLRD1_GAPDH/GCSAM_GAPDH/GCSAM_KIF20A"
"1439",457,457,"CD4+S1PR1+ Treg_CD4+ISG+ Treg","CD4+S1PR1+ Treg","CD4+ISG+ Treg",22,13,1.296,0.144762670249411,0.494157036299958,0.927045951859956,"HPGD_NAMPT/KLF3_NAMPT/HPGD_IL2RA/PI16_NAMPT/FLT3LG_CD70/HPGD_CD70/FLT3LG_CSF1/KLF3_CSF1/CCR10_CD70/IL10RA_NAMPT/HPGD_CSF1/HPGD_IL32/SAMHD1_NAMPT","CD74_ETV7/HPGD_IL32/KLF3_CSF1/FLT3LG_CSF1/HPGD_CSF1/KLF3_NAMPT/IL10RA_NAMPT/SAMHD1_NAMPT/HPGD_NAMPT/PI16_NAMPT/IKZF2_IL7/LEF1_IL7/CPNE2_IL7/FLT3LG_CD70/CCR10_CD70/SAMHD1_CD70/HPGD_CD70/HPGD_IL2RA/IL2RA_MX1/IL2RA_USP18/IL2RA_IFI6/HPGD_HERC5"
"492",458,458,"CD4+CCL5+ Tm_CD8+TCF7+ Tex","CD4+CCL5+ Tm","CD8+TCF7+ Tex",24,14,1.28,0.146741491957068,0.498729253710297,0.933034934497817,"ID2_NR3C1/ID2_CD200/CD40LG_IGFL2/ID2_IGFL2/ITGA1_IGFL2/PTGER4_IGFBP4/IFNG_IGFL2/PTGER4_NR3C1/CD40LG_TNFRSF4/CD99_IGFL2/PTGER4_TNFRSF4/XCL1_IGFL2/PARP8_CD200/ID2_NMB","NR4A2_TSHZ2/ID2_NR3C1/PTGER4_NR3C1/NR4A2_TNFSF8/NR4A2_CD40LG/NR4A2_IL6R/ANXA1_IL6R/BHLHE40_IFNAR2/NR4A2_IFNAR2/CCL4_CCR4/ID2_CD200/PARP8_CD200/CD40LG_TNFRSF4/PTGER4_TNFRSF4/ID2_IGFL2/GZMA_IGFL2/XCL1_IGFL2/CD40LG_IGFL2/IFNG_IGFL2/ITGA1_IGFL2/CD99_IGFL2/ID2_NMB/NR4A2_SESN3/PTGER4_IGFBP4"
"717",459,458,"CD8+Tc17_CD4+ADSL+ Tn","CD8+Tc17","CD4+ADSL+ Tn",24,14,1.28,0.146741491957068,0.498729253710297,0.933034934497817,"IL17RE_NOSIP/CA2_GIMAP4/CA2_COTL1/CA2_LDHB/CA2_PASK/FLT3LG_PASK/CA2_IL6ST/IL17RE_LEF1/IL17RE_DGKA/CA2_NOSIP/CA2_ANKRD55/IL17RE_LDHB/ZBTB16_PASK/CA2_MYC","IL17RE_TCF7/IL17RE_LEF1/ADAM12_LEF1/CA2_MYC/CEBPD_IL16/CEBPD_IL6R/ADAM12_IL6R/CA2_IL6ST/ZBTB16_PASK/FLT3LG_PASK/CA2_PASK/IL4I1_SELL/IL17RE_LDHB/CA2_LDHB/ADAM12_LDHB/CA2_GIMAP4/ADAM12_LIMS2/CA2_ANKRD55/ADAM12_ANKRD55/IL17RE_NOSIP/CA2_NOSIP/CA2_COTL1/IL17RE_DGKA/CA2_DGKA"
"297",460,460,"CD4+CCL5+ Tm_CD8+KIR+TXK+ NK-like","CD4+CCL5+ Tm","CD8+KIR+TXK+ NK-like",26,15,1.266,0.148170908890265,0.500317354694401,0.937760869565217,"ID2_AREG/XCL1_AREG/CD40LG_AREG/CD69_AREG/ITGA1_AREG/IFNGR1_AREG/GLUL_AREG/PTGER4_IL32/BHLHE40_AREG/CD99_AREG/CD99_FOSL2/HOPX_FOSL2/HOPX_AREG/ZFP36L2_AREG/PTGER4_AREG","BHLHE40_TXK/NR4A2_TXK/HOPX_FOSL2/CD99_FOSL2/ZFP36L2_AREG/HOPX_AREG/ID2_AREG/BHLHE40_AREG/XCL1_AREG/CD40LG_AREG/XCL2_AREG/IFNG_AREG/IFNGR1_AREG/IL18RAP_AREG/GLUL_AREG/ITGA1_AREG/PARP8_AREG/PTGER4_AREG/CD69_AREG/CD99_AREG/PTGER4_IL32/NR4A2_B3GNT7/IFNGR1_B3GNT7/IL18RAP_B3GNT7/ANXA1_B3GNT7/PARP8_B3GNT7"
"665",461,460,"CD8+IL7R+ Tm_CD4+CXCR5+ pre-Tfh","CD8+IL7R+ Tm","CD4+CXCR5+ pre-Tfh",26,15,1.266,0.148170908890265,0.500317354694401,0.937760869565217,"RGCC_AREG/LMNA_AREG/ZFP36L2_SLC2A3/ZFP36L2_AREG/ZFP36L2_PABPC1/ZFP36_SLC2A3/IL7R_SLC2A3/BTG1_AREG/BTG1_SLC2A3/ZFP36L2_NR4A2/ZFP36L2_SH3TC1/TSC22D3_SLC2A3/GPR183_SLC2A3/TSC22D3_NR3C1/TSC22D3_NR4A2","TNFAIP3_TCF7/FTH1_TCF7/TSC22D3_NR3C1/ZFP36L2_NR4A2/TSC22D3_NR4A2/TNFAIP3_CMTM8/TNFAIP3_TNFSF8/ZFP36L2_AREG/BTG1_AREG/LMNA_AREG/RGCC_AREG/TNFAIP3_CD40LG/FTH1_CD40LG/PABPC1_CD40LG/TNFAIP3_FAAH2/FTH1_FAAH2/PABPC1_FAAH2/ZFP36L2_SLC2A3/TSC22D3_SLC2A3/IL7R_SLC2A3/ZFP36_SLC2A3/BTG1_SLC2A3/GPR183_SLC2A3/RGCC_FAM177A1/ZFP36L2_SH3TC1/ZFP36L2_PABPC1"
"1121",462,460,"CD4+CCR6+ Th17_CD4+Temra","CD4+CCR6+ Th17","CD4+Temra",26,15,1.266,0.148170908890265,0.500317354694401,0.937760869565217,"CD40LG_GZMB/ABCB1_GNLY/ABCB1_IL18RAP/ABCB1_PRSS23/ZFP36L2_GNLY/ABCB1_S1PR5/FLT3LG_S1PR5/TNFSF13B_GNLY/CD40LG_ZEB2/RORA_GNLY/PERP_GNLY/ZFP36L2_PRSS23/ABCB1_ZEB2/CD40LG_ZNF683/ABCB1_KLRD1","CD40LG_ZEB2/ABCB1_ZEB2/CD40LG_ZNF683/CD40LG_GZMB/ABCB1_CCL3/IL4I1_CX3CR1/VIM_CX3CR1/VIM_IL5RA/ABCB1_IL18RAP/VIM_FGFBP2/ZFP36L2_GNLY/RORA_GNLY/TNFSF13B_GNLY/GPR35_GNLY/ABCB1_GNLY/TPT1_GNLY/PERP_GNLY/FLT3LG_S1PR5/ABCB1_S1PR5/ABCB1_KLRD1/TIMP1_C1orf21/VIM_C1orf21/IL4I1_CTSW/ZFP36L2_PRSS23/CAPG_PRSS23/ABCB1_PRSS23"
"1393",463,463,"CD4+GZMK+ Tem_CD4+TNFRSF9+ Treg","CD4+GZMK+ Tem","CD4+TNFRSF9+ Treg",28,16,1.254,0.149155529634575,0.500324466026746,0.937667386609071,"CXCR3_PMAIP1/ENC1_NAMPT/ENC1_PMAIP1/SLAMF7_PMAIP1/CXCR3_CD70/NFATC2_IL32/LITAF_PMAIP1/CCL4L2_PMAIP1/NFATC2_NAMPT/ENC1_IKZF2/F2R_NAMPT/CXCR3_TNFRSF4/NFATC2_PMAIP1/NFATC2_CSF1/IFNG_PMAIP1/CD4_PMAIP1","ENC1_IKZF2/NFATC2_IL32/NFATC2_NAMPT/ENC1_NAMPT/F2R_NAMPT/CD74_EBI3/RUNX3_CCL22/NFATC2_CSF1/CXCR3_CD70/CXCR4_IL1RN/LITAF_IL7/TNFSF9_IL7/CCL3_IL7/NFATC2_TNFRSF9/CST7_TIGIT/CST7_CTLA4/CXCR3_TNFRSF4/LITAF_CARD16/CCL4_CARD16/ITM2C_CARD16/LITAF_PMAIP1/NFATC2_PMAIP1/IFNG_PMAIP1/CXCR3_PMAIP1/CD4_PMAIP1/CCL4L2_PMAIP1/ENC1_PMAIP1/SLAMF7_PMAIP1"
"503",464,464,"CD4+TNFRSF9+ Treg_CD8+TCF7+ Tex","CD4+TNFRSF9+ Treg","CD8+TCF7+ Tex",40,22,1.207,0.149262002099006,0.500324466026746,0.935840517241379,"LAIR2_TNFRSF4/IL7_TNFRSF4/IL7_CD200/ZBTB32_NR3C1/TBC1D4_NR3C1/BATF_NMB/BATF_TNFRSF4/IL7_NR3C1/CARD16_IGFL2/IL1RN_NMB/IKZF2_CD200/IL1RN_IGFL2/ZBTB32_TNFRSF4/FOXP3_TNFRSF4/IKZF4_TNFRSF4/IL7_NMB/EBI3_IGFL2/CCL22_NMB/CARD16_TNFRSF4/LAIR2_NR3C1/IKZF2_IGFL2/LAYN_IGFL2","PMAIP1_TSHZ2/CD70_TCF7/TNFRSF4_TCF7/ZBTB32_NR3C1/IL7_NR3C1/LAIR2_NR3C1/TBC1D4_NR3C1/NAMPT_BATF/TNFRSF4_BATF/PMAIP1_BATF/CSF1_EBI3/CD70_EBI3/CD74_EBI3/PMAIP1_EBI3/NAMPT_CD40LG/CSF1_CD40LG/TNFRSF9_CD40LG/TNFRSF4_CD40LG/PMAIP1_CD40LG/NAMPT_IL6R/TNFRSF4_IL6R/PMAIP1_IFNAR2/IKZF2_CD200/IL7_CD200/FOXP3_TNFRSF4/BATF_TNFRSF4/IKZF4_TNFRSF4/ZBTB32_TNFRSF4/IL7_TNFRSF4/CARD16_TNFRSF4/LAIR2_TNFRSF4/IKZF2_IGFL2/EBI3_IGFL2/IL1RN_IGFL2/LAYN_IGFL2/CARD16_IGFL2/BATF_NMB/CCL22_NMB/IL1RN_NMB/IL7_NMB"
"691",465,465,"CD4+Temra_CD4+CXCR5+ pre-Tfh","CD4+Temra","CD4+CXCR5+ pre-Tfh",36,20,1.219,0.150032541887532,0.500324466026746,0.934322580645161,"C1orf21_SLC2A3/C1orf21_PABPC1/CX3CR1_SLC2A3/FGFBP2_AREG/HOPX_SLC2A3/C1orf21_NR4A2/C1orf21_NR3C1/C1orf21_AREG/FGFBP2_SLC2A3/IL5RA_SLC2A3/FASLG_SLC2A3/IL5RA_AREG/TBX21_SLC2A3/KLRD1_SLC2A3/GZMA_SLC2A3/HOPX_AREG/CCL5_SLC2A3/CTSW_PABPC1/CX3CR1_AREG/FASLG_AREG","GNLY_TCF7/C1orf21_TCF7/C1orf21_NR3C1/C1orf21_NR4A2/GNLY_TSHZ2/S1PR5_TSHZ2/C1orf21_TSHZ2/HOPX_AREG/XCL2_AREG/FASLG_AREG/CX3CR1_AREG/IL5RA_AREG/IL18RAP_AREG/FGFBP2_AREG/C1orf21_AREG/ZEB2_CD40LG/ZNF683_CD40LG/GZMB_CD40LG/CCL4_CCR4/GNLY_FAAH2/S1PR5_SESN3/HOPX_SLC2A3/ZNF683_SLC2A3/TBX21_SLC2A3/CCL5_SLC2A3/GZMA_SLC2A3/FASLG_SLC2A3/CX3CR1_SLC2A3/IL5RA_SLC2A3/FGFBP2_SLC2A3/KLRD1_SLC2A3/C1orf21_SLC2A3/PLEK_SLC2A3/CTSW_SLC2A3/C1orf21_PABPC1/CTSW_PABPC1"
"1514",466,465,"CD4+IL21+ Tfh_CD4+NME1+CCR4- T","CD4+IL21+ Tfh","CD4+NME1+CCR4- T",36,20,1.219,0.150032541887532,0.500324466026746,0.934322580645161,"CD40LG_ENO1/IL6R_GAPDH/IL21_GAPDH/CXCR5_GAPDH/IL6ST_GAPDH/CXCR5_ENO1/IL21_ENO1/CD40LG_GPI/ITM2A_ENO1/NR3C1_GAPDH/ITM2A_GPI/CXCR5_GPI/IL6R_ENO1/IL6R_TMSB10/ITM2A_GAPDH/IL6R_GPI/IL6ST_ENO1/TSHZ2_GAPDH/TNFSF8_GAPDH/TNFSF11_GAPDH","IL21_ENO1/CD40LG_ENO1/IL6ST_ENO1/CXCR5_ENO1/IL6R_ENO1/CPM_ENO1/ITM2A_ENO1/NR3C1_MEOX1/TOX_MEOX1/RBPJ_MEOX1/TNFSF4_MEOX1/GNG4_MEOX1/IGFL2_MEOX1/PDE7B_MEOX1/NMB_PHF5A/IGFL2_PHF5A/CD40LG_GPI/CXCR5_GPI/IL6R_GPI/ITM2A_GPI/RBPJ_HMGB1/NMB_HMGB1/IGFL2_EBI3/IGFL2_ACTB/NMB_PFN1/NR3C1_GAPDH/TSHZ2_GAPDH/IL21_GAPDH/TNFSF8_GAPDH/TNFSF11_GAPDH/IL6ST_GAPDH/CXCR5_GAPDH/IL6R_GAPDH/ITM2A_GAPDH/IL6R_TMSB10/NMB_TXN"
"617",467,467,"CD4+IFNG+ Tfh/Th1_CD8+NME1+ T","CD4+IFNG+ Tfh/Th1","CD8+NME1+ T",32,18,1.234,0.150097339808024,0.500324466026746,0.930321199143469,"ID2_GAPDH/IL2RG_ENO1/CXCR6_GAPDH/CXCR6_ENO1/IL21_GAPDH/IL21_ENO1/LAG3_ENO1/ID2_ENO1/RDH10_GAPDH/PTMS_ENO1/ID2_GPI/DUSP4_GAPDH/IFNG_GAPDH/IL2RG_GAPDH/MYO7A_GAPDH/MYO7A_ENO1/PDCD1_ENO1/ZEB2_GAPDH","ID2_ENO1/IL21_ENO1/CXCR6_ENO1/IL2RG_ENO1/CD74_ENO1/LAG3_ENO1/PDCD1_ENO1/MYO7A_ENO1/PTMS_ENO1/RBPJ_GTF3A/ZBED2_MYB/RBPJ_MYB/IL21_MYB/LAG3_MYB/HAVCR2_MYB/KRT86_MYB/PTMS_MYB/PDE7B_MYB/RBPJ_HMGB1/ID2_GPI/ZEB2_CXCR3/BHLHE40_CXCR3/PTMS_MND1/ZEB2_GAPDH/ID2_GAPDH/IFNG_GAPDH/IL21_GAPDH/CXCR6_GAPDH/IL2RG_GAPDH/MYO7A_GAPDH/RDH10_GAPDH/DUSP4_GAPDH"
"843",468,467,"CD4+CCL5+ Tm_CD4+AREG+ Tm","CD4+CCL5+ Tm","CD4+AREG+ Tm",32,18,1.234,0.150097339808024,0.500324466026746,0.930321199143469,"ID2_AREG/XCL1_AREG/CD40LG_AREG/CD69_AREG/ITGA1_AREG/IFNGR1_AREG/GLUL_AREG/ID2_GPR183/BHLHE40_AREG/ID2_EEF1A1/PTGER4_EEF1B2/CD99_AREG/HOPX_AREG/ZFP36L2_AREG/ZFP36L2_PABPC1/ID2_ANXA1/PTGER4_AREG/CD40LG_PABPC1","BHLHE40_ZFP36L2/NR4A2_ZFP36L2/ANXA1_KLF2/NR4A2_KLF3/IL18RAP_KLF3/ANXA1_KLF3/NR4A2_CD40LG/ZFP36L2_AREG/HOPX_AREG/ID2_AREG/BHLHE40_AREG/XCL1_AREG/CD40LG_AREG/XCL2_AREG/IFNG_AREG/IFNGR1_AREG/IL18RAP_AREG/GLUL_AREG/ITGA1_AREG/PARP8_AREG/PTGER4_AREG/CD69_AREG/CD99_AREG/ID2_ANXA1/ID2_EEF1A1/ID2_GPR183/ZFP36L2_PABPC1/CD40LG_PABPC1/PTGER4_EEF1B2/NR4A2_S1PR1/ANXA1_PTGER2/ALOX5AP_PTGER2"
"151",469,469,"CD4+S1PR1+ Treg_CD8+GZMK+ early Tem","CD4+S1PR1+ Treg","CD8+GZMK+ early Tem",7,5,1.567,0.160542174712512,0.528366650952572,0.939317697228145,"SAMHD1_CST7/HPGD_DUSP2/CCR4_CST7/CCDC141_CST7/KLF3_DUSP2","IL32_CXCR5/KLF3_DUSP2/HPGD_DUSP2/CCR4_CST7/SAMHD1_CST7/CCDC141_CST7/IKZF2_ENC1"
"536",470,469,"CD4+CCR6+ Th17_CD8+ISG+ CD8+ T","CD4+CCR6+ Th17","CD8+ISG+ CD8+ T",7,5,1.567,0.160542174712512,0.528366650952572,0.939317697228145,"ABCB1_PLSCR1/FLT3LG_STAT2/ABCB1_STAT2/ABCB1_STAT1/ABCB1_IFIT3","ABCB1_PLSCR1/ABCB1_STAT1/FLT3LG_STAT2/ABCB1_STAT2/VIM_SP100/ABCB1_IFIT3/ANXA1_IFI6"
"822",471,469,"CD8+ZNF683+CXCR6- Tm_CD4+AREG+ Tm","CD8+ZNF683+CXCR6- Tm","CD4+AREG+ Tm",7,5,1.567,0.160542174712512,0.528366650952572,0.939317697228145,"CD52_AREG/SIT1_AREG/TRAF3IP3_AREG/MYL12A_AREG/PFN1_AREG","ZNF683_CD40LG/CD52_AREG/TRAF3IP3_AREG/SIT1_AREG/MYL12A_AREG/PFN1_AREG/SH3BGRL3_PLAC8"
"955",472,469,"CD4+ADSL+ Tn_CD4+CCL5+ Tm","CD4+ADSL+ Tn","CD4+CCL5+ Tm",7,5,1.567,0.160542174712512,0.528366650952572,0.939317697228145,"TXK_NR4A2/IL6R_NR4A2/KLF2_ANXA1/ANKRD55_NR4A2/IL6R_ANXA1","TXK_BHLHE40/TXK_NR4A2/IL6R_NR4A2/ANKRD55_NR4A2/KLF2_ANXA1/IL6R_ANXA1/PASK_PTGER4"
"1255",473,469,"CD8+KIR+EOMES+ NK-like_CD4+IFNG+ Tfh/Th1","CD8+KIR+EOMES+ NK-like","CD4+IFNG+ Tfh/Th1",7,5,1.567,0.160542174712512,0.528366650952572,0.939317697228145,"GCSAM_BHLHE40/GCSAM_RBPJ/GCSAM_KRT86/CD160_BHLHE40/GCSAM_FAM3C","CD160_ZEB2/CD160_BHLHE40/GCSAM_BHLHE40/GCSAM_RBPJ/IKZF2_IL21/GCSAM_FAM3C/GCSAM_KRT86"
"1555",474,469,"CD4+TNFRSF9- Treg_CD4+NME1+CCR4+ T","CD4+TNFRSF9- Treg","CD4+NME1+CCR4+ T",7,5,1.567,0.160542174712512,0.528366650952572,0.939317697228145,"FOXP3_ENO1/STAM_ENO1/VAV3_ENO1/FCRL3_ENO1/TBC1D4_ENO1","FOXP3_ENO1/TBC1D4_ENO1/FCRL3_ENO1/VAV3_ENO1/STAM_ENO1/ARID5B_FLT3LG/STAM_FLT3LG"
"34",475,475,"CD4+S1PR1+ Treg_CD8+Tn","CD4+S1PR1+ Treg","CD8+Tn",9,6,1.462,0.174868178766687,0.571895930557718,0.940526315789474,"FLT3LG_EEF1A1/HPGD_TIMP1/FLT3LG_PABPC1/KLF3_LEF1/FLT3LG_ACTN1/KLF2_TIMP1","KLF3_LEF1/CPNE2_KLF2/CPNE2_FLT3LG/KLF2_TIMP1/HPGD_TIMP1/FLT3LG_EEF1A1/FLT3LG_ACTN1/PI16_TRABD2A/FLT3LG_PABPC1"
"71",476,475,"CD4+IFNG+ Tfh/Th1_CD8+IL7R+ Tm","CD4+IFNG+ Tfh/Th1","CD8+IL7R+ Tm",9,6,1.462,0.174868178766687,0.571895930557718,0.940526315789474,"ID2_GPR183/MYO7A_FTH1/CXCR6_TNFAIP3/DUSP4_TNFAIP3/ID2_ANXA1/DUSP4_FTH1","BHLHE40_ZFP36L2/ID2_ANXA1/ID2_TNFAIP3/CXCR6_TNFAIP3/DUSP4_TNFAIP3/CD4_FTH1/MYO7A_FTH1/DUSP4_FTH1/ID2_GPR183"
"957",477,475,"CD4+TNF+ T_CD4+CCL5+ Tm","CD4+TNF+ T","CD4+CCL5+ Tm",9,6,1.462,0.174868178766687,0.571895930557718,0.940526315789474,"CD40LG_NR4A2/ID2_BHLHE40/CXCR3_ALOX5AP/CCR2_IL18RAP/CCR2_CCL4/ID2_ANXA1","ID2_BHLHE40/CXCR3_BHLHE40/CD40LG_NR4A2/CXCR3_NR4A2/LCP2_CD40LG/CCR2_CCL4/CCR2_IL18RAP/ID2_ANXA1/CXCR3_ALOX5AP"
"624",478,478,"CD4+NME1+CCR4+ T_CD8+NME1+ T","CD4+NME1+CCR4+ T","CD8+NME1+ T",47,25,1.167,0.182963464142794,0.59711925536142,0.940585774058577,"COTL1_ENO1/IL2RG_ENO1/HDAC1_ENO1/FLT3LG_ENO1/IL6R_GAPDH/PFN1_GAPDH/FLT3LG_GAPDH/ACTG1_GAPDH/COTL1_GAPDH/PFN1_ENO1/COTL1_KIF20A/FLT3LG_GPI/IL6R_ENO1/HMGB1_GAPDH/IL2RG_GAPDH/HDAC1_GPI/ARHGDIB_GAPDH/HMGB1_ENO1/IL6R_GPI/IFNAR2_GAPDH/SCAND1_ENO1/ACTB_ENO1/ACTB_GAPDH/FLT3LG_ACTG1/FLT3LG_KIF20A","HDAC1_ENO1/SCAND1_ENO1/HMGB1_ENO1/FLT3LG_ENO1/CD74_ENO1/IL2RG_ENO1/IL6R_ENO1/ACTB_ENO1/PFN1_ENO1/COTL1_ENO1/ENO1_GTF3A/SUB1_MYB/HDAC1_MYB/ENO1_MYB/CMTM7_MYB/HMGB1_MYB/PFN1_MYB/ACTG1_MYB/TMSB10_MYB/TPM4_MYB/ENO1_MXD3/ENO1_HMGB1/HDAC1_GPI/FLT3LG_GPI/IL6R_GPI/ENO1_CD74/COTL1_CD74/ENO1_CXCR3/CMTM7_CXCR3/ENO1_ACTB/ENO1_MND1/ENO1_PFN1/FLT3LG_ACTG1/ENO1_KIFC1/HMGB1_GAPDH/FLT3LG_GAPDH/IL2RG_GAPDH/IL6R_GAPDH/IFNAR2_GAPDH/ACTB_GAPDH/PFN1_GAPDH/ACTG1_GAPDH/COTL1_GAPDH/ARHGDIB_GAPDH/ENO1_KIF20A/FLT3LG_KIF20A/COTL1_KIF20A"
"146",479,479,"CD4+CCR6+ Th17_CD8+GZMK+ early Tem","CD4+CCR6+ Th17","CD8+GZMK+ early Tem",11,7,1.396,0.184062234226468,0.59820226123602,0.946325678496869,"ABCB1_CD44/ABCB1_CST7/CD40LG_DUSP2/DPP4_CST7/ABCB1_DUSP2/KLRB1_CST7/ABCB1_CMC1","IL4I1_CXCR4/MYBL1_CXCR5/ABCB1_CD44/CD40LG_DUSP2/ABCB1_DUSP2/ABCB1_CMC1/KLRB1_CST7/ABCB1_CST7/DPP4_CST7/IL4I1_TRAT1/VIM_PIK3R1"
"392",480,479,"CD8+IL7R+ Tm_CD8+terminal Tex","CD8+IL7R+ Tm","CD8+terminal Tex",11,7,1.396,0.184062234226468,0.59820226123602,0.946325678496869,"TSC22D3_NAMPT/BTG1_NAMPT/GPR183_NAMPT/ZFP36L2_CD70/ZFP36L2_CSF1/ZFP36L2_NAMPT/LMNA_TNFSF4","LMNA_TNFSF4/ZFP36L2_CSF1/ZFP36L2_CD70/ZFP36L2_NAMPT/TSC22D3_NAMPT/BTG1_NAMPT/GPR183_NAMPT/TNFAIP3_CXCR6/TNFAIP3_ENTPD1/TNFAIP3_DUSP4/FTH1_DUSP4"
"48",481,481,"CD8+GZMK+ Tex_CD8+IL7R+ Tm","CD8+GZMK+ Tex","CD8+IL7R+ Tm",13,8,1.35,0.190085564375163,0.615214689678951,0.956777546777547,"CD27_FTH1/LYST_TNFAIP3/CXCR6_TNFAIP3/LYST_ANXA1/DUSP4_TNFAIP3/LYST_PABPC1/GZMK_TNFAIP3/DUSP4_FTH1","NAMPT_ZFP36L2/NAMPT_TSC22D3/NAMPT_BTG1/LYST_ANXA1/TNFSF4_LMNA/GZMK_TNFAIP3/CXCR6_TNFAIP3/LYST_TNFAIP3/DUSP4_TNFAIP3/CD27_FTH1/DUSP4_FTH1/NAMPT_GPR183/LYST_PABPC1"
"383",482,481,"CD4+IFNG+ Tfh/Th1_CD8+GZMK+ Tex","CD4+IFNG+ Tfh/Th1","CD8+GZMK+ Tex",13,8,1.35,0.190085564375163,0.615214689678951,0.956777546777547,"ID2_NAMPT/ID2_TRPS1/ID2_HAVCR2/ID2_PRDM1/ID2_TNFRSF9/CXCR6_TNFRSF9/IL21_NAMPT/IFNG_PRDM1","ID2_PRDM1/IFNG_PRDM1/DUSP4_PRDM1/ID2_TRPS1/ID2_NAMPT/IL21_NAMPT/ID2_HAVCR2/ZEB2_CD27/CXCL13_CD27/RBPJ_LYST/ID2_TNFRSF9/CXCR6_TNFRSF9/CCL4_HLA-DQA1"
"1515",483,483,"CD4+IFNG+ Tfh/Th1_CD4+NME1+CCR4- T","CD4+IFNG+ Tfh/Th1","CD4+NME1+CCR4- T",37,20,1.186,0.191525427189638,0.618591441854732,0.954223602484472,"ID2_GAPDH/IL2RG_ENO1/CXCR6_GAPDH/CXCR6_ENO1/IL21_GAPDH/IL21_ENO1/ID2_SUB1/LAG3_ENO1/ID2_ENO1/RDH10_GAPDH/PTMS_ENO1/ID2_GPI/DUSP4_GAPDH/IFNG_GAPDH/IL2RG_GAPDH/MYO7A_GAPDH/MYO7A_ENO1/DUSP4_TMSB10/PDCD1_ENO1/ZEB2_GAPDH","ID2_ENO1/IL21_ENO1/CXCR6_ENO1/IL2RG_ENO1/CD74_ENO1/LAG3_ENO1/PDCD1_ENO1/MYO7A_ENO1/PTMS_ENO1/ID2_SUB1/ZEB2_MEOX1/BHLHE40_MEOX1/RBPJ_MEOX1/CCL4_MEOX1/GZMB_MEOX1/GZMA_MEOX1/CCR5_MEOX1/LAG3_MEOX1/MYO7A_MEOX1/PTMS_MEOX1/CCL4L2_MEOX1/PDE7B_MEOX1/ID2_GPI/RBPJ_HMGB1/ZEB2_EBI3/CD74_EBI3/ZEB2_GAPDH/ID2_GAPDH/IFNG_GAPDH/IL21_GAPDH/CXCR6_GAPDH/IL2RG_GAPDH/MYO7A_GAPDH/RDH10_GAPDH/DUSP4_GAPDH/DUSP4_PKM/DUSP4_TMSB10"
"382",484,484,"CD4+IL21+ Tfh_CD8+GZMK+ Tex","CD4+IL21+ Tfh","CD8+GZMK+ Tex",35,19,1.191,0.193050646031153,0.618953899061562,0.962582644628099,"ITM2A_NAMPT/CPM_HAVCR2/IL6ST_NAMPT/CXCR5_NAMPT/CD40LG_TNFSF4/TSHZ2_TRPS1/ITM2A_PRDM1/TNFSF11_NAMPT/CPM_TNFSF4/ITM2A_TRPS1/TNFSF8_HAVCR2/BTLA_TNFSF4/CXCR5_HAVCR2/CD40LG_TNFRSF9/CD40LG_HAVCR2/IL21_NAMPT/IL6ST_TRPS1/CD40LG_NAMPT/IL6R_NAMPT","ITM2A_PRDM1/TSHZ2_TRPS1/IL6ST_TRPS1/CPM_TRPS1/ITM2A_TRPS1/IGFL2_GZMA/CD40LG_TNFSF4/CPM_TNFSF4/BTLA_TNFSF4/IGFL2_IFNG/IL21_NAMPT/TNFSF11_NAMPT/CD40LG_NAMPT/IL6ST_NAMPT/CXCR5_NAMPT/IL6R_NAMPT/ITM2A_NAMPT/NR3C1_CXCR6/TNFSF8_HAVCR2/CD40LG_HAVCR2/CXCR5_HAVCR2/CPM_HAVCR2/NR3C1_CD27/TOX2_CD27/CXCL13_CD27/IGFL2_CD27/TNFSF4_VCAM1/NR3C1_LYST/RBPJ_LYST/CD200_LYST/NMB_LYST/IGFL2_LYST/CD40LG_TNFRSF9/CXCR5_TNFRSF9/CD200_HLA-DQA1"
"386",485,484,"CD4+TNFRSF9+ Treg_CD8+GZMK+ Tex","CD4+TNFRSF9+ Treg","CD8+GZMK+ Tex",35,19,1.191,0.193050646031153,0.618953899061562,0.962582644628099,"IL7_TSC22D1/IL7_PRDM1/BATF_TRPS1/EBI3_CD74/IL1RN_NAMPT/IL1RN_HAVCR2/IL1RN_TNFSF4/IL7_NAMPT/TBC1D4_NAMPT/CARD16_TSC22D1/IL7_HAVCR2/BATF_TSC22D1/CARD16_CCL4/CARD16_NAMPT/IKZF2_TRPS1/CARD16_TNFRSF9/ZBTB32_PRDM1/CARD16_HAVCR2/IL7_TRPS1","BATF_TSC22D1/IL7_TSC22D1/CARD16_TSC22D1/PMAIP1_TSC22D1/ZBTB32_PRDM1/IL7_PRDM1/BATF_TRPS1/IKZF2_TRPS1/IL7_TRPS1/IL7_CCL3/IL1RN_TNFSF4/CARD16_CCL4/PMAIP1_IFNG/BATF_NAMPT/IL1RN_NAMPT/IL7_NAMPT/CARD16_NAMPT/TBC1D4_NAMPT/EBI3_CD74/CD70_CXCR6/TNFRSF9_CXCR6/TNFRSF4_CXCR6/IL1RN_HAVCR2/IL7_HAVCR2/CARD16_HAVCR2/PMAIP1_HAVCR2/CD70_CD27/TNFRSF4_CD27/PMAIP1_CD27/NAMPT_LYST/PMAIP1_LYST/TNFRSF4_DUSP4/PMAIP1_DUSP4/CARD16_TNFRSF9/PMAIP1_HLA-DRB1"
"337",486,486,"CD4+CAPG+ Tm_CD8+ZNF683+CXCR6+ Trm","CD4+CAPG+ Tm","CD8+ZNF683+CXCR6+ Trm",15,9,1.316,0.194018241436605,0.618953899061562,0.962407407407407,"ID2_RBPJ/CD40LG_GZMB/HOPX_LGALS1/CXCR3_LGALS1/HMGB1_RBPJ/HMGB1_LGALS1/CD52_GZMB/CD40LG_ZNF683/PFN1_LGALS1","CD40LG_ZNF683/BHLHE40_ID2/RBPJ_ID2/BHLHE40_ZFP36L2/ID2_RBPJ/HMGB1_RBPJ/CD40LG_GZMB/CD52_GZMB/BHLHE40_CXCR3/ALOX5AP_CXCR3/HOPX_LGALS1/HMGB1_LGALS1/CXCR3_LGALS1/PFN1_LGALS1/BHLHE40_LDLRAD4"
"464",487,486,"CD4+TNFRSF9+ Treg_CD8+OXPHOS- Tex","CD4+TNFRSF9+ Treg","CD8+OXPHOS- Tex",15,9,1.316,0.194018241436605,0.618953899061562,0.962407407407407,"IL7_PRDM1/EBI3_CSF1/IL1RN_HAVCR2/LAIR2_ETV1/IL7_HAVCR2/IL7_ENTPD1/CARD16_TNFRSF9/ZBTB32_PRDM1/CARD16_HAVCR2","LAIR2_ETV1/PMAIP1_ETV1/ZBTB32_PRDM1/IL7_PRDM1/EBI3_CSF1/IL7_CCL3/IL1RN_HAVCR2/IL7_HAVCR2/CARD16_HAVCR2/PMAIP1_HAVCR2/IL7_ENTPD1/PMAIP1_ENTPD1/CARD16_TNFRSF9/PMAIP1_ACP5/PMAIP1_KIR2DL4"
"590",488,486,"CD8+GZMK+ Tem_CD8+NME1+ T","CD8+GZMK+ Tem","CD8+NME1+ T",15,9,1.316,0.194018241436605,0.618953899061562,0.962407407407407,"COTL1_ENO1/CXCR3_GAPDH/COTL1_GAPDH/HLA-DPB1_GAPDH/COTL1_KIF20A/HLA-DPB1_ENO1/CXCR3_GPI/HLA-DRB1_ENO1/CXCR3_ENO1","CD74_ENO1/CXCR3_ENO1/HLA-DRB1_ENO1/COTL1_ENO1/HLA-DPB1_ENO1/SUB1_MYB/ITM2C_MYB/CST7_MYB/CXCR3_GPI/COTL1_CD74/CXCR3_GAPDH/COTL1_GAPDH/HLA-DPB1_GAPDH/HLA-DQA1_GAPDH/COTL1_KIF20A"
"892",489,486,"CD4+S1PR1+ Treg_CD4+TIMP1+ Tm","CD4+S1PR1+ Treg","CD4+TIMP1+ Tm",15,9,1.316,0.194018241436605,0.618953899061562,0.962407407407407,"FLT3LG_VIM/PI16_VIM/KLF3_ANXA1/CCR10_VIM/HPGD_TIMP1/KLF2_ANXA1/KLF3_VIM/HPGD_CD52/KLF2_TIMP1","CPNE2_KLF2/IL2RA_LMO4/HLA-DRB1_LMO4/KLF2_TIMP1/HPGD_TIMP1/CPNE2_FLT3LG/IL2RA_S100A10/KLF2_ANXA1/KLF3_ANXA1/HPGD_CD52/IL2RA_S100A6/KLF3_VIM/FLT3LG_VIM/CCR10_VIM/PI16_VIM"
"606",490,490,"CD4+AREG+ Tm_CD8+NME1+ T","CD4+AREG+ Tm","CD8+NME1+ T",31,17,1.203,0.195762162209336,0.622664705675431,0.965755102040816,"PTGER2_ENO1/KLF3_GAPDH/CD40LG_ENO1/KLF3_ENO1/PTGER2_GPI/EEF1A1_ENO1/PTGER2_GAPDH/TPT1_GAPDH/ZFP36L2_GAPDH/TCF7_GPI/CD40LG_GPI/KLF3_GPI/S1PR1_GAPDH/TCF7_GAPDH/EEF1B2_ENO1/PLAC8_ENO1/EEF1A1_GAPDH","KLF3_ENO1/CD40LG_ENO1/EEF1A1_ENO1/EEF1B2_ENO1/PTGER2_ENO1/PLAC8_ENO1/AREG_GTF3A/GPR183_GTF3A/AREG_MYB/PABPC1_MYB/AREG_MXD3/AREG_HMGB1/GPR183_HMGB1/KLF3_GPI/TCF7_GPI/CD40LG_GPI/PTGER2_GPI/AREG_CD74/AREG_CXCR3/PABPC1_CXCR3/AREG_MND1/AREG_PFN1/AREG_SKA3/ZFP36L2_GAPDH/KLF3_GAPDH/TCF7_GAPDH/EEF1A1_GAPDH/TPT1_GAPDH/EEF1B2_GAPDH/S1PR1_GAPDH/PTGER2_GAPDH"
"75",491,491,"CD4+ISG+ Treg_CD8+IL7R+ Tm","CD4+ISG+ Treg","CD8+IL7R+ Tm",17,10,1.29,0.196506106707125,0.622664705675431,0.972219959266802,"BATF_RGCC/BATF_TNFAIP3/IL7_RGCC/IFI6_ANXA1/IFI6_PABPC1/IL7_TNFAIP3/IL1RN_ANXA1/IL1RN_FTH1/IL7_PABPC1/BATF_FTH1","CSF1_ZFP36L2/NAMPT_ZFP36L2/CD70_ZFP36L2/NAMPT_TSC22D3/IL1RN_CXCR4/NAMPT_BTG1/IL1RN_ANXA1/IFI6_ANXA1/BATF_TNFAIP3/IL7_TNFAIP3/BATF_FTH1/IL1RN_FTH1/BATF_RGCC/IL7_RGCC/NAMPT_GPR183/IL7_PABPC1/IFI6_PABPC1"
"1115",492,491,"CD4+TIMP1+ Tm_CD4+Temra","CD4+TIMP1+ Tm","CD4+Temra",17,10,1.29,0.196506106707125,0.622664705675431,0.972219959266802,"CD40LG_GZMB/FLT3LG_S1PR5/S100A6_GNLY/CD40LG_ZEB2/LMO4_GNLY/CD52_GZMB/CD40LG_ZNF683/S100A6_FASLG/CD52_GNLY/S100A6_GZMB","CD40LG_ZEB2/CD40LG_ZNF683/CD40LG_GZMB/CD52_GZMB/S100A6_GZMB/S100A6_FASLG/VIM_CX3CR1/VIM_IL5RA/VIM_FGFBP2/LMO4_GNLY/CD52_GNLY/S100A6_GNLY/FLT3LG_S1PR5/TIMP1_C1orf21/VIM_C1orf21/LMO4_PRSS23/CAPG_PRSS23"
"1231",493,493,"CD4+AREG+ Tm_CD4+IL21+ Tfh","CD4+AREG+ Tm","CD4+IL21+ Tfh",29,16,1.21,0.196887697383144,0.622664705675431,0.974604462474645,"KLF3_RBPJ/KLF3_NMB/KLF3_CD200/PTGER2_NR3C1/CD40LG_IGFL2/CD40LG_TNFSF4/KLF2_IGFL2/KLF3_NR3C1/KLF3_GNG4/PTGER2_IGFL2/KLF2_PDE7B/PTGER2_TOX2/KLF3_TOX2/EEF1B2_RBPJ/EEF1A1_IGFL2/TPT1_CD200","KLF3_NR3C1/PTGER2_NR3C1/KLF3_TOX2/PTGER2_TOX2/KLF3_RBPJ/EEF1B2_RBPJ/AREG_IL21/AREG_TNFSF8/CD40LG_TNFSF4/AREG_CD40LG/PABPC1_CD40LG/AREG_IL6ST/AREG_CXCR5/AREG_IL6R/ANXA1_IL6R/PABPC1_IL6R/KLF3_GNG4/KLF3_CD200/TPT1_CD200/KLF3_NMB/AREG_NMB/KLF2_IGFL2/CD40LG_IGFL2/EEF1A1_IGFL2/TPT1_IGFL2/PTGER2_IGFL2/AREG_CPM/KLF2_PDE7B/AREG_ITM2A"
"1429",494,494,"CD4+CCL5+ Tm_CD4+ISG+ Treg","CD4+CCL5+ Tm","CD4+ISG+ Treg",19,11,1.27,0.197959674554507,0.622664705675431,0.983137651821862,"ID2_NAMPT/PTGER4_NAMPT/PTGER4_IL32/CD40LG_CSF1/ZFP36L2_CD70/ZFP36L2_CSF1/ZFP36L2_NAMPT/HOPX_NAMPT/CD40LG_NAMPT/PTGER4_CSF1/PARP8_NAMPT","PTGER4_IL32/CXCR4_IL1RN/ANXA1_IL1RN/ALOX5AP_IL1RN/ZFP36L2_CSF1/CD40LG_CSF1/PTGER4_CSF1/ZFP36L2_NAMPT/HOPX_NAMPT/ID2_NAMPT/CD40LG_NAMPT/PARP8_NAMPT/PTGER4_NAMPT/BHLHE40_IL7/IFNGR1_IL7/ZFP36L2_CD70/NR4A2_OAS1/ALOX5AP_OAS1/ANXA1_IFI6"
"220",495,495,"CD4+CAPG+ Tm_CD8+Temra","CD4+CAPG+ Tm","CD8+Temra",21,12,1.254,0.198652477063075,0.622664705675431,0.981777777777778,"CD40LG_GZMB/CXCR3_GNLY/CD52_FCGR3A/CXCR3_ZEB2/ID2_GNLY/CD40LG_ZEB2/CXCR3_FCGR3A/CXCR3_S1PR5/CXCR3_PRSS23/CD52_GZMB/COTL1_S1PR5/CD52_GNLY","RBPJ_ASCL2/TIMP1_KLF2/TGFB1_KLF2/RBPJ_KLF3/CD40LG_ZEB2/CXCR3_ZEB2/CD40LG_GZMB/CD52_GZMB/RBPJ_CX3CR1/CXCR3_FCGR3A/CD52_FCGR3A/CXCR3_S1PR5/COTL1_S1PR5/CXCR3_PRSS23/CAPG_PRSS23/ID2_GNLY/CXCR3_GNLY/CD52_GNLY/RBPJ_C1orf21/CKLF_C1orf21/TIMP1_C1orf21"
"203",496,496,"CD8+ZNF683+CXCR6+ Trm_CD8+Temra","CD8+ZNF683+CXCR6+ Trm","CD8+Temra",23,13,1.24,0.198773732965618,0.622664705675431,0.979838709677419,"CXCR3_GNLY/ZFP36L2_GNLY/CD52_FCGR3A/CXCR3_ZEB2/ID2_GNLY/CXCR3_FCGR3A/CXCR3_S1PR5/CXCR3_PRSS23/LDLRAD4_PRSS23/ZFP36L2_PRSS23/CD52_GZMB/CD52_GNLY/XCL2_GNLY","RBPJ_ASCL2/LGALS1_ASCL2/RBPJ_KLF3/LGALS1_KLF3/CXCR3_ZEB2/GZMB_GZMH/CD52_GZMB/RBPJ_CX3CR1/CXCR3_FCGR3A/CD52_FCGR3A/CXCR3_S1PR5/ZFP36L2_PRSS23/CXCR3_PRSS23/CAPG_PRSS23/LDLRAD4_PRSS23/ID2_GNLY/ZFP36L2_GNLY/XCL2_GNLY/CXCR3_GNLY/CD52_GNLY/RBPJ_C1orf21/CKLF_C1orf21/ITGA1_C1orf21"
"639",497,496,"CD8+Tc17_CD4+Tn","CD8+Tc17","CD4+Tn",23,13,1.24,0.198773732965618,0.622664705675431,0.979838709677419,"IL17RE_EEF1A1/FLT3LG_EEF1A1/CA2_ACTN1/IL17RE_ACTN1/IL17RE_TPT1/CA2_EEF1A1/IL17RE_EEF1B2/CA2_EEF1B2/IL23R_TPT1/IL17RE_LEF1/FLT3LG_ACTN1/IL17RE_MAL/CA2_MAL","IL17RE_TCF7/IL17RE_LEF1/ADAM12_LEF1/FLT3LG_EEF1A1/IL17RE_EEF1A1/CA2_EEF1A1/IL4I1_SELL/IL17RE_EEF1B2/CA2_EEF1B2/SLC4A10_PLAC8/IL23R_TPT1/IL17RE_TPT1/FLT3LG_ACTN1/IL17RE_ACTN1/CA2_ACTN1/CEBPD_GIMAP7/IL4I1_GIMAP7/IL17RE_MAL/IL4I1_MAL/CA2_MAL/ADAM12_MAL/IL4I1_LINC00861/ADAM12_LINC00861"
"965",498,496,"CD4+CCR6+ Th17_CD4+CCL5+ Tm","CD4+CCR6+ Th17","CD4+CCL5+ Tm",23,13,1.24,0.198773732965618,0.622664705675431,0.979838709677419,"ABCB1_IL18RAP/ABCB1_CD44/CD40LG_NR4A2/ABCB1_NR4A2/ABCB1_ALOX5AP/ABCB1_BHLHE40/CCR6_BHLHE40/GPR35_NR4A2/KLRB1_BHLHE40/GPR35_BHLHE40/ZFP36L2_NR4A2/ZFP36L2_BHLHE40/DPP4_NR4A2","BHLHE40_ZFP36L2/IL4I1_ZFP36L2/BHLHE40_ID2/ANXA1_ID2/VIM_ID2/ZFP36L2_BHLHE40/CCR6_BHLHE40/GPR35_BHLHE40/KLRB1_BHLHE40/ABCB1_BHLHE40/ZFP36L2_NR4A2/CD40LG_NR4A2/GPR35_NR4A2/ABCB1_NR4A2/DPP4_NR4A2/IL4I1_CD40LG/IL4I1_CXCR4/ABCB1_CD44/ABCB1_IL18RAP/ABCB1_ALOX5AP/VIM_PARP8/MYBL1_PTGER4/ABCB1_CD99"
"41",499,499,"CD8+ZNF683+CXCR6- Tm_CD8+IL7R+ Tm","CD8+ZNF683+CXCR6- Tm","CD8+IL7R+ Tm",2,2,2.194,0.207763045260303,0.631794055762325,0.982064128256513,"SIT1_TNFAIP3/TRAF3IP3_TNFAIP3","TRAF3IP3_TNFAIP3/SIT1_TNFAIP3"
"58",500,499,"CD4+IL7R- Tn_CD8+IL7R+ Tm","CD4+IL7R- Tn","CD8+IL7R+ Tm",2,2,2.194,0.207763045260303,0.631794055762325,0.982064128256513,"BTF3_ANXA1/EEF1B2_FTH1","BTF3_ANXA1/EEF1B2_FTH1"
"102",501,499,"CD4+CCL5+ Tm_CD8+ZNF683+CXCR6- Tm","CD4+CCL5+ Tm","CD8+ZNF683+CXCR6- Tm",2,2,2.194,0.207763045260303,0.631794055762325,0.982064128256513,"PTGER4_IL32/CD40LG_ZNF683","CD40LG_ZNF683/PTGER4_IL32"
"172",502,499,"CD4+Tn_CD8+GZMK+ Tem","CD4+Tn","CD8+GZMK+ Tem",2,2,2.194,0.207763045260303,0.631794055762325,0.982064128256513,"GIMAP7_APOBEC3G/LINC00861_CST7","LINC00861_CST7/GIMAP7_APOBEC3G"
"189",503,499,"CD4+TNFRSF9- Treg_CD8+GZMK+ Tem","CD4+TNFRSF9- Treg","CD8+GZMK+ Tem",2,2,2.194,0.207763045260303,0.631794055762325,0.982064128256513,"TIGIT_CST7/FCRL3_CST7","TIGIT_CST7/FCRL3_CST7"
"315",504,499,"CD8+ZNF683+CXCR6- Tm_CD8+ZNF683+CXCR6+ Trm","CD8+ZNF683+CXCR6- Tm","CD8+ZNF683+CXCR6+ Trm",2,2,2.194,0.207763045260303,0.631794055762325,0.982064128256513,"CD52_GZMB/PFN1_LGALS1","CD52_GZMB/PFN1_LGALS1"
"719",505,499,"CD4+Tn_CD4+ADSL+ Tn","CD4+Tn","CD4+ADSL+ Tn",2,2,2.194,0.207763045260303,0.631794055762325,0.982064128256513,"LINC00861_PASK/GIMAP7_PASK","GIMAP7_PASK/LINC00861_PASK"
"745",506,499,"CD8+GZMK+ early Tem_CD4+IL7R- Tn","CD8+GZMK+ early Tem","CD4+IL7R- Tn",2,2,2.194,0.207763045260303,0.631794055762325,0.982064128256513,"PIK3R1_NACA/CXCR5_NACA","CXCR5_NACA/PIK3R1_NACA"
"761",507,499,"CD4+TNF+ T_CD4+IL7R- Tn","CD4+TNF+ T","CD4+IL7R- Tn",2,2,2.194,0.207763045260303,0.631794055762325,0.982064128256513,"ID2_NACA/ID2_EEF1A1","ID2_EEF1A1/ID2_NACA"
"799",508,499,"CD4+ADSL+ Tn_CD4+TNF+ T","CD4+ADSL+ Tn","CD4+TNF+ T",2,2,2.194,0.207763045260303,0.631794055762325,0.982064128256513,"KLF2_EGR1/IL6R_LCP2","KLF2_EGR1/IL6R_LCP2"
"1251",509,499,"CD8+ZNF683+CXCR6- Tm_CD4+IFNG+ Tfh/Th1","CD8+ZNF683+CXCR6- Tm","CD4+IFNG+ Tfh/Th1",2,2,2.194,0.207763045260303,0.631794055762325,0.982064128256513,"CD52_GZMB/CD52_HAVCR2","CD52_GZMB/CD52_HAVCR2"
"1301",510,499,"CD8+ISG+ CD8+ T_CD4+TNFRSF9- Treg","CD8+ISG+ CD8+ T","CD4+TNFRSF9- Treg",2,2,2.194,0.207763045260303,0.631794055762325,0.982064128256513,"SP100_STAM/MX1_STAM","SP100_STAM/MX1_STAM"
"1304",511,499,"CD4+Tn_CD4+TNFRSF9- Treg","CD4+Tn","CD4+TNFRSF9- Treg",2,2,2.194,0.207763045260303,0.631794055762325,0.982064128256513,"GIMAP7_ARID5B/LINC00861_ARID5B","GIMAP7_ARID5B/LINC00861_ARID5B"
"1310",512,499,"CD4+TIMP1+ Tm_CD4+TNFRSF9- Treg","CD4+TIMP1+ Tm","CD4+TNFRSF9- Treg",2,2,2.194,0.207763045260303,0.631794055762325,0.982064128256513,"FLT3LG_ARID5B/FLT3LG_STAM","FLT3LG_ARID5B/FLT3LG_STAM"
"1324",513,499,"CD4+ISG+ Th_CD4+TNFRSF9- Treg","CD4+ISG+ Th","CD4+TNFRSF9- Treg",2,2,2.194,0.207763045260303,0.631794055762325,0.982064128256513,"SP100_STAM/MX1_STAM","SP100_STAM/MX1_STAM"
"1397",514,514,"CD4+IL21+ Tfh_CD4+TNFRSF9+ Treg","CD4+IL21+ Tfh","CD4+TNFRSF9+ Treg",48,25,1.143,0.222759610291734,0.676079751079971,0.954455252918288,"TNFSF11_PMAIP1/ITM2A_NAMPT/ITM2A_TNFRSF4/IL6ST_NAMPT/CXCR5_NAMPT/CD40LG_CSF1/IL6R_TNFRSF4/TNFSF11_NAMPT/CXCR5_TNFRSF4/ITM2A_CSF1/ITM2A_CD70/CD40LG_TNFRSF9/LIF_PMAIP1/CD40LG_TNFRSF4/ITM2A_PMAIP1/IL21_IKZF2/IL21_NAMPT/IL21_TNFRSF4/IL6ST_CD70/TSHZ2_PMAIP1/CXCR5_IL32/CD40LG_PMAIP1/CD40LG_NAMPT/IL6R_NAMPT/CXCR5_CD70","NMB_BATF/IL21_IKZF2/CD200_IKZF2/IGFL2_IKZF2/TOX2_IKZF4/NR3C1_ZBTB32/TOX2_ZBTB32/CXCR5_IL32/IL21_NAMPT/TNFSF11_NAMPT/CD40LG_NAMPT/IL6ST_NAMPT/CXCR5_NAMPT/IL6R_NAMPT/ITM2A_NAMPT/IGFL2_EBI3/NMB_CCL22/CD40LG_CSF1/ITM2A_CSF1/IL6ST_CD70/CXCR5_CD70/ITM2A_CD70/TNFSF4_IL1RN/NMB_IL1RN/IGFL2_IL1RN/NR3C1_IL7/TOX2_IL7/RBPJ_IL7/CD200_IL7/NMB_IL7/IGFL2_LAYN/CD40LG_TNFRSF9/CXCR5_TNFRSF9/IL21_TNFRSF4/CD40LG_TNFRSF4/CXCR5_TNFRSF4/IL6R_TNFRSF4/ITM2A_TNFRSF4/TOX2_CARD16/IGFL2_CARD16/NR3C1_LAIR2/RBPJ_LAIR2/NR3C1_TBC1D4/TSHZ2_PMAIP1/TNFSF11_PMAIP1/LIF_PMAIP1/CD40LG_PMAIP1/ITM2A_PMAIP1"
"620",515,515,"CD4+TNFRSF9+ Treg_CD8+NME1+ T","CD4+TNFRSF9+ Treg","CD8+NME1+ T",46,24,1.145,0.225719832072983,0.683733860259908,0.953009708737864,"IL7_GPI/FOXP3_ENO1/IL7_ENO1/LTA_ENO1/ZBTB32_ENO1/CARD16_ENO1/IL7_GAPDH/CARD16_GAPDH/ZBTB32_GPI/EBI3_ENO1/BATF_GAPDH/ZBTB32_GAPDH/IKZF4_GAPDH/EBI3_CD74/IL7_ACTG1/CARD16_GPI/IL1RN_GAPDH/LAIR2_GAPDH/LTA_GPI/TBC1D4_GAPDH/BATF_ENO1/IKZF2_GAPDH/TBC1D4_ENO1/CCL22_ENO1","FOXP3_ENO1/BATF_ENO1/ZBTB32_ENO1/EBI3_ENO1/CCL22_ENO1/LTA_ENO1/IL7_ENO1/CD74_ENO1/CARD16_ENO1/TBC1D4_ENO1/NAMPT_GTF3A/FOXP3_MYB/IKZF4_MYB/NAMPT_MYB/LTA_MYB/CD70_MYB/IL2RA_MYB/CCR8_MYB/IL1R2_MYB/TNFRSF9_MYB/PMAIP1_MYB/CD70_MXD3/NAMPT_HMGB1/ZBTB32_GPI/LTA_GPI/IL7_GPI/CARD16_GPI/PMAIP1_CKLF/EBI3_CD74/CD70_CXCR3/TNFRSF4_CXCR3/PMAIP1_CXCR3/PMAIP1_MND1/IL7_ACTG1/PMAIP1_CENPA/PMAIP1_SKA3/BATF_GAPDH/IKZF2_GAPDH/IKZF4_GAPDH/ZBTB32_GAPDH/IL1RN_GAPDH/IL7_GAPDH/CARD16_GAPDH/LAIR2_GAPDH/TBC1D4_GAPDH/IL1RN_KIF20A"
"499",516,516,"CD4+IL21+ Tfh_CD8+TCF7+ Tex","CD4+IL21+ Tfh","CD8+TCF7+ Tex",44,23,1.147,0.228723082482876,0.691488388901717,0.95172480620155,"IL6ST_CD200/ITM2A_TNFRSF4/IL6R_NMB/TNFSF11_IGFL2/TSHZ2_CD200/CD40LG_IGFL2/IL6ST_NR3C1/IL6R_TNFRSF4/TNFSF8_NMB/CXCR5_TNFRSF4/IL21_NR3C1/ITM2A_NR3C1/IL6ST_IGFL2/IL6R_GNG4/IL6R_IGFL2/CD40LG_TNFRSF4/GNG4_IGFL2/CPM_NMB/CPM_GNG4/IL21_TNFRSF4/CXCR5_CD200/IL6R_CD200/IL6R_IGFBP4","CD200_TSHZ2/IL21_NR3C1/IL6ST_NR3C1/CXCR5_NR3C1/ITM2A_NR3C1/NMB_BATF/IGFL2_EBI3/NMB_TNFSF8/TNFSF4_CD40LG/IGFL2_CD40LG/GNG4_IL6R/CD200_IL6R/NMB_IL6R/IGFL2_IL6R/CD200_IFNAR2/NMB_IFNAR2/TSHZ2_CD200/IL6ST_CD200/CXCR5_CD200/IL6R_CD200/IL6R_GNG4/IGFL2_GNG4/CPM_GNG4/IL21_TNFRSF4/CD40LG_TNFRSF4/CXCR5_TNFRSF4/IL6R_TNFRSF4/ITM2A_TNFRSF4/TNFSF11_IGFL2/CD40LG_IGFL2/IL6ST_IGFL2/IL6R_IGFL2/GNG4_IGFL2/RBPJ_CPM/TNFSF4_CPM/GNG4_CPM/NMB_CPM/TNFSF8_NMB/IL6R_NMB/CPM_NMB/TOX_SESN3/IGFL2_SESN3/TNFSF4_BTLA/IL6R_IGFBP4"
"1245",517,517,"CD4+ISG+ Treg_CD4+IL21+ Tfh","CD4+ISG+ Treg","CD4+IL21+ Tfh",34,18,1.161,0.244312459345189,0.736559880962713,0.954642166344294,"IL7_RBPJ/IL7_CD200/BATF_NMB/IFI6_NR3C1/IL7_NR3C1/TNFSF10_IGFL2/IL1RN_TNFSF4/IFIT3_NMB/IL1RN_NMB/IL1RN_IGFL2/IFI6_RBPJ/IL7_NMB/MX1_TOX2/ETV7_IGFL2/ETV7_NMB/TNFSF13B_CD200/TNFSF10_RBPJ/ISG15_NMB","IL7_NR3C1/IFI6_NR3C1/IL7_TOX2/MX1_TOX2/TNFSF10_RBPJ/IL7_RBPJ/MX1_RBPJ/IFI6_RBPJ/NAMPT_IL21/NAMPT_TNFSF11/IL1RN_TNFSF4/CSF1_CD40LG/NAMPT_CD40LG/NAMPT_IL6ST/CD70_IL6ST/IL32_CXCR5/NAMPT_CXCR5/CD70_CXCR5/NAMPT_IL6R/IL7_CD200/TNFSF13B_CD200/ETV7_NMB/BATF_NMB/IL1RN_NMB/IL7_NMB/ISG15_NMB/USP18_NMB/IFIT3_NMB/ETV7_IGFL2/TNFSF10_IGFL2/IL1RN_IGFL2/CSF1_ITM2A/NAMPT_ITM2A/CD70_ITM2A"
"160",518,518,"CD8+GZMK+ early Tem_CD8+GZMK+ Tem","CD8+GZMK+ early Tem","CD8+GZMK+ Tem",4,3,1.645,0.249297190479688,0.736559880962713,0.968262548262548,"CCR4_CST7/CXCR5_IL32/CCR4_CCL4","CXCR5_IL32/CCR4_CCL4/CD74_COTL1/CCR4_CST7"
"271",519,518,"CD4+ISG+ Th_CD8+KIR+EOMES+ NK-like","CD4+ISG+ Th","CD8+KIR+EOMES+ NK-like",4,3,1.645,0.249297190479688,0.736559880962713,0.968262548262548,"MX2_TNFSF9/SP100_LITAF/MX1_TYROBP","SP100_LITAF/MX2_TNFSF9/MX1_TYROBP/IFI16_CMC1"
"316",520,518,"CD8+GZMK+ early Tem_CD8+ZNF683+CXCR6+ Trm","CD8+GZMK+ early Tem","CD8+ZNF683+CXCR6+ Trm",4,3,1.645,0.249297190479688,0.736559880962713,0.968262548262548,"ENC1_RBPJ/CRTAM_GZMB/CXCR5_IL32","ENC1_RBPJ/CXCR5_IL32/CRTAM_GZMB/CST7_LDLRAD4"
"384",521,518,"CD4+TNFRSF9- Treg_CD8+GZMK+ Tex","CD4+TNFRSF9- Treg","CD8+GZMK+ Tex",4,3,1.645,0.249297190479688,0.736559880962713,0.968262548262548,"TBC1D4_NAMPT/IKZF2_TRPS1/FCRL3_CXCL13","IKZF2_TRPS1/FCRL3_CXCL13/TBC1D4_NAMPT/ARID5B_CD27"
"742",522,518,"CD8+Tn_CD4+IL7R- Tn","CD8+Tn","CD4+IL7R- Tn",4,3,1.645,0.249297190479688,0.736559880962713,0.968262548262548,"FLT3LG_EEF1A1/FLT3LG_NACA/FLT3LG_ACTG1","FLT3LG_EEF1A1/FLT3LG_ACTG1/FLT3LG_NACA/FLT3LG_BTF3"
"750",523,518,"CD8+ZNF683+CXCR6+ Trm_CD4+IL7R- Tn","CD8+ZNF683+CXCR6+ Trm","CD4+IL7R- Tn",4,3,1.645,0.249297190479688,0.736559880962713,0.968262548262548,"ID2_NACA/ID2_EEF1A1/LGALS3_NACA","RBPJ_EEF1B2/ID2_EEF1A1/ID2_NACA/LGALS3_NACA"
"768",524,518,"CD4+GZMK+ Tem_CD4+IL7R- Tn","CD4+GZMK+ Tem","CD4+IL7R- Tn",4,3,1.645,0.249297190479688,0.736559880962713,0.968262548262548,"F2R_ACTG1/NFATC2_ACTG1/NFATC2_NACA","NFATC2_ACTG1/F2R_ACTG1/NFATC2_NACA/F2R_NACA"
"769",525,518,"CD4+Temra_CD4+IL7R- Tn","CD4+Temra","CD4+IL7R- Tn",4,3,1.645,0.249297190479688,0.736559880962713,0.968262548262548,"CX3CR1_NACA/C1orf21_ACTG1/FGFBP2_NACA","S1PR5_EEF1B2/C1orf21_ACTG1/CX3CR1_NACA/FGFBP2_NACA"
"1288",526,518,"CD8+Tn_CD4+TNFRSF9- Treg","CD8+Tn","CD4+TNFRSF9- Treg",4,3,1.645,0.249297190479688,0.736559880962713,0.968262548262548,"FLT3LG_ARID5B/FLT3LG_STAM/BACH2_ARID5B","BACH2_ARID5B/FLT3LG_ARID5B/PABPC1_IKZF4/FLT3LG_STAM"
"1294",527,518,"CD8+KIR+EOMES+ NK-like_CD4+TNFRSF9- Treg","CD8+KIR+EOMES+ NK-like","CD4+TNFRSF9- Treg",4,3,1.645,0.249297190479688,0.736559880962713,0.968262548262548,"KLRG1_TIGIT/GCSAM_ARID5B/GCSAM_RTKN2","GCSAM_ARID5B/GCSAM_RTKN2/KLRG1_TIGIT/DUSP2_FCRL3"
"1312",528,518,"CD4+CCL5+ Tm_CD4+TNFRSF9- Treg","CD4+CCL5+ Tm","CD4+TNFRSF9- Treg",4,3,1.645,0.249297190479688,0.736559880962713,0.968262548262548,"ID2_IKZF4/PARP8_ARID5B/PTGER4_ARID5B","PARP8_ARID5B/PTGER4_ARID5B/ID2_IKZF4/BHLHE40_VAV3"
"231",529,529,"CD4+ISG+ Treg_CD8+Temra","CD4+ISG+ Treg","CD8+Temra",30,16,1.17,0.250729154904644,0.737995248398575,0.948544423440454,"IL7_S1PR5/BATF_GNLY/MX1_PLEK/BATF_S1PR5/ETV7_GZMB/IL7_GNLY/TNFSF10_GNLY/TNFSF13B_GNLY/IL1RN_FCGR3A/IFIT3_GZMB/MX1_PRSS23/MX1_GZMB/IFIT1_GZMB/IL1RN_GNLY/IFI6_S1PR5/OAS1_GNLY","NAMPT_ASCL2/IL2RA_ASCL2/CSF1_KLF3/NAMPT_KLF3/CSF1_TBX21/NAMPT_TBX21/CD70_TBX21/ETV7_GZMB/IFIT1_GZMB/OAS1_GZMB/MX1_GZMB/IFIT3_GZMB/NAMPT_CX3CR1/CD70_CX3CR1/IL1R2_CX3CR1/NAMPT_FGFBP2/CD70_FGFBP2/IL1RN_FCGR3A/BATF_S1PR5/IL7_S1PR5/IFI6_S1PR5/MX1_PRSS23/BATF_GNLY/TNFSF10_GNLY/IL1RN_GNLY/IL7_GNLY/TNFSF13B_GNLY/OAS1_GNLY/MX1_PLEK/CD70_C1orf21"
"476",530,529,"CD8+KIR+TXK+ NK-like_CD8+TCF7+ Tex","CD8+KIR+TXK+ NK-like","CD8+TCF7+ Tex",30,16,1.17,0.250729154904644,0.737995248398575,0.948544423440454,"B3GNT7_NR3C1/B3GNT7_TNFRSF4/B3GNT7_IGFBP4/B3GNT7_NMB/TXK_IGFL2/IKZF2_CD200/B3GNT7_CD200/TXK_NR3C1/B3GNT7_IGFL2/KIR3DL2_NMB/B3GNT7_TOX/XCL1_IGFL2/B3GNT7_GNG4/KIR3DL2_NR3C1/B3GNT7_TSHZ2/IKZF2_IGFL2","B3GNT7_TSHZ2/TXK_NR3C1/KIR3DL2_NR3C1/B3GNT7_NR3C1/B3GNT7_TOX/FOSL2_BATF/AREG_BATF/LAT2_BATF/AREG_EBI3/AREG_TNFSF8/AREG_CD40LG/AREG_IL6R/KLRC3_IL6R/AREG_IFNAR2/FAM3C_IFNAR2/IKZF2_CD200/KIR3DL2_CD200/B3GNT7_CD200/B3GNT7_GNG4/B3GNT7_TNFRSF4/IKZF2_IGFL2/TXK_IGFL2/XCL1_IGFL2/B3GNT7_IGFL2/AREG_CPM/AREG_NMB/KIR3DL2_NMB/B3GNT7_NMB/AREG_SESN3/B3GNT7_IGFBP4"
"593",531,531,"CD8+KIR+TXK+ NK-like_CD8+NME1+ T","CD8+KIR+TXK+ NK-like","CD8+NME1+ T",28,15,1.175,0.25393928712017,0.743236937912694,0.948380414312618,"B3GNT7_GAPDH/KIR3DL2_ENO1/B3GNT7_ENO1/IL12RB2_GAPDH/B3GNT7_CENPA/KIR2DL4_ENO1/B3GNT7_GPI/TXK_ENO1/TXK_GAPDH/B3GNT7_CD74/KIR3DL2_GAPDH/IKZF2_GAPDH/IL12RB2_ENO1/B3GNT7_HMGA1/KLRC3_GAPDH","TXK_ENO1/IL12RB2_ENO1/KIR3DL2_ENO1/KIR2DL4_ENO1/B3GNT7_ENO1/B3GNT7_HMGA1/AREG_GTF3A/FOSL2_MYB/REL_MYB/AREG_MYB/KLRC3_MYB/LAT2_MYB/AREG_MXD3/AREG_HMGB1/B3GNT7_GPI/AREG_CD74/B3GNT7_CD74/AREG_CXCR3/AREG_MND1/AREG_PFN1/B3GNT7_CENPA/AREG_SKA3/IKZF2_GAPDH/TXK_GAPDH/IL12RB2_GAPDH/KIR3DL2_GAPDH/KLRC3_GAPDH/B3GNT7_GAPDH"
"1004",532,531,"CD4+CCR6+ Th17_CD4+CAPG+ Tm","CD4+CCR6+ Th17","CD4+CAPG+ Tm",28,15,1.175,0.25393928712017,0.743236937912694,0.948380414312618,"ABCB1_RBPJ/ABCB1_ALOX5AP/FLT3LG_RBPJ/ABCB1_BHLHE40/ABCB1_CKLF/CCR6_BHLHE40/KLRB1_BHLHE40/ABCB1_CAPG/CD40LG_TGFB1/ABCB1_HMGB1/GPR35_BHLHE40/ABCB1_S100A4/ABCB1_TGFB1/GPR35_TGFB1/ZFP36L2_BHLHE40","ZFP36L2_BHLHE40/CCR6_BHLHE40/GPR35_BHLHE40/KLRB1_BHLHE40/ABCB1_BHLHE40/BHLHE40_ID2/ANXA1_ID2/VIM_ID2/FLT3LG_RBPJ/ABCB1_RBPJ/ABCB1_CKLF/ABCB1_TIMP1/CD40LG_TGFB1/GPR35_TGFB1/ABCB1_TGFB1/IL4I1_CD40LG/VIM_HMGB1/ABCB1_HMGB1/BHLHE40_CXCR3/IL4I1_CXCR3/ANXA1_TMSB4X/ABCB1_CAPG/ABCB1_ALOX5AP/IL4I1_CD52/VIM_CD52/ABCB1_S100A4/MYBL1_COTL1/VIM_COTL1"
"1490",533,531,"CD8+KIR+TXK+ NK-like_CD4+NME1+CCR4- T","CD8+KIR+TXK+ NK-like","CD4+NME1+CCR4- T",28,15,1.175,0.25393928712017,0.743236937912694,0.948380414312618,"B3GNT7_GAPDH/KIR3DL2_ENO1/B3GNT7_ENO1/IL12RB2_GAPDH/KIR2DL4_ENO1/B3GNT7_SUB1/B3GNT7_GPI/TXK_ENO1/TXK_GAPDH/KIR3DL2_GAPDH/B3GNT7_TXN/IKZF2_GAPDH/IL12RB2_ENO1/B3GNT7_HMGA1/KLRC3_GAPDH","TXK_ENO1/IL12RB2_ENO1/KIR3DL2_ENO1/KIR2DL4_ENO1/B3GNT7_ENO1/B3GNT7_HMGA1/B3GNT7_SUB1/REL_MEOX1/AREG_MEOX1/IL32_MEOX1/IL2RB_MEOX1/KLRC2_MEOX1/AREG_PHF5A/B3GNT7_GPI/AREG_HMGB1/AREG_EBI3/AREG_PFN1/IKZF2_GAPDH/TXK_GAPDH/IL12RB2_GAPDH/KIR3DL2_GAPDH/KLRC3_GAPDH/B3GNT7_GAPDH/AREG_CFL1/AREG_TMSB10/AREG_TXN/B3GNT7_TXN/AREG_ARPC1B"
"908",534,534,"CD8+terminal Tex_CD4+CREM+ Tm","CD8+terminal Tex","CD4+CREM+ Tm",26,14,1.181,0.257127109403923,0.751157847696855,0.946704119850187,"DUSP4_AREG/ENTPD1_AREG/ENTPD1_TNFAIP3/IL2RG_SRGN/KRT86_AREG/CXCR6_TNFAIP3/LAYN_AREG/CD74_AREG/DUSP4_TNFAIP3/FASLG_AREG/ETV1_AREG/CXCR6_AREG/IL2RB_AREG/DUSP4_FTH1","CSF1_ZFP36L2/CD70_ZFP36L2/NAMPT_ZFP36L2/ETV1_AREG/IFNG_AREG/FASLG_AREG/CXCR6_AREG/CD74_AREG/IL2RB_AREG/LAYN_AREG/ENTPD1_AREG/KRT86_AREG/DUSP4_AREG/FAM3C_CXCL16/CD70_CXCL16/HAVCR2_CXCL16/DUSP4_FTH1/IL2RG_SRGN/TIGIT_SRGN/CXCR6_TNFAIP3/ENTPD1_TNFAIP3/DUSP4_TNFAIP3/TNFSF4_LMNA/RBPJ_PTGER4/CSF1_PTGER4/NAMPT_PTGER4"
"216",535,535,"CD4+AREG+ Tm_CD8+Temra","CD4+AREG+ Tm","CD8+Temra",24,13,1.188,0.260266381430269,0.757491707147797,0.950317757009346,"CD40LG_GZMB/PTGER2_GNLY/KLF3_S1PR5/ZFP36L2_GNLY/KLF3_GNLY/CD40LG_ZEB2/EEF1B2_S1PR5/PLAC8_GNLY/ZFP36L2_PRSS23/KLF3_ZEB2/PLAC8_FCGR3A/PLAC8_GZMB/TCF7_GNLY","AREG_ASCL2/ANXA1_KLF2/AREG_KLF3/ANXA1_KLF3/KLF3_ZEB2/CD40LG_ZEB2/CD40LG_GZMB/PLAC8_GZMB/AREG_CX3CR1/AREG_FGFBP2/PLAC8_FCGR3A/KLF3_S1PR5/EEF1B2_S1PR5/ZFP36L2_PRSS23/ZFP36L2_GNLY/KLF3_GNLY/TCF7_GNLY/TPT1_GNLY/PTGER2_GNLY/PLAC8_GNLY/AREG_FGR/TCF7_C1orf21/AREG_C1orf21/PABPC1_C1orf21"
"280",536,535,"CD8+KIR+EOMES+ NK-like_CD8+KIR+TXK+ NK-like","CD8+KIR+EOMES+ NK-like","CD8+KIR+TXK+ NK-like",24,13,1.188,0.260266381430269,0.757491707147797,0.950317757009346,"GCSAM_AREG/IKZF2_AREG/LITAF_AREG/XCL1_AREG/CD160_AREG/IFNGR1_AREG/ZNF331_AREG/GCSAM_LAT2/TYROBP_AREG/CD74_AREG/GCSAM_FAM3C/GCSAM_FOSL2/IL2RB_AREG","NR4A2_TXK/KLRD1_TXK/DUSP2_TXK/GCSAM_FOSL2/IKZF2_AREG/LITAF_AREG/ZNF331_AREG/XCL2_AREG/XCL1_AREG/IFNGR1_AREG/CD74_AREG/IL2RB_AREG/CD160_AREG/TYROBP_AREG/GCSAM_AREG/GCSAM_FAM3C/IKZF2_KIR3DL2/GCSAM_LAT2/NR4A2_B3GNT7/ZNF331_B3GNT7/IFNGR1_B3GNT7/CD74_B3GNT7/IL2RB_B3GNT7/TYROBP_B3GNT7"
"467",537,537,"CD4+NME1+CCR4- T_CD8+OXPHOS- Tex","CD4+NME1+CCR4- T","CD8+OXPHOS- Tex",6,4,1.462,0.264936491840682,0.759744351601955,0.970707635009311,"MEOX1_CSF1/EBI3_CSF1/MEOX1_TNFRSF9/MEOX1_TIGIT","MEOX1_CSF1/EBI3_CSF1/GAPDH_ENTPD1/MEOX1_TNFRSF9/MEOX1_TIGIT/ENO1_KIR2DL4"
"471",538,537,"CD8+ZNF683+CXCR6- Tm_CD8+TCF7+ Tex","CD8+ZNF683+CXCR6- Tm","CD8+TCF7+ Tex",6,4,1.462,0.264936491840682,0.759744351601955,0.970707635009311,"CD52_IGFL2/PFN1_NMB/ACTB_IGFL2/CD52_NMB","ZNF683_CD40LG/GZMA_IGFL2/ACTB_IGFL2/CD52_IGFL2/CD52_NMB/PFN1_NMB"
"763",539,537,"CD4+TIMP1+ Tm_CD4+IL7R- Tn","CD4+TIMP1+ Tm","CD4+IL7R- Tn",6,4,1.462,0.264936491840682,0.759744351601955,0.970707635009311,"FLT3LG_EEF1A1/FLT3LG_NACA/FLT3LG_ACTG1/LMO4_ACTG1","FLT3LG_EEF1A1/LMO4_ACTG1/FLT3LG_ACTG1/FLT3LG_NACA/FLT3LG_BTF3/ANXA1_BTF3"
"765",540,537,"CD4+CCL5+ Tm_CD4+IL7R- Tn","CD4+CCL5+ Tm","CD4+IL7R- Tn",6,4,1.462,0.264936491840682,0.759744351601955,0.970707635009311,"ID2_NACA/ID2_EEF1A1/PTGER4_EEF1B2/PARP8_NACA","PTGER4_EEF1B2/ID2_EEF1A1/ID2_NACA/PARP8_NACA/PTGER4_NACA/ANXA1_BTF3"
"877",541,537,"CD4+ADSL+ Tn_CD4+TIMP1+ Tm","CD4+ADSL+ Tn","CD4+TIMP1+ Tm",6,4,1.462,0.264936491840682,0.759744351601955,0.970707635009311,"DGKA_VIM/KLF2_ANXA1/IL6R_ANXA1/KLF2_TIMP1","KLF2_TIMP1/PASK_FLT3LG/KLF2_ANXA1/IL6R_ANXA1/COTL1_VIM/DGKA_VIM"
"940",542,537,"CD8+GZMK+ early Tem_CD4+CCL5+ Tm","CD8+GZMK+ early Tem","CD4+CCL5+ Tm",6,4,1.462,0.264936491840682,0.759744351601955,0.970707635009311,"ENC1_NR4A2/PIK3R1_NR4A2/DKK3_NR4A2/CCR4_CCL4","DKK3_NR4A2/ENC1_NR4A2/PIK3R1_NR4A2/DUSP2_CD40LG/CCR4_CCL4/DUSP2_PTGER4"
"950",543,537,"CD8+ISG+ CD8+ T_CD4+CCL5+ Tm","CD8+ISG+ CD8+ T","CD4+CCL5+ Tm",6,4,1.462,0.264936491840682,0.759744351601955,0.970707635009311,"IFI6_ANXA1/CMPK2_CCL4/IFI44L_CCL4/OAS1_NR4A2","STAT2_ID2/OAS1_NR4A2/IFI44L_CCL4/CMPK2_CCL4/IFI6_ANXA1/OAS1_ALOX5AP"
"996",544,537,"CD4+TNF+ T_CD4+CAPG+ Tm","CD4+TNF+ T","CD4+CAPG+ Tm",6,4,1.462,0.264936491840682,0.759744351601955,0.970707635009311,"ID2_RBPJ/ID2_BHLHE40/CXCR3_ALOX5AP/CD40LG_TGFB1","ID2_BHLHE40/CXCR3_BHLHE40/ID2_RBPJ/CD40LG_TGFB1/LCP2_CD40LG/CXCR3_ALOX5AP"
"1101",545,545,"CD8+ZNF683+CXCR6+ Trm_CD4+Temra","CD8+ZNF683+CXCR6+ Trm","CD4+Temra",20,11,1.207,0.266236068715284,0.759873292313599,0.957467889908257,"CXCR3_GNLY/ZFP36L2_GNLY/CXCR3_ZEB2/ID2_GNLY/CXCR3_S1PR5/CXCR3_PRSS23/LDLRAD4_PRSS23/ZFP36L2_PRSS23/CD52_GZMB/CD52_GNLY/XCL2_GNLY","LGALS1_HOPX/CXCR3_ZEB2/GZMB_GZMH/CD52_GZMB/LDLRAD4_XCL2/RBPJ_CX3CR1/ID2_GNLY/ZFP36L2_GNLY/XCL2_GNLY/CXCR3_GNLY/CD52_GNLY/CXCR3_S1PR5/RBPJ_C1orf21/CKLF_C1orf21/ITGA1_C1orf21/GZMB_PRF1/ZFP36L2_PRSS23/CXCR3_PRSS23/CAPG_PRSS23/LDLRAD4_PRSS23"
"846",546,546,"CD4+GZMK+ Tem_CD4+AREG+ Tm","CD4+GZMK+ Tem","CD4+AREG+ Tm",18,10,1.219,0.268937083272426,0.759873292313599,0.963443223443224,"CXCR3_AREG/F2R_AREG/LITAF_AREG/NFATC2_PABPC1/ENC1_AREG/ITM2C_AREG/ENC1_PABPC1/CD74_AREG/FASLG_AREG/CXCR3_PABPC1","NR4A2_ZFP36L2/LITAF_KLF3/NR4A2_KLF3/CCL3_KLF3/NR4A2_CD40LG/LITAF_AREG/IFNG_AREG/FASLG_AREG/CD74_AREG/CXCR3_AREG/ENC1_AREG/ITM2C_AREG/F2R_AREG/NFATC2_PABPC1/CXCR3_PABPC1/ENC1_PABPC1/NR4A2_S1PR1/TNFSF9_PTGER2"
"899",547,546,"CD8+IL7R+ Tm_CD4+CREM+ Tm","CD8+IL7R+ Tm","CD4+CREM+ Tm",18,10,1.219,0.268937083272426,0.759873292313599,0.963443223443224,"TSC22D3_SRGN/RGCC_AREG/LMNA_AREG/TSC22D3_CREM/ZFP36L2_AREG/LMNA_ZNF331/BTG1_AREG/ZFP36L2_NR4A2/ZFP36L2_TNFAIP3/TSC22D3_NR4A2","TSC22D3_CREM/TNFAIP3_ZFP36L2/PABPC1_ZFP36L2/LMNA_ZNF331/ZFP36L2_NR4A2/TSC22D3_NR4A2/ZFP36L2_AREG/BTG1_AREG/LMNA_AREG/RGCC_AREG/FTH1_CXCL16/TNFAIP3_GZMK/FTH1_GPR35/TSC22D3_SRGN/RGCC_FAM177A1/ZFP36L2_TNFAIP3/TNFAIP3_YPEL5/TSC22D3_ANXA1"
"1152",548,548,"CD4+TNF+ T_CD4+CCR6+ Th17","CD4+TNF+ T","CD4+CCR6+ Th17",16,9,1.234,0.271308248357471,0.759873292313599,0.982335766423358,"ID2_VIM/SIT1_IL4I1/ID2_BHLHE40/CD40LG_IL4I1/TNF_IL4I1/CCR2_IL4I1/ID2_ANXA1/CD52_IL4I1/CD52_VIM","ID2_BHLHE40/CXCR3_BHLHE40/LCP2_CD40LG/ID2_ANXA1/CD40LG_IL4I1/TNF_IL4I1/CCR2_IL4I1/CXCR3_IL4I1/CD52_IL4I1/SIT1_IL4I1/ID2_VIM/CD52_VIM/CKLF_ABCB1/CISH_ABCB1/CAPG_ABCB1/CD99_ABCB1"
"1369",549,548,"CD8+GZMK+ early Tem_CD4+TNFRSF9+ Treg","CD8+GZMK+ early Tem","CD4+TNFRSF9+ Treg",16,9,1.234,0.271308248357471,0.759873292313599,0.982335766423358,"ENC1_NAMPT/PIK3R1_PMAIP1/ENC1_PMAIP1/CXCR5_NAMPT/CXCR5_TNFRSF4/ENC1_IKZF2/CMC1_PMAIP1/CXCR5_IL32/CXCR5_CD70","ENC1_IKZF2/CXCR5_IL32/CXCR5_NAMPT/ENC1_NAMPT/CD74_EBI3/DUSP2_CCL22/CXCR5_CD70/CXCR4_IL1RN/CXCR5_TNFRSF9/CST7_TIGIT/CST7_CTLA4/CXCR5_TNFRSF4/CMC1_TNFRSF4/CMC1_PMAIP1/ENC1_PMAIP1/PIK3R1_PMAIP1"
"276",550,550,"CD8+ZNF683+CXCR6- Tm_CD8+KIR+TXK+ NK-like","CD8+ZNF683+CXCR6- Tm","CD8+KIR+TXK+ NK-like",8,5,1.371,0.271552928594861,0.759873292313599,0.980090909090909,"CD52_AREG/SIT1_AREG/TRAF3IP3_AREG/MYL12A_AREG/PFN1_AREG","CD52_AREG/TRAF3IP3_AREG/SIT1_AREG/MYL12A_AREG/PFN1_AREG/ZNF683_B3GNT7/IL32_B3GNT7/CISH_B3GNT7"
"328",551,550,"CD4+Tn_CD8+ZNF683+CXCR6+ Trm","CD4+Tn","CD8+ZNF683+CXCR6+ Trm",8,5,1.371,0.271552928594861,0.759873292313599,0.980090909090909,"GIMAP7_RBPJ/GIMAP7_GZMB/GIMAP7_ZNF683/PLAC8_GZMB/EEF1B2_RBPJ","GIMAP7_ZNF683/EEF1A1_ID2/ACTN1_ID2/EEF1B2_RBPJ/GIMAP7_RBPJ/PLAC8_GZMB/GIMAP7_GZMB/PLAC8_SH3BGRL3"
"356",552,550,"CD8+GZMK+ Tem_CD8+GZMK+ Tex","CD8+GZMK+ Tem","CD8+GZMK+ Tex",8,5,1.371,0.271552928594861,0.759873292313599,0.980090909090909,"CXCR3_TRPS1/HLA-DPB1_HAVCR2/CXCR3_PRDM1/HLA-DPA1_NAMPT/HLA-DQA1_CCL4","CXCR3_PRDM1/CXCR3_TRPS1/HLA-DQA1_CCL4/HLA-DPA1_NAMPT/COTL1_CD74/HLA-DPB1_HAVCR2/CST7_CTLA4/CCL4_HLA-DQA1"
"959",553,550,"CD4+TIMP1+ Tm_CD4+CCL5+ Tm","CD4+TIMP1+ Tm","CD4+CCL5+ Tm",8,5,1.371,0.271552928594861,0.759873292313599,0.980090909090909,"CD40LG_NR4A2/S100A10_NR4A2/LMO4_BHLHE40/S100A10_ANXA1/KLF2_ANXA1","ANXA1_ID2/VIM_ID2/LMO4_BHLHE40/CD40LG_NR4A2/S100A10_NR4A2/KLF2_ANXA1/S100A10_ANXA1/VIM_PARP8"
"1267",554,550,"CD4+ADSL+ Tn_CD4+IFNG+ Tfh/Th1","CD4+ADSL+ Tn","CD4+IFNG+ Tfh/Th1",8,5,1.371,0.271552928594861,0.759873292313599,0.980090909090909,"ANKRD55_RBPJ/IL6R_LAG3/TCF7_PTMS/KLF2_PDE7B/TXK_HAVCR2","TXK_BHLHE40/ANKRD55_RBPJ/TXK_CCL3/COTL1_CD74/IL6R_LAG3/TXK_HAVCR2/TCF7_PTMS/KLF2_PDE7B"
"54",555,555,"CD8+NME1+ T_CD8+IL7R+ Tm","CD8+NME1+ T","CD8+IL7R+ Tm",14,8,1.254,0.273171123329152,0.759873292313599,0.99627027027027,"CXCR3_TNFAIP3/MYB_PABPC1/MYB_RGCC/CXCR3_RGCC/HMGB1_GPR183/GTF3A_GPR183/MXD3_FTH1/CXCR3_PABPC1","GAPDH_ZFP36L2/GAPDH_TSC22D3/ENO1_BTG1/GAPDH_BTG1/ENO1_LMNA/GAPDH_LMNA/CXCR3_TNFAIP3/MXD3_FTH1/MYB_RGCC/CXCR3_RGCC/GTF3A_GPR183/HMGB1_GPR183/MYB_PABPC1/CXCR3_PABPC1"
"262",556,555,"CD4+Temra_CD8+KIR+EOMES+ NK-like","CD4+Temra","CD8+KIR+EOMES+ NK-like",14,8,1.254,0.273171123329152,0.759873292313599,0.99627027027027,"C1orf21_ZNF331/C1orf21_NR4A2/C1orf21_LITAF/C1orf21_CD160/FGFBP2_TNFSF9/TBX21_DUSP2/FGFBP2_KLRD1/C1orf21_TNFSF9","C1orf21_NR4A2/C1orf21_LITAF/C1orf21_ZNF331/GNLY_XCL2/FGFBP2_TNFSF9/C1orf21_TNFSF9/ZEB2_CD160/C1orf21_CD160/FGFBP2_KLRD1/GNLY_KLRG1/GNLY_GCSAM/S1PR5_GCSAM/PRSS23_GCSAM/TBX21_DUSP2"
"1148",557,555,"CD4+Tn_CD4+CCR6+ Th17","CD4+Tn","CD4+CCR6+ Th17",14,8,1.254,0.273171123329152,0.759873292313599,0.99627027027027,"LINC00861_MYBL1/LINC00861_IL4I1/GIMAP7_IL4I1/GIMAP7_MYBL1/FHIT_MYBL1/TPT1_VIM/KLF2_ANXA1/KLF2_TIMP1","TXK_BHLHE40/GIMAP7_MYBL1/LINC00861_MYBL1/FHIT_MYBL1/KLF2_TIMP1/EEF1A1_FLT3LG/ACTN1_FLT3LG/KLF2_ANXA1/SELL_IL4I1/GIMAP7_IL4I1/MAL_IL4I1/LINC00861_IL4I1/TPT1_VIM/FHIT_ABCB1"
"1318",558,555,"CD4+IL26+ Th17_CD4+TNFRSF9- Treg","CD4+IL26+ Th17","CD4+TNFRSF9- Treg",14,8,1.254,0.273171123329152,0.759873292313599,0.99627027027027,"IL17RE_IKZF2/IL17RE_ARID5B/IL17RE_IKZF4/IL17RE_RTKN2/IL23R_ARID5B/IL23R_IKZF2/IL22_STAM/ID2_IKZF4","IL4I1_FOXP3/IL23R_IKZF2/IL17RE_IKZF2/IL23R_ARID5B/IL17RE_ARID5B/ID2_IKZF4/IL17RE_IKZF4/ANKRD28_IKZF4/IL17RE_RTKN2/IL4I1_FCRL3/IL4I1_SELL/CEBPD_VAV3/IL22_STAM/IL17RE_STAM"
"917",559,559,"CD4+IL7R- Tn_CD4+CREM+ Tm","CD4+IL7R- Tn","CD4+CREM+ Tm",10,6,1.316,0.274006123739756,0.759873292313599,0.994042933810376,"LDHB_AREG/ACTG1_SRGN/BTF3_ANXA1/EEF1B2_FTH1/FAU_AREG/EEF1B2_SRGN","EEF1A1_AREG/LDHB_AREG/FAU_AREG/EEF1B2_FTH1/EEF1B2_SRGN/ACTG1_SRGN/FAU_SRGN/BTF3_ANXA1/EEF1B2_PTGER4/NACA_PTGER4"
"943",560,559,"CD8+KIR+EOMES+ NK-like_CD4+CCL5+ Tm","CD8+KIR+EOMES+ NK-like","CD4+CCL5+ Tm",10,6,1.316,0.274006123739756,0.759873292313599,0.994042933810376,"GCSAM_ANXA1/GCSAM_BHLHE40/GCSAM_ALOX5AP/CD160_BHLHE40/GCSAM_CD99/GCSAM_PARP8","NR4A2_ZFP36L2/CD160_BHLHE40/GCSAM_BHLHE40/NR4A2_CD40LG/DUSP2_CD40LG/GCSAM_ANXA1/GCSAM_ALOX5AP/GCSAM_PARP8/DUSP2_PTGER4/GCSAM_CD99"
"278",561,561,"CD8+GZMK+ Tem_CD8+KIR+TXK+ NK-like","CD8+GZMK+ Tem","CD8+KIR+TXK+ NK-like",12,7,1.28,0.274236322802921,0.759873292313599,0.990748663101604,"CXCR3_AREG/HLA-DPB1_AREG/ITM2C_AREG/HLA-DRB1_AREG/HLA-DPA1_AREG/CD74_AREG/HLA-DRB5_AREG","CD74_AREG/CXCR3_AREG/HLA-DRB1_AREG/HLA-DPA1_AREG/HLA-DPB1_AREG/HLA-DRB5_AREG/ITM2C_AREG/SUB1_B3GNT7/IL32_B3GNT7/CD74_B3GNT7/CST7_B3GNT7/APOBEC3G_B3GNT7"
"1037",562,561,"CD4+TIMP1+ Tm_CD4+CAPG+CREM- Tm","CD4+TIMP1+ Tm","CD4+CAPG+CREM- Tm",12,7,1.28,0.274236322802921,0.759873292313599,0.990748663101604,"CD40LG_GZMB/LMO4_BHLHE40/S100A10_ANXA1/CD52_GZMB/KLF2_ANXA1/CD40LG_ZNF683/S100A6_GZMB","ANXA1_ID2/VIM_ID2/LMO4_BHLHE40/CD40LG_ZNF683/CD40LG_GZMB/CD52_GZMB/S100A6_GZMB/VIM_GPR35/VIM_CD52/KLF2_ANXA1/S100A10_ANXA1/ANXA1_TMSB4X"
"1213",563,561,"CD8+GZMK+ early Tem_CD4+IL21+ Tfh","CD8+GZMK+ early Tem","CD4+IL21+ Tfh",12,7,1.28,0.274236322802921,0.759873292313599,0.990748663101604,"DKK3_IGFL2/PIK3R1_NR3C1/ENC1_RBPJ/ENC1_PDE7B/PIK3R1_CD200/PIK3R1_IGFL2/CXCR5_CD200","CXCR5_NR3C1/PIK3R1_NR3C1/ENC1_RBPJ/DUSP2_CD40LG/DUSP2_IL6R/CXCR5_CD200/PIK3R1_CD200/DKK3_IGFL2/PIK3R1_IGFL2/DUSP2_BTLA/ENC1_PDE7B/CST7_ITM2A"
"1387",564,564,"CD4+AREG+ Tm_CD4+TNFRSF9+ Treg","CD4+AREG+ Tm","CD4+TNFRSF9+ Treg",41,21,1.124,0.283791456223176,0.784955091681124,0.986613475177305,"KLF3_PMAIP1/PTGER2_PMAIP1/KLF3_NAMPT/CD40LG_CSF1/S1PR1_NAMPT/PTGER2_NAMPT/CD40LG_TNFRSF9/KLF3_CSF1/GPR183_NAMPT/ZFP36L2_CD70/CD40LG_TNFRSF4/PLAC8_PMAIP1/ZFP36L2_PMAIP1/EEF1B2_NAMPT/ZFP36L2_CSF1/ZFP36L2_NAMPT/PTGER2_CD70/TCF7_TNFRSF4/EEF1B2_PMAIP1/CD40LG_PMAIP1/CD40LG_NAMPT","AREG_BATF/AREG_IKZF2/PABPC1_IKZF4/PABPC1_ZBTB32/ZFP36L2_NAMPT/KLF3_NAMPT/CD40LG_NAMPT/GPR183_NAMPT/EEF1B2_NAMPT/S1PR1_NAMPT/PTGER2_NAMPT/AREG_EBI3/PABPC1_EBI3/AREG_CCL22/ZFP36L2_CSF1/KLF3_CSF1/CD40LG_CSF1/ZFP36L2_CD70/TCF7_CD70/PTGER2_CD70/AREG_IL1RN/CXCR4_IL1RN/ANXA1_IL1RN/AREG_IL7/PABPC1_IL7/AREG_IL2RB/AREG_CD74/AREG_LAYN/CD40LG_TNFRSF9/TCF7_TNFRSF4/CD40LG_TNFRSF4/AREG_CARD16/ANXA1_CARD16/GPR183_CARD16/AREG_LAIR2/ZFP36L2_PMAIP1/KLF3_PMAIP1/CD40LG_PMAIP1/EEF1B2_PMAIP1/PTGER2_PMAIP1/PLAC8_PMAIP1"
"1238",565,565,"CD4+Temra_CD4+IL21+ Tfh","CD4+Temra","CD4+IL21+ Tfh",35,18,1.128,0.298589673442404,0.824424585079912,0.987929203539823,"C1orf21_GNG4/C1orf21_NR3C1/CX3CR1_TOX2/C1orf21_IGFL2/C1orf21_NMB/HOPX_TNFSF4/C1orf21_RBPJ/CX3CR1_RBPJ/C1orf21_TNFSF4/C1orf21_TOX/C1orf21_TOX2/IL5RA_TOX2/CX3CR1_CD200/IL5RA_CD200/C1orf21_CD200/IL5RA_NMB/C1orf21_PDE7B/ZEB2_IGFL2","C1orf21_NR3C1/CX3CR1_TOX2/IL5RA_TOX2/C1orf21_TOX2/CX3CR1_TOX/C1orf21_TOX/GNLY_TSHZ2/S1PR5_TSHZ2/C1orf21_TSHZ2/CX3CR1_RBPJ/C1orf21_RBPJ/S1PR5_IL21/HOPX_TNFSF4/C1orf21_TNFSF4/ZEB2_CD40LG/ZNF683_CD40LG/GZMB_CD40LG/GNLY_IL6R/S1PR5_IL6R/C1orf21_GNG4/CX3CR1_CD200/IL5RA_CD200/C1orf21_CD200/IL5RA_NMB/C1orf21_NMB/ZEB2_IGFL2/GZMA_IGFL2/CX3CR1_IGFL2/C1orf21_IGFL2/CTSW_IGFL2/GNLY_CPM/C1orf21_PDE7B/ZEB2_ITM2A/IL18RAP_ITM2A/GNLY_ITM2A"
"363",566,566,"CD8+TCF7+ Tex_CD8+GZMK+ Tex","CD8+TCF7+ Tex","CD8+GZMK+ Tex",33,17,1.13,0.303874649517618,0.83605723676805,0.987862190812721,"CPM_HAVCR2/BATF_TRPS1/SESN3_TRPS1/CD40LG_TNFSF4/EBI3_CD74/TSHZ2_TRPS1/CPM_TNFSF4/TNFSF8_HAVCR2/BTLA_TNFSF4/CD40LG_TNFRSF9/BATF_TSC22D1/CD40LG_HAVCR2/TCF7_PRDM1/SESN3_TOX/CD40LG_NAMPT/IL6R_NAMPT/CCR4_CCL4","SESN3_TOX/BATF_TSC22D1/TCF7_PRDM1/TSHZ2_TRPS1/BATF_TRPS1/CPM_TRPS1/SESN3_TRPS1/IGFL2_GZMA/CD40LG_TNFSF4/CPM_TNFSF4/BTLA_TNFSF4/CCR4_CCL4/IGFL2_IFNG/BATF_NAMPT/CD40LG_NAMPT/IL6R_NAMPT/EBI3_CD74/NR3C1_CXCR6/TNFRSF4_CXCR6/TNFSF8_HAVCR2/CD40LG_HAVCR2/CPM_HAVCR2/NR3C1_CD27/CXCL13_CD27/TNFRSF4_CD27/IGFL2_CD27/NR3C1_LYST/CD200_LYST/IGFL2_LYST/NMB_LYST/TNFRSF4_DUSP4/CD40LG_TNFRSF9/CD200_HLA-DQA1"
"858",567,566,"CD4+NME1+CCR4+ T_CD4+AREG+ Tm","CD4+NME1+CCR4+ T","CD4+AREG+ Tm",33,17,1.13,0.303874649517618,0.83605723676805,0.987862190812721,"FLT3LG_EEF1A1/IL6R_AREG/ARHGDIB_AREG/IL6R_PABPC1/TMSB10_AREG/FLT3LG_AREG/ARPC1B_AREG/HDAC1_AREG/IFNAR2_AREG/FLT3LG_PABPC1/HMGB1_AREG/HMGB1_GPR183/IFNAR2_PABPC1/KLF2_ANXA1/CD74_AREG/PFN1_AREG/IL6R_ANXA1","CMTM7_ZFP36L2/ARHGDIB_ZFP36L2/TPM4_ZFP36L2/CNN2_KLF2/SUB1_KLF3/ENO1_KLF3/CMTM7_KLF3/CNN2_KLF3/TPM4_KLF3/ENO1_CD40LG/CNN2_CD40LG/HDAC1_AREG/SCAND1_AREG/HMGB1_AREG/FLT3LG_AREG/CD74_AREG/IL6R_AREG/IFNAR2_AREG/PFN1_AREG/TMSB10_AREG/ARPC1B_AREG/ARHGDIB_AREG/KLF2_ANXA1/IL6R_ANXA1/ENO1_EEF1A1/FLT3LG_EEF1A1/HMGB1_GPR183/FLT3LG_PABPC1/IL6R_PABPC1/IFNAR2_PABPC1/ENO1_EEF1B2/ENO1_PTGER2/ENO1_PLAC8"
"1495",568,568,"CD8+TCF7+ Tex_CD4+NME1+CCR4- T","CD8+TCF7+ Tex","CD4+NME1+CCR4- T",29,15,1.135,0.315065990409842,0.865322086336889,0.988978873239437,"CD40LG_ENO1/IL6R_GAPDH/EBI3_ENO1/TCF7_GPI/CD40LG_GPI/BATF_GAPDH/NR3C1_GAPDH/TCF7_GAPDH/IL6R_ENO1/IL6R_TMSB10/IL6R_GPI/IFNAR2_GAPDH/TSHZ2_GAPDH/BATF_ENO1/TNFSF8_GAPDH","BATF_ENO1/EBI3_ENO1/CD40LG_ENO1/IL6R_ENO1/CPM_ENO1/NR3C1_MEOX1/TOX_MEOX1/GNG4_MEOX1/TNFRSF4_MEOX1/IGFL2_MEOX1/IGFBP4_MEOX1/IGFL2_PHF5A/NMB_PHF5A/TCF7_GPI/CD40LG_GPI/IL6R_GPI/NMB_HMGB1/IGFL2_EBI3/IGFL2_ACTB/NMB_PFN1/TSHZ2_GAPDH/TCF7_GAPDH/NR3C1_GAPDH/BATF_GAPDH/TNFSF8_GAPDH/IL6R_GAPDH/IFNAR2_GAPDH/IL6R_TMSB10/NMB_TXN"
"832",569,569,"CD8+TCF7+ Tex_CD4+AREG+ Tm","CD8+TCF7+ Tex","CD4+AREG+ Tm",27,14,1.137,0.321012316566578,0.87702139026946,0.990210896309315,"IL6R_AREG/CD40LG_AREG/TNFSF8_AREG/IL6R_PABPC1/BATF_AREG/IFNAR2_AREG/SESN3_AREG/NMB_AREG/EBI3_AREG/IFNAR2_PABPC1/CPM_AREG/IL6R_ANXA1/EBI3_PABPC1/CD40LG_PABPC1","IGFL2_KLF2/NR3C1_KLF3/CD200_KLF3/GNG4_KLF3/NMB_KLF3/TNFRSF4_TCF7/TNFRSF4_CD40LG/IGFL2_CD40LG/BATF_AREG/EBI3_AREG/TNFSF8_AREG/CD40LG_AREG/IL6R_AREG/IFNAR2_AREG/CPM_AREG/NMB_AREG/SESN3_AREG/IL6R_ANXA1/IGFL2_EEF1A1/CD200_TPT1/IGFL2_TPT1/EBI3_PABPC1/CD40LG_PABPC1/IL6R_PABPC1/IFNAR2_PABPC1/NR3C1_PTGER2/IGFL2_PTGER2"
"1114",570,569,"CD4+AREG+ Tm_CD4+Temra","CD4+AREG+ Tm","CD4+Temra",27,14,1.137,0.321012316566578,0.87702139026946,0.990210896309315,"CD40LG_GZMB/PTGER2_GNLY/KLF3_S1PR5/ZFP36L2_GNLY/KLF3_GNLY/CD40LG_ZEB2/EEF1B2_S1PR5/PLAC8_GNLY/ZFP36L2_PRSS23/KLF3_IL18RAP/KLF3_ZEB2/CD40LG_ZNF683/PLAC8_GZMB/TCF7_GNLY","AREG_HOPX/KLF3_ZEB2/CD40LG_ZEB2/CD40LG_ZNF683/CD40LG_GZMB/PLAC8_GZMB/AREG_XCL2/KLF3_CCL3/AREG_FASLG/AREG_CX3CR1/AREG_IL5RA/KLF3_IL18RAP/AREG_IL18RAP/AREG_FGFBP2/ZFP36L2_GNLY/KLF3_GNLY/TCF7_GNLY/TPT1_GNLY/PTGER2_GNLY/PLAC8_GNLY/KLF3_S1PR5/EEF1B2_S1PR5/TCF7_C1orf21/AREG_C1orf21/PABPC1_C1orf21/PABPC1_CTSW/ZFP36L2_PRSS23"
"1510",571,569,"CD4+GZMK+ Tem_CD4+NME1+CCR4- T","CD4+GZMK+ Tem","CD4+NME1+CCR4- T",27,14,1.137,0.321012316566578,0.87702139026946,0.990210896309315,"NFATC2_ENO1/ENC1_ENO1/CXCR3_GAPDH/NFATC2_GPI/IFNG_GAPDH/LITAF_GAPDH/F2R_ACTG1/CXCR3_GPI/NFATC2_ACTG1/F2R_ENO1/F2R_SUB1/ENC1_GAPDH/CXCR3_ENO1/ENC1_HMGA1","NFATC2_ENO1/CD74_ENO1/CXCR3_ENO1/ENC1_ENO1/F2R_ENO1/ENC1_HMGA1/TNFSF9_SUB1/F2R_SUB1/NR4A2_MEOX1/CCL4_MEOX1/GZMA_MEOX1/FASLG_MEOX1/CCR5_MEOX1/CST7_MEOX1/CRTAM_MEOX1/CCL4L2_MEOX1/AOAH_MEOX1/DTHD1_MEOX1/NFATC2_GPI/CXCR3_GPI/CD74_EBI3/NFATC2_ACTG1/F2R_ACTG1/LITAF_GAPDH/IFNG_GAPDH/CXCR3_GAPDH/ENC1_GAPDH"
"300",572,572,"CD4+GZMK+ Tem_CD8+KIR+TXK+ NK-like","CD4+GZMK+ Tem","CD8+KIR+TXK+ NK-like",21,11,1.149,0.340578019532713,0.927228116005292,0.999755244755245,"CXCR3_AREG/F2R_AREG/LITAF_AREG/ENC1_AREG/ITM2C_AREG/ENC1_REL/NFATC2_IL32/ENC1_IKZF2/CD74_AREG/FASLG_AREG/F2R_REL","ENC1_IKZF2/RUNX3_TXK/NR4A2_TXK/CCL3_TXK/ENC1_REL/F2R_REL/LITAF_AREG/IFNG_AREG/FASLG_AREG/CD74_AREG/CXCR3_AREG/ENC1_AREG/ITM2C_AREG/F2R_AREG/NFATC2_IL32/ENC1_IL12RB2/NR4A2_B3GNT7/CD74_B3GNT7/CD4_B3GNT7/CST7_B3GNT7/CCL4L2_B3GNT7"
"826",573,572,"CD8+KIR+EOMES+ NK-like_CD4+AREG+ Tm","CD8+KIR+EOMES+ NK-like","CD4+AREG+ Tm",21,11,1.149,0.340578019532713,0.927228116005292,0.999755244755245,"GCSAM_AREG/IKZF2_AREG/LITAF_AREG/XCL1_AREG/CD160_AREG/IFNGR1_AREG/GCSAM_ANXA1/ZNF331_AREG/TYROBP_AREG/CD74_AREG/IL2RB_AREG","NR4A2_ZFP36L2/NR4A2_KLF3/LITAF_KLF3/ZNF331_KLF3/DUSP2_KLF3/NR4A2_CD40LG/DUSP2_CD40LG/IKZF2_AREG/LITAF_AREG/ZNF331_AREG/XCL2_AREG/XCL1_AREG/IFNGR1_AREG/CD74_AREG/IL2RB_AREG/CD160_AREG/TYROBP_AREG/GCSAM_AREG/GCSAM_ANXA1/NR4A2_S1PR1/TNFSF9_PTGER2"
"1154",574,574,"CD4+TIMP1+ Tm_CD4+CCR6+ Th17","CD4+TIMP1+ Tm","CD4+CCR6+ Th17",19,10,1.155,0.347800870736781,0.945221405502179,1,"FLT3LG_VIM/CD40LG_IL4I1/LMO4_BHLHE40/S100A10_ANXA1/S100A6_IL4I1/KLF2_ANXA1/LMO4_VIM/CD52_IL4I1/CD52_VIM/KLF2_TIMP1","LMO4_BHLHE40/VIM_RORA/KLF2_TIMP1/VIM_FLT3LG/VIM_GPR35/KLF2_ANXA1/S100A10_ANXA1/CD40LG_IL4I1/CD52_IL4I1/S100A6_IL4I1/LMO4_VIM/FLT3LG_VIM/CD52_VIM/TIMP1_ABCB1/S100A4_ABCB1/VIM_ABCB1/CAPG_ABCB1/VIM_TPT1/VIM_DPP4"
"913",575,575,"CD8+NME1+ T_CD4+CREM+ Tm","CD8+NME1+ T","CD4+CREM+ Tm",38,19,1.097,0.349004826646958,0.945221405502179,1,"CXCR3_AREG/GTF3A_AREG/MYB_YPEL5/MYB_AREG/ACTG1_SRGN/MYB_CREM/MYB_SRGN/MND1_AREG/CXCR3_TNFAIP3/MXD3_AREG/MYB_IFNGR1/CXCR3_CREM/MYB_FAM177A1/MYB_TGFB1/HMGB1_AREG/CD74_AREG/MYB_CD44/MXD3_FTH1/PFN1_AREG","MYB_CREM/CXCR3_CREM/GAPDH_CREM/GAPDH_ZFP36L2/GAPDH_ZNF331/CXCR3_NR4A2/ENO1_TGFB1/MYB_TGFB1/GTF3A_AREG/MYB_AREG/MXD3_AREG/HMGB1_AREG/CD74_AREG/CXCR3_AREG/MND1_AREG/PFN1_AREG/SKA3_AREG/GAPDH_CXCL16/MYB_IFNGR1/ENO1_GPR35/GPI_GPR35/GAPDH_GPR35/ENO1_CD44/MYB_CD44/MXD3_FTH1/MYB_SRGN/ACTG1_SRGN/MYB_FAM177A1/GAPDH_FAM177A1/CXCR3_TNFAIP3/MYB_YPEL5/GAPDH_YPEL5/ENO1_LMNA/GAPDH_LMNA/ENO1_PTGER4/GPI_PTGER4/GAPDH_PTGER4/KIF20A_PTGER4"
"1500",576,575,"CD4+CXCR5+ pre-Tfh_CD4+NME1+CCR4- T","CD4+CXCR5+ pre-Tfh","CD4+NME1+CCR4- T",38,19,1.097,0.349004826646958,0.945221405502179,1,"CD40LG_ENO1/FAM177A1_GAPDH/MBP_ENO1/FAAH2_GAPDH/CXCR5_GAPDH/IL6ST_GAPDH/CXCR5_ENO1/FAAH2_ENO1/TCF7_GPI/CD40LG_GPI/NR3C1_GAPDH/TCF7_GAPDH/CXCR5_GPI/IL6ST_ENO1/LEF1_GAPDH/TSHZ2_GAPDH/TNFSF8_GAPDH/CMTM8_ENO1/FAAH2_GPI","CMTM8_ENO1/CD40LG_ENO1/CXCR5_ENO1/IL6ST_ENO1/FAAH2_ENO1/MBP_ENO1/NR3C1_MEOX1/NR4A2_MEOX1/AREG_MEOX1/PASK_MEOX1/SLC2A3_MEOX1/PABPC1_MEOX1/IFITM1_MEOX1/AREG_PHF5A/TCF7_GPI/CD40LG_GPI/CXCR5_GPI/FAAH2_GPI/AREG_HMGB1/SLC2A3_HMGB1/AREG_EBI3/SLC2A3_EBI3/PABPC1_EBI3/AREG_PFN1/TCF7_GAPDH/NR3C1_GAPDH/TSHZ2_GAPDH/LEF1_GAPDH/TNFSF8_GAPDH/CXCR5_GAPDH/IL6ST_GAPDH/FAAH2_GAPDH/FAM177A1_GAPDH/AREG_CFL1/AREG_TMSB10/AREG_TXN/AREG_ARPC1B/SLC2A3_CORO1A"
"219",577,577,"CD4+CCL5+ Tm_CD8+Temra","CD4+CCL5+ Tm","CD8+Temra",17,9,1.161,0.355460657714112,0.959304738374685,1,"CD40LG_GZMB/GZMH_GZMB/ZFP36L2_GNLY/ID2_GNLY/CD40LG_ZEB2/PARP8_S1PR5/PARP8_GNLY/ZFP36L2_PRSS23/XCL2_GNLY","ANXA1_KLF2/NR4A2_KLF3/IL18RAP_KLF3/ANXA1_KLF3/CD40LG_ZEB2/CD40LG_GZMB/GZMH_GZMB/ZFP36_CX3CR1/PARP8_S1PR5/ZFP36L2_PRSS23/PTGER4_PRSS23/ZFP36L2_GNLY/ID2_GNLY/XCL2_GNLY/PARP8_GNLY/NR4A2_C1orf21/ITGA1_C1orf21"
"962",578,577,"CD4+CAPG+CREM- Tm_CD4+CCL5+ Tm","CD4+CAPG+CREM- Tm","CD4+CCL5+ Tm",17,9,1.161,0.355460657714112,0.959304738374685,1,"CD40LG_NR4A2/ID2_BHLHE40/TMSB4X_ANXA1/CXCR3_ALOX5AP/GPR35_NR4A2/GPR35_BHLHE40/ZFP36L2_NR4A2/ID2_ANXA1/ZFP36L2_BHLHE40","BHLHE40_ZFP36L2/BHLHE40_ID2/ANXA1_ID2/ID2_BHLHE40/ZFP36L2_BHLHE40/CXCR3_BHLHE40/GPR35_BHLHE40/ZFP36L2_NR4A2/CD40LG_NR4A2/CXCR3_NR4A2/GPR35_NR4A2/ZNF683_CD40LG/GZMB_CD40LG/GZMB_GZMH/ID2_ANXA1/TMSB4X_ANXA1/CXCR3_ALOX5AP"
"225",579,579,"CD4+IL26+ Th17_CD8+Temra","CD4+IL26+ Th17","CD8+Temra",36,18,1.097,0.356049643281374,0.959304738374685,1,"IL17RE_S1PR5/IL17RE_PRSS23/CD40LG_GZMB/IL23R_GNLY/IL23R_PRSS23/IL17RE_ZEB2/IL17RE_GNLY/IL23R_S1PR5/ERN1_GNLY/TNFSF13B_GNLY/ID2_GNLY/CD40LG_ZEB2/RORA_GNLY/IL17RE_FCGR3A/IL23R_ZEB2/IL23R_FCGR3A/IL22_PRSS23/TMIGD2_S1PR5","CEBPD_ASCL2/ANKRD28_ASCL2/ANKRD28_KLF2/CEBPD_KLF3/RUNX2_KLF3/IL4I1_KLF3/ANKRD28_KLF3/CD40LG_ZEB2/IL23R_ZEB2/IL17RE_ZEB2/CEBPD_TBX21/ANKRD28_TBX21/CD40LG_GZMB/RUNX2_CX3CR1/IL4I1_CX3CR1/ANKRD28_CX3CR1/IL23R_FCGR3A/IL17RE_FCGR3A/IL22_S1PR5/IL23R_S1PR5/IL17RE_S1PR5/TMIGD2_S1PR5/IL22_PRSS23/IL23R_PRSS23/IL17RE_PRSS23/CAPG_PRSS23/RORA_GNLY/ID2_GNLY/TNFSF13B_GNLY/IL23R_GNLY/IL17RE_GNLY/ERN1_GNLY/CEBPD_C1orf21/RUNX2_C1orf21/CKLF_C1orf21/ANKRD28_C1orf21"
"196",580,580,"CD8+Tn_CD8+Temra","CD8+Tn","CD8+Temra",15,8,1.17,0.363631559777776,0.97468253136311,1,"IL6R_GNLY/FLT3LG_S1PR5/TXK_KLRD1/EEF1B2_S1PR5/IL6R_S1PR5/IFNGR2_FCGR3A/TXK_PLEK/TCF7_GNLY","TIMP1_KLF2/LEF1_KLF3/IFNGR2_FCGR3A/FLT3LG_S1PR5/IL6R_S1PR5/EEF1B2_S1PR5/TCF7_GNLY/IL6R_GNLY/TPT1_GNLY/TXK_KLRD1/TXK_PLEK/TCF7_C1orf21/TIMP1_C1orf21/ACTN1_C1orf21/PABPC1_C1orf21"
"222",581,580,"CD4+GZMK+ Tem_CD8+Temra","CD4+GZMK+ Tem","CD8+Temra",15,8,1.17,0.363631559777776,0.97468253136311,1,"CXCR3_GNLY/NFATC2_ZEB2/GZMH_GZMB/CXCR3_ZEB2/CXCR3_FCGR3A/CXCR3_S1PR5/CXCR3_PRSS23/CRTAM_GZMB","LITAF_KLF3/NR4A2_KLF3/CCL3_KLF3/NFATC2_ZEB2/CXCR3_ZEB2/GZMH_GZMB/CRTAM_GZMB/TNFSF9_FGFBP2/CXCR3_FCGR3A/CXCR3_S1PR5/CXCR3_PRSS23/CXCR3_GNLY/LITAF_C1orf21/NR4A2_C1orf21/TNFSF9_C1orf21"
"349",582,580,"CD4+ISG+ Th_CD8+ZNF683+CXCR6+ Trm","CD4+ISG+ Th","CD8+ZNF683+CXCR6+ Trm",15,8,1.17,0.363631559777776,0.97468253136311,1,"SP100_RBPJ/IFIT3_GZMB/IFI6_RBPJ/IFI44L_GZMB/IFIT2_GZMB/MX1_GZMB/IFIT1_GZMB/TNFSF10_RBPJ","IFI16_ID2/IFIT2_ID2/SP100_RBPJ/TNFSF10_RBPJ/MX1_RBPJ/IFI6_RBPJ/IFIT3_GZMB/IFIT1_GZMB/IFI44L_GZMB/MX1_GZMB/IFIT2_GZMB/IFI16_CXCR3/SP100_LGALS1/IFI16_LDLRAD4/RSAD2_LDLRAD4"
"147",583,583,"CD4+IL26+ Th17_CD8+GZMK+ early Tem","CD4+IL26+ Th17","CD8+GZMK+ early Tem",13,7,1.181,0.372412207635304,0.986354913261587,1,"CD40LG_DUSP2/IL23R_CRTAM/IL17RE_CD44/KLRB1_CST7/IL17RE_DUSP2/IL17RE_CMC1/IL23R_CXCR5","IL4I1_CXCR4/IL23R_CXCR5/ANKRD28_CXCR5/IL17RE_CD44/CD40LG_DUSP2/IL17RE_DUSP2/IL17RE_CMC1/ANKRD28_CMC1/KLRB1_CST7/IL4I1_TRAT1/RUNX2_PIK3R1/ANKRD28_PIK3R1/IL23R_CRTAM"
"306",584,583,"CD4+TNFRSF9- Treg_CD8+KIR+TXK+ NK-like","CD4+TNFRSF9- Treg","CD8+KIR+TXK+ NK-like",13,7,1.181,0.372412207635304,0.986354913261587,1,"IKZF2_AREG/VAV3_AREG/TTN_AREG/CEACAM4_AREG/FCRL3_AREG/RTKN2_AREG/SELL_AREG","IKZF2_AREG/RTKN2_AREG/FCRL3_AREG/CEACAM4_AREG/SELL_AREG/VAV3_AREG/TTN_AREG/IKZF2_KIR3DL2/ARID5B_B3GNT7/RTKN2_B3GNT7/TBC1D4_B3GNT7/SELL_B3GNT7/STAM_B3GNT7"
"334",585,583,"CD4+TIMP1+ Tm_CD8+ZNF683+CXCR6+ Trm","CD4+TIMP1+ Tm","CD8+ZNF683+CXCR6+ Trm",13,7,1.181,0.372412207635304,0.986354913261587,1,"CD40LG_GZMB/HOPX_LGALS1/FLT3LG_RBPJ/LMO4_LGALS1/CD52_GZMB/CD40LG_ZNF683/S100A6_GZMB","CD40LG_ZNF683/ANXA1_ID2/VIM_ID2/FLT3LG_RBPJ/CD40LG_GZMB/CD52_GZMB/S100A6_GZMB/ANXA1_TMSB4X/VIM_CD52/HOPX_LGALS1/LMO4_LGALS1/S100A10_LGALS1/VIM_LDLRAD4"
"1028",586,583,"CD8+ISG+ CD8+ T_CD4+CAPG+CREM- Tm","CD8+ISG+ CD8+ T","CD4+CAPG+CREM- Tm",13,7,1.181,0.372412207635304,0.986354913261587,1,"IFI6_ANXA1/IFIT3_GZMB/IFI44L_GZMB/CMPK2_CCL4/MX1_GZMB/IFIT1_GZMB/IFI44L_CCL4","STAT2_ID2/IFI44L_CCL4/CMPK2_CCL4/IFIT1_GZMB/IFIT3_GZMB/IFI44L_GZMB/MX1_GZMB/OAS1_GZMB/OAS3_GZMB/STAT2_CXCR3/OAS1_SH3BGRL3/OAS1_ALOX5AP/IFI6_ANXA1"
"1120",587,583,"CD4+GZMK+ Tem_CD4+Temra","CD4+GZMK+ Tem","CD4+Temra",13,7,1.181,0.372412207635304,0.986354913261587,1,"CXCR3_GNLY/NFATC2_ZEB2/GZMH_GZMB/CXCR3_ZEB2/CXCR3_S1PR5/CXCR3_PRSS23/CRTAM_GZMB","NFATC2_ZEB2/CXCR3_ZEB2/GZMH_GZMB/CRTAM_GZMB/NFATC2_IL18RAP/TNFSF9_FGFBP2/CXCR3_GNLY/CXCR3_S1PR5/LITAF_C1orf21/NR4A2_C1orf21/TNFSF9_C1orf21/CCL4_CTSW/CXCR3_PRSS23"
"1277",588,583,"CD4+Temra_CD4+IFNG+ Tfh/Th1","CD4+Temra","CD4+IFNG+ Tfh/Th1",13,7,1.181,0.372412207635304,0.986354913261587,1,"GZMH_GZMB/C1orf21_PTMS/CTSW_CCL4/C1orf21_RBPJ/CX3CR1_RBPJ/FGFBP2_ZEB2/C1orf21_PDE7B","FGFBP2_ZEB2/GNLY_ID2/CX3CR1_RBPJ/C1orf21_RBPJ/CTSW_CCL4/GZMH_GZMB/PRF1_GZMB/S1PR5_IL21/TBX21_LAG3/C1orf21_KRT86/C1orf21_PTMS/C1orf21_PDE7B/GNLY_DUSP4"
"1418",589,583,"CD8+ISG+ CD8+ T_CD4+ISG+ Treg","CD8+ISG+ CD8+ T","CD4+ISG+ Treg",13,7,1.181,0.372412207635304,0.986354913261587,1,"MX1_HERC5/IFI6_IL2RA/MX1_NAMPT/MX1_IL2RA/TNFSF10_NAMPT/IFI6_NAMPT/OAS1_NAMPT","PLSCR1_ETV7/CD74_ETV7/TNFSF10_NAMPT/MX1_NAMPT/IFI6_NAMPT/OAS1_NAMPT/STAT2_IL7/OAS1_CD70/MX1_IL2RA/IFI6_IL2RA/CCR1_IFIT1/CCR1_MX1/MX1_HERC5"
"1128",590,590,"CD4+ISG+ Treg_CD4+Temra","CD4+ISG+ Treg","CD4+Temra",30,15,1.097,0.379402825915038,1,1,"IL7_S1PR5/BATF_GNLY/MX1_PLEK/BATF_S1PR5/ETV7_GZMB/IL7_GNLY/TNFSF10_GNLY/TNFSF13B_GNLY/IFIT3_GZMB/MX1_PRSS23/MX1_GZMB/IFIT1_GZMB/IL1RN_GNLY/IFI6_S1PR5/OAS1_GNLY","NAMPT_HOPX/CSF1_TBX21/NAMPT_TBX21/CD70_TBX21/ETV7_GZMB/IFIT1_GZMB/OAS1_GZMB/MX1_GZMB/IFIT3_GZMB/IL7_CCL3/NAMPT_CX3CR1/CD70_CX3CR1/IL1R2_CX3CR1/CSF1_IL5RA/NAMPT_IL5RA/NAMPT_FGFBP2/CD70_FGFBP2/BATF_GNLY/TNFSF10_GNLY/IL1RN_GNLY/IL7_GNLY/TNFSF13B_GNLY/OAS1_GNLY/BATF_S1PR5/IL7_S1PR5/IFI6_S1PR5/CD70_C1orf21/MX1_PLEK/CD70_CTSW/MX1_PRSS23"
"1492",591,590,"CD8+GZMK+ Tex_CD4+NME1+CCR4- T","CD8+GZMK+ Tex","CD4+NME1+CCR4- T",30,15,1.097,0.379402825915038,1,1,"CD27_GAPDH/CXCR6_GAPDH/CXCR6_ENO1/LYST_GPI/CD27_GPI/LYST_ACTG1/LYST_ENO1/CD27_ENO1/DUSP4_GAPDH/IFNG_GAPDH/LYST_GAPDH/DUSP4_TMSB10/HLA-DRB1_ENO1/CD27_TMSB10/PDCD1_ENO1","CD74_ENO1/CXCR6_ENO1/CD27_ENO1/LYST_ENO1/PDCD1_ENO1/HLA-DRB1_ENO1/TOX_MEOX1/TRPS1_MEOX1/GZMA_MEOX1/TNFSF4_MEOX1/CCL4_MEOX1/NAMPT_MEOX1/CCR5_MEOX1/TNFRSF9_MEOX1/CD27_GPI/LYST_GPI/TRPS1_HMGB1/NAMPT_HMGB1/CD74_EBI3/LYST_ACTG1/IFNG_GAPDH/CXCR6_GAPDH/CD27_GAPDH/LYST_GAPDH/DUSP4_GAPDH/HLA-DQA1_GAPDH/DUSP4_PKM/TRPS1_CFL1/CD27_TMSB10/DUSP4_TMSB10"
"339",592,592,"CD4+GZMK+ Tem_CD8+ZNF683+CXCR6+ Trm","CD4+GZMK+ Tem","CD8+ZNF683+CXCR6+ Trm",11,6,1.197,0.3819387911557,1,1,"GZMH_GZMB/CXCR3_LGALS1/F2R_RBPJ/ENC1_RBPJ/NFATC2_IL32/CRTAM_GZMB","NR4A2_ZFP36L2/ENC1_RBPJ/F2R_RBPJ/NFATC2_IL32/GZMH_GZMB/CRTAM_GZMB/NR4A2_CXCR3/TNFSF9_LGALS3/CXCR3_LGALS1/NR4A2_LDLRAD4/CST7_LDLRAD4"
"394",593,592,"CD8+GZMK+ early Tem_CD8+terminal Tex","CD8+GZMK+ early Tem","CD8+terminal Tex",11,6,1.197,0.3819387911557,1,1,"ENC1_NAMPT/CXCR5_NAMPT/ENC1_RBPJ/CXCR5_HAVCR2/CRTAM_GZMB/CXCR5_CD70","ENC1_RBPJ/CRTAM_GZMB/CXCR5_CD70/CXCR5_NAMPT/ENC1_NAMPT/CXCR5_TNFRSF9/CXCR5_HAVCR2/ENC1_HAVCR2/CST7_CTLA4/ENC1_KRT86/CST7_TIGIT"
"1021",594,592,"CD8+KIR+EOMES+ NK-like_CD4+CAPG+CREM- Tm","CD8+KIR+EOMES+ NK-like","CD4+CAPG+CREM- Tm",11,6,1.197,0.3819387911557,1,1,"GCSAM_TMSB4X/GCSAM_ANXA1/GCSAM_BHLHE40/GCSAM_ALOX5AP/CD160_BHLHE40/GCSAM_CD99","CD160_BHLHE40/GCSAM_BHLHE40/NR4A2_ZFP36L2/NR4A2_CD40LG/DUSP2_CD40LG/NR4A2_CXCR3/NR4A2_GPR35/GCSAM_ALOX5AP/GCSAM_ANXA1/GCSAM_CD99/GCSAM_TMSB4X"
"224",595,595,"CD4+CCR6+ Th17_CD8+Temra","CD4+CCR6+ Th17","CD8+Temra",28,14,1.097,0.388085346012986,1,1,"CD40LG_GZMB/ABCB1_GNLY/ABCB1_PRSS23/ZFP36L2_GNLY/ABCB1_S1PR5/FLT3LG_S1PR5/TNFSF13B_GNLY/CD40LG_ZEB2/RORA_GNLY/PERP_GNLY/ZFP36L2_PRSS23/ABCB1_ZEB2/ABCB1_KLRD1/GPR35_FCGR3A","VIM_ASCL2/TIMP1_KLF2/ANXA1_KLF2/ANXA1_KLF3/IL4I1_KLF3/VIM_KLF3/CD40LG_ZEB2/ABCB1_ZEB2/CD40LG_GZMB/IL4I1_CX3CR1/VIM_CX3CR1/VIM_FGFBP2/GPR35_FCGR3A/FLT3LG_S1PR5/ABCB1_S1PR5/ZFP36L2_PRSS23/CAPG_PRSS23/ABCB1_PRSS23/ZFP36L2_GNLY/RORA_GNLY/TNFSF13B_GNLY/GPR35_GNLY/ABCB1_GNLY/TPT1_GNLY/PERP_GNLY/ABCB1_KLRD1/TIMP1_C1orf21/VIM_C1orf21"
"261",596,596,"CD4+GZMK+ Tem_CD8+KIR+EOMES+ NK-like","CD4+GZMK+ Tem","CD8+KIR+EOMES+ NK-like",9,5,1.219,0.392408865880079,1,1,"ENC1_NR4A2/ENC1_ZNF331/NFATC2_NR4A2/ENC1_IKZF2/ENC1_LITAF","ENC1_IKZF2/NFATC2_NR4A2/CXCR3_NR4A2/ENC1_NR4A2/ENC1_LITAF/ENC1_ZNF331/F2R_ZNF331/CST7_KLRG1/LITAF_GCSAM"
"395",597,596,"CD8+GZMK+ Tem_CD8+terminal Tex","CD8+GZMK+ Tem","CD8+terminal Tex",9,5,1.219,0.392408865880079,1,1,"GZMH_GZMB/HLA-DPB1_HAVCR2/CXCR3_CD70/COTL1_CD70/HLA-DPA1_NAMPT","GZMH_GZMB/COTL1_CSF1/CXCR3_CD70/COTL1_CD70/HLA-DPA1_NAMPT/COTL1_CD74/HLA-DPB1_HAVCR2/CST7_CTLA4/CST7_TIGIT"
"982",598,596,"CD8+KIR+EOMES+ NK-like_CD4+CAPG+ Tm","CD8+KIR+EOMES+ NK-like","CD4+CAPG+ Tm",9,5,1.219,0.392408865880079,1,1,"GCSAM_TMSB4X/GCSAM_BHLHE40/GCSAM_RBPJ/GCSAM_ALOX5AP/CD160_BHLHE40","CD160_BHLHE40/GCSAM_BHLHE40/GCSAM_RBPJ/NR4A2_CD40LG/DUSP2_CD40LG/NR4A2_CXCR3/GCSAM_TMSB4X/GCSAM_ALOX5AP/CD74_COTL1"
"1134",599,596,"CD8+ZNF683+CXCR6- Tm_CD4+CCR6+ Th17","CD8+ZNF683+CXCR6- Tm","CD4+CCR6+ Th17",9,5,1.219,0.392408865880079,1,1,"SIT1_IL4I1/TRAF3IP3_IL4I1/TNF_IL4I1/CD52_IL4I1/CD52_VIM","ZNF683_CD40LG/TNF_IL4I1/CD52_IL4I1/TRAF3IP3_IL4I1/SIT1_IL4I1/CD52_VIM/CKLF_ABCB1/S100A4_ABCB1/CISH_ABCB1"
"1474",600,596,"CD4+IL26+ Th17_CD4+ISG+ Th","CD4+IL26+ Th17","CD4+ISG+ Th",9,5,1.219,0.392408865880079,1,1,"IL17RE_IFI16/IL23R_IFI16/CD40LG_IFI16/TMIGD2_IFI16/ID2_IFI16","ANKRD28_SP100/ID2_IFI16/CD40LG_IFI16/IL23R_IFI16/IL17RE_IFI16/TMIGD2_IFI16/IL22_TNFSF10/IL4I1_MX2/ID2_IFIT2"
"1261",601,601,"CD8+TCF7+ Tex_CD4+IFNG+ Tfh/Th1","CD8+TCF7+ Tex","CD4+IFNG+ Tfh/Th1",26,13,1.097,0.39732297677963,1,1,"CD40LG_GZMB/CPM_HAVCR2/EBI3_CD74/IFNAR2_BHLHE40/IL6R_LAG3/CD40LG_ZEB2/TNFSF8_HAVCR2/CD40LG_HAVCR2/TCF7_PTMS/EBI3_ZEB2/CPM_RBPJ/IFNAR2_FAM3C/CCR4_CCL4","EBI3_ZEB2/CD40LG_ZEB2/IGFL2_ZEB2/NR3C1_ID2/CD200_ID2/IGFL2_ID2/NMB_ID2/IFNAR2_BHLHE40/CPM_RBPJ/CCR4_CCL4/IGFL2_IFNG/CD40LG_GZMB/IGFL2_GZMA/NR3C1_IL21/TNFRSF4_IL21/IFNAR2_FAM3C/NR3C1_CXCR6/TNFRSF4_CXCR6/EBI3_CD74/IL6R_LAG3/TNFSF8_HAVCR2/CD40LG_HAVCR2/CPM_HAVCR2/TNFRSF4_MYO7A/TCF7_PTMS/TNFRSF4_DUSP4"
"935",602,602,"CD4+NME1+CCR4- T_CD4+CREM+ Tm","CD4+NME1+CCR4- T","CD4+CREM+ Tm",41,20,1.07,0.397962479621615,1,1,"MEOX1_NR4A2/CORO1A_TNFAIP3/ACTG1_SRGN/PHF5A_AREG/MEOX1_TGFB1/MEOX1_SRGN/TMSB10_AREG/MEOX1_FTH1/MEOX1_GZMA/ARPC1B_AREG/MEOX1_TNFAIP3/TXN_AREG/EBI3_TNFAIP3/ARPC1B_FTH1/MEOX1_CD44/HMGB1_AREG/EBI3_AREG/EBI3_TGFB1/PFN1_AREG/MEOX1_AREG","GAPDH_CREM/GAPDH_ZFP36L2/GAPDH_ZNF331/MEOX1_NR4A2/MEOX1_SKIL/MEOX1_GZMA/ENO1_TGFB1/MEOX1_TGFB1/EBI3_TGFB1/MEOX1_AREG/PHF5A_AREG/HMGB1_AREG/EBI3_AREG/PFN1_AREG/CFL1_AREG/TMSB10_AREG/TXN_AREG/ARPC1B_AREG/GAPDH_CXCL16/ENO1_GPR35/GPI_GPR35/GAPDH_GPR35/ENO1_CD44/MEOX1_CD44/SUB1_FTH1/MEOX1_FTH1/ARPC1B_FTH1/MEOX1_SRGN/ACTG1_SRGN/GAPDH_FAM177A1/MEOX1_TNFAIP3/EBI3_TNFAIP3/CORO1A_TNFAIP3/GAPDH_YPEL5/ENO1_LMNA/GAPDH_LMNA/PKM_LMNA/TMSB10_LMNA/ENO1_PTGER4/GPI_PTGER4/GAPDH_PTGER4"
"8",603,603,"CD8+ZNF683+CXCR6+ Trm_CD8+Tn","CD8+ZNF683+CXCR6+ Trm","CD8+Tn",7,4,1.254,0.404128914678241,1,1,"ID2_EEF1A1/ZFP36L2_PABPC1/CXCR3_PABPC1/ID2_ACTN1","RBPJ_FLT3LG/LGALS1_IFNGR2/ID2_EEF1A1/ID2_ACTN1/RBPJ_EEF1B2/ZFP36L2_PABPC1/CXCR3_PABPC1"
"20",604,603,"CD4+TNF+ T_CD8+Tn","CD4+TNF+ T","CD8+Tn",7,4,1.254,0.404128914678241,1,1,"ID2_EEF1A1/CXCR3_PABPC1/CD40LG_PABPC1/ID2_ACTN1","EGR1_KLF2/LCP2_IL6R/CCL4_IFNGR2/ID2_EEF1A1/ID2_ACTN1/CD40LG_PABPC1/CXCR3_PABPC1"
"169",605,603,"CD8+ISG+ CD8+ T_CD8+GZMK+ Tem","CD8+ISG+ CD8+ T","CD8+GZMK+ Tem",7,4,1.254,0.404128914678241,1,1,"IFI6_CST7/CMPK2_CCL4/IFI44L_CCL4/IFIT3_CST7","IFI44L_CCL4/CMPK2_CCL4/STAT2_CXCR3/CD74_COTL1/IFIT3_CST7/IFI6_CST7/OAS1_APOBEC3G"
"256",606,603,"CD4+TIMP1+ Tm_CD8+KIR+EOMES+ NK-like","CD4+TIMP1+ Tm","CD8+KIR+EOMES+ NK-like",7,4,1.254,0.404128914678241,1,1,"CD40LG_NR4A2/CD40LG_DUSP2/S100A10_NR4A2/LMO4_TYROBP","CD40LG_NR4A2/S100A10_NR4A2/LMO4_TYROBP/ANXA1_GCSAM/VIM_GCSAM/EMP3_GCSAM/CD40LG_DUSP2"
"439",607,603,"CD8+GZMK+ Tex_CD8+OXPHOS- Tex","CD8+GZMK+ Tex","CD8+OXPHOS- Tex",7,4,1.254,0.404128914678241,1,1,"CD27_PRDM1/CXCR6_TNFRSF9/IFNG_PRDM1/CD27_CXCL13","IFNG_PRDM1/CD27_PRDM1/DUSP4_PRDM1/CD27_CXCL13/TNFSF4_ENTPD1/CXCR6_TNFRSF9/TRPS1_KIR2DL4"
"802",608,603,"CD4+TIMP1+ Tm_CD4+TNF+ T","CD4+TIMP1+ Tm","CD4+TNF+ T",7,4,1.254,0.404128914678241,1,1,"KLF2_EGR1/CD40LG_LCP2/LMO4_CISH/S100A6_FASLG","ANXA1_ID2/VIM_ID2/KLF2_EGR1/S100A6_FASLG/VIM_CD52/LMO4_CISH/CD40LG_LCP2"
"1096",609,603,"CD8+GZMK+ early Tem_CD4+Temra","CD8+GZMK+ early Tem","CD4+Temra",7,4,1.254,0.404128914678241,1,1,"PIK3R1_ZEB2/PIK3R1_GNLY/CRTAM_GZMB/CCR4_CCL4","PIK3R1_ZEB2/DUSP2_TBX21/CRTAM_GZMB/CCR4_CCL4/PIK3R1_GNLY/PIK3R1_S1PR5/DKK3_C1orf21"
"1212",610,603,"CD8+ZNF683+CXCR6- Tm_CD4+IL21+ Tfh","CD8+ZNF683+CXCR6- Tm","CD4+IL21+ Tfh",7,4,1.254,0.404128914678241,1,1,"CD52_IGFL2/PFN1_NMB/ACTB_IGFL2/CD52_NMB","ZNF683_CD40LG/IL32_CXCR5/CD52_NMB/PFN1_NMB/GZMA_IGFL2/ACTB_IGFL2/CD52_IGFL2"
"1253",611,603,"CD8+GZMK+ Tem_CD4+IFNG+ Tfh/Th1","CD8+GZMK+ Tem","CD4+IFNG+ Tfh/Th1",7,4,1.254,0.404128914678241,1,1,"GZMH_GZMB/HLA-DPB1_HAVCR2/CXCR3_ZEB2/HLA-DQA1_CCL4","CXCR3_ZEB2/SUB1_ID2/CXCR3_BHLHE40/HLA-DQA1_CCL4/GZMH_GZMB/COTL1_CD74/HLA-DPB1_HAVCR2"
"1385",612,603,"CD4+IL7R- Tn_CD4+TNFRSF9+ Treg","CD4+IL7R- Tn","CD4+TNFRSF9+ Treg",7,4,1.254,0.404128914678241,1,1,"BTF3_PMAIP1/LDHB_NAMPT/EEF1B2_NAMPT/EEF1B2_PMAIP1","EEF1B2_NAMPT/LDHB_NAMPT/ACTG1_IL7/NACA_IL7/NACA_CARD16/EEF1B2_PMAIP1/BTF3_PMAIP1"
"1399",613,603,"CD4+TNFRSF9- Treg_CD4+TNFRSF9+ Treg","CD4+TNFRSF9- Treg","CD4+TNFRSF9+ Treg",7,4,1.254,0.404128914678241,1,1,"TBC1D4_NAMPT/FOXP3_TNFRSF4/IKZF4_TNFRSF4/TBC1D4_PMAIP1","TBC1D4_NAMPT/STAM_IL1RN/IKZF2_IL7/STAM_IL7/FOXP3_TNFRSF4/IKZF4_TNFRSF4/TBC1D4_PMAIP1"
"827",614,614,"CD8+KIR+TXK+ NK-like_CD4+AREG+ Tm","CD8+KIR+TXK+ NK-like","CD4+AREG+ Tm",24,12,1.097,0.407202863100724,1,1,"IKZF2_AREG/KIR3DL2_AREG/B3GNT7_AREG/TXK_AREG/B3GNT7_PABPC1/XCL1_AREG/B3GNT7_GPR183/REL_AREG/HOPX_AREG/TYROBP_AREG/B3GNT7_ANXA1/IL2RB_AREG","AREG_ZFP36L2/FOSL2_KLF3/REL_KLF3/AREG_KLF3/FAM3C_KLF3/KLRC3_KLF3/AREG_CD40LG/IKZF2_AREG/HOPX_AREG/TXK_AREG/REL_AREG/XCL1_AREG/XCL2_AREG/IL2RB_AREG/KIR3DL2_AREG/TYROBP_AREG/B3GNT7_AREG/B3GNT7_ANXA1/AREG_EEF1A1/FOSL2_TPT1/AREG_TPT1/B3GNT7_GPR183/B3GNT7_PABPC1/AREG_PLAC8"
"1100",615,614,"CD8+KIR+TXK+ NK-like_CD4+Temra","CD8+KIR+TXK+ NK-like","CD4+Temra",24,12,1.097,0.407202863100724,1,1,"B3GNT7_S1PR5/B3GNT7_GNLY/B3GNT7_GZMB/TXK_KLRD1/KLRC3_GNLY/B3GNT7_CXCR2/B3GNT7_ZEB2/B3GNT7_IL18RAP/TXK_PLEK/B3GNT7_ZNF683/B3GNT7_TBX21/XCL2_GNLY","FOSL2_HOPX/AREG_HOPX/B3GNT7_ZEB2/B3GNT7_ZNF683/B3GNT7_TBX21/B3GNT7_GZMB/AREG_XCL2/TXK_CCL3/AREG_FASLG/AREG_CX3CR1/AREG_IL5RA/B3GNT7_CXCR2/AREG_IL18RAP/B3GNT7_IL18RAP/AREG_FGFBP2/XCL2_GNLY/KLRC3_GNLY/B3GNT7_GNLY/B3GNT7_S1PR5/TXK_KLRD1/FOSL2_C1orf21/REL_C1orf21/AREG_C1orf21/TXK_PLEK"
"1280",616,614,"CD4+IL21+ Tfh_CD4+IFNG+ Tfh/Th1","CD4+IL21+ Tfh","CD4+IFNG+ Tfh/Th1",24,12,1.097,0.407202863100724,1,1,"CD40LG_GZMB/CPM_HAVCR2/ITM2A_RBPJ/IL21_LAG3/IL6R_LAG3/CD40LG_ZEB2/TNFSF8_HAVCR2/CXCR5_HAVCR2/CD40LG_HAVCR2/CPM_RBPJ/ITM2A_ZEB2/IL21_BHLHE40","CD40LG_ZEB2/IGFL2_ZEB2/ITM2A_ZEB2/NR3C1_ID2/TOX2_ID2/RBPJ_ID2/CD200_ID2/NMB_ID2/IGFL2_ID2/IL21_BHLHE40/ITM2A_BHLHE40/CPM_RBPJ/ITM2A_RBPJ/IGFL2_IFNG/CD40LG_GZMB/IGFL2_GZMA/NR3C1_IL21/NR3C1_CXCR6/IL21_LAG3/IL6R_LAG3/TNFSF8_HAVCR2/CD40LG_HAVCR2/CXCR5_HAVCR2/CPM_HAVCR2"
"16",617,617,"CD4+Tn_CD8+Tn","CD4+Tn","CD8+Tn",5,3,1.316,0.417622943201458,1,1,"GIMAP7_PABPC1/LINC00861_MAL/KLF2_TIMP1","EEF1A1_FLT3LG/ACTN1_FLT3LG/KLF2_TIMP1/LINC00861_MAL/GIMAP7_PABPC1"
"150",618,617,"CD4+TNFRSF9- Treg_CD8+GZMK+ early Tem","CD4+TNFRSF9- Treg","CD8+GZMK+ early Tem",5,3,1.316,0.417622943201458,1,1,"TIGIT_CST7/FCRL3_CST7/FCRL3_SH2D1A","FCRL3_DUSP2/TIGIT_CST7/FCRL3_CST7/FCRL3_SH2D1A/IKZF2_ENC1"
"198",619,617,"CD8+ZNF683+CXCR6- Tm_CD8+Temra","CD8+ZNF683+CXCR6- Tm","CD8+Temra",5,3,1.316,0.417622943201458,1,1,"CD52_FCGR3A/CD52_GZMB/CD52_GNLY","CD52_GZMB/CD52_FCGR3A/CD52_GNLY/CKLF_C1orf21/MYL12A_C1orf21"
"370",620,617,"CD4+IL7R- Tn_CD8+GZMK+ Tex","CD4+IL7R- Tn","CD8+GZMK+ Tex",5,3,1.316,0.417622943201458,1,1,"EEF1A1_TRPS1/LDHB_NAMPT/EEF1B2_NAMPT","EEF1A1_TRPS1/EEF1B2_NAMPT/LDHB_NAMPT/ACTG1_LYST/NACA_LYST"
"440",621,617,"CD8+terminal Tex_CD8+OXPHOS- Tex","CD8+terminal Tex","CD8+OXPHOS- Tex",5,3,1.316,0.417622943201458,1,1,"ENTPD1_PHLDA1/CXCR6_TNFRSF9/IFNG_PRDM1","IFNG_PRDM1/DUSP4_PRDM1/TNFSF4_ENTPD1/CXCR6_TNFRSF9/ENTPD1_PHLDA1"
"658",622,617,"CD4+S1PR1+ Treg_CD4+Tn","CD4+S1PR1+ Treg","CD4+Tn",5,3,1.316,0.417622943201458,1,1,"FLT3LG_EEF1A1/KLF3_LEF1/FLT3LG_ACTN1","KLF3_LEF1/CPNE2_KLF2/FLT3LG_EEF1A1/FLT3LG_ACTN1/IL10RA_GIMAP7"
"736",623,617,"CD4+S1PR1+ Treg_CD4+ADSL+ Tn","CD4+S1PR1+ Treg","CD4+ADSL+ Tn",5,3,1.316,0.417622943201458,1,1,"FLT3LG_PASK/KLF3_LEF1/HPGD_GIMAP4","KLF3_LEF1/CPNE2_KLF2/FLT3LG_PASK/HPGD_GIMAP4/CD74_COTL1"
"1019",624,617,"CD8+GZMK+ Tem_CD4+CAPG+CREM- Tm","CD8+GZMK+ Tem","CD4+CAPG+CREM- Tm",5,3,1.316,0.417622943201458,1,1,"GZMH_GZMB/CXCR3_ALOX5AP/HLA-DQA1_CCL4","SUB1_ID2/CXCR3_BHLHE40/HLA-DQA1_CCL4/GZMH_GZMB/CXCR3_ALOX5AP"
"1229",625,617,"CD4+IL7R- Tn_CD4+IL21+ Tfh","CD4+IL7R- Tn","CD4+IL21+ Tfh",5,3,1.316,0.417622943201458,1,1,"FAU_NR3C1/EEF1B2_RBPJ/EEF1A1_IGFL2","FAU_NR3C1/EEF1B2_RBPJ/NACA_CXCR5/EEF1A1_IGFL2/BTF3_IGFL2"
"1323",626,617,"CD4+ISG+ Treg_CD4+TNFRSF9- Treg","CD4+ISG+ Treg","CD4+TNFRSF9- Treg",5,3,1.316,0.417622943201458,1,1,"IL7_STAM/IL1RN_STAM/MX1_STAM","IL7_IKZF2/NAMPT_TBC1D4/IL1RN_STAM/IL7_STAM/MX1_STAM"
"246",627,627,"CD8+TCF7+ Tex_CD8+KIR+EOMES+ NK-like","CD8+TCF7+ Tex","CD8+KIR+EOMES+ NK-like",22,11,1.097,0.417835793825952,1,1,"CD40LG_NR4A2/IL6R_DUSP2/CD40LG_DUSP2/EBI3_CD74/TNFSF8_NR4A2/BTLA_DUSP2/TSHZ2_NR4A2/SESN3_NR4A2/IL6R_NR4A2/BATF_ZNF331/IFNAR2_NR4A2","CD200_IKZF2/IGFL2_IKZF2/TSHZ2_NR4A2/TNFSF8_NR4A2/CD40LG_NR4A2/IL6R_NR4A2/IFNAR2_NR4A2/SESN3_NR4A2/IGFL2_LITAF/BATF_ZNF331/IGFL2_XCL1/EBI3_CD74/CD200_CD160/NMB_CD160/TNFRSF4_CMC1/CD200_GCSAM/TNFRSF4_GCSAM/IGFL2_GCSAM/NMB_GCSAM/CD40LG_DUSP2/IL6R_DUSP2/BTLA_DUSP2"
"18",628,628,"CD4+ADSL+ Tn_CD8+Tn","CD4+ADSL+ Tn","CD8+Tn",3,2,1.462,0.433936221199735,1,1,"IL6R_PABPC1/KLF2_TIMP1","PASK_FLT3LG/KLF2_TIMP1/IL6R_PABPC1"
"94",629,628,"CD4+Tn_CD8+ZNF683+CXCR6- Tm","CD4+Tn","CD8+ZNF683+CXCR6- Tm",3,2,1.462,0.433936221199735,1,1,"LINC00861_TRAF3IP3/GIMAP7_ZNF683","GIMAP7_ZNF683/LINC00861_TRAF3IP3/PLAC8_SH3BGRL3"
"98",630,628,"CD4+TNF+ T_CD8+ZNF683+CXCR6- Tm","CD4+TNF+ T","CD8+ZNF683+CXCR6- Tm",3,2,1.462,0.433936221199735,1,1,"CD40LG_ZNF683/CCR2_TNF","CD40LG_ZNF683/CCR2_TNF/LCP2_SIT1"
"100",631,628,"CD4+TIMP1+ Tm_CD8+ZNF683+CXCR6- Tm","CD4+TIMP1+ Tm","CD8+ZNF683+CXCR6- Tm",3,2,1.462,0.433936221199735,1,1,"LMO4_CISH/CD40LG_ZNF683","CD40LG_ZNF683/VIM_CD52/LMO4_CISH"
"130",632,628,"CD8+ISG+ CD8+ T_CD8+GZMK+ early Tem","CD8+ISG+ CD8+ T","CD8+GZMK+ early Tem",3,2,1.462,0.433936221199735,1,1,"IFI6_CST7/IFIT3_CST7","IFIT3_CST7/IFI6_CST7/STAT2_PIK3R1"
"135",633,628,"CD4+ADSL+ Tn_CD8+GZMK+ early Tem","CD4+ADSL+ Tn","CD8+GZMK+ early Tem",3,2,1.462,0.433936221199735,1,1,"IL6R_DUSP2/TXK_DUSP2","COTL1_CD74/TXK_DUSP2/IL6R_DUSP2"
"176",634,628,"CD4+TNF+ T_CD8+GZMK+ Tem","CD4+TNF+ T","CD8+GZMK+ Tem",3,2,1.462,0.433936221199735,1,1,"ID2_SUB1/CCR2_CCL4","ID2_SUB1/CCR2_CCL4/CCL4_HLA-DQA1"
"178",635,628,"CD4+TIMP1+ Tm_CD8+GZMK+ Tem","CD4+TIMP1+ Tm","CD8+GZMK+ Tem",3,2,1.462,0.433936221199735,1,1,"FLT3LG_SUB1/LMO4_HLA-DRB1","FLT3LG_SUB1/LMO4_HLA-DRB1/VIM_COTL1"
"423",636,628,"CD4+TNFRSF9- Treg_CD8+terminal Tex","CD4+TNFRSF9- Treg","CD8+terminal Tex",3,2,1.462,0.433936221199735,1,1,"TBC1D4_NAMPT/FCRL3_CXCL13","IKZF4_TOX2/FCRL3_CXCL13/TBC1D4_NAMPT"
"487",637,628,"CD4+IL7R- Tn_CD8+TCF7+ Tex","CD4+IL7R- Tn","CD8+TCF7+ Tex",3,2,1.462,0.433936221199735,1,1,"FAU_NR3C1/EEF1A1_IGFL2","FAU_NR3C1/EEF1A1_IGFL2/BTF3_IGFL2"
"766",638,628,"CD4+CAPG+ Tm_CD4+IL7R- Tn","CD4+CAPG+ Tm","CD4+IL7R- Tn",3,2,1.462,0.433936221199735,1,1,"ID2_NACA/ID2_EEF1A1","RBPJ_EEF1B2/ID2_EEF1A1/ID2_NACA"
"767",639,628,"CD4+CAPG+CREM- Tm_CD4+IL7R- Tn","CD4+CAPG+CREM- Tm","CD4+IL7R- Tn",3,2,1.462,0.433936221199735,1,1,"ID2_NACA/ID2_EEF1A1","ID2_EEF1A1/ID2_NACA/ANXA1_BTF3"
"773",640,628,"CD4+IFNG+ Tfh/Th1_CD4+IL7R- Tn","CD4+IFNG+ Tfh/Th1","CD4+IL7R- Tn",3,2,1.462,0.433936221199735,1,1,"ID2_NACA/ID2_EEF1A1","RBPJ_EEF1B2/ID2_EEF1A1/ID2_NACA"
"1018",641,628,"CD8+GZMK+ early Tem_CD4+CAPG+CREM- Tm","CD8+GZMK+ early Tem","CD4+CAPG+CREM- Tm",3,2,1.462,0.433936221199735,1,1,"CRTAM_GZMB/CCR4_CCL4","CCR4_CCL4/CRTAM_GZMB/DUSP2_CD40LG"
"1033",642,628,"CD4+ADSL+ Tn_CD4+CAPG+CREM- Tm","CD4+ADSL+ Tn","CD4+CAPG+CREM- Tm",3,2,1.462,0.433936221199735,1,1,"KLF2_ANXA1/IL6R_ANXA1","TXK_BHLHE40/KLF2_ANXA1/IL6R_ANXA1"
"1086",643,628,"CD4+TNFRSF9- Treg_CD4+GZMK+ Tem","CD4+TNFRSF9- Treg","CD4+GZMK+ Tem",3,2,1.462,0.433936221199735,1,1,"TIGIT_CST7/FCRL3_CST7","TIGIT_CST7/FCRL3_CST7/IKZF2_ENC1"
"1407",644,628,"CD8+ZNF683+CXCR6- Tm_CD4+ISG+ Treg","CD8+ZNF683+CXCR6- Tm","CD4+ISG+ Treg",3,2,1.462,0.433936221199735,1,1,"CD52_NAMPT/CISH_NAMPT","CD52_NAMPT/CISH_NAMPT/SH3BGRL3_OAS1"
"483",645,645,"CD8+NME1+ T_CD8+TCF7+ Tex","CD8+NME1+ T","CD8+TCF7+ Tex",33,16,1.064,0.434575906262187,1,1,"HMGB1_NMB/CXCR3_CD200/MYB_NMB/GTF3A_CD200/GTF3A_NMB/CXCR3_NR3C1/MYB_NR3C1/MYB_IGFL2/CXCR3_NMB/PFN1_NMB/ACTB_IGFL2/CXCR3_GNG4/SKA3_NMB/CXCR3_IGFL2/CXCR3_TNFRSF4/GTF3A_IGFL2","GAPDH_TSHZ2/GPI_TCF7/GAPDH_TCF7/MYB_NR3C1/CXCR3_NR3C1/GAPDH_NR3C1/ENO1_BATF/GAPDH_BATF/ENO1_EBI3/CD74_EBI3/GAPDH_TNFSF8/ENO1_CD40LG/GPI_CD40LG/ENO1_IL6R/GPI_IL6R/GAPDH_IL6R/GAPDH_IFNAR2/GTF3A_CD200/CXCR3_CD200/MYB_GNG4/CXCR3_GNG4/CXCR3_TNFRSF4/GTF3A_IGFL2/MYB_IGFL2/CXCR3_IGFL2/ACTB_IGFL2/ENO1_CPM/GTF3A_NMB/MYB_NMB/HMGB1_NMB/CXCR3_NMB/PFN1_NMB/SKA3_NMB"
"1370",646,646,"CD8+GZMK+ Tem_CD4+TNFRSF9+ Treg","CD8+GZMK+ Tem","CD4+TNFRSF9+ Treg",18,9,1.097,0.441984232155797,1,1,"CXCR3_PMAIP1/COTL1_TNFRSF4/HLA-DRB1_PMAIP1/CXCR3_CD70/COTL1_CD70/HLA-DPB1_TNFRSF4/HLA-DPA1_NAMPT/HLA-DPB1_PMAIP1/CXCR3_TNFRSF4","HLA-DPA1_NAMPT/CD74_EBI3/COTL1_CSF1/CXCR3_CD70/COTL1_CD70/SUB1_IL1RN/COTL1_CD74/CST7_TIGIT/CST7_CTLA4/CXCR3_TNFRSF4/COTL1_TNFRSF4/HLA-DPB1_TNFRSF4/CCL4_CARD16/ITM2C_CARD16/IL32_LAIR2/CXCR3_PMAIP1/HLA-DRB1_PMAIP1/HLA-DPB1_PMAIP1"
"81",647,647,"CD8+GZMK+ early Tem_CD8+ZNF683+CXCR6- Tm","CD8+GZMK+ early Tem","CD8+ZNF683+CXCR6- Tm",1,1,2.194,0.455848949460533,1,1,"CXCR5_IL32","CXCR5_IL32"
"103",648,647,"CD4+CAPG+ Tm_CD8+ZNF683+CXCR6- Tm","CD4+CAPG+ Tm","CD8+ZNF683+CXCR6- Tm",1,1,2.194,0.455848949460533,1,1,"CD40LG_ZNF683","CD40LG_ZNF683"
"105",649,647,"CD4+GZMK+ Tem_CD8+ZNF683+CXCR6- Tm","CD4+GZMK+ Tem","CD8+ZNF683+CXCR6- Tm",1,1,2.194,0.455848949460533,1,1,"NFATC2_IL32","NFATC2_IL32"
"432",650,647,"CD8+ZNF683+CXCR6- Tm_CD8+OXPHOS- Tex","CD8+ZNF683+CXCR6- Tm","CD8+OXPHOS- Tex",1,1,2.194,0.455848949460533,1,1,"CD52_HAVCR2","CD52_HAVCR2"
"462",651,647,"CD4+TNFRSF9- Treg_CD8+OXPHOS- Tex","CD4+TNFRSF9- Treg","CD8+OXPHOS- Tex",1,1,2.194,0.455848949460533,1,1,"FCRL3_CXCL13","FCRL3_CXCL13"
"748",652,647,"CD8+KIR+EOMES+ NK-like_CD4+IL7R- Tn","CD8+KIR+EOMES+ NK-like","CD4+IL7R- Tn",1,1,2.194,0.455848949460533,1,1,"GCSAM_NACA","GCSAM_NACA"
"1296",653,647,"CD8+ZNF683+CXCR6+ Trm_CD4+TNFRSF9- Treg","CD8+ZNF683+CXCR6+ Trm","CD4+TNFRSF9- Treg",1,1,2.194,0.455848949460533,1,1,"ID2_IKZF4","ID2_IKZF4"
"1306",654,647,"CD4+ADSL+ Tn_CD4+TNFRSF9- Treg","CD4+ADSL+ Tn","CD4+TNFRSF9- Treg",1,1,2.194,0.455848949460533,1,1,"DGKA_ARID5B","DGKA_ARID5B"
"1308",655,647,"CD4+TNF+ T_CD4+TNFRSF9- Treg","CD4+TNF+ T","CD4+TNFRSF9- Treg",1,1,2.194,0.455848949460533,1,1,"ID2_IKZF4","ID2_IKZF4"
"1460",656,647,"CD4+Tn_CD4+ISG+ Th","CD4+Tn","CD4+ISG+ Th",1,1,2.194,0.455848949460533,1,1,"GIMAP7_IFI16","GIMAP7_IFI16"
"270",657,657,"CD4+ISG+ Treg_CD8+KIR+EOMES+ NK-like","CD4+ISG+ Treg","CD8+KIR+EOMES+ NK-like",16,8,1.097,0.45595487119808,1,1,"IL7_IFNGR1/MX1_TYROBP/IL7_ZNF331/ETV7_CD74/OAS1_TYROBP/IL7_LITAF/OAS1_NR4A2/BATF_ZNF331","IL7_IKZF2/OAS1_NR4A2/IL7_LITAF/BATF_ZNF331/IL7_ZNF331/IL7_TNFSF9/IL7_IFNGR1/IL1RN_CXCR4/ETV7_CD74/IL7_TYROBP/OAS1_TYROBP/MX1_TYROBP/NAMPT_KLRG1/CSF1_GCSAM/NAMPT_GCSAM/CD70_GCSAM"
"1528",658,657,"CD8+KIR+EOMES+ NK-like_CD4+NME1+CCR4+ T","CD8+KIR+EOMES+ NK-like","CD4+NME1+CCR4+ T",16,8,1.097,0.45595487119808,1,1,"CMC1_ENO1/GCSAM_CMTM7/GCSAM_TMSB10/GZMM_ENO1/KLRG1_ENO1/CD160_ENO1/KLRG1_CMTM7/CD160_CNN2","TNFSF9_SUB1/GZMM_ENO1/CD74_ENO1/CD160_ENO1/KLRG1_ENO1/CMC1_ENO1/GCSAM_ENO1/KLRG1_CMTM7/GCSAM_CMTM7/NR4A2_IL6R/DUSP2_IL6R/NR4A2_IFNAR2/GCSAM_TMSB10/CD74_COTL1/CD160_CNN2/GCSAM_CNN2"
"1557",659,659,"CD4+TNFRSF9+ Treg_CD4+NME1+CCR4+ T","CD4+TNFRSF9+ Treg","CD4+NME1+CCR4+ T",29,14,1.059,0.45623674457592,1,1,"FOXP3_ENO1/IL7_ENO1/LTA_ENO1/ZBTB32_ENO1/CARD16_ENO1/EBI3_ENO1/EBI3_CD74/IL7_ACTG1/CARD16_CMTM7/CARD16_TMSB10/BATF_ENO1/IL1RN_SUB1/TBC1D4_ENO1/CCL22_ENO1","IL1RN_SUB1/PMAIP1_HDAC1/FOXP3_ENO1/BATF_ENO1/ZBTB32_ENO1/EBI3_ENO1/CCL22_ENO1/LTA_ENO1/IL7_ENO1/CD74_ENO1/CARD16_ENO1/TBC1D4_ENO1/LAIR2_IL32/CARD16_CMTM7/NAMPT_HMGB1/CSF1_FLT3LG/CD70_FLT3LG/TNFRSF9_FLT3LG/PMAIP1_FLT3LG/EBI3_CD74/NAMPT_IL6R/TNFRSF4_IL6R/PMAIP1_IFNAR2/IL7_ACTG1/CARD16_TMSB10/CSF1_COTL1/CD70_COTL1/CD74_COTL1/TNFRSF4_COTL1"
"602",660,660,"CD4+CXCR5+ pre-Tfh_CD8+NME1+ T","CD4+CXCR5+ pre-Tfh","CD8+NME1+ T",40,19,1.042,0.464473259802991,1,1,"CD40LG_ENO1/FAM177A1_GAPDH/MBP_ENO1/FAAH2_GAPDH/CXCR5_GAPDH/IL6ST_GAPDH/CXCR5_ENO1/FAAH2_ENO1/TCF7_GPI/CD40LG_GPI/NR3C1_GAPDH/TCF7_GAPDH/CXCR5_GPI/IL6ST_ENO1/LEF1_GAPDH/TSHZ2_GAPDH/TNFSF8_GAPDH/CMTM8_ENO1/FAAH2_GPI","CMTM8_ENO1/CD40LG_ENO1/CXCR5_ENO1/IL6ST_ENO1/FAAH2_ENO1/MBP_ENO1/AREG_GTF3A/SLC2A3_GTF3A/NR3C1_MYB/AREG_MYB/PASK_MYB/SLC2A3_MYB/FAM177A1_MYB/PABPC1_MYB/AREG_MXD3/AREG_HMGB1/SLC2A3_HMGB1/TCF7_GPI/CD40LG_GPI/CXCR5_GPI/FAAH2_GPI/AREG_CD74/NR3C1_CXCR3/NR4A2_CXCR3/AREG_CXCR3/SLC2A3_CXCR3/PABPC1_CXCR3/AREG_MND1/SLC2A3_MND1/AREG_PFN1/AREG_SKA3/TCF7_GAPDH/NR3C1_GAPDH/TSHZ2_GAPDH/LEF1_GAPDH/TNFSF8_GAPDH/CXCR5_GAPDH/IL6ST_GAPDH/FAAH2_GAPDH/FAM177A1_GAPDH"
"674",661,660,"CD8+terminal Tex_CD4+CXCR5+ pre-Tfh","CD8+terminal Tex","CD4+CXCR5+ pre-Tfh",40,19,1.042,0.464473259802991,1,1,"CXCR6_SLC2A3/IFNG_SLC2A3/DUSP4_AREG/ENTPD1_AREG/FASLG_SLC2A3/IL2RB_SLC2A3/KRT86_AREG/ZBED2_SLC2A3/LAYN_SLC2A3/GEM_SLC2A3/LAYN_AREG/CD74_AREG/TOX_SLC2A3/FASLG_AREG/ENTPD1_SLC2A3/CSF1_SLC2A3/ETV1_AREG/CXCR6_AREG/IL2RB_AREG","CD70_TCF7/CXCR6_NR3C1/NAMPT_CMTM8/HAVCR2_TNFSF8/ETV1_AREG/IFNG_AREG/FASLG_AREG/CXCR6_AREG/CD74_AREG/IL2RB_AREG/LAYN_AREG/ENTPD1_AREG/KRT86_AREG/DUSP4_AREG/TNFSF4_CD40LG/GZMB_CD40LG/CSF1_CD40LG/NAMPT_CD40LG/TNFRSF9_CD40LG/HAVCR2_CD40LG/CD70_CXCR5/NAMPT_CXCR5/TNFRSF9_CXCR5/HAVCR2_CXCR5/CD70_IL6ST/NAMPT_IL6ST/NAMPT_FAAH2/TOX_SESN3/GEM_SESN3/TOX_SLC2A3/ZBED2_SLC2A3/CSF1_SLC2A3/IFNG_SLC2A3/FASLG_SLC2A3/CXCR6_SLC2A3/IL2RB_SLC2A3/LAYN_SLC2A3/ENTPD1_SLC2A3/TNFRSF18_SLC2A3/GEM_SLC2A3"
"679",662,660,"CD8+NME1+ T_CD4+CXCR5+ pre-Tfh","CD8+NME1+ T","CD4+CXCR5+ pre-Tfh",40,19,1.042,0.464473259802991,1,1,"CXCR3_AREG/GTF3A_AREG/MYB_AREG/CXCR3_SLC2A3/MND1_AREG/CXCR3_NR3C1/MYB_PABPC1/MXD3_AREG/MYB_SLC2A3/MYB_NR3C1/GTF3A_SLC2A3/MYB_FAM177A1/HMGB1_SLC2A3/MND1_SLC2A3/HMGB1_AREG/CD74_AREG/PFN1_AREG/CXCR3_PABPC1/MYB_PASK","GPI_TCF7/GAPDH_TCF7/MYB_NR3C1/CXCR3_NR3C1/GAPDH_NR3C1/CXCR3_NR4A2/GAPDH_TSHZ2/GAPDH_LEF1/ENO1_CMTM8/GAPDH_TNFSF8/GTF3A_AREG/MYB_AREG/MXD3_AREG/HMGB1_AREG/CD74_AREG/CXCR3_AREG/MND1_AREG/PFN1_AREG/SKA3_AREG/ENO1_CD40LG/GPI_CD40LG/ENO1_CXCR5/GPI_CXCR5/GAPDH_CXCR5/ENO1_IL6ST/GAPDH_IL6ST/MYB_PASK/ENO1_FAAH2/GPI_FAAH2/GAPDH_FAAH2/GTF3A_SLC2A3/MYB_SLC2A3/HMGB1_SLC2A3/CXCR3_SLC2A3/MND1_SLC2A3/MYB_FAM177A1/GAPDH_FAM177A1/ENO1_MBP/MYB_PABPC1/CXCR3_PABPC1"
"1256",663,663,"CD8+KIR+TXK+ NK-like_CD4+IFNG+ Tfh/Th1","CD8+KIR+TXK+ NK-like","CD4+IFNG+ Tfh/Th1",27,13,1.056,0.468182875548892,1,1,"B3GNT7_RBPJ/B3GNT7_PDE7B/B3GNT7_LAG3/B3GNT7_GZMB/B3GNT7_PTMS/KIR3DL2_LAG3/B3GNT7_ZEB2/B3GNT7_CD74/KIR3DL2_RBPJ/B3GNT7_CD4/B3GNT7_CCL4L2/B3GNT7_HAVCR2/TXK_HAVCR2","B3GNT7_ZEB2/AREG_ID2/TXK_BHLHE40/AREG_BHLHE40/KIR3DL2_RBPJ/B3GNT7_RBPJ/AREG_IFNG/B3GNT7_GZMB/TXK_CCL3/IKZF2_IL21/AREG_IL21/AREG_CXCR6/B3GNT7_CD4/AREG_CD74/B3GNT7_CD74/KIR3DL2_LAG3/B3GNT7_LAG3/TXK_HAVCR2/B3GNT7_HAVCR2/AREG_KRT86/AREG_MYO7A/B3GNT7_PTMS/FOSL2_RDH10/AREG_RDH10/B3GNT7_CCL4L2/B3GNT7_PDE7B/AREG_DUSP4"
"1000",664,664,"CD4+CCL5+ Tm_CD4+CAPG+ Tm","CD4+CCL5+ Tm","CD4+CAPG+ Tm",14,7,1.097,0.471653291941457,1,1,"ID2_RBPJ/PTGER4_RBPJ/PTGER4_IL32/ID2_BHLHE40/CD40LG_TGFB1/PARP8_RBPJ/ZFP36L2_BHLHE40","ZFP36L2_BHLHE40/ID2_BHLHE40/BHLHE40_ID2/ANXA1_ID2/ID2_RBPJ/PARP8_RBPJ/PTGER4_RBPJ/PTGER4_IL32/CD40LG_TGFB1/NR4A2_CD40LG/BHLHE40_CXCR3/NR4A2_CXCR3/ALOX5AP_CXCR3/ANXA1_TMSB4X"
"701",665,665,"CD4+NME1+CCR4- T_CD4+CXCR5+ pre-Tfh","CD4+NME1+CCR4- T","CD4+CXCR5+ pre-Tfh",38,18,1.039,0.474997744486421,1,1,"MEOX1_NR4A2/MEOX1_PABPC1/MEOX1_SLC2A3/PHF5A_AREG/TMSB10_AREG/MEOX1_NR3C1/CORO1A_SLC2A3/ARPC1B_AREG/MEOX1_PASK/TXN_AREG/HMGB1_SLC2A3/HMGB1_AREG/MEOX1_IFITM1/EBI3_AREG/EBI3_SLC2A3/PFN1_AREG/MEOX1_AREG/EBI3_PABPC1","GPI_TCF7/GAPDH_TCF7/MEOX1_NR3C1/GAPDH_NR3C1/MEOX1_NR4A2/GAPDH_TSHZ2/GAPDH_LEF1/ENO1_CMTM8/GAPDH_TNFSF8/MEOX1_AREG/PHF5A_AREG/HMGB1_AREG/EBI3_AREG/PFN1_AREG/CFL1_AREG/TMSB10_AREG/TXN_AREG/ARPC1B_AREG/ENO1_CD40LG/GPI_CD40LG/ENO1_CXCR5/GPI_CXCR5/GAPDH_CXCR5/ENO1_IL6ST/GAPDH_IL6ST/MEOX1_PASK/ENO1_FAAH2/GPI_FAAH2/GAPDH_FAAH2/MEOX1_SLC2A3/HMGB1_SLC2A3/EBI3_SLC2A3/CORO1A_SLC2A3/GAPDH_FAM177A1/ENO1_MBP/MEOX1_PABPC1/EBI3_PABPC1/MEOX1_IFITM1"
"312",666,666,"CD4+NME1+CCR4+ T_CD8+KIR+TXK+ NK-like","CD4+NME1+CCR4+ T","CD8+KIR+TXK+ NK-like",25,12,1.053,0.481028543108983,1,1,"IL6R_AREG/ARHGDIB_AREG/TMSB10_AREG/FLT3LG_AREG/ARPC1B_AREG/HDAC1_AREG/IFNAR2_AREG/HMGB1_AREG/CD74_AREG/PFN1_AREG/IL6R_KLRC3/IFNAR2_FAM3C","TPM4_HOPX/ENO1_TXK/HDAC1_AREG/SCAND1_AREG/HMGB1_AREG/FLT3LG_AREG/CD74_AREG/IL6R_AREG/IFNAR2_AREG/PFN1_AREG/TMSB10_AREG/ARPC1B_AREG/ARHGDIB_AREG/IFNAR2_FAM3C/ENO1_IL12RB2/ENO1_KIR3DL2/CMTM7_KIR3DL2/ENO1_KIR2DL4/IL6R_KLRC3/SUB1_B3GNT7/ENO1_B3GNT7/IL32_B3GNT7/CMTM7_B3GNT7/CD74_B3GNT7/CNN2_B3GNT7"
"1529",667,666,"CD8+KIR+TXK+ NK-like_CD4+NME1+CCR4+ T","CD8+KIR+TXK+ NK-like","CD4+NME1+CCR4+ T",25,12,1.053,0.481028543108983,1,1,"KIR3DL2_ENO1/B3GNT7_ENO1/B3GNT7_IL32/HOPX_TPM4/KIR2DL4_ENO1/B3GNT7_CMTM7/B3GNT7_SUB1/B3GNT7_CNN2/TXK_ENO1/B3GNT7_CD74/KIR3DL2_CMTM7/IL12RB2_ENO1","B3GNT7_SUB1/AREG_HDAC1/TXK_ENO1/IL12RB2_ENO1/KIR3DL2_ENO1/KIR2DL4_ENO1/B3GNT7_ENO1/AREG_SCAND1/B3GNT7_IL32/KIR3DL2_CMTM7/B3GNT7_CMTM7/AREG_HMGB1/AREG_FLT3LG/AREG_CD74/B3GNT7_CD74/AREG_IL6R/KLRC3_IL6R/AREG_IFNAR2/FAM3C_IFNAR2/AREG_PFN1/AREG_TMSB10/AREG_ARPC1B/B3GNT7_CNN2/AREG_ARHGDIB/HOPX_TPM4"
"859",668,668,"CD8+Tn_CD4+TIMP1+ Tm","CD8+Tn","CD4+TIMP1+ Tm",12,6,1.097,0.489641259508481,1,1,"FLT3LG_VIM/TPT1_VIM/KLF2_ANXA1/IFNGR2_VIM/IL6R_ANXA1/KLF2_TIMP1","TIMP1_KLF2/KLF2_TIMP1/EEF1A1_FLT3LG/ACTN1_FLT3LG/PABPC1_FLT3LG/PABPC1_CD40LG/KLF2_ANXA1/IL6R_ANXA1/FLT3LG_VIM/IFNGR2_VIM/TPT1_VIM/IFNGR2_EMP3"
"1405",669,668,"CD8+Tn_CD4+ISG+ Treg","CD8+Tn","CD4+ISG+ Treg",12,6,1.097,0.489641259508481,1,1,"TXK_NAMPT/FLT3LG_CD70/FLT3LG_CSF1/EEF1B2_NAMPT/CMTM8_NAMPT/IL6R_NAMPT","IL23A_IL1RN/FLT3LG_CSF1/TXK_NAMPT/CMTM8_NAMPT/IL6R_NAMPT/EEF1B2_NAMPT/LEF1_IL7/TIMP1_IL7/PABPC1_IL7/TCF7_CD70/FLT3LG_CD70/PABPC1_IFI6"
"1485",670,668,"CD8+ZNF683+CXCR6- Tm_CD4+NME1+CCR4- T","CD8+ZNF683+CXCR6- Tm","CD4+NME1+CCR4- T",12,6,1.097,0.489641259508481,1,1,"PFN1_GAPDH/PFN1_ENO1/CISH_GAPDH/CISH_ENO1/ACTB_ENO1/ACTB_GAPDH","ACTB_ENO1/CISH_ENO1/PFN1_ENO1/ZNF683_MEOX1/IL32_MEOX1/GZMA_MEOX1/TNF_MEOX1/MYL12A_MEOX1/ACTB_GAPDH/SH3BGRL3_GAPDH/CISH_GAPDH/PFN1_GAPDH"
"1526",671,668,"CD8+GZMK+ Tem_CD4+NME1+CCR4+ T","CD8+GZMK+ Tem","CD4+NME1+CCR4+ T",12,6,1.097,0.489641259508481,1,1,"COTL1_ENO1/COTL1_CNN2/CXCR3_CMTM7/HLA-DPB1_ENO1/HLA-DRB1_ENO1/CXCR3_ENO1","CD74_ENO1/CXCR3_ENO1/HLA-DRB1_ENO1/COTL1_ENO1/HLA-DPB1_ENO1/CXCR3_CMTM7/SUB1_FLT3LG/COTL1_CD74/CCL4_CCR4/CST7_CCR4/CD74_COTL1/COTL1_CNN2"
"265",672,672,"CD4+IL21+ Tfh_CD8+KIR+EOMES+ NK-like","CD4+IL21+ Tfh","CD8+KIR+EOMES+ NK-like",21,10,1.045,0.510081721145154,1,1,"CD40LG_NR4A2/IL6R_DUSP2/CD40LG_DUSP2/TNFSF8_NR4A2/BTLA_DUSP2/TSHZ2_NR4A2/IL6R_NR4A2/IL21_IKZF2/ITM2A_TNFSF9/TNFSF11_TNFSF9","IL21_IKZF2/CD200_IKZF2/IGFL2_IKZF2/TSHZ2_NR4A2/TNFSF8_NR4A2/CD40LG_NR4A2/IL6R_NR4A2/IGFL2_LITAF/IGFL2_XCL1/TNFSF11_TNFSF9/ITM2A_TNFSF9/CD200_CD160/NMB_CD160/RBPJ_GCSAM/TNFSF4_GCSAM/CD200_GCSAM/NMB_GCSAM/IGFL2_GCSAM/CD40LG_DUSP2/IL6R_DUSP2/BTLA_DUSP2"
"1216",673,672,"CD8+KIR+EOMES+ NK-like_CD4+IL21+ Tfh","CD8+KIR+EOMES+ NK-like","CD4+IL21+ Tfh",21,10,1.045,0.510081721145154,1,1,"GCSAM_CD200/GCSAM_NMB/GCSAM_RBPJ/IKZF2_CD200/CD160_CD200/GCSAM_IGFL2/CD160_NMB/GCSAM_TNFSF4/XCL1_IGFL2/IKZF2_IGFL2","NR4A2_TSHZ2/GCSAM_RBPJ/IKZF2_IL21/NR4A2_TNFSF8/TNFSF9_TNFSF11/GCSAM_TNFSF4/NR4A2_CD40LG/DUSP2_CD40LG/NR4A2_IL6R/DUSP2_IL6R/IKZF2_CD200/CD160_CD200/GCSAM_CD200/CD160_NMB/GCSAM_NMB/IKZF2_IGFL2/LITAF_IGFL2/XCL1_IGFL2/GCSAM_IGFL2/DUSP2_BTLA/TNFSF9_ITM2A"
"1098",674,674,"CD8+Temra_CD4+Temra","CD8+Temra","CD4+Temra",32,15,1.028,0.510239576112724,1,1,"GZMH_GZMB/C1orf21_S1PR5/TBX21_GNLY/TBX21_S1PR5/KLF3_S1PR5/KLF3_GNLY/CMKLR1_GNLY/C1orf21_GNLY/ASCL2_PRSS23/KLF3_IL18RAP/KLF3_ZEB2/FGFBP2_ZEB2/CX3CR1_GNLY/FGFBP2_KLRD1/C1orf21_PRSS23","KLF3_ZEB2/FGFBP2_ZEB2/S1PR5_TBX21/GNLY_TBX21/GZMB_GZMH/GZMH_GZMB/GNLY_XCL2/KLF3_CCL3/S1PR5_CX3CR1/GNLY_CX3CR1/GNLY_CMKLR1/KLF3_IL18RAP/ZEB2_FGFBP2/KLRD1_FGFBP2/KLF3_GNLY/TBX21_GNLY/CX3CR1_GNLY/CMKLR1_GNLY/C1orf21_GNLY/KLF3_S1PR5/TBX21_S1PR5/CX3CR1_S1PR5/C1orf21_S1PR5/FGFBP2_KLRD1/S1PR5_C1orf21/PRSS23_C1orf21/GNLY_C1orf21/GZMB_PRF1/S1PR5_CTSW/GNLY_CTSW/ASCL2_PRSS23/C1orf21_PRSS23"
"616",675,675,"CD4+IL21+ Tfh_CD8+NME1+ T","CD4+IL21+ Tfh","CD8+NME1+ T",43,20,1.02,0.510612988415123,1,1,"CD40LG_ENO1/IL6R_GAPDH/IL21_GAPDH/CXCR5_GAPDH/IL6ST_GAPDH/CXCR5_ENO1/IL21_ENO1/CD40LG_GPI/ITM2A_ENO1/NR3C1_GAPDH/ITM2A_GPI/CXCR5_GPI/IL6R_ENO1/ITM2A_GAPDH/IL6R_GPI/IL6ST_ENO1/ITM2A_KIF20A/TSHZ2_GAPDH/TNFSF8_GAPDH/TNFSF11_GAPDH","IL21_ENO1/CD40LG_ENO1/IL6ST_ENO1/CXCR5_ENO1/IL6R_ENO1/CPM_ENO1/ITM2A_ENO1/RBPJ_GTF3A/CD200_GTF3A/NMB_GTF3A/IGFL2_GTF3A/NR3C1_MYB/TOX2_MYB/RBPJ_MYB/IL21_MYB/GNG4_MYB/NMB_MYB/IGFL2_MYB/PDE7B_MYB/RBPJ_HMGB1/NMB_HMGB1/CD40LG_GPI/CXCR5_GPI/IL6R_GPI/ITM2A_GPI/NR3C1_CXCR3/GNG4_CXCR3/CD200_CXCR3/NMB_CXCR3/IGFL2_CXCR3/IGFL2_ACTB/NMB_PFN1/NMB_SKA3/NR3C1_GAPDH/TSHZ2_GAPDH/IL21_GAPDH/TNFSF8_GAPDH/TNFSF11_GAPDH/IL6ST_GAPDH/CXCR5_GAPDH/IL6R_GAPDH/ITM2A_GAPDH/ITM2A_KIF20A"
"1225",676,675,"CD8+NME1+ T_CD4+IL21+ Tfh","CD8+NME1+ T","CD4+IL21+ Tfh",43,20,1.02,0.510612988415123,1,1,"MYB_RBPJ/HMGB1_NMB/CXCR3_CD200/MYB_NMB/GTF3A_RBPJ/GTF3A_CD200/GTF3A_NMB/CXCR3_NR3C1/HMGB1_RBPJ/MYB_NR3C1/MYB_IGFL2/MYB_IL21/CXCR3_NMB/PFN1_NMB/ACTB_IGFL2/MYB_TOX2/CXCR3_GNG4/SKA3_NMB/CXCR3_IGFL2/GTF3A_IGFL2","MYB_NR3C1/CXCR3_NR3C1/GAPDH_NR3C1/MYB_TOX2/GAPDH_TSHZ2/GTF3A_RBPJ/MYB_RBPJ/HMGB1_RBPJ/ENO1_IL21/MYB_IL21/GAPDH_IL21/GAPDH_TNFSF8/GAPDH_TNFSF11/ENO1_CD40LG/GPI_CD40LG/ENO1_IL6ST/GAPDH_IL6ST/ENO1_CXCR5/GPI_CXCR5/GAPDH_CXCR5/ENO1_IL6R/GPI_IL6R/GAPDH_IL6R/MYB_GNG4/CXCR3_GNG4/GTF3A_CD200/CXCR3_CD200/GTF3A_NMB/MYB_NMB/HMGB1_NMB/CXCR3_NMB/PFN1_NMB/SKA3_NMB/GTF3A_IGFL2/MYB_IGFL2/CXCR3_IGFL2/ACTB_IGFL2/ENO1_CPM/MYB_PDE7B/ENO1_ITM2A/GPI_ITM2A/GAPDH_ITM2A/KIF20A_ITM2A"
"26",677,677,"CD4+CAPG+CREM- Tm_CD8+Tn","CD4+CAPG+CREM- Tm","CD8+Tn",10,5,1.097,0.510811608020404,1,1,"ID2_EEF1A1/ZFP36L2_PABPC1/CXCR3_PABPC1/CD40LG_PABPC1/ID2_ACTN1","ANXA1_KLF2/BHLHE40_TXK/ANXA1_IL6R/BHLHE40_IFNGR2/CCL4_IFNGR2/ID2_EEF1A1/ID2_ACTN1/ZFP36L2_PABPC1/CD40LG_PABPC1/CXCR3_PABPC1"
"976",678,677,"CD8+Tn_CD4+CAPG+ Tm","CD8+Tn","CD4+CAPG+ Tm",10,5,1.097,0.510811608020404,1,1,"FLT3LG_RBPJ/IFNGR2_BHLHE40/EEF1B2_RBPJ/KLF2_TGFB1/KLF2_TIMP1","TXK_BHLHE40/IFNGR2_BHLHE40/EEF1A1_ID2/ACTN1_ID2/FLT3LG_RBPJ/EEF1B2_RBPJ/KLF2_TIMP1/KLF2_TGFB1/PABPC1_CD40LG/PABPC1_CXCR3"
"1002",679,677,"CD4+GZMK+ Tem_CD4+CAPG+ Tm","CD4+GZMK+ Tem","CD4+CAPG+ Tm",10,5,1.097,0.510811608020404,1,1,"F2R_RBPJ/CXCR3_ALOX5AP/NFATC2_TGFB1/ENC1_RBPJ/NFATC2_IL32","CXCR3_BHLHE40/ENC1_RBPJ/F2R_RBPJ/NFATC2_IL32/NFATC2_TGFB1/ENC1_TGFB1/NR4A2_CD40LG/NR4A2_CXCR3/CXCR3_ALOX5AP/CD74_COTL1"
"368",680,680,"CD4+CXCR5+ pre-Tfh_CD8+GZMK+ Tex","CD4+CXCR5+ pre-Tfh","CD8+GZMK+ Tex",39,18,1.012,0.533773201733909,1,1,"CMTM8_TRPS1/IL6ST_NAMPT/SESN3_TRPS1/FAAH2_NAMPT/CXCR5_NAMPT/CD40LG_TNFSF4/TSHZ2_TRPS1/TNFSF8_HAVCR2/CXCR5_HAVCR2/CD40LG_TNFRSF9/CD40LG_HAVCR2/FAM177A1_PRDM1/CMTM8_NAMPT/TCF7_PRDM1/IL6ST_TRPS1/SESN3_TOX/CD40LG_NAMPT/CCR4_CCL4","SESN3_TOX/SLC2A3_TOX/TCF7_PRDM1/FAM177A1_PRDM1/TSHZ2_TRPS1/CMTM8_TRPS1/IL6ST_TRPS1/SESN3_TRPS1/SLC2A3_GZMA/SLC2A3_CCL5/CD40LG_TNFSF4/CCR4_CCL4/AREG_IFNG/SLC2A3_IFNG/CMTM8_NAMPT/CD40LG_NAMPT/CXCR5_NAMPT/IL6ST_NAMPT/FAAH2_NAMPT/AREG_CD74/NR3C1_CXCR6/AREG_CXCR6/SLC2A3_CXCR6/SLC2A3_CCR5/TNFSF8_HAVCR2/CD40LG_HAVCR2/CXCR5_HAVCR2/NR3C1_CD27/AREG_CD27/SLC2A3_VCAM1/NR3C1_LYST/AREG_LYST/SLC2A3_LYST/PABPC1_LYST/SLC2A3_PDCD1/AREG_DUSP4/CD40LG_TNFRSF9/CXCR5_TNFRSF9/AREG_HLA-DRB1"
"673",681,680,"CD8+GZMK+ Tex_CD4+CXCR5+ pre-Tfh","CD8+GZMK+ Tex","CD4+CXCR5+ pre-Tfh",39,18,1.012,0.533773201733909,1,1,"VCAM1_SLC2A3/LYST_AREG/CXCR6_SLC2A3/CCR5_SLC2A3/IFNG_SLC2A3/DUSP4_AREG/CD27_NR3C1/LYST_NR3C1/GZMA_SLC2A3/HLA-DRB1_AREG/CCL5_SLC2A3/PDCD1_SLC2A3/CD74_AREG/LYST_SLC2A3/TOX_SLC2A3/LYST_PABPC1/CD27_AREG/CXCR6_AREG","PRDM1_TCF7/CXCR6_NR3C1/CD27_NR3C1/LYST_NR3C1/TRPS1_TSHZ2/TRPS1_CMTM8/NAMPT_CMTM8/HAVCR2_TNFSF8/IFNG_AREG/CD74_AREG/CXCR6_AREG/CD27_AREG/LYST_AREG/DUSP4_AREG/HLA-DRB1_AREG/TNFSF4_CD40LG/NAMPT_CD40LG/HAVCR2_CD40LG/TNFRSF9_CD40LG/NAMPT_CXCR5/HAVCR2_CXCR5/TNFRSF9_CXCR5/TRPS1_IL6ST/NAMPT_IL6ST/CCL4_CCR4/NAMPT_FAAH2/TOX_SESN3/TRPS1_SESN3/TOX_SLC2A3/GZMA_SLC2A3/CCL5_SLC2A3/IFNG_SLC2A3/CXCR6_SLC2A3/CCR5_SLC2A3/VCAM1_SLC2A3/LYST_SLC2A3/PDCD1_SLC2A3/PRDM1_FAM177A1/LYST_PABPC1"
"185",682,682,"CD4+CCR6+ Th17_CD8+GZMK+ Tem","CD4+CCR6+ Th17","CD8+GZMK+ Tem",8,4,1.097,0.53670490076162,1,1,"ABCB1_CST7/DPP4_CST7/KLRB1_CST7/FLT3LG_SUB1","FLT3LG_SUB1/BHLHE40_CXCR3/IL4I1_CXCR3/MYBL1_COTL1/VIM_COTL1/KLRB1_CST7/ABCB1_CST7/DPP4_CST7"
"456",683,682,"CD4+GZMK+ Tem_CD8+OXPHOS- Tex","CD4+GZMK+ Tem","CD8+OXPHOS- Tex",8,4,1.097,0.53670490076162,1,1,"CXCR3_PRDM1/IFNG_PRDM1/NFATC2_CSF1/NFATC2_PRDM1","NFATC2_PRDM1/IFNG_PRDM1/CXCR3_PRDM1/NFATC2_CSF1/ENC1_HAVCR2/CST7_CTLA4/NFATC2_TNFRSF9/CST7_TIGIT"
"992",684,682,"CD4+Tn_CD4+CAPG+ Tm","CD4+Tn","CD4+CAPG+ Tm",8,4,1.097,0.53670490076162,1,1,"GIMAP7_RBPJ/EEF1B2_RBPJ/KLF2_TGFB1/KLF2_TIMP1","TXK_BHLHE40/EEF1A1_ID2/ACTN1_ID2/EEF1B2_RBPJ/GIMAP7_RBPJ/KLF2_TIMP1/KLF2_TGFB1/PLAC8_SH3BGRL3"
"1031",685,682,"CD4+Tn_CD4+CAPG+CREM- Tm","CD4+Tn","CD4+CAPG+CREM- Tm",8,4,1.097,0.53670490076162,1,1,"GIMAP7_GZMB/GIMAP7_ZNF683/KLF2_ANXA1/PLAC8_GZMB","EEF1A1_ID2/ACTN1_ID2/TXK_BHLHE40/GIMAP7_ZNF683/PLAC8_GZMB/GIMAP7_GZMB/PLAC8_SH3BGRL3/KLF2_ANXA1"
"1408",686,682,"CD8+GZMK+ early Tem_CD4+ISG+ Treg","CD8+GZMK+ early Tem","CD4+ISG+ Treg",8,4,1.097,0.53670490076162,1,1,"ENC1_NAMPT/CXCR5_NAMPT/CXCR5_IL32/CXCR5_CD70","CD74_ETV7/CXCR5_IL32/CXCR4_IL1RN/CXCR5_NAMPT/ENC1_NAMPT/CXCR5_CD70/CST7_IFI6/CST7_IFIT3"
"1473",687,682,"CD4+CCR6+ Th17_CD4+ISG+ Th","CD4+CCR6+ Th17","CD4+ISG+ Th",8,4,1.097,0.53670490076162,1,1,"ABCB1_PLSCR1/CD40LG_IFI16/ABCB1_STAT1/ABCB1_IFIT3","ABCB1_PLSCR1/ABCB1_STAT1/VIM_SP100/CD40LG_IFI16/FLT3LG_IFI16/ABCB1_IFIT3/ANXA1_IFI6/IL4I1_MX2"
"1541",688,682,"CD4+IL7R- Tn_CD4+NME1+CCR4+ T","CD4+IL7R- Tn","CD4+NME1+CCR4+ T",8,4,1.097,0.53670490076162,1,1,"FAU_ENO1/EEF1A1_ENO1/BTF3_ENO1/EEF1B2_ENO1","EEF1B2_ENO1/EEF1A1_ENO1/FAU_ENO1/BTF3_ENO1/EEF1A1_FLT3LG/ACTG1_FLT3LG/NACA_FLT3LG/BTF3_FLT3LG"
"366",689,689,"CD8+NME1+ T_CD8+GZMK+ Tex","CD8+NME1+ T","CD8+GZMK+ Tex",28,13,1.019,0.537600734480012,1,1,"MYB_NAMPT/CXCR3_TRPS1/HMGB1_TRPS1/MYB_TSC22D1/MYB_TNFRSF9/MYB_TRPS1/MYB_PRDM1/MYB_HAVCR2/CXCR3_PRDM1/MYB_LYST/HMGB1_NAMPT/GTF3A_NAMPT/GTF3A_TRPS1","MYB_TSC22D1/MYB_PRDM1/CXCR3_PRDM1/GTF3A_TRPS1/MYB_TRPS1/HMGB1_TRPS1/CXCR3_TRPS1/GAPDH_IFNG/GTF3A_NAMPT/MYB_NAMPT/HMGB1_NAMPT/ENO1_CD74/ENO1_CXCR6/GAPDH_CXCR6/MYB_HAVCR2/ENO1_CD27/GPI_CD27/GAPDH_CD27/ENO1_LYST/MYB_LYST/GPI_LYST/ACTG1_LYST/GAPDH_LYST/ENO1_PDCD1/GAPDH_DUSP4/MYB_TNFRSF9/GAPDH_HLA-DQA1/ENO1_HLA-DRB1"
"595",690,689,"CD8+GZMK+ Tex_CD8+NME1+ T","CD8+GZMK+ Tex","CD8+NME1+ T",28,13,1.019,0.537600734480012,1,1,"CD27_GAPDH/CXCR6_GAPDH/CXCR6_ENO1/LYST_GPI/CD27_GPI/LYST_ACTG1/LYST_ENO1/CD27_ENO1/DUSP4_GAPDH/IFNG_GAPDH/LYST_GAPDH/HLA-DRB1_ENO1/PDCD1_ENO1","CD74_ENO1/CXCR6_ENO1/CD27_ENO1/LYST_ENO1/PDCD1_ENO1/HLA-DRB1_ENO1/TRPS1_GTF3A/NAMPT_GTF3A/TSC22D1_MYB/PRDM1_MYB/TRPS1_MYB/NAMPT_MYB/HAVCR2_MYB/LYST_MYB/TNFRSF9_MYB/TRPS1_HMGB1/NAMPT_HMGB1/CD27_GPI/LYST_GPI/PRDM1_CXCR3/TRPS1_CXCR3/LYST_ACTG1/IFNG_GAPDH/CXCR6_GAPDH/CD27_GAPDH/LYST_GAPDH/DUSP4_GAPDH/HLA-DQA1_GAPDH"
"1204",691,689,"CD4+S1PR1+ Treg_CD4+IL26+ Th17","CD4+S1PR1+ Treg","CD4+IL26+ Th17",28,13,1.019,0.537600734480012,1,1,"HPGD_ANKRD28/FLT3LG_ANKRD28/PI16_IL4I1/CCR10_ANKRD28/KLF3_ANKRD28/FLT3LG_RUNX2/CCDC141_ANKRD28/FOXP3_IL4I1/HPGD_CEBPD/PI16_PTPN13/KLF3_RUNX2/KLF3_CEBPD/KLF2_ANKRD28","KLF3_CEBPD/HPGD_CEBPD/KLF3_RUNX2/FLT3LG_RUNX2/IL32_IL22/CPNE2_IL22/IKZF2_IL23R/CPNE2_IL23R/IKZF2_IL17RE/LEF1_IL17RE/CCR10_IL17RE/IL2RA_IL17RE/RTKN2_IL17RE/HLA-DRB1_IL17RE/CPNE2_IL17RE/CPNE2_KLRB1/PI16_PTPN13/FOXP3_IL4I1/KLF3_IL4I1/SELL_IL4I1/HPGD_IL4I1/PI16_IL4I1/KLF2_ANKRD28/KLF3_ANKRD28/FLT3LG_ANKRD28/CCR10_ANKRD28/CCDC141_ANKRD28/HPGD_ANKRD28"
"1270",692,689,"CD4+AREG+ Tm_CD4+IFNG+ Tfh/Th1","CD4+AREG+ Tm","CD4+IFNG+ Tfh/Th1",28,13,1.019,0.537600734480012,1,1,"KLF3_RBPJ/CD40LG_GZMB/PTGER2_PTMS/CD40LG_ZEB2/CD40LG_HAVCR2/TCF7_PTMS/KLF3_ZEB2/KLF2_PDE7B/KLF3_PTMS/PLAC8_GZMB/EEF1B2_RBPJ/PLAC8_HAVCR2/ZFP36L2_BHLHE40","KLF3_ZEB2/CD40LG_ZEB2/AREG_ID2/ANXA1_ID2/EEF1A1_ID2/GPR183_ID2/ZFP36L2_BHLHE40/AREG_BHLHE40/KLF3_RBPJ/EEF1B2_RBPJ/AREG_IFNG/CD40LG_GZMB/PLAC8_GZMB/KLF3_CCL3/AREG_IL21/KLF3_FAM3C/AREG_CXCR6/AREG_CD74/CD40LG_HAVCR2/PLAC8_HAVCR2/AREG_KRT86/AREG_MYO7A/KLF3_PTMS/TCF7_PTMS/PTGER2_PTMS/AREG_RDH10/KLF2_PDE7B/AREG_DUSP4"
"77",693,693,"CD4+NME1+CCR4- T_CD8+IL7R+ Tm","CD4+NME1+CCR4- T","CD8+IL7R+ Tm",17,8,1.032,0.545283060961606,1,1,"MEOX1_PABPC1/CORO1A_TNFAIP3/MEOX1_FTH1/MEOX1_TNFAIP3/EBI3_TNFAIP3/ARPC1B_FTH1/HMGB1_GPR183/EBI3_PABPC1","GAPDH_ZFP36L2/GAPDH_TSC22D3/ENO1_BTG1/GAPDH_BTG1/ENO1_LMNA/GAPDH_LMNA/PKM_LMNA/TMSB10_LMNA/MEOX1_TNFAIP3/EBI3_TNFAIP3/CORO1A_TNFAIP3/SUB1_FTH1/MEOX1_FTH1/ARPC1B_FTH1/HMGB1_GPR183/MEOX1_PABPC1/EBI3_PABPC1"
"1487",694,693,"CD8+GZMK+ Tem_CD4+NME1+CCR4- T","CD8+GZMK+ Tem","CD4+NME1+CCR4- T",17,8,1.032,0.545283060961606,1,1,"COTL1_ENO1/CXCR3_GAPDH/COTL1_GAPDH/HLA-DPB1_GAPDH/HLA-DPB1_ENO1/CXCR3_GPI/HLA-DRB1_ENO1/CXCR3_ENO1","CD74_ENO1/CXCR3_ENO1/HLA-DRB1_ENO1/COTL1_ENO1/HLA-DPB1_ENO1/GZMA_MEOX1/IL32_MEOX1/CCL4_MEOX1/CCR5_MEOX1/CST7_MEOX1/APOBEC3G_MEOX1/CXCR3_GPI/CD74_EBI3/CXCR3_GAPDH/COTL1_GAPDH/HLA-DPB1_GAPDH/HLA-DQA1_GAPDH"
"474",695,695,"CD8+Temra_CD8+TCF7+ Tex","CD8+Temra","CD8+TCF7+ Tex",37,17,1.008,0.546244802481625,1,1,"C1orf21_TNFRSF4/C1orf21_GNG4/KLF3_NMB/KLF3_CD200/C1orf21_NR3C1/KLF2_IGFL2/KLF3_NR3C1/C1orf21_IGFL2/C1orf21_NMB/KLF3_GNG4/TBX21_TNFRSF4/C1orf21_TOX/CX3CR1_CD200/CMKLR1_TNFRSF4/C1orf21_CD200/ZEB2_IGFL2/ASCL2_GNG4","S1PR5_TSHZ2/GNLY_TSHZ2/C1orf21_TSHZ2/GNLY_TCF7/C1orf21_TCF7/KLF3_NR3C1/C1orf21_NR3C1/CX3CR1_TOX/C1orf21_TOX/S1PR5_BATF/GNLY_BATF/ZEB2_EBI3/ZEB2_CD40LG/GZMB_CD40LG/S1PR5_IL6R/GNLY_IL6R/GNLY_IFNAR2/KLF3_CD200/CX3CR1_CD200/C1orf21_CD200/ASCL2_GNG4/KLF3_GNG4/C1orf21_GNG4/TBX21_TNFRSF4/CX3CR1_TNFRSF4/CMKLR1_TNFRSF4/C1orf21_TNFRSF4/KLF2_IGFL2/ZEB2_IGFL2/GZMA_IGFL2/CX3CR1_IGFL2/C1orf21_IGFL2/GNLY_CPM/KLF3_NMB/C1orf21_NMB/S1PR5_SESN3/C1orf21_IGFBP4"
"1222",696,696,"CD8+TCF7+ Tex_CD4+IL21+ Tfh","CD8+TCF7+ Tex","CD4+IL21+ Tfh",44,20,0.997,0.565364029675885,1,1,"IL6R_NMB/TSHZ2_CD200/BATF_NMB/CD40LG_IGFL2/SESN3_IGFL2/CD40LG_TNFSF4/TNFSF8_NMB/CPM_TNFSF4/BTLA_TNFSF4/IL6R_GNG4/IL6R_IGFL2/IFNAR2_CD200/GNG4_IGFL2/CPM_NMB/CPM_GNG4/CPM_RBPJ/EBI3_IGFL2/SESN3_TOX/IL6R_CD200/IFNAR2_NMB","SESN3_TOX/CD200_TSHZ2/CPM_RBPJ/NR3C1_IL21/TNFRSF4_IL21/NMB_TNFSF8/IGFL2_TNFSF11/CD40LG_TNFSF4/CPM_TNFSF4/BTLA_TNFSF4/TNFRSF4_CD40LG/IGFL2_CD40LG/NR3C1_IL6ST/CD200_IL6ST/IGFL2_IL6ST/NR3C1_CXCR5/CD200_CXCR5/TNFRSF4_CXCR5/CD200_IL6R/GNG4_IL6R/TNFRSF4_IL6R/IGFL2_IL6R/NMB_IL6R/IGFBP4_IL6R/IL6R_GNG4/IGFL2_GNG4/CPM_GNG4/TSHZ2_CD200/IL6R_CD200/IFNAR2_CD200/BATF_NMB/TNFSF8_NMB/IL6R_NMB/IFNAR2_NMB/CPM_NMB/EBI3_IGFL2/CD40LG_IGFL2/IL6R_IGFL2/GNG4_IGFL2/SESN3_IGFL2/GNG4_CPM/NMB_CPM/NR3C1_ITM2A/TNFRSF4_ITM2A"
"338",697,697,"CD4+CAPG+CREM- Tm_CD8+ZNF683+CXCR6+ Trm","CD4+CAPG+CREM- Tm","CD8+ZNF683+CXCR6+ Trm",15,7,1.024,0.566172307584678,1,1,"ID2_RBPJ/CD40LG_GZMB/GZMH_GZMB/HOPX_LGALS1/CXCR3_LGALS1/CD52_GZMB/CD40LG_ZNF683","CD40LG_ZNF683/BHLHE40_ID2/ANXA1_ID2/BHLHE40_ZFP36L2/ID2_RBPJ/GZMH_GZMB/CD40LG_GZMB/CD52_GZMB/BHLHE40_CXCR3/ALOX5AP_CXCR3/ANXA1_TMSB4X/GZMB_CD52/HOPX_LGALS1/CXCR3_LGALS1/BHLHE40_LDLRAD4"
"1023",698,697,"CD8+ZNF683+CXCR6+ Trm_CD4+CAPG+CREM- Tm","CD8+ZNF683+CXCR6+ Trm","CD4+CAPG+CREM- Tm",15,7,1.024,0.566172307584678,1,1,"ID2_BHLHE40/TMSB4X_ANXA1/LDLRAD4_BHLHE40/CXCR3_ALOX5AP/CD52_GZMB/ID2_ANXA1/ZFP36L2_BHLHE40","LGALS1_HOPX/RBPJ_ID2/ID2_BHLHE40/ZFP36L2_BHLHE40/CXCR3_BHLHE40/LDLRAD4_BHLHE40/GZMB_GZMH/CD52_GZMB/ZNF683_CD40LG/GZMB_CD40LG/LGALS1_CXCR3/CXCR3_ALOX5AP/GZMB_CD52/ID2_ANXA1/TMSB4X_ANXA1"
"1093",699,697,"CD8+Tn_CD4+Temra","CD8+Tn","CD4+Temra",15,7,1.024,0.566172307584678,1,1,"IL6R_GNLY/FLT3LG_S1PR5/TXK_KLRD1/EEF1B2_S1PR5/IL6R_S1PR5/TXK_PLEK/TCF7_GNLY","IFNGR2_CCL4/TXK_CCL3/TCF7_GNLY/IL6R_GNLY/TPT1_GNLY/FLT3LG_S1PR5/IL6R_S1PR5/EEF1B2_S1PR5/TXK_KLRD1/TCF7_C1orf21/TIMP1_C1orf21/ACTN1_C1orf21/PABPC1_C1orf21/TXK_PLEK/PABPC1_CTSW"
"202",700,700,"CD8+KIR+TXK+ NK-like_CD8+Temra","CD8+KIR+TXK+ NK-like","CD8+Temra",24,11,1.005,0.569157948618842,1,1,"B3GNT7_S1PR5/B3GNT7_GNLY/B3GNT7_GZMB/TXK_KLRD1/KLRC3_GNLY/B3GNT7_FCGR3A/B3GNT7_CXCR2/B3GNT7_ZEB2/TXK_PLEK/B3GNT7_TBX21/XCL2_GNLY","AREG_ASCL2/FOSL2_KLF3/REL_KLF3/AREG_KLF3/FAM3C_KLF3/KLRC3_KLF3/B3GNT7_ZEB2/B3GNT7_TBX21/B3GNT7_GZMB/AREG_CX3CR1/B3GNT7_CXCR2/AREG_FGFBP2/KIR3DL2_FCGR3A/B3GNT7_FCGR3A/B3GNT7_S1PR5/XCL2_GNLY/KLRC3_GNLY/B3GNT7_GNLY/TXK_KLRD1/AREG_FGR/TXK_PLEK/FOSL2_C1orf21/REL_C1orf21/AREG_C1orf21"
"279",701,700,"CD8+Temra_CD8+KIR+TXK+ NK-like","CD8+Temra","CD8+KIR+TXK+ NK-like",24,11,1.005,0.569157948618842,1,1,"KLF3_AREG/FGFBP2_AREG/C1orf21_REL/C1orf21_AREG/KLF3_KLRC3/C1orf21_FOSL2/ASCL2_AREG/KLF3_REL/KLF3_FOSL2/FGR_AREG/CX3CR1_AREG","KLRD1_TXK/PLEK_TXK/KLF3_FOSL2/C1orf21_FOSL2/KLF3_REL/C1orf21_REL/GNLY_XCL2/ASCL2_AREG/KLF3_AREG/CX3CR1_AREG/FGFBP2_AREG/FGR_AREG/C1orf21_AREG/KLF3_FAM3C/FCGR3A_KIR3DL2/KLF3_KLRC3/GNLY_KLRC3/ZEB2_B3GNT7/TBX21_B3GNT7/GZMB_B3GNT7/CXCR2_B3GNT7/FCGR3A_B3GNT7/S1PR5_B3GNT7/GNLY_B3GNT7"
"1554",702,700,"CD4+IFNG+ Tfh/Th1_CD4+NME1+CCR4+ T","CD4+IFNG+ Tfh/Th1","CD4+NME1+CCR4+ T",24,11,1.005,0.569157948618842,1,1,"IL2RG_ENO1/CXCR6_ENO1/IL21_ENO1/ID2_SUB1/LAG3_ENO1/ID2_ENO1/PTMS_ENO1/IL21_CMTM7/MYO7A_ENO1/DUSP4_TMSB10/PDCD1_ENO1","ID2_SUB1/PDE7B_KLF2/ID2_ENO1/IL21_ENO1/CXCR6_ENO1/IL2RG_ENO1/CD74_ENO1/LAG3_ENO1/PDCD1_ENO1/MYO7A_ENO1/PTMS_ENO1/IL21_CMTM7/RBPJ_HMGB1/RBPJ_FLT3LG/LAG3_FLT3LG/PTMS_FLT3LG/CCL4_CCR4/LAG3_IL6R/BHLHE40_IFNAR2/FAM3C_IFNAR2/DUSP4_TMSB10/CD74_COTL1/MYO7A_CNN2/BHLHE40_ARHGDIB"
"3",703,703,"CD8+GZMK+ early Tem_CD8+Tn","CD8+GZMK+ early Tem","CD8+Tn",6,3,1.097,0.570309394562235,1,1,"PIK3R1_PABPC1/ENC1_PABPC1/DKK3_ACTN1","DUSP2_TXK/DUSP2_IL6R/DUSP2_MAL/DKK3_ACTN1/ENC1_PABPC1/PIK3R1_PABPC1"
"118",704,703,"CD8+Tn_CD8+GZMK+ early Tem","CD8+Tn","CD8+GZMK+ early Tem",6,3,1.097,0.570309394562235,1,1,"IL6R_DUSP2/MAL_DUSP2/TXK_DUSP2","TXK_DUSP2/IL6R_DUSP2/MAL_DUSP2/ACTN1_DKK3/PABPC1_ENC1/PABPC1_PIK3R1"
"529",705,703,"CD4+TIMP1+ Tm_CD8+ISG+ CD8+ T","CD4+TIMP1+ Tm","CD8+ISG+ CD8+ T",6,3,1.097,0.570309394562235,1,1,"FLT3LG_STAT2/LMO4_STAT2/LMO4_RSAD2","LMO4_STAT2/FLT3LG_STAT2/VIM_SP100/LMO4_RSAD2/ANXA1_IFI6/SH3BGRL3_OAS1"
"537",706,703,"CD4+IL26+ Th17_CD8+ISG+ CD8+ T","CD4+IL26+ Th17","CD8+ISG+ CD8+ T",6,3,1.097,0.570309394562235,1,1,"IL17RE_STAT2/ID2_STAT2/IL17RE_CCR1","ID2_STAT2/IL17RE_STAT2/CTSH_STAT2/ANKRD28_SP100/IL22_TNFSF10/IL17RE_CCR1"
"797",707,703,"CD4+Tn_CD4+TNF+ T","CD4+Tn","CD4+TNF+ T",6,3,1.097,0.570309394562235,1,1,"GIMAP7_LCP2/KLF2_EGR1/LINC00861_LCP2","EEF1A1_ID2/ACTN1_ID2/KLF2_EGR1/PLAC8_SH3BGRL3/GIMAP7_LCP2/LINC00861_LCP2"
"875",708,703,"CD4+Tn_CD4+TIMP1+ Tm","CD4+Tn","CD4+TIMP1+ Tm",6,3,1.097,0.570309394562235,1,1,"TPT1_VIM/KLF2_ANXA1/KLF2_TIMP1","KLF2_TIMP1/EEF1A1_FLT3LG/ACTN1_FLT3LG/KLF2_ANXA1/PLAC8_SH3BGRL3/TPT1_VIM"
"979",709,703,"CD8+GZMK+ early Tem_CD4+CAPG+ Tm","CD8+GZMK+ early Tem","CD4+CAPG+ Tm",6,3,1.097,0.570309394562235,1,1,"ENC1_RBPJ/CXCR5_IL32/PIK3R1_TGFB1","ENC1_RBPJ/CXCR5_IL32/ENC1_TGFB1/PIK3R1_TGFB1/DUSP2_CD40LG/CD74_COTL1"
"994",710,703,"CD4+ADSL+ Tn_CD4+CAPG+ Tm","CD4+ADSL+ Tn","CD4+CAPG+ Tm",6,3,1.097,0.570309394562235,1,1,"ANKRD55_RBPJ/KLF2_TGFB1/KLF2_TIMP1","TXK_BHLHE40/ANKRD55_RBPJ/KLF2_TIMP1/KLF2_TGFB1/ANKRD55_TGFB1/COTL1_CD74"
"1072",711,703,"CD4+ADSL+ Tn_CD4+GZMK+ Tem","CD4+ADSL+ Tn","CD4+GZMK+ Tem",6,3,1.097,0.570309394562235,1,1,"TXK_NR4A2/IL6R_NR4A2/ANKRD55_NR4A2","TXK_RUNX3/TXK_NR4A2/IL6R_NR4A2/ANKRD55_NR4A2/TXK_CCL3/COTL1_CD74"
"598",712,712,"CD8+TCF7+ Tex_CD8+NME1+ T","CD8+TCF7+ Tex","CD8+NME1+ T",33,15,0.997,0.573292634321505,1,1,"CD40LG_ENO1/IL6R_GAPDH/EBI3_ENO1/TCF7_GPI/CD40LG_GPI/BATF_GAPDH/NR3C1_GAPDH/TCF7_GAPDH/EBI3_CD74/IL6R_ENO1/IL6R_GPI/IFNAR2_GAPDH/TSHZ2_GAPDH/BATF_ENO1/TNFSF8_GAPDH","BATF_ENO1/EBI3_ENO1/CD40LG_ENO1/IL6R_ENO1/CPM_ENO1/CD200_GTF3A/IGFL2_GTF3A/NMB_GTF3A/NR3C1_MYB/GNG4_MYB/IGFL2_MYB/NMB_MYB/NMB_HMGB1/TCF7_GPI/CD40LG_GPI/IL6R_GPI/EBI3_CD74/NR3C1_CXCR3/CD200_CXCR3/GNG4_CXCR3/TNFRSF4_CXCR3/IGFL2_CXCR3/NMB_CXCR3/IGFL2_ACTB/NMB_PFN1/NMB_SKA3/TSHZ2_GAPDH/TCF7_GAPDH/NR3C1_GAPDH/BATF_GAPDH/TNFSF8_GAPDH/IL6R_GAPDH/IFNAR2_GAPDH"
"1543",713,712,"CD4+AREG+ Tm_CD4+NME1+CCR4+ T","CD4+AREG+ Tm","CD4+NME1+CCR4+ T",33,15,0.997,0.573292634321505,1,1,"PTGER2_ENO1/CD40LG_ENO1/KLF3_ENO1/EEF1A1_ENO1/KLF3_CMTM7/CD40LG_CNN2/EEF1B2_ENO1/PLAC8_ENO1/ZFP36L2_CMTM7/KLF3_CNN2/KLF3_SUB1/KLF3_TPM4/ZFP36L2_ARHGDIB/KLF2_CNN2/ZFP36L2_TPM4","KLF3_SUB1/AREG_HDAC1/ANXA1_KLF2/KLF3_ENO1/CD40LG_ENO1/EEF1A1_ENO1/EEF1B2_ENO1/PTGER2_ENO1/PLAC8_ENO1/AREG_SCAND1/ZFP36L2_CMTM7/KLF3_CMTM7/AREG_HMGB1/GPR183_HMGB1/AREG_FLT3LG/EEF1A1_FLT3LG/PABPC1_FLT3LG/AREG_CD74/AREG_IL6R/ANXA1_IL6R/PABPC1_IL6R/AREG_IFNAR2/PABPC1_IFNAR2/AREG_PFN1/AREG_TMSB10/AREG_ARPC1B/KLF2_CNN2/KLF3_CNN2/CD40LG_CNN2/ZFP36L2_ARHGDIB/AREG_ARHGDIB/ZFP36L2_TPM4/KLF3_TPM4"
"390",714,714,"CD4+NME1+CCR4+ T_CD8+GZMK+ Tex","CD4+NME1+CCR4+ T","CD8+GZMK+ Tex",22,10,0.997,0.586953327244488,1,1,"FLT3LG_TRPS1/HMGB1_TRPS1/FLT3LG_TSC22D1/FLT3LG_PRDM1/IL16_PRDM1/HMGB1_NAMPT/KLF2_TSC22D1/FLT3LG_TNFRSF9/IL6R_NAMPT/CCR4_CCL4","KLF2_TSC22D1/FLT3LG_TSC22D1/FLT3LG_PRDM1/IL16_PRDM1/HMGB1_TRPS1/FLT3LG_TRPS1/CCR4_CCL4/HMGB1_NAMPT/IL6R_NAMPT/ENO1_CD74/COTL1_CD74/ENO1_CXCR6/ENO1_CD27/TMSB10_CD27/CNN2_CD27/ENO1_LYST/CMTM7_LYST/ACTG1_LYST/ENO1_PDCD1/TMSB10_DUSP4/FLT3LG_TNFRSF9/ENO1_HLA-DRB1"
"1413",715,714,"CD8+ZNF683+CXCR6+ Trm_CD4+ISG+ Treg","CD8+ZNF683+CXCR6+ Trm","CD4+ISG+ Treg",22,10,0.997,0.586953327244488,1,1,"ID2_NAMPT/CD52_NAMPT/CXCR3_CD70/ZFP36L2_CD70/CXCR6_CD70/ZFP36L2_CSF1/LDLRAD4_NAMPT/ZFP36L2_NAMPT/LDLRAD4_RSAD2/HOPX_NAMPT","GZMB_ETV7/LGALS1_ETV7/LGALS1_BATF/RBPJ_TNFSF10/ZFP36L2_CSF1/HOPX_NAMPT/ID2_NAMPT/ZFP36L2_NAMPT/CD52_NAMPT/LDLRAD4_NAMPT/RBPJ_IL7/ZFP36L2_CD70/CXCR6_CD70/CXCR3_CD70/GZMB_IFIT1/GZMB_OAS1/SH3BGRL3_OAS1/RBPJ_MX1/GZMB_MX1/RBPJ_IFI6/LDLRAD4_RSAD2/GZMB_IFIT3"
"1431",716,714,"CD4+CAPG+CREM- Tm_CD4+ISG+ Treg","CD4+CAPG+CREM- Tm","CD4+ISG+ Treg",22,10,0.997,0.586953327244488,1,1,"ID2_NAMPT/CD52_NAMPT/CD40LG_CSF1/CXCR3_CD70/ZFP36L2_CD70/CXCR6_CD70/ZFP36L2_CSF1/ZFP36L2_NAMPT/HOPX_NAMPT/CD40LG_NAMPT","GZMB_ETV7/ALOX5AP_IL1RN/ANXA1_IL1RN/ZFP36L2_CSF1/CD40LG_CSF1/HOPX_NAMPT/ID2_NAMPT/ZFP36L2_NAMPT/CD40LG_NAMPT/CD52_NAMPT/BHLHE40_IL7/IFNGR1_IL7/ZFP36L2_CD70/CXCR3_CD70/CXCR6_CD70/GZMB_IFIT1/GZMB_OAS1/SH3BGRL3_OAS1/ALOX5AP_OAS1/GZMB_MX1/ANXA1_IFI6/GZMB_IFIT3"
"1531",717,714,"CD8+GZMK+ Tex_CD4+NME1+CCR4+ T","CD8+GZMK+ Tex","CD4+NME1+CCR4+ T",22,10,0.997,0.586953327244488,1,1,"CXCR6_ENO1/LYST_ACTG1/LYST_ENO1/CD27_ENO1/CD27_CNN2/LYST_CMTM7/DUSP4_TMSB10/HLA-DRB1_ENO1/CD27_TMSB10/PDCD1_ENO1","TSC22D1_KLF2/CD74_ENO1/CXCR6_ENO1/CD27_ENO1/LYST_ENO1/PDCD1_ENO1/HLA-DRB1_ENO1/LYST_CMTM7/TRPS1_HMGB1/NAMPT_HMGB1/TSC22D1_FLT3LG/PRDM1_FLT3LG/TRPS1_FLT3LG/TNFRSF9_FLT3LG/PRDM1_IL16/CCL4_CCR4/NAMPT_IL6R/LYST_ACTG1/CD27_TMSB10/DUSP4_TMSB10/CD74_COTL1/CD27_CNN2"
"472",718,718,"CD8+GZMK+ early Tem_CD8+TCF7+ Tex","CD8+GZMK+ early Tem","CD8+TCF7+ Tex",13,6,1.012,0.590123303971204,1,1,"DKK3_IGFL2/PIK3R1_NR3C1/CXCR5_TNFRSF4/PIK3R1_CD200/PIK3R1_IGFL2/CXCR5_CD200","CXCR5_NR3C1/PIK3R1_NR3C1/CD74_EBI3/DUSP2_CD40LG/DUSP2_IL6R/CST7_CCR4/CXCR5_CD200/PIK3R1_CD200/CXCR5_TNFRSF4/CMC1_TNFRSF4/DKK3_IGFL2/PIK3R1_IGFL2/DUSP2_BTLA"
"937",719,718,"CD8+Tn_CD4+CCL5+ Tm","CD8+Tn","CD4+CCL5+ Tm",13,6,1.012,0.590123303971204,1,1,"IFNGR2_BHLHE40/TXK_NR4A2/TNFSF8_NR4A2/IL6R_NR4A2/KLF2_ANXA1/IL6R_ANXA1","PABPC1_ZFP36L2/EEF1A1_ID2/ACTN1_ID2/TXK_BHLHE40/IFNGR2_BHLHE40/TXK_NR4A2/TNFSF8_NR4A2/IL6R_NR4A2/PABPC1_CD40LG/IFNGR2_CCL4/KLF2_ANXA1/IL6R_ANXA1/EEF1B2_PTGER4"
"1174",720,718,"CD8+GZMK+ early Tem_CD4+IL26+ Th17","CD8+GZMK+ early Tem","CD4+IL26+ Th17",13,6,1.012,0.590123303971204,1,1,"PIK3R1_ANKRD28/CXCR5_ANKRD28/TRAT1_IL4I1/CXCR4_IL4I1/PIK3R1_RUNX2/CMC1_ANKRD28","PIK3R1_RUNX2/DUSP2_CD40LG/CXCR5_IL23R/CRTAM_IL23R/CD44_IL17RE/DUSP2_IL17RE/CMC1_IL17RE/CST7_KLRB1/CXCR4_IL4I1/TRAT1_IL4I1/CXCR5_ANKRD28/CMC1_ANKRD28/PIK3R1_ANKRD28"
"308",721,721,"CD4+TNFRSF9+ Treg_CD8+KIR+TXK+ NK-like","CD4+TNFRSF9+ Treg","CD8+KIR+TXK+ NK-like",40,18,0.987,0.590473154222842,1,1,"IKZF2_AREG/IL7_AREG/IL7_FOSL2/CARD16_AREG/LAIR2_AREG/IL7_KLRC3/BATF_AREG/IL7_REL/CARD16_KLRC3/IL1RN_AREG/IL7_LAT2/BATF_FOSL2/EBI3_AREG/CCL22_AREG/LAYN_AREG/CD74_AREG/IL2RB_AREG/BATF_LAT2","IL7_IKZF2/NAMPT_HOPX/PMAIP1_HOPX/NAMPT_TXK/BATF_FOSL2/IL7_FOSL2/IL7_REL/CARD16_REL/BATF_AREG/IKZF2_AREG/EBI3_AREG/CCL22_AREG/IL1RN_AREG/IL7_AREG/IL2RB_AREG/CD74_AREG/LAYN_AREG/CARD16_AREG/LAIR2_AREG/LAIR2_IL32/IKZF2_KIR3DL2/NAMPT_KIR3DL2/PMAIP1_KIR2DL4/IL7_TYROBP/IL7_KLRC3/CARD16_KLRC3/BATF_LAT2/IL7_LAT2/PMAIP1_LAT2/IL32_B3GNT7/NAMPT_B3GNT7/CSF1_B3GNT7/CCR8_B3GNT7/IL2RB_B3GNT7/CD74_B3GNT7/TNFRSF9_B3GNT7/CTLA4_B3GNT7/TNFRSF4_B3GNT7/TBC1D4_B3GNT7/PMAIP1_B3GNT7"
"1373",722,721,"CD8+KIR+TXK+ NK-like_CD4+TNFRSF9+ Treg","CD8+KIR+TXK+ NK-like","CD4+TNFRSF9+ Treg",40,18,0.987,0.590473154222842,1,1,"B3GNT7_NAMPT/TXK_NAMPT/B3GNT7_TNFRSF9/B3GNT7_TNFRSF4/B3GNT7_IL32/B3GNT7_PMAIP1/KIR3DL2_IKZF2/B3GNT7_CSF1/HOPX_PMAIP1/KIR3DL2_NAMPT/B3GNT7_CTLA4/B3GNT7_TBC1D4/B3GNT7_CCR8/LAT2_PMAIP1/B3GNT7_CD74/B3GNT7_IL2RB/HOPX_NAMPT/KIR2DL4_PMAIP1","FOSL2_BATF/AREG_BATF/LAT2_BATF/AREG_IKZF2/KIR3DL2_IKZF2/B3GNT7_IL32/HOPX_NAMPT/TXK_NAMPT/KIR3DL2_NAMPT/B3GNT7_NAMPT/AREG_EBI3/AREG_CCL22/B3GNT7_CSF1/AREG_IL1RN/IKZF2_IL7/FOSL2_IL7/REL_IL7/AREG_IL7/TYROBP_IL7/KLRC3_IL7/LAT2_IL7/B3GNT7_CCR8/AREG_IL2RB/B3GNT7_IL2RB/AREG_CD74/B3GNT7_CD74/AREG_LAYN/B3GNT7_TNFRSF9/B3GNT7_CTLA4/B3GNT7_TNFRSF4/REL_CARD16/AREG_CARD16/KLRC3_CARD16/AREG_LAIR2/IL32_LAIR2/B3GNT7_TBC1D4/HOPX_PMAIP1/KIR2DL4_PMAIP1/LAT2_PMAIP1/B3GNT7_PMAIP1"
"506",723,723,"CD4+NME1+CCR4- T_CD8+TCF7+ Tex","CD4+NME1+CCR4- T","CD8+TCF7+ Tex",29,13,0.983,0.603708976277087,1,1,"MEOX1_IGFL2/MEOX1_TNFRSF4/HMGB1_NMB/MEOX1_IGFBP4/MEOX1_NR3C1/MEOX1_GNG4/PHF5A_IGFL2/PFN1_NMB/ACTB_IGFL2/PHF5A_NMB/TXN_NMB/EBI3_IGFL2/MEOX1_TOX","GAPDH_TSHZ2/GPI_TCF7/GAPDH_TCF7/MEOX1_NR3C1/GAPDH_NR3C1/MEOX1_TOX/ENO1_BATF/GAPDH_BATF/ENO1_EBI3/GAPDH_TNFSF8/ENO1_CD40LG/GPI_CD40LG/ENO1_IL6R/GPI_IL6R/GAPDH_IL6R/TMSB10_IL6R/GAPDH_IFNAR2/MEOX1_GNG4/MEOX1_TNFRSF4/MEOX1_IGFL2/PHF5A_IGFL2/EBI3_IGFL2/ACTB_IGFL2/ENO1_CPM/PHF5A_NMB/HMGB1_NMB/PFN1_NMB/TXN_NMB/MEOX1_IGFBP4"
"654",724,724,"CD4+IL26+ Th17_CD4+Tn","CD4+IL26+ Th17","CD4+Tn",20,9,0.987,0.606426735803069,1,1,"IL17RE_EEF1A1/IL17RE_ACTN1/IL17RE_TPT1/IL17RE_EEF1B2/ID2_EEF1A1/IL23R_TPT1/IL17RE_LEF1/IL17RE_MAL/ID2_ACTN1","IL17RE_TCF7/ANKRD28_TCF7/IL17RE_LEF1/ANKRD28_KLF2/ID2_EEF1A1/IL17RE_EEF1A1/IL4I1_SELL/IL17RE_EEF1B2/ANKRD28_EEF1B2/IL23R_TPT1/IL17RE_TPT1/ID2_ACTN1/IL17RE_ACTN1/CEBPD_GIMAP7/RUNX2_GIMAP7/IL4I1_GIMAP7/ANKRD28_GIMAP7/IL17RE_MAL/IL4I1_MAL/IL4I1_LINC00861"
"883",725,725,"CD4+CAPG+ Tm_CD4+TIMP1+ Tm","CD4+CAPG+ Tm","CD4+TIMP1+ Tm",11,5,0.997,0.618205622074323,1,1,"ID2_VIM/TMSB4X_ANXA1/HMGB1_VIM/ID2_ANXA1/CD52_VIM","TIMP1_KLF2/TGFB1_KLF2/BHLHE40_LMO4/RBPJ_FLT3LG/TGFB1_CD40LG/ID2_ANXA1/TMSB4X_ANXA1/ID2_VIM/HMGB1_VIM/CD52_VIM/COTL1_VIM"
"998",726,725,"CD4+TIMP1+ Tm_CD4+CAPG+ Tm","CD4+TIMP1+ Tm","CD4+CAPG+ Tm",11,5,0.997,0.618205622074323,1,1,"FLT3LG_RBPJ/LMO4_BHLHE40/CD40LG_TGFB1/KLF2_TGFB1/KLF2_TIMP1","LMO4_BHLHE40/ANXA1_ID2/VIM_ID2/FLT3LG_RBPJ/KLF2_TIMP1/KLF2_TGFB1/CD40LG_TGFB1/VIM_HMGB1/ANXA1_TMSB4X/VIM_CD52/VIM_COTL1"
"106",727,727,"CD4+Temra_CD8+ZNF683+CXCR6- Tm","CD4+Temra","CD8+ZNF683+CXCR6- Tm",4,2,1.097,0.618575251919782,1,1,"C1orf21_CKLF/C1orf21_MYL12A","C1orf21_CKLF/GZMB_CD52/GNLY_CD52/C1orf21_MYL12A"
"154",728,727,"CD4+ISG+ Th_CD8+GZMK+ early Tem","CD4+ISG+ Th","CD8+GZMK+ early Tem",4,2,1.097,0.618575251919782,1,1,"IFI6_CST7/IFIT3_CST7","IFI16_CMC1/IFIT3_CST7/IFI6_CST7/IFI16_PIK3R1"
"164",729,727,"CD8+ZNF683+CXCR6+ Trm_CD8+GZMK+ Tem","CD8+ZNF683+CXCR6+ Trm","CD8+GZMK+ Tem",4,2,1.097,0.618575251919782,1,1,"ID2_SUB1/LDLRAD4_CST7","ID2_SUB1/GZMB_GZMH/LGALS1_CXCR3/LDLRAD4_CST7"
"254",730,727,"CD4+TNF+ T_CD8+KIR+EOMES+ NK-like","CD4+TNF+ T","CD8+KIR+EOMES+ NK-like",4,2,1.097,0.618575251919782,1,1,"CD40LG_NR4A2/CD40LG_DUSP2","CD40LG_NR4A2/CXCR3_NR4A2/CD99_GCSAM/CD40LG_DUSP2"
"292",731,727,"CD4+IL7R- Tn_CD8+KIR+TXK+ NK-like","CD4+IL7R- Tn","CD8+KIR+TXK+ NK-like",4,2,1.097,0.618575251919782,1,1,"LDHB_AREG/FAU_AREG","EEF1A1_AREG/LDHB_AREG/FAU_AREG/NACA_B3GNT7"
"317",732,727,"CD8+GZMK+ Tem_CD8+ZNF683+CXCR6+ Trm","CD8+GZMK+ Tem","CD8+ZNF683+CXCR6+ Trm",4,2,1.097,0.618575251919782,1,1,"GZMH_GZMB/CXCR3_LGALS1","SUB1_ID2/GZMH_GZMB/CXCR3_LGALS1/CST7_LDLRAD4"
"525",733,727,"CD4+ADSL+ Tn_CD8+ISG+ CD8+ T","CD4+ADSL+ Tn","CD8+ISG+ CD8+ T",4,2,1.097,0.618575251919782,1,1,"IL6R_STAT2/TXK_STAT2","TXK_STAT2/IL6R_STAT2/PASK_SP100/COTL1_CD74"
"777",734,727,"CD4+ISG+ Treg_CD4+IL7R- Tn","CD4+ISG+ Treg","CD4+IL7R- Tn",4,2,1.097,0.618575251919782,1,1,"IL7_ACTG1/IL7_NACA","NAMPT_EEF1B2/IL7_ACTG1/NAMPT_LDHB/IL7_NACA"
"1074",735,727,"CD4+TNF+ T_CD4+GZMK+ Tem","CD4+TNF+ T","CD4+GZMK+ Tem",4,2,1.097,0.618575251919782,1,1,"CD40LG_NR4A2/CCR2_CCL4","LCP2_NFATC2/CD40LG_NR4A2/CXCR3_NR4A2/CCR2_CCL4"
"1095",736,727,"CD8+ZNF683+CXCR6- Tm_CD4+Temra","CD8+ZNF683+CXCR6- Tm","CD4+Temra",4,2,1.097,0.618575251919782,1,1,"CD52_GZMB/CD52_GNLY","CD52_GZMB/CD52_GNLY/CKLF_C1orf21/MYL12A_C1orf21"
"1320",737,727,"CD4+IFNG+ Tfh/Th1_CD4+TNFRSF9- Treg","CD4+IFNG+ Tfh/Th1","CD4+TNFRSF9- Treg",4,2,1.097,0.618575251919782,1,1,"ID2_IKZF4/IL21_IKZF2","IL21_IKZF2/ID2_IKZF4/CXCL13_FCRL3/BHLHE40_VAV3"
"1363",738,727,"CD4+ISG+ Th_CD4+S1PR1+ Treg","CD4+ISG+ Th","CD4+S1PR1+ Treg",4,2,1.097,0.618575251919782,1,1,"IFI6_IL2RA/MX1_IL2RA","IFI16_KLF3/IFI16_FLT3LG/MX1_IL2RA/IFI6_IL2RA"
"1424",739,727,"CD4+IL7R- Tn_CD4+ISG+ Treg","CD4+IL7R- Tn","CD4+ISG+ Treg",4,2,1.097,0.618575251919782,1,1,"LDHB_NAMPT/EEF1B2_NAMPT","EEF1B2_NAMPT/LDHB_NAMPT/ACTG1_IL7/NACA_IL7"
"489",740,740,"CD4+AREG+ Tm_CD8+TCF7+ Tex","CD4+AREG+ Tm","CD8+TCF7+ Tex",27,12,0.975,0.6204508080652,1,1,"KLF3_NMB/KLF3_CD200/PTGER2_NR3C1/CD40LG_IGFL2/KLF2_IGFL2/KLF3_NR3C1/KLF3_GNG4/PTGER2_IGFL2/CD40LG_TNFRSF4/EEF1A1_IGFL2/TCF7_TNFRSF4/TPT1_CD200","KLF3_NR3C1/PTGER2_NR3C1/AREG_BATF/AREG_EBI3/PABPC1_EBI3/AREG_TNFSF8/AREG_CD40LG/PABPC1_CD40LG/AREG_IL6R/ANXA1_IL6R/PABPC1_IL6R/AREG_IFNAR2/PABPC1_IFNAR2/KLF3_CD200/TPT1_CD200/KLF3_GNG4/TCF7_TNFRSF4/CD40LG_TNFRSF4/KLF2_IGFL2/CD40LG_IGFL2/EEF1A1_IGFL2/TPT1_IGFL2/PTGER2_IGFL2/AREG_CPM/KLF3_NMB/AREG_NMB/AREG_SESN3"
"1043",741,740,"CD4+CCR6+ Th17_CD4+CAPG+CREM- Tm","CD4+CCR6+ Th17","CD4+CAPG+CREM- Tm",27,12,0.975,0.6204508080652,1,1,"CD40LG_GZMB/ABCB1_IL18RAP/ABCB1_ALOX5AP/ABCB1_BHLHE40/ABCB1_CKLF/CCR6_BHLHE40/KLRB1_BHLHE40/ABCB1_CAPG/CD40LG_ZNF683/GPR35_BHLHE40/ABCB1_S100A4/ZFP36L2_BHLHE40","BHLHE40_ID2/ANXA1_ID2/VIM_ID2/ZFP36L2_BHLHE40/CCR6_BHLHE40/GPR35_BHLHE40/KLRB1_BHLHE40/ABCB1_BHLHE40/BHLHE40_ZFP36L2/IL4I1_ZFP36L2/CD40LG_ZNF683/CD40LG_GZMB/ABCB1_CKLF/IL4I1_CD40LG/BHLHE40_CXCR3/IL4I1_CXCR3/ABCB1_IL18RAP/BHLHE40_GPR35/IL4I1_GPR35/VIM_GPR35/ABCB1_ALOX5AP/ABCB1_CAPG/IL4I1_CD52/VIM_CD52/ABCB1_CD99/ANXA1_TMSB4X/ABCB1_S100A4"
"1091",742,740,"CD4+NME1+CCR4- T_CD4+GZMK+ Tem","CD4+NME1+CCR4- T","CD4+GZMK+ Tem",27,12,0.975,0.6204508080652,1,1,"MEOX1_NR4A2/MEOX1_AOAH/MEOX1_DTHD1/MEOX1_CST7/MEOX1_GZMA/EBI3_CD74/MEOX1_FASLG/MEOX1_CCR5/MEOX1_CCL4/MEOX1_CCL4L2/MEOX1_CRTAM/SUB1_TNFSF9","GAPDH_LITAF/ENO1_NFATC2/GPI_NFATC2/ACTG1_NFATC2/MEOX1_NR4A2/MEOX1_CCL4/MEOX1_GZMA/SUB1_TNFSF9/GAPDH_IFNG/MEOX1_FASLG/ENO1_CD74/EBI3_CD74/MEOX1_CCR5/ENO1_CXCR3/GPI_CXCR3/GAPDH_CXCR3/MEOX1_CST7/MEOX1_CRTAM/MEOX1_CCL4L2/ENO1_ENC1/HMGA1_ENC1/GAPDH_ENC1/MEOX1_AOAH/ENO1_F2R/SUB1_F2R/ACTG1_F2R/MEOX1_DTHD1"
"1158",743,740,"CD4+CAPG+CREM- Tm_CD4+CCR6+ Th17","CD4+CAPG+CREM- Tm","CD4+CCR6+ Th17",27,12,0.975,0.6204508080652,1,1,"ID2_VIM/ID2_BHLHE40/CD40LG_IL4I1/TMSB4X_ANXA1/GPR35_IL4I1/ZFP36L2_IL4I1/GPR35_BHLHE40/GPR35_VIM/ID2_ANXA1/CD52_IL4I1/ZFP36L2_BHLHE40/CD52_VIM","ID2_BHLHE40/ZFP36L2_BHLHE40/CXCR3_BHLHE40/GPR35_BHLHE40/BHLHE40_ZFP36L2/ZNF683_CD40LG/GZMB_CD40LG/BHLHE40_CCR6/BHLHE40_GPR35/ID2_ANXA1/TMSB4X_ANXA1/BHLHE40_KLRB1/ZFP36L2_IL4I1/CD40LG_IL4I1/CXCR3_IL4I1/GPR35_IL4I1/CD52_IL4I1/ID2_VIM/GPR35_VIM/CD52_VIM/BHLHE40_ABCB1/CKLF_ABCB1/IL18RAP_ABCB1/ALOX5AP_ABCB1/CAPG_ABCB1/CD99_ABCB1/S100A4_ABCB1"
"675",744,744,"CD8+OXPHOS- Tex_CD4+CXCR5+ pre-Tfh","CD8+OXPHOS- Tex","CD4+CXCR5+ pre-Tfh",18,8,0.975,0.627922124006253,1,1,"ENTPD1_AREG/KIR2DL4_SLC2A3/LAYN_SLC2A3/ACP5_SLC2A3/LAYN_AREG/ENTPD1_SLC2A3/CSF1_SLC2A3/ETV1_AREG","PRDM1_TCF7/HAVCR2_TNFSF8/ETV1_AREG/LAYN_AREG/ENTPD1_AREG/ACP5_AREG/CSF1_CD40LG/HAVCR2_CD40LG/TNFRSF9_CD40LG/HAVCR2_CXCR5/TNFRSF9_CXCR5/CSF1_SLC2A3/LAYN_SLC2A3/ENTPD1_SLC2A3/TNFRSF18_SLC2A3/ACP5_SLC2A3/KIR2DL4_SLC2A3/PRDM1_FAM177A1"
"1237",745,745,"CD4+GZMK+ Tem_CD4+IL21+ Tfh","CD4+GZMK+ Tem","CD4+IL21+ Tfh",25,11,0.965,0.638402481519446,1,1,"CXCR3_CD200/F2R_RBPJ/ITM2C_IGFL2/CXCR3_NR3C1/ENC1_RBPJ/IFNG_IGFL2/ENC1_PDE7B/CXCR3_NMB/CXCR3_GNG4/CXCR3_IGFL2/F2R_TOX","CXCR3_NR3C1/F2R_NR3C1/F2R_TOX/NR4A2_TSHZ2/ENC1_RBPJ/F2R_RBPJ/RUNX3_TNFSF8/NR4A2_TNFSF8/TNFSF9_TNFSF11/NR4A2_CD40LG/NR4A2_IL6R/CXCR3_GNG4/CXCR3_CD200/CXCR3_NMB/F2R_NMB/LITAF_IGFL2/GZMA_IGFL2/IFNG_IGFL2/CXCR3_IGFL2/ITM2C_IGFL2/SLAMF7_IGFL2/RUNX3_BTLA/ENC1_PDE7B/TNFSF9_ITM2A/CST7_ITM2A"
"325",746,746,"CD8+ISG+ CD8+ T_CD8+ZNF683+CXCR6+ Trm","CD8+ISG+ CD8+ T","CD8+ZNF683+CXCR6+ Trm",16,7,0.96,0.651896980329811,1,1,"SP100_RBPJ/IFIT3_GZMB/IFI6_RBPJ/IFI44L_GZMB/MX1_GZMB/IFIT1_GZMB/TNFSF10_RBPJ","STAT2_ID2/SP100_RBPJ/TNFSF10_RBPJ/MX1_RBPJ/IFI6_RBPJ/IFIT1_GZMB/IFIT3_GZMB/IFI44L_GZMB/MX1_GZMB/OAS1_GZMB/OAS3_GZMB/STAT2_CXCR3/OAS1_SH3BGRL3/SP100_LGALS1/STAT2_LDLRAD4/RSAD2_LDLRAD4"
"1001",747,746,"CD4+CAPG+CREM- Tm_CD4+CAPG+ Tm","CD4+CAPG+CREM- Tm","CD4+CAPG+ Tm",16,7,0.96,0.651896980329811,1,1,"ID2_RBPJ/ID2_BHLHE40/CXCR3_ALOX5AP/CD40LG_TGFB1/GPR35_BHLHE40/GPR35_TGFB1/ZFP36L2_BHLHE40","ID2_BHLHE40/ZFP36L2_BHLHE40/CXCR3_BHLHE40/GPR35_BHLHE40/BHLHE40_ID2/ANXA1_ID2/ID2_RBPJ/CD40LG_TGFB1/GPR35_TGFB1/ZNF683_CD40LG/GZMB_CD40LG/BHLHE40_CXCR3/ALOX5AP_CXCR3/ANXA1_TMSB4X/CXCR3_ALOX5AP/GZMB_CD52"
"1040",748,746,"CD4+CAPG+ Tm_CD4+CAPG+CREM- Tm","CD4+CAPG+ Tm","CD4+CAPG+CREM- Tm",16,7,0.96,0.651896980329811,1,1,"CD40LG_GZMB/ID2_BHLHE40/TMSB4X_ANXA1/CXCR3_ALOX5AP/CD52_GZMB/CD40LG_ZNF683/ID2_ANXA1","BHLHE40_ID2/RBPJ_ID2/ID2_BHLHE40/CXCR3_BHLHE40/BHLHE40_ZFP36L2/CD40LG_ZNF683/CD40LG_GZMB/CD52_GZMB/TGFB1_CD40LG/BHLHE40_CXCR3/ALOX5AP_CXCR3/BHLHE40_GPR35/TGFB1_GPR35/CXCR3_ALOX5AP/ID2_ANXA1/TMSB4X_ANXA1"
"107",749,749,"CD4+CCR6+ Th17_CD8+ZNF683+CXCR6- Tm","CD4+CCR6+ Th17","CD8+ZNF683+CXCR6- Tm",9,4,0.975,0.652141728666853,1,1,"ABCB1_CISH/ABCB1_CKLF/CD40LG_ZNF683/ABCB1_S100A4","CD40LG_ZNF683/IL4I1_TNF/ABCB1_CKLF/IL4I1_CD52/VIM_CD52/IL4I1_TRAF3IP3/IL4I1_SIT1/ABCB1_S100A4/ABCB1_CISH"
"1372",750,750,"CD8+KIR+EOMES+ NK-like_CD4+TNFRSF9+ Treg","CD8+KIR+EOMES+ NK-like","CD4+TNFRSF9+ Treg",23,10,0.954,0.657741629414834,1,1,"GCSAM_CSF1/KLRG1_TIGIT/LITAF_PMAIP1/GCSAM_CD70/KLRG1_NAMPT/CD160_PMAIP1/CMC1_PMAIP1/GCSAM_PMAIP1/GCSAM_TNFRSF4/GCSAM_NAMPT","ZNF331_BATF/KLRG1_NAMPT/GCSAM_NAMPT/CD74_EBI3/DUSP2_CCL22/GCSAM_CSF1/GCSAM_CD70/CXCR4_IL1RN/IKZF2_IL7/LITAF_IL7/ZNF331_IL7/TNFSF9_IL7/IFNGR1_IL7/TYROBP_IL7/KLRG1_TIGIT/CMC1_TNFRSF4/GCSAM_TNFRSF4/LITAF_CARD16/IFNGR1_CARD16/LITAF_PMAIP1/CD160_PMAIP1/CMC1_PMAIP1/GCSAM_PMAIP1"
"285",751,751,"CD8+TCF7+ Tex_CD8+KIR+TXK+ NK-like","CD8+TCF7+ Tex","CD8+KIR+TXK+ NK-like",30,13,0.951,0.665070928474006,1,1,"IL6R_AREG/CD40LG_AREG/TNFSF8_AREG/BATF_AREG/IFNAR2_AREG/SESN3_AREG/BATF_FOSL2/NMB_AREG/EBI3_AREG/IL6R_KLRC3/CPM_AREG/IFNAR2_FAM3C/BATF_LAT2","CD200_IKZF2/IGFL2_IKZF2/NR3C1_TXK/IGFL2_TXK/BATF_FOSL2/IGFL2_XCL1/BATF_AREG/EBI3_AREG/TNFSF8_AREG/CD40LG_AREG/IL6R_AREG/IFNAR2_AREG/CPM_AREG/NMB_AREG/SESN3_AREG/IFNAR2_FAM3C/NR3C1_KIR3DL2/CD200_KIR3DL2/NMB_KIR3DL2/IL6R_KLRC3/BATF_LAT2/TSHZ2_B3GNT7/NR3C1_B3GNT7/TOX_B3GNT7/CD200_B3GNT7/GNG4_B3GNT7/TNFRSF4_B3GNT7/IGFL2_B3GNT7/NMB_B3GNT7/IGFBP4_B3GNT7"
"1381",752,752,"CD8+NME1+ T_CD4+TNFRSF9+ Treg","CD8+NME1+ T","CD4+TNFRSF9+ Treg",46,20,0.954,0.667174881711972,1,1,"MYB_IL2RA/CXCR3_PMAIP1/MYB_NAMPT/MYB_PMAIP1/MYB_TNFRSF9/SKA3_PMAIP1/MYB_IKZF4/CXCR3_CD70/MYB_CCR8/MYB_CD70/HMGB1_NAMPT/CKLF_PMAIP1/MYB_FOXP3/GTF3A_NAMPT/MYB_LTA/MXD3_CD70/MYB_IL1R2/CENPA_PMAIP1/CXCR3_TNFRSF4/MND1_PMAIP1","ENO1_FOXP3/MYB_FOXP3/ENO1_BATF/GAPDH_BATF/GAPDH_IKZF2/MYB_IKZF4/GAPDH_IKZF4/ENO1_ZBTB32/GPI_ZBTB32/GAPDH_ZBTB32/GTF3A_NAMPT/MYB_NAMPT/HMGB1_NAMPT/ENO1_EBI3/CD74_EBI3/ENO1_CCL22/ENO1_LTA/MYB_LTA/GPI_LTA/MYB_CD70/MXD3_CD70/CXCR3_CD70/GAPDH_IL1RN/KIF20A_IL1RN/ENO1_IL7/GPI_IL7/ACTG1_IL7/GAPDH_IL7/MYB_IL2RA/MYB_CCR8/MYB_IL1R2/ENO1_CD74/MYB_TNFRSF9/CXCR3_TNFRSF4/ENO1_CARD16/GPI_CARD16/GAPDH_CARD16/GAPDH_LAIR2/ENO1_TBC1D4/GAPDH_TBC1D4/MYB_PMAIP1/CKLF_PMAIP1/CXCR3_PMAIP1/MND1_PMAIP1/CENPA_PMAIP1/SKA3_PMAIP1"
"915",753,753,"CD4+CXCR5+ pre-Tfh_CD4+CREM+ Tm","CD4+CXCR5+ pre-Tfh","CD4+CREM+ Tm",53,23,0.952,0.675721610055195,1,1,"CD40LG_TNFAIP3/FAAH2_AREG/CD40LG_NR4A2/CXCR5_AREG/CD40LG_AREG/TNFSF8_AREG/FAM177A1_AREG/SH3TC1_AREG/FAAH2_FTH1/TCF7_TNFAIP3/CMTM8_CREM/IL6ST_AREG/TNFSF8_NR4A2/CD40LG_FTH1/SESN3_AREG/TSHZ2_NR4A2/SESN3_NR4A2/CD40LG_SRGN/CD40LG_TGFB1/TCF7_FTH1/TNFSF8_TNFAIP3/CD40LG_CREM/FAAH2_TNFAIP3","CMTM8_CREM/CD40LG_CREM/NR4A2_ZFP36L2/AREG_ZFP36L2/SLC2A3_ZFP36L2/SH3TC1_ZFP36L2/PABPC1_ZFP36L2/AREG_ZNF331/SLC2A3_ZNF331/TSHZ2_NR4A2/TNFSF8_NR4A2/CD40LG_NR4A2/SESN3_NR4A2/SLC2A3_NR4A2/SLC2A3_CCL5/SLC2A3_GZMA/CD40LG_TGFB1/SLC2A3_TGFB1/TNFSF8_AREG/CD40LG_AREG/CXCR5_AREG/IL6ST_AREG/FAAH2_AREG/SESN3_AREG/FAM177A1_AREG/SH3TC1_AREG/AREG_CXCL16/AREG_IFNGR1/NR4A2_GPR35/AREG_GPR35/SLC2A3_GPR35/SLC2A3_IL7R/SLC2A3_ZFP36/TCF7_FTH1/CD40LG_FTH1/FAAH2_FTH1/CD40LG_SRGN/AREG_FAM177A1/SLC2A3_FAM177A1/TCF7_TNFAIP3/CMTM8_TNFAIP3/TNFSF8_TNFAIP3/CD40LG_TNFAIP3/FAAH2_TNFAIP3/AREG_YPEL5/SLC2A3_YPEL5/AREG_LMNA/NR3C1_PTGER4/AREG_PTGER4/PASK_PTGER4/SLC2A3_PTGER4/IFITM1_PTGER4/AREG_CDKN1A"
"217",754,754,"CD4+TIMP1+ Tm_CD8+Temra","CD4+TIMP1+ Tm","CD8+Temra",21,9,0.94,0.678685496796505,1,1,"CD40LG_GZMB/CD52_FCGR3A/FLT3LG_S1PR5/S100A6_GNLY/CD40LG_ZEB2/LMO4_GNLY/CD52_GZMB/CD52_GNLY/S100A6_GZMB","VIM_ASCL2/TIMP1_KLF2/ANXA1_KLF2/ANXA1_KLF3/VIM_KLF3/CD40LG_ZEB2/CD40LG_GZMB/CD52_GZMB/S100A6_GZMB/VIM_CX3CR1/VIM_FGFBP2/S100A10_FCGR3A/CD52_FCGR3A/FLT3LG_S1PR5/LMO4_PRSS23/CAPG_PRSS23/LMO4_GNLY/CD52_GNLY/S100A6_GNLY/TIMP1_C1orf21/VIM_C1orf21"
"255",755,754,"CD4+AREG+ Tm_CD8+KIR+EOMES+ NK-like","CD4+AREG+ Tm","CD8+KIR+EOMES+ NK-like",21,9,0.94,0.678685496796505,1,1,"KLF3_ZNF331/CD40LG_NR4A2/KLF3_LITAF/PTGER2_TNFSF9/CD40LG_DUSP2/S1PR1_NR4A2/ZFP36L2_NR4A2/KLF3_DUSP2/KLF3_NR4A2","AREG_IKZF2/ZFP36L2_NR4A2/KLF3_NR4A2/CD40LG_NR4A2/S1PR1_NR4A2/KLF3_LITAF/AREG_LITAF/KLF3_ZNF331/AREG_ZNF331/AREG_XCL2/AREG_XCL1/PTGER2_TNFSF9/AREG_IFNGR1/AREG_CD74/AREG_IL2RB/AREG_CD160/AREG_TYROBP/AREG_GCSAM/ANXA1_GCSAM/KLF3_DUSP2/CD40LG_DUSP2"
"341",756,754,"CD4+CCR6+ Th17_CD8+ZNF683+CXCR6+ Trm","CD4+CCR6+ Th17","CD8+ZNF683+CXCR6+ Trm",21,9,0.94,0.678685496796505,1,1,"ABCB1_RBPJ/CD40LG_GZMB/HOPX_LGALS1/FLT3LG_RBPJ/ABCB1_CKLF/ABCB1_LGALS1/ABCB1_CAPG/CD40LG_ZNF683/ABCB1_S100A4","CD40LG_ZNF683/BHLHE40_ID2/ANXA1_ID2/VIM_ID2/BHLHE40_ZFP36L2/IL4I1_ZFP36L2/FLT3LG_RBPJ/ABCB1_RBPJ/ABCB1_CKLF/CD40LG_GZMB/BHLHE40_CXCR3/IL4I1_CXCR3/ABCB1_CAPG/ANXA1_TMSB4X/ABCB1_S100A4/IL4I1_CD52/VIM_CD52/HOPX_LGALS1/ABCB1_LGALS1/BHLHE40_LDLRAD4/VIM_LDLRAD4"
"1140",757,754,"CD8+ZNF683+CXCR6+ Trm_CD4+CCR6+ Th17","CD8+ZNF683+CXCR6+ Trm","CD4+CCR6+ Th17",21,9,0.94,0.678685496796505,1,1,"ID2_VIM/ID2_BHLHE40/TMSB4X_ANXA1/LDLRAD4_BHLHE40/ZFP36L2_IL4I1/ID2_ANXA1/CD52_IL4I1/ZFP36L2_BHLHE40/CD52_VIM","ID2_BHLHE40/ZFP36L2_BHLHE40/CXCR3_BHLHE40/LDLRAD4_BHLHE40/LGALS1_HOPX/ZNF683_CD40LG/GZMB_CD40LG/RBPJ_FLT3LG/ID2_ANXA1/TMSB4X_ANXA1/ZFP36L2_IL4I1/CXCR3_IL4I1/CD52_IL4I1/ID2_VIM/CD52_VIM/LDLRAD4_VIM/RBPJ_ABCB1/CKLF_ABCB1/CAPG_ABCB1/S100A4_ABCB1/LGALS1_ABCB1"
"1430",758,754,"CD4+CAPG+ Tm_CD4+ISG+ Treg","CD4+CAPG+ Tm","CD4+ISG+ Treg",21,9,0.94,0.678685496796505,1,1,"ID2_NAMPT/CD52_NAMPT/CD40LG_CSF1/CXCR3_CD70/COTL1_CD70/HMGB1_NAMPT/CXCR6_CD70/HOPX_NAMPT/CD40LG_NAMPT","CD74_ETV7/RBPJ_TNFSF10/ALOX5AP_IL1RN/CD40LG_CSF1/COTL1_CSF1/HOPX_NAMPT/ID2_NAMPT/CD40LG_NAMPT/HMGB1_NAMPT/CD52_NAMPT/BHLHE40_IL7/RBPJ_IL7/TIMP1_IL7/CXCR3_CD70/CXCR6_CD70/COTL1_CD70/COTL1_CD74/SH3BGRL3_OAS1/ALOX5AP_OAS1/RBPJ_MX1/RBPJ_IFI6"
"587",759,759,"CD8+IL7R+ Tm_CD8+NME1+ T","CD8+IL7R+ Tm","CD8+NME1+ T",14,6,0.94,0.678975812993515,1,1,"LMNA_GAPDH/BTG1_ENO1/ZFP36L2_GAPDH/TSC22D3_GAPDH/LMNA_ENO1/BTG1_GAPDH","BTG1_ENO1/LMNA_ENO1/GPR183_GTF3A/RGCC_MYB/PABPC1_MYB/FTH1_MXD3/GPR183_HMGB1/TNFAIP3_CXCR3/RGCC_CXCR3/PABPC1_CXCR3/ZFP36L2_GAPDH/TSC22D3_GAPDH/BTG1_GAPDH/LMNA_GAPDH"
"288",760,760,"CD8+NME1+ T_CD8+KIR+TXK+ NK-like","CD8+NME1+ T","CD8+KIR+TXK+ NK-like",28,12,0.94,0.68258836325409,1,1,"CXCR3_AREG/GTF3A_AREG/MYB_AREG/MND1_AREG/MYB_KLRC3/MXD3_AREG/MYB_FOSL2/MYB_REL/HMGB1_AREG/CD74_AREG/PFN1_AREG/MYB_LAT2","GAPDH_IKZF2/ENO1_TXK/GAPDH_TXK/MYB_FOSL2/MYB_REL/GTF3A_AREG/MYB_AREG/MXD3_AREG/HMGB1_AREG/CD74_AREG/CXCR3_AREG/MND1_AREG/PFN1_AREG/SKA3_AREG/ENO1_IL12RB2/GAPDH_IL12RB2/ENO1_KIR3DL2/GAPDH_KIR3DL2/ENO1_KIR2DL4/MYB_KLRC3/GAPDH_KLRC3/MYB_LAT2/ENO1_B3GNT7/HMGA1_B3GNT7/GPI_B3GNT7/CD74_B3GNT7/CENPA_B3GNT7/GAPDH_B3GNT7"
"311",761,760,"CD4+NME1+CCR4- T_CD8+KIR+TXK+ NK-like","CD4+NME1+CCR4- T","CD8+KIR+TXK+ NK-like",28,12,0.94,0.68258836325409,1,1,"MEOX1_IL32/PHF5A_AREG/TMSB10_AREG/ARPC1B_AREG/TXN_AREG/MEOX1_KLRC2/MEOX1_IL2RB/MEOX1_REL/HMGB1_AREG/EBI3_AREG/PFN1_AREG/MEOX1_AREG","GAPDH_IKZF2/ENO1_TXK/GAPDH_TXK/MEOX1_REL/MEOX1_AREG/PHF5A_AREG/HMGB1_AREG/EBI3_AREG/PFN1_AREG/CFL1_AREG/TMSB10_AREG/TXN_AREG/ARPC1B_AREG/MEOX1_IL32/MEOX1_IL2RB/ENO1_IL12RB2/GAPDH_IL12RB2/ENO1_KIR3DL2/GAPDH_KIR3DL2/ENO1_KIR2DL4/MEOX1_KLRC2/GAPDH_KLRC3/ENO1_B3GNT7/HMGA1_B3GNT7/SUB1_B3GNT7/GPI_B3GNT7/GAPDH_B3GNT7/TXN_B3GNT7"
"851",762,760,"CD4+IFNG+ Tfh/Th1_CD4+AREG+ Tm","CD4+IFNG+ Tfh/Th1","CD4+AREG+ Tm",28,12,0.94,0.68258836325409,1,1,"ID2_AREG/IL21_AREG/RDH10_AREG/DUSP4_AREG/ID2_GPR183/BHLHE40_AREG/KRT86_AREG/ID2_EEF1A1/CD74_AREG/ID2_ANXA1/CXCR6_AREG/MYO7A_AREG","BHLHE40_ZFP36L2/PDE7B_KLF2/ZEB2_KLF3/RBPJ_KLF3/CCL3_KLF3/FAM3C_KLF3/PTMS_KLF3/PTMS_TCF7/ZEB2_CD40LG/GZMB_CD40LG/HAVCR2_CD40LG/ID2_AREG/BHLHE40_AREG/IFNG_AREG/IL21_AREG/CXCR6_AREG/CD74_AREG/KRT86_AREG/MYO7A_AREG/RDH10_AREG/DUSP4_AREG/ID2_ANXA1/ID2_EEF1A1/ID2_GPR183/RBPJ_EEF1B2/PTMS_PTGER2/GZMB_PLAC8/HAVCR2_PLAC8"
"1357",763,760,"CD4+IL26+ Th17_CD4+S1PR1+ Treg","CD4+IL26+ Th17","CD4+S1PR1+ Treg",28,12,0.94,0.68258836325409,1,1,"IL17RE_IKZF2/IL17RE_CPNE2/IL17RE_RTKN2/IL23R_IKZF2/IL17RE_HLA-DRB1/IL22_CPNE2/IL17RE_LEF1/IL17RE_IL2RA/IL17RE_CCR10/IL22_IL32/IL23R_CPNE2/KLRB1_CPNE2","IL4I1_FOXP3/IL23R_IKZF2/IL17RE_IKZF2/ANKRD28_KLF2/IL17RE_LEF1/CEBPD_KLF3/RUNX2_KLF3/IL4I1_KLF3/ANKRD28_KLF3/IL22_IL32/RUNX2_FLT3LG/ANKRD28_FLT3LG/IL17RE_CCR10/ANKRD28_CCR10/IL17RE_IL2RA/IL17RE_RTKN2/IL4I1_SELL/IL17RE_HLA-DRB1/IL22_CPNE2/IL23R_CPNE2/IL17RE_CPNE2/KLRB1_CPNE2/ANKRD28_CCDC141/CEBPD_HPGD/IL4I1_HPGD/ANKRD28_HPGD/PTPN13_PI16/IL4I1_PI16"
"122",764,764,"CD8+Temra_CD8+GZMK+ early Tem","CD8+Temra","CD8+GZMK+ early Tem",7,3,0.94,0.69494475447523,1,1,"C1orf21_DKK3/TBX21_DUSP2/KLF3_DUSP2","KLF3_DUSP2/TBX21_DUSP2/C1orf21_DKK3/ZEB2_PIK3R1/S1PR5_PIK3R1/GNLY_PIK3R1/GZMB_CRTAM"
"199",765,764,"CD8+GZMK+ early Tem_CD8+Temra","CD8+GZMK+ early Tem","CD8+Temra",7,3,0.94,0.69494475447523,1,1,"PIK3R1_ZEB2/PIK3R1_GNLY/CRTAM_GZMB","DUSP2_KLF3/PIK3R1_ZEB2/DUSP2_TBX21/CRTAM_GZMB/PIK3R1_S1PR5/PIK3R1_GNLY/DKK3_C1orf21"
"313",766,764,"CD8+Tn_CD8+ZNF683+CXCR6+ Trm","CD8+Tn","CD8+ZNF683+CXCR6+ Trm",7,3,0.94,0.69494475447523,1,1,"FLT3LG_RBPJ/IFNGR2_LGALS1/EEF1B2_RBPJ","EEF1A1_ID2/ACTN1_ID2/PABPC1_ZFP36L2/FLT3LG_RBPJ/EEF1B2_RBPJ/PABPC1_CXCR3/IFNGR2_LGALS1"
"648",767,764,"CD4+CCL5+ Tm_CD4+Tn","CD4+CCL5+ Tm","CD4+Tn",7,3,0.94,0.69494475447523,1,1,"ID2_EEF1A1/PTGER4_EEF1B2/ID2_ACTN1","BHLHE40_TXK/NR4A2_TXK/ANXA1_KLF2/ID2_EEF1A1/PTGER4_EEF1B2/ID2_ACTN1/NR4A2_FHIT"
"762",768,764,"CD4+AREG+ Tm_CD4+IL7R- Tn","CD4+AREG+ Tm","CD4+IL7R- Tn",7,3,0.94,0.69494475447523,1,1,"PTGER2_NACA/KLF3_FAU/KLF3_NACA","AREG_EEF1A1/AREG_LDHB/KLF3_NACA/PTGER2_NACA/KLF3_FAU/AREG_FAU/ANXA1_BTF3"
"776",769,764,"CD4+TNFRSF9+ Treg_CD4+IL7R- Tn","CD4+TNFRSF9+ Treg","CD4+IL7R- Tn",7,3,0.94,0.69494475447523,1,1,"IL7_ACTG1/CARD16_NACA/IL7_NACA","NAMPT_EEF1B2/PMAIP1_EEF1B2/IL7_ACTG1/NAMPT_LDHB/IL7_NACA/CARD16_NACA/PMAIP1_BTF3"
"839",770,764,"CD4+IL7R- Tn_CD4+AREG+ Tm","CD4+IL7R- Tn","CD4+AREG+ Tm",7,3,0.94,0.69494475447523,1,1,"LDHB_AREG/BTF3_ANXA1/FAU_AREG","NACA_KLF3/FAU_KLF3/EEF1A1_AREG/LDHB_AREG/FAU_AREG/BTF3_ANXA1/NACA_PTGER2"
"865",771,764,"CD8+KIR+EOMES+ NK-like_CD4+TIMP1+ Tm","CD8+KIR+EOMES+ NK-like","CD4+TIMP1+ Tm",7,3,0.94,0.69494475447523,1,1,"GCSAM_ANXA1/GCSAM_VIM/GCSAM_EMP3","TYROBP_LMO4/NR4A2_CD40LG/DUSP2_CD40LG/NR4A2_S100A10/GCSAM_ANXA1/GCSAM_VIM/GCSAM_EMP3"
"879",772,764,"CD4+TNF+ T_CD4+TIMP1+ Tm","CD4+TNF+ T","CD4+TIMP1+ Tm",7,3,0.94,0.69494475447523,1,1,"ID2_VIM/ID2_ANXA1/CD52_VIM","EGR1_KLF2/CISH_LMO4/LCP2_CD40LG/ID2_ANXA1/FASLG_S100A6/ID2_VIM/CD52_VIM"
"953",773,764,"CD4+Tn_CD4+CCL5+ Tm","CD4+Tn","CD4+CCL5+ Tm",7,3,0.94,0.69494475447523,1,1,"TXK_NR4A2/FHIT_NR4A2/KLF2_ANXA1","EEF1A1_ID2/ACTN1_ID2/TXK_BHLHE40/TXK_NR4A2/FHIT_NR4A2/KLF2_ANXA1/EEF1B2_PTGER4"
"973",774,764,"CD4+ISG+ Th_CD4+CCL5+ Tm","CD4+ISG+ Th","CD4+CCL5+ Tm",7,3,0.94,0.69494475447523,1,1,"IFI6_ANXA1/CMPK2_CCL4/IFI44L_CCL4","IFI16_ID2/IFIT2_ID2/IFI16_CD40LG/IFI44L_CCL4/CMPK2_CCL4/IFI6_ANXA1/IFI16_PARP8"
"1468",775,764,"CD4+CCL5+ Tm_CD4+ISG+ Th","CD4+CCL5+ Tm","CD4+ISG+ Th",7,3,0.94,0.69494475447523,1,1,"CD40LG_IFI16/ID2_IFI16/PARP8_IFI16","ID2_IFI16/CD40LG_IFI16/PARP8_IFI16/CCL4_IFI44L/ANXA1_IFI6/ID2_IFIT2/CCL4_CMPK2"
"1200",776,776,"CD4+CCR6+ Th17_CD4+IL26+ Th17","CD4+CCR6+ Th17","CD4+IL26+ Th17",58,25,0.946,0.694965027922218,1,1,"CCR6_ANKRD28/ZFP36L2_ANKRD28/ABCB1_CEBPD/FLT3LG_ANKRD28/ABCB1_ERN1/ABCB1_RORA/ABCB1_ANKRD28/ABCB1_RUNX2/CD40LG_ANKRD28/CD40LG_TNFSF14/ABCB1_MGAT4A/CD40LG_IL4I1/RORA_ANKRD28/ABCB1_CKLF/ABCB1_CA10/CXCR4_IL4I1/FLT3LG_RUNX2/HOPX_RUNX2/GPR35_IL4I1/ABCB1_CAPG/ZFP36L2_IL4I1/KLRB1_TNFSF14/ABCB1_TNFSF14/ZFP36L2_CEBPD/DPP4_ANKRD28","VIM_RORA/ABCB1_RORA/ZFP36L2_CEBPD/ABCB1_CEBPD/HOPX_RUNX2/FLT3LG_RUNX2/ABCB1_RUNX2/BHLHE40_ID2/ANXA1_ID2/VIM_ID2/MYBL1_IL26/IL4I1_CD40LG/ABCB1_CKLF/BHLHE40_IL22/MYBL1_IL22/IL4I1_IL22/VIM_IL22/CD40LG_TNFSF14/KLRB1_TNFSF14/ABCB1_TNFSF14/BHLHE40_CCR6/BHLHE40_IL23R/MYBL1_IL23R/TIMP1_IL23R/ANXA1_IL23R/VIM_IL23R/TPT1_IL23R/BHLHE40_IL17RE/HOPX_IL17RE/TIMP1_IL17RE/CCR6_IL17RE/IFNGR1_IL17RE/ANXA1_IL17RE/IL4I1_IL17RE/VIM_IL17RE/CAPG_IL17RE/TPT1_IL17RE/PERP_IL17RE/BHLHE40_KLRB1/BHLHE40_CTSH/VIM_CTSH/VIM_CA10/ABCB1_CA10/ABCB1_CAPG/ABCB1_MGAT4A/ABCB1_ERN1/ZFP36L2_IL4I1/CD40LG_IL4I1/CXCR4_IL4I1/GPR35_IL4I1/ZFP36L2_ANKRD28/RORA_ANKRD28/CD40LG_ANKRD28/FLT3LG_ANKRD28/CCR6_ANKRD28/ABCB1_ANKRD28/DPP4_ANKRD28/IL4I1_TMIGD2"
"500",777,777,"CD4+IFNG+ Tfh/Th1_CD8+TCF7+ Tex","CD4+IFNG+ Tfh/Th1","CD8+TCF7+ Tex",26,11,0.928,0.701195108946763,1,1,"ID2_NR3C1/ID2_CD200/ID2_IGFL2/IL21_NR3C1/DUSP4_TNFRSF4/IFNG_IGFL2/CXCR6_TNFRSF4/IL21_TNFRSF4/MYO7A_TNFRSF4/ZEB2_IGFL2/ID2_NMB","PTMS_TCF7/ID2_NR3C1/IL21_NR3C1/CXCR6_NR3C1/ZEB2_EBI3/CD74_EBI3/HAVCR2_TNFSF8/ZEB2_CD40LG/GZMB_CD40LG/HAVCR2_CD40LG/LAG3_IL6R/BHLHE40_IFNAR2/FAM3C_IFNAR2/CCL4_CCR4/ID2_CD200/IL21_TNFRSF4/CXCR6_TNFRSF4/MYO7A_TNFRSF4/DUSP4_TNFRSF4/ZEB2_IGFL2/ID2_IGFL2/IFNG_IGFL2/GZMA_IGFL2/RBPJ_CPM/HAVCR2_CPM/ID2_NMB"
"336",778,778,"CD4+CCL5+ Tm_CD8+ZNF683+CXCR6+ Trm","CD4+CCL5+ Tm","CD8+ZNF683+CXCR6+ Trm",19,8,0.924,0.701502390605047,1,1,"ID2_RBPJ/CD40LG_GZMB/GZMH_GZMB/PTGER4_RBPJ/HOPX_LGALS1/PTGER4_IL32/CD40LG_ZNF683/PARP8_RBPJ","CD40LG_ZNF683/BHLHE40_ID2/ANXA1_ID2/BHLHE40_ZFP36L2/NR4A2_ZFP36L2/ID2_RBPJ/PARP8_RBPJ/PTGER4_RBPJ/PTGER4_IL32/CD40LG_GZMB/GZMH_GZMB/BHLHE40_CXCR3/NR4A2_CXCR3/ALOX5AP_CXCR3/ANXA1_TMSB4X/HOPX_LGALS1/BHLHE40_LDLRAD4/NR4A2_LDLRAD4/XCL2_LDLRAD4"
"887",779,778,"CD4+CCR6+ Th17_CD4+TIMP1+ Tm","CD4+CCR6+ Th17","CD4+TIMP1+ Tm",19,8,0.924,0.701502390605047,1,1,"FLT3LG_VIM/ABCB1_VIM/TPT1_VIM/ABCB1_CAPG/RORA_VIM/ABCB1_S100A4/GPR35_VIM/DPP4_VIM","TIMP1_KLF2/ANXA1_KLF2/BHLHE40_LMO4/VIM_LMO4/ABCB1_TIMP1/VIM_FLT3LG/IL4I1_CD40LG/ANXA1_S100A10/ABCB1_S100A4/IL4I1_CD52/VIM_CD52/IL4I1_S100A6/RORA_VIM/FLT3LG_VIM/GPR35_VIM/ABCB1_VIM/TPT1_VIM/DPP4_VIM/ABCB1_CAPG"
"945",780,778,"CD8+ZNF683+CXCR6+ Trm_CD4+CCL5+ Tm","CD8+ZNF683+CXCR6+ Trm","CD4+CCL5+ Tm",19,8,0.924,0.701502390605047,1,1,"ID2_BHLHE40/TMSB4X_ANXA1/LDLRAD4_BHLHE40/CXCR3_ALOX5AP/LDLRAD4_NR4A2/ZFP36L2_NR4A2/ID2_ANXA1/ZFP36L2_BHLHE40","LGALS1_HOPX/RBPJ_ID2/ID2_BHLHE40/ZFP36L2_BHLHE40/CXCR3_BHLHE40/LDLRAD4_BHLHE40/ZFP36L2_NR4A2/CXCR3_NR4A2/LDLRAD4_NR4A2/ZNF683_CD40LG/GZMB_CD40LG/LDLRAD4_XCL2/GZMB_GZMH/ID2_ANXA1/TMSB4X_ANXA1/CXCR3_ALOX5AP/RBPJ_PARP8/RBPJ_PTGER4/IL32_PTGER4"
"50",781,781,"CD8+OXPHOS- Tex_CD8+IL7R+ Tm","CD8+OXPHOS- Tex","CD8+IL7R+ Tm",2,1,1.097,0.703934853660764,1,1,"ENTPD1_TNFAIP3","CSF1_ZFP36L2/ENTPD1_TNFAIP3"
"104",782,781,"CD4+CAPG+CREM- Tm_CD8+ZNF683+CXCR6- Tm","CD4+CAPG+CREM- Tm","CD8+ZNF683+CXCR6- Tm",2,1,1.097,0.703934853660764,1,1,"CD40LG_ZNF683","CD40LG_ZNF683/GZMB_CD52"
"137",783,781,"CD4+TNF+ T_CD8+GZMK+ early Tem","CD4+TNF+ T","CD8+GZMK+ early Tem",2,1,1.097,0.703934853660764,1,1,"CD40LG_DUSP2","CCL4_CCR4/CD40LG_DUSP2"
"139",784,781,"CD4+TIMP1+ Tm_CD8+GZMK+ early Tem","CD4+TIMP1+ Tm","CD8+GZMK+ early Tem",2,1,1.097,0.703934853660764,1,1,"CD40LG_DUSP2","CD40LG_DUSP2/VIM_PIK3R1"
"431",785,781,"CD8+IL7R+ Tm_CD8+OXPHOS- Tex","CD8+IL7R+ Tm","CD8+OXPHOS- Tex",2,1,1.097,0.703934853660764,1,1,"ZFP36L2_CSF1","ZFP36L2_CSF1/TNFAIP3_ENTPD1"
"523",786,781,"CD4+Tn_CD8+ISG+ CD8+ T","CD4+Tn","CD8+ISG+ CD8+ T",2,1,1.097,0.703934853660764,1,1,"TXK_STAT2","TXK_STAT2/GIMAP7_CCR1"
"784",787,781,"CD8+GZMK+ early Tem_CD4+TNF+ T","CD8+GZMK+ early Tem","CD4+TNF+ T",2,1,1.097,0.703934853660764,1,1,"CCR4_CCL4","DUSP2_CD40LG/CCR4_CCL4"
"862",788,781,"CD8+GZMK+ early Tem_CD4+TIMP1+ Tm","CD8+GZMK+ early Tem","CD4+TIMP1+ Tm",2,1,1.097,0.703934853660764,1,1,"PIK3R1_VIM","DUSP2_CD40LG/PIK3R1_VIM"
"1017",789,781,"CD8+ZNF683+CXCR6- Tm_CD4+CAPG+CREM- Tm","CD8+ZNF683+CXCR6- Tm","CD4+CAPG+CREM- Tm",2,1,1.097,0.703934853660764,1,1,"CD52_GZMB","CD52_GZMB/ZNF683_CD40LG"
"1313",790,781,"CD4+CAPG+ Tm_CD4+TNFRSF9- Treg","CD4+CAPG+ Tm","CD4+TNFRSF9- Treg",2,1,1.097,0.703934853660764,1,1,"ID2_IKZF4","ID2_IKZF4/BHLHE40_VAV3"
"1314",791,781,"CD4+CAPG+CREM- Tm_CD4+TNFRSF9- Treg","CD4+CAPG+CREM- Tm","CD4+TNFRSF9- Treg",2,1,1.097,0.703934853660764,1,1,"ID2_IKZF4","ID2_IKZF4/BHLHE40_VAV3"
"1462",792,781,"CD4+ADSL+ Tn_CD4+ISG+ Th","CD4+ADSL+ Tn","CD4+ISG+ Th",2,1,1.097,0.703934853660764,1,1,"IL6R_IFI16","PASK_SP100/IL6R_IFI16"
"22",793,793,"CD4+TIMP1+ Tm_CD8+Tn","CD4+TIMP1+ Tm","CD8+Tn",12,5,0.914,0.710037309621354,1,1,"FLT3LG_EEF1A1/FLT3LG_PABPC1/FLT3LG_ACTN1/CD40LG_PABPC1/KLF2_TIMP1","TIMP1_KLF2/ANXA1_KLF2/VIM_FLT3LG/KLF2_TIMP1/ANXA1_IL6R/VIM_IFNGR2/EMP3_IFNGR2/FLT3LG_EEF1A1/FLT3LG_ACTN1/VIM_TPT1/FLT3LG_PABPC1/CD40LG_PABPC1"
"36",794,793,"CD4+ISG+ Treg_CD8+Tn","CD4+ISG+ Treg","CD8+Tn",12,5,0.914,0.710037309621354,1,1,"IL7_LEF1/IFI6_PABPC1/IL1RN_IL23A/IL7_TIMP1/IL7_PABPC1","IL7_LEF1/CD70_TCF7/NAMPT_TXK/CSF1_FLT3LG/CD70_FLT3LG/NAMPT_CMTM8/IL1RN_IL23A/IL7_TIMP1/NAMPT_IL6R/NAMPT_EEF1B2/IL7_PABPC1/IFI6_PABPC1"
"163",795,793,"CD8+KIR+TXK+ NK-like_CD8+GZMK+ Tem","CD8+KIR+TXK+ NK-like","CD8+GZMK+ Tem",12,5,0.914,0.710037309621354,1,1,"B3GNT7_IL32/B3GNT7_APOBEC3G/B3GNT7_SUB1/B3GNT7_CST7/B3GNT7_CD74","B3GNT7_SUB1/B3GNT7_IL32/AREG_CD74/B3GNT7_CD74/AREG_CXCR3/AREG_HLA-DRB1/AREG_HLA-DPA1/AREG_HLA-DPB1/AREG_HLA-DRB5/AREG_ITM2C/B3GNT7_CST7/B3GNT7_APOBEC3G"
"452",796,793,"CD4+CREM+ Tm_CD8+OXPHOS- Tex","CD4+CREM+ Tm","CD8+OXPHOS- Tex",12,5,0.914,0.710037309621354,1,1,"FAM177A1_PRDM1/ZFP36L2_CSF1/CXCL16_FAM3C/CXCL16_HAVCR2/PTGER4_CSF1","AREG_ETV1/FAM177A1_PRDM1/ZFP36L2_CSF1/PTGER4_CSF1/CXCL16_FAM3C/AREG_LAYN/CXCL16_HAVCR2/AREG_ENTPD1/TNFAIP3_ENTPD1/AREG_ACP5/SRGN_ACP5/SRGN_TIGIT"
"884",797,793,"CD4+CAPG+CREM- Tm_CD4+TIMP1+ Tm","CD4+CAPG+CREM- Tm","CD4+TIMP1+ Tm",12,5,0.914,0.710037309621354,1,1,"ID2_VIM/TMSB4X_ANXA1/GPR35_VIM/ID2_ANXA1/CD52_VIM","ANXA1_KLF2/BHLHE40_LMO4/ZNF683_CD40LG/GZMB_CD40LG/ANXA1_S100A10/ID2_ANXA1/TMSB4X_ANXA1/GZMB_CD52/GZMB_S100A6/ID2_VIM/GPR35_VIM/CD52_VIM"
"194",798,798,"CD4+NME1+CCR4- T_CD8+GZMK+ Tem","CD4+NME1+CCR4- T","CD8+GZMK+ Tem",17,7,0.903,0.726526723887554,1,1,"MEOX1_IL32/MEOX1_CST7/MEOX1_GZMA/EBI3_CD74/MEOX1_CCR5/MEOX1_APOBEC3G/MEOX1_CCL4","MEOX1_GZMA/MEOX1_IL32/MEOX1_CCL4/ENO1_CD74/EBI3_CD74/MEOX1_CCR5/ENO1_CXCR3/GPI_CXCR3/GAPDH_CXCR3/ENO1_HLA-DRB1/ENO1_COTL1/GAPDH_COTL1/ENO1_HLA-DPB1/GAPDH_HLA-DPB1/GAPDH_HLA-DQA1/MEOX1_CST7/MEOX1_APOBEC3G"
"942",799,798,"CD8+Temra_CD4+CCL5+ Tm","CD8+Temra","CD4+CCL5+ Tm",17,7,0.903,0.726526723887554,1,1,"C1orf21_NR4A2/KLF3_ANXA1/C1orf21_ITGA1/KLF3_IL18RAP/KLF2_ANXA1/CX3CR1_ZFP36/KLF3_NR4A2","PRSS23_ZFP36L2/GNLY_ZFP36L2/GNLY_ID2/KLF3_NR4A2/C1orf21_NR4A2/ZEB2_CD40LG/GZMB_CD40LG/GNLY_XCL2/GZMB_GZMH/KLF3_IL18RAP/KLF2_ANXA1/KLF3_ANXA1/C1orf21_ITGA1/S1PR5_PARP8/GNLY_PARP8/PRSS23_PTGER4/CX3CR1_ZFP36"
"1484",800,798,"CD8+IL7R+ Tm_CD4+NME1+CCR4- T","CD8+IL7R+ Tm","CD4+NME1+CCR4- T",17,7,0.903,0.726526723887554,1,1,"LMNA_PKM/LMNA_GAPDH/BTG1_ENO1/ZFP36L2_GAPDH/TSC22D3_GAPDH/LMNA_ENO1/BTG1_GAPDH","BTG1_ENO1/LMNA_ENO1/FTH1_SUB1/TNFAIP3_MEOX1/FTH1_MEOX1/PABPC1_MEOX1/GPR183_HMGB1/TNFAIP3_EBI3/PABPC1_EBI3/ZFP36L2_GAPDH/TSC22D3_GAPDH/BTG1_GAPDH/LMNA_GAPDH/LMNA_PKM/LMNA_TMSB10/FTH1_ARPC1B/TNFAIP3_CORO1A"
"1176",801,801,"CD8+Temra_CD4+IL26+ Th17","CD8+Temra","CD4+IL26+ Th17",36,15,0.914,0.73797651427966,1,1,"CX3CR1_IL4I1/ASCL2_ANKRD28/KLF3_ANKRD28/ASCL2_CEBPD/C1orf21_CKLF/CX3CR1_RUNX2/CX3CR1_ANKRD28/C1orf21_RUNX2/TBX21_ANKRD28/C1orf21_CEBPD/TBX21_CEBPD/C1orf21_ANKRD28/KLF3_RUNX2/KLF3_CEBPD/KLF2_ANKRD28","GNLY_RORA/ASCL2_CEBPD/KLF3_CEBPD/TBX21_CEBPD/C1orf21_CEBPD/KLF3_RUNX2/CX3CR1_RUNX2/C1orf21_RUNX2/GNLY_ID2/GNLY_TNFSF13B/ZEB2_CD40LG/GZMB_CD40LG/C1orf21_CKLF/S1PR5_IL22/PRSS23_IL22/ZEB2_IL23R/FCGR3A_IL23R/S1PR5_IL23R/PRSS23_IL23R/GNLY_IL23R/ZEB2_IL17RE/FCGR3A_IL17RE/S1PR5_IL17RE/PRSS23_IL17RE/GNLY_IL17RE/PRSS23_CAPG/GNLY_ERN1/KLF3_IL4I1/CX3CR1_IL4I1/ASCL2_ANKRD28/KLF2_ANKRD28/KLF3_ANKRD28/TBX21_ANKRD28/CX3CR1_ANKRD28/C1orf21_ANKRD28/S1PR5_TMIGD2"
"1247",802,801,"CD4+NME1+CCR4- T_CD4+IL21+ Tfh","CD4+NME1+CCR4- T","CD4+IL21+ Tfh",36,15,0.914,0.73797651427966,1,1,"MEOX1_IGFL2/HMGB1_NMB/MEOX1_RBPJ/MEOX1_NR3C1/MEOX1_GNG4/HMGB1_RBPJ/PHF5A_IGFL2/PFN1_NMB/ACTB_IGFL2/PHF5A_NMB/TXN_NMB/MEOX1_PDE7B/EBI3_IGFL2/MEOX1_TNFSF4/MEOX1_TOX","MEOX1_NR3C1/GAPDH_NR3C1/MEOX1_TOX/GAPDH_TSHZ2/MEOX1_RBPJ/HMGB1_RBPJ/ENO1_IL21/GAPDH_IL21/GAPDH_TNFSF8/GAPDH_TNFSF11/MEOX1_TNFSF4/ENO1_CD40LG/GPI_CD40LG/ENO1_IL6ST/GAPDH_IL6ST/ENO1_CXCR5/GPI_CXCR5/GAPDH_CXCR5/ENO1_IL6R/GPI_IL6R/GAPDH_IL6R/TMSB10_IL6R/MEOX1_GNG4/PHF5A_NMB/HMGB1_NMB/PFN1_NMB/TXN_NMB/MEOX1_IGFL2/PHF5A_IGFL2/EBI3_IGFL2/ACTB_IGFL2/ENO1_CPM/MEOX1_PDE7B/ENO1_ITM2A/GPI_ITM2A/GAPDH_ITM2A"
"850",803,803,"CD4+IL21+ Tfh_CD4+AREG+ Tm","CD4+IL21+ Tfh","CD4+AREG+ Tm",29,12,0.908,0.738267930531975,1,1,"IL21_AREG/IL6R_AREG/CXCR5_AREG/CD40LG_AREG/TNFSF8_AREG/IL6R_PABPC1/IL6ST_AREG/NMB_AREG/CPM_AREG/IL6R_ANXA1/CD40LG_PABPC1/ITM2A_AREG","IGFL2_KLF2/PDE7B_KLF2/NR3C1_KLF3/TOX2_KLF3/RBPJ_KLF3/GNG4_KLF3/CD200_KLF3/NMB_KLF3/TNFSF4_CD40LG/IGFL2_CD40LG/IL21_AREG/TNFSF8_AREG/CD40LG_AREG/IL6ST_AREG/CXCR5_AREG/IL6R_AREG/NMB_AREG/CPM_AREG/ITM2A_AREG/IL6R_ANXA1/IGFL2_EEF1A1/CD200_TPT1/IGFL2_TPT1/CD40LG_PABPC1/IL6R_PABPC1/RBPJ_EEF1B2/NR3C1_PTGER2/TOX2_PTGER2/IGFL2_PTGER2"
"348",804,804,"CD4+ISG+ Treg_CD8+ZNF683+CXCR6+ Trm","CD4+ISG+ Treg","CD8+ZNF683+CXCR6+ Trm",22,9,0.897,0.742192383409439,1,1,"IL7_RBPJ/ETV7_GZMB/IFIT3_GZMB/IFI6_RBPJ/ETV7_LGALS1/MX1_GZMB/IFIT1_GZMB/TNFSF10_RBPJ/BATF_LGALS1","NAMPT_HOPX/NAMPT_ID2/CSF1_ZFP36L2/NAMPT_ZFP36L2/CD70_ZFP36L2/TNFSF10_RBPJ/IL7_RBPJ/MX1_RBPJ/IFI6_RBPJ/ETV7_GZMB/IFIT1_GZMB/OAS1_GZMB/MX1_GZMB/IFIT3_GZMB/CD70_CXCR6/CD70_CXCR3/OAS1_SH3BGRL3/NAMPT_CD52/ETV7_LGALS1/BATF_LGALS1/NAMPT_LDLRAD4/RSAD2_LDLRAD4"
"475",805,804,"CD8+KIR+EOMES+ NK-like_CD8+TCF7+ Tex","CD8+KIR+EOMES+ NK-like","CD8+TCF7+ Tex",22,9,0.897,0.742192383409439,1,1,"GCSAM_CD200/GCSAM_NMB/IKZF2_CD200/CD160_CD200/GCSAM_IGFL2/CD160_NMB/XCL1_IGFL2/IKZF2_IGFL2/GCSAM_TNFRSF4","NR4A2_TSHZ2/ZNF331_BATF/CD74_EBI3/NR4A2_TNFSF8/NR4A2_CD40LG/DUSP2_CD40LG/NR4A2_IL6R/DUSP2_IL6R/NR4A2_IFNAR2/IKZF2_CD200/CD160_CD200/GCSAM_CD200/CMC1_TNFRSF4/GCSAM_TNFRSF4/IKZF2_IGFL2/LITAF_IGFL2/XCL1_IGFL2/GCSAM_IGFL2/CD160_NMB/GCSAM_NMB/NR4A2_SESN3/DUSP2_BTLA"
"1050",806,804,"CD4+ISG+ Treg_CD4+CAPG+CREM- Tm","CD4+ISG+ Treg","CD4+CAPG+CREM- Tm",22,9,0.897,0.742192383409439,1,1,"IL7_IFNGR1/ETV7_GZMB/IL1RN_ALOX5AP/IFI6_ANXA1/IFIT3_GZMB/IL1RN_ANXA1/MX1_GZMB/IFIT1_GZMB/IL7_BHLHE40","NAMPT_HOPX/NAMPT_ID2/IL7_BHLHE40/CSF1_ZFP36L2/NAMPT_ZFP36L2/CD70_ZFP36L2/ETV7_GZMB/IFIT1_GZMB/OAS1_GZMB/MX1_GZMB/IFIT3_GZMB/CSF1_CD40LG/NAMPT_CD40LG/CD70_CXCR3/IL7_IFNGR1/CD70_CXCR6/OAS1_SH3BGRL3/IL1RN_ALOX5AP/OAS1_ALOX5AP/NAMPT_CD52/IL1RN_ANXA1/IFI6_ANXA1"
"25",807,807,"CD4+CAPG+ Tm_CD8+Tn","CD4+CAPG+ Tm","CD8+Tn",10,4,0.877,0.746361809097819,1,1,"ID2_EEF1A1/CXCR3_PABPC1/CD40LG_PABPC1/ID2_ACTN1","TIMP1_KLF2/TGFB1_KLF2/BHLHE40_TXK/RBPJ_FLT3LG/BHLHE40_IFNGR2/ID2_EEF1A1/ID2_ACTN1/RBPJ_EEF1B2/CD40LG_PABPC1/CXCR3_PABPC1"
"192",808,807,"CD4+ISG+ Treg_CD8+GZMK+ Tem","CD4+ISG+ Treg","CD8+GZMK+ Tem",10,4,0.877,0.746361809097819,1,1,"IFI6_CST7/ETV7_CD74/IFIT3_CST7/IL1RN_SUB1","IL1RN_SUB1/ETV7_CD74/CD70_CXCR3/NAMPT_HLA-DPA1/CSF1_COTL1/CD70_COTL1/CD74_COTL1/IFI6_CST7/IFIT3_CST7/OAS1_APOBEC3G"
"83",809,809,"CD8+Temra_CD8+ZNF683+CXCR6- Tm","CD8+Temra","CD8+ZNF683+CXCR6- Tm",5,2,0.877,0.752543457731999,1,1,"C1orf21_CKLF/C1orf21_MYL12A","C1orf21_CKLF/GZMB_CD52/FCGR3A_CD52/GNLY_CD52/C1orf21_MYL12A"
"434",810,809,"CD8+GZMK+ Tem_CD8+OXPHOS- Tex","CD8+GZMK+ Tem","CD8+OXPHOS- Tex",5,2,0.877,0.752543457731999,1,1,"HLA-DPB1_HAVCR2/CXCR3_PRDM1","CXCR3_PRDM1/COTL1_CSF1/HLA-DPB1_HAVCR2/CST7_CTLA4/CST7_TIGIT"
"527",811,809,"CD4+TNF+ T_CD8+ISG+ CD8+ T","CD4+TNF+ T","CD8+ISG+ CD8+ T",5,2,0.877,0.752543457731999,1,1,"CXCR3_STAT2/ID2_STAT2","ID2_STAT2/CXCR3_STAT2/CCL4_IFI44L/SH3BGRL3_OAS1/CCL4_CMPK2"
"625",812,809,"CD8+Tn_CD4+Tn","CD8+Tn","CD4+Tn",5,2,0.877,0.752543457731999,1,1,"FLT3LG_EEF1A1/FLT3LG_ACTN1","TIMP1_KLF2/FLT3LG_EEF1A1/FLT3LG_ACTN1/PABPC1_GIMAP7/MAL_LINC00861"
"751",813,809,"CD8+GZMK+ Tex_CD4+IL7R- Tn","CD8+GZMK+ Tex","CD4+IL7R- Tn",5,2,0.877,0.752543457731999,1,1,"LYST_ACTG1/LYST_NACA","NAMPT_EEF1B2/TRPS1_EEF1A1/LYST_ACTG1/NAMPT_LDHB/LYST_NACA"
"794",814,809,"CD8+ISG+ CD8+ T_CD4+TNF+ T","CD8+ISG+ CD8+ T","CD4+TNF+ T",5,2,0.877,0.752543457731999,1,1,"CMPK2_CCL4/IFI44L_CCL4","STAT2_ID2/IFI44L_CCL4/CMPK2_CCL4/STAT2_CXCR3/OAS1_SH3BGRL3"
"1343",815,809,"CD4+Tn_CD4+S1PR1+ Treg","CD4+Tn","CD4+S1PR1+ Treg",5,2,0.877,0.752543457731999,1,1,"GIMAP7_IL10RA/KLF2_CPNE2","LEF1_KLF3/EEF1A1_FLT3LG/ACTN1_FLT3LG/GIMAP7_IL10RA/KLF2_CPNE2"
"1466",816,809,"CD4+TIMP1+ Tm_CD4+ISG+ Th","CD4+TIMP1+ Tm","CD4+ISG+ Th",5,2,0.877,0.752543457731999,1,1,"CD40LG_IFI16/LMO4_RSAD2","VIM_SP100/FLT3LG_IFI16/CD40LG_IFI16/LMO4_RSAD2/ANXA1_IFI6"
"1059",817,817,"CD8+Temra_CD4+GZMK+ Tem","CD8+Temra","CD4+GZMK+ Tem",15,6,0.877,0.75417814993274,1,1,"KLF3_LITAF/C1orf21_NR4A2/C1orf21_LITAF/FGFBP2_TNFSF9/C1orf21_TNFSF9/KLF3_NR4A2","KLF3_LITAF/C1orf21_LITAF/ZEB2_NFATC2/KLF3_NR4A2/C1orf21_NR4A2/GZMB_GZMH/FGFBP2_TNFSF9/C1orf21_TNFSF9/KLF3_CCL3/ZEB2_CXCR3/FCGR3A_CXCR3/S1PR5_CXCR3/PRSS23_CXCR3/GNLY_CXCR3/GZMB_CRTAM"
"1349",818,817,"CD4+TIMP1+ Tm_CD4+S1PR1+ Treg","CD4+TIMP1+ Tm","CD4+S1PR1+ Treg",15,6,0.877,0.75417814993274,1,1,"FLT3LG_CPNE2/S100A6_IL2RA/S100A10_IL2RA/LMO4_IL2RA/LMO4_HLA-DRB1/KLF2_CPNE2","TIMP1_KLF2/ANXA1_KLF2/ANXA1_KLF3/VIM_KLF3/VIM_FLT3LG/VIM_CCR10/LMO4_IL2RA/S100A10_IL2RA/S100A6_IL2RA/LMO4_HLA-DRB1/KLF2_CPNE2/FLT3LG_CPNE2/TIMP1_HPGD/CD52_HPGD/VIM_PI16"
"1432",819,817,"CD4+GZMK+ Tem_CD4+ISG+ Treg","CD4+GZMK+ Tem","CD4+ISG+ Treg",15,6,0.877,0.75417814993274,1,1,"ENC1_NAMPT/CXCR3_CD70/NFATC2_IL32/NFATC2_NAMPT/F2R_NAMPT/NFATC2_CSF1","CD74_ETV7/NFATC2_IL32/CXCR4_IL1RN/NFATC2_CSF1/NFATC2_NAMPT/ENC1_NAMPT/F2R_NAMPT/LITAF_IL7/TNFSF9_IL7/CCL3_IL7/CXCR3_CD70/NR4A2_OAS1/CCL3L3_IFI6/CST7_IFI6/CST7_IFIT3"
"1244",820,820,"CD4+TNFRSF9+ Treg_CD4+IL21+ Tfh","CD4+TNFRSF9+ Treg","CD4+IL21+ Tfh",48,20,0.914,0.754723331642304,1,1,"IL7_RBPJ/IL7_CD200/ZBTB32_NR3C1/TBC1D4_NR3C1/BATF_NMB/ZBTB32_TOX2/IL7_NR3C1/IL1RN_TNFSF4/CARD16_IGFL2/IL1RN_NMB/IKZF2_CD200/IL1RN_IGFL2/IL7_NMB/EBI3_IGFL2/CARD16_TOX2/CCL22_NMB/LAIR2_RBPJ/LAIR2_NR3C1/IKZF2_IGFL2/LAYN_IGFL2","ZBTB32_NR3C1/IL7_NR3C1/LAIR2_NR3C1/TBC1D4_NR3C1/IKZF4_TOX2/ZBTB32_TOX2/IL7_TOX2/CARD16_TOX2/PMAIP1_TSHZ2/IL7_RBPJ/LAIR2_RBPJ/IKZF2_IL21/NAMPT_IL21/TNFRSF4_IL21/NAMPT_TNFSF11/PMAIP1_TNFSF11/IL1RN_TNFSF4/PMAIP1_LIF/NAMPT_CD40LG/CSF1_CD40LG/TNFRSF9_CD40LG/TNFRSF4_CD40LG/PMAIP1_CD40LG/NAMPT_IL6ST/CD70_IL6ST/IL32_CXCR5/NAMPT_CXCR5/CD70_CXCR5/TNFRSF9_CXCR5/TNFRSF4_CXCR5/NAMPT_IL6R/TNFRSF4_IL6R/IKZF2_CD200/IL7_CD200/BATF_NMB/CCL22_NMB/IL1RN_NMB/IL7_NMB/IKZF2_IGFL2/EBI3_IGFL2/IL1RN_IGFL2/LAYN_IGFL2/CARD16_IGFL2/NAMPT_ITM2A/CSF1_ITM2A/CD70_ITM2A/TNFRSF4_ITM2A/PMAIP1_ITM2A"
"305",821,821,"CD4+IFNG+ Tfh/Th1_CD8+KIR+TXK+ NK-like","CD4+IFNG+ Tfh/Th1","CD8+KIR+TXK+ NK-like",27,11,0.894,0.756706815802838,1,1,"ID2_AREG/IL21_AREG/RDH10_AREG/DUSP4_AREG/BHLHE40_AREG/KRT86_AREG/IL21_IKZF2/CD74_AREG/RDH10_FOSL2/CXCR6_AREG/MYO7A_AREG","IL21_IKZF2/BHLHE40_TXK/CCL3_TXK/HAVCR2_TXK/RDH10_FOSL2/ID2_AREG/BHLHE40_AREG/IFNG_AREG/IL21_AREG/CXCR6_AREG/CD74_AREG/KRT86_AREG/MYO7A_AREG/RDH10_AREG/DUSP4_AREG/RBPJ_KIR3DL2/LAG3_KIR3DL2/ZEB2_B3GNT7/RBPJ_B3GNT7/GZMB_B3GNT7/CD4_B3GNT7/CD74_B3GNT7/LAG3_B3GNT7/HAVCR2_B3GNT7/PTMS_B3GNT7/CCL4L2_B3GNT7/PDE7B_B3GNT7"
"29",822,822,"CD4+CCR6+ Th17_CD8+Tn","CD4+CCR6+ Th17","CD8+Tn",20,8,0.877,0.764886160473033,1,1,"FLT3LG_EEF1A1/ABCB1_PABPC1/ABCB1_TNFSF8/ABCB1_WNT7A/FLT3LG_PABPC1/ZFP36L2_PABPC1/FLT3LG_ACTN1/CD40LG_PABPC1","TIMP1_KLF2/ANXA1_KLF2/BHLHE40_TXK/VIM_FLT3LG/IL4I1_TNFSF8/ABCB1_TNFSF8/ABCB1_TIMP1/ABCB1_WNT7A/ANXA1_IL6R/BHLHE40_IFNGR2/VIM_IFNGR2/IL4I1_SELL/IL4I1_MAL/FLT3LG_EEF1A1/FLT3LG_ACTN1/VIM_TPT1/ZFP36L2_PABPC1/CD40LG_PABPC1/FLT3LG_PABPC1/ABCB1_PABPC1"
"1132",823,822,"CD8+Tn_CD4+CCR6+ Th17","CD8+Tn","CD4+CCR6+ Th17",20,8,0.877,0.764886160473033,1,1,"FLT3LG_VIM/IFNGR2_BHLHE40/TPT1_VIM/KLF2_ANXA1/IFNGR2_VIM/TNFSF8_IL4I1/IL6R_ANXA1/KLF2_TIMP1","TXK_BHLHE40/IFNGR2_BHLHE40/PABPC1_ZFP36L2/PABPC1_CD40LG/KLF2_TIMP1/EEF1A1_FLT3LG/ACTN1_FLT3LG/PABPC1_FLT3LG/KLF2_ANXA1/IL6R_ANXA1/TNFSF8_IL4I1/SELL_IL4I1/MAL_IL4I1/FLT3LG_VIM/IFNGR2_VIM/TPT1_VIM/TNFSF8_ABCB1/TIMP1_ABCB1/WNT7A_ABCB1/PABPC1_ABCB1"
"223",824,824,"CD4+Temra_CD8+Temra","CD4+Temra","CD8+Temra",32,13,0.891,0.77009571149198,1,1,"GZMH_GZMB/C1orf21_S1PR5/TBX21_GNLY/TBX21_S1PR5/CMKLR1_GNLY/CTSW_GNLY/CTSW_S1PR5/C1orf21_GNLY/FGFBP2_ZEB2/CX3CR1_GNLY/FGFBP2_KLRD1/XCL2_GNLY/C1orf21_PRSS23","PRSS23_ASCL2/ZEB2_KLF3/CCL3_KLF3/IL18RAP_KLF3/GNLY_KLF3/S1PR5_KLF3/FGFBP2_ZEB2/GNLY_TBX21/S1PR5_TBX21/GZMB_GZMH/GZMH_GZMB/PRF1_GZMB/GNLY_CX3CR1/S1PR5_CX3CR1/GNLY_CMKLR1/ZEB2_FGFBP2/KLRD1_FGFBP2/TBX21_S1PR5/CX3CR1_S1PR5/C1orf21_S1PR5/CTSW_S1PR5/C1orf21_PRSS23/TBX21_GNLY/XCL2_GNLY/CX3CR1_GNLY/CMKLR1_GNLY/C1orf21_GNLY/CTSW_GNLY/FGFBP2_KLRD1/GNLY_C1orf21/S1PR5_C1orf21/PRSS23_C1orf21"
"1066",825,825,"CD8+TCF7+ Tex_CD4+GZMK+ Tem","CD8+TCF7+ Tex","CD4+GZMK+ Tem",25,10,0.877,0.7760911575308,1,1,"CD40LG_NR4A2/EBI3_CD74/TNFSF8_NR4A2/BTLA_RUNX3/TSHZ2_NR4A2/SESN3_NR4A2/CCR4_CST7/IL6R_NR4A2/IFNAR2_NR4A2/CCR4_CCL4","IGFL2_LITAF/TNFSF8_RUNX3/BTLA_RUNX3/TSHZ2_NR4A2/TNFSF8_NR4A2/CD40LG_NR4A2/IL6R_NR4A2/IFNAR2_NR4A2/SESN3_NR4A2/CCR4_CCL4/IGFL2_GZMA/IGFL2_IFNG/EBI3_CD74/NR3C1_CXCR3/CD200_CXCR3/GNG4_CXCR3/TNFRSF4_CXCR3/IGFL2_CXCR3/NMB_CXCR3/CCR4_CST7/IGFL2_ITM2C/IGFL2_SLAMF7/NR3C1_F2R/TOX_F2R/NMB_F2R"
"1286",826,826,"CD4+NME1+CCR4- T_CD4+IFNG+ Tfh/Th1","CD4+NME1+CCR4- T","CD4+IFNG+ Tfh/Th1",37,15,0.889,0.782459176940053,1,1,"MEOX1_BHLHE40/MEOX1_RBPJ/MEOX1_GZMB/MEOX1_GZMA/EBI3_CD74/HMGB1_RBPJ/MEOX1_CCR5/MEOX1_MYO7A/MEOX1_PTMS/MEOX1_CCL4/MEOX1_LAG3/EBI3_ZEB2/MEOX1_PDE7B/MEOX1_CCL4L2/MEOX1_ZEB2","MEOX1_ZEB2/EBI3_ZEB2/GAPDH_ZEB2/ENO1_ID2/SUB1_ID2/GPI_ID2/GAPDH_ID2/MEOX1_BHLHE40/MEOX1_RBPJ/HMGB1_RBPJ/MEOX1_CCL4/GAPDH_IFNG/MEOX1_GZMB/MEOX1_GZMA/ENO1_IL21/GAPDH_IL21/ENO1_CXCR6/GAPDH_CXCR6/MEOX1_CCR5/ENO1_IL2RG/GAPDH_IL2RG/ENO1_CD74/EBI3_CD74/ENO1_LAG3/MEOX1_LAG3/ENO1_PDCD1/ENO1_MYO7A/MEOX1_MYO7A/GAPDH_MYO7A/ENO1_PTMS/MEOX1_PTMS/GAPDH_RDH10/MEOX1_CCL4L2/MEOX1_PDE7B/GAPDH_DUSP4/PKM_DUSP4/TMSB10_DUSP4"
"24",827,827,"CD4+CCL5+ Tm_CD8+Tn","CD4+CCL5+ Tm","CD8+Tn",13,5,0.844,0.784983563152697,1,1,"ID2_EEF1A1/PTGER4_EEF1B2/ZFP36L2_PABPC1/CD40LG_PABPC1/ID2_ACTN1","ANXA1_KLF2/BHLHE40_TXK/NR4A2_TXK/NR4A2_TNFSF8/NR4A2_IL6R/ANXA1_IL6R/BHLHE40_IFNGR2/CCL4_IFNGR2/ID2_EEF1A1/ID2_ACTN1/PTGER4_EEF1B2/ZFP36L2_PABPC1/CD40LG_PABPC1"
"129",828,827,"CD8+TCF7+ Tex_CD8+GZMK+ early Tem","CD8+TCF7+ Tex","CD8+GZMK+ early Tem",13,5,0.844,0.784983563152697,1,1,"IL6R_DUSP2/CD40LG_DUSP2/EBI3_CD74/BTLA_DUSP2/CCR4_CST7","EBI3_CD74/NR3C1_CXCR5/CD200_CXCR5/TNFRSF4_CXCR5/CD40LG_DUSP2/IL6R_DUSP2/BTLA_DUSP2/TNFRSF4_CMC1/CCR4_CST7/IGFL2_DKK3/NR3C1_PIK3R1/CD200_PIK3R1/IGFL2_PIK3R1"
"353",829,827,"CD8+IL7R+ Tm_CD8+GZMK+ Tex","CD8+IL7R+ Tm","CD8+GZMK+ Tex",13,5,0.844,0.784983563152697,1,1,"TSC22D3_NAMPT/BTG1_NAMPT/GPR183_NAMPT/ZFP36L2_NAMPT/LMNA_TNFSF4","TNFAIP3_GZMK/LMNA_TNFSF4/ZFP36L2_NAMPT/TSC22D3_NAMPT/BTG1_NAMPT/GPR183_NAMPT/TNFAIP3_CXCR6/FTH1_CD27/ANXA1_LYST/TNFAIP3_LYST/PABPC1_LYST/TNFAIP3_DUSP4/FTH1_DUSP4"
"543",830,827,"CD4+ISG+ Treg_CD8+ISG+ CD8+ T","CD4+ISG+ Treg","CD8+ISG+ CD8+ T",13,5,0.844,0.784983563152697,1,1,"IL7_STAT2/MX1_CCR1/ETV7_PLSCR1/IFIT1_CCR1/ETV7_CD74","ETV7_PLSCR1/IL7_STAT2/NAMPT_TNFSF10/IFIT1_CCR1/MX1_CCR1/ETV7_CD74/NAMPT_MX1/IL2RA_MX1/HERC5_MX1/NAMPT_IFI6/IL2RA_IFI6/NAMPT_OAS1/CD70_OAS1"
"731",831,827,"CD4+CCR6+ Th17_CD4+ADSL+ Tn","CD4+CCR6+ Th17","CD4+ADSL+ Tn",13,5,0.844,0.784983563152697,1,1,"ABCB1_LDHB/FLT3LG_PASK/ABCB1_MYC/ABCB1_DGKA/ABCB1_ANKRD55","BHLHE40_TXK/TIMP1_KLF2/ANXA1_KLF2/ABCB1_MYC/ANXA1_IL6R/FLT3LG_PASK/IL4I1_SELL/ABCB1_LDHB/ABCB1_ANKRD55/MYBL1_COTL1/VIM_COTL1/VIM_DGKA/ABCB1_DGKA"
"1081",832,827,"CD4+Temra_CD4+GZMK+ Tem","CD4+Temra","CD4+GZMK+ Tem",13,5,0.844,0.784983563152697,1,1,"C1orf21_NR4A2/C1orf21_LITAF/CTSW_CCL4/FGFBP2_TNFSF9/C1orf21_TNFSF9","C1orf21_LITAF/ZEB2_NFATC2/IL18RAP_NFATC2/C1orf21_NR4A2/CTSW_CCL4/GZMB_GZMH/FGFBP2_TNFSF9/C1orf21_TNFSF9/ZEB2_CXCR3/GNLY_CXCR3/S1PR5_CXCR3/PRSS23_CXCR3/GZMB_CRTAM"
"1150",833,827,"CD4+ADSL+ Tn_CD4+CCR6+ Th17","CD4+ADSL+ Tn","CD4+CCR6+ Th17",13,5,0.844,0.784983563152697,1,1,"DGKA_VIM/COTL1_MYBL1/KLF2_ANXA1/IL6R_ANXA1/KLF2_TIMP1","TXK_BHLHE40/COTL1_MYBL1/KLF2_TIMP1/PASK_FLT3LG/KLF2_ANXA1/IL6R_ANXA1/SELL_IL4I1/COTL1_VIM/DGKA_VIM/MYC_ABCB1/LDHB_ABCB1/ANKRD55_ABCB1/DGKA_ABCB1"
"1295",834,827,"CD8+KIR+TXK+ NK-like_CD4+TNFRSF9- Treg","CD8+KIR+TXK+ NK-like","CD4+TNFRSF9- Treg",13,5,0.844,0.784983563152697,1,1,"B3GNT7_STAM/B3GNT7_RTKN2/KIR3DL2_IKZF2/B3GNT7_TBC1D4/B3GNT7_ARID5B","AREG_IKZF2/KIR3DL2_IKZF2/B3GNT7_ARID5B/AREG_RTKN2/B3GNT7_RTKN2/B3GNT7_TBC1D4/AREG_FCRL3/AREG_CEACAM4/AREG_SELL/B3GNT7_SELL/AREG_VAV3/B3GNT7_STAM/AREG_TTN"
"1410",835,835,"CD8+Temra_CD4+ISG+ Treg","CD8+Temra","CD4+ISG+ Treg",30,12,0.877,0.787065931903954,1,1,"FGFBP2_NAMPT/CX3CR1_CD70/KLF3_NAMPT/C1orf21_CD70/ASCL2_NAMPT/KLF3_CSF1/TBX21_CD70/CX3CR1_NAMPT/ASCL2_IL2RA/TBX21_NAMPT/FGFBP2_CD70/CX3CR1_IL1R2","GZMB_ETV7/S1PR5_BATF/GNLY_BATF/GNLY_TNFSF10/FCGR3A_IL1RN/GNLY_IL1RN/KLF3_CSF1/TBX21_CSF1/ASCL2_NAMPT/KLF3_NAMPT/TBX21_NAMPT/CX3CR1_NAMPT/FGFBP2_NAMPT/S1PR5_IL7/GNLY_IL7/TBX21_CD70/CX3CR1_CD70/FGFBP2_CD70/C1orf21_CD70/GNLY_TNFSF13B/ASCL2_IL2RA/CX3CR1_IL1R2/GZMB_IFIT1/GZMB_OAS1/GNLY_OAS1/GZMB_MX1/PRSS23_MX1/PLEK_MX1/S1PR5_IFI6/GZMB_IFIT3"
"1433",836,835,"CD4+Temra_CD4+ISG+ Treg","CD4+Temra","CD4+ISG+ Treg",30,12,0.877,0.787065931903954,1,1,"FGFBP2_NAMPT/CTSW_CD70/CX3CR1_CD70/C1orf21_CD70/IL5RA_CSF1/IL5RA_NAMPT/TBX21_CD70/CX3CR1_NAMPT/HOPX_NAMPT/TBX21_NAMPT/FGFBP2_CD70/CX3CR1_IL1R2","GZMB_ETV7/GNLY_BATF/S1PR5_BATF/GNLY_TNFSF10/GNLY_IL1RN/TBX21_CSF1/IL5RA_CSF1/HOPX_NAMPT/TBX21_NAMPT/CX3CR1_NAMPT/IL5RA_NAMPT/FGFBP2_NAMPT/CCL3_IL7/GNLY_IL7/S1PR5_IL7/TBX21_CD70/CX3CR1_CD70/FGFBP2_CD70/C1orf21_CD70/CTSW_CD70/GNLY_TNFSF13B/CX3CR1_IL1R2/GZMB_IFIT1/GZMB_OAS1/GNLY_OAS1/GZMB_MX1/PLEK_MX1/PRSS23_MX1/S1PR5_IFI6/GZMB_IFIT3"
"446",837,837,"CD4+CXCR5+ pre-Tfh_CD8+OXPHOS- Tex","CD4+CXCR5+ pre-Tfh","CD8+OXPHOS- Tex",18,7,0.853,0.789275105630199,1,1,"CD40LG_CSF1/TNFSF8_HAVCR2/CXCR5_HAVCR2/CD40LG_TNFRSF9/CD40LG_HAVCR2/FAM177A1_PRDM1/TCF7_PRDM1","AREG_ETV1/TCF7_PRDM1/FAM177A1_PRDM1/CD40LG_CSF1/SLC2A3_CSF1/AREG_LAYN/SLC2A3_LAYN/TNFSF8_HAVCR2/CD40LG_HAVCR2/CXCR5_HAVCR2/AREG_ENTPD1/SLC2A3_ENTPD1/CD40LG_TNFRSF9/CXCR5_TNFRSF9/SLC2A3_TNFRSF18/AREG_ACP5/SLC2A3_ACP5/SLC2A3_KIR2DL4"
"85",838,838,"CD8+KIR+TXK+ NK-like_CD8+ZNF683+CXCR6- Tm","CD8+KIR+TXK+ NK-like","CD8+ZNF683+CXCR6- Tm",8,3,0.823,0.789888666703396,1,1,"B3GNT7_CISH/B3GNT7_IL32/B3GNT7_ZNF683","B3GNT7_ZNF683/B3GNT7_IL32/AREG_CD52/AREG_TRAF3IP3/AREG_SIT1/B3GNT7_CISH/AREG_MYL12A/AREG_PFN1"
"153",839,838,"CD4+ISG+ Treg_CD8+GZMK+ early Tem","CD4+ISG+ Treg","CD8+GZMK+ early Tem",8,3,0.823,0.789888666703396,1,1,"IFI6_CST7/ETV7_CD74/IFIT3_CST7","IL1RN_CXCR4/ETV7_CD74/IL32_CXCR5/NAMPT_CXCR5/CD70_CXCR5/IFI6_CST7/IFIT3_CST7/NAMPT_ENC1"
"242",840,838,"CD8+ZNF683+CXCR6+ Trm_CD8+KIR+EOMES+ NK-like","CD8+ZNF683+CXCR6+ Trm","CD8+KIR+EOMES+ NK-like",8,3,0.823,0.789888666703396,1,1,"LDLRAD4_NR4A2/LGALS3_TNFSF9/ZFP36L2_NR4A2","ZFP36L2_NR4A2/CXCR3_NR4A2/LDLRAD4_NR4A2/LDLRAD4_XCL2/LGALS3_TNFSF9/RBPJ_GCSAM/TMSB4X_GCSAM/LGALS1_GCSAM"
"319",841,838,"CD8+KIR+EOMES+ NK-like_CD8+ZNF683+CXCR6+ Trm","CD8+KIR+EOMES+ NK-like","CD8+ZNF683+CXCR6+ Trm",8,3,0.823,0.789888666703396,1,1,"GCSAM_LGALS1/GCSAM_TMSB4X/GCSAM_RBPJ","NR4A2_ZFP36L2/GCSAM_RBPJ/NR4A2_CXCR3/GCSAM_TMSB4X/TNFSF9_LGALS3/GCSAM_LGALS1/NR4A2_LDLRAD4/XCL2_LDLRAD4"
"780",842,838,"CD4+NME1+CCR4+ T_CD4+IL7R- Tn","CD4+NME1+CCR4+ T","CD4+IL7R- Tn",8,3,0.823,0.789888666703396,1,1,"FLT3LG_EEF1A1/FLT3LG_NACA/FLT3LG_ACTG1","ENO1_EEF1B2/ENO1_EEF1A1/FLT3LG_EEF1A1/FLT3LG_ACTG1/FLT3LG_NACA/ENO1_FAU/ENO1_BTF3/FLT3LG_BTF3"
"882",843,838,"CD4+CCL5+ Tm_CD4+TIMP1+ Tm","CD4+CCL5+ Tm","CD4+TIMP1+ Tm",8,3,0.823,0.789888666703396,1,1,"ID2_VIM/ID2_ANXA1/PARP8_VIM","ANXA1_KLF2/BHLHE40_LMO4/NR4A2_CD40LG/NR4A2_S100A10/ANXA1_S100A10/ID2_ANXA1/ID2_VIM/PARP8_VIM"
"963",844,838,"CD4+GZMK+ Tem_CD4+CCL5+ Tm","CD4+GZMK+ Tem","CD4+CCL5+ Tm",8,3,0.823,0.789888666703396,1,1,"ENC1_NR4A2/CXCR3_ALOX5AP/NFATC2_NR4A2","NR4A2_ZFP36L2/CXCR3_BHLHE40/NFATC2_NR4A2/CXCR3_NR4A2/ENC1_NR4A2/NR4A2_CD40LG/NFATC2_IL18RAP/CXCR3_ALOX5AP"
"1012",845,838,"CD4+ISG+ Th_CD4+CAPG+ Tm","CD4+ISG+ Th","CD4+CAPG+ Tm",8,3,0.823,0.789888666703396,1,1,"SP100_RBPJ/IFI6_RBPJ/TNFSF10_RBPJ","IFI16_ID2/IFIT2_ID2/SP100_RBPJ/TNFSF10_RBPJ/MX1_RBPJ/IFI6_RBPJ/IFI16_CD40LG/IFI16_CXCR3"
"318",846,846,"CD8+Temra_CD8+ZNF683+CXCR6+ Trm","CD8+Temra","CD8+ZNF683+CXCR6+ Trm",23,9,0.858,0.796482153834542,1,1,"KLF3_RBPJ/ASCL2_LGALS1/GZMH_GZMB/C1orf21_CKLF/C1orf21_RBPJ/ASCL2_RBPJ/CX3CR1_RBPJ/C1orf21_ITGA1/KLF3_LGALS1","GNLY_ID2/PRSS23_ZFP36L2/GNLY_ZFP36L2/ASCL2_RBPJ/KLF3_RBPJ/CX3CR1_RBPJ/C1orf21_RBPJ/C1orf21_CKLF/GZMH_GZMB/GNLY_XCL2/ZEB2_CXCR3/FCGR3A_CXCR3/S1PR5_CXCR3/PRSS23_CXCR3/GNLY_CXCR3/PRSS23_CAPG/GZMB_CD52/FCGR3A_CD52/GNLY_CD52/ASCL2_LGALS1/KLF3_LGALS1/C1orf21_ITGA1/PRSS23_LDLRAD4"
"1156",847,846,"CD4+CCL5+ Tm_CD4+CCR6+ Th17","CD4+CCL5+ Tm","CD4+CCR6+ Th17",23,9,0.858,0.796482153834542,1,1,"ID2_VIM/ID2_BHLHE40/CD40LG_IL4I1/CXCR4_IL4I1/ZFP36L2_IL4I1/PTGER4_MYBL1/ID2_ANXA1/PARP8_VIM/ZFP36L2_BHLHE40","ZFP36L2_BHLHE40/ID2_BHLHE40/BHLHE40_ZFP36L2/NR4A2_ZFP36L2/PTGER4_MYBL1/NR4A2_CD40LG/BHLHE40_CCR6/BHLHE40_GPR35/NR4A2_GPR35/ID2_ANXA1/BHLHE40_KLRB1/ZFP36L2_IL4I1/CD40LG_IL4I1/CXCR4_IL4I1/ID2_VIM/PARP8_VIM/BHLHE40_ABCB1/NR4A2_ABCB1/CD44_ABCB1/IL18RAP_ABCB1/ALOX5AP_ABCB1/CD99_ABCB1/NR4A2_DPP4"
"1375",848,848,"CD8+GZMK+ Tex_CD4+TNFRSF9+ Treg","CD8+GZMK+ Tex","CD4+TNFRSF9+ Treg",35,14,0.877,0.797565008686992,1,1,"HLA-DRB1_PMAIP1/LYST_NAMPT/CD27_PMAIP1/LYST_PMAIP1/DUSP4_TNFRSF4/TSC22D1_PMAIP1/HAVCR2_PMAIP1/CXCR6_CD70/CXCR6_TNFRSF4/CXCR6_TNFRSF9/CD27_TNFRSF4/CD27_CD70/IFNG_PMAIP1/DUSP4_PMAIP1","TSC22D1_BATF/TRPS1_BATF/NAMPT_BATF/TRPS1_IKZF2/PRDM1_ZBTB32/LYST_NAMPT/CD74_EBI3/CXCR6_CD70/CD27_CD70/TNFSF4_IL1RN/NAMPT_IL1RN/HAVCR2_IL1RN/TSC22D1_IL7/PRDM1_IL7/TRPS1_IL7/CCL3_IL7/NAMPT_IL7/HAVCR2_IL7/CXCR6_TNFRSF9/CXCR6_TNFRSF4/CD27_TNFRSF4/DUSP4_TNFRSF4/TSC22D1_CARD16/CCL4_CARD16/NAMPT_CARD16/HAVCR2_CARD16/TNFRSF9_CARD16/NAMPT_TBC1D4/TSC22D1_PMAIP1/IFNG_PMAIP1/HAVCR2_PMAIP1/CD27_PMAIP1/LYST_PMAIP1/DUSP4_PMAIP1/HLA-DRB1_PMAIP1"
"407",849,849,"CD4+CXCR5+ pre-Tfh_CD8+terminal Tex","CD4+CXCR5+ pre-Tfh","CD8+terminal Tex",40,16,0.877,0.807513131281456,1,1,"CD40LG_GZMB/IL6ST_NAMPT/FAAH2_NAMPT/CXCR5_NAMPT/CD40LG_CSF1/CD40LG_TNFSF4/TNFSF8_HAVCR2/CXCR5_HAVCR2/CD40LG_TNFRSF9/CD40LG_HAVCR2/SESN3_GEM/CMTM8_NAMPT/IL6ST_CD70/SESN3_TOX/CD40LG_NAMPT/CXCR5_CD70","AREG_ETV1/SESN3_TOX/SLC2A3_TOX/SLC2A3_ZBED2/CD40LG_TNFSF4/CD40LG_GZMB/CD40LG_CSF1/SLC2A3_CSF1/TCF7_CD70/CXCR5_CD70/IL6ST_CD70/AREG_IFNG/SLC2A3_IFNG/CMTM8_NAMPT/CD40LG_NAMPT/CXCR5_NAMPT/IL6ST_NAMPT/FAAH2_NAMPT/AREG_FASLG/SLC2A3_FASLG/NR3C1_CXCR6/AREG_CXCR6/SLC2A3_CXCR6/AREG_CD74/AREG_IL2RB/SLC2A3_IL2RB/CD40LG_TNFRSF9/CXCR5_TNFRSF9/AREG_LAYN/SLC2A3_LAYN/AREG_ENTPD1/SLC2A3_ENTPD1/TNFSF8_HAVCR2/CD40LG_HAVCR2/CXCR5_HAVCR2/AREG_KRT86/SLC2A3_TNFRSF18/SESN3_GEM/SLC2A3_GEM/AREG_DUSP4"
"1378",850,849,"CD8+TCF7+ Tex_CD4+TNFRSF9+ Treg","CD8+TCF7+ Tex","CD4+TNFRSF9+ Treg",40,16,0.877,0.807513131281456,1,1,"CD40LG_CSF1/EBI3_CSF1/EBI3_CD74/BATF_TNFRSF4/IL6R_TNFRSF4/BATF_PMAIP1/CD40LG_TNFRSF9/EBI3_CD70/CD40LG_TNFRSF4/EBI3_PMAIP1/IFNAR2_PMAIP1/TSHZ2_PMAIP1/TCF7_TNFRSF4/CD40LG_PMAIP1/CD40LG_NAMPT/IL6R_NAMPT","TNFRSF4_FOXP3/TNFRSF4_BATF/NMB_BATF/CD200_IKZF2/IGFL2_IKZF2/TNFRSF4_IKZF4/NR3C1_ZBTB32/TNFRSF4_ZBTB32/BATF_NAMPT/CD40LG_NAMPT/IL6R_NAMPT/IGFL2_EBI3/NMB_CCL22/EBI3_CSF1/CD40LG_CSF1/TCF7_CD70/EBI3_CD70/IGFL2_IL1RN/NMB_IL1RN/NR3C1_IL7/CD200_IL7/TNFRSF4_IL7/NMB_IL7/EBI3_CD74/IGFL2_LAYN/CD40LG_TNFRSF9/TCF7_TNFRSF4/BATF_TNFRSF4/CD40LG_TNFRSF4/IL6R_TNFRSF4/TNFRSF4_CARD16/IGFL2_CARD16/NR3C1_LAIR2/TNFRSF4_LAIR2/NR3C1_TBC1D4/TSHZ2_PMAIP1/BATF_PMAIP1/EBI3_PMAIP1/CD40LG_PMAIP1/IFNAR2_PMAIP1"
"864",851,851,"CD8+Temra_CD4+TIMP1+ Tm","CD8+Temra","CD4+TIMP1+ Tm",21,8,0.836,0.817932722735512,1,1,"KLF3_ANXA1/C1orf21_VIM/CX3CR1_VIM/FGFBP2_VIM/KLF2_ANXA1/C1orf21_TIMP1/KLF3_VIM/KLF2_TIMP1","PRSS23_LMO4/GNLY_LMO4/KLF2_TIMP1/C1orf21_TIMP1/S1PR5_FLT3LG/ZEB2_CD40LG/GZMB_CD40LG/FCGR3A_S100A10/KLF2_ANXA1/KLF3_ANXA1/GZMB_CD52/FCGR3A_CD52/GNLY_CD52/GZMB_S100A6/GNLY_S100A6/ASCL2_VIM/KLF3_VIM/CX3CR1_VIM/FGFBP2_VIM/C1orf21_VIM/PRSS23_CAPG"
"981",852,851,"CD8+Temra_CD4+CAPG+ Tm","CD8+Temra","CD4+CAPG+ Tm",21,8,0.836,0.817932722735512,1,1,"KLF3_RBPJ/C1orf21_CKLF/C1orf21_RBPJ/ASCL2_RBPJ/CX3CR1_RBPJ/C1orf21_TIMP1/KLF2_TGFB1/KLF2_TIMP1","GNLY_ID2/ASCL2_RBPJ/KLF3_RBPJ/CX3CR1_RBPJ/C1orf21_RBPJ/C1orf21_CKLF/KLF2_TIMP1/C1orf21_TIMP1/KLF2_TGFB1/ZEB2_CD40LG/GZMB_CD40LG/ZEB2_CXCR3/FCGR3A_CXCR3/S1PR5_CXCR3/PRSS23_CXCR3/GNLY_CXCR3/PRSS23_CAPG/GZMB_CD52/FCGR3A_CD52/GNLY_CD52/S1PR5_COTL1"
"49",853,853,"CD8+terminal Tex_CD8+IL7R+ Tm","CD8+terminal Tex","CD8+IL7R+ Tm",11,4,0.798,0.819593915968388,1,1,"ENTPD1_TNFAIP3/CXCR6_TNFAIP3/DUSP4_TNFAIP3/DUSP4_FTH1","CSF1_ZFP36L2/CD70_ZFP36L2/NAMPT_ZFP36L2/NAMPT_TSC22D3/NAMPT_BTG1/TNFSF4_LMNA/CXCR6_TNFAIP3/ENTPD1_TNFAIP3/DUSP4_TNFAIP3/DUSP4_FTH1/NAMPT_GPR183"
"260",854,853,"CD4+CAPG+CREM- Tm_CD8+KIR+EOMES+ NK-like","CD4+CAPG+CREM- Tm","CD8+KIR+EOMES+ NK-like",11,4,0.798,0.819593915968388,1,1,"CD40LG_NR4A2/CD40LG_DUSP2/GPR35_NR4A2/ZFP36L2_NR4A2","ZFP36L2_NR4A2/CD40LG_NR4A2/CXCR3_NR4A2/GPR35_NR4A2/BHLHE40_CD160/BHLHE40_GCSAM/ALOX5AP_GCSAM/ANXA1_GCSAM/CD99_GCSAM/TMSB4X_GCSAM/CD40LG_DUSP2"
"1062",855,853,"CD8+ZNF683+CXCR6+ Trm_CD4+GZMK+ Tem","CD8+ZNF683+CXCR6+ Trm","CD4+GZMK+ Tem",11,4,0.798,0.819593915968388,1,1,"LDLRAD4_NR4A2/LGALS3_TNFSF9/LDLRAD4_CST7/ZFP36L2_NR4A2","IL32_NFATC2/ZFP36L2_NR4A2/CXCR3_NR4A2/LDLRAD4_NR4A2/GZMB_GZMH/LGALS3_TNFSF9/LGALS1_CXCR3/LDLRAD4_CST7/GZMB_CRTAM/RBPJ_ENC1/RBPJ_F2R"
"1135",856,853,"CD8+GZMK+ early Tem_CD4+CCR6+ Th17","CD8+GZMK+ early Tem","CD4+CCR6+ Th17",11,4,0.798,0.819593915968388,1,1,"CXCR5_MYBL1/TRAT1_IL4I1/CXCR4_IL4I1/PIK3R1_VIM","CXCR5_MYBL1/DUSP2_CD40LG/CST7_KLRB1/CXCR4_IL4I1/TRAT1_IL4I1/PIK3R1_VIM/CD44_ABCB1/DUSP2_ABCB1/CMC1_ABCB1/CST7_ABCB1/CST7_DPP4"
"496",857,857,"CD4+Temra_CD8+TCF7+ Tex","CD4+Temra","CD8+TCF7+ Tex",38,15,0.866,0.821379057145276,1,1,"C1orf21_TNFRSF4/C1orf21_GNG4/C1orf21_NR3C1/C1orf21_IGFL2/C1orf21_NMB/TBX21_TNFRSF4/C1orf21_TOX/CTSW_IGFBP4/CX3CR1_CD200/IL5RA_CD200/CMKLR1_TNFRSF4/IL5RA_TNFRSF4/C1orf21_CD200/IL5RA_NMB/ZEB2_IGFL2","GNLY_TSHZ2/S1PR5_TSHZ2/C1orf21_TSHZ2/GNLY_TCF7/C1orf21_TCF7/C1orf21_NR3C1/CX3CR1_TOX/C1orf21_TOX/GNLY_BATF/S1PR5_BATF/ZEB2_EBI3/ZEB2_CD40LG/ZNF683_CD40LG/GZMB_CD40LG/GNLY_IL6R/S1PR5_IL6R/GNLY_IFNAR2/CCL4_CCR4/CX3CR1_CD200/IL5RA_CD200/C1orf21_CD200/C1orf21_GNG4/TBX21_TNFRSF4/CX3CR1_TNFRSF4/CMKLR1_TNFRSF4/IL5RA_TNFRSF4/C1orf21_TNFRSF4/ZEB2_IGFL2/GZMA_IGFL2/CX3CR1_IGFL2/C1orf21_IGFL2/CTSW_IGFL2/GNLY_CPM/IL5RA_NMB/C1orf21_NMB/S1PR5_SESN3/C1orf21_IGFBP4/CTSW_IGFBP4"
"608",858,857,"CD4+CREM+ Tm_CD8+NME1+ T","CD4+CREM+ Tm","CD8+NME1+ T",38,15,0.866,0.821379057145276,1,1,"FAM177A1_GAPDH/GPR35_GPI/GPR35_GAPDH/LMNA_GAPDH/PTGER4_ENO1/ZFP36L2_GAPDH/CD44_ENO1/PTGER4_GAPDH/LMNA_ENO1/PTGER4_KIF20A/CXCL16_GAPDH/YPEL5_GAPDH/PTGER4_GPI/GPR35_ENO1/TGFB1_ENO1","TGFB1_ENO1/GPR35_ENO1/CD44_ENO1/LMNA_ENO1/PTGER4_ENO1/AREG_GTF3A/CREM_MYB/TGFB1_MYB/AREG_MYB/IFNGR1_MYB/CD44_MYB/SRGN_MYB/FAM177A1_MYB/YPEL5_MYB/AREG_MXD3/FTH1_MXD3/AREG_HMGB1/GPR35_GPI/PTGER4_GPI/AREG_CD74/CREM_CXCR3/NR4A2_CXCR3/AREG_CXCR3/TNFAIP3_CXCR3/AREG_MND1/AREG_PFN1/SRGN_ACTG1/AREG_SKA3/CREM_GAPDH/ZFP36L2_GAPDH/ZNF331_GAPDH/CXCL16_GAPDH/GPR35_GAPDH/FAM177A1_GAPDH/YPEL5_GAPDH/LMNA_GAPDH/PTGER4_GAPDH/PTGER4_KIF20A"
"56",859,859,"CD4+CXCR5+ pre-Tfh_CD8+IL7R+ Tm","CD4+CXCR5+ pre-Tfh","CD8+IL7R+ Tm",26,10,0.844,0.822901187895822,1,1,"CD40LG_TNFAIP3/FAAH2_PABPC1/FAAH2_FTH1/TCF7_TNFAIP3/CD40LG_FTH1/TCF7_FTH1/TNFSF8_TNFAIP3/FAM177A1_RGCC/FAAH2_TNFAIP3/CD40LG_PABPC1","NR4A2_ZFP36L2/AREG_ZFP36L2/SLC2A3_ZFP36L2/SH3TC1_ZFP36L2/PABPC1_ZFP36L2/NR3C1_TSC22D3/NR4A2_TSC22D3/SLC2A3_TSC22D3/SLC2A3_IL7R/SLC2A3_ZFP36/AREG_BTG1/SLC2A3_BTG1/AREG_LMNA/TCF7_TNFAIP3/CMTM8_TNFAIP3/TNFSF8_TNFAIP3/CD40LG_TNFAIP3/FAAH2_TNFAIP3/TCF7_FTH1/CD40LG_FTH1/FAAH2_FTH1/AREG_RGCC/FAM177A1_RGCC/SLC2A3_GPR183/CD40LG_PABPC1/FAAH2_PABPC1"
"413",860,859,"CD4+CREM+ Tm_CD8+terminal Tex","CD4+CREM+ Tm","CD8+terminal Tex",26,10,0.844,0.822901187895822,1,1,"PTGER4_NAMPT/PTGER4_RBPJ/ZFP36L2_CD70/ZFP36L2_CSF1/CXCL16_CD70/ZFP36L2_NAMPT/LMNA_TNFSF4/CXCL16_FAM3C/CXCL16_HAVCR2/PTGER4_CSF1","PTGER4_RBPJ/AREG_ETV1/LMNA_TNFSF4/CXCL16_FAM3C/ZFP36L2_CSF1/PTGER4_CSF1/ZFP36L2_CD70/CXCL16_CD70/AREG_IFNG/ZFP36L2_NAMPT/PTGER4_NAMPT/AREG_FASLG/AREG_CXCR6/TNFAIP3_CXCR6/AREG_CD74/AREG_IL2RB/SRGN_IL2RG/AREG_LAYN/AREG_ENTPD1/TNFAIP3_ENTPD1/CXCL16_HAVCR2/AREG_KRT86/SRGN_TIGIT/AREG_DUSP4/FTH1_DUSP4/TNFAIP3_DUSP4"
"835",861,861,"CD8+NME1+ T_CD4+AREG+ Tm","CD8+NME1+ T","CD4+AREG+ Tm",31,12,0.849,0.828974079946389,1,1,"CXCR3_AREG/GTF3A_AREG/MYB_AREG/MND1_AREG/MYB_PABPC1/MXD3_AREG/HMGB1_AREG/HMGB1_GPR183/CD74_AREG/GTF3A_GPR183/PFN1_AREG/CXCR3_PABPC1","GAPDH_ZFP36L2/ENO1_KLF3/GPI_KLF3/GAPDH_KLF3/GPI_TCF7/GAPDH_TCF7/ENO1_CD40LG/GPI_CD40LG/GTF3A_AREG/MYB_AREG/MXD3_AREG/HMGB1_AREG/CD74_AREG/CXCR3_AREG/MND1_AREG/PFN1_AREG/SKA3_AREG/ENO1_EEF1A1/GAPDH_EEF1A1/GAPDH_TPT1/GTF3A_GPR183/HMGB1_GPR183/MYB_PABPC1/CXCR3_PABPC1/ENO1_EEF1B2/GAPDH_EEF1B2/GAPDH_S1PR1/ENO1_PTGER2/GPI_PTGER2/GAPDH_PTGER2/ENO1_PLAC8"
"4",862,862,"CD8+GZMK+ Tem_CD8+Tn","CD8+GZMK+ Tem","CD8+Tn",3,1,0.731,0.838934169891279,1,1,"CXCR3_PABPC1","SUB1_FLT3LG/CCL4_IFNGR2/CXCR3_PABPC1"
"37",863,862,"CD4+ISG+ Th_CD8+Tn","CD4+ISG+ Th","CD8+Tn",3,1,0.731,0.838934169891279,1,1,"IFI6_PABPC1","IFI16_FLT3LG/IFI16_IL6R/IFI6_PABPC1"
"143",864,862,"CD4+CAPG+CREM- Tm_CD8+GZMK+ early Tem","CD4+CAPG+CREM- Tm","CD8+GZMK+ early Tem",3,1,0.731,0.838934169891279,1,1,"CD40LG_DUSP2","CCL4_CCR4/CD40LG_DUSP2/GZMB_CRTAM"
"157",865,862,"CD8+Tn_CD8+GZMK+ Tem","CD8+Tn","CD8+GZMK+ Tem",3,1,0.731,0.838934169891279,1,1,"FLT3LG_SUB1","FLT3LG_SUB1/IFNGR2_CCL4/PABPC1_CXCR3"
"511",866,862,"CD8+GZMK+ early Tem_CD8+ISG+ CD8+ T","CD8+GZMK+ early Tem","CD8+ISG+ CD8+ T",3,1,0.731,0.838934169891279,1,1,"PIK3R1_STAT2","PIK3R1_STAT2/CST7_IFIT3/CST7_IFI6"
"703",867,862,"CD8+Tn_CD4+ADSL+ Tn","CD8+Tn","CD4+ADSL+ Tn",3,1,0.731,0.838934169891279,1,1,"FLT3LG_PASK","TIMP1_KLF2/PABPC1_IL6R/FLT3LG_PASK"
"783",868,862,"CD8+ZNF683+CXCR6- Tm_CD4+TNF+ T","CD8+ZNF683+CXCR6- Tm","CD4+TNF+ T",3,1,0.731,0.838934169891279,1,1,"SIT1_LCP2","ZNF683_CD40LG/TNF_CCR2/SIT1_LCP2"
"785",869,862,"CD8+GZMK+ Tem_CD4+TNF+ T","CD8+GZMK+ Tem","CD4+TNF+ T",3,1,0.731,0.838934169891279,1,1,"HLA-DQA1_CCL4","SUB1_ID2/HLA-DQA1_CCL4/CCL4_CCR2"
"861",870,862,"CD8+ZNF683+CXCR6- Tm_CD4+TIMP1+ Tm","CD8+ZNF683+CXCR6- Tm","CD4+TIMP1+ Tm",3,1,0.731,0.838934169891279,1,1,"CD52_VIM","CISH_LMO4/ZNF683_CD40LG/CD52_VIM"
"995",871,862,"CD4+IL7R- Tn_CD4+CAPG+ Tm","CD4+IL7R- Tn","CD4+CAPG+ Tm",3,1,0.731,0.838934169891279,1,1,"EEF1B2_RBPJ","EEF1A1_ID2/NACA_ID2/EEF1B2_RBPJ"
"1034",872,862,"CD4+IL7R- Tn_CD4+CAPG+CREM- Tm","CD4+IL7R- Tn","CD4+CAPG+CREM- Tm",3,1,0.731,0.838934169891279,1,1,"BTF3_ANXA1","EEF1A1_ID2/NACA_ID2/BTF3_ANXA1"
"1268",873,862,"CD4+IL7R- Tn_CD4+IFNG+ Tfh/Th1","CD4+IL7R- Tn","CD4+IFNG+ Tfh/Th1",3,1,0.731,0.838934169891279,1,1,"EEF1B2_RBPJ","EEF1A1_ID2/NACA_ID2/EEF1B2_RBPJ"
"1315",874,862,"CD4+GZMK+ Tem_CD4+TNFRSF9- Treg","CD4+GZMK+ Tem","CD4+TNFRSF9- Treg",3,1,0.731,0.838934169891279,1,1,"ENC1_IKZF2","ENC1_IKZF2/CST7_TIGIT/CST7_FCRL3"
"1444",875,862,"CD8+Tn_CD4+ISG+ Th","CD8+Tn","CD4+ISG+ Th",3,1,0.731,0.838934169891279,1,1,"IL6R_IFI16","FLT3LG_IFI16/IL6R_IFI16/PABPC1_IFI6"
"241",876,876,"CD8+KIR+TXK+ NK-like_CD8+KIR+EOMES+ NK-like","CD8+KIR+TXK+ NK-like","CD8+KIR+EOMES+ NK-like",24,9,0.823,0.841762033859512,1,1,"B3GNT7_NR4A2/KIR3DL2_IKZF2/TXK_KLRD1/TXK_NR4A2/B3GNT7_ZNF331/B3GNT7_TYROBP/B3GNT7_CD74/B3GNT7_IL2RB/TXK_DUSP2","AREG_IKZF2/KIR3DL2_IKZF2/TXK_NR4A2/B3GNT7_NR4A2/AREG_LITAF/AREG_ZNF331/B3GNT7_ZNF331/AREG_XCL2/AREG_XCL1/AREG_IFNGR1/B3GNT7_IFNGR1/AREG_CD74/B3GNT7_CD74/AREG_IL2RB/B3GNT7_IL2RB/AREG_CD160/AREG_TYROBP/B3GNT7_TYROBP/TXK_KLRD1/FOSL2_GCSAM/AREG_GCSAM/FAM3C_GCSAM/LAT2_GCSAM/TXK_DUSP2"
"294",877,876,"CD4+AREG+ Tm_CD8+KIR+TXK+ NK-like","CD4+AREG+ Tm","CD8+KIR+TXK+ NK-like",24,9,0.823,0.841762033859512,1,1,"KLF3_AREG/CD40LG_AREG/PLAC8_AREG/TPT1_AREG/KLF3_KLRC3/KLF3_REL/KLF3_FOSL2/ZFP36L2_AREG/TPT1_FOSL2","AREG_IKZF2/AREG_HOPX/AREG_TXK/KLF3_FOSL2/TPT1_FOSL2/KLF3_REL/AREG_REL/AREG_XCL1/AREG_XCL2/ZFP36L2_AREG/KLF3_AREG/CD40LG_AREG/EEF1A1_AREG/TPT1_AREG/PLAC8_AREG/KLF3_FAM3C/AREG_IL2RB/AREG_KIR3DL2/AREG_TYROBP/KLF3_KLRC3/AREG_B3GNT7/ANXA1_B3GNT7/GPR183_B3GNT7/PABPC1_B3GNT7"
"301",878,876,"CD4+Temra_CD8+KIR+TXK+ NK-like","CD4+Temra","CD8+KIR+TXK+ NK-like",24,9,0.823,0.841762033859512,1,1,"FGFBP2_AREG/C1orf21_REL/C1orf21_AREG/IL5RA_AREG/C1orf21_FOSL2/HOPX_FOSL2/HOPX_AREG/CX3CR1_AREG/FASLG_AREG","CCL3_TXK/KLRD1_TXK/PLEK_TXK/HOPX_FOSL2/C1orf21_FOSL2/C1orf21_REL/GNLY_XCL2/HOPX_AREG/XCL2_AREG/FASLG_AREG/CX3CR1_AREG/IL5RA_AREG/IL18RAP_AREG/FGFBP2_AREG/C1orf21_AREG/GNLY_KLRC3/ZEB2_B3GNT7/ZNF683_B3GNT7/TBX21_B3GNT7/GZMB_B3GNT7/CXCR2_B3GNT7/IL18RAP_B3GNT7/GNLY_B3GNT7/S1PR5_B3GNT7"
"825",879,876,"CD8+Temra_CD4+AREG+ Tm","CD8+Temra","CD4+AREG+ Tm",24,9,0.823,0.841762033859512,1,1,"KLF3_AREG/C1orf21_PABPC1/FGFBP2_AREG/C1orf21_AREG/KLF3_ANXA1/ASCL2_AREG/KLF2_ANXA1/FGR_AREG/CX3CR1_AREG","PRSS23_ZFP36L2/GNLY_ZFP36L2/ZEB2_KLF3/S1PR5_KLF3/GNLY_KLF3/GNLY_TCF7/C1orf21_TCF7/ZEB2_CD40LG/GZMB_CD40LG/ASCL2_AREG/KLF3_AREG/CX3CR1_AREG/FGFBP2_AREG/FGR_AREG/C1orf21_AREG/KLF2_ANXA1/KLF3_ANXA1/GNLY_TPT1/C1orf21_PABPC1/S1PR5_EEF1B2/GNLY_PTGER2/GZMB_PLAC8/FCGR3A_PLAC8/GNLY_PLAC8"
"949",880,876,"CD8+TCF7+ Tex_CD4+CCL5+ Tm","CD8+TCF7+ Tex","CD4+CCL5+ Tm",24,9,0.823,0.841762033859512,1,1,"CD40LG_NR4A2/IFNAR2_BHLHE40/TNFSF8_NR4A2/TSHZ2_NR4A2/SESN3_NR4A2/IL6R_NR4A2/IL6R_ANXA1/IFNAR2_NR4A2/CCR4_CCL4","NR3C1_ID2/CD200_ID2/IGFL2_ID2/NMB_ID2/IFNAR2_BHLHE40/TSHZ2_NR4A2/TNFSF8_NR4A2/CD40LG_NR4A2/IL6R_NR4A2/IFNAR2_NR4A2/SESN3_NR4A2/IGFL2_GZMA/IGFL2_XCL1/TNFRSF4_CD40LG/IGFL2_CD40LG/CCR4_CCL4/IGFL2_IFNG/IL6R_ANXA1/IGFL2_ITGA1/CD200_PARP8/NR3C1_PTGER4/TNFRSF4_PTGER4/IGFBP4_PTGER4/IGFL2_CD99"
"1193",881,876,"CD4+TIMP1+ Tm_CD4+IL26+ Th17","CD4+TIMP1+ Tm","CD4+IL26+ Th17",24,9,0.823,0.841762033859512,1,1,"FLT3LG_ANKRD28/CD40LG_ANKRD28/CD40LG_TNFSF14/CD40LG_IL4I1/FLT3LG_RUNX2/HOPX_RUNX2/S100A6_IL4I1/CD52_IL4I1/KLF2_ANKRD28","VIM_RORA/HOPX_RUNX2/FLT3LG_RUNX2/ANXA1_ID2/VIM_ID2/VIM_IL22/CD40LG_TNFSF14/TIMP1_IL23R/ANXA1_IL23R/VIM_IL23R/HOPX_IL17RE/TIMP1_IL17RE/ANXA1_IL17RE/VIM_IL17RE/CAPG_IL17RE/EMP3_IL17RE/VIM_CTSH/VIM_CA10/CD40LG_IL4I1/CD52_IL4I1/S100A6_IL4I1/KLF2_ANKRD28/FLT3LG_ANKRD28/CD40LG_ANKRD28"
"1241",882,876,"CD4+IFNG+ Tfh/Th1_CD4+IL21+ Tfh","CD4+IFNG+ Tfh/Th1","CD4+IL21+ Tfh",24,9,0.823,0.841762033859512,1,1,"ID2_NR3C1/ID2_RBPJ/ID2_CD200/ID2_IGFL2/IL21_NR3C1/IFNG_IGFL2/ID2_TOX2/ZEB2_IGFL2/ID2_NMB","ID2_NR3C1/IL21_NR3C1/CXCR6_NR3C1/ID2_TOX2/ID2_RBPJ/BHLHE40_IL21/LAG3_IL21/HAVCR2_TNFSF8/ZEB2_CD40LG/GZMB_CD40LG/HAVCR2_CD40LG/HAVCR2_CXCR5/LAG3_IL6R/ID2_CD200/ID2_NMB/ZEB2_IGFL2/ID2_IGFL2/IFNG_IGFL2/GZMA_IGFL2/RBPJ_CPM/HAVCR2_CPM/ZEB2_ITM2A/BHLHE40_ITM2A/RBPJ_ITM2A"
"1287",883,876,"CD4+NME1+CCR4+ T_CD4+IFNG+ Tfh/Th1","CD4+NME1+CCR4+ T","CD4+IFNG+ Tfh/Th1",24,9,0.823,0.841762033859512,1,1,"FLT3LG_RBPJ/FLT3LG_LAG3/IFNAR2_BHLHE40/HMGB1_RBPJ/IL6R_LAG3/FLT3LG_PTMS/KLF2_PDE7B/IFNAR2_FAM3C/CCR4_CCL4","SUB1_ID2/ENO1_ID2/IFNAR2_BHLHE40/ARHGDIB_BHLHE40/HMGB1_RBPJ/FLT3LG_RBPJ/CCR4_CCL4/ENO1_IL21/CMTM7_IL21/IFNAR2_FAM3C/ENO1_CXCR6/ENO1_IL2RG/ENO1_CD74/COTL1_CD74/ENO1_LAG3/FLT3LG_LAG3/IL6R_LAG3/ENO1_PDCD1/ENO1_MYO7A/CNN2_MYO7A/ENO1_PTMS/FLT3LG_PTMS/KLF2_PDE7B/TMSB10_DUSP4"
"854",884,884,"CD4+TNFRSF9+ Treg_CD4+AREG+ Tm","CD4+TNFRSF9+ Treg","CD4+AREG+ Tm",41,16,0.856,0.842103523727713,1,1,"IKZF2_AREG/IL7_AREG/CARD16_AREG/LAIR2_AREG/BATF_AREG/IKZF4_PABPC1/IL1RN_AREG/IL1RN_ANXA1/EBI3_AREG/CCL22_AREG/LAYN_AREG/CD74_AREG/ZBTB32_PABPC1/IL7_PABPC1/IL2RB_AREG/EBI3_PABPC1","NAMPT_ZFP36L2/CSF1_ZFP36L2/CD70_ZFP36L2/PMAIP1_ZFP36L2/NAMPT_KLF3/CSF1_KLF3/PMAIP1_KLF3/CD70_TCF7/TNFRSF4_TCF7/NAMPT_CD40LG/CSF1_CD40LG/TNFRSF9_CD40LG/TNFRSF4_CD40LG/PMAIP1_CD40LG/BATF_AREG/IKZF2_AREG/EBI3_AREG/CCL22_AREG/IL1RN_AREG/IL7_AREG/IL2RB_AREG/CD74_AREG/LAYN_AREG/CARD16_AREG/LAIR2_AREG/IL1RN_CXCR4/IL1RN_ANXA1/CARD16_ANXA1/NAMPT_GPR183/CARD16_GPR183/IKZF4_PABPC1/ZBTB32_PABPC1/EBI3_PABPC1/IL7_PABPC1/NAMPT_EEF1B2/PMAIP1_EEF1B2/NAMPT_S1PR1/NAMPT_PTGER2/CD70_PTGER2/PMAIP1_PTGER2/PMAIP1_PLAC8"
"180",885,885,"CD4+CCL5+ Tm_CD8+GZMK+ Tem","CD4+CCL5+ Tm","CD8+GZMK+ Tem",6,2,0.731,0.843660489316882,1,1,"ID2_SUB1/PTGER4_IL32","ID2_SUB1/PTGER4_IL32/BHLHE40_CXCR3/NR4A2_CXCR3/ALOX5AP_CXCR3/CCL4_HLA-DQA1"
"183",886,885,"CD4+GZMK+ Tem_CD8+GZMK+ Tem","CD4+GZMK+ Tem","CD8+GZMK+ Tem",6,2,0.731,0.843660489316882,1,1,"NFATC2_IL32/F2R_SUB1","TNFSF9_SUB1/F2R_SUB1/NFATC2_IL32/NR4A2_CXCR3/CD74_COTL1/CCL4_HLA-DQA1"
"433",887,885,"CD8+GZMK+ early Tem_CD8+OXPHOS- Tex","CD8+GZMK+ early Tem","CD8+OXPHOS- Tex",6,2,0.731,0.843660489316882,1,1,"PIK3R1_PRDM1/CXCR5_HAVCR2","PIK3R1_PRDM1/CXCR5_HAVCR2/ENC1_HAVCR2/CST7_CTLA4/CXCR5_TNFRSF9/CST7_TIGIT"
"644",888,885,"CD4+TNF+ T_CD4+Tn","CD4+TNF+ T","CD4+Tn",6,2,0.731,0.843660489316882,1,1,"ID2_EEF1A1/ID2_ACTN1","EGR1_KLF2/ID2_EEF1A1/SH3BGRL3_PLAC8/ID2_ACTN1/LCP2_GIMAP7/LCP2_LINC00861"
"646",889,885,"CD4+TIMP1+ Tm_CD4+Tn","CD4+TIMP1+ Tm","CD4+Tn",6,2,0.731,0.843660489316882,1,1,"FLT3LG_EEF1A1/FLT3LG_ACTN1","TIMP1_KLF2/ANXA1_KLF2/FLT3LG_EEF1A1/SH3BGRL3_PLAC8/VIM_TPT1/FLT3LG_ACTN1"
"817",890,885,"CD4+ISG+ Th_CD4+TNF+ T","CD4+ISG+ Th","CD4+TNF+ T",6,2,0.731,0.843660489316882,1,1,"CMPK2_CCL4/IFI44L_CCL4","IFI16_ID2/IFIT2_ID2/IFI16_CD40LG/IFI44L_CCL4/CMPK2_CCL4/IFI16_CXCR3"
"941",891,885,"CD8+GZMK+ Tem_CD4+CCL5+ Tm","CD8+GZMK+ Tem","CD4+CCL5+ Tm",6,2,0.731,0.843660489316882,1,1,"CXCR3_ALOX5AP/HLA-DQA1_CCL4","SUB1_ID2/CXCR3_BHLHE40/CXCR3_NR4A2/HLA-DQA1_CCL4/CXCR3_ALOX5AP/IL32_PTGER4"
"1058",892,885,"CD8+GZMK+ Tem_CD4+GZMK+ Tem","CD8+GZMK+ Tem","CD4+GZMK+ Tem",6,2,0.731,0.843660489316882,1,1,"HLA-DQA1_CCL4/SUB1_TNFSF9","IL32_NFATC2/CXCR3_NR4A2/HLA-DQA1_CCL4/SUB1_TNFSF9/COTL1_CD74/SUB1_F2R"
"1464",893,885,"CD4+TNF+ T_CD4+ISG+ Th","CD4+TNF+ T","CD4+ISG+ Th",6,2,0.731,0.843660489316882,1,1,"CD40LG_IFI16/ID2_IFI16","ID2_IFI16/CD40LG_IFI16/CXCR3_IFI16/CCL4_IFI44L/ID2_IFIT2/CCL4_CMPK2"
"1494",894,885,"CD8+OXPHOS- Tex_CD4+NME1+CCR4- T","CD8+OXPHOS- Tex","CD4+NME1+CCR4- T",6,2,0.731,0.843660489316882,1,1,"ENTPD1_GAPDH/KIR2DL4_ENO1","KIR2DL4_ENO1/CSF1_MEOX1/TNFRSF9_MEOX1/TIGIT_MEOX1/CSF1_EBI3/ENTPD1_GAPDH"
"275",895,895,"CD8+IL7R+ Tm_CD8+KIR+TXK+ NK-like","CD8+IL7R+ Tm","CD8+KIR+TXK+ NK-like",14,5,0.783,0.843876757685576,1,1,"RGCC_AREG/LMNA_AREG/TSC22D3_FOSL2/ZFP36L2_AREG/BTG1_AREG","TNFAIP3_IKZF2/RGCC_HOPX/TNFAIP3_TXK/TSC22D3_FOSL2/ZFP36L2_AREG/BTG1_AREG/LMNA_AREG/RGCC_AREG/BTG1_B3GNT7/ANXA1_B3GNT7/TNFAIP3_B3GNT7/FTH1_B3GNT7/GPR183_B3GNT7/PABPC1_B3GNT7"
"961",896,895,"CD4+CAPG+ Tm_CD4+CCL5+ Tm","CD4+CAPG+ Tm","CD4+CCL5+ Tm",14,5,0.783,0.843876757685576,1,1,"CD40LG_NR4A2/ID2_BHLHE40/TMSB4X_ANXA1/CXCR3_ALOX5AP/ID2_ANXA1","BHLHE40_ZFP36L2/BHLHE40_ID2/RBPJ_ID2/ID2_BHLHE40/CXCR3_BHLHE40/CD40LG_NR4A2/CXCR3_NR4A2/TGFB1_CD40LG/ID2_ANXA1/TMSB4X_ANXA1/CXCR3_ALOX5AP/RBPJ_PARP8/RBPJ_PTGER4/IL32_PTGER4"
"1283",897,897,"CD4+TNFRSF9+ Treg_CD4+IFNG+ Tfh/Th1","CD4+TNFRSF9+ Treg","CD4+IFNG+ Tfh/Th1",34,13,0.839,0.849804628111757,1,1,"IL7_RBPJ/CARD16_KRT86/EBI3_CD74/LAIR2_BHLHE40/CARD16_LAG3/IL1RN_HAVCR2/IL7_HAVCR2/CARD16_CCL4/EBI3_ZEB2/LAIR2_KRT86/LAIR2_RBPJ/IL7_BHLHE40/CARD16_HAVCR2","EBI3_ZEB2/PMAIP1_ZEB2/IKZF4_ID2/NAMPT_ID2/TNFRSF9_ID2/PMAIP1_ID2/IL7_BHLHE40/LAIR2_BHLHE40/IL7_RBPJ/LAIR2_RBPJ/CARD16_CCL4/PMAIP1_IFNG/IL7_CCL3/IKZF2_IL21/NAMPT_IL21/TNFRSF4_IL21/CD70_CXCR6/TNFRSF9_CXCR6/TNFRSF4_CXCR6/PMAIP1_CD4/EBI3_CD74/CARD16_LAG3/IL1RN_HAVCR2/IL7_HAVCR2/CARD16_HAVCR2/PMAIP1_HAVCR2/CD70_KRT86/CARD16_KRT86/LAIR2_KRT86/CD70_MYO7A/TNFRSF4_MYO7A/PMAIP1_CCL4L2/TNFRSF4_DUSP4/PMAIP1_DUSP4"
"1436",898,897,"CD4+IL21+ Tfh_CD4+ISG+ Treg","CD4+IL21+ Tfh","CD4+ISG+ Treg",34,13,0.839,0.849804628111757,1,1,"ITM2A_NAMPT/IL6ST_NAMPT/CXCR5_NAMPT/CD40LG_CSF1/TNFSF11_NAMPT/ITM2A_CSF1/ITM2A_CD70/IL21_NAMPT/IL6ST_CD70/CXCR5_IL32/CD40LG_NAMPT/IL6R_NAMPT/CXCR5_CD70","NMB_ETV7/IGFL2_ETV7/NMB_BATF/CXCR5_IL32/RBPJ_TNFSF10/IGFL2_TNFSF10/TNFSF4_IL1RN/NMB_IL1RN/IGFL2_IL1RN/CD40LG_CSF1/ITM2A_CSF1/IL21_NAMPT/TNFSF11_NAMPT/CD40LG_NAMPT/IL6ST_NAMPT/CXCR5_NAMPT/IL6R_NAMPT/ITM2A_NAMPT/NR3C1_IL7/TOX2_IL7/RBPJ_IL7/CD200_IL7/NMB_IL7/IL6ST_CD70/CXCR5_CD70/ITM2A_CD70/CD200_TNFSF13B/TOX2_MX1/RBPJ_MX1/NMB_ISG15/NMB_USP18/NR3C1_IFI6/RBPJ_IFI6/NMB_IFIT3"
"989",899,899,"CD8+ISG+ CD8+ T_CD4+CAPG+ Tm","CD8+ISG+ CD8+ T","CD4+CAPG+ Tm",9,3,0.731,0.858762135721668,1,1,"SP100_RBPJ/IFI6_RBPJ/TNFSF10_RBPJ","STAT2_ID2/SP100_RBPJ/TNFSF10_RBPJ/MX1_RBPJ/IFI6_RBPJ/STAT2_CXCR3/OAS1_SH3BGRL3/OAS1_ALOX5AP/CD74_COTL1"
"1041",900,899,"CD4+GZMK+ Tem_CD4+CAPG+CREM- Tm","CD4+GZMK+ Tem","CD4+CAPG+CREM- Tm",9,3,0.731,0.858762135721668,1,1,"GZMH_GZMB/CXCR3_ALOX5AP/CRTAM_GZMB","CXCR3_BHLHE40/NR4A2_ZFP36L2/GZMH_GZMB/CRTAM_GZMB/NR4A2_CD40LG/NR4A2_CXCR3/NFATC2_IL18RAP/NR4A2_GPR35/CXCR3_ALOX5AP"
"1080",901,899,"CD4+CAPG+CREM- Tm_CD4+GZMK+ Tem","CD4+CAPG+CREM- Tm","CD4+GZMK+ Tem",9,3,0.731,0.858762135721668,1,1,"CD40LG_NR4A2/GPR35_NR4A2/ZFP36L2_NR4A2","IL18RAP_NFATC2/ZFP36L2_NR4A2/CD40LG_NR4A2/CXCR3_NR4A2/GPR35_NR4A2/GZMB_GZMH/BHLHE40_CXCR3/ALOX5AP_CXCR3/GZMB_CRTAM"
"1039",902,902,"CD4+CCL5+ Tm_CD4+CAPG+CREM- Tm","CD4+CCL5+ Tm","CD4+CAPG+CREM- Tm",17,6,0.774,0.864103285043738,1,1,"CD40LG_GZMB/GZMH_GZMB/ID2_BHLHE40/CD40LG_ZNF683/ID2_ANXA1/ZFP36L2_BHLHE40","BHLHE40_ID2/ANXA1_ID2/ZFP36L2_BHLHE40/ID2_BHLHE40/BHLHE40_ZFP36L2/NR4A2_ZFP36L2/CD40LG_ZNF683/CD40LG_GZMB/GZMH_GZMB/NR4A2_CD40LG/BHLHE40_CXCR3/NR4A2_CXCR3/ALOX5AP_CXCR3/BHLHE40_GPR35/NR4A2_GPR35/ID2_ANXA1/ANXA1_TMSB4X"
"1406",903,902,"CD8+IL7R+ Tm_CD4+ISG+ Treg","CD8+IL7R+ Tm","CD4+ISG+ Treg",17,6,0.774,0.864103285043738,1,1,"TSC22D3_NAMPT/BTG1_NAMPT/GPR183_NAMPT/ZFP36L2_CD70/ZFP36L2_CSF1/ZFP36L2_NAMPT","TNFAIP3_BATF/FTH1_BATF/RGCC_BATF/CXCR4_IL1RN/ANXA1_IL1RN/FTH1_IL1RN/ZFP36L2_CSF1/ZFP36L2_NAMPT/TSC22D3_NAMPT/BTG1_NAMPT/GPR183_NAMPT/TNFAIP3_IL7/RGCC_IL7/PABPC1_IL7/ZFP36L2_CD70/ANXA1_IFI6/PABPC1_IFI6"
"116",904,904,"CD4+NME1+CCR4- T_CD8+ZNF683+CXCR6- Tm","CD4+NME1+CCR4- T","CD8+ZNF683+CXCR6- Tm",12,4,0.731,0.874372219141905,1,1,"MEOX1_IL32/MEOX1_ZNF683/MEOX1_GZMA/MEOX1_TNF","MEOX1_ZNF683/MEOX1_IL32/MEOX1_GZMA/MEOX1_TNF/ENO1_ACTB/GAPDH_ACTB/GAPDH_SH3BGRL3/ENO1_CISH/GAPDH_CISH/MEOX1_MYL12A/ENO1_PFN1/GAPDH_PFN1"
"148",905,904,"CD4+IL21+ Tfh_CD8+GZMK+ early Tem","CD4+IL21+ Tfh","CD8+GZMK+ early Tem",12,4,0.731,0.874372219141905,1,1,"IL6R_DUSP2/CD40LG_DUSP2/BTLA_DUSP2/ITM2A_CST7","NR3C1_CXCR5/CD200_CXCR5/CD40LG_DUSP2/IL6R_DUSP2/BTLA_DUSP2/ITM2A_CST7/IGFL2_DKK3/RBPJ_ENC1/PDE7B_ENC1/NR3C1_PIK3R1/CD200_PIK3R1/IGFL2_PIK3R1"
"909",906,904,"CD8+OXPHOS- Tex_CD4+CREM+ Tm","CD8+OXPHOS- Tex","CD4+CREM+ Tm",12,4,0.731,0.874372219141905,1,1,"ENTPD1_AREG/ENTPD1_TNFAIP3/LAYN_AREG/ETV1_AREG","CSF1_ZFP36L2/ETV1_AREG/LAYN_AREG/ENTPD1_AREG/ACP5_AREG/FAM3C_CXCL16/HAVCR2_CXCL16/ACP5_SRGN/TIGIT_SRGN/PRDM1_FAM177A1/ENTPD1_TNFAIP3/CSF1_PTGER4"
"495",907,907,"CD4+GZMK+ Tem_CD8+TCF7+ Tex","CD4+GZMK+ Tem","CD8+TCF7+ Tex",25,9,0.79,0.878701901794413,1,1,"CXCR3_CD200/ITM2C_IGFL2/CXCR3_NR3C1/IFNG_IGFL2/CXCR3_NMB/CXCR3_GNG4/CXCR3_IGFL2/CXCR3_TNFRSF4/F2R_TOX","NR4A2_TSHZ2/CXCR3_NR3C1/F2R_NR3C1/F2R_TOX/CD74_EBI3/RUNX3_TNFSF8/NR4A2_TNFSF8/NR4A2_CD40LG/NR4A2_IL6R/NR4A2_IFNAR2/CCL4_CCR4/CST7_CCR4/CXCR3_CD200/CXCR3_GNG4/CXCR3_TNFRSF4/LITAF_IGFL2/GZMA_IGFL2/IFNG_IGFL2/CXCR3_IGFL2/ITM2C_IGFL2/SLAMF7_IGFL2/CXCR3_NMB/F2R_NMB/NR4A2_SESN3/RUNX3_BTLA"
"389",908,908,"CD4+NME1+CCR4- T_CD8+GZMK+ Tex","CD4+NME1+CCR4- T","CD8+GZMK+ Tex",30,11,0.804,0.878923353894465,1,1,"MEOX1_GZMA/HMGB1_TRPS1/EBI3_CD74/MEOX1_TRPS1/MEOX1_CCR5/HMGB1_NAMPT/MEOX1_CCL4/MEOX1_TNFRSF9/MEOX1_NAMPT/MEOX1_TNFSF4/MEOX1_TOX","MEOX1_TOX/MEOX1_TRPS1/HMGB1_TRPS1/CFL1_TRPS1/MEOX1_GZMA/MEOX1_TNFSF4/MEOX1_CCL4/GAPDH_IFNG/MEOX1_NAMPT/HMGB1_NAMPT/ENO1_CD74/EBI3_CD74/ENO1_CXCR6/GAPDH_CXCR6/MEOX1_CCR5/ENO1_CD27/GPI_CD27/GAPDH_CD27/TMSB10_CD27/ENO1_LYST/GPI_LYST/ACTG1_LYST/GAPDH_LYST/ENO1_PDCD1/GAPDH_DUSP4/PKM_DUSP4/TMSB10_DUSP4/MEOX1_TNFRSF9/GAPDH_HLA-DQA1/ENO1_HLA-DRB1"
"566",909,909,"CD4+TNF+ T_CD8+Tc17","CD4+TNF+ T","CD8+Tc17",35,13,0.815,0.880673494135481,1,1,"SIT1_IL4I1/CD40LG_ADAM12/CD40LG_IL4I1/CCR2_IL18RAP/CKLF_ADAM12/CCR2_ADAM12/CD52_ADAM12/TNF_IL4I1/IFNG_ADAM12/CCR2_IL4I1/CCR2_TNF/CD52_IL4I1/HOPX_ADAM12","EGR1_RORC/LCP2_CD40LG/CCR2_TNF/FASLG_IL23R/ACTB_IL23R/LCP2_IL23R/HOPX_IL17RE/TNF_IL17RE/CKLF_IL17RE/IFNG_IL17RE/CXCR3_IL17RE/ACTB_IL17RE/MYL12A_IL17RE/CAPG_IL17RE/CD99_IL17RE/LCP2_IL17RE/CCR2_IL18RAP/CD40LG_IL4I1/TNF_IL4I1/CCR2_IL4I1/CXCR3_IL4I1/CD52_IL4I1/SIT1_IL4I1/ID2_CA2/EGR1_CA2/ACTB_CA2/MYL12A_CA2/CISH_CA2/CD69_CA2/HOPX_ADAM12/CD40LG_ADAM12/CKLF_ADAM12/IFNG_ADAM12/CCR2_ADAM12/CD52_ADAM12"
"1138",910,910,"CD8+KIR+EOMES+ NK-like_CD4+CCR6+ Th17","CD8+KIR+EOMES+ NK-like","CD4+CCR6+ Th17",20,7,0.768,0.881177999839965,1,1,"GCSAM_MYBL1/GCSAM_ANXA1/GCSAM_BHLHE40/KLRG1_IL4I1/GCSAM_VIM/CXCR4_IL4I1/CD160_BHLHE40","CD160_BHLHE40/GCSAM_BHLHE40/NR4A2_ZFP36L2/GCSAM_MYBL1/NR4A2_CD40LG/DUSP2_CD40LG/NR4A2_GPR35/GCSAM_ANXA1/CXCR4_IL4I1/KLRG1_IL4I1/GCSAM_VIM/IKZF2_ABCB1/NR4A2_ABCB1/LITAF_ABCB1/ZNF331_ABCB1/KLRD1_ABCB1/CMC1_ABCB1/DUSP2_ABCB1/NR4A2_DPP4/TNFSF9_DPP4"
"1187",911,910,"CD4+Tn_CD4+IL26+ Th17","CD4+Tn","CD4+IL26+ Th17",20,7,0.768,0.881177999839965,1,1,"TCF7_ANKRD28/LINC00861_IL4I1/GIMAP7_IL4I1/GIMAP7_ANKRD28/EEF1B2_ANKRD28/GIMAP7_CEBPD/KLF2_ANKRD28","GIMAP7_CEBPD/GIMAP7_RUNX2/EEF1A1_ID2/ACTN1_ID2/TPT1_IL23R/TCF7_IL17RE/LEF1_IL17RE/EEF1A1_IL17RE/EEF1B2_IL17RE/TPT1_IL17RE/ACTN1_IL17RE/MAL_IL17RE/SELL_IL4I1/GIMAP7_IL4I1/MAL_IL4I1/LINC00861_IL4I1/TCF7_ANKRD28/KLF2_ANKRD28/EEF1B2_ANKRD28/GIMAP7_ANKRD28"
"1403",912,912,"CD4+NME1+CCR4- T_CD4+TNFRSF9+ Treg","CD4+NME1+CCR4- T","CD4+TNFRSF9+ Treg",45,17,0.829,0.88648650998172,1,1,"MEOX1_CSF1/MEOX1_TNFRSF4/MEOX1_IL32/EBI3_CSF1/MEOX1_FOXP3/EBI3_CD74/MEOX1_CD70/EBI3_CD70/MEOX1_IL2RB/HMGB1_NAMPT/MEOX1_TNFRSF9/CKLF_PMAIP1/CFL1_PMAIP1/MEOX1_NAMPT/EBI3_PMAIP1/MEOX1_LTA/MEOX1_TIGIT","ENO1_FOXP3/MEOX1_FOXP3/ENO1_BATF/GAPDH_BATF/GAPDH_IKZF2/GAPDH_IKZF4/ENO1_ZBTB32/GPI_ZBTB32/GAPDH_ZBTB32/MEOX1_IL32/MEOX1_NAMPT/HMGB1_NAMPT/ENO1_EBI3/ENO1_CCL22/ENO1_LTA/MEOX1_LTA/GPI_LTA/MEOX1_CSF1/EBI3_CSF1/MEOX1_CD70/EBI3_CD70/SUB1_IL1RN/GAPDH_IL1RN/PKM_IL1RN/ENO1_IL7/GPI_IL7/ACTG1_IL7/GAPDH_IL7/MEOX1_IL2RB/ENO1_CD74/EBI3_CD74/MEOX1_TNFRSF9/MEOX1_TIGIT/MEOX1_TNFRSF4/ENO1_CARD16/GPI_CARD16/GAPDH_CARD16/TMSB10_CARD16/IL2RA_LAIR2/GAPDH_LAIR2/ENO1_TBC1D4/GAPDH_TBC1D4/EBI3_PMAIP1/CKLF_PMAIP1/CFL1_PMAIP1"
"5",913,913,"CD8+Temra_CD8+Tn","CD8+Temra","CD8+Tn",15,5,0.731,0.888726061561994,1,1,"C1orf21_PABPC1/C1orf21_ACTN1/KLF3_LEF1/C1orf21_TIMP1/KLF2_TIMP1","KLF3_LEF1/GNLY_TCF7/C1orf21_TCF7/KLRD1_TXK/PLEK_TXK/S1PR5_FLT3LG/KLF2_TIMP1/C1orf21_TIMP1/S1PR5_IL6R/GNLY_IL6R/FCGR3A_IFNGR2/C1orf21_ACTN1/GNLY_TPT1/S1PR5_EEF1B2/C1orf21_PABPC1"
"984",914,913,"CD8+ZNF683+CXCR6+ Trm_CD4+CAPG+ Tm","CD8+ZNF683+CXCR6+ Trm","CD4+CAPG+ Tm",15,5,0.731,0.888726061561994,1,1,"ID2_RBPJ/ID2_BHLHE40/LDLRAD4_BHLHE40/CXCR3_ALOX5AP/ZFP36L2_BHLHE40","LGALS1_HOPX/ID2_BHLHE40/ZFP36L2_BHLHE40/CXCR3_BHLHE40/LDLRAD4_BHLHE40/RBPJ_ID2/ID2_RBPJ/ZNF683_CD40LG/GZMB_CD40LG/RBPJ_HMGB1/LGALS1_HMGB1/LGALS1_CXCR3/CXCR3_ALOX5AP/GZMB_CD52/LGALS1_PFN1"
"1089",915,913,"CD4+ISG+ Treg_CD4+GZMK+ Tem","CD4+ISG+ Treg","CD4+GZMK+ Tem",15,5,0.731,0.888726061561994,1,1,"IFI6_CST7/ETV7_CD74/IL7_LITAF/IFIT3_CST7/OAS1_NR4A2","IL7_LITAF/IL32_NFATC2/CSF1_NFATC2/NAMPT_NFATC2/OAS1_NR4A2/IL7_TNFSF9/IFI6_CCL3L3/IL7_CCL3/ETV7_CD74/IL1RN_CXCR4/CD70_CXCR3/IFI6_CST7/IFIT3_CST7/NAMPT_ENC1/NAMPT_F2R"
"1377",916,913,"CD8+OXPHOS- Tex_CD4+TNFRSF9+ Treg","CD8+OXPHOS- Tex","CD4+TNFRSF9+ Treg",15,5,0.731,0.888726061561994,1,1,"ETV1_PMAIP1/ENTPD1_PMAIP1/ACP5_PMAIP1/HAVCR2_PMAIP1/KIR2DL4_PMAIP1","PRDM1_ZBTB32/CSF1_EBI3/HAVCR2_IL1RN/PRDM1_IL7/CCL3_IL7/HAVCR2_IL7/ENTPD1_IL7/HAVCR2_CARD16/TNFRSF9_CARD16/ETV1_LAIR2/ETV1_PMAIP1/HAVCR2_PMAIP1/ENTPD1_PMAIP1/ACP5_PMAIP1/KIR2DL4_PMAIP1"
"304",917,917,"CD4+IL21+ Tfh_CD8+KIR+TXK+ NK-like","CD4+IL21+ Tfh","CD8+KIR+TXK+ NK-like",33,12,0.798,0.893573788678283,1,1,"IL21_AREG/IL6R_AREG/CXCR5_AREG/CD40LG_AREG/TNFSF8_AREG/IL6ST_AREG/NMB_AREG/IL21_IKZF2/IL6R_KLRC3/CPM_AREG/CXCR5_IL32/ITM2A_AREG","IL21_IKZF2/CD200_IKZF2/IGFL2_IKZF2/TNFSF4_HOPX/NR3C1_TXK/IGFL2_TXK/IGFL2_XCL1/IL21_AREG/TNFSF8_AREG/CD40LG_AREG/IL6ST_AREG/CXCR5_AREG/IL6R_AREG/NMB_AREG/CPM_AREG/ITM2A_AREG/CXCR5_IL32/NR3C1_KIR3DL2/RBPJ_KIR3DL2/CD200_KIR3DL2/NMB_KIR3DL2/IL6R_KLRC3/NR3C1_B3GNT7/TOX2_B3GNT7/TOX_B3GNT7/TSHZ2_B3GNT7/RBPJ_B3GNT7/TNFSF4_B3GNT7/GNG4_B3GNT7/CD200_B3GNT7/NMB_B3GNT7/IGFL2_B3GNT7/PDE7B_B3GNT7"
"478",918,917,"CD8+GZMK+ Tex_CD8+TCF7+ Tex","CD8+GZMK+ Tex","CD8+TCF7+ Tex",33,12,0.798,0.893573788678283,1,1,"LYST_NMB/LYST_CD200/CD27_NR3C1/LYST_NR3C1/CD27_IGFL2/DUSP4_TNFRSF4/IFNG_IGFL2/HLA-DQA1_CD200/CXCR6_TNFRSF4/CD27_TNFRSF4/LYST_IGFL2/CD27_CXCL13","TRPS1_TSHZ2/PRDM1_TCF7/CXCR6_NR3C1/CD27_NR3C1/LYST_NR3C1/TSC22D1_BATF/TRPS1_BATF/NAMPT_BATF/CD27_CXCL13/CD74_EBI3/HAVCR2_TNFSF8/TNFSF4_CD40LG/NAMPT_CD40LG/HAVCR2_CD40LG/TNFRSF9_CD40LG/NAMPT_IL6R/CCL4_CCR4/LYST_CD200/HLA-DQA1_CD200/CXCR6_TNFRSF4/CD27_TNFRSF4/DUSP4_TNFRSF4/GZMA_IGFL2/IFNG_IGFL2/CD27_IGFL2/LYST_IGFL2/TRPS1_CPM/TNFSF4_CPM/HAVCR2_CPM/LYST_NMB/TOX_SESN3/TRPS1_SESN3/TNFSF4_BTLA"
"1105",919,919,"CD8+TCF7+ Tex_CD4+Temra","CD8+TCF7+ Tex","CD4+Temra",38,14,0.808,0.89481796153627,1,1,"CD40LG_GZMB/IL6R_GNLY/IFNAR2_GNLY/BATF_GNLY/BATF_S1PR5/SESN3_S1PR5/CD40LG_ZEB2/IL6R_S1PR5/TSHZ2_GNLY/CPM_GNLY/EBI3_ZEB2/CD40LG_ZNF683/TCF7_GNLY/CCR4_CCL4","EBI3_ZEB2/CD40LG_ZEB2/IGFL2_ZEB2/CD40LG_ZNF683/TNFRSF4_TBX21/CD40LG_GZMB/CCR4_CCL4/IGFL2_GZMA/TOX_CX3CR1/CD200_CX3CR1/TNFRSF4_CX3CR1/IGFL2_CX3CR1/TNFRSF4_CMKLR1/CD200_IL5RA/TNFRSF4_IL5RA/NMB_IL5RA/TSHZ2_GNLY/TCF7_GNLY/BATF_GNLY/IL6R_GNLY/IFNAR2_GNLY/CPM_GNLY/TSHZ2_S1PR5/BATF_S1PR5/IL6R_S1PR5/SESN3_S1PR5/TSHZ2_C1orf21/TCF7_C1orf21/NR3C1_C1orf21/TOX_C1orf21/CD200_C1orf21/GNG4_C1orf21/TNFRSF4_C1orf21/IGFL2_C1orf21/NMB_C1orf21/IGFBP4_C1orf21/IGFL2_CTSW/IGFBP4_CTSW"
"62",920,920,"CD4+CREM+ Tm_CD8+IL7R+ Tm","CD4+CREM+ Tm","CD8+IL7R+ Tm",18,6,0.731,0.901517374750508,1,1,"GPR35_FTH1/CXCL16_FTH1/ZFP36L2_PABPC1/GZMK_TNFAIP3/FAM177A1_RGCC/ZFP36L2_TNFAIP3","NR4A2_ZFP36L2/AREG_ZFP36L2/TNFAIP3_ZFP36L2/CREM_TSC22D3/NR4A2_TSC22D3/SRGN_TSC22D3/ANXA1_TSC22D3/AREG_BTG1/ZNF331_LMNA/AREG_LMNA/ZFP36L2_TNFAIP3/GZMK_TNFAIP3/YPEL5_TNFAIP3/CXCL16_FTH1/GPR35_FTH1/AREG_RGCC/FAM177A1_RGCC/ZFP36L2_PABPC1"
"1075",921,920,"CD4+AREG+ Tm_CD4+GZMK+ Tem","CD4+AREG+ Tm","CD4+GZMK+ Tem",18,6,0.731,0.901517374750508,1,1,"CD40LG_NR4A2/KLF3_LITAF/PTGER2_TNFSF9/S1PR1_NR4A2/ZFP36L2_NR4A2/KLF3_NR4A2","KLF3_LITAF/AREG_LITAF/PABPC1_NFATC2/ZFP36L2_NR4A2/KLF3_NR4A2/CD40LG_NR4A2/S1PR1_NR4A2/PTGER2_TNFSF9/AREG_IFNG/AREG_FASLG/KLF3_CCL3/AREG_CD74/AREG_CXCR3/PABPC1_CXCR3/AREG_ENC1/PABPC1_ENC1/AREG_ITM2C/AREG_F2R"
"109",922,922,"CD4+IL21+ Tfh_CD8+ZNF683+CXCR6- Tm","CD4+IL21+ Tfh","CD8+ZNF683+CXCR6- Tm",7,2,0.627,0.903146783253542,1,1,"CD40LG_ZNF683/CXCR5_IL32","CD40LG_ZNF683/CXCR5_IL32/IGFL2_GZMA/IGFL2_ACTB/NMB_CD52/IGFL2_CD52/NMB_PFN1"
"145",923,922,"CD4+Temra_CD8+GZMK+ early Tem","CD4+Temra","CD8+GZMK+ early Tem",7,2,0.627,0.903146783253542,1,1,"C1orf21_DKK3/TBX21_DUSP2","CCL4_CCR4/TBX21_DUSP2/C1orf21_DKK3/ZEB2_PIK3R1/GNLY_PIK3R1/S1PR5_PIK3R1/GZMB_CRTAM"
"362",924,922,"CD8+OXPHOS- Tex_CD8+GZMK+ Tex","CD8+OXPHOS- Tex","CD8+GZMK+ Tex",7,2,0.627,0.903146783253542,1,1,"KIR2DL4_TRPS1/ENTPD1_TNFSF4","KIR2DL4_TRPS1/ENTPD1_TNFSF4/PRDM1_IFNG/TNFRSF9_CXCR6/PRDM1_CD27/CXCL13_CD27/PRDM1_DUSP4"
"781",925,922,"CD8+Tn_CD4+TNF+ T","CD8+Tn","CD4+TNF+ T",7,2,0.627,0.903146783253542,1,1,"KLF2_EGR1/IL6R_LCP2","EEF1A1_ID2/ACTN1_ID2/KLF2_EGR1/PABPC1_CD40LG/IFNGR2_CCL4/PABPC1_CXCR3/IL6R_LCP2"
"1322",926,922,"CD4+TNFRSF9+ Treg_CD4+TNFRSF9- Treg","CD4+TNFRSF9+ Treg","CD4+TNFRSF9- Treg",7,2,0.627,0.903146783253542,1,1,"IL7_STAM/IL1RN_STAM","TNFRSF4_FOXP3/IL7_IKZF2/TNFRSF4_IKZF4/NAMPT_TBC1D4/PMAIP1_TBC1D4/IL1RN_STAM/IL7_STAM"
"1326",927,922,"CD4+NME1+CCR4+ T_CD4+TNFRSF9- Treg","CD4+NME1+CCR4+ T","CD4+TNFRSF9- Treg",7,2,0.627,0.903146783253542,1,1,"FLT3LG_ARID5B/FLT3LG_STAM","ENO1_FOXP3/FLT3LG_ARID5B/ENO1_TBC1D4/ENO1_FCRL3/ENO1_VAV3/ENO1_STAM/FLT3LG_STAM"
"1330",928,922,"CD8+GZMK+ early Tem_CD4+S1PR1+ Treg","CD8+GZMK+ early Tem","CD4+S1PR1+ Treg",7,2,0.627,0.903146783253542,1,1,"ENC1_IKZF2/CXCR5_IL32","ENC1_IKZF2/DUSP2_KLF3/CXCR5_IL32/CST7_CCR4/CST7_SAMHD1/CST7_CCDC141/DUSP2_HPGD"
"857",929,929,"CD4+NME1+CCR4- T_CD4+AREG+ Tm","CD4+NME1+CCR4- T","CD4+AREG+ Tm",31,11,0.778,0.906395454565907,1,1,"MEOX1_PABPC1/PHF5A_AREG/TMSB10_AREG/ARPC1B_AREG/TXN_AREG/HMGB1_AREG/EBI3_AREG/HMGB1_GPR183/PFN1_AREG/MEOX1_AREG/EBI3_PABPC1","GAPDH_ZFP36L2/ENO1_KLF3/SUB1_KLF3/GPI_KLF3/GAPDH_KLF3/GPI_TCF7/GAPDH_TCF7/ENO1_CD40LG/GPI_CD40LG/MEOX1_AREG/PHF5A_AREG/HMGB1_AREG/EBI3_AREG/PFN1_AREG/CFL1_AREG/TMSB10_AREG/TXN_AREG/ARPC1B_AREG/ENO1_EEF1A1/GAPDH_EEF1A1/GAPDH_TPT1/HMGB1_GPR183/MEOX1_PABPC1/EBI3_PABPC1/ENO1_EEF1B2/GAPDH_EEF1B2/GAPDH_S1PR1/ENO1_PTGER2/GPI_PTGER2/GAPDH_PTGER2/ENO1_PLAC8"
"27",930,930,"CD4+GZMK+ Tem_CD8+Tn","CD4+GZMK+ Tem","CD8+Tn",10,3,0.658,0.906933704274746,1,1,"NFATC2_PABPC1/ENC1_PABPC1/CXCR3_PABPC1","RUNX3_TXK/NR4A2_TXK/CCL3_TXK/RUNX3_TNFSF8/NR4A2_TNFSF8/NR4A2_IL6R/CCL4_IFNGR2/NFATC2_PABPC1/CXCR3_PABPC1/ENC1_PABPC1"
"258",931,930,"CD4+CCL5+ Tm_CD8+KIR+EOMES+ NK-like","CD4+CCL5+ Tm","CD8+KIR+EOMES+ NK-like",10,3,0.658,0.906933704274746,1,1,"CD40LG_NR4A2/CD40LG_DUSP2/ZFP36L2_NR4A2","ZFP36L2_NR4A2/CD40LG_NR4A2/BHLHE40_CD160/BHLHE40_GCSAM/ANXA1_GCSAM/ALOX5AP_GCSAM/PARP8_GCSAM/CD99_GCSAM/CD40LG_DUSP2/PTGER4_DUSP2"
"1015",932,930,"CD8+Tn_CD4+CAPG+CREM- Tm","CD8+Tn","CD4+CAPG+CREM- Tm",10,3,0.658,0.906933704274746,1,1,"IFNGR2_BHLHE40/KLF2_ANXA1/IL6R_ANXA1","EEF1A1_ID2/ACTN1_ID2/TXK_BHLHE40/IFNGR2_BHLHE40/PABPC1_ZFP36L2/IFNGR2_CCL4/PABPC1_CD40LG/PABPC1_CXCR3/KLF2_ANXA1/IL6R_ANXA1"
"1054",933,930,"CD8+Tn_CD4+GZMK+ Tem","CD8+Tn","CD4+GZMK+ Tem",10,3,0.658,0.906933704274746,1,1,"TXK_NR4A2/TNFSF8_NR4A2/IL6R_NR4A2","PABPC1_NFATC2/TXK_RUNX3/TNFSF8_RUNX3/TXK_NR4A2/TNFSF8_NR4A2/IL6R_NR4A2/IFNGR2_CCL4/TXK_CCL3/PABPC1_CXCR3/PABPC1_ENC1"
"1409",934,930,"CD8+GZMK+ Tem_CD4+ISG+ Treg","CD8+GZMK+ Tem","CD4+ISG+ Treg",10,3,0.658,0.906933704274746,1,1,"CXCR3_CD70/COTL1_CD70/HLA-DPA1_NAMPT","CD74_ETV7/SUB1_IL1RN/COTL1_CSF1/HLA-DPA1_NAMPT/CXCR3_CD70/COTL1_CD70/COTL1_CD74/APOBEC3G_OAS1/CST7_IFI6/CST7_IFIT3"
"1506",935,935,"CD4+CREM+ Tm_CD4+NME1+CCR4- T","CD4+CREM+ Tm","CD4+NME1+CCR4- T",41,15,0.803,0.907094964854231,1,1,"FAM177A1_GAPDH/LMNA_PKM/GPR35_GPI/GPR35_GAPDH/LMNA_GAPDH/PTGER4_ENO1/ZFP36L2_GAPDH/CD44_ENO1/PTGER4_GAPDH/LMNA_ENO1/CXCL16_GAPDH/YPEL5_GAPDH/PTGER4_GPI/GPR35_ENO1/TGFB1_ENO1","TGFB1_ENO1/GPR35_ENO1/CD44_ENO1/LMNA_ENO1/PTGER4_ENO1/FTH1_SUB1/NR4A2_MEOX1/SKIL_MEOX1/GZMA_MEOX1/TGFB1_MEOX1/AREG_MEOX1/CD44_MEOX1/FTH1_MEOX1/SRGN_MEOX1/TNFAIP3_MEOX1/AREG_PHF5A/GPR35_GPI/PTGER4_GPI/AREG_HMGB1/TGFB1_EBI3/AREG_EBI3/TNFAIP3_EBI3/AREG_PFN1/SRGN_ACTG1/CREM_GAPDH/ZFP36L2_GAPDH/ZNF331_GAPDH/CXCL16_GAPDH/GPR35_GAPDH/FAM177A1_GAPDH/YPEL5_GAPDH/LMNA_GAPDH/PTGER4_GAPDH/LMNA_PKM/AREG_CFL1/AREG_TMSB10/LMNA_TMSB10/AREG_TXN/AREG_ARPC1B/FTH1_ARPC1B/TNFAIP3_CORO1A"
"33",936,936,"CD4+TNFRSF9- Treg_CD8+Tn","CD4+TNFRSF9- Treg","CD8+Tn",4,1,0.548,0.912387142548445,1,1,"IKZF4_PABPC1","ARID5B_BACH2/ARID5B_FLT3LG/STAM_FLT3LG/IKZF4_PABPC1"
"125",937,936,"CD8+ZNF683+CXCR6+ Trm_CD8+GZMK+ early Tem","CD8+ZNF683+CXCR6+ Trm","CD8+GZMK+ early Tem",4,1,0.548,0.912387142548445,1,1,"LDLRAD4_CST7","IL32_CXCR5/LDLRAD4_CST7/RBPJ_ENC1/GZMB_CRTAM"
"162",938,936,"CD8+KIR+EOMES+ NK-like_CD8+GZMK+ Tem","CD8+KIR+EOMES+ NK-like","CD8+GZMK+ Tem",4,1,0.548,0.912387142548445,1,1,"KLRG1_CST7","TNFSF9_SUB1/NR4A2_CXCR3/CD74_COTL1/KLRG1_CST7"
"239",939,936,"CD8+GZMK+ Tem_CD8+KIR+EOMES+ NK-like","CD8+GZMK+ Tem","CD8+KIR+EOMES+ NK-like",4,1,0.548,0.912387142548445,1,1,"SUB1_TNFSF9","CXCR3_NR4A2/SUB1_TNFSF9/COTL1_CD74/CST7_KLRG1"
"331",940,936,"CD4+IL7R- Tn_CD8+ZNF683+CXCR6+ Trm","CD4+IL7R- Tn","CD8+ZNF683+CXCR6+ Trm",4,1,0.548,0.912387142548445,1,1,"EEF1B2_RBPJ","EEF1A1_ID2/NACA_ID2/EEF1B2_RBPJ/NACA_LGALS3"
"749",941,936,"CD8+KIR+TXK+ NK-like_CD4+IL7R- Tn","CD8+KIR+TXK+ NK-like","CD4+IL7R- Tn",4,1,0.548,0.912387142548445,1,1,"B3GNT7_NACA","AREG_EEF1A1/AREG_LDHB/B3GNT7_NACA/AREG_FAU"
"787",942,936,"CD8+KIR+EOMES+ NK-like_CD4+TNF+ T","CD8+KIR+EOMES+ NK-like","CD4+TNF+ T",4,1,0.548,0.912387142548445,1,1,"GCSAM_CD99","NR4A2_CD40LG/DUSP2_CD40LG/NR4A2_CXCR3/GCSAM_CD99"
"807",943,936,"CD4+GZMK+ Tem_CD4+TNF+ T","CD4+GZMK+ Tem","CD4+TNF+ T",4,1,0.548,0.912387142548445,1,1,"NFATC2_LCP2","NR4A2_CD40LG/CCL4_CCR2/NR4A2_CXCR3/NFATC2_LCP2"
"1112",944,936,"CD4+IL7R- Tn_CD4+Temra","CD4+IL7R- Tn","CD4+Temra",4,1,0.548,0.912387142548445,1,1,"EEF1B2_S1PR5","NACA_CX3CR1/NACA_FGFBP2/EEF1B2_S1PR5/ACTG1_C1orf21"
"1281",945,936,"CD4+TNFRSF9- Treg_CD4+IFNG+ Tfh/Th1","CD4+TNFRSF9- Treg","CD4+IFNG+ Tfh/Th1",4,1,0.548,0.912387142548445,1,1,"FCRL3_CXCL13","IKZF4_ID2/VAV3_BHLHE40/FCRL3_CXCL13/IKZF2_IL21"
"1297",946,936,"CD8+GZMK+ Tex_CD4+TNFRSF9- Treg","CD8+GZMK+ Tex","CD4+TNFRSF9- Treg",4,1,0.548,0.912387142548445,1,1,"CD27_ARID5B","TRPS1_IKZF2/CD27_ARID5B/NAMPT_TBC1D4/CXCL13_FCRL3"
"1447",947,936,"CD8+GZMK+ early Tem_CD4+ISG+ Th","CD8+GZMK+ early Tem","CD4+ISG+ Th",4,1,0.548,0.912387142548445,1,1,"PIK3R1_IFI16","CMC1_IFI16/PIK3R1_IFI16/CST7_IFIT3/CST7_IFI6"
"1478",948,936,"CD4+S1PR1+ Treg_CD4+ISG+ Th","CD4+S1PR1+ Treg","CD4+ISG+ Th",4,1,0.548,0.912387142548445,1,1,"KLF3_IFI16","KLF3_IFI16/FLT3LG_IFI16/IL2RA_MX1/IL2RA_IFI6"
"35",949,949,"CD4+TNFRSF9+ Treg_CD8+Tn","CD4+TNFRSF9+ Treg","CD8+Tn",21,7,0.731,0.912800638392192,1,1,"IL7_LEF1/IKZF4_PABPC1/IL1RN_IL23A/IL7_TIMP1/ZBTB32_PABPC1/IL7_PABPC1/EBI3_PABPC1","IL7_LEF1/CD70_TCF7/TNFRSF4_TCF7/NAMPT_TXK/CSF1_FLT3LG/CD70_FLT3LG/TNFRSF9_FLT3LG/PMAIP1_FLT3LG/NAMPT_CMTM8/IL1RN_IL23A/IL7_TIMP1/NAMPT_IL6R/TNFRSF4_IL6R/PMAIP1_IFNGR2/NAMPT_EEF1B2/PMAIP1_EEF1B2/PMAIP1_NOSIP/IKZF4_PABPC1/ZBTB32_PABPC1/EBI3_PABPC1/IL7_PABPC1"
"1011",950,949,"CD4+ISG+ Treg_CD4+CAPG+ Tm","CD4+ISG+ Treg","CD4+CAPG+ Tm",21,7,0.731,0.912800638392192,1,1,"IL7_RBPJ/IL1RN_ALOX5AP/IFI6_RBPJ/ETV7_CD74/IL7_TIMP1/TNFSF10_RBPJ/IL7_BHLHE40","NAMPT_HOPX/IL7_BHLHE40/NAMPT_ID2/TNFSF10_RBPJ/IL7_RBPJ/MX1_RBPJ/IFI6_RBPJ/IL7_TIMP1/CSF1_CD40LG/NAMPT_CD40LG/NAMPT_HMGB1/CD70_CXCR3/ETV7_CD74/CD70_CXCR6/OAS1_SH3BGRL3/IL1RN_ALOX5AP/OAS1_ALOX5AP/NAMPT_CD52/CSF1_COTL1/CD70_COTL1/CD74_COTL1"
"867",951,951,"CD8+ZNF683+CXCR6+ Trm_CD4+TIMP1+ Tm","CD8+ZNF683+CXCR6+ Trm","CD4+TIMP1+ Tm",13,4,0.675,0.914100510692664,1,1,"ID2_VIM/TMSB4X_ANXA1/ID2_ANXA1/CD52_VIM","LGALS1_HOPX/LGALS1_LMO4/RBPJ_FLT3LG/ZNF683_CD40LG/GZMB_CD40LG/LGALS1_S100A10/ID2_ANXA1/TMSB4X_ANXA1/GZMB_CD52/GZMB_S100A6/ID2_VIM/CD52_VIM/LDLRAD4_VIM"
"1173",952,951,"CD8+ZNF683+CXCR6- Tm_CD4+IL26+ Th17","CD8+ZNF683+CXCR6- Tm","CD4+IL26+ Th17",13,4,0.675,0.914100510692664,1,1,"SIT1_IL4I1/TRAF3IP3_IL4I1/TNF_IL4I1/CD52_IL4I1","ZNF683_CD40LG/IL32_IL22/CISH_IL22/ACTB_IL23R/TNF_IL17RE/CKLF_IL17RE/ACTB_IL17RE/MYL12A_IL17RE/PFN1_IL17RE/TNF_IL4I1/CD52_IL4I1/TRAF3IP3_IL4I1/SIT1_IL4I1"
"1258",953,951,"CD8+GZMK+ Tex_CD4+IFNG+ Tfh/Th1","CD8+GZMK+ Tex","CD4+IFNG+ Tfh/Th1",13,4,0.675,0.914100510692664,1,1,"CD27_ZEB2/HLA-DQA1_CCL4/CD27_CXCL13/LYST_RBPJ","CD27_ZEB2/PRDM1_ID2/TRPS1_ID2/NAMPT_ID2/HAVCR2_ID2/TNFRSF9_ID2/LYST_RBPJ/CD27_CXCL13/HLA-DQA1_CCL4/PRDM1_IFNG/NAMPT_IL21/TNFRSF9_CXCR6/PRDM1_DUSP4"
"1130",954,954,"CD4+NME1+CCR4- T_CD4+Temra","CD4+NME1+CCR4- T","CD4+Temra",34,12,0.774,0.917447876260024,1,1,"MEOX1_GZMB/MEOX1_ZNF683/MEOX1_PRF1/MEOX1_GZMA/MEOX1_FASLG/MEOX1_IL18RAP/MEOX1_CCL4/MEOX1_S1PR5/EBI3_ZEB2/MEOX1_ZEB2/MEOX1_CXCR2/MEOX1_PRSS23","MEOX1_ZEB2/EBI3_ZEB2/GAPDH_ZEB2/MEOX1_ZNF683/ENO1_TBX21/MEOX1_GZMB/MEOX1_CCL4/MEOX1_GZMA/ENO1_GZMM/MEOX1_FASLG/ENO1_CX3CR1/GPI_CX3CR1/GAPDH_CX3CR1/ENO1_CMKLR1/GAPDH_CMKLR1/ENO1_IL5RA/GAPDH_IL5RA/MEOX1_CXCR2/MEOX1_IL18RAP/ENO1_FGFBP2/GAPDH_FGFBP2/MEOX1_S1PR5/GAPDH_KLRD1/ENO1_C1orf21/GPI_C1orf21/CKLF_C1orf21/ACTG1_C1orf21/GAPDH_C1orf21/PKM_C1orf21/TMSB10_C1orf21/MEOX1_PRF1/ENO1_CTSW/GAPDH_CTSW/MEOX1_PRSS23"
"1426",955,954,"CD4+AREG+ Tm_CD4+ISG+ Treg","CD4+AREG+ Tm","CD4+ISG+ Treg",34,12,0.774,0.917447876260024,1,1,"KLF3_NAMPT/CD40LG_CSF1/S1PR1_NAMPT/PTGER2_NAMPT/KLF3_CSF1/GPR183_NAMPT/ZFP36L2_CD70/EEF1B2_NAMPT/ZFP36L2_CSF1/ZFP36L2_NAMPT/PTGER2_CD70/CD40LG_NAMPT","AREG_IRF7/AREG_ETV7/AREG_BATF/AREG_TNFSF10/AREG_IL1RN/CXCR4_IL1RN/ANXA1_IL1RN/ZFP36L2_CSF1/KLF3_CSF1/CD40LG_CSF1/ZFP36L2_NAMPT/KLF3_NAMPT/CD40LG_NAMPT/GPR183_NAMPT/EEF1B2_NAMPT/S1PR1_NAMPT/PTGER2_NAMPT/AREG_IL7/PABPC1_IL7/ZFP36L2_CD70/TCF7_CD70/PTGER2_CD70/AREG_TNFSF13B/AREG_CD74/AREG_IL2RB/AREG_OAS1/AREG_MX1/AREG_ISG15/AREG_USP18/AREG_IFI6/ANXA1_IFI6/PABPC1_IFI6/AREG_IFIT3/AREG_HERC5"
"1404",956,956,"CD4+NME1+CCR4+ T_CD4+TNFRSF9+ Treg","CD4+NME1+CCR4+ T","CD4+TNFRSF9+ Treg",29,10,0.756,0.919054420042438,1,1,"COTL1_TNFRSF4/FLT3LG_PMAIP1/IL6R_TNFRSF4/FLT3LG_CD70/COTL1_CD70/FLT3LG_CSF1/HMGB1_NAMPT/IFNAR2_PMAIP1/FLT3LG_TNFRSF9/IL6R_NAMPT","ENO1_FOXP3/ENO1_BATF/ENO1_ZBTB32/HMGB1_NAMPT/IL6R_NAMPT/ENO1_EBI3/CD74_EBI3/ENO1_CCL22/ENO1_LTA/FLT3LG_CSF1/COTL1_CSF1/FLT3LG_CD70/COTL1_CD70/SUB1_IL1RN/ENO1_IL7/ACTG1_IL7/ENO1_CD74/COTL1_CD74/FLT3LG_TNFRSF9/IL6R_TNFRSF4/COTL1_TNFRSF4/ENO1_CARD16/CMTM7_CARD16/TMSB10_CARD16/IL32_LAIR2/ENO1_TBC1D4/HDAC1_PMAIP1/FLT3LG_PMAIP1/IFNAR2_PMAIP1"
"1537",957,957,"CD8+NME1+ T_CD4+NME1+CCR4+ T","CD8+NME1+ T","CD4+NME1+CCR4+ T",47,17,0.793,0.927146075705263,1,1,"MYB_ENO1/MYB_ACTG1/MYB_TMSB10/MYB_TPM4/PFN1_ENO1/KIF20A_ENO1/MYB_PFN1/MYB_SUB1/MYB_HDAC1/CXCR3_CMTM7/MXD3_ENO1/HMGB1_ENO1/MYB_CMTM7/MND1_ENO1/ACTB_ENO1/CXCR3_ENO1/KIFC1_ENO1","MYB_SUB1/ENO1_HDAC1/MYB_HDAC1/GPI_HDAC1/GTF3A_ENO1/MYB_ENO1/MXD3_ENO1/HMGB1_ENO1/CD74_ENO1/CXCR3_ENO1/ACTB_ENO1/MND1_ENO1/PFN1_ENO1/KIFC1_ENO1/KIF20A_ENO1/ENO1_SCAND1/MYB_CMTM7/CXCR3_CMTM7/ENO1_HMGB1/MYB_HMGB1/GAPDH_HMGB1/ENO1_FLT3LG/GPI_FLT3LG/ACTG1_FLT3LG/GAPDH_FLT3LG/KIF20A_FLT3LG/ENO1_CD74/ENO1_IL2RG/GAPDH_IL2RG/ENO1_IL6R/GPI_IL6R/GAPDH_IL6R/GAPDH_IFNAR2/ENO1_ACTB/GAPDH_ACTB/ENO1_PFN1/MYB_PFN1/GAPDH_PFN1/MYB_ACTG1/GAPDH_ACTG1/MYB_TMSB10/ENO1_COTL1/CD74_COTL1/GAPDH_COTL1/KIF20A_COTL1/GAPDH_ARHGDIB/MYB_TPM4"
"1264",958,958,"CD8+NME1+ T_CD4+IFNG+ Tfh/Th1","CD8+NME1+ T","CD4+IFNG+ Tfh/Th1",32,11,0.754,0.928444877852364,1,1,"MYB_RBPJ/MYB_KRT86/GTF3A_RBPJ/HMGB1_RBPJ/MYB_PTMS/CXCR3_ZEB2/MYB_HAVCR2/MYB_LAG3/MYB_IL21/MYB_ZBED2/MND1_PTMS","MYB_ZBED2/CXCR3_ZEB2/GAPDH_ZEB2/ENO1_ID2/GPI_ID2/GAPDH_ID2/CXCR3_BHLHE40/GTF3A_RBPJ/MYB_RBPJ/HMGB1_RBPJ/GAPDH_IFNG/ENO1_IL21/MYB_IL21/GAPDH_IL21/ENO1_CXCR6/GAPDH_CXCR6/ENO1_IL2RG/GAPDH_IL2RG/ENO1_CD74/ENO1_LAG3/MYB_LAG3/MYB_HAVCR2/ENO1_PDCD1/MYB_KRT86/ENO1_MYO7A/GAPDH_MYO7A/ENO1_PTMS/MYB_PTMS/MND1_PTMS/GAPDH_RDH10/MYB_PDE7B/GAPDH_DUSP4"
"972",959,959,"CD4+ISG+ Treg_CD4+CCL5+ Tm","CD4+ISG+ Treg","CD4+CCL5+ Tm",19,6,0.693,0.929690383376186,1,1,"IL7_IFNGR1/IL1RN_ALOX5AP/IFI6_ANXA1/IL1RN_ANXA1/OAS1_NR4A2/IL7_BHLHE40","CSF1_ZFP36L2/NAMPT_ZFP36L2/CD70_ZFP36L2/NAMPT_HOPX/NAMPT_ID2/IL7_BHLHE40/OAS1_NR4A2/CSF1_CD40LG/NAMPT_CD40LG/IL1RN_CXCR4/IL7_IFNGR1/IL1RN_ANXA1/IFI6_ANXA1/IL1RN_ALOX5AP/OAS1_ALOX5AP/NAMPT_PARP8/IL32_PTGER4/CSF1_PTGER4/NAMPT_PTGER4"
"1219",960,960,"CD8+GZMK+ Tex_CD4+IL21+ Tfh","CD8+GZMK+ Tex","CD4+IL21+ Tfh",35,12,0.752,0.93663451041196,1,1,"LYST_NMB/LYST_CD200/CD27_NR3C1/LYST_NR3C1/CD27_IGFL2/IFNG_IGFL2/CD27_TOX2/HLA-DQA1_CD200/VCAM1_TNFSF4/LYST_IGFL2/CD27_CXCL13/LYST_RBPJ","CXCR6_NR3C1/CD27_NR3C1/LYST_NR3C1/CD27_TOX2/TRPS1_TSHZ2/LYST_RBPJ/CD27_CXCL13/NAMPT_IL21/HAVCR2_TNFSF8/NAMPT_TNFSF11/VCAM1_TNFSF4/TNFSF4_CD40LG/NAMPT_CD40LG/HAVCR2_CD40LG/TNFRSF9_CD40LG/TRPS1_IL6ST/NAMPT_IL6ST/NAMPT_CXCR5/HAVCR2_CXCR5/TNFRSF9_CXCR5/NAMPT_IL6R/LYST_CD200/HLA-DQA1_CD200/LYST_NMB/GZMA_IGFL2/IFNG_IGFL2/CD27_IGFL2/LYST_IGFL2/TRPS1_CPM/TNFSF4_CPM/HAVCR2_CPM/TNFSF4_BTLA/PRDM1_ITM2A/TRPS1_ITM2A/NAMPT_ITM2A"
"1553",961,960,"CD4+IL21+ Tfh_CD4+NME1+CCR4+ T","CD4+IL21+ Tfh","CD4+NME1+CCR4+ T",35,12,0.752,0.93663451041196,1,1,"CD40LG_ENO1/CXCR5_ENO1/IL21_ENO1/IL6R_CNN2/ITM2A_ENO1/CD40LG_CNN2/IL6R_ENO1/IL6R_TMSB10/IL21_CMTM7/IL6ST_ENO1/CXCR5_CMTM7/CXCR5_IL32","NMB_HDAC1/IGFL2_KLF2/PDE7B_KLF2/IL21_ENO1/CD40LG_ENO1/IL6ST_ENO1/CXCR5_ENO1/IL6R_ENO1/CPM_ENO1/ITM2A_ENO1/CXCR5_IL32/IL21_CMTM7/CXCR5_CMTM7/RBPJ_HMGB1/NMB_HMGB1/NR3C1_FLT3LG/TOX2_FLT3LG/RBPJ_FLT3LG/CD200_FLT3LG/IGFL2_FLT3LG/IGFL2_IL16/GNG4_IL6R/CD200_IL6R/NMB_IL6R/IGFL2_IL6R/CD200_IFNAR2/NMB_IFNAR2/IGFL2_ACTB/NMB_PFN1/IL6R_TMSB10/NR3C1_COTL1/CD40LG_CNN2/IL6R_CNN2/IGFL2_CNN2/NMB_ARHGDIB"
"1167",962,962,"CD4+ISG+ Treg_CD4+CCR6+ Th17","CD4+ISG+ Treg","CD4+CCR6+ Th17",30,10,0.731,0.939119953116425,1,1,"IL7_IFNGR1/ETV7_IL4I1/IFI6_ANXA1/IL1RN_ANXA1/LTA_IL4I1/IL7_TIMP1/FOXP3_IL4I1/IL7_VIM/IL7_IL4I1/IL7_BHLHE40","IL7_BHLHE40/NAMPT_HOPX/CSF1_ZFP36L2/NAMPT_ZFP36L2/CD70_ZFP36L2/NAMPT_TNFSF13B/CSF1_CD40LG/NAMPT_CD40LG/IL7_TIMP1/CSF1_FLT3LG/CD70_FLT3LG/IL1RN_CXCR4/IL7_IFNGR1/IL1RN_ANXA1/IFI6_ANXA1/NAMPT_KLRB1/FOXP3_IL4I1/ETV7_IL4I1/LTA_IL4I1/IL7_IL4I1/IL7_VIM/STAT1_ABCB1/NAMPT_ABCB1/CD70_ABCB1/IL2RA_ABCB1/IL1R2_ABCB1/USP18_ABCB1/IFIT3_ABCB1/HERC5_ABCB1/NAMPT_DPP4"
"633",963,963,"CD8+ZNF683+CXCR6+ Trm_CD4+Tn","CD8+ZNF683+CXCR6+ Trm","CD4+Tn",8,2,0.548,0.940899488770258,1,1,"ID2_EEF1A1/ID2_ACTN1","ID2_EEF1A1/RBPJ_EEF1B2/GZMB_PLAC8/SH3BGRL3_PLAC8/ID2_ACTN1/ZNF683_GIMAP7/RBPJ_GIMAP7/GZMB_GIMAP7"
"649",964,963,"CD4+CAPG+ Tm_CD4+Tn","CD4+CAPG+ Tm","CD4+Tn",8,2,0.548,0.940899488770258,1,1,"ID2_EEF1A1/ID2_ACTN1","BHLHE40_TXK/TIMP1_KLF2/TGFB1_KLF2/ID2_EEF1A1/RBPJ_EEF1B2/SH3BGRL3_PLAC8/ID2_ACTN1/RBPJ_GIMAP7"
"650",965,963,"CD4+CAPG+CREM- Tm_CD4+Tn","CD4+CAPG+CREM- Tm","CD4+Tn",8,2,0.548,0.940899488770258,1,1,"ID2_EEF1A1/ID2_ACTN1","BHLHE40_TXK/ANXA1_KLF2/ID2_EEF1A1/GZMB_PLAC8/SH3BGRL3_PLAC8/ID2_ACTN1/ZNF683_GIMAP7/GZMB_GIMAP7"
"1078",966,963,"CD4+CCL5+ Tm_CD4+GZMK+ Tem","CD4+CCL5+ Tm","CD4+GZMK+ Tem",8,2,0.548,0.940899488770258,1,1,"CD40LG_NR4A2/ZFP36L2_NR4A2","NR4A2_NFATC2/IL18RAP_NFATC2/ZFP36L2_NR4A2/CD40LG_NR4A2/BHLHE40_CXCR3/NR4A2_CXCR3/ALOX5AP_CXCR3/NR4A2_ENC1"
"1168",967,963,"CD4+ISG+ Th_CD4+CCR6+ Th17","CD4+ISG+ Th","CD4+CCR6+ Th17",8,2,0.548,0.940899488770258,1,1,"IFI6_ANXA1/MX2_IL4I1","IFI16_CD40LG/IFI16_FLT3LG/IFI6_ANXA1/MX2_IL4I1/SP100_VIM/PLSCR1_ABCB1/STAT1_ABCB1/IFIT3_ABCB1"
"1340",968,963,"CD8+ISG+ CD8+ T_CD4+S1PR1+ Treg","CD8+ISG+ CD8+ T","CD4+S1PR1+ Treg",8,2,0.548,0.940899488770258,1,1,"IFI6_IL2RA/MX1_IL2RA","STAT2_KLF3/STAT2_FLT3LG/MX1_IL2RA/IFI6_IL2RA/STAT2_SAMHD1/STAT2_HPGD/CCR1_HPGD/STAT2_PI16"
"1469",969,963,"CD4+CAPG+ Tm_CD4+ISG+ Th","CD4+CAPG+ Tm","CD4+ISG+ Th",8,2,0.548,0.940899488770258,1,1,"CD40LG_IFI16/ID2_IFI16","RBPJ_SP100/ID2_IFI16/CD40LG_IFI16/CXCR3_IFI16/RBPJ_TNFSF10/RBPJ_MX1/RBPJ_IFI6/ID2_IFIT2"
"1099",970,970,"CD8+KIR+EOMES+ NK-like_CD4+Temra","CD8+KIR+EOMES+ NK-like","CD4+Temra",14,4,0.627,0.942190011895499,1,1,"GCSAM_GNLY/GCSAM_PRSS23/GCSAM_S1PR5/XCL2_GNLY","CD160_ZEB2/DUSP2_TBX21/TNFSF9_FGFBP2/KLRD1_FGFBP2/XCL2_GNLY/KLRG1_GNLY/GCSAM_GNLY/GCSAM_S1PR5/NR4A2_C1orf21/LITAF_C1orf21/ZNF331_C1orf21/TNFSF9_C1orf21/CD160_C1orf21/GCSAM_PRSS23"
"1203",971,970,"CD4+TNFRSF9- Treg_CD4+IL26+ Th17","CD4+TNFRSF9- Treg","CD4+IL26+ Th17",14,4,0.627,0.942190011895499,1,1,"IKZF4_ANKRD28/FCRL3_IL4I1/VAV3_CEBPD/FOXP3_IL4I1","VAV3_CEBPD/IKZF4_ID2/STAM_IL22/IKZF2_IL23R/ARID5B_IL23R/IKZF2_IL17RE/ARID5B_IL17RE/IKZF4_IL17RE/RTKN2_IL17RE/STAM_IL17RE/FOXP3_IL4I1/FCRL3_IL4I1/SELL_IL4I1/IKZF4_ANKRD28"
"1211",972,970,"CD8+IL7R+ Tm_CD4+IL21+ Tfh","CD8+IL7R+ Tm","CD4+IL21+ Tfh",14,4,0.627,0.942190011895499,1,1,"LMNA_NMB/LMNA_IGFL2/LMNA_TNFSF4/TSC22D3_NR3C1","TSC22D3_NR3C1/TNFAIP3_TNFSF8/LMNA_TNFSF4/TNFAIP3_CD40LG/FTH1_CD40LG/PABPC1_CD40LG/ANXA1_IL6R/TNFAIP3_IL6R/FTH1_IL6R/PABPC1_IL6R/LMNA_NMB/LMNA_IGFL2/TNFAIP3_CPM/TNFAIP3_BTLA"
"1084",973,973,"CD4+IL21+ Tfh_CD4+GZMK+ Tem","CD4+IL21+ Tfh","CD4+GZMK+ Tem",25,8,0.702,0.943438764252182,1,1,"CD40LG_NR4A2/TNFSF8_NR4A2/BTLA_RUNX3/TSHZ2_NR4A2/IL6R_NR4A2/ITM2A_TNFSF9/ITM2A_CST7/TNFSF11_TNFSF9","IGFL2_LITAF/TNFSF8_RUNX3/BTLA_RUNX3/TSHZ2_NR4A2/TNFSF8_NR4A2/CD40LG_NR4A2/IL6R_NR4A2/IGFL2_GZMA/TNFSF11_TNFSF9/ITM2A_TNFSF9/IGFL2_IFNG/NR3C1_CXCR3/GNG4_CXCR3/CD200_CXCR3/NMB_CXCR3/IGFL2_CXCR3/ITM2A_CST7/RBPJ_ENC1/PDE7B_ENC1/IGFL2_ITM2C/IGFL2_SLAMF7/NR3C1_F2R/TOX_F2R/RBPJ_F2R/NMB_F2R"
"1191",974,973,"CD4+TNF+ T_CD4+IL26+ Th17","CD4+TNF+ T","CD4+IL26+ Th17",25,8,0.702,0.943438764252182,1,1,"CD40LG_ANKRD28/SIT1_IL4I1/CD40LG_TNFSF14/CD40LG_IL4I1/HOPX_RUNX2/TNF_IL4I1/CCR2_IL4I1/CD52_IL4I1","EGR1_RORC/HOPX_RUNX2/LCP2_CD40LG/CISH_IL22/CD40LG_TNFSF14/FASLG_IL23R/ACTB_IL23R/LCP2_IL23R/HOPX_IL17RE/TNF_IL17RE/CKLF_IL17RE/IFNG_IL17RE/CXCR3_IL17RE/ACTB_IL17RE/MYL12A_IL17RE/CAPG_IL17RE/CD99_IL17RE/LCP2_IL17RE/CD40LG_IL4I1/TNF_IL4I1/CCR2_IL4I1/CXCR3_IL4I1/CD52_IL4I1/SIT1_IL4I1/CD40LG_ANKRD28"
"1153",975,975,"CD4+AREG+ Tm_CD4+CCR6+ Th17","CD4+AREG+ Tm","CD4+CCR6+ Th17",33,11,0.731,0.945880422439405,1,1,"PTGER2_ANXA1/KLF3_ANXA1/CD40LG_IL4I1/CXCR4_IL4I1/PTGER2_VIM/TPT1_VIM/ZFP36L2_IL4I1/KLF2_ANXA1/KLF3_VIM/ZFP36L2_BHLHE40/KLF2_TIMP1","ZFP36L2_BHLHE40/AREG_BHLHE40/AREG_HOPX/AREG_ZFP36L2/PABPC1_ZFP36L2/AREG_RORA/AREG_TNFSF13B/AREG_CD40LG/PABPC1_CD40LG/KLF2_TIMP1/AREG_TIMP1/AREG_FLT3LG/EEF1A1_FLT3LG/PABPC1_FLT3LG/AREG_CCR6/AREG_IFNGR1/AREG_GPR35/KLF2_ANXA1/KLF3_ANXA1/PTGER2_ANXA1/ZFP36L2_IL4I1/KLF3_IL4I1/CD40LG_IL4I1/CXCR4_IL4I1/KLF3_VIM/TPT1_VIM/PTGER2_VIM/AREG_CAPG/AREG_ABCB1/GPR183_ABCB1/PABPC1_ABCB1/S1PR1_ABCB1/AREG_TPT1"
"886",976,976,"CD4+Temra_CD4+TIMP1+ Tm","CD4+Temra","CD4+TIMP1+ Tm",17,5,0.645,0.946108527828975,1,1,"C1orf21_VIM/IL5RA_VIM/CX3CR1_VIM/FGFBP2_VIM/C1orf21_TIMP1","GNLY_LMO4/PRSS23_LMO4/C1orf21_TIMP1/S1PR5_FLT3LG/ZEB2_CD40LG/ZNF683_CD40LG/GZMB_CD40LG/GZMB_CD52/GNLY_CD52/GZMB_S100A6/FASLG_S100A6/GNLY_S100A6/CX3CR1_VIM/IL5RA_VIM/FGFBP2_VIM/C1orf21_VIM/PRSS23_CAPG"
"623",977,977,"CD4+NME1+CCR4- T_CD8+NME1+ T","CD4+NME1+CCR4- T","CD8+NME1+ T",51,18,0.774,0.948802742046739,1,1,"MEOX1_ENO1/PFN1_GAPDH/EBI3_ENO1/ACTG1_GAPDH/PFN1_ENO1/CFL1_ENO1/EBI3_CD74/MEOX1_GPI/TXN_GAPDH/PHF5A_ENO1/HMGB1_GAPDH/MEOX1_GAPDH/CFL1_GAPDH/HMGB1_ENO1/ACTB_ENO1/PHF5A_GAPDH/MEOX1_CENPA/ACTB_GAPDH","MEOX1_ENO1/PHF5A_ENO1/HMGB1_ENO1/EBI3_ENO1/ACTB_ENO1/PFN1_ENO1/CFL1_ENO1/ENO1_GTF3A/GAPDH_GTF3A/ENO1_MYB/HMGA1_MYB/SUB1_MYB/PHF5A_MYB/GPI_MYB/HMGB1_MYB/IL2RA_MYB/PFN1_MYB/ACTG1_MYB/GAPDH_MYB/PKM_MYB/CFL1_MYB/TMSB10_MYB/ENO1_MXD3/GAPDH_MXD3/ENO1_HMGB1/GAPDH_HMGB1/MEOX1_GPI/ENO1_CD74/EBI3_CD74/ENO1_CXCR3/GPI_CXCR3/GAPDH_CXCR3/ENO1_ACTB/GAPDH_ACTB/ENO1_MND1/GPI_MND1/GAPDH_MND1/ENO1_PFN1/GAPDH_PFN1/GAPDH_ACTG1/MEOX1_CENPA/ENO1_KIFC1/MEOX1_GAPDH/PHF5A_GAPDH/HMGB1_GAPDH/ACTB_GAPDH/PFN1_GAPDH/ACTG1_GAPDH/CFL1_GAPDH/TXN_GAPDH/ENO1_KIF20A"
"1137",978,978,"CD8+Temra_CD4+CCR6+ Th17","CD8+Temra","CD4+CCR6+ Th17",28,9,0.705,0.949371617163637,1,1,"CX3CR1_IL4I1/KLF3_ANXA1/C1orf21_VIM/CX3CR1_VIM/FGFBP2_VIM/KLF2_ANXA1/C1orf21_TIMP1/KLF3_VIM/KLF2_TIMP1","PRSS23_ZFP36L2/GNLY_ZFP36L2/GNLY_RORA/GNLY_TNFSF13B/ZEB2_CD40LG/GZMB_CD40LG/KLF2_TIMP1/C1orf21_TIMP1/S1PR5_FLT3LG/FCGR3A_GPR35/GNLY_GPR35/KLF2_ANXA1/KLF3_ANXA1/KLF3_IL4I1/CX3CR1_IL4I1/ASCL2_VIM/KLF3_VIM/CX3CR1_VIM/FGFBP2_VIM/C1orf21_VIM/PRSS23_CAPG/ZEB2_ABCB1/S1PR5_ABCB1/PRSS23_ABCB1/GNLY_ABCB1/KLRD1_ABCB1/GNLY_TPT1/GNLY_PERP"
"1157",979,978,"CD4+CAPG+ Tm_CD4+CCR6+ Th17","CD4+CAPG+ Tm","CD4+CCR6+ Th17",28,9,0.705,0.949371617163637,1,1,"ID2_VIM/ID2_BHLHE40/CD40LG_IL4I1/TMSB4X_ANXA1/HMGB1_VIM/COTL1_MYBL1/ID2_ANXA1/CD52_IL4I1/CD52_VIM","ID2_BHLHE40/CXCR3_BHLHE40/BHLHE40_ZFP36L2/COTL1_MYBL1/TGFB1_CD40LG/RBPJ_FLT3LG/BHLHE40_CCR6/BHLHE40_GPR35/TGFB1_GPR35/ID2_ANXA1/TMSB4X_ANXA1/BHLHE40_KLRB1/CD40LG_IL4I1/CXCR3_IL4I1/CD52_IL4I1/ID2_VIM/HMGB1_VIM/CD52_VIM/COTL1_VIM/BHLHE40_ABCB1/RBPJ_ABCB1/CKLF_ABCB1/TIMP1_ABCB1/TGFB1_ABCB1/HMGB1_ABCB1/CAPG_ABCB1/ALOX5AP_ABCB1/S100A4_ABCB1"
"340",980,980,"CD4+Temra_CD8+ZNF683+CXCR6+ Trm","CD4+Temra","CD8+ZNF683+CXCR6+ Trm",20,6,0.658,0.950481404891709,1,1,"GZMH_GZMB/HOPX_LGALS1/C1orf21_CKLF/C1orf21_RBPJ/CX3CR1_RBPJ/C1orf21_ITGA1","GNLY_ID2/GNLY_ZFP36L2/PRSS23_ZFP36L2/CX3CR1_RBPJ/C1orf21_RBPJ/C1orf21_CKLF/GZMH_GZMB/PRF1_GZMB/GNLY_XCL2/ZEB2_CXCR3/GNLY_CXCR3/S1PR5_CXCR3/PRSS23_CXCR3/PRSS23_CAPG/GZMB_CD52/GNLY_CD52/HOPX_LGALS1/C1orf21_ITGA1/XCL2_LDLRAD4/PRSS23_LDLRAD4"
"1199",981,981,"CD4+Temra_CD4+IL26+ Th17","CD4+Temra","CD4+IL26+ Th17",36,12,0.731,0.951844345767459,1,1,"CX3CR1_IL4I1/C1orf21_CKLF/CX3CR1_RUNX2/CX3CR1_ANKRD28/C1orf21_RUNX2/TBX21_ANKRD28/HOPX_RUNX2/C1orf21_CEBPD/TBX21_CEBPD/CTSW_IL4I1/C1orf21_ANKRD28/CTSW_ANKRD28","GNLY_RORA/TBX21_CEBPD/C1orf21_CEBPD/HOPX_RUNX2/CX3CR1_RUNX2/C1orf21_RUNX2/GNLY_ID2/GNLY_TNFSF13B/ZEB2_CD40LG/ZNF683_CD40LG/GZMB_CD40LG/C1orf21_CKLF/S1PR5_IL22/PRSS23_IL22/ZEB2_IL23R/CCL3_IL23R/FASLG_IL23R/GNLY_IL23R/S1PR5_IL23R/PRSS23_IL23R/HOPX_IL17RE/ZEB2_IL17RE/CCL3_IL17RE/IL18RAP_IL17RE/GNLY_IL17RE/S1PR5_IL17RE/PRSS23_IL17RE/PRSS23_CAPG/GNLY_ERN1/CX3CR1_IL4I1/CTSW_IL4I1/TBX21_ANKRD28/CX3CR1_ANKRD28/C1orf21_ANKRD28/CTSW_ANKRD28/S1PR5_TMIGD2"
"13",982,982,"CD8+ISG+ CD8+ T_CD8+Tn","CD8+ISG+ CD8+ T","CD8+Tn",5,1,0.439,0.952348063752556,1,1,"IFI6_PABPC1","STAT2_TXK/STAT2_FLT3LG/STAT2_IL6R/STAT2_IFNGR2/IFI6_PABPC1"
"167",983,982,"CD8+OXPHOS- Tex_CD8+GZMK+ Tem","CD8+OXPHOS- Tex","CD8+GZMK+ Tem",5,1,0.439,0.952348063752556,1,1,"TIGIT_CST7","PRDM1_CXCR3/CSF1_COTL1/HAVCR2_HLA-DPB1/CTLA4_CST7/TIGIT_CST7"
"181",984,982,"CD4+CAPG+ Tm_CD8+GZMK+ Tem","CD4+CAPG+ Tm","CD8+GZMK+ Tem",5,1,0.439,0.952348063752556,1,1,"ID2_SUB1","ID2_SUB1/COTL1_CD74/BHLHE40_CXCR3/ALOX5AP_CXCR3/CD74_COTL1"
"182",985,982,"CD4+CAPG+CREM- Tm_CD8+GZMK+ Tem","CD4+CAPG+CREM- Tm","CD8+GZMK+ Tem",5,1,0.439,0.952348063752556,1,1,"ID2_SUB1","ID2_SUB1/GZMB_GZMH/BHLHE40_CXCR3/ALOX5AP_CXCR3/CCL4_HLA-DQA1"
"401",986,982,"CD8+OXPHOS- Tex_CD8+terminal Tex","CD8+OXPHOS- Tex","CD8+terminal Tex",5,1,0.439,0.952348063752556,1,1,"ENTPD1_TNFSF4","ENTPD1_TNFSF4/PRDM1_IFNG/TNFRSF9_CXCR6/PHLDA1_ENTPD1/PRDM1_DUSP4"
"628",987,982,"CD8+GZMK+ early Tem_CD4+Tn","CD8+GZMK+ early Tem","CD4+Tn",5,1,0.439,0.952348063752556,1,1,"DKK3_ACTN1","DUSP2_TXK/DKK3_ACTN1/DUSP2_MAL/DUSP2_LINC00861/CST7_LINC00861"
"772",988,982,"CD4+IL21+ Tfh_CD4+IL7R- Tn","CD4+IL21+ Tfh","CD4+IL7R- Tn",5,1,0.439,0.952348063752556,1,1,"CXCR5_NACA","RBPJ_EEF1B2/IGFL2_EEF1A1/CXCR5_NACA/NR3C1_FAU/IGFL2_BTF3"
"895",989,982,"CD4+ISG+ Th_CD4+TIMP1+ Tm","CD4+ISG+ Th","CD4+TIMP1+ Tm",5,1,0.439,0.952348063752556,1,1,"IFI6_ANXA1","RSAD2_LMO4/IFI16_FLT3LG/IFI16_CD40LG/IFI6_ANXA1/SP100_VIM"
"980",990,982,"CD8+GZMK+ Tem_CD4+CAPG+ Tm","CD8+GZMK+ Tem","CD4+CAPG+ Tm",5,1,0.439,0.952348063752556,1,1,"CXCR3_ALOX5AP","CXCR3_BHLHE40/SUB1_ID2/COTL1_CD74/CXCR3_ALOX5AP/CD74_COTL1"
"1291",991,982,"CD8+GZMK+ early Tem_CD4+TNFRSF9- Treg","CD8+GZMK+ early Tem","CD4+TNFRSF9- Treg",5,1,0.439,0.952348063752556,1,1,"ENC1_IKZF2","ENC1_IKZF2/CST7_TIGIT/DUSP2_FCRL3/CST7_FCRL3/SH2D1A_FCRL3"
"1345",992,982,"CD4+ADSL+ Tn_CD4+S1PR1+ Treg","CD4+ADSL+ Tn","CD4+S1PR1+ Treg",5,1,0.439,0.952348063752556,1,1,"KLF2_CPNE2","LEF1_KLF3/PASK_FLT3LG/COTL1_CD74/KLF2_CPNE2/GIMAP4_HPGD"
"1438",993,982,"CD4+TNFRSF9- Treg_CD4+ISG+ Treg","CD4+TNFRSF9- Treg","CD4+ISG+ Treg",5,1,0.439,0.952348063752556,1,1,"TBC1D4_NAMPT","STAM_IL1RN/TBC1D4_NAMPT/IKZF2_IL7/STAM_IL7/STAM_MX1"
"485",994,994,"CD4+CXCR5+ pre-Tfh_CD8+TCF7+ Tex","CD4+CXCR5+ pre-Tfh","CD8+TCF7+ Tex",54,19,0.772,0.95446170224123,1,1,"IL6ST_CD200/TSHZ2_CD200/CD40LG_IGFL2/SESN3_IGFL2/IL6ST_NR3C1/TNFSF8_NMB/CXCR5_TNFRSF4/LEF1_IGFL2/FAAH2_NR3C1/IL6ST_IGFL2/FAAH2_NMB/FAAH2_CD200/CD40LG_TNFRSF4/CMTM8_IGFL2/MBP_IGFL2/CXCR5_CD200/SESN3_TOX/FAM177A1_CD200/TCF7_TNFRSF4","NR4A2_TSHZ2/SLC2A3_TSHZ2/SLC2A3_TCF7/CXCR5_NR3C1/IL6ST_NR3C1/FAAH2_NR3C1/SESN3_TOX/SLC2A3_TOX/AREG_BATF/SLC2A3_BATF/AREG_EBI3/SLC2A3_EBI3/PABPC1_EBI3/NR4A2_TNFSF8/AREG_TNFSF8/SLC2A3_TNFSF8/NR4A2_CD40LG/AREG_CD40LG/SLC2A3_CD40LG/PABPC1_CD40LG/NR4A2_IL6R/AREG_IL6R/SLC2A3_IL6R/PABPC1_IL6R/NR4A2_IFNAR2/AREG_IFNAR2/SLC2A3_IFNAR2/PABPC1_IFNAR2/TSHZ2_CD200/CXCR5_CD200/IL6ST_CD200/FAAH2_CD200/FAM177A1_CD200/SLC2A3_GNG4/TCF7_TNFRSF4/CD40LG_TNFRSF4/CXCR5_TNFRSF4/FAAH2_TNFRSF4/LEF1_IGFL2/CMTM8_IGFL2/CD40LG_IGFL2/IL6ST_IGFL2/SESN3_IGFL2/MBP_IGFL2/AREG_CPM/TNFSF8_NMB/AREG_NMB/FAAH2_NMB/FAM177A1_NMB/NR4A2_SESN3/AREG_SESN3/SLC2A3_SESN3/SLC2A3_BTLA/SLC2A3_IGFBP4"
"1171",995,995,"CD8+Tn_CD4+IL26+ Th17","CD8+Tn","CD4+IL26+ Th17",31,10,0.708,0.95470304766429,1,1,"FLT3LG_ANKRD28/TCF7_ANKRD28/IL6R_ANKRD28/EEF1B2_ANKRD28/IFNGR2_ANKRD28/FLT3LG_RUNX2/TNFSF8_IL4I1/CMTM8_ANKRD28/KLF2_ANKRD28/IL6R_CEBPD","IL6R_CEBPD/FLT3LG_RUNX2/EEF1A1_ID2/ACTN1_ID2/PABPC1_CD40LG/PABPC1_IL22/TIMP1_IL23R/TPT1_IL23R/PABPC1_IL23R/LEF1_IL17RE/TCF7_IL17RE/IL23A_IL17RE/TIMP1_IL17RE/IFNGR2_IL17RE/MAL_IL17RE/EEF1A1_IL17RE/ACTN1_IL17RE/TPT1_IL17RE/EEF1B2_IL17RE/NOSIP_IL17RE/PABPC1_IL17RE/TNFSF8_IL4I1/SELL_IL4I1/MAL_IL4I1/TCF7_ANKRD28/KLF2_ANKRD28/FLT3LG_ANKRD28/CMTM8_ANKRD28/IL6R_ANKRD28/IFNGR2_ANKRD28/EEF1B2_ANKRD28"
"269",996,996,"CD4+TNFRSF9+ Treg_CD8+KIR+EOMES+ NK-like","CD4+TNFRSF9+ Treg","CD8+KIR+EOMES+ NK-like",23,7,0.668,0.954873185351464,1,1,"IL7_IFNGR1/EBI3_CD74/IL7_ZNF331/IL7_LITAF/CARD16_IFNGR1/BATF_ZNF331/CCL22_DUSP2","IL7_IKZF2/IL7_LITAF/CARD16_LITAF/PMAIP1_LITAF/BATF_ZNF331/IL7_ZNF331/IL7_TNFSF9/IL7_IFNGR1/CARD16_IFNGR1/IL1RN_CXCR4/EBI3_CD74/PMAIP1_CD160/IL7_TYROBP/NAMPT_KLRG1/TIGIT_KLRG1/TNFRSF4_CMC1/PMAIP1_CMC1/NAMPT_GCSAM/CSF1_GCSAM/CD70_GCSAM/TNFRSF4_GCSAM/PMAIP1_GCSAM/CCL22_DUSP2"
"880",997,996,"CD4+AREG+ Tm_CD4+TIMP1+ Tm","CD4+AREG+ Tm","CD4+TIMP1+ Tm",23,7,0.668,0.954873185351464,1,1,"PTGER2_ANXA1/KLF3_ANXA1/PTGER2_VIM/TPT1_VIM/KLF2_ANXA1/KLF3_VIM/KLF2_TIMP1","ANXA1_KLF2/AREG_HOPX/AREG_LMO4/KLF2_TIMP1/AREG_TIMP1/AREG_FLT3LG/EEF1A1_FLT3LG/PABPC1_FLT3LG/AREG_CD40LG/PABPC1_CD40LG/AREG_S100A11/AREG_S100A10/ANXA1_S100A10/KLF2_ANXA1/KLF3_ANXA1/PTGER2_ANXA1/PLAC8_SH3BGRL3/AREG_CD52/AREG_S100A6/KLF3_VIM/TPT1_VIM/PTGER2_VIM/AREG_CAPG"
"1560",998,998,"CD4+NME1+CCR4- T_CD4+NME1+CCR4+ T","CD4+NME1+CCR4- T","CD4+NME1+CCR4+ T",39,13,0.731,0.957113120797755,1,1,"MEOX1_ENO1/MEOX1_IL32/EBI3_ENO1/PFN1_ENO1/MEOX1_CNN2/CFL1_ENO1/EBI3_CD74/MEOX1_ARPC1B/PHF5A_ENO1/HMGB1_ENO1/MEOX1_SCAND1/ACTB_ENO1/MEOX1_CORO1A","ENO1_HDAC1/GPI_HDAC1/MEOX1_ENO1/PHF5A_ENO1/HMGB1_ENO1/EBI3_ENO1/ACTB_ENO1/PFN1_ENO1/CFL1_ENO1/ENO1_SCAND1/MEOX1_SCAND1/MEOX1_IL32/ENO1_HMGB1/GAPDH_HMGB1/ENO1_FLT3LG/SUB1_FLT3LG/GPI_FLT3LG/ACTG1_FLT3LG/GAPDH_FLT3LG/ENO1_CD74/EBI3_CD74/ENO1_IL2RG/GAPDH_IL2RG/ENO1_IL6R/GPI_IL6R/GAPDH_IL6R/TMSB10_IL6R/GAPDH_IFNAR2/ENO1_ACTB/GAPDH_ACTB/ENO1_PFN1/GAPDH_PFN1/GAPDH_ACTG1/MEOX1_CORO1A/ENO1_COTL1/GAPDH_COTL1/MEOX1_ARPC1B/MEOX1_CNN2/GAPDH_ARHGDIB"
"195",999,999,"CD4+NME1+CCR4+ T_CD8+GZMK+ Tem","CD4+NME1+CCR4+ T","CD8+GZMK+ Tem",12,3,0.548,0.961457426805538,1,1,"CCR4_CST7/FLT3LG_SUB1/CCR4_CCL4","FLT3LG_SUB1/CCR4_CCL4/ENO1_CD74/COTL1_CD74/ENO1_CXCR3/CMTM7_CXCR3/ENO1_HLA-DRB1/ENO1_COTL1/CD74_COTL1/CNN2_COTL1/ENO1_HLA-DPB1/CCR4_CST7"
"236",1000,999,"CD8+IL7R+ Tm_CD8+KIR+EOMES+ NK-like","CD8+IL7R+ Tm","CD8+KIR+EOMES+ NK-like",12,3,0.548,0.961457426805538,1,1,"LMNA_ZNF331/ZFP36L2_NR4A2/TSC22D3_NR4A2","TNFAIP3_IKZF2/ZFP36L2_NR4A2/TSC22D3_NR4A2/LMNA_ZNF331/TNFAIP3_GZMK/TNFAIP3_GZMM/RGCC_CD160/TNFAIP3_KLRG1/TNFAIP3_CMC1/ANXA1_GCSAM/FTH1_GCSAM/RGCC_GCSAM"
"1221",1001,999,"CD8+OXPHOS- Tex_CD4+IL21+ Tfh","CD8+OXPHOS- Tex","CD4+IL21+ Tfh",12,3,0.548,0.961457426805538,1,1,"ENTPD1_IGFL2/LAYN_IGFL2/ENTPD1_TNFSF4","HAVCR2_TNFSF8/ENTPD1_TNFSF4/CSF1_CD40LG/HAVCR2_CD40LG/TNFRSF9_CD40LG/HAVCR2_CXCR5/TNFRSF9_CXCR5/LAYN_IGFL2/ENTPD1_IGFL2/HAVCR2_CPM/PRDM1_ITM2A/CSF1_ITM2A"
"28",1002,1002,"CD4+Temra_CD8+Tn","CD4+Temra","CD8+Tn",15,4,0.585,0.961631448380409,1,1,"C1orf21_PABPC1/C1orf21_ACTN1/CTSW_PABPC1/C1orf21_TIMP1","GNLY_TCF7/C1orf21_TCF7/CCL3_TXK/KLRD1_TXK/PLEK_TXK/S1PR5_FLT3LG/C1orf21_TIMP1/GNLY_IL6R/S1PR5_IL6R/CCL4_IFNGR2/C1orf21_ACTN1/GNLY_TPT1/S1PR5_EEF1B2/C1orf21_PABPC1/CTSW_PABPC1"
"964",1003,1002,"CD4+Temra_CD4+CCL5+ Tm","CD4+Temra","CD4+CCL5+ Tm",15,4,0.585,0.961631448380409,1,1,"C1orf21_NR4A2/CTSW_CCL4/C1orf21_ITGA1/CX3CR1_ZFP36","GNLY_ZFP36L2/PRSS23_ZFP36L2/GNLY_ID2/C1orf21_NR4A2/ZEB2_CD40LG/ZNF683_CD40LG/GZMB_CD40LG/CTSW_CCL4/GNLY_XCL2/GZMB_GZMH/C1orf21_ITGA1/GNLY_PARP8/S1PR5_PARP8/PRSS23_PTGER4/CX3CR1_ZFP36"
"1325",1004,1002,"CD4+NME1+CCR4- T_CD4+TNFRSF9- Treg","CD4+NME1+CCR4- T","CD4+TNFRSF9- Treg",15,4,0.585,0.961631448380409,1,1,"MEOX1_FOXP3/MEOX1_TTN/MEOX1_ARID5B/MEOX1_TIGIT","ENO1_FOXP3/MEOX1_FOXP3/GAPDH_IKZF2/MEOX1_ARID5B/GAPDH_IKZF4/MEOX1_RTKN2/GAPDH_RTKN2/MEOX1_TIGIT/ENO1_TBC1D4/GAPDH_TBC1D4/ENO1_FCRL3/ENO1_VAV3/ENO1_STAM/GAPDH_STAM/MEOX1_TTN"
"1449",1005,1002,"CD8+Temra_CD4+ISG+ Th","CD8+Temra","CD4+ISG+ Th",15,4,0.585,0.961631448380409,1,1,"C1orf21_IFI16/CX3CR1_IFI16/ASCL2_IFI16/KLF3_IFI16","S1PR5_SP100/ASCL2_IFI16/KLF3_IFI16/CX3CR1_IFI16/C1orf21_IFI16/GNLY_TNFSF10/GNLY_TNFSF13B/GZMB_IFIT3/GZMB_IFIT1/GZMB_IFI44L/GZMB_MX1/PRSS23_MX1/PLEK_MX1/S1PR5_IFI6/GZMB_IFIT2"
"191",1006,1006,"CD4+TNFRSF9+ Treg_CD8+GZMK+ Tem","CD4+TNFRSF9+ Treg","CD8+GZMK+ Tem",18,5,0.609,0.963258971320693,1,1,"EBI3_CD74/TIGIT_CST7/CARD16_CCL4/CARD16_ITM2C/IL1RN_SUB1","IL1RN_SUB1/LAIR2_IL32/CARD16_CCL4/EBI3_CD74/CD70_CXCR3/TNFRSF4_CXCR3/PMAIP1_CXCR3/PMAIP1_HLA-DRB1/NAMPT_HLA-DPA1/CSF1_COTL1/CD70_COTL1/CD74_COTL1/TNFRSF4_COTL1/TNFRSF4_HLA-DPB1/PMAIP1_HLA-DPB1/CARD16_ITM2C/TIGIT_CST7/CTLA4_CST7"
"1092",1007,1006,"CD4+NME1+CCR4+ T_CD4+GZMK+ Tem","CD4+NME1+CCR4+ T","CD4+GZMK+ Tem",18,5,0.609,0.963258971320693,1,1,"CCR4_CST7/IL6R_NR4A2/SUB1_TNFSF9/IFNAR2_NR4A2/CCR4_CCL4","ENO1_NFATC2/IL32_NFATC2/ACTG1_NFATC2/CNN2_NFATC2/IL6R_NR4A2/IFNAR2_NR4A2/CCR4_CCL4/SUB1_TNFSF9/ENO1_CD74/COTL1_CD74/ENO1_CXCR3/CMTM7_CXCR3/CCR4_CST7/ENO1_ENC1/SUB1_F2R/ENO1_F2R/ACTG1_F2R/TPM4_F2R"
"207",1008,1008,"CD8+TCF7+ Tex_CD8+Temra","CD8+TCF7+ Tex","CD8+Temra",37,12,0.711,0.963748646356999,1,1,"CD40LG_GZMB/IL6R_GNLY/IFNAR2_GNLY/BATF_GNLY/BATF_S1PR5/SESN3_S1PR5/CD40LG_ZEB2/IL6R_S1PR5/TSHZ2_GNLY/CPM_GNLY/EBI3_ZEB2/TCF7_GNLY","GNG4_ASCL2/IGFL2_KLF2/NR3C1_KLF3/CD200_KLF3/GNG4_KLF3/NMB_KLF3/EBI3_ZEB2/CD40LG_ZEB2/IGFL2_ZEB2/TNFRSF4_TBX21/CD40LG_GZMB/IGFL2_GZMA/TOX_CX3CR1/CD200_CX3CR1/TNFRSF4_CX3CR1/IGFL2_CX3CR1/TNFRSF4_CMKLR1/TSHZ2_S1PR5/BATF_S1PR5/IL6R_S1PR5/SESN3_S1PR5/TSHZ2_GNLY/TCF7_GNLY/BATF_GNLY/IL6R_GNLY/IFNAR2_GNLY/CPM_GNLY/TSHZ2_C1orf21/TCF7_C1orf21/NR3C1_C1orf21/TOX_C1orf21/CD200_C1orf21/GNG4_C1orf21/TNFRSF4_C1orf21/IGFL2_C1orf21/NMB_C1orf21/IGFBP4_C1orf21"
"184",1009,1009,"CD4+Temra_CD8+GZMK+ Tem","CD4+Temra","CD8+GZMK+ Tem",9,2,0.487,0.964367303926998,1,1,"CTSW_CCL4/TBX21_APOBEC3G","GZMB_GZMH/CTSW_CCL4/ZEB2_CXCR3/GNLY_CXCR3/S1PR5_CXCR3/PRSS23_CXCR3/S1PR5_COTL1/CCL4_HLA-DQA1/TBX21_APOBEC3G"
"259",1010,1009,"CD4+CAPG+ Tm_CD8+KIR+EOMES+ NK-like","CD4+CAPG+ Tm","CD8+KIR+EOMES+ NK-like",9,2,0.487,0.964367303926998,1,1,"CD40LG_NR4A2/CD40LG_DUSP2","CD40LG_NR4A2/CXCR3_NR4A2/COTL1_CD74/BHLHE40_CD160/BHLHE40_GCSAM/RBPJ_GCSAM/TMSB4X_GCSAM/ALOX5AP_GCSAM/CD40LG_DUSP2"
"532",1011,1009,"CD4+CAPG+ Tm_CD8+ISG+ CD8+ T","CD4+CAPG+ Tm","CD8+ISG+ CD8+ T",9,2,0.487,0.964367303926998,1,1,"CXCR3_STAT2/ID2_STAT2","ID2_STAT2/CXCR3_STAT2/RBPJ_SP100/RBPJ_TNFSF10/COTL1_CD74/RBPJ_MX1/RBPJ_IFI6/SH3BGRL3_OAS1/ALOX5AP_OAS1"
"597",1012,1009,"CD8+OXPHOS- Tex_CD8+NME1+ T","CD8+OXPHOS- Tex","CD8+NME1+ T",9,2,0.487,0.964367303926998,1,1,"ENTPD1_GAPDH/KIR2DL4_ENO1","KIR2DL4_ENO1/ETV1_MYB/PRDM1_MYB/HAVCR2_MYB/TNFRSF9_MYB/PHLDA1_MYB/PRDM1_CXCR3/PHLDA1_MND1/ENTPD1_GAPDH"
"1060",1013,1009,"CD8+KIR+EOMES+ NK-like_CD4+GZMK+ Tem","CD8+KIR+EOMES+ NK-like","CD4+GZMK+ Tem",9,2,0.487,0.964367303926998,1,1,"KLRG1_CST7/GCSAM_LITAF","GCSAM_LITAF/NR4A2_NFATC2/NR4A2_CXCR3/KLRG1_CST7/IKZF2_ENC1/NR4A2_ENC1/LITAF_ENC1/ZNF331_ENC1/ZNF331_F2R"
"1207",1014,1009,"CD4+ISG+ Th_CD4+IL26+ Th17","CD4+ISG+ Th","CD4+IL26+ Th17",9,2,0.487,0.964367303926998,1,1,"SP100_ANKRD28/MX2_IL4I1","IFI16_ID2/IFIT2_ID2/IFI16_CD40LG/TNFSF10_IL22/IFI16_IL23R/IFI16_IL17RE/MX2_IL4I1/SP100_ANKRD28/IFI16_TMIGD2"
"1327",1015,1009,"CD8+Tn_CD4+S1PR1+ Treg","CD8+Tn","CD4+S1PR1+ Treg",9,2,0.487,0.964367303926998,1,1,"FLT3LG_CPNE2/KLF2_CPNE2","TIMP1_KLF2/LEF1_KLF3/EEF1A1_FLT3LG/ACTN1_FLT3LG/PABPC1_FLT3LG/KLF2_CPNE2/FLT3LG_CPNE2/TIMP1_HPGD/TRABD2A_PI16"
"1480",1016,1009,"CD4+ISG+ Treg_CD4+ISG+ Th","CD4+ISG+ Treg","CD4+ISG+ Th",9,2,0.487,0.964367303926998,1,1,"IL7_IFI16/ETV7_PLSCR1","ETV7_PLSCR1/IL7_IFI16/NAMPT_TNFSF10/NAMPT_TNFSF13B/NAMPT_MX1/IL2RA_MX1/HERC5_MX1/NAMPT_IFI6/IL2RA_IFI6"
"975",1017,1017,"CD4+NME1+CCR4+ T_CD4+CCL5+ Tm","CD4+NME1+CCR4+ T","CD4+CCL5+ Tm",21,6,0.627,0.965553711491516,1,1,"IFNAR2_BHLHE40/IL6R_NR4A2/KLF2_ANXA1/IL6R_ANXA1/IFNAR2_NR4A2/CCR4_CCL4","CMTM7_ZFP36L2/ARHGDIB_ZFP36L2/TPM4_ZFP36L2/TPM4_HOPX/SUB1_ID2/ENO1_ID2/IFNAR2_BHLHE40/ARHGDIB_BHLHE40/IL6R_NR4A2/IFNAR2_NR4A2/ENO1_CD40LG/CNN2_CD40LG/CCR4_CCL4/ENO1_GZMM/ENO1_CD44/KLF2_ANXA1/IL6R_ANXA1/CNN2_ITGA1/ENO1_PARP8/ENO1_PTGER4/IL32_PTGER4"
"1061",1018,1017,"CD8+KIR+TXK+ NK-like_CD4+GZMK+ Tem","CD8+KIR+TXK+ NK-like","CD4+GZMK+ Tem",21,6,0.627,0.965553711491516,1,1,"B3GNT7_NR4A2/TXK_NR4A2/B3GNT7_CST7/B3GNT7_CD74/B3GNT7_CD4/B3GNT7_CCL4L2","AREG_LITAF/IL32_NFATC2/TXK_RUNX3/TXK_NR4A2/B3GNT7_NR4A2/AREG_IFNG/AREG_FASLG/TXK_CCL3/AREG_CD74/B3GNT7_CD74/AREG_CXCR3/B3GNT7_CD4/B3GNT7_CST7/B3GNT7_CCL4L2/IKZF2_ENC1/REL_ENC1/AREG_ENC1/IL12RB2_ENC1/AREG_ITM2C/REL_F2R/AREG_F2R"
"1131",1019,1017,"CD4+NME1+CCR4+ T_CD4+Temra","CD4+NME1+CCR4+ T","CD4+Temra",21,6,0.627,0.965553711491516,1,1,"IL6R_GNLY/IFNAR2_GNLY/FLT3LG_S1PR5/IL6R_S1PR5/COTL1_S1PR5/CCR4_CCL4","TPM4_HOPX/ENO1_TBX21/CMTM7_TBX21/CCR4_CCL4/ENO1_GZMM/ENO1_CX3CR1/ENO1_CMKLR1/ENO1_IL5RA/ENO1_FGFBP2/IL6R_GNLY/IFNAR2_GNLY/FLT3LG_S1PR5/IL6R_S1PR5/COTL1_S1PR5/ENO1_C1orf21/CMTM7_C1orf21/ACTG1_C1orf21/TMSB10_C1orf21/CNN2_C1orf21/TPM4_C1orf21/ENO1_CTSW"
"958",1020,1020,"CD4+AREG+ Tm_CD4+CCL5+ Tm","CD4+AREG+ Tm","CD4+CCL5+ Tm",32,10,0.686,0.966638579396984,1,1,"CD40LG_NR4A2/PTGER2_ANXA1/KLF3_ANXA1/PTGER2_ALOX5AP/S1PR1_NR4A2/KLF3_IL18RAP/KLF2_ANXA1/ZFP36L2_NR4A2/ZFP36L2_BHLHE40/KLF3_NR4A2","AREG_ZFP36L2/PABPC1_ZFP36L2/AREG_HOPX/AREG_ID2/ANXA1_ID2/EEF1A1_ID2/GPR183_ID2/ZFP36L2_BHLHE40/AREG_BHLHE40/ZFP36L2_NR4A2/KLF3_NR4A2/CD40LG_NR4A2/S1PR1_NR4A2/AREG_XCL1/AREG_CD40LG/PABPC1_CD40LG/AREG_XCL2/AREG_IFNG/AREG_IFNGR1/KLF3_IL18RAP/AREG_IL18RAP/KLF2_ANXA1/KLF3_ANXA1/PTGER2_ANXA1/PTGER2_ALOX5AP/AREG_GLUL/AREG_ITGA1/AREG_PARP8/AREG_PTGER4/EEF1B2_PTGER4/AREG_CD69/AREG_CD99"
"296",1021,1021,"CD4+CREM+ Tm_CD8+KIR+TXK+ NK-like","CD4+CREM+ Tm","CD8+KIR+TXK+ NK-like",40,13,0.713,0.967563188895707,1,1,"YPEL5_AREG/LMNA_AREG/FAM177A1_AREG/GPR35_AREG/IFNGR1_AREG/PTGER4_IL32/CXCL16_LAT2/CDKN1A_AREG/ZNF331_AREG/CXCL16_AREG/ZFP36L2_AREG/CXCL16_FAM3C/PTGER4_AREG","AREG_IKZF2/TNFAIP3_IKZF2/CREM_HOPX/AREG_HOPX/SRGN_HOPX/CREM_TXK/NR4A2_TXK/AREG_TXK/TNFAIP3_TXK/AREG_REL/AREG_XCL1/AREG_XCL2/ZFP36L2_AREG/ZNF331_AREG/CXCL16_AREG/IFNGR1_AREG/GPR35_AREG/FAM177A1_AREG/YPEL5_AREG/LMNA_AREG/PTGER4_AREG/CDKN1A_AREG/CXCL16_FAM3C/PTGER4_IL32/AREG_IL2RB/CREM_KIR3DL2/AREG_KIR3DL2/AREG_TYROBP/CXCL16_LAT2/CREM_B3GNT7/ZNF331_B3GNT7/NR4A2_B3GNT7/SKIL_B3GNT7/TGFB1_B3GNT7/AREG_B3GNT7/IFNGR1_B3GNT7/FTH1_B3GNT7/TNFAIP3_B3GNT7/ANXA1_B3GNT7/CDKN1A_B3GNT7"
"564",1022,1022,"CD4+ADSL+ Tn_CD8+Tc17","CD4+ADSL+ Tn","CD8+Tc17",24,7,0.64,0.968111510033839,1,1,"LIMS2_ADAM12/LEF1_ADAM12/IL16_CEBPD/LDHB_ADAM12/ANKRD55_ADAM12/IL6R_ADAM12/IL6R_CEBPD","PASK_ZBTB16/IL16_CEBPD/IL6R_CEBPD/PASK_FLT3LG/TCF7_IL17RE/LEF1_IL17RE/LDHB_IL17RE/NOSIP_IL17RE/DGKA_IL17RE/SELL_IL4I1/MYC_CA2/IL6ST_CA2/PASK_CA2/LDHB_CA2/GIMAP4_CA2/ANKRD55_CA2/NOSIP_CA2/COTL1_CA2/DGKA_CA2/LEF1_ADAM12/IL6R_ADAM12/LDHB_ADAM12/LIMS2_ADAM12/ANKRD55_ADAM12"
"596",1023,1022,"CD8+terminal Tex_CD8+NME1+ T","CD8+terminal Tex","CD8+NME1+ T",24,7,0.64,0.968111510033839,1,1,"IL2RG_ENO1/CXCR6_GAPDH/ENTPD1_GAPDH/CXCR6_ENO1/DUSP4_GAPDH/IFNG_GAPDH/IL2RG_GAPDH","CXCR6_ENO1/CD74_ENO1/IL2RG_ENO1/RBPJ_GTF3A/NAMPT_GTF3A/RBPJ_MYB/ETV1_MYB/ZBED2_MYB/TOX2_MYB/CD70_MYB/NAMPT_MYB/IL2RA_MYB/TNFRSF9_MYB/HAVCR2_MYB/KRT86_MYB/CD70_MXD3/RBPJ_HMGB1/NAMPT_HMGB1/CD70_CXCR3/IFNG_GAPDH/CXCR6_GAPDH/IL2RG_GAPDH/ENTPD1_GAPDH/DUSP4_GAPDH"
"847",1024,1024,"CD4+Temra_CD4+AREG+ Tm","CD4+Temra","CD4+AREG+ Tm",27,8,0.65,0.970717109057632,1,1,"C1orf21_PABPC1/FGFBP2_AREG/C1orf21_AREG/IL5RA_AREG/HOPX_AREG/CTSW_PABPC1/CX3CR1_AREG/FASLG_AREG","GNLY_ZFP36L2/PRSS23_ZFP36L2/ZEB2_KLF3/CCL3_KLF3/IL18RAP_KLF3/GNLY_KLF3/S1PR5_KLF3/GNLY_TCF7/C1orf21_TCF7/ZEB2_CD40LG/ZNF683_CD40LG/GZMB_CD40LG/HOPX_AREG/XCL2_AREG/FASLG_AREG/CX3CR1_AREG/IL5RA_AREG/IL18RAP_AREG/FGFBP2_AREG/C1orf21_AREG/GNLY_TPT1/C1orf21_PABPC1/CTSW_PABPC1/S1PR5_EEF1B2/GNLY_PTGER2/GZMB_PLAC8/GNLY_PLAC8"
"1493",1025,1024,"CD8+terminal Tex_CD4+NME1+CCR4- T","CD8+terminal Tex","CD4+NME1+CCR4- T",27,8,0.65,0.970717109057632,1,1,"IL2RG_ENO1/CXCR6_GAPDH/ENTPD1_GAPDH/CXCR6_ENO1/DUSP4_GAPDH/IFNG_GAPDH/IL2RG_GAPDH/DUSP4_TMSB10","CXCR6_ENO1/CD74_ENO1/IL2RG_ENO1/RBPJ_MEOX1/TOX_MEOX1/TNFSF4_MEOX1/GZMB_MEOX1/CSF1_MEOX1/CD70_MEOX1/NAMPT_MEOX1/FASLG_MEOX1/IL2RB_MEOX1/TNFRSF9_MEOX1/GEM_MEOX1/TIGIT_MEOX1/RBPJ_HMGB1/NAMPT_HMGB1/CSF1_EBI3/CD70_EBI3/CD74_EBI3/IFNG_GAPDH/CXCR6_GAPDH/IL2RG_GAPDH/ENTPD1_GAPDH/DUSP4_GAPDH/DUSP4_PKM/DUSP4_TMSB10"
"1227",1026,1026,"CD4+CXCR5+ pre-Tfh_CD4+IL21+ Tfh","CD4+CXCR5+ pre-Tfh","CD4+IL21+ Tfh",51,17,0.731,0.97281609882483,1,1,"IL6ST_CD200/TSHZ2_CD200/CD40LG_IGFL2/SESN3_IGFL2/CD40LG_TNFSF4/IL6ST_NR3C1/TNFSF8_NMB/LEF1_IGFL2/FAAH2_NR3C1/IL6ST_IGFL2/FAAH2_NMB/FAAH2_CD200/CMTM8_IGFL2/MBP_IGFL2/CXCR5_CD200/SESN3_TOX/FAM177A1_CD200","CXCR5_NR3C1/IL6ST_NR3C1/FAAH2_NR3C1/SESN3_TOX/SLC2A3_TOX/NR4A2_TSHZ2/SLC2A3_TSHZ2/NR3C1_IL21/AREG_IL21/SLC2A3_IL21/NR4A2_TNFSF8/AREG_TNFSF8/SLC2A3_TNFSF8/SLC2A3_TNFSF11/CD40LG_TNFSF4/SLC2A3_LIF/NR4A2_CD40LG/AREG_CD40LG/SLC2A3_CD40LG/PABPC1_CD40LG/NR3C1_IL6ST/AREG_IL6ST/SLC2A3_IL6ST/NR3C1_CXCR5/AREG_CXCR5/SLC2A3_CXCR5/NR4A2_IL6R/AREG_IL6R/SLC2A3_IL6R/PABPC1_IL6R/SLC2A3_GNG4/TSHZ2_CD200/CXCR5_CD200/IL6ST_CD200/FAAH2_CD200/FAM177A1_CD200/TNFSF8_NMB/AREG_NMB/FAAH2_NMB/FAM177A1_NMB/LEF1_IGFL2/CMTM8_IGFL2/CD40LG_IGFL2/IL6ST_IGFL2/SESN3_IGFL2/MBP_IGFL2/AREG_CPM/SLC2A3_BTLA/NR3C1_ITM2A/AREG_ITM2A/SLC2A3_ITM2A"
"283",1027,1027,"CD8+terminal Tex_CD8+KIR+TXK+ NK-like","CD8+terminal Tex","CD8+KIR+TXK+ NK-like",30,9,0.658,0.973254814190357,1,1,"DUSP4_AREG/ENTPD1_AREG/KRT86_AREG/LAYN_AREG/CD74_AREG/FASLG_AREG/ETV1_AREG/CXCR6_AREG/IL2RB_AREG","TNFSF4_HOPX/NAMPT_HOPX/CCL3_TXK/NAMPT_TXK/HAVCR2_TXK/ETV1_AREG/IFNG_AREG/FASLG_AREG/CXCR6_AREG/CD74_AREG/IL2RB_AREG/LAYN_AREG/ENTPD1_AREG/KRT86_AREG/DUSP4_AREG/RBPJ_KIR3DL2/NAMPT_KIR3DL2/RBPJ_B3GNT7/TOX_B3GNT7/TOX2_B3GNT7/TNFSF4_B3GNT7/GZMB_B3GNT7/CSF1_B3GNT7/NAMPT_B3GNT7/CD74_B3GNT7/IL2RB_B3GNT7/TNFRSF9_B3GNT7/HAVCR2_B3GNT7/CTLA4_B3GNT7/GEM_B3GNT7"
"90",1028,1028,"CD8+TCF7+ Tex_CD8+ZNF683+CXCR6- Tm","CD8+TCF7+ Tex","CD8+ZNF683+CXCR6- Tm",6,1,0.366,0.974085578639691,1,1,"CD40LG_ZNF683","CD40LG_ZNF683/IGFL2_GZMA/IGFL2_ACTB/IGFL2_CD52/NMB_CD52/NMB_PFN1"
"128",1029,1028,"CD8+OXPHOS- Tex_CD8+GZMK+ early Tem","CD8+OXPHOS- Tex","CD8+GZMK+ early Tem",6,1,0.366,0.974085578639691,1,1,"TIGIT_CST7","HAVCR2_CXCR5/TNFRSF9_CXCR5/CTLA4_CST7/TIGIT_CST7/HAVCR2_ENC1/PRDM1_PIK3R1"
"141",1030,1028,"CD4+CCL5+ Tm_CD8+GZMK+ early Tem","CD4+CCL5+ Tm","CD8+GZMK+ early Tem",6,1,0.366,0.974085578639691,1,1,"CD40LG_DUSP2","CCL4_CCR4/CD40LG_DUSP2/PTGER4_DUSP2/NR4A2_DKK3/NR4A2_ENC1/NR4A2_PIK3R1"
"142",1031,1028,"CD4+CAPG+ Tm_CD8+GZMK+ early Tem","CD4+CAPG+ Tm","CD8+GZMK+ early Tem",6,1,0.366,0.974085578639691,1,1,"CD40LG_DUSP2","COTL1_CD74/IL32_CXCR5/CD40LG_DUSP2/RBPJ_ENC1/TGFB1_ENC1/TGFB1_PIK3R1"
"228",1032,1028,"CD4+TNFRSF9- Treg_CD8+Temra","CD4+TNFRSF9- Treg","CD8+Temra",6,1,0.366,0.974085578639691,1,1,"TTN_S1PR5","ARID5B_CX3CR1/IKZF4_CX3CR1/TTN_S1PR5/ARID5B_C1orf21/RTKN2_C1orf21/STAM_C1orf21"
"531",1033,1028,"CD4+CCL5+ Tm_CD8+ISG+ CD8+ T","CD4+CCL5+ Tm","CD8+ISG+ CD8+ T",6,1,0.366,0.974085578639691,1,1,"ID2_STAT2","ID2_STAT2/CCL4_IFI44L/ANXA1_IFI6/NR4A2_OAS1/ALOX5AP_OAS1/CCL4_CMPK2"
"724",1034,1028,"CD4+TIMP1+ Tm_CD4+ADSL+ Tn","CD4+TIMP1+ Tm","CD4+ADSL+ Tn",6,1,0.366,0.974085578639691,1,1,"FLT3LG_PASK","TIMP1_KLF2/ANXA1_KLF2/ANXA1_IL6R/FLT3LG_PASK/VIM_COTL1/VIM_DGKA"
"805",1035,1028,"CD4+CAPG+ Tm_CD4+TNF+ T","CD4+CAPG+ Tm","CD4+TNF+ T",6,1,0.366,0.974085578639691,1,1,"CD40LG_LCP2","BHLHE40_ID2/RBPJ_ID2/TGFB1_CD40LG/BHLHE40_CXCR3/ALOX5AP_CXCR3/CD40LG_LCP2"
"872",1036,1028,"CD8+ISG+ CD8+ T_CD4+TIMP1+ Tm","CD8+ISG+ CD8+ T","CD4+TIMP1+ Tm",6,1,0.366,0.974085578639691,1,1,"IFI6_ANXA1","STAT2_LMO4/RSAD2_LMO4/STAT2_FLT3LG/IFI6_ANXA1/OAS1_SH3BGRL3/SP100_VIM"
"878",1037,1028,"CD4+IL7R- Tn_CD4+TIMP1+ Tm","CD4+IL7R- Tn","CD4+TIMP1+ Tm",6,1,0.366,0.974085578639691,1,1,"BTF3_ANXA1","ACTG1_LMO4/EEF1A1_FLT3LG/ACTG1_FLT3LG/NACA_FLT3LG/BTF3_FLT3LG/BTF3_ANXA1"
"956",1038,1028,"CD4+IL7R- Tn_CD4+CCL5+ Tm","CD4+IL7R- Tn","CD4+CCL5+ Tm",6,1,0.366,0.974085578639691,1,1,"BTF3_ANXA1","EEF1A1_ID2/NACA_ID2/BTF3_ANXA1/NACA_PARP8/EEF1B2_PTGER4/NACA_PTGER4"
"1184",1039,1028,"CD8+ISG+ CD8+ T_CD4+IL26+ Th17","CD8+ISG+ CD8+ T","CD4+IL26+ Th17",6,1,0.366,0.974085578639691,1,1,"SP100_ANKRD28","STAT2_ID2/TNFSF10_IL22/STAT2_IL17RE/CCR1_IL17RE/STAT2_CTSH/SP100_ANKRD28"
"273",1040,1040,"CD4+NME1+CCR4+ T_CD8+KIR+EOMES+ NK-like","CD4+NME1+CCR4+ T","CD8+KIR+EOMES+ NK-like",16,4,0.548,0.974845484915715,1,1,"IL6R_DUSP2/IL6R_NR4A2/SUB1_TNFSF9/IFNAR2_NR4A2","IL6R_NR4A2/IFNAR2_NR4A2/ENO1_GZMM/SUB1_TNFSF9/ENO1_CD74/COTL1_CD74/ENO1_CD160/CNN2_CD160/ENO1_KLRG1/CMTM7_KLRG1/ENO1_CMC1/ENO1_GCSAM/CMTM7_GCSAM/TMSB10_GCSAM/CNN2_GCSAM/IL6R_DUSP2"
"516",1041,1040,"CD8+ZNF683+CXCR6+ Trm_CD8+ISG+ CD8+ T","CD8+ZNF683+CXCR6+ Trm","CD8+ISG+ CD8+ T",16,4,0.548,0.974845484915715,1,1,"CXCR3_STAT2/ID2_STAT2/LDLRAD4_STAT2/LDLRAD4_RSAD2","ID2_STAT2/CXCR3_STAT2/LDLRAD4_STAT2/RBPJ_SP100/LGALS1_SP100/RBPJ_TNFSF10/GZMB_IFIT1/LDLRAD4_RSAD2/GZMB_IFIT3/GZMB_IFI44L/RBPJ_MX1/GZMB_MX1/RBPJ_IFI6/GZMB_OAS1/SH3BGRL3_OAS1/GZMB_OAS3"
"732",1042,1040,"CD4+IL26+ Th17_CD4+ADSL+ Tn","CD4+IL26+ Th17","CD4+ADSL+ Tn",16,4,0.548,0.974845484915715,1,1,"IL17RE_NOSIP/IL17RE_LEF1/IL17RE_DGKA/IL17RE_LDHB","IL17RE_TCF7/ANKRD28_TCF7/IL17RE_LEF1/ANKRD28_KLF2/CEBPD_IL16/ANKRD28_CMTM8/CEBPD_IL6R/ANKRD28_IL6R/ANKRD28_IL6ST/IL4I1_SELL/IL17RE_LDHB/RUNX2_LIMS2/ANKRD28_ANKRD55/IL17RE_NOSIP/RUNX2_DGKA/IL17RE_DGKA"
"809",1043,1040,"CD4+CCR6+ Th17_CD4+TNF+ T","CD4+CCR6+ Th17","CD4+TNF+ T",16,4,0.548,0.974845484915715,1,1,"CD40LG_LCP2/ABCB1_CISH/ABCB1_CKLF/ABCB1_CAPG","BHLHE40_ID2/ANXA1_ID2/VIM_ID2/IL4I1_CD40LG/IL4I1_TNF/ABCB1_CKLF/IL4I1_CCR2/BHLHE40_CXCR3/IL4I1_CXCR3/IL4I1_CD52/VIM_CD52/IL4I1_SIT1/ABCB1_CISH/ABCB1_CAPG/ABCB1_CD99/CD40LG_LCP2"
"1003",1044,1040,"CD4+Temra_CD4+CAPG+ Tm","CD4+Temra","CD4+CAPG+ Tm",16,4,0.548,0.974845484915715,1,1,"C1orf21_CKLF/C1orf21_RBPJ/CX3CR1_RBPJ/C1orf21_TIMP1","GNLY_ID2/CX3CR1_RBPJ/C1orf21_RBPJ/C1orf21_CKLF/C1orf21_TIMP1/ZEB2_CD40LG/ZNF683_CD40LG/GZMB_CD40LG/ZEB2_CXCR3/GNLY_CXCR3/S1PR5_CXCR3/PRSS23_CXCR3/PRSS23_CAPG/GZMB_CD52/GNLY_CD52/S1PR5_COTL1"
"1411",1045,1040,"CD8+KIR+EOMES+ NK-like_CD4+ISG+ Treg","CD8+KIR+EOMES+ NK-like","CD4+ISG+ Treg",16,4,0.548,0.974845484915715,1,1,"GCSAM_CSF1/GCSAM_CD70/KLRG1_NAMPT/GCSAM_NAMPT","CD74_ETV7/ZNF331_BATF/CXCR4_IL1RN/GCSAM_CSF1/KLRG1_NAMPT/GCSAM_NAMPT/IKZF2_IL7/LITAF_IL7/ZNF331_IL7/TNFSF9_IL7/IFNGR1_IL7/TYROBP_IL7/GCSAM_CD70/NR4A2_OAS1/TYROBP_OAS1/TYROBP_MX1"
"155",1046,1046,"CD4+NME1+CCR4- T_CD8+GZMK+ early Tem","CD4+NME1+CCR4- T","CD8+GZMK+ early Tem",19,5,0.577,0.975247752729446,1,1,"MEOX1_DTHD1/MEOX1_CST7/EBI3_CD74/MEOX1_CD44/MEOX1_CRTAM","ENO1_CD74/EBI3_CD74/ENO1_CXCR5/GPI_CXCR5/GAPDH_CXCR5/ENO1_CD44/MEOX1_CD44/ENO1_CMC1/GPI_CMC1/MEOX1_CST7/ENO1_DKK3/ENO1_ENC1/HMGA1_ENC1/GAPDH_ENC1/MEOX1_DTHD1/ENO1_PIK3R1/GPI_PIK3R1/GAPDH_PIK3R1/MEOX1_CRTAM"
"361",1047,1047,"CD8+terminal Tex_CD8+GZMK+ Tex","CD8+terminal Tex","CD8+GZMK+ Tex",13,3,0.506,0.975664501639401,1,1,"CXCR6_TNFRSF9/IFNG_PRDM1/ENTPD1_TNFSF4","IFNG_PRDM1/DUSP4_PRDM1/ENTPD1_TNFSF4/CD70_CXCR6/TNFRSF9_CXCR6/TOX2_CD27/CXCL13_CD27/CD70_CD27/GEM_CD27/TNFSF4_VCAM1/RBPJ_LYST/NAMPT_LYST/CXCR6_TNFRSF9"
"1124",1048,1047,"CD4+IFNG+ Tfh/Th1_CD4+Temra","CD4+IFNG+ Tfh/Th1","CD4+Temra",13,3,0.506,0.975664501639401,1,1,"ID2_GNLY/IL21_S1PR5/DUSP4_GNLY","LAG3_TBX21/GZMB_GZMH/RBPJ_CX3CR1/ZEB2_FGFBP2/ID2_GNLY/DUSP4_GNLY/IL21_S1PR5/RBPJ_C1orf21/KRT86_C1orf21/PTMS_C1orf21/PDE7B_C1orf21/GZMB_PRF1/CCL4_CTSW"
"1303",1049,1047,"CD8+NME1+ T_CD4+TNFRSF9- Treg","CD8+NME1+ T","CD4+TNFRSF9- Treg",13,3,0.506,0.975664501639401,1,1,"MYB_STAM/MYB_IKZF4/MYB_FOXP3","ENO1_FOXP3/MYB_FOXP3/GAPDH_IKZF2/MYB_IKZF4/GAPDH_IKZF4/GAPDH_RTKN2/ENO1_TBC1D4/GAPDH_TBC1D4/ENO1_FCRL3/ENO1_VAV3/ENO1_STAM/MYB_STAM/GAPDH_STAM"
"320",1050,1050,"CD8+KIR+TXK+ NK-like_CD8+ZNF683+CXCR6+ Trm","CD8+KIR+TXK+ NK-like","CD8+ZNF683+CXCR6+ Trm",22,6,0.598,0.976308262596451,1,1,"B3GNT7_RBPJ/HOPX_LGALS1/B3GNT7_IL32/B3GNT7_GZMB/KIR3DL2_RBPJ/B3GNT7_ZNF683","B3GNT7_ZNF683/FOSL2_HOPX/AREG_HOPX/AREG_ID2/AREG_ZFP36L2/KIR3DL2_RBPJ/B3GNT7_RBPJ/B3GNT7_IL32/B3GNT7_GZMB/AREG_XCL1/AREG_XCL2/AREG_CXCR6/AREG_CXCR3/AREG_CAPG/AREG_TMSB4X/AREG_LGALS3/AREG_CD52/HOPX_LGALS1/AREG_ITGA1/XCL2_LDLRAD4/AREG_LDLRAD4/KLRC3_LDLRAD4"
"974",1051,1050,"CD4+NME1+CCR4- T_CD4+CCL5+ Tm","CD4+NME1+CCR4- T","CD4+CCL5+ Tm",22,6,0.598,0.976308262596451,1,1,"MEOX1_NR4A2/MEOX1_BHLHE40/MEOX1_GZMA/MEOX1_IL18RAP/MEOX1_CD44/MEOX1_CCL4","GAPDH_ZFP36L2/ENO1_ID2/SUB1_ID2/GPI_ID2/GAPDH_ID2/MEOX1_BHLHE40/MEOX1_NR4A2/MEOX1_GZMA/ENO1_CD40LG/GPI_CD40LG/MEOX1_CCL4/GAPDH_IFNG/ENO1_GZMM/ENO1_CD44/MEOX1_CD44/MEOX1_IL18RAP/ENO1_PARP8/GPI_PARP8/GAPDH_PARP8/ENO1_PTGER4/GPI_PTGER4/GAPDH_PTGER4"
"1332",1052,1050,"CD8+Temra_CD4+S1PR1+ Treg","CD8+Temra","CD4+S1PR1+ Treg",22,6,0.598,0.976308262596451,1,1,"C1orf21_RTKN2/KLF3_LEF1/KLF2_CPNE2/ASCL2_IL2RA/ASCL2_CPNE2/C1orf21_CPNE2","KLF3_LEF1/ZEB2_KLF3/S1PR5_KLF3/GNLY_KLF3/S1PR5_FLT3LG/ASCL2_IL2RA/C1orf21_RTKN2/FCGR3A_HLA-DRB1/S1PR5_TTN/ASCL2_CPNE2/KLF2_CPNE2/C1orf21_CPNE2/S1PR5_CCDC141/GZMB_HPGD/FCGR3A_HPGD/S1PR5_HPGD/GNLY_HPGD/PLEK_HPGD/ZEB2_PI16/FCGR3A_PI16/PRSS23_PI16/GNLY_PI16"
"1362",1053,1050,"CD4+ISG+ Treg_CD4+S1PR1+ Treg","CD4+ISG+ Treg","CD4+S1PR1+ Treg",22,6,0.598,0.976308262596451,1,1,"IL7_LEF1/IFI6_IL2RA/MX1_IL2RA/ETV7_CD74/USP18_IL2RA/IL7_CPNE2","IL7_IKZF2/IL7_LEF1/CSF1_KLF3/NAMPT_KLF3/CSF1_FLT3LG/CD70_FLT3LG/NAMPT_IL10RA/CD70_CCR10/MX1_IL2RA/USP18_IL2RA/IFI6_IL2RA/ETV7_CD74/NAMPT_SAMHD1/CD70_SAMHD1/IL7_CPNE2/IL32_HPGD/CSF1_HPGD/NAMPT_HPGD/CD70_HPGD/IL2RA_HPGD/HERC5_HPGD/NAMPT_PI16"
"374",1054,1054,"CD4+CREM+ Tm_CD8+GZMK+ Tex","CD4+CREM+ Tm","CD8+GZMK+ Tex",25,7,0.614,0.977706466726706,1,1,"PTGER4_NAMPT/FAM177A1_PRDM1/ZFP36L2_NAMPT/YPEL5_TSC22D1/LMNA_TNFSF4/CXCL16_HAVCR2/GPR35_TRPS1","YPEL5_TSC22D1/FAM177A1_PRDM1/GPR35_TRPS1/TNFAIP3_GZMK/LMNA_TNFSF4/AREG_IFNG/ZFP36L2_NAMPT/PTGER4_NAMPT/AREG_CD74/AREG_CXCR6/TNFAIP3_CXCR6/CXCL16_HAVCR2/CREM_CD27/AREG_CD27/FTH1_CD27/SRGN_CD27/CREM_LYST/AREG_LYST/SRGN_LYST/TNFAIP3_LYST/ANXA1_LYST/AREG_DUSP4/FTH1_DUSP4/TNFAIP3_DUSP4/AREG_HLA-DRB1"
"1376",1055,1055,"CD8+terminal Tex_CD4+TNFRSF9+ Treg","CD8+terminal Tex","CD4+TNFRSF9+ Treg",36,11,0.67,0.977914764058552,1,1,"ETV1_PMAIP1/GEM_PMAIP1/ENTPD1_PMAIP1/DUSP4_TNFRSF4/HAVCR2_PMAIP1/CXCR6_CD70/KRT86_CD70/CXCR6_TNFRSF4/CXCR6_TNFRSF9/IFNG_PMAIP1/DUSP4_PMAIP1","NAMPT_BATF/TOX2_IKZF4/TOX2_ZBTB32/CSF1_EBI3/CD70_EBI3/CD74_EBI3/CXCR6_CD70/KRT86_CD70/TNFSF4_IL1RN/NAMPT_IL1RN/HAVCR2_IL1RN/RBPJ_IL7/TOX2_IL7/CCL3_IL7/NAMPT_IL7/ENTPD1_IL7/HAVCR2_IL7/CXCR6_TNFRSF9/CXCR6_TNFRSF4/DUSP4_TNFRSF4/TOX2_CARD16/NAMPT_CARD16/TNFRSF9_CARD16/HAVCR2_CARD16/KRT86_CARD16/RBPJ_LAIR2/ETV1_LAIR2/IL2RA_LAIR2/KRT86_LAIR2/NAMPT_TBC1D4/ETV1_PMAIP1/IFNG_PMAIP1/ENTPD1_PMAIP1/HAVCR2_PMAIP1/GEM_PMAIP1/DUSP4_PMAIP1"
"138",1056,1056,"CD4+AREG+ Tm_CD8+GZMK+ early Tem","CD4+AREG+ Tm","CD8+GZMK+ early Tem",10,2,0.439,0.978725703840061,1,1,"CD40LG_DUSP2/KLF3_DUSP2","AREG_CD74/AREG_CXCR5/KLF3_DUSP2/CD40LG_DUSP2/AREG_DKK3/AREG_SH2D1A/AREG_ENC1/PABPC1_ENC1/AREG_TRAT1/PABPC1_PIK3R1"
"480",1057,1056,"CD8+OXPHOS- Tex_CD8+TCF7+ Tex","CD8+OXPHOS- Tex","CD8+TCF7+ Tex",10,2,0.439,0.978725703840061,1,1,"ENTPD1_IGFL2/LAYN_IGFL2","PRDM1_TCF7/CSF1_EBI3/HAVCR2_TNFSF8/CSF1_CD40LG/HAVCR2_CD40LG/TNFRSF9_CD40LG/FAM3C_IFNAR2/LAYN_IGFL2/ENTPD1_IGFL2/HAVCR2_CPM"
"1319",1058,1056,"CD4+IL21+ Tfh_CD4+TNFRSF9- Treg","CD4+IL21+ Tfh","CD4+TNFRSF9- Treg",10,2,0.439,0.978725703840061,1,1,"ITM2A_ARID5B/IL21_IKZF2","IL21_IKZF2/CD200_IKZF2/IGFL2_IKZF2/ITM2A_ARID5B/TOX2_IKZF4/NR3C1_TBC1D4/CXCL13_FCRL3/NMB_CEACAM4/CD200_VAV3/CD200_TTN"
"786",1059,1059,"CD8+Temra_CD4+TNF+ T","CD8+Temra","CD4+TNF+ T",17,4,0.516,0.983687625557788,1,1,"C1orf21_CKLF/CX3CR1_EGR1/KLF2_EGR1/C1orf21_MYL12A","GNLY_ID2/KLF2_EGR1/CX3CR1_EGR1/ZEB2_CD40LG/GZMB_CD40LG/C1orf21_CKLF/GNLY_CCR2/ZEB2_CXCR3/FCGR3A_CXCR3/S1PR5_CXCR3/PRSS23_CXCR3/GNLY_CXCR3/GZMB_CD52/FCGR3A_CD52/GNLY_CD52/C1orf21_MYL12A/PRSS23_CAPG"
"894",1060,1059,"CD4+ISG+ Treg_CD4+TIMP1+ Tm","CD4+ISG+ Treg","CD4+TIMP1+ Tm",17,4,0.516,0.983687625557788,1,1,"IFI6_ANXA1/IL1RN_ANXA1/IL7_TIMP1/IL7_VIM","NAMPT_HOPX/NAMPT_LMO4/IL2RA_LMO4/RSAD2_LMO4/IL7_TIMP1/CSF1_FLT3LG/CD70_FLT3LG/CSF1_CD40LG/NAMPT_CD40LG/NAMPT_S100A10/IL2RA_S100A10/IL1RN_ANXA1/IFI6_ANXA1/OAS1_SH3BGRL3/NAMPT_CD52/IL2RA_S100A6/IL7_VIM"
"549",1061,1061,"CD8+ZNF683+CXCR6- Tm_CD8+Tc17","CD8+ZNF683+CXCR6- Tm","CD8+Tc17",23,6,0.572,0.983873583977035,1,1,"SIT1_IL4I1/TRAF3IP3_IL4I1/CKLF_ADAM12/CD52_ADAM12/TNF_IL4I1/CD52_IL4I1","ZNF683_ZBTB16/IL32_ZBTB16/ZNF683_CD40LG/ACTB_IL23R/TNF_IL17RE/CKLF_IL17RE/ACTB_IL17RE/MYL12A_IL17RE/PFN1_IL17RE/TNF_IL4I1/CD52_IL4I1/TRAF3IP3_IL4I1/SIT1_IL4I1/ZNF683_CA2/IL32_CA2/ACTB_CA2/TRAF3IP3_CA2/S100A4_CA2/CISH_CA2/MYL12A_CA2/PFN1_CA2/CKLF_ADAM12/CD52_ADAM12"
"562",1062,1061,"CD4+Tn_CD8+Tc17","CD4+Tn","CD8+Tc17",23,6,0.572,0.983873583977035,1,1,"LEF1_ADAM12/LINC00861_IL4I1/GIMAP7_IL4I1/LINC00861_ADAM12/MAL_ADAM12/GIMAP7_CEBPD","GIMAP7_CEBPD/EEF1A1_FLT3LG/ACTN1_FLT3LG/TPT1_IL23R/TCF7_IL17RE/LEF1_IL17RE/EEF1A1_IL17RE/EEF1B2_IL17RE/TPT1_IL17RE/ACTN1_IL17RE/MAL_IL17RE/PLAC8_SLC4A10/SELL_IL4I1/GIMAP7_IL4I1/MAL_IL4I1/LINC00861_IL4I1/EEF1A1_CA2/EEF1B2_CA2/ACTN1_CA2/MAL_CA2/LEF1_ADAM12/MAL_ADAM12/LINC00861_ADAM12"
"1160",1063,1063,"CD4+Temra_CD4+CCR6+ Th17","CD4+Temra","CD4+CCR6+ Th17",26,7,0.591,0.984568435327587,1,1,"CX3CR1_IL4I1/C1orf21_VIM/IL5RA_VIM/CX3CR1_VIM/FGFBP2_VIM/CTSW_IL4I1/C1orf21_TIMP1","GNLY_ZFP36L2/PRSS23_ZFP36L2/GNLY_RORA/GNLY_TNFSF13B/ZEB2_CD40LG/ZNF683_CD40LG/GZMB_CD40LG/C1orf21_TIMP1/S1PR5_FLT3LG/GNLY_GPR35/CX3CR1_IL4I1/CTSW_IL4I1/CX3CR1_VIM/IL5RA_VIM/FGFBP2_VIM/C1orf21_VIM/PRSS23_CAPG/ZEB2_ABCB1/CCL3_ABCB1/IL18RAP_ABCB1/GNLY_ABCB1/S1PR5_ABCB1/KLRD1_ABCB1/PRSS23_ABCB1/GNLY_TPT1/GNLY_PERP"
"124",1064,1064,"CD8+KIR+TXK+ NK-like_CD8+GZMK+ early Tem","CD8+KIR+TXK+ NK-like","CD8+GZMK+ early Tem",14,3,0.47,0.984793907933192,1,1,"B3GNT7_CST7/B3GNT7_CD74/TXK_DUSP2","AREG_CD74/B3GNT7_CD74/AREG_CXCR5/IL32_CXCR5/TXK_DUSP2/B3GNT7_CST7/AREG_DKK3/AREG_SH2D1A/IKZF2_ENC1/REL_ENC1/AREG_ENC1/IL12RB2_ENC1/AREG_TRAT1/KLRC3_PIK3R1"
"284",1065,1064,"CD8+OXPHOS- Tex_CD8+KIR+TXK+ NK-like","CD8+OXPHOS- Tex","CD8+KIR+TXK+ NK-like",14,3,0.47,0.984793907933192,1,1,"ENTPD1_AREG/LAYN_AREG/ETV1_AREG","PRDM1_HOPX/PHLDA1_HOPX/CCL3_TXK/HAVCR2_TXK/ETV1_AREG/LAYN_AREG/ENTPD1_AREG/ACP5_AREG/PRDM1_B3GNT7/CSF1_B3GNT7/HAVCR2_B3GNT7/CTLA4_B3GNT7/TNFRSF9_B3GNT7/PHLDA1_B3GNT7"
"568",1066,1066,"CD4+TIMP1+ Tm_CD8+Tc17","CD4+TIMP1+ Tm","CD8+Tc17",29,8,0.605,0.985442334366488,1,1,"CD40LG_ADAM12/CD40LG_IL4I1/S100A6_IL4I1/CD52_ADAM12/LMO4_ADAM12/S100A6_ADAM12/CD52_IL4I1/HOPX_ADAM12","ANXA1_ZBTB16/VIM_RORA/VIM_FLT3LG/TIMP1_IL23R/ANXA1_IL23R/VIM_IL23R/HOPX_IL17RE/TIMP1_IL17RE/ANXA1_IL17RE/VIM_IL17RE/CAPG_IL17RE/EMP3_IL17RE/CD40LG_IL4I1/CD52_IL4I1/S100A6_IL4I1/ANXA1_LTK/VIM_LTK/TIMP1_CA2/FLT3LG_CA2/ANXA1_CA2/S100A4_CA2/VIM_CA2/EMP3_CA2/HOPX_ADAM12/LMO4_ADAM12/CD40LG_ADAM12/S100A10_ADAM12/CD52_ADAM12/S100A6_ADAM12"
"829",1067,1066,"CD8+GZMK+ Tex_CD4+AREG+ Tm","CD8+GZMK+ Tex","CD4+AREG+ Tm",29,8,0.605,0.985442334366488,1,1,"LYST_AREG/DUSP4_AREG/HLA-DRB1_AREG/CD74_AREG/LYST_ANXA1/LYST_PABPC1/CD27_AREG/CXCR6_AREG","NAMPT_ZFP36L2/TSC22D1_KLF2/TSC22D1_KLF3/PRDM1_KLF3/TRPS1_KLF3/CCL3_KLF3/NAMPT_KLF3/HLA-DQA1_KLF3/PRDM1_TCF7/TNFSF4_CD40LG/NAMPT_CD40LG/HAVCR2_CD40LG/TNFRSF9_CD40LG/IFNG_AREG/CD74_AREG/CXCR6_AREG/CD27_AREG/LYST_AREG/DUSP4_AREG/HLA-DRB1_AREG/LYST_ANXA1/TRPS1_EEF1A1/NAMPT_GPR183/LYST_PABPC1/NAMPT_EEF1B2/NAMPT_S1PR1/TRPS1_PTGER2/NAMPT_PTGER2/HAVCR2_PLAC8"
"1367",1068,1066,"CD8+IL7R+ Tm_CD4+TNFRSF9+ Treg","CD8+IL7R+ Tm","CD4+TNFRSF9+ Treg",29,8,0.605,0.985442334366488,1,1,"TSC22D3_NAMPT/BTG1_NAMPT/LMNA_PMAIP1/GPR183_NAMPT/ZFP36L2_CD70/ZFP36L2_PMAIP1/ZFP36L2_CSF1/ZFP36L2_NAMPT","TNFAIP3_BATF/FTH1_BATF/RGCC_BATF/TNFAIP3_IKZF2/PABPC1_IKZF4/FTH1_ZBTB32/PABPC1_ZBTB32/ZFP36L2_NAMPT/TSC22D3_NAMPT/BTG1_NAMPT/GPR183_NAMPT/TNFAIP3_EBI3/PABPC1_EBI3/TNFAIP3_CCL22/ZFP36L2_CSF1/ZFP36L2_CD70/CXCR4_IL1RN/ANXA1_IL1RN/FTH1_IL1RN/TNFAIP3_IL7/RGCC_IL7/PABPC1_IL7/ANXA1_CARD16/TNFAIP3_CARD16/FTH1_CARD16/GPR183_CARD16/TNFAIP3_TBC1D4/ZFP36L2_PMAIP1/LMNA_PMAIP1"
"99",1069,1069,"CD4+AREG+ Tm_CD8+ZNF683+CXCR6- Tm","CD4+AREG+ Tm","CD8+ZNF683+CXCR6- Tm",7,1,0.313,0.985908711204049,1,1,"CD40LG_ZNF683","CD40LG_ZNF683/AREG_CD52/AREG_TRAF3IP3/PLAC8_SH3BGRL3/AREG_SIT1/AREG_MYL12A/AREG_PFN1"
"188",1070,1069,"CD4+IFNG+ Tfh/Th1_CD8+GZMK+ Tem","CD4+IFNG+ Tfh/Th1","CD8+GZMK+ Tem",7,1,0.313,0.985908711204049,1,1,"ID2_SUB1","ID2_SUB1/GZMB_GZMH/ZEB2_CXCR3/BHLHE40_CXCR3/CD74_COTL1/HAVCR2_HLA-DPB1/CCL4_HLA-DQA1"
"214",1071,1069,"CD4+IL7R- Tn_CD8+Temra","CD4+IL7R- Tn","CD8+Temra",7,1,0.313,0.985908711204049,1,1,"EEF1B2_S1PR5","NACA_ASCL2/NACA_KLF3/FAU_KLF3/NACA_CX3CR1/NACA_FGFBP2/EEF1B2_S1PR5/ACTG1_C1orf21"
"266",1072,1069,"CD4+IFNG+ Tfh/Th1_CD8+KIR+EOMES+ NK-like","CD4+IFNG+ Tfh/Th1","CD8+KIR+EOMES+ NK-like",7,1,0.313,0.985908711204049,1,1,"IL21_IKZF2","IL21_IKZF2/ZEB2_CD160/BHLHE40_CD160/BHLHE40_GCSAM/RBPJ_GCSAM/FAM3C_GCSAM/KRT86_GCSAM"
"512",1073,1069,"CD8+GZMK+ Tem_CD8+ISG+ CD8+ T","CD8+GZMK+ Tem","CD8+ISG+ CD8+ T",7,1,0.313,0.985908711204049,1,1,"CXCR3_STAT2","CXCR3_STAT2/COTL1_CD74/CST7_IFIT3/CCL4_IFI44L/CST7_IFI6/APOBEC3G_OAS1/CCL4_CMPK2"
"726",1074,1069,"CD4+CCL5+ Tm_CD4+ADSL+ Tn","CD4+CCL5+ Tm","CD4+ADSL+ Tn",7,1,0.313,0.985908711204049,1,1,"PTGER4_PASK","BHLHE40_TXK/NR4A2_TXK/ANXA1_KLF2/NR4A2_IL6R/ANXA1_IL6R/PTGER4_PASK/NR4A2_ANKRD55"
"1125",1075,1069,"CD4+TNFRSF9- Treg_CD4+Temra","CD4+TNFRSF9- Treg","CD4+Temra",7,1,0.313,0.985908711204049,1,1,"TTN_S1PR5","ARID5B_CX3CR1/IKZF4_CX3CR1/ARID5B_IL5RA/TTN_S1PR5/ARID5B_C1orf21/RTKN2_C1orf21/STAM_C1orf21"
"1145",1076,1069,"CD8+ISG+ CD8+ T_CD4+CCR6+ Th17","CD8+ISG+ CD8+ T","CD4+CCR6+ Th17",7,1,0.313,0.985908711204049,1,1,"IFI6_ANXA1","STAT2_FLT3LG/IFI6_ANXA1/SP100_VIM/PLSCR1_ABCB1/STAT1_ABCB1/STAT2_ABCB1/IFIT3_ABCB1"
"1195",1077,1077,"CD4+CCL5+ Tm_CD4+IL26+ Th17","CD4+CCL5+ Tm","CD4+IL26+ Th17",32,9,0.617,0.986402883851611,1,1,"ZFP36L2_ANKRD28/CD40LG_ANKRD28/CD40LG_TNFSF14/PARP8_ANKRD28/CD40LG_IL4I1/CXCR4_IL4I1/HOPX_RUNX2/ZFP36L2_IL4I1/ZFP36L2_CEBPD","ZFP36L2_CEBPD/HOPX_RUNX2/BHLHE40_ID2/ANXA1_ID2/NR4A2_CD40LG/BHLHE40_IL22/CD40LG_TNFSF14/BHLHE40_CCR6/BHLHE40_IL23R/NR4A2_IL23R/ANXA1_IL23R/PARP8_IL23R/HOPX_IL17RE/BHLHE40_IL17RE/NR4A2_IL17RE/IFNG_IL17RE/IFNGR1_IL17RE/CD44_IL17RE/IL18RAP_IL17RE/ANXA1_IL17RE/ALOX5AP_IL17RE/ITGA1_IL17RE/PARP8_IL17RE/CD99_IL17RE/BHLHE40_KLRB1/BHLHE40_CTSH/ZFP36L2_IL4I1/CD40LG_IL4I1/CXCR4_IL4I1/ZFP36L2_ANKRD28/CD40LG_ANKRD28/PARP8_ANKRD28"
"1123",1078,1078,"CD4+IL21+ Tfh_CD4+Temra","CD4+IL21+ Tfh","CD4+Temra",35,10,0.627,0.98739129640415,1,1,"CD40LG_GZMB/IL6R_GNLY/ITM2A_IL18RAP/CD40LG_ZEB2/IL21_S1PR5/IL6R_S1PR5/TSHZ2_GNLY/CPM_GNLY/CD40LG_ZNF683/ITM2A_ZEB2","TNFSF4_HOPX/CD40LG_ZEB2/IGFL2_ZEB2/ITM2A_ZEB2/CD40LG_ZNF683/CD40LG_GZMB/IGFL2_GZMA/TOX2_CX3CR1/TOX_CX3CR1/RBPJ_CX3CR1/CD200_CX3CR1/IGFL2_CX3CR1/TOX2_IL5RA/CD200_IL5RA/NMB_IL5RA/ITM2A_IL18RAP/TSHZ2_GNLY/IL6R_GNLY/CPM_GNLY/ITM2A_GNLY/TSHZ2_S1PR5/IL21_S1PR5/IL6R_S1PR5/NR3C1_C1orf21/TOX2_C1orf21/TOX_C1orf21/TSHZ2_C1orf21/RBPJ_C1orf21/TNFSF4_C1orf21/GNG4_C1orf21/CD200_C1orf21/NMB_C1orf21/IGFL2_C1orf21/PDE7B_C1orf21/IGFL2_CTSW"
"161",1079,1079,"CD8+Temra_CD8+GZMK+ Tem","CD8+Temra","CD8+GZMK+ Tem",11,2,0.399,0.987401165829045,1,1,"KLF3_SUB1/TBX21_APOBEC3G","KLF3_SUB1/GZMB_GZMH/ZEB2_CXCR3/FCGR3A_CXCR3/S1PR5_CXCR3/PRSS23_CXCR3/GNLY_CXCR3/FCGR3A_HLA-DRB1/S1PR5_COTL1/KLF3_HLA-DQA1/TBX21_APOBEC3G"
"1523",1080,1080,"CD8+IL7R+ Tm_CD4+NME1+CCR4+ T","CD8+IL7R+ Tm","CD4+NME1+CCR4+ T",21,5,0.522,0.989112417795309,1,1,"BTG1_ENO1/ZFP36L2_CMTM7/LMNA_ENO1/ZFP36L2_ARHGDIB/ZFP36L2_TPM4","FTH1_SUB1/TNFAIP3_HDAC1/ANXA1_KLF2/BTG1_ENO1/LMNA_ENO1/ZFP36L2_CMTM7/GPR183_HMGB1/PABPC1_FLT3LG/TNFAIP3_IL16/ANXA1_IL6R/TNFAIP3_IL6R/FTH1_IL6R/PABPC1_IL6R/TNFAIP3_IFNAR2/PABPC1_IFNAR2/LMNA_TMSB10/TNFAIP3_CORO1A/FTH1_ARPC1B/ZFP36L2_ARHGDIB/FTH1_ARHGDIB/ZFP36L2_TPM4"
"39",1081,1081,"CD4+NME1+CCR4+ T_CD8+Tn","CD4+NME1+CCR4+ T","CD8+Tn",24,6,0.548,0.989127608624767,1,1,"FLT3LG_EEF1A1/IL6R_PABPC1/FLT3LG_PABPC1/IFNAR2_PABPC1/FLT3LG_ACTN1/KLF2_TIMP1","CNN2_KLF2/ENO1_TXK/SUB1_FLT3LG/ENO1_FLT3LG/CMTM7_FLT3LG/ACTG1_FLT3LG/CNN2_FLT3LG/ENO1_CMTM8/KLF2_TIMP1/ENO1_IL6R/TMSB10_IL6R/CNN2_IL6R/ENO1_IFNGR2/TMSB10_IFNGR2/ARPC1B_IFNGR2/ENO1_MAL/ENO1_EEF1A1/FLT3LG_EEF1A1/FLT3LG_ACTN1/ENO1_EEF1B2/ENO1_NOSIP/FLT3LG_PABPC1/IL6R_PABPC1/IFNAR2_PABPC1"
"952",1082,1081,"CD8+NME1+ T_CD4+CCL5+ Tm","CD8+NME1+ T","CD4+CCL5+ Tm",24,6,0.548,0.989127608624767,1,1,"MYB_GLUL/CXCR3_ALOX5AP/MYB_IFNGR1/MYB_ITGA1/MYB_PARP8/MYB_CD44","GAPDH_ZFP36L2/ENO1_ID2/GPI_ID2/GAPDH_ID2/CXCR3_BHLHE40/CXCR3_NR4A2/ENO1_CD40LG/GPI_CD40LG/GAPDH_IFNG/ENO1_GZMM/MYB_IFNGR1/ENO1_CD44/MYB_CD44/CXCR3_ALOX5AP/MYB_GLUL/MYB_ITGA1/ENO1_PARP8/MYB_PARP8/GPI_PARP8/GAPDH_PARP8/ENO1_PTGER4/GPI_PTGER4/GAPDH_PTGER4/KIF20A_PTGER4"
"1177",1083,1081,"CD8+KIR+EOMES+ NK-like_CD4+IL26+ Th17","CD8+KIR+EOMES+ NK-like","CD4+IL26+ Th17",24,6,0.548,0.989127608624767,1,1,"GCSAM_ANKRD28/KLRG1_IL4I1/GCSAM_RUNX2/CXCR4_IL4I1/CD160_ANKRD28/CMC1_ANKRD28","GCSAM_CEBPD/CD160_RUNX2/GCSAM_RUNX2/NR4A2_CD40LG/DUSP2_CD40LG/IKZF2_IL23R/NR4A2_IL23R/ZNF331_IL23R/IL2RB_IL23R/IKZF2_IL17RE/NR4A2_IL17RE/LITAF_IL17RE/ZNF331_IL17RE/TNFSF9_IL17RE/IFNGR1_IL17RE/CD160_IL17RE/TYROBP_IL17RE/CMC1_IL17RE/DUSP2_IL17RE/CXCR4_IL4I1/KLRG1_IL4I1/CD160_ANKRD28/CMC1_ANKRD28/GCSAM_ANKRD28"
"967",1084,1084,"CD4+IL21+ Tfh_CD4+CCL5+ Tm","CD4+IL21+ Tfh","CD4+CCL5+ Tm",27,7,0.569,0.989416399522071,1,1,"CD40LG_NR4A2/ITM2A_IL18RAP/TNFSF8_NR4A2/TSHZ2_NR4A2/IL6R_NR4A2/IL21_BHLHE40/IL6R_ANXA1","TNFSF4_HOPX/NR3C1_ID2/TOX2_ID2/RBPJ_ID2/CD200_ID2/NMB_ID2/IGFL2_ID2/IL21_BHLHE40/ITM2A_BHLHE40/TSHZ2_NR4A2/TNFSF8_NR4A2/CD40LG_NR4A2/IL6R_NR4A2/IGFL2_GZMA/IGFL2_XCL1/TNFSF4_CD40LG/IGFL2_CD40LG/IGFL2_IFNG/ITM2A_IL18RAP/IL6R_ANXA1/IGFL2_ITGA1/RBPJ_PARP8/CD200_PARP8/NR3C1_PTGER4/RBPJ_PTGER4/TNFSF4_CD99/IGFL2_CD99"
"201",1085,1085,"CD8+KIR+EOMES+ NK-like_CD8+Temra","CD8+KIR+EOMES+ NK-like","CD8+Temra",18,4,0.487,0.989524383911244,1,1,"GCSAM_GNLY/GCSAM_PRSS23/GCSAM_S1PR5/XCL2_GNLY","NR4A2_KLF3/LITAF_KLF3/ZNF331_KLF3/DUSP2_KLF3/CD160_ZEB2/DUSP2_TBX21/TNFSF9_FGFBP2/KLRD1_FGFBP2/GCSAM_S1PR5/GCSAM_PRSS23/XCL2_GNLY/KLRG1_GNLY/GCSAM_GNLY/NR4A2_C1orf21/LITAF_C1orf21/ZNF331_C1orf21/TNFSF9_C1orf21/CD160_C1orf21"
"808",1086,1085,"CD4+Temra_CD4+TNF+ T","CD4+Temra","CD4+TNF+ T",18,4,0.487,0.989524383911244,1,1,"C1orf21_CKLF/CX3CR1_EGR1/CTSW_CCL4/C1orf21_MYL12A","GNLY_ID2/CX3CR1_EGR1/ZEB2_CD40LG/ZNF683_CD40LG/GZMB_CD40LG/C1orf21_CKLF/CTSW_CCL4/CCL4_CCR2/IL18RAP_CCR2/GNLY_CCR2/ZEB2_CXCR3/GNLY_CXCR3/S1PR5_CXCR3/PRSS23_CXCR3/GZMB_CD52/GNLY_CD52/C1orf21_MYL12A/PRSS23_CAPG"
"1036",1087,1087,"CD4+AREG+ Tm_CD4+CAPG+CREM- Tm","CD4+AREG+ Tm","CD4+CAPG+CREM- Tm",33,9,0.598,0.990430015909448,1,1,"CD40LG_GZMB/PTGER2_ANXA1/KLF3_ANXA1/PTGER2_ALOX5AP/KLF3_IL18RAP/KLF2_ANXA1/CD40LG_ZNF683/PLAC8_GZMB/ZFP36L2_BHLHE40","AREG_HOPX/AREG_ID2/ANXA1_ID2/EEF1A1_ID2/GPR183_ID2/ZFP36L2_BHLHE40/AREG_BHLHE40/AREG_ZFP36L2/PABPC1_ZFP36L2/CD40LG_ZNF683/CD40LG_GZMB/PLAC8_GZMB/AREG_IFNG/AREG_XCL1/AREG_CD40LG/PABPC1_CD40LG/AREG_CXCR3/PABPC1_CXCR3/AREG_IFNGR1/AREG_CXCR6/KLF3_IL18RAP/AREG_IL18RAP/AREG_GPR35/PLAC8_SH3BGRL3/PTGER2_ALOX5AP/AREG_CAPG/AREG_CD52/KLF2_ANXA1/KLF3_ANXA1/PTGER2_ANXA1/AREG_CD99/AREG_TMSB4X/ANXA1_TMSB4X"
"171",1088,1088,"CD8+NME1+ T_CD8+GZMK+ Tem","CD8+NME1+ T","CD8+GZMK+ Tem",15,3,0.439,0.990584522821388,1,1,"MYB_SUB1/MYB_CST7/MYB_ITM2C","MYB_SUB1/ENO1_CD74/ENO1_CXCR3/GPI_CXCR3/GAPDH_CXCR3/ENO1_HLA-DRB1/ENO1_COTL1/CD74_COTL1/GAPDH_COTL1/KIF20A_COTL1/ENO1_HLA-DPB1/GAPDH_HLA-DPB1/GAPDH_HLA-DQA1/MYB_ITM2C/MYB_CST7"
"513",1089,1088,"CD8+Temra_CD8+ISG+ CD8+ T","CD8+Temra","CD8+ISG+ CD8+ T",15,3,0.439,0.990584522821388,1,1,"KLF3_STAT2/C1orf21_STAT2/CX3CR1_CCR1","KLF3_STAT2/C1orf21_STAT2/S1PR5_SP100/GNLY_TNFSF10/CX3CR1_CCR1/GZMB_IFIT1/GZMB_IFIT3/GZMB_IFI44L/GZMB_MX1/PRSS23_MX1/PLEK_MX1/S1PR5_IFI6/GZMB_OAS1/GNLY_OAS1/GZMB_OAS3"
"757",1090,1088,"CD8+NME1+ T_CD4+IL7R- Tn","CD8+NME1+ T","CD4+IL7R- Tn",15,3,0.439,0.990584522821388,1,1,"MYB_ACTG1/MYB_NACA/MYB_FAU","ENO1_EEF1B2/GAPDH_EEF1B2/ENO1_EEF1A1/GAPDH_EEF1A1/MYB_ACTG1/GAPDH_ACTG1/MYB_NACA/GAPDH_NACA/ENO1_FAU/MYB_FAU/GPI_FAU/GAPDH_FAU/ENO1_BTF3/GPI_BTF3/GAPDH_BTF3"
"819",1091,1088,"CD4+NME1+CCR4+ T_CD4+TNF+ T","CD4+NME1+CCR4+ T","CD4+TNF+ T",15,3,0.439,0.990584522821388,1,1,"KLF2_EGR1/IL6R_LCP2/CCR4_CCL4","TPM4_HOPX/SUB1_ID2/ENO1_ID2/KLF2_EGR1/ENO1_CD40LG/CNN2_CD40LG/CCR4_CCL4/ENO1_CCR2/ENO1_CXCR3/CMTM7_CXCR3/ENO1_ACTB/ENO1_CISH/ENO1_CAPG/TMSB10_CAPG/IL6R_LCP2"
"968",1092,1088,"CD4+IFNG+ Tfh/Th1_CD4+CCL5+ Tm","CD4+IFNG+ Tfh/Th1","CD4+CCL5+ Tm",15,3,0.439,0.990584522821388,1,1,"ID2_BHLHE40/ID2_ANXA1/IL21_BHLHE40","BHLHE40_ZFP36L2/BHLHE40_ID2/RBPJ_ID2/HAVCR2_ID2/PTMS_ID2/ID2_BHLHE40/IL21_BHLHE40/ZEB2_CD40LG/GZMB_CD40LG/HAVCR2_CD40LG/GZMB_GZMH/ID2_ANXA1/RBPJ_PARP8/RBPJ_PTGER4/LAG3_PTGER4"
"1452",1093,1088,"CD8+ZNF683+CXCR6+ Trm_CD4+ISG+ Th","CD8+ZNF683+CXCR6+ Trm","CD4+ISG+ Th",15,3,0.439,0.990584522821388,1,1,"LDLRAD4_IFI16/ID2_IFI16/LDLRAD4_RSAD2","RBPJ_SP100/LGALS1_SP100/ID2_IFI16/CXCR3_IFI16/LDLRAD4_IFI16/RBPJ_TNFSF10/GZMB_IFIT3/GZMB_IFIT1/LDLRAD4_RSAD2/GZMB_IFI44L/RBPJ_MX1/GZMB_MX1/RBPJ_IFI6/ID2_IFIT2/GZMB_IFIT2"
"1465",1094,1088,"CD4+AREG+ Tm_CD4+ISG+ Th","CD4+AREG+ Tm","CD4+ISG+ Th",15,3,0.439,0.990584522821388,1,1,"CD40LG_IFI16/PTGER2_IFI16/KLF3_IFI16","AREG_PLSCR1/AREG_IRF7/AREG_SP100/KLF3_IFI16/CD40LG_IFI16/PTGER2_IFI16/AREG_TNFSF10/AREG_TNFSF13B/AREG_IFIT3/AREG_MX1/AREG_ISG15/AREG_IFI6/ANXA1_IFI6/PABPC1_IFI6/AREG_MX2"
"93",1095,1095,"CD8+NME1+ T_CD8+ZNF683+CXCR6- Tm","CD8+NME1+ T","CD8+ZNF683+CXCR6- Tm",8,1,0.274,0.992338600123162,1,1,"MYB_PFN1","ENO1_ACTB/GAPDH_ACTB/GAPDH_SH3BGRL3/ENO1_CISH/GAPDH_CISH/ENO1_PFN1/MYB_PFN1/GAPDH_PFN1"
"123",1096,1095,"CD8+KIR+EOMES+ NK-like_CD8+GZMK+ early Tem","CD8+KIR+EOMES+ NK-like","CD8+GZMK+ early Tem",8,1,0.274,0.992338600123162,1,1,"KLRG1_CST7","KLRG1_CST7/NR4A2_DKK3/IKZF2_ENC1/NR4A2_ENC1/LITAF_ENC1/ZNF331_ENC1/NR4A2_PIK3R1/DUSP2_PIK3R1"
"165",1097,1095,"CD8+GZMK+ Tex_CD8+GZMK+ Tem","CD8+GZMK+ Tex","CD8+GZMK+ Tem",8,1,0.274,0.992338600123162,1,1,"HLA-DQA1_CCL4","HLA-DQA1_CCL4/PRDM1_CXCR3/TRPS1_CXCR3/NAMPT_HLA-DPA1/CD74_COTL1/HAVCR2_HLA-DPB1/CCL4_HLA-DQA1/CTLA4_CST7"
"534",1098,1095,"CD4+GZMK+ Tem_CD8+ISG+ CD8+ T","CD4+GZMK+ Tem","CD8+ISG+ CD8+ T",8,1,0.274,0.992338600123162,1,1,"CXCR3_STAT2","CXCR3_STAT2/LITAF_SP100/CST7_IFIT3/CCL4_IFI44L/CCL3L3_IFI6/CST7_IFI6/NR4A2_OAS1/CCL4_CMPK2"
"1065",1099,1095,"CD8+OXPHOS- Tex_CD4+GZMK+ Tem","CD8+OXPHOS- Tex","CD4+GZMK+ Tem",8,1,0.274,0.992338600123162,1,1,"TIGIT_CST7","PRDM1_NFATC2/CSF1_NFATC2/TNFRSF9_NFATC2/PRDM1_IFNG/PRDM1_CXCR3/CTLA4_CST7/TIGIT_CST7/HAVCR2_ENC1"
"1136",1100,1095,"CD8+GZMK+ Tem_CD4+CCR6+ Th17","CD8+GZMK+ Tem","CD4+CCR6+ Th17",8,1,0.274,0.992338600123162,1,1,"COTL1_MYBL1","CXCR3_BHLHE40/COTL1_MYBL1/SUB1_FLT3LG/CST7_KLRB1/CXCR3_IL4I1/COTL1_VIM/CST7_ABCB1/CST7_DPP4"
"1151",1101,1095,"CD4+IL7R- Tn_CD4+CCR6+ Th17","CD4+IL7R- Tn","CD4+CCR6+ Th17",8,1,0.274,0.992338600123162,1,1,"BTF3_ANXA1","EEF1A1_FLT3LG/ACTG1_FLT3LG/NACA_FLT3LG/BTF3_FLT3LG/NACA_CCR6/BTF3_ANXA1/ACTG1_ABCB1/LDHB_ABCB1"
"1533",1102,1095,"CD8+OXPHOS- Tex_CD4+NME1+CCR4+ T","CD8+OXPHOS- Tex","CD4+NME1+CCR4+ T",8,1,0.274,0.992338600123162,1,1,"KIR2DL4_ENO1","PHLDA1_KLF2/KIR2DL4_ENO1/PRDM1_FLT3LG/CSF1_FLT3LG/TNFRSF9_FLT3LG/PRDM1_IL16/FAM3C_IFNAR2/CSF1_COTL1"
"156",1103,1103,"CD4+NME1+CCR4+ T_CD8+GZMK+ early Tem","CD4+NME1+CCR4+ T","CD8+GZMK+ early Tem",12,2,0.366,0.992589913633747,1,1,"IL6R_DUSP2/CCR4_CST7","ENO1_CD74/COTL1_CD74/ENO1_CXCR5/IL32_CXCR5/CMTM7_CXCR5/ENO1_CD44/IL6R_DUSP2/ENO1_CMC1/CCR4_CST7/ENO1_DKK3/ENO1_ENC1/ENO1_PIK3R1"
"1164",1104,1103,"CD4+TNFRSF9- Treg_CD4+CCR6+ Th17","CD4+TNFRSF9- Treg","CD4+CCR6+ Th17",12,2,0.366,0.992589913633747,1,1,"FCRL3_IL4I1/FOXP3_IL4I1","VAV3_BHLHE40/ARID5B_FLT3LG/STAM_FLT3LG/FOXP3_IL4I1/FCRL3_IL4I1/SELL_IL4I1/IKZF2_ABCB1/RTKN2_ABCB1/TBC1D4_ABCB1/VAV3_ABCB1/STAM_ABCB1/TTN_ABCB1"
"1470",1105,1103,"CD4+CAPG+CREM- Tm_CD4+ISG+ Th","CD4+CAPG+CREM- Tm","CD4+ISG+ Th",12,2,0.366,0.992589913633747,1,1,"CD40LG_IFI16/ID2_IFI16","ID2_IFI16/CD40LG_IFI16/CXCR3_IFI16/GZMB_IFIT3/GZMB_IFIT1/CCL4_IFI44L/GZMB_IFI44L/GZMB_MX1/ANXA1_IFI6/ID2_IFIT2/GZMB_IFIT2/CCL4_CMPK2"
"1356",1106,1106,"CD4+CCR6+ Th17_CD4+S1PR1+ Treg","CD4+CCR6+ Th17","CD4+S1PR1+ Treg",25,6,0.526,0.992734285013628,1,1,"ABCB1_IL2RA/FLT3LG_CPNE2/ABCB1_RTKN2/ABCB1_TTN/ABCB1_IKZF2/KLRB1_CPNE2","IL4I1_FOXP3/ABCB1_IKZF2/TIMP1_KLF2/ANXA1_KLF2/ANXA1_KLF3/IL4I1_KLF3/VIM_KLF3/VIM_FLT3LG/VIM_CCR10/ABCB1_IL2RA/ABCB1_RTKN2/IL4I1_SELL/ABCB1_TTN/FLT3LG_CPNE2/KLRB1_CPNE2/ABCB1_CPNE2/BHLHE40_CCDC141/BHLHE40_HPGD/MYBL1_HPGD/CCL5_HPGD/TIMP1_HPGD/IL4I1_HPGD/BHLHE40_PI16/IL4I1_PI16/VIM_PI16"
"1179",1107,1107,"CD8+ZNF683+CXCR6+ Trm_CD4+IL26+ Th17","CD8+ZNF683+CXCR6+ Trm","CD4+IL26+ Th17",28,7,0.548,0.992803430757685,1,1,"ZFP36L2_ANKRD28/LDLRAD4_PTPN13/LDLRAD4_CEBPD/HOPX_RUNX2/ZFP36L2_IL4I1/CD52_IL4I1/ZFP36L2_CEBPD","ZFP36L2_CEBPD/LDLRAD4_CEBPD/HOPX_RUNX2/RBPJ_ID2/ZNF683_CD40LG/GZMB_CD40LG/RBPJ_IL22/IL32_IL22/LGALS1_IL22/RBPJ_IL23R/CXCR6_IL23R/ACTB_IL23R/LGALS1_IL23R/HOPX_IL17RE/RBPJ_IL17RE/CKLF_IL17RE/CXCR3_IL17RE/CAPG_IL17RE/LGALS3_IL17RE/ACTB_IL17RE/LGALS1_IL17RE/ITGA1_IL17RE/RBPJ_CA10/LDLRAD4_PTPN13/ZFP36L2_IL4I1/CXCR3_IL4I1/CD52_IL4I1/ZFP36L2_ANKRD28"
"21",1108,1108,"CD4+AREG+ Tm_CD8+Tn","CD4+AREG+ Tm","CD8+Tn",22,5,0.499,0.992878345794973,1,1,"PTGER2_PABPC1/KLF3_LEF1/ZFP36L2_PABPC1/CD40LG_PABPC1/KLF2_TIMP1","KLF3_LEF1/ANXA1_KLF2/AREG_TXK/AREG_BACH2/AREG_FLT3LG/EEF1A1_FLT3LG/PABPC1_FLT3LG/AREG_TNFSF8/AREG_IL23A/KLF2_TIMP1/AREG_TIMP1/AREG_IL6R/ANXA1_IL6R/PABPC1_IL6R/AREG_IFNGR2/AREG_SELL/AREG_EEF1A1/AREG_TPT1/AREG_NOSIP/ZFP36L2_PABPC1/CD40LG_PABPC1/PTGER2_PABPC1"
"515",1109,1108,"CD8+KIR+TXK+ NK-like_CD8+ISG+ CD8+ T","CD8+KIR+TXK+ NK-like","CD8+ISG+ CD8+ T",22,5,0.499,0.992878345794973,1,1,"B3GNT7_STAT1/B3GNT7_STAT2/TXK_STAT2/B3GNT7_RSAD2/B3GNT7_CD74","AREG_PLSCR1/B3GNT7_STAT1/AREG_IRF7/TXK_STAT2/AREG_STAT2/B3GNT7_STAT2/AREG_SP100/AREG_TNFSF10/AREG_CD74/B3GNT7_CD74/B3GNT7_RSAD2/AREG_IFIT3/AREG_MX1/TYROBP_MX1/LAT2_MX1/AREG_IFI6/KLRC3_IFI6/AREG_OAS1/TYROBP_OAS1/LAT2_OAS1/AREG_ISG15/AREG_OAS3"
"983",1110,1108,"CD8+KIR+TXK+ NK-like_CD4+CAPG+ Tm","CD8+KIR+TXK+ NK-like","CD4+CAPG+ Tm",22,5,0.499,0.992878345794973,1,1,"B3GNT7_TGFB1/B3GNT7_RBPJ/B3GNT7_IL32/B3GNT7_CD74/KIR3DL2_RBPJ","FOSL2_HOPX/AREG_HOPX/TXK_BHLHE40/AREG_BHLHE40/AREG_ID2/KIR3DL2_RBPJ/B3GNT7_RBPJ/AREG_PPARG/AREG_TIMP1/B3GNT7_IL32/B3GNT7_TGFB1/AREG_CD40LG/AREG_HMGB1/AREG_CXCR3/AREG_CD74/B3GNT7_CD74/AREG_CXCR6/AREG_TMSB4X/AREG_CAPG/AREG_CD52/AREG_PFN1/AREG_S100A11"
"1020",1111,1108,"CD8+Temra_CD4+CAPG+CREM- Tm","CD8+Temra","CD4+CAPG+CREM- Tm",22,5,0.499,0.992878345794973,1,1,"GZMH_GZMB/KLF3_ANXA1/C1orf21_CKLF/KLF3_IL18RAP/KLF2_ANXA1","GNLY_ID2/PRSS23_ZFP36L2/GNLY_ZFP36L2/GZMB_GZMH/GZMH_GZMB/C1orf21_CKLF/ZEB2_CD40LG/GZMB_CD40LG/ZEB2_CXCR3/FCGR3A_CXCR3/S1PR5_CXCR3/PRSS23_CXCR3/GNLY_CXCR3/KLF3_IL18RAP/FCGR3A_GPR35/GNLY_GPR35/PRSS23_CAPG/GZMB_CD52/FCGR3A_CD52/GNLY_CD52/KLF2_ANXA1/KLF3_ANXA1"
"1102",1112,1108,"CD8+GZMK+ Tex_CD4+Temra","CD8+GZMK+ Tex","CD4+Temra",22,5,0.499,0.992878345794973,1,1,"CD27_S1PR5/CD27_GNLY/CD27_ZEB2/HLA-DQA1_CCL4/DUSP4_GNLY","PRDM1_HOPX/TNFSF4_HOPX/NAMPT_HOPX/CD27_ZEB2/NAMPT_TBX21/HLA-DQA1_CCL4/TOX_CX3CR1/TRPS1_CX3CR1/NAMPT_CX3CR1/TNFRSF9_CX3CR1/NAMPT_IL5RA/TRPS1_FGFBP2/NAMPT_FGFBP2/CD27_GNLY/DUSP4_GNLY/CD27_S1PR5/TOX_C1orf21/TSC22D1_C1orf21/PRDM1_C1orf21/TRPS1_C1orf21/TNFSF4_C1orf21/CCL4_CTSW"
"997",1113,1113,"CD4+AREG+ Tm_CD4+CAPG+ Tm","CD4+AREG+ Tm","CD4+CAPG+ Tm",31,8,0.566,0.993015024810763,1,1,"KLF3_RBPJ/PTGER2_ALOX5AP/CD40LG_TGFB1/PTGER2_TGFB1/EEF1B2_RBPJ/KLF2_TGFB1/ZFP36L2_BHLHE40/KLF2_TIMP1","AREG_HOPX/ZFP36L2_BHLHE40/AREG_BHLHE40/AREG_ID2/ANXA1_ID2/EEF1A1_ID2/GPR183_ID2/KLF3_RBPJ/EEF1B2_RBPJ/AREG_PPARG/KLF2_TIMP1/AREG_TIMP1/KLF2_TGFB1/CD40LG_TGFB1/PTGER2_TGFB1/AREG_CD40LG/PABPC1_CD40LG/AREG_HMGB1/GPR183_HMGB1/AREG_CXCR3/PABPC1_CXCR3/AREG_CD74/AREG_CXCR6/PLAC8_SH3BGRL3/AREG_TMSB4X/ANXA1_TMSB4X/AREG_CAPG/PTGER2_ALOX5AP/AREG_CD52/AREG_PFN1/AREG_S100A11"
"1197",1114,1114,"CD4+CAPG+CREM- Tm_CD4+IL26+ Th17","CD4+CAPG+CREM- Tm","CD4+IL26+ Th17",34,9,0.581,0.993318039976051,1,1,"ZFP36L2_ANKRD28/CD40LG_ANKRD28/CD40LG_TNFSF14/CD40LG_IL4I1/HOPX_RUNX2/GPR35_IL4I1/ZFP36L2_IL4I1/CD52_IL4I1/ZFP36L2_CEBPD","ZFP36L2_CEBPD/HOPX_RUNX2/HCST_RUNX2/BHLHE40_ID2/ANXA1_ID2/ZNF683_CD40LG/GZMB_CD40LG/BHLHE40_IL22/CD40LG_TNFSF14/BHLHE40_CCR6/BHLHE40_IL23R/CXCR6_IL23R/ANXA1_IL23R/HOPX_IL17RE/BHLHE40_IL17RE/CKLF_IL17RE/IFNG_IL17RE/CXCR3_IL17RE/IFNGR1_IL17RE/IL18RAP_IL17RE/ALOX5AP_IL17RE/CAPG_IL17RE/ANXA1_IL17RE/CD99_IL17RE/HCST_IL17RE/BHLHE40_KLRB1/BHLHE40_CTSH/ZFP36L2_IL4I1/CD40LG_IL4I1/CXCR3_IL4I1/GPR35_IL4I1/CD52_IL4I1/ZFP36L2_ANKRD28/CD40LG_ANKRD28"
"1206",1115,1114,"CD4+ISG+ Treg_CD4+IL26+ Th17","CD4+ISG+ Treg","CD4+IL26+ Th17",34,9,0.581,0.993318039976051,1,1,"IL7_ANKRD28/BATF_CEBPD/ETV7_IL4I1/LTA_IL4I1/ETV7_ANKRD28/FOXP3_IL4I1/IL7_CEBPD/IL7_RUNX2/IL7_IL4I1","BATF_CEBPD/IL7_CEBPD/IL7_RUNX2/NAMPT_ID2/NAMPT_TNFSF13B/CSF1_CD40LG/NAMPT_CD40LG/IL32_IL22/TNFSF10_IL22/NAMPT_IL22/CD70_IL22/CD70_CXCR6/CSF1_IL23R/NAMPT_IL23R/CD70_IL23R/IL2RB_IL23R/BATF_IL17RE/CSF1_IL17RE/NAMPT_IL17RE/CD70_IL17RE/IL2RA_IL17RE/IL1R2_IL17RE/NAMPT_KLRB1/NAMPT_CTSH/NAMPT_CA10/NAMPT_MGAT4A/NAMPT_ERN1/FOXP3_IL4I1/ETV7_IL4I1/LTA_IL4I1/IL7_IL4I1/ETV7_ANKRD28/IL7_ANKRD28/CD70_TMIGD2"
"230",1116,1116,"CD4+TNFRSF9+ Treg_CD8+Temra","CD4+TNFRSF9+ Treg","CD8+Temra",37,10,0.593,0.993676114681295,1,1,"IL7_S1PR5/CARD16_S1PR5/BATF_GNLY/BATF_S1PR5/IL7_GNLY/CARD16_GNLY/IL1RN_FCGR3A/LAIR2_PRSS23/EBI3_ZEB2/IL1RN_GNLY","NAMPT_ASCL2/IL2RA_ASCL2/LAYN_ASCL2/PMAIP1_ASCL2/NAMPT_KLF3/CSF1_KLF3/PMAIP1_KLF3/EBI3_ZEB2/PMAIP1_ZEB2/NAMPT_TBX21/CSF1_TBX21/CD70_TBX21/TNFRSF4_TBX21/IKZF4_CX3CR1/NAMPT_CX3CR1/CD70_CX3CR1/IL1R2_CX3CR1/TNFRSF9_CX3CR1/TNFRSF4_CX3CR1/PMAIP1_CX3CR1/TNFRSF4_CMKLR1/NAMPT_FGFBP2/CD70_FGFBP2/PMAIP1_FGFBP2/IL1RN_FCGR3A/BATF_S1PR5/IL7_S1PR5/CARD16_S1PR5/LAIR2_PRSS23/BATF_GNLY/IL1RN_GNLY/IL7_GNLY/CARD16_GNLY/CD70_C1orf21/LAYN_C1orf21/TNFRSF4_C1orf21/PMAIP1_C1orf21"
"152",1117,1117,"CD4+TNFRSF9+ Treg_CD8+GZMK+ early Tem","CD4+TNFRSF9+ Treg","CD8+GZMK+ early Tem",16,3,0.411,0.994216608491928,1,1,"EBI3_CD74/TIGIT_CST7/CCL22_DUSP2","IL1RN_CXCR4/EBI3_CD74/IL32_CXCR5/NAMPT_CXCR5/CD70_CXCR5/TNFRSF9_CXCR5/TNFRSF4_CXCR5/CCL22_DUSP2/TNFRSF4_CMC1/PMAIP1_CMC1/TIGIT_CST7/CTLA4_CST7/IKZF2_ENC1/NAMPT_ENC1/PMAIP1_ENC1/PMAIP1_PIK3R1"
"831",1118,1117,"CD8+OXPHOS- Tex_CD4+AREG+ Tm","CD8+OXPHOS- Tex","CD4+AREG+ Tm",16,3,0.411,0.994216608491928,1,1,"ENTPD1_AREG/LAYN_AREG/ETV1_AREG","CSF1_ZFP36L2/PHLDA1_KLF2/ETV1_KLF3/PRDM1_KLF3/CSF1_KLF3/CCL3_KLF3/FAM3C_KLF3/PRDM1_TCF7/CSF1_CD40LG/HAVCR2_CD40LG/TNFRSF9_CD40LG/ETV1_AREG/LAYN_AREG/ENTPD1_AREG/ACP5_AREG/HAVCR2_PLAC8"
"1451",1119,1117,"CD8+KIR+TXK+ NK-like_CD4+ISG+ Th","CD8+KIR+TXK+ NK-like","CD4+ISG+ Th",16,3,0.411,0.994216608491928,1,1,"B3GNT7_STAT1/B3GNT7_IFI16/B3GNT7_RSAD2","AREG_PLSCR1/AREG_IRF7/B3GNT7_STAT1/AREG_SP100/B3GNT7_IFI16/AREG_TNFSF10/AREG_TNFSF13B/AREG_IFIT3/B3GNT7_RSAD2/AREG_MX1/TYROBP_MX1/LAT2_MX1/AREG_ISG15/AREG_IFI6/KLRC3_IFI6/AREG_MX2"
"1456",1120,1117,"CD8+TCF7+ Tex_CD4+ISG+ Th","CD8+TCF7+ Tex","CD4+ISG+ Th",16,3,0.411,0.994216608491928,1,1,"IL6R_IFI16/CD40LG_IFI16/IFNAR2_IFI16","CD200_SP100/GNG4_SP100/TNFRSF4_SP100/CD40LG_IFI16/IL6R_IFI16/IFNAR2_IFI16/IGFL2_TNFSF10/CD200_TNFSF13B/TNFRSF4_IFIT3/NMB_IFIT3/TNFRSF4_IFIT1/NMB_ISG15/NR3C1_IFI6/TNFRSF4_IFI6/NR3C1_MX2/TNFRSF4_CMPK2"
"1192",1121,1121,"CD4+AREG+ Tm_CD4+IL26+ Th17","CD4+AREG+ Tm","CD4+IL26+ Th17",46,13,0.62,0.994860205976054,1,1,"ZFP36L2_ANKRD28/TCF7_ANKRD28/CD40LG_ANKRD28/CD40LG_TNFSF14/KLF3_ANKRD28/CD40LG_IL4I1/EEF1B2_ANKRD28/CXCR4_IL4I1/ZFP36L2_IL4I1/KLF3_RUNX2/KLF3_CEBPD/ZFP36L2_CEBPD/KLF2_ANKRD28","AREG_RORC/AREG_RORA/ZFP36L2_CEBPD/KLF3_CEBPD/KLF3_RUNX2/AREG_ID2/ANXA1_ID2/EEF1A1_ID2/GPR183_ID2/AREG_IL26/AREG_TNFSF13B/AREG_CD40LG/PABPC1_CD40LG/AREG_IL22/PABPC1_IL22/CD40LG_TNFSF14/AREG_TNFSF14/AREG_CXCR6/AREG_CCR6/AREG_IL23R/ANXA1_IL23R/TPT1_IL23R/CD55_IL23R/PABPC1_IL23R/TCF7_IL17RE/AREG_IL17RE/ANXA1_IL17RE/EEF1A1_IL17RE/TPT1_IL17RE/PABPC1_IL17RE/EEF1B2_IL17RE/AREG_CTSH/AREG_CA10/AREG_CAPG/AREG_MGAT4A/ZFP36L2_IL4I1/KLF3_IL4I1/CD40LG_IL4I1/CXCR4_IL4I1/ZFP36L2_ANKRD28/KLF2_ANKRD28/KLF3_ANKRD28/TCF7_ANKRD28/CD40LG_ANKRD28/EEF1B2_ANKRD28/AREG_TMIGD2"
"282",1122,1122,"CD8+GZMK+ Tex_CD8+KIR+TXK+ NK-like","CD8+GZMK+ Tex","CD8+KIR+TXK+ NK-like",26,6,0.506,0.995184039919441,1,1,"LYST_AREG/DUSP4_AREG/HLA-DRB1_AREG/CD74_AREG/CD27_AREG/CXCR6_AREG","TRPS1_IKZF2/PRDM1_HOPX/TNFSF4_HOPX/NAMPT_HOPX/CCL3_TXK/NAMPT_TXK/HAVCR2_TXK/IFNG_AREG/CD74_AREG/CXCR6_AREG/CD27_AREG/LYST_AREG/DUSP4_AREG/HLA-DRB1_AREG/TRPS1_KIR3DL2/NAMPT_KIR3DL2/TRPS1_KIR2DL4/TOX_B3GNT7/PRDM1_B3GNT7/TRPS1_B3GNT7/TNFSF4_B3GNT7/NAMPT_B3GNT7/CD74_B3GNT7/HAVCR2_B3GNT7/CTLA4_B3GNT7/TNFRSF9_B3GNT7"
"818",1123,1122,"CD4+NME1+CCR4- T_CD4+TNF+ T","CD4+NME1+CCR4- T","CD4+TNF+ T",26,6,0.506,0.995184039919441,1,1,"MEOX1_LCP2/MEOX1_GZMA/MEOX1_EGR1/MEOX1_FASLG/MEOX1_TNF/MEOX1_CCL4","ENO1_ID2/SUB1_ID2/GPI_ID2/GAPDH_ID2/MEOX1_EGR1/ENO1_CD40LG/GPI_CD40LG/MEOX1_GZMA/MEOX1_TNF/GAPDH_IFNG/MEOX1_CCL4/MEOX1_FASLG/ENO1_CCR2/ENO1_CXCR3/GPI_CXCR3/GAPDH_CXCR3/GAPDH_SH3BGRL3/ENO1_ACTB/GAPDH_ACTB/MEOX1_MYL12A/ENO1_CISH/GAPDH_CISH/ENO1_CAPG/GAPDH_CAPG/TMSB10_CAPG/MEOX1_LCP2"
"1272",1124,1122,"CD4+CREM+ Tm_CD4+IFNG+ Tfh/Th1","CD4+CREM+ Tm","CD4+IFNG+ Tfh/Th1",26,6,0.506,0.995184039919441,1,1,"PTGER4_RBPJ/PTGER4_LAG3/GPR35_BHLHE40/CXCL16_FAM3C/CXCL16_HAVCR2/ZFP36L2_BHLHE40","AREG_ID2/SRGN_ID2/TNFAIP3_ID2/ANXA1_ID2/ZFP36L2_BHLHE40/AREG_BHLHE40/GPR35_BHLHE40/PTGER4_RBPJ/AREG_IFNG/AREG_IL21/CXCL16_FAM3C/AREG_CXCR6/TNFAIP3_CXCR6/FTH1_CD4/SRGN_IL2RG/AREG_CD74/PTGER4_LAG3/CXCL16_HAVCR2/AREG_KRT86/AREG_MYO7A/FTH1_MYO7A/AREG_RDH10/SRGN_RDH10/AREG_DUSP4/FTH1_DUSP4/TNFAIP3_DUSP4"
"210",1125,1125,"CD8+NME1+ T_CD8+Temra","CD8+NME1+ T","CD8+Temra",32,8,0.548,0.995219071797146,1,1,"CXCR3_GNLY/MYB_FGR/MYB_GNLY/CXCR3_ZEB2/CXCR3_FCGR3A/MYB_PRSS23/CXCR3_S1PR5/CXCR3_PRSS23","ENO1_ASCL2/HMGA1_ASCL2/GPI_ASCL2/KIF20A_ASCL2/ENO1_KLF3/GPI_KLF3/GAPDH_KLF3/CXCR3_ZEB2/GAPDH_ZEB2/ENO1_TBX21/ENO1_GZMM/ENO1_CX3CR1/GPI_CX3CR1/GAPDH_CX3CR1/KIF20A_CX3CR1/ENO1_CMKLR1/GAPDH_CMKLR1/ENO1_FGFBP2/GAPDH_FGFBP2/CXCR3_FCGR3A/CXCR3_S1PR5/MYB_PRSS23/CXCR3_PRSS23/MYB_GNLY/CXCR3_GNLY/GAPDH_KLRD1/MYB_FGR/ENO1_C1orf21/GPI_C1orf21/CKLF_C1orf21/ACTG1_C1orf21/GAPDH_C1orf21"
"327",1126,1125,"CD8+NME1+ T_CD8+ZNF683+CXCR6+ Trm","CD8+NME1+ T","CD8+ZNF683+CXCR6+ Trm",32,8,0.548,0.995219071797146,1,1,"MYB_RBPJ/CXCR3_LGALS1/GTF3A_RBPJ/HMGB1_RBPJ/MYB_ITGA1/HMGB1_LGALS1/MYB_LGALS1/PFN1_LGALS1","ENO1_ID2/GPI_ID2/GAPDH_ID2/GAPDH_ZFP36L2/GTF3A_RBPJ/MYB_RBPJ/HMGB1_RBPJ/ENO1_CXCR6/GAPDH_CXCR6/ENO1_CXCR3/GPI_CXCR3/GAPDH_CXCR3/ENO1_CAPG/GAPDH_CAPG/ENO1_TMSB4X/GAPDH_TMSB4X/ENO1_LGALS3/GPI_LGALS3/CENPA_LGALS3/GAPDH_LGALS3/KIF20A_LGALS3/ENO1_ACTB/GAPDH_ACTB/GAPDH_SH3BGRL3/MYB_LGALS1/HMGB1_LGALS1/CXCR3_LGALS1/PFN1_LGALS1/MYB_ITGA1/ENO1_LDLRAD4/GTF3A_LDLRAD4/GAPDH_LDLRAD4"
"1534",1127,1125,"CD8+TCF7+ Tex_CD4+NME1+CCR4+ T","CD8+TCF7+ Tex","CD4+NME1+CCR4+ T",32,8,0.548,0.995219071797146,1,1,"CD40LG_ENO1/EBI3_ENO1/IL6R_CNN2/CD40LG_CNN2/EBI3_CD74/IL6R_ENO1/IL6R_TMSB10/BATF_ENO1","NMB_HDAC1/IGFL2_KLF2/BATF_ENO1/EBI3_ENO1/CD40LG_ENO1/IL6R_ENO1/CPM_ENO1/NMB_HMGB1/NR3C1_FLT3LG/CD200_FLT3LG/IGFL2_FLT3LG/IGFBP4_FLT3LG/IGFL2_IL16/EBI3_CD74/CD200_IL6R/GNG4_IL6R/TNFRSF4_IL6R/IGFL2_IL6R/NMB_IL6R/IGFBP4_IL6R/CD200_IFNAR2/NMB_IFNAR2/IGFL2_ACTB/NMB_PFN1/IL6R_TMSB10/NR3C1_COTL1/TNFRSF4_COTL1/IGFBP4_COTL1/CD40LG_CNN2/IL6R_CNN2/IGFL2_CNN2/NMB_ARHGDIB"
"897",1128,1128,"CD4+NME1+CCR4+ T_CD4+TIMP1+ Tm","CD4+NME1+CCR4+ T","CD4+TIMP1+ Tm",23,5,0.477,0.995379668522177,1,1,"FLT3LG_VIM/HMGB1_VIM/KLF2_ANXA1/IL6R_ANXA1/KLF2_TIMP1","CNN2_KLF2/TPM4_HOPX/ACTG1_LMO4/CNN2_LMO4/TPM4_LMO4/KLF2_TIMP1/SUB1_FLT3LG/ENO1_FLT3LG/CMTM7_FLT3LG/ACTG1_FLT3LG/CNN2_FLT3LG/ENO1_CD40LG/CNN2_CD40LG/ENO1_S100A10/TMSB10_S100A10/KLF2_ANXA1/IL6R_ANXA1/ENO1_S100A6/HMGB1_VIM/FLT3LG_VIM/COTL1_VIM/ENO1_CAPG/TMSB10_CAPG"
"1389",1129,1129,"CD4+CREM+ Tm_CD4+TNFRSF9+ Treg","CD4+CREM+ Tm","CD4+TNFRSF9+ Treg",52,15,0.633,0.995621888930191,1,1,"PTGER4_NAMPT/FAM177A1_PMAIP1/PTGER4_IL32/GPR35_PMAIP1/YPEL5_PMAIP1/LMNA_PMAIP1/ZFP36L2_CD70/ZFP36L2_PMAIP1/GPR35_TNFRSF4/TGFB1_PMAIP1/ZFP36L2_CSF1/PTGER4_TNFRSF4/CXCL16_CD70/ZFP36L2_NAMPT/PTGER4_CSF1","ZNF331_BATF/AREG_BATF/FTH1_BATF/TNFAIP3_BATF/AREG_IKZF2/TNFAIP3_IKZF2/FTH1_ZBTB32/PTGER4_IL32/ZFP36L2_NAMPT/PTGER4_NAMPT/TGFB1_EBI3/AREG_EBI3/TNFAIP3_EBI3/AREG_CCL22/TNFAIP3_CCL22/ZFP36L2_CSF1/PTGER4_CSF1/ZFP36L2_CD70/CXCL16_CD70/CREM_IL1RN/AREG_IL1RN/CXCR4_IL1RN/FTH1_IL1RN/SRGN_IL1RN/ANXA1_IL1RN/CREM_IL7/ZNF331_IL7/AREG_IL7/IFNGR1_IL7/SRGN_IL7/TNFAIP3_IL7/AREG_IL2RB/AREG_CD74/AREG_LAYN/SRGN_TIGIT/GPR35_TNFRSF4/PTGER4_TNFRSF4/AREG_CARD16/IFNGR1_CARD16/FTH1_CARD16/SRGN_CARD16/TNFAIP3_CARD16/ANXA1_CARD16/CREM_LAIR2/AREG_LAIR2/TNFAIP3_TBC1D4/ZFP36L2_PMAIP1/TGFB1_PMAIP1/GPR35_PMAIP1/FAM177A1_PMAIP1/YPEL5_PMAIP1/LMNA_PMAIP1"
"187",1130,1130,"CD4+IL21+ Tfh_CD8+GZMK+ Tem","CD4+IL21+ Tfh","CD8+GZMK+ Tem",13,2,0.337,0.995667261269082,1,1,"ITM2A_CST7/CXCR5_IL32","IGFL2_GZMA/CXCR5_IL32/NR3C1_CXCR3/GNG4_CXCR3/CD200_CXCR3/NMB_CXCR3/IGFL2_CXCR3/NMB_HLA-DPA1/NR3C1_COTL1/NMB_HLA-DPB1/CD200_HLA-DQA1/IGFL2_ITM2C/ITM2A_CST7"
"520",1131,1130,"CD8+TCF7+ Tex_CD8+ISG+ CD8+ T","CD8+TCF7+ Tex","CD8+ISG+ CD8+ T",13,2,0.337,0.995667261269082,1,1,"EBI3_CD74/IL6R_STAT2","IL6R_STAT2/CD200_SP100/GNG4_SP100/TNFRSF4_SP100/IGFL2_TNFSF10/EBI3_CD74/TNFRSF4_IFIT1/TNFRSF4_IFIT3/NMB_IFIT3/NR3C1_IFI6/TNFRSF4_IFI6/TNFRSF4_CMPK2/NMB_ISG15"
"533",1132,1130,"CD4+CAPG+CREM- Tm_CD8+ISG+ CD8+ T","CD4+CAPG+CREM- Tm","CD8+ISG+ CD8+ T",13,2,0.337,0.995667261269082,1,1,"CXCR3_STAT2/ID2_STAT2","ID2_STAT2/CXCR3_STAT2/GZMB_IFIT1/GZMB_IFIT3/CCL4_IFI44L/GZMB_IFI44L/GZMB_MX1/ANXA1_IFI6/GZMB_OAS1/SH3BGRL3_OAS1/ALOX5AP_OAS1/CCL4_CMPK2/GZMB_OAS3"
"1053",1133,1133,"CD4+NME1+CCR4+ T_CD4+CAPG+CREM- Tm","CD4+NME1+CCR4+ T","CD4+CAPG+CREM- Tm",20,4,0.439,0.995788556447481,1,1,"IFNAR2_BHLHE40/KLF2_ANXA1/IL6R_ANXA1/CCR4_CCL4","TPM4_HOPX/SUB1_ID2/ENO1_ID2/IFNAR2_BHLHE40/ARHGDIB_BHLHE40/CMTM7_ZFP36L2/ARHGDIB_ZFP36L2/TPM4_ZFP36L2/CCR4_CCL4/ENO1_CD40LG/CNN2_CD40LG/ENO1_CXCR3/CMTM7_CXCR3/ENO1_CXCR6/ENO1_GPR35/ENO1_CAPG/TMSB10_CAPG/KLF2_ANXA1/IL6R_ANXA1/ENO1_TMSB4X"
"1198",1134,1133,"CD4+GZMK+ Tem_CD4+IL26+ Th17","CD4+GZMK+ Tem","CD4+IL26+ Th17",20,4,0.439,0.995788556447481,1,1,"ITM2C_RUNX2/CXCR4_IL4I1/F2R_CEBPD/F2R_ANKRD28","F2R_CEBPD/ITM2C_RUNX2/NR4A2_CD40LG/NR4A2_IL23R/FASLG_IL23R/CCL3_IL23R/CD4_IL23R/CRTAM_IL23R/CCL4L2_IL23R/LITAF_IL17RE/NR4A2_IL17RE/TNFSF9_IL17RE/IFNG_IL17RE/CCL3_IL17RE/CXCR3_IL17RE/ITM2C_IL17RE/CST7_KLRB1/CXCR4_IL4I1/CXCR3_IL4I1/F2R_ANKRD28"
"1412",1135,1135,"CD8+KIR+TXK+ NK-like_CD4+ISG+ Treg","CD8+KIR+TXK+ NK-like","CD4+ISG+ Treg",41,11,0.589,0.995803882186973,1,1,"B3GNT7_NAMPT/TXK_NAMPT/B3GNT7_STAT1/B3GNT7_IL32/B3GNT7_CSF1/KIR3DL2_NAMPT/B3GNT7_CCR8/B3GNT7_RSAD2/B3GNT7_CD74/B3GNT7_IL2RB/HOPX_NAMPT","B3GNT7_STAT1/AREG_IRF7/AREG_ETV7/FAM3C_ETV7/FOSL2_BATF/AREG_BATF/LAT2_BATF/B3GNT7_IL32/AREG_TNFSF10/AREG_IL1RN/B3GNT7_CSF1/HOPX_NAMPT/TXK_NAMPT/KIR3DL2_NAMPT/B3GNT7_NAMPT/IKZF2_IL7/FOSL2_IL7/REL_IL7/AREG_IL7/TYROBP_IL7/KLRC3_IL7/LAT2_IL7/AREG_TNFSF13B/B3GNT7_CCR8/AREG_CD74/B3GNT7_CD74/AREG_IL2RB/B3GNT7_IL2RB/AREG_OAS1/TYROBP_OAS1/LAT2_OAS1/AREG_MX1/TYROBP_MX1/LAT2_MX1/AREG_ISG15/AREG_USP18/AREG_IFI6/KLRC3_IFI6/B3GNT7_RSAD2/AREG_IFIT3/AREG_HERC5"
"6",1136,1136,"CD8+KIR+EOMES+ NK-like_CD8+Tn","CD8+KIR+EOMES+ NK-like","CD8+Tn",9,1,0.244,0.995835012147683,1,1,"CD160_ACTN1","NR4A2_TXK/KLRD1_TXK/DUSP2_TXK/NR4A2_TNFSF8/NR4A2_IL6R/DUSP2_IL6R/DUSP2_MAL/CD160_ACTN1/GCSAM_NOSIP"
"166",1137,1136,"CD8+terminal Tex_CD8+GZMK+ Tem","CD8+terminal Tex","CD8+GZMK+ Tem",9,1,0.244,0.995835012147683,1,1,"TIGIT_CST7","GZMB_GZMH/CD70_CXCR3/NAMPT_HLA-DPA1/CSF1_COTL1/CD70_COTL1/CD74_COTL1/HAVCR2_HLA-DPB1/CTLA4_CST7/TIGIT_CST7"
"243",1138,1136,"CD8+GZMK+ Tex_CD8+KIR+EOMES+ NK-like","CD8+GZMK+ Tex","CD8+KIR+EOMES+ NK-like",9,1,0.244,0.995835012147683,1,1,"CD27_TNFSF9","TRPS1_IKZF2/CD27_TNFSF9/PRDM1_KLRG1/NAMPT_KLRG1/TRPS1_CMC1/TSC22D1_GCSAM/TRPS1_GCSAM/TNFSF4_GCSAM/NAMPT_GCSAM"
"708",1139,1136,"CD8+Temra_CD4+ADSL+ Tn","CD8+Temra","CD4+ADSL+ Tn",9,1,0.244,0.995835012147683,1,1,"KLF3_LEF1","GNLY_TCF7/C1orf21_TCF7/KLF3_LEF1/KLRD1_TXK/PLEK_TXK/S1PR5_IL6R/GNLY_IL6R/S1PR5_ANKRD55/S1PR5_COTL1"
"804",1140,1136,"CD4+CCL5+ Tm_CD4+TNF+ T","CD4+CCL5+ Tm","CD4+TNF+ T",9,1,0.244,0.995835012147683,1,1,"CD40LG_LCP2","BHLHE40_ID2/ANXA1_ID2/NR4A2_CD40LG/CCL4_CCR2/IL18RAP_CCR2/BHLHE40_CXCR3/NR4A2_CXCR3/ALOX5AP_CXCR3/CD40LG_LCP2"
"816",1141,1136,"CD4+ISG+ Treg_CD4+TNF+ T","CD4+ISG+ Treg","CD4+TNF+ T",9,1,0.244,0.995835012147683,1,1,"ETV7_LCP2","NAMPT_HOPX/NAMPT_ID2/CSF1_CD40LG/NAMPT_CD40LG/CD70_CXCR3/NAMPT_CD52/OAS1_SH3BGRL3/NAMPT_CISH/ETV7_LCP2"
"1250",1142,1136,"CD8+IL7R+ Tm_CD4+IFNG+ Tfh/Th1","CD8+IL7R+ Tm","CD4+IFNG+ Tfh/Th1",9,1,0.244,0.995835012147683,1,1,"ZFP36L2_BHLHE40","ANXA1_ID2/TNFAIP3_ID2/GPR183_ID2/ZFP36L2_BHLHE40/TNFAIP3_CXCR6/FTH1_CD4/FTH1_MYO7A/TNFAIP3_DUSP4/FTH1_DUSP4"
"132",1143,1143,"CD8+NME1+ T_CD8+GZMK+ early Tem","CD8+NME1+ T","CD8+GZMK+ early Tem",17,3,0.387,0.996472819120673,1,1,"MYB_CMC1/MYB_CST7/MYB_CD44","ENO1_CD74/ENO1_CXCR5/GPI_CXCR5/GAPDH_CXCR5/ENO1_CD44/MYB_CD44/ENO1_CMC1/MYB_CMC1/GPI_CMC1/MYB_CST7/ENO1_DKK3/ENO1_ENC1/HMGA1_ENC1/GAPDH_ENC1/ENO1_PIK3R1/GPI_PIK3R1/GAPDH_PIK3R1"
"1007",1144,1143,"CD4+IFNG+ Tfh/Th1_CD4+CAPG+ Tm","CD4+IFNG+ Tfh/Th1","CD4+CAPG+ Tm",17,3,0.387,0.996472819120673,1,1,"ID2_RBPJ/ID2_BHLHE40/IL21_BHLHE40","ID2_BHLHE40/IL21_BHLHE40/BHLHE40_ID2/RBPJ_ID2/HAVCR2_ID2/PTMS_ID2/ID2_RBPJ/ZEB2_CD40LG/GZMB_CD40LG/HAVCR2_CD40LG/RBPJ_HMGB1/ZEB2_CXCR3/BHLHE40_CXCR3/HAVCR2_CAPG/GZMB_CD52/HAVCR2_CD52/CD74_COTL1"
"1475",1145,1143,"CD4+IL21+ Tfh_CD4+ISG+ Th","CD4+IL21+ Tfh","CD4+ISG+ Th",17,3,0.387,0.996472819120673,1,1,"IL6R_IFI16/CD40LG_IFI16/ITM2A_IFI16","TOX2_SP100/RBPJ_SP100/GNG4_SP100/CD200_SP100/CD40LG_IFI16/IL6R_IFI16/ITM2A_IFI16/RBPJ_TNFSF10/IGFL2_TNFSF10/CD200_TNFSF13B/NMB_IFIT3/TOX2_MX1/RBPJ_MX1/NMB_ISG15/NR3C1_IFI6/RBPJ_IFI6/NR3C1_MX2"
"1532",1146,1143,"CD8+terminal Tex_CD4+NME1+CCR4+ T","CD8+terminal Tex","CD4+NME1+CCR4+ T",17,3,0.387,0.996472819120673,1,1,"IL2RG_ENO1/CXCR6_ENO1/DUSP4_TMSB10","CXCR6_ENO1/CD74_ENO1/IL2RG_ENO1/RBPJ_HMGB1/NAMPT_HMGB1/RBPJ_FLT3LG/TOX2_FLT3LG/CSF1_FLT3LG/CD70_FLT3LG/TNFRSF9_FLT3LG/GEM_FLT3LG/NAMPT_IL6R/FAM3C_IFNAR2/DUSP4_TMSB10/CSF1_COTL1/CD70_COTL1/CD74_COTL1"
"350",1147,1147,"CD4+NME1+CCR4- T_CD8+ZNF683+CXCR6+ Trm","CD4+NME1+CCR4- T","CD8+ZNF683+CXCR6+ Trm",33,8,0.532,0.99675156968121,1,1,"MEOX1_IL32/MEOX1_RBPJ/MEOX1_GZMB/MEOX1_ZNF683/MEOX1_GZMA/HMGB1_RBPJ/HMGB1_LGALS1/PFN1_LGALS1","MEOX1_ZNF683/ENO1_ID2/SUB1_ID2/GPI_ID2/GAPDH_ID2/GAPDH_ZFP36L2/MEOX1_RBPJ/HMGB1_RBPJ/MEOX1_IL32/MEOX1_GZMB/MEOX1_GZMA/ENO1_CXCR6/GAPDH_CXCR6/ENO1_CXCR3/GPI_CXCR3/GAPDH_CXCR3/ENO1_CAPG/GAPDH_CAPG/TMSB10_CAPG/ENO1_TMSB4X/GAPDH_TMSB4X/ENO1_LGALS3/GPI_LGALS3/GAPDH_LGALS3/CFL1_LGALS3/ENO1_ACTB/GAPDH_ACTB/GAPDH_SH3BGRL3/HMGB1_LGALS1/PFN1_LGALS1/ENO1_LDLRAD4/PHF5A_LDLRAD4/GAPDH_LDLRAD4"
"333",1148,1148,"CD4+AREG+ Tm_CD8+ZNF683+CXCR6+ Trm","CD4+AREG+ Tm","CD8+ZNF683+CXCR6+ Trm",27,6,0.487,0.996831937175832,1,1,"KLF3_RBPJ/CD40LG_GZMB/CD40LG_ZNF683/PLAC8_GZMB/EEF1B2_RBPJ/KLF3_LGALS1","CD40LG_ZNF683/AREG_HOPX/AREG_ID2/ANXA1_ID2/EEF1A1_ID2/GPR183_ID2/AREG_ZFP36L2/PABPC1_ZFP36L2/KLF3_RBPJ/EEF1B2_RBPJ/CD40LG_GZMB/PLAC8_GZMB/AREG_XCL1/AREG_XCL2/AREG_CXCR6/AREG_CXCR3/PABPC1_CXCR3/AREG_CAPG/AREG_TMSB4X/ANXA1_TMSB4X/AREG_LGALS3/PLAC8_SH3BGRL3/AREG_CD52/KLF3_LGALS1/AREG_ITGA1/AREG_LDLRAD4/GPR183_LDLRAD4"
"1108",1149,1148,"CD8+NME1+ T_CD4+Temra","CD8+NME1+ T","CD4+Temra",27,6,0.487,0.996831937175832,1,1,"CXCR3_GNLY/MYB_GNLY/CXCR3_ZEB2/MYB_PRSS23/CXCR3_S1PR5/CXCR3_PRSS23","CXCR3_ZEB2/GAPDH_ZEB2/ENO1_TBX21/ENO1_GZMM/ENO1_CX3CR1/GPI_CX3CR1/GAPDH_CX3CR1/KIF20A_CX3CR1/ENO1_CMKLR1/GAPDH_CMKLR1/ENO1_IL5RA/GAPDH_IL5RA/ENO1_FGFBP2/GAPDH_FGFBP2/MYB_GNLY/CXCR3_GNLY/CXCR3_S1PR5/GAPDH_KLRD1/ENO1_C1orf21/GPI_C1orf21/CKLF_C1orf21/ACTG1_C1orf21/GAPDH_C1orf21/ENO1_CTSW/GAPDH_CTSW/MYB_PRSS23/CXCR3_PRSS23"
"1163",1150,1148,"CD4+IFNG+ Tfh/Th1_CD4+CCR6+ Th17","CD4+IFNG+ Tfh/Th1","CD4+CCR6+ Th17",27,6,0.487,0.996831937175832,1,1,"ID2_VIM/ID2_BHLHE40/IL21_MYBL1/MYO7A_MYBL1/ID2_ANXA1/IL21_BHLHE40","ID2_BHLHE40/IL21_BHLHE40/BHLHE40_ZFP36L2/IL21_MYBL1/MYO7A_MYBL1/HAVCR2_TNFSF13B/ZEB2_CD40LG/GZMB_CD40LG/HAVCR2_CD40LG/RBPJ_FLT3LG/LAG3_FLT3LG/PTMS_FLT3LG/BHLHE40_CCR6/BHLHE40_GPR35/ID2_ANXA1/BHLHE40_KLRB1/ID2_VIM/HAVCR2_CAPG/ZEB2_ABCB1/BHLHE40_ABCB1/RBPJ_ABCB1/CCL3_ABCB1/LAG3_ABCB1/KRT86_ABCB1/PDE7B_ABCB1/LAG3_DPP4/PDE7B_DPP4"
"1127",1151,1151,"CD4+TNFRSF9+ Treg_CD4+Temra","CD4+TNFRSF9+ Treg","CD4+Temra",39,10,0.562,0.996919514382583,1,1,"IL7_S1PR5/CARD16_S1PR5/BATF_GNLY/BATF_S1PR5/IL7_GNLY/CARD16_GNLY/LAIR2_PRSS23/CARD16_CCL4/EBI3_ZEB2/IL1RN_GNLY","NAMPT_HOPX/PMAIP1_HOPX/EBI3_ZEB2/PMAIP1_ZEB2/PMAIP1_ZNF683/NAMPT_TBX21/CSF1_TBX21/CD70_TBX21/TNFRSF4_TBX21/CARD16_CCL4/IL7_CCL3/IKZF4_CX3CR1/NAMPT_CX3CR1/CD70_CX3CR1/IL1R2_CX3CR1/TNFRSF9_CX3CR1/TNFRSF4_CX3CR1/PMAIP1_CX3CR1/TNFRSF4_CMKLR1/NAMPT_IL5RA/CSF1_IL5RA/TNFRSF4_IL5RA/NAMPT_FGFBP2/CD70_FGFBP2/PMAIP1_FGFBP2/BATF_GNLY/IL1RN_GNLY/IL7_GNLY/CARD16_GNLY/BATF_S1PR5/IL7_S1PR5/CARD16_S1PR5/CD70_C1orf21/LAYN_C1orf21/TNFRSF4_C1orf21/PMAIP1_C1orf21/CD70_CTSW/PMAIP1_CTSW/LAIR2_PRSS23"
"1539",1152,1151,"CD4+CXCR5+ pre-Tfh_CD4+NME1+CCR4+ T","CD4+CXCR5+ pre-Tfh","CD4+NME1+CCR4+ T",39,10,0.562,0.996919514382583,1,1,"CD40LG_ENO1/MBP_ENO1/CXCR5_ENO1/FAAH2_ENO1/CD40LG_CNN2/IL6ST_ENO1/CMTM8_ENO1/CXCR5_CMTM7/CXCR5_IL32/FAAH2_CNN2","AREG_HDAC1/SLC2A3_KLF2/CMTM8_ENO1/CD40LG_ENO1/CXCR5_ENO1/IL6ST_ENO1/FAAH2_ENO1/MBP_ENO1/AREG_SCAND1/SLC2A3_SCAND1/CXCR5_IL32/SLC2A3_IL32/CXCR5_CMTM7/AREG_HMGB1/SLC2A3_HMGB1/NR3C1_FLT3LG/AREG_FLT3LG/PASK_FLT3LG/SLC2A3_FLT3LG/PABPC1_FLT3LG/AREG_CD74/NR4A2_IL6R/AREG_IL6R/SLC2A3_IL6R/PABPC1_IL6R/NR4A2_IFNAR2/AREG_IFNAR2/SLC2A3_IFNAR2/PABPC1_IFNAR2/AREG_PFN1/AREG_TMSB10/SLC2A3_CORO1A/NR3C1_COTL1/SLC2A3_COTL1/AREG_ARPC1B/CD40LG_CNN2/FAAH2_CNN2/AREG_ARHGDIB/SLC2A3_ARHGDIB"
"821",1153,1153,"CD8+IL7R+ Tm_CD4+AREG+ Tm","CD8+IL7R+ Tm","CD4+AREG+ Tm",24,5,0.457,0.997024947442549,1,1,"RGCC_AREG/LMNA_AREG/ZFP36L2_AREG/ZFP36L2_PABPC1/BTG1_AREG","TNFAIP3_ZFP36L2/PABPC1_ZFP36L2/ANXA1_KLF2/ANXA1_KLF3/TNFAIP3_KLF3/RGCC_KLF3/TNFAIP3_TCF7/FTH1_TCF7/TNFAIP3_CD40LG/FTH1_CD40LG/PABPC1_CD40LG/ZFP36L2_AREG/BTG1_AREG/LMNA_AREG/RGCC_AREG/TSC22D3_ANXA1/TNFAIP3_TPT1/RGCC_TPT1/ZFP36L2_PABPC1/FTH1_EEF1B2/ANXA1_PTGER2/FTH1_PTGER2/PABPC1_PTGER2/FTH1_PLAC8"
"272",1154,1154,"CD4+NME1+CCR4- T_CD8+KIR+EOMES+ NK-like","CD4+NME1+CCR4- T","CD8+KIR+EOMES+ NK-like",21,4,0.418,0.997359412600934,1,1,"MEOX1_NR4A2/EBI3_CD74/MEOX1_IL2RB/SUB1_TNFSF9","GAPDH_IKZF2/MEOX1_NR4A2/GAPDH_LITAF/GAPDH_ZNF331/ENO1_GZMM/SUB1_TNFSF9/ENO1_CD74/EBI3_CD74/MEOX1_IL2RB/ENO1_CD160/GAPDH_CD160/PKM_CD160/GAPDH_KLRD1/ENO1_KLRG1/ENO1_CMC1/GPI_CMC1/ENO1_GCSAM/GPI_GCSAM/GAPDH_GCSAM/PKM_GCSAM/TMSB10_GCSAM"
"653",1155,1155,"CD4+CCR6+ Th17_CD4+Tn","CD4+CCR6+ Th17","CD4+Tn",14,2,0.313,0.997479486825064,1,1,"FLT3LG_EEF1A1/FLT3LG_ACTN1","BHLHE40_TXK/TIMP1_KLF2/ANXA1_KLF2/FLT3LG_EEF1A1/IL4I1_SELL/VIM_TPT1/FLT3LG_ACTN1/MYBL1_GIMAP7/IL4I1_GIMAP7/IL4I1_MAL/MYBL1_LINC00861/IL4I1_LINC00861/MYBL1_FHIT/ABCB1_FHIT"
"1055",1156,1155,"CD8+IL7R+ Tm_CD4+GZMK+ Tem","CD8+IL7R+ Tm","CD4+GZMK+ Tem",14,2,0.313,0.997479486825064,1,1,"ZFP36L2_NR4A2/TSC22D3_NR4A2","PABPC1_NFATC2/ZFP36L2_NR4A2/TSC22D3_NR4A2/TNFAIP3_GZMK/TNFAIP3_CXCR3/RGCC_CXCR3/PABPC1_CXCR3/FTH1_CD4/FTH1_ENC1/RGCC_ENC1/PABPC1_ENC1/TNFAIP3_AOAH/TNFAIP3_F2R/RGCC_F2R"
"177",1157,1157,"CD4+AREG+ Tm_CD8+GZMK+ Tem","CD4+AREG+ Tm","CD8+GZMK+ Tem",10,1,0.219,0.997736046404085,1,1,"KLF3_SUB1","KLF3_SUB1/AREG_CD74/AREG_CXCR3/PABPC1_CXCR3/AREG_HLA-DRB1/AREG_HLA-DPA1/AREG_HLA-DPB1/KLF3_HLA-DQA1/AREG_HLA-DRB5/AREG_ITM2C"
"660",1158,1157,"CD4+ISG+ Treg_CD4+Tn","CD4+ISG+ Treg","CD4+Tn",10,1,0.219,0.997736046404085,1,1,"IL7_LEF1","CD70_TCF7/IL7_LEF1/NAMPT_TXK/NAMPT_SCML1/NAMPT_EEF1B2/CSF1_GIMAP7/NAMPT_GIMAP7/CD70_GIMAP7/IL2RB_GIMAP7/CSF1_FHIT"
"759",1159,1157,"CD4+CXCR5+ pre-Tfh_CD4+IL7R- Tn","CD4+CXCR5+ pre-Tfh","CD4+IL7R- Tn",10,1,0.219,0.997736046404085,1,1,"CXCR5_NACA","SLC2A3_EEF1B2/AREG_EEF1A1/SLC2A3_EEF1A1/AREG_LDHB/SLC2A3_LDHB/CXCR5_NACA/NR3C1_FAU/AREG_FAU/SLC2A3_FAU/SLC2A3_BTF3"
"764",1160,1157,"CD4+CREM+ Tm_CD4+IL7R- Tn","CD4+CREM+ Tm","CD4+IL7R- Tn",10,1,0.219,0.997736046404085,1,1,"PTGER4_EEF1B2","FTH1_EEF1B2/SRGN_EEF1B2/PTGER4_EEF1B2/AREG_EEF1A1/SRGN_ACTG1/AREG_LDHB/PTGER4_NACA/AREG_FAU/SRGN_FAU/ANXA1_BTF3"
"806",1161,1157,"CD4+CAPG+CREM- Tm_CD4+TNF+ T","CD4+CAPG+CREM- Tm","CD4+TNF+ T",10,1,0.219,0.997736046404085,1,1,"CD40LG_LCP2","BHLHE40_ID2/ANXA1_ID2/ZNF683_CD40LG/GZMB_CD40LG/CCL4_CCR2/IL18RAP_CCR2/BHLHE40_CXCR3/ALOX5AP_CXCR3/GZMB_CD52/CD40LG_LCP2"
"1079",1162,1157,"CD4+CAPG+ Tm_CD4+GZMK+ Tem","CD4+CAPG+ Tm","CD4+GZMK+ Tem",10,1,0.219,0.997736046404085,1,1,"CD40LG_NR4A2","IL32_NFATC2/TGFB1_NFATC2/CD40LG_NR4A2/CXCR3_NR4A2/COTL1_CD74/BHLHE40_CXCR3/ALOX5AP_CXCR3/RBPJ_ENC1/TGFB1_ENC1/RBPJ_F2R"
"1104",1163,1157,"CD8+OXPHOS- Tex_CD4+Temra","CD8+OXPHOS- Tex","CD4+Temra",10,1,0.219,0.997736046404085,1,1,"ENTPD1_GNLY","PRDM1_HOPX/PHLDA1_HOPX/CSF1_TBX21/TNFRSF9_CX3CR1/CSF1_IL5RA/ENTPD1_GNLY/PRDM1_C1orf21/LAYN_C1orf21/ENTPD1_C1orf21/PHLDA1_C1orf21"
"830",1164,1164,"CD8+terminal Tex_CD4+AREG+ Tm","CD8+terminal Tex","CD4+AREG+ Tm",37,9,0.534,0.997822739766796,1,1,"DUSP4_AREG/ENTPD1_AREG/KRT86_AREG/LAYN_AREG/CD74_AREG/FASLG_AREG/ETV1_AREG/CXCR6_AREG/IL2RB_AREG","CSF1_ZFP36L2/CD70_ZFP36L2/NAMPT_ZFP36L2/RBPJ_KLF3/ETV1_KLF3/TOX2_KLF3/FAM3C_KLF3/CSF1_KLF3/CCL3_KLF3/NAMPT_KLF3/CD70_TCF7/TNFSF4_CD40LG/GZMB_CD40LG/CSF1_CD40LG/NAMPT_CD40LG/TNFRSF9_CD40LG/HAVCR2_CD40LG/ETV1_AREG/IFNG_AREG/FASLG_AREG/CXCR6_AREG/CD74_AREG/IL2RB_AREG/LAYN_AREG/ENTPD1_AREG/KRT86_AREG/DUSP4_AREG/NAMPT_GPR183/RBPJ_EEF1B2/NAMPT_EEF1B2/NAMPT_S1PR1/TOX2_PTGER2/CD70_PTGER2/NAMPT_PTGER2/GEM_PTGER2/GZMB_PLAC8/HAVCR2_PLAC8"
"971",1165,1165,"CD4+TNFRSF9+ Treg_CD4+CCL5+ Tm","CD4+TNFRSF9+ Treg","CD4+CCL5+ Tm",31,7,0.495,0.997839301188887,1,1,"IL7_IFNGR1/LAIR2_BHLHE40/IL1RN_ALOX5AP/IL1RN_ANXA1/CARD16_CCL4/CARD16_IFNGR1/IL7_BHLHE40","NAMPT_ZFP36L2/CSF1_ZFP36L2/CD70_ZFP36L2/PMAIP1_ZFP36L2/NAMPT_HOPX/PMAIP1_HOPX/IKZF4_ID2/NAMPT_ID2/TNFRSF9_ID2/PMAIP1_ID2/IL7_BHLHE40/LAIR2_BHLHE40/NAMPT_CD40LG/CSF1_CD40LG/TNFRSF9_CD40LG/TNFRSF4_CD40LG/PMAIP1_CD40LG/CARD16_CCL4/PMAIP1_IFNG/IL1RN_CXCR4/IL7_IFNGR1/CARD16_IFNGR1/IL1RN_ANXA1/CARD16_ANXA1/IL1RN_ALOX5AP/PMAIP1_ITGA1/NAMPT_PARP8/IL32_PTGER4/NAMPT_PTGER4/CSF1_PTGER4/TNFRSF4_PTGER4"
"168",1166,1166,"CD8+TCF7+ Tex_CD8+GZMK+ Tem","CD8+TCF7+ Tex","CD8+GZMK+ Tem",18,3,0.366,0.997862506162558,1,1,"EBI3_CD74/CCR4_CST7/CCR4_CCL4","IGFL2_GZMA/CCR4_CCL4/EBI3_CD74/NR3C1_CXCR3/CD200_CXCR3/GNG4_CXCR3/TNFRSF4_CXCR3/IGFL2_CXCR3/NMB_CXCR3/NMB_HLA-DPA1/NR3C1_COTL1/TNFRSF4_COTL1/IGFBP4_COTL1/TNFRSF4_HLA-DPB1/NMB_HLA-DPB1/CD200_HLA-DQA1/IGFL2_ITM2C/CCR4_CST7"
"938",1167,1166,"CD8+IL7R+ Tm_CD4+CCL5+ Tm","CD8+IL7R+ Tm","CD4+CCL5+ Tm",18,3,0.366,0.997862506162558,1,1,"ZFP36L2_NR4A2/ZFP36L2_BHLHE40/TSC22D3_NR4A2","TNFAIP3_ZFP36L2/PABPC1_ZFP36L2/RGCC_HOPX/ANXA1_ID2/TNFAIP3_ID2/GPR183_ID2/ZFP36L2_BHLHE40/ZFP36L2_NR4A2/TSC22D3_NR4A2/TNFAIP3_GZMK/TNFAIP3_CD40LG/FTH1_CD40LG/PABPC1_CD40LG/TNFAIP3_GZMM/TSC22D3_ANXA1/RGCC_ITGA1/TNFAIP3_CD69/TNFAIP3_CLU"
"1046",1168,1166,"CD4+IFNG+ Tfh/Th1_CD4+CAPG+CREM- Tm","CD4+IFNG+ Tfh/Th1","CD4+CAPG+CREM- Tm",18,3,0.366,0.997862506162558,1,1,"ID2_BHLHE40/ID2_ANXA1/IL21_BHLHE40","BHLHE40_ID2/RBPJ_ID2/HAVCR2_ID2/PTMS_ID2/ID2_BHLHE40/IL21_BHLHE40/BHLHE40_ZFP36L2/GZMB_GZMH/ZEB2_CD40LG/GZMB_CD40LG/HAVCR2_CD40LG/ZEB2_CXCR3/BHLHE40_CXCR3/BHLHE40_GPR35/HAVCR2_CAPG/GZMB_CD52/HAVCR2_CD52/ID2_ANXA1"
"837",1169,1169,"CD4+CXCR5+ pre-Tfh_CD4+AREG+ Tm","CD4+CXCR5+ pre-Tfh","CD4+AREG+ Tm",40,10,0.548,0.99787149877562,1,1,"FAAH2_AREG/CXCR5_AREG/CD40LG_AREG/TNFSF8_AREG/FAM177A1_AREG/FAAH2_PABPC1/SH3TC1_AREG/IL6ST_AREG/SESN3_AREG/CD40LG_PABPC1","NR4A2_ZFP36L2/AREG_ZFP36L2/SLC2A3_ZFP36L2/SH3TC1_ZFP36L2/PABPC1_ZFP36L2/SLC2A3_KLF2/NR3C1_KLF3/NR4A2_KLF3/LEF1_KLF3/AREG_KLF3/SLC2A3_KLF3/SLC2A3_TCF7/NR4A2_CD40LG/AREG_CD40LG/SLC2A3_CD40LG/PABPC1_CD40LG/TNFSF8_AREG/CD40LG_AREG/CXCR5_AREG/IL6ST_AREG/FAAH2_AREG/SESN3_AREG/FAM177A1_AREG/SH3TC1_AREG/SLC2A3_IL7R/AREG_EEF1A1/SLC2A3_EEF1A1/AREG_TPT1/SLC2A3_TPT1/SLC2A3_GPR183/CD40LG_PABPC1/FAAH2_PABPC1/SLC2A3_EEF1B2/NR4A2_S1PR1/SLC2A3_S1PR1/NR3C1_PTGER2/SLC2A3_PTGER2/PABPC1_PTGER2/AREG_PLAC8/SLC2A3_PLAC8"
"1233",1170,1169,"CD4+CREM+ Tm_CD4+IL21+ Tfh","CD4+CREM+ Tm","CD4+IL21+ Tfh",40,10,0.548,0.99787149877562,1,1,"PTGER4_RBPJ/GPR35_NMB/GPR35_CD200/PTGER4_NR3C1/LMNA_NMB/GPR35_IGFL2/LMNA_IGFL2/LMNA_TNFSF4/FAM177A1_CD200/CXCL16_CD200","PTGER4_NR3C1/NR4A2_TSHZ2/PTGER4_RBPJ/AREG_IL21/NR4A2_TNFSF8/AREG_TNFSF8/TNFAIP3_TNFSF8/LMNA_TNFSF4/CREM_CD40LG/NR4A2_CD40LG/TGFB1_CD40LG/AREG_CD40LG/FTH1_CD40LG/SRGN_CD40LG/TNFAIP3_CD40LG/AREG_IL6ST/AREG_CXCR5/NR4A2_IL6R/AREG_IL6R/FTH1_IL6R/SRGN_IL6R/TNFAIP3_IL6R/ANXA1_IL6R/CXCL16_CD200/GPR35_CD200/FAM177A1_CD200/AREG_NMB/GPR35_NMB/FAM177A1_NMB/LMNA_NMB/GZMA_IGFL2/GPR35_IGFL2/LMNA_IGFL2/AREG_CPM/SRGN_CPM/TNFAIP3_CPM/SRGN_BTLA/TNFAIP3_BTLA/TGFB1_ITM2A/AREG_ITM2A"
"1088",1171,1171,"CD4+TNFRSF9+ Treg_CD4+GZMK+ Tem","CD4+TNFRSF9+ Treg","CD4+GZMK+ Tem",28,6,0.47,0.997930620744418,1,1,"EBI3_CD74/TIGIT_CST7/CCL22_RUNX3/CARD16_CCL4/CARD16_ITM2C/IL7_LITAF","IL7_LITAF/CARD16_LITAF/PMAIP1_LITAF/IL32_NFATC2/NAMPT_NFATC2/CSF1_NFATC2/TNFRSF9_NFATC2/PMAIP1_NFATC2/CCL22_RUNX3/CARD16_CCL4/IL7_TNFSF9/PMAIP1_IFNG/IL7_CCL3/EBI3_CD74/IL1RN_CXCR4/CD70_CXCR3/TNFRSF4_CXCR3/PMAIP1_CXCR3/PMAIP1_CD4/TIGIT_CST7/CTLA4_CST7/PMAIP1_CCL4L2/IKZF2_ENC1/NAMPT_ENC1/PMAIP1_ENC1/CARD16_ITM2C/PMAIP1_SLAMF7/NAMPT_F2R"
"234",1172,1172,"CD4+NME1+CCR4+ T_CD8+Temra","CD4+NME1+CCR4+ T","CD8+Temra",25,5,0.439,0.998097613049779,1,1,"IL6R_GNLY/IFNAR2_GNLY/FLT3LG_S1PR5/IL6R_S1PR5/COTL1_S1PR5","ENO1_ASCL2/CNN2_ASCL2/CNN2_KLF2/SUB1_KLF3/ENO1_KLF3/CMTM7_KLF3/CNN2_KLF3/TPM4_KLF3/ENO1_TBX21/CMTM7_TBX21/ENO1_GZMM/ENO1_CX3CR1/ENO1_CMKLR1/ENO1_FGFBP2/FLT3LG_S1PR5/IL6R_S1PR5/COTL1_S1PR5/IL6R_GNLY/IFNAR2_GNLY/ENO1_C1orf21/CMTM7_C1orf21/ACTG1_C1orf21/TMSB10_C1orf21/CNN2_C1orf21/TPM4_C1orf21"
"1166",1173,1173,"CD4+TNFRSF9+ Treg_CD4+CCR6+ Th17","CD4+TNFRSF9+ Treg","CD4+CCR6+ Th17",55,15,0.598,0.998350942576023,1,1,"IL7_IFNGR1/LAIR2_BHLHE40/IL1RN_ANXA1/LTA_IL4I1/IL7_TIMP1/FOXP3_IL4I1/CCL22_IL4I1/EBI3_MYBL1/IL7_VIM/CARD16_IFNGR1/LAIR2_MYBL1/ZBTB32_IL4I1/CARD16_MYBL1/IL7_IL4I1/IL7_BHLHE40","IL7_BHLHE40/LAIR2_BHLHE40/NAMPT_HOPX/PMAIP1_HOPX/NAMPT_ZFP36L2/CSF1_ZFP36L2/CD70_ZFP36L2/PMAIP1_ZFP36L2/EBI3_MYBL1/CARD16_MYBL1/LAIR2_MYBL1/PMAIP1_MYBL1/NAMPT_TNFSF13B/PMAIP1_TNFSF13B/NAMPT_CD40LG/CSF1_CD40LG/TNFRSF9_CD40LG/TNFRSF4_CD40LG/PMAIP1_CD40LG/IL7_TIMP1/CSF1_FLT3LG/CD70_FLT3LG/TNFRSF9_FLT3LG/PMAIP1_FLT3LG/IL1RN_CXCR4/TNFRSF9_CCR6/IL7_IFNGR1/CARD16_IFNGR1/TNFRSF4_GPR35/PMAIP1_GPR35/IL1RN_ANXA1/CARD16_ANXA1/NAMPT_KLRB1/TNFRSF4_KLRB1/PMAIP1_KLRB1/FOXP3_IL4I1/ZBTB32_IL4I1/CCL22_IL4I1/LTA_IL4I1/IL7_IL4I1/IL7_VIM/CARD16_VIM/PMAIP1_VIM/PMAIP1_CAPG/IKZF2_ABCB1/NAMPT_ABCB1/CD70_ABCB1/IL2RA_ABCB1/IL1R2_ABCB1/LAYN_ABCB1/TNFRSF18_ABCB1/TBC1D4_ABCB1/PMAIP1_ABCB1/NAMPT_DPP4/PMAIP1_DPP4"
"1383",1174,1174,"CD4+CXCR5+ pre-Tfh_CD4+TNFRSF9+ Treg","CD4+CXCR5+ pre-Tfh","CD4+TNFRSF9+ Treg",58,16,0.605,0.998460195027677,1,1,"FAM177A1_PMAIP1/IL6ST_NAMPT/FAAH2_NAMPT/CXCR5_NAMPT/CD40LG_CSF1/CXCR5_TNFRSF4/CD40LG_TNFRSF9/CD40LG_TNFRSF4/CMTM8_NAMPT/IL6ST_CD70/TSHZ2_PMAIP1/CXCR5_IL32/TCF7_TNFRSF4/CD40LG_PMAIP1/CD40LG_NAMPT/CXCR5_CD70","AREG_BATF/SLC2A3_BATF/AREG_IKZF2/SLC2A3_IKZF2/SLC2A3_IKZF4/PABPC1_IKZF4/NR3C1_ZBTB32/SLC2A3_ZBTB32/PABPC1_ZBTB32/CXCR5_IL32/SLC2A3_IL32/CMTM8_NAMPT/CD40LG_NAMPT/CXCR5_NAMPT/IL6ST_NAMPT/FAAH2_NAMPT/AREG_EBI3/SLC2A3_EBI3/PABPC1_EBI3/AREG_CCL22/PASK_CCL22/SLC2A3_CCL22/SLC2A3_LTA/CD40LG_CSF1/SLC2A3_CSF1/TCF7_CD70/CXCR5_CD70/IL6ST_CD70/AREG_IL1RN/CXCR4_IL1RN/SLC2A3_IL1RN/NR3C1_IL7/LEF1_IL7/AREG_IL7/SLC2A3_IL7/PABPC1_IL7/SLC2A3_CCR8/AREG_IL2RB/SLC2A3_IL2RB/AREG_CD74/AREG_LAYN/SLC2A3_LAYN/SLC2A3_TNFRSF18/CD40LG_TNFRSF9/CXCR5_TNFRSF9/TCF7_TNFRSF4/CD40LG_TNFRSF4/CXCR5_TNFRSF4/FAAH2_TNFRSF4/AREG_CARD16/SLC2A3_CARD16/NR3C1_LAIR2/AREG_LAIR2/NR3C1_TBC1D4/SLC2A3_TBC1D4/TSHZ2_PMAIP1/CD40LG_PMAIP1/FAM177A1_PMAIP1"
"580",1175,1175,"CD4+S1PR1+ Treg_CD8+Tc17","CD4+S1PR1+ Treg","CD8+Tc17",38,9,0.52,0.998521554134955,1,1,"PI16_ADAM12/PI16_IL4I1/LEF1_ADAM12/HPGD_IL18RAP/KLF3_IL18RAP/FOXP3_IL4I1/HPGD_CEBPD/KLF3_CEBPD/HPGD_ADAM12","FOXP3_ZBTB16/IL32_ZBTB16/IL2RA_ZBTB16/KLF3_CEBPD/HPGD_CEBPD/CPNE2_FLT3LG/IKZF2_IL23R/CPNE2_IL23R/IKZF2_IL17RE/LEF1_IL17RE/CCR10_IL17RE/IL2RA_IL17RE/RTKN2_IL17RE/HLA-DRB1_IL17RE/CPNE2_IL17RE/KLF3_IL18RAP/HPGD_IL18RAP/CPNE2_KLRB1/FOXP3_IL4I1/KLF3_IL4I1/SELL_IL4I1/HPGD_IL4I1/PI16_IL4I1/FOXP3_CA2/IKZF2_CA2/IL32_CA2/FLT3LG_CA2/IL10RA_CA2/IL2RA_CA2/CD74_CA2/HLA-DRB1_CA2/SAMHD1_CA2/CPNE2_CA2/HPGD_ME1/LEF1_ADAM12/KLF3_ADAM12/HPGD_ADAM12/PI16_ADAM12"
"1010",1176,1176,"CD4+TNFRSF9+ Treg_CD4+CAPG+ Tm","CD4+TNFRSF9+ Treg","CD4+CAPG+ Tm",35,8,0.501,0.998530539708191,1,1,"IL7_RBPJ/EBI3_CD74/LAIR2_BHLHE40/IL1RN_ALOX5AP/IL7_TIMP1/EBI3_TGFB1/LAIR2_RBPJ/IL7_BHLHE40","NAMPT_HOPX/PMAIP1_HOPX/IL7_BHLHE40/LAIR2_BHLHE40/IKZF4_ID2/NAMPT_ID2/TNFRSF9_ID2/PMAIP1_ID2/IL7_RBPJ/LAIR2_RBPJ/PMAIP1_CKLF/IL7_TIMP1/LAIR2_IL32/EBI3_TGFB1/PMAIP1_TGFB1/NAMPT_CD40LG/CSF1_CD40LG/TNFRSF9_CD40LG/TNFRSF4_CD40LG/PMAIP1_CD40LG/NAMPT_HMGB1/CD70_CXCR3/TNFRSF4_CXCR3/PMAIP1_CXCR3/EBI3_CD74/CD70_CXCR6/TNFRSF9_CXCR6/TNFRSF4_CXCR6/PMAIP1_CAPG/IL1RN_ALOX5AP/NAMPT_CD52/CSF1_COTL1/CD70_COTL1/CD74_COTL1/TNFRSF4_COTL1"
"663",1177,1177,"CD4+NME1+CCR4+ T_CD4+Tn","CD4+NME1+CCR4+ T","CD4+Tn",15,2,0.292,0.998540250517937,1,1,"FLT3LG_EEF1A1/FLT3LG_ACTN1","ENO1_TXK/CNN2_KLF2/ENO1_SCML1/TPM4_SCML1/ENO1_EEF1A1/FLT3LG_EEF1A1/ENO1_EEF1B2/ENO1_PLAC8/FLT3LG_ACTN1/ENO1_GIMAP7/CNN2_GIMAP7/TPM4_GIMAP7/ENO1_MAL/ENO1_LINC00861/ENO1_FHIT"
"1094",1178,1177,"CD8+IL7R+ Tm_CD4+Temra","CD8+IL7R+ Tm","CD4+Temra",15,2,0.292,0.998540250517937,1,1,"ZFP36L2_GNLY/ZFP36L2_PRSS23","RGCC_HOPX/TNFAIP3_GZMM/TNFAIP3_GZMK/ZFP36_CX3CR1/TNFAIP3_CX3CR1/FTH1_CX3CR1/FTH1_CMKLR1/ZFP36L2_GNLY/TSC22D3_GNLY/TNFAIP3_C1orf21/FTH1_C1orf21/RGCC_C1orf21/PABPC1_C1orf21/PABPC1_CTSW/ZFP36L2_PRSS23"
"1190",1179,1177,"CD4+IL7R- Tn_CD4+IL26+ Th17","CD4+IL7R- Tn","CD4+IL26+ Th17",15,2,0.292,0.998540250517937,1,1,"EEF1B2_ANKRD28/BTF3_ANKRD28","EEF1A1_ID2/NACA_ID2/NACA_IL22/NACA_CCR6/ACTG1_IL23R/NACA_IL23R/EEF1B2_IL17RE/EEF1A1_IL17RE/ACTG1_IL17RE/LDHB_IL17RE/NACA_IL17RE/FAU_IL17RE/BTF3_IL17RE/EEF1B2_ANKRD28/BTF3_ANKRD28"
"1472",1180,1177,"CD4+Temra_CD4+ISG+ Th","CD4+Temra","CD4+ISG+ Th",15,2,0.292,0.998540250517937,1,1,"C1orf21_IFI16/CX3CR1_IFI16","S1PR5_SP100/CX3CR1_IFI16/C1orf21_IFI16/GNLY_TNFSF10/GNLY_TNFSF13B/GZMB_IFIT3/GZMB_IFIT1/GZMB_IFI44L/CCL4_IFI44L/GZMB_MX1/PLEK_MX1/PRSS23_MX1/S1PR5_IFI6/GZMB_IFIT2/CCL4_CMPK2"
"1139",1181,1181,"CD8+KIR+TXK+ NK-like_CD4+CCR6+ Th17","CD8+KIR+TXK+ NK-like","CD4+CCR6+ Th17",32,7,0.48,0.998572965418574,1,1,"B3GNT7_VIM/B3GNT7_RORA/B3GNT7_FKBP11/B3GNT7_IL4I1/B3GNT7_MYBL1/KIR3DL2_MYBL1/B3GNT7_ANXA1","TXK_BHLHE40/AREG_BHLHE40/FOSL2_HOPX/AREG_HOPX/AREG_ZFP36L2/KIR3DL2_MYBL1/B3GNT7_MYBL1/AREG_RORA/B3GNT7_RORA/AREG_TNFSF13B/AREG_CD40LG/AREG_TIMP1/AREG_FLT3LG/AREG_CCR6/AREG_IFNGR1/B3GNT7_IFNGR1/AREG_GPR35/B3GNT7_ANXA1/B3GNT7_IL4I1/B3GNT7_VIM/B3GNT7_FKBP11/AREG_CAPG/IKZF2_ABCB1/FOSL2_ABCB1/REL_ABCB1/AREG_ABCB1/KIR3DL2_ABCB1/KLRC2_ABCB1/KLRC3_ABCB1/FOSL2_TPT1/AREG_TPT1/LAT2_PERP"
"1052",1182,1182,"CD4+NME1+CCR4- T_CD4+CAPG+CREM- Tm","CD4+NME1+CCR4- T","CD4+CAPG+CREM- Tm",29,6,0.454,0.998657148471331,1,1,"MEOX1_BHLHE40/MEOX1_GZMB/MEOX1_ZNF683/MEOX1_GZMA/MEOX1_IL18RAP/MEOX1_CCL4","ENO1_ID2/SUB1_ID2/GPI_ID2/GAPDH_ID2/MEOX1_BHLHE40/GAPDH_ZFP36L2/MEOX1_ZNF683/MEOX1_GZMA/MEOX1_CCL4/MEOX1_GZMB/GAPDH_IFNG/ENO1_CD40LG/GPI_CD40LG/ENO1_CXCR3/GPI_CXCR3/GAPDH_CXCR3/ENO1_CXCR6/GAPDH_CXCR6/MEOX1_IL18RAP/ENO1_GPR35/GPI_GPR35/GAPDH_GPR35/GAPDH_SH3BGRL3/ENO1_CAPG/GAPDH_CAPG/TMSB10_CAPG/ENO1_TMSB4X/GAPDH_TMSB4X/GAPDH_HCST"
"1417",1183,1182,"CD8+TCF7+ Tex_CD4+ISG+ Treg","CD8+TCF7+ Tex","CD4+ISG+ Treg",29,6,0.454,0.998657148471331,1,1,"CD40LG_CSF1/EBI3_CSF1/EBI3_CD74/EBI3_CD70/CD40LG_NAMPT/IL6R_NAMPT","TNFRSF4_FOXP3/TNFRSF4_ETV7/IGFL2_ETV7/NMB_ETV7/TNFRSF4_BATF/NMB_BATF/IGFL2_TNFSF10/IGFL2_IL1RN/NMB_IL1RN/EBI3_CSF1/CD40LG_CSF1/BATF_NAMPT/CD40LG_NAMPT/IL6R_NAMPT/NR3C1_IL7/CD200_IL7/TNFRSF4_IL7/NMB_IL7/TCF7_CD70/EBI3_CD70/CD200_TNFSF13B/EBI3_CD74/TNFRSF4_IFIT1/NMB_ISG15/NMB_USP18/NR3C1_IFI6/TNFRSF4_IFI6/TNFRSF4_IFIT3/NMB_IFIT3"
"1042",1184,1184,"CD4+Temra_CD4+CAPG+CREM- Tm","CD4+Temra","CD4+CAPG+CREM- Tm",19,3,0.346,0.99871207252559,1,1,"GZMH_GZMB/C1orf21_CKLF/CTSW_CCL4","GNLY_ID2/GNLY_ZFP36L2/PRSS23_ZFP36L2/GZMB_GZMH/CTSW_CCL4/GZMH_GZMB/PRF1_GZMB/C1orf21_CKLF/ZEB2_CD40LG/ZNF683_CD40LG/GZMB_CD40LG/ZEB2_CXCR3/GNLY_CXCR3/S1PR5_CXCR3/PRSS23_CXCR3/GNLY_GPR35/PRSS23_CAPG/GZMB_CD52/GNLY_CD52"
"101",1185,1185,"CD4+CREM+ Tm_CD8+ZNF683+CXCR6- Tm","CD4+CREM+ Tm","CD8+ZNF683+CXCR6- Tm",11,1,0.199,0.998769534461589,1,1,"PTGER4_IL32","PTGER4_IL32/AREG_CD52/SRGN_CD52/CREM_TRAF3IP3/AREG_TRAF3IP3/TNFAIP3_TRAF3IP3/AREG_SIT1/SRGN_SIT1/TNFAIP3_SIT1/AREG_MYL12A/AREG_PFN1"
"127",1186,1185,"CD8+terminal Tex_CD8+GZMK+ early Tem","CD8+terminal Tex","CD8+GZMK+ early Tem",11,1,0.199,0.998769534461589,1,1,"TIGIT_CST7","CD70_CXCR5/NAMPT_CXCR5/TNFRSF9_CXCR5/HAVCR2_CXCR5/CTLA4_CST7/TIGIT_CST7/RBPJ_ENC1/NAMPT_ENC1/HAVCR2_ENC1/KRT86_ENC1/GZMB_CRTAM"
"631",1187,1185,"CD8+KIR+EOMES+ NK-like_CD4+Tn","CD8+KIR+EOMES+ NK-like","CD4+Tn",11,1,0.199,0.998769534461589,1,1,"CD160_ACTN1","NR4A2_TXK/KLRD1_TXK/DUSP2_TXK/CD160_ACTN1/TNFSF9_GIMAP7/IL2RB_GIMAP7/KLRF1_GIMAP7/KLRD1_GIMAP7/DUSP2_MAL/DUSP2_LINC00861/NR4A2_FHIT"
"479",1188,1188,"CD8+terminal Tex_CD8+TCF7+ Tex","CD8+terminal Tex","CD8+TCF7+ Tex",26,5,0.422,0.998791320937954,1,1,"DUSP4_TNFRSF4/IFNG_IGFL2/ENTPD1_IGFL2/CXCR6_TNFRSF4/LAYN_IGFL2","CD70_TCF7/CXCR6_NR3C1/NAMPT_BATF/CSF1_EBI3/CD70_EBI3/CD74_EBI3/HAVCR2_TNFSF8/TNFSF4_CD40LG/GZMB_CD40LG/CSF1_CD40LG/NAMPT_CD40LG/TNFRSF9_CD40LG/HAVCR2_CD40LG/NAMPT_IL6R/FAM3C_IFNAR2/CXCR6_TNFRSF4/DUSP4_TNFRSF4/IFNG_IGFL2/LAYN_IGFL2/ENTPD1_IGFL2/RBPJ_CPM/TNFSF4_CPM/HAVCR2_CPM/TOX_SESN3/GEM_SESN3/TNFSF4_BTLA"
"944",1189,1188,"CD8+KIR+TXK+ NK-like_CD4+CCL5+ Tm","CD8+KIR+TXK+ NK-like","CD4+CCL5+ Tm",26,5,0.422,0.998791320937954,1,1,"B3GNT7_NR4A2/B3GNT7_PARP8/TXK_NR4A2/B3GNT7_IL18RAP/B3GNT7_ANXA1","AREG_ZFP36L2/FOSL2_HOPX/AREG_HOPX/AREG_ID2/TXK_BHLHE40/AREG_BHLHE40/TXK_NR4A2/B3GNT7_NR4A2/AREG_XCL1/AREG_CD40LG/AREG_XCL2/AREG_IFNG/AREG_IFNGR1/B3GNT7_IFNGR1/AREG_IL18RAP/B3GNT7_IL18RAP/B3GNT7_ANXA1/AREG_GLUL/AREG_ITGA1/AREG_PARP8/B3GNT7_PARP8/AREG_PTGER4/IL32_PTGER4/AREG_CD69/FOSL2_CD99/AREG_CD99"
"351",1190,1190,"CD4+NME1+CCR4+ T_CD8+ZNF683+CXCR6+ Trm","CD4+NME1+CCR4+ T","CD8+ZNF683+CXCR6+ Trm",23,4,0.382,0.998981634003913,1,1,"FLT3LG_RBPJ/HMGB1_RBPJ/HMGB1_LGALS1/PFN1_LGALS1","TPM4_HOPX/SUB1_ID2/ENO1_ID2/CMTM7_ZFP36L2/ARHGDIB_ZFP36L2/TPM4_ZFP36L2/HMGB1_RBPJ/FLT3LG_RBPJ/ENO1_CXCR6/ENO1_CXCR3/CMTM7_CXCR3/ENO1_CAPG/TMSB10_CAPG/ENO1_TMSB4X/ENO1_LGALS3/CMTM7_LGALS3/ENO1_ACTB/HMGB1_LGALS1/PFN1_LGALS1/ARHGDIB_LGALS1/CNN2_ITGA1/ENO1_LDLRAD4/TPM4_LDLRAD4"
"555",1191,1191,"CD8+ZNF683+CXCR6+ Trm_CD8+Tc17","CD8+ZNF683+CXCR6+ Trm","CD8+Tc17",39,9,0.506,0.999002166060667,1,1,"LDLRAD4_CEBPD/CKLF_ADAM12/CD52_ADAM12/ZFP36L2_IL4I1/ITGA1_ADAM12/CD52_IL4I1/ZFP36L2_CEBPD/LDLRAD4_ADAM12/HOPX_ADAM12","ZNF683_ZBTB16/IL32_ZBTB16/GZMB_ZBTB16/ZFP36L2_CEBPD/LDLRAD4_CEBPD/ZNF683_CD40LG/GZMB_CD40LG/RBPJ_FLT3LG/RBPJ_IL23R/CXCR6_IL23R/ACTB_IL23R/LGALS1_IL23R/HOPX_IL17RE/RBPJ_IL17RE/CKLF_IL17RE/CXCR3_IL17RE/CAPG_IL17RE/LGALS3_IL17RE/ACTB_IL17RE/LGALS1_IL17RE/ITGA1_IL17RE/ZFP36L2_IL4I1/CXCR3_IL4I1/CD52_IL4I1/LGALS1_LTK/ZNF683_CA2/ID2_CA2/RBPJ_CA2/IL32_CA2/GZMB_CA2/S100A4_CA2/LGALS3_CA2/ACTB_CA2/LGALS1_CA2/HOPX_ADAM12/CKLF_ADAM12/CD52_ADAM12/ITGA1_ADAM12/LDLRAD4_ADAM12"
"1545",1192,1192,"CD4+CREM+ Tm_CD4+NME1+CCR4+ T","CD4+CREM+ Tm","CD4+NME1+CCR4+ T",42,10,0.522,0.999002420799996,1,1,"PTGER4_ENO1/CD44_ENO1/PTGER4_IL32/ZFP36L2_CMTM7/LMNA_ENO1/CXCL16_CMTM7/ZFP36L2_ARHGDIB/ZFP36L2_TPM4/GPR35_ENO1/TGFB1_ENO1","FTH1_SUB1/AREG_HDAC1/TNFAIP3_HDAC1/CREM_KLF2/TGFB1_KLF2/SRGN_KLF2/ANXA1_KLF2/TGFB1_ENO1/GPR35_ENO1/CD44_ENO1/LMNA_ENO1/PTGER4_ENO1/AREG_SCAND1/PTGER4_IL32/ZFP36L2_CMTM7/CXCL16_CMTM7/AREG_HMGB1/AREG_FLT3LG/SRGN_FLT3LG/TNFAIP3_IL16/AREG_CD74/SRGN_IL2RG/NR4A2_IL6R/AREG_IL6R/FTH1_IL6R/SRGN_IL6R/TNFAIP3_IL6R/ANXA1_IL6R/NR4A2_IFNAR2/AREG_IFNAR2/TNFAIP3_IFNAR2/AREG_PFN1/SRGN_ACTG1/AREG_TMSB10/LMNA_TMSB10/TNFAIP3_CORO1A/AREG_ARPC1B/FTH1_ARPC1B/ZFP36L2_ARHGDIB/AREG_ARHGDIB/FTH1_ARHGDIB/ZFP36L2_TPM4"
"572",1193,1193,"CD4+CAPG+CREM- Tm_CD8+Tc17","CD4+CAPG+CREM- Tm","CD8+Tc17",45,11,0.536,0.999017562283635,1,1,"CD40LG_ADAM12/CD40LG_IL4I1/CKLF_ADAM12/CD52_ADAM12/GPR35_IL4I1/ZFP36L2_IL4I1/IFNG_ADAM12/GPR35_NR1D1/CD52_IL4I1/ZFP36L2_CEBPD/HOPX_ADAM12","ZNF683_ZBTB16/GZMB_ZBTB16/IFNGR1_ZBTB16/ALOX5AP_ZBTB16/ANXA1_ZBTB16/ZFP36L2_CEBPD/GPR35_NR1D1/ZNF683_CD40LG/GZMB_CD40LG/BHLHE40_CCR6/BHLHE40_IL23R/CXCR6_IL23R/ANXA1_IL23R/HOPX_IL17RE/BHLHE40_IL17RE/CKLF_IL17RE/IFNG_IL17RE/CXCR3_IL17RE/IFNGR1_IL17RE/IL18RAP_IL17RE/ALOX5AP_IL17RE/CAPG_IL17RE/ANXA1_IL17RE/CD99_IL17RE/HCST_IL17RE/BHLHE40_KLRB1/ZFP36L2_IL4I1/CD40LG_IL4I1/CXCR3_IL4I1/GPR35_IL4I1/CD52_IL4I1/ANXA1_LTK/ID2_CA2/BHLHE40_CA2/ZNF683_CA2/GZMB_CA2/IFNGR1_CA2/ALOX5AP_CA2/ANXA1_CA2/S100A4_CA2/HOPX_ADAM12/CKLF_ADAM12/IFNG_ADAM12/CD40LG_ADAM12/CD52_ADAM12"
"1110",1194,1194,"CD4+CXCR5+ pre-Tfh_CD4+Temra","CD4+CXCR5+ pre-Tfh","CD4+Temra",36,8,0.487,0.99902095070125,1,1,"CD40LG_GZMB/FAAH2_GNLY/SESN3_S1PR5/CD40LG_ZEB2/TSHZ2_GNLY/CD40LG_ZNF683/TCF7_GNLY/CCR4_CCL4","AREG_HOPX/SLC2A3_HOPX/CD40LG_ZEB2/CD40LG_ZNF683/SLC2A3_ZNF683/SLC2A3_TBX21/CD40LG_GZMB/SLC2A3_CCL5/CCR4_CCL4/SLC2A3_GZMA/AREG_XCL2/AREG_FASLG/SLC2A3_FASLG/AREG_CX3CR1/SLC2A3_CX3CR1/AREG_IL5RA/SLC2A3_IL5RA/AREG_IL18RAP/AREG_FGFBP2/SLC2A3_FGFBP2/TCF7_GNLY/TSHZ2_GNLY/FAAH2_GNLY/TSHZ2_S1PR5/SESN3_S1PR5/SLC2A3_KLRD1/TCF7_C1orf21/NR3C1_C1orf21/NR4A2_C1orf21/TSHZ2_C1orf21/AREG_C1orf21/SLC2A3_C1orf21/PABPC1_C1orf21/SLC2A3_PLEK/SLC2A3_CTSW/PABPC1_CTSW"
"842",1195,1195,"CD4+CREM+ Tm_CD4+AREG+ Tm","CD4+CREM+ Tm","CD4+AREG+ Tm",48,12,0.548,0.999043992062339,1,1,"YPEL5_AREG/LMNA_AREG/FAM177A1_AREG/GPR35_AREG/IFNGR1_AREG/CDKN1A_AREG/ZNF331_AREG/CXCL16_AREG/PTGER4_EEF1B2/ZFP36L2_AREG/ZFP36L2_PABPC1/PTGER4_AREG","NR4A2_ZFP36L2/AREG_ZFP36L2/TNFAIP3_ZFP36L2/CREM_KLF2/TGFB1_KLF2/SRGN_KLF2/ANXA1_KLF2/CREM_KLF3/ZNF331_KLF3/NR4A2_KLF3/AREG_KLF3/SRGN_KLF3/TNFAIP3_KLF3/ANXA1_KLF3/FTH1_TCF7/TNFAIP3_TCF7/CREM_CD40LG/NR4A2_CD40LG/TGFB1_CD40LG/AREG_CD40LG/FTH1_CD40LG/SRGN_CD40LG/TNFAIP3_CD40LG/ZFP36L2_AREG/ZNF331_AREG/CXCL16_AREG/IFNGR1_AREG/GPR35_AREG/FAM177A1_AREG/YPEL5_AREG/LMNA_AREG/PTGER4_AREG/CDKN1A_AREG/AREG_EEF1A1/CREM_TPT1/AREG_TPT1/SRGN_TPT1/TNFAIP3_TPT1/ZFP36L2_PABPC1/FTH1_EEF1B2/SRGN_EEF1B2/PTGER4_EEF1B2/NR4A2_S1PR1/TGFB1_PTGER2/FTH1_PTGER2/ANXA1_PTGER2/AREG_PLAC8/FTH1_PLAC8"
"1266",1196,1196,"CD4+CXCR5+ pre-Tfh_CD4+IFNG+ Tfh/Th1","CD4+CXCR5+ pre-Tfh","CD4+IFNG+ Tfh/Th1",33,7,0.465,0.999063341194018,1,1,"CD40LG_GZMB/CD40LG_ZEB2/TNFSF8_HAVCR2/CXCR5_HAVCR2/CD40LG_HAVCR2/TCF7_PTMS/CCR4_CCL4","SLC2A3_ZBED2/CD40LG_ZEB2/NR3C1_ID2/AREG_ID2/SLC2A3_ID2/MBP_ID2/AREG_BHLHE40/CCR4_CCL4/AREG_IFNG/SLC2A3_IFNG/CD40LG_GZMB/SLC2A3_GZMA/SLC2A3_CCL5/NR3C1_IL21/AREG_IL21/SLC2A3_IL21/NR3C1_CXCR6/AREG_CXCR6/SLC2A3_CXCR6/SLC2A3_CCR5/SLC2A3_CD4/AREG_CD74/SLC2A3_LAG3/TNFSF8_HAVCR2/CD40LG_HAVCR2/CXCR5_HAVCR2/SLC2A3_PDCD1/AREG_KRT86/AREG_MYO7A/TCF7_PTMS/SLC2A3_PTMS/AREG_RDH10/AREG_DUSP4"
"528",1197,1197,"CD4+AREG+ Tm_CD8+ISG+ CD8+ T","CD4+AREG+ Tm","CD8+ISG+ CD8+ T",16,2,0.274,0.99915791366451,1,1,"KLF3_STAT2/PTGER2_STAT2","AREG_PLSCR1/AREG_IRF7/KLF3_STAT2/AREG_STAT2/PTGER2_STAT2/AREG_SP100/AREG_TNFSF10/AREG_CD74/AREG_IFIT3/AREG_MX1/AREG_IFI6/ANXA1_IFI6/PABPC1_IFI6/AREG_OAS1/AREG_ISG15/AREG_OAS3"
"535",1198,1197,"CD4+Temra_CD8+ISG+ CD8+ T","CD4+Temra","CD8+ISG+ CD8+ T",16,2,0.274,0.99915791366451,1,1,"C1orf21_STAT2/CX3CR1_CCR1","C1orf21_STAT2/S1PR5_SP100/GNLY_TNFSF10/CX3CR1_CCR1/GZMB_IFIT1/GZMB_IFIT3/GZMB_IFI44L/CCL4_IFI44L/GZMB_MX1/PLEK_MX1/PRSS23_MX1/S1PR5_IFI6/GZMB_OAS1/GNLY_OAS1/CCL4_CMPK2/GZMB_OAS3"
"630",1199,1197,"CD8+Temra_CD4+Tn","CD8+Temra","CD4+Tn",16,2,0.274,0.99915791366451,1,1,"C1orf21_ACTN1/KLF3_LEF1","GNLY_TCF7/C1orf21_TCF7/KLF3_LEF1/KLRD1_TXK/PLEK_TXK/S1PR5_EEF1B2/GZMB_PLAC8/FCGR3A_PLAC8/GNLY_PLAC8/GNLY_TPT1/C1orf21_ACTN1/ZEB2_GIMAP7/GZMB_GIMAP7/GNLY_GIMAP7/KLRD1_GIMAP7/PLEK_GIMAP7"
"656",1200,1197,"CD4+IFNG+ Tfh/Th1_CD4+Tn","CD4+IFNG+ Tfh/Th1","CD4+Tn",16,2,0.274,0.99915791366451,1,1,"ID2_EEF1A1/ID2_ACTN1","PTMS_TCF7/BHLHE40_TXK/CCL3_TXK/HAVCR2_TXK/PDE7B_KLF2/ID2_EEF1A1/RBPJ_EEF1B2/GZMB_PLAC8/HAVCR2_PLAC8/ID2_ACTN1/ZEB2_GIMAP7/RBPJ_GIMAP7/GZMB_GIMAP7/LAG3_GIMAP7/PDCD1_GIMAP7/CXCL13_LINC00861"
"890",1201,1197,"CD4+IFNG+ Tfh/Th1_CD4+TIMP1+ Tm","CD4+IFNG+ Tfh/Th1","CD4+TIMP1+ Tm",16,2,0.274,0.99915791366451,1,1,"ID2_VIM/ID2_ANXA1","PDE7B_KLF2/BHLHE40_LMO4/HAVCR2_LMO4/RBPJ_FLT3LG/LAG3_FLT3LG/PTMS_FLT3LG/ZEB2_CD40LG/GZMB_CD40LG/HAVCR2_CD40LG/HAVCR2_S100A10/ID2_ANXA1/GZMB_CD52/HAVCR2_CD52/GZMB_S100A6/ID2_VIM/HAVCR2_CAPG"
"1063",1202,1197,"CD8+GZMK+ Tex_CD4+GZMK+ Tem","CD8+GZMK+ Tex","CD4+GZMK+ Tem",16,2,0.274,0.99915791366451,1,1,"CD27_TNFSF9/HLA-DQA1_CCL4","PRDM1_NFATC2/TRPS1_NFATC2/NAMPT_NFATC2/TNFRSF9_NFATC2/HLA-DQA1_CCL4/CD27_TNFSF9/PRDM1_IFNG/PRDM1_CXCR3/TRPS1_CXCR3/CTLA4_CST7/TRPS1_ENC1/NAMPT_ENC1/HAVCR2_ENC1/TOX_F2R/TRPS1_F2R/NAMPT_F2R"
"575",1203,1203,"CD4+CCR6+ Th17_CD8+Tc17","CD4+CCR6+ Th17","CD8+Tc17",57,15,0.577,0.999163419684753,1,1,"ABCB1_CEBPD/ABCB1_ADAM12/ABCB1_IL18RAP/ABCB1_RORA/ABCB1_AQP3/CD40LG_ADAM12/CD40LG_IL4I1/CXCR4_IL4I1/GPR35_IL4I1/ZFP36L2_IL4I1/DPP4_ADAM12/GPR35_NR1D1/ZFP36L2_CEBPD/HOPX_ADAM12/ABCB1_SLC4A10","IFNGR1_ZBTB16/ANXA1_ZBTB16/ZFP36L2_CEBPD/ABCB1_CEBPD/VIM_RORA/ABCB1_RORA/GPR35_NR1D1/IL4I1_CD40LG/MYBL1_IL26/VIM_FLT3LG/IL4I1_TNF/BHLHE40_CCR6/BHLHE40_IL23R/MYBL1_IL23R/TIMP1_IL23R/ANXA1_IL23R/VIM_IL23R/TPT1_IL23R/BHLHE40_IL17RE/HOPX_IL17RE/TIMP1_IL17RE/CCR6_IL17RE/IFNGR1_IL17RE/ANXA1_IL17RE/IL4I1_IL17RE/VIM_IL17RE/CAPG_IL17RE/TPT1_IL17RE/PERP_IL17RE/ABCB1_IL18RAP/ABCB1_SLC4A10/BHLHE40_KLRB1/IL4I1_TMIGD2/ZFP36L2_IL4I1/CD40LG_IL4I1/CXCR4_IL4I1/GPR35_IL4I1/IL4I1_NCR3/ANXA1_LTK/VIM_LTK/BHLHE40_CA2/MYBL1_CA2/RORA_CA2/TNFSF13B_CA2/TIMP1_CA2/FLT3LG_CA2/CCR6_CA2/IFNGR1_CA2/ANXA1_CA2/IL4I1_CA2/VIM_CA2/FKBP11_CA2/ABCB1_AQP3/HOPX_ADAM12/CD40LG_ADAM12/ABCB1_ADAM12/DPP4_ADAM12"
"249",1204,1204,"CD8+NME1+ T_CD8+KIR+EOMES+ NK-like","CD8+NME1+ T","CD8+KIR+EOMES+ NK-like",20,3,0.329,0.999227987127609,1,1,"MYB_IFNGR1/MYB_CMC1/MYB_CD160","GAPDH_IKZF2/CXCR3_NR4A2/GAPDH_LITAF/GAPDH_ZNF331/ENO1_GZMM/MYB_IFNGR1/ENO1_CD74/ENO1_CD160/MYB_CD160/GAPDH_CD160/GAPDH_KLRD1/ENO1_KLRG1/ENO1_CMC1/MYB_CMC1/GPI_CMC1/ENO1_GCSAM/GPI_GCSAM/MND1_GCSAM/GAPDH_GCSAM/KIF20A_GCSAM"
"204",1205,1205,"CD8+GZMK+ Tex_CD8+Temra","CD8+GZMK+ Tex","CD8+Temra",27,5,0.406,0.999236635429346,1,1,"CD27_S1PR5/CD27_GNLY/CD27_ZEB2/HLA-DRB1_FCGR3A/DUSP4_GNLY","TSC22D1_ASCL2/NAMPT_ASCL2/TSC22D1_KLF2/TSC22D1_KLF3/PRDM1_KLF3/TRPS1_KLF3/CCL3_KLF3/NAMPT_KLF3/HLA-DQA1_KLF3/CD27_ZEB2/NAMPT_TBX21/TOX_CX3CR1/TRPS1_CX3CR1/NAMPT_CX3CR1/TNFRSF9_CX3CR1/TRPS1_FGFBP2/NAMPT_FGFBP2/HLA-DRB1_FCGR3A/CD27_S1PR5/CD27_GNLY/DUSP4_GNLY/HAVCR2_FGR/TOX_C1orf21/TSC22D1_C1orf21/PRDM1_C1orf21/TRPS1_C1orf21/TNFSF4_C1orf21"
"1014",1206,1205,"CD4+NME1+CCR4+ T_CD4+CAPG+ Tm","CD4+NME1+CCR4+ T","CD4+CAPG+ Tm",27,5,0.406,0.999236635429346,1,1,"FLT3LG_RBPJ/IFNAR2_BHLHE40/HMGB1_RBPJ/KLF2_TGFB1/KLF2_TIMP1","TPM4_HOPX/IFNAR2_BHLHE40/ARHGDIB_BHLHE40/SUB1_ID2/ENO1_ID2/HMGB1_RBPJ/FLT3LG_RBPJ/KLF2_TIMP1/KLF2_TGFB1/ENO1_TGFB1/ENO1_CD40LG/CNN2_CD40LG/ENO1_HMGB1/ENO1_CXCR3/CMTM7_CXCR3/ENO1_CD74/COTL1_CD74/ENO1_IL2RG/ENO1_CXCR6/ENO1_TMSB4X/ENO1_ACTB/ENO1_CAPG/TMSB10_CAPG/ENO1_PFN1/ENO1_COTL1/CD74_COTL1/CNN2_COTL1"
"645",1207,1207,"CD4+AREG+ Tm_CD4+Tn","CD4+AREG+ Tm","CD4+Tn",12,1,0.183,0.999331318173211,1,1,"KLF3_LEF1","KLF3_LEF1/AREG_TXK/ANXA1_KLF2/AREG_SCML1/AREG_EEF1A1/AREG_SELL/AREG_PLAC8/AREG_TPT1/AREG_GIMAP7/PABPC1_GIMAP7/AREG_LINC00861/AREG_FHIT"
"738",1208,1207,"CD4+ISG+ Treg_CD4+ADSL+ Tn","CD4+ISG+ Treg","CD4+ADSL+ Tn",12,1,0.183,0.999331318173211,1,1,"IL7_LEF1","CD70_TCF7/IL7_LEF1/NAMPT_TXK/NAMPT_CMTM8/NAMPT_IL6R/NAMPT_IL6ST/CD70_IL6ST/NAMPT_LDHB/NAMPT_ANKRD55/CSF1_COTL1/CD70_COTL1/CD74_COTL1"
"948",1209,1207,"CD8+OXPHOS- Tex_CD4+CCL5+ Tm","CD8+OXPHOS- Tex","CD4+CCL5+ Tm",12,1,0.183,0.999331318173211,1,1,"ACP5_ALOX5AP","CSF1_ZFP36L2/PRDM1_HOPX/PHLDA1_HOPX/PRDM1_ID2/HAVCR2_ID2/TNFRSF9_ID2/CSF1_CD40LG/HAVCR2_CD40LG/TNFRSF9_CD40LG/PRDM1_IFNG/ACP5_ALOX5AP/CSF1_PTGER4"
"1175",1210,1207,"CD8+GZMK+ Tem_CD4+IL26+ Th17","CD8+GZMK+ Tem","CD4+IL26+ Th17",12,1,0.183,0.999331318173211,1,1,"ITM2C_RUNX2","ITM2C_RUNX2/SUB1_ID2/IL32_IL22/SUB1_IL23R/SUB1_IL17RE/CXCR3_IL17RE/HLA-DRB1_IL17RE/HLA-DQA1_IL17RE/ITM2C_IL17RE/APOBEC3G_IL17RE/CST7_KLRB1/CXCR3_IL4I1"
"1333",1211,1207,"CD8+KIR+EOMES+ NK-like_CD4+S1PR1+ Treg","CD8+KIR+EOMES+ NK-like","CD4+S1PR1+ Treg",12,1,0.183,0.999331318173211,1,1,"GCSAM_RTKN2","NR4A2_KLF3/LITAF_KLF3/ZNF331_KLF3/DUSP2_KLF3/GCSAM_RTKN2/IKZF2_HPGD/NR4A2_HPGD/ZNF331_HPGD/TNFSF9_HPGD/TYROBP_HPGD/DUSP2_HPGD/NR4A2_PI16"
"1170",1212,1212,"CD4+NME1+CCR4+ T_CD4+CCR6+ Th17","CD4+NME1+CCR4+ T","CD4+CCR6+ Th17",37,8,0.474,0.999351491648685,1,1,"FLT3LG_VIM/IFNAR2_BHLHE40/CORO1A_IL4I1/HMGB1_VIM/COTL1_MYBL1/KLF2_ANXA1/IL6R_ANXA1/KLF2_TIMP1","IFNAR2_BHLHE40/ARHGDIB_BHLHE40/TPM4_HOPX/CMTM7_ZFP36L2/ARHGDIB_ZFP36L2/TPM4_ZFP36L2/COTL1_MYBL1/ENO1_TNFSF13B/ENO1_CD40LG/CNN2_CD40LG/KLF2_TIMP1/SUB1_FLT3LG/ENO1_FLT3LG/CMTM7_FLT3LG/ACTG1_FLT3LG/CNN2_FLT3LG/ENO1_CCR6/ENO1_GPR35/KLF2_ANXA1/IL6R_ANXA1/ENO1_KLRB1/CNN2_KLRB1/CORO1A_IL4I1/HMGB1_VIM/FLT3LG_VIM/COTL1_VIM/ENO1_FKBP11/ENO1_CAPG/TMSB10_CAPG/ENO1_ABCB1/SCAND1_ABCB1/CMTM7_ABCB1/HMGB1_ABCB1/ACTG1_ABCB1/TMSB10_ABCB1/TPM4_ABCB1/ENO1_DPP4"
"1022",1213,1213,"CD8+KIR+TXK+ NK-like_CD4+CAPG+CREM- Tm","CD8+KIR+TXK+ NK-like","CD4+CAPG+CREM- Tm",24,4,0.366,0.999372971316186,1,1,"B3GNT7_GZMB/B3GNT7_IL18RAP/B3GNT7_ANXA1/B3GNT7_ZNF683","FOSL2_HOPX/AREG_HOPX/AREG_ID2/TXK_BHLHE40/AREG_BHLHE40/AREG_ZFP36L2/B3GNT7_ZNF683/B3GNT7_GZMB/AREG_IFNG/AREG_XCL1/AREG_CD40LG/AREG_CXCR3/AREG_IFNGR1/B3GNT7_IFNGR1/AREG_CXCR6/AREG_IL18RAP/B3GNT7_IL18RAP/AREG_GPR35/AREG_CAPG/AREG_CD52/B3GNT7_ANXA1/FOSL2_CD99/AREG_CD99/AREG_TMSB4X"
"576",1214,1214,"CD4+IL26+ Th17_CD8+Tc17","CD4+IL26+ Th17","CD8+Tc17",61,16,0.575,0.999438241135587,1,1,"IL17RE_CEBPD/IL17RE_IL23A/TMIGD2_IL4I1/CD40LG_ADAM12/CD40LG_IL4I1/CA10_CEBPD/IL23R_CEBPD/IL17RE_ADAM12/IL17RE_TNF/IL26_ADAM12/IL17RE_IL4I1/CKLF_ADAM12/IL17RE_ME1/IL17RE_CCR6/IL17RE_IL18RAP/IL22_IL4I1","ANKRD28_RORC/CEBPD_ZBTB16/ANKRD28_ZBTB16/IL23R_CEBPD/IL17RE_CEBPD/CA10_CEBPD/ANKRD28_RORA/TNFSF14_CD40LG/IL4I1_CD40LG/ANKRD28_CD40LG/ANKRD28_IL26/RUNX2_FLT3LG/ANKRD28_FLT3LG/IL17RE_TNF/IL4I1_TNF/IL17RE_IL23A/IL17RE_CCR6/ANKRD28_CCR6/CEBPD_IL23R/RUNX2_IL23R/CXCR6_IL23R/ERN1_IL23R/ANKRD28_IL23R/CEBPD_IL17RE/RUNX2_IL17RE/CKLF_IL17RE/CCR6_IL17RE/CA10_IL17RE/CAPG_IL17RE/IL4I1_IL17RE/ANKRD28_IL17RE/IL17RE_IL18RAP/TNFSF14_KLRB1/IL4I1_TMIGD2/ANKRD28_TMIGD2/CD40LG_IL4I1/IL22_IL4I1/IL17RE_IL4I1/TMIGD2_IL4I1/IL4I1_NCR3/CEBPD_LTK/ANKRD28_LTK/RORA_CA2/CEBPD_CA2/RUNX2_CA2/ID2_CA2/IL26_CA2/TNFSF13B_CA2/IL22_CA2/TNFSF14_CA2/CCR6_CA2/CA10_CA2/MGAT4A_CA2/ERN1_CA2/IL4I1_CA2/ANKRD28_CA2/IL17RE_ME1/IL26_ADAM12/CD40LG_ADAM12/CKLF_ADAM12/IL17RE_ADAM12"
"212",1215,1215,"CD4+CXCR5+ pre-Tfh_CD8+Temra","CD4+CXCR5+ pre-Tfh","CD8+Temra",31,6,0.425,0.999444663823145,1,1,"CD40LG_GZMB/FAAH2_GNLY/SESN3_S1PR5/CD40LG_ZEB2/TSHZ2_GNLY/TCF7_GNLY","AREG_ASCL2/SLC2A3_ASCL2/SLC2A3_KLF2/NR3C1_KLF3/NR4A2_KLF3/LEF1_KLF3/AREG_KLF3/SLC2A3_KLF3/CD40LG_ZEB2/SLC2A3_TBX21/CD40LG_GZMB/SLC2A3_GZMA/AREG_CX3CR1/SLC2A3_CX3CR1/AREG_FGFBP2/SLC2A3_FGFBP2/TSHZ2_S1PR5/SESN3_S1PR5/TCF7_GNLY/TSHZ2_GNLY/FAAH2_GNLY/SLC2A3_KLRD1/AREG_FGR/SLC2A3_PLEK/TCF7_C1orf21/NR3C1_C1orf21/NR4A2_C1orf21/TSHZ2_C1orf21/AREG_C1orf21/SLC2A3_C1orf21/PABPC1_C1orf21"
"32",1216,1216,"CD4+IFNG+ Tfh/Th1_CD8+Tn","CD4+IFNG+ Tfh/Th1","CD8+Tn",17,2,0.258,0.999515926270355,1,1,"ID2_EEF1A1/ID2_ACTN1","PTMS_TCF7/PDE7B_KLF2/BHLHE40_TXK/CCL3_TXK/HAVCR2_TXK/RBPJ_FLT3LG/LAG3_FLT3LG/PTMS_FLT3LG/HAVCR2_TNFSF8/LAG3_IL6R/BHLHE40_IFNGR2/CCL4_IFNGR2/HAVCR2_IFNGR2/ID2_EEF1A1/ID2_ACTN1/RBPJ_EEF1B2/CXCL13_NELL2"
"95",1217,1216,"CD4+CXCR5+ pre-Tfh_CD8+ZNF683+CXCR6- Tm","CD4+CXCR5+ pre-Tfh","CD8+ZNF683+CXCR6- Tm",17,2,0.258,0.999515926270355,1,1,"CD40LG_ZNF683/CXCR5_IL32","CD40LG_ZNF683/SLC2A3_ZNF683/SLC2A3_CCL5/CXCR5_IL32/SLC2A3_IL32/SLC2A3_GZMA/AREG_CD52/SLC2A3_CD52/AREG_TRAF3IP3/SLC2A3_TRAF3IP3/SLC2A3_SH3BGRL3/AREG_SIT1/SLC2A3_SIT1/SLC2A3_S100A4/AREG_MYL12A/SLC2A3_MYL12A/AREG_PFN1"
"197",1218,1216,"CD8+IL7R+ Tm_CD8+Temra","CD8+IL7R+ Tm","CD8+Temra",17,2,0.258,0.999515926270355,1,1,"ZFP36L2_GNLY/ZFP36L2_PRSS23","FTH1_ASCL2/ANXA1_KLF2/ANXA1_KLF3/TNFAIP3_KLF3/RGCC_KLF3/TNFAIP3_GZMM/ZFP36_CX3CR1/TNFAIP3_CX3CR1/FTH1_CX3CR1/FTH1_CMKLR1/ZFP36L2_PRSS23/ZFP36L2_GNLY/TSC22D3_GNLY/TNFAIP3_C1orf21/FTH1_C1orf21/RGCC_C1orf21/PABPC1_C1orf21"
"546",1219,1216,"CD4+NME1+CCR4+ T_CD8+ISG+ CD8+ T","CD4+NME1+CCR4+ T","CD8+ISG+ CD8+ T",17,2,0.258,0.999515926270355,1,1,"FLT3LG_STAT2/IL6R_STAT2","ENO1_IRF7/FLT3LG_STAT2/IL6R_STAT2/ENO1_SP100/ENO1_TNFSF10/ENO1_CD74/COTL1_CD74/ENO1_IFIT1/ENO1_RSAD2/ENO1_IFIT3/ENO1_IFI44L/ENO1_MX1/ENO1_IFI6/TMSB10_IFI6/ARHGDIB_OAS1/ENO1_CMPK2/ENO1_OAS3"
"788",1220,1216,"CD8+KIR+TXK+ NK-like_CD4+TNF+ T","CD8+KIR+TXK+ NK-like","CD4+TNF+ T",17,2,0.258,0.999515926270355,1,1,"B3GNT7_CISH/B3GNT7_LCP2","FOSL2_HOPX/AREG_HOPX/AREG_ID2/AREG_CD40LG/AREG_IFNG/AREG_FASLG/AREG_CCR2/AREG_CXCR3/AREG_CD52/AREG_MYL12A/AREG_SIT1/B3GNT7_CISH/AREG_CAPG/AREG_CD69/FOSL2_CD99/AREG_CD99/B3GNT7_LCP2"
"866",1221,1216,"CD8+KIR+TXK+ NK-like_CD4+TIMP1+ Tm","CD8+KIR+TXK+ NK-like","CD4+TIMP1+ Tm",17,2,0.258,0.999515926270355,1,1,"B3GNT7_VIM/B3GNT7_ANXA1","FOSL2_HOPX/AREG_HOPX/FOSL2_LMO4/AREG_LMO4/TYROBP_LMO4/LAT2_LMO4/AREG_TIMP1/AREG_FLT3LG/AREG_CD40LG/AREG_S100A11/REL_S100A10/AREG_S100A10/B3GNT7_ANXA1/AREG_CD52/AREG_S100A6/B3GNT7_VIM/AREG_CAPG"
"1069",1222,1216,"CD8+NME1+ T_CD4+GZMK+ Tem","CD8+NME1+ T","CD4+GZMK+ Tem",17,2,0.258,0.999515926270355,1,1,"MYB_CST7/MYB_ITM2C","GAPDH_LITAF/ENO1_NFATC2/GPI_NFATC2/ACTG1_NFATC2/CXCR3_NR4A2/GAPDH_IFNG/ENO1_CD74/ENO1_CXCR3/GPI_CXCR3/GAPDH_CXCR3/MYB_CST7/ENO1_ENC1/HMGA1_ENC1/GAPDH_ENC1/MYB_ITM2C/ENO1_F2R/ACTG1_F2R"
"1482",1223,1216,"CD4+NME1+CCR4+ T_CD4+ISG+ Th","CD4+NME1+CCR4+ T","CD4+ISG+ Th",17,2,0.258,0.999515926270355,1,1,"IL6R_IFI16/IFNAR2_IFI16","ENO1_IRF7/ENO1_SP100/FLT3LG_IFI16/IL6R_IFI16/IFNAR2_IFI16/ENO1_TNFSF10/ENO1_TNFSF13B/ENO1_IFIT3/ENO1_IFIT1/ENO1_RSAD2/ENO1_IFI44L/ENO1_MX1/ENO1_IFI6/TMSB10_IFI6/ENO1_MX2/ENO1_IFIT2/ENO1_CMPK2"
"251",1224,1224,"CD4+CXCR5+ pre-Tfh_CD8+KIR+EOMES+ NK-like","CD4+CXCR5+ pre-Tfh","CD8+KIR+EOMES+ NK-like",28,5,0.392,0.999520551665199,1,1,"CD40LG_NR4A2/CD40LG_DUSP2/TNFSF8_NR4A2/TSHZ2_NR4A2/SESN3_NR4A2","AREG_IKZF2/SLC2A3_IKZF2/TSHZ2_NR4A2/TNFSF8_NR4A2/CD40LG_NR4A2/SESN3_NR4A2/SLC2A3_NR4A2/AREG_LITAF/SLC2A3_LITAF/AREG_ZNF331/SLC2A3_ZNF331/AREG_XCL2/AREG_XCL1/SLC2A3_XCL1/AREG_IFNGR1/AREG_CD74/AREG_IL2RB/SLC2A3_IL2RB/AREG_CD160/AREG_TYROBP/SLC2A3_TYROBP/SLC2A3_KLRD1/SLC2A3_KLRG1/AREG_GCSAM/SLC2A3_GCSAM/SH3TC1_GCSAM/CD40LG_DUSP2/SLC2A3_DUSP2"
"1437",1225,1224,"CD4+IFNG+ Tfh/Th1_CD4+ISG+ Treg","CD4+IFNG+ Tfh/Th1","CD4+ISG+ Treg",28,5,0.392,0.999520551665199,1,1,"ID2_NAMPT/MYO7A_CD70/CXCR6_CD70/KRT86_CD70/IL21_NAMPT","GZMB_ETV7/FAM3C_ETV7/CD74_ETV7/HAVCR2_ETV7/RBPJ_TNFSF10/HAVCR2_IL1RN/ID2_NAMPT/IL21_NAMPT/BHLHE40_IL7/RBPJ_IL7/CCL3_IL7/HAVCR2_IL7/CXCR6_CD70/KRT86_CD70/MYO7A_CD70/HAVCR2_TNFSF13B/GZMB_IFIT1/LAG3_IFIT1/GZMB_OAS1/HAVCR2_OAS1/RBPJ_MX1/GZMB_MX1/LAG3_MX1/HAVCR2_MX1/RBPJ_IFI6/LAG3_IFI6/HAVCR2_IFI6/GZMB_IFIT3"
"1443",1226,1224,"CD4+NME1+CCR4+ T_CD4+ISG+ Treg","CD4+NME1+CCR4+ T","CD4+ISG+ Treg",28,5,0.392,0.999520551665199,1,1,"FLT3LG_CD70/COTL1_CD70/FLT3LG_CSF1/HMGB1_NAMPT/IL6R_NAMPT","ENO1_FOXP3/ENO1_IRF7/ENO1_ETV7/CD74_ETV7/TPM4_ETV7/ENO1_BATF/ENO1_LTA/ENO1_TNFSF10/SUB1_IL1RN/FLT3LG_CSF1/COTL1_CSF1/HMGB1_NAMPT/IL6R_NAMPT/ENO1_IL7/ACTG1_IL7/FLT3LG_CD70/COTL1_CD70/ENO1_TNFSF13B/ENO1_CD74/COTL1_CD74/ENO1_IFIT1/ARHGDIB_OAS1/ENO1_MX1/ENO1_IFI6/TMSB10_IFI6/ENO1_RSAD2/ENO1_IFIT3/ENO1_HERC5"
"1133",1227,1227,"CD8+IL7R+ Tm_CD4+CCR6+ Th17","CD8+IL7R+ Tm","CD4+CCR6+ Th17",21,3,0.313,0.999539416215388,1,1,"CXCR4_IL4I1/ZFP36L2_IL4I1/ZFP36L2_BHLHE40","ZFP36L2_BHLHE40/RGCC_HOPX/TNFAIP3_ZFP36L2/PABPC1_ZFP36L2/TNFAIP3_CD40LG/FTH1_CD40LG/PABPC1_CD40LG/PABPC1_FLT3LG/RGCC_CCR6/FTH1_GPR35/TSC22D3_ANXA1/ZFP36L2_IL4I1/CXCR4_IL4I1/TNFAIP3_FKBP11/BTG1_ABCB1/RGCC_ABCB1/GPR183_ABCB1/PABPC1_ABCB1/TNFAIP3_TPT1/RGCC_TPT1/TNFAIP3_DPP4"
"290",1228,1228,"CD4+CXCR5+ pre-Tfh_CD8+KIR+TXK+ NK-like","CD4+CXCR5+ pre-Tfh","CD8+KIR+TXK+ NK-like",41,9,0.482,0.999553160927333,1,1,"FAAH2_AREG/CXCR5_AREG/CD40LG_AREG/TNFSF8_AREG/FAM177A1_AREG/SH3TC1_AREG/IL6ST_AREG/SESN3_AREG/CXCR5_IL32","AREG_IKZF2/SLC2A3_IKZF2/AREG_HOPX/SLC2A3_HOPX/NR3C1_TXK/NR4A2_TXK/AREG_TXK/SLC2A3_TXK/SLC2A3_FOSL2/AREG_REL/SLC2A3_REL/AREG_XCL1/SLC2A3_XCL1/AREG_XCL2/TNFSF8_AREG/CD40LG_AREG/CXCR5_AREG/IL6ST_AREG/FAAH2_AREG/SESN3_AREG/FAM177A1_AREG/SH3TC1_AREG/CXCR5_IL32/SLC2A3_IL32/AREG_IL2RB/SLC2A3_IL2RB/SLC2A3_IL12RB2/NR3C1_KIR3DL2/AREG_KIR3DL2/SLC2A3_KIR3DL2/SLC2A3_KIR2DL4/AREG_TYROBP/SLC2A3_TYROBP/SLC2A3_LAT2/NR3C1_B3GNT7/NR4A2_B3GNT7/TSHZ2_B3GNT7/AREG_B3GNT7/PASK_B3GNT7/SLC2A3_B3GNT7/PABPC1_B3GNT7"
"1013",1229,1229,"CD4+NME1+CCR4- T_CD4+CAPG+ Tm","CD4+NME1+CCR4- T","CD4+CAPG+ Tm",38,8,0.462,0.999572808319013,1,1,"MEOX1_IL32/MEOX1_BHLHE40/MEOX1_RBPJ/MEOX1_TGFB1/MEOX1_GZMA/EBI3_CD74/HMGB1_RBPJ/EBI3_TGFB1","MEOX1_BHLHE40/ENO1_ID2/SUB1_ID2/GPI_ID2/GAPDH_ID2/MEOX1_RBPJ/HMGB1_RBPJ/MEOX1_GZMA/MEOX1_IL32/ENO1_TGFB1/MEOX1_TGFB1/EBI3_TGFB1/ENO1_CD40LG/GPI_CD40LG/ENO1_HMGB1/GAPDH_HMGB1/ENO1_CXCR3/GPI_CXCR3/GAPDH_CXCR3/ENO1_CD74/EBI3_CD74/ENO1_IL2RG/GAPDH_IL2RG/ENO1_CXCR6/GAPDH_CXCR6/GAPDH_SH3BGRL3/ENO1_TMSB4X/GAPDH_TMSB4X/ENO1_ACTB/GAPDH_ACTB/ENO1_CAPG/GAPDH_CAPG/TMSB10_CAPG/ENO1_PFN1/GAPDH_PFN1/PKM_S100A11/ENO1_COTL1/GAPDH_COTL1"
"344",1230,1230,"CD4+IFNG+ Tfh/Th1_CD8+ZNF683+CXCR6+ Trm","CD4+IFNG+ Tfh/Th1","CD8+ZNF683+CXCR6+ Trm",13,1,0.169,0.999636656248555,1,1,"ID2_RBPJ","BHLHE40_ID2/RBPJ_ID2/HAVCR2_ID2/PTMS_ID2/BHLHE40_ZFP36L2/ID2_RBPJ/ZEB2_CXCR3/BHLHE40_CXCR3/HAVCR2_CAPG/GZMB_CD52/HAVCR2_CD52/BHLHE40_LDLRAD4/HAVCR2_LDLRAD4"
"538",1231,1230,"CD4+IL21+ Tfh_CD8+ISG+ CD8+ T","CD4+IL21+ Tfh","CD8+ISG+ CD8+ T",13,1,0.169,0.999636656248555,1,1,"IL6R_STAT2","IL6R_STAT2/TOX2_SP100/RBPJ_SP100/GNG4_SP100/CD200_SP100/RBPJ_TNFSF10/IGFL2_TNFSF10/NMB_IFIT3/TOX2_MX1/RBPJ_MX1/NR3C1_IFI6/RBPJ_IFI6/NMB_ISG15"
"1311",1232,1230,"CD4+CREM+ Tm_CD4+TNFRSF9- Treg","CD4+CREM+ Tm","CD4+TNFRSF9- Treg",13,1,0.169,0.999636656248555,1,1,"PTGER4_ARID5B","AREG_IKZF2/TNFAIP3_IKZF2/PTGER4_ARID5B/AREG_RTKN2/SRGN_TIGIT/TNFAIP3_TBC1D4/AREG_FCRL3/TNFAIP3_FCRL3/AREG_CEACAM4/AREG_SELL/AREG_VAV3/TNFAIP3_STAM/AREG_TTN"
"1420",1233,1233,"CD8+NME1+ T_CD4+ISG+ Treg","CD8+NME1+ T","CD4+ISG+ Treg",48,11,0.503,0.999688490980056,1,1,"MYB_IL2RA/MYB_NAMPT/CXCR3_CD70/MYB_CCR8/MYB_CD70/HMGB1_NAMPT/MYB_FOXP3/GTF3A_NAMPT/MYB_LTA/MXD3_CD70/MYB_IL1R2","ENO1_FOXP3/MYB_FOXP3/ENO1_IRF7/GAPDH_IRF7/ENO1_ETV7/HMGA1_ETV7/CD74_ETV7/CENPA_ETV7/GAPDH_ETV7/KIF20A_ETV7/ENO1_BATF/GAPDH_BATF/ENO1_LTA/MYB_LTA/GPI_LTA/ENO1_TNFSF10/GAPDH_TNFSF10/GAPDH_IL1RN/KIF20A_IL1RN/GTF3A_NAMPT/MYB_NAMPT/HMGB1_NAMPT/ENO1_IL7/GPI_IL7/ACTG1_IL7/GAPDH_IL7/MYB_CD70/MXD3_CD70/CXCR3_CD70/ENO1_TNFSF13B/MYB_IL2RA/MYB_CCR8/MYB_IL1R2/ENO1_CD74/ENO1_IFIT1/GPI_IFIT1/GAPDH_OAS1/ENO1_MX1/HMGA1_MX1/ENO1_IFI6/GPI_IFI6/CENPA_IFI6/GAPDH_IFI6/ENO1_RSAD2/ENO1_IFIT3/GAPDH_IFIT3/ENO1_HERC5/GAPDH_HERC5"
"1172",1234,1234,"CD8+IL7R+ Tm_CD4+IL26+ Th17","CD8+IL7R+ Tm","CD4+IL26+ Th17",29,5,0.378,0.999700427330589,1,1,"ZFP36L2_ANKRD28/BTG1_ANKRD28/CXCR4_IL4I1/ZFP36L2_IL4I1/ZFP36L2_CEBPD","TNFAIP3_RORC/ZFP36L2_CEBPD/ANXA1_ID2/TNFAIP3_ID2/GPR183_ID2/TNFAIP3_CD40LG/FTH1_CD40LG/PABPC1_CD40LG/RGCC_IL22/PABPC1_IL22/TNFAIP3_CXCR6/RGCC_CCR6/BTG1_IL23R/ANXA1_IL23R/CD55_IL23R/TNFAIP3_IL23R/PABPC1_IL23R/ANXA1_IL17RE/LMNA_IL17RE/FTH1_IL17RE/RGCC_IL17RE/PABPC1_IL17RE/TNFAIP3_CTSH/RGCC_CA10/ZFP36L2_IL4I1/CXCR4_IL4I1/ZFP36L2_ANKRD28/BTG1_ANKRD28/FTH1_TMIGD2"
"1334",1235,1234,"CD8+KIR+TXK+ NK-like_CD4+S1PR1+ Treg","CD8+KIR+TXK+ NK-like","CD4+S1PR1+ Treg",29,5,0.378,0.999700427330589,1,1,"B3GNT7_IL32/B3GNT7_RTKN2/KIR3DL2_IKZF2/B3GNT7_CPNE2/B3GNT7_CD74","AREG_IKZF2/KIR3DL2_IKZF2/FOSL2_KLF3/REL_KLF3/AREG_KLF3/FAM3C_KLF3/KLRC3_KLF3/B3GNT7_IL32/AREG_FLT3LG/AREG_CD74/B3GNT7_CD74/AREG_RTKN2/B3GNT7_RTKN2/AREG_SELL/B3GNT7_SELL/AREG_HLA-DRB1/AREG_TTN/B3GNT7_CPNE2/AREG_CCDC141/IKZF2_HPGD/AREG_HPGD/IL32_HPGD/TYROBP_HPGD/KLRC3_HPGD/LAT2_HPGD/FOSL2_PI16/AREG_PI16/FAM3C_PI16/LAT2_PI16"
"1178",1236,1236,"CD8+KIR+TXK+ NK-like_CD4+IL26+ Th17","CD8+KIR+TXK+ NK-like","CD4+IL26+ Th17",42,9,0.47,0.999703362780243,1,1,"B3GNT7_ANKRD28/B3GNT7_ERN1/B3GNT7_RUNX2/B3GNT7_TNFSF14/B3GNT7_PTPN13/B3GNT7_RORA/HOPX_RUNX2/B3GNT7_IL4I1/KIR3DL2_ANKRD28","AREG_RORC/AREG_RORA/B3GNT7_RORA/HOPX_RUNX2/B3GNT7_RUNX2/AREG_ID2/AREG_IL26/AREG_TNFSF13B/AREG_CD40LG/AREG_IL22/IL32_IL22/AREG_TNFSF14/B3GNT7_TNFSF14/AREG_CXCR6/AREG_CCR6/IKZF2_IL23R/FOSL2_IL23R/REL_IL23R/AREG_IL23R/IL2RB_IL23R/KLRC3_IL23R/LAT2_IL23R/IKZF2_IL17RE/HOPX_IL17RE/FOSL2_IL17RE/REL_IL17RE/AREG_IL17RE/FAM3C_IL17RE/KIR2DL4_IL17RE/TYROBP_IL17RE/KLRC3_IL17RE/LAT2_IL17RE/AREG_CTSH/AREG_CA10/AREG_CAPG/B3GNT7_PTPN13/AREG_MGAT4A/B3GNT7_ERN1/B3GNT7_IL4I1/KIR3DL2_ANKRD28/B3GNT7_ANKRD28/AREG_TMIGD2"
"710",1237,1237,"CD8+KIR+TXK+ NK-like_CD4+ADSL+ Tn","CD8+KIR+TXK+ NK-like","CD4+ADSL+ Tn",18,2,0.244,0.99972260378383,1,1,"B3GNT7_PASK/B3GNT7_MYC","FOSL2_TXK/AREG_TXK/KLRC3_TXK/AREG_MYC/B3GNT7_MYC/AREG_IL6R/KLRC3_IL6R/AREG_IL6ST/B3GNT7_PASK/AREG_SELL/B3GNT7_SELL/AREG_LDHB/FOSL2_LIMS2/AREG_LIMS2/AREG_ANKRD55/AREG_NOSIP/FOSL2_DGKA/AREG_DGKA"
"1453",1238,1237,"CD8+GZMK+ Tex_CD4+ISG+ Th","CD8+GZMK+ Tex","CD4+ISG+ Th",18,2,0.244,0.99972260378383,1,1,"CD27_IFI16/LYST_IFI16","CD27_IFI16/LYST_IFI16/NAMPT_TNFSF10/NAMPT_TNFSF13B/HAVCR2_TNFSF13B/CCL4_IFI44L/TSC22D1_MX1/NAMPT_MX1/HAVCR2_MX1/CCL3L3_IFI6/NAMPT_IFI6/HAVCR2_IFI6/TRPS1_MX2/HAVCR2_MX2/PRDM1_IFIT2/TRPS1_IFIT2/CCL4_CMPK2/HAVCR2_CMPK2"
"227",1239,1239,"CD4+IFNG+ Tfh/Th1_CD8+Temra","CD4+IFNG+ Tfh/Th1","CD8+Temra",22,3,0.299,0.999726396898163,1,1,"ID2_GNLY/IL21_S1PR5/DUSP4_GNLY","RBPJ_ASCL2/LAG3_ASCL2/PTMS_ASCL2/PDE7B_ASCL2/PDE7B_KLF2/ZEB2_KLF3/RBPJ_KLF3/CCL3_KLF3/FAM3C_KLF3/PTMS_KLF3/LAG3_TBX21/GZMB_GZMH/RBPJ_CX3CR1/ZEB2_FGFBP2/IL21_S1PR5/ID2_GNLY/DUSP4_GNLY/HAVCR2_FGR/RBPJ_C1orf21/KRT86_C1orf21/PTMS_C1orf21/PDE7B_C1orf21"
"470",1240,1239,"CD8+IL7R+ Tm_CD8+TCF7+ Tex","CD8+IL7R+ Tm","CD8+TCF7+ Tex",22,3,0.299,0.999726396898163,1,1,"LMNA_NMB/LMNA_IGFL2/TSC22D3_NR3C1","TNFAIP3_TCF7/FTH1_TCF7/TSC22D3_NR3C1/TNFAIP3_BATF/FTH1_BATF/RGCC_BATF/TNFAIP3_EBI3/PABPC1_EBI3/TNFAIP3_TNFSF8/TNFAIP3_CD40LG/FTH1_CD40LG/PABPC1_CD40LG/ANXA1_IL6R/TNFAIP3_IL6R/FTH1_IL6R/PABPC1_IL6R/TNFAIP3_IFNAR2/PABPC1_IFNAR2/LMNA_IGFL2/TNFAIP3_CPM/LMNA_NMB/TNFAIP3_BTLA"
"542",1241,1239,"CD4+TNFRSF9+ Treg_CD8+ISG+ CD8+ T","CD4+TNFRSF9+ Treg","CD8+ISG+ CD8+ T",22,3,0.299,0.999726396898163,1,1,"IL7_STAT2/EBI3_CD74/CARD16_STAT2","PMAIP1_IRF7/IL7_STAT2/CARD16_STAT2/TNFRSF4_SP100/PMAIP1_SP100/NAMPT_TNFSF10/PMAIP1_TNFSF10/EBI3_CD74/TNFRSF4_IFIT1/PMAIP1_IFIT1/TNFRSF4_IFIT3/PMAIP1_IFIT3/NAMPT_MX1/IL2RA_MX1/PMAIP1_MX1/NAMPT_IFI6/IL2RA_IFI6/TNFRSF4_IFI6/NAMPT_OAS1/CD70_OAS1/TNFRSF4_CMPK2/PMAIP1_CMPK2"
"233",1242,1242,"CD4+NME1+CCR4- T_CD8+Temra","CD4+NME1+CCR4- T","CD8+Temra",36,7,0.427,0.999743931649948,1,1,"MEOX1_GZMB/MEOX1_GZMA/MEOX1_S1PR5/EBI3_ZEB2/MEOX1_ZEB2/MEOX1_CXCR2/MEOX1_PRSS23","ENO1_ASCL2/HMGA1_ASCL2/PHF5A_ASCL2/GPI_ASCL2/IL2RA_ASCL2/PKM_ASCL2/ENO1_KLF3/SUB1_KLF3/GPI_KLF3/GAPDH_KLF3/MEOX1_ZEB2/EBI3_ZEB2/GAPDH_ZEB2/ENO1_TBX21/MEOX1_GZMB/ENO1_GZMM/MEOX1_GZMA/ENO1_CX3CR1/GPI_CX3CR1/GAPDH_CX3CR1/MEOX1_CXCR2/ENO1_CMKLR1/GAPDH_CMKLR1/MEOX1_CXCR1/ENO1_FGFBP2/GAPDH_FGFBP2/MEOX1_S1PR5/MEOX1_PRSS23/GAPDH_KLRD1/ENO1_C1orf21/GPI_C1orf21/CKLF_C1orf21/ACTG1_C1orf21/GAPDH_C1orf21/PKM_C1orf21/TMSB10_C1orf21"
"1049",1243,1242,"CD4+TNFRSF9+ Treg_CD4+CAPG+CREM- Tm","CD4+TNFRSF9+ Treg","CD4+CAPG+CREM- Tm",36,7,0.427,0.999743931649948,1,1,"IL7_IFNGR1/LAIR2_BHLHE40/IL1RN_ALOX5AP/IL1RN_ANXA1/CARD16_CCL4/CARD16_IFNGR1/IL7_BHLHE40","NAMPT_HOPX/PMAIP1_HOPX/IKZF4_ID2/NAMPT_ID2/TNFRSF9_ID2/PMAIP1_ID2/IL7_BHLHE40/LAIR2_BHLHE40/NAMPT_ZFP36L2/CSF1_ZFP36L2/CD70_ZFP36L2/PMAIP1_ZFP36L2/PMAIP1_ZNF683/CARD16_CCL4/PMAIP1_CKLF/PMAIP1_IFNG/NAMPT_CD40LG/CSF1_CD40LG/TNFRSF9_CD40LG/TNFRSF4_CD40LG/PMAIP1_CD40LG/CD70_CXCR3/TNFRSF4_CXCR3/PMAIP1_CXCR3/IL7_IFNGR1/CARD16_IFNGR1/CD70_CXCR6/TNFRSF9_CXCR6/TNFRSF4_CXCR6/TNFRSF4_GPR35/PMAIP1_GPR35/IL1RN_ALOX5AP/PMAIP1_CAPG/NAMPT_CD52/IL1RN_ANXA1/CARD16_ANXA1"
"1144",1244,1244,"CD8+TCF7+ Tex_CD4+CCR6+ Th17","CD8+TCF7+ Tex","CD4+CCR6+ Th17",33,6,0.399,0.999775265837744,1,1,"BTLA_IL4I1/IFNAR2_BHLHE40/CD40LG_IL4I1/EBI3_MYBL1/TNFSF8_IL4I1/IL6R_ANXA1","IFNAR2_BHLHE40/EBI3_MYBL1/IGFL2_RORA/CD200_TNFSF13B/TNFRSF4_CD40LG/IGFL2_CD40LG/NR3C1_FLT3LG/CD200_FLT3LG/IGFL2_FLT3LG/IGFBP4_FLT3LG/CD200_GPR35/TNFRSF4_GPR35/IGFL2_GPR35/NMB_GPR35/IL6R_ANXA1/GNG4_KLRB1/TNFRSF4_KLRB1/IGFL2_KLRB1/TNFSF8_IL4I1/CD40LG_IL4I1/BTLA_IL4I1/CD200_CAPG/NMB_CAPG/NR3C1_ABCB1/TOX_ABCB1/TNFSF8_ABCB1/CD200_ABCB1/GNG4_ABCB1/IGFL2_ABCB1/NMB_ABCB1/CD200_TPT1/IGFL2_TPT1/IGFL2_DPP4"
"1442",1245,1245,"CD4+NME1+CCR4- T_CD4+ISG+ Treg","CD4+NME1+CCR4- T","CD4+ISG+ Treg",49,11,0.492,0.999789720618075,1,1,"MEOX1_CSF1/MEOX1_IL32/EBI3_CSF1/MEOX1_FOXP3/EBI3_CD74/MEOX1_CD70/EBI3_CD70/MEOX1_IL2RB/HMGB1_NAMPT/MEOX1_NAMPT/MEOX1_LTA","ENO1_FOXP3/MEOX1_FOXP3/ENO1_IRF7/GAPDH_IRF7/ENO1_ETV7/HMGA1_ETV7/GAPDH_ETV7/ENO1_BATF/GAPDH_BATF/MEOX1_IL32/ENO1_LTA/MEOX1_LTA/GPI_LTA/ENO1_TNFSF10/GAPDH_TNFSF10/SUB1_IL1RN/GAPDH_IL1RN/PKM_IL1RN/MEOX1_CSF1/EBI3_CSF1/MEOX1_NAMPT/HMGB1_NAMPT/ENO1_IL7/GPI_IL7/ACTG1_IL7/GAPDH_IL7/MEOX1_CD70/EBI3_CD70/ENO1_TNFSF13B/ENO1_CD74/EBI3_CD74/MEOX1_IL2RB/ENO1_IFIT1/GPI_IFIT1/GAPDH_OAS1/ENO1_MX1/HMGA1_MX1/IL2RA_MX1/IL2RA_USP18/ENO1_IFI6/GPI_IFI6/IL2RA_IFI6/GAPDH_IFI6/TMSB10_IFI6/ENO1_RSAD2/ENO1_IFIT3/GAPDH_IFIT3/ENO1_HERC5/GAPDH_HERC5"
"1183",1246,1246,"CD8+TCF7+ Tex_CD4+IL26+ Th17","CD8+TCF7+ Tex","CD4+IL26+ Th17",58,14,0.53,0.999792074712277,1,1,"TCF7_ANKRD28/CD40LG_ANKRD28/CD40LG_TNFSF14/BTLA_IL4I1/CD40LG_IL4I1/BATF_CEBPD/IL6R_ANKRD28/SESN3_ANKRD28/SESN3_RUNX2/CPM_CEBPD/TSHZ2_ANKRD28/TNFSF8_IL4I1/IFNAR2_CEBPD/IL6R_CEBPD","IGFL2_RORA/BATF_CEBPD/IL6R_CEBPD/IFNAR2_CEBPD/CPM_CEBPD/SESN3_RUNX2/NR3C1_ID2/CD200_ID2/IGFL2_ID2/NMB_ID2/TNFRSF4_IL26/CD200_TNFSF13B/TNFRSF4_CD40LG/IGFL2_CD40LG/IGFL2_GZMA/NR3C1_IL22/CD200_IL22/TNFRSF4_IL22/NMB_IL22/CD40LG_TNFSF14/NR3C1_CXCR6/TNFRSF4_CXCR6/NR3C1_IL23R/CD200_IL23R/GNG4_IL23R/TNFRSF4_IL23R/NMB_IL23R/TCF7_IL17RE/NR3C1_IL17RE/TOX_IL17RE/BATF_IL17RE/IFNAR2_IL17RE/CD200_IL17RE/GNG4_IL17RE/TNFRSF4_IL17RE/IGFL2_IL17RE/NMB_IL17RE/IGFBP4_IL17RE/GNG4_KLRB1/TNFRSF4_KLRB1/IGFL2_KLRB1/CD200_CTSH/IGFL2_CTSH/CD200_CA10/CD200_CAPG/NMB_CAPG/NR3C1_ERN1/TNFSF8_IL4I1/CD40LG_IL4I1/BTLA_IL4I1/TSHZ2_ANKRD28/TCF7_ANKRD28/CD40LG_ANKRD28/IL6R_ANKRD28/SESN3_ANKRD28/NR3C1_TMIGD2/TNFRSF4_TMIGD2/IGFBP4_TMIGD2"
"723",1247,1247,"CD4+AREG+ Tm_CD4+ADSL+ Tn","CD4+AREG+ Tm","CD4+ADSL+ Tn",14,1,0.157,0.999802592358054,1,1,"KLF3_LEF1","KLF3_LEF1/AREG_TXK/ANXA1_KLF2/AREG_MYC/AREG_IL6R/ANXA1_IL6R/PABPC1_IL6R/AREG_IL6ST/AREG_SELL/AREG_LDHB/AREG_LIMS2/AREG_ANKRD55/AREG_NOSIP/AREG_DGKA"
"987",1248,1247,"CD8+OXPHOS- Tex_CD4+CAPG+ Tm","CD8+OXPHOS- Tex","CD4+CAPG+ Tm",14,1,0.157,0.999802592358054,1,1,"ACP5_ALOX5AP","PRDM1_HOPX/PHLDA1_HOPX/PRDM1_ID2/HAVCR2_ID2/TNFRSF9_ID2/CSF1_CD40LG/HAVCR2_CD40LG/TNFRSF9_CD40LG/PRDM1_CXCR3/TNFRSF9_CXCR6/HAVCR2_CAPG/ACP5_ALOX5AP/HAVCR2_CD52/CSF1_COTL1"
"226",1249,1249,"CD4+IL21+ Tfh_CD8+Temra","CD4+IL21+ Tfh","CD8+Temra",40,8,0.439,0.999817482470442,1,1,"CD40LG_GZMB/IL6R_GNLY/CD40LG_ZEB2/IL21_S1PR5/IL6R_S1PR5/TSHZ2_GNLY/CPM_GNLY/ITM2A_ZEB2","TOX2_ASCL2/RBPJ_ASCL2/GNG4_ASCL2/PDE7B_ASCL2/IGFL2_KLF2/PDE7B_KLF2/NR3C1_KLF3/TOX2_KLF3/RBPJ_KLF3/GNG4_KLF3/CD200_KLF3/NMB_KLF3/CD40LG_ZEB2/IGFL2_ZEB2/ITM2A_ZEB2/CD40LG_GZMB/IGFL2_GZMA/TOX2_CX3CR1/TOX_CX3CR1/RBPJ_CX3CR1/CD200_CX3CR1/IGFL2_CX3CR1/TSHZ2_S1PR5/IL21_S1PR5/IL6R_S1PR5/TSHZ2_GNLY/IL6R_GNLY/CPM_GNLY/ITM2A_GNLY/NR3C1_C1orf21/TOX2_C1orf21/TOX_C1orf21/TSHZ2_C1orf21/RBPJ_C1orf21/TNFSF4_C1orf21/GNG4_C1orf21/CD200_C1orf21/NMB_C1orf21/IGFL2_C1orf21/PDE7B_C1orf21"
"550",1250,1250,"CD8+GZMK+ early Tem_CD8+Tc17","CD8+GZMK+ early Tem","CD8+Tc17",19,2,0.231,0.999841489814211,1,1,"TRAT1_IL4I1/CXCR4_IL4I1","CST7_ZBTB16/DTHD1_ZBTB16/DUSP2_CD40LG/CXCR5_IL23R/CRTAM_IL23R/CD44_IL17RE/DUSP2_IL17RE/CMC1_IL17RE/CST7_KLRB1/CXCR4_IL4I1/TRAT1_IL4I1/CD74_CA2/CXCR5_CA2/CD44_CA2/CMC1_CA2/CST7_CA2/DTHD1_CA2/CRTAM_CA2/PIK3R1_ADAM12"
"946",1251,1250,"CD8+GZMK+ Tex_CD4+CCL5+ Tm","CD8+GZMK+ Tex","CD4+CCL5+ Tm",19,2,0.231,0.999841489814211,1,1,"LYST_ANXA1/HLA-DQA1_CCL4","NAMPT_ZFP36L2/PRDM1_HOPX/TNFSF4_HOPX/NAMPT_HOPX/PRDM1_ID2/TRPS1_ID2/NAMPT_ID2/HAVCR2_ID2/TNFRSF9_ID2/TNFSF4_CD40LG/NAMPT_CD40LG/HAVCR2_CD40LG/TNFRSF9_CD40LG/HLA-DQA1_CCL4/PRDM1_IFNG/LYST_ANXA1/NAMPT_PARP8/NAMPT_PTGER4/TNFSF4_CD99"
"1348",1252,1250,"CD4+AREG+ Tm_CD4+S1PR1+ Treg","CD4+AREG+ Tm","CD4+S1PR1+ Treg",19,2,0.231,0.999841489814211,1,1,"KLF3_LEF1/KLF2_CPNE2","AREG_IKZF2/ANXA1_KLF2/KLF3_LEF1/AREG_KLF3/ANXA1_KLF3/AREG_FLT3LG/EEF1A1_FLT3LG/PABPC1_FLT3LG/AREG_CD74/AREG_RTKN2/AREG_SELL/AREG_HLA-DRB1/AREG_TTN/KLF2_CPNE2/AREG_CCDC141/AREG_HPGD/GPR183_HPGD/S1PR1_HPGD/AREG_PI16"
"491",1253,1253,"CD4+CREM+ Tm_CD8+TCF7+ Tex","CD4+CREM+ Tm","CD8+TCF7+ Tex",50,11,0.483,0.999858722862675,1,1,"GPR35_NMB/GPR35_CD200/PTGER4_IGFBP4/PTGER4_NR3C1/LMNA_NMB/GPR35_TNFRSF4/GPR35_IGFL2/PTGER4_TNFRSF4/LMNA_IGFL2/FAM177A1_CD200/CXCL16_CD200","NR4A2_TSHZ2/FTH1_TCF7/TNFAIP3_TCF7/PTGER4_NR3C1/ZNF331_BATF/AREG_BATF/FTH1_BATF/TNFAIP3_BATF/TGFB1_EBI3/AREG_EBI3/TNFAIP3_EBI3/NR4A2_TNFSF8/AREG_TNFSF8/TNFAIP3_TNFSF8/CREM_CD40LG/NR4A2_CD40LG/TGFB1_CD40LG/AREG_CD40LG/FTH1_CD40LG/SRGN_CD40LG/TNFAIP3_CD40LG/NR4A2_IL6R/AREG_IL6R/FTH1_IL6R/SRGN_IL6R/TNFAIP3_IL6R/ANXA1_IL6R/NR4A2_IFNAR2/AREG_IFNAR2/TNFAIP3_IFNAR2/CXCL16_CD200/GPR35_CD200/FAM177A1_CD200/GPR35_TNFRSF4/PTGER4_TNFRSF4/GZMA_IGFL2/GPR35_IGFL2/LMNA_IGFL2/AREG_CPM/SRGN_CPM/TNFAIP3_CPM/AREG_NMB/GPR35_NMB/FAM177A1_NMB/LMNA_NMB/NR4A2_SESN3/AREG_SESN3/SRGN_BTLA/TNFAIP3_BTLA/PTGER4_IGFBP4"
"179",1254,1254,"CD4+CREM+ Tm_CD8+GZMK+ Tem","CD4+CREM+ Tm","CD8+GZMK+ Tem",15,1,0.146,0.999892759632348,1,1,"PTGER4_IL32","FTH1_SUB1/TNFAIP3_GZMK/PTGER4_IL32/AREG_CD74/CREM_CXCR3/NR4A2_CXCR3/AREG_CXCR3/TNFAIP3_CXCR3/AREG_HLA-DRB1/AREG_HLA-DPA1/AREG_HLA-DPB1/SRGN_HLA-DPB1/AREG_HLA-DRB5/AREG_ITM2C/TNFAIP3_APOBEC3G"
"977",1255,1254,"CD8+IL7R+ Tm_CD4+CAPG+ Tm","CD8+IL7R+ Tm","CD4+CAPG+ Tm",15,1,0.146,0.999892759632348,1,1,"ZFP36L2_BHLHE40","RGCC_HOPX/ZFP36L2_BHLHE40/ANXA1_ID2/TNFAIP3_ID2/GPR183_ID2/TNFAIP3_CD40LG/FTH1_CD40LG/PABPC1_CD40LG/GPR183_HMGB1/TNFAIP3_CXCR3/RGCC_CXCR3/PABPC1_CXCR3/TNFAIP3_CXCR6/ANXA1_TMSB4X/FTH1_S100A11"
"1026",1256,1254,"CD8+OXPHOS- Tex_CD4+CAPG+CREM- Tm","CD8+OXPHOS- Tex","CD4+CAPG+CREM- Tm",15,1,0.146,0.999892759632348,1,1,"ACP5_ALOX5AP","PRDM1_HOPX/PHLDA1_HOPX/PRDM1_ID2/HAVCR2_ID2/TNFRSF9_ID2/CSF1_ZFP36L2/PRDM1_IFNG/CSF1_CD40LG/HAVCR2_CD40LG/TNFRSF9_CD40LG/PRDM1_CXCR3/TNFRSF9_CXCR6/ACP5_ALOX5AP/HAVCR2_CAPG/HAVCR2_CD52"
"173",1257,1257,"CD4+CXCR5+ pre-Tfh_CD8+GZMK+ Tem","CD4+CXCR5+ pre-Tfh","CD8+GZMK+ Tem",24,3,0.274,0.999904559906031,1,1,"CCR4_CST7/CXCR5_IL32/CCR4_CCL4","SLC2A3_GZMA/SLC2A3_CCL5/CXCR5_IL32/SLC2A3_IL32/CCR4_CCL4/AREG_CD74/SLC2A3_CCR5/NR3C1_CXCR3/NR4A2_CXCR3/AREG_CXCR3/SLC2A3_CXCR3/PABPC1_CXCR3/AREG_HLA-DRB1/AREG_HLA-DPA1/SLC2A3_HLA-DPA1/NR3C1_COTL1/SLC2A3_COTL1/AREG_HLA-DPB1/SLC2A3_HLA-DPB1/AREG_HLA-DRB5/AREG_ITM2C/SLC2A3_ITM2C/CCR4_CST7/SLC2A3_APOBEC3G"
"793",1258,1257,"CD8+TCF7+ Tex_CD4+TNF+ T","CD8+TCF7+ Tex","CD4+TNF+ T",24,3,0.274,0.999904559906031,1,1,"CD40LG_LCP2/IL6R_LCP2/CCR4_CCL4","NR3C1_ID2/CD200_ID2/IGFL2_ID2/NMB_ID2/TNFRSF4_CD40LG/IGFL2_CD40LG/IGFL2_GZMA/IGFL2_IFNG/CCR4_CCL4/IGFL2_CCR2/NR3C1_CXCR3/CD200_CXCR3/GNG4_CXCR3/TNFRSF4_CXCR3/IGFL2_CXCR3/NMB_CXCR3/IGFL2_CD52/NMB_CD52/IGFL2_ACTB/CD200_CAPG/NMB_CAPG/IGFL2_CD99/CD40LG_LCP2/IL6R_LCP2"
"583",1259,1259,"CD4+ISG+ Th_CD8+Tc17","CD4+ISG+ Th","CD8+Tc17",20,2,0.219,0.999909656779389,1,1,"TNFSF10_ADAM12/MX2_IL4I1","PLSCR1_ZBTB16/IFI16_ZBTB16/ISG15_ZBTB16/IFI16_CD40LG/IFI16_FLT3LG/IFI16_IL23R/IFI16_IL17RE/IFI16_TMIGD2/MX2_IL4I1/PLSCR1_CA2/IRF7_CA2/STAT1_CA2/SP100_CA2/IFI16_CA2/TNFSF10_CA2/TNFSF13B_CA2/RSAD2_CA2/MX2_CA2/IFIT2_CA2/TNFSF10_ADAM12"
"737",1260,1259,"CD4+TNFRSF9+ Treg_CD4+ADSL+ Tn","CD4+TNFRSF9+ Treg","CD4+ADSL+ Tn",20,2,0.219,0.999909656779389,1,1,"IL7_LEF1/CCL22_PASK","CD70_TCF7/TNFRSF4_TCF7/IL7_LEF1/NAMPT_TXK/NAMPT_CMTM8/NAMPT_IL6R/TNFRSF4_IL6R/NAMPT_IL6ST/CD70_IL6ST/CCL22_PASK/NAMPT_LDHB/PMAIP1_GIMAP4/NAMPT_ANKRD55/TNFRSF4_ANKRD55/PMAIP1_NOSIP/CSF1_COTL1/CD70_COTL1/CD74_COTL1/TNFRSF4_COTL1/PMAIP1_DGKA"
"1354",1261,1259,"CD4+GZMK+ Tem_CD4+S1PR1+ Treg","CD4+GZMK+ Tem","CD4+S1PR1+ Treg",20,2,0.219,0.999909656779389,1,1,"NFATC2_IL32/ENC1_IKZF2","ENC1_IKZF2/LITAF_KLF3/NR4A2_KLF3/CCL3_KLF3/NFATC2_IL32/CCL4_CCR4/CST7_CCR4/CST7_SAMHD1/CCL4_CCDC141/CST7_CCDC141/RUNX3_HPGD/NR4A2_HPGD/CCL4_HPGD/CCL5_HPGD/TNFSF9_HPGD/FASLG_HPGD/CCL3_HPGD/NR4A2_PI16/CCL4_PI16/ITM2C_PI16"
"1162",1262,1262,"CD4+IL21+ Tfh_CD4+CCR6+ Th17","CD4+IL21+ Tfh","CD4+CCR6+ Th17",42,8,0.418,0.999923489276767,1,1,"CXCR5_MYBL1/BTLA_IL4I1/CD40LG_IL4I1/IL21_MYBL1/ITM2A_VIM/TNFSF8_IL4I1/IL21_BHLHE40/IL6R_ANXA1","IL21_BHLHE40/ITM2A_BHLHE40/TNFSF4_HOPX/IL21_MYBL1/CXCR5_MYBL1/IGFL2_RORA/CD200_TNFSF13B/TNFSF4_CD40LG/IGFL2_CD40LG/NR3C1_FLT3LG/TOX2_FLT3LG/RBPJ_FLT3LG/CD200_FLT3LG/IGFL2_FLT3LG/CD200_GPR35/NMB_GPR35/IGFL2_GPR35/IL6R_ANXA1/GNG4_KLRB1/IGFL2_KLRB1/TNFSF8_IL4I1/CD40LG_IL4I1/BTLA_IL4I1/ITM2A_VIM/TNFSF4_CAPG/CD200_CAPG/NMB_CAPG/NR3C1_ABCB1/TOX2_ABCB1/TOX_ABCB1/RBPJ_ABCB1/TNFSF8_ABCB1/TNFSF4_ABCB1/GNG4_ABCB1/CD200_ABCB1/NMB_ABCB1/IGFL2_ABCB1/PDE7B_ABCB1/CD200_TPT1/IGFL2_TPT1/IGFL2_DPP4/PDE7B_DPP4"
"1440",1263,1262,"CD4+TNFRSF9+ Treg_CD4+ISG+ Treg","CD4+TNFRSF9+ Treg","CD4+ISG+ Treg",42,8,0.418,0.999923489276767,1,1,"EBI3_CSF1/EBI3_CD74/IL1RN_NAMPT/IL7_NAMPT/TBC1D4_NAMPT/EBI3_CD70/CARD16_NAMPT/LAIR2_IL2RA","TNFRSF4_FOXP3/PMAIP1_IRF7/NAMPT_ETV7/CD74_ETV7/TNFRSF4_ETV7/PMAIP1_ETV7/NAMPT_BATF/TNFRSF4_BATF/PMAIP1_BATF/LAIR2_IL32/NAMPT_TNFSF10/PMAIP1_TNFSF10/NAMPT_IL1RN/PMAIP1_IL1RN/EBI3_CSF1/BATF_NAMPT/IL1RN_NAMPT/IL7_NAMPT/CARD16_NAMPT/TBC1D4_NAMPT/IKZF2_IL7/NAMPT_IL7/TNFRSF4_IL7/PMAIP1_IL7/EBI3_CD70/NAMPT_TNFSF13B/PMAIP1_TNFSF13B/LAIR2_IL2RA/EBI3_CD74/TNFRSF4_IFIT1/PMAIP1_IFIT1/NAMPT_OAS1/CD70_OAS1/NAMPT_MX1/IL2RA_MX1/PMAIP1_MX1/IL2RA_USP18/NAMPT_IFI6/IL2RA_IFI6/TNFRSF4_IFI6/TNFRSF4_IFIT3/PMAIP1_IFIT3"
"1201",1264,1264,"CD4+IL21+ Tfh_CD4+IL26+ Th17","CD4+IL21+ Tfh","CD4+IL26+ Th17",58,13,0.492,0.999933377409535,1,1,"ITM2A_ANKRD28/CD40LG_ANKRD28/CD40LG_TNFSF14/IL6ST_ANKRD28/BTLA_IL4I1/CXCR5_ANKRD28/CD40LG_IL4I1/IL6R_ANKRD28/IL21_ANKRD28/CPM_CEBPD/TSHZ2_ANKRD28/TNFSF8_IL4I1/IL6R_CEBPD","IGFL2_RORA/IL6R_CEBPD/CPM_CEBPD/NR3C1_ID2/TOX2_ID2/RBPJ_ID2/CD200_ID2/NMB_ID2/IGFL2_ID2/CD200_TNFSF13B/TNFSF4_CD40LG/IGFL2_CD40LG/IGFL2_GZMA/NR3C1_IL22/TOX2_IL22/RBPJ_IL22/CD200_IL22/NMB_IL22/CD40LG_TNFSF14/ITM2A_TNFSF14/NR3C1_CXCR6/NR3C1_IL23R/RBPJ_IL23R/CXCR5_IL23R/GNG4_IL23R/CD200_IL23R/NMB_IL23R/NR3C1_IL17RE/TOX2_IL17RE/TOX_IL17RE/RBPJ_IL17RE/TNFSF4_IL17RE/GNG4_IL17RE/CD200_IL17RE/NMB_IL17RE/IGFL2_IL17RE/GNG4_KLRB1/IGFL2_KLRB1/TNFSF4_CTSH/CD200_CTSH/IGFL2_CTSH/RBPJ_CA10/CD200_CA10/TNFSF4_CAPG/CD200_CAPG/NMB_CAPG/NR3C1_ERN1/TNFSF8_IL4I1/CD40LG_IL4I1/BTLA_IL4I1/TSHZ2_ANKRD28/IL21_ANKRD28/CD40LG_ANKRD28/IL6ST_ANKRD28/CXCR5_ANKRD28/IL6R_ANKRD28/ITM2A_ANKRD28/NR3C1_TMIGD2"
"1",1265,1265,"CD8+IL7R+ Tm_CD8+Tn","CD8+IL7R+ Tm","CD8+Tn",16,1,0.137,0.999941749363538,1,1,"ZFP36L2_PABPC1","TNFAIP3_TCF7/FTH1_TCF7/ANXA1_KLF2/TNFAIP3_TXK/PABPC1_FLT3LG/TNFAIP3_TNFSF8/TNFAIP3_CMTM8/ANXA1_IL6R/TNFAIP3_IL6R/FTH1_IL6R/PABPC1_IL6R/TNFAIP3_IFNGR2/TNFAIP3_TPT1/RGCC_TPT1/FTH1_EEF1B2/ZFP36L2_PABPC1"
"560",1266,1265,"CD8+ISG+ CD8+ T_CD8+Tc17","CD8+ISG+ CD8+ T","CD8+Tc17",16,1,0.137,0.999941749363538,1,1,"TNFSF10_ADAM12","PLSCR1_ZBTB16/ISG15_ZBTB16/STAT2_FLT3LG/STAT2_IL17RE/CCR1_IL17RE/PLSCR1_CA2/STAT1_CA2/IRF7_CA2/STAT2_CA2/SP100_CA2/TNFSF10_CA2/CCR1_CA2/CD74_CA2/RSAD2_CA2/CCR1_ME1/TNFSF10_ADAM12"
"652",1267,1265,"CD4+Temra_CD4+Tn","CD4+Temra","CD4+Tn",16,1,0.137,0.999941749363538,1,1,"C1orf21_ACTN1","GNLY_TCF7/C1orf21_TCF7/CCL3_TXK/KLRD1_TXK/PLEK_TXK/S1PR5_EEF1B2/GZMB_PLAC8/GNLY_PLAC8/GNLY_TPT1/C1orf21_ACTN1/ZEB2_GIMAP7/ZNF683_GIMAP7/GZMB_GIMAP7/GNLY_GIMAP7/KLRD1_GIMAP7/PLEK_GIMAP7"
"655",1268,1265,"CD4+IL21+ Tfh_CD4+Tn","CD4+IL21+ Tfh","CD4+Tn",16,1,0.137,0.999941749363538,1,1,"ITM2A_MAL","IGFL2_LEF1/NR3C1_TXK/IGFL2_TXK/IGFL2_KLF2/PDE7B_KLF2/CD200_SCML1/IGFL2_EEF1A1/RBPJ_EEF1B2/CD200_TPT1/IGFL2_TPT1/NR3C1_GIMAP7/RBPJ_GIMAP7/ITM2A_MAL/CXCL13_LINC00861/IGFL2_LINC00861/NR3C1_FHIT"
"741",1269,1265,"CD4+NME1+CCR4+ T_CD4+ADSL+ Tn","CD4+NME1+CCR4+ T","CD4+ADSL+ Tn",16,1,0.137,0.999941749363538,1,1,"FLT3LG_PASK","ENO1_TXK/CNN2_KLF2/ENO1_CMTM8/ENO1_IL6R/TMSB10_IL6R/CNN2_IL6R/ENO1_IL6ST/FLT3LG_PASK/ENO1_GIMAP4/ENO1_ANKRD55/CNN2_ANKRD55/ENO1_NOSIP/ENO1_COTL1/CD74_COTL1/CNN2_COTL1/TPM4_DGKA"
"1064",1270,1265,"CD8+terminal Tex_CD4+GZMK+ Tem","CD8+terminal Tex","CD4+GZMK+ Tem",16,1,0.137,0.999941749363538,1,1,"TIGIT_CST7","CSF1_NFATC2/NAMPT_NFATC2/TNFRSF9_NFATC2/GZMB_GZMH/CD70_CXCR3/CTLA4_CST7/TIGIT_CST7/GZMB_CRTAM/RBPJ_ENC1/NAMPT_ENC1/HAVCR2_ENC1/KRT86_ENC1/RBPJ_F2R/TOX_F2R/NAMPT_F2R/KRT86_F2R"
"579",1271,1271,"CD4+TNFRSF9- Treg_CD8+Tc17","CD4+TNFRSF9- Treg","CD8+Tc17",25,3,0.263,0.999943923070454,1,1,"FCRL3_IL4I1/VAV3_CEBPD/FOXP3_IL4I1","FOXP3_ZBTB16/ARID5B_ZBTB16/CEACAM4_ZBTB16/VAV3_CEBPD/ARID5B_FLT3LG/STAM_FLT3LG/IKZF2_IL23R/ARID5B_IL23R/IKZF2_IL17RE/ARID5B_IL17RE/IKZF4_IL17RE/RTKN2_IL17RE/STAM_IL17RE/FOXP3_IL4I1/FCRL3_IL4I1/SELL_IL4I1/ARID5B_LTK/FOXP3_CA2/IKZF2_CA2/ARID5B_CA2/IKZF4_CA2/TIGIT_CA2/TBC1D4_CA2/VAV3_CA2/STAM_CA2"
"1479",1272,1271,"CD4+TNFRSF9+ Treg_CD4+ISG+ Th","CD4+TNFRSF9+ Treg","CD4+ISG+ Th",25,3,0.263,0.999943923070454,1,1,"IL7_IFI16/ZBTB32_IFI16/CARD16_IFI16","PMAIP1_IRF7/TNFRSF4_SP100/PMAIP1_SP100/ZBTB32_IFI16/IL7_IFI16/CARD16_IFI16/PMAIP1_IFI16/NAMPT_TNFSF10/PMAIP1_TNFSF10/NAMPT_TNFSF13B/PMAIP1_TNFSF13B/TNFRSF4_IFIT3/PMAIP1_IFIT3/TNFRSF4_IFIT1/PMAIP1_IFIT1/NAMPT_MX1/IL2RA_MX1/PMAIP1_MX1/NAMPT_IFI6/IL2RA_IFI6/TNFRSF4_IFI6/PMAIP1_MX2/PMAIP1_IFIT2/TNFRSF4_CMPK2/PMAIP1_CMPK2"
"12",1273,1273,"CD8+TCF7+ Tex_CD8+Tn","CD8+TCF7+ Tex","CD8+Tn",29,4,0.303,0.999948250790203,1,1,"IL6R_PABPC1/IFNAR2_PABPC1/EBI3_PABPC1/CD40LG_PABPC1","IGFL2_LEF1/TNFRSF4_TCF7/IGFL2_KLF2/NR3C1_TXK/IGFL2_TXK/IGFL2_BACH2/NR3C1_FLT3LG/CD200_FLT3LG/IGFL2_FLT3LG/IGFBP4_FLT3LG/NMB_TNFSF8/IGFL2_CMTM8/CD200_IL6R/GNG4_IL6R/TNFRSF4_IL6R/IGFL2_IL6R/NMB_IL6R/IGFBP4_IL6R/CD200_IFNGR2/IGFL2_IFNGR2/IGFL2_EEF1A1/CD200_TPT1/IGFL2_TPT1/CXCL13_NELL2/NMB_NOSIP/EBI3_PABPC1/CD40LG_PABPC1/IL6R_PABPC1/IFNAR2_PABPC1"
"347",1274,1273,"CD4+TNFRSF9+ Treg_CD8+ZNF683+CXCR6+ Trm","CD4+TNFRSF9+ Treg","CD8+ZNF683+CXCR6+ Trm",29,4,0.303,0.999948250790203,1,1,"IL7_RBPJ/CARD16_LGALS1/LAIR2_RBPJ/BATF_LGALS1","PMAIP1_ZNF683/NAMPT_HOPX/PMAIP1_HOPX/IKZF4_ID2/NAMPT_ID2/TNFRSF9_ID2/PMAIP1_ID2/NAMPT_ZFP36L2/CSF1_ZFP36L2/CD70_ZFP36L2/PMAIP1_ZFP36L2/IL7_RBPJ/LAIR2_RBPJ/PMAIP1_CKLF/LAIR2_IL32/CD70_CXCR6/TNFRSF9_CXCR6/TNFRSF4_CXCR6/CD70_CXCR3/TNFRSF4_CXCR3/PMAIP1_CXCR3/PMAIP1_CAPG/PMAIP1_LGALS3/NAMPT_CD52/BATF_LGALS1/CARD16_LGALS1/PMAIP1_ITGA1/NAMPT_LDLRAD4/PMAIP1_LDLRAD4"
"801",1275,1275,"CD4+AREG+ Tm_CD4+TNF+ T","CD4+AREG+ Tm","CD4+TNF+ T",21,2,0.209,0.999948629470336,1,1,"KLF2_EGR1/CD40LG_LCP2","AREG_HOPX/AREG_ID2/ANXA1_ID2/EEF1A1_ID2/GPR183_ID2/KLF2_EGR1/AREG_CD40LG/PABPC1_CD40LG/AREG_IFNG/AREG_FASLG/AREG_CCR2/AREG_CXCR3/PABPC1_CXCR3/AREG_CD52/PLAC8_SH3BGRL3/AREG_MYL12A/AREG_SIT1/AREG_CAPG/AREG_CD69/AREG_CD99/CD40LG_LCP2"
"552",1276,1276,"CD8+Temra_CD8+Tc17","CD8+Temra","CD8+Tc17",43,8,0.408,0.999950787944423,1,1,"CX3CR1_IL4I1/CX3CR1_ADAM12/ASCL2_CEBPD/C1orf21_CEBPD/KLF3_IL18RAP/TBX21_CEBPD/KLF3_CEBPD/ASCL2_ADAM12","GZMB_ZBTB16/CMKLR1_ZBTB16/GNLY_ZBTB16/ASCL2_CEBPD/KLF3_CEBPD/TBX21_CEBPD/C1orf21_CEBPD/GNLY_RORA/ZEB2_CD40LG/GZMB_CD40LG/GNLY_TNFSF13B/S1PR5_FLT3LG/ZEB2_IL23R/FCGR3A_IL23R/S1PR5_IL23R/PRSS23_IL23R/GNLY_IL23R/ZEB2_IL17RE/FCGR3A_IL17RE/S1PR5_IL17RE/PRSS23_IL17RE/GNLY_IL17RE/KLF3_IL18RAP/GNLY_SLC4A10/S1PR5_TMIGD2/KLF3_IL4I1/CX3CR1_IL4I1/ZEB2_LTK/ZEB2_CA2/TBX21_CA2/GZMB_CA2/CXCR2_CA2/CMKLR1_CA2/CXCR1_CA2/FGFBP2_CA2/FCGR3A_CA2/S1PR5_CA2/PRSS23_CA2/GNLY_CA2/PLEK_CA2/ASCL2_ADAM12/KLF3_ADAM12/CX3CR1_ADAM12"
"988",1277,1277,"CD8+TCF7+ Tex_CD4+CAPG+ Tm","CD8+TCF7+ Tex","CD4+CAPG+ Tm",33,5,0.332,0.999956371701349,1,1,"EBI3_CD74/IFNAR2_BHLHE40/EBI3_TGFB1/CD40LG_TGFB1/CPM_RBPJ","IFNAR2_BHLHE40/NR3C1_ID2/CD200_ID2/IGFL2_ID2/NMB_ID2/CPM_RBPJ/IGFL2_GZMA/EBI3_TGFB1/CD40LG_TGFB1/TNFRSF4_CD40LG/IGFL2_CD40LG/NMB_HMGB1/NR3C1_CXCR3/CD200_CXCR3/GNG4_CXCR3/TNFRSF4_CXCR3/IGFL2_CXCR3/NMB_CXCR3/EBI3_CD74/NR3C1_CXCR6/TNFRSF4_CXCR6/CD200_TMSB4X/IGFL2_TMSB4X/IGFL2_ACTB/CD200_CAPG/NMB_CAPG/IGFL2_CD52/NMB_CD52/NMB_PFN1/CD200_S100A11/NR3C1_COTL1/TNFRSF4_COTL1/IGFBP4_COTL1"
"1027",1278,1277,"CD8+TCF7+ Tex_CD4+CAPG+CREM- Tm","CD8+TCF7+ Tex","CD4+CAPG+CREM- Tm",33,5,0.332,0.999956371701349,1,1,"CD40LG_GZMB/IFNAR2_BHLHE40/CD40LG_ZNF683/IL6R_ANXA1/CCR4_CCL4","NR3C1_ID2/CD200_ID2/IGFL2_ID2/NMB_ID2/IFNAR2_BHLHE40/CD40LG_ZNF683/IGFL2_GZMA/CCR4_CCL4/CD40LG_GZMB/IGFL2_IFNG/IGFL2_XCL1/TNFRSF4_CD40LG/IGFL2_CD40LG/NR3C1_CXCR3/CD200_CXCR3/GNG4_CXCR3/TNFRSF4_CXCR3/IGFL2_CXCR3/NMB_CXCR3/NR3C1_CXCR6/TNFRSF4_CXCR6/CD200_GPR35/TNFRSF4_GPR35/IGFL2_GPR35/NMB_GPR35/CD200_CAPG/NMB_CAPG/IGFL2_CD52/NMB_CD52/IL6R_ANXA1/IGFL2_CD99/CD200_TMSB4X/IGFL2_TMSB4X"
"582",1279,1279,"CD4+ISG+ Treg_CD8+Tc17","CD4+ISG+ Treg","CD8+Tc17",50,10,0.439,0.999960954398136,1,1,"BATF_CEBPD/ETV7_IL4I1/IL1RN_ADAM12/TNFSF10_ADAM12/IL7_ADAM12/IL1RN_IL23A/LTA_IL4I1/FOXP3_IL4I1/IL7_CEBPD/IL7_IL4I1","FOXP3_ZBTB16/IL32_ZBTB16/CSF1_ZBTB16/NAMPT_ZBTB16/IL2RA_ZBTB16/CCR8_ZBTB16/ISG15_ZBTB16/BATF_CEBPD/IL7_CEBPD/CSF1_CD40LG/NAMPT_CD40LG/NAMPT_TNFSF13B/CSF1_FLT3LG/CD70_FLT3LG/IL1RN_IL23A/CSF1_IL23R/NAMPT_IL23R/CD70_IL23R/IL2RB_IL23R/BATF_IL17RE/CSF1_IL17RE/NAMPT_IL17RE/CD70_IL17RE/IL2RA_IL17RE/IL1R2_IL17RE/NAMPT_KLRB1/CD70_TMIGD2/FOXP3_IL4I1/ETV7_IL4I1/LTA_IL4I1/IL7_IL4I1/CD70_NCR3/FOXP3_CA2/STAT1_CA2/IRF7_CA2/IL32_CA2/TNFSF10_CA2/CSF1_CA2/NAMPT_CA2/CD70_CA2/TNFSF13B_CA2/IL2RA_CA2/CD74_CA2/IL2RB_CA2/USP18_CA2/RSAD2_CA2/HERC5_CA2/TNFSF10_ADAM12/IL1RN_ADAM12/IL7_ADAM12"
"991",1280,1280,"CD8+NME1+ T_CD4+CAPG+ Tm","CD8+NME1+ T","CD4+CAPG+ Tm",37,6,0.356,0.999965185574226,1,1,"MYB_RBPJ/GTF3A_RBPJ/HMGB1_RBPJ/MYB_PFN1/CXCR3_ALOX5AP/MYB_TGFB1","CXCR3_BHLHE40/ENO1_ID2/GPI_ID2/GAPDH_ID2/GTF3A_RBPJ/MYB_RBPJ/HMGB1_RBPJ/ENO1_TGFB1/MYB_TGFB1/ENO1_CD40LG/GPI_CD40LG/ENO1_HMGB1/MYB_HMGB1/GAPDH_HMGB1/ENO1_CXCR3/GPI_CXCR3/GAPDH_CXCR3/ENO1_CD74/ENO1_IL2RG/GAPDH_IL2RG/ENO1_CXCR6/GAPDH_CXCR6/GAPDH_SH3BGRL3/ENO1_TMSB4X/GAPDH_TMSB4X/ENO1_ACTB/GAPDH_ACTB/ENO1_CAPG/GAPDH_CAPG/CXCR3_ALOX5AP/ENO1_PFN1/MYB_PFN1/GAPDH_PFN1/ENO1_COTL1/CD74_COTL1/GAPDH_COTL1/KIF20A_COTL1"
"1006",1281,1280,"CD4+IL21+ Tfh_CD4+CAPG+ Tm","CD4+IL21+ Tfh","CD4+CAPG+ Tm",37,6,0.356,0.999965185574226,1,1,"ITM2A_RBPJ/CD40LG_TGFB1/ITM2A_TGFB1/CPM_RBPJ/IL21_BHLHE40/CXCR5_IL32","TNFSF4_HOPX/IL21_BHLHE40/ITM2A_BHLHE40/NR3C1_ID2/TOX2_ID2/RBPJ_ID2/CD200_ID2/NMB_ID2/IGFL2_ID2/CPM_RBPJ/ITM2A_RBPJ/IGFL2_GZMA/CXCR5_IL32/CD40LG_TGFB1/ITM2A_TGFB1/TNFSF4_CD40LG/IGFL2_CD40LG/RBPJ_HMGB1/NMB_HMGB1/NR3C1_CXCR3/GNG4_CXCR3/CD200_CXCR3/NMB_CXCR3/IGFL2_CXCR3/NR3C1_CXCR6/CD200_TMSB4X/IGFL2_TMSB4X/IGFL2_ACTB/TNFSF4_CAPG/CD200_CAPG/NMB_CAPG/NMB_CD52/IGFL2_CD52/NMB_PFN1/TNFSF4_S100A11/CD200_S100A11/NR3C1_COTL1"
"206",1282,1282,"CD8+OXPHOS- Tex_CD8+Temra","CD8+OXPHOS- Tex","CD8+Temra",17,1,0.129,0.999968363306862,1,1,"ENTPD1_GNLY","ETV1_ASCL2/LAYN_ASCL2/PHLDA1_ASCL2/PHLDA1_KLF2/ETV1_KLF3/PRDM1_KLF3/CSF1_KLF3/CCL3_KLF3/FAM3C_KLF3/CSF1_TBX21/TNFRSF9_CX3CR1/ENTPD1_GNLY/HAVCR2_FGR/PRDM1_C1orf21/LAYN_C1orf21/ENTPD1_C1orf21/PHLDA1_C1orf21"
"870",1283,1282,"CD8+OXPHOS- Tex_CD4+TIMP1+ Tm","CD8+OXPHOS- Tex","CD4+TIMP1+ Tm",17,1,0.129,0.999968363306862,1,1,"ENTPD1_VIM","PHLDA1_KLF2/PRDM1_HOPX/PHLDA1_HOPX/HAVCR2_LMO4/TNFRSF18_LMO4/PHLDA1_LMO4/PRDM1_FLT3LG/CSF1_FLT3LG/TNFRSF9_FLT3LG/CSF1_CD40LG/HAVCR2_CD40LG/TNFRSF9_CD40LG/HAVCR2_S100A10/PHLDA1_S100A10/HAVCR2_CD52/ENTPD1_VIM/HAVCR2_CAPG"
"1159",1284,1282,"CD4+GZMK+ Tem_CD4+CCR6+ Th17","CD4+GZMK+ Tem","CD4+CCR6+ Th17",17,1,0.129,0.999968363306862,1,1,"CXCR4_IL4I1","CXCR3_BHLHE40/NR4A2_ZFP36L2/NR4A2_CD40LG/NR4A2_GPR35/CST7_KLRB1/CXCR4_IL4I1/CXCR3_IL4I1/LITAF_ABCB1/NR4A2_ABCB1/CCL3L3_ABCB1/CCL3_ABCB1/CST7_ABCB1/AOAH_ABCB1/F2R_ABCB1/NR4A2_DPP4/TNFSF9_DPP4/CST7_DPP4"
"570",1285,1285,"CD4+CCL5+ Tm_CD8+Tc17","CD4+CCL5+ Tm","CD8+Tc17",44,8,0.399,0.999968476903974,1,1,"CD40LG_ADAM12/CD40LG_IL4I1/CXCR4_IL4I1/ZFP36L2_IL4I1/ITGA1_ADAM12/IFNG_ADAM12/ZFP36L2_CEBPD/HOPX_ADAM12","IFNGR1_ZBTB16/ANXA1_ZBTB16/ALOX5AP_ZBTB16/GLUL_ZBTB16/ZFP36L2_CEBPD/NR4A2_CD40LG/BHLHE40_CCR6/BHLHE40_IL23R/NR4A2_IL23R/ANXA1_IL23R/PARP8_IL23R/HOPX_IL17RE/BHLHE40_IL17RE/NR4A2_IL17RE/IFNG_IL17RE/IFNGR1_IL17RE/CD44_IL17RE/IL18RAP_IL17RE/ANXA1_IL17RE/ALOX5AP_IL17RE/ITGA1_IL17RE/PARP8_IL17RE/CD99_IL17RE/BHLHE40_KLRB1/ZFP36L2_IL4I1/CD40LG_IL4I1/CXCR4_IL4I1/NR4A2_LTK/ANXA1_LTK/ID2_CA2/BHLHE40_CA2/IFNGR1_CA2/CD44_CA2/ANXA1_CA2/ALOX5AP_CA2/GLUL_CA2/PARP8_CA2/CD69_CA2/ZFP36_CA2/HOPX_ADAM12/CD40LG_ADAM12/IFNG_ADAM12/ITGA1_ADAM12/PARP8_ADAM12"
"343",1286,1286,"CD4+IL21+ Tfh_CD8+ZNF683+CXCR6+ Trm","CD4+IL21+ Tfh","CD8+ZNF683+CXCR6+ Trm",34,5,0.323,0.999973318169978,1,1,"CD40LG_GZMB/ITM2A_RBPJ/CD40LG_ZNF683/CPM_RBPJ/CXCR5_IL32","CD40LG_ZNF683/TNFSF4_HOPX/NR3C1_ID2/TOX2_ID2/RBPJ_ID2/CD200_ID2/NMB_ID2/IGFL2_ID2/CPM_RBPJ/ITM2A_RBPJ/CXCR5_IL32/CD40LG_GZMB/IGFL2_XCL1/IGFL2_GZMA/NR3C1_CXCR6/NR3C1_CXCR3/GNG4_CXCR3/CD200_CXCR3/NMB_CXCR3/IGFL2_CXCR3/TNFSF4_CAPG/CD200_CAPG/NMB_CAPG/CD200_TMSB4X/IGFL2_TMSB4X/IGFL2_ACTB/NMB_CD52/IGFL2_CD52/IGFL2_ITGA1/NR3C1_LDLRAD4/GNG4_LDLRAD4/CD200_LDLRAD4/NMB_LDLRAD4/IGFL2_LDLRAD4"
"545",1287,1287,"CD4+NME1+CCR4- T_CD8+ISG+ CD8+ T","CD4+NME1+CCR4- T","CD8+ISG+ CD8+ T",27,3,0.244,0.999980816758871,1,1,"EBI3_CD74/MEOX1_PLSCR1/MEOX1_CCR1","MEOX1_PLSCR1/ENO1_IRF7/GAPDH_IRF7/GAPDH_STAT2/ENO1_SP100/ENO1_TNFSF10/GAPDH_TNFSF10/MEOX1_CCR1/ENO1_CD74/EBI3_CD74/ENO1_IFIT1/GPI_IFIT1/ENO1_RSAD2/ENO1_IFIT3/GAPDH_IFIT3/ENO1_IFI44L/ENO1_MX1/HMGA1_MX1/IL2RA_MX1/ENO1_IFI6/GPI_IFI6/IL2RA_IFI6/GAPDH_IFI6/TMSB10_IFI6/GAPDH_OAS1/ENO1_CMPK2/ENO1_OAS3"
"893",1288,1287,"CD4+TNFRSF9+ Treg_CD4+TIMP1+ Tm","CD4+TNFRSF9+ Treg","CD4+TIMP1+ Tm",27,3,0.244,0.999980816758871,1,1,"IL1RN_ANXA1/IL7_TIMP1/IL7_VIM","NAMPT_HOPX/PMAIP1_HOPX/NAMPT_LMO4/IL2RA_LMO4/TNFRSF18_LMO4/IL7_TIMP1/CSF1_FLT3LG/CD70_FLT3LG/TNFRSF9_FLT3LG/PMAIP1_FLT3LG/NAMPT_CD40LG/CSF1_CD40LG/TNFRSF9_CD40LG/TNFRSF4_CD40LG/PMAIP1_CD40LG/NAMPT_S100A10/IL2RA_S100A10/IL1RN_ANXA1/CARD16_ANXA1/NAMPT_CD52/IL2RA_S100A6/PMAIP1_S100A6/IL7_VIM/CARD16_VIM/PMAIP1_VIM/PMAIP1_CAPG/PMAIP1_EMP3"
"1220",1289,1289,"CD8+terminal Tex_CD4+IL21+ Tfh","CD8+terminal Tex","CD4+IL21+ Tfh",31,4,0.283,0.999981429034341,1,1,"IFNG_IGFL2/ENTPD1_IGFL2/LAYN_IGFL2/ENTPD1_TNFSF4","CXCR6_NR3C1/NAMPT_IL21/HAVCR2_TNFSF8/NAMPT_TNFSF11/ENTPD1_TNFSF4/TNFSF4_CD40LG/GZMB_CD40LG/CSF1_CD40LG/NAMPT_CD40LG/TNFRSF9_CD40LG/HAVCR2_CD40LG/CD70_IL6ST/NAMPT_IL6ST/CD70_CXCR5/NAMPT_CXCR5/TNFRSF9_CXCR5/HAVCR2_CXCR5/NAMPT_IL6R/IFNG_IGFL2/LAYN_IGFL2/ENTPD1_IGFL2/RBPJ_CPM/TNFSF4_CPM/HAVCR2_CPM/TNFSF4_BTLA/RBPJ_ITM2A/TOX2_ITM2A/CSF1_ITM2A/CD70_ITM2A/NAMPT_ITM2A/GEM_ITM2A"
"1305",1290,1290,"CD4+CXCR5+ pre-Tfh_CD4+TNFRSF9- Treg","CD4+CXCR5+ pre-Tfh","CD4+TNFRSF9- Treg",18,1,0.122,0.999982819749393,1,1,"FAAH2_STAM","AREG_IKZF2/SLC2A3_IKZF2/SLC2A3_ARID5B/SLC2A3_IKZF4/PABPC1_IKZF4/AREG_RTKN2/NR3C1_TBC1D4/SLC2A3_TBC1D4/AREG_FCRL3/SLC2A3_FCRL3/AREG_CEACAM4/AREG_SELL/SLC2A3_SELL/AREG_VAV3/SLC2A3_VAV3/FAAH2_STAM/AREG_TTN/SLC2A3_TTN"
"1351",1291,1290,"CD4+CCL5+ Tm_CD4+S1PR1+ Treg","CD4+CCL5+ Tm","CD4+S1PR1+ Treg",18,1,0.122,0.999982819749393,1,1,"PTGER4_IL32","ANXA1_KLF2/NR4A2_KLF3/IL18RAP_KLF3/ANXA1_KLF3/PTGER4_IL32/CCL4_CCR4/BHLHE40_CCDC141/CCL4_CCDC141/BHLHE40_HPGD/NR4A2_HPGD/CCL5_HPGD/CCL4_HPGD/IL18RAP_HPGD/ALOX5AP_HPGD/CD99_HPGD/BHLHE40_PI16/NR4A2_PI16/CCL4_PI16"
"134",1292,1292,"CD4+CXCR5+ pre-Tfh_CD8+GZMK+ early Tem","CD4+CXCR5+ pre-Tfh","CD8+GZMK+ early Tem",23,2,0.191,0.999983494765197,1,1,"CD40LG_DUSP2/CCR4_CST7","AREG_CD74/NR3C1_CXCR5/AREG_CXCR5/SLC2A3_CXCR5/CD40LG_DUSP2/SLC2A3_DUSP2/CCR4_CST7/NR4A2_DKK3/AREG_DKK3/SLC2A3_DKK3/AREG_SH2D1A/SLC2A3_SH2D1A/NR4A2_ENC1/AREG_ENC1/SLC2A3_ENC1/PABPC1_ENC1/AREG_TRAT1/SLC2A3_TRAT1/NR3C1_PIK3R1/NR4A2_PIK3R1/SLC2A3_PIK3R1/PABPC1_PIK3R1/SLC2A3_CRTAM"
"321",1293,1292,"CD8+GZMK+ Tex_CD8+ZNF683+CXCR6+ Trm","CD8+GZMK+ Tex","CD8+ZNF683+CXCR6+ Trm",23,2,0.191,0.999983494765197,1,1,"CD27_LGALS1/LYST_RBPJ","PRDM1_HOPX/TNFSF4_HOPX/NAMPT_HOPX/PRDM1_ID2/TRPS1_ID2/NAMPT_ID2/HAVCR2_ID2/TNFRSF9_ID2/NAMPT_ZFP36L2/LYST_RBPJ/TNFRSF9_CXCR6/PRDM1_CXCR3/TRPS1_CXCR3/TNFSF4_CAPG/HAVCR2_CAPG/NAMPT_CD52/HAVCR2_CD52/CD27_LGALS1/TSC22D1_LDLRAD4/PRDM1_LDLRAD4/TRPS1_LDLRAD4/NAMPT_LDLRAD4/HAVCR2_LDLRAD4"
"815",1294,1292,"CD4+TNFRSF9+ Treg_CD4+TNF+ T","CD4+TNFRSF9+ Treg","CD4+TNF+ T",23,2,0.191,0.999983494765197,1,1,"CARD16_CCL4/CARD16_LCP2","NAMPT_HOPX/PMAIP1_HOPX/IKZF4_ID2/NAMPT_ID2/TNFRSF9_ID2/PMAIP1_ID2/NAMPT_CD40LG/CSF1_CD40LG/TNFRSF9_CD40LG/TNFRSF4_CD40LG/PMAIP1_CD40LG/PMAIP1_CKLF/PMAIP1_IFNG/CARD16_CCL4/TNFRSF9_CCR2/CD70_CXCR3/TNFRSF4_CXCR3/PMAIP1_CXCR3/NAMPT_CD52/NAMPT_CISH/PMAIP1_CISH/PMAIP1_CAPG/CARD16_LCP2"
"547",1295,1295,"CD8+Tn_CD8+Tc17","CD8+Tn","CD8+Tc17",35,5,0.313,0.999983740369058,1,1,"LEF1_ADAM12/MAL_ADAM12/TNFSF8_IL4I1/IL6R_ADAM12/IL6R_CEBPD","IL6R_CEBPD/PABPC1_CD40LG/EEF1A1_FLT3LG/ACTN1_FLT3LG/PABPC1_FLT3LG/TIMP1_IL23R/TPT1_IL23R/PABPC1_IL23R/LEF1_IL17RE/TCF7_IL17RE/IL23A_IL17RE/TIMP1_IL17RE/IFNGR2_IL17RE/MAL_IL17RE/EEF1A1_IL17RE/ACTN1_IL17RE/TPT1_IL17RE/EEF1B2_IL17RE/NOSIP_IL17RE/PABPC1_IL17RE/TNFSF8_IL4I1/SELL_IL4I1/MAL_IL4I1/FLT3LG_CA2/IL23A_CA2/TIMP1_CA2/MAL_CA2/EEF1A1_CA2/ACTN1_CA2/EEF1B2_CA2/NOSIP_CA2/PABPC1_CA2/LEF1_ADAM12/IL6R_ADAM12/MAL_ADAM12"
"1196",1296,1295,"CD4+CAPG+ Tm_CD4+IL26+ Th17","CD4+CAPG+ Tm","CD4+IL26+ Th17",35,5,0.313,0.999983740369058,1,1,"CD40LG_ANKRD28/CD40LG_TNFSF14/CD40LG_IL4I1/HOPX_RUNX2/CD52_IL4I1","HOPX_RUNX2/BHLHE40_ID2/RBPJ_ID2/TGFB1_CD40LG/BHLHE40_IL22/RBPJ_IL22/IL32_IL22/CD40LG_TNFSF14/BHLHE40_CCR6/BHLHE40_IL23R/RBPJ_IL23R/TIMP1_IL23R/TGFB1_IL23R/CXCR6_IL23R/ACTB_IL23R/HOPX_IL17RE/BHLHE40_IL17RE/RBPJ_IL17RE/CKLF_IL17RE/TIMP1_IL17RE/TGFB1_IL17RE/HMGB1_IL17RE/CXCR3_IL17RE/ACTB_IL17RE/CAPG_IL17RE/ALOX5AP_IL17RE/PFN1_IL17RE/BHLHE40_KLRB1/BHLHE40_CTSH/RBPJ_CA10/CD40LG_IL4I1/CXCR3_IL4I1/CD52_IL4I1/CD40LG_ANKRD28/TGFB1_TMIGD2"
"1422",1297,1297,"CD4+CXCR5+ pre-Tfh_CD4+ISG+ Treg","CD4+CXCR5+ pre-Tfh","CD4+ISG+ Treg",49,9,0.403,0.999985174523933,1,1,"IL6ST_NAMPT/FAAH2_NAMPT/CXCR5_NAMPT/CD40LG_CSF1/CMTM8_NAMPT/IL6ST_CD70/CXCR5_IL32/CD40LG_NAMPT/CXCR5_CD70","SLC2A3_STAT1/AREG_IRF7/AREG_ETV7/SLC2A3_ETV7/AREG_BATF/SLC2A3_BATF/CXCR5_IL32/SLC2A3_IL32/SLC2A3_LTA/AREG_TNFSF10/SLC2A3_TNFSF10/AREG_IL1RN/CXCR4_IL1RN/SLC2A3_IL1RN/CD40LG_CSF1/SLC2A3_CSF1/CMTM8_NAMPT/CD40LG_NAMPT/CXCR5_NAMPT/IL6ST_NAMPT/FAAH2_NAMPT/NR3C1_IL7/LEF1_IL7/AREG_IL7/SLC2A3_IL7/PABPC1_IL7/TCF7_CD70/CXCR5_CD70/IL6ST_CD70/AREG_TNFSF13B/SLC2A3_TNFSF13B/SLC2A3_CCR8/AREG_CD74/AREG_IL2RB/SLC2A3_IL2RB/SLC2A3_IFIT1/NR4A2_OAS1/AREG_OAS1/SH3TC1_OAS1/AREG_MX1/SLC2A3_MX1/AREG_ISG15/AREG_USP18/SLC2A3_USP18/NR3C1_IFI6/AREG_IFI6/PABPC1_IFI6/AREG_IFIT3/AREG_HERC5"
"1071",1298,1298,"CD4+CXCR5+ pre-Tfh_CD4+GZMK+ Tem","CD4+CXCR5+ pre-Tfh","CD4+GZMK+ Tem",39,6,0.337,0.999986622019869,1,1,"CD40LG_NR4A2/TNFSF8_NR4A2/TSHZ2_NR4A2/SESN3_NR4A2/CCR4_CST7/CCR4_CCL4","AREG_LITAF/SLC2A3_LITAF/NR4A2_NFATC2/SLC2A3_NFATC2/PABPC1_NFATC2/TNFSF8_RUNX3/TSHZ2_NR4A2/TNFSF8_NR4A2/CD40LG_NR4A2/SESN3_NR4A2/SLC2A3_NR4A2/CCR4_CCL4/SLC2A3_GZMA/SLC2A3_CCL5/AREG_IFNG/SLC2A3_IFNG/AREG_FASLG/SLC2A3_FASLG/AREG_CD74/SLC2A3_CCR5/NR3C1_CXCR3/NR4A2_CXCR3/AREG_CXCR3/SLC2A3_CXCR3/PABPC1_CXCR3/SLC2A3_CD4/CCR4_CST7/SLC2A3_CRTAM/NR4A2_ENC1/AREG_ENC1/SLC2A3_ENC1/PABPC1_ENC1/AREG_ITM2C/SLC2A3_ITM2C/SLC2A3_SLAMF7/SLC2A3_AOAH/NR3C1_F2R/AREG_F2R/SLC2A3_F2R"
"257",1299,1299,"CD4+CREM+ Tm_CD8+KIR+EOMES+ NK-like","CD4+CREM+ Tm","CD8+KIR+EOMES+ NK-like",28,3,0.235,0.99998882658065,1,1,"GPR35_NR4A2/LMNA_ZNF331/ZFP36L2_NR4A2","AREG_IKZF2/TNFAIP3_IKZF2/ZFP36L2_NR4A2/GPR35_NR4A2/AREG_LITAF/AREG_ZNF331/LMNA_ZNF331/TNFAIP3_GZMK/AREG_XCL2/AREG_XCL1/SRGN_GZMM/TNFAIP3_GZMM/AREG_IFNGR1/AREG_CD74/AREG_IL2RB/AREG_CD160/AREG_TYROBP/CREM_KLRG1/SRGN_KLRG1/TNFAIP3_KLRG1/TNFAIP3_CMC1/CREM_GCSAM/AREG_GCSAM/FTH1_GCSAM/SRGN_GCSAM/YPEL5_GCSAM/ANXA1_GCSAM/PTGER4_DUSP2"
"324",1300,1300,"CD8+TCF7+ Tex_CD8+ZNF683+CXCR6+ Trm","CD8+TCF7+ Tex","CD8+ZNF683+CXCR6+ Trm",32,4,0.274,0.999988928693678,1,1,"CD40LG_GZMB/CD40LG_ZNF683/CPM_RBPJ/BATF_LGALS1","CD40LG_ZNF683/NR3C1_ID2/CD200_ID2/IGFL2_ID2/NMB_ID2/CPM_RBPJ/CD40LG_GZMB/IGFL2_XCL1/IGFL2_GZMA/NR3C1_CXCR6/TNFRSF4_CXCR6/NR3C1_CXCR3/CD200_CXCR3/GNG4_CXCR3/TNFRSF4_CXCR3/IGFL2_CXCR3/NMB_CXCR3/CD200_CAPG/NMB_CAPG/CD200_TMSB4X/IGFL2_TMSB4X/IGFL2_ACTB/IGFL2_CD52/NMB_CD52/BATF_LGALS1/IGFL2_ITGA1/NR3C1_LDLRAD4/CD200_LDLRAD4/GNG4_LDLRAD4/IGFL2_LDLRAD4/NMB_LDLRAD4/IGFBP4_LDLRAD4"
"1045",1301,1301,"CD4+IL21+ Tfh_CD4+CAPG+CREM- Tm","CD4+IL21+ Tfh","CD4+CAPG+CREM- Tm",36,5,0.305,0.999990125002679,1,1,"CD40LG_GZMB/ITM2A_IL18RAP/CD40LG_ZNF683/IL21_BHLHE40/IL6R_ANXA1","TNFSF4_HOPX/NR3C1_ID2/TOX2_ID2/RBPJ_ID2/CD200_ID2/NMB_ID2/IGFL2_ID2/IL21_BHLHE40/ITM2A_BHLHE40/CD40LG_ZNF683/IGFL2_GZMA/CD40LG_GZMB/IGFL2_IFNG/IGFL2_XCL1/TNFSF4_CD40LG/IGFL2_CD40LG/NR3C1_CXCR3/GNG4_CXCR3/CD200_CXCR3/NMB_CXCR3/IGFL2_CXCR3/NR3C1_CXCR6/ITM2A_IL18RAP/CD200_GPR35/NMB_GPR35/IGFL2_GPR35/TNFSF4_CAPG/CD200_CAPG/NMB_CAPG/NMB_CD52/IGFL2_CD52/IL6R_ANXA1/TNFSF4_CD99/IGFL2_CD99/CD200_TMSB4X/IGFL2_TMSB4X"
"522",1302,1302,"CD8+NME1+ T_CD8+ISG+ CD8+ T","CD8+NME1+ T","CD8+ISG+ CD8+ T",24,2,0.183,0.999990670661484,1,1,"CXCR3_STAT2/MYB_STAT2","ENO1_IRF7/GAPDH_IRF7/MYB_STAT2/CXCR3_STAT2/GAPDH_STAT2/ENO1_SP100/ENO1_TNFSF10/GAPDH_TNFSF10/ENO1_CD74/ENO1_IFIT1/GPI_IFIT1/ENO1_RSAD2/ENO1_IFIT3/GAPDH_IFIT3/ENO1_IFI44L/ENO1_MX1/HMGA1_MX1/ENO1_IFI6/GPI_IFI6/CENPA_IFI6/GAPDH_IFI6/GAPDH_OAS1/ENO1_CMPK2/ENO1_OAS3"
"1030",1303,1302,"CD8+NME1+ T_CD4+CAPG+CREM- Tm","CD8+NME1+ T","CD4+CAPG+CREM- Tm",24,2,0.183,0.999990670661484,1,1,"CXCR3_ALOX5AP/MYB_IFNGR1","ENO1_ID2/GPI_ID2/GAPDH_ID2/CXCR3_BHLHE40/GAPDH_ZFP36L2/GAPDH_IFNG/ENO1_CD40LG/GPI_CD40LG/ENO1_CXCR3/GPI_CXCR3/GAPDH_CXCR3/MYB_IFNGR1/ENO1_CXCR6/GAPDH_CXCR6/ENO1_GPR35/GPI_GPR35/GAPDH_GPR35/GAPDH_SH3BGRL3/CXCR3_ALOX5AP/ENO1_CAPG/GAPDH_CAPG/ENO1_TMSB4X/GAPDH_TMSB4X/GAPDH_HCST"
"7",1304,1304,"CD8+KIR+TXK+ NK-like_CD8+Tn","CD8+KIR+TXK+ NK-like","CD8+Tn",19,1,0.115,0.999990671412459,1,1,"B3GNT7_PABPC1","FOSL2_TXK/AREG_TXK/KLRC3_TXK/AREG_BACH2/AREG_FLT3LG/AREG_TNFSF8/AREG_IL23A/AREG_TIMP1/AREG_IL6R/KLRC3_IL6R/AREG_IFNGR2/LAT2_IFNGR2/AREG_SELL/B3GNT7_SELL/AREG_EEF1A1/FOSL2_TPT1/AREG_TPT1/AREG_NOSIP/B3GNT7_PABPC1"
"874",1305,1304,"CD8+NME1+ T_CD4+TIMP1+ Tm","CD8+NME1+ T","CD4+TIMP1+ Tm",19,1,0.115,0.999990671412459,1,1,"HMGB1_VIM","ACTG1_LMO4/GAPDH_LMO4/ENO1_FLT3LG/GPI_FLT3LG/ACTG1_FLT3LG/GAPDH_FLT3LG/KIF20A_FLT3LG/ENO1_CD40LG/GPI_CD40LG/ENO1_S100A10/HMGA1_S100A10/GPI_S100A10/GAPDH_S100A10/GAPDH_SH3BGRL3/ENO1_S100A6/GAPDH_S100A6/HMGB1_VIM/ENO1_CAPG/GAPDH_CAPG"
"1016",1306,1304,"CD8+IL7R+ Tm_CD4+CAPG+CREM- Tm","CD8+IL7R+ Tm","CD4+CAPG+CREM- Tm",19,1,0.115,0.999990671412459,1,1,"ZFP36L2_BHLHE40","RGCC_HOPX/ANXA1_ID2/TNFAIP3_ID2/GPR183_ID2/ZFP36L2_BHLHE40/TNFAIP3_ZFP36L2/PABPC1_ZFP36L2/TNFAIP3_GZMK/TNFAIP3_CD40LG/FTH1_CD40LG/PABPC1_CD40LG/TNFAIP3_CXCR3/RGCC_CXCR3/PABPC1_CXCR3/TNFAIP3_CXCR6/FTH1_GPR35/TSC22D3_ANXA1/ANXA1_TMSB4X/TNFAIP3_CLU"
"1143",1307,1304,"CD8+OXPHOS- Tex_CD4+CCR6+ Th17","CD8+OXPHOS- Tex","CD4+CCR6+ Th17",19,1,0.115,0.999990671412459,1,1,"ENTPD1_VIM","PRDM1_HOPX/PHLDA1_HOPX/CSF1_ZFP36L2/HAVCR2_TNFSF13B/CSF1_CD40LG/HAVCR2_CD40LG/TNFRSF9_CD40LG/PRDM1_FLT3LG/CSF1_FLT3LG/TNFRSF9_FLT3LG/TNFRSF9_CCR6/ENTPD1_VIM/HAVCR2_CAPG/PRDM1_ABCB1/CCL3_ABCB1/LAYN_ABCB1/ENTPD1_ABCB1/TNFRSF18_ABCB1/PHLDA1_ABCB1"
"573",1308,1308,"CD4+GZMK+ Tem_CD8+Tc17","CD4+GZMK+ Tem","CD8+Tc17",40,6,0.329,0.999991750966535,1,1,"ITM2C_ADAM12/F2R_ADAM12/CXCR4_IL4I1/IFNG_ADAM12/F2R_CEBPD/NFATC2_ADAM12","CCL3L3_ZBTB16/CCL3_ZBTB16/CST7_ZBTB16/DTHD1_ZBTB16/F2R_CEBPD/NR4A2_CD40LG/NR4A2_IL23R/FASLG_IL23R/CCL3_IL23R/CD4_IL23R/CRTAM_IL23R/CCL4L2_IL23R/LITAF_IL17RE/NR4A2_IL17RE/TNFSF9_IL17RE/IFNG_IL17RE/CCL3_IL17RE/CXCR3_IL17RE/ITM2C_IL17RE/NFATC2_IL18RAP/CST7_KLRB1/CXCR4_IL4I1/CXCR3_IL4I1/RUNX3_NCR3/NR4A2_LTK/SLAMF7_LTK/TNFSF9_CA2/CCL3L3_CA2/CCL3_CA2/CD74_CA2/CD4_CA2/CST7_CA2/CRTAM_CA2/CCL4L2_CA2/F2R_CA2/DTHD1_CA2/NFATC2_ADAM12/IFNG_ADAM12/ITM2C_ADAM12/F2R_ADAM12"
"31",1309,1309,"CD4+IL21+ Tfh_CD8+Tn","CD4+IL21+ Tfh","CD8+Tn",29,3,0.227,0.999993508402624,1,1,"IL6R_PABPC1/ITM2A_MAL/CD40LG_PABPC1","IGFL2_LEF1/IGFL2_KLF2/PDE7B_KLF2/NR3C1_TXK/IGFL2_TXK/IGFL2_BACH2/NR3C1_FLT3LG/TOX2_FLT3LG/RBPJ_FLT3LG/CD200_FLT3LG/IGFL2_FLT3LG/NMB_TNFSF8/IGFL2_CMTM8/GNG4_IL6R/CD200_IL6R/NMB_IL6R/IGFL2_IL6R/TNFSF4_IFNGR2/CD200_IFNGR2/IGFL2_IFNGR2/ITM2A_MAL/IGFL2_EEF1A1/CD200_TPT1/IGFL2_TPT1/RBPJ_EEF1B2/CXCL13_NELL2/NMB_NOSIP/CD40LG_PABPC1/IL6R_PABPC1"
"1024",1310,1310,"CD8+GZMK+ Tex_CD4+CAPG+CREM- Tm","CD8+GZMK+ Tex","CD4+CAPG+CREM- Tm",25,2,0.175,0.9999947356694,1,1,"LYST_ANXA1/HLA-DQA1_CCL4","PRDM1_HOPX/TNFSF4_HOPX/NAMPT_HOPX/PRDM1_ID2/TRPS1_ID2/NAMPT_ID2/HAVCR2_ID2/TNFRSF9_ID2/NAMPT_ZFP36L2/HLA-DQA1_CCL4/PRDM1_IFNG/TNFSF4_CD40LG/NAMPT_CD40LG/HAVCR2_CD40LG/TNFRSF9_CD40LG/PRDM1_CXCR3/TRPS1_CXCR3/TNFRSF9_CXCR6/TRPS1_GPR35/TNFSF4_CAPG/HAVCR2_CAPG/NAMPT_CD52/HAVCR2_CD52/LYST_ANXA1/TNFSF4_CD99"
"539",1311,1311,"CD4+IFNG+ Tfh/Th1_CD8+ISG+ CD8+ T","CD4+IFNG+ Tfh/Th1","CD8+ISG+ CD8+ T",20,1,0.11,0.999994935340515,1,1,"ID2_STAT2","ID2_STAT2/RBPJ_SP100/RBPJ_TNFSF10/GZMB_IFIT1/LAG3_IFIT1/GZMB_IFIT3/CCL4_IFI44L/GZMB_IFI44L/RBPJ_MX1/GZMB_MX1/LAG3_MX1/HAVCR2_MX1/RBPJ_IFI6/LAG3_IFI6/HAVCR2_IFI6/GZMB_OAS1/HAVCR2_OAS1/CCL4_CMPK2/HAVCR2_CMPK2/GZMB_OAS3"
"1461",1312,1311,"CD4+CXCR5+ pre-Tfh_CD4+ISG+ Th","CD4+CXCR5+ pre-Tfh","CD4+ISG+ Th",20,1,0.11,0.999994935340515,1,1,"CD40LG_IFI16","AREG_PLSCR1/AREG_IRF7/SLC2A3_STAT1/AREG_SP100/PASK_SP100/CD40LG_IFI16/AREG_TNFSF10/SLC2A3_TNFSF10/AREG_TNFSF13B/SLC2A3_TNFSF13B/AREG_IFIT3/SLC2A3_IFIT1/AREG_MX1/SLC2A3_MX1/AREG_ISG15/NR3C1_IFI6/AREG_IFI6/PABPC1_IFI6/NR3C1_MX2/AREG_MX2"
"1169",1313,1313,"CD4+NME1+CCR4- T_CD4+CCR6+ Th17","CD4+NME1+CCR4- T","CD4+CCR6+ Th17",45,7,0.341,0.999995895957217,1,1,"MEOX1_BHLHE40/MEOX1_FKBP11/MEOX1_KLRB1/CORO1A_IL4I1/HMGB1_VIM/EBI3_MYBL1/MEOX1_IL4I1","MEOX1_BHLHE40/GAPDH_ZFP36L2/EBI3_MYBL1/GAPDH_RORA/ENO1_TNFSF13B/ENO1_CD40LG/GPI_CD40LG/ENO1_FLT3LG/SUB1_FLT3LG/GPI_FLT3LG/ACTG1_FLT3LG/GAPDH_FLT3LG/ENO1_CCR6/GPI_CCR6/GAPDH_CCR6/ENO1_GPR35/GPI_GPR35/GAPDH_GPR35/ENO1_KLRB1/MEOX1_KLRB1/GPI_KLRB1/MEOX1_IL4I1/CORO1A_IL4I1/HMGB1_VIM/ENO1_FKBP11/MEOX1_FKBP11/ENO1_CAPG/GAPDH_CAPG/TMSB10_CAPG/ENO1_ABCB1/HMGA1_ABCB1/PHF5A_ABCB1/GPI_ABCB1/HMGB1_ABCB1/CKLF_ABCB1/IL2RA_ABCB1/ACTG1_ABCB1/GAPDH_ABCB1/PKM_ABCB1/TMSB10_ABCB1/GAPDH_TPT1/MEOX1_PERP/ENO1_DPP4/GPI_DPP4/GAPDH_DPP4"
"1428",1314,1313,"CD4+CREM+ Tm_CD4+ISG+ Treg","CD4+CREM+ Tm","CD4+ISG+ Treg",45,7,0.341,0.999995895957217,1,1,"PTGER4_NAMPT/PTGER4_IL32/ZFP36L2_CD70/ZFP36L2_CSF1/CXCL16_CD70/ZFP36L2_NAMPT/PTGER4_CSF1","AREG_IRF7/CREM_ETV7/AREG_ETV7/SRGN_ETV7/ZNF331_BATF/AREG_BATF/FTH1_BATF/TNFAIP3_BATF/PTGER4_IL32/AREG_TNFSF10/CREM_IL1RN/AREG_IL1RN/CXCR4_IL1RN/FTH1_IL1RN/SRGN_IL1RN/ANXA1_IL1RN/ZFP36L2_CSF1/PTGER4_CSF1/ZFP36L2_NAMPT/PTGER4_NAMPT/CREM_IL7/ZNF331_IL7/AREG_IL7/IFNGR1_IL7/SRGN_IL7/TNFAIP3_IL7/ZFP36L2_CD70/CXCL16_CD70/AREG_TNFSF13B/AREG_CD74/AREG_IL2RB/CREM_OAS1/NR4A2_OAS1/AREG_OAS1/SRGN_OAS1/AREG_MX1/SRGN_MX1/AREG_ISG15/AREG_USP18/SRGN_USP18/AREG_IFI6/SRGN_IFI6/ANXA1_IFI6/AREG_IFIT3/AREG_HERC5"
"15",1315,1315,"CD8+NME1+ T_CD8+Tn","CD8+NME1+ T","CD8+Tn",30,3,0.219,0.999996237407621,1,1,"MYB_PABPC1/MYB_NOSIP/CXCR3_PABPC1","GAPDH_LEF1/GPI_TCF7/GAPDH_TCF7/ENO1_TXK/GAPDH_TXK/ENO1_FLT3LG/GPI_FLT3LG/ACTG1_FLT3LG/GAPDH_FLT3LG/KIF20A_FLT3LG/GAPDH_TNFSF8/ENO1_CMTM8/ENO1_IL6R/GPI_IL6R/GAPDH_IL6R/ENO1_IFNGR2/GAPDH_IFNGR2/ENO1_MAL/ENO1_EEF1A1/GAPDH_EEF1A1/GAPDH_TPT1/ENO1_EEF1B2/GAPDH_EEF1B2/GPI_NELL2/ENO1_NOSIP/MYB_NOSIP/GPI_NOSIP/GAPDH_NOSIP/MYB_PABPC1/CXCR3_PABPC1"
"1414",1316,1315,"CD8+GZMK+ Tex_CD4+ISG+ Treg","CD8+GZMK+ Tex","CD4+ISG+ Treg",30,3,0.219,0.999996237407621,1,1,"LYST_NAMPT/CXCR6_CD70/CD27_CD70","NAMPT_ETV7/CD74_ETV7/HAVCR2_ETV7/TSC22D1_BATF/TRPS1_BATF/NAMPT_BATF/NAMPT_TNFSF10/TNFSF4_IL1RN/NAMPT_IL1RN/HAVCR2_IL1RN/LYST_NAMPT/TSC22D1_IL7/PRDM1_IL7/TRPS1_IL7/CCL3_IL7/NAMPT_IL7/HAVCR2_IL7/CXCR6_CD70/CD27_CD70/NAMPT_TNFSF13B/HAVCR2_TNFSF13B/PRDM1_OAS1/NAMPT_OAS1/HAVCR2_OAS1/TSC22D1_MX1/NAMPT_MX1/HAVCR2_MX1/CCL3L3_IFI6/NAMPT_IFI6/HAVCR2_IFI6"
"718",1317,1317,"CD8+NME1+ T_CD4+ADSL+ Tn","CD8+NME1+ T","CD4+ADSL+ Tn",26,2,0.169,0.99999703414499,1,1,"MYB_NOSIP/MYB_PASK","GPI_TCF7/GAPDH_TCF7/GAPDH_LEF1/ENO1_TXK/GAPDH_TXK/ENO1_CMTM8/ENO1_IL6R/GPI_IL6R/GAPDH_IL6R/ENO1_IL6ST/GAPDH_IL6ST/MYB_PASK/ENO1_GIMAP4/GAPDH_GIMAP4/ENO1_ANKRD55/GPI_ANKRD55/GAPDH_ANKRD55/ENO1_NOSIP/MYB_NOSIP/GPI_NOSIP/GAPDH_NOSIP/ENO1_COTL1/CD74_COTL1/GAPDH_COTL1/KIF20A_COTL1/GAPDH_DGKA"
"577",1318,1318,"CD4+IL21+ Tfh_CD8+Tc17","CD4+IL21+ Tfh","CD8+Tc17",56,10,0.392,0.999997118232041,1,1,"BTLA_IL4I1/ITM2A_IL18RAP/CD40LG_ADAM12/CD40LG_IL4I1/ITM2A_ADAM12/CPM_CEBPD/TNFSF8_IL4I1/IL6R_ADAM12/TNFSF11_ADAM12/IL6R_CEBPD","NMB_ZBTB16/CPM_ZBTB16/IL6R_CEBPD/CPM_CEBPD/IGFL2_RORA/TNFSF4_CD40LG/IGFL2_CD40LG/CD200_TNFSF13B/NR3C1_FLT3LG/TOX2_FLT3LG/RBPJ_FLT3LG/CD200_FLT3LG/IGFL2_FLT3LG/NR3C1_IL23R/RBPJ_IL23R/CXCR5_IL23R/GNG4_IL23R/CD200_IL23R/NMB_IL23R/NR3C1_IL17RE/TOX2_IL17RE/TOX_IL17RE/RBPJ_IL17RE/TNFSF4_IL17RE/GNG4_IL17RE/CD200_IL17RE/NMB_IL17RE/IGFL2_IL17RE/ITM2A_IL18RAP/IGFL2_SLC4A10/GNG4_KLRB1/IGFL2_KLRB1/NR3C1_TMIGD2/TNFSF8_IL4I1/CD40LG_IL4I1/BTLA_IL4I1/CXCL13_NCR3/TOX_LTK/LIF_LTK/NR3C1_CA2/TOX2_CA2/TOX_CA2/TSHZ2_CA2/RBPJ_CA2/IL21_CA2/TNFSF4_CA2/IL6ST_CA2/CXCR5_CA2/GNG4_CA2/CD200_CA2/NMB_CA2/PDE7B_CA2/TNFSF11_ADAM12/CD40LG_ADAM12/IL6R_ADAM12/ITM2A_ADAM12"
"9",1319,1319,"CD8+GZMK+ Tex_CD8+Tn","CD8+GZMK+ Tex","CD8+Tn",21,1,0.104,0.999997250634024,1,1,"LYST_PABPC1","PRDM1_TCF7/TSC22D1_KLF2/CCL3_TXK/NAMPT_TXK/HAVCR2_TXK/TSC22D1_FLT3LG/PRDM1_FLT3LG/TRPS1_FLT3LG/TNFRSF9_FLT3LG/HAVCR2_TNFSF8/TRPS1_CMTM8/NAMPT_CMTM8/NAMPT_IL6R/TSC22D1_IFNGR2/TNFSF4_IFNGR2/CCL4_IFNGR2/HAVCR2_IFNGR2/TRPS1_EEF1A1/NAMPT_EEF1B2/CXCL13_NELL2/LYST_PABPC1"
"659",1320,1319,"CD4+TNFRSF9+ Treg_CD4+Tn","CD4+TNFRSF9+ Treg","CD4+Tn",21,1,0.104,0.999997250634024,1,1,"IL7_LEF1","CD70_TCF7/TNFRSF4_TCF7/IL7_LEF1/NAMPT_TXK/NAMPT_SCML1/PMAIP1_SCML1/NAMPT_EEF1B2/PMAIP1_EEF1B2/PMAIP1_PLAC8/NAMPT_GIMAP7/CSF1_GIMAP7/CD70_GIMAP7/IL2RB_GIMAP7/TNFRSF18_GIMAP7/TNFRSF4_GIMAP7/PMAIP1_GIMAP7/TNFRSF4_LINC00861/CSF1_FHIT/TNFRSF9_FHIT/TNFRSF4_FHIT/PMAIP1_FHIT"
"871",1321,1319,"CD8+TCF7+ Tex_CD4+TIMP1+ Tm","CD8+TCF7+ Tex","CD4+TIMP1+ Tm",21,1,0.104,0.999997250634024,1,1,"IL6R_ANXA1","IGFL2_KLF2/NR3C1_LMO4/CD200_LMO4/GNG4_LMO4/IGFL2_LMO4/NMB_LMO4/NR3C1_FLT3LG/CD200_FLT3LG/IGFL2_FLT3LG/IGFBP4_FLT3LG/TNFRSF4_CD40LG/IGFL2_CD40LG/CD200_S100A11/CD200_S100A10/IGFL2_S100A10/NMB_S100A10/IL6R_ANXA1/IGFL2_CD52/NMB_CD52/CD200_CAPG/NMB_CAPG"
"1476",1322,1319,"CD4+IFNG+ Tfh/Th1_CD4+ISG+ Th","CD4+IFNG+ Tfh/Th1","CD4+ISG+ Th",21,1,0.104,0.999997250634024,1,1,"ID2_IFI16","RBPJ_SP100/ID2_IFI16/RBPJ_TNFSF10/HAVCR2_TNFSF13B/GZMB_IFIT3/GZMB_IFIT1/LAG3_IFIT1/CCL4_IFI44L/GZMB_IFI44L/RBPJ_MX1/GZMB_MX1/LAG3_MX1/HAVCR2_MX1/RBPJ_IFI6/LAG3_IFI6/HAVCR2_IFI6/HAVCR2_MX2/ID2_IFIT2/GZMB_IFIT2/CCL4_CMPK2/HAVCR2_CMPK2"
"1361",1323,1323,"CD4+TNFRSF9+ Treg_CD4+S1PR1+ Treg","CD4+TNFRSF9+ Treg","CD4+S1PR1+ Treg",35,4,0.251,0.999997694187907,1,1,"EBI3_CD74/IL7_LEF1/IL7_CPNE2/LAIR2_IL2RA","TNFRSF4_FOXP3/IL7_IKZF2/IL7_LEF1/NAMPT_KLF3/CSF1_KLF3/PMAIP1_KLF3/LAIR2_IL32/CSF1_FLT3LG/CD70_FLT3LG/TNFRSF9_FLT3LG/PMAIP1_FLT3LG/NAMPT_IL10RA/CD70_CCR10/TNFRSF4_CCR10/PMAIP1_CCR10/LAIR2_IL2RA/EBI3_CD74/PMAIP1_HLA-DRB1/NAMPT_SAMHD1/CD70_SAMHD1/PMAIP1_SAMHD1/IL7_CPNE2/TNFRSF4_CCDC141/IKZF2_HPGD/IL32_HPGD/NAMPT_HPGD/CSF1_HPGD/CD70_HPGD/IL2RA_HPGD/TNFRSF18_HPGD/TNFRSF4_HPGD/PMAIP1_HPGD/NAMPT_PI16/TNFRSF4_PI16/PMAIP1_PI16"
"1209",1324,1324,"CD4+NME1+CCR4+ T_CD4+IL26+ Th17","CD4+NME1+CCR4+ T","CD4+IL26+ Th17",50,8,0.351,0.999997984333922,1,1,"FLT3LG_ANKRD28/IL6R_ANKRD28/IL16_CEBPD/FLT3LG_RUNX2/CORO1A_IL4I1/IFNAR2_CEBPD/KLF2_ANKRD28/IL6R_CEBPD","IL16_CEBPD/IL6R_CEBPD/IFNAR2_CEBPD/FLT3LG_RUNX2/SUB1_ID2/ENO1_ID2/ENO1_IL26/ENO1_TNFSF13B/ENO1_CD40LG/CNN2_CD40LG/ENO1_IL22/IL32_IL22/CMTM7_IL22/TPM4_IL22/ENO1_TNFSF14/ENO1_CXCR6/ENO1_CCR6/SUB1_IL23R/ENO1_IL23R/CMTM7_IL23R/ACTB_IL23R/ACTG1_IL23R/ARPC1B_IL23R/CNN2_IL23R/TPM4_IL23R/SUB1_IL17RE/ENO1_IL17RE/SCAND1_IL17RE/CMTM7_IL17RE/HMGB1_IL17RE/IFNAR2_IL17RE/ACTB_IL17RE/PFN1_IL17RE/ACTG1_IL17RE/TMSB10_IL17RE/CORO1A_IL17RE/ARPC1B_IL17RE/CNN2_IL17RE/TPM4_IL17RE/ENO1_KLRB1/CNN2_KLRB1/ENO1_CA10/ENO1_CAPG/TMSB10_CAPG/ENO1_MGAT4A/CORO1A_IL4I1/KLF2_ANKRD28/FLT3LG_ANKRD28/IL6R_ANKRD28/ENO1_TMIGD2"
"559",1325,1325,"CD8+TCF7+ Tex_CD8+Tc17","CD8+TCF7+ Tex","CD8+Tc17",57,10,0.385,0.999998155892631,1,1,"BTLA_IL4I1/CD40LG_ADAM12/CD40LG_IL4I1/BATF_CEBPD/SESN3_ADAM12/CPM_CEBPD/TNFSF8_IL4I1/IFNAR2_CEBPD/IL6R_ADAM12/IL6R_CEBPD","TNFRSF4_ZBTB16/CPM_ZBTB16/NMB_ZBTB16/BATF_CEBPD/IL6R_CEBPD/IFNAR2_CEBPD/CPM_CEBPD/IGFL2_RORA/TNFRSF4_CD40LG/IGFL2_CD40LG/CD200_TNFSF13B/TNFRSF4_IL26/NR3C1_FLT3LG/CD200_FLT3LG/IGFL2_FLT3LG/IGFBP4_FLT3LG/NR3C1_IL23R/CD200_IL23R/GNG4_IL23R/TNFRSF4_IL23R/NMB_IL23R/TCF7_IL17RE/NR3C1_IL17RE/TOX_IL17RE/BATF_IL17RE/IFNAR2_IL17RE/CD200_IL17RE/GNG4_IL17RE/TNFRSF4_IL17RE/IGFL2_IL17RE/NMB_IL17RE/IGFBP4_IL17RE/IGFL2_SLC4A10/GNG4_KLRB1/TNFRSF4_KLRB1/IGFL2_KLRB1/NR3C1_TMIGD2/TNFRSF4_TMIGD2/IGFBP4_TMIGD2/TNFSF8_IL4I1/CD40LG_IL4I1/BTLA_IL4I1/CXCL13_NCR3/TNFRSF4_NCR3/TOX_LTK/TNFRSF4_LTK/TSHZ2_CA2/NR3C1_CA2/TOX_CA2/CD200_CA2/GNG4_CA2/TNFRSF4_CA2/NMB_CA2/IGFBP4_CA2/CD40LG_ADAM12/IL6R_ADAM12/SESN3_ADAM12"
"811",1326,1326,"CD4+IL21+ Tfh_CD4+TNF+ T","CD4+IL21+ Tfh","CD4+TNF+ T",27,2,0.162,0.999998331535879,1,1,"CD40LG_LCP2/IL6R_LCP2","TNFSF4_HOPX/NR3C1_ID2/TOX2_ID2/RBPJ_ID2/CD200_ID2/NMB_ID2/IGFL2_ID2/TNFSF4_CD40LG/IGFL2_CD40LG/IGFL2_GZMA/IGFL2_IFNG/IGFL2_CCR2/NR3C1_CXCR3/GNG4_CXCR3/CD200_CXCR3/NMB_CXCR3/IGFL2_CXCR3/NMB_CD52/IGFL2_CD52/IGFL2_ACTB/TNFSF4_CAPG/CD200_CAPG/NMB_CAPG/TNFSF4_CD99/IGFL2_CD99/CD40LG_LCP2/IL6R_LCP2"
"868",1327,1326,"CD8+GZMK+ Tex_CD4+TIMP1+ Tm","CD8+GZMK+ Tex","CD4+TIMP1+ Tm",27,2,0.162,0.999998331535879,1,1,"LYST_ANXA1/CD27_VIM","TSC22D1_KLF2/PRDM1_HOPX/TNFSF4_HOPX/NAMPT_HOPX/TSC22D1_LMO4/TRPS1_LMO4/NAMPT_LMO4/HAVCR2_LMO4/HLA-DRB1_LMO4/TSC22D1_FLT3LG/PRDM1_FLT3LG/TRPS1_FLT3LG/TNFRSF9_FLT3LG/TNFSF4_CD40LG/NAMPT_CD40LG/HAVCR2_CD40LG/TNFRSF9_CD40LG/TNFSF4_S100A11/NAMPT_S100A10/HAVCR2_S100A10/LYST_ANXA1/NAMPT_CD52/HAVCR2_CD52/TNFSF4_S100A6/CD27_VIM/TNFSF4_CAPG/HAVCR2_CAPG"
"1355",1328,1326,"CD4+Temra_CD4+S1PR1+ Treg","CD4+Temra","CD4+S1PR1+ Treg",27,2,0.162,0.999998331535879,1,1,"C1orf21_RTKN2/C1orf21_CPNE2","ZEB2_KLF3/CCL3_KLF3/IL18RAP_KLF3/GNLY_KLF3/S1PR5_KLF3/S1PR5_FLT3LG/CCL4_CCR4/C1orf21_RTKN2/S1PR5_TTN/C1orf21_CPNE2/ZNF683_CCDC141/CCL4_CCDC141/S1PR5_CCDC141/ZNF683_HPGD/GZMB_HPGD/CCL5_HPGD/CCL4_HPGD/CCL3_HPGD/FASLG_HPGD/IL18RAP_HPGD/GNLY_HPGD/S1PR5_HPGD/PLEK_HPGD/ZEB2_PI16/CCL4_PI16/GNLY_PI16/PRSS23_PI16"
"1481",1329,1326,"CD4+NME1+CCR4- T_CD4+ISG+ Th","CD4+NME1+CCR4- T","CD4+ISG+ Th",27,2,0.162,0.999998331535879,1,1,"MEOX1_PLSCR1/MEOX1_IFI16","MEOX1_PLSCR1/ENO1_IRF7/GAPDH_IRF7/ENO1_SP100/MEOX1_IFI16/ENO1_TNFSF10/GAPDH_TNFSF10/ENO1_TNFSF13B/ENO1_IFIT3/GAPDH_IFIT3/ENO1_IFIT1/GPI_IFIT1/ENO1_RSAD2/ENO1_IFI44L/ENO1_MX1/HMGA1_MX1/IL2RA_MX1/ENO1_IFI6/GPI_IFI6/IL2RA_IFI6/GAPDH_IFI6/TMSB10_IFI6/ENO1_MX2/GAPDH_MX2/ENO1_IFIT2/GAPDH_IFIT2/ENO1_CMPK2"
"524",1330,1330,"CD4+CXCR5+ pre-Tfh_CD8+ISG+ CD8+ T","CD4+CXCR5+ pre-Tfh","CD8+ISG+ CD8+ T",22,1,0.1,0.999998507677189,1,1,"FAM177A1_STAT2","AREG_PLSCR1/SLC2A3_STAT1/AREG_IRF7/AREG_STAT2/FAM177A1_STAT2/AREG_SP100/PASK_SP100/AREG_TNFSF10/SLC2A3_TNFSF10/AREG_CD74/SLC2A3_IFIT1/AREG_IFIT3/AREG_MX1/SLC2A3_MX1/NR3C1_IFI6/AREG_IFI6/PABPC1_IFI6/NR4A2_OAS1/AREG_OAS1/SH3TC1_OAS1/AREG_ISG15/AREG_OAS3"
"530",1331,1330,"CD4+CREM+ Tm_CD8+ISG+ CD8+ T","CD4+CREM+ Tm","CD8+ISG+ CD8+ T",22,1,0.1,0.999998507677189,1,1,"FAM177A1_STAT2","AREG_PLSCR1/TNFAIP3_PLSCR1/AREG_IRF7/AREG_STAT2/FAM177A1_STAT2/AREG_SP100/TNFAIP3_SP100/AREG_TNFSF10/AREG_CD74/AREG_IFIT3/AREG_MX1/SRGN_MX1/AREG_IFI6/SRGN_IFI6/ANXA1_IFI6/CREM_OAS1/NR4A2_OAS1/AREG_OAS1/SRGN_OAS1/SRGN_CMPK2/AREG_ISG15/AREG_OAS3"
"565",1332,1330,"CD4+IL7R- Tn_CD8+Tc17","CD4+IL7R- Tn","CD8+Tc17",22,1,0.1,0.999998507677189,1,1,"LDHB_ADAM12","EEF1A1_FLT3LG/ACTG1_FLT3LG/NACA_FLT3LG/BTF3_FLT3LG/NACA_CCR6/ACTG1_IL23R/NACA_IL23R/EEF1B2_IL17RE/EEF1A1_IL17RE/ACTG1_IL17RE/LDHB_IL17RE/NACA_IL17RE/FAU_IL17RE/BTF3_IL17RE/EEF1B2_CA2/EEF1A1_CA2/ACTG1_CA2/LDHB_CA2/NACA_CA2/FAU_CA2/BTF3_CA2/LDHB_ADAM12"
"567",1333,1333,"CD4+AREG+ Tm_CD8+Tc17","CD4+AREG+ Tm","CD8+Tc17",48,7,0.32,0.999999028971382,1,1,"CD40LG_ADAM12/CD40LG_IL4I1/CXCR4_IL4I1/KLF3_IL18RAP/ZFP36L2_IL4I1/KLF3_CEBPD/ZFP36L2_CEBPD","AREG_RORC/AREG_ZBTB16/ANXA1_ZBTB16/CD55_ZBTB16/ZFP36L2_CEBPD/KLF3_CEBPD/AREG_RORA/AREG_CD40LG/PABPC1_CD40LG/AREG_TNFSF13B/AREG_IL26/AREG_FLT3LG/EEF1A1_FLT3LG/PABPC1_FLT3LG/AREG_IL23A/AREG_CCR6/AREG_IL23R/ANXA1_IL23R/TPT1_IL23R/CD55_IL23R/PABPC1_IL23R/TCF7_IL17RE/AREG_IL17RE/ANXA1_IL17RE/EEF1A1_IL17RE/TPT1_IL17RE/PABPC1_IL17RE/EEF1B2_IL17RE/KLF3_IL18RAP/AREG_IL18RAP/AREG_SLC4A10/PLAC8_SLC4A10/AREG_TMIGD2/ZFP36L2_IL4I1/KLF3_IL4I1/CD40LG_IL4I1/CXCR4_IL4I1/AREG_NCR3/AREG_LTK/ANXA1_LTK/AREG_CA2/ANXA1_CA2/EEF1A1_CA2/GPR183_CA2/PABPC1_CA2/EEF1B2_CA2/KLF3_ADAM12/CD40LG_ADAM12"
"889",1334,1334,"CD4+IL21+ Tfh_CD4+TIMP1+ Tm","CD4+IL21+ Tfh","CD4+TIMP1+ Tm",28,2,0.157,0.999999062686282,1,1,"ITM2A_VIM/IL6R_ANXA1","IGFL2_KLF2/PDE7B_KLF2/TNFSF4_HOPX/NR3C1_LMO4/GNG4_LMO4/CD200_LMO4/NMB_LMO4/IGFL2_LMO4/NR3C1_FLT3LG/TOX2_FLT3LG/RBPJ_FLT3LG/CD200_FLT3LG/IGFL2_FLT3LG/TNFSF4_CD40LG/IGFL2_CD40LG/TNFSF4_S100A11/CD200_S100A11/CD200_S100A10/NMB_S100A10/IGFL2_S100A10/IL6R_ANXA1/NMB_CD52/IGFL2_CD52/TNFSF4_S100A6/ITM2A_VIM/TNFSF4_CAPG/CD200_CAPG/NMB_CAPG"
"999",1335,1335,"CD4+CREM+ Tm_CD4+CAPG+ Tm","CD4+CREM+ Tm","CD4+CAPG+ Tm",41,5,0.268,0.999999219945709,1,1,"PTGER4_RBPJ/PTGER4_IL32/GPR35_BHLHE40/GPR35_TGFB1/ZFP36L2_BHLHE40","CREM_HOPX/AREG_HOPX/SRGN_HOPX/ZFP36L2_BHLHE40/AREG_BHLHE40/GPR35_BHLHE40/AREG_ID2/SRGN_ID2/TNFAIP3_ID2/ANXA1_ID2/PTGER4_RBPJ/AREG_PPARG/AREG_TIMP1/PTGER4_IL32/GPR35_TGFB1/CREM_CD40LG/NR4A2_CD40LG/TGFB1_CD40LG/AREG_CD40LG/FTH1_CD40LG/SRGN_CD40LG/TNFAIP3_CD40LG/AREG_HMGB1/CREM_CXCR3/NR4A2_CXCR3/AREG_CXCR3/TNFAIP3_CXCR3/AREG_CD74/SRGN_IL2RG/AREG_CXCR6/TNFAIP3_CXCR6/AREG_TMSB4X/SRGN_TMSB4X/ANXA1_TMSB4X/AREG_CAPG/SRGN_CAPG/AREG_CD52/SRGN_CD52/AREG_PFN1/AREG_S100A11/FTH1_S100A11"
"38",1336,1336,"CD4+NME1+CCR4- T_CD8+Tn","CD4+NME1+CCR4- T","CD8+Tn",33,3,0.199,0.999999276716297,1,1,"MEOX1_PABPC1/MEOX1_WNT7A/EBI3_PABPC1","GAPDH_LEF1/GPI_TCF7/GAPDH_TCF7/ENO1_TXK/GAPDH_TXK/ENO1_FLT3LG/SUB1_FLT3LG/GPI_FLT3LG/ACTG1_FLT3LG/GAPDH_FLT3LG/GAPDH_TNFSF8/ENO1_CMTM8/MEOX1_WNT7A/ENO1_IL6R/GPI_IL6R/GAPDH_IL6R/TMSB10_IL6R/ENO1_IFNGR2/GAPDH_IFNGR2/TMSB10_IFNGR2/ARPC1B_IFNGR2/ENO1_MAL/ENO1_EEF1A1/GAPDH_EEF1A1/GAPDH_TPT1/ENO1_EEF1B2/GAPDH_EEF1B2/GPI_NELL2/ENO1_NOSIP/GPI_NOSIP/GAPDH_NOSIP/MEOX1_PABPC1/EBI3_PABPC1"
"571",1337,1337,"CD4+CAPG+ Tm_CD8+Tc17","CD4+CAPG+ Tm","CD8+Tc17",45,6,0.292,0.999999298280611,1,1,"CD40LG_ADAM12/CD40LG_IL4I1/CKLF_ADAM12/CD52_ADAM12/CD52_IL4I1/HOPX_ADAM12","IL32_ZBTB16/ALOX5AP_ZBTB16/TGFB1_CD40LG/RBPJ_FLT3LG/BHLHE40_CCR6/BHLHE40_IL23R/RBPJ_IL23R/TIMP1_IL23R/TGFB1_IL23R/CXCR6_IL23R/ACTB_IL23R/HOPX_IL17RE/BHLHE40_IL17RE/RBPJ_IL17RE/CKLF_IL17RE/TIMP1_IL17RE/TGFB1_IL17RE/HMGB1_IL17RE/CXCR3_IL17RE/ACTB_IL17RE/CAPG_IL17RE/ALOX5AP_IL17RE/PFN1_IL17RE/BHLHE40_KLRB1/TGFB1_TMIGD2/CD40LG_IL4I1/CXCR3_IL4I1/CD52_IL4I1/BHLHE40_CA2/ID2_CA2/RBPJ_CA2/TIMP1_CA2/IL32_CA2/TGFB1_CA2/HMGB1_CA2/CD74_CA2/ACTB_CA2/ALOX5AP_CA2/PFN1_CA2/S100A4_CA2/COTL1_CA2/HOPX_ADAM12/CKLF_ADAM12/CD40LG_ADAM12/CD52_ADAM12"
"553",1338,1338,"CD8+KIR+EOMES+ NK-like_CD8+Tc17","CD8+KIR+EOMES+ NK-like","CD8+Tc17",29,2,0.151,0.999999474114701,1,1,"KLRG1_IL4I1/CXCR4_IL4I1","IFNGR1_ZBTB16/GCSAM_CEBPD/NR4A2_CD40LG/DUSP2_CD40LG/IKZF2_IL23R/NR4A2_IL23R/ZNF331_IL23R/IL2RB_IL23R/IKZF2_IL17RE/NR4A2_IL17RE/LITAF_IL17RE/ZNF331_IL17RE/TNFSF9_IL17RE/IFNGR1_IL17RE/CD160_IL17RE/TYROBP_IL17RE/CMC1_IL17RE/DUSP2_IL17RE/CXCR4_IL4I1/KLRG1_IL4I1/NR4A2_LTK/IKZF2_CA2/TNFSF9_CA2/IFNGR1_CA2/CD74_CA2/IL2RB_CA2/TYROBP_CA2/CMC1_CA2/GCSAM_ADAM12"
"1103",1339,1338,"CD8+terminal Tex_CD4+Temra","CD8+terminal Tex","CD4+Temra",29,2,0.151,0.999999474114701,1,1,"ENTPD1_GNLY/DUSP4_GNLY","TNFSF4_HOPX/NAMPT_HOPX/CSF1_TBX21/CD70_TBX21/NAMPT_TBX21/GZMB_GZMH/RBPJ_CX3CR1/TOX_CX3CR1/TOX2_CX3CR1/CD70_CX3CR1/NAMPT_CX3CR1/TNFRSF9_CX3CR1/TOX2_IL5RA/CSF1_IL5RA/NAMPT_IL5RA/CD70_FGFBP2/NAMPT_FGFBP2/ENTPD1_GNLY/DUSP4_GNLY/RBPJ_C1orf21/TOX_C1orf21/TOX2_C1orf21/TNFSF4_C1orf21/CD70_C1orf21/LAYN_C1orf21/ENTPD1_C1orf21/KRT86_C1orf21/GZMB_PRF1/CD70_CTSW"
"740",1340,1340,"CD4+NME1+CCR4- T_CD4+ADSL+ Tn","CD4+NME1+CCR4- T","CD4+ADSL+ Tn",24,1,0.091,0.999999560491879,1,1,"MEOX1_PASK","GPI_TCF7/GAPDH_TCF7/GAPDH_LEF1/ENO1_TXK/GAPDH_TXK/ENO1_CMTM8/ENO1_IL6R/GPI_IL6R/GAPDH_IL6R/TMSB10_IL6R/ENO1_IL6ST/GAPDH_IL6ST/MEOX1_PASK/ENO1_GIMAP4/GAPDH_GIMAP4/ENO1_ANKRD55/GPI_ANKRD55/GAPDH_ANKRD55/ENO1_NOSIP/GPI_NOSIP/GAPDH_NOSIP/ENO1_COTL1/GAPDH_COTL1/GAPDH_DGKA"
"985",1341,1340,"CD8+GZMK+ Tex_CD4+CAPG+ Tm","CD8+GZMK+ Tex","CD4+CAPG+ Tm",24,1,0.091,0.999999560491879,1,1,"LYST_RBPJ","PRDM1_HOPX/TNFSF4_HOPX/NAMPT_HOPX/PRDM1_ID2/TRPS1_ID2/NAMPT_ID2/HAVCR2_ID2/TNFRSF9_ID2/LYST_RBPJ/TNFSF4_CD40LG/NAMPT_CD40LG/HAVCR2_CD40LG/TNFRSF9_CD40LG/TRPS1_HMGB1/NAMPT_HMGB1/PRDM1_CXCR3/TRPS1_CXCR3/TNFRSF9_CXCR6/TNFSF4_CAPG/HAVCR2_CAPG/NAMPT_CD52/HAVCR2_CD52/TNFSF4_S100A11/CD74_COTL1"
"548",1342,1342,"CD8+IL7R+ Tm_CD8+Tc17","CD8+IL7R+ Tm","CD8+Tc17",34,3,0.194,0.999999584192156,1,1,"CXCR4_IL4I1/ZFP36L2_IL4I1/ZFP36L2_CEBPD","TNFAIP3_RORC/ANXA1_ZBTB16/CD55_ZBTB16/ZFP36L2_CEBPD/TNFAIP3_CD40LG/FTH1_CD40LG/PABPC1_CD40LG/PABPC1_FLT3LG/RGCC_CCR6/BTG1_IL23R/ANXA1_IL23R/CD55_IL23R/TNFAIP3_IL23R/PABPC1_IL23R/ANXA1_IL17RE/LMNA_IL17RE/FTH1_IL17RE/RGCC_IL17RE/PABPC1_IL17RE/FTH1_TMIGD2/ZFP36L2_IL4I1/CXCR4_IL4I1/TNFAIP3_NCR3/FTH1_NCR3/ANXA1_LTK/FTH1_LTK/ZFP36_CA2/BTG1_CA2/ANXA1_CA2/TNFAIP3_CA2/FTH1_CA2/RGCC_CA2/GPR183_CA2/PABPC1_CA2"
"1077",1343,1343,"CD4+CREM+ Tm_CD4+GZMK+ Tem","CD4+CREM+ Tm","CD4+GZMK+ Tem",30,2,0.146,0.999999705308064,1,1,"GPR35_NR4A2/ZFP36L2_NR4A2","AREG_LITAF/CREM_NFATC2/NR4A2_NFATC2/TGFB1_NFATC2/SRGN_NFATC2/ZFP36L2_NR4A2/GPR35_NR4A2/TNFAIP3_GZMK/AREG_IFNG/AREG_FASLG/AREG_CD74/CREM_CXCR3/NR4A2_CXCR3/AREG_CXCR3/TNFAIP3_CXCR3/FTH1_CD4/CREM_ENC1/ZNF331_ENC1/NR4A2_ENC1/TGFB1_ENC1/AREG_ENC1/FTH1_ENC1/SRGN_ENC1/AREG_ITM2C/TNFAIP3_AOAH/CREM_F2R/ZNF331_F2R/AREG_F2R/SRGN_F2R/TNFAIP3_F2R"
"1116",1344,1343,"CD4+CREM+ Tm_CD4+Temra","CD4+CREM+ Tm","CD4+Temra",30,2,0.146,0.999999705308064,1,1,"ZFP36L2_GNLY/ZFP36L2_PRSS23","CREM_HOPX/AREG_HOPX/SRGN_HOPX/AREG_XCL2/SRGN_GZMM/TNFAIP3_GZMM/AREG_FASLG/TNFAIP3_GZMK/AREG_CX3CR1/ZFP36_CX3CR1/FTH1_CX3CR1/TNFAIP3_CX3CR1/FTH1_CMKLR1/CREM_IL5RA/AREG_IL5RA/AREG_IL18RAP/CREM_FGFBP2/AREG_FGFBP2/SRGN_FGFBP2/ZFP36L2_GNLY/GPR35_GNLY/CREM_C1orf21/ZNF331_C1orf21/NR4A2_C1orf21/AREG_C1orf21/FTH1_C1orf21/SRGN_C1orf21/TNFAIP3_C1orf21/ZFP36L2_PRSS23/PTGER4_PRSS23"
"960",1345,1345,"CD4+CREM+ Tm_CD4+CCL5+ Tm","CD4+CREM+ Tm","CD4+CCL5+ Tm",39,4,0.225,0.999999725058518,1,1,"GPR35_NR4A2/GPR35_BHLHE40/ZFP36L2_NR4A2/ZFP36L2_BHLHE40","NR4A2_ZFP36L2/AREG_ZFP36L2/TNFAIP3_ZFP36L2/CREM_HOPX/AREG_HOPX/SRGN_HOPX/AREG_ID2/SRGN_ID2/TNFAIP3_ID2/ANXA1_ID2/ZFP36L2_BHLHE40/AREG_BHLHE40/GPR35_BHLHE40/ZFP36L2_NR4A2/GPR35_NR4A2/TNFAIP3_GZMK/AREG_XCL1/CREM_CD40LG/NR4A2_CD40LG/TGFB1_CD40LG/AREG_CD40LG/FTH1_CD40LG/SRGN_CD40LG/TNFAIP3_CD40LG/AREG_XCL2/AREG_IFNG/SRGN_GZMM/TNFAIP3_GZMM/AREG_IFNGR1/AREG_IL18RAP/AREG_GLUL/AREG_ITGA1/AREG_PARP8/CREM_PTGER4/AREG_PTGER4/AREG_CD69/TNFAIP3_CD69/AREG_CD99/TNFAIP3_CLU"
"1364",1346,1345,"CD4+NME1+CCR4- T_CD4+S1PR1+ Treg","CD4+NME1+CCR4- T","CD4+S1PR1+ Treg",39,4,0.225,0.999999725058518,1,1,"MEOX1_IL32/MEOX1_FOXP3/EBI3_CD74/MEOX1_TTN","ENO1_FOXP3/MEOX1_FOXP3/GAPDH_IKZF2/GAPDH_LEF1/ENO1_KLF3/SUB1_KLF3/GPI_KLF3/GAPDH_KLF3/MEOX1_IL32/ENO1_FLT3LG/SUB1_FLT3LG/GPI_FLT3LG/ACTG1_FLT3LG/GAPDH_FLT3LG/ENO1_IL10RA/ENO1_CCR10/GAPDH_CCR10/ENO1_CD74/EBI3_CD74/MEOX1_RTKN2/GAPDH_RTKN2/ENO1_HLA-DRB1/ENO1_SAMHD1/GPI_SAMHD1/GAPDH_SAMHD1/MEOX1_TTN/ENO1_CPNE2/GAPDH_CPNE2/ENO1_CCDC141/GAPDH_CCDC141/ENO1_HPGD/HMGA1_HPGD/PHF5A_HPGD/GPI_HPGD/HMGB1_HPGD/IL2RA_HPGD/ACTG1_HPGD/PKM_HPGD/GAPDH_PI16"
"551",1347,1347,"CD8+GZMK+ Tem_CD8+Tc17","CD8+GZMK+ Tem","CD8+Tc17",25,1,0.088,0.999999761526149,1,1,"ITM2C_ADAM12","IL32_ZBTB16/CST7_ZBTB16/APOBEC3G_ZBTB16/SUB1_FLT3LG/SUB1_IL23R/SUB1_IL17RE/CXCR3_IL17RE/HLA-DRB1_IL17RE/HLA-DQA1_IL17RE/ITM2C_IL17RE/APOBEC3G_IL17RE/CST7_KLRB1/CXCR3_IL4I1/SUB1_CA2/IL32_CA2/CD74_CA2/HLA-DRB1_CA2/HLA-DPA1_CA2/COTL1_CA2/HLA-DPB1_CA2/HLA-DQA1_CA2/HLA-DQB1_CA2/CST7_CA2/APOBEC3G_CA2/ITM2C_ADAM12"
"790",1348,1347,"CD8+GZMK+ Tex_CD4+TNF+ T","CD8+GZMK+ Tex","CD4+TNF+ T",25,1,0.088,0.999999761526149,1,1,"HLA-DQA1_CCL4","PRDM1_HOPX/TNFSF4_HOPX/NAMPT_HOPX/PRDM1_ID2/TRPS1_ID2/NAMPT_ID2/HAVCR2_ID2/TNFRSF9_ID2/TNFSF4_CD40LG/NAMPT_CD40LG/HAVCR2_CD40LG/TNFRSF9_CD40LG/PRDM1_IFNG/HLA-DQA1_CCL4/TRPS1_CCR2/CCL4_CCR2/TNFRSF9_CCR2/PRDM1_CXCR3/TRPS1_CXCR3/NAMPT_CD52/HAVCR2_CD52/NAMPT_CISH/TNFSF4_CAPG/HAVCR2_CAPG/TNFSF4_CD99"
"1459",1349,1347,"CD8+NME1+ T_CD4+ISG+ Th","CD8+NME1+ T","CD4+ISG+ Th",25,1,0.088,0.999999761526149,1,1,"MYB_IFI16","ENO1_IRF7/GAPDH_IRF7/ENO1_SP100/MYB_IFI16/CXCR3_IFI16/ENO1_TNFSF10/GAPDH_TNFSF10/ENO1_TNFSF13B/ENO1_IFIT3/GAPDH_IFIT3/ENO1_IFIT1/GPI_IFIT1/ENO1_RSAD2/ENO1_IFI44L/ENO1_MX1/HMGA1_MX1/ENO1_IFI6/GPI_IFI6/CENPA_IFI6/GAPDH_IFI6/ENO1_MX2/GAPDH_MX2/ENO1_IFIT2/GAPDH_IFIT2/ENO1_CMPK2"
"1188",1350,1350,"CD4+CXCR5+ pre-Tfh_CD4+IL26+ Th17","CD4+CXCR5+ pre-Tfh","CD4+IL26+ Th17",72,13,0.396,0.999999803162198,1,1,"TCF7_ANKRD28/CD40LG_ANKRD28/CD40LG_TNFSF14/IL6ST_ANKRD28/CXCR5_ANKRD28/CD40LG_IL4I1/CXCR4_IL4I1/FAAH2_ANKRD28/SESN3_ANKRD28/SESN3_RUNX2/TSHZ2_ANKRD28/TNFSF8_IL4I1/CMTM8_ANKRD28","AREG_RORC/SLC2A3_RORC/IFITM1_RORC/AREG_RORA/SLC2A3_RORA/SESN3_RUNX2/NR3C1_ID2/AREG_ID2/SLC2A3_ID2/MBP_ID2/AREG_IL26/SLC2A3_IL26/AREG_TNFSF13B/SLC2A3_TNFSF13B/NR4A2_CD40LG/AREG_CD40LG/SLC2A3_CD40LG/PABPC1_CD40LG/SLC2A3_GZMA/NR3C1_IL22/AREG_IL22/PABPC1_IL22/AREG_TNFSF14/CD40LG_TNFSF14/SLC2A3_TNFSF14/NR3C1_CXCR6/AREG_CXCR6/SLC2A3_CXCR6/AREG_CCR6/SLC2A3_CCR6/NR3C1_IL23R/NR4A2_IL23R/AREG_IL23R/CXCR5_IL23R/SLC2A3_IL23R/PABPC1_IL23R/TCF7_IL17RE/NR3C1_IL17RE/NR4A2_IL17RE/LEF1_IL17RE/AREG_IL17RE/SLC2A3_IL17RE/FAM177A1_IL17RE/MBP_IL17RE/SH3TC1_IL17RE/PABPC1_IL17RE/IFITM1_IL17RE/SLC2A3_IL7R/SLC2A3_KLRB1/AREG_CTSH/SLC2A3_CTSH/AREG_CA10/SLC2A3_CA10/AREG_CAPG/SLC2A3_PTPN13/AREG_MGAT4A/SLC2A3_MGAT4A/NR3C1_ERN1/TNFSF8_IL4I1/CD40LG_IL4I1/CXCR4_IL4I1/TCF7_ANKRD28/TSHZ2_ANKRD28/CMTM8_ANKRD28/CD40LG_ANKRD28/CXCR5_ANKRD28/IL6ST_ANKRD28/FAAH2_ANKRD28/SESN3_ANKRD28/NR3C1_TMIGD2/AREG_TMIGD2/SLC2A3_TMIGD2"
"1155",1351,1351,"CD4+CREM+ Tm_CD4+CCR6+ Th17","CD4+CREM+ Tm","CD4+CCR6+ Th17",55,8,0.319,0.999999813002684,1,1,"CXCR4_IL4I1/GPR35_IL4I1/ZFP36L2_IL4I1/GPR35_BHLHE40/PTGER4_MYBL1/GPR35_VIM/CXCL16_IL4I1/ZFP36L2_BHLHE40","ZFP36L2_BHLHE40/AREG_BHLHE40/GPR35_BHLHE40/CREM_HOPX/AREG_HOPX/SRGN_HOPX/NR4A2_ZFP36L2/AREG_ZFP36L2/TNFAIP3_ZFP36L2/PTGER4_MYBL1/AREG_RORA/AREG_TNFSF13B/CREM_CD40LG/NR4A2_CD40LG/TGFB1_CD40LG/AREG_CD40LG/FTH1_CD40LG/SRGN_CD40LG/TNFAIP3_CD40LG/AREG_TIMP1/AREG_FLT3LG/SRGN_FLT3LG/CREM_CCR6/AREG_CCR6/SRGN_CCR6/AREG_IFNGR1/CREM_GPR35/NR4A2_GPR35/TGFB1_GPR35/AREG_GPR35/FTH1_GPR35/ZFP36L2_IL4I1/CXCL16_IL4I1/CXCR4_IL4I1/GPR35_IL4I1/GPR35_VIM/TNFAIP3_FKBP11/AREG_CAPG/SRGN_CAPG/CREM_ABCB1/ZNF331_ABCB1/NR4A2_ABCB1/TGFB1_ABCB1/AREG_ABCB1/CD44_ABCB1/SRGN_ABCB1/YPEL5_ABCB1/CDKN1A_ABCB1/CREM_TPT1/AREG_TPT1/SRGN_TPT1/TNFAIP3_TPT1/CREM_DPP4/NR4A2_DPP4/TNFAIP3_DPP4"
"1365",1352,1352,"CD4+NME1+CCR4+ T_CD4+S1PR1+ Treg","CD4+NME1+CCR4+ T","CD4+S1PR1+ Treg",31,2,0.142,0.999999835052134,1,1,"FLT3LG_CPNE2/KLF2_CPNE2","ENO1_FOXP3/CNN2_KLF2/SUB1_KLF3/ENO1_KLF3/CMTM7_KLF3/CNN2_KLF3/TPM4_KLF3/SUB1_FLT3LG/ENO1_FLT3LG/CMTM7_FLT3LG/ACTG1_FLT3LG/CNN2_FLT3LG/ENO1_IL10RA/ENO1_CCR10/ENO1_CD74/COTL1_CD74/ENO1_HLA-DRB1/ENO1_SAMHD1/CNN2_SAMHD1/KLF2_CPNE2/ENO1_CPNE2/FLT3LG_CPNE2/ENO1_CCDC141/ENO1_HPGD/IL32_HPGD/CMTM7_HPGD/HMGB1_HPGD/ACTG1_HPGD/TPM4_HPGD/CNN2_PI16/TPM4_PI16"
"574",1353,1353,"CD4+Temra_CD8+Tc17","CD4+Temra","CD8+Tc17",48,6,0.274,0.999999845189202,1,1,"CX3CR1_IL4I1/CX3CR1_ADAM12/C1orf21_CEBPD/TBX21_CEBPD/CTSW_IL4I1/HOPX_ADAM12","ZNF683_ZBTB16/GZMB_ZBTB16/CCL3_ZBTB16/CMKLR1_ZBTB16/GNLY_ZBTB16/TBX21_CEBPD/C1orf21_CEBPD/GNLY_RORA/ZEB2_CD40LG/ZNF683_CD40LG/GZMB_CD40LG/GNLY_TNFSF13B/S1PR5_FLT3LG/ZEB2_IL23R/CCL3_IL23R/FASLG_IL23R/GNLY_IL23R/S1PR5_IL23R/PRSS23_IL23R/HOPX_IL17RE/ZEB2_IL17RE/CCL3_IL17RE/IL18RAP_IL17RE/GNLY_IL17RE/S1PR5_IL17RE/PRSS23_IL17RE/GNLY_SLC4A10/S1PR5_TMIGD2/CX3CR1_IL4I1/CTSW_IL4I1/ZEB2_LTK/ZEB2_CA2/ZNF683_CA2/TBX21_CA2/GZMB_CA2/CCL3_CA2/CMKLR1_CA2/IL5RA_CA2/CXCR2_CA2/FGFBP2_CA2/GNLY_CA2/S1PR5_CA2/PRF1_CA2/PLEK_CA2/CTSW_CA2/PRSS23_CA2/HOPX_ADAM12/CX3CR1_ADAM12"
"1205",1354,1354,"CD4+TNFRSF9+ Treg_CD4+IL26+ Th17","CD4+TNFRSF9+ Treg","CD4+IL26+ Th17",73,13,0.391,0.999999873106814,1,1,"IL7_ANKRD28/CARD16_CEBPD/BATF_CEBPD/IKZF4_ANKRD28/ZBTB32_ANKRD28/LTA_IL4I1/FOXP3_IL4I1/CCL22_IL4I1/IL7_CEBPD/IL7_RUNX2/CARD16_ANKRD28/ZBTB32_IL4I1/IL7_IL4I1","BATF_CEBPD/IL7_CEBPD/CARD16_CEBPD/IL7_RUNX2/IKZF4_ID2/NAMPT_ID2/TNFRSF9_ID2/PMAIP1_ID2/TNFRSF9_IL26/TNFRSF4_IL26/PMAIP1_IL26/NAMPT_TNFSF13B/PMAIP1_TNFSF13B/NAMPT_CD40LG/CSF1_CD40LG/TNFRSF9_CD40LG/TNFRSF4_CD40LG/PMAIP1_CD40LG/PMAIP1_CKLF/IL32_IL22/NAMPT_IL22/CD70_IL22/TNFRSF9_IL22/TNFRSF4_IL22/PMAIP1_IL22/CD70_CXCR6/TNFRSF9_CXCR6/TNFRSF4_CXCR6/TNFRSF9_CCR6/IKZF2_IL23R/NAMPT_IL23R/CSF1_IL23R/CD70_IL23R/IL2RB_IL23R/TNFRSF9_IL23R/TNFRSF4_IL23R/BATF_IL17RE/IKZF2_IL17RE/IKZF4_IL17RE/ZBTB32_IL17RE/NAMPT_IL17RE/CSF1_IL17RE/CD70_IL17RE/IL2RA_IL17RE/IL1R2_IL17RE/LAYN_IL17RE/TNFRSF18_IL17RE/TNFRSF9_IL17RE/TNFRSF4_IL17RE/PMAIP1_IL17RE/NAMPT_KLRB1/TNFRSF4_KLRB1/PMAIP1_KLRB1/NAMPT_CTSH/NAMPT_CA10/PMAIP1_CA10/PMAIP1_CAPG/NAMPT_MGAT4A/PMAIP1_MGAT4A/NAMPT_ERN1/FOXP3_IL4I1/ZBTB32_IL4I1/CCL22_IL4I1/LTA_IL4I1/IL7_IL4I1/IKZF4_ANKRD28/ZBTB32_ANKRD28/IL7_ANKRD28/CARD16_ANKRD28/PMAIP1_ANKRD28/CD70_TMIGD2/TNFRSF4_TMIGD2/PMAIP1_TMIGD2"
"1342",1355,1355,"CD8+NME1+ T_CD4+S1PR1+ Treg","CD8+NME1+ T","CD4+S1PR1+ Treg",37,3,0.178,0.999999921804891,1,1,"MYB_IL2RA/MYB_CPNE2/MYB_FOXP3","ENO1_FOXP3/MYB_FOXP3/GAPDH_IKZF2/GAPDH_LEF1/ENO1_KLF3/GPI_KLF3/GAPDH_KLF3/ENO1_FLT3LG/GPI_FLT3LG/ACTG1_FLT3LG/GAPDH_FLT3LG/KIF20A_FLT3LG/ENO1_IL10RA/ENO1_CCR10/GAPDH_CCR10/MYB_IL2RA/ENO1_CD74/GAPDH_RTKN2/ENO1_HLA-DRB1/ENO1_SAMHD1/GPI_SAMHD1/GAPDH_SAMHD1/ENO1_CPNE2/MYB_CPNE2/GAPDH_CPNE2/ENO1_CCDC141/GAPDH_CCDC141/ENO1_HPGD/HMGA1_HPGD/HMGB1_HPGD/GPI_HPGD/MND1_HPGD/SPC24_HPGD/ACTG1_HPGD/CENPA_HPGD/KIFC1_HPGD/GAPDH_PI16"
"896",1356,1356,"CD4+NME1+CCR4- T_CD4+TIMP1+ Tm","CD4+NME1+CCR4- T","CD4+TIMP1+ Tm",27,1,0.081,0.999999929816993,1,1,"HMGB1_VIM","PHF5A_LMO4/IL2RA_LMO4/ACTG1_LMO4/GAPDH_LMO4/PKM_LMO4/ENO1_FLT3LG/SUB1_FLT3LG/GPI_FLT3LG/ACTG1_FLT3LG/GAPDH_FLT3LG/ENO1_CD40LG/GPI_CD40LG/PKM_S100A11/ENO1_S100A10/HMGA1_S100A10/GPI_S100A10/IL2RA_S100A10/GAPDH_S100A10/TMSB10_S100A10/GAPDH_SH3BGRL3/ENO1_S100A6/IL2RA_S100A6/GAPDH_S100A6/HMGB1_VIM/ENO1_CAPG/GAPDH_CAPG/TMSB10_CAPG"
"1141",1357,1357,"CD8+GZMK+ Tex_CD4+CCR6+ Th17","CD8+GZMK+ Tex","CD4+CCR6+ Th17",33,2,0.133,0.999999948487331,1,1,"LYST_ANXA1/CD27_VIM","PRDM1_HOPX/TNFSF4_HOPX/NAMPT_HOPX/NAMPT_ZFP36L2/NAMPT_TNFSF13B/HAVCR2_TNFSF13B/TNFSF4_CD40LG/NAMPT_CD40LG/HAVCR2_CD40LG/TNFRSF9_CD40LG/TSC22D1_FLT3LG/PRDM1_FLT3LG/TRPS1_FLT3LG/TNFRSF9_FLT3LG/TNFRSF9_CCR6/TRPS1_GPR35/LYST_ANXA1/NAMPT_KLRB1/CD27_VIM/TRPS1_FKBP11/TNFSF4_CAPG/HAVCR2_CAPG/TOX_ABCB1/TSC22D1_ABCB1/PRDM1_ABCB1/TRPS1_ABCB1/CCL3_ABCB1/CCL3L3_ABCB1/TNFSF4_ABCB1/NAMPT_ABCB1/VCAM1_ABCB1/TRPS1_DPP4/NAMPT_DPP4"
"1358",1358,1357,"CD4+IL21+ Tfh_CD4+S1PR1+ Treg","CD4+IL21+ Tfh","CD4+S1PR1+ Treg",33,2,0.133,0.999999948487331,1,1,"IL21_IKZF2/CXCR5_IL32","IL21_IKZF2/CD200_IKZF2/IGFL2_IKZF2/IGFL2_KLF2/PDE7B_KLF2/IGFL2_LEF1/NR3C1_KLF3/TOX2_KLF3/RBPJ_KLF3/GNG4_KLF3/CD200_KLF3/NMB_KLF3/CXCR5_IL32/NR3C1_FLT3LG/TOX2_FLT3LG/RBPJ_FLT3LG/CD200_FLT3LG/IGFL2_FLT3LG/NR3C1_CCR10/CD200_SAMHD1/CD200_TTN/NR3C1_HPGD/TOX_HPGD/RBPJ_HPGD/TNFSF4_HPGD/LIF_HPGD/CD200_HPGD/NMB_HPGD/IGFL2_HPGD/NR3C1_PI16/CD200_PI16/NMB_PI16/IGFL2_PI16"
"218",1359,1359,"CD4+CREM+ Tm_CD8+Temra","CD4+CREM+ Tm","CD8+Temra",39,3,0.169,0.999999974531311,1,1,"ZFP36L2_GNLY/ZFP36L2_PRSS23/GPR35_FCGR3A","CREM_ASCL2/AREG_ASCL2/FTH1_ASCL2/SRGN_ASCL2/CREM_KLF2/TGFB1_KLF2/SRGN_KLF2/ANXA1_KLF2/CREM_KLF3/ZNF331_KLF3/NR4A2_KLF3/AREG_KLF3/SRGN_KLF3/TNFAIP3_KLF3/ANXA1_KLF3/SRGN_GZMM/TNFAIP3_GZMM/AREG_CX3CR1/ZFP36_CX3CR1/FTH1_CX3CR1/TNFAIP3_CX3CR1/FTH1_CMKLR1/CREM_FGFBP2/AREG_FGFBP2/SRGN_FGFBP2/GPR35_FCGR3A/ZFP36L2_PRSS23/PTGER4_PRSS23/ZFP36L2_GNLY/GPR35_GNLY/AREG_FGR/SRGN_FGR/CREM_C1orf21/ZNF331_C1orf21/NR4A2_C1orf21/AREG_C1orf21/FTH1_C1orf21/SRGN_C1orf21/TNFAIP3_C1orf21"
"1359",1360,1360,"CD4+IFNG+ Tfh/Th1_CD4+S1PR1+ Treg","CD4+IFNG+ Tfh/Th1","CD4+S1PR1+ Treg",29,1,0.076,0.999999979355025,1,1,"IL21_IKZF2","IL21_IKZF2/PDE7B_KLF2/ZEB2_KLF3/RBPJ_KLF3/CCL3_KLF3/FAM3C_KLF3/PTMS_KLF3/RBPJ_FLT3LG/LAG3_FLT3LG/PTMS_FLT3LG/PTMS_CCR10/CCL4_CCR4/BHLHE40_CCDC141/CCL4_CCDC141/ZBED2_HPGD/BHLHE40_HPGD/RBPJ_HPGD/CCL4_HPGD/GZMB_HPGD/CCL3_HPGD/CCL5_HPGD/HAVCR2_HPGD/KRT86_HPGD/ZBED2_PI16/ZEB2_PI16/BHLHE40_PI16/CCL4_PI16/FAM3C_PI16/PTMS_PI16"
"954",1361,1361,"CD4+CXCR5+ pre-Tfh_CD4+CCL5+ Tm","CD4+CXCR5+ pre-Tfh","CD4+CCL5+ Tm",48,5,0.229,0.999999979861768,1,1,"CD40LG_NR4A2/TNFSF8_NR4A2/TSHZ2_NR4A2/SESN3_NR4A2/CCR4_CCL4","NR4A2_ZFP36L2/AREG_ZFP36L2/SLC2A3_ZFP36L2/SH3TC1_ZFP36L2/PABPC1_ZFP36L2/AREG_HOPX/SLC2A3_HOPX/NR3C1_ID2/AREG_ID2/SLC2A3_ID2/MBP_ID2/AREG_BHLHE40/TSHZ2_NR4A2/TNFSF8_NR4A2/CD40LG_NR4A2/SESN3_NR4A2/SLC2A3_NR4A2/SLC2A3_CCL5/SLC2A3_GZMA/AREG_XCL1/SLC2A3_XCL1/NR4A2_CD40LG/AREG_CD40LG/SLC2A3_CD40LG/PABPC1_CD40LG/CCR4_CCL4/AREG_XCL2/AREG_IFNG/SLC2A3_IFNG/SLC2A3_IL7R/AREG_IFNGR1/AREG_IL18RAP/AREG_GLUL/AREG_ITGA1/SLC2A3_ITGA1/AREG_PARP8/SLC2A3_PARP8/NR3C1_PTGER4/AREG_PTGER4/PASK_PTGER4/SLC2A3_PTGER4/IFITM1_PTGER4/AREG_CD69/SLC2A3_CD69/SLC2A3_ZFP36/AREG_CD99/SLC2A3_CD99/SLC2A3_CLU"
"1339",1362,1362,"CD8+TCF7+ Tex_CD4+S1PR1+ Treg","CD8+TCF7+ Tex","CD4+S1PR1+ Treg",30,1,0.073,0.99999998880492,1,1,"EBI3_CD74","TNFRSF4_FOXP3/CD200_IKZF2/IGFL2_IKZF2/IGFL2_KLF2/IGFL2_LEF1/NR3C1_KLF3/CD200_KLF3/GNG4_KLF3/NMB_KLF3/NR3C1_FLT3LG/CD200_FLT3LG/IGFL2_FLT3LG/IGFBP4_FLT3LG/NR3C1_CCR10/TNFRSF4_CCR10/EBI3_CD74/CD200_SAMHD1/CD200_TTN/TNFRSF4_CCDC141/NR3C1_HPGD/TOX_HPGD/CD200_HPGD/TNFRSF4_HPGD/IGFL2_HPGD/NMB_HPGD/NR3C1_PI16/CD200_PI16/TNFRSF4_PI16/IGFL2_PI16/NMB_PI16"
"1147",1363,1363,"CD8+NME1+ T_CD4+CCR6+ Th17","CD8+NME1+ T","CD4+CCR6+ Th17",45,4,0.195,0.999999989340693,1,1,"MYB_IFNGR1/MYB_MYBL1/MXD3_IL4I1/HMGB1_VIM","CXCR3_BHLHE40/GAPDH_ZFP36L2/MYB_MYBL1/GAPDH_RORA/ENO1_TNFSF13B/ENO1_CD40LG/GPI_CD40LG/ENO1_FLT3LG/GPI_FLT3LG/ACTG1_FLT3LG/GAPDH_FLT3LG/KIF20A_FLT3LG/ENO1_CCR6/GPI_CCR6/GAPDH_CCR6/MYB_IFNGR1/ENO1_GPR35/GPI_GPR35/GAPDH_GPR35/ENO1_KLRB1/GPI_KLRB1/MXD3_IL4I1/CXCR3_IL4I1/HMGB1_VIM/ENO1_FKBP11/ENO1_CAPG/GAPDH_CAPG/ENO1_ABCB1/HMGA1_ABCB1/GTF3A_ABCB1/MXD3_ABCB1/HMGB1_ABCB1/GPI_ABCB1/CKLF_ABCB1/MND1_ABCB1/ACTG1_ABCB1/CENPA_ABCB1/KIFC1_ABCB1/SKA3_ABCB1/GAPDH_ABCB1/GAPDH_TPT1/ENO1_DPP4/GPI_DPP4/GAPDH_DPP4/KIF20A_DPP4"
"205",1364,1364,"CD8+terminal Tex_CD8+Temra","CD8+terminal Tex","CD8+Temra",36,2,0.122,0.999999991074484,1,1,"ENTPD1_GNLY/DUSP4_GNLY","RBPJ_ASCL2/ETV1_ASCL2/TOX2_ASCL2/NAMPT_ASCL2/IL2RA_ASCL2/LAYN_ASCL2/RBPJ_KLF3/ETV1_KLF3/TOX2_KLF3/FAM3C_KLF3/CSF1_KLF3/CCL3_KLF3/NAMPT_KLF3/CSF1_TBX21/CD70_TBX21/NAMPT_TBX21/GZMB_GZMH/RBPJ_CX3CR1/TOX_CX3CR1/TOX2_CX3CR1/CD70_CX3CR1/NAMPT_CX3CR1/TNFRSF9_CX3CR1/CD70_FGFBP2/NAMPT_FGFBP2/ENTPD1_GNLY/DUSP4_GNLY/HAVCR2_FGR/RBPJ_C1orf21/TOX_C1orf21/TOX2_C1orf21/TNFSF4_C1orf21/CD70_C1orf21/LAYN_C1orf21/ENTPD1_C1orf21/KRT86_C1orf21"
"335",1365,1364,"CD4+CREM+ Tm_CD8+ZNF683+CXCR6+ Trm","CD4+CREM+ Tm","CD8+ZNF683+CXCR6+ Trm",36,2,0.122,0.999999991074484,1,1,"PTGER4_RBPJ/PTGER4_IL32","CREM_HOPX/AREG_HOPX/SRGN_HOPX/AREG_ID2/SRGN_ID2/TNFAIP3_ID2/ANXA1_ID2/NR4A2_ZFP36L2/AREG_ZFP36L2/TNFAIP3_ZFP36L2/PTGER4_RBPJ/PTGER4_IL32/AREG_XCL1/AREG_XCL2/AREG_CXCR6/TNFAIP3_CXCR6/CREM_CXCR3/NR4A2_CXCR3/AREG_CXCR3/TNFAIP3_CXCR3/AREG_CAPG/SRGN_CAPG/AREG_TMSB4X/SRGN_TMSB4X/ANXA1_TMSB4X/AREG_LGALS3/FTH1_LGALS3/SRGN_LGALS3/AREG_CD52/SRGN_CD52/AREG_ITGA1/CREM_LDLRAD4/NR4A2_LDLRAD4/AREG_LDLRAD4/SRGN_LDLRAD4/TNFAIP3_LDLRAD4"
"869",1366,1366,"CD8+terminal Tex_CD4+TIMP1+ Tm","CD8+terminal Tex","CD4+TIMP1+ Tm",32,1,0.069,0.999999996709241,1,1,"ENTPD1_VIM","TNFSF4_HOPX/NAMPT_HOPX/NAMPT_LMO4/IL2RA_LMO4/HAVCR2_LMO4/TNFRSF18_LMO4/RBPJ_FLT3LG/TOX2_FLT3LG/CSF1_FLT3LG/CD70_FLT3LG/TNFRSF9_FLT3LG/GEM_FLT3LG/TNFSF4_CD40LG/GZMB_CD40LG/CSF1_CD40LG/NAMPT_CD40LG/TNFRSF9_CD40LG/HAVCR2_CD40LG/TNFSF4_S100A11/NAMPT_S100A10/IL2RA_S100A10/HAVCR2_S100A10/GZMB_CD52/NAMPT_CD52/HAVCR2_CD52/TNFSF4_S100A6/GZMB_S100A6/FASLG_S100A6/IL2RA_S100A6/ENTPD1_VIM/TNFSF4_CAPG/HAVCR2_CAPG"
"798",1367,1367,"CD4+CXCR5+ pre-Tfh_CD4+TNF+ T","CD4+CXCR5+ pre-Tfh","CD4+TNF+ T",38,2,0.115,0.999999997237838,1,1,"CD40LG_LCP2/CCR4_CCL4","AREG_HOPX/SLC2A3_HOPX/NR3C1_ID2/AREG_ID2/SLC2A3_ID2/MBP_ID2/NR4A2_CD40LG/AREG_CD40LG/SLC2A3_CD40LG/PABPC1_CD40LG/SLC2A3_CCL5/SLC2A3_GZMA/AREG_IFNG/SLC2A3_IFNG/CCR4_CCL4/AREG_FASLG/SLC2A3_FASLG/AREG_CCR2/SLC2A3_CCR2/NR3C1_CXCR3/NR4A2_CXCR3/AREG_CXCR3/SLC2A3_CXCR3/PABPC1_CXCR3/AREG_CD52/SLC2A3_CD52/SLC2A3_SH3BGRL3/AREG_MYL12A/SLC2A3_MYL12A/AREG_SIT1/SLC2A3_SIT1/AREG_CAPG/AREG_CD69/SLC2A3_CD69/AREG_CD99/SLC2A3_CD99/CD40LG_LCP2/SLC2A3_LCP2"
"1415",1368,1367,"CD8+terminal Tex_CD4+ISG+ Treg","CD8+terminal Tex","CD4+ISG+ Treg",38,2,0.115,0.999999997237838,1,1,"CXCR6_CD70/KRT86_CD70","FAM3C_ETV7/GZMB_ETV7/NAMPT_ETV7/CD74_ETV7/HAVCR2_ETV7/NAMPT_BATF/RBPJ_TNFSF10/NAMPT_TNFSF10/TNFSF4_IL1RN/NAMPT_IL1RN/HAVCR2_IL1RN/RBPJ_IL7/TOX2_IL7/CCL3_IL7/NAMPT_IL7/ENTPD1_IL7/HAVCR2_IL7/CXCR6_CD70/KRT86_CD70/NAMPT_TNFSF13B/HAVCR2_TNFSF13B/GZMB_IFIT1/GZMB_OAS1/CD70_OAS1/NAMPT_OAS1/HAVCR2_OAS1/RBPJ_MX1/TOX2_MX1/GZMB_MX1/NAMPT_MX1/IL2RA_MX1/HAVCR2_MX1/IL2RA_USP18/RBPJ_IFI6/NAMPT_IFI6/IL2RA_IFI6/HAVCR2_IFI6/GZMB_IFIT3"
"329",1369,1369,"CD4+CXCR5+ pre-Tfh_CD8+ZNF683+CXCR6+ Trm","CD4+CXCR5+ pre-Tfh","CD8+ZNF683+CXCR6+ Trm",43,3,0.153,0.99999999734146,1,1,"CD40LG_GZMB/CD40LG_ZNF683/CXCR5_IL32","CD40LG_ZNF683/SLC2A3_ZNF683/AREG_HOPX/SLC2A3_HOPX/NR3C1_ID2/AREG_ID2/SLC2A3_ID2/MBP_ID2/NR4A2_ZFP36L2/AREG_ZFP36L2/SLC2A3_ZFP36L2/SH3TC1_ZFP36L2/PABPC1_ZFP36L2/CXCR5_IL32/SLC2A3_IL32/CD40LG_GZMB/AREG_XCL1/SLC2A3_XCL1/SLC2A3_CCL5/SLC2A3_GZMA/AREG_XCL2/NR3C1_CXCR6/AREG_CXCR6/SLC2A3_CXCR6/NR3C1_CXCR3/NR4A2_CXCR3/AREG_CXCR3/SLC2A3_CXCR3/PABPC1_CXCR3/AREG_CAPG/AREG_TMSB4X/SLC2A3_S100A4/AREG_LGALS3/SLC2A3_LGALS3/SLC2A3_SH3BGRL3/AREG_CD52/SLC2A3_CD52/AREG_ITGA1/SLC2A3_ITGA1/NR3C1_LDLRAD4/NR4A2_LDLRAD4/AREG_LDLRAD4/SLC2A3_LDLRAD4"
"554",1370,1370,"CD8+KIR+TXK+ NK-like_CD8+Tc17","CD8+KIR+TXK+ NK-like","CD8+Tc17",57,6,0.231,0.999999998522064,1,1,"FAM3C_ADAM12/B3GNT7_ADAM12/B3GNT7_RORA/B3GNT7_IL18RAP/B3GNT7_IL4I1/HOPX_ADAM12","AREG_RORC/FOSL2_ZBTB16/REL_ZBTB16/AREG_ZBTB16/IL32_ZBTB16/KLRC2_ZBTB16/KLRC3_ZBTB16/LAT2_ZBTB16/AREG_RORA/B3GNT7_RORA/AREG_CD40LG/AREG_TNFSF13B/AREG_IL26/AREG_FLT3LG/AREG_IL23A/AREG_CCR6/IKZF2_IL23R/FOSL2_IL23R/REL_IL23R/AREG_IL23R/IL2RB_IL23R/KLRC3_IL23R/LAT2_IL23R/IKZF2_IL17RE/HOPX_IL17RE/FOSL2_IL17RE/REL_IL17RE/AREG_IL17RE/FAM3C_IL17RE/KIR2DL4_IL17RE/TYROBP_IL17RE/KLRC3_IL17RE/LAT2_IL17RE/AREG_IL18RAP/B3GNT7_IL18RAP/AREG_SLC4A10/AREG_TMIGD2/B3GNT7_IL4I1/AREG_NCR3/FOSL2_LTK/AREG_LTK/IKZF2_CA2/REL_CA2/AREG_CA2/FAM3C_CA2/IL32_CA2/IL2RB_CA2/IL12RB2_CA2/KIR3DL2_CA2/KIR2DL4_CA2/TYROBP_CA2/KLRC2_CA2/KLRC3_CA2/LAT2_CA2/HOPX_ADAM12/FAM3C_ADAM12/B3GNT7_ADAM12"
"1149",1371,1371,"CD4+CXCR5+ pre-Tfh_CD4+CCR6+ Th17","CD4+CXCR5+ pre-Tfh","CD4+CCR6+ Th17",49,4,0.179,0.999999998818206,1,1,"CXCR5_MYBL1/CD40LG_IL4I1/CXCR4_IL4I1/TNFSF8_IL4I1","AREG_BHLHE40/AREG_HOPX/SLC2A3_HOPX/NR4A2_ZFP36L2/AREG_ZFP36L2/SLC2A3_ZFP36L2/SH3TC1_ZFP36L2/PABPC1_ZFP36L2/CXCR5_MYBL1/AREG_RORA/SLC2A3_RORA/AREG_TNFSF13B/SLC2A3_TNFSF13B/NR4A2_CD40LG/AREG_CD40LG/SLC2A3_CD40LG/PABPC1_CD40LG/SLC2A3_CCL5/AREG_TIMP1/NR3C1_FLT3LG/AREG_FLT3LG/PASK_FLT3LG/SLC2A3_FLT3LG/PABPC1_FLT3LG/SLC2A3_IL7R/AREG_CCR6/SLC2A3_CCR6/AREG_IFNGR1/NR4A2_GPR35/AREG_GPR35/SLC2A3_GPR35/SLC2A3_KLRB1/TNFSF8_IL4I1/CD40LG_IL4I1/CXCR4_IL4I1/SLC2A3_FKBP11/AREG_CAPG/NR3C1_ABCB1/NR4A2_ABCB1/TNFSF8_ABCB1/AREG_ABCB1/SLC2A3_ABCB1/MBP_ABCB1/SH3TC1_ABCB1/PABPC1_ABCB1/AREG_TPT1/SLC2A3_TPT1/NR4A2_DPP4/SLC2A3_DPP4"
"17",1372,1372,"CD4+CXCR5+ pre-Tfh_CD8+Tn","CD4+CXCR5+ pre-Tfh","CD8+Tn",40,2,0.11,0.999999999147836,1,1,"FAAH2_PABPC1/CD40LG_PABPC1","SLC2A3_LEF1/SLC2A3_TCF7/SLC2A3_KLF2/NR3C1_TXK/NR4A2_TXK/AREG_TXK/SLC2A3_TXK/AREG_BACH2/SLC2A3_BACH2/NR3C1_FLT3LG/AREG_FLT3LG/PASK_FLT3LG/SLC2A3_FLT3LG/PABPC1_FLT3LG/NR4A2_TNFSF8/AREG_TNFSF8/SLC2A3_TNFSF8/SLC2A3_CMTM8/AREG_IL23A/AREG_TIMP1/SLC2A3_IL7R/NR4A2_IL6R/AREG_IL6R/SLC2A3_IL6R/PABPC1_IL6R/AREG_IFNGR2/SLC2A3_IFNGR2/AREG_SELL/SLC2A3_SELL/SLC2A3_MAL/AREG_EEF1A1/SLC2A3_EEF1A1/SLC2A3_TRABD2A/AREG_TPT1/SLC2A3_TPT1/SLC2A3_EEF1B2/SLC2A3_NELL2/AREG_NOSIP/CD40LG_PABPC1/FAAH2_PABPC1"
"23",1373,1372,"CD4+CREM+ Tm_CD8+Tn","CD4+CREM+ Tm","CD8+Tn",40,2,0.11,0.999999999147836,1,1,"PTGER4_EEF1B2/ZFP36L2_PABPC1","FTH1_TCF7/TNFAIP3_TCF7/CREM_KLF2/TGFB1_KLF2/SRGN_KLF2/ANXA1_KLF2/CREM_TXK/NR4A2_TXK/AREG_TXK/TNFAIP3_TXK/AREG_BACH2/AREG_FLT3LG/SRGN_FLT3LG/NR4A2_TNFSF8/AREG_TNFSF8/TNFAIP3_TNFSF8/CREM_CMTM8/TNFAIP3_CMTM8/AREG_IL23A/AREG_TIMP1/NR4A2_IL6R/AREG_IL6R/FTH1_IL6R/SRGN_IL6R/TNFAIP3_IL6R/ANXA1_IL6R/AREG_IFNGR2/TNFAIP3_IFNGR2/AREG_SELL/AREG_EEF1A1/CREM_TPT1/AREG_TPT1/SRGN_TPT1/TNFAIP3_TPT1/FTH1_EEF1B2/SRGN_EEF1B2/PTGER4_EEF1B2/AREG_NOSIP/SRGN_NOSIP/ZFP36L2_PABPC1"
"993",1374,1372,"CD4+CXCR5+ pre-Tfh_CD4+CAPG+ Tm","CD4+CXCR5+ pre-Tfh","CD4+CAPG+ Tm",40,2,0.11,0.999999999147836,1,1,"CD40LG_TGFB1/CXCR5_IL32","AREG_HOPX/SLC2A3_HOPX/AREG_BHLHE40/NR3C1_ID2/AREG_ID2/SLC2A3_ID2/MBP_ID2/AREG_PPARG/SLC2A3_GZMA/SLC2A3_CCL5/AREG_TIMP1/CXCR5_IL32/SLC2A3_IL32/CD40LG_TGFB1/SLC2A3_TGFB1/NR4A2_CD40LG/AREG_CD40LG/SLC2A3_CD40LG/PABPC1_CD40LG/AREG_HMGB1/SLC2A3_HMGB1/NR3C1_CXCR3/NR4A2_CXCR3/AREG_CXCR3/SLC2A3_CXCR3/PABPC1_CXCR3/AREG_CD74/NR3C1_CXCR6/AREG_CXCR6/SLC2A3_CXCR6/SLC2A3_SH3BGRL3/AREG_TMSB4X/AREG_CAPG/AREG_CD52/SLC2A3_CD52/AREG_PFN1/AREG_S100A11/SLC2A3_S100A4/NR3C1_COTL1/SLC2A3_COTL1"
"1202",1375,1372,"CD4+IFNG+ Tfh/Th1_CD4+IL26+ Th17","CD4+IFNG+ Tfh/Th1","CD4+IL26+ Th17",40,2,0.11,0.999999999147836,1,1,"MYO7A_ANKRD28/IL21_ANKRD28","BHLHE40_ID2/RBPJ_ID2/HAVCR2_ID2/PTMS_ID2/HAVCR2_TNFSF13B/ZEB2_CD40LG/GZMB_CD40LG/HAVCR2_CD40LG/BHLHE40_IL22/RBPJ_IL22/BHLHE40_CCR6/ZEB2_IL23R/BHLHE40_IL23R/RBPJ_IL23R/CCL3_IL23R/CXCR6_IL23R/CD4_IL23R/LAG3_IL23R/HAVCR2_IL23R/CCL4L2_IL23R/ZBED2_IL17RE/ZEB2_IL17RE/BHLHE40_IL17RE/RBPJ_IL17RE/IFNG_IL17RE/CCL3_IL17RE/FAM3C_IL17RE/LAG3_IL17RE/HAVCR2_IL17RE/KRT86_IL17RE/MYO7A_IL17RE/PTMS_IL17RE/BHLHE40_KLRB1/BHLHE40_CTSH/HAVCR2_CTSH/RBPJ_CA10/HAVCR2_CAPG/HAVCR2_MGAT4A/IL21_ANKRD28/MYO7A_ANKRD28"
"725",1376,1376,"CD4+CREM+ Tm_CD4+ADSL+ Tn","CD4+CREM+ Tm","CD4+ADSL+ Tn",35,1,0.063,0.999999999476029,1,1,"PTGER4_PASK","FTH1_TCF7/TNFAIP3_TCF7/CREM_TXK/NR4A2_TXK/AREG_TXK/TNFAIP3_TXK/CREM_KLF2/TGFB1_KLF2/SRGN_KLF2/ANXA1_KLF2/AREG_MYC/TNFAIP3_IL16/CREM_CMTM8/TNFAIP3_CMTM8/NR4A2_IL6R/AREG_IL6R/FTH1_IL6R/SRGN_IL6R/TNFAIP3_IL6R/ANXA1_IL6R/AREG_IL6ST/PTGER4_PASK/AREG_SELL/AREG_LDHB/AREG_LIMS2/CREM_ANKRD55/NR4A2_ANKRD55/TGFB1_ANKRD55/AREG_ANKRD55/SRGN_ANKRD55/TNFAIP3_ANKRD55/AREG_NOSIP/SRGN_NOSIP/CREM_DGKA/AREG_DGKA"
"581",1377,1377,"CD4+TNFRSF9+ Treg_CD8+Tc17","CD4+TNFRSF9+ Treg","CD8+Tc17",82,12,0.321,0.999999999575349,1,1,"CARD16_CEBPD/BATF_CEBPD/IL1RN_ADAM12/IL7_ADAM12/IL1RN_IL23A/LTA_IL4I1/FOXP3_IL4I1/CCL22_IL4I1/IL7_CEBPD/LAYN_ADAM12/ZBTB32_IL4I1/IL7_IL4I1","FOXP3_ZBTB16/IL32_ZBTB16/NAMPT_ZBTB16/CSF1_ZBTB16/IL2RA_ZBTB16/CCR8_ZBTB16/TNFRSF9_ZBTB16/TNFRSF4_ZBTB16/BATF_CEBPD/IL7_CEBPD/CARD16_CEBPD/NAMPT_CD40LG/CSF1_CD40LG/TNFRSF9_CD40LG/TNFRSF4_CD40LG/PMAIP1_CD40LG/NAMPT_TNFSF13B/PMAIP1_TNFSF13B/TNFRSF9_IL26/TNFRSF4_IL26/PMAIP1_IL26/CSF1_FLT3LG/CD70_FLT3LG/TNFRSF9_FLT3LG/PMAIP1_FLT3LG/IL1RN_IL23A/TNFRSF9_CCR6/IKZF2_IL23R/NAMPT_IL23R/CSF1_IL23R/CD70_IL23R/IL2RB_IL23R/TNFRSF9_IL23R/TNFRSF4_IL23R/BATF_IL17RE/IKZF2_IL17RE/IKZF4_IL17RE/ZBTB32_IL17RE/NAMPT_IL17RE/CSF1_IL17RE/CD70_IL17RE/IL2RA_IL17RE/IL1R2_IL17RE/LAYN_IL17RE/TNFRSF18_IL17RE/TNFRSF9_IL17RE/TNFRSF4_IL17RE/PMAIP1_IL17RE/NAMPT_KLRB1/TNFRSF4_KLRB1/PMAIP1_KLRB1/CD70_TMIGD2/TNFRSF4_TMIGD2/PMAIP1_TMIGD2/FOXP3_IL4I1/ZBTB32_IL4I1/CCL22_IL4I1/LTA_IL4I1/IL7_IL4I1/CD70_NCR3/TNFRSF4_NCR3/TNFRSF4_LTK/FOXP3_CA2/IKZF2_CA2/IKZF4_CA2/ZBTB32_CA2/IL32_CA2/NAMPT_CA2/CSF1_CA2/CD70_CA2/IL2RA_CA2/IL2RB_CA2/CD74_CA2/TNFRSF18_CA2/TNFRSF9_CA2/TIGIT_CA2/TNFRSF4_CA2/TBC1D4_CA2/PMAIP1_CA2/IL1RN_ADAM12/IL7_ADAM12/LAYN_ADAM12"
"647",1378,1378,"CD4+CREM+ Tm_CD4+Tn","CD4+CREM+ Tm","CD4+Tn",36,1,0.061,0.999999999716074,1,1,"PTGER4_EEF1B2","FTH1_TCF7/TNFAIP3_TCF7/CREM_TXK/NR4A2_TXK/AREG_TXK/TNFAIP3_TXK/CREM_KLF2/TGFB1_KLF2/SRGN_KLF2/ANXA1_KLF2/CREM_SCML1/AREG_SCML1/FTH1_SCML1/AREG_EEF1A1/AREG_SELL/FTH1_EEF1B2/SRGN_EEF1B2/PTGER4_EEF1B2/AREG_PLAC8/FTH1_PLAC8/CREM_TPT1/AREG_TPT1/SRGN_TPT1/TNFAIP3_TPT1/CREM_GIMAP7/AREG_GIMAP7/SRGN_GIMAP7/TNFAIP3_GIMAP7/YPEL5_GIMAP7/CREM_LINC00861/AREG_LINC00861/TNFAIP3_LINC00861/CREM_FHIT/NR4A2_FHIT/AREG_FHIT/TNFAIP3_FHIT"
"584",1379,1379,"CD4+NME1+CCR4- T_CD8+Tc17","CD4+NME1+CCR4- T","CD8+Tc17",73,9,0.27,0.999999999838634,1,1,"MEOX1_ADAM12/MEOX1_TNF/MEOX1_IL18RAP/MEOX1_NR1D1/CKLF_ADAM12/MEOX1_KLRB1/CORO1A_IL4I1/MEOX1_IL4I1/MEOX1_SLC4A10","ENO1_ZBTB16/GPI_ZBTB16/IL2RA_ZBTB16/GAPDH_ZBTB16/PKM_ZBTB16/GAPDH_RORA/MEOX1_NR1D1/ENO1_CD40LG/GPI_CD40LG/ENO1_TNFSF13B/ENO1_IL26/ENO1_FLT3LG/SUB1_FLT3LG/GPI_FLT3LG/ACTG1_FLT3LG/GAPDH_FLT3LG/MEOX1_TNF/ENO1_CCR6/GPI_CCR6/GAPDH_CCR6/ENO1_IL23R/SUB1_IL23R/GPI_IL23R/ACTB_IL23R/ACTG1_IL23R/GAPDH_IL23R/ARPC1B_IL23R/ENO1_IL17RE/HMGA1_IL17RE/SUB1_IL17RE/GPI_IL17RE/HMGB1_IL17RE/CKLF_IL17RE/IL2RA_IL17RE/ACTB_IL17RE/PFN1_IL17RE/ACTG1_IL17RE/GAPDH_IL17RE/PKM_IL17RE/CFL1_IL17RE/TMSB10_IL17RE/ARPC1B_IL17RE/CORO1A_IL17RE/MEOX1_IL18RAP/MEOX1_SLC4A10/ENO1_KLRB1/MEOX1_KLRB1/GPI_KLRB1/ENO1_TMIGD2/GPI_TMIGD2/GAPDH_TMIGD2/MEOX1_IL4I1/CORO1A_IL4I1/ENO1_NCR3/GPI_NCR3/ENO1_CA2/HMGA1_CA2/SUB1_CA2/PHF5A_CA2/GPI_CA2/HMGB1_CA2/IL2RA_CA2/ACTB_CA2/PFN1_CA2/ACTG1_CA2/GAPDH_CA2/PKM_CA2/CFL1_CA2/TMSB10_CA2/ARPC1B_CA2/GAPDH_ME1/MEOX1_ADAM12/CKLF_ADAM12"
"881",1380,1380,"CD4+CREM+ Tm_CD4+TIMP1+ Tm","CD4+CREM+ Tm","CD4+TIMP1+ Tm",37,1,0.059,0.999999999846166,1,1,"GPR35_VIM","CREM_KLF2/TGFB1_KLF2/SRGN_KLF2/ANXA1_KLF2/CREM_HOPX/AREG_HOPX/SRGN_HOPX/CREM_LMO4/AREG_LMO4/FTH1_LMO4/SRGN_LMO4/TNFAIP3_LMO4/YPEL5_LMO4/AREG_TIMP1/AREG_FLT3LG/SRGN_FLT3LG/CREM_CD40LG/NR4A2_CD40LG/TGFB1_CD40LG/AREG_CD40LG/FTH1_CD40LG/SRGN_CD40LG/TNFAIP3_CD40LG/AREG_S100A11/FTH1_S100A11/NR4A2_S100A10/AREG_S100A10/SRGN_S100A10/ANXA1_S100A10/AREG_CD52/SRGN_CD52/CREM_S100A6/AREG_S100A6/SRGN_S100A6/GPR35_VIM/AREG_CAPG/SRGN_CAPG"
"1142",1381,1380,"CD8+terminal Tex_CD4+CCR6+ Th17","CD8+terminal Tex","CD4+CCR6+ Th17",37,1,0.059,0.999999999846166,1,1,"ENTPD1_VIM","TNFSF4_HOPX/NAMPT_HOPX/CSF1_ZFP36L2/CD70_ZFP36L2/NAMPT_ZFP36L2/NAMPT_TNFSF13B/HAVCR2_TNFSF13B/TNFSF4_CD40LG/GZMB_CD40LG/CSF1_CD40LG/NAMPT_CD40LG/TNFRSF9_CD40LG/HAVCR2_CD40LG/RBPJ_FLT3LG/TOX2_FLT3LG/CSF1_FLT3LG/CD70_FLT3LG/TNFRSF9_FLT3LG/GEM_FLT3LG/TNFRSF9_CCR6/NAMPT_KLRB1/ENTPD1_VIM/TNFSF4_CAPG/HAVCR2_CAPG/RBPJ_ABCB1/TOX_ABCB1/TOX2_ABCB1/TNFSF4_ABCB1/CCL3_ABCB1/CD70_ABCB1/NAMPT_ABCB1/IL2RA_ABCB1/LAYN_ABCB1/ENTPD1_ABCB1/KRT86_ABCB1/TNFRSF18_ABCB1/NAMPT_DPP4"
"1032",1382,1382,"CD4+CXCR5+ pre-Tfh_CD4+CAPG+CREM- Tm","CD4+CXCR5+ pre-Tfh","CD4+CAPG+CREM- Tm",48,3,0.137,0.999999999846305,1,1,"CD40LG_GZMB/CD40LG_ZNF683/CCR4_CCL4","AREG_HOPX/SLC2A3_HOPX/NR3C1_ID2/AREG_ID2/SLC2A3_ID2/MBP_ID2/AREG_BHLHE40/NR4A2_ZFP36L2/AREG_ZFP36L2/SLC2A3_ZFP36L2/SH3TC1_ZFP36L2/PABPC1_ZFP36L2/CD40LG_ZNF683/SLC2A3_ZNF683/SLC2A3_CCL5/SLC2A3_GZMA/CCR4_CCL4/CD40LG_GZMB/AREG_IFNG/SLC2A3_IFNG/AREG_XCL1/SLC2A3_XCL1/NR4A2_CD40LG/AREG_CD40LG/SLC2A3_CD40LG/PABPC1_CD40LG/NR3C1_CXCR3/NR4A2_CXCR3/AREG_CXCR3/SLC2A3_CXCR3/PABPC1_CXCR3/AREG_IFNGR1/NR3C1_CXCR6/AREG_CXCR6/SLC2A3_CXCR6/AREG_IL18RAP/NR4A2_GPR35/AREG_GPR35/SLC2A3_GPR35/SLC2A3_SH3BGRL3/AREG_CAPG/AREG_CD52/SLC2A3_CD52/AREG_CD99/SLC2A3_CD99/AREG_TMSB4X/SLC2A3_S100A4/SLC2A3_CLU"
"1208",1383,1383,"CD4+NME1+CCR4- T_CD4+IL26+ Th17","CD4+NME1+CCR4- T","CD4+IL26+ Th17",62,6,0.212,0.999999999895216,1,1,"MEOX1_ANKRD28/MEOX1_TNFSF14/MEOX1_GZMA/MEOX1_KLRB1/CORO1A_IL4I1/MEOX1_IL4I1","GAPDH_RORA/ENO1_ID2/SUB1_ID2/GPI_ID2/GAPDH_ID2/ENO1_IL26/ENO1_TNFSF13B/ENO1_CD40LG/GPI_CD40LG/MEOX1_GZMA/ENO1_IL22/GPI_IL22/GAPDH_IL22/ENO1_TNFSF14/MEOX1_TNFSF14/ENO1_CXCR6/GAPDH_CXCR6/ENO1_CCR6/GPI_CCR6/GAPDH_CCR6/ENO1_IL23R/SUB1_IL23R/GPI_IL23R/ACTB_IL23R/ACTG1_IL23R/GAPDH_IL23R/ARPC1B_IL23R/ENO1_IL17RE/HMGA1_IL17RE/SUB1_IL17RE/GPI_IL17RE/HMGB1_IL17RE/CKLF_IL17RE/IL2RA_IL17RE/ACTB_IL17RE/PFN1_IL17RE/ACTG1_IL17RE/GAPDH_IL17RE/PKM_IL17RE/CFL1_IL17RE/TMSB10_IL17RE/ARPC1B_IL17RE/CORO1A_IL17RE/ENO1_KLRB1/MEOX1_KLRB1/GPI_KLRB1/GAPDH_CTSH/ENO1_CA10/GAPDH_CA10/ENO1_CAPG/GAPDH_CAPG/TMSB10_CAPG/MEOX1_PTPN13/ENO1_MGAT4A/GAPDH_MGAT4A/GAPDH_ERN1/MEOX1_IL4I1/CORO1A_IL4I1/MEOX1_ANKRD28/ENO1_TMIGD2/GPI_TMIGD2/GAPDH_TMIGD2"
"558",1384,1384,"CD8+OXPHOS- Tex_CD8+Tc17","CD8+OXPHOS- Tex","CD8+Tc17",50,3,0.132,0.999999999951199,1,1,"FAM3C_ADAM12/ENTPD1_ADAM12/LAYN_ADAM12","CSF1_ZBTB16/CCL3_ZBTB16/HAVCR2_ZBTB16/TNFRSF9_ZBTB16/CSF1_CD40LG/HAVCR2_CD40LG/TNFRSF9_CD40LG/HAVCR2_TNFSF13B/TNFRSF9_IL26/PRDM1_FLT3LG/CSF1_FLT3LG/TNFRSF9_FLT3LG/TNFRSF9_CCR6/PRDM1_IL23R/CSF1_IL23R/CCL3_IL23R/HAVCR2_IL23R/TNFRSF9_IL23R/PHLDA1_IL23R/ETV1_IL17RE/PRDM1_IL17RE/CSF1_IL17RE/CCL3_IL17RE/FAM3C_IL17RE/LAYN_IL17RE/HAVCR2_IL17RE/ENTPD1_IL17RE/TNFRSF9_IL17RE/TNFRSF18_IL17RE/PHLDA1_IL17RE/KIR2DL4_IL17RE/PRDM1_TMIGD2/CXCL13_NCR3/HAVCR2_NCR3/PRDM1_LTK/PHLDA1_LTK/ETV1_CA2/PRDM1_CA2/CSF1_CA2/CCL3_CA2/FAM3C_CA2/HAVCR2_CA2/TNFRSF9_CA2/TNFRSF18_CA2/PHLDA1_CA2/TIGIT_CA2/KIR2DL4_CA2/FAM3C_ADAM12/LAYN_ADAM12/ENTPD1_ADAM12"
"1038",1385,1385,"CD4+CREM+ Tm_CD4+CAPG+CREM- Tm","CD4+CREM+ Tm","CD4+CAPG+CREM- Tm",45,2,0.097,0.999999999955485,1,1,"GPR35_BHLHE40/ZFP36L2_BHLHE40","CREM_HOPX/AREG_HOPX/SRGN_HOPX/AREG_ID2/SRGN_ID2/TNFAIP3_ID2/ANXA1_ID2/ZFP36L2_BHLHE40/AREG_BHLHE40/GPR35_BHLHE40/NR4A2_ZFP36L2/AREG_ZFP36L2/TNFAIP3_ZFP36L2/AREG_IFNG/AREG_XCL1/TNFAIP3_GZMK/CREM_CD40LG/NR4A2_CD40LG/TGFB1_CD40LG/AREG_CD40LG/FTH1_CD40LG/SRGN_CD40LG/TNFAIP3_CD40LG/CREM_CXCR3/NR4A2_CXCR3/AREG_CXCR3/TNFAIP3_CXCR3/AREG_IFNGR1/AREG_CXCR6/TNFAIP3_CXCR6/AREG_IL18RAP/CREM_GPR35/NR4A2_GPR35/TGFB1_GPR35/AREG_GPR35/FTH1_GPR35/AREG_CAPG/SRGN_CAPG/AREG_CD52/SRGN_CD52/AREG_CD99/AREG_TMSB4X/SRGN_TMSB4X/ANXA1_TMSB4X/TNFAIP3_CLU"
"1194",1386,1386,"CD4+CREM+ Tm_CD4+IL26+ Th17","CD4+CREM+ Tm","CD4+IL26+ Th17",68,7,0.226,0.999999999961925,1,1,"ZFP36L2_ANKRD28/CXCL16_CEBPD/CXCR4_IL4I1/GPR35_IL4I1/ZFP36L2_IL4I1/CXCL16_IL4I1/ZFP36L2_CEBPD","AREG_RORC/TNFAIP3_RORC/AREG_RORA/ZFP36L2_CEBPD/CXCL16_CEBPD/AREG_ID2/SRGN_ID2/TNFAIP3_ID2/ANXA1_ID2/CREM_IL26/AREG_IL26/SRGN_IL26/AREG_TNFSF13B/CREM_CD40LG/NR4A2_CD40LG/TGFB1_CD40LG/AREG_CD40LG/FTH1_CD40LG/SRGN_CD40LG/TNFAIP3_CD40LG/CREM_IL22/AREG_IL22/AREG_TNFSF14/AREG_CXCR6/TNFAIP3_CXCR6/CREM_CCR6/AREG_CCR6/SRGN_CCR6/CREM_IL23R/ZNF331_IL23R/NR4A2_IL23R/TGFB1_IL23R/AREG_IL23R/SRGN_IL23R/TNFAIP3_IL23R/ANXA1_IL23R/CREM_IL17RE/ZNF331_IL17RE/NR4A2_IL17RE/TGFB1_IL17RE/AREG_IL17RE/CXCL16_IL17RE/IFNGR1_IL17RE/CD44_IL17RE/FTH1_IL17RE/SRGN_IL17RE/FAM177A1_IL17RE/YPEL5_IL17RE/LMNA_IL17RE/ANXA1_IL17RE/CREM_CTSH/AREG_CTSH/SRGN_CTSH/TNFAIP3_CTSH/CREM_CA10/AREG_CA10/AREG_CAPG/SRGN_CAPG/CREM_MGAT4A/AREG_MGAT4A/ZFP36L2_IL4I1/CXCL16_IL4I1/CXCR4_IL4I1/GPR35_IL4I1/ZFP36L2_ANKRD28/TGFB1_TMIGD2/AREG_TMIGD2/FTH1_TMIGD2"
"1344",1387,1387,"CD4+CXCR5+ pre-Tfh_CD4+S1PR1+ Treg","CD4+CXCR5+ pre-Tfh","CD4+S1PR1+ Treg",40,1,0.055,0.99999999997555,1,1,"CXCR5_IL32","AREG_IKZF2/SLC2A3_IKZF2/SLC2A3_KLF2/SLC2A3_LEF1/NR3C1_KLF3/NR4A2_KLF3/LEF1_KLF3/AREG_KLF3/SLC2A3_KLF3/CXCR5_IL32/SLC2A3_IL32/NR3C1_FLT3LG/AREG_FLT3LG/PASK_FLT3LG/SLC2A3_FLT3LG/PABPC1_FLT3LG/SLC2A3_IL10RA/NR3C1_CCR10/SLC2A3_CCR10/AREG_CD74/AREG_RTKN2/AREG_SELL/SLC2A3_SELL/AREG_HLA-DRB1/AREG_TTN/SLC2A3_TTN/FAAH2_CPNE2/AREG_CCDC141/SLC2A3_CCDC141/NR3C1_HPGD/NR4A2_HPGD/AREG_HPGD/SLC2A3_HPGD/FAM177A1_HPGD/MBP_HPGD/NR3C1_PI16/NR4A2_PI16/AREG_PI16/SLC2A3_PI16/SH3TC1_PI16"
"1350",1388,1387,"CD4+CREM+ Tm_CD4+S1PR1+ Treg","CD4+CREM+ Tm","CD4+S1PR1+ Treg",40,1,0.055,0.99999999997555,1,1,"PTGER4_IL32","AREG_IKZF2/TNFAIP3_IKZF2/CREM_KLF2/TGFB1_KLF2/SRGN_KLF2/ANXA1_KLF2/CREM_KLF3/ZNF331_KLF3/NR4A2_KLF3/AREG_KLF3/SRGN_KLF3/TNFAIP3_KLF3/ANXA1_KLF3/PTGER4_IL32/AREG_FLT3LG/SRGN_FLT3LG/TNFAIP3_IL10RA/SRGN_CCR10/TNFAIP3_CCR10/AREG_CD74/AREG_RTKN2/AREG_SELL/AREG_HLA-DRB1/SRGN_SAMHD1/AREG_TTN/AREG_CCDC141/CREM_HPGD/ZNF331_HPGD/NR4A2_HPGD/CCL5_HPGD/AREG_HPGD/SRGN_HPGD/FAM177A1_HPGD/TNFAIP3_HPGD/CREM_PI16/NR4A2_PI16/TGFB1_PI16/AREG_PI16/SRGN_PI16/TNFAIP3_PI16"
"1186",1389,1389,"CD8+NME1+ T_CD4+IL26+ Th17","CD8+NME1+ T","CD4+IL26+ Th17",56,4,0.157,0.999999999976066,1,1,"MYB_CEBPD/MND1_CEBPD/MXD3_IL4I1/MYB_RUNX2","GAPDH_RORA/MYB_CEBPD/MND1_CEBPD/MYB_RUNX2/ENO1_ID2/GPI_ID2/GAPDH_ID2/ENO1_IL26/ENO1_TNFSF13B/ENO1_CD40LG/GPI_CD40LG/ENO1_IL22/GPI_IL22/GAPDH_IL22/ENO1_TNFSF14/ENO1_CXCR6/GAPDH_CXCR6/ENO1_CCR6/GPI_CCR6/GAPDH_CCR6/ENO1_IL23R/GPI_IL23R/ACTB_IL23R/ACTG1_IL23R/GAPDH_IL23R/ENO1_IL17RE/HMGA1_IL17RE/GTF3A_IL17RE/HMGB1_IL17RE/GPI_IL17RE/CKLF_IL17RE/CXCR3_IL17RE/ACTB_IL17RE/MND1_IL17RE/PFN1_IL17RE/ACTG1_IL17RE/SKA3_IL17RE/GAPDH_IL17RE/KIF20A_IL17RE/ENO1_KLRB1/GPI_KLRB1/GAPDH_CTSH/ENO1_CA10/MYB_CA10/GAPDH_CA10/ENO1_CAPG/GAPDH_CAPG/ENO1_MGAT4A/GAPDH_MGAT4A/MYB_ERN1/GAPDH_ERN1/MXD3_IL4I1/CXCR3_IL4I1/ENO1_TMIGD2/GPI_TMIGD2/GAPDH_TMIGD2"
"561",1390,1390,"CD8+NME1+ T_CD8+Tc17","CD8+NME1+ T","CD8+Tc17",64,5,0.171,0.99999999999655,1,1,"MYB_CEBPD/MND1_CEBPD/CKLF_ADAM12/MXD3_IL4I1/MYB_ADAM12","ENO1_ZBTB16/GPI_ZBTB16/GAPDH_ZBTB16/MYB_CEBPD/MND1_CEBPD/GAPDH_RORA/ENO1_CD40LG/GPI_CD40LG/ENO1_TNFSF13B/ENO1_IL26/ENO1_FLT3LG/GPI_FLT3LG/ACTG1_FLT3LG/GAPDH_FLT3LG/KIF20A_FLT3LG/ENO1_CCR6/GPI_CCR6/GAPDH_CCR6/ENO1_IL23R/GPI_IL23R/ACTB_IL23R/ACTG1_IL23R/GAPDH_IL23R/ENO1_IL17RE/HMGA1_IL17RE/GTF3A_IL17RE/HMGB1_IL17RE/GPI_IL17RE/CKLF_IL17RE/CXCR3_IL17RE/ACTB_IL17RE/MND1_IL17RE/PFN1_IL17RE/ACTG1_IL17RE/SKA3_IL17RE/GAPDH_IL17RE/KIF20A_IL17RE/ENO1_KLRB1/GPI_KLRB1/ENO1_TMIGD2/GPI_TMIGD2/GAPDH_TMIGD2/MXD3_IL4I1/CXCR3_IL4I1/ENO1_NCR3/GPI_NCR3/ENO1_CA2/HMGA1_CA2/GTF3A_CA2/HMGB1_CA2/GPI_CA2/CD74_CA2/ACTB_CA2/MND1_CA2/SPC24_CA2/PFN1_CA2/ACTG1_CA2/CENPA_CA2/SKA3_CA2/GAPDH_CA2/KIF20A_CA2/GAPDH_ME1/MYB_ADAM12/CKLF_ADAM12"
"585",1391,1390,"CD4+NME1+CCR4+ T_CD8+Tc17","CD4+NME1+CCR4+ T","CD8+Tc17",64,5,0.171,0.99999999999655,1,1,"IL16_CEBPD/CORO1A_IL4I1/IFNAR2_CEBPD/IL6R_ADAM12/IL6R_CEBPD","ENO1_ZBTB16/IL32_ZBTB16/CMTM7_ZBTB16/CNN2_ZBTB16/IL16_CEBPD/IL6R_CEBPD/IFNAR2_CEBPD/ENO1_CD40LG/CNN2_CD40LG/ENO1_TNFSF13B/ENO1_IL26/SUB1_FLT3LG/ENO1_FLT3LG/CMTM7_FLT3LG/ACTG1_FLT3LG/CNN2_FLT3LG/ENO1_CCR6/SUB1_IL23R/ENO1_IL23R/CMTM7_IL23R/ACTB_IL23R/ACTG1_IL23R/ARPC1B_IL23R/CNN2_IL23R/TPM4_IL23R/SUB1_IL17RE/ENO1_IL17RE/SCAND1_IL17RE/CMTM7_IL17RE/HMGB1_IL17RE/IFNAR2_IL17RE/ACTB_IL17RE/PFN1_IL17RE/ACTG1_IL17RE/TMSB10_IL17RE/CORO1A_IL17RE/ARPC1B_IL17RE/CNN2_IL17RE/TPM4_IL17RE/ENO1_KLRB1/CNN2_KLRB1/ENO1_TMIGD2/CORO1A_IL4I1/ENO1_NCR3/CNN2_LTK/TPM4_LTK/SUB1_CA2/ENO1_CA2/SCAND1_CA2/IL32_CA2/CMTM7_CA2/HMGB1_CA2/FLT3LG_CA2/CD74_CA2/ACTB_CA2/PFN1_CA2/ACTG1_CA2/TMSB10_CA2/COTL1_CA2/ARPC1B_CA2/CNN2_CA2/ARHGDIB_CA2/TPM4_CA2/IL6R_ADAM12"
"1180",1392,1392,"CD8+GZMK+ Tex_CD4+IL26+ Th17","CD8+GZMK+ Tex","CD4+IL26+ Th17",55,3,0.12,0.99999999999727,1,1,"LYST_CEBPD/LYST_ANKRD28/CD27_ANKRD28","LYST_CEBPD/PRDM1_ID2/TRPS1_ID2/NAMPT_ID2/HAVCR2_ID2/TNFRSF9_ID2/TNFRSF9_IL26/NAMPT_TNFSF13B/HAVCR2_TNFSF13B/TNFSF4_CD40LG/NAMPT_CD40LG/HAVCR2_CD40LG/TNFRSF9_CD40LG/TSC22D1_IL22/NAMPT_IL22/TNFRSF9_IL22/TNFRSF9_CXCR6/TNFRSF9_CCR6/TSC22D1_IL23R/PRDM1_IL23R/TRPS1_IL23R/CCL3_IL23R/NAMPT_IL23R/CXCR6_IL23R/HAVCR2_IL23R/TNFRSF9_IL23R/TOX_IL17RE/TSC22D1_IL17RE/PRDM1_IL17RE/TRPS1_IL17RE/CCL3_IL17RE/TNFSF4_IL17RE/IFNG_IL17RE/NAMPT_IL17RE/HAVCR2_IL17RE/VCAM1_IL17RE/LYST_IL17RE/TNFRSF9_IL17RE/HLA-DQA1_IL17RE/HLA-DRB1_IL17RE/NAMPT_KLRB1/TNFSF4_CTSH/NAMPT_CTSH/HAVCR2_CTSH/TRPS1_CA10/NAMPT_CA10/TNFSF4_CAPG/HAVCR2_CAPG/TRPS1_MGAT4A/NAMPT_MGAT4A/HAVCR2_MGAT4A/NAMPT_ERN1/CD27_ANKRD28/LYST_ANKRD28/PRDM1_TMIGD2"
"563",1393,1393,"CD4+CXCR5+ pre-Tfh_CD8+Tc17","CD4+CXCR5+ pre-Tfh","CD8+Tc17",71,6,0.185,0.999999999999181,1,1,"LEF1_ADAM12/CD40LG_ADAM12/CD40LG_IL4I1/SESN3_ADAM12/CXCR4_IL4I1/TNFSF8_IL4I1","AREG_RORC/SLC2A3_RORC/IFITM1_RORC/AREG_ZBTB16/PASK_ZBTB16/AREG_RORA/SLC2A3_RORA/NR4A2_CD40LG/AREG_CD40LG/SLC2A3_CD40LG/PABPC1_CD40LG/AREG_TNFSF13B/SLC2A3_TNFSF13B/AREG_IL26/SLC2A3_IL26/NR3C1_FLT3LG/AREG_FLT3LG/PASK_FLT3LG/SLC2A3_FLT3LG/PABPC1_FLT3LG/AREG_IL23A/AREG_CCR6/SLC2A3_CCR6/NR3C1_IL23R/NR4A2_IL23R/AREG_IL23R/CXCR5_IL23R/SLC2A3_IL23R/PABPC1_IL23R/SLC2A3_IL7R/TCF7_IL17RE/NR3C1_IL17RE/NR4A2_IL17RE/LEF1_IL17RE/AREG_IL17RE/SLC2A3_IL17RE/FAM177A1_IL17RE/MBP_IL17RE/SH3TC1_IL17RE/PABPC1_IL17RE/IFITM1_IL17RE/AREG_IL18RAP/AREG_SLC4A10/SLC2A3_SLC4A10/SLC2A3_KLRB1/NR3C1_TMIGD2/AREG_TMIGD2/SLC2A3_TMIGD2/TNFSF8_IL4I1/CD40LG_IL4I1/CXCR4_IL4I1/AREG_NCR3/SLC2A3_NCR3/NR4A2_LTK/AREG_LTK/SLC2A3_LTK/RNASET2_LTK/NR3C1_CA2/TSHZ2_CA2/AREG_CA2/CXCR5_CA2/IL6ST_CA2/PASK_CA2/SLC2A3_CA2/MBP_CA2/SH3TC1_CA2/PABPC1_CA2/IFITM1_CA2/LEF1_ADAM12/CD40LG_ADAM12/SESN3_ADAM12"
"569",1394,1394,"CD4+CREM+ Tm_CD8+Tc17","CD4+CREM+ Tm","CD8+Tc17",79,7,0.194,0.999999999999891,1,1,"CXCL16_CEBPD/CXCR4_IL4I1/GPR35_IL4I1/ZFP36L2_IL4I1/CXCL16_IL4I1/GPR35_NR1D1/ZFP36L2_CEBPD","AREG_RORC/TNFAIP3_RORC/CREM_ZBTB16/AREG_ZBTB16/IFNGR1_ZBTB16/ANXA1_ZBTB16/ZFP36L2_CEBPD/CXCL16_CEBPD/AREG_RORA/GPR35_NR1D1/CREM_CD40LG/NR4A2_CD40LG/TGFB1_CD40LG/AREG_CD40LG/FTH1_CD40LG/SRGN_CD40LG/TNFAIP3_CD40LG/AREG_TNFSF13B/CREM_IL26/AREG_IL26/SRGN_IL26/AREG_FLT3LG/SRGN_FLT3LG/AREG_IL23A/CREM_CCR6/AREG_CCR6/SRGN_CCR6/CREM_IL23R/ZNF331_IL23R/NR4A2_IL23R/TGFB1_IL23R/AREG_IL23R/SRGN_IL23R/TNFAIP3_IL23R/ANXA1_IL23R/CREM_IL17RE/ZNF331_IL17RE/NR4A2_IL17RE/TGFB1_IL17RE/AREG_IL17RE/CXCL16_IL17RE/IFNGR1_IL17RE/CD44_IL17RE/FTH1_IL17RE/SRGN_IL17RE/FAM177A1_IL17RE/YPEL5_IL17RE/LMNA_IL17RE/ANXA1_IL17RE/AREG_IL18RAP/AREG_SLC4A10/TGFB1_TMIGD2/AREG_TMIGD2/FTH1_TMIGD2/ZFP36L2_IL4I1/CXCL16_IL4I1/CXCR4_IL4I1/GPR35_IL4I1/AREG_NCR3/FTH1_NCR3/SRGN_NCR3/TNFAIP3_NCR3/NR4A2_LTK/AREG_LTK/FTH1_LTK/ANXA1_LTK/CDKN1A_LTK/CREM_CA2/TGFB1_CA2/AREG_CA2/IFNGR1_CA2/CD44_CA2/ZFP36_CA2/FTH1_CA2/SRGN_CA2/TNFAIP3_CA2/YPEL5_CA2/ANXA1_CA2/CDKN1A_CA2"
"578",1395,1395,"CD4+IFNG+ Tfh/Th1_CD8+Tc17","CD4+IFNG+ Tfh/Th1","CD8+Tc17",56,2,0.078,0.999999999999936,1,1,"FAM3C_ADAM12/IFNG_ADAM12","GZMB_ZBTB16/CCL3_ZBTB16/LAG3_ZBTB16/HAVCR2_ZBTB16/ZEB2_CD40LG/GZMB_CD40LG/HAVCR2_CD40LG/HAVCR2_TNFSF13B/RBPJ_FLT3LG/LAG3_FLT3LG/PTMS_FLT3LG/BHLHE40_CCR6/ZEB2_IL23R/BHLHE40_IL23R/RBPJ_IL23R/CCL3_IL23R/CXCR6_IL23R/CD4_IL23R/LAG3_IL23R/HAVCR2_IL23R/CCL4L2_IL23R/ZBED2_IL17RE/ZEB2_IL17RE/BHLHE40_IL17RE/RBPJ_IL17RE/IFNG_IL17RE/CCL3_IL17RE/FAM3C_IL17RE/LAG3_IL17RE/HAVCR2_IL17RE/KRT86_IL17RE/MYO7A_IL17RE/PTMS_IL17RE/BHLHE40_KLRB1/CXCL13_NCR3/HAVCR2_NCR3/ZEB2_LTK/PTMS_LTK/ZEB2_CA2/ID2_CA2/BHLHE40_CA2/RBPJ_CA2/GZMB_CA2/CCL3_CA2/IL21_CA2/FAM3C_CA2/CD4_CA2/CD74_CA2/LAG3_CA2/HAVCR2_CA2/KRT86_CA2/PTMS_CA2/CCL4L2_CA2/PDE7B_CA2/IFNG_ADAM12/FAM3C_ADAM12"
"556",1396,1396,"CD8+GZMK+ Tex_CD8+Tc17","CD8+GZMK+ Tex","CD8+Tc17",60,2,0.073,0.999999999999994,1,1,"LYST_CEBPD/IFNG_ADAM12","CCL3_ZBTB16/CCL3L3_ZBTB16/NAMPT_ZBTB16/HAVCR2_ZBTB16/TNFRSF9_ZBTB16/LYST_CEBPD/TNFSF4_CD40LG/NAMPT_CD40LG/HAVCR2_CD40LG/TNFRSF9_CD40LG/NAMPT_TNFSF13B/HAVCR2_TNFSF13B/TNFRSF9_IL26/TSC22D1_FLT3LG/PRDM1_FLT3LG/TRPS1_FLT3LG/TNFRSF9_FLT3LG/TNFRSF9_CCR6/TSC22D1_IL23R/PRDM1_IL23R/TRPS1_IL23R/CCL3_IL23R/NAMPT_IL23R/CXCR6_IL23R/HAVCR2_IL23R/TNFRSF9_IL23R/TOX_IL17RE/TSC22D1_IL17RE/PRDM1_IL17RE/TRPS1_IL17RE/CCL3_IL17RE/TNFSF4_IL17RE/IFNG_IL17RE/NAMPT_IL17RE/HAVCR2_IL17RE/VCAM1_IL17RE/LYST_IL17RE/TNFRSF9_IL17RE/HLA-DQA1_IL17RE/HLA-DRB1_IL17RE/NAMPT_KLRB1/PRDM1_TMIGD2/CXCL13_NCR3/HAVCR2_NCR3/TOX_LTK/PRDM1_LTK/TOX_CA2/TSC22D1_CA2/PRDM1_CA2/TRPS1_CA2/CCL3_CA2/CCL3L3_CA2/TNFSF4_CA2/NAMPT_CA2/CD74_CA2/HAVCR2_CA2/TNFRSF9_CA2/HLA-DQA1_CA2/HLA-DRB1_CA2/IFNG_ADAM12"
"2",1397,1397,"CD8+ZNF683+CXCR6- Tm_CD8+Tn","CD8+ZNF683+CXCR6- Tm","CD8+Tn",0,0,NA,1,1,1,"",""
"10",1398,1397,"CD8+terminal Tex_CD8+Tn","CD8+terminal Tex","CD8+Tn",18,0,0,1,1,1,"","CD70_TCF7/CCL3_TXK/NAMPT_TXK/HAVCR2_TXK/RBPJ_FLT3LG/TOX2_FLT3LG/CSF1_FLT3LG/CD70_FLT3LG/TNFRSF9_FLT3LG/GEM_FLT3LG/HAVCR2_TNFSF8/NAMPT_CMTM8/NAMPT_IL6R/TNFSF4_IFNGR2/HAVCR2_IFNGR2/RBPJ_EEF1B2/NAMPT_EEF1B2/CXCL13_NELL2"
"11",1399,1397,"CD8+OXPHOS- Tex_CD8+Tn","CD8+OXPHOS- Tex","CD8+Tn",11,0,0,1,1,1,"","PRDM1_TCF7/PHLDA1_KLF2/CCL3_TXK/HAVCR2_TXK/PRDM1_FLT3LG/CSF1_FLT3LG/TNFRSF9_FLT3LG/HAVCR2_TNFSF8/HAVCR2_IFNGR2/PHLDA1_IFNGR2/CXCL13_NELL2"
"19",1400,1397,"CD4+IL7R- Tn_CD8+Tn","CD4+IL7R- Tn","CD8+Tn",4,0,0,1,1,1,"","EEF1A1_FLT3LG/ACTG1_FLT3LG/NACA_FLT3LG/BTF3_FLT3LG"
"79",1401,1397,"CD8+Tn_CD8+ZNF683+CXCR6- Tm","CD8+Tn","CD8+ZNF683+CXCR6- Tm",0,0,NA,1,1,1,"",""
"80",1402,1397,"CD8+IL7R+ Tm_CD8+ZNF683+CXCR6- Tm","CD8+IL7R+ Tm","CD8+ZNF683+CXCR6- Tm",2,0,0,1,1,1,"","TNFAIP3_TRAF3IP3/TNFAIP3_SIT1"
"82",1403,1397,"CD8+GZMK+ Tem_CD8+ZNF683+CXCR6- Tm","CD8+GZMK+ Tem","CD8+ZNF683+CXCR6- Tm",0,0,NA,1,1,1,"",""
"84",1404,1397,"CD8+KIR+EOMES+ NK-like_CD8+ZNF683+CXCR6- Tm","CD8+KIR+EOMES+ NK-like","CD8+ZNF683+CXCR6- Tm",0,0,NA,1,1,1,"",""
"86",1405,1397,"CD8+ZNF683+CXCR6+ Trm_CD8+ZNF683+CXCR6- Tm","CD8+ZNF683+CXCR6+ Trm","CD8+ZNF683+CXCR6- Tm",2,0,0,1,1,1,"","GZMB_CD52/LGALS1_PFN1"
"87",1406,1397,"CD8+GZMK+ Tex_CD8+ZNF683+CXCR6- Tm","CD8+GZMK+ Tex","CD8+ZNF683+CXCR6- Tm",3,0,0,1,1,1,"","NAMPT_CD52/HAVCR2_CD52/NAMPT_CISH"
"88",1407,1397,"CD8+terminal Tex_CD8+ZNF683+CXCR6- Tm","CD8+terminal Tex","CD8+ZNF683+CXCR6- Tm",4,0,0,1,1,1,"","GZMB_CD52/NAMPT_CD52/HAVCR2_CD52/NAMPT_CISH"
"89",1408,1397,"CD8+OXPHOS- Tex_CD8+ZNF683+CXCR6- Tm","CD8+OXPHOS- Tex","CD8+ZNF683+CXCR6- Tm",1,0,0,1,1,1,"","HAVCR2_CD52"
"91",1409,1397,"CD8+ISG+ CD8+ T_CD8+ZNF683+CXCR6- Tm","CD8+ISG+ CD8+ T","CD8+ZNF683+CXCR6- Tm",1,0,0,1,1,1,"","OAS1_SH3BGRL3"
"96",1410,1397,"CD4+ADSL+ Tn_CD8+ZNF683+CXCR6- Tm","CD4+ADSL+ Tn","CD8+ZNF683+CXCR6- Tm",0,0,NA,1,1,1,"",""
"97",1411,1397,"CD4+IL7R- Tn_CD8+ZNF683+CXCR6- Tm","CD4+IL7R- Tn","CD8+ZNF683+CXCR6- Tm",0,0,NA,1,1,1,"",""
"110",1412,1397,"CD4+IFNG+ Tfh/Th1_CD8+ZNF683+CXCR6- Tm","CD4+IFNG+ Tfh/Th1","CD8+ZNF683+CXCR6- Tm",2,0,0,1,1,1,"","GZMB_CD52/HAVCR2_CD52"
"111",1413,1397,"CD4+TNFRSF9- Treg_CD8+ZNF683+CXCR6- Tm","CD4+TNFRSF9- Treg","CD8+ZNF683+CXCR6- Tm",0,0,NA,1,1,1,"",""
"113",1414,1397,"CD4+TNFRSF9+ Treg_CD8+ZNF683+CXCR6- Tm","CD4+TNFRSF9+ Treg","CD8+ZNF683+CXCR6- Tm",6,0,0,1,1,1,"","PMAIP1_ZNF683/LAIR2_IL32/PMAIP1_CKLF/NAMPT_CD52/NAMPT_CISH/PMAIP1_CISH"
"114",1415,1397,"CD4+ISG+ Treg_CD8+ZNF683+CXCR6- Tm","CD4+ISG+ Treg","CD8+ZNF683+CXCR6- Tm",3,0,0,1,1,1,"","NAMPT_CD52/OAS1_SH3BGRL3/NAMPT_CISH"
"115",1416,1397,"CD4+ISG+ Th_CD8+ZNF683+CXCR6- Tm","CD4+ISG+ Th","CD8+ZNF683+CXCR6- Tm",0,0,NA,1,1,1,"",""
"117",1417,1397,"CD4+NME1+CCR4+ T_CD8+ZNF683+CXCR6- Tm","CD4+NME1+CCR4+ T","CD8+ZNF683+CXCR6- Tm",3,0,0,1,1,1,"","ENO1_ACTB/ENO1_CISH/ENO1_PFN1"
"119",1418,1397,"CD8+IL7R+ Tm_CD8+GZMK+ early Tem","CD8+IL7R+ Tm","CD8+GZMK+ early Tem",8,0,0,1,1,1,"","TNFAIP3_GZMK/TNFAIP3_CMC1/FTH1_ENC1/RGCC_ENC1/PABPC1_ENC1/TNFAIP3_TRAT1/TNFAIP3_PIK3R1/PABPC1_PIK3R1"
"120",1419,1397,"CD8+ZNF683+CXCR6- Tm_CD8+GZMK+ early Tem","CD8+ZNF683+CXCR6- Tm","CD8+GZMK+ early Tem",1,0,0,1,1,1,"","IL32_CXCR5"
"121",1420,1397,"CD8+GZMK+ Tem_CD8+GZMK+ early Tem","CD8+GZMK+ Tem","CD8+GZMK+ early Tem",4,0,0,1,1,1,"","COTL1_CD74/IL32_CXCR5/CCL4_CCR4/CST7_CCR4"
"126",1421,1397,"CD8+GZMK+ Tex_CD8+GZMK+ early Tem","CD8+GZMK+ Tex","CD8+GZMK+ early Tem",11,0,0,1,1,1,"","NAMPT_CXCR5/HAVCR2_CXCR5/TNFRSF9_CXCR5/CCL4_CCR4/TRPS1_CMC1/CTLA4_CST7/TRPS1_ENC1/NAMPT_ENC1/HAVCR2_ENC1/PRDM1_PIK3R1/TRPS1_PIK3R1"
"136",1422,1397,"CD4+IL7R- Tn_CD8+GZMK+ early Tem","CD4+IL7R- Tn","CD8+GZMK+ early Tem",2,0,0,1,1,1,"","NACA_CXCR5/NACA_PIK3R1"
"140",1423,1397,"CD4+CREM+ Tm_CD8+GZMK+ early Tem","CD4+CREM+ Tm","CD8+GZMK+ early Tem",21,0,0,1,1,1,"","TNFAIP3_GZMK/AREG_CD74/AREG_CXCR5/PTGER4_DUSP2/TNFAIP3_CMC1/NR4A2_DKK3/AREG_DKK3/AREG_SH2D1A/CREM_ENC1/ZNF331_ENC1/NR4A2_ENC1/TGFB1_ENC1/AREG_ENC1/FTH1_ENC1/SRGN_ENC1/AREG_TRAT1/TNFAIP3_TRAT1/CREM_PIK3R1/NR4A2_PIK3R1/TGFB1_PIK3R1/TNFAIP3_PIK3R1"
"144",1424,1397,"CD4+GZMK+ Tem_CD8+GZMK+ early Tem","CD4+GZMK+ Tem","CD8+GZMK+ early Tem",7,0,0,1,1,1,"","CCL4_CCR4/CST7_CCR4/NR4A2_DKK3/LITAF_ENC1/NR4A2_ENC1/RUNX3_PIK3R1/NR4A2_PIK3R1"
"149",1425,1397,"CD4+IFNG+ Tfh/Th1_CD8+GZMK+ early Tem","CD4+IFNG+ Tfh/Th1","CD8+GZMK+ early Tem",8,0,0,1,1,1,"","HAVCR2_CXCR5/CCL4_CCR4/RBPJ_ENC1/HAVCR2_ENC1/KRT86_ENC1/PDE7B_ENC1/ZEB2_PIK3R1/GZMB_CRTAM"
"158",1426,1397,"CD8+IL7R+ Tm_CD8+GZMK+ Tem","CD8+IL7R+ Tm","CD8+GZMK+ Tem",6,0,0,1,1,1,"","FTH1_SUB1/TNFAIP3_GZMK/TNFAIP3_CXCR3/RGCC_CXCR3/PABPC1_CXCR3/TNFAIP3_APOBEC3G"
"159",1427,1397,"CD8+ZNF683+CXCR6- Tm_CD8+GZMK+ Tem","CD8+ZNF683+CXCR6- Tm","CD8+GZMK+ Tem",0,0,NA,1,1,1,"",""
"174",1428,1397,"CD4+ADSL+ Tn_CD8+GZMK+ Tem","CD4+ADSL+ Tn","CD8+GZMK+ Tem",1,0,0,1,1,1,"","COTL1_CD74"
"175",1429,1397,"CD4+IL7R- Tn_CD8+GZMK+ Tem","CD4+IL7R- Tn","CD8+GZMK+ Tem",0,0,NA,1,1,1,"",""
"237",1430,1397,"CD8+ZNF683+CXCR6- Tm_CD8+KIR+EOMES+ NK-like","CD8+ZNF683+CXCR6- Tm","CD8+KIR+EOMES+ NK-like",0,0,NA,1,1,1,"",""
"244",1431,1397,"CD8+terminal Tex_CD8+KIR+EOMES+ NK-like","CD8+terminal Tex","CD8+KIR+EOMES+ NK-like",10,0,0,1,1,1,"","NAMPT_KLRG1/TIGIT_KLRG1/RBPJ_GCSAM/TNFSF4_GCSAM/FAM3C_GCSAM/CSF1_GCSAM/CD70_GCSAM/NAMPT_GCSAM/KRT86_GCSAM/GEM_GCSAM"
"245",1432,1397,"CD8+OXPHOS- Tex_CD8+KIR+EOMES+ NK-like","CD8+OXPHOS- Tex","CD8+KIR+EOMES+ NK-like",5,0,0,1,1,1,"","PRDM1_KLRG1/TIGIT_KLRG1/CSF1_GCSAM/FAM3C_GCSAM/PHLDA1_GCSAM"
"253",1433,1397,"CD4+IL7R- Tn_CD8+KIR+EOMES+ NK-like","CD4+IL7R- Tn","CD8+KIR+EOMES+ NK-like",1,0,0,1,1,1,"","NACA_GCSAM"
"267",1434,1397,"CD4+TNFRSF9- Treg_CD8+KIR+EOMES+ NK-like","CD4+TNFRSF9- Treg","CD8+KIR+EOMES+ NK-like",4,0,0,1,1,1,"","TIGIT_KLRG1/ARID5B_GCSAM/RTKN2_GCSAM/FCRL3_DUSP2"
"314",1435,1397,"CD8+IL7R+ Tm_CD8+ZNF683+CXCR6+ Trm","CD8+IL7R+ Tm","CD8+ZNF683+CXCR6+ Trm",17,0,0,1,1,1,"","RGCC_HOPX/ANXA1_ID2/TNFAIP3_ID2/GPR183_ID2/TNFAIP3_ZFP36L2/PABPC1_ZFP36L2/TNFAIP3_CXCR6/TNFAIP3_CXCR3/RGCC_CXCR3/PABPC1_CXCR3/ANXA1_TMSB4X/FTH1_LGALS3/RGCC_LGALS3/RGCC_ITGA1/TNFAIP3_LDLRAD4/RGCC_LDLRAD4/GPR183_LDLRAD4"
"322",1436,1397,"CD8+terminal Tex_CD8+ZNF683+CXCR6+ Trm","CD8+terminal Tex","CD8+ZNF683+CXCR6+ Trm",21,0,0,1,1,1,"","TNFSF4_HOPX/NAMPT_HOPX/RBPJ_ID2/TOX2_ID2/NAMPT_ID2/TNFRSF9_ID2/HAVCR2_ID2/CSF1_ZFP36L2/CD70_ZFP36L2/NAMPT_ZFP36L2/CD70_CXCR6/TNFRSF9_CXCR6/CD70_CXCR3/TNFSF4_CAPG/HAVCR2_CAPG/ETV1_LGALS3/GZMB_CD52/NAMPT_CD52/HAVCR2_CD52/NAMPT_LDLRAD4/HAVCR2_LDLRAD4"
"323",1437,1397,"CD8+OXPHOS- Tex_CD8+ZNF683+CXCR6+ Trm","CD8+OXPHOS- Tex","CD8+ZNF683+CXCR6+ Trm",14,0,0,1,1,1,"","PRDM1_HOPX/PHLDA1_HOPX/PRDM1_ID2/HAVCR2_ID2/TNFRSF9_ID2/CSF1_ZFP36L2/TNFRSF9_CXCR6/PRDM1_CXCR3/HAVCR2_CAPG/ETV1_LGALS3/HAVCR2_CD52/PRDM1_LDLRAD4/HAVCR2_LDLRAD4/PHLDA1_LDLRAD4"
"345",1438,1397,"CD4+TNFRSF9- Treg_CD8+ZNF683+CXCR6+ Trm","CD4+TNFRSF9- Treg","CD8+ZNF683+CXCR6+ Trm",1,0,0,1,1,1,"","IKZF4_ID2"
"448",1439,1397,"CD4+IL7R- Tn_CD8+OXPHOS- Tex","CD4+IL7R- Tn","CD8+OXPHOS- Tex",0,0,NA,1,1,1,"",""
"509",1440,1397,"CD8+IL7R+ Tm_CD8+ISG+ CD8+ T","CD8+IL7R+ Tm","CD8+ISG+ CD8+ T",4,0,0,1,1,1,"","TNFAIP3_PLSCR1/TNFAIP3_SP100/ANXA1_IFI6/PABPC1_IFI6"
"510",1441,1397,"CD8+ZNF683+CXCR6- Tm_CD8+ISG+ CD8+ T","CD8+ZNF683+CXCR6- Tm","CD8+ISG+ CD8+ T",1,0,0,1,1,1,"","SH3BGRL3_OAS1"
"514",1442,1397,"CD8+KIR+EOMES+ NK-like_CD8+ISG+ CD8+ T","CD8+KIR+EOMES+ NK-like","CD8+ISG+ CD8+ T",4,0,0,1,1,1,"","LITAF_SP100/TYROBP_MX1/NR4A2_OAS1/TYROBP_OAS1"
"517",1443,1397,"CD8+GZMK+ Tex_CD8+ISG+ CD8+ T","CD8+GZMK+ Tex","CD8+ISG+ CD8+ T",13,0,0,1,1,1,"","NAMPT_TNFSF10/CCL4_IFI44L/TSC22D1_MX1/NAMPT_MX1/HAVCR2_MX1/CCL3L3_IFI6/NAMPT_IFI6/HAVCR2_IFI6/PRDM1_OAS1/NAMPT_OAS1/HAVCR2_OAS1/CCL4_CMPK2/HAVCR2_CMPK2"
"518",1444,1397,"CD8+terminal Tex_CD8+ISG+ CD8+ T","CD8+terminal Tex","CD8+ISG+ CD8+ T",23,0,0,1,1,1,"","RBPJ_SP100/TOX2_SP100/RBPJ_TNFSF10/NAMPT_TNFSF10/GZMB_IFIT1/GZMB_IFIT3/GZMB_IFI44L/RBPJ_MX1/TOX2_MX1/GZMB_MX1/NAMPT_MX1/IL2RA_MX1/HAVCR2_MX1/RBPJ_IFI6/NAMPT_IFI6/IL2RA_IFI6/HAVCR2_IFI6/GZMB_OAS1/CD70_OAS1/NAMPT_OAS1/HAVCR2_OAS1/HAVCR2_CMPK2/GZMB_OAS3"
"519",1445,1397,"CD8+OXPHOS- Tex_CD8+ISG+ CD8+ T","CD8+OXPHOS- Tex","CD8+ISG+ CD8+ T",5,0,0,1,1,1,"","HAVCR2_MX1/HAVCR2_IFI6/PRDM1_OAS1/HAVCR2_OAS1/HAVCR2_CMPK2"
"526",1446,1397,"CD4+IL7R- Tn_CD8+ISG+ CD8+ T","CD4+IL7R- Tn","CD8+ISG+ CD8+ T",0,0,NA,1,1,1,"",""
"540",1447,1397,"CD4+TNFRSF9- Treg_CD8+ISG+ CD8+ T","CD4+TNFRSF9- Treg","CD8+ISG+ CD8+ T",2,0,0,1,1,1,"","STAM_SP100/STAM_MX1"
"557",1448,1397,"CD8+terminal Tex_CD8+Tc17","CD8+terminal Tex","CD8+Tc17",82,4,0.107,1,1,1,"FAM3C_ADAM12/ENTPD1_ADAM12/IFNG_ADAM12/LAYN_ADAM12","GZMB_ZBTB16/CSF1_ZBTB16/CCL3_ZBTB16/NAMPT_ZBTB16/IL2RA_ZBTB16/TNFRSF9_ZBTB16/HAVCR2_ZBTB16/TNFSF4_CD40LG/GZMB_CD40LG/CSF1_CD40LG/NAMPT_CD40LG/TNFRSF9_CD40LG/HAVCR2_CD40LG/NAMPT_TNFSF13B/HAVCR2_TNFSF13B/TNFRSF9_IL26/RBPJ_FLT3LG/TOX2_FLT3LG/CSF1_FLT3LG/CD70_FLT3LG/TNFRSF9_FLT3LG/GEM_FLT3LG/TNFRSF9_CCR6/RBPJ_IL23R/CSF1_IL23R/CCL3_IL23R/CD70_IL23R/NAMPT_IL23R/FASLG_IL23R/CXCR6_IL23R/IL2RB_IL23R/TNFRSF9_IL23R/HAVCR2_IL23R/RBPJ_IL17RE/ETV1_IL17RE/TOX_IL17RE/ZBED2_IL17RE/TOX2_IL17RE/TNFSF4_IL17RE/FAM3C_IL17RE/CSF1_IL17RE/CCL3_IL17RE/CD70_IL17RE/IFNG_IL17RE/NAMPT_IL17RE/IL2RA_IL17RE/TNFRSF9_IL17RE/LAYN_IL17RE/ENTPD1_IL17RE/HAVCR2_IL17RE/KRT86_IL17RE/TNFRSF18_IL17RE/GEM_IL17RE/NAMPT_KLRB1/CD70_TMIGD2/CXCL13_NCR3/CD70_NCR3/HAVCR2_NCR3/TOX_LTK/RBPJ_CA2/ETV1_CA2/TOX_CA2/TOX2_CA2/TNFSF4_CA2/FAM3C_CA2/GZMB_CA2/CSF1_CA2/CCL3_CA2/CD70_CA2/NAMPT_CA2/IL2RA_CA2/CD74_CA2/IL2RB_CA2/TNFRSF9_CA2/HAVCR2_CA2/KRT86_CA2/TNFRSF18_CA2/TIGIT_CA2/FAM3C_ADAM12/IFNG_ADAM12/LAYN_ADAM12/ENTPD1_ADAM12"
"626",1449,1397,"CD8+IL7R+ Tm_CD4+Tn","CD8+IL7R+ Tm","CD4+Tn",13,0,0,1,1,1,"","TNFAIP3_TCF7/FTH1_TCF7/TNFAIP3_TXK/ANXA1_KLF2/FTH1_SCML1/FTH1_EEF1B2/FTH1_PLAC8/TNFAIP3_TPT1/RGCC_TPT1/TNFAIP3_GIMAP7/PABPC1_GIMAP7/TNFAIP3_LINC00861/TNFAIP3_FHIT"
"627",1450,1397,"CD8+ZNF683+CXCR6- Tm_CD4+Tn","CD8+ZNF683+CXCR6- Tm","CD4+Tn",3,0,0,1,1,1,"","SH3BGRL3_PLAC8/ZNF683_GIMAP7/TRAF3IP3_LINC00861"
"629",1451,1397,"CD8+GZMK+ Tem_CD4+Tn","CD8+GZMK+ Tem","CD4+Tn",2,0,0,1,1,1,"","APOBEC3G_GIMAP7/CST7_LINC00861"
"632",1452,1397,"CD8+KIR+TXK+ NK-like_CD4+Tn","CD8+KIR+TXK+ NK-like","CD4+Tn",15,0,0,1,1,1,"","FOSL2_TXK/AREG_TXK/KLRC3_TXK/AREG_SCML1/AREG_EEF1A1/AREG_SELL/B3GNT7_SELL/AREG_PLAC8/FOSL2_TPT1/AREG_TPT1/FOSL2_GIMAP7/AREG_GIMAP7/IL2RB_GIMAP7/AREG_LINC00861/AREG_FHIT"
"634",1453,1397,"CD8+GZMK+ Tex_CD4+Tn","CD8+GZMK+ Tex","CD4+Tn",18,0,0,1,1,1,"","PRDM1_TCF7/CCL3_TXK/NAMPT_TXK/HAVCR2_TXK/TSC22D1_KLF2/NAMPT_SCML1/TRPS1_EEF1A1/NAMPT_EEF1B2/HAVCR2_PLAC8/TSC22D1_GIMAP7/PRDM1_GIMAP7/TRPS1_GIMAP7/NAMPT_GIMAP7/PDCD1_GIMAP7/TRPS1_LINC00861/CXCL13_LINC00861/TRPS1_FHIT/TNFRSF9_FHIT"
"635",1454,1397,"CD8+terminal Tex_CD4+Tn","CD8+terminal Tex","CD4+Tn",19,0,0,1,1,1,"","CD70_TCF7/CCL3_TXK/NAMPT_TXK/HAVCR2_TXK/NAMPT_SCML1/RBPJ_EEF1B2/NAMPT_EEF1B2/GZMB_PLAC8/HAVCR2_PLAC8/RBPJ_GIMAP7/GZMB_GIMAP7/CSF1_GIMAP7/CD70_GIMAP7/NAMPT_GIMAP7/IL2RB_GIMAP7/TNFRSF18_GIMAP7/CXCL13_LINC00861/CSF1_FHIT/TNFRSF9_FHIT"
"636",1455,1397,"CD8+OXPHOS- Tex_CD4+Tn","CD8+OXPHOS- Tex","CD4+Tn",12,0,0,1,1,1,"","PRDM1_TCF7/CCL3_TXK/HAVCR2_TXK/PHLDA1_KLF2/PHLDA1_SCML1/HAVCR2_PLAC8/PRDM1_GIMAP7/CSF1_GIMAP7/TNFRSF18_GIMAP7/CXCL13_LINC00861/CSF1_FHIT/TNFRSF9_FHIT"
"637",1456,1397,"CD8+TCF7+ Tex_CD4+Tn","CD8+TCF7+ Tex","CD4+Tn",16,0,0,1,1,1,"","TNFRSF4_TCF7/IGFL2_LEF1/NR3C1_TXK/IGFL2_TXK/IGFL2_KLF2/CD200_SCML1/IGFL2_EEF1A1/CD200_TPT1/IGFL2_TPT1/NR3C1_GIMAP7/TNFRSF4_GIMAP7/CXCL13_LINC00861/TNFRSF4_LINC00861/IGFL2_LINC00861/NR3C1_FHIT/TNFRSF4_FHIT"
"638",1457,1397,"CD8+ISG+ CD8+ T_CD4+Tn","CD8+ISG+ CD8+ T","CD4+Tn",2,0,0,1,1,1,"","STAT2_TXK/CCR1_GIMAP7"
"640",1458,1397,"CD8+NME1+ T_CD4+Tn","CD8+NME1+ T","CD4+Tn",20,0,0,1,1,1,"","GPI_TCF7/GAPDH_TCF7/GAPDH_LEF1/ENO1_TXK/GAPDH_TXK/ENO1_SCML1/GAPDH_SCML1/ENO1_EEF1A1/GAPDH_EEF1A1/ENO1_EEF1B2/GAPDH_EEF1B2/ENO1_PLAC8/GAPDH_TPT1/ENO1_GIMAP7/GPI_GIMAP7/CENPA_GIMAP7/GAPDH_GIMAP7/ENO1_MAL/ENO1_LINC00861/ENO1_FHIT"
"641",1459,1397,"CD4+CXCR5+ pre-Tfh_CD4+Tn","CD4+CXCR5+ pre-Tfh","CD4+Tn",32,0,0,1,1,1,"","SLC2A3_TCF7/SLC2A3_LEF1/NR3C1_TXK/NR4A2_TXK/AREG_TXK/SLC2A3_TXK/SLC2A3_KLF2/AREG_SCML1/SLC2A3_SCML1/SLC2A3_IL7R/AREG_EEF1A1/SLC2A3_EEF1A1/AREG_SELL/SLC2A3_SELL/SLC2A3_EEF1B2/AREG_PLAC8/SLC2A3_PLAC8/AREG_TPT1/SLC2A3_TPT1/NR3C1_GIMAP7/AREG_GIMAP7/PASK_GIMAP7/SLC2A3_GIMAP7/PABPC1_GIMAP7/SLC2A3_MAL/AREG_LINC00861/PASK_LINC00861/SLC2A3_LINC00861/NR3C1_FHIT/NR4A2_FHIT/AREG_FHIT/SLC2A3_FHIT"
"642",1460,1397,"CD4+ADSL+ Tn_CD4+Tn","CD4+ADSL+ Tn","CD4+Tn",2,0,0,1,1,1,"","PASK_GIMAP7/PASK_LINC00861"
"643",1461,1397,"CD4+IL7R- Tn_CD4+Tn","CD4+IL7R- Tn","CD4+Tn",0,0,NA,1,1,1,"",""
"651",1462,1397,"CD4+GZMK+ Tem_CD4+Tn","CD4+GZMK+ Tem","CD4+Tn",9,0,0,1,1,1,"","RUNX3_TXK/NR4A2_TXK/CCL3_TXK/TNFSF9_GIMAP7/AOAH_GIMAP7/RUNX3_LINC00861/CST7_LINC00861/AOAH_LINC00861/NR4A2_FHIT"
"657",1463,1397,"CD4+TNFRSF9- Treg_CD4+Tn","CD4+TNFRSF9- Treg","CD4+Tn",2,0,0,1,1,1,"","ARID5B_GIMAP7/ARID5B_LINC00861"
"661",1464,1397,"CD4+ISG+ Th_CD4+Tn","CD4+ISG+ Th","CD4+Tn",1,0,0,1,1,1,"","IFI16_GIMAP7"
"662",1465,1397,"CD4+NME1+CCR4- T_CD4+Tn","CD4+NME1+CCR4- T","CD4+Tn",19,0,0,1,1,1,"","GPI_TCF7/GAPDH_TCF7/GAPDH_LEF1/ENO1_TXK/GAPDH_TXK/ENO1_SCML1/GAPDH_SCML1/ENO1_EEF1A1/GAPDH_EEF1A1/ENO1_EEF1B2/GAPDH_EEF1B2/ENO1_PLAC8/GAPDH_TPT1/ENO1_GIMAP7/GPI_GIMAP7/GAPDH_GIMAP7/ENO1_MAL/ENO1_LINC00861/ENO1_FHIT"
"704",1466,1397,"CD8+IL7R+ Tm_CD4+ADSL+ Tn","CD8+IL7R+ Tm","CD4+ADSL+ Tn",13,0,0,1,1,1,"","TNFAIP3_TCF7/FTH1_TCF7/TNFAIP3_TXK/ANXA1_KLF2/TNFAIP3_IL16/TNFAIP3_CMTM8/ANXA1_IL6R/TNFAIP3_IL6R/FTH1_IL6R/PABPC1_IL6R/RGCC_LIMS2/TNFAIP3_ANKRD55/RGCC_DGKA"
"705",1467,1397,"CD8+ZNF683+CXCR6- Tm_CD4+ADSL+ Tn","CD8+ZNF683+CXCR6- Tm","CD4+ADSL+ Tn",0,0,NA,1,1,1,"",""
"706",1468,1397,"CD8+GZMK+ early Tem_CD4+ADSL+ Tn","CD8+GZMK+ early Tem","CD4+ADSL+ Tn",3,0,0,1,1,1,"","DUSP2_TXK/DUSP2_IL6R/CD74_COTL1"
"707",1469,1397,"CD8+GZMK+ Tem_CD4+ADSL+ Tn","CD8+GZMK+ Tem","CD4+ADSL+ Tn",1,0,0,1,1,1,"","CD74_COTL1"
"709",1470,1397,"CD8+KIR+EOMES+ NK-like_CD4+ADSL+ Tn","CD8+KIR+EOMES+ NK-like","CD4+ADSL+ Tn",8,0,0,1,1,1,"","NR4A2_TXK/KLRD1_TXK/DUSP2_TXK/NR4A2_IL6R/DUSP2_IL6R/NR4A2_ANKRD55/GCSAM_NOSIP/CD74_COTL1"
"711",1471,1397,"CD8+ZNF683+CXCR6+ Trm_CD4+ADSL+ Tn","CD8+ZNF683+CXCR6+ Trm","CD4+ADSL+ Tn",3,0,0,1,1,1,"","LGALS1_LIMS2/RBPJ_ANKRD55/LGALS1_DGKA"
"712",1472,1397,"CD8+GZMK+ Tex_CD4+ADSL+ Tn","CD8+GZMK+ Tex","CD4+ADSL+ Tn",15,0,0,1,1,1,"","PRDM1_TCF7/CCL3_TXK/NAMPT_TXK/HAVCR2_TXK/TSC22D1_KLF2/PRDM1_IL16/TRPS1_CMTM8/NAMPT_CMTM8/NAMPT_IL6R/TRPS1_IL6ST/NAMPT_IL6ST/NAMPT_LDHB/TNFSF4_LIMS2/NAMPT_ANKRD55/CD74_COTL1"
"713",1473,1397,"CD8+terminal Tex_CD4+ADSL+ Tn","CD8+terminal Tex","CD4+ADSL+ Tn",15,0,0,1,1,1,"","CD70_TCF7/CCL3_TXK/NAMPT_TXK/HAVCR2_TXK/NAMPT_CMTM8/NAMPT_IL6R/CD70_IL6ST/NAMPT_IL6ST/NAMPT_LDHB/TNFSF4_LIMS2/RBPJ_ANKRD55/NAMPT_ANKRD55/CSF1_COTL1/CD70_COTL1/CD74_COTL1"
"714",1474,1397,"CD8+OXPHOS- Tex_CD4+ADSL+ Tn","CD8+OXPHOS- Tex","CD4+ADSL+ Tn",8,0,0,1,1,1,"","PRDM1_TCF7/CCL3_TXK/HAVCR2_TXK/PHLDA1_KLF2/PRDM1_IL16/PHLDA1_LIMS2/CSF1_COTL1/PHLDA1_DGKA"
"715",1475,1397,"CD8+TCF7+ Tex_CD4+ADSL+ Tn","CD8+TCF7+ Tex","CD4+ADSL+ Tn",24,0,0,1,1,1,"","TNFRSF4_TCF7/IGFL2_LEF1/NR3C1_TXK/IGFL2_TXK/IGFL2_KLF2/IGFL2_IL16/IGFL2_CMTM8/CD200_IL6R/GNG4_IL6R/TNFRSF4_IL6R/IGFL2_IL6R/NMB_IL6R/IGFBP4_IL6R/NR3C1_IL6ST/CD200_IL6ST/IGFL2_IL6ST/IGFL2_LIMS2/NR3C1_ANKRD55/TNFRSF4_ANKRD55/NMB_NOSIP/NR3C1_COTL1/TNFRSF4_COTL1/IGFBP4_COTL1/NMB_DGKA"
"716",1476,1397,"CD8+ISG+ CD8+ T_CD4+ADSL+ Tn","CD8+ISG+ CD8+ T","CD4+ADSL+ Tn",4,0,0,1,1,1,"","STAT2_TXK/STAT2_IL6R/SP100_PASK/CD74_COTL1"
"720",1477,1397,"CD4+CXCR5+ pre-Tfh_CD4+ADSL+ Tn","CD4+CXCR5+ pre-Tfh","CD4+ADSL+ Tn",34,0,0,1,1,1,"","SLC2A3_TCF7/SLC2A3_LEF1/NR3C1_TXK/NR4A2_TXK/AREG_TXK/SLC2A3_TXK/SLC2A3_KLF2/AREG_MYC/SLC2A3_CMTM8/NR4A2_IL6R/AREG_IL6R/SLC2A3_IL6R/PABPC1_IL6R/NR3C1_IL6ST/AREG_IL6ST/SLC2A3_IL6ST/SLC2A3_PASK/AREG_SELL/SLC2A3_SELL/AREG_LDHB/SLC2A3_LDHB/SLC2A3_GIMAP4/AREG_LIMS2/SLC2A3_LIMS2/NR3C1_ANKRD55/NR4A2_ANKRD55/AREG_ANKRD55/PASK_ANKRD55/SLC2A3_ANKRD55/AREG_NOSIP/NR3C1_COTL1/SLC2A3_COTL1/AREG_DGKA/SLC2A3_DGKA"
"721",1478,1397,"CD4+IL7R- Tn_CD4+ADSL+ Tn","CD4+IL7R- Tn","CD4+ADSL+ Tn",0,0,NA,1,1,1,"",""
"722",1479,1397,"CD4+TNF+ T_CD4+ADSL+ Tn","CD4+TNF+ T","CD4+ADSL+ Tn",2,0,0,1,1,1,"","EGR1_KLF2/LCP2_IL6R"
"727",1480,1397,"CD4+CAPG+ Tm_CD4+ADSL+ Tn","CD4+CAPG+ Tm","CD4+ADSL+ Tn",6,0,0,1,1,1,"","BHLHE40_TXK/TIMP1_KLF2/TGFB1_KLF2/RBPJ_ANKRD55/TGFB1_ANKRD55/CD74_COTL1"
"728",1481,1397,"CD4+CAPG+CREM- Tm_CD4+ADSL+ Tn","CD4+CAPG+CREM- Tm","CD4+ADSL+ Tn",3,0,0,1,1,1,"","BHLHE40_TXK/ANXA1_KLF2/ANXA1_IL6R"
"729",1482,1397,"CD4+GZMK+ Tem_CD4+ADSL+ Tn","CD4+GZMK+ Tem","CD4+ADSL+ Tn",6,0,0,1,1,1,"","RUNX3_TXK/NR4A2_TXK/CCL3_TXK/NR4A2_IL6R/NR4A2_ANKRD55/CD74_COTL1"
"730",1483,1397,"CD4+Temra_CD4+ADSL+ Tn","CD4+Temra","CD4+ADSL+ Tn",9,0,0,1,1,1,"","GNLY_TCF7/C1orf21_TCF7/CCL3_TXK/KLRD1_TXK/PLEK_TXK/GNLY_IL6R/S1PR5_IL6R/S1PR5_ANKRD55/S1PR5_COTL1"
"733",1484,1397,"CD4+IL21+ Tfh_CD4+ADSL+ Tn","CD4+IL21+ Tfh","CD4+ADSL+ Tn",21,0,0,1,1,1,"","IGFL2_LEF1/NR3C1_TXK/IGFL2_TXK/IGFL2_KLF2/PDE7B_KLF2/IGFL2_IL16/IGFL2_CMTM8/GNG4_IL6R/CD200_IL6R/NMB_IL6R/IGFL2_IL6R/NR3C1_IL6ST/CD200_IL6ST/IGFL2_IL6ST/TNFSF4_LIMS2/IGFL2_LIMS2/NR3C1_ANKRD55/RBPJ_ANKRD55/NMB_NOSIP/NR3C1_COTL1/NMB_DGKA"
"734",1485,1397,"CD4+IFNG+ Tfh/Th1_CD4+ADSL+ Tn","CD4+IFNG+ Tfh/Th1","CD4+ADSL+ Tn",8,0,0,1,1,1,"","PTMS_TCF7/BHLHE40_TXK/CCL3_TXK/HAVCR2_TXK/PDE7B_KLF2/LAG3_IL6R/RBPJ_ANKRD55/CD74_COTL1"
"735",1486,1397,"CD4+TNFRSF9- Treg_CD4+ADSL+ Tn","CD4+TNFRSF9- Treg","CD4+ADSL+ Tn",1,0,0,1,1,1,"","ARID5B_DGKA"
"739",1487,1397,"CD4+ISG+ Th_CD4+ADSL+ Tn","CD4+ISG+ Th","CD4+ADSL+ Tn",2,0,0,1,1,1,"","IFI16_IL6R/SP100_PASK"
"743",1488,1397,"CD8+IL7R+ Tm_CD4+IL7R- Tn","CD8+IL7R+ Tm","CD4+IL7R- Tn",2,0,0,1,1,1,"","FTH1_EEF1B2/ANXA1_BTF3"
"744",1489,1397,"CD8+ZNF683+CXCR6- Tm_CD4+IL7R- Tn","CD8+ZNF683+CXCR6- Tm","CD4+IL7R- Tn",0,0,NA,1,1,1,"",""
"746",1490,1397,"CD8+GZMK+ Tem_CD4+IL7R- Tn","CD8+GZMK+ Tem","CD4+IL7R- Tn",0,0,NA,1,1,1,"",""
"752",1491,1397,"CD8+terminal Tex_CD4+IL7R- Tn","CD8+terminal Tex","CD4+IL7R- Tn",3,0,0,1,1,1,"","RBPJ_EEF1B2/NAMPT_EEF1B2/NAMPT_LDHB"
"753",1492,1397,"CD8+OXPHOS- Tex_CD4+IL7R- Tn","CD8+OXPHOS- Tex","CD4+IL7R- Tn",0,0,NA,1,1,1,"",""
"754",1493,1397,"CD8+TCF7+ Tex_CD4+IL7R- Tn","CD8+TCF7+ Tex","CD4+IL7R- Tn",3,0,0,1,1,1,"","IGFL2_EEF1A1/NR3C1_FAU/IGFL2_BTF3"
"755",1494,1397,"CD8+ISG+ CD8+ T_CD4+IL7R- Tn","CD8+ISG+ CD8+ T","CD4+IL7R- Tn",0,0,NA,1,1,1,"",""
"758",1495,1397,"CD4+Tn_CD4+IL7R- Tn","CD4+Tn","CD4+IL7R- Tn",0,0,NA,1,1,1,"",""
"760",1496,1397,"CD4+ADSL+ Tn_CD4+IL7R- Tn","CD4+ADSL+ Tn","CD4+IL7R- Tn",0,0,NA,1,1,1,"",""
"774",1497,1397,"CD4+TNFRSF9- Treg_CD4+IL7R- Tn","CD4+TNFRSF9- Treg","CD4+IL7R- Tn",0,0,NA,1,1,1,"",""
"778",1498,1397,"CD4+ISG+ Th_CD4+IL7R- Tn","CD4+ISG+ Th","CD4+IL7R- Tn",0,0,NA,1,1,1,"",""
"779",1499,1397,"CD4+NME1+CCR4- T_CD4+IL7R- Tn","CD4+NME1+CCR4- T","CD4+IL7R- Tn",12,0,0,1,1,1,"","ENO1_EEF1B2/GAPDH_EEF1B2/ENO1_EEF1A1/GAPDH_EEF1A1/GAPDH_ACTG1/GAPDH_NACA/ENO1_FAU/GPI_FAU/GAPDH_FAU/ENO1_BTF3/GPI_BTF3/GAPDH_BTF3"
"782",1500,1397,"CD8+IL7R+ Tm_CD4+TNF+ T","CD8+IL7R+ Tm","CD4+TNF+ T",12,0,0,1,1,1,"","RGCC_HOPX/ANXA1_ID2/TNFAIP3_ID2/GPR183_ID2/TNFAIP3_CD40LG/FTH1_CD40LG/PABPC1_CD40LG/TNFAIP3_CXCR3/RGCC_CXCR3/PABPC1_CXCR3/TNFAIP3_SIT1/TNFAIP3_CD69"
"789",1501,1397,"CD8+ZNF683+CXCR6+ Trm_CD4+TNF+ T","CD8+ZNF683+CXCR6+ Trm","CD4+TNF+ T",6,0,0,1,1,1,"","LGALS1_HOPX/RBPJ_ID2/ZNF683_CD40LG/GZMB_CD40LG/LGALS1_CXCR3/GZMB_CD52"
"791",1502,1397,"CD8+terminal Tex_CD4+TNF+ T","CD8+terminal Tex","CD4+TNF+ T",22,0,0,1,1,1,"","TNFSF4_HOPX/NAMPT_HOPX/RBPJ_ID2/TOX2_ID2/NAMPT_ID2/TNFRSF9_ID2/HAVCR2_ID2/TNFSF4_CD40LG/GZMB_CD40LG/CSF1_CD40LG/NAMPT_CD40LG/TNFRSF9_CD40LG/HAVCR2_CD40LG/TNFRSF9_CCR2/CD70_CXCR3/GZMB_CD52/NAMPT_CD52/HAVCR2_CD52/NAMPT_CISH/TNFSF4_CAPG/HAVCR2_CAPG/TNFSF4_CD99"
"792",1503,1397,"CD8+OXPHOS- Tex_CD4+TNF+ T","CD8+OXPHOS- Tex","CD4+TNF+ T",13,0,0,1,1,1,"","PRDM1_HOPX/PHLDA1_HOPX/PRDM1_ID2/HAVCR2_ID2/TNFRSF9_ID2/CSF1_CD40LG/HAVCR2_CD40LG/TNFRSF9_CD40LG/PRDM1_IFNG/TNFRSF9_CCR2/PRDM1_CXCR3/HAVCR2_CD52/HAVCR2_CAPG"
"796",1504,1397,"CD8+NME1+ T_CD4+TNF+ T","CD8+NME1+ T","CD4+TNF+ T",17,0,0,1,1,1,"","ENO1_ID2/GPI_ID2/GAPDH_ID2/ENO1_CD40LG/GPI_CD40LG/GAPDH_IFNG/ENO1_CCR2/ENO1_CXCR3/GPI_CXCR3/GAPDH_CXCR3/GAPDH_SH3BGRL3/ENO1_ACTB/GAPDH_ACTB/ENO1_CISH/GAPDH_CISH/ENO1_CAPG/GAPDH_CAPG"
"800",1505,1397,"CD4+IL7R- Tn_CD4+TNF+ T","CD4+IL7R- Tn","CD4+TNF+ T",2,0,0,1,1,1,"","EEF1A1_ID2/NACA_ID2"
"803",1506,1397,"CD4+CREM+ Tm_CD4+TNF+ T","CD4+CREM+ Tm","CD4+TNF+ T",33,0,0,1,1,1,"","CREM_HOPX/AREG_HOPX/SRGN_HOPX/AREG_ID2/SRGN_ID2/TNFAIP3_ID2/ANXA1_ID2/CREM_CD40LG/NR4A2_CD40LG/TGFB1_CD40LG/AREG_CD40LG/FTH1_CD40LG/SRGN_CD40LG/TNFAIP3_CD40LG/AREG_IFNG/AREG_FASLG/AREG_CCR2/SRGN_CCR2/CREM_CXCR3/NR4A2_CXCR3/AREG_CXCR3/TNFAIP3_CXCR3/AREG_CD52/SRGN_CD52/AREG_MYL12A/AREG_SIT1/SRGN_SIT1/TNFAIP3_SIT1/AREG_CAPG/SRGN_CAPG/AREG_CD69/TNFAIP3_CD69/AREG_CD99"
"812",1507,1397,"CD4+IFNG+ Tfh/Th1_CD4+TNF+ T","CD4+IFNG+ Tfh/Th1","CD4+TNF+ T",13,0,0,1,1,1,"","BHLHE40_ID2/RBPJ_ID2/HAVCR2_ID2/PTMS_ID2/ZEB2_CD40LG/GZMB_CD40LG/HAVCR2_CD40LG/CCL4_CCR2/ZEB2_CXCR3/BHLHE40_CXCR3/GZMB_CD52/HAVCR2_CD52/HAVCR2_CAPG"
"813",1508,1397,"CD4+TNFRSF9- Treg_CD4+TNF+ T","CD4+TNFRSF9- Treg","CD4+TNF+ T",1,0,0,1,1,1,"","IKZF4_ID2"
"860",1509,1397,"CD8+IL7R+ Tm_CD4+TIMP1+ Tm","CD8+IL7R+ Tm","CD4+TIMP1+ Tm",12,0,0,1,1,1,"","ANXA1_KLF2/RGCC_HOPX/TNFAIP3_LMO4/FTH1_LMO4/PABPC1_FLT3LG/TNFAIP3_CD40LG/FTH1_CD40LG/PABPC1_CD40LG/FTH1_S100A11/ANXA1_S100A10/TSC22D3_ANXA1/RGCC_S100A6"
"863",1510,1397,"CD8+GZMK+ Tem_CD4+TIMP1+ Tm","CD8+GZMK+ Tem","CD4+TIMP1+ Tm",3,0,0,1,1,1,"","HLA-DRB1_LMO4/SUB1_FLT3LG/COTL1_VIM"
"876",1511,1397,"CD4+CXCR5+ pre-Tfh_CD4+TIMP1+ Tm","CD4+CXCR5+ pre-Tfh","CD4+TIMP1+ Tm",27,0,0,1,1,1,"","SLC2A3_KLF2/AREG_HOPX/SLC2A3_HOPX/NR3C1_LMO4/AREG_LMO4/SLC2A3_LMO4/AREG_TIMP1/NR3C1_FLT3LG/AREG_FLT3LG/PASK_FLT3LG/SLC2A3_FLT3LG/PABPC1_FLT3LG/NR4A2_CD40LG/AREG_CD40LG/SLC2A3_CD40LG/PABPC1_CD40LG/SLC2A3_IL7R/AREG_S100A11/NR4A2_S100A10/AREG_S100A10/SLC2A3_S100A10/SLC2A3_S100A4/SLC2A3_SH3BGRL3/AREG_CD52/SLC2A3_CD52/AREG_S100A6/AREG_CAPG"
"885",1512,1397,"CD4+GZMK+ Tem_CD4+TIMP1+ Tm","CD4+GZMK+ Tem","CD4+TIMP1+ Tm",3,0,0,1,1,1,"","NR4A2_CD40LG/NR4A2_S100A10/FASLG_S100A6"
"891",1513,1397,"CD4+TNFRSF9- Treg_CD4+TIMP1+ Tm","CD4+TNFRSF9- Treg","CD4+TIMP1+ Tm",2,0,0,1,1,1,"","ARID5B_FLT3LG/STAM_FLT3LG"
"939",1514,1397,"CD8+ZNF683+CXCR6- Tm_CD4+CCL5+ Tm","CD8+ZNF683+CXCR6- Tm","CD4+CCL5+ Tm",2,0,0,1,1,1,"","ZNF683_CD40LG/IL32_PTGER4"
"947",1515,1397,"CD8+terminal Tex_CD4+CCL5+ Tm","CD8+terminal Tex","CD4+CCL5+ Tm",23,0,0,1,1,1,"","CSF1_ZFP36L2/CD70_ZFP36L2/NAMPT_ZFP36L2/TNFSF4_HOPX/NAMPT_HOPX/RBPJ_ID2/TOX2_ID2/NAMPT_ID2/TNFRSF9_ID2/HAVCR2_ID2/TNFSF4_CD40LG/GZMB_CD40LG/CSF1_CD40LG/NAMPT_CD40LG/TNFRSF9_CD40LG/HAVCR2_CD40LG/GZMB_GZMH/RBPJ_PARP8/NAMPT_PARP8/RBPJ_PTGER4/CSF1_PTGER4/NAMPT_PTGER4/TNFSF4_CD99"
"969",1516,1397,"CD4+TNFRSF9- Treg_CD4+CCL5+ Tm","CD4+TNFRSF9- Treg","CD4+CCL5+ Tm",4,0,0,1,1,1,"","IKZF4_ID2/VAV3_BHLHE40/ARID5B_PARP8/ARID5B_PTGER4"
"978",1517,1397,"CD8+ZNF683+CXCR6- Tm_CD4+CAPG+ Tm","CD8+ZNF683+CXCR6- Tm","CD4+CAPG+ Tm",1,0,0,1,1,1,"","ZNF683_CD40LG"
"986",1518,1397,"CD8+terminal Tex_CD4+CAPG+ Tm","CD8+terminal Tex","CD4+CAPG+ Tm",27,0,0,1,1,1,"","TNFSF4_HOPX/NAMPT_HOPX/RBPJ_ID2/TOX2_ID2/NAMPT_ID2/TNFRSF9_ID2/HAVCR2_ID2/TNFSF4_CD40LG/GZMB_CD40LG/CSF1_CD40LG/NAMPT_CD40LG/TNFRSF9_CD40LG/HAVCR2_CD40LG/RBPJ_HMGB1/NAMPT_HMGB1/CD70_CXCR3/CD70_CXCR6/TNFRSF9_CXCR6/TNFSF4_CAPG/HAVCR2_CAPG/GZMB_CD52/NAMPT_CD52/HAVCR2_CD52/TNFSF4_S100A11/CSF1_COTL1/CD70_COTL1/CD74_COTL1"
"1008",1519,1397,"CD4+TNFRSF9- Treg_CD4+CAPG+ Tm","CD4+TNFRSF9- Treg","CD4+CAPG+ Tm",2,0,0,1,1,1,"","VAV3_BHLHE40/IKZF4_ID2"
"1025",1520,1397,"CD8+terminal Tex_CD4+CAPG+CREM- Tm","CD8+terminal Tex","CD4+CAPG+CREM- Tm",26,0,0,1,1,1,"","TNFSF4_HOPX/NAMPT_HOPX/RBPJ_ID2/TOX2_ID2/NAMPT_ID2/TNFRSF9_ID2/HAVCR2_ID2/CSF1_ZFP36L2/CD70_ZFP36L2/NAMPT_ZFP36L2/GZMB_GZMH/TNFSF4_CD40LG/GZMB_CD40LG/CSF1_CD40LG/NAMPT_CD40LG/TNFRSF9_CD40LG/HAVCR2_CD40LG/CD70_CXCR3/CD70_CXCR6/TNFRSF9_CXCR6/TNFSF4_CAPG/HAVCR2_CAPG/GZMB_CD52/NAMPT_CD52/HAVCR2_CD52/TNFSF4_CD99"
"1047",1521,1397,"CD4+TNFRSF9- Treg_CD4+CAPG+CREM- Tm","CD4+TNFRSF9- Treg","CD4+CAPG+CREM- Tm",2,0,0,1,1,1,"","IKZF4_ID2/VAV3_BHLHE40"
"1056",1522,1397,"CD8+ZNF683+CXCR6- Tm_CD4+GZMK+ Tem","CD8+ZNF683+CXCR6- Tm","CD4+GZMK+ Tem",1,0,0,1,1,1,"","IL32_NFATC2"
"1073",1523,1397,"CD4+IL7R- Tn_CD4+GZMK+ Tem","CD4+IL7R- Tn","CD4+GZMK+ Tem",4,0,0,1,1,1,"","ACTG1_NFATC2/NACA_NFATC2/ACTG1_F2R/NACA_F2R"
"1085",1524,1397,"CD4+IFNG+ Tfh/Th1_CD4+GZMK+ Tem","CD4+IFNG+ Tfh/Th1","CD4+GZMK+ Tem",11,0,0,1,1,1,"","ZEB2_NFATC2/GZMB_GZMH/ZEB2_CXCR3/BHLHE40_CXCR3/GZMB_CRTAM/RBPJ_ENC1/HAVCR2_ENC1/KRT86_ENC1/PDE7B_ENC1/RBPJ_F2R/KRT86_F2R"
"1181",1525,1397,"CD8+terminal Tex_CD4+IL26+ Th17","CD8+terminal Tex","CD4+IL26+ Th17",65,0,0,1,1,1,"","RBPJ_ID2/TOX2_ID2/NAMPT_ID2/TNFRSF9_ID2/HAVCR2_ID2/TNFRSF9_IL26/NAMPT_TNFSF13B/HAVCR2_TNFSF13B/TNFSF4_CD40LG/GZMB_CD40LG/CSF1_CD40LG/NAMPT_CD40LG/TNFRSF9_CD40LG/HAVCR2_CD40LG/RBPJ_IL22/ETV1_IL22/TOX2_IL22/CD70_IL22/NAMPT_IL22/TNFRSF9_IL22/CD70_CXCR6/TNFRSF9_CXCR6/TNFRSF9_CCR6/RBPJ_IL23R/CSF1_IL23R/CCL3_IL23R/CD70_IL23R/NAMPT_IL23R/FASLG_IL23R/CXCR6_IL23R/IL2RB_IL23R/TNFRSF9_IL23R/HAVCR2_IL23R/RBPJ_IL17RE/ETV1_IL17RE/TOX_IL17RE/ZBED2_IL17RE/TOX2_IL17RE/TNFSF4_IL17RE/FAM3C_IL17RE/CSF1_IL17RE/CCL3_IL17RE/CD70_IL17RE/IFNG_IL17RE/NAMPT_IL17RE/IL2RA_IL17RE/TNFRSF9_IL17RE/LAYN_IL17RE/ENTPD1_IL17RE/HAVCR2_IL17RE/KRT86_IL17RE/TNFRSF18_IL17RE/GEM_IL17RE/NAMPT_KLRB1/TNFSF4_CTSH/NAMPT_CTSH/HAVCR2_CTSH/RBPJ_CA10/NAMPT_CA10/TNFSF4_CAPG/HAVCR2_CAPG/NAMPT_MGAT4A/HAVCR2_MGAT4A/NAMPT_ERN1/CD70_TMIGD2"
"1182",1526,1397,"CD8+OXPHOS- Tex_CD4+IL26+ Th17","CD8+OXPHOS- Tex","CD4+IL26+ Th17",36,0,0,1,1,1,"","PRDM1_ID2/HAVCR2_ID2/TNFRSF9_ID2/TNFRSF9_IL26/HAVCR2_TNFSF13B/CSF1_CD40LG/HAVCR2_CD40LG/TNFRSF9_CD40LG/ETV1_IL22/TNFRSF9_IL22/TNFRSF9_CXCR6/TNFRSF9_CCR6/PRDM1_IL23R/CSF1_IL23R/CCL3_IL23R/HAVCR2_IL23R/TNFRSF9_IL23R/PHLDA1_IL23R/ETV1_IL17RE/PRDM1_IL17RE/CSF1_IL17RE/CCL3_IL17RE/FAM3C_IL17RE/LAYN_IL17RE/HAVCR2_IL17RE/ENTPD1_IL17RE/TNFRSF9_IL17RE/TNFRSF18_IL17RE/PHLDA1_IL17RE/KIR2DL4_IL17RE/HAVCR2_CTSH/PHLDA1_CA10/HAVCR2_CAPG/HAVCR2_MGAT4A/PHLDA1_MGAT4A/PRDM1_TMIGD2"
"1259",1527,1397,"CD8+terminal Tex_CD4+IFNG+ Tfh/Th1","CD8+terminal Tex","CD4+IFNG+ Tfh/Th1",10,0,0,1,1,1,"","RBPJ_ID2/TOX2_ID2/NAMPT_ID2/TNFRSF9_ID2/HAVCR2_ID2/NAMPT_IL21/CD70_CXCR6/TNFRSF9_CXCR6/CD70_KRT86/CD70_MYO7A"
"1260",1528,1397,"CD8+OXPHOS- Tex_CD4+IFNG+ Tfh/Th1","CD8+OXPHOS- Tex","CD4+IFNG+ Tfh/Th1",6,0,0,1,1,1,"","PRDM1_ID2/HAVCR2_ID2/TNFRSF9_ID2/PRDM1_IFNG/TNFRSF9_CXCR6/PRDM1_DUSP4"
"1289",1529,1397,"CD8+IL7R+ Tm_CD4+TNFRSF9- Treg","CD8+IL7R+ Tm","CD4+TNFRSF9- Treg",5,0,0,1,1,1,"","TNFAIP3_IKZF2/PABPC1_IKZF4/TNFAIP3_TBC1D4/TNFAIP3_FCRL3/TNFAIP3_STAM"
"1290",1530,1397,"CD8+ZNF683+CXCR6- Tm_CD4+TNFRSF9- Treg","CD8+ZNF683+CXCR6- Tm","CD4+TNFRSF9- Treg",0,0,NA,1,1,1,"",""
"1292",1531,1397,"CD8+GZMK+ Tem_CD4+TNFRSF9- Treg","CD8+GZMK+ Tem","CD4+TNFRSF9- Treg",2,0,0,1,1,1,"","CST7_TIGIT/CST7_FCRL3"
"1298",1532,1397,"CD8+terminal Tex_CD4+TNFRSF9- Treg","CD8+terminal Tex","CD4+TNFRSF9- Treg",3,0,0,1,1,1,"","TOX2_IKZF4/NAMPT_TBC1D4/CXCL13_FCRL3"
"1299",1533,1397,"CD8+OXPHOS- Tex_CD4+TNFRSF9- Treg","CD8+OXPHOS- Tex","CD4+TNFRSF9- Treg",1,0,0,1,1,1,"","CXCL13_FCRL3"
"1300",1534,1397,"CD8+TCF7+ Tex_CD4+TNFRSF9- Treg","CD8+TCF7+ Tex","CD4+TNFRSF9- Treg",9,0,0,1,1,1,"","TNFRSF4_FOXP3/CD200_IKZF2/IGFL2_IKZF2/TNFRSF4_IKZF4/NR3C1_TBC1D4/CXCL13_FCRL3/NMB_CEACAM4/CD200_VAV3/CD200_TTN"
"1307",1535,1397,"CD4+IL7R- Tn_CD4+TNFRSF9- Treg","CD4+IL7R- Tn","CD4+TNFRSF9- Treg",0,0,NA,1,1,1,"",""
"1309",1536,1397,"CD4+AREG+ Tm_CD4+TNFRSF9- Treg","CD4+AREG+ Tm","CD4+TNFRSF9- Treg",8,0,0,1,1,1,"","AREG_IKZF2/PABPC1_IKZF4/AREG_RTKN2/AREG_FCRL3/AREG_CEACAM4/AREG_SELL/AREG_VAV3/AREG_TTN"
"1328",1537,1397,"CD8+IL7R+ Tm_CD4+S1PR1+ Treg","CD8+IL7R+ Tm","CD4+S1PR1+ Treg",13,0,0,1,1,1,"","TNFAIP3_IKZF2/ANXA1_KLF2/ANXA1_KLF3/TNFAIP3_KLF3/RGCC_KLF3/PABPC1_FLT3LG/TNFAIP3_IL10RA/TNFAIP3_CCR10/TNFAIP3_HPGD/RGCC_HPGD/GPR183_HPGD/TNFAIP3_PI16/RGCC_PI16"
"1329",1538,1397,"CD8+ZNF683+CXCR6- Tm_CD4+S1PR1+ Treg","CD8+ZNF683+CXCR6- Tm","CD4+S1PR1+ Treg",5,0,0,1,1,1,"","ZNF683_CCDC141/ZNF683_HPGD/CCL5_HPGD/IL32_HPGD/CD52_HPGD"
"1331",1539,1397,"CD8+GZMK+ Tem_CD4+S1PR1+ Treg","CD8+GZMK+ Tem","CD4+S1PR1+ Treg",16,0,0,1,1,1,"","SUB1_KLF3/HLA-DQA1_KLF3/SUB1_FLT3LG/CCL4_CCR4/CST7_CCR4/COTL1_CD74/CST7_SAMHD1/CCL4_CCDC141/CST7_CCDC141/CCL5_HPGD/IL32_HPGD/CCL4_HPGD/HLA-DQA1_HPGD/APOBEC3G_HPGD/CCL4_PI16/ITM2C_PI16"
"1335",1540,1397,"CD8+ZNF683+CXCR6+ Trm_CD4+S1PR1+ Treg","CD8+ZNF683+CXCR6+ Trm","CD4+S1PR1+ Treg",12,0,0,1,1,1,"","RBPJ_KLF3/LGALS1_KLF3/RBPJ_FLT3LG/ZNF683_CCDC141/ZNF683_HPGD/RBPJ_HPGD/IL32_HPGD/GZMB_HPGD/CCL5_HPGD/CD52_HPGD/LGALS1_HPGD/LGALS1_PI16"
"1336",1541,1397,"CD8+GZMK+ Tex_CD4+S1PR1+ Treg","CD8+GZMK+ Tex","CD4+S1PR1+ Treg",28,0,0,1,1,1,"","TRPS1_IKZF2/TSC22D1_KLF2/TSC22D1_KLF3/PRDM1_KLF3/TRPS1_KLF3/CCL3_KLF3/NAMPT_KLF3/HLA-DQA1_KLF3/TSC22D1_FLT3LG/PRDM1_FLT3LG/TRPS1_FLT3LG/TNFRSF9_FLT3LG/NAMPT_IL10RA/CCL4_CCR4/NAMPT_SAMHD1/CCL4_CCDC141/TOX_HPGD/TSC22D1_HPGD/CCL3_HPGD/CCL5_HPGD/TNFSF4_HPGD/CCL4_HPGD/NAMPT_HPGD/HAVCR2_HPGD/HLA-DQA1_HPGD/PRDM1_PI16/CCL4_PI16/NAMPT_PI16"
"1337",1542,1397,"CD8+terminal Tex_CD4+S1PR1+ Treg","CD8+terminal Tex","CD4+S1PR1+ Treg",34,0,0,1,1,1,"","RBPJ_KLF3/ETV1_KLF3/TOX2_KLF3/FAM3C_KLF3/CSF1_KLF3/CCL3_KLF3/NAMPT_KLF3/RBPJ_FLT3LG/TOX2_FLT3LG/CSF1_FLT3LG/CD70_FLT3LG/TNFRSF9_FLT3LG/GEM_FLT3LG/NAMPT_IL10RA/CD70_CCR10/CD70_SAMHD1/NAMPT_SAMHD1/RBPJ_HPGD/TOX_HPGD/ZBED2_HPGD/TNFSF4_HPGD/GZMB_HPGD/CSF1_HPGD/CCL3_HPGD/CD70_HPGD/NAMPT_HPGD/FASLG_HPGD/IL2RA_HPGD/HAVCR2_HPGD/KRT86_HPGD/TNFRSF18_HPGD/ZBED2_PI16/FAM3C_PI16/NAMPT_PI16"
"1338",1543,1397,"CD8+OXPHOS- Tex_CD4+S1PR1+ Treg","CD8+OXPHOS- Tex","CD4+S1PR1+ Treg",17,0,0,1,1,1,"","PHLDA1_KLF2/ETV1_KLF3/PRDM1_KLF3/CSF1_KLF3/CCL3_KLF3/FAM3C_KLF3/PRDM1_FLT3LG/CSF1_FLT3LG/TNFRSF9_FLT3LG/CSF1_HPGD/CCL3_HPGD/HAVCR2_HPGD/TNFRSF18_HPGD/PHLDA1_HPGD/PRDM1_PI16/FAM3C_PI16/PHLDA1_PI16"
"1346",1544,1397,"CD4+IL7R- Tn_CD4+S1PR1+ Treg","CD4+IL7R- Tn","CD4+S1PR1+ Treg",9,0,0,1,1,1,"","NACA_KLF3/FAU_KLF3/EEF1A1_FLT3LG/ACTG1_FLT3LG/NACA_FLT3LG/BTF3_FLT3LG/NACA_SAMHD1/ACTG1_HPGD/NACA_HPGD"
"1347",1545,1397,"CD4+TNF+ T_CD4+S1PR1+ Treg","CD4+TNF+ T","CD4+S1PR1+ Treg",10,0,0,1,1,1,"","EGR1_KLF2/CCL4_CCR4/CCL4_CCDC141/CCL5_HPGD/CCL4_HPGD/FASLG_HPGD/CD52_HPGD/CD99_HPGD/LCP2_HPGD/CCL4_PI16"
"1352",1546,1397,"CD4+CAPG+ Tm_CD4+S1PR1+ Treg","CD4+CAPG+ Tm","CD4+S1PR1+ Treg",17,0,0,1,1,1,"","TIMP1_KLF2/TGFB1_KLF2/RBPJ_KLF3/RBPJ_FLT3LG/COTL1_CD74/BHLHE40_CCDC141/BHLHE40_HPGD/RBPJ_HPGD/CCL5_HPGD/TIMP1_HPGD/IL32_HPGD/HMGB1_HPGD/ALOX5AP_HPGD/CD52_HPGD/BHLHE40_PI16/PPARG_PI16/TGFB1_PI16"
"1353",1547,1397,"CD4+CAPG+CREM- Tm_CD4+S1PR1+ Treg","CD4+CAPG+CREM- Tm","CD4+S1PR1+ Treg",19,0,0,1,1,1,"","ANXA1_KLF2/IL18RAP_KLF3/ANXA1_KLF3/CCL4_CCR4/BHLHE40_CCDC141/ZNF683_CCDC141/CCL4_CCDC141/BHLHE40_HPGD/ZNF683_HPGD/CCL5_HPGD/CCL4_HPGD/GZMB_HPGD/IL18RAP_HPGD/ALOX5AP_HPGD/CD52_HPGD/CD99_HPGD/HCST_HPGD/BHLHE40_PI16/CCL4_PI16"
"1360",1548,1397,"CD4+TNFRSF9- Treg_CD4+S1PR1+ Treg","CD4+TNFRSF9- Treg","CD4+S1PR1+ Treg",5,0,0,1,1,1,"","ARID5B_FLT3LG/STAM_FLT3LG/IKZF2_HPGD/RTKN2_HPGD/STAM_HPGD"
"1416",1549,1397,"CD8+OXPHOS- Tex_CD4+ISG+ Treg","CD8+OXPHOS- Tex","CD4+ISG+ Treg",12,0,0,1,1,1,"","FAM3C_ETV7/HAVCR2_ETV7/HAVCR2_IL1RN/PRDM1_IL7/CCL3_IL7/HAVCR2_IL7/ENTPD1_IL7/HAVCR2_TNFSF13B/PRDM1_OAS1/HAVCR2_OAS1/HAVCR2_MX1/HAVCR2_IFI6"
"1445",1550,1397,"CD8+IL7R+ Tm_CD4+ISG+ Th","CD8+IL7R+ Tm","CD4+ISG+ Th",4,0,0,1,1,1,"","TNFAIP3_PLSCR1/TNFAIP3_SP100/ANXA1_IFI6/PABPC1_IFI6"
"1446",1551,1397,"CD8+ZNF683+CXCR6- Tm_CD4+ISG+ Th","CD8+ZNF683+CXCR6- Tm","CD4+ISG+ Th",0,0,NA,1,1,1,"",""
"1448",1552,1397,"CD8+GZMK+ Tem_CD4+ISG+ Th","CD8+GZMK+ Tem","CD4+ISG+ Th",5,0,0,1,1,1,"","CXCR3_IFI16/CST7_IFIT3/CCL4_IFI44L/CST7_IFI6/CCL4_CMPK2"
"1450",1553,1397,"CD8+KIR+EOMES+ NK-like_CD4+ISG+ Th","CD8+KIR+EOMES+ NK-like","CD4+ISG+ Th",4,0,0,1,1,1,"","LITAF_SP100/CMC1_IFI16/TYROBP_MX1/TNFSF9_MX2"
"1454",1554,1397,"CD8+terminal Tex_CD4+ISG+ Th","CD8+terminal Tex","CD4+ISG+ Th",22,0,0,1,1,1,"","RBPJ_SP100/TOX2_SP100/RBPJ_TNFSF10/NAMPT_TNFSF10/NAMPT_TNFSF13B/HAVCR2_TNFSF13B/GZMB_IFIT3/GZMB_IFIT1/GZMB_IFI44L/RBPJ_MX1/TOX2_MX1/GZMB_MX1/NAMPT_MX1/IL2RA_MX1/HAVCR2_MX1/RBPJ_IFI6/NAMPT_IFI6/IL2RA_IFI6/HAVCR2_IFI6/HAVCR2_MX2/GZMB_IFIT2/HAVCR2_CMPK2"
"1455",1555,1397,"CD8+OXPHOS- Tex_CD4+ISG+ Th","CD8+OXPHOS- Tex","CD4+ISG+ Th",6,0,0,1,1,1,"","HAVCR2_TNFSF13B/HAVCR2_MX1/HAVCR2_IFI6/HAVCR2_MX2/PRDM1_IFIT2/HAVCR2_CMPK2"
"1457",1556,1397,"CD8+ISG+ CD8+ T_CD4+ISG+ Th","CD8+ISG+ CD8+ T","CD4+ISG+ Th",3,0,0,1,1,1,"","CCR1_IFIT1/CCR1_MX1/STAT2_MX2"
"1463",1557,1397,"CD4+IL7R- Tn_CD4+ISG+ Th","CD4+IL7R- Tn","CD4+ISG+ Th",0,0,NA,1,1,1,"",""
"1467",1558,1397,"CD4+CREM+ Tm_CD4+ISG+ Th","CD4+CREM+ Tm","CD4+ISG+ Th",16,0,0,1,1,1,"","AREG_PLSCR1/TNFAIP3_PLSCR1/AREG_IRF7/AREG_SP100/TNFAIP3_SP100/AREG_TNFSF10/AREG_TNFSF13B/AREG_IFIT3/AREG_MX1/SRGN_MX1/AREG_ISG15/AREG_IFI6/SRGN_IFI6/ANXA1_IFI6/AREG_MX2/SRGN_CMPK2"
"1471",1559,1397,"CD4+GZMK+ Tem_CD4+ISG+ Th","CD4+GZMK+ Tem","CD4+ISG+ Th",8,0,0,1,1,1,"","LITAF_SP100/CXCR3_IFI16/CST7_IFIT3/CCL4_IFI44L/CCL3L3_IFI6/CST7_IFI6/TNFSF9_MX2/CCL4_CMPK2"
"1477",1560,1397,"CD4+TNFRSF9- Treg_CD4+ISG+ Th","CD4+TNFRSF9- Treg","CD4+ISG+ Th",2,0,0,1,1,1,"","STAM_SP100/STAM_MX1"
