Index,Rank,Cell.Interaction,Favorable.Cell.Type,Unfavorable.Cell.Type,No.Total.IMGP,No.Shared.IMGP,Enrichment.Ratio,P.Value,Adjust.P.Value,Permutation.FDR,Shared.IMGP,Total.IMGP
1,1,T_CD8 T,T,CD8 T,156,133,2.292,1.09E-35,5.04E-33,0,CD3E_LEPROTL1/CD3E_ZNF22/CD6_LEPROTL1/CD96_DNAJB1/CD3E_PPP1R2/TRBC1_CD8B/CD3G_LEPROTL1/BCL11B_LIME1/CD6_ABT1/TRAT1_DNAJB1/CD6_PPP1R2/CD28_LEPROTL1/ITM2A_ZNF22/TRBC1_LEPROTL1/CD3E_TMC6/TRBC1_DNAJB1/CD3E_PRR5/CD96_LEPROTL1/TRAT1_LEPROTL1/TRAT1_PPP1R2/CD3E_DNAJB1/TRBC1_FLT3LG/CD6_DNAJB1/CD3D_LEPROTL1/CD96_APBA2/BCL11B_DNAJB1/CD6_FLT3LG/BCL11B_VAMP2/CD3E_VAMP2/TRAT1_FLT3LG/CD28_ABT1/CD3D_PPP1R2/CD3E_RBM3/CD3G_ZNF22/TRBC1_PRR5/TRBC1_TMC6/BCL11B_PPP1R2/BCL11B_LEPROTL1/TRAT1_ZNF609/CD3E_ABT1/CD3D_VAMP2/CD28_RBM3/BCL11B_RBM3/CD6_APBA2/BCL11B_ZNF91/CD3E_CAMLG/CD3D_DNAJB1/TRBC1_APBA2/TRAT1_SF1/CD3D_CD8B/CD3G_FLT3LG/TRBC1_LIME1/GIMAP5_DNAJB1/TRAT1_APBA2/TRAT1_PRR5/TRAT1_LIME1/TRAT1_ABT1/CD6_TMC6/TRAT1_TMC6/CD3G_PPP1R2/CD3E_CD8B/CD3E_LIME1/SH2D1A_DNAJB1/CD2_LEPROTL1/CD3G_TMC6/CD96_TMC6/TRAT1_ZNF91/CD2_PPP1R2/SH2D1A_LEPROTL1/TRBC1_PRF1/CD3D_PRF1/SH2D1A_CD8B/CD2_DNAJB1/CD3G_CD8B/TRBC1_ABT1/SH2D1A_FLT3LG/CD2_VAMP2/TRBC1_PPP1R2/TRAT1_VAMP2/SH2D1A_ABT1/CD6_LIME1/SH2D1A_PPP1R2/CD3G_LIME1/CD3D_TMC6/TRBC1_CD8A/CD2_CAMLG/CD2_LIME1/CD96_PPP1R2/CD6_TBCC/CD28_VAMP2/CD3D_ZNF22/CD3G_DNAJB1/CD6_VAMP2/CD2_FLT3LG/TRBC1_ZNF91/CD2_ABT1/CD3G_ABT1/CD96_CD8B/TRAT1_ZNF22/CD6_ZNF91/CD3E_ZNF609/TRAT1_CAMLG/SH2D1A_PRF1/GIMAP5_ABT1/CD2_SF1/ITM2A_SLC16A7/SH2D1A_VAMP2/CD3E_SF1/CD3D_ABT1/CD28_FLT3LG/CD6_ARHGAP8/SH2D1A_ZNF22/TRBC1_RBM3/CD3E_THUMPD1/BCL11B_ZNF609/CD2_TMC6/CD6_PRR5/CD28_PRR5/BCL11B_ABT1/CD96_ABT1/CD3D_SF1/GIMAP5_LEPROTL1/CD3E_TBCC/CD3G_ZEB1/TRBC1_VAMP2/CD2_ZNF22/SH2D1A_LIME1/BCL11B_PRR5/CD6_PF4/CD2_ZEB1/CD3E_ZEB1/CD6_ZNF609/SH2D1A_ZNF91,CD3D_SF1/CD3E_SF1/TRAT1_SF1/CD2_SF1/CD6_ARHGAP8/CD3D_DNAJB1/CD3G_DNAJB1/CD3E_DNAJB1/TRAT1_DNAJB1/BCL11B_DNAJB1/CD2_DNAJB1/CD6_DNAJB1/CD96_DNAJB1/GIMAP5_DNAJB1/SH2D1A_DNAJB1/TRBC1_DNAJB1/CD3D_CD8B/CD3G_CD8B/CD3E_CD8B/CD96_CD8B/SH2D1A_CD8B/TRBC1_CD8B/TRBC1_CD8A/CD6_PF4/CD28_PRR5/CD3E_PRR5/TRAT1_PRR5/BCL11B_PRR5/CD6_PRR5/TRBC1_PRR5/CD3D_LIME1/CD3G_LIME1/CD3E_LIME1/TRAT1_LIME1/BCL11B_LIME1/CD2_LIME1/CD6_LIME1/SH2D1A_LIME1/TRBC1_LIME1/CD3E_THUMPD1/CD2_THUMPD1/CD3D_VAMP2/CD28_VAMP2/LCK_VAMP2/CD3G_VAMP2/CD3E_VAMP2/TRAT1_VAMP2/BCL11B_VAMP2/CD2_VAMP2/CD6_VAMP2/SH2D1A_VAMP2/TRBC1_VAMP2/ITM2A_SLC16A7/TRAT1_APBA2/CD6_APBA2/CD96_APBA2/TRBC1_APBA2/CD3D_LEPROTL1/CD28_LEPROTL1/CD3G_LEPROTL1/CD3E_LEPROTL1/TRAT1_LEPROTL1/BCL11B_LEPROTL1/CD2_LEPROTL1/CD6_LEPROTL1/CD96_LEPROTL1/GIMAP5_LEPROTL1/SH2D1A_LEPROTL1/TRBC1_LEPROTL1/CD3G_ZEB1/CD3E_ZEB1/TRAT1_ZEB1/CD2_ZEB1/TRBC1_ZEB1/CD3G_ZNF609/CD3E_ZNF609/TRAT1_ZNF609/BCL11B_ZNF609/CD6_ZNF609/TRBC1_ZNF609/CD3D_CAMLG/CD3G_CAMLG/CD3E_CAMLG/TRAT1_CAMLG/CD2_CAMLG/SH2D1A_CAMLG/CD3D_PPP1R2/CD28_PPP1R2/CD3G_PPP1R2/CD3E_PPP1R2/TRAT1_PPP1R2/BCL11B_PPP1R2/CD2_PPP1R2/CD6_PPP1R2/CD96_PPP1R2/GIMAP5_PPP1R2/SH2D1A_PPP1R2/TRBC1_PPP1R2/TRAT1_ZNF91/BCL11B_ZNF91/CD6_ZNF91/SH2D1A_ZNF91/TRBC1_ZNF91/CD3D_ZNF22/CD3G_ZNF22/CD3E_ZNF22/TRAT1_ZNF22/CD2_ZNF22/SH2D1A_ZNF22/ITM2A_ZNF22/CD3D_TMC6/CD3G_TMC6/CD3E_TMC6/TRAT1_TMC6/CD2_TMC6/CD6_TMC6/CD96_TMC6/TRBC1_TMC6/CD28_FLT3LG/CD3G_FLT3LG/CD3E_FLT3LG/TRAT1_FLT3LG/CD2_FLT3LG/CD6_FLT3LG/CD96_FLT3LG/SH2D1A_FLT3LG/TRBC1_FLT3LG/TRAT1_CDKN2AIP/CD3D_TBCC/CD3E_TBCC/CD6_TBCC/CD28_RBM3/LCK_RBM3/CD3E_RBM3/TRAT1_RBM3/BCL11B_RBM3/CD2_RBM3/SH2D1A_RBM3/TRBC1_RBM3/CD3D_ABT1/CD28_ABT1/CD3G_ABT1/CD3E_ABT1/TRAT1_ABT1/BCL11B_ABT1/CD2_ABT1/CD6_ABT1/CD96_ABT1/GIMAP5_ABT1/SH2D1A_ABT1/TRBC1_ABT1/CD3D_PRF1/CD2_PRF1/CD96_PRF1/SH2D1A_PRF1/TRBC1_PRF1
2,2,T_Tcm,T,Tcm,176,144,2.199,1.99E-34,4.61E-32,0,CD6_REPS1/CD3E_REPS1/CD3E_CREBZF/CD3E_ATM/CD28_CYLD/CD3E_PHC3/BCL11B_REPS1/CD6_CEP68/CD3G_SNRPN/CD96_CYLD/TRAT1_CYLD/CD3E_CASP8/TRBC1_SNRPN/CD2_SNRPN/TRAT1_REPS1/CD3E_CLUAP1/CD6_SNRPN/CD3E_SNRPN/CD3E_DOCK9/BCL11B_NFATC3/CD6_PHC3/TRAT1_PCM1/TRBC1_CYLD/TRAT1_CREBZF/BCL11B_CLUAP1/TRAT1_ATM/CD96_CLUAP1/CD3E_ATF7IP/BCL11B_STX16/TRAT1_TIMM8A/CD3E_KLF12/CD28_REPS1/TRBC1_REPS1/BCL11B_ST3GAL1/SH2D1A_CYLD/CD2_CYLD/TRBC1_PHC3/GIMAP5_SNRPN/CD3E_CYLD/CD2_ATM/CD3G_PSPC1/CD28_SNRPN/CD3G_CYLD/CD2_PHC3/BCL11B_CYLD/LCK_PCM1/CD28_DOCK9/CD3D_CYLD/SH2D1A_CREBZF/BCL11B_PHC3/CD3D_SNRPN/LCK_SNRPN/TRBC1_DOCK9/CD6_PCM1/CD3D_CLUAP1/CD3D_NFATC3/CD6_FOXP1/SH2D1A_DOCK9/CD96_PCM1/CD28_ATF7IP/TRAT1_SNRPN/CD6_DOCK9/CD3G_REPS1/CD28_FOXP1/BCL11B_TIMM8A/CD6_STX16/TRBC1_STX16/TRAT1_CEP68/TRAT1_DOCK9/CD3D_CREBZF/CD28_PCM1/CD96_PSPC1/CD3E_STX16/CD6_CDC14A/SH2D1A_PSPC1/SH2D1A_SNRPN/SH2D1A_PCM1/CD3E_PCM1/SH2D1A_PHC3/SH2D1A_STX16/CD3E_CEP68/CD3E_MAP3K1/TRBC1_PCM1/CD3E_PSPC1/CD6_POLR2J2/CD3D_ATM/SH2D1A_MAP3K1/CD2_CLUAP1/BCL11B_PSPC1/CD2_KLF12/CD3E_TIMM8A/TRAT1_PHC3/CD96_STX16/SH2D1A_FOXP1/CD3D_PCM1/CD2_REPS1/CD3E_FOXP1/CD96_SLC7A6/CD3G_CLUAP1/CD3D_DOCK9/CD3D_PSPC1/SH2D1A_NFATC3/TRBC1_ST3GAL1/CD2_CEP68/TRBC1_NFATC3/CD6_MAP3K1/SH2D1A_ATF7IP/SH2D1A_ATM/CD3G_STX16/CD6_CREBZF/CD3G_TIMM8A/CD2_MAP3K1/CD6_CYLD/TRAT1_CLUAP1/LCK_REPS1/CD96_REPS1/CD3G_PHC3/TRAT1_STX16/CD6_ST3GAL1/CD3G_FOXP1/CD3G_ATM/TRAT1_POLR2J2/CD28_STX16/SH2D1A_CASP8/CD3G_PCM1/TRAT1_SLC7A6/TRAT1_FOXP1/CD3D_REPS1/CD2_DOCK9/BCL11B_DOCK9/CD2_FOXP1/TRBC1_FOXP1/BCL11B_FOXP1/CD96_PHC3/CD28_KLF12/CD3D_KLF12/SH2D1A_REPS1/CD3D_PHC3/CD6_PSPC1/TRAT1_CASP8/CD3G_CREBZF/CD2_ATF7IP/CD3D_TIMM8A/TRBC1_NEFL,CD3D_CLUAP1/CD3G_CLUAP1/CD3E_CLUAP1/TRAT1_CLUAP1/BCL11B_CLUAP1/CD2_CLUAP1/CD96_CLUAP1/SH2D1A_CLUAP1/TRBC1_CLUAP1/CD3D_DOCK9/CD28_DOCK9/CD3G_DOCK9/CD3E_DOCK9/TRAT1_DOCK9/BCL11B_DOCK9/CD2_DOCK9/CD6_DOCK9/CD96_DOCK9/SH2D1A_DOCK9/TRBC1_DOCK9/CD6_CDC14A/CD3D_ATM/CD3G_ATM/CD3E_ATM/TRAT1_ATM/CD2_ATM/CD6_ATM/SH2D1A_ATM/CD28_FOXP1/CD3G_FOXP1/CD3E_FOXP1/TRAT1_FOXP1/BCL11B_FOXP1/CD2_FOXP1/CD6_FOXP1/CD96_FOXP1/SH2D1A_FOXP1/TRBC1_FOXP1/CD3D_KLF12/CD28_KLF12/CD3E_KLF12/CD2_KLF12/CD3D_PCM1/CD28_PCM1/LCK_PCM1/CD3G_PCM1/CD3E_PCM1/TRAT1_PCM1/BCL11B_PCM1/CD2_PCM1/CD6_PCM1/CD96_PCM1/SH2D1A_PCM1/TRBC1_PCM1/CD3D_PHC3/CD3G_PHC3/CD3E_PHC3/TRAT1_PHC3/BCL11B_PHC3/CD2_PHC3/CD6_PHC3/CD96_PHC3/SH2D1A_PHC3/TRBC1_PHC3/CD3D_NFATC3/CD3G_NFATC3/CD3E_NFATC3/TRAT1_NFATC3/BCL11B_NFATC3/CD2_NFATC3/CD96_NFATC3/SH2D1A_NFATC3/TRBC1_NFATC3/CD3D_TIMM8A/CD3G_TIMM8A/CD3E_TIMM8A/TRAT1_TIMM8A/BCL11B_TIMM8A/CD2_TIMM8A/CD3D_ATF7IP/CD28_ATF7IP/CD3G_ATF7IP/CD3E_ATF7IP/CD2_ATF7IP/CD6_ATF7IP/SH2D1A_ATF7IP/CD3D_REPS1/CD28_REPS1/LCK_REPS1/CD3G_REPS1/CD3E_REPS1/TRAT1_REPS1/BCL11B_REPS1/CD2_REPS1/CD6_REPS1/CD96_REPS1/GIMAP5_REPS1/SH2D1A_REPS1/TRBC1_REPS1/CD3D_PSPC1/CD3G_PSPC1/CD3E_PSPC1/BCL11B_PSPC1/CD2_PSPC1/CD6_PSPC1/CD96_PSPC1/SH2D1A_PSPC1/TRBC1_PSPC1/CD28_ST3GAL1/TRAT1_ST3GAL1/BCL11B_ST3GAL1/CD6_ST3GAL1/TRBC1_ST3GAL1/CD3E_CASP8/TRAT1_CASP8/SH2D1A_CASP8/CD3D_SNRPN/CD28_SNRPN/LCK_SNRPN/CD3G_SNRPN/CD3E_SNRPN/TRAT1_SNRPN/CD2_SNRPN/CD6_SNRPN/CD96_SNRPN/GIMAP5_SNRPN/SH2D1A_SNRPN/TRBC1_SNRPN/ITM2A_SNRPN/TRBC1_NEFL/TRAT1_POLR2J2/CD6_POLR2J2/CD3D_CREBZF/CD3G_CREBZF/CD3E_CREBZF/TRAT1_CREBZF/CD2_CREBZF/CD6_CREBZF/SH2D1A_CREBZF/CD3E_CEP68/TRAT1_CEP68/BCL11B_CEP68/CD2_CEP68/CD6_CEP68/CD96_CEP68/CD6_TXK/CD3G_MAP3K1/CD3E_MAP3K1/CD2_MAP3K1/CD6_MAP3K1/CD96_MAP3K1/SH2D1A_MAP3K1/CD3D_CYLD/CD28_CYLD/CD3G_CYLD/CD3E_CYLD/TRAT1_CYLD/BCL11B_CYLD/CD2_CYLD/CD6_CYLD/CD96_CYLD/GIMAP5_CYLD/SH2D1A_CYLD/TRBC1_CYLD/TRAT1_SLC7A6/CD96_SLC7A6/CD3D_STX16/CD28_STX16/CD3G_STX16/CD3E_STX16/TRAT1_STX16/BCL11B_STX16/CD6_STX16/CD96_STX16/SH2D1A_STX16/TRBC1_STX16
3,3,T_Macrophage,T,Macrophage,139,118,2.282,2.08E-31,3.21E-29,0,CD28_CYBB/BCL11B_ATG7/CD28_GM2A/CD6_CD68/TRBC1_MSR1/CD6_MSR1/CD6_BCAT1/CD96_MSR1/CD3E_CYBB/BCL11B_RAI14/CD28_BCAT1/TRBC1_BCAT1/CD3E_SCARB2/CD3E_BCAT1/CD3G_BCAT1/CD96_BCAT1/GIMAP5_BCAT1/CD6_MS4A4A/CD3E_GM2A/TRBC1_CD84/BCL11B_CD68/CD28_MSR1/CD3E_MS4A4A/TRBC1_CD68/CD2_BCAT1/TRBC1_CYBB/CD6_CD163/CD3E_RAI14/LCK_BCAT1/SH2D1A_ATG7/CD6_ATG7/SH2D1A_CYBB/CD2_CYBB/CD96_MS4A4A/CD96_CD84/CD96_GM2A/CD6_CD84/CD28_MS4A4A/NCALD_BCAT1/TRBC1_MS4A4A/SH2D1A_GM2A/TRAT1_MSR1/CD6_GM2A/CD28_ATG7/SH2D1A_BCAT1/TRAT1_BCAT1/TRAT1_ATG7/BCL11B_BCAT1/CD3E_CD163/CD96_SCARB2/TRAT1_CD68/CD3D_SCARB2/TRAT1_RAI14/CD3G_RAI14/BCL11B_GM2A/TRBC1_ATG7/CD3E_ATG7/CD2_SCARB2/CD28_CTSK/CD3D_BCAT1/TRBC1_DNASE2B/CD28_RAI14/BCL11B_SCARB2/TRBC1_SGMS1/CD96_CD163/CD96_ATG7/CD3E_CD68/CD6_ME1/TRAT1_SGMS1/CD28_CD84/CD2_GM2A/TRAT1_SCARB2/TRAT1_COL8A2/CD96_FN1/TRAT1_CD163/CD3E_CTSK/CD3G_CD68/PRKCQ_BCAT1/TRAT1_FN1/CD2_ATG7/CD3E_SGMS1/CD3E_CD84/TRAT1_CYBB/CD28_FN1/GIMAP5_ATG7/SH2D1A_SCARB2/TRBC1_CD163/CD3D_SGMS1/TRBC1_FN1/CD3D_ATG7/CD3E_PCOLCE2/CD96_SGMS1/ITM2A_BCAT1/CD3G_GM2A/CD3D_MS4A4A/GIMAP5_CD68/SH2D1A_SCG5/CD3G_GPC4/CD3G_SCARB2/CD6_CYBB/CD2_CCL7/TRBC1_CCL7/CD96_CYBB/TRBC1_GM2A/TRAT1_CD84/SKAP1_BCAT1/CD2_CD163/TRAT1_GPC4/CD3E_CCL7/TRAT1_MS4A4A/CD6_SCARB2/CD2_GPC4/CD6_CTSK/CD28_SCARB2/LCK_ATG7/CD3G_CYBB/CD3G_ATG7/LCK_CYBB,CD3G_GPC4/TRAT1_GPC4/CD2_GPC4/CD3E_PCOLCE2/BCL11B_PCOLCE2/SH2D1A_SCG5/CD28_MSR1/TRAT1_MSR1/CD2_MSR1/CD6_MSR1/CD96_MSR1/TRBC1_MSR1/CD28_CTSK/CD3E_CTSK/CD6_CTSK/TRBC1_CTSK/CD3D_SCARB2/CD28_SCARB2/CD3G_SCARB2/CD3E_SCARB2/SKAP1_SCARB2/TRAT1_SCARB2/BCL11B_SCARB2/CD2_SCARB2/CD6_SCARB2/CD96_SCARB2/SH2D1A_SCARB2/ITM2A_SCARB2/CD3D_BCAT1/CD28_BCAT1/LCK_BCAT1/PRKCQ_BCAT1/NCALD_BCAT1/CD3G_BCAT1/CD3E_BCAT1/SKAP1_BCAT1/TRAT1_BCAT1/BCL11B_BCAT1/CD2_BCAT1/CD6_BCAT1/CD96_BCAT1/GIMAP5_BCAT1/SH2D1A_BCAT1/TRBC1_BCAT1/ITM2A_BCAT1/CD28_RAI14/CD3G_RAI14/CD3E_RAI14/TRAT1_RAI14/BCL11B_RAI14/CD6_RAI14/CD96_RAI14/SH2D1A_RAI14/TRBC1_RAI14/TRAT1_COL8A2/TRBC1_COL8A2/CD28_ME1/CD6_ME1/TRBC1_DNASE2B/CD3D_CCL7/CD3E_CCL7/CD2_CCL7/CD96_CCL7/TRBC1_CCL7/CD28_FN1/TRAT1_FN1/CD96_FN1/TRBC1_FN1/CD28_CD163/CD3E_CD163/TRAT1_CD163/CD2_CD163/CD6_CD163/CD96_CD163/TRBC1_CD163/CD28_GM2A/CD3G_GM2A/CD3E_GM2A/TRAT1_GM2A/BCL11B_GM2A/CD2_GM2A/CD6_GM2A/CD96_GM2A/SH2D1A_GM2A/TRBC1_GM2A/CD28_CD68/CD3G_CD68/CD3E_CD68/TRAT1_CD68/BCL11B_CD68/CD6_CD68/GIMAP5_CD68/SH2D1A_CD68/TRBC1_CD68/CD3D_ATG7/CD28_ATG7/LCK_ATG7/CD3G_ATG7/CD3E_ATG7/TRAT1_ATG7/BCL11B_ATG7/CD2_ATG7/CD6_ATG7/CD96_ATG7/GIMAP5_ATG7/SH2D1A_ATG7/TRBC1_ATG7/CD28_CD84/CD3E_CD84/TRAT1_CD84/CD6_CD84/CD96_CD84/TRBC1_CD84/CD3D_MS4A4A/CD28_MS4A4A/CD3E_MS4A4A/TRAT1_MS4A4A/CD2_MS4A4A/CD6_MS4A4A/CD96_MS4A4A/SH2D1A_MS4A4A/TRBC1_MS4A4A/CD3D_SGMS1/CD3E_SGMS1/TRAT1_SGMS1/CD6_SGMS1/CD96_SGMS1/SH2D1A_SGMS1/TRBC1_SGMS1/CD28_CYBB/LCK_CYBB/CD3G_CYBB/CD3E_CYBB/TRAT1_CYBB/CD2_CYBB/CD6_CYBB/CD96_CYBB/SH2D1A_CYBB/TRBC1_CYBB
4,4,T_Eosinophil,T,Eosinophil,126,100,2.133,2.55E-22,2.95E-20,0,CD3E_CCR3/CD3E_SYNJ1/TRBC1_CCR3/BCL11B_TGIF1/CD3E_CYSLTR2/CD3E_SIAH1/CD6_CCR3/CD96_CCR3/CD3E_TKTL1/CD6_SIAH1/CD6_TKTL1/CD3E_IL5RA/CD96_RNASE2/TRBC1_TKTL1/SH2D1A_CCR3/BCL11B_TKTL1/TRAT1_RNASE2/TRAT1_TGIF1/CD2_SIAH1/TRBC1_SIAH1/CD6_IL5RA/TRAT1_SIAH1/TRBC1_IL5RA/CD3D_TGIF1/CD28_CCR3/TRBC1_TGIF1/CD3E_TGIF1/BCL11B_CCR3/TRBC1_GALC/CD3D_IL5RA/CD3E_KBTBD11/CD2_RNASE2/BCL11B_SIAH1/LCK_RNASE2/CD3D_CCR3/CD3G_RNASE2/CD6_RRP12/CD96_TGIF1/CD3E_RNASE2/BCL11B_IL5RA/CD3D_KBTBD11/CD3D_RNASE2/CD6_TGIF1/TRAT1_CAT/CD96_SIAH1/CD28_RRP12/CD28_CYSLTR2/CD3G_HRH4/SH2D1A_TKTL1/SH2D1A_TGIF1/SH2D1A_SIAH1/CD3G_SYNJ1/CD3E_GALC/CD3E_HES1/CD3D_GALC/TRAT1_TKTL1/CD2_CCR3/SH2D1A_GALC/CD3D_SIAH1/TRBC1_KCNH2/CD96_IL5RA/CD28_RNASE2/CD2_HES1/TRAT1_CCR3/CD3G_RCOR3/GIMAP5_RNASE2/TRBC1_CYSLTR2/CD2_TGIF1/TRAT1_IL5RA/CD3D_TKTL1/SH2D1A_HRH4/TRAT1_RCOR3/CD3G_KBTBD11/CD2_GALC/GIMAP5_CCR3/CD3G_CCR3/CD96_GALC/CD3G_TKTL1/TRAT1_KBTBD11/CD3G_GALC/CD96_TKTL1/PRKCQ_GALC/CD6_EPN2/CD3E_HRH4/SH2D1A_SYNJ1/BCL11B_GALC/CD6_HRH4/CD2_KBTBD11/CD3E_EPN2/CD3E_RCOR3/TRBC1_EPN2/BCL11B_CYSLTR2/CD3D_SYNJ1/CD2_TKTL1/TRAT1_GALC/CD28_TGIF1/LCK_GALC/SH2D1A_KBTBD11/CD28_GALC/CD6_GALC,CD3D_KCNH2/SH2D1A_KCNH2/TRBC1_KCNH2/CD3D_TKTL1/CD3G_TKTL1/CD3E_TKTL1/TRAT1_TKTL1/BCL11B_TKTL1/CD2_TKTL1/CD6_TKTL1/CD96_TKTL1/SH2D1A_TKTL1/TRBC1_TKTL1/CD3D_IL5RA/CD28_IL5RA/CD3E_IL5RA/TRAT1_IL5RA/BCL11B_IL5RA/CD6_IL5RA/CD96_IL5RA/SH2D1A_IL5RA/TRBC1_IL5RA/CD3G_HRH4/CD3E_HRH4/TRAT1_HRH4/CD2_HRH4/CD6_HRH4/SH2D1A_HRH4/CD3D_RNASE2/CD28_RNASE2/LCK_RNASE2/CD3G_RNASE2/CD3E_RNASE2/TRAT1_RNASE2/CD2_RNASE2/CD6_RNASE2/CD96_RNASE2/GIMAP5_RNASE2/TRBC1_RNASE2/ITM2A_RNASE2/CD3G_CAT/TRAT1_CAT/CD2_CAT/TRAT1_LRP5L/CD3D_CCR3/CD28_CCR3/CD3G_CCR3/CD3E_CCR3/TRAT1_CCR3/BCL11B_CCR3/CD2_CCR3/CD6_CCR3/CD96_CCR3/GIMAP5_CCR3/SH2D1A_CCR3/TRBC1_CCR3/CD3D_GALC/CD28_GALC/LCK_GALC/PRKCQ_GALC/CD3G_GALC/CD3E_GALC/TRAT1_GALC/BCL11B_GALC/CD2_GALC/CD6_GALC/CD96_GALC/SH2D1A_GALC/TRBC1_GALC/CD28_CYSLTR2/CD3E_CYSLTR2/BCL11B_CYSLTR2/CD6_CYSLTR2/SH2D1A_CYSLTR2/TRBC1_CYSLTR2/CD3D_TGIF1/CD28_TGIF1/NCALD_TGIF1/CD3G_TGIF1/CD3E_TGIF1/TRAT1_TGIF1/BCL11B_TGIF1/CD2_TGIF1/CD6_TGIF1/CD96_TGIF1/SH2D1A_TGIF1/TRBC1_TGIF1/CD3D_RRP12/CD28_RRP12/CD6_RRP12/TRBC1_RRP12/CD3G_RCOR3/CD3E_RCOR3/TRAT1_RCOR3/CD3D_SYNJ1/CD3G_SYNJ1/CD3E_SYNJ1/TRAT1_SYNJ1/CD2_SYNJ1/SH2D1A_SYNJ1/TRBC1_THBS4/CD3D_KBTBD11/CD28_KBTBD11/CD3G_KBTBD11/CD3E_KBTBD11/TRAT1_KBTBD11/CD2_KBTBD11/SH2D1A_KBTBD11/CD3E_HES1/CD2_HES1/SH2D1A_HES1/TRBC1_HES1/CD3E_EPN2/CD6_EPN2/TRBC1_EPN2/CD3D_SIAH1/CD28_SIAH1/CD3G_SIAH1/CD3E_SIAH1/TRAT1_SIAH1/BCL11B_SIAH1/CD2_SIAH1/CD6_SIAH1/CD96_SIAH1/SH2D1A_SIAH1/TRBC1_SIAH1
5,5,T_Neutrophil,T,Neutrophil,106,87,2.206,1.98E-21,1.83E-19,0,CD96_HPSE/SH2D1A_HPSE/CD3G_HPSE/CD3E_HPSE/CD96_SLC25A37/CD3E_SLC25A37/TRAT1_FPR1/TRBC1_FPR1/TRBC1_PDE4B/CD28_SLC25A37/BCL11B_SLC25A37/CD6_LILRB2/CD2_HPSE/TRAT1_HPSE/SH2D1A_TNFRSF10C/GIMAP5_SLC25A37/CD6_DYSF/TRBC1_DYSF/CD6_FPR1/CD6_SIGLEC5/CD2_SLC25A37/TRAT1_CEACAM3/CD6_SLC25A37/SH2D1A_CEACAM3/TRAT1_TNFRSF10C/CD6_CEACAM3/TRBC1_TNFRSF10C/LCK_SLC25A37/BCL11B_SIGLEC5/CD28_LILRB2/TRBC1_CREB5/CD3E_SIGLEC5/BCL11B_HPSE/CD6_SLC22A4/CD3G_DYSF/CD3D_HPSE/CD3E_DYSF/TRAT1_SLC25A37/CD3E_LILRB2/LCK_SLC22A4/CD3E_PDE4B/GIMAP5_DYSF/CD2_DYSF/TRBC1_LILRB2/CD96_SIGLEC5/CD96_DYSF/TRBC1_SLC25A37/TRBC1_CD93/BCL11B_SLC22A4/TRAT1_PDE4B/TRBC1_SIGLEC5/CD3E_FPR1/CD96_FPR1/CD6_CREB5/TRBC1_CEACAM3/SH2D1A_SLC25A37/CD2_FPR1/CD28_HPSE/TRBC1_SLC22A4/CD28_SLC22A4/SH2D1A_SIGLEC5/TRAT1_DYSF/CD96_SLC22A4/CD3D_SLC25A37/CD3G_PDE4B/CD28_PDE4B/SH2D1A_FPR1/CD28_DYSF/TRBC1_G0S2/CD28_CEACAM3/CD3E_CEACAM3/CD3G_SIGLEC5/CD96_CEACAM3/TRAT1_SIGLEC5/TRBC1_KCNJ15/CD3G_CEACAM3/CD6_PDE4B/CD3G_S100A12/CD2_CEACAM3/LCK_DYSF/CD3G_FPR1/SH2D1A_PDE4B/CD3G_SLC25A37/CD3D_SLC22A4/LCK_PDE4B/CD3E_CREB5/CD6_HPSE,CD3D_SIGLEC5/CD3G_SIGLEC5/CD3E_SIGLEC5/TRAT1_SIGLEC5/BCL11B_SIGLEC5/CD2_SIGLEC5/CD6_SIGLEC5/CD96_SIGLEC5/GIMAP5_SIGLEC5/SH2D1A_SIGLEC5/TRBC1_SIGLEC5/TRBC1_CD93/CD6_MGAM/TRBC1_KCNJ15/CD3D_DYSF/CD28_DYSF/LCK_DYSF/CD3G_DYSF/CD3E_DYSF/SKAP1_DYSF/TRAT1_DYSF/BCL11B_DYSF/CD2_DYSF/CD6_DYSF/CD96_DYSF/GIMAP5_DYSF/TRBC1_DYSF/CD3D_CEACAM3/CD28_CEACAM3/CD3G_CEACAM3/CD3E_CEACAM3/TRAT1_CEACAM3/BCL11B_CEACAM3/CD2_CEACAM3/CD6_CEACAM3/CD96_CEACAM3/SH2D1A_CEACAM3/TRBC1_CEACAM3/CD3D_HPSE/CD28_HPSE/CD3G_HPSE/CD3E_HPSE/TRAT1_HPSE/BCL11B_HPSE/CD2_HPSE/CD6_HPSE/CD96_HPSE/SH2D1A_HPSE/CD3E_CREB5/CD6_CREB5/TRBC1_CREB5/CD3G_S100A12/TRAT1_S100A12/CD2_S100A12/CD6_S100A12/CD96_S100A12/TRAT1_TNFRSF10C/SH2D1A_TNFRSF10C/TRBC1_TNFRSF10C/CD3D_SLC22A4/CD28_SLC22A4/LCK_SLC22A4/CD3E_SLC22A4/BCL11B_SLC22A4/CD6_SLC22A4/CD96_SLC22A4/TRBC1_SLC22A4/CD3D_SLC25A37/CD28_SLC25A37/LCK_SLC25A37/CD3G_SLC25A37/CD3E_SLC25A37/TRAT1_SLC25A37/BCL11B_SLC25A37/CD2_SLC25A37/CD6_SLC25A37/CD96_SLC25A37/GIMAP5_SLC25A37/SH2D1A_SLC25A37/TRBC1_SLC25A37/CD6_G0S2/TRBC1_G0S2/LCK_FPR1/CD3G_FPR1/CD3E_FPR1/TRAT1_FPR1/CD2_FPR1/CD6_FPR1/CD96_FPR1/SH2D1A_FPR1/TRBC1_FPR1/CD28_PDE4B/LCK_PDE4B/CD3G_PDE4B/CD3E_PDE4B/TRAT1_PDE4B/CD2_PDE4B/CD6_PDE4B/CD96_PDE4B/SH2D1A_PDE4B/TRBC1_PDE4B/CD28_LILRB2/CD3E_LILRB2/CD6_LILRB2/CD96_LILRB2/TRBC1_LILRB2
6,6,T_Th,T,Th,100,83,2.231,4.00E-21,3.08E-19,0,BCL11B_PHF10/TRBC1_ASF1A/CD3G_ASF1A/TRAT1_ASF1A/CD3E_ATF2/CD3E_SLC25A12/CD28_PHF10/CD96_ASF1A/BCL11B_SEC24C/TRAT1_RPA1/CD2_PHF10/BCL11B_ASF1A/CD3E_ASF1A/CD96_PHF10/CD2_FAM111A/BCL11B_PPP2R5C/CD3E_FRYL/CD2_ATF2/CD3E_DDX50/CD28_RPA1/CD3E_PHF10/CD3E_PPP2R5C/CD6_ASF1A/CD3E_SEC24C/TRAT1_PHF10/CD3E_NUP107/CD6_RPA1/GIMAP5_PHF10/CD2_ASF1A/TRAT1_LRBA/CD6_PHF10/CD3D_ASF1A/BCL11B_NUP107/SH2D1A_GOLGA8A/BCL11B_UBE2L3/SH2D1A_NUP107/TRAT1_NAP1L4/CD3D_DDX50/TRBC1_SEC24C/SH2D1A_PHF10/BCL11B_DDX50/TRBC1_RPA1/CD6_DDX50/CD96_DDX50/CD3D_PHF10/SH2D1A_DDX50/TRAT1_GOLGA8A/CD3G_GOLGA8A/CD28_NAP1L4/CD6_ATF2/CD2_DDX50/SH2D1A_ASF1A/TRBC1_PHF10/CD3G_SEC24C/ITM2A_ASF1A/CD3G_DDX50/CD2_GOLGA8A/CD3D_NUP107/GIMAP5_GOLGA8A/CD3G_PHF10/CD28_UBE2L3/CD3D_RPA1/CD6_GOLGA8A/TRAT1_ATF2/CD6_SEC24C/TRAT1_DDX50/CD2_SEC24C/TRBC1_DDX50/TRAT1_FAM111A/CD3E_GOLGA8A/CD96_SEC24C/PRKCQ_GOLGA8A/GIMAP5_ASF1A/CD2_LRBA/CD3D_GOLGA8A/CD3G_ATF2/TRBC1_NAP1L4/CD3D_SEC24C/CD2_PPP2R5C/TRBC1_NUP107/BCL11B_RPA1/CD3G_RPA1/SH2D1A_UBE2L3,CD3E_FRYL/TRAT1_FRYL/CD2_FRYL/CD3D_RPA1/CD28_RPA1/CD3G_RPA1/TRAT1_RPA1/BCL11B_RPA1/CD6_RPA1/SH2D1A_RPA1/TRBC1_RPA1/CD3G_LRBA/TRAT1_LRBA/CD2_LRBA/CD28_NAP1L4/TRAT1_NAP1L4/TRBC1_NAP1L4/CD3E_BATF/CD3D_ASF1A/CD3G_ASF1A/CD3E_ASF1A/TRAT1_ASF1A/BCL11B_ASF1A/CD2_ASF1A/CD6_ASF1A/CD96_ASF1A/GIMAP5_ASF1A/SH2D1A_ASF1A/TRBC1_ASF1A/ITM2A_ASF1A/CD3D_GOLGA8A/CD28_GOLGA8A/PRKCQ_GOLGA8A/CD3G_GOLGA8A/CD3E_GOLGA8A/TRAT1_GOLGA8A/BCL11B_GOLGA8A/CD2_GOLGA8A/CD6_GOLGA8A/GIMAP5_GOLGA8A/SH2D1A_GOLGA8A/TRBC1_GOLGA8A/CD3D_DDX50/CD3G_DDX50/CD3E_DDX50/TRAT1_DDX50/BCL11B_DDX50/CD2_DDX50/CD6_DDX50/CD96_DDX50/SH2D1A_DDX50/TRBC1_DDX50/CD3D_UBE2L3/CD28_UBE2L3/BCL11B_UBE2L3/SH2D1A_UBE2L3/CD3D_SLC25A12/CD3G_SLC25A12/CD3E_SLC25A12/TRAT1_SLC25A12/CD2_SLC25A12/CD3G_ATF2/CD3E_ATF2/TRAT1_ATF2/CD2_ATF2/CD6_ATF2/ITM2A_ATF2/CD3G_PPP2R5C/CD3E_PPP2R5C/BCL11B_PPP2R5C/CD2_PPP2R5C/CD6_PPP2R5C/CD3D_NUP107/CD3E_NUP107/BCL11B_NUP107/CD2_NUP107/SH2D1A_NUP107/TRBC1_NUP107/CD3D_SEC24C/CD3G_SEC24C/CD3E_SEC24C/BCL11B_SEC24C/CD2_SEC24C/CD6_SEC24C/CD96_SEC24C/TRBC1_SEC24C/TRAT1_FAM111A/CD2_FAM111A/CD3D_PHF10/CD28_PHF10/CD3G_PHF10/CD3E_PHF10/TRAT1_PHF10/BCL11B_PHF10/CD2_PHF10/CD6_PHF10/CD96_PHF10/GIMAP5_PHF10/SH2D1A_PHF10/TRBC1_PHF10
7,7,T_Tfh,T,Tfh,129,100,2.084,6.33E-21,4.18E-19,0,TRBC1_B3GAT1/CD28_SH3TC1/CD6_SH3TC1/CD6_SLC7A10/CD3E_MAGEH1/CD96_B3GAT1/BCL11B_SLC7A10/CD3E_THADA/CD6_B3GAT1/TRAT1_SLC7A10/BCL11B_B3GAT1/CD3G_POMT1/TRBC1_SLC7A10/CD3E_MYO6/TRBC1_SH3TC1/TRAT1_B3GAT1/SH2D1A_PDCD1/CD6_PVALB/CD3G_MYO6/CD3E_SLC7A10/TRBC1_MAGEH1/CD3E_PTPN13/CD3E_SMAD1/CD3D_POMT1/CD3G_SLC7A10/TRAT1_MYO6/CD3E_POMT1/CD3D_SMAD1/BCL11B_ICA1/SH2D1A_B3GAT1/CD3E_ST8SIA1/CD2_SMAD1/CD3G_THADA/CD6_THADA/CD28_SMAD1/BCL11B_THADA/CD2_POMT1/BCL11B_PTPN13/CD3E_ICA1/CD3G_SMAD1/TRAT1_PVALB/TRBC1_POMT1/BCL11B_SMAD1/CD3D_B3GAT1/SH2D1A_POMT1/CD3D_MAGEH1/CD28_ST8SIA1/CD3E_B3GAT1/CD96_SLC7A10/TRBC1_THADA/CD2_TSHR/CD2_MYO6/TRBC1_PASK/CD28_MAF/CD28_PTPN13/CD28_MAGEH1/CD6_ICA1/TRAT1_THADA/CD96_SMAD1/GIMAP5_B3GAT1/CD6_SMAD1/CD96_THADA/CD6_PTPN13/SH2D1A_SLC7A10/TRAT1_POMT1/TRBC1_PDCD1/SH2D1A_SMAD1/TRBC1_ST8SIA1/TRBC1_SMAD1/GIMAP5_SLC7A10/CD3E_CDK5R1/CD6_POMT1/CD6_PASK/CD3G_B3GAT1/CD2_MAGEH1/CD3E_MYO7A/CD2_CDK5R1/TRAT1_SMAD1/SH2D1A_MAGEH1/CD3G_MAGEH1/LCK_MAGEH1/PRKCQ_MAGEH1/CD3D_PDCD1/CD6_MAGEH1/CD28_ICA1/CD3D_MYO7A/CD2_ZNF764/TRBC1_PTPN13/CD6_CDK5R1/CD3E_ZNF764/TRAT1_SH3TC1/TRAT1_HEY1/CD2_THADA/CD96_SH3TC1/CD2_SLC7A10/CD28_CDK5R1/CD3D_PASK/CD28_B3GAT1/CD3D_PTPN13/CD2_B3GAT1,CD3D_MYO7A/CD3E_MYO7A/CD2_MYO7A/CD6_MYO7A/SH2D1A_MYO7A/CD2_TSHR/SH2D1A_TOX/CD3D_SLC7A10/CD3G_SLC7A10/CD3E_SLC7A10/TRAT1_SLC7A10/BCL11B_SLC7A10/CD2_SLC7A10/CD6_SLC7A10/CD96_SLC7A10/GIMAP5_SLC7A10/SH2D1A_SLC7A10/TRBC1_SLC7A10/CD3D_SMAD1/CD28_SMAD1/CD3G_SMAD1/CD3E_SMAD1/TRAT1_SMAD1/BCL11B_SMAD1/CD2_SMAD1/CD6_SMAD1/CD96_SMAD1/SH2D1A_SMAD1/TRBC1_SMAD1/CD28_ICA1/CD3E_ICA1/BCL11B_ICA1/CD6_ICA1/TRBC1_ICA1/TRAT1_HEY1/CD3E_PVALB/TRAT1_PVALB/CD6_PVALB/SH2D1A_PVALB/TRBC1_PVALB/PRKCQ_SIRPG/CD3D_MAGEH1/CD28_MAGEH1/LCK_MAGEH1/PRKCQ_MAGEH1/CD3G_MAGEH1/CD3E_MAGEH1/CD2_MAGEH1/CD6_MAGEH1/CD96_MAGEH1/SH2D1A_MAGEH1/TRBC1_MAGEH1/CD3D_B3GAT1/CD28_B3GAT1/CD3G_B3GAT1/CD3E_B3GAT1/TRAT1_B3GAT1/BCL11B_B3GAT1/CD2_B3GAT1/CD6_B3GAT1/CD96_B3GAT1/GIMAP5_B3GAT1/SH2D1A_B3GAT1/TRBC1_B3GAT1/CD28_SH3TC1/TRAT1_SH3TC1/CD6_SH3TC1/CD96_SH3TC1/TRBC1_SH3TC1/CD3D_POMT1/CD3G_POMT1/CD3E_POMT1/TRAT1_POMT1/CD2_POMT1/CD6_POMT1/CD96_POMT1/GIMAP5_POMT1/SH2D1A_POMT1/TRBC1_POMT1/CD3D_PASK/TRAT1_PASK/BCL11B_PASK/CD2_PASK/CD6_PASK/CD96_PASK/TRBC1_PASK/CD28_CDK5R1/LCK_CDK5R1/CD3E_CDK5R1/CD2_CDK5R1/CD6_CDK5R1/CD96_CDK5R1/TRBC1_CDK5R1/CD28_ST8SIA1/CD3G_ST8SIA1/CD3E_ST8SIA1/TRBC1_ST8SIA1/CD3D_PDCD1/SH2D1A_PDCD1/TRBC1_PDCD1/CD28_MAF/CD28_MYO6/CD3G_MYO6/CD3E_MYO6/TRAT1_MYO6/CD2_MYO6/CD3D_PTPN13/CD28_PTPN13/PRKCQ_PTPN13/NCALD_PTPN13/CD3G_PTPN13/CD3E_PTPN13/BCL11B_PTPN13/CD2_PTPN13/CD6_PTPN13/TRBC1_PTPN13/CD3D_THADA/CD3G_THADA/CD3E_THADA/TRAT1_THADA/BCL11B_THADA/CD2_THADA/CD6_THADA/CD96_THADA/TRBC1_THADA/ITM2A_STK39/CD3E_ZNF764/TRAT1_ZNF764/CD2_ZNF764
8,8,T_B,T,B,85,73,2.309,1.69E-20,9.78E-19,0,CD3E_QRSL1/TRAT1_QRSL1/TRBC1_CD72/BCL11B_QRSL1/CD3E_MEF2C/CD28_ABCB4/CD3E_CD72/CD28_OSBPL10/CD6_GLDC/CD3D_CD72/CD6_CD72/TRBC1_HLA-DOB/TRBC1_MEF2C/TRBC1_GLDC/CD3E_GLDC/TRAT1_OSBPL10/CD28_GLDC/CD3D_ABCB4/CD28_QRSL1/CD96_QRSL1/CD6_ABCB4/CD28_CD72/TRBC1_QRSL1/CD28_MEF2C/BCL11B_OSBPL10/BCL11B_GLDC/CD6_QRSL1/TRBC1_HLA-DQA1/CD2_QRSL1/CD28_PNOC/CD3G_QRSL1/TRBC1_OSBPL10/CD3G_GLDC/TRBC1_SCN3A/CD3D_BCL11A/CD96_MEF2C/CD3E_ABCB4/GIMAP5_GLDC/TRAT1_ABCB4/CD3D_QRSL1/CD3D_HLA-DOB/SH2D1A_QRSL1/GIMAP5_QRSL1/TRBC1_BCL11A/CD3E_SCN3A/CD3E_OSBPL10/TRBC1_ABCB4/CD2_CD72/TRBC1_SLC15A2/TRBC1_BACH2/SH2D1A_HLA-DOB/CD96_CD72/PRKCQ_OSBPL10/CD2_GLDC/CD3E_CCR9/LCK_ABCB4/CD3D_SCN3A/CD96_GLDC/CD3D_GLDC/SH2D1A_GLDC/TRAT1_CD72/TRBC1_GNG7/LCK_OSBPL10/TRBC1_FCRL2/SH2D1A_ABCB4/TRAT1_GLDC/CD6_MEF2C/TRAT1_SCN3A/CD6_DTNB/CD2_MEF2C/CD28_BACH2/TRAT1_BACH2/CD3G_SCN3A,CD3D_CD72/CD28_CD72/CD3E_CD72/TRAT1_CD72/CD2_CD72/CD6_CD72/CD96_CD72/SH2D1A_CD72/TRBC1_CD72/CD28_MICAL3/TRBC1_FCRL2/CD3D_OSBPL10/CD28_OSBPL10/LCK_OSBPL10/PRKCQ_OSBPL10/CD3E_OSBPL10/TRAT1_OSBPL10/BCL11B_OSBPL10/CD6_OSBPL10/SH2D1A_OSBPL10/TRBC1_OSBPL10/CD3D_ABCB4/CD28_ABCB4/LCK_ABCB4/CD3E_ABCB4/TRAT1_ABCB4/CD6_ABCB4/SH2D1A_ABCB4/TRBC1_ABCB4/CD3D_HLA-DOB/CD2_HLA-DOB/SH2D1A_HLA-DOB/TRBC1_HLA-DOB/CD28_PNOC/CD2_PNOC/TRBC1_PNOC/CD3D_BCL11A/TRBC1_BCL11A/CD28_BACH2/TRAT1_BACH2/TRBC1_BACH2/TRBC1_GNG7/CD3E_CCR9/CD3D_QRSL1/CD28_QRSL1/CD3G_QRSL1/CD3E_QRSL1/TRAT1_QRSL1/BCL11B_QRSL1/CD2_QRSL1/CD6_QRSL1/CD96_QRSL1/GIMAP5_QRSL1/SH2D1A_QRSL1/TRBC1_QRSL1/CD6_DTNB/CD3D_SCN3A/CD28_SCN3A/CD3G_SCN3A/CD3E_SCN3A/TRAT1_SCN3A/CD6_SCN3A/TRBC1_SCN3A/TRAT1_SLC15A2/SH2D1A_SLC15A2/TRBC1_SLC15A2/TRBC1_HLA-DQA1/CD28_MEF2C/CD3E_MEF2C/CD2_MEF2C/CD6_MEF2C/CD96_MEF2C/TRBC1_MEF2C/CD3D_GLDC/CD28_GLDC/CD3G_GLDC/CD3E_GLDC/TRAT1_GLDC/BCL11B_GLDC/CD2_GLDC/CD6_GLDC/CD96_GLDC/GIMAP5_GLDC/SH2D1A_GLDC/TRBC1_GLDC
9,9,T_Mast,T,Mast,75,66,2.365,6.89E-20,3.53E-18,0,CD6_PRG2/CD3E_ABCC4/TRBC1_HDC/BCL11B_PRG2/TRBC1_SLC24A3/CD3E_MPO/BCL11B_PTGS1/TRAT1_PRG2/CD6_MPO/BCL11B_CEACAM8/CD2_ABCC4/SH2D1A_PTGS1/CD3E_PRG2/CD28_SLC24A3/TRBC1_PRG2/CD96_PTGS1/TRBC1_MPO/SH2D1A_ABCC4/TRBC1_NR0B1/TRAT1_MPO/CD3E_PTGS1/CD3E_TAL1/CD2_TAL1/GIMAP5_CEACAM8/TRBC1_SLC18A2/CD3G_ABCC4/SH2D1A_MPO/CD3D_NR0B1/TRBC1_CEACAM8/TRAT1_CEACAM8/SH2D1A_TAL1/CD28_PTGS1/SH2D1A_NR0B1/CD96_ABCC4/CD3D_PTGS1/TRBC1_ABCC4/CD2_MPO/CD3E_CEACAM8/CD6_PTGS1/TRAT1_SLC24A3/CD6_SLC24A3/CD3G_PRG2/CD3G_PTGS1/CD3G_MPO/CD96_MPO/TRBC1_GATA2/GIMAP5_PRG2/CD3D_MPO/TRAT1_PTGS1/CD3D_TAL1/TRAT1_TAL1/CD3E_SLC24A3/TRBC1_PTGS1/CD6_CEACAM8/CD3D_ABCC4/CD28_MPO/CD3D_SLC24A3/CD96_PRG2/CD2_CEACAM8/SH2D1A_CEACAM8/SH2D1A_PRG2/CD3D_PRG2/GIMAP5_MPO/CD6_NR0B1/SH2D1A_SLC24A3/CD28_NR0B1,CD3D_SLC24A3/CD28_SLC24A3/CD3E_SLC24A3/TRAT1_SLC24A3/CD6_SLC24A3/SH2D1A_SLC24A3/TRBC1_SLC24A3/CD3D_PRG2/CD3G_PRG2/CD3E_PRG2/TRAT1_PRG2/BCL11B_PRG2/CD2_PRG2/CD6_PRG2/CD96_PRG2/GIMAP5_PRG2/SH2D1A_PRG2/TRBC1_PRG2/TRBC1_SLC18A2/TRAT1_GATA2/TRBC1_GATA2/TRBC1_HDC/CD3D_CMA1/CD3D_MPO/CD28_MPO/CD3G_MPO/CD3E_MPO/TRAT1_MPO/CD2_MPO/CD6_MPO/CD96_MPO/GIMAP5_MPO/SH2D1A_MPO/TRBC1_MPO/CD3D_NR0B1/CD28_NR0B1/TRAT1_NR0B1/CD6_NR0B1/SH2D1A_NR0B1/TRBC1_NR0B1/CD3D_TAL1/CD3E_TAL1/TRAT1_TAL1/CD2_TAL1/CD96_TAL1/SH2D1A_TAL1/CD3D_ABCC4/CD28_ABCC4/CD3G_ABCC4/CD3E_ABCC4/TRAT1_ABCC4/CD2_ABCC4/CD6_ABCC4/CD96_ABCC4/SH2D1A_ABCC4/TRBC1_ABCC4/CD3D_PTGS1/CD28_PTGS1/CD3G_PTGS1/CD3E_PTGS1/TRAT1_PTGS1/BCL11B_PTGS1/CD6_PTGS1/CD96_PTGS1/SH2D1A_PTGS1/TRBC1_PTGS1/CD3D_CEACAM8/CD3E_CEACAM8/TRAT1_CEACAM8/BCL11B_CEACAM8/CD2_CEACAM8/CD6_CEACAM8/GIMAP5_CEACAM8/SH2D1A_CEACAM8/TRBC1_CEACAM8
10,10,T_NK,T,NK,96,77,2.156,5.63E-18,2.60E-16,0.002,TRAT1_ALDH1B1/TRBC1_FGF18/CD3E_PSMD4/CD3G_ALDH1B1/CD3E_ALDH1B1/CD3E_FGF18/CD6_NCR1/CD3D_ALDH1B1/CD28_XCL1/CD6_XCL1/CD96_PSMD4/TRBC1_PSMD4/TRBC1_ALDH1B1/CD2_ALDH1B1/CD96_FGF18/CD3E_PDLIM4/BCL11B_PSMD4/CD28_ALDH1B1/CD3E_NCR1/CD28_NCR1/TRBC1_XCL1/CD28_TCTN2/CD28_FGF18/CD6_ZNF205/TRAT1_XCL1/TRBC1_BCL2/CD3D_PSMD4/CD6_MCM3AP/CD6_FGF18/TRAT1_NCR1/SH2D1A_PSMD4/CD3D_TCTN2/CD2_TCTN2/CD96_TCTN2/CD96_ALDH1B1/TRAT1_PSMD4/SH2D1A_TCTN2/CD6_MAPRE3/CD3D_NCR1/CD3E_ZNF747/BCL11B_ALDH1B1/CD3D_PDLIM4/TRAT1_MCM3AP/TRAT1_FGF18/TRAT1_ZNF205/TRBC1_NCR1/CD3G_PSMD4/LCK_ZNF528/TRBC1_ZNF205/BCL11B_TCTN2/CD6_ADARB1/SH2D1A_ZNF205/CD3G_TCTN2/CD28_ADARB1/SH2D1A_ALDH1B1/CD6_FZR1/TRAT1_TCTN2/TRBC1_ADARB1/CD3E_TCTN2/CD3D_BCL2/CD3D_FGF18/TRBC1_XCL2/CD6_ZNF528/CD3G_PDLIM4/TRBC1_TCTN2/CD6_CDC5L/CD3E_ADARB1/SH2D1A_PDLIM4/CD96_ADARB1/TRAT1_LDB3/CD6_ALDH1B1/CD6_PSMD4/GIMAP5_ALDH1B1/CD2_PSMD4/CD6_MRC2/CD3E_MCM3AP/CD3E_SLC30A5,CD3D_PDLIM4/CD3G_PDLIM4/CD3E_PDLIM4/TRAT1_PDLIM4/BCL11B_PDLIM4/SH2D1A_PDLIM4/CD3E_ZNF747/TRAT1_ZNF747/CD28_XCL1/TRAT1_XCL1/CD6_XCL1/TRBC1_XCL1/SH2D1A_XCL2/TRBC1_XCL2/CD3E_SLC30A5/CD3E_MCM3AP/TRAT1_MCM3AP/CD2_MCM3AP/CD6_MCM3AP/CD6_CDC5L/CD3D_FGF18/CD28_FGF18/CD3E_FGF18/TRAT1_FGF18/CD6_FGF18/CD96_FGF18/TRBC1_FGF18/CD6_MRC2/TRBC1_MRC2/CD3D_PSMD4/CD3G_PSMD4/CD3E_PSMD4/TRAT1_PSMD4/BCL11B_PSMD4/CD2_PSMD4/CD6_PSMD4/CD96_PSMD4/SH2D1A_PSMD4/TRBC1_PSMD4/CD3E_FZR1/CD2_FZR1/CD6_FZR1/CD3D_ZNF205/CD28_ZNF205/CD3G_ZNF205/CD3E_ZNF205/TRAT1_ZNF205/CD2_ZNF205/CD6_ZNF205/SH2D1A_ZNF205/TRBC1_ZNF205/CD28_ZNF528/LCK_ZNF528/CD6_ZNF528/CD3E_MAPRE3/CD6_MAPRE3/SH2D1A_MAPRE3/CD3D_BCL2/TRAT1_BCL2/TRBC1_BCL2/CD3D_TCTN2/CD28_TCTN2/CD3G_TCTN2/CD3E_TCTN2/TRAT1_TCTN2/BCL11B_TCTN2/CD2_TCTN2/CD96_TCTN2/SH2D1A_TCTN2/TRBC1_TCTN2/CD28_ADARB1/CD3E_ADARB1/BCL11B_ADARB1/CD6_ADARB1/CD96_ADARB1/TRBC1_ADARB1/CD3D_NCR1/CD28_NCR1/CD3E_NCR1/TRAT1_NCR1/CD6_NCR1/CD96_NCR1/TRBC1_NCR1/TRAT1_LDB3/CD3D_ALDH1B1/CD28_ALDH1B1/CD3G_ALDH1B1/CD3E_ALDH1B1/TRAT1_ALDH1B1/BCL11B_ALDH1B1/CD2_ALDH1B1/CD6_ALDH1B1/CD96_ALDH1B1/GIMAP5_ALDH1B1/SH2D1A_ALDH1B1/TRBC1_ALDH1B1
11,11,T_Tem,T,Tem,69,59,2.298,1.30E-16,5.48E-15,0.002727273,CD3E_TBC1D5/CD6_TBC1D5/CD3E_FLI1/BCL11B_EWSR1/CD28_TBC1D5/CD3E_EWSR1/TRBC1_MEFV/CD3E_AKT3/CD3G_AKT3/TRAT1_NFATC4/CD96_TBC1D5/CD6_MEFV/CD2_AKT3/BCL11B_TBC1D5/CD6_TBCD/TRBC1_EWSR1/CD96_AKT3/CD6_EWSR1/TRBC1_AKT3/CD6_DDX17/SH2D1A_EWSR1/SH2D1A_MEFV/CD28_FLI1/CD96_TBCD/CD28_AKT3/CD3D_EWSR1/TRAT1_EWSR1/TRAT1_TBC1D5/CD96_FLI1/CD3D_AKT3/TRBC1_DDX17/TRBC1_TBC1D5/TRAT1_DDX17/CD28_TBCD/CD28_NFATC4/CD3E_TBCD/SH2D1A_TBC1D5/TRBC1_FLI1/TRAT1_TBCD/BCL11B_DDX17/TRBC1_NFATC4/CD3E_NFATC4/TRBC1_TBCD/CD2_DDX17/CD3E_DDX17/CD3E_MEFV/SH2D1A_NFATC4/CD96_MEFV/CD2_EWSR1/CD6_NFATC4/CD96_EWSR1/CD3G_EWSR1/CD6_FLI1/CD3G_TBC1D5/CD3D_TBC1D5/GIMAP5_EWSR1/CD6_GDPD5/SH2D1A_DDX17/CD3D_NFATC4,CD3G_MEFV/CD3E_MEFV/CD6_MEFV/CD96_MEFV/SH2D1A_MEFV/TRBC1_MEFV/TRAT1_GDPD5/CD6_GDPD5/SH2D1A_GDPD5/TRBC1_GDPD5/CD28_FLI1/CD3E_FLI1/CD6_FLI1/CD96_FLI1/TRBC1_FLI1/CD3D_TBC1D5/CD28_TBC1D5/CD3G_TBC1D5/CD3E_TBC1D5/TRAT1_TBC1D5/BCL11B_TBC1D5/CD2_TBC1D5/CD6_TBC1D5/CD96_TBC1D5/SH2D1A_TBC1D5/TRBC1_TBC1D5/CD3D_NFATC4/CD28_NFATC4/PRKCQ_NFATC4/CD3E_NFATC4/TRAT1_NFATC4/CD2_NFATC4/CD6_NFATC4/SH2D1A_NFATC4/TRBC1_NFATC4/CD3D_AKT3/CD28_AKT3/CD3G_AKT3/CD3E_AKT3/CD2_AKT3/CD6_AKT3/CD96_AKT3/SH2D1A_AKT3/TRBC1_AKT3/CD3D_EWSR1/CD28_EWSR1/CD3G_EWSR1/CD3E_EWSR1/TRAT1_EWSR1/BCL11B_EWSR1/CD2_EWSR1/CD6_EWSR1/CD96_EWSR1/GIMAP5_EWSR1/SH2D1A_EWSR1/TRBC1_EWSR1/CD28_TBCD/CD3E_TBCD/TRAT1_TBCD/CD6_TBCD/CD96_TBCD/TRBC1_TBCD/CD3E_DDX17/TRAT1_DDX17/BCL11B_DDX17/CD2_DDX17/CD6_DDX17/SH2D1A_DDX17/TRBC1_DDX17
12,12,T_CD56dim NK,T,CD56dim NK,59,52,2.369,5.48E-16,2.11E-14,0.003333333,CD3D_GZMB/TRBC1_GZMB/BCL11B_KIR2DL3/CD2_GZMB/CD6_KIR2DL3/BCL11B_KIR3DL2/CD6_KIR3DL1/BCL11B_KIR3DL1/BCL11B_GTF3C1/SH2D1A_KIR2DL3/TRBC1_KIR2DL3/TRAT1_KIR3DL1/TRAT1_KIR3DL2/GIMAP5_KIR2DL3/CD3E_GZMB/TRBC1_KIR3DL1/CD6_GZMB/SH2D1A_KIR3DL2/CD3G_KIR3DL1/GIMAP5_GZMB/TRAT1_GTF3C1/CD96_GZMB/CD3E_KIR2DL3/CD3E_KIR3DL1/TRAT1_KIR2DL3/CD3E_KIR3DL2/CD6_IL21R/CD3E_GTF3C1/CD2_KIR2DL3/TRAT1_SPON2/CD3G_KIR2DL3/CD3G_KIR3DL2/SH2D1A_GTF3C1/CD6_KIR3DL2/CD3D_GTF3C1/CD3D_KIR2DL3/CD2_GTF3C1/TRBC1_SPON2/CD2_KIR3DL2/CD96_KIR3DL2/TRBC1_IL21R/CD96_KIR2DL3/CD96_KIR3DL1/SH2D1A_KIR3DL1/CD3D_KIR3DL2/CD28_GTF3C1/CD28_GZMB/GIMAP5_KIR3DL1/TRAT1_GZMB/CD96_SPON2/CD2_KIR3DL1/CD3D_KIR3DL1,CD3D_KIR3DL2/CD3G_KIR3DL2/CD3E_KIR3DL2/TRAT1_KIR3DL2/BCL11B_KIR3DL2/CD2_KIR3DL2/CD6_KIR3DL2/CD96_KIR3DL2/SH2D1A_KIR3DL2/CD3D_KIR2DL3/CD3G_KIR2DL3/CD3E_KIR2DL3/TRAT1_KIR2DL3/BCL11B_KIR2DL3/CD2_KIR2DL3/CD6_KIR2DL3/CD96_KIR2DL3/GIMAP5_KIR2DL3/SH2D1A_KIR2DL3/TRBC1_KIR2DL3/CD3D_GZMB/CD28_GZMB/CD3G_GZMB/CD3E_GZMB/TRAT1_GZMB/CD2_GZMB/CD6_GZMB/CD96_GZMB/GIMAP5_GZMB/TRBC1_GZMB/TRAT1_SPON2/CD96_SPON2/TRBC1_SPON2/CD6_IL21R/CD96_IL21R/TRBC1_IL21R/CD3D_KIR3DL1/CD3G_KIR3DL1/CD3E_KIR3DL1/TRAT1_KIR3DL1/BCL11B_KIR3DL1/CD2_KIR3DL1/CD6_KIR3DL1/CD96_KIR3DL1/GIMAP5_KIR3DL1/SH2D1A_KIR3DL1/TRBC1_KIR3DL1/CD3D_GTF3C1/CD28_GTF3C1/CD3G_GTF3C1/CD3E_GTF3C1/TRAT1_GTF3C1/BCL11B_GTF3C1/CD2_GTF3C1/CD6_GTF3C1/CD96_GTF3C1/GIMAP5_GTF3C1/SH2D1A_GTF3C1/TRBC1_GTF3C1
13,13,T_Tumor,T,Tumor,131,94,1.929,6.74E-16,2.22E-14,0.003846154,TRBC1_BAMBI/BCL11B_FGF3/CD6_FGF3/CD6_IGF2/TRAT1_FGF3/BCL11B_SLC1A5/TRAT1_IGF2/TRBC1_VSNL1/TRBC1_FGF3/TRBC1_IGF2/CD3E_FGF3/CD3E_VSNL1/BCL11B_IGF2/CD3E_BAMBI/CD6_BAMBI/CD6_JAG2/CD3E_ASPSCR1/CD6_TEAD4/TRAT1_VSNL1/BCL11B_VSNL1/TRAT1_ASPSCR1/CD3E_IGF2/SH2D1A_LRFN4/SH2D1A_FGF3/CD3G_ASPSCR1/BCL11B_HOXA9/TRAT1_FKBP4/CD96_BAMBI/BCL11B_BAMBI/CD96_VSNL1/TRBC1_HOXA9/GIMAP5_FGF3/CD2_BAMBI/TRBC1_RHOD/CD3G_TEAD4/CD6_HOXA9/CD2_TEAD4/CD3E_HOXA9/CD3E_F12/CD3D_IGF2/CD3G_FGF3/SH2D1A_VSNL1/TRBC1_TEAD4/CD3D_BAMBI/CD96_FGF3/SH2D1A_IGF2/CD28_S100A2/TRAT1_RHOD/SH2D1A_TEAD4/CD3G_VSNL1/TRBC1_SLC27A5/GIMAP5_TEAD4/ITM2A_ITGB4/CD6_SLC1A5/CD3D_VSNL1/TRAT1_HOXA9/CD3E_LRFN4/CD3E_SLC27A5/GIMAP5_BAMBI/PRKCQ_MFAP2/SH2D1A_RHOD/CD28_RHOD/TRAT1_MFAP2/SKAP1_S100A2/LCK_S100A2/CD2_LRFN4/CD28_MFAP2/CD3D_ASPSCR1/SH2D1A_BAMBI/CD96_TEAD4/BCL11B_TEAD4/CD3G_MFAP2/ITM2A_BAMBI/CD3E_MFAP2/CD96_MFAP2/TRBC1_JAG2/CD6_RHOD/CD3G_BAMBI/SH2D1A_NTSR1/TRAT1_TEAD4/CD2_RHOD/CD6_VSNL1/CD3D_TEAD4/CD2_ASPSCR1/CD3G_F12/CD3D_FGF3/TRBC1_DHRS2/CD2_VSNL1/CD28_TEAD4/CD3E_TEAD4/ITM2A_SLC1A5/SH2D1A_FKBP4/CD28_LRFN4/TRBC1_LRFN4,TRBC1_KRT5/CD3D_EEF1A2/CD3D_VSNL1/CD28_VSNL1/CD3G_VSNL1/CD3E_VSNL1/TRAT1_VSNL1/BCL11B_VSNL1/CD2_VSNL1/CD6_VSNL1/CD96_VSNL1/GIMAP5_VSNL1/SH2D1A_VSNL1/TRBC1_VSNL1/CD3D_ASPSCR1/CD3G_ASPSCR1/CD3E_ASPSCR1/TRAT1_ASPSCR1/CD2_ASPSCR1/TRBC1_ASPSCR1/CD3D_IGF2/CD3G_IGF2/CD3E_IGF2/TRAT1_IGF2/BCL11B_IGF2/CD6_IGF2/CD96_IGF2/SH2D1A_IGF2/TRBC1_IGF2/CD3D_MFAP2/CD28_MFAP2/PRKCQ_MFAP2/CD3G_MFAP2/CD3E_MFAP2/TRAT1_MFAP2/CD96_MFAP2/SH2D1A_MFAP2/TRBC1_MFAP2/CD3D_FGF3/CD3G_FGF3/CD3E_FGF3/TRAT1_FGF3/BCL11B_FGF3/CD2_FGF3/CD6_FGF3/CD96_FGF3/GIMAP5_FGF3/SH2D1A_FGF3/TRBC1_FGF3/CD28_S100A2/LCK_S100A2/SKAP1_S100A2/BCL11B_S100A2/CD2_S100A2/CD6_S100A2/TRBC1_S100A2/CD28_JAG2/TRAT1_JAG2/CD6_JAG2/TRBC1_JAG2/CD3D_BAMBI/LCK_BAMBI/NCALD_BAMBI/CD3G_BAMBI/CD3E_BAMBI/BCL11B_BAMBI/CD2_BAMBI/CD6_BAMBI/CD96_BAMBI/GIMAP5_BAMBI/SH2D1A_BAMBI/TRBC1_BAMBI/ITM2A_BAMBI/CD3D_RHOD/CD28_RHOD/TRAT1_RHOD/CD2_RHOD/CD6_RHOD/SH2D1A_RHOD/TRBC1_RHOD/CD3G_DHRS2/SH2D1A_DHRS2/TRBC1_DHRS2/ITM2A_ITGB4/CD3E_NTSR1/SH2D1A_NTSR1/TRAT1_SLC1A5/BCL11B_SLC1A5/CD6_SLC1A5/CD96_SLC1A5/ITM2A_SLC1A5/CD3G_FKBP4/CD3E_FKBP4/TRAT1_FKBP4/BCL11B_FKBP4/SH2D1A_FKBP4/CD3D_TEAD4/CD28_TEAD4/PRKCQ_TEAD4/CD3G_TEAD4/CD3E_TEAD4/TRAT1_TEAD4/BCL11B_TEAD4/CD2_TEAD4/CD6_TEAD4/CD96_TEAD4/GIMAP5_TEAD4/SH2D1A_TEAD4/TRBC1_TEAD4/CD3G_SLC27A5/CD3E_SLC27A5/SH2D1A_SLC27A5/TRBC1_SLC27A5/CD3E_HOXA9/TRAT1_HOXA9/BCL11B_HOXA9/CD6_HOXA9/CD96_HOXA9/TRBC1_HOXA9/CD3D_F12/CD3G_F12/CD3E_F12/TRAT1_F12/CD2_F12/SH2D1A_F12/CD28_LRFN4/CD3E_LRFN4/CD2_LRFN4/CD6_LRFN4/SH2D1A_LRFN4/TRBC1_LRFN4
14,14,T_Th1,T,Th1,104,79,2.042,6.74E-16,2.22E-14,0.003571429,CD3E_BST2/CD2_BTG3/CD6_CD70/CD28_CCL4/SH2D1A_CD38/CD28_DGKI/CD3E_BTG3/SH2D1A_BTG3/CD6_BTG3/CD96_BTG3/TRAT1_BST2/BCL11B_IL22/TRBC1_BTG3/SH2D1A_IFNG/TRBC1_CD70/CD6_IL22/TRBC1_IFNG/CD3D_IFNG/TRBC1_CD38/CD3D_BTG3/CD3E_LRRN3/CD96_CD70/CD3E_CD38/CD2_IFNG/CD96_CCL4/TRAT1_IFNG/CD3E_LTA/CD3E_CCL4/CD3G_BTG3/TRBC1_GGT1/TRBC1_LTA/CD28_CD38/TRAT1_IL22/SH2D1A_LRP8/TRBC1_DGKI/TRAT1_BTG3/SH2D1A_GGT1/CD3G_BST2/CD3E_LRP8/TRBC1_APBB2/TRAT1_GGT1/CD28_BST2/CD2_CD38/TRBC1_IL22/CD3G_LRRN3/CD3D_CD38/CD28_APBB2/CD2_APBB2/CD96_IFNG/TRBC1_CCL4/SH2D1A_IL22/LCK_GGT1/CD6_GGT1/CD96_CD38/CD96_IL22/CD3E_IL22/BCL11B_BST2/BCL11B_BTG3/CD2_BST2/CD28_IFNG/TRBC1_LRP8/CD2_LRRN3/CD3G_IL22/CD6_LRRN3/CD28_LRP8/CD96_DGKI/CD6_LTA/CD6_HBEGF/SH2D1A_SGCB/LCK_BTG3/CD28_IL22/CD3E_IFNG/CD96_LRRN3/CD3E_SGCB/TRAT1_DGKI/TRAT1_CD70/TRAT1_CCL4/CD6_BST2/CD2_GGT1,CD28_LRP8/CD3G_LRP8/CD3E_LRP8/SH2D1A_LRP8/TRBC1_LRP8/CD3D_IL22/CD28_IL22/CD3G_IL22/CD3E_IL22/TRAT1_IL22/BCL11B_IL22/CD2_IL22/CD6_IL22/CD96_IL22/SH2D1A_IL22/TRBC1_IL22/CD28_DGKI/TRAT1_DGKI/CD6_DGKI/CD96_DGKI/TRBC1_DGKI/CD3D_IFNG/CD28_IFNG/CD3G_IFNG/CD3E_IFNG/TRAT1_IFNG/CD2_IFNG/CD96_IFNG/SH2D1A_IFNG/TRBC1_IFNG/CD3E_LTA/TRAT1_LTA/CD6_LTA/TRBC1_LTA/CD28_APBB2/CD3G_APBB2/CD3E_APBB2/CD2_APBB2/TRBC1_APBB2/CD3D_IL12RB2/SH2D1A_IL12RB2/NCALD_APOD/CD3D_BST2/CD28_BST2/CD3G_BST2/CD3E_BST2/TRAT1_BST2/BCL11B_BST2/CD2_BST2/CD6_BST2/CD28_CCL4/CD3E_CCL4/TRAT1_CCL4/CD6_CCL4/CD96_CCL4/TRBC1_CCL4/CD3G_LRRN3/CD3E_LRRN3/TRAT1_LRRN3/CD2_LRRN3/CD6_LRRN3/CD96_LRRN3/TRBC1_LRRN3/CD3D_SYNGR3/CD3G_ATP9A/CD28_GGT1/LCK_GGT1/CD3E_GGT1/TRAT1_GGT1/CD2_GGT1/CD6_GGT1/SH2D1A_GGT1/TRBC1_GGT1/CD6_HBEGF/CD3D_SGCB/CD3E_SGCB/TRAT1_SGCB/CD96_SGCB/SH2D1A_SGCB/CD3D_BTG3/LCK_BTG3/CD3G_BTG3/CD3E_BTG3/TRAT1_BTG3/BCL11B_BTG3/CD2_BTG3/CD6_BTG3/CD96_BTG3/GIMAP5_BTG3/SH2D1A_BTG3/TRBC1_BTG3/CD3E_CTLA4/CD28_CD70/TRAT1_CD70/CD6_CD70/CD96_CD70/TRBC1_CD70/CD3D_CD38/CD28_CD38/CD3E_CD38/CD2_CD38/CD96_CD38/SH2D1A_CD38/TRBC1_CD38
15,15,T_Cytotoxic,T,Cytotoxic,61,53,2.335,1.11E-15,3.43E-14,0.003333333,CD3E_GNLY/CD96_KLRD1/CD6_GNLY/CD2_KLRD1/CD3E_APOL3/CD96_GNLY/CD2_GNLY/TRBC1_KLRK1/TRBC1_GNLY/TRBC1_APOL3/CD3E_KLRD1/BCL11B_GNLY/CD3E_KLRK1/CD96_APBA2/CD6_KLRD1/TRBC1_NKG7/CD3G_KLRD1/CD28_KLRD1/CD3D_KLRD1/CD2_RORA/CD3D_GNLY/TRAT1_GNLY/TRAT1_KLRD1/CD3E_RORA/CD6_APBA2/SH2D1A_GNLY/TRBC1_KLRD1/CD3D_RORA/TRBC1_DUSP2/TRBC1_APBA2/BCL11B_KLRD1/CD6_APOL3/TRAT1_APBA2/SH2D1A_APOL3/SH2D1A_KLRD1/BCL11B_KLRK1/CD28_KLRK1/CD96_RORA/CD2_KLRK1/ITM2A_GZMH/CD2_APOL3/SH2D1A_RORA/CD3G_GNLY/TRBC1_GZMH/CD28_GNLY/GIMAP5_KLRD1/CD96_APOL3/CD3D_KLRK1/NCALD_GNLY/TRBC1_RORA/LCK_GNLY/TRBC1_RUNX3/CD3E_RUNX3,TRBC1_CTSW/CD3D_KLRK1/CD28_KLRK1/CD3G_KLRK1/CD3E_KLRK1/BCL11B_KLRK1/CD2_KLRK1/CD96_KLRK1/SH2D1A_KLRK1/TRBC1_KLRK1/CD3D_KLRD1/CD28_KLRD1/LCK_KLRD1/CD3G_KLRD1/CD3E_KLRD1/TRAT1_KLRD1/BCL11B_KLRD1/CD2_KLRD1/CD6_KLRD1/CD96_KLRD1/GIMAP5_KLRD1/SH2D1A_KLRD1/TRBC1_KLRD1/TRBC1_KLRF1/TRBC1_DUSP2/CD3D_GNLY/CD28_GNLY/LCK_GNLY/NCALD_GNLY/CD3G_GNLY/CD3E_GNLY/TRAT1_GNLY/BCL11B_GNLY/CD2_GNLY/CD6_GNLY/CD96_GNLY/SH2D1A_GNLY/TRBC1_GNLY/TRBC1_NKG7/TRBC1_GZMH/ITM2A_GZMH/CD3D_RORA/CD3E_RORA/BCL11B_RORA/CD2_RORA/CD96_RORA/SH2D1A_RORA/TRBC1_RORA/TRAT1_APBA2/CD6_APBA2/CD96_APBA2/TRBC1_APBA2/CD3E_RUNX3/TRBC1_RUNX3/CD3D_APOL3/CD3E_APOL3/CD2_APOL3/CD6_APOL3/CD96_APOL3/SH2D1A_APOL3/TRBC1_APOL3
16,16,T_Th2,T,Th2,81,65,2.157,2.15E-15,6.22E-14,0.003125,CD3E_SMAD2/CD3E_AHI1/CD6_SMAD2/CD96_AHI1/TRAT1_SMAD2/CD2_IL26/TRBC1_SMAD2/CD3D_SMAD2/TRBC1_AHI1/CD2_AHI1/TRAT1_AHI1/BCL11B_SMAD2/GIMAP5_AHI1/CD6_AHI1/TRAT1_CDC25C/CD28_SMAD2/CD96_SMAD2/CD3E_SLC39A14/CD28_SNRPD1/SH2D1A_AHI1/CD3G_SMAD2/BCL11B_AHI1/CD6_CXCR6/BCL11B_CDC25C/CD3E_IL26/CD28_AHI1/LCK_BIRC5/CD3D_AHI1/CD3G_CDC25C/CD96_IL26/SH2D1A_SNRPD1/CD3G_AHI1/TRBC1_MICAL2/CD6_GSTA4/TRAT1_SLC39A14/TRBC1_GSTA4/TRAT1_MICAL2/CD2_SLC39A14/CD2_CDC25C/TRAT1_SNRPD1/CD3E_WDHD1/SKAP1_SNRPD1/SH2D1A_SMAD2/CD3G_SLC39A14/ITM2A_SLC39A14/LCK_SNRPD1/CD96_SNRPD1/SH2D1A_ANK1/PRKCQ_MB/ITM2A_BIRC5/CD6_NEIL3/CD3G_LAIR2/CD28_MB/CD2_SMAD2/CD3D_MB/CD3E_SNRPD1/CD3D_GSTA4/CD96_GSTA4/CD3E_ADCY1/CD2_CDC7/TRAT1_WDHD1/CD28_GSTA4/BCL11B_GSTA4/PRKCQ_AHI1/SH2D1A_GSTA4,TRAT1_CXCR6/CD6_CXCR6/CD3E_ADCY1/CD3D_AHI1/CD28_AHI1/PRKCQ_AHI1/CD3G_AHI1/CD3E_AHI1/TRAT1_AHI1/BCL11B_AHI1/CD2_AHI1/CD6_AHI1/CD96_AHI1/GIMAP5_AHI1/SH2D1A_AHI1/TRBC1_AHI1/CD3G_LAIR2/CD2_LAIR2/CD28_SNRPD1/LCK_SNRPD1/CD3E_SNRPD1/SKAP1_SNRPD1/TRAT1_SNRPD1/BCL11B_SNRPD1/CD2_SNRPD1/CD96_SNRPD1/SH2D1A_SNRPD1/CD3D_IL26/CD3E_IL26/CD2_IL26/CD96_IL26/CD3D_MB/CD28_MB/PRKCQ_MB/CD6_MB/SH2D1A_MB/TRAT1_ANK1/SH2D1A_ANK1/TRBC1_ANK1/CD3E_WDHD1/TRAT1_WDHD1/BCL11B_NEIL3/CD6_NEIL3/TRAT1_MICAL2/BCL11B_MICAL2/TRBC1_MICAL2/CD3D_SMAD2/CD28_SMAD2/CD3G_SMAD2/CD3E_SMAD2/TRAT1_SMAD2/BCL11B_SMAD2/CD2_SMAD2/CD6_SMAD2/CD96_SMAD2/SH2D1A_SMAD2/TRBC1_SMAD2/CD3G_CDC25C/TRAT1_CDC25C/BCL11B_CDC25C/CD2_CDC25C/CD3D_GSTA4/CD28_GSTA4/LCK_GSTA4/CD3G_GSTA4/CD3E_GSTA4/BCL11B_GSTA4/CD2_GSTA4/CD6_GSTA4/CD96_GSTA4/SH2D1A_GSTA4/TRBC1_GSTA4/CD3G_SLC39A14/CD3E_SLC39A14/TRAT1_SLC39A14/CD2_SLC39A14/ITM2A_SLC39A14/CD2_CDC7/LCK_BIRC5/ITM2A_BIRC5/SH2D1A_LIMA1
17,17,DC_Tumor,DC,Tumor,47,43,2.459,8.73E-15,2.37E-13,0.005882353,CCL22_BAMBI/CCL17_BAMBI/CCL22_HOXA9/CCL22_IGF2/CCL22_SLC6A8/CCL22_FGF3/CCL17_SLC1A5/CCL17_F12/CD209_MFAP2/CCL17_SLC6A8/CCL17_EEF1A2/CCL17_BMP4/CCL22_TEAD4/CCL22_RHOD/CCL22_F12/CCL22_SLC1A5/CCL17_RHOD/CCL22_ITGB4/CCL22_BMP7/CCL22_INHBB/CCL17_INHBB/CCL17_HOXA9/CCL17_BMP7/CCL17_IGF2/CCL17_RPP25/CCL22_CCND1/PPFIBP2_SLC1A5/CCL17_ITGB4/CCL17_CCND1/CCL22_VSNL1/CCL22_JAG2/CCL17_JAG2/CCL17_KRT13/CCL17_FKBP4/CCL22_S100A2/CCL22_LRFN4/CCL17_ASPSCR1/PPFIBP2_BAMBI/CD209_TEAD4/CCL17_FGF3/CCL17_RBP1/HSD11B1_MFAP2/CCL17_MFAP2,CCL17_KRT13/CCL22_SLC6A8/CCL17_SLC6A8/CCL17_RBP1/CCL17_BMP4/CCL17_EEF1A2/CCL22_VSNL1/CCL17_ASPSCR1/CCL22_IGF2/CCL17_IGF2/HSD11B1_MFAP2/CCL22_MFAP2/CD209_MFAP2/CCL17_MFAP2/CCL22_FGF3/PPFIBP2_FGF3/CCL17_FGF3/CCL22_S100A2/CD209_S100A2/CCL22_INHBB/CCL17_INHBB/CCL22_JAG2/CCL17_JAG2/CCL22_BAMBI/PPFIBP2_BAMBI/CCL17_BAMBI/CCL22_BMP7/CCL17_BMP7/CCL17_RPP25/CCL22_RHOD/CCL17_RHOD/CCL22_ITGB4/CCL17_ITGB4/CCL22_SLC1A5/PPFIBP2_SLC1A5/CCL17_SLC1A5/CCL17_FKBP4/CCL22_S100A3/CCL22_TEAD4/CD209_TEAD4/CCL22_CCND1/CCL17_CCND1/CCL22_HOXA9/CCL17_HOXA9/CCL22_F12/CCL17_F12/CCL22_LRFN4
18,18,DC_Th,DC,Th,35,32,2.458,2.87E-11,7.38E-10,0.026111111,CCL17_ATF2/CCL17_GOLGA8A/CCL22_PHF10/CCL17_FRYL/CCL17_LRBA/CCL17_NAP1L4/CCL17_SEC24C/CCL22_ANP32B/CCL22_FRYL/CCL22_SEC24C/CCL22_NUP107/CCL17_DDX50/CCL17_UBE2L3/CCL22_ATF2/CCL17_RPA1/CCL22_DDX50/CCL22_FAM111A/PPFIBP2_ATF2/PPFIBP2_NAP1L4/CCL17_FAM111A/CCL22_SLC25A12/CCL17_ASF1A/CCL17_NUP107/CCL22_BATF/CCL22_NAP1L4/CCL17_PPP2R5C/CCL22_UBE2L3/PPFIBP2_GOLGA8A/PPFIBP2_FAM111A/CCL22_LRBA/CCL22_RPA1/CCL22_GOLGA8A,CCL22_FRYL/CCL17_FRYL/CCL22_RPA1/CCL17_RPA1/CCL22_LRBA/CCL17_LRBA/CCL22_NAP1L4/PPFIBP2_NAP1L4/CCL17_NAP1L4/CCL22_BATF/CCL17_ASF1A/CCL22_GOLGA8A/PPFIBP2_GOLGA8A/CD209_GOLGA8A/CCL17_GOLGA8A/CCL22_ANP32B/CCL17_ANP32B/CCL22_DDX50/CCL17_DDX50/CCL22_UBE2L3/CCL17_UBE2L3/CCL22_SLC25A12/CCL22_ATF2/PPFIBP2_ATF2/CCL17_ATF2/CD209_CD28/CCL17_PPP2R5C/CCL22_NUP107/CCL17_NUP107/CCL22_SEC24C/CCL17_SEC24C/CCL22_FAM111A/PPFIBP2_FAM111A/CCL17_FAM111A/CCL22_PHF10
19,19,DC_CD8 T,DC,CD8 T,46,39,2.279,3.71E-11,9.01E-10,0.025789474,CCL17_LEPROTL1/CCL17_ZNF22/PPFIBP2_DNAJB1/PPFIBP2_ZNF22/CCL17_TBCC/CCL17_ABT1/CCL22_FLT3LG/CCL22_CDKN2AIP/CCL17_RBM3/CCL17_THUMPD1/CCL17_ZNF609/CCL17_CDKN2AIP/CCL17_PPP1R2/CCL17_LIME1/CCL22_ARHGAP8/CCL17_CD8B/CCL22_DNAJB1/CCL22_PPP1R2/CCL17_CAMLG/CCL17_SLC16A7/CCL22_LIME1/CCL17_APBA2/CCL17_PRR5/CCL17_ZNF91/CCL17_TSC22D3/CCL22_CAMLG/PPFIBP2_PPP1R2/CCL22_ZEB1/CCL22_ABT1/CCL22_THUMPD1/CCL22_RBM3/CCL17_GADD45A/CCL17_FLT3LG/CCL22_ZNF609/PPFIBP2_LEPROTL1/CCL17_KLF9/PPFIBP2_CAMLG/CCL22_ZNF22/CCL22_LEPROTL1,CCL17_SF1/CCL22_ARHGAP8/CCL22_DNAJB1/PPFIBP2_DNAJB1/CCL17_CD8B/CCL22_PF4/CCL17_PF4/CCL22_PRR5/CCL17_PRR5/CCL22_LIME1/CCL17_LIME1/CCL22_THUMPD1/CCL17_THUMPD1/CCL17_SLC16A7/CCL17_APBA2/CCL22_LEPROTL1/PPFIBP2_LEPROTL1/CCL17_LEPROTL1/CCL17_GADD45A/CCL22_ZEB1/CCL17_ZEB1/CCL22_ZNF609/CCL17_ZNF609/CCL22_CAMLG/PPFIBP2_CAMLG/CCL17_CAMLG/CCL22_PPP1R2/PPFIBP2_PPP1R2/CCL17_PPP1R2/CCL17_ZNF91/CCL22_ZNF22/PPFIBP2_ZNF22/CCL17_ZNF22/CCL22_TMC6/CCL17_TMC6/CCL22_FLT3LG/CCL17_FLT3LG/CCL22_CDKN2AIP/CCL17_CDKN2AIP/CCL17_TSC22D3/CCL17_TBCC/CCL22_RBM3/CCL17_RBM3/CCL22_ABT1/CCL17_ABT1/CCL17_KLF9
20,20,T_iDC,T,iDC,90,63,1.882,2.34E-10,5.40E-09,0.0325,CD3E_LMAN2L/CD3E_CSF1R/BCL11B_LMAN2L/TRBC1_CSF1R/CD6_GUCA1A/BCL11B_GUCA1A/CD6_LMAN2L/CD6_CTNS/CD3E_CTNS/TRAT1_LMAN2L/TRAT1_GUCA1A/CD3E_VASH1/TRBC1_GUCA1A/CD28_VASH1/CD28_CSF1R/TRBC1_VASH1/CD96_VASH1/CD6_CSF1R/CD96_MS4A6A/CD3E_MS4A6A/CD3D_CSF1R/SH2D1A_LMAN2L/CD28_LMAN2L/CD28_MS4A6A/CD3G_LMAN2L/LCK_FZD2/TRBC1_MS4A6A/BCL11B_CTNS/SH2D1A_GUCA1A/CD96_LMAN2L/CD3E_NUDT9/TRBC1_LMAN2L/CD2_CSF1R/CD2_LMAN2L/CD6_SLC7A8/CD96_CSF1R/CD3D_NUDT9/CD3G_VASH1/CD3E_GUCA1A/CD3E_SLC26A6/SH2D1A_NUDT9/TRBC1_CARD9/CD3D_LMAN2L/CD3E_ABCG2/CD2_VASH1/CD6_VASH1/GIMAP5_GUCA1A/CD28_CTNS/BCL11B_PREP/TRAT1_VASH1/CD3D_VASH1/CD2_CTNS/CD3D_SLC26A6/CD2_SYT17/TRAT1_NUDT9/CD96_NUDT9/CD3G_GUCA1A/TRAT1_PREP/CD3D_CTNS/CD3D_MS4A6A/TRBC1_CTNS/CD6_FZD2/SH2D1A_CTNS,CD3G_GUCA1A/CD3E_GUCA1A/TRAT1_GUCA1A/BCL11B_GUCA1A/CD2_GUCA1A/CD6_GUCA1A/CD96_GUCA1A/GIMAP5_GUCA1A/SH2D1A_GUCA1A/TRBC1_GUCA1A/CD3E_CARD9/TRBC1_CARD9/CD3E_ABCG2/CD3D_VASH1/CD28_VASH1/CD3G_VASH1/CD3E_VASH1/TRAT1_VASH1/CD2_VASH1/CD6_VASH1/CD96_VASH1/TRBC1_VASH1/CD3D_F13A1/CD3E_F13A1/TRBC1_F13A1/CD2_SYT17/CD3D_MS4A6A/CD28_MS4A6A/CD3E_MS4A6A/CD6_MS4A6A/CD96_MS4A6A/TRBC1_MS4A6A/CD3D_CTNS/CD28_CTNS/CD3G_CTNS/CD3E_CTNS/TRAT1_CTNS/BCL11B_CTNS/CD2_CTNS/CD6_CTNS/CD96_CTNS/GIMAP5_CTNS/SH2D1A_CTNS/TRBC1_CTNS/CD3D_LMAN2L/CD28_LMAN2L/CD3G_LMAN2L/CD3E_LMAN2L/TRAT1_LMAN2L/BCL11B_LMAN2L/CD2_LMAN2L/CD6_LMAN2L/CD96_LMAN2L/SH2D1A_LMAN2L/TRBC1_LMAN2L/CD3D_SLC26A6/CD28_SLC26A6/CD3G_SLC26A6/CD3E_SLC26A6/TRAT1_SLC26A6/SH2D1A_SLC26A6/BCL11B_BLVRB/CD6_SLC7A8/CD3D_FZD2/LCK_FZD2/CD3G_FZD2/CD3E_FZD2/CD6_FZD2/GIMAP5_FZD2/SH2D1A_FZD2/TRBC1_FZD2/CD3D_CSF1R/CD28_CSF1R/CD3G_CSF1R/CD3E_CSF1R/TRAT1_CSF1R/CD2_CSF1R/CD6_CSF1R/CD96_CSF1R/TRBC1_CSF1R/TRAT1_PREP/BCL11B_PREP/CD2_PREP/CD6_PREP/CD3D_NUDT9/CD3E_NUDT9/TRAT1_NUDT9/CD2_NUDT9/CD96_NUDT9/SH2D1A_NUDT9
21,21,B_Macrophage,B,Macrophage,60,45,2.016,2.59E-09,5.71E-08,0.054761905,BLNK_FDX1/MEF2C_BCAT1/GLDC_BCAT1/BLNK_BCAT1/TCL1A_BCAT1/BLK_GM2A/CD19_BCAT1/BLK_MSR1/FCRL2_MS4A4A/BLNK_SCARB2/BLK_CYBB/MS4A1_CHI3L1/SCN3A_BCAT1/CCR9_BCAT1/FCRL2_MSR1/BLK_MS4A4A/BLK_BCAT1/FAM30A_BCAT1/MS4A1_CTSK/FCRL2_BCAT1/BLNK_GPC4/QRSL1_BCAT1/FAM30A_MSR1/HLA-DQA1_BCAT1/MS4A1_MS4A4A/MICAL3_BCAT1/FCRL2_FN1/CD19_FN1/MS4A1_APOE/ABCB4_BCAT1/BLNK_ATG7/MS4A1_MSR1/TCL1A_CYBB/HLA-DOB_BCAT1/CR2_CHI3L1/BLK_APOE/MS4A1_FN1/BLNK_SGMS1/FAM30A_MS4A4A/BLK_FN1/FCRL2_CYBB/MEF2C_GM2A/TNFRSF17_BCAT1/BLK_CTSK/IGHA1_SCARB2,CD72_CHIT1/MICAL3_GPC4/BLNK_GPC4/MS4A1_SCG5/CR2_SCG5/MS4A1_MSR1/FCRL2_MSR1/BLK_MSR1/FAM30A_MSR1/MS4A1_CTSK/FCRL2_CTSK/BLK_CTSK/CD19_CTSK/FAM30A_CTSK/QRSL1_PTGDS/IGHA1_SCARB2/BLNK_SCARB2/MICAL3_BCAT1/TCL1A_BCAT1/FCRL2_BCAT1/BLK_BCAT1/COCH_BCAT1/TNFRSF17_BCAT1/ABCB4_BCAT1/HLA-DOB_BCAT1/CD19_BCAT1/FAM30A_BCAT1/SPIB_BCAT1/CCR9_BCAT1/QRSL1_BCAT1/SCN3A_BCAT1/BLNK_BCAT1/HLA-DQA1_BCAT1/MEF2C_BCAT1/GLDC_BCAT1/MS4A1_APOE/BLK_APOE/MS4A1_CCL7/MS4A1_FN1/FCRL2_FN1/BLK_FN1/CD19_FN1/FAM30A_FN1/MS4A1_GM2A/BLK_GM2A/MEF2C_GM2A/MS4A1_CHI3L1/CR2_CHI3L1/MS4A1_ATG7/BLNK_ATG7/BLNK_FDX1/MS4A1_MS4A4A/FCRL2_MS4A4A/BLK_MS4A4A/FAM30A_MS4A4A/BLNK_SGMS1/TCL1A_CYBB/FCRL2_CYBB/BLK_CYBB/CD19_CYBB
22,22,DC_Th2,DC,Th2,43,35,2.188,3.48E-09,7.31E-08,0.055909091,CCL17_SLC39A14/CCL22_BIRC5/CCL22_LIMA1/CCL22_LAIR2/CCL17_NEIL3/CCL17_EVI5/CCL17_SMAD2/CCL17_GSTA4/CCL22_CDC25C/CCL17_WDHD1/CCL22_SNRPD1/CCL22_HELLS/CCL22_NEIL3/CCL22_AHI1/CCL17_SNRPD1/CCL17_CDC25C/CCL17_HELLS/CCL22_CDC7/CCL17_CDC7/CCL22_PHEX/CCL17_BIRC5/PPFIBP2_CDC25C/CCL22_MB/CD209_MB/CCL22_WDHD1/CCL22_IL26/CCL17_MB/PPFIBP2_HELLS/CCL22_SMAD2/CCL22_CENPF/CCL17_IL26/CCL22_MICAL2/CCL17_CENPF/PPFIBP2_SLC39A14/CCL22_SLC39A14,CCL22_CXCR6/CCL22_AHI1/CCL17_AHI1/CCL22_LAIR2/CCL22_SNRPD1/CCL17_SNRPD1/CCL17_EVI5/CCL22_IL26/CCL17_IL26/CCL22_MB/PPFIBP2_MB/CD209_MB/CCL17_MB/CCL22_CENPF/CCL17_CENPF/CCL22_ANK1/CCL22_WDHD1/CCL17_WDHD1/CCL22_NEIL3/PPFIBP2_NEIL3/CCL17_NEIL3/CCL22_MICAL2/CCL17_MICAL2/CCL17_DHFR/CCL22_SMAD2/CCL17_SMAD2/CCL22_CDC25C/PPFIBP2_CDC25C/CCL17_CDC25C/CCL17_GSTA4/CCL22_PHEX/CCL17_PHEX/CCL22_SLC39A14/PPFIBP2_SLC39A14/CCL17_SLC39A14/CCL22_HELLS/PPFIBP2_HELLS/CCL17_HELLS/CCL22_CDC7/CCL17_CDC7/CCL22_BIRC5/CCL17_BIRC5/CCL22_LIMA1
23,23,Tfh_Macrophage,Tfh,Macrophage,34,29,2.293,1.00E-08,2.01E-07,0.067826087,SIRPG_BCAT1/SLC7A10_BCAT1/B3GAT1_BCAT1/SIRPG_ATG7/TOX_BCAT1/SIRPG_MS4A4A/TSHR_BCAT1/SIRPG_COL8A2/SIRPG_CD163/PDCD1_BCAT1/ST8SIA1_BCAT1/CHI3L2_BCAT1/POMT1_BCAT1/PVALB_BCAT1/SIRPG_GM2A/MYO7A_BCAT1/SIRPG_SCARB2/MAF_BCAT1/PASK_ATG7/SIRPG_CYBB/HEY1_BCAT1/SIRPG_RAI14/SIRPG_CD68/SIRPG_CTSK/SIRPG_MSR1/CXCL13_APOE/ZNF764_BCAT1/MYO6_BCAT1/SIRPG_CD84,SIRPG_MSR1/SIRPG_CTSK/TSHR_PTGDS/SIRPG_SCARB2/MYO7A_BCAT1/CHI3L2_BCAT1/TSHR_BCAT1/TOX_BCAT1/SLC7A10_BCAT1/HEY1_BCAT1/PVALB_BCAT1/SIRPG_BCAT1/MAGEH1_BCAT1/B3GAT1_BCAT1/POMT1_BCAT1/ST8SIA1_BCAT1/PDCD1_BCAT1/MAF_BCAT1/MYO6_BCAT1/ZNF764_BCAT1/SIRPG_RAI14/SIRPG_COL8A2/CXCL13_APOE/B3GAT1_ME1/SIRPG_CD163/CHI3L2_GM2A/SIRPG_GM2A/SIRPG_CD68/SIRPG_ATG7/PASK_ATG7/SIRPG_CD84/SMAD1_FDX1/SIRPG_MS4A4A/SIRPG_CYBB
24,24,T_Tgd,T,Tgd,25,23,2.473,1.59E-08,3.06E-07,0.07375,CD3E_CD160/CD28_FEZ1/CD28_CD160/CD3G_TRGV9/TRBC1_FEZ1/TRBC1_CD160/CD6_CD160/PRKCQ_FEZ1/BCL11B_CD160/CD3E_FEZ1/CD2_FEZ1/CD3G_FEZ1/TRAT1_TRGV9/SH2D1A_CD160/SH2D1A_FEZ1/BCL11B_FEZ1/LCK_FEZ1/TRAT1_CD160/CD3D_CD160/TRAT1_FEZ1/CD3D_FEZ1/TRBC1_TRGV9/CD96_FEZ1,CD3G_TRGV9/TRAT1_TRGV9/SH2D1A_TRGV9/TRBC1_TRGV9/CD3D_CD160/CD28_CD160/CD3E_CD160/TRAT1_CD160/BCL11B_CD160/CD2_CD160/CD6_CD160/SH2D1A_CD160/TRBC1_CD160/CD3D_FEZ1/CD28_FEZ1/LCK_FEZ1/PRKCQ_FEZ1/CD3G_FEZ1/CD3E_FEZ1/TRAT1_FEZ1/BCL11B_FEZ1/CD2_FEZ1/CD96_FEZ1/SH2D1A_FEZ1/TRBC1_FEZ1
25,25,DC_Eosinophil,DC,Eosinophil,36,29,2.165,1.24E-07,2.30E-06,0.116,CCL22_TGIF1/CCL22_CCR3/CCL17_GALC/CCL22_TKTL1/CCL17_KBTBD11/CCL17_ABHD2/CCL17_HES1/CCL22_HES1/CCL17_EPN2/CCL17_SIAH1/CCL17_RCOR3/CCL22_GALC/CCL22_RNASE2/CCL22_CYSLTR2/CCL17_CAT/CCL22_CLC/CCL22_RCOR3/CCL22_SIAH1/CCL17_CYSLTR2/CCL22_IL5RA/CCL17_RRP12/CCL22_ABHD2/CCL22_SMPD3/CCL17_LRP5L/CCL17_TGIF1/CCL17_CLC/PPFIBP2_CAT/CCL17_CCR3/CCL22_SYNJ1,CCL22_TKTL1/CCL17_TKTL1/CCL22_IL5RA/CCL22_HRH4/CCL22_RNASE2/CCL17_RNASE2/PPFIBP2_CAT/CCL17_CAT/CCL22_LRP5L/CCL17_LRP5L/CCL22_CCR3/CCL17_CCR3/CCL22_GALC/CCL17_GALC/CCL22_CLC/CCL17_CLC/CCL22_CYSLTR2/CCL17_CYSLTR2/CCL22_TGIF1/CCL17_TGIF1/CCL17_RRP12/CCL22_RCOR3/CCL17_RCOR3/CCL22_SYNJ1/CCL22_KBTBD11/CCL17_KBTBD11/CCL22_HES1/CCL17_HES1/CCL22_ABHD2/CCL17_ABHD2/CCL17_TIPARP/CCL22_SMPD3/PPFIBP2_EPN2/CCL17_EPN2/CCL22_SIAH1/CCL17_SIAH1
26,26,DC_Tcm,DC,Tcm,43,33,2.063,1.40E-07,2.48E-06,0.112307692,CCL22_CLUAP1/CCL17_ST3GAL1/NPR1_SNRPN/CCL22_ST3GAL1/CCL17_CLUAP1/CCL22_REPS1/CCL17_PCM1/CCL22_DOCK9/CCL17_CEP68/CCL22_STX16/CCL17_INPP4B/PPFIBP2_CREBZF/CCL22_CYLD/CCL17_PHC3/CCL22_FOXP1/CCL17_CREBZF/CCL22_CASP8/CCL22_PCM1/PPFIBP2_TIMM8A/CCL17_ATM/CCL17_CYLD/CCL22_TIMM8A/CCL17_ATF7IP/CCL22_ATF7IP/CCL17_FOXP1/CCL17_CASP8/CCL17_TIMM8A/CCL22_PHC3/CCL22_CEP68/CCL22_NFATC3/CCL22_CREBZF/CCL22_ATM/CCL17_RPP38,CCL22_CLUAP1/CCL17_CLUAP1/CCL22_DOCK9/CCL17_AQP3/CCL22_ATM/CCL17_ATM/CCL22_FOXP1/CCL17_FOXP1/CCL22_PCM1/CCL17_PCM1/CCL22_PHC3/CCL17_PHC3/CCL22_NFATC3/CCL22_TIMM8A/PPFIBP2_TIMM8A/CCL17_TIMM8A/CCL22_ATF7IP/CCL17_ATF7IP/CCL22_REPS1/CD209_REPS1/CCL17_REPS1/CCL17_PSPC1/CCL22_ST3GAL1/CCL17_ST3GAL1/CCL17_INPP4B/CCL22_CASP8/CCL17_CASP8/CCL22_SNRPN/PPFIBP2_SNRPN/NPR1_SNRPN/CCL17_SNRPN/CCL22_CREBZF/PPFIBP2_CREBZF/CCL17_CREBZF/CCL22_CEP68/CCL17_CEP68/CCL22_MAP3K1/CCL17_MAP3K1/CCL22_CYLD/CCL17_CYLD/CCL22_STX16/CCL22_RPP38/CCL17_RPP38
27,27,B_Neutrophil,B,Neutrophil,36,28,2.091,7.87E-07,1.35E-05,0.166666667,BLNK_SLC25A37/BLK_PDE4B/BLK_FPR1/CD19_SLC25A37/CR2_FPR1/FAM30A_PDE4B/CD19_PDE4B/BLK_SLC25A37/MEF2C_SLC25A37/CR2_G0S2/BLK_DYSF/BLK_SLC22A4/MS4A1_G0S2/MS4A1_CREB5/FAM30A_FPR1/BLK_S100A12/CD19_SLC22A4/BLK_CREB5/CD19_CREB5/HLA-DOB_DYSF/BLK_G0S2/FAM30A_DYSF/MS4A1_PDE4B/MS4A1_FPR1/CD19_G0S2/IGHA1_HPSE/MS4A1_DYSF/FCRL2_FPR1,GLDC_MGAM/MS4A1_CSF3R/CR2_CSF3R/MS4A1_DYSF/BLK_DYSF/HLA-DOB_DYSF/FAM30A_DYSF/MEF2C_DYSF/IGHA1_HPSE/MS4A1_CREB5/BLK_CREB5/IGHA1_CREB5/CD19_CREB5/FAM30A_CREB5/BLK_S100A12/MS4A1_TNFRSF10C/BLK_SLC22A4/CD19_SLC22A4/BLK_SLC25A37/CD19_SLC25A37/BLNK_SLC25A37/MEF2C_SLC25A37/MS4A1_G0S2/CR2_G0S2/BLK_G0S2/CD19_G0S2/MS4A1_FPR1/CR2_FPR1/FCRL2_FPR1/BLK_FPR1/FAM30A_FPR1/MS4A1_PDE4B/BLK_PDE4B/CD19_PDE4B/FAM30A_PDE4B/MS4A1_LILRB2
28,28,iDC_Tumor,iDC,Tumor,34,26,2.056,3.48E-06,5.75E-05,0.241071429,CD1C_RHOD/CD1E_CCND1/CD1C_BAMBI/CD1A_BAMBI/CD1E_FGF3/CD1E_IGF2/CD1E_ASPSCR1/CD1E_HOXA9/CD1C_S100A2/CD1C_VSNL1/CD1C_HOXA9/MMP12_S100A2/CD1E_BAMBI/CLEC10A_S100A2/CD1C_FGF3/CD1C_IGF2/CD1E_SLC27A5/CD1A_CCND1/CD1B_IGF2/FABP4_S100A2/CD1C_JAG2/SLC26A6_BAMBI/CD1B_BAMBI/CD1A_S100A2/CD1E_F12/CD1A_RHOD,CD1C_RBP1/CD1B_VSNL1/CD1C_VSNL1/CD1E_ASPSCR1/CD1B_IGF2/CD1E_IGF2/CD1C_IGF2/MS4A6A_MFAP2/CD1E_FGF3/CD1C_FGF3/MMP12_S100A2/FABP4_S100A2/CLEC10A_S100A2/CD1A_S100A2/CD1C_S100A2/CD1C_JAG2/CD1B_BAMBI/CD1E_BAMBI/MMP12_BAMBI/SLC26A6_BAMBI/CD1A_BAMBI/PREP_BAMBI/CD1C_BAMBI/LMAN2L_RPP25/CD1B_RHOD/CD1A_RHOD/CD1C_RHOD/CD1E_CCND1/CD1A_CCND1/CD1E_SLC27A5/CD1E_HOXA9/CD1C_HOXA9/CD1E_F12/LMAN2L_F12
29,29,DC_NK,DC,NK,29,23,2.132,4.38E-06,6.97E-05,0.243103448,CCL17_CDC5L/CCL17_TINAGL1/CCL17_PSMD4/CCL17_ZNF747/CCL22_MAPRE3/PPFIBP2_CDC5L/CCL17_SLC30A5/CCL22_PDLIM4/CCL17_TCTN2/CCL22_ALDH1B1/CCL22_TCTN2/PPFIBP2_SLC30A5/CCL22_TINAGL1/CCL22_ZNF747/CCL22_SLC30A5/CCL22_PSMD4/CCL22_NCR1/CCL17_MRC2/CCL17_FZR1/CCL17_TBXA2R/CCL22_ADARB1/PPFIBP2_TCTN2/CCL22_ZNF205,CCL22_PDLIM4/CCL17_PDLIM4/CCL22_ZNF747/CCL17_ZNF747/CCL22_SLC30A5/PPFIBP2_SLC30A5/CCL17_SLC30A5/CCL22_TBXA2R/CCL17_TBXA2R/PPFIBP2_CDC5L/CCL17_CDC5L/CCL17_MRC2/CCL22_PSMD4/CCL17_PSMD4/CCL22_FZR1/CCL17_FZR1/CCL22_ZNF205/CCL17_ZNF205/CCL22_MAPRE3/CCL17_MAPRE3/CCL22_TCTN2/PPFIBP2_TCTN2/CCL17_TCTN2/CCL22_ADARB1/CCL17_ADARB1/CCL22_NCR1/CCL22_ALDH1B1/CCL22_TINAGL1/CCL17_TINAGL1
30,30,Cytotoxic_Macrophage,Cytotoxic,Macrophage,31,24,2.081,5.77E-06,8.88E-05,0.25,KLRB1_BCAT1/KLRB1_GM2A/KLRB1_CD68/KLRB1_ATG7/KLRB1_SCARB2/KLRB1_SGMS1/APOL3_BCAT1/SIGIRR_BCAT1/KLRK1_BCAT1/RUNX3_BCAT1/KLRB1_GPC4/KLRF1_BCAT1/RORA_BCAT1/SIGIRR_SCARB2/KLRB1_CD163/KLRB1_CCL7/KLRB1_MS4A4A/RUNX3_MS4A4A/KLRB1_MSR1/KLRB1_RAI14/KLRB1_COL8A2/KLRB1_CD84/KLRB1_CLEC5A/CTSW_BCAT1,KLRB1_GPC4/KLRB1_MSR1/KLRB1_CTSK/KLRD1_PTGDS/KLRB1_SCARB2/SIGIRR_SCARB2/CTSW_BCAT1/KLRB1_BCAT1/KLRK1_BCAT1/KLRF1_BCAT1/SIGIRR_BCAT1/RORA_BCAT1/RUNX3_BCAT1/APOL3_BCAT1/GZMA_BCAT1/KLRB1_RAI14/GZMA_RAI14/KLRB1_COL8A2/KLRB1_CLEC5A/KLRB1_CCL7/KLRB1_CD163/KLRB1_GM2A/GNLY_GM2A/KLRB1_CD68/KLRB1_ATG7/KLRB1_CD84/GNLY_CD84/KLRB1_MS4A4A/RUNX3_MS4A4A/KLRB1_SGMS1/GNLY_EMP1
31,31,DC_Tfh,DC,Tfh,33,25,2.036,7.24E-06,0.000107934,0.257096774,CCL17_SMAD1/CCL17_MAGEH1/CCL22_TSHR/CCL22_SMAD1/CCL22_MYO6/CCL22_B3GAT1/CCL17_ICA1/CCL22_CDK5R1/CCL17_KCNK5/CCL17_THADA/CCL17_CDK5R1/CCL22_SLC7A10/CCL22_MAGEH1/CCL17_POMT1/CCL22_STK39/CCL22_HEY1/CD209_PTPN13/CCL22_ICA1/PPFIBP2_SMAD1/CCL22_ST8SIA1/CCL22_PTPN13/CCL22_PASK/CCL17_TSHR/CCL22_MYO7A/CCL17_SLC7A10,CCL22_MYO7A/CCL17_MYO7A/CCL22_TSHR/CCL17_TSHR/CCL22_SLC7A10/CCL17_SLC7A10/CCL22_SMAD1/PPFIBP2_SMAD1/CCL17_SMAD1/CCL22_ICA1/PPFIBP2_ICA1/CCL17_ICA1/CCL22_HEY1/CCL17_HEY1/CCL17_PVALB/HSD11B1_SIRPG/CCL22_MAGEH1/CCL17_MAGEH1/CCL22_B3GAT1/CCL17_POMT1/CCL22_PASK/CCL22_CDK5R1/CCL17_CDK5R1/CCL22_ST8SIA1/CCL22_MYO6/CCL22_PTPN13/CD209_PTPN13/CCL17_PTPN13/CCL22_THADA/CCL17_THADA/CCL22_STK39/CCL17_STK39/CCL17_KCNK5
32,32,DC_B,DC,B,15,14,2.509,9.39E-06,0.000131974,0.2671875,CCL22_OSBPL10/CCL22_CCR9/CCL22_QRSL1/CCL22_GLDC/CCL17_QRSL1/CCL17_ABCB4/CCL22_DTNB/CCL17_SLC15A2/CCL22_ABCB4/CCL22_TCL1A/CCL17_DTNB/CCL17_BACH2/PPFIBP2_OSBPL10/CCL17_OSBPL10,CCL22_TCL1A/CD209_BLK/CCL22_OSBPL10/PPFIBP2_OSBPL10/CCL17_OSBPL10/CCL22_ABCB4/CCL17_ABCB4/CCL17_BACH2/CCL22_CCR9/CCL22_QRSL1/CCL17_QRSL1/CCL22_DTNB/CCL17_DTNB/CCL17_SLC15A2/CCL22_GLDC
33,33,T_CD56bright NK,T,CD56bright NK,28,22,2.112,9.43E-06,0.000131974,0.259090909,BCL11B_MADD/BCL11B_MPPED1/CD6_MPPED1/CD3E_MPPED1/CD28_XCL1/CD6_XCL1/TRBC1_XCL1/TRAT1_MPPED1/TRBC1_MPPED1/TRAT1_XCL1/GIMAP5_MPPED1/CD3E_MADD/CD2_PLA2G6/SH2D1A_MPPED1/CD3D_MPPED1/CD6_MADD/CD28_MADD/TRBC1_MADD/CD6_PLA2G6/CD3G_MPPED1/CD3D_MADD/SH2D1A_DUSP4,CD28_XCL1/TRAT1_XCL1/CD6_XCL1/TRBC1_XCL1/CD28_DUSP4/TRAT1_DUSP4/SH2D1A_DUSP4/TRBC1_DUSP4/CD3G_PLA2G6/CD3E_PLA2G6/CD2_PLA2G6/CD6_PLA2G6/CD3D_MPPED1/CD3G_MPPED1/CD3E_MPPED1/TRAT1_MPPED1/BCL11B_MPPED1/CD6_MPPED1/CD96_MPPED1/GIMAP5_MPPED1/SH2D1A_MPPED1/TRBC1_MPPED1/CD3D_MADD/CD28_MADD/CD3E_MADD/BCL11B_MADD/CD6_MADD/TRBC1_MADD
34,34,DC_Neutrophil,DC,Neutrophil,20,17,2.285,1.53E-05,0.000208385,0.28,CCL22_HPSE/CCL22_SIGLEC5/CCL22_FPR1/CCL22_MME/CCL22_PDE4B/CCL22_SLC25A37/CCL22_CEACAM3/CCL22_DYSF/CCL22_SLC22A4/CCL22_S100A12/CCL22_ALPL/CCL17_TNFRSF10C/CCL17_KCNJ15/PPFIBP2_SLC25A37/CCL17_SLC22A4/CCL22_TNFRSF10C/CCL17_SLC25A37,CCL22_ALPL/CCL22_SIGLEC5/CCL17_KCNJ15/CCL22_MME/CCL22_DYSF/CD209_DYSF/CCL22_CEACAM3/CCL22_HPSE/CCL17_CREB5/CCL22_S100A12/CCL22_TNFRSF10C/CCL17_TNFRSF10C/CCL22_SLC22A4/CCL17_SLC22A4/CCL22_SLC25A37/PPFIBP2_SLC25A37/CCL17_SLC25A37/CCL22_G0S2/CCL22_FPR1/CCL22_PDE4B
35,35,Cytotoxic_Tcm,Cytotoxic,Tcm,37,26,1.889,4.42E-05,0.000583639,0.353142857,KLRB1_CREBZF/KLRB1_MAP3K1/KLRB1_PCM1/KLRB1_ATM/KLRB1_SLC7A6/KLRB1_REPS1/KLRB1_TIMM8A/KLRB1_PHC3/KLRB1_CLUAP1/KLRB1_CASP8/KLRB1_DOCK9/KLRB1_CEP68/KLRB1_NFATC3/KLRB1_ST3GAL1/KLRB1_CDC14A/KLRB1_CYLD/KLRB1_INPP4B/SIGIRR_CLUAP1/KLRB1_PSPC1/APOL3_PHC3/KLRB1_STX16/KLRB1_SNRPN/KLRB1_ATF7IP/SIGIRR_TIMM8A/GZMA_SNRPN/KLRB1_FOXP1,KLRB1_CLUAP1/SIGIRR_CLUAP1/KLRB1_DOCK9/KLRB1_CDC14A/KLRD1_CDC14A/KLRB1_ATM/KLRB1_FOXP1/KLRB1_KLF12/KLRB1_PCM1/KLRB1_PHC3/APOL3_PHC3/KLRB1_NFATC3/KLRB1_TIMM8A/SIGIRR_TIMM8A/KLRB1_ATF7IP/KLRB1_REPS1/KLRB1_PSPC1/KLRB1_ST3GAL1/KLRB1_INPP4B/KLRB1_CASP8/KLRB1_SNRPN/KLRK1_SNRPN/SIGIRR_SNRPN/GZMA_SNRPN/KLRD1_TRAF3IP3/GNLY_TRAF3IP3/KLRB1_CREBZF/SIGIRR_CREBZF/KLRB1_CEP68/KLRD1_TXK/GNLY_TXK/KLRB1_MAP3K1/KLRB1_CYLD/KLRB1_SLC7A6/KLRD1_SLC7A6/KLRB1_STX16/GNLY_STX16
36,36,Eosinophil_Macrophage,Eosinophil,Macrophage,21,17,2.176,5.24E-05,0.000654876,0.364166667,SYNJ1_BCAT1/TKTL1_BCAT1/IL5RA_BCAT1/HRH4_BCAT1/CYSLTR2_BCAT1/SMPD3_CCL7/KCNH2_BCAT1/MYO15B_BCAT1/KCNH2_CD68/SMPD3_RAI14/SMPD3_BCAT1/SMPD3_CLEC5A/RRP12_BCAT1/SYNJ1_SCARB2/ABHD2_BCAT1/HRH4_ATG7/ACACB_BCAT1,RNASE2_PTGDS/HRH4_SCARB2/SYNJ1_SCARB2/KCNH2_BCAT1/TKTL1_BCAT1/IL5RA_BCAT1/HRH4_BCAT1/ACACB_BCAT1/CYSLTR2_BCAT1/RRP12_BCAT1/SYNJ1_BCAT1/THBS4_BCAT1/ABHD2_BCAT1/SMPD3_BCAT1/MYO15B_BCAT1/SMPD3_RAI14/MYO15B_RAI14/SMPD3_CLEC5A/SMPD3_CCL7/KCNH2_CD68/HRH4_ATG7
37,36,Cytotoxic_Tumor,Cytotoxic,Tumor,21,17,2.176,5.24E-05,0.000654876,0.364166667,KLRB1_HOXA9/KLRB1_FGF3/KLRB1_IGF2/KLRB1_JAG2/KLRB1_MFAP2/KLRB1_TEAD4/KLRB1_VSNL1/KLRB1_BAMBI/KLRB1_ASPSCR1/KLRB1_FKBP4/KLRB1_F12/NKG7_BAMBI/KLRB1_RHOD/KLRB1_SLC27A5/KLRF1_BAMBI/SIGIRR_BAMBI/KLRF1_VSNL1,KLRB1_VSNL1/KLRF1_VSNL1/KLRB1_ASPSCR1/KLRB1_IGF2/GNLY_IGF2/KLRB1_MFAP2/KLRB1_FGF3/KLRF1_S100A2/KLRB1_JAG2/KLRB1_BAMBI/KLRF1_BAMBI/SIGIRR_BAMBI/NKG7_BAMBI/GZMA_BAMBI/KLRB1_RHOD/KLRB1_FKBP4/KLRB1_TEAD4/RUNX3_TEAD4/KLRB1_SLC27A5/KLRB1_HOXA9/KLRB1_F12
38,38,Tcm_Macrophage,Tcm,Macrophage,34,24,1.897,7.79E-05,0.000947024,0.373684211,CDC14A_BCAT1/KLF12_BCAT1/TRAF3IP3_MS4A4A/TXK_BCAT1/ATM_BCAT1/NFATC3_BCAT1/REPS1_BCAT1/TRAF3IP3_BCAT1/FOXP1_BCAT1/TRAF3IP3_CD84/SLC7A6_BCAT1/NEFL_BCAT1/TRAF3IP3_MSR1/TRAF3IP3_COL8A2/CEP68_BCAT1/TRAF3IP3_CYBB/STX16_BCAT1/TXK_CD163/PHC3_BCAT1/CYLD_BCAT1/PSPC1_BCAT1/TRAF3IP3_FN1/TXK_CD68/STX16_RAI14,ATF7IP_PCOLCE2/TRAF3IP3_MSR1/NFATC3_SCARB2/DOCK9_BCAT1/CDC14A_BCAT1/ATM_BCAT1/USP9Y_BCAT1/FOXP1_BCAT1/KLF12_BCAT1/PHC3_BCAT1/NFATC3_BCAT1/ATF7IP_BCAT1/REPS1_BCAT1/PSPC1_BCAT1/TRAF3IP3_BCAT1/NEFL_BCAT1/POLR2J2_BCAT1/CEP68_BCAT1/TXK_BCAT1/CYLD_BCAT1/SLC7A6_BCAT1/STX16_BCAT1/STX16_RAI14/TRAF3IP3_COL8A2/TRAF3IP3_FN1/TXK_CD163/TRAF3IP3_GM2A/TXK_CD68/NFATC3_ATG7/REPS1_CD84/TRAF3IP3_CD84/TRAF3IP3_MS4A4A/TXK_MS4A4A/TRAF3IP3_CYBB
39,39,CD8 T_CD56dim NK,CD8 T,CD56dim NK,9,9,2.688,0.000135666,0.001607117,0.417179487,CD8A_GZMB/GZMM_GZMB/GZMM_KIR2DL3/GZMM_KIR3DL1/ZFP36L2_KIR3DL2/CD8A_KIR3DL1/CD8A_KIR2DL3/GZMM_KIR3DL2/ZFP36L2_GTF3C1,GZMM_KIR3DL2/ZFP36L2_KIR3DL2/GZMM_KIR2DL3/CD8A_KIR2DL3/GZMM_GZMB/CD8A_GZMB/GZMM_KIR3DL1/CD8A_KIR3DL1/ZFP36L2_GTF3C1
40,40,DC_Tem,DC,Tem,12,11,2.464,0.000148141,0.001695567,0.42275,CCL17_EWSR1/CCL17_TBC1D5/CCL22_NFATC4/CCL22_EWSR1/CCL22_DDX17/CCL22_AKT3/CCL17_DDX17/CCL22_GDPD5/CCL17_TBCD/CCL17_AKT3/CCL22_MEFV,CCL22_MEFV/CCL22_GDPD5/CCL22_TBC1D5/CCL17_TBC1D5/CCL22_NFATC4/CCL22_AKT3/CCL17_AKT3/CCL22_EWSR1/CCL17_EWSR1/CCL17_TBCD/CCL22_DDX17/CCL17_DDX17
41,41,DC_Mast,DC,Mast,22,17,2.077,0.000150472,0.001695567,0.414146341,CCL22_PRG2/CCL22_TAL1/CCL22_SLC24A3/CCL17_KIT/CCL22_CEACAM8/CCL17_MAOB/CCL22_ABCC4/CCL22_PTGS1/CCL17_SLC18A2/CCL17_SLC24A3/CCL17_CPA3/CCL17_MLPH/CCL17_PPM1H/CCL22_SLC18A2/CCL17_CMA1/CCL22_GATA2/CCL17_PRG2,CCL17_MLPH/CCL22_SLC24A3/CCL17_SLC24A3/CCL22_PRG2/CCL17_PRG2/CCL22_SLC18A2/CCL17_SLC18A2/CCL17_CPA3/CCL22_GATA2/CCL17_GATA2/CCL17_SIGLEC6/CCL17_CMA1/CCL22_MPO/CCL17_MPO/CCL17_PPM1H/CCL22_KIT/CCL17_KIT/CCL22_TAL1/CCL22_ABCC4/CCL22_PTGS1/CCL17_MAOB/CCL22_CEACAM8
42,42,T_aDC,T,aDC,19,15,2.122,0.000250813,0.002758938,0.450714286,CD6_OAS3/CD3E_OAS3/TRBC1_OAS3/CD96_OAS3/SH2D1A_OAS3/CD3D_OAS3/CD2_LAMP3/CD2_OAS3/GIMAP5_OAS3/CD3G_OAS3/CD3E_LAMP3/NCALD_OAS3/BCL11B_OAS3/TRBC1_LAMP3/TRAT1_LAMP3,SH2D1A_EBI3/TRBC1_EBI3/CD3D_OAS3/NCALD_OAS3/CD3G_OAS3/CD3E_OAS3/TRAT1_OAS3/BCL11B_OAS3/CD2_OAS3/CD6_OAS3/CD96_OAS3/GIMAP5_OAS3/SH2D1A_OAS3/TRBC1_OAS3/CD3E_LAMP3/TRAT1_LAMP3/CD2_LAMP3/TRBC1_LAMP3/ITM2A_LAMP3
43,43,NK_Tumor,NK,Tumor,21,16,2.048,0.000316529,0.003362037,0.479069767,TBXA2R_BAMBI/MCM3AP_FGF3/LDB3_IGF2/LDB3_BAMBI/PRX_BAMBI/TBXA2R_FGF3/SPN_SLC27A5/TINAGL1_BAMBI/ZNF747_BAMBI/BCL2_MFAP2/SPN_FGF3/MCM3AP_BAMBI/BCL2_VSNL1/LDB3_FGF3/SPN_S100A2/MRC2_MFAP2,SLC30A5_EEF1A2/BCL2_VSNL1/LDB3_IGF2/MRC2_MFAP2/BCL2_MFAP2/MCM3AP_FGF3/TBXA2R_FGF3/SPN_FGF3/BCL2_FGF3/LDB3_FGF3/SPN_S100A2/MAPRE3_S100A2/ZNF747_BAMBI/MCM3AP_BAMBI/TBXA2R_BAMBI/PRX_BAMBI/LDB3_BAMBI/TINAGL1_BAMBI/SLC30A5_RPP25/SPN_SLC27A5/TCTN2_HOXA9
44,44,CD8 T_Macrophage,CD8 T,Macrophage,38,25,1.768,0.000320194,0.003362037,0.469318182,GZMM_BCAT1/RBM3_BCAT1/CD8A_BCAT1/ZEB1_BCAT1/SF1_BCAT1/FLT3LG_BCAT1/ZFP36L2_FN1/ZFP36L2_BCAT1/GZMM_GM2A/GZMM_CTSK/GZMM_SCARB2/LIME1_BCAT1/PRR5_BCAT1/TMC6_BCAT1/KLF9_BCAT1/VAMP2_BCAT1/GZMM_CD68/GZMM_ATG7/ZNF91_BCAT1/GZMM_MS4A4A/ZFP36L2_GPC4/GZMM_CD84/CD8A_GM2A/ZFP36L2_MSR1/ZNF609_BCAT1,THUMPD1_CHIT1/ZFP36L2_GPC4/LEPROTL1_PCOLCE2/ZNF22_SULT1C2/GZMM_MSR1/ZFP36L2_MSR1/GZMM_CTSK/LEPROTL1_PTGDS/GZMM_SCARB2/ZNF91_SCARB2/SF1_BCAT1/GZMM_BCAT1/CD8A_BCAT1/PRR5_BCAT1/LIME1_BCAT1/THUMPD1_BCAT1/VAMP2_BCAT1/ZFP36L2_BCAT1/ZEB1_BCAT1/ZNF609_BCAT1/PPP1R2_BCAT1/ZNF91_BCAT1/TMC6_BCAT1/FLT3LG_BCAT1/RBM3_BCAT1/KLF9_BCAT1/LEPROTL1_ME1/CD8A_CCL7/ZFP36L2_FN1/ZFP36L2_CD163/GZMM_GM2A/CD8A_GM2A/GZMM_CD68/CD8A_CD68/GZMM_ATG7/GZMM_CD84/ZNF22_FDX1/GZMM_MS4A4A
45,45,DC_Macrophage,DC,Macrophage,27,19,1.892,0.000473053,0.004856681,0.495555556,CCL17_SCARB2/CCL17_CLEC5A/CCL22_CD68/CCL22_GM2A/CCL17_BCAT1/PPFIBP2_BCAT1/CD209_BCAT1/CCL22_SGMS1/CD209_ATG7/CCL22_SCARB2/CCL22_GPC4/CCL22_CLEC5A/CCL22_BCAT1/CCL17_FDX1/CCL22_RAI14/PPFIBP2_FDX1/CCL22_ATG7/NPR1_BCAT1/CCL22_MS4A4A,CCL22_GPC4/CCL17_GPC4/CCL22_PCOLCE2/CCL22_SCARB2/PPFIBP2_SCARB2/CCL17_SCARB2/CCL22_BCAT1/PPFIBP2_BCAT1/NPR1_BCAT1/CD209_BCAT1/CCL17_BCAT1/CCL22_RAI14/CCL17_RAI14/CCL17_COL8A2/CCL22_CLEC5A/CCL17_CLEC5A/CCL22_GM2A/CD209_GM2A/CCL22_CD68/CCL17_CD68/CCL22_ATG7/CD209_ATG7/PPFIBP2_FDX1/CCL17_FDX1/CCL22_MS4A4A/CCL22_SGMS1/CCL22_CYBB
46,46,B_Eosinophil,B,Eosinophil,31,21,1.821,0.000536217,0.005385486,0.506521739,FAM30A_RNASE2/BLNK_GALC/FCRL2_RNASE2/CD19_RNASE2/BLK_RNASE2/MS4A1_RNASE2/BLNK_SIAH1/BLNK_CAT/CR2_RNASE2/HLA-DOB_GALC/CR2_CLC/BLK_GALC/BLNK_KBTBD11/BLNK_RCOR3/MS4A1_THBS1/MEF2C_RNASE2/CD19_GALC/IGHA1_SIAH1/BLNK_SYNJ1/MICAL3_TGIF1/BLNK_CCR3,OSBPL10_KCNH2/MS4A1_RNASE2/CR2_RNASE2/FCRL2_RNASE2/BLK_RNASE2/HLA-DOB_RNASE2/CD19_RNASE2/FAM30A_RNASE2/BLNK_RNASE2/MEF2C_RNASE2/BLNK_CAT/BLNK_CCR3/MS4A1_THBS1/BLK_GALC/IGHA1_GALC/HLA-DOB_GALC/CD19_GALC/BLNK_GALC/MS4A1_CLC/CR2_CLC/BLK_CYSLTR2/MICAL3_TGIF1/OSBPL10_RRP12/BLNK_RCOR3/BLNK_SYNJ1/BLNK_KBTBD11/BLNK_HES1/OSBPL10_SMPD3/CD72_MYO15B/IGHA1_SIAH1/BLNK_SIAH1
47,47,Mast_Macrophage,Mast,Macrophage,22,16,1.955,0.000759346,0.007464212,0.533829787,PTGS1_BCAT1/SLC18A2_BCAT1/GATA2_BCAT1/TPSAB1_BCAT1/MPO_BCAT1/MS4A2_BCAT1/ABCC4_BCAT1/CPA3_BCAT1/MS4A2_CLEC5A/TAL1_BCAT1/SIGLEC6_BCAT1/HDC_BCAT1/PRG2_BCAT1/MS4A2_SCARB2/TPSB2_BCAT1/CEACAM8_BCAT1,ABCC4_MARCO/MS4A2_SCARB2/PTGS1_SCARB2/PRG2_BCAT1/TPSAB1_BCAT1/SLC18A2_BCAT1/MS4A2_BCAT1/CPA3_BCAT1/TPSB2_BCAT1/GATA2_BCAT1/HDC_BCAT1/SIGLEC6_BCAT1/MPO_BCAT1/TAL1_BCAT1/ABCC4_BCAT1/PTGS1_BCAT1/CEACAM8_BCAT1/TPSAB1_RAI14/MS4A2_CLEC5A/CPA3_CLEC5A/TPSB2_CLEC5A/PPM1H_CCL7
48,48,DC_CD56dim NK,DC,CD56dim NK,12,10,2.24,0.001462324,0.014074869,0.629375,CCL22_KIR3DL1/CCL22_KIR3DL2/CCL22_KIR2DL3/CCL22_GTF3C1/PPFIBP2_KIR2DL3/PPFIBP2_KIR3DL2/PPFIBP2_KIR3DL1/CCL22_SPON2/CCL17_KIR2DL3/CCL17_KIR3DL2,CCL22_KIR3DL2/PPFIBP2_KIR3DL2/CCL17_KIR3DL2/CCL22_KIR2DL3/PPFIBP2_KIR2DL3/CCL17_KIR2DL3/CCL22_SPON2/CCL17_SPON2/CCL22_KIR3DL1/PPFIBP2_KIR3DL1/CCL17_KIR3DL1/CCL22_GTF3C1
49,49,Th_CD8 T,Th,CD8 T,27,18,1.792,0.001783639,0.01654529,0.662040816,CD28_LEPROTL1/ITM2A_ZNF22/ICOS_LEPROTL1/CD28_ABT1/CD28_RBM3/PPP2R5C_PPP1R2/ICOS_PPP1R2/ICOS_CAMLG/SLC25A12_PPP1R2/BATF_DNAJB1/BATF_PPP1R2/CD28_VAMP2/BATF_ZNF22/ICOS_PRR5/ITM2A_SLC16A7/CD28_FLT3LG/CD28_PRR5/ICOS_SF1,ICOS_SF1/DDX50_SF1/ATF2_SF1/PHF10_SF1/ASF1A_GZMM/PHF10_GZMM/ICOS_DNAJB1/BATF_DNAJB1/PHF10_CD8A/ICOS_PRR5/CD28_PRR5/CD28_VAMP2/ITM2A_SLC16A7/ICOS_LEPROTL1/CD28_LEPROTL1/ICOS_CAMLG/ICOS_PPP1R2/BATF_PPP1R2/SLC25A12_PPP1R2/CD28_PPP1R2/PPP2R5C_PPP1R2/ITM2A_ZNF22/BATF_ZNF22/CD28_FLT3LG/ATF2_TBCC/CD28_RBM3/CD28_ABT1
50,50,NK_Macrophage,NK,Macrophage,29,19,1.761,0.0018162,0.01654529,0.6522,MRC2_BCAT1/ADARB1_BCAT1/SPN_BCAT1/LDB3_BCAT1/NCR1_BCAT1/BCL2_BCAT1/SPN_ATG7/MCM3AP_BCAT1/LDB3_SCARB2/MAPRE3_BCAT1/PRX_BCAT1/LDB3_GPC4/TBXA2R_CCL7/SPN_GM2A/BCL2_FN1/ZNF205_BCAT1/MCM3AP_CD68/TBXA2R_COL8A2/TBXA2R_BCAT1,XCL2_CHIT1/SLC30A5_CHIT1/SPN_GPC4/LDB3_GPC4/ZNF528_PTGDS/LDB3_SCARB2/XCL2_BCAT1/MCM3AP_BCAT1/TBXA2R_BCAT1/CDC5L_BCAT1/MRC2_BCAT1/SPN_BCAT1/PRX_BCAT1/FZR1_BCAT1/ZNF205_BCAT1/MAPRE3_BCAT1/BCL2_BCAT1/ADARB1_BCAT1/NCR1_BCAT1/LDB3_BCAT1/ALDH1B1_BCAT1/TBXA2R_COL8A2/TBXA2R_CCL7/BCL2_FN1/MCM3AP_GM2A/SPN_GM2A/MCM3AP_CD68/SPN_CD68/SPN_ATG7
51,51,DC_iDC,DC,iDC,31,20,1.734,0.001826428,0.01654529,0.640392157,CCL17_LMAN2L/CCL22_GUCA1A/CCL22_CTNS/CCL22_NUDT9/CCL22_PREP/CCL22_LMAN2L/CCL22_TACSTD2/CCL17_TACSTD2/CCL22_SYT17/CCL17_PREP/PPFIBP2_LMAN2L/CCL22_SLC26A6/CCL17_BLVRB/CCL17_NUDT9/CCL17_SYT17/CCL17_CTNS/CCL17_CD1E/CCL17_SLC26A6/CCL17_GUCA1A/PPFIBP2_SYT17,CCL22_GUCA1A/CCL17_GUCA1A/CCL17_CARD9/CCL22_CD1B/CCL17_CD1E/CCL22_SYT17/PPFIBP2_SYT17/CCL17_SYT17/CCL22_CTNS/CCL17_CTNS/CCL22_LMAN2L/PPFIBP2_LMAN2L/CCL17_LMAN2L/CCL22_SLC26A6/CCL17_SLC26A6/PPFIBP2_BLVRB/CCL17_BLVRB/CCL17_CD1A/CCL17_PPARG/CCL17_RAP1GAP/CCL22_FZD2/CCL17_FZD2/CCL22_CH25H/CCL17_CH25H/CCL22_PREP/CCL17_PREP/CCL22_TACSTD2/CCL17_TACSTD2/CCL22_NUDT9/CCL17_NUDT9/NPR1_CD1C
52,52,Th_Neutrophil,Th,Neutrophil,14,11,2.112,0.001966057,0.017467664,0.640192308,CD28_SLC25A37/CD28_LILRB2/CD28_HPSE/CD28_SLC22A4/CD28_PDE4B/CD28_DYSF/CD28_CEACAM3/ICOS_DYSF/BATF_SLC25A37/ICOS_HPSE/BATF_DYSF,ANP32B_MGAM/ATF2_MGAM/PHF10_MGAM/ICOS_DYSF/BATF_DYSF/CD28_DYSF/CD28_CEACAM3/ICOS_HPSE/CD28_HPSE/CD28_SLC22A4/BATF_SLC25A37/CD28_SLC25A37/CD28_PDE4B/CD28_LILRB2
53,53,CD56dim NK_Macrophage,CD56dim NK,Macrophage,9,8,2.389,0.002201191,0.019187738,0.637735849,KIR3DL1_BCAT1/KIR2DL3_BCAT1/IL21R_BCAT1/KIR3DL2_BCAT1/GTF3C1_BCAT1/IL21R_GM2A/IL21R_MS4A4A/IL21R_CD163,KIR3DL2_BCAT1/KIR2DL3_BCAT1/SPON2_BCAT1/IL21R_BCAT1/KIR3DL1_BCAT1/GTF3C1_BCAT1/IL21R_CD163/IL21R_GM2A/IL21R_MS4A4A
54,54,Th_Macrophage,Th,Macrophage,36,22,1.643,0.003006322,0.025720753,0.680555556,CD28_CYBB/CD28_GM2A/CD28_BCAT1/PPP2R5C_BCAT1/CD28_MSR1/PHF10_BCAT1/BATF_SCARB2/CD28_MS4A4A/CD28_ATG7/ICOS_MSR1/BATF_BCAT1/SLC25A12_BCAT1/CD28_CTSK/CD28_RAI14/CD28_CD84/CD28_FN1/ICOS_BCAT1/ITM2A_BCAT1/DDX50_BCAT1/ICOS_CD163/RPA1_BCAT1/CD28_SCARB2,LRBA_CHIT1/ATF2_MARCO/ICOS_MSR1/CD28_MSR1/CD28_CTSK/ATF2_PTGDS/ICOS_SCARB2/ITM2A_SCARB2/BATF_SCARB2/SLC25A12_SCARB2/CD28_SCARB2/FAM111A_SCARB2/FRYL_BCAT1/RPA1_BCAT1/ICOS_BCAT1/ITM2A_BCAT1/BATF_BCAT1/DDX50_BCAT1/SLC25A12_BCAT1/CD28_BCAT1/PPP2R5C_BCAT1/PHF10_BCAT1/ICOS_RAI14/CD28_RAI14/ICOS_CLEC5A/CD28_ME1/PHF10_ME1/CD28_FN1/ICOS_CD163/CD28_CD163/CD28_GM2A/CD28_CD68/CD28_ATG7/CD28_CD84/CD28_MS4A4A/CD28_CYBB
55,55,DC_Th1,DC,Th1,22,15,1.833,0.003115897,0.026173533,0.681636364,CCL17_ATP9A/CCL22_BTG3/CCL22_CD70/CCL22_SGCB/CCL17_CSF2/CCL22_LRP8/CCL22_IL22/CCL22_BST2/CCL22_APBB2/CCL17_LRRN3/CCL22_IL12RB2/PPFIBP2_APBB2/PPFIBP2_BST2/CCL17_BTG3/CD209_BST2,CCL22_LRP8/CCL22_IL22/PPFIBP2_IL22/CCL22_DGKI/CCL22_APBB2/PPFIBP2_APBB2/CCL22_IL12RB2/HSD11B1_APOD/CCL22_BST2/PPFIBP2_BST2/CD209_BST2/CCL22_LRRN3/CCL17_LRRN3/CCL17_SYNGR3/CCL17_ATP9A/CCL17_GGT1/CCL22_SGCB/CCL22_BTG3/PPFIBP2_BTG3/CCL17_BTG3/CCL22_CD70/CCL17_CSF2
56,56,DC_CD56bright NK,DC,CD56bright NK,8,7,2.352,0.005305801,0.043772859,0.764821429,CCL22_MPPED1/CCL17_FOXJ1/CCL22_MADD/CCL17_DUSP4/CCL22_DUSP4/CCL22_PLA2G6/CCL17_MPPED1,CCL22_DUSP4/CCL17_DUSP4/CCL17_FOXJ1/CCL22_PLA2G6/CCL17_PLA2G6/CCL22_MPPED1/CCL17_MPPED1/CCL22_MADD
57,57,Cytotoxic_CD8 T,Cytotoxic,CD8 T,31,19,1.647,0.005468608,0.044324507,0.763508772,KLRB1_ZNF22/KLRB1_LEPROTL1/KLRB1_APBA2/KLRB1_CDKN2AIP/KLRB1_PPP1R2/KLRB1_FLT3LG/KLRB1_LIME1/SIGIRR_ZNF22/KLRB1_ZEB1/APOL3_PPP1R2/KLRB1_CAMLG/KLRB1_ABT1/KLRB1_ZNF609/KLRB1_VAMP2/GZMA_TMC6/KLRB1_THUMPD1/KLRB1_DNAJB1/KLRB1_ZNF91/KLRB1_SF1,KLRB1_SF1/GNLY_SF1/KLRD1_GZMM/GNLY_GZMM/APBA2_GZMM/KLRB1_DNAJB1/KLRD1_CD8A/GNLY_CD8A/KLRB1_PRR5/KLRB1_LIME1/KLRB1_THUMPD1/KLRB1_VAMP2/GNLY_VAMP2/KLRB1_APBA2/KLRB1_LEPROTL1/KLRK1_ZFP36L2/KLRD1_ZFP36L2/GNLY_ZFP36L2/APBA2_ZFP36L2/KLRB1_ZEB1/KLRB1_ZNF609/KLRB1_CAMLG/KLRB1_PPP1R2/APOL3_PPP1R2/KLRB1_ZNF91/KLRB1_ZNF22/SIGIRR_ZNF22/GZMA_TMC6/KLRB1_FLT3LG/KLRB1_CDKN2AIP/KLRB1_ABT1
58,58,iDC_Macrophage,iDC,Macrophage,25,16,1.72,0.005868038,0.045183891,0.779482759,VASH1_BCAT1/CARD9_BCAT1/CTNS_BCAT1/PREP_BCAT1/ABCG2_BCAT1/GUCA1A_BCAT1/CD1E_BCAT1/CD1E_CD68/HS3ST2_APOE/CD1C_BCAT1/CD1E_ATG7/CD1C_CD163/CD1E_SCARB2/CD1C_ATG7/CD1E_SGMS1/CD1B_BCAT1,LMAN2L_MARCO/SLC26A6_MARCO/CD1E_SCARB2/GUCA1A_BCAT1/CARD9_BCAT1/ABCG2_BCAT1/CD1B_BCAT1/VASH1_BCAT1/CD1E_BCAT1/FABP4_BCAT1/CTNS_BCAT1/PREP_BCAT1/CD1C_BCAT1/HS3ST2_APOE/CD1E_FN1/CD1C_CD163/CD1E_GM2A/CLEC10A_GM2A/CD1E_CD68/CD1C_CD68/CD1E_ATG7/CD1C_ATG7/CD1C_MS4A4A/CD1E_SGMS1/CD1C_SGMS1
59,58,Mast_Tumor,Mast,Tumor,25,16,1.72,0.005868038,0.045183891,0.779482759,SIGLEC6_BAMBI/PPM1H_BAMBI/TPSAB1_VSNL1/MS4A2_BAMBI/SLC18A2_BAMBI/PPM1H_ITGB4/SIGLEC6_RHOD/HDC_MFAP2/TAL1_BAMBI/TPSAB1_MFAP2/SIGLEC6_FGF3/SIGLEC6_FKBP4/KIT_BAMBI/TPSAB1_IGF2/CMA1_BAMBI/TPSAB1_BAMBI,MS4A2_KRT13/TPSAB1_KRT5/KIT_RBP1/TPSAB1_VSNL1/TPSAB1_IGF2/TPSAB1_MFAP2/HDC_MFAP2/TPSAB1_FGF3/SIGLEC6_FGF3/TPSAB1_BAMBI/SLC18A2_BAMBI/MS4A2_BAMBI/CPA3_BAMBI/GATA2_BAMBI/SIGLEC6_BAMBI/CMA1_BAMBI/PPM1H_BAMBI/KIT_BAMBI/TAL1_BAMBI/MAOB_BAMBI/CPA3_RHOD/SIGLEC6_RHOD/PPM1H_ITGB4/SIGLEC6_FKBP4/MS4A2_F12
60,58,Cytotoxic_Tfh,Cytotoxic,Tfh,25,16,1.72,0.005868038,0.045183891,0.779482759,KLRB1_SMAD1/KLRB1_TSHR/KLRB1_SLC7A10/KLRB1_B3GAT1/KLRB1_PASK/KLRB1_PVALB/KLRB1_THADA/KLRB1_PTPN13/KLRB1_MYO6/KLRB1_ST8SIA1/APOL3_SMAD1/KLRB1_MAF/KLRB1_MAGEH1/KLRB1_MYO7A/KLRB1_POMT1/SIGIRR_SMAD1,KLRB1_MYO7A/GNLY_CHI3L2/KLRB1_TSHR/KLRB1_SLC7A10/KLRB1_SMAD1/SIGIRR_SMAD1/APOL3_SMAD1/KLRB1_HEY1/KLRB1_PVALB/KLRK1_SIRPG/KLRD1_SIRPG/GNLY_SIRPG/KLRB1_MAGEH1/KLRB1_B3GAT1/KLRB1_POMT1/KLRB1_PASK/KLRB1_CDK5R1/KLRB1_ST8SIA1/KLRD1_ST8SIA1/GNLY_ST8SIA1/KLRB1_MAF/GNLY_MAF/KLRB1_MYO6/KLRB1_PTPN13/KLRB1_THADA
61,61,Cytotoxic_Tem,Cytotoxic,Tem,10,8,2.15,0.007393482,0.055093363,0.775409836,KLRB1_EWSR1/KLRB1_TBC1D5/KLRB1_NFATC4/KLRB1_DDX17/KLRB1_TBCD/APOL3_EWSR1/KLRB1_GDPD5/KLRB1_AKT3,KLRB1_GDPD5/GNLY_FLI1/KLRB1_TBC1D5/KLRB1_NFATC4/KLRB1_AKT3/GNLY_AKT3/KLRB1_EWSR1/APOL3_EWSR1/KLRB1_TBCD/KLRB1_DDX17
62,61,Tfh_Tem,Tfh,Tem,10,8,2.15,0.007393482,0.055093363,0.775409836,SIRPG_TBC1D5/SIRPG_AKT3/SIRPG_TBCD/SIRPG_FLI1/SIRPG_EWSR1/SIRPG_NFATC4/ZNF764_EWSR1/SIRPG_MEFV,SIRPG_MEFV/SIRPG_FLI1/CDK5R1_FLI1/TOX_TBC1D5/SIRPG_TBC1D5/SIRPG_NFATC4/SIRPG_AKT3/SIRPG_EWSR1/ZNF764_EWSR1/SIRPG_TBCD
63,63,B_Tcm,B,Tcm,34,20,1.581,0.008373575,0.061406214,0.761428571,BLNK_CASP8/GNG7_SNRPN/BLNK_CREBZF/BLK_REPS1/BLK_SNRPN/BLNK_MAP3K1/TCL1A_SNRPN/FAM30A_SNRPN/CD19_SNRPN/CD19_REPS1/FCRL2_SNRPN/CR2_SNRPN/BLNK_SNRPN/BLNK_CLUAP1/BLNK_CEP68/BLK_PCM1/MEF2C_SNRPN/MS4A1_SNRPN/SPIB_CEP68/SPIB_SNRPN,BLNK_CLUAP1/QRSL1_CDC14A/BLK_ATM/BLK_PCM1/HLA-DOB_PCM1/BLNK_PHC3/BLK_REPS1/IGHA1_REPS1/CD19_REPS1/BLNK_PSPC1/BLNK_ST3GAL1/BLNK_CASP8/MS4A1_SNRPN/TCL1A_SNRPN/CR2_SNRPN/FCRL2_SNRPN/BLK_SNRPN/CD19_SNRPN/FAM30A_SNRPN/SPIB_SNRPN/BACH2_SNRPN/GNG7_SNRPN/BLNK_SNRPN/MEF2C_SNRPN/CD72_TRAF3IP3/ABCB4_TRAF3IP3/SCN3A_TRAF3IP3/MEF2C_TRAF3IP3/CD72_NEFL/BLNK_CREBZF/SPIB_CEP68/BLNK_CEP68/SPIB_MAP3K1/BLNK_MAP3K1
64,64,Tem_Macrophage,Tem,Macrophage,12,9,2.016,0.008872537,0.064048629,0.76640625,AKT3_BCAT1/FLI1_MS4A4A/FLI1_BCAT1/FLI1_GM2A/LTK_BCAT1/DDX17_BCAT1/CCR2_BCAT1/FLI1_ATG7/FLI1_CTSK,MEFV_SULT1C2/FLI1_CTSK/CCR2_BCAT1/PRKY_BCAT1/FLI1_BCAT1/TBC1D5_BCAT1/AKT3_BCAT1/LTK_BCAT1/DDX17_BCAT1/FLI1_GM2A/FLI1_ATG7/FLI1_MS4A4A
65,65,Cytotoxic_Th,Cytotoxic,Th,26,16,1.654,0.010035802,0.071331394,0.785538462,KLRB1_DDX50/KLRB1_ATF2/KLRB1_ASF1A/KLRB1_LRBA/KLRB1_PHF10/KLRB1_SEC24C/KLRB1_RPA1/KLRB1_SLC25A12/KLRB1_NUP107/SIGIRR_ATF2/KLRB1_GOLGA8A/KLRB1_FRYL/KLRB1_UBE2L3/KLRK1_GOLGA8A/KLRB1_PPP2R5C/SIGIRR_NAP1L4,KLRB1_FRYL/KLRB1_RPA1/KLRD1_ICOS/GNLY_ICOS/KLRB1_LRBA/GZMH_ITM2A/SIGIRR_NAP1L4/KLRB1_ASF1A/KLRB1_GOLGA8A/KLRK1_GOLGA8A/KLRB1_ANP32B/KLRB1_DDX50/KLRB1_UBE2L3/KLRB1_SLC25A12/KLRB1_ATF2/SIGIRR_ATF2/KLRK1_CD28/KLRD1_CD28/GNLY_CD28/KLRB1_PPP2R5C/SIGIRR_PPP2R5C/KLRB1_NUP107/KLRB1_SEC24C/KLRB1_FAM111A/KLRB1_PHF10/KLRF1_PHF10
66,66,Mast_Th2,Mast,Th2,22,14,1.711,0.010594435,0.074161044,0.798787879,PPM1H_BIRC5/MS4A2_SLC39A14/CPA3_SLC39A14/SIGLEC6_SNRPD1/TPSAB1_SMAD2/MS4A2_WDHD1/MS4A2_SNRPD1/KIT_WDHD1/MS4A2_SMAD2/CPA3_WDHD1/CPA3_MB/MLPH_BIRC5/CPA3_SMAD2/MS4A2_MB,MS4A2_SNRPD1/SIGLEC6_SNRPD1/KIT_SNRPD1/CPA3_EVI5/TPSAB1_MB/MS4A2_MB/CPA3_MB/CALB2_GATA3/PRG2_GATA3/ABCC4_GATA3/CEACAM8_GATA3/MS4A2_WDHD1/CPA3_WDHD1/KIT_WDHD1/TPSAB1_SMAD2/SLC18A2_SMAD2/MS4A2_SMAD2/CPA3_SMAD2/MS4A2_SLC39A14/CPA3_SLC39A14/MLPH_BIRC5/PPM1H_BIRC5
67,67,Th_CD56dim NK,Th,CD56dim NK,7,6,2.304,0.012613848,0.086979073,0.812089552,ICOS_GZMB/ICOS_KIR2DL3/ICOS_KIR3DL1/CD28_GTF3C1/ICOS_KIR3DL2/CD28_GZMB,ICOS_KIR3DL2/ICOS_KIR2DL3/ICOS_GZMB/CD28_GZMB/PHF10_IL21R/ICOS_KIR3DL1/CD28_GTF3C1
68,68,Th2_Th,Th2,Th,29,17,1.576,0.015352994,0.104310046,0.822205882,EVI5_ATF2/GATA3_PHF10/GATA3_ATF2/GATA3_NAP1L4/GATA3_ANP32B/EVI5_DDX50/GATA3_PPP2R5C/GATA3_SLC25A12/GATA3_NUP107/CXCR6_GOLGA8A/GATA3_FRYL/GATA3_FAM111A/GATA3_UBE2L3/GATA3_GOLGA8A/GATA3_DDX50/LIMA1_UBE2L3/GATA3_ASF1A,GATA3_FRYL/SNRPD1_ICOS/SMAD2_ICOS/CDC25C_ICOS/SLC39A14_ITM2A/BIRC5_ITM2A/GATA3_NAP1L4/GATA3_ASF1A/CXCR6_GOLGA8A/IL26_GOLGA8A/GATA3_GOLGA8A/GATA3_ANP32B/EVI5_DDX50/GATA3_DDX50/ADCY1_UBE2L3/GATA3_UBE2L3/LIMA1_UBE2L3/GATA3_SLC25A12/EVI5_ATF2/GATA3_ATF2/AHI1_CD28/SNRPD1_CD28/MB_CD28/SMAD2_CD28/GSTA4_CD28/GATA3_PPP2R5C/GATA3_NUP107/GATA3_FAM111A/GATA3_PHF10
69,69,Cytotoxic_Eosinophil,Cytotoxic,Eosinophil,23,14,1.636,0.017906716,0.11989714,0.853768116,KLRB1_TKTL1/KLRB1_CCR3/KLRB1_SIAH1/KLRB1_RCOR3/KLRB1_IL5RA/KLRB1_CAT/KLRB1_TGIF1/KLRB1_RRP12/KLRB1_SYNJ1/KLRB1_GALC/RUNX3_RNASE2/KLRB1_RNASE2/RUNX3_GALC/KLRB1_KBTBD11,KLRB1_TKTL1/KLRB1_IL5RA/KLRB1_HRH4/KLRB1_RNASE2/RUNX3_RNASE2/KLRB1_CAT/KLRB1_CCR3/KLRF1_CCR3/KLRB1_GALC/RUNX3_GALC/KLRB1_CYSLTR2/GNLY_CYSLTR2/KLRB1_TGIF1/KLRB1_RRP12/KLRB1_RCOR3/KLRB1_SYNJ1/RORA_SYNJ1/GNLY_THBS4/KLRB1_KBTBD11/GNLY_SMPD3/KLRB1_EPN2/KLRB1_SIAH1/KLRF1_SIAH1
70,70,CD8 T_Neutrophil,CD8 T,Neutrophil,21,13,1.664,0.018645844,0.123062574,0.859142857,GZMM_SLC25A37/GZMM_CREB5/GZMM_HPSE/ZFP36L2_DYSF/CD8A_CEACAM3/GZMM_CEACAM3/ZFP36L2_SLC25A37/PRR5_CEACAM3/CD8A_DYSF/CD8A_SLC25A37/ZFP36L2_FPR1/GZMM_SLC22A4/CD8A_TNFRSF10C,DNAJB1_MGAM/PRR5_MGAM/APBA2_MGAM/LEPROTL1_MGAM/PPP1R2_MGAM/CD8A_DYSF/ZFP36L2_DYSF/GZMM_CEACAM3/CD8A_CEACAM3/PRR5_CEACAM3/GZMM_HPSE/GZMM_CREB5/CD8A_S100A12/GZMM_TNFRSF10C/CD8A_TNFRSF10C/GZMM_SLC22A4/GZMM_SLC25A37/CD8A_SLC25A37/ZFP36L2_SLC25A37/CD8A_FPR1/ZFP36L2_FPR1
71,71,Cytotoxic_CD56dim NK,Cytotoxic,CD56dim NK,6,5,2.24,0.029462546,0.189051334,0.962816901,KLRB1_KIR2DL3/KLRB1_KIR3DL1/KLRB1_KIR3DL2/KLRB1_GTF3C1/KLRB1_SPON2,KLRB1_KIR3DL2/KLRB1_KIR2DL3/KLRB1_SPON2/GNLY_IL21R/KLRB1_KIR3DL1/KLRB1_GTF3C1
72,71,NK_Tem,NK,Tem,6,5,2.24,0.029462546,0.189051334,0.962816901,SPN_TBC1D5/MCM3AP_EWSR1/LDB3_EWSR1/PRX_TBC1D5/MAPRE3_TBC1D5,TCTN2_CCR2/SPN_TBC1D5/PRX_TBC1D5/MAPRE3_TBC1D5/MCM3AP_EWSR1/LDB3_EWSR1
73,73,Tfh_Tumor,Tfh,Tumor,22,13,1.588,0.030275658,0.191607592,0.943150685,SIRPG_FGF3/SIRPG_TEAD4/ZNF764_FGF3/ZNF764_BAMBI/SIRPG_SLC27A5/PVALB_BAMBI/SIRPG_MFAP2/STK39_ITGB4/TOX_S100A2/PASK_FGF3/KCNK5_S100A2/MYO7A_BAMBI/ST8SIA1_MFAP2,SMAD1_ASPSCR1/SIRPG_IGF2/SIRPG_MFAP2/ST8SIA1_MFAP2/SIRPG_FGF3/PASK_FGF3/ZNF764_FGF3/CHI3L2_S100A2/TOX_S100A2/KCNK5_S100A2/SIRPG_JAG2/MYO7A_BAMBI/PVALB_BAMBI/ZNF764_BAMBI/ICA1_RPP25/STK39_ITGB4/TOX_SLC1A5/ZNF764_SLC1A5/PTPN13_S100A3/SIRPG_TEAD4/SIRPG_SLC27A5/SMAD1_HOXA9
74,74,B_Th2,B,Th2,18,11,1.643,0.033761887,0.210783673,0.960675676,BLNK_SLC39A14/BLNK_SMAD2/COCH_BIRC5/SPIB_SMAD2/BLNK_AHI1/BLK_AHI1/MEF2C_SNRPD1/BLNK_PHEX/BLNK_WDHD1/IGHA1_AHI1/CD19_AHI1,OSBPL10_ADCY1/FCRL2_AHI1/BLK_AHI1/IGHA1_AHI1/CD19_AHI1/BLNK_AHI1/CD19_SNRPD1/MEF2C_SNRPD1/SPIB_MB/BLNK_WDHD1/HLA-DOB_SMAD2/SPIB_SMAD2/BLNK_SMAD2/BLNK_PHEX/BLNK_SLC39A14/MS4A1_BIRC5/CR2_BIRC5/COCH_BIRC5
75,75,DC_Cytotoxic,DC,Cytotoxic,12,8,1.792,0.037064204,0.228315496,1,CCL22_GNLY/CCL17_GZMH/CD209_GNLY/CCL17_NKG7/CCL22_RORA/CCL22_KLRD1/CCL17_APBA2/CCL22_APOL3,NPR1_KLRB1/CCL22_KLRK1/CCL22_KLRD1/CCL22_GNLY/CD209_GNLY/CCL17_NKG7/CCL22_GZMH/CCL17_GZMH/CCL22_RORA/CCL17_RORA/CCL17_APBA2/CCL22_APOL3
76,76,Cytotoxic_NK,Cytotoxic,NK,23,13,1.519,0.046355284,0.281791332,1,KLRB1_NCR1/KLRB1_ALDH1B1/KLRB1_ZNF747/KLRB1_PRX/KLRB1_LDB3/KLRB1_PSMD4/KLRB1_MCM3AP/KLRB1_TCTN2/SIGIRR_SLC30A5/KLRB1_ZNF205/KLRB1_FGF18/KLRB1_CDC5L/KLRB1_PDLIM4,KLRB1_PDLIM4/KLRB1_ZNF747/SIGIRR_SLC30A5/KLRB1_MCM3AP/KLRK1_MCM3AP/KLRB1_CDC5L/KLRB1_FGF18/RUNX3_FGF18/KLRK1_SPN/KLRD1_SPN/GNLY_SPN/KLRB1_PSMD4/KLRB1_PRX/KLRB1_ZNF205/GNLY_BCL2/APBA2_BCL2/KLRB1_TCTN2/GNLY_ADARB1/KLRB1_NCR1/KLRB1_LDB3/KLRD1_LDB3/GNLY_LDB3/KLRB1_ALDH1B1
77,77,DC_aDC,DC,aDC,3,3,2.688,0.051462698,0.29719708,1,CCL17_LAMP3/CCL22_LAMP3/CCL22_OAS3,CCL22_OAS3/CCL22_LAMP3/CCL17_LAMP3
78,77,CD56bright NK_Macrophage,CD56bright NK,Macrophage,3,3,2.688,0.051462698,0.29719708,1,MPPED1_BCAT1/MADD_BCAT1/PLA2G6_BCAT1,PLA2G6_BCAT1/MPPED1_BCAT1/MADD_BCAT1
79,77,Tgd_Macrophage,Tgd,Macrophage,3,3,2.688,0.051462698,0.29719708,1,CD160_BCAT1/TRGV9_BCAT1/FEZ1_BCAT1,TRGV9_BCAT1/CD160_BCAT1/FEZ1_BCAT1
80,77,Tfh_Tgd,Tfh,Tgd,3,3,2.688,0.051462698,0.29719708,1,SIRPG_FEZ1/ZNF764_CD160/ST8SIA1_FEZ1,ZNF764_CD160/SIRPG_FEZ1/ST8SIA1_FEZ1
81,81,Tfh_Neutrophil,Tfh,Neutrophil,19,11,1.556,0.05371188,0.306356648,1,SIRPG_SLC25A37/SIRPG_CEACAM3/SIRPG_SLC22A4/SIRPG_DYSF/SIRPG_HPSE/SIRPG_CREB5/SIRPG_PDE4B/PASK_SLC25A37/ZNF764_HPSE/PVALB_SLC25A37/SIRPG_S100A12,SLC7A10_SIGLEC5/SMAD1_MGAM/HEY1_MGAM/SIRPG_DYSF/SIRPG_CEACAM3/SIRPG_HPSE/ZNF764_HPSE/SIRPG_CREB5/SIRPG_S100A12/SIRPG_SLC22A4/CHI3L2_SLC25A37/PVALB_SLC25A37/SIRPG_SLC25A37/POMT1_SLC25A37/PASK_SLC25A37/ST8SIA1_SLC25A37/ZNF764_SLC25A37/SIRPG_FPR1/SIRPG_PDE4B
82,82,Cytotoxic_Neutrophil,Cytotoxic,Neutrophil,17,10,1.581,0.057616915,0.324622133,1,KLRB1_HPSE/KLRB1_SLC25A37/KLRB1_SLC22A4/KLRB1_SIGLEC5/SIGIRR_SLC25A37/KLRF1_DYSF/CTSW_TNFRSF10C/KLRB1_DYSF/RUNX3_SLC25A37/KLRK1_SLC25A37,KLRB1_SIGLEC5/GNLY_SIGLEC5/GNLY_CD93/KLRD1_MGAM/GNLY_MGAM/APBA2_MGAM/KLRB1_DYSF/KLRF1_DYSF/APOL3_DYSF/KLRB1_CEACAM3/KLRB1_HPSE/CTSW_TNFRSF10C/KLRB1_SLC22A4/KLRB1_SLC25A37/KLRK1_SLC25A37/SIGIRR_SLC25A37/RUNX3_SLC25A37
83,83,Th1_Neutrophil,Th1,Neutrophil,15,9,1.613,0.061569155,0.342710237,1,ZBTB32_SLC22A4/ZBTB32_SIGLEC5/APOD_KCNJ15/CTLA4_DYSF/LRP8_CEACAM3/APOD_SLC25A37/ZBTB32_SLC25A37/LTA_SLC25A37/DOK5_LILRB2,ZBTB32_SIGLEC5/BST2_MGAM/SGCB_MGAM/APOD_KCNJ15/CTLA4_DYSF/LRP8_CEACAM3/APOD_CEACAM3/ZBTB32_CEACAM3/LTA_SLC22A4/ZBTB32_SLC22A4/LTA_SLC25A37/APOD_SLC25A37/ZBTB32_SLC25A37/BST2_BST1/DOK5_LILRB2
84,84,NK_Eosinophil,NK,Eosinophil,13,8,1.654,0.065406249,0.350308283,1,SPN_GALC/SPN_RNASE2/TBXA2R_TGIF1/PRX_SIAH1/LDB3_TGIF1/SPN_CCR3/TBXA2R_SIAH1/SPN_CYSLTR2,SPN_RNASE2/BCL2_RNASE2/SPN_CCR3/SPN_GALC/LDB3_GALC/SPN_CYSLTR2/TBXA2R_TGIF1/LDB3_TGIF1/SLC30A5_SMPD3/TCTN2_MYO15B/TBXA2R_SIAH1/PRX_SIAH1/LDB3_SIAH1
85,84,NK_Neutrophil,NK,Neutrophil,13,8,1.654,0.065406249,0.350308283,1,SPN_SLC25A37/SPN_TNFRSF10C/ZNF205_SLC25A37/TBXA2R_CEACAM3/TBXA2R_SLC25A37/MCM3AP_SLC25A37/FZR1_SLC25A37/BCL2_SLC25A37,CDC5L_MGAM/BCL2_DYSF/TBXA2R_CEACAM3/LDB3_HPSE/SPN_TNFRSF10C/SPN_SLC22A4/MCM3AP_SLC25A37/TBXA2R_SLC25A37/SPN_SLC25A37/FZR1_SLC25A37/ZNF205_SLC25A37/BCL2_SLC25A37/XCL1_CRISPLD2
86,84,NK_Th1,NK,Th1,13,8,1.654,0.065406249,0.350308283,1,MCM3AP_IL22/LDB3_BST2/SPN_APBB2/BCL2_BTG3/LDB3_BTG3/MCM3AP_BTG3/SPN_GGT1/TBXA2R_BST2,MCM3AP_IL22/LDB3_IL22/TCTN2_LTA/SPN_APBB2/TCTN2_ZBTB32/TBXA2R_BST2/LDB3_BST2/SPN_GGT1/MCM3AP_BTG3/BCL2_BTG3/LDB3_BTG3/PSMD4_CTLA4/CDC5L_CSF2
87,87,NK_CD56bright NK,NK,CD56bright NK,5,4,2.15,0.067221721,0.350308283,1,LDB3_MPPED1/MCM3AP_MPPED1/BCL2_XCL1/XCL2_XCL1,XCL2_XCL1/BCL2_XCL1/MCM3AP_MPPED1/LDB3_MPPED1/CDC5L_MADD
88,87,iDC_Tgd,iDC,Tgd,5,4,2.15,0.067221721,0.350308283,1,CD1C_CD160/CD1C_FEZ1/CD1E_CD160/CD1E_FEZ1,CD1E_CD160/CD1C_CD160/CD1E_FEZ1/CLEC10A_FEZ1/CD1C_FEZ1
89,89,Th_Tumor,Th,Tumor,24,13,1.456,0.06748363,0.350308283,0.997191011,CD28_S100A2/BATF_BAMBI/ITM2A_ITGB4/CD28_RHOD/CD28_MFAP2/ITM2A_BAMBI/BATF_S100A2/BATF_FKBP4/CD28_TEAD4/ITM2A_SLC1A5/CD28_LRFN4/ICOS_TEAD4/ICOS_FKBP4,CD28_VSNL1/ICOS_IGF2/CD28_MFAP2/BATF_S100A2/CD28_S100A2/CD28_JAG2/RPA1_BAMBI/ITM2A_BAMBI/BATF_BAMBI/SEC24C_BAMBI/LRBA_RPP25/NUP107_RPP25/SEC24C_RPP25/FAM111A_RPP25/BATF_RHOD/CD28_RHOD/ITM2A_ITGB4/ITM2A_SLC1A5/ICOS_FKBP4/BATF_FKBP4/ICOS_TEAD4/CD28_TEAD4/GOLGA8A_SLC27A5/CD28_LRFN4
90,90,NK_CD56dim NK,NK,CD56dim NK,9,6,1.792,0.071270094,0.355612275,1,LDB3_KIR3DL2/LDB3_KIR2DL3/LDB3_KIR3DL1/MCM3AP_KIR2DL3/TBXA2R_KIR3DL2/SPN_KIR2DL3,TBXA2R_KIR3DL2/LDB3_KIR3DL2/MCM3AP_KIR2DL3/SPN_KIR2DL3/LDB3_KIR2DL3/TCTN2_IL21R/ALDH1B1_IL21R/MCM3AP_KIR3DL1/LDB3_KIR3DL1
91,91,Th2_Neutrophil,Th2,Neutrophil,7,5,1.92,0.071584289,0.355612275,1,CXCR6_SLC25A37/GATA3_HPSE/IL26_SLC25A37/IL26_HPSE/LIMA1_SLC25A37,SNRPD1_MGAM/GATA3_CEACAM3/IL26_HPSE/GATA3_HPSE/CXCR6_SLC25A37/IL26_SLC25A37/LIMA1_SLC25A37
92,91,Tfh_CD56dim NK,Tfh,CD56dim NK,7,5,1.92,0.071584289,0.355612275,1,SIRPG_KIR2DL3/SIRPG_KIR3DL1/SIRPG_KIR3DL2/ZNF764_KIR3DL2/SIRPG_GTF3C1,SIRPG_KIR3DL2/ZNF764_KIR3DL2/SIRPG_KIR2DL3/ZNF764_KIR2DL3/SIRPG_KIR3DL1/SMAD1_GTF3C1/SIRPG_GTF3C1
93,91,B_Tem,B,Tem,7,5,1.92,0.071584289,0.355612275,1,BLNK_EWSR1/BLNK_DDX17/MS4A1_NFATC4/CD19_NFATC4/CD19_MEFV,CD19_MEFV/CD72_FLI1/MS4A1_NFATC4/CD19_NFATC4/BLNK_EWSR1/MS4A1_TBCD/BLNK_DDX17
94,94,Th2_Macrophage,Th2,Macrophage,22,12,1.466,0.073542633,0.361454215,0.993829787,CXCR6_BCAT1/AHI1_BCAT1/GATA3_RAI14/GSTA4_BCAT1/GATA3_SCARB2/IL26_BCAT1/EVI5_SCARB2/LAIR2_BCAT1/ADCY1_BCAT1/GATA3_BCAT1/LIMA1_BCAT1/GATA3_ATG7,WDHD1_CHIT1/GATA3_GPC4/GATA3_PCOLCE2/SMAD2_PCOLCE2/NEIL3_SULT1C2/EVI5_SCARB2/GATA3_SCARB2/CXCR6_BCAT1/ADCY1_BCAT1/AHI1_BCAT1/LAIR2_BCAT1/IL26_BCAT1/GATA3_BCAT1/MICAL2_BCAT1/SMAD2_BCAT1/GSTA4_BCAT1/LIMA1_BCAT1/GATA3_RAI14/GATA3_CLEC5A/GSTA4_DNASE2B/GATA3_ATG7/AHI1_CD84
95,95,CD8 T_Tumor,CD8 T,Tumor,20,11,1.478,0.0801769,0.385851331,0.999263158,TMC6_BAMBI/ZFP36L2_VSNL1/CD8A_BAMBI/CD8A_FGF3/ZFP36L2_BAMBI/CD8A_MFAP2/CD8A_RBP1/CD8A_IGF2/GZMM_FGF3/ZFP36L2_IGF2/TBCC_BAMBI,CD8A_RBP1/GZMM_VSNL1/ZFP36L2_VSNL1/CD8A_IGF2/ZFP36L2_IGF2/CD8A_MFAP2/ZFP36L2_MFAP2/GZMM_FGF3/CD8A_FGF3/CD8A_BAMBI/LIME1_BAMBI/ZFP36L2_BAMBI/TMC6_BAMBI/TBCC_BAMBI/CDKN2AIP_RPP25/CD8A_RHOD/LEPROTL1_S100A3/PPP1R2_S100A3/CD8A_TEAD4/PPP1R2_HOXA9
96,95,iDC_Th2,iDC,Th2,20,11,1.478,0.0801769,0.385851331,0.999263158,MMP12_BIRC5/CD1E_SMAD2/CLEC10A_BIRC5/CD1A_BIRC5/CD1E_SLC39A14/CD1C_GSTA4/CD1C_SMAD2/PREP_CDC25C/MMP12_CENPF/CD1C_AHI1/CLEC10A_CENPF,CTNS_CXCR6/CD1C_CXCR6/CD1C_AHI1/CD1C_SNRPD1/LMAN2L_EVI5/GUCA1A_IL26/CD1A_MB/MMP12_CENPF/CLEC10A_CENPF/GUCA1A_GATA3/LMAN2L_MICAL2/CD1E_SMAD2/CD1C_SMAD2/PREP_CDC25C/CD1C_GSTA4/CD1E_SLC39A14/CD1E_BIRC5/MMP12_BIRC5/CLEC10A_BIRC5/CD1A_BIRC5
97,97,Mast_CD8 T,Mast,CD8 T,27,14,1.394,0.085803006,0.408669989,0.992783505,TPSAB1_DNAJB1/MS4A2_PPP1R2/KIT_ZNF22/SIGLEC6_PPP1R2/TPSAB1_PPP1R2/SLC18A2_PPP1R2/SLC18A2_ABT1/MS4A2_ZNF22/CPA3_PPP1R2/MS4A2_LIME1/SIGLEC6_ZNF22/MS4A2_LEPROTL1/MS4A2_ABT1/MS4A2_RBM3,MPO_GZMM/CEACAM8_GZMM/TPSAB1_DNAJB1/PRG2_CD8A/MPO_CD8A/NR0B1_CD8A/PTGS1_CD8A/MS4A2_LIME1/CPA3_LIME1/MS4A2_APBA2/KIT_APBA2/MS4A2_LEPROTL1/SLC24A3_ZFP36L2/TAL1_ZFP36L2/TPSAB1_PPP1R2/SLC18A2_PPP1R2/MS4A2_PPP1R2/CPA3_PPP1R2/SIGLEC6_PPP1R2/TAL1_PPP1R2/MS4A2_ZNF22/CPA3_ZNF22/SIGLEC6_ZNF22/KIT_ZNF22/MS4A2_RBM3/SLC18A2_ABT1/MS4A2_ABT1
98,98,Th1_Macrophage,Th1,Macrophage,23,12,1.402,0.103201558,0.485279716,1,LTA_BCAT1/GGT1_BCAT1/IL22_BCAT1/ZBTB32_CD68/LTA_GM2A/APBB2_BCAT1/DGKI_BCAT1/CTLA4_BCAT1/ZBTB32_BCAT1/APOD_MS4A4A/CTLA4_SCARB2/SGCB_BCAT1,CD70_SULT1C2/LTA_MSR1/CTLA4_SCARB2/IL22_BCAT1/DGKI_BCAT1/IFNG_BCAT1/LTA_BCAT1/APBB2_BCAT1/IL12RB2_BCAT1/ZBTB32_BCAT1/CCL4_BCAT1/GGT1_BCAT1/SGCB_BCAT1/CTLA4_BCAT1/CTLA4_RAI14/BST2_ME1/BTG3_ME1/LTA_GM2A/ZBTB32_GM2A/ZBTB32_CD68/ZBTB32_ATG7/APOD_MS4A4A/ZBTB32_CYBB
99,99,Tcm_Tumor,Tcm,Tumor,14,8,1.536,0.10398851,0.485279716,1,TXK_VSNL1/TXK_FGF3/TXK_IGF2/TXK_MFAP2/CDC14A_S100A2/TXK_BAMBI/CDC14A_VSNL1/TXK_HOXA9,CDC14A_VSNL1/TXK_VSNL1/TXK_IGF2/TXK_MFAP2/TXK_FGF3/CDC14A_S100A2/NEFL_S100A2/CLUAP1_BAMBI/TXK_BAMBI/ST3GAL1_RPP25/PHC3_S100A3/PSPC1_S100A3/TRAF3IP3_SLC27A5/TXK_HOXA9
100,100,Th_Tem,Th,Tem,10,6,1.613,0.123192732,0.5637743,1,CD28_TBC1D5/CD28_FLI1/CD28_AKT3/CD28_TBCD/CD28_NFATC4/ICOS_AKT3,GOLGA8A_FLI1/ATF2_FLI1/CD28_FLI1/CD28_TBC1D5/CD28_NFATC4/ICOS_AKT3/CD28_AKT3/CD28_EWSR1/CD28_TBCD/ICOS_DDX17
101,101,B_Tfh,B,Tfh,33,16,1.303,0.12324936,0.5637743,1,BLNK_THADA/BLNK_MYO7A/BLNK_ICA1/BLNK_POMT1/BLK_PDCD1/FCRL2_MAGEH1/BLNK_SMAD1/MICAL3_PTPN13/BLNK_MAGEH1/MS4A1_CHGB/BLK_PTPN13/CR2_CDK5R1/SPIB_SMAD1/CD19_MAGEH1/BLK_B3GAT1/IGHA1_POMT1,BLNK_MYO7A/MS4A1_CHGB/CD72_TOX/QRSL1_TOX/IGHA1_SMAD1/SPIB_SMAD1/BLNK_SMAD1/BLNK_ICA1/CD72_SIRPG/OSBPL10_SIRPG/ABCB4_SIRPG/HLA-DOB_SIRPG/BACH2_SIRPG/DTNB_SIRPG/SCN3A_SIRPG/GLDC_SIRPG/FCRL2_MAGEH1/CD19_MAGEH1/BLNK_MAGEH1/BLK_B3GAT1/IGHA1_POMT1/BLNK_POMT1/MS4A1_CDK5R1/CR2_CDK5R1/BLK_CDK5R1/SPIB_CDK5R1/BLK_PDCD1/MICAL3_PTPN13/BLK_PTPN13/CD19_PTPN13/BLNK_PTPN13/IGHA1_THADA/BLNK_THADA
102,102,Th1_Eosinophil,Th1,Eosinophil,19,10,1.415,0.124906613,0.565753481,1,LTA_CCR3/ZBTB32_TKTL1/EGFL6_TGIF1/APOD_RNASE2/ZBTB32_RRP12/APOD_TGIF1/SGCB_TGIF1/CTLA4_CCR3/DOK5_RNASE2/DOK5_TGIF1,ZBTB32_TKTL1/APOD_IL5RA/BTG3_HRH4/DOK5_RNASE2/APOD_RNASE2/ZBTB32_LRP5L/LTA_CCR3/CTLA4_CCR3/DOK5_TGIF1/APOD_TGIF1/ZBTB32_TGIF1/EGFL6_TGIF1/SGCB_TGIF1/CTLA4_TGIF1/ZBTB32_RRP12/CSF2_RCOR3/APBB2_SMPD3/BST2_SMPD3/SGCB_MYO15B
103,103,Eosinophil_CD56dim NK,Eosinophil,CD56dim NK,8,5,1.68,0.133328122,0.575954683,1,KCNH2_KIR2DL3/MYO15B_KIR2DL3/MYO15B_KIR3DL1/MYO15B_KIR3DL2/HRH4_KIR3DL2,HRH4_KIR3DL2/MYO15B_KIR3DL2/KCNH2_KIR2DL3/MYO15B_KIR2DL3/RNASE2_IL21R/GALC_IL21R/KCNH2_KIR3DL1/MYO15B_KIR3DL1
104,103,Th1_CD56dim NK,Th1,CD56dim NK,8,5,1.68,0.133328122,0.575954683,1,ZBTB32_KIR3DL1/ZBTB32_KIR2DL3/ZBTB32_KIR3DL2/LTA_KIR2DL3/CTLA4_KIR2DL3,LTA_KIR3DL2/ZBTB32_KIR3DL2/CTLA4_KIR3DL2/LTA_KIR2DL3/ZBTB32_KIR2DL3/CTLA4_KIR2DL3/BTG3_IL21R/ZBTB32_KIR3DL1
105,103,Mast_Tem,Mast,Tem,8,5,1.68,0.133328122,0.575954683,1,TPSAB1_NFATC4/HDC_NFATC4/SIGLEC6_EWSR1/SIGLEC6_NFATC4/SLC18A2_EWSR1,TPSAB1_TBC1D5/TPSAB1_NFATC4/TPSB2_NFATC4/HDC_NFATC4/SIGLEC6_NFATC4/SLC18A2_EWSR1/CPA3_EWSR1/SIGLEC6_EWSR1
106,106,Eosinophil_Tumor,Eosinophil,Tumor,17,9,1.423,0.137828146,0.575954683,1,KCNH2_BAMBI/KCNH2_FGF3/KCNH2_HOXA9/HRH4_BAMBI/MYO15B_FGF3/KCNH2_IGF2/CAT_BAMBI/SMPD3_S100A2/ABHD2_BAMBI,SIAH1_ASPSCR1/KCNH2_IGF2/KCNH2_FGF3/MYO15B_FGF3/SMPD3_S100A2/KCNH2_BAMBI/HRH4_BAMBI/CAT_BAMBI/ABHD2_BAMBI/TGIF1_RPP25/KBTBD11_RPP25/TIPARP_RPP25/SMPD3_RHOD/CCR3_DHRS2/SMPD3_SLC1A5/KCNH2_HOXA9/SMPD3_F12
107,107,Cytotoxic_CD56bright NK,Cytotoxic,CD56bright NK,2,2,2.688,0.138378723,0.575954683,1,KLRB1_MPPED1/KLRB1_MADD,KLRB1_MPPED1/KLRB1_MADD
108,107,aDC_CD56dim NK,aDC,CD56dim NK,2,2,2.688,0.138378723,0.575954683,1,EBI3_KIR2DL3/EBI3_KIR3DL1,EBI3_KIR2DL3/EBI3_KIR3DL1
109,107,Neutrophil_Tgd,Neutrophil,Tgd,2,2,2.688,0.138378723,0.575954683,1,MGAM_CD160/MGAM_FEZ1,MGAM_CD160/MGAM_FEZ1
110,107,Th_Tgd,Th,Tgd,2,2,2.688,0.138378723,0.575954683,1,CD28_FEZ1/CD28_CD160,CD28_CD160/CD28_FEZ1
111,107,Tcm_Tgd,Tcm,Tgd,2,2,2.688,0.138378723,0.575954683,1,TRAF3IP3_FEZ1/TXK_FEZ1,TRAF3IP3_FEZ1/TXK_FEZ1
112,112,Tcm_CD56dim NK,Tcm,CD56dim NK,6,4,1.792,0.142740072,0.588802797,1,NFATC3_GTF3C1/CDC14A_SPON2/TXK_GTF3C1/CDC14A_GZMB,CDC14A_GZMB/CDC14A_SPON2/REPS1_IL21R/CYLD_IL21R/NFATC3_GTF3C1/TXK_GTF3C1
113,113,Cytotoxic_aDC,Cytotoxic,aDC,4,3,2.016,0.148444074,0.596357931,1,KLRB1_OAS3/KLRF1_OAS3/GZMA_LAMP3,GNLY_EBI3/KLRB1_OAS3/KLRF1_OAS3/GZMA_LAMP3
114,113,aDC_Tumor,aDC,Tumor,4,3,2.016,0.148444074,0.596357931,1,EBI3_FGF3/EBI3_TEAD4/EBI3_HOXA9,EBI3_FGF3/EBI3_BAMBI/EBI3_TEAD4/EBI3_HOXA9
115,113,DC_Tgd,DC,Tgd,4,3,2.016,0.148444074,0.596357931,1,CCL17_CD160/CCL22_CD160/CCL22_FEZ1,CCL22_CD160/CCL17_CD160/CCL22_FEZ1/CCL17_FEZ1
116,116,Mast_Tfh,Mast,Tfh,15,8,1.434,0.152467774,0.605444777,1,SIGLEC6_SMAD1/MS4A2_MAGEH1/SLC18A2_SMAD1/SIGLEC6_ICA1/CPA3_SMAD1/MS4A2_SMAD1/GATA2_ICA1/TPSAB1_PTPN13,TPSAB1_SLC7A10/SLC18A2_SMAD1/MS4A2_SMAD1/CPA3_SMAD1/SIGLEC6_SMAD1/GATA2_ICA1/SIGLEC6_ICA1/SLC24A3_SIRPG/MPO_SIRPG/TAL1_SIRPG/MS4A2_MAGEH1/MAOB_SH3TC1/PRG2_PASK/TPSAB1_PTPN13/SIGLEC6_PTPN13
117,117,iDC_Tcm,iDC,Tcm,22,11,1.344,0.153326924,0.605444777,1,CD1E_NEFL/CD1C_PCM1/CD1E_TIMM8A/CD1B_TIMM8A/CD1E_FOXP1/CD1C_CLUAP1/CD1C_FOXP1/CD1E_CEP68/CD1C_NFATC3/CD1B_ST3GAL1/CD1E_CYLD,CD1C_CLUAP1/CD1C_DOCK9/CD1B_FOXP1/CD1E_FOXP1/CD1C_FOXP1/CD1E_PCM1/CD1C_PCM1/CD1C_NFATC3/CD1B_TIMM8A/CD1E_TIMM8A/CD1E_REPS1/CD1B_ST3GAL1/CD1C_SNRPN/VASH1_TRAF3IP3/MS4A6A_TRAF3IP3/FZD2_TRAF3IP3/CSF1R_TRAF3IP3/CD1E_NEFL/CD1C_NEFL/CD1E_CEP68/CD1E_MAP3K1/CD1E_CYLD
118,118,NK_Th2,NK,Th2,20,10,1.344,0.169636326,0.664169343,1,SPN_SNRPD1/LDB3_SLC39A14/SPN_SMAD2/BCL2_AHI1/LDB3_AHI1/MAPRE3_SNRPD1/MAPRE3_SMAD2/TINAGL1_WDHD1/FZR1_SNRPD1/SPN_GSTA4,ALDH1B1_PTGIS/TCTN2_ADCY1/BCL2_AHI1/LDB3_AHI1/MCM3AP_SNRPD1/SPN_SNRPD1/FZR1_SNRPD1/MAPRE3_SNRPD1/SPN_IL26/PDLIM4_MB/PRX_MB/SLC30A5_GATA3/ALDH1B1_GATA3/TINAGL1_WDHD1/SPN_SMAD2/MAPRE3_SMAD2/SPN_GSTA4/SPN_PHEX/LDB3_SLC39A14/SPN_BIRC5
119,119,CD8 T_Eosinophil,CD8 T,Eosinophil,25,12,1.29,0.180349236,0.694344559,1,ZFP36L2_TGIF1/SF1_TGIF1/CD8A_RNASE2/SF1_SIAH1/CD8A_CCR3/GZMM_CCR3/CD8A_TKTL1/ZFP36L2_RRP12/ZFP36L2_SIAH1/CD8A_GALC/GZMM_RNASE2/GZMM_TGIF1,LIME1_KCNH2/LEPROTL1_KCNH2/GZMM_TKTL1/CD8A_TKTL1/PPP1R2_TKTL1/GZMM_RNASE2/CD8A_RNASE2/ZFP36L2_RNASE2/GZMM_CCR3/CD8A_CCR3/GZMM_GALC/CD8A_GALC/SF1_TGIF1/GZMM_TGIF1/ZFP36L2_TGIF1/ZFP36L2_RRP12/ZFP36L2_RCOR3/PPP1R2_SYNJ1/ZFP36L2_KBTBD11/DNAJB1_SMPD3/CAMLG_SMPD3/CDKN2AIP_SMPD3/CAMLG_MYO15B/SF1_SIAH1/ZFP36L2_SIAH1
120,119,Tfh_Th2,Tfh,Th2,25,12,1.29,0.180349236,0.694344559,1,SIRPG_SMAD2/SIRPG_AHI1/SIRPG_GSTA4/SIRPG_SNRPD1/SIRPG_CXCR6/TOX_SMAD2/SIRPG_MB/TOX_SNRPD1/STK39_BIRC5/STK39_CENPF/TSHR_SLC39A14/ST8SIA1_SMAD2,SIRPG_CXCR6/SMAD1_ADCY1/SIRPG_AHI1/TOX_SNRPD1/SIRPG_SNRPD1/SIRPG_MB/STK39_CENPF/SLC7A10_GATA3/SMAD1_GATA3/ICA1_GATA3/HEY1_GATA3/MYO6_GATA3/PTPN13_GATA3/THADA_GATA3/TOX_SMAD2/SIRPG_SMAD2/ST8SIA1_SMAD2/SIRPG_GSTA4/TSHR_SLC39A14/TOX_SLC39A14/ZNF764_SLC39A14/TOX_BIRC5/SIRPG_BIRC5/STK39_BIRC5/SMAD1_LIMA1
121,121,iDC_Cytotoxic,iDC,Cytotoxic,23,11,1.286,0.199275176,0.754632225,1,ABCG2_GNLY/VASH1_GNLY/CD1B_GZMH/MS4A6A_GNLY/CD1E_APBA2/CD1C_APBA2/CD1C_GNLY/FABP4_GNLY/CD1E_KLRD1/CD1C_KLRD1/CD1C_DUSP2,GUCA1A_KLRB1/VASH1_KLRB1/SYT17_KLRB1/MS4A6A_KLRB1/CTNS_KLRB1/LMAN2L_KLRB1/SLC26A6_KLRB1/PREP_KLRB1/NUDT9_KLRB1/CD1E_KLRD1/FABP4_KLRD1/CD1C_KLRD1/CD1C_DUSP2/ABCG2_GNLY/VASH1_GNLY/CD1E_GNLY/FABP4_GNLY/MS4A6A_GNLY/CD1C_GNLY/LMAN2L_SIGIRR/CD1B_GZMH/CD1E_APBA2/CD1C_APBA2
122,121,Cytotoxic_Th1,Cytotoxic,Th1,23,11,1.286,0.199275176,0.754632225,1,KLRB1_IL22/KLRB1_SGCB/RUNX3_CCL4/KLRB1_BST2/KLRB1_CD70/KLRB1_DGKI/KLRB1_APBB2/KLRB1_LRP8/KLRB1_BTG3/KLRB1_LRRN3/SIGIRR_BST2,KLRB1_LRP8/KLRB1_IL22/KLRB1_DGKI/GNLY_LTA/KLRB1_APBB2/APBA2_DOK5/GNLY_IL12RB2/KLRD1_ZBTB32/GNLY_ZBTB32/KLRB1_BST2/SIGIRR_BST2/GNLY_CCL4/RUNX3_CCL4/KLRB1_LRRN3/GNLY_SYNGR3/KLRB1_GGT1/KLRB1_SGCB/KLRB1_BTG3/KLRF1_BTG3/GZMA_BTG3/KLRD1_CTLA4/GNLY_CTLA4/KLRB1_CD70
123,123,CD8 T_Tfh,CD8 T,Tfh,33,15,1.222,0.209841846,0.788186445,1,ZNF609_SMAD1/GZMM_B3GAT1/ZFP36L2_B3GAT1/CD8A_B3GAT1/ZEB1_SMAD1/ZFP36L2_MYO6/LIME1_SMAD1/CD8A_SMAD1/GZMM_SMAD1/CD8A_POMT1/CD8A_SLC7A10/GZMM_SLC7A10/GZMM_POMT1/ZEB1_PTPN13/CD8A_CDK5R1,LIME1_TOX/LEPROTL1_TOX/PPP1R2_TOX/ZNF22_TOX/GZMM_SLC7A10/CD8A_SLC7A10/SF1_SMAD1/GZMM_SMAD1/CD8A_SMAD1/LIME1_SMAD1/ZFP36L2_SMAD1/ZEB1_SMAD1/ZNF609_SMAD1/VAMP2_SIRPG/LEPROTL1_SIRPG/FLT3LG_SIRPG/ABT1_SIRPG/CD8A_MAGEH1/GZMM_B3GAT1/CD8A_B3GAT1/ZFP36L2_B3GAT1/GZMM_POMT1/CD8A_POMT1/GZMM_CDK5R1/CD8A_CDK5R1/GZMM_ST8SIA1/ZFP36L2_MYO6/CD8A_PTPN13/ZEB1_PTPN13/SF1_THADA/CAMLG_ZNF764/PPP1R2_ZNF764/ZNF22_ZNF764
124,124,Th_Tfh,Th,Tfh,26,12,1.241,0.226828192,0.845117941,1,CD28_SH3TC1/ICOS_MYO6/BATF_SMAD1/CD28_SMAD1/CD28_ST8SIA1/CD28_MAF/CD28_PTPN13/CD28_MAGEH1/CD28_ICA1/ICOS_THADA/CD28_CDK5R1/CD28_B3GAT1,ASF1A_TOX/DDX50_TOX/ATF2_TOX/BATF_SMAD1/CD28_SMAD1/SEC24C_SMAD1/CD28_ICA1/RPA1_SIRPG/NAP1L4_SIRPG/GOLGA8A_SIRPG/ATF2_SIRPG/PHF10_SIRPG/CD28_MAGEH1/CD28_B3GAT1/CD28_SH3TC1/PHF10_PASK/CD28_CDK5R1/CD28_ST8SIA1/CD28_MAF/ICOS_MYO6/CD28_MYO6/CD28_PTPN13/ICOS_THADA/BATF_THADA/ITM2A_STK39/ATF2_ZNF764
125,125,Mast_Tcm,Mast,Tcm,14,7,1.344,0.234364139,0.857639651,1,TPSAB1_FOXP1/TPSAB1_ST3GAL1/MS4A2_ST3GAL1/SIGLEC6_CREBZF/CPA3_ST3GAL1/CEACAM8_ST3GAL1/CPA3_CASP8,CPA3_CLUAP1/TPSAB1_FOXP1/SIGLEC6_TIMM8A/TPSAB1_REPS1/PTGS1_REPS1/TPSAB1_ST3GAL1/MS4A2_ST3GAL1/CPA3_ST3GAL1/CEACAM8_ST3GAL1/CPA3_CASP8/TAL1_SNRPN/CPA3_CREBZF/SIGLEC6_CREBZF/NR0B1_TXK
126,126,CD56bright NK_CD8 T,CD56bright NK,CD8 T,7,4,1.536,0.237614449,0.857639651,1,MADD_ABT1/PLA2G6_PPP1R2/MADD_ZNF22/MADD_LEPROTL1,XCL1_GZMM/MPPED1_GZMM/MPPED1_CD8A/MADD_LEPROTL1/PLA2G6_PPP1R2/MADD_ZNF22/MADD_ABT1
127,126,Mast_Neutrophil,Mast,Neutrophil,7,4,1.536,0.237614449,0.857639651,1,KIT_DYSF/MS4A2_DYSF/CPA3_DYSF/TPSAB1_DYSF,PRG2_SIGLEC5/TPSAB1_DYSF/MS4A2_DYSF/CPA3_DYSF/KIT_DYSF/TPSAB1_CEACAM3/PTGS1_SLC25A37
128,126,Th2_Tem,Th2,Tem,7,4,1.536,0.237614449,0.857639651,1,GATA3_TBC1D5/GATA3_DDX17/GATA3_EWSR1/CXCR6_NFATC4,GSTA4_CCR2/CXCR6_TBC1D5/GATA3_TBC1D5/CXCR6_NFATC4/GATA3_EWSR1/SLC39A14_LTK/GATA3_DDX17
129,129,B_Th1,B,Th1,19,9,1.273,0.245203171,0.878169498,1,MS4A1_CD38/BLNK_BTG3/BLK_CCL4/SPIB_GGT1/BLNK_BST2/BLNK_APBB2/FAM30A_CD38/BLK_CD38/MS4A1_DUSP5,BLNK_APBB2/CD72_APOD/BACH2_APOD/GNG7_APOD/SLC15A2_APOD/OSBPL10_ZBTB32/QRSL1_ZBTB32/GLDC_ZBTB32/COCH_BST2/BLNK_BST2/FCRL2_CCL4/BLK_CCL4/MS4A1_DUSP5/SPIB_GGT1/COCH_BTG3/BLNK_BTG3/MS4A1_CD38/BLK_CD38/FAM30A_CD38
130,130,iDC_CD56dim NK,iDC,CD56dim NK,12,6,1.344,0.263557877,0.936644147,1,CD1C_KIR2DL3/CD1E_KIR2DL3/CD1E_KIR3DL2/CD1C_KIR3DL1/CD1E_KIR3DL1/CD1E_GTF3C1,CD1E_KIR3DL2/CD1B_KIR2DL3/CD1E_KIR2DL3/HS3ST2_KIR2DL3/CD1C_KIR2DL3/CD1E_SPON2/CD1C_SPON2/ABCG2_KIR3DL1/CD1E_KIR3DL1/HS3ST2_KIR3DL1/CD1C_KIR3DL1/CD1E_GTF3C1
131,131,Tfh_CD56bright NK,Tfh,CD56bright NK,5,3,1.613,0.270277603,0.938859041,1,SIRPG_MPPED1/SIRPG_XCL1/PDCD1_XCL1,SIRPG_XCL1/PDCD1_XCL1/SMAD1_PLA2G6/SIRPG_MPPED1/SMAD1_MADD
132,131,B_CD56dim NK,B,CD56dim NK,5,3,1.613,0.270277603,0.938859041,1,BLNK_GTF3C1/TNFRSF17_GZMB/BLNK_KIR2DL3,SPIB_KIR3DL2/BLNK_KIR3DL2/BLNK_KIR2DL3/TNFRSF17_GZMB/BLNK_GTF3C1
133,131,Th2_CD56dim NK,Th2,CD56dim NK,5,3,1.613,0.270277603,0.938859041,1,IL26_KIR2DL3/IL26_KIR3DL2/GATA3_KIR3DL2,IL26_KIR3DL2/GATA3_KIR3DL2/IL26_KIR2DL3/GATA3_KIR2DL3/AHI1_IL21R
134,134,NK_Tfh,NK,Tfh,32,14,1.176,0.276342224,0.942477061,1,LDB3_SLC7A10/LDB3_B3GAT1/MCM3AP_SMAD1/SPN_PTPN13/TBXA2R_SMAD1/PRX_SMAD1/LDB3_SMAD1/SPN_MAGEH1/MCM3AP_SLC7A10/SPN_CDK5R1/BCL2_B3GAT1/BCL2_SMAD1/MCM3AP_PTPN13/LDB3_PTPN13,SLC30A5_TOX/TCTN2_TOX/MCM3AP_SLC7A10/LDB3_SLC7A10/ZNF747_SMAD1/MCM3AP_SMAD1/TBXA2R_SMAD1/PRX_SMAD1/BCL2_SMAD1/LDB3_SMAD1/TBXA2R_HEY1/XCL1_SIRPG/CDC5L_SIRPG/FGF18_SIRPG/ZNF205_SIRPG/ZNF528_SIRPG/TCTN2_SIRPG/ADARB1_SIRPG/NCR1_SIRPG/ALDH1B1_SIRPG/SPN_MAGEH1/BCL2_B3GAT1/LDB3_B3GAT1/SPN_CDK5R1/ALDH1B1_ST8SIA1/XCL1_PDCD1/MCM3AP_PTPN13/SPN_PTPN13/MAPRE3_PTPN13/LDB3_PTPN13/ZNF205_ZNF764/NCR1_ZNF764
135,135,Th2_Tcm,Th2,Tcm,22,10,1.222,0.276896739,0.942477061,1,GATA3_CREBZF/GATA3_PHC3/GATA3_ST3GAL1/GATA3_INPP4B/GATA3_ATF7IP/GATA3_TIMM8A/GATA3_CYLD/GATA3_SLC7A6/ADCY1_CYLD/GATA3_ATM,SNRPD1_DOCK9/AHI1_CDC14A/SMAD2_CDC14A/GATA3_ATM/LIMA1_PCM1/GATA3_PHC3/SMAD2_NFATC3/GATA3_TIMM8A/GATA3_ATF7IP/SNRPD1_PSPC1/GATA3_ST3GAL1/GATA3_INPP4B/GATA3_CASP8/AHI1_TRAF3IP3/GATA3_CREBZF/SMAD2_CEP68/AHI1_TXK/SMAD2_TXK/GSTA4_TXK/ADCY1_CYLD/GATA3_CYLD/GATA3_SLC7A6
136,136,Th2_CD8 T,Th2,CD8 T,27,12,1.195,0.277439135,0.942477061,1,EVI5_ZNF22/ADCY1_LEPROTL1/GATA3_CAMLG/GATA3_THUMPD1/ADCY1_PPP1R2/GATA3_PPP1R2/GATA3_LEPROTL1/GATA3_RBM3/GATA3_ZNF91/GATA3_ZNF22/GATA3_ARHGAP8/GATA3_ZEB1,GATA3_ARHGAP8/AHI1_GZMM/ANK1_GZMM/SMAD2_GZMM/GATA3_DNAJB1/AHI1_CD8A/SNRPD1_CD8A/SMAD2_CD8A/GATA3_THUMPD1/GATA3_APBA2/ADCY1_LEPROTL1/GATA3_LEPROTL1/AHI1_ZFP36L2/SNRPD1_ZFP36L2/MICAL2_ZFP36L2/GSTA4_ZFP36L2/SLC39A14_ZFP36L2/GATA3_ZEB1/SNRPD1_ZNF609/GATA3_CAMLG/ADCY1_PPP1R2/ANK1_PPP1R2/GATA3_PPP1R2/GATA3_ZNF91/EVI5_ZNF22/GATA3_ZNF22/GATA3_RBM3
137,137,iDC_CD8 T,iDC,CD8 T,25,11,1.183,0.305342343,1,1,CD1E_ZNF22/CD1C_RBM3/CD1B_ZNF22/CD1C_PPP1R2/CD1E_FLT3LG/CD1E_APBA2/CD1E_CAMLG/CD1C_APBA2/HS3ST2_KLF9/CD1C_DNAJB1/CD1C_ZNF609,LMAN2L_SF1/GUCA1A_GZMM/MS4A6A_GZMM/CD1C_DNAJB1/CD1C_CD8B/GUCA1A_CD8A/VASH1_CD8A/CD1E_PRR5/CD1E_LIME1/CD1C_LIME1/CD1E_APBA2/CD1C_APBA2/CD1C_LEPROTL1/LMAN2L_ZFP36L2/CH25H_ZFP36L2/CD1E_ZEB1/CD1C_ZNF609/CD1E_CAMLG/CD1E_PPP1R2/CD1C_PPP1R2/CD1B_ZNF22/CD1E_ZNF22/CD1E_FLT3LG/CD1C_RBM3/HS3ST2_KLF9
138,138,iDC_CD56bright NK,iDC,CD56bright NK,3,2,1.792,0.312210772,1,1,CD1B_DUSP4/CD1E_MPPED1,CD1B_DUSP4/CD1E_MPPED1/CD1C_MPPED1
139,138,Cytotoxic_Tgd,Cytotoxic,Tgd,3,2,1.792,0.312210772,1,1,KLRB1_CD160/KLRB1_FEZ1,KLRD1_TRGV9/KLRB1_CD160/KLRB1_FEZ1
140,140,NK_Th,NK,Th,28,12,1.152,0.331088932,1,1,LDB3_DDX50/LDB3_PHF10/PRX_ASF1A/SPN_GOLGA8A/SPN_RPA1/TBXA2R_ATF2/TINAGL1_NUP107/SPN_ANP32B/ZNF747_ASF1A/MCM3AP_PHF10/BCL2_GOLGA8A/LDB3_ATF2,SPN_RPA1/BCL2_RPA1/TCTN2_ICOS/ADARB1_ICOS/TBXA2R_LRBA/TBXA2R_NAP1L4/PSMD4_BATF/ZNF747_ASF1A/PRX_ASF1A/SPN_GOLGA8A/BCL2_GOLGA8A/SPN_ANP32B/LDB3_DDX50/TBXA2R_ATF2/LDB3_ATF2/XCL1_CD28/FGF18_CD28/ZNF205_CD28/ZNF528_CD28/TCTN2_CD28/ADARB1_CD28/NCR1_CD28/ALDH1B1_CD28/TINAGL1_NUP107/SPN_FAM111A/MCM3AP_PHF10/BCL2_PHF10/LDB3_PHF10
141,141,Th1_Tcm,Th1,Tcm,23,10,1.169,0.336605634,1,1,APOD_SNRPN/LTA_SNRPN/ZBTB32_CEP68/CSF2_TIMM8A/LTA_CEP68/LTA_CYLD/LTA_DOCK9/CSF2_RPP38/ZBTB32_CYLD/ZBTB32_FOXP1,LTA_DOCK9/CTLA4_DOCK9/APBB2_CDC14A/ZBTB32_FOXP1/ZBTB32_PCM1/BTG3_NFATC3/CSF2_TIMM8A/ZBTB32_REPS1/SYNGR3_ST3GAL1/LTA_SNRPN/APOD_SNRPN/ZBTB32_SNRPN/IFNG_TRAF3IP3/CCL4_TRAF3IP3/BTG3_TRAF3IP3/LTA_CEP68/ZBTB32_CEP68/IL22_TXK/BTG3_TXK/LTA_CYLD/ZBTB32_CYLD/BTG3_SLC7A6/CSF2_RPP38
142,142,Tcm_Neutrophil,Tcm,Neutrophil,18,8,1.195,0.341443874,1,1,TXK_SLC25A37/TRAF3IP3_SLC25A37/CDC14A_SLC25A37/TRAF3IP3_SLC22A4/TXK_CEACAM3/TRAF3IP3_CREB5/TRAF3IP3_HPSE/NFATC3_DYSF,ATM_MGAM/FOXP1_MGAM/TIMM8A_MGAM/ST3GAL1_MGAM/CDC14A_DYSF/NFATC3_DYSF/TRAF3IP3_DYSF/TXK_CEACAM3/TRAF3IP3_HPSE/TRAF3IP3_CREB5/TRAF3IP3_SLC22A4/TXK_SLC22A4/CDC14A_SLC25A37/USP9Y_SLC25A37/NFATC3_SLC25A37/TRAF3IP3_SLC25A37/TXK_SLC25A37/TRAF3IP3_PDE4B
143,143,iDC_Tem,iDC,Tem,8,4,1.344,0.341900776,1,1,CD1C_EWSR1/CD1C_NFATC4/CD1C_DDX17/CD1C_AKT3,CLEC10A_NFATC4/CD1C_NFATC4/CD1C_AKT3/CD1E_EWSR1/CD1C_EWSR1/CD1C_TBCD/CD1B_DDX17/CD1C_DDX17
144,144,B_CD8 T,B,CD8 T,21,9,1.152,0.371757053,1,1,BLNK_ZNF22/BLNK_LIME1/BLNK_LEPROTL1/BLNK_PPP1R2/BLNK_THUMPD1/BLNK_ZNF609/BLK_VAMP2/SPIB_ZNF22/IGHA1_DNAJB1,OSBPL10_SF1/CD72_GZMM/SLC15A2_GZMM/GLDC_GZMM/IGHA1_DNAJB1/CD72_CD8A/QRSL1_CD8A/MEF2C_CD8A/GLDC_CD8A/SPIB_LIME1/BLNK_LIME1/BLNK_THUMPD1/BLK_VAMP2/MEF2C_VAMP2/BLNK_LEPROTL1/MICAL3_ZFP36L2/BLNK_ZNF609/BLNK_PPP1R2/SPIB_ZNF22/BLNK_ZNF22/BLNK_ABT1
145,145,Th2_aDC,Th2,aDC,1,1,2.688,0.372024714,1,1,GATA3_OAS3,GATA3_OAS3
146,145,aDC_CD56bright NK,aDC,CD56bright NK,1,1,2.688,0.372024714,1,1,EBI3_MPPED1,EBI3_MPPED1
147,145,Neutrophil_CD56bright NK,Neutrophil,CD56bright NK,1,1,2.688,0.372024714,1,1,CRISPLD2_XCL1,CRISPLD2_XCL1
148,145,Tcm_CD56bright NK,Tcm,CD56bright NK,1,1,2.688,0.372024714,1,1,TRAF3IP3_XCL1,TRAF3IP3_XCL1
149,145,Th1_CD56bright NK,Th1,CD56bright NK,1,1,2.688,0.372024714,1,1,ZBTB32_MPPED1,ZBTB32_MPPED1
150,145,CD56dim NK_Tem,CD56dim NK,Tem,1,1,2.688,0.372024714,1,1,IL21R_NFATC4,IL21R_NFATC4
151,145,Th2_Tgd,Th2,Tgd,1,1,2.688,0.372024714,1,1,GATA3_FEZ1,GATA3_FEZ1
152,145,CD56bright NK_Th2,CD56bright NK,Th2,1,1,2.688,0.372024714,1,1,MADD_SMAD2,MADD_SMAD2
153,153,Th_Tcm,Th,Tcm,34,14,1.107,0.376128753,1,1,CD28_CYLD/CD28_REPS1/CD28_SNRPN/CD28_DOCK9/BATF_TIMM8A/CD28_ATF7IP/CD28_FOXP1/CD28_PCM1/ICOS_ATF7IP/ICOS_CREBZF/BATF_PHC3/CD28_STX16/ICOS_ATM/CD28_KLF12,ICOS_DOCK9/CD28_DOCK9/ASF1A_CDC14A/GOLGA8A_CDC14A/DDX50_CDC14A/ATF2_CDC14A/PPP2R5C_CDC14A/ICOS_ATM/BATF_ATM/ICOS_FOXP1/CD28_FOXP1/CD28_KLF12/ICOS_PCM1/CD28_PCM1/ICOS_PHC3/BATF_PHC3/DDX50_NFATC3/BATF_TIMM8A/ICOS_ATF7IP/CD28_ATF7IP/CD28_REPS1/CD28_ST3GAL1/ITM2A_SNRPN/CD28_SNRPN/ASF1A_TRAF3IP3/GOLGA8A_NEFL/ICOS_CREBZF/ASF1A_TXK/PHF10_TXK/ICOS_CYLD/CD28_CYLD/CD28_STX16/ASF1A_RPP38/ATF2_RPP38
154,154,Cytotoxic_Mast,Cytotoxic,Mast,11,5,1.222,0.3904249,1,1,KLRB1_PRG2/KLRB1_MPO/KLRB1_CEACAM8/KLRB1_TAL1/KLRB1_PTGS1,KLRB1_PRG2/APBA2_MS4A2/GNLY_TPSB2/KLRB1_MPO/APBA2_KIT/KLRB1_TAL1/KLRB1_ABCC4/KLRB1_PTGS1/GNLY_PTGS1/RUNX3_PTGS1/KLRB1_CEACAM8
155,155,Mast_NK,Mast,NK,6,3,1.344,0.397815134,1,1,MS4A2_ZNF747/SIGLEC6_TCTN2/TPSAB1_ALDH1B1,MS4A2_ZNF747/GATA2_SPN/CEACAM8_BCL2/SIGLEC6_TCTN2/PRG2_LDB3/TPSAB1_ALDH1B1
156,156,Th_Th1,Th,Th1,24,10,1.12,0.398220104,1,1,CD28_CCL4/CD28_DGKI/CD28_CD38/ICOS_BST2/CD28_BST2/CD28_APBB2/CD28_IFNG/CD28_LRP8/CD28_IL22/ICOS_BTG3,CD28_LRP8/CD28_IL22/CD28_DGKI/CD28_IFNG/PHF10_LTA/CD28_APBB2/GOLGA8A_APOD/DDX50_ZBTB32/ATF2_ZBTB32/PHF10_ZBTB32/ICOS_BST2/CD28_BST2/CD28_CCL4/CD28_GGT1/ICOS_SGCB/ICOS_BTG3/DDX50_CTLA4/PHF10_CTLA4/CD28_CD70/CD28_CD38/NAP1L4_CSF2/ASF1A_CSF2/ATF2_CSF2/SEC24C_CSF2
157,156,Cytotoxic_Th2,Cytotoxic,Th2,24,10,1.12,0.398220104,1,1,KLRB1_SMAD2/KLRB1_AHI1/KLRB1_SLC39A14/KLRB1_CDC7/KLRB1_WDHD1/KLRB1_SNRPD1/KLRB1_CDC25C/KLRB1_ADCY1/KLRB1_CXCR6/GZMA_CDC25C,KLRB1_CXCR6/KLRD1_CXCR6/GNLY_CXCR6/KLRB1_ADCY1/KLRD1_ADCY1/KLRB1_AHI1/KLRB1_SNRPD1/KLRK1_SNRPD1/KLRB1_IL26/GNLY_IL26/KLRD1_GATA3/GNLY_GATA3/RORA_GATA3/APBA2_GATA3/KLRB1_WDHD1/KLRB1_MICAL2/KLRB1_SMAD2/KLRF1_SMAD2/KLRB1_CDC25C/GZMA_CDC25C/KLRB1_GSTA4/KLRB1_PHEX/KLRB1_SLC39A14/KLRB1_CDC7
158,158,Neutrophil_Macrophage,Neutrophil,Macrophage,14,6,1.152,0.427025507,1,1,CRISPLD2_BCAT1/CD93_BCAT1/SIGLEC5_BCAT1/MGAM_BCAT1/MGAM_CCL7/SLC25A37_BCAT1,MME_COLEC12/SLC25A37_MARCO/SLC25A37_SULT1C2/MGAM_SCARB2/SIGLEC5_BCAT1/CD93_BCAT1/MGAM_BCAT1/SLC25A37_BCAT1/CRISPLD2_BCAT1/SLC25A37_ME1/SLC25A37_DNASE2B/MGAM_CCL7/SLC25A37_CD84/SLC25A37_SGMS1
159,159,B_Cytotoxic,B,Cytotoxic,25,10,1.075,0.460138611,1,1,TNFRSF17_GNLY/BLNK_RORA/MEF2C_GNLY/COCH_GNLY/BLNK_GZMH/MS4A1_GNLY/HLA-DQA1_GNLY/CD19_KLRK1/BLNK_SIGIRR/BLNK_APOL3,MICAL3_KLRB1/OSBPL10_KLRB1/ABCB4_KLRB1/BACH2_KLRB1/CCR9_KLRB1/QRSL1_KLRB1/DTNB_KLRB1/MEF2C_KLRB1/GLDC_KLRB1/CD19_KLRK1/BLK_KLRD1/GNG7_KLRD1/MEF2C_KLRD1/MS4A1_GNLY/FCRL2_GNLY/BLK_GNLY/COCH_GNLY/TNFRSF17_GNLY/HLA-DQA1_GNLY/MEF2C_GNLY/BLNK_SIGIRR/BLNK_NKG7/BLNK_GZMH/BLNK_RORA/BLNK_APOL3
160,160,CD8 T_aDC,CD8 T,aDC,4,2,1.344,0.47597747,1,1,GZMM_OAS3/ZFP36L2_OAS3,LIME1_EBI3/FLT3LG_EBI3/GZMM_OAS3/ZFP36L2_OAS3
161,160,CD8 T_Tem,CD8 T,Tem,4,2,1.344,0.47597747,1,1,ZFP36L2_NFATC4/CD8A_TBC1D5,ZFP36L2_MEFV/CD8A_TBC1D5/ZFP36L2_NFATC4/PPP1R2_DDX17
162,160,B_Tgd,B,Tgd,4,2,1.344,0.47597747,1,1,MEF2C_FEZ1/IGHA1_TRGV9,IGHA1_TRGV9/BLNK_CD160/FCRL2_FEZ1/MEF2C_FEZ1
163,160,Th1_Tgd,Th1,Tgd,4,2,1.344,0.47597747,1,1,ZBTB32_CD160/CTLA4_FEZ1,BTG3_TRGV9/LTA_CD160/ZBTB32_CD160/CTLA4_FEZ1
164,164,Mast_Th,Mast,Th,28,11,1.056,0.480309378,1,1,SIGLEC6_ASF1A/CPA3_NAP1L4/SIGLEC6_SEC24C/SLC18A2_ASF1A/MS4A2_SEC24C/SIGLEC6_NUP107/MS4A2_ATF2/MS4A2_DDX50/TPSAB1_PHF10/SIGLEC6_DDX50/KIT_LRBA,PRG2_ICOS/ABCC4_ICOS/CPA3_LRBA/KIT_LRBA/CPA3_NAP1L4/SLC18A2_ASF1A/CPA3_ASF1A/SIGLEC6_ASF1A/TPSAB1_GOLGA8A/CPA3_GOLGA8A/TPSB2_GOLGA8A/TPSAB1_DDX50/MS4A2_DDX50/SIGLEC6_DDX50/SIGLEC6_UBE2L3/MS4A2_ATF2/CPA3_ATF2/SLC24A3_CD28/MPO_CD28/NR0B1_CD28/ABCC4_CD28/PTGS1_CD28/SIGLEC6_NUP107/MS4A2_SEC24C/SIGLEC6_SEC24C/CPA3_FAM111A/TPSAB1_PHF10/PTGS1_PHF10
165,165,Th_Eosinophil,Th,Eosinophil,31,12,1.041,0.498460906,1,1,ICOS_TGIF1/CD28_CCR3/BATF_TGIF1/PPP2R5C_SIAH1/CD28_RRP12/CD28_CYSLTR2/ICOS_CCR3/CD28_RNASE2/ICOS_RCOR3/BATF_SIAH1/CD28_TGIF1/CD28_GALC,ASF1A_KCNH2/PHF10_KCNH2/CD28_IL5RA/ITM2A_RNASE2/CD28_RNASE2/ICOS_CCR3/CD28_CCR3/ATF2_ACACB/CD28_GALC/GOLGA8A_CYSLTR2/CD28_CYSLTR2/ICOS_TGIF1/BATF_TGIF1/CD28_TGIF1/FAM111A_TGIF1/CD28_RRP12/ICOS_RCOR3/ASF1A_SYNJ1/NUP107_SYNJ1/CD28_KBTBD11/NAP1L4_SMPD3/GOLGA8A_SMPD3/ANP32B_SMPD3/UBE2L3_SMPD3/ATF2_SMPD3/PHF10_SMPD3/ATF2_MYO15B/PHF10_MYO15B/BATF_SIAH1/CD28_SIAH1/PPP2R5C_SIAH1
166,166,NK_CD8 T,NK,CD8 T,23,9,1.052,0.50224497,1,1,BCL2_APBA2/TBXA2R_DNAJB1/MCM3AP_LEPROTL1/SPN_RBM3/TINAGL1_ZNF22/LDB3_ZNF22/SPN_VAMP2/TBXA2R_PPP1R2/MAPRE3_ABT1,CDC5L_SF1/XCL1_GZMM/ZNF205_GZMM/TCTN2_GZMM/NCR1_GZMM/TBXA2R_DNAJB1/LDB3_DNAJB1/ZNF205_CD8A/TCTN2_CD8A/ALDH1B1_CD8A/SPN_VAMP2/BCL2_APBA2/MCM3AP_LEPROTL1/TBXA2R_LEPROTL1/SPN_LEPROTL1/TBXA2R_PPP1R2/TBXA2R_ZNF22/LDB3_ZNF22/TINAGL1_ZNF22/MCM3AP_FLT3LG/SPN_CDKN2AIP/SPN_RBM3/MAPRE3_ABT1
167,166,Tcm_Eosinophil,Tcm,Eosinophil,23,9,1.052,0.50224497,1,1,TRAF3IP3_RNASE2/CDC14A_SIAH1/TXK_IL5RA/TXK_CCR3/NFATC3_GALC/TRAF3IP3_GALC/SLC7A6_TGIF1/TXK_RNASE2/TRAF3IP3_IL5RA,ST3GAL1_KCNH2/SNRPN_KCNH2/TRAF3IP3_IL5RA/TXK_IL5RA/MAP3K1_HRH4/CYLD_HRH4/TRAF3IP3_RNASE2/TXK_RNASE2/TXK_CCR3/NFATC3_GALC/TRAF3IP3_GALC/TRAF3IP3_CYSLTR2/CDC14A_TGIF1/TIMM8A_TGIF1/SLC7A6_TGIF1/PHC3_SYNJ1/SNRPN_SYNJ1/ATM_SMPD3/TIMM8A_SMPD3/CREBZF_SMPD3/STX16_SMPD3/CREBZF_MYO15B/CDC14A_SIAH1
168,166,Cytotoxic_iDC,Cytotoxic,iDC,23,9,1.052,0.50224497,1,1,KLRB1_NUDT9/KLRB1_LMAN2L/KLRB1_GUCA1A/KLRB1_VASH1/SIGIRR_LMAN2L/KLRB1_PREP/KLRB1_CTNS/KLRB1_SYT17/KLRB1_MS4A6A,KLRB1_GUCA1A/GNLY_ABCG2/GZMH_CD1B/KLRB1_VASH1/GNLY_VASH1/KLRD1_CD1E/GNLY_CD1E/APBA2_CD1E/KLRD1_FABP4/GNLY_FABP4/KLRB1_SYT17/KLRB1_MS4A6A/GNLY_MS4A6A/KLRB1_CTNS/KLRB1_LMAN2L/SIGIRR_LMAN2L/KLRB1_SLC26A6/KLRB1_PREP/KLRB1_NUDT9/KLRD1_CD1C/DUSP2_CD1C/GNLY_CD1C/APBA2_CD1C
169,169,Mast_iDC,Mast,iDC,15,6,1.075,0.507693539,1,1,MS4A2_LMAN2L/MAOB_LMAN2L/CPA3_LMAN2L/SIGLEC6_LMAN2L/KIT_LMAN2L/TPSAB1_FZD2,TPSAB1_GUCA1A/MPO_CD1E/CALB2_FABP4/CPA3_SYT17/MS4A2_LMAN2L/CPA3_LMAN2L/SIGLEC6_LMAN2L/KIT_LMAN2L/MAOB_LMAN2L/PPM1H_BLVRB/TPSAB1_FZD2/CPA3_NUDT9/PRG2_CD1C/ABCC4_CD1C/CEACAM8_CD1C
170,170,Eosinophil_Neutrophil,Eosinophil,Neutrophil,7,3,1.152,0.517965648,1,1,SMPD3_SLC25A37/KCNH2_SLC25A37/HRH4_HPSE,TGIF1_MGAM/SIAH1_MGAM/HRH4_DYSF/SYNJ1_DYSF/HRH4_HPSE/KCNH2_SLC25A37/SMPD3_SLC25A37
171,170,Tem_Neutrophil,Tem,Neutrophil,7,3,1.152,0.517965648,1,1,FLI1_SLC25A37/FLI1_DYSF/CCR2_DYSF,MEFV_CD93/EWSR1_MGAM/CCR2_DYSF/FLI1_DYSF/PRKY_SLC25A37/FLI1_SLC25A37/CCR2_PDE4B
172,172,Th2_Tumor,Th2,Tumor,26,10,1.034,0.520900626,1,1,GATA3_CCND1/DHFR_ITGB4/CXCR6_TEAD4/GATA3_SLC1A5/GATA3_FKBP4/GATA3_BMP7/GATA3_VSNL1/GATA3_MFAP2/GATA3_S100A2/GATA3_IGF2,GATA3_VSNL1/GATA3_IGF2/GATA3_MFAP2/GATA3_S100A2/IL26_BAMBI/GATA3_BAMBI/GATA3_BMP7/SNRPD1_RPP25/MB_RPP25/CENPF_RPP25/WDHD1_RPP25/SMAD2_RPP25/CDC25C_RPP25/BIRC5_RPP25/GATA3_RHOD/DHFR_ITGB4/CENPF_STRA6/CDC25C_STRA6/GATA3_SLC1A5/PHEX_SLC1A5/GATA3_FKBP4/SLC39A14_S100A3/CXCR6_TEAD4/GATA3_CCND1/CDC25C_F12/SNRPD1_LRFN4
173,173,NK_iDC,NK,iDC,18,7,1.045,0.529600818,1,1,LDB3_GUCA1A/PRX_LMAN2L/TBXA2R_LMAN2L/LDB3_LMAN2L/SPN_FZD2/MCM3AP_GUCA1A/BCL2_FZD2,MCM3AP_GUCA1A/BCL2_GUCA1A/LDB3_GUCA1A/ZNF747_CD1E/TCTN2_CD1E/ALDH1B1_CD1E/FGF18_FABP4/TBXA2R_LMAN2L/PRX_LMAN2L/LDB3_LMAN2L/SPN_FZD2/BCL2_FZD2/NCR1_HS3ST2/PSMD4_CD1C/ZNF528_CD1C/BCL2_CD1C/TCTN2_CD1C/ALDH1B1_CD1C
174,173,iDC_Th1,iDC,Th1,18,7,1.045,0.529600818,1,1,CD1E_SGCB/CD1C_ATP9A/CD1E_CD70/CD1E_IL22/ABCG2_BTG3/CD1C_BTG3/CD1C_LRRN3,CD1E_IL22/CTNS_LTA/CSF1R_LTA/BLVRB_DOK5/LMAN2L_APOD/GUCA1A_ZBTB32/CTNS_ZBTB32/CD1E_BST2/CD1C_LRRN3/CD1C_ATP9A/CD1B_SGCB/CD1E_SGCB/ABCG2_BTG3/FABP4_BTG3/CD1C_BTG3/CD1E_CD70/CD1A_CD70/CD1C_CD70
175,175,Th1_Tumor,Th1,Tumor,21,8,1.024,0.5482934,1,1,ATP9A_BAMBI/ZBTB32_FGF3/ZBTB32_IGF2/CSF2_FKBP4/APOD_MFAP2/APOD_S100A2/APOD_RBP1/CTLA4_IGF2,APOD_RBP1/ZBTB32_VSNL1/ZBTB32_IGF2/CTLA4_IGF2/APOD_MFAP2/ZBTB32_FGF3/APOD_S100A2/SYNGR3_S100A2/CSF2_S100A2/APOD_INHBB/ZBTB32_BAMBI/ATP9A_BAMBI/BST2_BMP7/BST2_RPP25/CTLA4_RHOD/CSF2_RHOD/APOD_SLC1A5/CTLA4_FKBP4/CSF2_FKBP4/SGCB_S100A3/BTG3_LRFN4
176,176,Tfh_NK,Tfh,NK,32,12,1.008,0.552681009,1,1,SIRPG_FGF18/SIRPG_NCR1/SIRPG_ALDH1B1/SIRPG_ZNF205/ZNF764_ZNF205/ST8SIA1_ALDH1B1/TOX_SLC30A5/SIRPG_TCTN2/SIRPG_ADARB1/SIRPG_XCL1/SIRPG_ZNF528/PDCD1_XCL1,SMAD1_ZNF747/SIRPG_XCL1/PDCD1_XCL1/TOX_SLC30A5/SLC7A10_MCM3AP/SMAD1_MCM3AP/PTPN13_MCM3AP/SMAD1_TBXA2R/HEY1_TBXA2R/SIRPG_CDC5L/SIRPG_FGF18/MAGEH1_SPN/CDK5R1_SPN/PTPN13_SPN/SMAD1_PRX/SIRPG_ZNF205/ZNF764_ZNF205/SIRPG_ZNF528/PTPN13_MAPRE3/SMAD1_BCL2/B3GAT1_BCL2/TOX_TCTN2/SIRPG_TCTN2/SIRPG_ADARB1/SIRPG_NCR1/ZNF764_NCR1/SLC7A10_LDB3/SMAD1_LDB3/B3GAT1_LDB3/PTPN13_LDB3/SIRPG_ALDH1B1/ST8SIA1_ALDH1B1
177,177,Th1_Th,Th1,Th,24,9,1.008,0.56465989,1,1,ZBTB32_PHF10/APOD_GOLGA8A/ZBTB32_ATF2/ZBTB32_DDX50/CSF2_ATF2/CSF2_NAP1L4/CTLA4_DDX50/CSF2_ASF1A/CTLA4_PHF10,BST2_ICOS/SGCB_ICOS/BTG3_ICOS/CSF2_NAP1L4/CSF2_ASF1A/APOD_GOLGA8A/ZBTB32_DDX50/CTLA4_DDX50/ZBTB32_ATF2/CSF2_ATF2/LRP8_CD28/IL22_CD28/DGKI_CD28/IFNG_CD28/APBB2_CD28/BST2_CD28/CCL4_CD28/GGT1_CD28/CD70_CD28/CD38_CD28/CSF2_SEC24C/LTA_PHF10/ZBTB32_PHF10/CTLA4_PHF10
178,178,CD8 T_Tcm,CD8 T,Tcm,27,10,0.996,0.579261547,1,1,GZMM_SNRPN/CD8A_SNRPN/SF1_PHC3/CD8A_CYLD/GZMM_REPS1/ZFP36L2_REPS1/CD8A_REPS1/ZFP36L2_TIMM8A/CD8A_PSPC1/GZMM_FOXP1,LEPROTL1_CDC14A/PPP1R2_CDC14A/LEPROTL1_ATM/GZMM_FOXP1/CD8A_PCM1/SF1_PHC3/PPP1R2_NFATC3/ABT1_NFATC3/ZFP36L2_TIMM8A/CD8A_ATF7IP/GZMM_REPS1/CD8A_REPS1/ZFP36L2_REPS1/CD8A_PSPC1/ZFP36L2_CASP8/GZMM_SNRPN/CD8A_SNRPN/ZFP36L2_CREBZF/ZFP36L2_CEP68/DNAJB1_TXK/LIME1_TXK/LEPROTL1_TXK/PPP1R2_TXK/CD8A_CYLD/GZMM_STX16/CD8A_STX16/ZNF22_RPP38
179,179,Tumor_Macrophage,Tumor,Macrophage,19,7,0.99,0.598529647,1,1,ASPSCR1_BCAT1/HOXA9_BCAT1/FGF3_BCAT1/IGF2_BCAT1/SLC27A5_BCAT1/RPP25_CCL7/VSNL1_BCAT1,S100A2_CHIT1/RPP25_GPC4/KRT5_MARCO/BAMBI_MARCO/F12_MARCO/S100A2_PTGDS/ASPSCR1_SCARB2/VSNL1_BCAT1/ASPSCR1_BCAT1/IGF2_BCAT1/FGF3_BCAT1/BMP7_BCAT1/SLC27A5_BCAT1/HOXA9_BCAT1/LRFN4_BCAT1/INHBB_ME1/RPP25_CCL7/BAMBI_CD68/BAMBI_SGMS1
180,180,Tcm_aDC,Tcm,aDC,2,1,1.344,0.605670705,1,1,TXK_OAS3,STX16_EBI3/TXK_OAS3
181,180,Th1_aDC,Th1,aDC,2,1,1.344,0.605670705,1,1,CTLA4_OAS3,BTG3_EBI3/CTLA4_OAS3
182,180,aDC_iDC,aDC,iDC,2,1,1.344,0.605670705,1,1,EBI3_GUCA1A,EBI3_GUCA1A/LAMP3_CD1E
183,180,Tgd_Tumor,Tgd,Tumor,2,1,1.344,0.605670705,1,1,TRGV9_BAMBI,TRGV9_MFAP2/TRGV9_BAMBI
184,180,aDC_Tcm,aDC,Tcm,2,1,1.344,0.605670705,1,1,EBI3_STX16,OAS3_TXK/EBI3_STX16
185,180,NK_Tgd,NK,Tgd,2,1,1.344,0.605670705,1,1,SPN_FEZ1,ALDH1B1_TRGV9/SPN_FEZ1
186,186,Tfh_Eosinophil,Tfh,Eosinophil,22,8,0.977,0.611644156,1,1,SIRPG_CCR3/SIRPG_GALC/SIRPG_CYSLTR2/SIRPG_RNASE2/ST8SIA1_RNASE2/ST8SIA1_CCR3/MYO6_TGIF1/SIRPG_IL5RA,SLC7A10_KCNH2/MAGEH1_KCNH2/B3GAT1_KCNH2/SIRPG_IL5RA/B3GAT1_IL5RA/SIRPG_RNASE2/ST8SIA1_RNASE2/SIRPG_CCR3/PASK_CCR3/ST8SIA1_CCR3/SIRPG_GALC/SIRPG_CYSLTR2/MYO6_TGIF1/SMAD1_RRP12/SMAD1_SYNJ1/MAGEH1_THBS4/ZNF764_KBTBD11/SMAD1_HES1/SMAD1_SMPD3/MYO6_SMPD3/THADA_MYO15B/TOX_SIAH1
187,186,NK_Tcm,NK,Tcm,22,8,0.977,0.611644156,1,1,SPN_PCM1/SPN_SNRPN/SPN_REPS1/SPN_ST3GAL1/TBXA2R_CREBZF/LDB3_ATM/ZNF747_CREBZF/BCL2_CYLD,TCTN2_CDC14A/LDB3_ATM/MCM3AP_PCM1/SPN_PCM1/PRX_PCM1/TBXA2R_PHC3/LDB3_PHC3/SPN_REPS1/SPN_ST3GAL1/MCM3AP_SNRPN/SPN_SNRPN/XCL1_TRAF3IP3/FGF18_TRAF3IP3/TCTN2_TRAF3IP3/ZNF747_CREBZF/MCM3AP_CREBZF/TBXA2R_CREBZF/MCM3AP_CEP68/TCTN2_TXK/ADARB1_TXK/NCR1_TXK/BCL2_CYLD
188,188,T_DC,T,DC,5,2,1.075,0.613110715,1,1,TRBC1_HSD11B1/CD6_HSD11B1,CD6_HSD11B1/TRBC1_HSD11B1/TRBC1_NPR1/CD28_CD209/SKAP1_CCL17
189,188,CD56bright NK_Tfh,CD56bright NK,Tfh,5,2,1.075,0.613110715,1,1,MADD_SMAD1/PLA2G6_SMAD1,PLA2G6_SMAD1/MADD_SMAD1/XCL1_SIRPG/MPPED1_SIRPG/XCL1_PDCD1
190,190,B_Mast,B,Mast,8,3,1.008,0.623604571,1,1,FCRL2_NR0B1/FCRL2_PTGS1/BLNK_SLC18A2,OSBPL10_TPSAB1/QRSL1_SLC18A2/BLNK_SLC18A2/OSBPL10_SIGLEC6/CR2_NR0B1/FCRL2_NR0B1/FCRL2_PTGS1/MS4A1_SCG2
191,190,Tumor_Neutrophil,Tumor,Neutrophil,8,3,1.008,0.623604571,1,1,S100A3_HPSE/DHRS2_HPSE/LRFN4_SLC25A37,BAMBI_SIGLEC5/VSNL1_MGAM/SLC1A5_MGAM/BMP4_MME/DHRS2_HPSE/S100A3_HPSE/S100A3_SLC25A37/LRFN4_SLC25A37
192,190,B_CD56bright NK,B,CD56bright NK,8,3,1.008,0.623604571,1,1,MS4A1_XCL1/FCRL2_XCL1/BLK_XCL1,CR2_RRAD/MS4A1_XCL1/FCRL2_XCL1/BLK_XCL1/CD19_XCL1/FAM30A_XCL1/BLNK_DUSP4/BLNK_MADD
193,190,Tcm_Tem,Tcm,Tem,8,3,1.008,0.623604571,1,1,TRAF3IP3_NFATC4/NFATC3_EWSR1/TXK_EWSR1,TRAF3IP3_GDPD5/PCM1_CCR2/REPS1_FLI1/SNRPN_FLI1/TRAF3IP3_NFATC4/NFATC3_EWSR1/TXK_EWSR1/TXK_DDX17
194,190,Th1_Tem,Th1,Tem,8,3,1.008,0.623604571,1,1,ZBTB32_EWSR1/APOD_NFATC4/CTLA4_EWSR1,GGT1_CCR2/LTA_TBC1D5/APOD_NFATC4/APOD_AKT3/ZBTB32_EWSR1/CTLA4_EWSR1/APOD_DDX17/CTLA4_DDX17
195,195,iDC_Neutrophil,iDC,Neutrophil,14,5,0.96,0.643848334,1,1,CD1E_G0S2/CD1C_SLC22A4/CD1E_SIGLEC5/MS4A6A_DYSF/CD1C_SLC25A37,CD1E_SIGLEC5/CLEC10A_DYSF/MS4A6A_DYSF/CD1C_DYSF/CD1E_FCAR/CD1C_FCAR/CD1E_CEACAM3/HS3ST2_CEACAM3/CD1E_SLC22A4/CD1C_SLC22A4/SLC26A6_SLC25A37/CD1C_SLC25A37/CD1E_G0S2/CLEC10A_PDE4B
196,195,Macrophage_Neutrophil,Macrophage,Neutrophil,14,5,0.96,0.643848334,1,1,DNASE2B_SLC25A37/SGMS1_SLC25A37/ME1_SLC25A37/SULT1C2_SLC25A37/CD84_SLC25A37,BCAT1_SIGLEC5/BCAT1_CD93/SCARB2_MGAM/BCAT1_MGAM/CCL7_MGAM/COLEC12_MME/MARCO_SLC25A37/SULT1C2_SLC25A37/BCAT1_SLC25A37/ME1_SLC25A37/DNASE2B_SLC25A37/CD84_SLC25A37/SGMS1_SLC25A37/BCAT1_CRISPLD2
197,197,B_Tumor,B,Tumor,17,6,0.949,0.65309752,1,1,BLNK_ITGB4/MS4A1_KRT5/BLNK_VSNL1/BLNK_FGF3/BLNK_BAMBI/BLNK_RBP1,MS4A1_KRT5/CR2_KRT5/FAM30A_KRT5/GNG7_RBP1/BLNK_RBP1/BLNK_VSNL1/MS4A1_MFAP2/IGHA1_MFAP2/BLNK_MFAP2/MEF2C_MFAP2/BLNK_FGF3/BLNK_S100A2/BLK_JAG2/BLNK_BAMBI/COCH_ITGB4/BLNK_ITGB4/BLNK_SLC27A5
198,198,Tfh_iDC,Tfh,iDC,26,9,0.93,0.677745601,1,1,SIRPG_CTNS/SIRPG_LMAN2L/ZNF764_LMAN2L/SIRPG_MS4A6A/ZNF764_NUDT9/SIRPG_CSF1R/SIRPG_VASH1/TOX_LMAN2L/SIRPG_CARD9,ZNF764_GUCA1A/SIRPG_CARD9/SIRPG_VASH1/PTPN13_VASH1/SLC7A10_CD1E/SMAD1_CD1E/MAGEH1_CD1E/B3GAT1_CD1E/POMT1_CD1E/PDCD1_CLEC10A/SIRPG_MS4A6A/SIRPG_CTNS/TOX_LMAN2L/SIRPG_LMAN2L/ZNF764_LMAN2L/SMAD1_SLC26A6/SIRPG_CSF1R/SLC7A10_HS3ST2/ZNF764_NUDT9/SLC7A10_CD1C/SMAD1_CD1C/MAGEH1_CD1C/B3GAT1_CD1C/POMT1_CD1C/PASK_CD1C/PTPN13_CD1C
199,199,Th_Th2,Th,Th2,29,10,0.927,0.685106002,1,1,CD28_SMAD2/CD28_SNRPD1/CD28_AHI1/ICOS_SMAD2/ICOS_SNRPD1/ITM2A_SLC39A14/ITM2A_BIRC5/ICOS_CDC25C/CD28_MB/CD28_GSTA4,GOLGA8A_CXCR6/UBE2L3_ADCY1/CD28_AHI1/ICOS_SNRPD1/CD28_SNRPD1/DDX50_EVI5/ATF2_EVI5/GOLGA8A_IL26/CD28_MB/FRYL_GATA3/NAP1L4_GATA3/ASF1A_GATA3/GOLGA8A_GATA3/ANP32B_GATA3/DDX50_GATA3/UBE2L3_GATA3/SLC25A12_GATA3/ATF2_GATA3/PPP2R5C_GATA3/NUP107_GATA3/FAM111A_GATA3/PHF10_GATA3/ICOS_SMAD2/CD28_SMAD2/ICOS_CDC25C/CD28_GSTA4/ITM2A_SLC39A14/ITM2A_BIRC5/UBE2L3_LIMA1
200,200,Th1_CD8 T,Th1,CD8 T,32,11,0.924,0.692112592,1,1,LTA_LEPROTL1/CTLA4_DNAJB1/ZBTB32_LEPROTL1/ZBTB32_DNAJB1/ZBTB32_VAMP2/APOD_DNAJB1/ZBTB32_PPP1R2/CSF2_ABT1/ZBTB32_TMC6/CTLA4_PPP1R2/DOK5_PPP1R2,APBB2_SF1/BTG3_SF1/IL22_GZMM/IFNG_GZMM/GGT1_GZMM/BTG3_GZMM/CD70_GZMM/APOD_DNAJB1/ZBTB32_DNAJB1/CTLA4_DNAJB1/IFNG_CD8A/GGT1_CD8A/BTG3_CD8A/CD38_CD8A/ZBTB32_VAMP2/DOK5_APBA2/LTA_LEPROTL1/DOK5_LEPROTL1/ZBTB32_LEPROTL1/BST2_ZFP36L2/CD70_GADD45A/CTLA4_CAMLG/DOK5_PPP1R2/APOD_PPP1R2/ZBTB32_PPP1R2/CTLA4_PPP1R2/CSF2_ZNF22/ZBTB32_TMC6/ZBTB32_FLT3LG/CSF2_CDKN2AIP/APOD_TBCC/CSF2_ABT1
201,201,Tfh_Tcm,Tfh,Tcm,35,12,0.922,0.698800297,1,1,SIRPG_REPS1/SIRPG_PCM1/SIRPG_SNRPN/SIRPG_FOXP1/SIRPG_DOCK9/ZNF764_CEP68/SIRPG_KLF12/POMT1_SNRPN/TOX_CREBZF/SIRPG_ATM/ZNF764_PHC3/SIRPG_CREBZF,SIRPG_DOCK9/SMAD1_CDC14A/B3GAT1_CDC14A/PTPN13_CDC14A/THADA_CDC14A/TOX_ATM/SIRPG_ATM/SIRPG_FOXP1/SIRPG_KLF12/PTPN13_KLF12/SIRPG_PCM1/TOX_PHC3/ZNF764_PHC3/SMAD1_NFATC3/ZNF764_TIMM8A/CHI3L2_REPS1/SIRPG_REPS1/ZNF764_ST3GAL1/TOX_SNRPN/SIRPG_SNRPN/POMT1_SNRPN/B3GAT1_TRAF3IP3/CDK5R1_TRAF3IP3/PTPN13_TRAF3IP3/SIRPG_NEFL/TOX_CREBZF/SIRPG_CREBZF/ZNF764_CREBZF/ZNF764_CEP68/SMAD1_TXK/B3GAT1_TXK/TOX_CYLD/SMAD1_CYLD/SIRPG_CYLD/SMAD1_RPP38
202,202,iDC_Eosinophil,iDC,Eosinophil,21,7,0.896,0.718542077,1,1,CD1C_IL5RA/CD1E_RCOR3/CD1B_RCOR3/CD1B_CAT/ABCG2_TGIF1/CD1E_IL5RA/CD1E_MYO15B,CTNS_KCNH2/CD1C_TKTL1/CD1E_IL5RA/CD1C_IL5RA/CD1E_HRH4/LMAN2L_HRH4/CD1B_CAT/CD1C_CCR3/CD1C_THBS1/CD1C_GALC/ABCG2_TGIF1/CD1E_TGIF1/CD1B_RCOR3/CD1E_RCOR3/CD1E_SYNJ1/LMAN2L_SYNJ1/SYT17_SMPD3/LMAN2L_SMPD3/NUDT9_SMPD3/CD1E_MYO15B/LMAN2L_MYO15B
203,202,Th1_Th2,Th1,Th2,21,7,0.896,0.718542077,1,1,CSF2_CDC25C/ZBTB32_AHI1/CSF2_MB/LTA_GSTA4/CSF2_DHFR/CSF2_WDHD1/CSF2_BIRC5,BST2_CXCR6/BTG3_ADCY1/ZBTB32_AHI1/APOD_SNRPD1/BTG3_IL26/LTA_MB/CSF2_MB/CSF2_CENPF/APBB2_GATA3/BST2_GATA3/SGCB_GATA3/BTG3_GATA3/CSF2_WDHD1/CSF2_DHFR/DOK5_SMAD2/ZBTB32_SMAD2/CTLA4_SMAD2/CSF2_CDC25C/LTA_GSTA4/CSF2_HELLS/CSF2_BIRC5
204,204,aDC_Macrophage,aDC,Macrophage,6,2,0.896,0.720758506,1,1,EBI3_BCAT1/EBI3_CD68,EBI3_BCAT1/OAS3_BCAT1/EBI3_GM2A/EBI3_CD68/EBI3_SGMS1/EBI3_CYBB
205,204,NK_Mast,NK,Mast,6,2,0.896,0.720758506,1,1,LDB3_PRG2/SPN_GATA2,LDB3_PRG2/ALDH1B1_TPSAB1/ZNF747_MS4A2/SPN_GATA2/TCTN2_SIGLEC6/BCL2_CEACAM8
206,204,CD56dim NK_Neutrophil,CD56dim NK,Neutrophil,6,2,0.896,0.720758506,1,1,IL21R_DYSF/IL21R_SLC25A37,KIR2DL3_SIGLEC5/KIR3DL1_SIGLEC5/KIR2DL3_MGAM/KIR3DL1_MGAM/IL21R_DYSF/IL21R_SLC25A37
207,204,Th_CD56bright NK,Th,CD56bright NK,6,2,0.896,0.720758506,1,1,CD28_XCL1/CD28_MADD,CD28_XCL1/CD28_DUSP4/PHF10_PLA2G6/ATF2_MADD/CD28_MADD/PHF10_MADD
208,208,Tcm_CD8 T,Tcm,CD8 T,27,9,0.896,0.726987628,1,1,RPP38_ZNF22/NFATC3_PPP1R2/TXK_LEPROTL1/CDC14A_LEPROTL1/TXK_DNAJB1/TXK_PPP1R2/NFATC3_ABT1/TXK_LIME1/CDC14A_PPP1R2,PHC3_SF1/FOXP1_GZMM/REPS1_GZMM/SNRPN_GZMM/STX16_GZMM/TXK_DNAJB1/PCM1_CD8A/ATF7IP_CD8A/REPS1_CD8A/PSPC1_CD8A/SNRPN_CD8A/CYLD_CD8A/STX16_CD8A/TXK_LIME1/CDC14A_LEPROTL1/ATM_LEPROTL1/TXK_LEPROTL1/TIMM8A_ZFP36L2/REPS1_ZFP36L2/CASP8_ZFP36L2/CREBZF_ZFP36L2/CEP68_ZFP36L2/CDC14A_PPP1R2/NFATC3_PPP1R2/TXK_PPP1R2/RPP38_ZNF22/NFATC3_ABT1
209,208,CD8 T_Th2,CD8 T,Th2,27,9,0.896,0.726987628,1,1,ZFP36L2_SLC39A14/CD8A_SMAD2/ZFP36L2_MICAL2/CD8A_AHI1/GZMM_ANK1/GZMM_AHI1/ZFP36L2_GSTA4/CD8A_SNRPD1/ZFP36L2_AHI1,LEPROTL1_ADCY1/PPP1R2_ADCY1/GZMM_AHI1/CD8A_AHI1/ZFP36L2_AHI1/CD8A_SNRPD1/ZFP36L2_SNRPD1/ZNF609_SNRPD1/ZNF22_EVI5/GZMM_ANK1/PPP1R2_ANK1/ARHGAP8_GATA3/DNAJB1_GATA3/THUMPD1_GATA3/APBA2_GATA3/LEPROTL1_GATA3/ZEB1_GATA3/CAMLG_GATA3/PPP1R2_GATA3/ZNF91_GATA3/ZNF22_GATA3/RBM3_GATA3/ZFP36L2_MICAL2/GZMM_SMAD2/CD8A_SMAD2/ZFP36L2_GSTA4/ZFP36L2_SLC39A14
210,210,B_aDC,B,aDC,3,1,0.896,0.752400672,1,1,FCRL2_OAS3,FCRL2_OAS3/IGHA1_OAS3/TNFRSF17_OAS3
211,210,Tgd_Cytotoxic,Tgd,Cytotoxic,3,1,0.896,0.752400672,1,1,TRGV9_KLRD1,CD160_KLRB1/FEZ1_KLRB1/TRGV9_KLRD1
212,210,Tumor_CD56bright NK,Tumor,CD56bright NK,3,1,0.896,0.752400672,1,1,RPP25_DUSP4,RPP25_DUSP4/BMP4_FOXJ1/BAMBI_MPPED1
213,210,Tumor_CD56dim NK,Tumor,CD56dim NK,3,1,0.896,0.752400672,1,1,RPP25_KIR2DL3,RPP25_KIR2DL3/RHOD_IL21R/RPP25_KIR3DL1
214,210,CD56bright NK_Tumor,CD56bright NK,Tumor,3,1,0.896,0.752400672,1,1,MPPED1_BAMBI,FOXJ1_BMP4/MPPED1_BAMBI/DUSP4_RPP25
215,210,CD8 T_Tgd,CD8 T,Tgd,3,1,0.896,0.752400672,1,1,CD8A_FEZ1,GZMM_TRGV9/CD8A_CD160/CD8A_FEZ1
216,216,Eosinophil_Tfh,Eosinophil,Tfh,22,7,0.855,0.768427773,1,1,KCNH2_B3GAT1/SMPD3_SMAD1/HES1_SMAD1/RRP12_SMAD1/SMPD3_MYO6/KCNH2_MAGEH1/THBS4_MAGEH1,SIAH1_TOX/KCNH2_SLC7A10/RRP12_SMAD1/SYNJ1_SMAD1/HES1_SMAD1/SMPD3_SMAD1/IL5RA_SIRPG/RNASE2_SIRPG/CCR3_SIRPG/GALC_SIRPG/CYSLTR2_SIRPG/KCNH2_MAGEH1/THBS4_MAGEH1/KCNH2_B3GAT1/IL5RA_B3GAT1/CCR3_PASK/RNASE2_ST8SIA1/CCR3_ST8SIA1/TGIF1_MYO6/SMPD3_MYO6/MYO15B_THADA/KBTBD11_ZNF764
217,216,Tcm_Th2,Tcm,Th2,22,7,0.855,0.768427773,1,1,NFATC3_SMAD2/CDC14A_SMAD2/TXK_AHI1/PSPC1_SNRPD1/TXK_SMAD2/CEP68_SMAD2/TXK_GSTA4,CYLD_ADCY1/CDC14A_AHI1/TRAF3IP3_AHI1/TXK_AHI1/DOCK9_SNRPD1/PSPC1_SNRPD1/ATM_GATA3/PHC3_GATA3/TIMM8A_GATA3/ATF7IP_GATA3/ST3GAL1_GATA3/INPP4B_GATA3/CASP8_GATA3/CREBZF_GATA3/CYLD_GATA3/SLC7A6_GATA3/CDC14A_SMAD2/NFATC3_SMAD2/CEP68_SMAD2/TXK_SMAD2/TXK_GSTA4/PCM1_LIMA1
218,218,Eosinophil_Th,Eosinophil,Th,31,10,0.867,0.772963544,1,1,SMPD3_ANP32B/SMPD3_NAP1L4/SMPD3_GOLGA8A/MYO15B_PHF10/SMPD3_ATF2/SYNJ1_ASF1A/KCNH2_ASF1A/SMPD3_UBE2L3/SYNJ1_NUP107/MYO15B_ATF2,CCR3_ICOS/TGIF1_ICOS/RCOR3_ICOS/RNASE2_ITM2A/SMPD3_NAP1L4/TGIF1_BATF/SIAH1_BATF/KCNH2_ASF1A/SYNJ1_ASF1A/CYSLTR2_GOLGA8A/SMPD3_GOLGA8A/SMPD3_ANP32B/SMPD3_UBE2L3/ACACB_ATF2/SMPD3_ATF2/MYO15B_ATF2/IL5RA_CD28/RNASE2_CD28/CCR3_CD28/GALC_CD28/CYSLTR2_CD28/TGIF1_CD28/RRP12_CD28/KBTBD11_CD28/SIAH1_CD28/SIAH1_PPP2R5C/SYNJ1_NUP107/TGIF1_FAM111A/KCNH2_PHF10/SMPD3_PHF10/MYO15B_PHF10
219,219,Mast_Eosinophil,Mast,Eosinophil,13,4,0.827,0.774513571,1,1,MS4A2_KBTBD11/KIT_KBTBD11/SIGLEC6_GALC/TPSB2_TGIF1,MPO_KCNH2/CEACAM8_KCNH2/PRG2_HRH4/TPSAB1_RNASE2/TPSAB1_GALC/SIGLEC6_GALC/MS4A2_TGIF1/TPSB2_TGIF1/MS4A2_KBTBD11/CPA3_KBTBD11/KIT_KBTBD11/PPM1H_TIPARP/MS4A2_SIAH1
220,219,Th1_Mast,Th1,Mast,13,4,0.827,0.774513571,1,1,ZBTB32_MPO/ZBTB32_PRG2/CTLA4_ABCC4/LTA_MPO,ZBTB32_PRG2/APBB2_TPSAB1/BTG3_TPSAB1/APBB2_MS4A2/BST2_CPA3/BTG3_SIGLEC6/LTA_MPO/ZBTB32_MPO/ZBTB32_TAL1/CTLA4_ABCC4/BST2_PTGS1/LTA_CEACAM8/ZBTB32_CEACAM8
221,219,Mast_Th1,Mast,Th1,13,4,0.827,0.774513571,1,1,TPSAB1_APBB2/SIGLEC6_BTG3/CPA3_BST2/PTGS1_BST2,MPO_LTA/CEACAM8_LTA/TPSAB1_APBB2/MS4A2_APBB2/PRG2_ZBTB32/MPO_ZBTB32/TAL1_ZBTB32/CEACAM8_ZBTB32/CPA3_BST2/PTGS1_BST2/TPSAB1_BTG3/SIGLEC6_BTG3/ABCC4_CTLA4
222,222,CD8 T_CD56bright NK,CD8 T,CD56bright NK,7,2,0.768,0.801875649,1,1,CD8A_MPPED1/GZMM_XCL1,GZMM_XCL1/PPP1R2_PLA2G6/GZMM_MPPED1/CD8A_MPPED1/LEPROTL1_MADD/ZNF22_MADD/ABT1_MADD
223,223,Tfh_Th,Tfh,Th,26,8,0.827,0.81004744,1,1,PASK_PHF10/SIRPG_GOLGA8A/TOX_ATF2/SIRPG_RPA1/TOX_DDX50/SIRPG_ATF2/SIRPG_NAP1L4/ZNF764_ATF2,SIRPG_RPA1/MYO6_ICOS/THADA_ICOS/STK39_ITM2A/SIRPG_NAP1L4/SMAD1_BATF/THADA_BATF/TOX_ASF1A/SIRPG_GOLGA8A/TOX_DDX50/TOX_ATF2/SIRPG_ATF2/ZNF764_ATF2/SMAD1_CD28/ICA1_CD28/MAGEH1_CD28/B3GAT1_CD28/SH3TC1_CD28/CDK5R1_CD28/ST8SIA1_CD28/MAF_CD28/MYO6_CD28/PTPN13_CD28/SMAD1_SEC24C/SIRPG_PHF10/PASK_PHF10
224,224,B_NK,B,NK,23,7,0.818,0.811494128,1,1,BLNK_PSMD4/MS4A1_XCL1/FCRL2_XCL1/BLNK_SLC30A5/BLK_XCL1/FCRL2_MRC2/BLK_FGF18,BLNK_ZNF747/MS4A1_XCL1/FCRL2_XCL1/BLK_XCL1/CD19_XCL1/FAM30A_XCL1/BLNK_SLC30A5/OSBPL10_MCM3AP/FCRL2_FGF18/BLK_FGF18/FCRL2_MRC2/OSBPL10_SPN/ABCB4_SPN/QRSL1_SPN/SLC15A2_SPN/BLNK_PSMD4/MS4A1_ZNF528/OSBPL10_MAPRE3/QRSL1_BCL2/HLA-DOB_TCTN2/MS4A1_IGFBP5/IGHA1_ALDH1B1/TNFRSF17_ALDH1B1
225,224,Eosinophil_Tcm,Eosinophil,Tcm,23,7,0.818,0.811494128,1,1,KCNH2_SNRPN/SMPD3_CREBZF/SMPD3_STX16/HRH4_MAP3K1/SYNJ1_PHC3/SMPD3_TIMM8A/KCNH2_ST3GAL1,TGIF1_CDC14A/SIAH1_CDC14A/SMPD3_ATM/SYNJ1_PHC3/GALC_NFATC3/TGIF1_TIMM8A/SMPD3_TIMM8A/KCNH2_ST3GAL1/KCNH2_SNRPN/SYNJ1_SNRPN/IL5RA_TRAF3IP3/RNASE2_TRAF3IP3/GALC_TRAF3IP3/CYSLTR2_TRAF3IP3/SMPD3_CREBZF/MYO15B_CREBZF/IL5RA_TXK/RNASE2_TXK/CCR3_TXK/HRH4_MAP3K1/HRH4_CYLD/TGIF1_SLC7A6/SMPD3_STX16
226,224,Eosinophil_Th2,Eosinophil,Th2,23,7,0.818,0.811494128,1,1,SMPD3_CDC25C/SMPD3_SNRPD1/KCNH2_SNRPD1/KCNH2_SMAD2/SMPD3_BIRC5/SMPD3_WDHD1/SMPD3_NEIL3,KBTBD11_PTGIS/CCR3_CXCR6/SIAH1_LAIR2/KCNH2_SNRPD1/SMPD3_SNRPD1/TGIF1_EVI5/KCNH2_MB/ABHD2_CENPF/CCR3_GATA3/TGIF1_GATA3/RCOR3_GATA3/SIAH1_GATA3/SMPD3_WDHD1/SMPD3_NEIL3/KCNH2_SMAD2/SMPD3_SMAD2/SMPD3_CDC25C/KCNH2_GSTA4/SMPD3_HELLS/ABHD2_BIRC5/SMPD3_BIRC5/CCR3_LIMA1/GALC_LIMA1
227,227,B_iDC,B,iDC,20,6,0.806,0.814275038,1,1,CR2_CSF1R/BLNK_LMAN2L/MS4A1_CSF1R/BLK_CSF1R/BLNK_CTNS/CD19_CSF1R,OSBPL10_CARD9/BLK_VASH1/OSBPL10_CLEC10A/BLK_MS4A6A/BLNK_CTNS/BLNK_LMAN2L/BLK_SLC7A8/MS4A1_FZD2/FCRL2_FZD2/MS4A1_CSF1R/CR2_CSF1R/BLK_CSF1R/CD19_CSF1R/CD72_HS3ST2/BLNK_NUDT9/CD72_CD1C/MICAL3_CD1C/OSBPL10_CD1C/ABCB4_CD1C/QRSL1_CD1C
228,228,Th_aDC,Th,aDC,4,1,0.672,0.844541739,1,1,ICOS_OAS3,PHF10_EBI3/ICOS_OAS3/ICOS_LAMP3/ITM2A_LAMP3
229,228,aDC_CD8 T,aDC,CD8 T,4,1,0.672,0.844541739,1,1,EBI3_FLT3LG,OAS3_GZMM/EBI3_LIME1/OAS3_ZFP36L2/EBI3_FLT3LG
230,228,aDC_Cytotoxic,aDC,Cytotoxic,4,1,0.672,0.844541739,1,1,EBI3_GNLY,OAS3_KLRB1/OAS3_KLRF1/EBI3_GNLY/LAMP3_GZMA
231,228,Mast_CD56dim NK,Mast,CD56dim NK,4,1,0.672,0.844541739,1,1,TAL1_KIR3DL1,TPSAB1_KIR2DL3/TAL1_KIR2DL3/TPSAB1_KIR3DL1/TAL1_KIR3DL1
232,228,CD56bright NK_NK,CD56bright NK,NK,4,1,0.672,0.844541739,1,1,MADD_CDC5L,MPPED1_MCM3AP/MADD_CDC5L/XCL1_BCL2/MPPED1_LDB3
233,228,Tem_Tumor,Tem,Tumor,4,1,0.672,0.844541739,1,1,FLI1_SLC1A5,FLI1_MFAP2/CCR2_S100A2/EWSR1_RPP25/FLI1_SLC1A5
234,228,aDC_Th,aDC,Th,4,1,0.672,0.844541739,1,1,EBI3_PHF10,OAS3_ICOS/LAMP3_ICOS/LAMP3_ITM2A/EBI3_PHF10
235,228,Tumor_Tem,Tumor,Tem,4,1,0.672,0.844541739,1,1,RPP25_EWSR1,S100A2_CCR2/MFAP2_FLI1/SLC1A5_FLI1/RPP25_EWSR1
236,236,CD8 T_B,CD8 T,B,21,6,0.768,0.852568223,1,1,CD8A_QRSL1/GZMM_CD72/GZMM_GLDC/ZFP36L2_MICAL3/GZMM_SLC15A2/CD8A_MEF2C,GZMM_CD72/CD8A_CD72/ZFP36L2_MICAL3/VAMP2_BLK/SF1_OSBPL10/DNAJB1_IGHA1/LIME1_SPIB/ZNF22_SPIB/CD8A_QRSL1/GZMM_SLC15A2/LIME1_BLNK/THUMPD1_BLNK/LEPROTL1_BLNK/ZNF609_BLNK/PPP1R2_BLNK/ZNF22_BLNK/ABT1_BLNK/CD8A_MEF2C/VAMP2_MEF2C/GZMM_GLDC/CD8A_GLDC
237,237,CD8 T_Cytotoxic,CD8 T,Cytotoxic,31,9,0.78,0.871680182,1,1,ZFP36L2_APBA2/ZFP36L2_KLRD1/CD8A_KLRD1/GZMM_KLRD1/VAMP2_GNLY/CD8A_GNLY/GZMM_APBA2/GZMM_GNLY/ZFP36L2_KLRK1,SF1_KLRB1/DNAJB1_KLRB1/PRR5_KLRB1/LIME1_KLRB1/THUMPD1_KLRB1/VAMP2_KLRB1/APBA2_KLRB1/LEPROTL1_KLRB1/ZEB1_KLRB1/ZNF609_KLRB1/CAMLG_KLRB1/PPP1R2_KLRB1/ZNF91_KLRB1/ZNF22_KLRB1/FLT3LG_KLRB1/CDKN2AIP_KLRB1/ABT1_KLRB1/ZFP36L2_KLRK1/GZMM_KLRD1/CD8A_KLRD1/ZFP36L2_KLRD1/SF1_GNLY/GZMM_GNLY/CD8A_GNLY/VAMP2_GNLY/ZFP36L2_GNLY/ZNF22_SIGIRR/GZMM_APBA2/ZFP36L2_APBA2/PPP1R2_APOL3/TMC6_GZMA
238,238,Th_NK,Th,NK,28,8,0.768,0.874658751,1,1,CD28_XCL1/CD28_ALDH1B1/CD28_NCR1/CD28_TCTN2/CD28_FGF18/ICOS_TCTN2/CD28_ADARB1/ICOS_ADARB1,ASF1A_ZNF747/CD28_XCL1/PHF10_MCM3AP/LRBA_TBXA2R/NAP1L4_TBXA2R/ATF2_TBXA2R/CD28_FGF18/RPA1_SPN/GOLGA8A_SPN/ANP32B_SPN/FAM111A_SPN/BATF_PSMD4/ASF1A_PRX/CD28_ZNF205/CD28_ZNF528/RPA1_BCL2/GOLGA8A_BCL2/PHF10_BCL2/ICOS_TCTN2/CD28_TCTN2/ICOS_ADARB1/CD28_ADARB1/CD28_NCR1/DDX50_LDB3/ATF2_LDB3/PHF10_LDB3/CD28_ALDH1B1/NUP107_TINAGL1
239,239,Cytotoxic_B,Cytotoxic,B,25,7,0.753,0.878694044,1,1,KLRB1_QRSL1/KLRB1_CCR9/KLRB1_GLDC/KLRB1_OSBPL10/KLRB1_ABCB4/KLRB1_DTNB/KLRB1_BACH2,KLRB1_MICAL3/GNLY_MS4A1/GNLY_FCRL2/KLRD1_BLK/GNLY_BLK/GNLY_COCH/KLRB1_OSBPL10/GNLY_TNFRSF17/KLRB1_ABCB4/KLRK1_CD19/KLRB1_BACH2/KLRD1_GNG7/KLRB1_CCR9/KLRB1_QRSL1/KLRB1_DTNB/SIGIRR_BLNK/NKG7_BLNK/GZMH_BLNK/RORA_BLNK/APOL3_BLNK/GNLY_HLA-DQA1/KLRB1_MEF2C/KLRD1_MEF2C/GNLY_MEF2C/KLRB1_GLDC
240,240,iDC_Th,iDC,Th,22,6,0.733,0.884120892,1,1,MS4A6A_GOLGA8A/CD1B_ATF2/CD1C_UBE2L3/CD1B_DDX50/CD1C_DDX50/CD1E_ATF2,CD1E_FRYL/CD1C_RPA1/CD1C_ASF1A/MS4A6A_GOLGA8A/CD1B_DDX50/CD1E_DDX50/CD1C_DDX50/CD1C_UBE2L3/CD1B_ATF2/CD1E_ATF2/VASH1_CD28/MS4A6A_CD28/CTNS_CD28/LMAN2L_CD28/SLC26A6_CD28/CSF1R_CD28/CD1E_PPP2R5C/CD1C_PPP2R5C/CD1E_NUP107/CD1C_SEC24C/CD1E_PHF10/CD1C_PHF10
241,240,Th1_Tfh,Th1,Tfh,22,6,0.733,0.884120892,1,1,ZBTB32_SLC7A10/ZBTB32_SMAD1/ZBTB32_B3GAT1/CSF2_ICA1/APOD_CDK5R1/ZBTB32_MAGEH1,LRRN3_TOX/ZBTB32_SLC7A10/LRP8_SMAD1/DOK5_SMAD1/ZBTB32_SMAD1/ATP9A_SMAD1/CTLA4_SMAD1/CSF2_SMAD1/CSF2_ICA1/IFNG_SIRPG/APBB2_SIRPG/BST2_SIRPG/CCL4_SIRPG/BTG3_SIRPG/ZBTB32_MAGEH1/ZBTB32_B3GAT1/ZBTB32_POMT1/BTG3_PASK/LTA_CDK5R1/APOD_CDK5R1/APOD_MYO6/IL22_ZNF764
242,240,Tfh_Th1,Tfh,Th1,22,6,0.733,0.884120892,1,1,SIRPG_BST2/ZNF764_IL22/SIRPG_CCL4/SIRPG_APBB2/SIRPG_IFNG/PASK_BTG3,SMAD1_LRP8/ZNF764_IL22/SIRPG_IFNG/CDK5R1_LTA/SIRPG_APBB2/SMAD1_DOK5/CDK5R1_APOD/MYO6_APOD/SLC7A10_ZBTB32/SMAD1_ZBTB32/MAGEH1_ZBTB32/B3GAT1_ZBTB32/POMT1_ZBTB32/SIRPG_BST2/SIRPG_CCL4/TOX_LRRN3/SMAD1_ATP9A/SIRPG_BTG3/PASK_BTG3/SMAD1_CTLA4/SMAD1_CSF2/ICA1_CSF2
243,243,Macrophage_Tumor,Macrophage,Tumor,19,5,0.707,0.891422547,1,1,SGMS1_BAMBI/MARCO_BAMBI/PTGDS_S100A2/CD68_BAMBI/ME1_INHBB,MARCO_KRT5/BCAT1_VSNL1/SCARB2_ASPSCR1/BCAT1_ASPSCR1/BCAT1_IGF2/BCAT1_FGF3/CHIT1_S100A2/PTGDS_S100A2/ME1_INHBB/MARCO_BAMBI/CD68_BAMBI/SGMS1_BAMBI/BCAT1_BMP7/GPC4_RPP25/CCL7_RPP25/BCAT1_SLC27A5/BCAT1_HOXA9/MARCO_F12/BCAT1_LRFN4
244,244,Tcm_Tfh,Tcm,Tfh,35,10,0.768,0.893171722,1,1,NFATC3_SMAD1/TXK_B3GAT1/TRAF3IP3_CDK5R1/CDC14A_THADA/CDC14A_SMAD1/RPP38_SMAD1/TRAF3IP3_PTPN13/CDC14A_PTPN13/TXK_SMAD1/CYLD_SMAD1,REPS1_CHI3L2/ATM_TOX/PHC3_TOX/SNRPN_TOX/CREBZF_TOX/CYLD_TOX/CDC14A_SMAD1/NFATC3_SMAD1/TXK_SMAD1/CYLD_SMAD1/RPP38_SMAD1/DOCK9_SIRPG/ATM_SIRPG/FOXP1_SIRPG/KLF12_SIRPG/PCM1_SIRPG/REPS1_SIRPG/SNRPN_SIRPG/NEFL_SIRPG/CREBZF_SIRPG/CYLD_SIRPG/CDC14A_B3GAT1/TRAF3IP3_B3GAT1/TXK_B3GAT1/SNRPN_POMT1/TRAF3IP3_CDK5R1/CDC14A_PTPN13/KLF12_PTPN13/TRAF3IP3_PTPN13/CDC14A_THADA/PHC3_ZNF764/TIMM8A_ZNF764/ST3GAL1_ZNF764/CREBZF_ZNF764/CEP68_ZNF764
245,245,Th_B,Th,B,32,9,0.756,0.895927827,1,1,CD28_ABCB4/CD28_OSBPL10/CD28_GLDC/CD28_QRSL1/CD28_CD72/CD28_MEF2C/CD28_PNOC/ICOS_OSBPL10/CD28_BACH2,CD28_CD72/ANP32B_MICAL3/CD28_MICAL3/GOLGA8A_MS4A1/GOLGA8A_FCRL2/GOLGA8A_BLK/ATF2_BLK/ATF2_COCH/ICOS_OSBPL10/CD28_OSBPL10/NUP107_IGHA1/PHF10_IGHA1/CD28_ABCB4/CD28_PNOC/ATF2_SPIB/CD28_BACH2/GOLGA8A_GNG7/CD28_QRSL1/CD28_SCN3A/NAP1L4_BLNK/ASF1A_BLNK/GOLGA8A_BLNK/ANP32B_BLNK/DDX50_BLNK/SLC25A12_BLNK/ATF2_BLNK/SEC24C_BLNK/FAM111A_BLNK/GOLGA8A_MEF2C/CD28_MEF2C/PHF10_MEF2C/CD28_GLDC
246,245,B_Th,B,Th,32,9,0.756,0.895927827,1,1,BLNK_NAP1L4/BLNK_ATF2/BLNK_ASF1A/MS4A1_GOLGA8A/BLNK_SLC25A12/BLNK_GOLGA8A/BLNK_FAM111A/BLNK_SEC24C/IGHA1_PHF10,OSBPL10_ICOS/BLNK_NAP1L4/BLNK_ASF1A/MS4A1_GOLGA8A/FCRL2_GOLGA8A/BLK_GOLGA8A/GNG7_GOLGA8A/BLNK_GOLGA8A/MEF2C_GOLGA8A/MICAL3_ANP32B/BLNK_ANP32B/BLNK_DDX50/BLNK_SLC25A12/BLK_ATF2/COCH_ATF2/SPIB_ATF2/BLNK_ATF2/CD72_CD28/MICAL3_CD28/OSBPL10_CD28/ABCB4_CD28/PNOC_CD28/BACH2_CD28/QRSL1_CD28/SCN3A_CD28/MEF2C_CD28/GLDC_CD28/IGHA1_NUP107/BLNK_SEC24C/BLNK_FAM111A/IGHA1_PHF10/MEF2C_PHF10
247,247,CD56dim NK_Th2,CD56dim NK,Th2,5,1,0.538,0.902399495,1,1,IL21R_AHI1,IL21R_AHI1/KIR3DL2_IL26/KIR2DL3_IL26/KIR3DL2_GATA3/KIR2DL3_GATA3
248,248,NK_Cytotoxic,NK,Cytotoxic,23,6,0.701,0.909753867,1,1,LDB3_GNLY/BCL2_APBA2/SPN_GNLY/BCL2_GNLY/SPN_KLRK1/ADARB1_GNLY,PDLIM4_KLRB1/ZNF747_KLRB1/MCM3AP_KLRB1/CDC5L_KLRB1/FGF18_KLRB1/PSMD4_KLRB1/PRX_KLRB1/ZNF205_KLRB1/TCTN2_KLRB1/NCR1_KLRB1/LDB3_KLRB1/ALDH1B1_KLRB1/MCM3AP_KLRK1/SPN_KLRK1/SPN_KLRD1/LDB3_KLRD1/SPN_GNLY/BCL2_GNLY/ADARB1_GNLY/LDB3_GNLY/SLC30A5_SIGIRR/BCL2_APBA2/FGF18_RUNX3
249,248,Th1_Cytotoxic,Th1,Cytotoxic,23,6,0.701,0.909753867,1,1,LTA_GNLY/CTLA4_GNLY/ZBTB32_GNLY/SYNGR3_GNLY/CCL4_GNLY/ZBTB32_KLRD1,LRP8_KLRB1/IL22_KLRB1/DGKI_KLRB1/APBB2_KLRB1/BST2_KLRB1/LRRN3_KLRB1/GGT1_KLRB1/SGCB_KLRB1/BTG3_KLRB1/CD70_KLRB1/ZBTB32_KLRD1/CTLA4_KLRD1/BTG3_KLRF1/LTA_GNLY/IL12RB2_GNLY/ZBTB32_GNLY/CCL4_GNLY/SYNGR3_GNLY/CTLA4_GNLY/BST2_SIGIRR/DOK5_APBA2/CCL4_RUNX3/BTG3_GZMA
250,250,Tem_Cytotoxic,Tem,Cytotoxic,10,2,0.538,0.934058184,1,1,FLI1_GNLY/AKT3_GNLY,GDPD5_KLRB1/TBC1D5_KLRB1/NFATC4_KLRB1/AKT3_KLRB1/EWSR1_KLRB1/TBCD_KLRB1/DDX17_KLRB1/FLI1_GNLY/AKT3_GNLY/EWSR1_APOL3
251,251,CD56dim NK_Cytotoxic,CD56dim NK,Cytotoxic,6,1,0.448,0.938727693,1,1,IL21R_GNLY,KIR3DL2_KLRB1/KIR2DL3_KLRB1/SPON2_KLRB1/KIR3DL1_KLRB1/GTF3C1_KLRB1/IL21R_GNLY
252,251,Neutrophil_CD56dim NK,Neutrophil,CD56dim NK,6,1,0.448,0.938727693,1,1,SIGLEC5_KIR2DL3,SIGLEC5_KIR2DL3/MGAM_KIR2DL3/DYSF_IL21R/SLC25A37_IL21R/SIGLEC5_KIR3DL1/MGAM_KIR3DL1
253,251,CD56bright NK_Th,CD56bright NK,Th,6,1,0.448,0.938727693,1,1,MADD_ATF2,MADD_ATF2/XCL1_CD28/DUSP4_CD28/MADD_CD28/PLA2G6_PHF10/MADD_PHF10
254,251,CD56dim NK_Tcm,CD56dim NK,Tcm,6,1,0.448,0.938727693,1,1,IL21R_CYLD,GZMB_CDC14A/SPON2_CDC14A/GTF3C1_NFATC3/IL21R_REPS1/GTF3C1_TXK/IL21R_CYLD
255,255,Neutrophil_Th,Neutrophil,Th,14,3,0.576,0.938976342,1,1,MGAM_PHF10/MGAM_ANP32B/MGAM_ATF2,DYSF_ICOS/HPSE_ICOS/DYSF_BATF/SLC25A37_BATF/MGAM_ANP32B/MGAM_ATF2/DYSF_CD28/CEACAM3_CD28/HPSE_CD28/SLC22A4_CD28/SLC25A37_CD28/PDE4B_CD28/LILRB2_CD28/MGAM_PHF10
256,256,Th1_iDC,Th1,iDC,18,4,0.597,0.945948486,1,1,ZBTB32_GUCA1A/ZBTB32_CTNS/LTA_CSF1R/LTA_CTNS,ZBTB32_GUCA1A/BTG3_ABCG2/SGCB_CD1B/IL22_CD1E/BST2_CD1E/SGCB_CD1E/CD70_CD1E/BTG3_FABP4/LTA_CTNS/ZBTB32_CTNS/APOD_LMAN2L/DOK5_BLVRB/CD70_CD1A/LTA_CSF1R/LRRN3_CD1C/ATP9A_CD1C/BTG3_CD1C/CD70_CD1C
257,256,iDC_NK,iDC,NK,18,4,0.597,0.945948486,1,1,CD1E_ALDH1B1/CD1C_ZNF528/CD1E_ZNF747/CD1E_TCTN2,CD1E_ZNF747/GUCA1A_MCM3AP/LMAN2L_TBXA2R/FABP4_FGF18/FZD2_SPN/CD1C_PSMD4/LMAN2L_PRX/CD1C_ZNF528/GUCA1A_BCL2/FZD2_BCL2/CD1C_BCL2/CD1E_TCTN2/CD1C_TCTN2/HS3ST2_NCR1/GUCA1A_LDB3/LMAN2L_LDB3/CD1E_ALDH1B1/CD1C_ALDH1B1
258,258,Eosinophil_CD8 T,Eosinophil,CD8 T,25,6,0.645,0.946614506,1,1,SMPD3_DNAJB1/SYNJ1_PPP1R2/SMPD3_CAMLG/KCNH2_LIME1/SMPD3_CDKN2AIP/KCNH2_LEPROTL1,TGIF1_SF1/SIAH1_SF1/TKTL1_GZMM/RNASE2_GZMM/CCR3_GZMM/GALC_GZMM/TGIF1_GZMM/SMPD3_DNAJB1/TKTL1_CD8A/RNASE2_CD8A/CCR3_CD8A/GALC_CD8A/KCNH2_LIME1/KCNH2_LEPROTL1/RNASE2_ZFP36L2/TGIF1_ZFP36L2/RRP12_ZFP36L2/RCOR3_ZFP36L2/KBTBD11_ZFP36L2/SIAH1_ZFP36L2/SMPD3_CAMLG/MYO15B_CAMLG/TKTL1_PPP1R2/SYNJ1_PPP1R2/SMPD3_CDKN2AIP
259,258,CD8 T_iDC,CD8 T,iDC,25,6,0.645,0.946614506,1,1,ZFP36L2_CH25H/ZFP36L2_LMAN2L/GZMM_GUCA1A/CD8A_GUCA1A/GZMM_MS4A6A/SF1_LMAN2L,GZMM_GUCA1A/CD8A_GUCA1A/ZNF22_CD1B/CD8A_VASH1/PRR5_CD1E/LIME1_CD1E/APBA2_CD1E/ZEB1_CD1E/CAMLG_CD1E/PPP1R2_CD1E/ZNF22_CD1E/FLT3LG_CD1E/GZMM_MS4A6A/SF1_LMAN2L/ZFP36L2_LMAN2L/KLF9_HS3ST2/ZFP36L2_CH25H/DNAJB1_CD1C/CD8B_CD1C/LIME1_CD1C/APBA2_CD1C/LEPROTL1_CD1C/ZNF609_CD1C/PPP1R2_CD1C/RBM3_CD1C
260,258,Th2_Tfh,Th2,Tfh,25,6,0.645,0.946614506,1,1,LIMA1_SMAD1/GATA3_SMAD1/GATA3_PTPN13/GATA3_THADA/ADCY1_SMAD1/GATA3_SLC7A10,SLC39A14_TSHR/SNRPD1_TOX/SMAD2_TOX/SLC39A14_TOX/BIRC5_TOX/GATA3_SLC7A10/ADCY1_SMAD1/GATA3_SMAD1/LIMA1_SMAD1/GATA3_ICA1/GATA3_HEY1/CXCR6_SIRPG/AHI1_SIRPG/SNRPD1_SIRPG/MB_SIRPG/SMAD2_SIRPG/GSTA4_SIRPG/BIRC5_SIRPG/SMAD2_ST8SIA1/GATA3_MYO6/GATA3_PTPN13/GATA3_THADA/CENPF_STK39/BIRC5_STK39/SLC39A14_ZNF764
261,261,Th_iDC,Th,iDC,22,5,0.611,0.952962342,1,1,CD28_VASH1/CD28_CSF1R/CD28_LMAN2L/CD28_MS4A6A/CD28_CTNS,DDX50_CD1B/ATF2_CD1B/CD28_VASH1/FRYL_CD1E/DDX50_CD1E/ATF2_CD1E/PPP2R5C_CD1E/NUP107_CD1E/PHF10_CD1E/GOLGA8A_MS4A6A/CD28_MS4A6A/CD28_CTNS/CD28_LMAN2L/CD28_SLC26A6/CD28_CSF1R/RPA1_CD1C/ASF1A_CD1C/DDX50_CD1C/UBE2L3_CD1C/PPP2R5C_CD1C/SEC24C_CD1C/PHF10_CD1C
262,262,Tfh_Mast,Tfh,Mast,15,3,0.538,0.956584244,1,1,SIRPG_MPO/SIRPG_SLC24A3/SIRPG_TAL1,SIRPG_SLC24A3/PASK_PRG2/SLC7A10_TPSAB1/PTPN13_TPSAB1/SMAD1_SLC18A2/SMAD1_MS4A2/MAGEH1_MS4A2/SMAD1_CPA3/ICA1_GATA2/SMAD1_SIGLEC6/ICA1_SIGLEC6/PTPN13_SIGLEC6/SIRPG_MPO/SIRPG_TAL1/SH3TC1_MAOB
263,263,Tumor_Th2,Tumor,Th2,26,6,0.62,0.959403388,1,1,RPP25_WDHD1/RPP25_CENPF/RPP25_BIRC5/RPP25_SNRPD1/STRA6_CENPF/LRFN4_SNRPD1,TEAD4_CXCR6/RPP25_SNRPD1/LRFN4_SNRPD1/BAMBI_IL26/RPP25_MB/RPP25_CENPF/STRA6_CENPF/VSNL1_GATA3/IGF2_GATA3/MFAP2_GATA3/S100A2_GATA3/BAMBI_GATA3/BMP7_GATA3/RHOD_GATA3/SLC1A5_GATA3/FKBP4_GATA3/CCND1_GATA3/RPP25_WDHD1/ITGB4_DHFR/RPP25_SMAD2/RPP25_CDC25C/STRA6_CDC25C/F12_CDC25C/SLC1A5_PHEX/S100A3_SLC39A14/RPP25_BIRC5
264,264,Th1_B,Th1,B,19,4,0.566,0.960488736,1,1,APOD_GNG7/ZBTB32_QRSL1/APOD_SLC15A2/APOD_CD72,APOD_CD72/DUSP5_MS4A1/CD38_MS4A1/CCL4_FCRL2/CCL4_BLK/CD38_BLK/BST2_COCH/BTG3_COCH/ZBTB32_OSBPL10/CD38_FAM30A/GGT1_SPIB/APOD_BACH2/APOD_GNG7/ZBTB32_QRSL1/APOD_SLC15A2/APBB2_BLNK/BST2_BLNK/BTG3_BLNK/ZBTB32_GLDC
265,264,Eosinophil_Th1,Eosinophil,Th1,19,4,0.566,0.960488736,1,1,SMPD3_BST2/SMPD3_APBB2/HRH4_BTG3/MYO15B_SGCB,CCR3_LTA/SMPD3_APBB2/RNASE2_DOK5/TGIF1_DOK5/IL5RA_APOD/RNASE2_APOD/TGIF1_APOD/TKTL1_ZBTB32/LRP5L_ZBTB32/TGIF1_ZBTB32/RRP12_ZBTB32/TGIF1_EGFL6/SMPD3_BST2/TGIF1_SGCB/MYO15B_SGCB/HRH4_BTG3/CCR3_CTLA4/TGIF1_CTLA4/RCOR3_CSF2
266,266,Tfh_B,Tfh,B,33,8,0.652,0.961360053,1,1,SIRPG_CD72/SIRPG_ABCB4/SIRPG_SCN3A/SIRPG_OSBPL10/SIRPG_BACH2/SIRPG_DTNB/TOX_QRSL1/SIRPG_HLA-DOB,TOX_CD72/SIRPG_CD72/PTPN13_MICAL3/CHGB_MS4A1/CDK5R1_MS4A1/CDK5R1_CR2/MAGEH1_FCRL2/B3GAT1_BLK/CDK5R1_BLK/PDCD1_BLK/PTPN13_BLK/SIRPG_OSBPL10/SMAD1_IGHA1/POMT1_IGHA1/THADA_IGHA1/SIRPG_ABCB4/SIRPG_HLA-DOB/MAGEH1_CD19/PTPN13_CD19/SMAD1_SPIB/CDK5R1_SPIB/SIRPG_BACH2/TOX_QRSL1/SIRPG_DTNB/SIRPG_SCN3A/MYO7A_BLNK/SMAD1_BLNK/ICA1_BLNK/MAGEH1_BLNK/POMT1_BLNK/PTPN13_BLNK/THADA_BLNK/SIRPG_GLDC
267,266,Tfh_CD8 T,Tfh,CD8 T,33,8,0.652,0.961360053,1,1,ZNF764_ZNF22/SIRPG_ABT1/SIRPG_VAMP2/TOX_ZNF22/SIRPG_LEPROTL1/TOX_LEPROTL1/ZNF764_CAMLG/SIRPG_FLT3LG,SMAD1_SF1/THADA_SF1/SLC7A10_GZMM/SMAD1_GZMM/B3GAT1_GZMM/POMT1_GZMM/CDK5R1_GZMM/ST8SIA1_GZMM/SLC7A10_CD8A/SMAD1_CD8A/MAGEH1_CD8A/B3GAT1_CD8A/POMT1_CD8A/CDK5R1_CD8A/PTPN13_CD8A/TOX_LIME1/SMAD1_LIME1/SIRPG_VAMP2/TOX_LEPROTL1/SIRPG_LEPROTL1/SMAD1_ZFP36L2/B3GAT1_ZFP36L2/MYO6_ZFP36L2/SMAD1_ZEB1/PTPN13_ZEB1/SMAD1_ZNF609/ZNF764_CAMLG/TOX_PPP1R2/ZNF764_PPP1R2/TOX_ZNF22/ZNF764_ZNF22/SIRPG_FLT3LG/SIRPG_ABT1
268,268,Tem_B,Tem,B,7,1,0.384,0.961536366,1,1,FLI1_CD72,FLI1_CD72/NFATC4_MS4A1/TBCD_MS4A1/MEFV_CD19/NFATC4_CD19/EWSR1_BLNK/DDX17_BLNK
269,268,Neutrophil_Eosinophil,Neutrophil,Eosinophil,7,1,0.384,0.961536366,1,1,MGAM_TGIF1,SLC25A37_KCNH2/DYSF_HRH4/HPSE_HRH4/MGAM_TGIF1/DYSF_SYNJ1/SLC25A37_SMPD3/MGAM_SIAH1
270,268,CD56dim NK_Tfh,CD56dim NK,Tfh,7,1,0.384,0.961536366,1,1,GTF3C1_SMAD1,GTF3C1_SMAD1/KIR3DL2_SIRPG/KIR2DL3_SIRPG/KIR3DL1_SIRPG/GTF3C1_SIRPG/KIR3DL2_ZNF764/KIR2DL3_ZNF764
271,268,Tem_Th2,Tem,Th2,7,1,0.384,0.961536366,1,1,CCR2_GSTA4,TBC1D5_CXCR6/NFATC4_CXCR6/TBC1D5_GATA3/EWSR1_GATA3/DDX17_GATA3/CCR2_GSTA4/LTK_SLC39A14
272,272,Th2_Eosinophil,Th2,Eosinophil,23,5,0.584,0.964964696,1,1,GATA3_TGIF1/GATA3_SIAH1/GATA3_CCR3/GATA3_RCOR3/LAIR2_SIAH1,SNRPD1_KCNH2/MB_KCNH2/SMAD2_KCNH2/GSTA4_KCNH2/CXCR6_CCR3/GATA3_CCR3/LIMA1_CCR3/LIMA1_GALC/EVI5_TGIF1/GATA3_TGIF1/GATA3_RCOR3/PTGIS_KBTBD11/CENPF_ABHD2/BIRC5_ABHD2/SNRPD1_SMPD3/WDHD1_SMPD3/NEIL3_SMPD3/SMAD2_SMPD3/CDC25C_SMPD3/HELLS_SMPD3/BIRC5_SMPD3/LAIR2_SIAH1/GATA3_SIAH1
273,272,CD8 T_NK,CD8 T,NK,23,5,0.584,0.964964696,1,1,GZMM_NCR1/CD8A_TCTN2/CD8A_ALDH1B1/GZMM_ZNF205/GZMM_XCL1,GZMM_XCL1/LEPROTL1_MCM3AP/FLT3LG_MCM3AP/DNAJB1_TBXA2R/LEPROTL1_TBXA2R/PPP1R2_TBXA2R/ZNF22_TBXA2R/SF1_CDC5L/VAMP2_SPN/LEPROTL1_SPN/CDKN2AIP_SPN/RBM3_SPN/GZMM_ZNF205/CD8A_ZNF205/ABT1_MAPRE3/APBA2_BCL2/GZMM_TCTN2/CD8A_TCTN2/GZMM_NCR1/DNAJB1_LDB3/ZNF22_LDB3/CD8A_ALDH1B1/ZNF22_TINAGL1
274,274,CD8 T_Th,CD8 T,Th,27,6,0.597,0.969340752,1,1,CD8A_PHF10/TBCC_ATF2/SF1_PHF10/GZMM_PHF10/SF1_DDX50/GZMM_ASF1A,SF1_ICOS/DNAJB1_ICOS/PRR5_ICOS/LEPROTL1_ICOS/CAMLG_ICOS/PPP1R2_ICOS/SLC16A7_ITM2A/ZNF22_ITM2A/DNAJB1_BATF/PPP1R2_BATF/ZNF22_BATF/GZMM_ASF1A/SF1_DDX50/PPP1R2_SLC25A12/SF1_ATF2/TBCC_ATF2/PRR5_CD28/VAMP2_CD28/LEPROTL1_CD28/PPP1R2_CD28/FLT3LG_CD28/RBM3_CD28/ABT1_CD28/PPP1R2_PPP2R5C/SF1_PHF10/GZMM_PHF10/CD8A_PHF10
275,275,Th2_Cytotoxic,Th2,Cytotoxic,24,5,0.56,0.974083407,1,1,GATA3_GNLY/IL26_GNLY/CXCR6_KLRD1/GATA3_KLRD1/ADCY1_KLRD1,CXCR6_KLRB1/ADCY1_KLRB1/AHI1_KLRB1/SNRPD1_KLRB1/IL26_KLRB1/WDHD1_KLRB1/MICAL2_KLRB1/SMAD2_KLRB1/CDC25C_KLRB1/GSTA4_KLRB1/PHEX_KLRB1/SLC39A14_KLRB1/CDC7_KLRB1/SNRPD1_KLRK1/CXCR6_KLRD1/ADCY1_KLRD1/GATA3_KLRD1/SMAD2_KLRF1/CXCR6_GNLY/IL26_GNLY/GATA3_GNLY/GATA3_RORA/GATA3_APBA2/CDC25C_GZMA
276,276,Mast_B,Mast,B,8,1,0.336,0.975855941,1,1,SIGLEC6_OSBPL10,SCG2_MS4A1/NR0B1_CR2/NR0B1_FCRL2/PTGS1_FCRL2/TPSAB1_OSBPL10/SIGLEC6_OSBPL10/SLC18A2_QRSL1/SLC18A2_BLNK
277,276,CD56dim NK_Eosinophil,CD56dim NK,Eosinophil,8,1,0.336,0.975855941,1,1,IL21R_RNASE2,KIR2DL3_KCNH2/KIR3DL1_KCNH2/KIR3DL2_HRH4/IL21R_RNASE2/IL21R_GALC/KIR3DL2_MYO15B/KIR2DL3_MYO15B/KIR3DL1_MYO15B
278,276,Neutrophil_Tumor,Neutrophil,Tumor,8,1,0.336,0.975855941,1,1,SIGLEC5_BAMBI,MME_BMP4/MGAM_VSNL1/SIGLEC5_BAMBI/HPSE_DHRS2/MGAM_SLC1A5/HPSE_S100A3/SLC25A37_S100A3/SLC25A37_LRFN4
279,276,Tem_Tcm,Tem,Tcm,8,1,0.336,0.975855941,1,1,FLI1_REPS1,CCR2_PCM1/EWSR1_NFATC3/FLI1_REPS1/FLI1_SNRPN/GDPD5_TRAF3IP3/NFATC4_TRAF3IP3/EWSR1_TXK/DDX17_TXK
280,276,CD56dim NK_Th1,CD56dim NK,Th1,8,1,0.336,0.975855941,1,1,IL21R_BTG3,KIR3DL2_LTA/KIR2DL3_LTA/KIR3DL2_ZBTB32/KIR2DL3_ZBTB32/KIR3DL1_ZBTB32/IL21R_BTG3/KIR3DL2_CTLA4/KIR2DL3_CTLA4
281,276,Tem_Th1,Tem,Th1,8,1,0.336,0.975855941,1,1,CCR2_GGT1,TBC1D5_LTA/NFATC4_APOD/AKT3_APOD/DDX17_APOD/EWSR1_ZBTB32/CCR2_GGT1/EWSR1_CTLA4/DDX17_CTLA4
282,282,Th_Mast,Th,Mast,28,6,0.576,0.976994438,1,1,CD28_SLC24A3/CD28_PTGS1/ICOS_ABCC4/CD28_MPO/ICOS_PRG2/CD28_NR0B1,CD28_SLC24A3/ICOS_PRG2/GOLGA8A_TPSAB1/DDX50_TPSAB1/PHF10_TPSAB1/ASF1A_SLC18A2/DDX50_MS4A2/ATF2_MS4A2/SEC24C_MS4A2/LRBA_CPA3/NAP1L4_CPA3/ASF1A_CPA3/GOLGA8A_CPA3/ATF2_CPA3/FAM111A_CPA3/GOLGA8A_TPSB2/ASF1A_SIGLEC6/DDX50_SIGLEC6/UBE2L3_SIGLEC6/NUP107_SIGLEC6/SEC24C_SIGLEC6/CD28_MPO/CD28_NR0B1/LRBA_KIT/ICOS_ABCC4/CD28_ABCC4/CD28_PTGS1/PHF10_PTGS1
283,283,Neutrophil_Cytotoxic,Neutrophil,Cytotoxic,17,3,0.474,0.978485763,1,1,CD93_GNLY/SIGLEC5_GNLY/MGAM_KLRD1,TNFRSF10C_CTSW/SIGLEC5_KLRB1/DYSF_KLRB1/CEACAM3_KLRB1/HPSE_KLRB1/SLC22A4_KLRB1/SLC25A37_KLRB1/SLC25A37_KLRK1/MGAM_KLRD1/DYSF_KLRF1/SIGLEC5_GNLY/CD93_GNLY/MGAM_GNLY/SLC25A37_SIGIRR/MGAM_APBA2/SLC25A37_RUNX3/DYSF_APOL3
284,283,Tumor_Eosinophil,Tumor,Eosinophil,17,3,0.474,0.978485763,1,1,RPP25_KBTBD11/RPP25_TGIF1/RPP25_TIPARP,IGF2_KCNH2/FGF3_KCNH2/BAMBI_KCNH2/HOXA9_KCNH2/BAMBI_HRH4/BAMBI_CAT/DHRS2_CCR3/RPP25_TGIF1/RPP25_KBTBD11/BAMBI_ABHD2/RPP25_TIPARP/S100A2_SMPD3/RHOD_SMPD3/SLC1A5_SMPD3/F12_SMPD3/FGF3_MYO15B/ASPSCR1_SIAH1
285,285,Eosinophil_iDC,Eosinophil,iDC,21,4,0.512,0.979328623,1,1,SMPD3_LMAN2L/HRH4_LMAN2L/SMPD3_NUDT9/SMPD3_SYT17,TGIF1_ABCG2/CAT_CD1B/RCOR3_CD1B/IL5RA_CD1E/HRH4_CD1E/TGIF1_CD1E/RCOR3_CD1E/SYNJ1_CD1E/MYO15B_CD1E/SMPD3_SYT17/KCNH2_CTNS/HRH4_LMAN2L/SYNJ1_LMAN2L/SMPD3_LMAN2L/MYO15B_LMAN2L/SMPD3_NUDT9/TKTL1_CD1C/IL5RA_CD1C/CCR3_CD1C/THBS1_CD1C/GALC_CD1C
286,285,Th2_Th1,Th2,Th1,21,4,0.512,0.979328623,1,1,GATA3_BST2/GATA3_APBB2/GATA3_SGCB/IL26_BTG3,MB_LTA/GSTA4_LTA/GATA3_APBB2/SMAD2_DOK5/SNRPD1_APOD/AHI1_ZBTB32/SMAD2_ZBTB32/CXCR6_BST2/GATA3_BST2/GATA3_SGCB/ADCY1_BTG3/IL26_BTG3/GATA3_BTG3/SMAD2_CTLA4/MB_CSF2/CENPF_CSF2/WDHD1_CSF2/DHFR_CSF2/CDC25C_CSF2/HELLS_CSF2/BIRC5_CSF2
287,287,Eosinophil_NK,Eosinophil,NK,13,2,0.414,0.979509394,1,1,SMPD3_SLC30A5/MYO15B_TCTN2,SMPD3_SLC30A5/TGIF1_TBXA2R/SIAH1_TBXA2R/RNASE2_SPN/CCR3_SPN/GALC_SPN/CYSLTR2_SPN/SIAH1_PRX/RNASE2_BCL2/MYO15B_TCTN2/GALC_LDB3/TGIF1_LDB3/SIAH1_LDB3
288,287,Th1_NK,Th1,NK,13,2,0.414,0.979509394,1,1,CSF2_CDC5L/ZBTB32_TCTN2,IL22_MCM3AP/BTG3_MCM3AP/BST2_TBXA2R/CSF2_CDC5L/APBB2_SPN/GGT1_SPN/CTLA4_PSMD4/BTG3_BCL2/LTA_TCTN2/ZBTB32_TCTN2/IL22_LDB3/BST2_LDB3/BTG3_LDB3
289,289,CD8 T_Th1,CD8 T,Th1,32,7,0.588,0.979792138,1,1,CD8A_BTG3/GZMM_BTG3/SF1_APBB2/CD8A_IFNG/SF1_BTG3/GZMM_IL22/ZFP36L2_BST2,GZMM_IL22/GZMM_IFNG/CD8A_IFNG/LEPROTL1_LTA/SF1_APBB2/APBA2_DOK5/LEPROTL1_DOK5/PPP1R2_DOK5/DNAJB1_APOD/PPP1R2_APOD/TBCC_APOD/DNAJB1_ZBTB32/VAMP2_ZBTB32/LEPROTL1_ZBTB32/PPP1R2_ZBTB32/TMC6_ZBTB32/FLT3LG_ZBTB32/ZFP36L2_BST2/GZMM_GGT1/CD8A_GGT1/SF1_BTG3/GZMM_BTG3/CD8A_BTG3/DNAJB1_CTLA4/CAMLG_CTLA4/PPP1R2_CTLA4/GZMM_CD70/GADD45A_CD70/CD8A_CD38/ZNF22_CSF2/CDKN2AIP_CSF2/ABT1_CSF2
290,290,Tfh_Cytotoxic,Tfh,Cytotoxic,25,5,0.538,0.980950633,1,1,SIRPG_GNLY/SIRPG_KLRD1/CHI3L2_GNLY/SIRPG_KLRK1/ST8SIA1_KLRD1,MYO7A_KLRB1/TSHR_KLRB1/SLC7A10_KLRB1/SMAD1_KLRB1/HEY1_KLRB1/PVALB_KLRB1/MAGEH1_KLRB1/B3GAT1_KLRB1/POMT1_KLRB1/PASK_KLRB1/CDK5R1_KLRB1/ST8SIA1_KLRB1/MAF_KLRB1/MYO6_KLRB1/PTPN13_KLRB1/THADA_KLRB1/SIRPG_KLRK1/SIRPG_KLRD1/ST8SIA1_KLRD1/CHI3L2_GNLY/SIRPG_GNLY/ST8SIA1_GNLY/MAF_GNLY/SMAD1_SIGIRR/SMAD1_APOL3
291,291,CD56dim NK_NK,CD56dim NK,NK,9,1,0.299,0.984845412,1,1,IL21R_ALDH1B1,KIR2DL3_MCM3AP/KIR3DL1_MCM3AP/KIR3DL2_TBXA2R/KIR2DL3_SPN/IL21R_TCTN2/KIR3DL2_LDB3/KIR2DL3_LDB3/KIR3DL1_LDB3/IL21R_ALDH1B1
292,292,Tcm_NK,Tcm,NK,22,4,0.489,0.985187796,1,1,TRAF3IP3_FGF18/TXK_NCR1/TRAF3IP3_TCTN2/TRAF3IP3_XCL1,CREBZF_ZNF747/TRAF3IP3_XCL1/PCM1_MCM3AP/SNRPN_MCM3AP/CREBZF_MCM3AP/CEP68_MCM3AP/PHC3_TBXA2R/CREBZF_TBXA2R/TRAF3IP3_FGF18/PCM1_SPN/REPS1_SPN/ST3GAL1_SPN/SNRPN_SPN/PCM1_PRX/CYLD_BCL2/CDC14A_TCTN2/TRAF3IP3_TCTN2/TXK_TCTN2/TXK_ADARB1/TXK_NCR1/ATM_LDB3/PHC3_LDB3
293,293,Th_Cytotoxic,Th,Cytotoxic,26,5,0.517,0.986080929,1,1,CD28_KLRD1/CD28_KLRK1/ITM2A_GZMH/ICOS_GNLY/CD28_GNLY,FRYL_KLRB1/RPA1_KLRB1/LRBA_KLRB1/ASF1A_KLRB1/GOLGA8A_KLRB1/ANP32B_KLRB1/DDX50_KLRB1/UBE2L3_KLRB1/SLC25A12_KLRB1/ATF2_KLRB1/PPP2R5C_KLRB1/NUP107_KLRB1/SEC24C_KLRB1/FAM111A_KLRB1/PHF10_KLRB1/GOLGA8A_KLRK1/CD28_KLRK1/ICOS_KLRD1/CD28_KLRD1/PHF10_KLRF1/ICOS_GNLY/CD28_GNLY/NAP1L4_SIGIRR/ATF2_SIGIRR/PPP2R5C_SIGIRR/ITM2A_GZMH
294,293,iDC_Tfh,iDC,Tfh,26,5,0.517,0.986080929,1,1,CD1E_B3GAT1/CD1C_B3GAT1/CD1E_SMAD1/CD1E_SLC7A10/CD1E_POMT1,LMAN2L_TOX/CD1E_SLC7A10/HS3ST2_SLC7A10/CD1C_SLC7A10/CD1E_SMAD1/SLC26A6_SMAD1/CD1C_SMAD1/CARD9_SIRPG/VASH1_SIRPG/MS4A6A_SIRPG/CTNS_SIRPG/LMAN2L_SIRPG/CSF1R_SIRPG/CD1E_MAGEH1/CD1C_MAGEH1/CD1E_B3GAT1/CD1C_B3GAT1/CD1E_POMT1/CD1C_POMT1/CD1C_PASK/CLEC10A_PDCD1/VASH1_PTPN13/CD1C_PTPN13/GUCA1A_ZNF764/LMAN2L_ZNF764/NUDT9_ZNF764
295,295,Tumor_Th,Tumor,Th,24,4,0.448,0.992517668,1,1,RPP25_SEC24C/RPP25_LRBA/RPP25_NUP107/RPP25_FAM111A,BAMBI_RPA1/IGF2_ICOS/FKBP4_ICOS/TEAD4_ICOS/RPP25_LRBA/BAMBI_ITM2A/ITGB4_ITM2A/SLC1A5_ITM2A/S100A2_BATF/BAMBI_BATF/RHOD_BATF/FKBP4_BATF/SLC27A5_GOLGA8A/VSNL1_CD28/MFAP2_CD28/S100A2_CD28/JAG2_CD28/RHOD_CD28/TEAD4_CD28/LRFN4_CD28/RPP25_NUP107/BAMBI_SEC24C/RPP25_SEC24C/RPP25_FAM111A
296,296,iDC_B,iDC,B,20,3,0.403,0.992810424,1,1,HS3ST2_CD72/CD1C_ABCB4/CD1C_MICAL3,HS3ST2_CD72/CD1C_CD72/CD1C_MICAL3/FZD2_MS4A1/CSF1R_MS4A1/CSF1R_CR2/FZD2_FCRL2/VASH1_BLK/MS4A6A_BLK/SLC7A8_BLK/CSF1R_BLK/CARD9_OSBPL10/CLEC10A_OSBPL10/CD1C_OSBPL10/CD1C_ABCB4/CSF1R_CD19/CD1C_QRSL1/CTNS_BLNK/LMAN2L_BLNK/NUDT9_BLNK
297,296,Th2_iDC,Th2,iDC,20,3,0.403,0.992810424,1,1,EVI5_LMAN2L/CXCR6_CTNS/GATA3_GUCA1A,IL26_GUCA1A/GATA3_GUCA1A/SMAD2_CD1E/SLC39A14_CD1E/BIRC5_CD1E/CENPF_MMP12/BIRC5_MMP12/CENPF_CLEC10A/BIRC5_CLEC10A/CXCR6_CTNS/EVI5_LMAN2L/MICAL2_LMAN2L/MB_CD1A/BIRC5_CD1A/CDC25C_PREP/CXCR6_CD1C/AHI1_CD1C/SNRPD1_CD1C/SMAD2_CD1C/GSTA4_CD1C
298,296,Th2_NK,Th2,NK,20,3,0.403,0.992810424,1,1,GATA3_SLC30A5/PTGIS_ALDH1B1/GATA3_ALDH1B1,MB_PDLIM4/GATA3_SLC30A5/SNRPD1_MCM3AP/SNRPD1_SPN/IL26_SPN/SMAD2_SPN/GSTA4_SPN/PHEX_SPN/BIRC5_SPN/MB_PRX/SNRPD1_FZR1/SNRPD1_MAPRE3/SMAD2_MAPRE3/AHI1_BCL2/ADCY1_TCTN2/AHI1_LDB3/SLC39A14_LDB3/PTGIS_ALDH1B1/GATA3_ALDH1B1/WDHD1_TINAGL1
299,299,Mast_Cytotoxic,Mast,Cytotoxic,11,1,0.244,0.994030561,1,1,PTGS1_GNLY,PRG2_KLRB1/MPO_KLRB1/TAL1_KLRB1/ABCC4_KLRB1/PTGS1_KLRB1/CEACAM8_KLRB1/TPSB2_GNLY/PTGS1_GNLY/MS4A2_APBA2/KIT_APBA2/PTGS1_RUNX3
300,300,Neutrophil_CD8 T,Neutrophil,CD8 T,21,3,0.384,0.995057391,1,1,MGAM_PPP1R2/MGAM_PRR5/MGAM_LEPROTL1,CEACAM3_GZMM/HPSE_GZMM/CREB5_GZMM/TNFRSF10C_GZMM/SLC22A4_GZMM/SLC25A37_GZMM/MGAM_DNAJB1/DYSF_CD8A/CEACAM3_CD8A/S100A12_CD8A/TNFRSF10C_CD8A/SLC25A37_CD8A/FPR1_CD8A/MGAM_PRR5/CEACAM3_PRR5/MGAM_APBA2/MGAM_LEPROTL1/DYSF_ZFP36L2/SLC25A37_ZFP36L2/FPR1_ZFP36L2/MGAM_PPP1R2
301,301,Cytotoxic_DC,Cytotoxic,DC,12,1,0.224,0.996253817,1,1,KLRB1_NPR1,KLRK1_CCL22/KLRD1_CCL22/GNLY_CCL22/GZMH_CCL22/RORA_CCL22/APOL3_CCL22/KLRB1_NPR1/GNLY_CD209/NKG7_CCL17/GZMH_CCL17/RORA_CCL17/APBA2_CCL17
302,302,Tcm_Th,Tcm,Th,34,6,0.474,0.996339263,1,1,RPP38_ATF2/TXK_ASF1A/CDC14A_DDX50/TXK_PHF10/CDC14A_ASF1A/CDC14A_PPP2R5C,DOCK9_ICOS/ATM_ICOS/FOXP1_ICOS/PCM1_ICOS/PHC3_ICOS/ATF7IP_ICOS/CREBZF_ICOS/CYLD_ICOS/SNRPN_ITM2A/ATM_BATF/PHC3_BATF/TIMM8A_BATF/CDC14A_ASF1A/TRAF3IP3_ASF1A/TXK_ASF1A/RPP38_ASF1A/CDC14A_GOLGA8A/NEFL_GOLGA8A/CDC14A_DDX50/NFATC3_DDX50/CDC14A_ATF2/RPP38_ATF2/DOCK9_CD28/FOXP1_CD28/KLF12_CD28/PCM1_CD28/ATF7IP_CD28/REPS1_CD28/ST3GAL1_CD28/SNRPN_CD28/CYLD_CD28/STX16_CD28/CDC14A_PPP2R5C/TXK_PHF10
303,303,Tcm_iDC,Tcm,iDC,22,3,0.367,0.996615748,1,1,TRAF3IP3_MS4A6A/TRAF3IP3_CSF1R/TRAF3IP3_FZD2,FOXP1_CD1B/TIMM8A_CD1B/ST3GAL1_CD1B/TRAF3IP3_VASH1/FOXP1_CD1E/PCM1_CD1E/TIMM8A_CD1E/REPS1_CD1E/NEFL_CD1E/CEP68_CD1E/MAP3K1_CD1E/CYLD_CD1E/TRAF3IP3_MS4A6A/TRAF3IP3_FZD2/TRAF3IP3_CSF1R/CLUAP1_CD1C/DOCK9_CD1C/FOXP1_CD1C/PCM1_CD1C/NFATC3_CD1C/SNRPN_CD1C/NEFL_CD1C
304,304,Neutrophil_Tcm,Neutrophil,Tcm,18,2,0.299,0.997327647,1,1,MGAM_ST3GAL1/MGAM_ATM,DYSF_CDC14A/SLC25A37_CDC14A/MGAM_ATM/SLC25A37_USP9Y/MGAM_FOXP1/DYSF_NFATC3/SLC25A37_NFATC3/MGAM_TIMM8A/MGAM_ST3GAL1/DYSF_TRAF3IP3/HPSE_TRAF3IP3/CREB5_TRAF3IP3/SLC22A4_TRAF3IP3/SLC25A37_TRAF3IP3/PDE4B_TRAF3IP3/CEACAM3_TXK/SLC22A4_TXK/SLC25A37_TXK
305,305,CD8 T_Mast,CD8 T,Mast,27,4,0.398,0.997405959,1,1,CD8A_PRG2/CD8A_NR0B1/CD8A_MPO/GZMM_MPO,ZFP36L2_SLC24A3/CD8A_PRG2/DNAJB1_TPSAB1/PPP1R2_TPSAB1/PPP1R2_SLC18A2/ABT1_SLC18A2/LIME1_MS4A2/APBA2_MS4A2/LEPROTL1_MS4A2/PPP1R2_MS4A2/ZNF22_MS4A2/RBM3_MS4A2/ABT1_MS4A2/LIME1_CPA3/PPP1R2_CPA3/ZNF22_CPA3/PPP1R2_SIGLEC6/ZNF22_SIGLEC6/GZMM_MPO/CD8A_MPO/CD8A_NR0B1/APBA2_KIT/ZNF22_KIT/ZFP36L2_TAL1/PPP1R2_TAL1/CD8A_PTGS1/GZMM_CEACAM8
306,306,Eosinophil_Mast,Eosinophil,Mast,13,1,0.207,0.997649186,1,1,KCNH2_MPO,HRH4_PRG2/RNASE2_TPSAB1/GALC_TPSAB1/TGIF1_MS4A2/KBTBD11_MS4A2/SIAH1_MS4A2/KBTBD11_CPA3/TGIF1_TPSB2/GALC_SIGLEC6/KCNH2_MPO/TIPARP_PPM1H/KBTBD11_KIT/KCNH2_CEACAM8
307,306,Neutrophil_NK,Neutrophil,NK,13,1,0.207,0.997649186,1,1,CRISPLD2_XCL1,CRISPLD2_XCL1/SLC25A37_MCM3AP/CEACAM3_TBXA2R/SLC25A37_TBXA2R/MGAM_CDC5L/TNFRSF10C_SPN/SLC22A4_SPN/SLC25A37_SPN/SLC25A37_FZR1/SLC25A37_ZNF205/DYSF_BCL2/SLC25A37_BCL2/HPSE_LDB3
308,308,NK_B,NK,B,23,3,0.351,0.997691316,1,1,SPN_OSBPL10/SPN_SLC15A2/SPN_ABCB4,XCL1_MS4A1/ZNF528_MS4A1/IGFBP5_MS4A1/XCL1_FCRL2/FGF18_FCRL2/MRC2_FCRL2/XCL1_BLK/FGF18_BLK/MCM3AP_OSBPL10/SPN_OSBPL10/MAPRE3_OSBPL10/ALDH1B1_IGHA1/ALDH1B1_TNFRSF17/SPN_ABCB4/TCTN2_HLA-DOB/XCL1_CD19/XCL1_FAM30A/SPN_QRSL1/BCL2_QRSL1/SPN_SLC15A2/ZNF747_BLNK/SLC30A5_BLNK/PSMD4_BLNK
309,308,Eosinophil_Cytotoxic,Eosinophil,Cytotoxic,23,3,0.351,0.997691316,1,1,CYSLTR2_GNLY/SMPD3_GNLY/SYNJ1_RORA,TKTL1_KLRB1/IL5RA_KLRB1/HRH4_KLRB1/RNASE2_KLRB1/CAT_KLRB1/CCR3_KLRB1/GALC_KLRB1/CYSLTR2_KLRB1/TGIF1_KLRB1/RRP12_KLRB1/RCOR3_KLRB1/SYNJ1_KLRB1/KBTBD11_KLRB1/EPN2_KLRB1/SIAH1_KLRB1/CCR3_KLRF1/SIAH1_KLRF1/CYSLTR2_GNLY/THBS4_GNLY/SMPD3_GNLY/SYNJ1_RORA/RNASE2_RUNX3/GALC_RUNX3
310,310,Tumor_Tcm,Tumor,Tcm,14,1,0.192,0.9985249,1,1,RPP25_ST3GAL1,BAMBI_CLUAP1/VSNL1_CDC14A/S100A2_CDC14A/S100A3_PHC3/S100A3_PSPC1/RPP25_ST3GAL1/SLC27A5_TRAF3IP3/S100A2_NEFL/VSNL1_TXK/IGF2_TXK/MFAP2_TXK/FGF3_TXK/BAMBI_TXK/HOXA9_TXK
311,311,Tcm_Cytotoxic,Tcm,Cytotoxic,37,6,0.436,0.998625881,1,1,TXK_KLRD1/TRAF3IP3_KLRD1/SLC7A6_KLRD1/CDC14A_KLRD1/TRAF3IP3_GNLY/TXK_GNLY,CLUAP1_KLRB1/DOCK9_KLRB1/CDC14A_KLRB1/ATM_KLRB1/FOXP1_KLRB1/KLF12_KLRB1/PCM1_KLRB1/PHC3_KLRB1/NFATC3_KLRB1/TIMM8A_KLRB1/ATF7IP_KLRB1/REPS1_KLRB1/PSPC1_KLRB1/ST3GAL1_KLRB1/INPP4B_KLRB1/CASP8_KLRB1/SNRPN_KLRB1/CREBZF_KLRB1/CEP68_KLRB1/MAP3K1_KLRB1/CYLD_KLRB1/SLC7A6_KLRB1/STX16_KLRB1/SNRPN_KLRK1/CDC14A_KLRD1/TRAF3IP3_KLRD1/TXK_KLRD1/SLC7A6_KLRD1/TRAF3IP3_GNLY/TXK_GNLY/STX16_GNLY/CLUAP1_SIGIRR/TIMM8A_SIGIRR/SNRPN_SIGIRR/CREBZF_SIGIRR/PHC3_APOL3/SNRPN_GZMA
312,312,Tumor_CD8 T,Tumor,CD8 T,20,2,0.269,0.998841305,1,1,S100A3_PPP1R2/RPP25_CDKN2AIP,VSNL1_GZMM/FGF3_GZMM/RBP1_CD8A/IGF2_CD8A/MFAP2_CD8A/FGF3_CD8A/BAMBI_CD8A/RHOD_CD8A/TEAD4_CD8A/BAMBI_LIME1/S100A3_LEPROTL1/VSNL1_ZFP36L2/IGF2_ZFP36L2/MFAP2_ZFP36L2/BAMBI_ZFP36L2/S100A3_PPP1R2/HOXA9_PPP1R2/BAMBI_TMC6/RPP25_CDKN2AIP/BAMBI_TBCC
313,313,iDC_Mast,iDC,Mast,15,1,0.179,0.999074453,1,1,CD1E_MPO,FABP4_CALB2/CD1C_PRG2/GUCA1A_TPSAB1/FZD2_TPSAB1/LMAN2L_MS4A2/SYT17_CPA3/LMAN2L_CPA3/NUDT9_CPA3/LMAN2L_SIGLEC6/CD1E_MPO/BLVRB_PPM1H/LMAN2L_KIT/CD1C_ABCC4/LMAN2L_MAOB/CD1C_CEACAM8
314,313,Neutrophil_Th1,Neutrophil,Th1,15,1,0.179,0.999074453,1,1,BST1_BST2,CEACAM3_LRP8/SLC22A4_LTA/SLC25A37_LTA/LILRB2_DOK5/KCNJ15_APOD/CEACAM3_APOD/SLC25A37_APOD/SIGLEC5_ZBTB32/CEACAM3_ZBTB32/SLC22A4_ZBTB32/SLC25A37_ZBTB32/MGAM_BST2/BST1_BST2/MGAM_SGCB/DYSF_CTLA4
315,315,Tumor_NK,Tumor,NK,21,2,0.256,0.999239611,1,1,RPP25_SLC30A5/HOXA9_TCTN2,BAMBI_ZNF747/EEF1A2_SLC30A5/RPP25_SLC30A5/FGF3_MCM3AP/BAMBI_MCM3AP/FGF3_TBXA2R/BAMBI_TBXA2R/MFAP2_MRC2/FGF3_SPN/S100A2_SPN/SLC27A5_SPN/BAMBI_PRX/S100A2_MAPRE3/VSNL1_BCL2/MFAP2_BCL2/FGF3_BCL2/HOXA9_TCTN2/IGF2_LDB3/FGF3_LDB3/BAMBI_LDB3/BAMBI_TINAGL1
316,316,Tumor_Tfh,Tumor,Tfh,22,2,0.244,0.999501998,1,1,HOXA9_SMAD1/ASPSCR1_SMAD1,BAMBI_MYO7A/S100A2_CHI3L2/S100A2_TOX/SLC1A5_TOX/ASPSCR1_SMAD1/HOXA9_SMAD1/RPP25_ICA1/BAMBI_PVALB/IGF2_SIRPG/MFAP2_SIRPG/FGF3_SIRPG/JAG2_SIRPG/TEAD4_SIRPG/SLC27A5_SIRPG/FGF3_PASK/MFAP2_ST8SIA1/S100A3_PTPN13/ITGB4_STK39/FGF3_ZNF764/BAMBI_ZNF764/SLC1A5_ZNF764/S100A2_KCNK5
317,316,Macrophage_Th2,Macrophage,Th2,22,2,0.244,0.999501998,1,1,PCOLCE2_SMAD2/CD84_AHI1,BCAT1_CXCR6/BCAT1_ADCY1/BCAT1_AHI1/CD84_AHI1/BCAT1_LAIR2/SCARB2_EVI5/BCAT1_IL26/GPC4_GATA3/PCOLCE2_GATA3/SCARB2_GATA3/BCAT1_GATA3/RAI14_GATA3/CLEC5A_GATA3/ATG7_GATA3/CHIT1_WDHD1/SULT1C2_NEIL3/BCAT1_MICAL2/PCOLCE2_SMAD2/BCAT1_SMAD2/BCAT1_GSTA4/DNASE2B_GSTA4/BCAT1_LIMA1
318,318,Macrophage_Th1,Macrophage,Th1,23,2,0.234,0.999674444,1,1,ME1_BTG3/SULT1C2_CD70,BCAT1_IL22/BCAT1_DGKI/BCAT1_IFNG/MSR1_LTA/BCAT1_LTA/GM2A_LTA/BCAT1_APBB2/BCAT1_IL12RB2/MS4A4A_APOD/BCAT1_ZBTB32/GM2A_ZBTB32/CD68_ZBTB32/ATG7_ZBTB32/CYBB_ZBTB32/ME1_BST2/BCAT1_CCL4/BCAT1_GGT1/BCAT1_SGCB/ME1_BTG3/SCARB2_CTLA4/BCAT1_CTLA4/RAI14_CTLA4/SULT1C2_CD70
319,318,Tcm_Th1,Tcm,Th1,23,2,0.234,0.999674444,1,1,SLC7A6_BTG3/TRAF3IP3_CCL4,TXK_IL22/TRAF3IP3_IFNG/DOCK9_LTA/SNRPN_LTA/CEP68_LTA/CYLD_LTA/CDC14A_APBB2/SNRPN_APOD/FOXP1_ZBTB32/PCM1_ZBTB32/REPS1_ZBTB32/SNRPN_ZBTB32/CEP68_ZBTB32/CYLD_ZBTB32/TRAF3IP3_CCL4/ST3GAL1_SYNGR3/NFATC3_BTG3/TRAF3IP3_BTG3/TXK_BTG3/SLC7A6_BTG3/DOCK9_CTLA4/TIMM8A_CSF2/RPP38_CSF2
320,320,Neutrophil_Tfh,Neutrophil,Tfh,19,1,0.141,0.999856634,1,1,MGAM_SMAD1,SLC25A37_CHI3L2/SIGLEC5_SLC7A10/MGAM_SMAD1/MGAM_HEY1/SLC25A37_PVALB/DYSF_SIRPG/CEACAM3_SIRPG/HPSE_SIRPG/CREB5_SIRPG/S100A12_SIRPG/SLC22A4_SIRPG/SLC25A37_SIRPG/FPR1_SIRPG/PDE4B_SIRPG/SLC25A37_POMT1/SLC25A37_PASK/SLC25A37_ST8SIA1/HPSE_ZNF764/SLC25A37_ZNF764
321,321,Tumor_Cytotoxic,Tumor,Cytotoxic,21,1,0.128,0.999943596,1,1,IGF2_GNLY,VSNL1_KLRB1/ASPSCR1_KLRB1/IGF2_KLRB1/MFAP2_KLRB1/FGF3_KLRB1/JAG2_KLRB1/BAMBI_KLRB1/RHOD_KLRB1/FKBP4_KLRB1/TEAD4_KLRB1/SLC27A5_KLRB1/HOXA9_KLRB1/F12_KLRB1/VSNL1_KLRF1/S100A2_KLRF1/BAMBI_KLRF1/IGF2_GNLY/BAMBI_SIGIRR/BAMBI_NKG7/TEAD4_RUNX3/BAMBI_GZMA
322,321,Macrophage_Eosinophil,Macrophage,Eosinophil,21,1,0.128,0.999943596,1,1,PTGDS_RNASE2,BCAT1_KCNH2/CD68_KCNH2/BCAT1_TKTL1/BCAT1_IL5RA/SCARB2_HRH4/BCAT1_HRH4/ATG7_HRH4/PTGDS_RNASE2/BCAT1_ACACB/BCAT1_CYSLTR2/BCAT1_RRP12/SCARB2_SYNJ1/BCAT1_SYNJ1/BCAT1_THBS4/BCAT1_ABHD2/BCAT1_SMPD3/RAI14_SMPD3/CLEC5A_SMPD3/CCL7_SMPD3/BCAT1_MYO15B/RAI14_MYO15B
323,323,Th1_DC,Th1,DC,22,1,0.122,0.999964624,1,1,APOD_HSD11B1,APOD_HSD11B1/LRP8_CCL22/IL22_CCL22/DGKI_CCL22/APBB2_CCL22/IL12RB2_CCL22/BST2_CCL22/LRRN3_CCL22/SGCB_CCL22/BTG3_CCL22/CD70_CCL22/IL22_PPFIBP2/APBB2_PPFIBP2/BST2_PPFIBP2/BTG3_PPFIBP2/BST2_CD209/LRRN3_CCL17/SYNGR3_CCL17/ATP9A_CCL17/GGT1_CCL17/BTG3_CCL17/CSF2_CCL17
324,323,Macrophage_Mast,Macrophage,Mast,22,1,0.122,0.999964624,1,1,MARCO_ABCC4,BCAT1_PRG2/BCAT1_TPSAB1/RAI14_TPSAB1/BCAT1_SLC18A2/SCARB2_MS4A2/BCAT1_MS4A2/CLEC5A_MS4A2/BCAT1_CPA3/CLEC5A_CPA3/BCAT1_TPSB2/CLEC5A_TPSB2/BCAT1_GATA2/BCAT1_HDC/BCAT1_SIGLEC6/BCAT1_MPO/CCL7_PPM1H/BCAT1_TAL1/MARCO_ABCC4/BCAT1_ABCC4/SCARB2_PTGS1/BCAT1_PTGS1/BCAT1_CEACAM8
325,325,Tcm_B,Tcm,B,34,3,0.237,0.999971283,1,1,TRAF3IP3_CD72/TRAF3IP3_SCN3A/CDC14A_QRSL1,TRAF3IP3_CD72/NEFL_CD72/SNRPN_MS4A1/SNRPN_TCL1A/SNRPN_CR2/SNRPN_FCRL2/ATM_BLK/PCM1_BLK/REPS1_BLK/SNRPN_BLK/REPS1_IGHA1/TRAF3IP3_ABCB4/PCM1_HLA-DOB/REPS1_CD19/SNRPN_CD19/SNRPN_FAM30A/SNRPN_SPIB/CEP68_SPIB/MAP3K1_SPIB/SNRPN_BACH2/SNRPN_GNG7/CDC14A_QRSL1/TRAF3IP3_SCN3A/CLUAP1_BLNK/PHC3_BLNK/PSPC1_BLNK/ST3GAL1_BLNK/CASP8_BLNK/SNRPN_BLNK/CREBZF_BLNK/CEP68_BLNK/MAP3K1_BLNK/SNRPN_MEF2C/TRAF3IP3_MEF2C
326,326,Macrophage_Th,Macrophage,Th,36,3,0.224,0.999987401,1,1,CHIT1_LRBA/ME1_PHF10/MARCO_ATF2,BCAT1_FRYL/BCAT1_RPA1/MSR1_ICOS/SCARB2_ICOS/BCAT1_ICOS/RAI14_ICOS/CLEC5A_ICOS/CD163_ICOS/CHIT1_LRBA/SCARB2_ITM2A/BCAT1_ITM2A/SCARB2_BATF/BCAT1_BATF/BCAT1_DDX50/SCARB2_SLC25A12/BCAT1_SLC25A12/MARCO_ATF2/PTGDS_ATF2/MSR1_CD28/CTSK_CD28/SCARB2_CD28/BCAT1_CD28/RAI14_CD28/ME1_CD28/FN1_CD28/CD163_CD28/GM2A_CD28/CD68_CD28/ATG7_CD28/CD84_CD28/MS4A4A_CD28/CYBB_CD28/BCAT1_PPP2R5C/SCARB2_FAM111A/BCAT1_PHF10/ME1_PHF10
327,327,Macrophage_Cytotoxic,Macrophage,Cytotoxic,31,2,0.173,0.999989694,1,1,EMP1_GNLY/GM2A_GNLY,BCAT1_CTSW/GPC4_KLRB1/MSR1_KLRB1/CTSK_KLRB1/SCARB2_KLRB1/BCAT1_KLRB1/RAI14_KLRB1/COL8A2_KLRB1/CLEC5A_KLRB1/CCL7_KLRB1/CD163_KLRB1/GM2A_KLRB1/CD68_KLRB1/ATG7_KLRB1/CD84_KLRB1/MS4A4A_KLRB1/SGMS1_KLRB1/BCAT1_KLRK1/PTGDS_KLRD1/BCAT1_KLRF1/GM2A_GNLY/CD84_GNLY/EMP1_GNLY/SCARB2_SIGIRR/BCAT1_SIGIRR/BCAT1_RORA/BCAT1_RUNX3/MS4A4A_RUNX3/BCAT1_APOL3/BCAT1_GZMA/RAI14_GZMA
328,328,Macrophage_iDC,Macrophage,iDC,25,1,0.108,0.999991276,1,1,MARCO_LMAN2L,BCAT1_GUCA1A/BCAT1_CARD9/BCAT1_ABCG2/BCAT1_CD1B/BCAT1_VASH1/SCARB2_CD1E/BCAT1_CD1E/FN1_CD1E/GM2A_CD1E/CD68_CD1E/ATG7_CD1E/SGMS1_CD1E/BCAT1_FABP4/GM2A_CLEC10A/BCAT1_CTNS/MARCO_LMAN2L/MARCO_SLC26A6/APOE_HS3ST2/BCAT1_PREP/BCAT1_CD1C/CD163_CD1C/CD68_CD1C/ATG7_CD1C/MS4A4A_CD1C/SGMS1_CD1C
329,329,Macrophage_CD8 T,Macrophage,CD8 T,38,3,0.212,0.999994505,1,1,FDX1_ZNF22/PTGDS_LEPROTL1/PCOLCE2_LEPROTL1,BCAT1_SF1/MSR1_GZMM/CTSK_GZMM/SCARB2_GZMM/BCAT1_GZMM/GM2A_GZMM/CD68_GZMM/ATG7_GZMM/CD84_GZMM/MS4A4A_GZMM/BCAT1_CD8A/CCL7_CD8A/GM2A_CD8A/CD68_CD8A/BCAT1_PRR5/BCAT1_LIME1/CHIT1_THUMPD1/BCAT1_THUMPD1/BCAT1_VAMP2/PCOLCE2_LEPROTL1/PTGDS_LEPROTL1/ME1_LEPROTL1/GPC4_ZFP36L2/MSR1_ZFP36L2/BCAT1_ZFP36L2/FN1_ZFP36L2/CD163_ZFP36L2/BCAT1_ZEB1/BCAT1_ZNF609/BCAT1_PPP1R2/SCARB2_ZNF91/BCAT1_ZNF91/SULT1C2_ZNF22/FDX1_ZNF22/BCAT1_TMC6/BCAT1_FLT3LG/BCAT1_RBM3/BCAT1_KLF9
330,330,Tumor_iDC,Tumor,iDC,34,2,0.158,0.999997228,1,1,F12_LMAN2L/RPP25_LMAN2L,VSNL1_CD1B/IGF2_CD1B/BAMBI_CD1B/RHOD_CD1B/ASPSCR1_CD1E/IGF2_CD1E/FGF3_CD1E/BAMBI_CD1E/CCND1_CD1E/SLC27A5_CD1E/HOXA9_CD1E/F12_CD1E/S100A2_MMP12/BAMBI_MMP12/S100A2_FABP4/S100A2_CLEC10A/MFAP2_MS4A6A/RPP25_LMAN2L/F12_LMAN2L/BAMBI_SLC26A6/S100A2_CD1A/BAMBI_CD1A/RHOD_CD1A/CCND1_CD1A/BAMBI_PREP/RBP1_CD1C/VSNL1_CD1C/IGF2_CD1C/FGF3_CD1C/S100A2_CD1C/JAG2_CD1C/BAMBI_CD1C/RHOD_CD1C/HOXA9_CD1C
331,331,Macrophage_NK,Macrophage,NK,29,1,0.093,0.999998652,1,1,PTGDS_ZNF528,CHIT1_XCL2/BCAT1_XCL2/CHIT1_SLC30A5/BCAT1_MCM3AP/GM2A_MCM3AP/CD68_MCM3AP/BCAT1_TBXA2R/COL8A2_TBXA2R/CCL7_TBXA2R/BCAT1_CDC5L/BCAT1_MRC2/GPC4_SPN/BCAT1_SPN/GM2A_SPN/CD68_SPN/ATG7_SPN/BCAT1_PRX/BCAT1_FZR1/BCAT1_ZNF205/PTGDS_ZNF528/BCAT1_MAPRE3/BCAT1_BCL2/FN1_BCL2/BCAT1_ADARB1/BCAT1_NCR1/GPC4_LDB3/SCARB2_LDB3/BCAT1_LDB3/BCAT1_ALDH1B1
332,332,Eosinophil_B,Eosinophil,B,31,1,0.087,0.99999947,1,1,RRP12_OSBPL10,MYO15B_CD72/TGIF1_MICAL3/RNASE2_MS4A1/THBS1_MS4A1/CLC_MS4A1/RNASE2_CR2/CLC_CR2/RNASE2_FCRL2/RNASE2_BLK/GALC_BLK/CYSLTR2_BLK/KCNH2_OSBPL10/RRP12_OSBPL10/SMPD3_OSBPL10/GALC_IGHA1/SIAH1_IGHA1/RNASE2_HLA-DOB/GALC_HLA-DOB/RNASE2_CD19/GALC_CD19/RNASE2_FAM30A/RNASE2_BLNK/CAT_BLNK/CCR3_BLNK/GALC_BLNK/RCOR3_BLNK/SYNJ1_BLNK/KBTBD11_BLNK/HES1_BLNK/SIAH1_BLNK/RNASE2_MEF2C
333,333,Tfh_DC,Tfh,DC,33,1,0.081,0.999999792,1,1,SIRPG_HSD11B1,SIRPG_HSD11B1/MYO7A_CCL22/TSHR_CCL22/SLC7A10_CCL22/SMAD1_CCL22/ICA1_CCL22/HEY1_CCL22/MAGEH1_CCL22/B3GAT1_CCL22/PASK_CCL22/CDK5R1_CCL22/ST8SIA1_CCL22/MYO6_CCL22/PTPN13_CCL22/THADA_CCL22/STK39_CCL22/SMAD1_PPFIBP2/ICA1_PPFIBP2/PTPN13_CD209/MYO7A_CCL17/TSHR_CCL17/SLC7A10_CCL17/SMAD1_CCL17/ICA1_CCL17/HEY1_CCL17/PVALB_CCL17/MAGEH1_CCL17/POMT1_CCL17/CDK5R1_CCL17/PTPN13_CCL17/THADA_CCL17/STK39_CCL17/KCNK5_CCL17
334,334,Macrophage_Tcm,Macrophage,Tcm,34,1,0.079,0.99999987,1,1,CD84_REPS1,BCAT1_DOCK9/BCAT1_CDC14A/BCAT1_ATM/BCAT1_USP9Y/BCAT1_FOXP1/BCAT1_KLF12/BCAT1_PHC3/SCARB2_NFATC3/BCAT1_NFATC3/ATG7_NFATC3/PCOLCE2_ATF7IP/BCAT1_ATF7IP/BCAT1_REPS1/CD84_REPS1/BCAT1_PSPC1/MSR1_TRAF3IP3/BCAT1_TRAF3IP3/COL8A2_TRAF3IP3/FN1_TRAF3IP3/GM2A_TRAF3IP3/CD84_TRAF3IP3/MS4A4A_TRAF3IP3/CYBB_TRAF3IP3/BCAT1_NEFL/BCAT1_POLR2J2/BCAT1_CEP68/BCAT1_TXK/CD163_TXK/CD68_TXK/MS4A4A_TXK/BCAT1_CYLD/BCAT1_SLC7A6/BCAT1_STX16/RAI14_STX16
335,334,Macrophage_Tfh,Macrophage,Tfh,34,1,0.079,0.99999987,1,1,FDX1_SMAD1,BCAT1_MYO7A/BCAT1_CHI3L2/GM2A_CHI3L2/PTGDS_TSHR/BCAT1_TSHR/APOE_CXCL13/BCAT1_TOX/BCAT1_SLC7A10/FDX1_SMAD1/BCAT1_HEY1/BCAT1_PVALB/MSR1_SIRPG/CTSK_SIRPG/SCARB2_SIRPG/BCAT1_SIRPG/RAI14_SIRPG/COL8A2_SIRPG/CD163_SIRPG/GM2A_SIRPG/CD68_SIRPG/ATG7_SIRPG/CD84_SIRPG/MS4A4A_SIRPG/CYBB_SIRPG/BCAT1_MAGEH1/BCAT1_B3GAT1/ME1_B3GAT1/BCAT1_POMT1/ATG7_PASK/BCAT1_ST8SIA1/BCAT1_PDCD1/BCAT1_MAF/BCAT1_MYO6/BCAT1_ZNF764
336,336,Macrophage_B,Macrophage,B,60,1,0.045,1,1,1,CHIT1_CD72,CHIT1_CD72/GPC4_MICAL3/BCAT1_MICAL3/SCG5_MS4A1/MSR1_MS4A1/CTSK_MS4A1/APOE_MS4A1/CCL7_MS4A1/FN1_MS4A1/GM2A_MS4A1/CHI3L1_MS4A1/ATG7_MS4A1/MS4A4A_MS4A1/BCAT1_TCL1A/CYBB_TCL1A/SCG5_CR2/CHI3L1_CR2/MSR1_FCRL2/CTSK_FCRL2/BCAT1_FCRL2/FN1_FCRL2/MS4A4A_FCRL2/CYBB_FCRL2/MSR1_BLK/CTSK_BLK/BCAT1_BLK/APOE_BLK/FN1_BLK/GM2A_BLK/MS4A4A_BLK/CYBB_BLK/BCAT1_COCH/SCARB2_IGHA1/BCAT1_TNFRSF17/BCAT1_ABCB4/BCAT1_HLA-DOB/CTSK_CD19/BCAT1_CD19/FN1_CD19/CYBB_CD19/MSR1_FAM30A/CTSK_FAM30A/BCAT1_FAM30A/FN1_FAM30A/MS4A4A_FAM30A/BCAT1_SPIB/BCAT1_CCR9/PTGDS_QRSL1/BCAT1_QRSL1/BCAT1_SCN3A/GPC4_BLNK/SCARB2_BLNK/BCAT1_BLNK/ATG7_BLNK/FDX1_BLNK/SGMS1_BLNK/BCAT1_HLA-DQA1/BCAT1_MEF2C/GM2A_MEF2C/BCAT1_GLDC
337,337,Eosinophil_aDC,Eosinophil,aDC,3,0,0,1,1,1,,TKTL1_EBI3/GALC_EBI3/MYO15B_OAS3
338,337,iDC_aDC,iDC,aDC,2,0,0,1,1,1,,GUCA1A_EBI3/CD1E_LAMP3
339,337,Macrophage_aDC,Macrophage,aDC,6,0,0,1,1,1,,BCAT1_EBI3/GM2A_EBI3/CD68_EBI3/SGMS1_EBI3/CYBB_EBI3/BCAT1_OAS3
340,337,Mast_aDC,Mast,aDC,0,0,NA,1,1,1,,
341,337,Neutrophil_aDC,Neutrophil,aDC,0,0,NA,1,1,1,,
342,337,CD56bright NK_aDC,CD56bright NK,aDC,1,0,0,1,1,1,,MPPED1_EBI3
343,337,CD56dim NK_aDC,CD56dim NK,aDC,2,0,0,1,1,1,,KIR2DL3_EBI3/KIR3DL1_EBI3
344,337,NK_aDC,NK,aDC,0,0,NA,1,1,1,,
345,337,Tumor_aDC,Tumor,aDC,4,0,0,1,1,1,,FGF3_EBI3/BAMBI_EBI3/TEAD4_EBI3/HOXA9_EBI3
346,337,Tem_aDC,Tem,aDC,0,0,NA,1,1,1,,
347,337,Tfh_aDC,Tfh,aDC,2,0,0,1,1,1,,B3GAT1_EBI3/MYO7A_OAS3
348,337,Tgd_aDC,Tgd,aDC,1,0,0,1,1,1,,TRGV9_OAS3
349,337,aDC_B,aDC,B,3,0,0,1,1,1,,OAS3_FCRL2/OAS3_IGHA1/OAS3_TNFRSF17
350,337,Neutrophil_B,Neutrophil,B,36,0,0,1,1,1,,CSF3R_MS4A1/DYSF_MS4A1/CREB5_MS4A1/TNFRSF10C_MS4A1/G0S2_MS4A1/FPR1_MS4A1/PDE4B_MS4A1/LILRB2_MS4A1/CSF3R_CR2/G0S2_CR2/FPR1_CR2/FPR1_FCRL2/DYSF_BLK/CREB5_BLK/S100A12_BLK/SLC22A4_BLK/SLC25A37_BLK/G0S2_BLK/FPR1_BLK/PDE4B_BLK/HPSE_IGHA1/CREB5_IGHA1/DYSF_HLA-DOB/CREB5_CD19/SLC22A4_CD19/SLC25A37_CD19/G0S2_CD19/PDE4B_CD19/DYSF_FAM30A/CREB5_FAM30A/FPR1_FAM30A/PDE4B_FAM30A/SLC25A37_BLNK/DYSF_MEF2C/SLC25A37_MEF2C/MGAM_GLDC
351,337,CD56bright NK_B,CD56bright NK,B,8,0,0,1,1,1,,XCL1_MS4A1/RRAD_CR2/XCL1_FCRL2/XCL1_BLK/XCL1_CD19/XCL1_FAM30A/DUSP4_BLNK/MADD_BLNK
352,337,CD56dim NK_B,CD56dim NK,B,5,0,0,1,1,1,,GZMB_TNFRSF17/KIR3DL2_SPIB/KIR3DL2_BLNK/KIR2DL3_BLNK/GTF3C1_BLNK
353,337,Tumor_B,Tumor,B,17,0,0,1,1,1,,KRT5_MS4A1/MFAP2_MS4A1/KRT5_CR2/JAG2_BLK/ITGB4_COCH/MFAP2_IGHA1/KRT5_FAM30A/RBP1_GNG7/RBP1_BLNK/VSNL1_BLNK/MFAP2_BLNK/FGF3_BLNK/S100A2_BLNK/BAMBI_BLNK/ITGB4_BLNK/SLC27A5_BLNK/MFAP2_MEF2C
354,337,Tgd_B,Tgd,B,4,0,0,1,1,1,,FEZ1_FCRL2/TRGV9_IGHA1/CD160_BLNK/FEZ1_MEF2C
355,337,Th2_B,Th2,B,18,0,0,1,1,1,,BIRC5_MS4A1/BIRC5_CR2/AHI1_FCRL2/AHI1_BLK/BIRC5_COCH/ADCY1_OSBPL10/AHI1_IGHA1/SMAD2_HLA-DOB/AHI1_CD19/SNRPD1_CD19/MB_SPIB/SMAD2_SPIB/AHI1_BLNK/WDHD1_BLNK/SMAD2_BLNK/PHEX_BLNK/SLC39A14_BLNK/SNRPD1_MEF2C
356,337,CD56dim NK_CD8 T,CD56dim NK,CD8 T,9,0,0,1,1,1,,KIR3DL2_GZMM/KIR2DL3_GZMM/GZMB_GZMM/KIR3DL1_GZMM/KIR2DL3_CD8A/GZMB_CD8A/KIR3DL1_CD8A/KIR3DL2_ZFP36L2/GTF3C1_ZFP36L2
357,337,Tem_CD8 T,Tem,CD8 T,4,0,0,1,1,1,,TBC1D5_CD8A/MEFV_ZFP36L2/NFATC4_ZFP36L2/DDX17_PPP1R2
358,337,Tgd_CD8 T,Tgd,CD8 T,3,0,0,1,1,1,,TRGV9_GZMM/CD160_CD8A/FEZ1_CD8A
359,337,CD56bright NK_Cytotoxic,CD56bright NK,Cytotoxic,2,0,0,1,1,1,,MPPED1_KLRB1/MADD_KLRB1
360,337,aDC_DC,aDC,DC,3,0,0,1,1,1,,OAS3_CCL22/LAMP3_CCL22/LAMP3_CCL17
361,337,B_DC,B,DC,15,0,0,1,1,1,,TCL1A_CCL22/OSBPL10_CCL22/ABCB4_CCL22/CCR9_CCL22/QRSL1_CCL22/DTNB_CCL22/GLDC_CCL22/OSBPL10_PPFIBP2/BLK_CD209/OSBPL10_CCL17/ABCB4_CCL17/BACH2_CCL17/QRSL1_CCL17/DTNB_CCL17/SLC15A2_CCL17
362,337,CD8 T_DC,CD8 T,DC,46,0,0,1,1,1,,ARHGAP8_CCL22/DNAJB1_CCL22/PF4_CCL22/PRR5_CCL22/LIME1_CCL22/THUMPD1_CCL22/LEPROTL1_CCL22/ZEB1_CCL22/ZNF609_CCL22/CAMLG_CCL22/PPP1R2_CCL22/ZNF22_CCL22/TMC6_CCL22/FLT3LG_CCL22/CDKN2AIP_CCL22/RBM3_CCL22/ABT1_CCL22/DNAJB1_PPFIBP2/LEPROTL1_PPFIBP2/CAMLG_PPFIBP2/PPP1R2_PPFIBP2/ZNF22_PPFIBP2/SF1_CCL17/CD8B_CCL17/PF4_CCL17/PRR5_CCL17/LIME1_CCL17/THUMPD1_CCL17/SLC16A7_CCL17/APBA2_CCL17/LEPROTL1_CCL17/GADD45A_CCL17/ZEB1_CCL17/ZNF609_CCL17/CAMLG_CCL17/PPP1R2_CCL17/ZNF91_CCL17/ZNF22_CCL17/TMC6_CCL17/FLT3LG_CCL17/CDKN2AIP_CCL17/TSC22D3_CCL17/TBCC_CCL17/RBM3_CCL17/ABT1_CCL17/KLF9_CCL17
363,337,Eosinophil_DC,Eosinophil,DC,36,0,0,1,1,1,,TKTL1_CCL22/IL5RA_CCL22/HRH4_CCL22/RNASE2_CCL22/LRP5L_CCL22/CCR3_CCL22/GALC_CCL22/CLC_CCL22/CYSLTR2_CCL22/TGIF1_CCL22/RCOR3_CCL22/SYNJ1_CCL22/KBTBD11_CCL22/HES1_CCL22/ABHD2_CCL22/SMPD3_CCL22/SIAH1_CCL22/CAT_PPFIBP2/EPN2_PPFIBP2/TKTL1_CCL17/RNASE2_CCL17/CAT_CCL17/LRP5L_CCL17/CCR3_CCL17/GALC_CCL17/CLC_CCL17/CYSLTR2_CCL17/TGIF1_CCL17/RRP12_CCL17/RCOR3_CCL17/KBTBD11_CCL17/HES1_CCL17/ABHD2_CCL17/TIPARP_CCL17/EPN2_CCL17/SIAH1_CCL17
364,337,iDC_DC,iDC,DC,31,0,0,1,1,1,,GUCA1A_CCL22/CD1B_CCL22/SYT17_CCL22/CTNS_CCL22/LMAN2L_CCL22/SLC26A6_CCL22/FZD2_CCL22/CH25H_CCL22/PREP_CCL22/TACSTD2_CCL22/NUDT9_CCL22/SYT17_PPFIBP2/LMAN2L_PPFIBP2/BLVRB_PPFIBP2/CD1C_NPR1/GUCA1A_CCL17/CARD9_CCL17/CD1E_CCL17/SYT17_CCL17/CTNS_CCL17/LMAN2L_CCL17/SLC26A6_CCL17/BLVRB_CCL17/CD1A_CCL17/PPARG_CCL17/RAP1GAP_CCL17/FZD2_CCL17/CH25H_CCL17/PREP_CCL17/TACSTD2_CCL17/NUDT9_CCL17
365,337,Macrophage_DC,Macrophage,DC,27,0,0,1,1,1,,GPC4_CCL22/PCOLCE2_CCL22/SCARB2_CCL22/BCAT1_CCL22/RAI14_CCL22/CLEC5A_CCL22/GM2A_CCL22/CD68_CCL22/ATG7_CCL22/MS4A4A_CCL22/SGMS1_CCL22/CYBB_CCL22/SCARB2_PPFIBP2/BCAT1_PPFIBP2/FDX1_PPFIBP2/BCAT1_NPR1/BCAT1_CD209/GM2A_CD209/ATG7_CD209/GPC4_CCL17/SCARB2_CCL17/BCAT1_CCL17/RAI14_CCL17/COL8A2_CCL17/CLEC5A_CCL17/CD68_CCL17/FDX1_CCL17
366,337,Mast_DC,Mast,DC,22,0,0,1,1,1,,SLC24A3_CCL22/PRG2_CCL22/SLC18A2_CCL22/GATA2_CCL22/MPO_CCL22/KIT_CCL22/TAL1_CCL22/ABCC4_CCL22/PTGS1_CCL22/CEACAM8_CCL22/MLPH_CCL17/SLC24A3_CCL17/PRG2_CCL17/SLC18A2_CCL17/CPA3_CCL17/GATA2_CCL17/SIGLEC6_CCL17/CMA1_CCL17/MPO_CCL17/PPM1H_CCL17/KIT_CCL17/MAOB_CCL17
367,337,Neutrophil_DC,Neutrophil,DC,20,0,0,1,1,1,,ALPL_CCL22/SIGLEC5_CCL22/MME_CCL22/DYSF_CCL22/CEACAM3_CCL22/HPSE_CCL22/S100A12_CCL22/TNFRSF10C_CCL22/SLC22A4_CCL22/SLC25A37_CCL22/G0S2_CCL22/FPR1_CCL22/PDE4B_CCL22/SLC25A37_PPFIBP2/DYSF_CD209/KCNJ15_CCL17/CREB5_CCL17/TNFRSF10C_CCL17/SLC22A4_CCL17/SLC25A37_CCL17
368,337,CD56bright NK_DC,CD56bright NK,DC,8,0,0,1,1,1,,DUSP4_CCL22/PLA2G6_CCL22/MPPED1_CCL22/MADD_CCL22/DUSP4_CCL17/FOXJ1_CCL17/PLA2G6_CCL17/MPPED1_CCL17
369,337,CD56dim NK_DC,CD56dim NK,DC,12,0,0,1,1,1,,KIR3DL2_CCL22/KIR2DL3_CCL22/SPON2_CCL22/KIR3DL1_CCL22/GTF3C1_CCL22/KIR3DL2_PPFIBP2/KIR2DL3_PPFIBP2/KIR3DL1_PPFIBP2/KIR3DL2_CCL17/KIR2DL3_CCL17/SPON2_CCL17/KIR3DL1_CCL17
370,337,NK_DC,NK,DC,29,0,0,1,1,1,,PDLIM4_CCL22/ZNF747_CCL22/SLC30A5_CCL22/TBXA2R_CCL22/PSMD4_CCL22/FZR1_CCL22/ZNF205_CCL22/MAPRE3_CCL22/TCTN2_CCL22/ADARB1_CCL22/NCR1_CCL22/ALDH1B1_CCL22/TINAGL1_CCL22/SLC30A5_PPFIBP2/CDC5L_PPFIBP2/TCTN2_PPFIBP2/PDLIM4_CCL17/ZNF747_CCL17/SLC30A5_CCL17/TBXA2R_CCL17/CDC5L_CCL17/MRC2_CCL17/PSMD4_CCL17/FZR1_CCL17/ZNF205_CCL17/MAPRE3_CCL17/TCTN2_CCL17/ADARB1_CCL17/TINAGL1_CCL17
371,337,Tumor_DC,Tumor,DC,47,0,0,1,1,1,,MFAP2_HSD11B1/SLC6A8_CCL22/VSNL1_CCL22/IGF2_CCL22/MFAP2_CCL22/FGF3_CCL22/S100A2_CCL22/INHBB_CCL22/JAG2_CCL22/BAMBI_CCL22/BMP7_CCL22/RHOD_CCL22/ITGB4_CCL22/SLC1A5_CCL22/S100A3_CCL22/TEAD4_CCL22/CCND1_CCL22/HOXA9_CCL22/F12_CCL22/LRFN4_CCL22/FGF3_PPFIBP2/BAMBI_PPFIBP2/SLC1A5_PPFIBP2/MFAP2_CD209/S100A2_CD209/TEAD4_CD209/KRT13_CCL17/SLC6A8_CCL17/RBP1_CCL17/BMP4_CCL17/EEF1A2_CCL17/ASPSCR1_CCL17/IGF2_CCL17/MFAP2_CCL17/FGF3_CCL17/INHBB_CCL17/JAG2_CCL17/BAMBI_CCL17/BMP7_CCL17/RPP25_CCL17/RHOD_CCL17/ITGB4_CCL17/SLC1A5_CCL17/FKBP4_CCL17/CCND1_CCL17/HOXA9_CCL17/F12_CCL17
372,337,Th_DC,Th,DC,35,0,0,1,1,1,,FRYL_CCL22/RPA1_CCL22/LRBA_CCL22/NAP1L4_CCL22/BATF_CCL22/GOLGA8A_CCL22/ANP32B_CCL22/DDX50_CCL22/UBE2L3_CCL22/SLC25A12_CCL22/ATF2_CCL22/NUP107_CCL22/SEC24C_CCL22/FAM111A_CCL22/PHF10_CCL22/NAP1L4_PPFIBP2/GOLGA8A_PPFIBP2/ATF2_PPFIBP2/FAM111A_PPFIBP2/GOLGA8A_CD209/CD28_CD209/FRYL_CCL17/RPA1_CCL17/LRBA_CCL17/NAP1L4_CCL17/ASF1A_CCL17/GOLGA8A_CCL17/ANP32B_CCL17/DDX50_CCL17/UBE2L3_CCL17/ATF2_CCL17/PPP2R5C_CCL17/NUP107_CCL17/SEC24C_CCL17/FAM111A_CCL17
373,337,Tcm_DC,Tcm,DC,43,0,0,1,1,1,,CLUAP1_CCL22/DOCK9_CCL22/ATM_CCL22/FOXP1_CCL22/PCM1_CCL22/PHC3_CCL22/NFATC3_CCL22/TIMM8A_CCL22/ATF7IP_CCL22/REPS1_CCL22/ST3GAL1_CCL22/CASP8_CCL22/SNRPN_CCL22/CREBZF_CCL22/CEP68_CCL22/MAP3K1_CCL22/CYLD_CCL22/STX16_CCL22/RPP38_CCL22/TIMM8A_PPFIBP2/SNRPN_PPFIBP2/CREBZF_PPFIBP2/SNRPN_NPR1/REPS1_CD209/CLUAP1_CCL17/AQP3_CCL17/ATM_CCL17/FOXP1_CCL17/PCM1_CCL17/PHC3_CCL17/TIMM8A_CCL17/ATF7IP_CCL17/REPS1_CCL17/PSPC1_CCL17/ST3GAL1_CCL17/INPP4B_CCL17/CASP8_CCL17/SNRPN_CCL17/CREBZF_CCL17/CEP68_CCL17/MAP3K1_CCL17/CYLD_CCL17/RPP38_CCL17
374,337,Tem_DC,Tem,DC,12,0,0,1,1,1,,MEFV_CCL22/GDPD5_CCL22/TBC1D5_CCL22/NFATC4_CCL22/AKT3_CCL22/EWSR1_CCL22/DDX17_CCL22/TBC1D5_CCL17/AKT3_CCL17/EWSR1_CCL17/TBCD_CCL17/DDX17_CCL17
375,337,Tgd_DC,Tgd,DC,4,0,0,1,1,1,,CD160_CCL22/FEZ1_CCL22/CD160_CCL17/FEZ1_CCL17
376,337,Th2_DC,Th2,DC,43,0,0,1,1,1,,CXCR6_CCL22/AHI1_CCL22/LAIR2_CCL22/SNRPD1_CCL22/IL26_CCL22/MB_CCL22/CENPF_CCL22/ANK1_CCL22/WDHD1_CCL22/NEIL3_CCL22/MICAL2_CCL22/SMAD2_CCL22/CDC25C_CCL22/PHEX_CCL22/SLC39A14_CCL22/HELLS_CCL22/CDC7_CCL22/BIRC5_CCL22/LIMA1_CCL22/MB_PPFIBP2/NEIL3_PPFIBP2/CDC25C_PPFIBP2/SLC39A14_PPFIBP2/HELLS_PPFIBP2/MB_CD209/AHI1_CCL17/SNRPD1_CCL17/EVI5_CCL17/IL26_CCL17/MB_CCL17/CENPF_CCL17/WDHD1_CCL17/NEIL3_CCL17/MICAL2_CCL17/DHFR_CCL17/SMAD2_CCL17/CDC25C_CCL17/GSTA4_CCL17/PHEX_CCL17/SLC39A14_CCL17/HELLS_CCL17/CDC7_CCL17/BIRC5_CCL17
377,337,aDC_Eosinophil,aDC,Eosinophil,3,0,0,1,1,1,,EBI3_TKTL1/EBI3_GALC/OAS3_MYO15B
378,337,CD56bright NK_Eosinophil,CD56bright NK,Eosinophil,0,0,NA,1,1,1,,
379,337,Tem_Eosinophil,Tem,Eosinophil,1,0,0,1,1,1,,EWSR1_SYNJ1
380,337,Tgd_Eosinophil,Tgd,Eosinophil,0,0,NA,1,1,1,,
381,337,Neutrophil_iDC,Neutrophil,iDC,14,0,0,1,1,1,,SIGLEC5_CD1E/FCAR_CD1E/CEACAM3_CD1E/SLC22A4_CD1E/G0S2_CD1E/DYSF_CLEC10A/PDE4B_CLEC10A/DYSF_MS4A6A/SLC25A37_SLC26A6/CEACAM3_HS3ST2/DYSF_CD1C/FCAR_CD1C/SLC22A4_CD1C/SLC25A37_CD1C
382,337,CD56bright NK_iDC,CD56bright NK,iDC,3,0,0,1,1,1,,DUSP4_CD1B/MPPED1_CD1E/MPPED1_CD1C
383,337,CD56dim NK_iDC,CD56dim NK,iDC,12,0,0,1,1,1,,KIR3DL1_ABCG2/KIR2DL3_CD1B/KIR3DL2_CD1E/KIR2DL3_CD1E/SPON2_CD1E/KIR3DL1_CD1E/GTF3C1_CD1E/KIR2DL3_HS3ST2/KIR3DL1_HS3ST2/KIR2DL3_CD1C/SPON2_CD1C/KIR3DL1_CD1C
384,337,Tem_iDC,Tem,iDC,8,0,0,1,1,1,,DDX17_CD1B/EWSR1_CD1E/NFATC4_CLEC10A/NFATC4_CD1C/AKT3_CD1C/EWSR1_CD1C/TBCD_CD1C/DDX17_CD1C
385,337,Tgd_iDC,Tgd,iDC,5,0,0,1,1,1,,CD160_CD1E/FEZ1_CD1E/FEZ1_CLEC10A/CD160_CD1C/FEZ1_CD1C
386,337,aDC_Mast,aDC,Mast,0,0,NA,1,1,1,,
387,337,Neutrophil_Mast,Neutrophil,Mast,7,0,0,1,1,1,,SIGLEC5_PRG2/DYSF_TPSAB1/CEACAM3_TPSAB1/DYSF_MS4A2/DYSF_CPA3/DYSF_KIT/SLC25A37_PTGS1
388,337,CD56bright NK_Mast,CD56bright NK,Mast,0,0,NA,1,1,1,,
389,337,CD56dim NK_Mast,CD56dim NK,Mast,4,0,0,1,1,1,,KIR2DL3_TPSAB1/KIR3DL1_TPSAB1/KIR2DL3_TAL1/KIR3DL1_TAL1
390,337,Tumor_Mast,Tumor,Mast,25,0,0,1,1,1,,KRT5_TPSAB1/VSNL1_TPSAB1/IGF2_TPSAB1/MFAP2_TPSAB1/FGF3_TPSAB1/BAMBI_TPSAB1/BAMBI_SLC18A2/KRT13_MS4A2/BAMBI_MS4A2/F12_MS4A2/BAMBI_CPA3/RHOD_CPA3/BAMBI_GATA2/MFAP2_HDC/FGF3_SIGLEC6/BAMBI_SIGLEC6/RHOD_SIGLEC6/FKBP4_SIGLEC6/BAMBI_CMA1/BAMBI_PPM1H/ITGB4_PPM1H/RBP1_KIT/BAMBI_KIT/BAMBI_TAL1/BAMBI_MAOB
391,337,Tcm_Mast,Tcm,Mast,14,0,0,1,1,1,,FOXP1_TPSAB1/REPS1_TPSAB1/ST3GAL1_TPSAB1/ST3GAL1_MS4A2/CLUAP1_CPA3/ST3GAL1_CPA3/CASP8_CPA3/CREBZF_CPA3/TIMM8A_SIGLEC6/CREBZF_SIGLEC6/TXK_NR0B1/SNRPN_TAL1/REPS1_PTGS1/ST3GAL1_CEACAM8
392,337,Tem_Mast,Tem,Mast,8,0,0,1,1,1,,TBC1D5_TPSAB1/NFATC4_TPSAB1/EWSR1_SLC18A2/EWSR1_CPA3/NFATC4_TPSB2/NFATC4_HDC/NFATC4_SIGLEC6/EWSR1_SIGLEC6
393,337,Tgd_Mast,Tgd,Mast,3,0,0,1,1,1,,CD160_SLC18A2/FEZ1_MS4A2/FEZ1_SIGLEC6
394,337,Th2_Mast,Th2,Mast,22,0,0,1,1,1,,BIRC5_MLPH/GATA3_CALB2/GATA3_PRG2/MB_TPSAB1/SMAD2_TPSAB1/SMAD2_SLC18A2/SNRPD1_MS4A2/MB_MS4A2/WDHD1_MS4A2/SMAD2_MS4A2/SLC39A14_MS4A2/EVI5_CPA3/MB_CPA3/WDHD1_CPA3/SMAD2_CPA3/SLC39A14_CPA3/SNRPD1_SIGLEC6/BIRC5_PPM1H/SNRPD1_KIT/WDHD1_KIT/GATA3_ABCC4/GATA3_CEACAM8
395,337,aDC_Neutrophil,aDC,Neutrophil,0,0,NA,1,1,1,,
396,337,CD56bright NK_Neutrophil,CD56bright NK,Neutrophil,1,0,0,1,1,1,,XCL1_CRISPLD2
397,337,Tgd_Neutrophil,Tgd,Neutrophil,2,0,0,1,1,1,,CD160_MGAM/FEZ1_MGAM
398,337,Eosinophil_CD56bright NK,Eosinophil,CD56bright NK,0,0,NA,1,1,1,,
399,337,Macrophage_CD56bright NK,Macrophage,CD56bright NK,3,0,0,1,1,1,,BCAT1_PLA2G6/BCAT1_MPPED1/BCAT1_MADD
400,337,Mast_CD56bright NK,Mast,CD56bright NK,0,0,NA,1,1,1,,
401,337,CD56dim NK_CD56bright NK,CD56dim NK,CD56bright NK,0,0,NA,1,1,1,,
402,337,Tem_CD56bright NK,Tem,CD56bright NK,0,0,NA,1,1,1,,
403,337,Tgd_CD56bright NK,Tgd,CD56bright NK,0,0,NA,1,1,1,,
404,337,Th2_CD56bright NK,Th2,CD56bright NK,1,0,0,1,1,1,,SMAD2_MADD
405,337,Macrophage_CD56dim NK,Macrophage,CD56dim NK,9,0,0,1,1,1,,BCAT1_KIR3DL2/BCAT1_KIR2DL3/BCAT1_SPON2/BCAT1_IL21R/CD163_IL21R/GM2A_IL21R/MS4A4A_IL21R/BCAT1_KIR3DL1/BCAT1_GTF3C1
406,337,CD56bright NK_CD56dim NK,CD56bright NK,CD56dim NK,0,0,NA,1,1,1,,
407,337,Tem_CD56dim NK,Tem,CD56dim NK,1,0,0,1,1,1,,NFATC4_IL21R
408,337,Tgd_CD56dim NK,Tgd,CD56dim NK,0,0,NA,1,1,1,,
409,337,aDC_NK,aDC,NK,0,0,NA,1,1,1,,
410,337,Tem_NK,Tem,NK,6,0,0,1,1,1,,EWSR1_MCM3AP/TBC1D5_SPN/TBC1D5_PRX/TBC1D5_MAPRE3/CCR2_TCTN2/EWSR1_LDB3
411,337,Tgd_NK,Tgd,NK,2,0,0,1,1,1,,FEZ1_SPN/TRGV9_ALDH1B1
412,337,CD56dim NK_Tumor,CD56dim NK,Tumor,3,0,0,1,1,1,,KIR2DL3_RPP25/KIR3DL1_RPP25/IL21R_RHOD
413,337,aDC_T,aDC,T,19,0,0,1,1,1,,OAS3_CD3D/OAS3_NCALD/OAS3_CD3G/OAS3_CD3E/LAMP3_CD3E/OAS3_TRAT1/LAMP3_TRAT1/OAS3_BCL11B/OAS3_CD2/LAMP3_CD2/OAS3_CD6/OAS3_CD96/OAS3_GIMAP5/EBI3_SH2D1A/OAS3_SH2D1A/EBI3_TRBC1/OAS3_TRBC1/LAMP3_TRBC1/LAMP3_ITM2A
414,337,B_T,B,T,85,0,0,1,1,1,,CD72_CD3D/OSBPL10_CD3D/ABCB4_CD3D/HLA-DOB_CD3D/BCL11A_CD3D/QRSL1_CD3D/SCN3A_CD3D/GLDC_CD3D/CD72_CD28/MICAL3_CD28/OSBPL10_CD28/ABCB4_CD28/PNOC_CD28/BACH2_CD28/QRSL1_CD28/SCN3A_CD28/MEF2C_CD28/GLDC_CD28/OSBPL10_LCK/ABCB4_LCK/OSBPL10_PRKCQ/QRSL1_CD3G/SCN3A_CD3G/GLDC_CD3G/CD72_CD3E/OSBPL10_CD3E/ABCB4_CD3E/CCR9_CD3E/QRSL1_CD3E/SCN3A_CD3E/MEF2C_CD3E/GLDC_CD3E/CD72_TRAT1/OSBPL10_TRAT1/ABCB4_TRAT1/BACH2_TRAT1/QRSL1_TRAT1/SCN3A_TRAT1/SLC15A2_TRAT1/GLDC_TRAT1/OSBPL10_BCL11B/QRSL1_BCL11B/GLDC_BCL11B/CD72_CD2/HLA-DOB_CD2/PNOC_CD2/QRSL1_CD2/MEF2C_CD2/GLDC_CD2/CD72_CD6/OSBPL10_CD6/ABCB4_CD6/QRSL1_CD6/DTNB_CD6/SCN3A_CD6/MEF2C_CD6/GLDC_CD6/CD72_CD96/QRSL1_CD96/MEF2C_CD96/GLDC_CD96/QRSL1_GIMAP5/GLDC_GIMAP5/CD72_SH2D1A/OSBPL10_SH2D1A/ABCB4_SH2D1A/HLA-DOB_SH2D1A/QRSL1_SH2D1A/SLC15A2_SH2D1A/GLDC_SH2D1A/CD72_TRBC1/FCRL2_TRBC1/OSBPL10_TRBC1/ABCB4_TRBC1/HLA-DOB_TRBC1/PNOC_TRBC1/BCL11A_TRBC1/BACH2_TRBC1/GNG7_TRBC1/QRSL1_TRBC1/SCN3A_TRBC1/SLC15A2_TRBC1/HLA-DQA1_TRBC1/MEF2C_TRBC1/GLDC_TRBC1
415,337,CD8 T_T,CD8 T,T,156,0,0,1,1,1,,SF1_CD3D/DNAJB1_CD3D/CD8B_CD3D/LIME1_CD3D/VAMP2_CD3D/LEPROTL1_CD3D/CAMLG_CD3D/PPP1R2_CD3D/ZNF22_CD3D/TMC6_CD3D/TBCC_CD3D/ABT1_CD3D/PRF1_CD3D/PRR5_CD28/VAMP2_CD28/LEPROTL1_CD28/PPP1R2_CD28/FLT3LG_CD28/RBM3_CD28/ABT1_CD28/VAMP2_LCK/RBM3_LCK/DNAJB1_CD3G/CD8B_CD3G/LIME1_CD3G/VAMP2_CD3G/LEPROTL1_CD3G/ZEB1_CD3G/ZNF609_CD3G/CAMLG_CD3G/PPP1R2_CD3G/ZNF22_CD3G/TMC6_CD3G/FLT3LG_CD3G/ABT1_CD3G/SF1_CD3E/DNAJB1_CD3E/CD8B_CD3E/PRR5_CD3E/LIME1_CD3E/THUMPD1_CD3E/VAMP2_CD3E/LEPROTL1_CD3E/ZEB1_CD3E/ZNF609_CD3E/CAMLG_CD3E/PPP1R2_CD3E/ZNF22_CD3E/TMC6_CD3E/FLT3LG_CD3E/TBCC_CD3E/RBM3_CD3E/ABT1_CD3E/SF1_TRAT1/DNAJB1_TRAT1/PRR5_TRAT1/LIME1_TRAT1/VAMP2_TRAT1/APBA2_TRAT1/LEPROTL1_TRAT1/ZEB1_TRAT1/ZNF609_TRAT1/CAMLG_TRAT1/PPP1R2_TRAT1/ZNF91_TRAT1/ZNF22_TRAT1/TMC6_TRAT1/FLT3LG_TRAT1/CDKN2AIP_TRAT1/RBM3_TRAT1/ABT1_TRAT1/DNAJB1_BCL11B/PRR5_BCL11B/LIME1_BCL11B/VAMP2_BCL11B/LEPROTL1_BCL11B/ZNF609_BCL11B/PPP1R2_BCL11B/ZNF91_BCL11B/RBM3_BCL11B/ABT1_BCL11B/SF1_CD2/DNAJB1_CD2/LIME1_CD2/THUMPD1_CD2/VAMP2_CD2/LEPROTL1_CD2/ZEB1_CD2/CAMLG_CD2/PPP1R2_CD2/ZNF22_CD2/TMC6_CD2/FLT3LG_CD2/RBM3_CD2/ABT1_CD2/PRF1_CD2/ARHGAP8_CD6/DNAJB1_CD6/PF4_CD6/PRR5_CD6/LIME1_CD6/VAMP2_CD6/APBA2_CD6/LEPROTL1_CD6/ZNF609_CD6/PPP1R2_CD6/ZNF91_CD6/TMC6_CD6/FLT3LG_CD6/TBCC_CD6/ABT1_CD6/DNAJB1_CD96/CD8B_CD96/APBA2_CD96/LEPROTL1_CD96/PPP1R2_CD96/TMC6_CD96/FLT3LG_CD96/ABT1_CD96/PRF1_CD96/DNAJB1_GIMAP5/LEPROTL1_GIMAP5/PPP1R2_GIMAP5/ABT1_GIMAP5/DNAJB1_SH2D1A/CD8B_SH2D1A/LIME1_SH2D1A/VAMP2_SH2D1A/LEPROTL1_SH2D1A/CAMLG_SH2D1A/PPP1R2_SH2D1A/ZNF91_SH2D1A/ZNF22_SH2D1A/FLT3LG_SH2D1A/RBM3_SH2D1A/ABT1_SH2D1A/PRF1_SH2D1A/DNAJB1_TRBC1/CD8B_TRBC1/CD8A_TRBC1/PRR5_TRBC1/LIME1_TRBC1/VAMP2_TRBC1/APBA2_TRBC1/LEPROTL1_TRBC1/ZEB1_TRBC1/ZNF609_TRBC1/PPP1R2_TRBC1/ZNF91_TRBC1/TMC6_TRBC1/FLT3LG_TRBC1/RBM3_TRBC1/ABT1_TRBC1/PRF1_TRBC1/SLC16A7_ITM2A/ZNF22_ITM2A
416,337,Cytotoxic_T,Cytotoxic,T,61,0,0,1,1,1,,KLRK1_CD3D/KLRD1_CD3D/GNLY_CD3D/RORA_CD3D/APOL3_CD3D/KLRK1_CD28/KLRD1_CD28/GNLY_CD28/KLRD1_LCK/GNLY_LCK/GNLY_NCALD/KLRK1_CD3G/KLRD1_CD3G/GNLY_CD3G/KLRK1_CD3E/KLRD1_CD3E/GNLY_CD3E/RORA_CD3E/RUNX3_CD3E/APOL3_CD3E/KLRD1_TRAT1/GNLY_TRAT1/APBA2_TRAT1/KLRK1_BCL11B/KLRD1_BCL11B/GNLY_BCL11B/RORA_BCL11B/KLRK1_CD2/KLRD1_CD2/GNLY_CD2/RORA_CD2/APOL3_CD2/KLRD1_CD6/GNLY_CD6/APBA2_CD6/APOL3_CD6/KLRK1_CD96/KLRD1_CD96/GNLY_CD96/RORA_CD96/APBA2_CD96/APOL3_CD96/KLRD1_GIMAP5/KLRK1_SH2D1A/KLRD1_SH2D1A/GNLY_SH2D1A/RORA_SH2D1A/APOL3_SH2D1A/CTSW_TRBC1/KLRK1_TRBC1/KLRD1_TRBC1/KLRF1_TRBC1/DUSP2_TRBC1/GNLY_TRBC1/NKG7_TRBC1/GZMH_TRBC1/RORA_TRBC1/APBA2_TRBC1/RUNX3_TRBC1/APOL3_TRBC1/GZMH_ITM2A
417,337,DC_T,DC,T,5,0,0,1,1,1,,CD209_CD28/CCL17_SKAP1/HSD11B1_CD6/HSD11B1_TRBC1/NPR1_TRBC1
418,337,Eosinophil_T,Eosinophil,T,126,0,0,1,1,1,,KCNH2_CD3D/TKTL1_CD3D/IL5RA_CD3D/RNASE2_CD3D/CCR3_CD3D/GALC_CD3D/TGIF1_CD3D/RRP12_CD3D/SYNJ1_CD3D/KBTBD11_CD3D/SIAH1_CD3D/IL5RA_CD28/RNASE2_CD28/CCR3_CD28/GALC_CD28/CYSLTR2_CD28/TGIF1_CD28/RRP12_CD28/KBTBD11_CD28/SIAH1_CD28/RNASE2_LCK/GALC_LCK/GALC_PRKCQ/TGIF1_NCALD/TKTL1_CD3G/HRH4_CD3G/RNASE2_CD3G/CAT_CD3G/CCR3_CD3G/GALC_CD3G/TGIF1_CD3G/RCOR3_CD3G/SYNJ1_CD3G/KBTBD11_CD3G/SIAH1_CD3G/TKTL1_CD3E/IL5RA_CD3E/HRH4_CD3E/RNASE2_CD3E/CCR3_CD3E/GALC_CD3E/CYSLTR2_CD3E/TGIF1_CD3E/RCOR3_CD3E/SYNJ1_CD3E/KBTBD11_CD3E/HES1_CD3E/EPN2_CD3E/SIAH1_CD3E/TKTL1_TRAT1/IL5RA_TRAT1/HRH4_TRAT1/RNASE2_TRAT1/CAT_TRAT1/LRP5L_TRAT1/CCR3_TRAT1/GALC_TRAT1/TGIF1_TRAT1/RCOR3_TRAT1/SYNJ1_TRAT1/KBTBD11_TRAT1/SIAH1_TRAT1/TKTL1_BCL11B/IL5RA_BCL11B/CCR3_BCL11B/GALC_BCL11B/CYSLTR2_BCL11B/TGIF1_BCL11B/SIAH1_BCL11B/TKTL1_CD2/HRH4_CD2/RNASE2_CD2/CAT_CD2/CCR3_CD2/GALC_CD2/TGIF1_CD2/SYNJ1_CD2/KBTBD11_CD2/HES1_CD2/SIAH1_CD2/TKTL1_CD6/IL5RA_CD6/HRH4_CD6/RNASE2_CD6/CCR3_CD6/GALC_CD6/CYSLTR2_CD6/TGIF1_CD6/RRP12_CD6/EPN2_CD6/SIAH1_CD6/TKTL1_CD96/IL5RA_CD96/RNASE2_CD96/CCR3_CD96/GALC_CD96/TGIF1_CD96/SIAH1_CD96/RNASE2_GIMAP5/CCR3_GIMAP5/KCNH2_SH2D1A/TKTL1_SH2D1A/IL5RA_SH2D1A/HRH4_SH2D1A/CCR3_SH2D1A/GALC_SH2D1A/CYSLTR2_SH2D1A/TGIF1_SH2D1A/SYNJ1_SH2D1A/KBTBD11_SH2D1A/HES1_SH2D1A/SIAH1_SH2D1A/KCNH2_TRBC1/TKTL1_TRBC1/IL5RA_TRBC1/RNASE2_TRBC1/CCR3_TRBC1/GALC_TRBC1/CYSLTR2_TRBC1/TGIF1_TRBC1/RRP12_TRBC1/THBS4_TRBC1/HES1_TRBC1/EPN2_TRBC1/SIAH1_TRBC1/RNASE2_ITM2A
419,337,iDC_T,iDC,T,90,0,0,1,1,1,,VASH1_CD3D/F13A1_CD3D/MS4A6A_CD3D/CTNS_CD3D/LMAN2L_CD3D/SLC26A6_CD3D/FZD2_CD3D/CSF1R_CD3D/NUDT9_CD3D/VASH1_CD28/MS4A6A_CD28/CTNS_CD28/LMAN2L_CD28/SLC26A6_CD28/CSF1R_CD28/FZD2_LCK/GUCA1A_CD3G/VASH1_CD3G/CTNS_CD3G/LMAN2L_CD3G/SLC26A6_CD3G/FZD2_CD3G/CSF1R_CD3G/GUCA1A_CD3E/CARD9_CD3E/ABCG2_CD3E/VASH1_CD3E/F13A1_CD3E/MS4A6A_CD3E/CTNS_CD3E/LMAN2L_CD3E/SLC26A6_CD3E/FZD2_CD3E/CSF1R_CD3E/NUDT9_CD3E/GUCA1A_TRAT1/VASH1_TRAT1/CTNS_TRAT1/LMAN2L_TRAT1/SLC26A6_TRAT1/CSF1R_TRAT1/PREP_TRAT1/NUDT9_TRAT1/GUCA1A_BCL11B/CTNS_BCL11B/LMAN2L_BCL11B/BLVRB_BCL11B/PREP_BCL11B/GUCA1A_CD2/VASH1_CD2/SYT17_CD2/CTNS_CD2/LMAN2L_CD2/CSF1R_CD2/PREP_CD2/NUDT9_CD2/GUCA1A_CD6/VASH1_CD6/MS4A6A_CD6/CTNS_CD6/LMAN2L_CD6/SLC7A8_CD6/FZD2_CD6/CSF1R_CD6/PREP_CD6/GUCA1A_CD96/VASH1_CD96/MS4A6A_CD96/CTNS_CD96/LMAN2L_CD96/CSF1R_CD96/NUDT9_CD96/GUCA1A_GIMAP5/CTNS_GIMAP5/FZD2_GIMAP5/GUCA1A_SH2D1A/CTNS_SH2D1A/LMAN2L_SH2D1A/SLC26A6_SH2D1A/FZD2_SH2D1A/NUDT9_SH2D1A/GUCA1A_TRBC1/CARD9_TRBC1/VASH1_TRBC1/F13A1_TRBC1/MS4A6A_TRBC1/CTNS_TRBC1/LMAN2L_TRBC1/FZD2_TRBC1/CSF1R_TRBC1
420,337,Macrophage_T,Macrophage,T,139,0,0,1,1,1,,SCARB2_CD3D/BCAT1_CD3D/CCL7_CD3D/ATG7_CD3D/MS4A4A_CD3D/SGMS1_CD3D/MSR1_CD28/CTSK_CD28/SCARB2_CD28/BCAT1_CD28/RAI14_CD28/ME1_CD28/FN1_CD28/CD163_CD28/GM2A_CD28/CD68_CD28/ATG7_CD28/CD84_CD28/MS4A4A_CD28/CYBB_CD28/BCAT1_LCK/ATG7_LCK/CYBB_LCK/BCAT1_PRKCQ/BCAT1_NCALD/GPC4_CD3G/SCARB2_CD3G/BCAT1_CD3G/RAI14_CD3G/GM2A_CD3G/CD68_CD3G/ATG7_CD3G/CYBB_CD3G/PCOLCE2_CD3E/CTSK_CD3E/SCARB2_CD3E/BCAT1_CD3E/RAI14_CD3E/CCL7_CD3E/CD163_CD3E/GM2A_CD3E/CD68_CD3E/ATG7_CD3E/CD84_CD3E/MS4A4A_CD3E/SGMS1_CD3E/CYBB_CD3E/SCARB2_SKAP1/BCAT1_SKAP1/GPC4_TRAT1/MSR1_TRAT1/SCARB2_TRAT1/BCAT1_TRAT1/RAI14_TRAT1/COL8A2_TRAT1/FN1_TRAT1/CD163_TRAT1/GM2A_TRAT1/CD68_TRAT1/ATG7_TRAT1/CD84_TRAT1/MS4A4A_TRAT1/SGMS1_TRAT1/CYBB_TRAT1/PCOLCE2_BCL11B/SCARB2_BCL11B/BCAT1_BCL11B/RAI14_BCL11B/GM2A_BCL11B/CD68_BCL11B/ATG7_BCL11B/GPC4_CD2/MSR1_CD2/SCARB2_CD2/BCAT1_CD2/CCL7_CD2/CD163_CD2/GM2A_CD2/ATG7_CD2/MS4A4A_CD2/CYBB_CD2/MSR1_CD6/CTSK_CD6/SCARB2_CD6/BCAT1_CD6/RAI14_CD6/ME1_CD6/CD163_CD6/GM2A_CD6/CD68_CD6/ATG7_CD6/CD84_CD6/MS4A4A_CD6/SGMS1_CD6/CYBB_CD6/MSR1_CD96/SCARB2_CD96/BCAT1_CD96/RAI14_CD96/CCL7_CD96/FN1_CD96/CD163_CD96/GM2A_CD96/ATG7_CD96/CD84_CD96/MS4A4A_CD96/SGMS1_CD96/CYBB_CD96/BCAT1_GIMAP5/CD68_GIMAP5/ATG7_GIMAP5/SCG5_SH2D1A/SCARB2_SH2D1A/BCAT1_SH2D1A/RAI14_SH2D1A/GM2A_SH2D1A/CD68_SH2D1A/ATG7_SH2D1A/MS4A4A_SH2D1A/SGMS1_SH2D1A/CYBB_SH2D1A/MSR1_TRBC1/CTSK_TRBC1/BCAT1_TRBC1/RAI14_TRBC1/COL8A2_TRBC1/DNASE2B_TRBC1/CCL7_TRBC1/FN1_TRBC1/CD163_TRBC1/GM2A_TRBC1/CD68_TRBC1/ATG7_TRBC1/CD84_TRBC1/MS4A4A_TRBC1/SGMS1_TRBC1/CYBB_TRBC1/SCARB2_ITM2A/BCAT1_ITM2A
421,337,Mast_T,Mast,T,75,0,0,1,1,1,,SLC24A3_CD3D/PRG2_CD3D/CMA1_CD3D/MPO_CD3D/NR0B1_CD3D/TAL1_CD3D/ABCC4_CD3D/PTGS1_CD3D/CEACAM8_CD3D/SLC24A3_CD28/MPO_CD28/NR0B1_CD28/ABCC4_CD28/PTGS1_CD28/PRG2_CD3G/MPO_CD3G/ABCC4_CD3G/PTGS1_CD3G/SLC24A3_CD3E/PRG2_CD3E/MPO_CD3E/TAL1_CD3E/ABCC4_CD3E/PTGS1_CD3E/CEACAM8_CD3E/SLC24A3_TRAT1/PRG2_TRAT1/GATA2_TRAT1/MPO_TRAT1/NR0B1_TRAT1/TAL1_TRAT1/ABCC4_TRAT1/PTGS1_TRAT1/CEACAM8_TRAT1/PRG2_BCL11B/PTGS1_BCL11B/CEACAM8_BCL11B/PRG2_CD2/MPO_CD2/TAL1_CD2/ABCC4_CD2/CEACAM8_CD2/SLC24A3_CD6/PRG2_CD6/MPO_CD6/NR0B1_CD6/ABCC4_CD6/PTGS1_CD6/CEACAM8_CD6/PRG2_CD96/MPO_CD96/TAL1_CD96/ABCC4_CD96/PTGS1_CD96/PRG2_GIMAP5/MPO_GIMAP5/CEACAM8_GIMAP5/SLC24A3_SH2D1A/PRG2_SH2D1A/MPO_SH2D1A/NR0B1_SH2D1A/TAL1_SH2D1A/ABCC4_SH2D1A/PTGS1_SH2D1A/CEACAM8_SH2D1A/SLC24A3_TRBC1/PRG2_TRBC1/SLC18A2_TRBC1/GATA2_TRBC1/HDC_TRBC1/MPO_TRBC1/NR0B1_TRBC1/ABCC4_TRBC1/PTGS1_TRBC1/CEACAM8_TRBC1
422,337,Neutrophil_T,Neutrophil,T,106,0,0,1,1,1,,SIGLEC5_CD3D/DYSF_CD3D/CEACAM3_CD3D/HPSE_CD3D/SLC22A4_CD3D/SLC25A37_CD3D/DYSF_CD28/CEACAM3_CD28/HPSE_CD28/SLC22A4_CD28/SLC25A37_CD28/PDE4B_CD28/LILRB2_CD28/DYSF_LCK/SLC22A4_LCK/SLC25A37_LCK/FPR1_LCK/PDE4B_LCK/SIGLEC5_CD3G/DYSF_CD3G/CEACAM3_CD3G/HPSE_CD3G/S100A12_CD3G/SLC25A37_CD3G/FPR1_CD3G/PDE4B_CD3G/SIGLEC5_CD3E/DYSF_CD3E/CEACAM3_CD3E/HPSE_CD3E/CREB5_CD3E/SLC22A4_CD3E/SLC25A37_CD3E/FPR1_CD3E/PDE4B_CD3E/LILRB2_CD3E/DYSF_SKAP1/SIGLEC5_TRAT1/DYSF_TRAT1/CEACAM3_TRAT1/HPSE_TRAT1/S100A12_TRAT1/TNFRSF10C_TRAT1/SLC25A37_TRAT1/FPR1_TRAT1/PDE4B_TRAT1/SIGLEC5_BCL11B/DYSF_BCL11B/CEACAM3_BCL11B/HPSE_BCL11B/SLC22A4_BCL11B/SLC25A37_BCL11B/SIGLEC5_CD2/DYSF_CD2/CEACAM3_CD2/HPSE_CD2/S100A12_CD2/SLC25A37_CD2/FPR1_CD2/PDE4B_CD2/SIGLEC5_CD6/MGAM_CD6/DYSF_CD6/CEACAM3_CD6/HPSE_CD6/CREB5_CD6/S100A12_CD6/SLC22A4_CD6/SLC25A37_CD6/G0S2_CD6/FPR1_CD6/PDE4B_CD6/LILRB2_CD6/SIGLEC5_CD96/DYSF_CD96/CEACAM3_CD96/HPSE_CD96/S100A12_CD96/SLC22A4_CD96/SLC25A37_CD96/FPR1_CD96/PDE4B_CD96/LILRB2_CD96/SIGLEC5_GIMAP5/DYSF_GIMAP5/SLC25A37_GIMAP5/SIGLEC5_SH2D1A/CEACAM3_SH2D1A/HPSE_SH2D1A/TNFRSF10C_SH2D1A/SLC25A37_SH2D1A/FPR1_SH2D1A/PDE4B_SH2D1A/SIGLEC5_TRBC1/CD93_TRBC1/KCNJ15_TRBC1/DYSF_TRBC1/CEACAM3_TRBC1/CREB5_TRBC1/TNFRSF10C_TRBC1/SLC22A4_TRBC1/SLC25A37_TRBC1/G0S2_TRBC1/FPR1_TRBC1/PDE4B_TRBC1/LILRB2_TRBC1
423,337,CD56bright NK_T,CD56bright NK,T,28,0,0,1,1,1,,MPPED1_CD3D/MADD_CD3D/XCL1_CD28/DUSP4_CD28/MADD_CD28/PLA2G6_CD3G/MPPED1_CD3G/PLA2G6_CD3E/MPPED1_CD3E/MADD_CD3E/XCL1_TRAT1/DUSP4_TRAT1/MPPED1_TRAT1/MPPED1_BCL11B/MADD_BCL11B/PLA2G6_CD2/XCL1_CD6/PLA2G6_CD6/MPPED1_CD6/MADD_CD6/MPPED1_CD96/MPPED1_GIMAP5/DUSP4_SH2D1A/MPPED1_SH2D1A/XCL1_TRBC1/DUSP4_TRBC1/MPPED1_TRBC1/MADD_TRBC1
424,337,CD56dim NK_T,CD56dim NK,T,59,0,0,1,1,1,,KIR3DL2_CD3D/KIR2DL3_CD3D/GZMB_CD3D/KIR3DL1_CD3D/GTF3C1_CD3D/GZMB_CD28/GTF3C1_CD28/KIR3DL2_CD3G/KIR2DL3_CD3G/GZMB_CD3G/KIR3DL1_CD3G/GTF3C1_CD3G/KIR3DL2_CD3E/KIR2DL3_CD3E/GZMB_CD3E/KIR3DL1_CD3E/GTF3C1_CD3E/KIR3DL2_TRAT1/KIR2DL3_TRAT1/GZMB_TRAT1/SPON2_TRAT1/KIR3DL1_TRAT1/GTF3C1_TRAT1/KIR3DL2_BCL11B/KIR2DL3_BCL11B/KIR3DL1_BCL11B/GTF3C1_BCL11B/KIR3DL2_CD2/KIR2DL3_CD2/GZMB_CD2/KIR3DL1_CD2/GTF3C1_CD2/KIR3DL2_CD6/KIR2DL3_CD6/GZMB_CD6/IL21R_CD6/KIR3DL1_CD6/GTF3C1_CD6/KIR3DL2_CD96/KIR2DL3_CD96/GZMB_CD96/SPON2_CD96/IL21R_CD96/KIR3DL1_CD96/GTF3C1_CD96/KIR2DL3_GIMAP5/GZMB_GIMAP5/KIR3DL1_GIMAP5/GTF3C1_GIMAP5/KIR3DL2_SH2D1A/KIR2DL3_SH2D1A/KIR3DL1_SH2D1A/GTF3C1_SH2D1A/KIR2DL3_TRBC1/GZMB_TRBC1/SPON2_TRBC1/IL21R_TRBC1/KIR3DL1_TRBC1/GTF3C1_TRBC1
425,337,NK_T,NK,T,96,0,0,1,1,1,,PDLIM4_CD3D/FGF18_CD3D/PSMD4_CD3D/ZNF205_CD3D/BCL2_CD3D/TCTN2_CD3D/NCR1_CD3D/ALDH1B1_CD3D/XCL1_CD28/FGF18_CD28/ZNF205_CD28/ZNF528_CD28/TCTN2_CD28/ADARB1_CD28/NCR1_CD28/ALDH1B1_CD28/ZNF528_LCK/PDLIM4_CD3G/PSMD4_CD3G/ZNF205_CD3G/TCTN2_CD3G/ALDH1B1_CD3G/PDLIM4_CD3E/ZNF747_CD3E/SLC30A5_CD3E/MCM3AP_CD3E/FGF18_CD3E/PSMD4_CD3E/FZR1_CD3E/ZNF205_CD3E/MAPRE3_CD3E/TCTN2_CD3E/ADARB1_CD3E/NCR1_CD3E/ALDH1B1_CD3E/PDLIM4_TRAT1/ZNF747_TRAT1/XCL1_TRAT1/MCM3AP_TRAT1/FGF18_TRAT1/PSMD4_TRAT1/ZNF205_TRAT1/BCL2_TRAT1/TCTN2_TRAT1/NCR1_TRAT1/LDB3_TRAT1/ALDH1B1_TRAT1/PDLIM4_BCL11B/PSMD4_BCL11B/TCTN2_BCL11B/ADARB1_BCL11B/ALDH1B1_BCL11B/MCM3AP_CD2/PSMD4_CD2/FZR1_CD2/ZNF205_CD2/TCTN2_CD2/ALDH1B1_CD2/XCL1_CD6/MCM3AP_CD6/CDC5L_CD6/FGF18_CD6/MRC2_CD6/PSMD4_CD6/FZR1_CD6/ZNF205_CD6/ZNF528_CD6/MAPRE3_CD6/ADARB1_CD6/NCR1_CD6/ALDH1B1_CD6/FGF18_CD96/PSMD4_CD96/TCTN2_CD96/ADARB1_CD96/NCR1_CD96/ALDH1B1_CD96/ALDH1B1_GIMAP5/PDLIM4_SH2D1A/XCL2_SH2D1A/PSMD4_SH2D1A/ZNF205_SH2D1A/MAPRE3_SH2D1A/TCTN2_SH2D1A/ALDH1B1_SH2D1A/XCL1_TRBC1/XCL2_TRBC1/FGF18_TRBC1/MRC2_TRBC1/PSMD4_TRBC1/ZNF205_TRBC1/BCL2_TRBC1/TCTN2_TRBC1/ADARB1_TRBC1/NCR1_TRBC1/ALDH1B1_TRBC1
426,337,Tumor_T,Tumor,T,131,0,0,1,1,1,,EEF1A2_CD3D/VSNL1_CD3D/ASPSCR1_CD3D/IGF2_CD3D/MFAP2_CD3D/FGF3_CD3D/BAMBI_CD3D/RHOD_CD3D/TEAD4_CD3D/F12_CD3D/VSNL1_CD28/MFAP2_CD28/S100A2_CD28/JAG2_CD28/RHOD_CD28/TEAD4_CD28/LRFN4_CD28/S100A2_LCK/BAMBI_LCK/MFAP2_PRKCQ/TEAD4_PRKCQ/BAMBI_NCALD/VSNL1_CD3G/ASPSCR1_CD3G/IGF2_CD3G/MFAP2_CD3G/FGF3_CD3G/BAMBI_CD3G/DHRS2_CD3G/FKBP4_CD3G/TEAD4_CD3G/SLC27A5_CD3G/F12_CD3G/VSNL1_CD3E/ASPSCR1_CD3E/IGF2_CD3E/MFAP2_CD3E/FGF3_CD3E/BAMBI_CD3E/NTSR1_CD3E/FKBP4_CD3E/TEAD4_CD3E/SLC27A5_CD3E/HOXA9_CD3E/F12_CD3E/LRFN4_CD3E/S100A2_SKAP1/VSNL1_TRAT1/ASPSCR1_TRAT1/IGF2_TRAT1/MFAP2_TRAT1/FGF3_TRAT1/JAG2_TRAT1/RHOD_TRAT1/SLC1A5_TRAT1/FKBP4_TRAT1/TEAD4_TRAT1/HOXA9_TRAT1/F12_TRAT1/VSNL1_BCL11B/IGF2_BCL11B/FGF3_BCL11B/S100A2_BCL11B/BAMBI_BCL11B/SLC1A5_BCL11B/FKBP4_BCL11B/TEAD4_BCL11B/HOXA9_BCL11B/VSNL1_CD2/ASPSCR1_CD2/FGF3_CD2/S100A2_CD2/BAMBI_CD2/RHOD_CD2/TEAD4_CD2/F12_CD2/LRFN4_CD2/VSNL1_CD6/IGF2_CD6/FGF3_CD6/S100A2_CD6/JAG2_CD6/BAMBI_CD6/RHOD_CD6/SLC1A5_CD6/TEAD4_CD6/HOXA9_CD6/LRFN4_CD6/VSNL1_CD96/IGF2_CD96/MFAP2_CD96/FGF3_CD96/BAMBI_CD96/SLC1A5_CD96/TEAD4_CD96/HOXA9_CD96/VSNL1_GIMAP5/FGF3_GIMAP5/BAMBI_GIMAP5/TEAD4_GIMAP5/VSNL1_SH2D1A/IGF2_SH2D1A/MFAP2_SH2D1A/FGF3_SH2D1A/BAMBI_SH2D1A/RHOD_SH2D1A/DHRS2_SH2D1A/NTSR1_SH2D1A/FKBP4_SH2D1A/TEAD4_SH2D1A/SLC27A5_SH2D1A/F12_SH2D1A/LRFN4_SH2D1A/KRT5_TRBC1/VSNL1_TRBC1/ASPSCR1_TRBC1/IGF2_TRBC1/MFAP2_TRBC1/FGF3_TRBC1/S100A2_TRBC1/JAG2_TRBC1/BAMBI_TRBC1/RHOD_TRBC1/DHRS2_TRBC1/TEAD4_TRBC1/SLC27A5_TRBC1/HOXA9_TRBC1/LRFN4_TRBC1/BAMBI_ITM2A/ITGB4_ITM2A/SLC1A5_ITM2A
427,337,Th_T,Th,T,100,0,0,1,1,1,,RPA1_CD3D/ASF1A_CD3D/GOLGA8A_CD3D/DDX50_CD3D/UBE2L3_CD3D/SLC25A12_CD3D/NUP107_CD3D/SEC24C_CD3D/PHF10_CD3D/RPA1_CD28/NAP1L4_CD28/GOLGA8A_CD28/UBE2L3_CD28/PHF10_CD28/GOLGA8A_PRKCQ/RPA1_CD3G/LRBA_CD3G/ASF1A_CD3G/GOLGA8A_CD3G/DDX50_CD3G/SLC25A12_CD3G/ATF2_CD3G/PPP2R5C_CD3G/SEC24C_CD3G/PHF10_CD3G/FRYL_CD3E/BATF_CD3E/ASF1A_CD3E/GOLGA8A_CD3E/DDX50_CD3E/SLC25A12_CD3E/ATF2_CD3E/PPP2R5C_CD3E/NUP107_CD3E/SEC24C_CD3E/PHF10_CD3E/FRYL_TRAT1/RPA1_TRAT1/LRBA_TRAT1/NAP1L4_TRAT1/ASF1A_TRAT1/GOLGA8A_TRAT1/DDX50_TRAT1/SLC25A12_TRAT1/ATF2_TRAT1/FAM111A_TRAT1/PHF10_TRAT1/RPA1_BCL11B/ASF1A_BCL11B/GOLGA8A_BCL11B/DDX50_BCL11B/UBE2L3_BCL11B/PPP2R5C_BCL11B/NUP107_BCL11B/SEC24C_BCL11B/PHF10_BCL11B/FRYL_CD2/LRBA_CD2/ASF1A_CD2/GOLGA8A_CD2/DDX50_CD2/SLC25A12_CD2/ATF2_CD2/PPP2R5C_CD2/NUP107_CD2/SEC24C_CD2/FAM111A_CD2/PHF10_CD2/RPA1_CD6/ASF1A_CD6/GOLGA8A_CD6/DDX50_CD6/ATF2_CD6/PPP2R5C_CD6/SEC24C_CD6/PHF10_CD6/ASF1A_CD96/DDX50_CD96/SEC24C_CD96/PHF10_CD96/ASF1A_GIMAP5/GOLGA8A_GIMAP5/PHF10_GIMAP5/RPA1_SH2D1A/ASF1A_SH2D1A/GOLGA8A_SH2D1A/DDX50_SH2D1A/UBE2L3_SH2D1A/NUP107_SH2D1A/PHF10_SH2D1A/RPA1_TRBC1/NAP1L4_TRBC1/ASF1A_TRBC1/GOLGA8A_TRBC1/DDX50_TRBC1/NUP107_TRBC1/SEC24C_TRBC1/PHF10_TRBC1/ASF1A_ITM2A/ATF2_ITM2A
428,337,Tcm_T,Tcm,T,176,0,0,1,1,1,,CLUAP1_CD3D/DOCK9_CD3D/ATM_CD3D/KLF12_CD3D/PCM1_CD3D/PHC3_CD3D/NFATC3_CD3D/TIMM8A_CD3D/ATF7IP_CD3D/REPS1_CD3D/PSPC1_CD3D/SNRPN_CD3D/CREBZF_CD3D/CYLD_CD3D/STX16_CD3D/DOCK9_CD28/FOXP1_CD28/KLF12_CD28/PCM1_CD28/ATF7IP_CD28/REPS1_CD28/ST3GAL1_CD28/SNRPN_CD28/CYLD_CD28/STX16_CD28/PCM1_LCK/REPS1_LCK/SNRPN_LCK/CLUAP1_CD3G/DOCK9_CD3G/ATM_CD3G/FOXP1_CD3G/PCM1_CD3G/PHC3_CD3G/NFATC3_CD3G/TIMM8A_CD3G/ATF7IP_CD3G/REPS1_CD3G/PSPC1_CD3G/SNRPN_CD3G/CREBZF_CD3G/MAP3K1_CD3G/CYLD_CD3G/STX16_CD3G/CLUAP1_CD3E/DOCK9_CD3E/ATM_CD3E/FOXP1_CD3E/KLF12_CD3E/PCM1_CD3E/PHC3_CD3E/NFATC3_CD3E/TIMM8A_CD3E/ATF7IP_CD3E/REPS1_CD3E/PSPC1_CD3E/CASP8_CD3E/SNRPN_CD3E/CREBZF_CD3E/CEP68_CD3E/MAP3K1_CD3E/CYLD_CD3E/STX16_CD3E/CLUAP1_TRAT1/DOCK9_TRAT1/ATM_TRAT1/FOXP1_TRAT1/PCM1_TRAT1/PHC3_TRAT1/NFATC3_TRAT1/TIMM8A_TRAT1/REPS1_TRAT1/ST3GAL1_TRAT1/CASP8_TRAT1/SNRPN_TRAT1/POLR2J2_TRAT1/CREBZF_TRAT1/CEP68_TRAT1/CYLD_TRAT1/SLC7A6_TRAT1/STX16_TRAT1/CLUAP1_BCL11B/DOCK9_BCL11B/FOXP1_BCL11B/PCM1_BCL11B/PHC3_BCL11B/NFATC3_BCL11B/TIMM8A_BCL11B/REPS1_BCL11B/PSPC1_BCL11B/ST3GAL1_BCL11B/CEP68_BCL11B/CYLD_BCL11B/STX16_BCL11B/CLUAP1_CD2/DOCK9_CD2/ATM_CD2/FOXP1_CD2/KLF12_CD2/PCM1_CD2/PHC3_CD2/NFATC3_CD2/TIMM8A_CD2/ATF7IP_CD2/REPS1_CD2/PSPC1_CD2/SNRPN_CD2/CREBZF_CD2/CEP68_CD2/MAP3K1_CD2/CYLD_CD2/DOCK9_CD6/CDC14A_CD6/ATM_CD6/FOXP1_CD6/PCM1_CD6/PHC3_CD6/ATF7IP_CD6/REPS1_CD6/PSPC1_CD6/ST3GAL1_CD6/SNRPN_CD6/POLR2J2_CD6/CREBZF_CD6/CEP68_CD6/TXK_CD6/MAP3K1_CD6/CYLD_CD6/STX16_CD6/CLUAP1_CD96/DOCK9_CD96/FOXP1_CD96/PCM1_CD96/PHC3_CD96/NFATC3_CD96/REPS1_CD96/PSPC1_CD96/SNRPN_CD96/CEP68_CD96/MAP3K1_CD96/CYLD_CD96/SLC7A6_CD96/STX16_CD96/REPS1_GIMAP5/SNRPN_GIMAP5/CYLD_GIMAP5/CLUAP1_SH2D1A/DOCK9_SH2D1A/ATM_SH2D1A/FOXP1_SH2D1A/PCM1_SH2D1A/PHC3_SH2D1A/NFATC3_SH2D1A/ATF7IP_SH2D1A/REPS1_SH2D1A/PSPC1_SH2D1A/CASP8_SH2D1A/SNRPN_SH2D1A/CREBZF_SH2D1A/MAP3K1_SH2D1A/CYLD_SH2D1A/STX16_SH2D1A/CLUAP1_TRBC1/DOCK9_TRBC1/FOXP1_TRBC1/PCM1_TRBC1/PHC3_TRBC1/NFATC3_TRBC1/REPS1_TRBC1/PSPC1_TRBC1/ST3GAL1_TRBC1/SNRPN_TRBC1/NEFL_TRBC1/CYLD_TRBC1/STX16_TRBC1/SNRPN_ITM2A
429,337,Tem_T,Tem,T,69,0,0,1,1,1,,TBC1D5_CD3D/NFATC4_CD3D/AKT3_CD3D/EWSR1_CD3D/FLI1_CD28/TBC1D5_CD28/NFATC4_CD28/AKT3_CD28/EWSR1_CD28/TBCD_CD28/NFATC4_PRKCQ/MEFV_CD3G/TBC1D5_CD3G/AKT3_CD3G/EWSR1_CD3G/MEFV_CD3E/FLI1_CD3E/TBC1D5_CD3E/NFATC4_CD3E/AKT3_CD3E/EWSR1_CD3E/TBCD_CD3E/DDX17_CD3E/GDPD5_TRAT1/TBC1D5_TRAT1/NFATC4_TRAT1/EWSR1_TRAT1/TBCD_TRAT1/DDX17_TRAT1/TBC1D5_BCL11B/EWSR1_BCL11B/DDX17_BCL11B/TBC1D5_CD2/NFATC4_CD2/AKT3_CD2/EWSR1_CD2/DDX17_CD2/MEFV_CD6/GDPD5_CD6/FLI1_CD6/TBC1D5_CD6/NFATC4_CD6/AKT3_CD6/EWSR1_CD6/TBCD_CD6/DDX17_CD6/MEFV_CD96/FLI1_CD96/TBC1D5_CD96/AKT3_CD96/EWSR1_CD96/TBCD_CD96/EWSR1_GIMAP5/MEFV_SH2D1A/GDPD5_SH2D1A/TBC1D5_SH2D1A/NFATC4_SH2D1A/AKT3_SH2D1A/EWSR1_SH2D1A/DDX17_SH2D1A/MEFV_TRBC1/GDPD5_TRBC1/FLI1_TRBC1/TBC1D5_TRBC1/NFATC4_TRBC1/AKT3_TRBC1/EWSR1_TRBC1/TBCD_TRBC1/DDX17_TRBC1
430,337,Tfh_T,Tfh,T,129,0,0,1,1,1,,MYO7A_CD3D/SLC7A10_CD3D/SMAD1_CD3D/MAGEH1_CD3D/B3GAT1_CD3D/POMT1_CD3D/PASK_CD3D/PDCD1_CD3D/PTPN13_CD3D/THADA_CD3D/SMAD1_CD28/ICA1_CD28/MAGEH1_CD28/B3GAT1_CD28/SH3TC1_CD28/CDK5R1_CD28/ST8SIA1_CD28/MAF_CD28/MYO6_CD28/PTPN13_CD28/MAGEH1_LCK/CDK5R1_LCK/SIRPG_PRKCQ/MAGEH1_PRKCQ/PTPN13_PRKCQ/PTPN13_NCALD/SLC7A10_CD3G/SMAD1_CD3G/MAGEH1_CD3G/B3GAT1_CD3G/POMT1_CD3G/ST8SIA1_CD3G/MYO6_CD3G/PTPN13_CD3G/THADA_CD3G/MYO7A_CD3E/SLC7A10_CD3E/SMAD1_CD3E/ICA1_CD3E/PVALB_CD3E/MAGEH1_CD3E/B3GAT1_CD3E/POMT1_CD3E/CDK5R1_CD3E/ST8SIA1_CD3E/MYO6_CD3E/PTPN13_CD3E/THADA_CD3E/ZNF764_CD3E/SLC7A10_TRAT1/SMAD1_TRAT1/HEY1_TRAT1/PVALB_TRAT1/B3GAT1_TRAT1/SH3TC1_TRAT1/POMT1_TRAT1/PASK_TRAT1/MYO6_TRAT1/THADA_TRAT1/ZNF764_TRAT1/SLC7A10_BCL11B/SMAD1_BCL11B/ICA1_BCL11B/B3GAT1_BCL11B/PASK_BCL11B/PTPN13_BCL11B/THADA_BCL11B/MYO7A_CD2/TSHR_CD2/SLC7A10_CD2/SMAD1_CD2/MAGEH1_CD2/B3GAT1_CD2/POMT1_CD2/PASK_CD2/CDK5R1_CD2/MYO6_CD2/PTPN13_CD2/THADA_CD2/ZNF764_CD2/MYO7A_CD6/SLC7A10_CD6/SMAD1_CD6/ICA1_CD6/PVALB_CD6/MAGEH1_CD6/B3GAT1_CD6/SH3TC1_CD6/POMT1_CD6/PASK_CD6/CDK5R1_CD6/PTPN13_CD6/THADA_CD6/SLC7A10_CD96/SMAD1_CD96/MAGEH1_CD96/B3GAT1_CD96/SH3TC1_CD96/POMT1_CD96/PASK_CD96/CDK5R1_CD96/THADA_CD96/SLC7A10_GIMAP5/B3GAT1_GIMAP5/POMT1_GIMAP5/MYO7A_SH2D1A/TOX_SH2D1A/SLC7A10_SH2D1A/SMAD1_SH2D1A/PVALB_SH2D1A/MAGEH1_SH2D1A/B3GAT1_SH2D1A/POMT1_SH2D1A/PDCD1_SH2D1A/SLC7A10_TRBC1/SMAD1_TRBC1/ICA1_TRBC1/PVALB_TRBC1/MAGEH1_TRBC1/B3GAT1_TRBC1/SH3TC1_TRBC1/POMT1_TRBC1/PASK_TRBC1/CDK5R1_TRBC1/ST8SIA1_TRBC1/PDCD1_TRBC1/PTPN13_TRBC1/THADA_TRBC1/STK39_ITM2A
431,337,Tgd_T,Tgd,T,25,0,0,1,1,1,,CD160_CD3D/FEZ1_CD3D/CD160_CD28/FEZ1_CD28/FEZ1_LCK/FEZ1_PRKCQ/TRGV9_CD3G/FEZ1_CD3G/CD160_CD3E/FEZ1_CD3E/TRGV9_TRAT1/CD160_TRAT1/FEZ1_TRAT1/CD160_BCL11B/FEZ1_BCL11B/CD160_CD2/FEZ1_CD2/CD160_CD6/FEZ1_CD96/TRGV9_SH2D1A/CD160_SH2D1A/FEZ1_SH2D1A/TRGV9_TRBC1/CD160_TRBC1/FEZ1_TRBC1
432,337,Th1_T,Th1,T,104,0,0,1,1,1,,IL22_CD3D/IFNG_CD3D/IL12RB2_CD3D/BST2_CD3D/SYNGR3_CD3D/SGCB_CD3D/BTG3_CD3D/CD38_CD3D/LRP8_CD28/IL22_CD28/DGKI_CD28/IFNG_CD28/APBB2_CD28/BST2_CD28/CCL4_CD28/GGT1_CD28/CD70_CD28/CD38_CD28/GGT1_LCK/BTG3_LCK/APOD_NCALD/LRP8_CD3G/IL22_CD3G/IFNG_CD3G/APBB2_CD3G/BST2_CD3G/LRRN3_CD3G/ATP9A_CD3G/BTG3_CD3G/LRP8_CD3E/IL22_CD3E/IFNG_CD3E/LTA_CD3E/APBB2_CD3E/BST2_CD3E/CCL4_CD3E/LRRN3_CD3E/GGT1_CD3E/SGCB_CD3E/BTG3_CD3E/CTLA4_CD3E/CD38_CD3E/IL22_TRAT1/DGKI_TRAT1/IFNG_TRAT1/LTA_TRAT1/BST2_TRAT1/CCL4_TRAT1/LRRN3_TRAT1/GGT1_TRAT1/SGCB_TRAT1/BTG3_TRAT1/CD70_TRAT1/IL22_BCL11B/BST2_BCL11B/BTG3_BCL11B/IL22_CD2/IFNG_CD2/APBB2_CD2/BST2_CD2/LRRN3_CD2/GGT1_CD2/BTG3_CD2/CD38_CD2/IL22_CD6/DGKI_CD6/LTA_CD6/BST2_CD6/CCL4_CD6/LRRN3_CD6/GGT1_CD6/HBEGF_CD6/BTG3_CD6/CD70_CD6/IL22_CD96/DGKI_CD96/IFNG_CD96/CCL4_CD96/LRRN3_CD96/SGCB_CD96/BTG3_CD96/CD70_CD96/CD38_CD96/BTG3_GIMAP5/LRP8_SH2D1A/IL22_SH2D1A/IFNG_SH2D1A/IL12RB2_SH2D1A/GGT1_SH2D1A/SGCB_SH2D1A/BTG3_SH2D1A/CD38_SH2D1A/LRP8_TRBC1/IL22_TRBC1/DGKI_TRBC1/IFNG_TRBC1/LTA_TRBC1/APBB2_TRBC1/CCL4_TRBC1/LRRN3_TRBC1/GGT1_TRBC1/BTG3_TRBC1/CD70_TRBC1/CD38_TRBC1
433,337,Th2_T,Th2,T,81,0,0,1,1,1,,AHI1_CD3D/IL26_CD3D/MB_CD3D/SMAD2_CD3D/GSTA4_CD3D/AHI1_CD28/SNRPD1_CD28/MB_CD28/SMAD2_CD28/GSTA4_CD28/SNRPD1_LCK/GSTA4_LCK/BIRC5_LCK/AHI1_PRKCQ/MB_PRKCQ/AHI1_CD3G/LAIR2_CD3G/SMAD2_CD3G/CDC25C_CD3G/GSTA4_CD3G/SLC39A14_CD3G/ADCY1_CD3E/AHI1_CD3E/SNRPD1_CD3E/IL26_CD3E/WDHD1_CD3E/SMAD2_CD3E/GSTA4_CD3E/SLC39A14_CD3E/SNRPD1_SKAP1/CXCR6_TRAT1/AHI1_TRAT1/SNRPD1_TRAT1/ANK1_TRAT1/WDHD1_TRAT1/MICAL2_TRAT1/SMAD2_TRAT1/CDC25C_TRAT1/SLC39A14_TRAT1/AHI1_BCL11B/SNRPD1_BCL11B/NEIL3_BCL11B/MICAL2_BCL11B/SMAD2_BCL11B/CDC25C_BCL11B/GSTA4_BCL11B/AHI1_CD2/LAIR2_CD2/SNRPD1_CD2/IL26_CD2/SMAD2_CD2/CDC25C_CD2/GSTA4_CD2/SLC39A14_CD2/CDC7_CD2/CXCR6_CD6/AHI1_CD6/MB_CD6/NEIL3_CD6/SMAD2_CD6/GSTA4_CD6/AHI1_CD96/SNRPD1_CD96/IL26_CD96/SMAD2_CD96/GSTA4_CD96/AHI1_GIMAP5/AHI1_SH2D1A/SNRPD1_SH2D1A/MB_SH2D1A/ANK1_SH2D1A/SMAD2_SH2D1A/GSTA4_SH2D1A/LIMA1_SH2D1A/AHI1_TRBC1/ANK1_TRBC1/MICAL2_TRBC1/SMAD2_TRBC1/GSTA4_TRBC1/SLC39A14_ITM2A/BIRC5_ITM2A
434,337,CD56dim NK_Th,CD56dim NK,Th,7,0,0,1,1,1,,KIR3DL2_ICOS/KIR2DL3_ICOS/GZMB_ICOS/KIR3DL1_ICOS/GZMB_CD28/GTF3C1_CD28/IL21R_PHF10
435,337,Tem_Th,Tem,Th,10,0,0,1,1,1,,AKT3_ICOS/DDX17_ICOS/FLI1_GOLGA8A/FLI1_ATF2/FLI1_CD28/TBC1D5_CD28/NFATC4_CD28/AKT3_CD28/EWSR1_CD28/TBCD_CD28
436,337,Tgd_Th,Tgd,Th,2,0,0,1,1,1,,CD160_CD28/FEZ1_CD28
437,337,CD56bright NK_Tcm,CD56bright NK,Tcm,1,0,0,1,1,1,,XCL1_TRAF3IP3
438,337,Tgd_Tcm,Tgd,Tcm,2,0,0,1,1,1,,FEZ1_TRAF3IP3/FEZ1_TXK
439,337,aDC_Tem,aDC,Tem,0,0,NA,1,1,1,,
440,337,Eosinophil_Tem,Eosinophil,Tem,1,0,0,1,1,1,,SYNJ1_EWSR1
441,337,Macrophage_Tem,Macrophage,Tem,12,0,0,1,1,1,,SULT1C2_MEFV/BCAT1_CCR2/BCAT1_PRKY/CTSK_FLI1/BCAT1_FLI1/GM2A_FLI1/ATG7_FLI1/MS4A4A_FLI1/BCAT1_TBC1D5/BCAT1_AKT3/BCAT1_LTK/BCAT1_DDX17
442,337,Neutrophil_Tem,Neutrophil,Tem,7,0,0,1,1,1,,CD93_MEFV/DYSF_CCR2/PDE4B_CCR2/SLC25A37_PRKY/DYSF_FLI1/SLC25A37_FLI1/MGAM_EWSR1
443,337,CD56bright NK_Tem,CD56bright NK,Tem,0,0,NA,1,1,1,,
444,337,Tgd_Tem,Tgd,Tem,0,0,NA,1,1,1,,
445,337,aDC_Tfh,aDC,Tfh,2,0,0,1,1,1,,OAS3_MYO7A/EBI3_B3GAT1
446,337,Tem_Tfh,Tem,Tfh,10,0,0,1,1,1,,TBC1D5_TOX/MEFV_SIRPG/FLI1_SIRPG/TBC1D5_SIRPG/NFATC4_SIRPG/AKT3_SIRPG/EWSR1_SIRPG/TBCD_SIRPG/FLI1_CDK5R1/EWSR1_ZNF764
447,337,Tgd_Tfh,Tgd,Tfh,3,0,0,1,1,1,,FEZ1_SIRPG/FEZ1_ST8SIA1/CD160_ZNF764
448,337,aDC_Tgd,aDC,Tgd,1,0,0,1,1,1,,OAS3_TRGV9
449,337,Eosinophil_Tgd,Eosinophil,Tgd,0,0,NA,1,1,1,,
450,337,Macrophage_Tgd,Macrophage,Tgd,3,0,0,1,1,1,,BCAT1_TRGV9/BCAT1_CD160/BCAT1_FEZ1
451,337,Mast_Tgd,Mast,Tgd,3,0,0,1,1,1,,SLC18A2_CD160/MS4A2_FEZ1/SIGLEC6_FEZ1
452,337,CD56bright NK_Tgd,CD56bright NK,Tgd,0,0,NA,1,1,1,,
453,337,CD56dim NK_Tgd,CD56dim NK,Tgd,0,0,NA,1,1,1,,
454,337,Tumor_Tgd,Tumor,Tgd,2,0,0,1,1,1,,MFAP2_TRGV9/BAMBI_TRGV9
455,337,Tem_Tgd,Tem,Tgd,0,0,NA,1,1,1,,
456,337,aDC_Th1,aDC,Th1,2,0,0,1,1,1,,EBI3_BTG3/OAS3_CTLA4
457,337,CD56bright NK_Th1,CD56bright NK,Th1,1,0,0,1,1,1,,MPPED1_ZBTB32
458,337,Tumor_Th1,Tumor,Th1,21,0,0,1,1,1,,RBP1_APOD/MFAP2_APOD/S100A2_APOD/INHBB_APOD/SLC1A5_APOD/VSNL1_ZBTB32/IGF2_ZBTB32/FGF3_ZBTB32/BAMBI_ZBTB32/BMP7_BST2/RPP25_BST2/S100A2_SYNGR3/BAMBI_ATP9A/S100A3_SGCB/LRFN4_BTG3/IGF2_CTLA4/RHOD_CTLA4/FKBP4_CTLA4/S100A2_CSF2/RHOD_CSF2/FKBP4_CSF2
459,337,Tgd_Th1,Tgd,Th1,4,0,0,1,1,1,,CD160_LTA/CD160_ZBTB32/TRGV9_BTG3/FEZ1_CTLA4
460,337,aDC_Th2,aDC,Th2,1,0,0,1,1,1,,OAS3_GATA3
461,337,Neutrophil_Th2,Neutrophil,Th2,7,0,0,1,1,1,,SLC25A37_CXCR6/MGAM_SNRPD1/HPSE_IL26/SLC25A37_IL26/CEACAM3_GATA3/HPSE_GATA3/SLC25A37_LIMA1
462,337,Tgd_Th2,Tgd,Th2,1,0,0,1,1,1,,FEZ1_GATA3
