,mean,sd,hdi_3%,hdi_97%,mcse_mean,mcse_sd,ess_bulk,ess_tail,r_hat
celltype_bmi_slope[0],0.058,0.14,-0.221,0.34,0.002,0.002,5959.0,5056.0,1.0
celltype_bmi_slope[1],0.226,0.047,0.139,0.312,0.001,0.002,3956.0,2776.0,1.0
celltype_bmi_slope[2],0.014,0.018,-0.02,0.047,0.0,0.0,8465.0,5348.0,1.0
celltype_bmi_slope[3],-0.108,0.144,-0.39,0.189,0.002,0.002,5209.0,4468.0,1.0
celltype_bmi_slope[4],0.0,0.008,-0.015,0.014,0.0,0.0,14624.0,6002.0,1.0
celltype_bmi_slope[5],0.028,0.011,0.009,0.05,0.0,0.0,14267.0,6323.0,1.0
celltype_bmi_slope[6],-0.036,0.137,-0.308,0.24,0.002,0.002,5117.0,4623.0,1.0
celltype_bmi_slope[7],-0.02,0.139,-0.317,0.251,0.002,0.002,7159.0,5314.0,1.0
celltype_bmi_slope[8],0.046,0.077,-0.103,0.212,0.001,0.002,3921.0,3425.0,1.0
feature_baseline[0],-0.012,0.037,-0.084,0.054,0.0,0.0,13373.0,5725.0,1.0
feature_baseline[1],-0.016,0.037,-0.089,0.052,0.0,0.0,18694.0,5714.0,1.0
feature_baseline[2],-0.019,0.037,-0.088,0.051,0.0,0.0,17528.0,5673.0,1.0
feature_baseline[3],-0.022,0.037,-0.094,0.045,0.0,0.0,15240.0,6092.0,1.0
feature_baseline[4],-0.025,0.037,-0.093,0.047,0.0,0.0,17705.0,6113.0,1.0
feature_baseline[5],-0.022,0.038,-0.094,0.049,0.0,0.001,20923.0,5002.0,1.0
feature_baseline[6],-0.027,0.038,-0.097,0.044,0.0,0.0,17505.0,5315.0,1.0
feature_baseline[7],-0.016,0.037,-0.084,0.055,0.0,0.0,19432.0,6205.0,1.0
feature_baseline[8],-0.027,0.037,-0.097,0.042,0.0,0.0,17458.0,5361.0,1.0
feature_baseline[9],-0.013,0.038,-0.082,0.06,0.0,0.0,17053.0,5820.0,1.0
feature_baseline[10],-0.03,0.038,-0.103,0.04,0.0,0.001,19732.0,5355.0,1.0
feature_baseline[11],-0.015,0.037,-0.088,0.053,0.0,0.001,18597.0,5593.0,1.0
feature_baseline[12],-0.047,0.037,-0.113,0.023,0.0,0.0,15930.0,5694.0,1.0
feature_baseline[13],-0.038,0.038,-0.112,0.032,0.0,0.001,17526.0,5808.0,1.0
feature_baseline[14],-0.034,0.037,-0.103,0.034,0.0,0.0,16294.0,6115.0,1.0
feature_baseline[15],-0.025,0.038,-0.095,0.045,0.0,0.0,17900.0,5487.0,1.0
feature_baseline[16],-0.034,0.038,-0.105,0.037,0.0,0.001,17028.0,4794.0,1.0
feature_baseline[17],-0.016,0.038,-0.083,0.058,0.0,0.0,16575.0,5434.0,1.0
feature_baseline[18],-0.012,0.037,-0.082,0.059,0.0,0.001,16891.0,5585.0,1.0
feature_baseline[19],-0.029,0.038,-0.101,0.043,0.0,0.001,19281.0,5369.0,1.0
feature_baseline[20],-0.009,0.037,-0.078,0.059,0.0,0.0,18650.0,5478.0,1.0
feature_baseline[21],-0.023,0.037,-0.09,0.047,0.0,0.001,18247.0,5248.0,1.0
feature_baseline[22],-0.037,0.037,-0.107,0.034,0.0,0.0,18841.0,5561.0,1.0
feature_baseline[23],-0.024,0.038,-0.096,0.045,0.0,0.0,16242.0,5638.0,1.0
feature_baseline[24],0.0,0.037,-0.072,0.067,0.0,0.001,14495.0,5349.0,1.0
feature_baseline[25],-0.031,0.037,-0.1,0.038,0.0,0.0,15706.0,5575.0,1.0
feature_baseline[26],-0.014,0.038,-0.085,0.057,0.0,0.0,17580.0,5736.0,1.0
feature_baseline[27],-0.015,0.038,-0.09,0.056,0.0,0.001,17733.0,5431.0,1.0
feature_baseline[28],-0.032,0.037,-0.106,0.034,0.0,0.001,20606.0,5815.0,1.0
feature_baseline[29],-0.019,0.038,-0.09,0.052,0.0,0.001,18249.0,5938.0,1.0
feature_baseline[30],-0.036,0.037,-0.106,0.034,0.0,0.001,17492.0,5231.0,1.0
feature_baseline[31],-0.008,0.037,-0.08,0.057,0.0,0.0,17808.0,5969.0,1.0
feature_baseline[32],-0.021,0.037,-0.088,0.048,0.0,0.0,15103.0,6155.0,1.0
feature_baseline[33],-0.009,0.037,-0.079,0.06,0.0,0.0,13675.0,5062.0,1.0
feature_baseline[34],-0.024,0.038,-0.093,0.048,0.0,0.0,19992.0,5585.0,1.0
feature_baseline[35],-0.03,0.037,-0.103,0.038,0.0,0.0,16833.0,5666.0,1.0
feature_baseline[36],-0.007,0.037,-0.08,0.059,0.0,0.0,14164.0,6046.0,1.0
feature_baseline[37],-0.007,0.037,-0.076,0.062,0.0,0.0,16088.0,5634.0,1.0
feature_baseline[38],-0.022,0.038,-0.094,0.05,0.0,0.001,16825.0,5174.0,1.0
feature_baseline[39],-0.019,0.038,-0.091,0.05,0.0,0.001,17048.0,5392.0,1.0
feature_baseline[40],-0.03,0.037,-0.098,0.04,0.0,0.0,16284.0,6331.0,1.0
feature_baseline[41],-0.017,0.038,-0.09,0.054,0.0,0.001,17339.0,5304.0,1.0
feature_baseline[42],-0.02,0.037,-0.089,0.048,0.0,0.0,18052.0,5607.0,1.0
feature_baseline[43],-0.01,0.037,-0.082,0.059,0.0,0.0,17773.0,5761.0,1.0
feature_baseline[44],-0.012,0.038,-0.082,0.061,0.0,0.001,20887.0,5569.0,1.0
feature_baseline[45],-0.044,0.037,-0.111,0.029,0.0,0.001,18415.0,5574.0,1.0
feature_baseline[46],-0.025,0.037,-0.093,0.045,0.0,0.0,19005.0,6255.0,1.0
feature_baseline[47],-0.022,0.036,-0.092,0.045,0.0,0.0,15658.0,5604.0,1.0
feature_baseline[48],-0.011,0.038,-0.081,0.061,0.0,0.001,17614.0,5175.0,1.0
feature_baseline[49],-0.02,0.037,-0.091,0.049,0.0,0.0,16005.0,5758.0,1.0
feature_baseline[50],-0.021,0.037,-0.091,0.048,0.0,0.0,17295.0,5882.0,1.0
feature_baseline[51],-0.015,0.037,-0.084,0.055,0.0,0.0,17147.0,5616.0,1.0
feature_baseline[52],-0.046,0.038,-0.121,0.022,0.0,0.0,16242.0,5833.0,1.0
feature_baseline[53],-0.017,0.038,-0.087,0.055,0.0,0.0,16616.0,5867.0,1.0
feature_baseline[54],-0.021,0.037,-0.087,0.051,0.0,0.001,20890.0,5661.0,1.0
feature_baseline[55],-0.035,0.037,-0.104,0.038,0.0,0.001,17532.0,5733.0,1.0
feature_baseline[56],-0.019,0.038,-0.088,0.054,0.0,0.0,18111.0,5847.0,1.0
feature_baseline[57],-0.019,0.037,-0.086,0.054,0.0,0.0,20382.0,5943.0,1.0
feature_bmi_slope[0],0.069,0.037,-0.003,0.136,0.0,0.0,7496.0,5471.0,1.0
feature_bmi_slope[1],0.222,0.03,0.165,0.28,0.0,0.0,8783.0,7145.0,1.0
feature_bmi_slope[2],0.236,0.03,0.18,0.296,0.0,0.0,9518.0,7485.0,1.0
feature_bmi_slope[3],0.233,0.03,0.176,0.289,0.0,0.0,10018.0,7874.0,1.0
feature_bmi_slope[4],0.021,0.025,-0.023,0.07,0.0,0.0,11833.0,7075.0,1.0
feature_bmi_slope[5],0.028,0.027,-0.02,0.08,0.0,0.0,7636.0,6835.0,1.0
feature_bmi_slope[6],0.026,0.025,-0.021,0.074,0.0,0.0,8481.0,7155.0,1.0
feature_bmi_slope[7],0.0,0.026,-0.055,0.045,0.0,0.0,8712.0,6642.0,1.0
feature_bmi_slope[8],0.021,0.025,-0.022,0.071,0.0,0.0,10201.0,7362.0,1.0
feature_bmi_slope[9],0.012,0.024,-0.031,0.06,0.0,0.0,13955.0,7075.0,1.0
feature_bmi_slope[10],-0.0,0.027,-0.053,0.046,0.0,0.0,9512.0,6973.0,1.0
feature_bmi_slope[11],-0.0,0.026,-0.051,0.045,0.0,0.0,9279.0,6891.0,1.0
feature_bmi_slope[12],-0.135,0.036,-0.202,-0.065,0.0,0.0,8490.0,5217.0,1.0
feature_bmi_slope[13],0.001,0.012,-0.022,0.024,0.0,0.0,13789.0,6872.0,1.0
feature_bmi_slope[14],0.002,0.012,-0.021,0.025,0.0,0.0,12310.0,6679.0,1.0
feature_bmi_slope[15],0.001,0.012,-0.022,0.024,0.0,0.0,13338.0,6914.0,1.0
feature_bmi_slope[16],0.0,0.012,-0.022,0.024,0.0,0.0,13065.0,6318.0,1.0
feature_bmi_slope[17],0.001,0.012,-0.022,0.024,0.0,0.0,13447.0,5954.0,1.0
feature_bmi_slope[18],-0.002,0.012,-0.027,0.02,0.0,0.0,13483.0,6334.0,1.0
feature_bmi_slope[19],-0.0,0.012,-0.024,0.022,0.0,0.0,12054.0,6666.0,1.0
feature_bmi_slope[20],0.0,0.012,-0.022,0.025,0.0,0.0,13863.0,6160.0,1.0
feature_bmi_slope[21],0.001,0.012,-0.021,0.024,0.0,0.0,12873.0,6501.0,1.0
feature_bmi_slope[22],0.001,0.012,-0.023,0.024,0.0,0.0,13778.0,7020.0,1.0
feature_bmi_slope[23],0.003,0.013,-0.021,0.026,0.0,0.0,12447.0,6426.0,1.0
feature_bmi_slope[24],0.0,0.012,-0.023,0.024,0.0,0.0,12618.0,6756.0,1.0
feature_bmi_slope[25],-0.001,0.012,-0.024,0.022,0.0,0.0,14717.0,5959.0,1.0
feature_bmi_slope[26],-0.001,0.012,-0.024,0.021,0.0,0.0,14113.0,6741.0,1.0
feature_bmi_slope[27],0.003,0.013,-0.02,0.027,0.0,0.0,12535.0,6310.0,1.0
feature_bmi_slope[28],-0.004,0.013,-0.029,0.019,0.0,0.0,10028.0,6117.0,1.0
feature_bmi_slope[29],-0.001,0.012,-0.024,0.023,0.0,0.0,11815.0,6642.0,1.0
feature_bmi_slope[30],0.0,0.012,-0.023,0.022,0.0,0.0,14044.0,6560.0,1.0
feature_bmi_slope[31],0.001,0.012,-0.021,0.024,0.0,0.0,13253.0,6994.0,1.0
feature_bmi_slope[32],-0.003,0.013,-0.027,0.021,0.0,0.0,12703.0,6195.0,1.0
feature_bmi_slope[33],-0.002,0.012,-0.026,0.02,0.0,0.0,13000.0,6228.0,1.0
feature_bmi_slope[34],-0.001,0.012,-0.024,0.021,0.0,0.0,12432.0,6415.0,1.0
feature_bmi_slope[35],0.0,0.012,-0.023,0.022,0.0,0.0,13151.0,6110.0,1.0
feature_bmi_slope[36],0.003,0.013,-0.021,0.028,0.0,0.0,11958.0,5925.0,1.0
feature_bmi_slope[37],0.001,0.012,-0.022,0.023,0.0,0.0,12913.0,6826.0,1.0
feature_bmi_slope[38],-0.001,0.012,-0.025,0.021,0.0,0.0,14383.0,6228.0,1.0
feature_bmi_slope[39],0.024,0.017,-0.011,0.055,0.0,0.0,13393.0,6096.0,1.0
feature_bmi_slope[40],0.025,0.017,-0.009,0.056,0.0,0.0,12835.0,6332.0,1.0
feature_bmi_slope[41],0.027,0.017,-0.008,0.056,0.0,0.0,15209.0,7046.0,1.0
feature_bmi_slope[42],0.033,0.018,0.002,0.07,0.0,0.0,12845.0,6551.0,1.0
feature_bmi_slope[43],0.02,0.019,-0.018,0.054,0.0,0.0,9767.0,6615.0,1.0
feature_bmi_slope[44],0.025,0.017,-0.007,0.058,0.0,0.0,14513.0,6435.0,1.0
feature_bmi_slope[45],0.028,0.017,-0.006,0.06,0.0,0.0,15872.0,7075.0,1.0
feature_bmi_slope[46],0.029,0.016,-0.004,0.059,0.0,0.0,16067.0,6796.0,1.0
feature_bmi_slope[47],0.032,0.017,-0.001,0.066,0.0,0.0,13702.0,7028.0,1.0
feature_bmi_slope[48],0.022,0.019,-0.016,0.054,0.0,0.0,12453.0,6292.0,1.0
feature_bmi_slope[49],0.032,0.018,-0.002,0.066,0.0,0.0,13508.0,6803.0,1.0
feature_bmi_slope[50],0.032,0.018,-0.002,0.067,0.0,0.0,14059.0,7078.0,1.0
feature_bmi_slope[51],0.034,0.018,0.001,0.069,0.0,0.0,12190.0,6655.0,1.0
feature_bmi_slope[52],0.024,0.018,-0.012,0.056,0.0,0.0,14198.0,7249.0,1.0
feature_bmi_slope[53],0.033,0.018,0.001,0.069,0.0,0.0,11259.0,7005.0,1.0
feature_bmi_slope[54],-0.045,0.036,-0.108,0.029,0.0,0.0,8011.0,5570.0,1.0
feature_bmi_slope[55],-0.02,0.037,-0.092,0.047,0.0,0.0,8511.0,5519.0,1.0
feature_bmi_slope[56],0.048,0.033,-0.015,0.11,0.0,0.0,8291.0,7372.0,1.0
feature_bmi_slope[57],0.048,0.034,-0.013,0.116,0.0,0.0,8840.0,7630.0,1.0
feature_deviation_bmi_raw[0],0.074,0.919,-1.647,1.845,0.011,0.011,7459.0,5528.0,1.0
feature_deviation_bmi_raw[1],-0.122,0.843,-1.792,1.389,0.01,0.01,7429.0,5876.0,1.0
feature_deviation_bmi_raw[2],0.163,0.85,-1.427,1.829,0.009,0.011,8289.0,5564.0,1.0
feature_deviation_bmi_raw[3],0.091,0.83,-1.512,1.624,0.009,0.01,7664.0,6454.0,1.0
feature_deviation_bmi_raw[4],0.223,0.865,-1.393,1.852,0.008,0.011,10795.0,5507.0,1.0
feature_deviation_bmi_raw[5],0.457,0.858,-1.166,2.054,0.008,0.011,10344.0,5579.0,1.0
feature_deviation_bmi_raw[6],0.391,0.865,-1.206,2.054,0.008,0.012,11691.0,4998.0,1.0
feature_deviation_bmi_raw[7],-0.428,0.875,-2.015,1.304,0.008,0.011,11216.0,4833.0,1.0
feature_deviation_bmi_raw[8],0.234,0.86,-1.423,1.822,0.008,0.011,12685.0,5654.0,1.0
feature_deviation_bmi_raw[9],-0.058,0.834,-1.599,1.544,0.007,0.011,13706.0,6095.0,1.0
feature_deviation_bmi_raw[10],-0.451,0.893,-2.125,1.306,0.008,0.012,11107.0,6008.0,1.0
feature_deviation_bmi_raw[11],-0.442,0.879,-2.093,1.237,0.009,0.011,10368.0,5782.0,1.0
feature_deviation_bmi_raw[12],-0.133,0.913,-1.916,1.51,0.01,0.01,8045.0,6620.0,1.0
feature_deviation_bmi_raw[13],0.102,0.951,-1.671,1.924,0.007,0.012,16877.0,5917.0,1.0
feature_deviation_bmi_raw[14],0.126,0.992,-1.68,2.031,0.008,0.013,15730.0,5448.0,1.0
feature_deviation_bmi_raw[15],0.029,0.975,-1.797,1.859,0.007,0.014,18986.0,5440.0,1.0
feature_deviation_bmi_raw[16],0.028,0.975,-1.753,1.95,0.008,0.013,14712.0,5663.0,1.0
feature_deviation_bmi_raw[17],0.115,0.99,-1.738,2.006,0.008,0.012,14484.0,6070.0,1.0
feature_deviation_bmi_raw[18],-0.176,0.977,-1.972,1.709,0.007,0.013,20738.0,5101.0,1.0
feature_deviation_bmi_raw[19],-0.031,0.987,-1.952,1.792,0.008,0.013,15107.0,5882.0,1.0
feature_deviation_bmi_raw[20],0.011,0.965,-1.855,1.763,0.007,0.012,17016.0,6017.0,1.0
feature_deviation_bmi_raw[21],0.04,0.966,-1.807,1.829,0.008,0.013,16435.0,5109.0,1.0
feature_deviation_bmi_raw[22],0.059,0.982,-1.699,1.966,0.008,0.012,15735.0,5736.0,1.0
feature_deviation_bmi_raw[23],0.243,0.965,-1.624,2.035,0.008,0.013,16452.0,5886.0,1.0
feature_deviation_bmi_raw[24],0.005,0.969,-1.764,1.82,0.008,0.013,16373.0,5644.0,1.0
feature_deviation_bmi_raw[25],-0.077,0.995,-1.945,1.811,0.008,0.013,16736.0,5683.0,1.0
feature_deviation_bmi_raw[26],-0.086,0.957,-1.878,1.703,0.007,0.012,16912.0,5531.0,1.0
feature_deviation_bmi_raw[27],0.203,0.99,-1.617,2.097,0.008,0.013,16047.0,5694.0,1.0
feature_deviation_bmi_raw[28],-0.307,0.963,-2.096,1.527,0.009,0.011,11431.0,5718.0,1.0
feature_deviation_bmi_raw[29],-0.111,0.976,-1.911,1.751,0.008,0.012,15196.0,5673.0,1.0
feature_deviation_bmi_raw[30],0.0,0.973,-1.856,1.838,0.007,0.012,17595.0,6029.0,1.0
feature_deviation_bmi_raw[31],0.058,0.957,-1.706,1.879,0.008,0.013,14991.0,5745.0,1.0
feature_deviation_bmi_raw[32],-0.22,0.984,-2.084,1.623,0.008,0.013,16373.0,5873.0,1.0
feature_deviation_bmi_raw[33],-0.153,0.974,-1.935,1.713,0.008,0.013,16781.0,5821.0,1.0
feature_deviation_bmi_raw[34],-0.106,0.958,-1.887,1.663,0.008,0.012,14856.0,5487.0,1.0
feature_deviation_bmi_raw[35],0.0,0.978,-1.867,1.808,0.007,0.013,17728.0,5567.0,1.0
feature_deviation_bmi_raw[36],0.265,0.979,-1.564,2.126,0.007,0.014,17380.0,5561.0,1.0
feature_deviation_bmi_raw[37],0.087,0.956,-1.702,1.87,0.007,0.012,17393.0,5749.0,1.0
feature_deviation_bmi_raw[38],-0.096,0.951,-1.874,1.75,0.007,0.013,16607.0,6107.0,1.0
feature_deviation_bmi_raw[39],-0.2,0.939,-1.953,1.604,0.008,0.012,14561.0,5753.0,1.0
feature_deviation_bmi_raw[40],-0.175,0.928,-1.972,1.561,0.008,0.011,14708.0,6101.0,1.0
feature_deviation_bmi_raw[41],-0.044,0.918,-1.798,1.628,0.007,0.012,17625.0,5749.0,1.0
feature_deviation_bmi_raw[42],0.286,0.943,-1.437,2.12,0.008,0.012,15203.0,5619.0,1.0
feature_deviation_bmi_raw[43],-0.423,0.96,-2.189,1.431,0.009,0.01,11606.0,6636.0,1.0
feature_deviation_bmi_raw[44],-0.135,0.951,-1.941,1.624,0.007,0.013,16442.0,5721.0,1.0
feature_deviation_bmi_raw[45],0.025,0.938,-1.611,1.883,0.008,0.012,15301.0,6191.0,1.0
feature_deviation_bmi_raw[46],0.054,0.913,-1.701,1.721,0.007,0.012,15980.0,5835.0,1.0
feature_deviation_bmi_raw[47],0.185,0.93,-1.604,1.857,0.007,0.012,16233.0,6054.0,1.0
feature_deviation_bmi_raw[48],-0.299,0.955,-2.136,1.445,0.008,0.011,15094.0,6355.0,1.0
feature_deviation_bmi_raw[49],0.176,0.93,-1.615,1.867,0.008,0.012,12792.0,5723.0,1.0
feature_deviation_bmi_raw[50],0.221,0.928,-1.495,2.014,0.008,0.011,13243.0,5826.0,1.0
feature_deviation_bmi_raw[51],0.292,0.939,-1.422,2.05,0.008,0.013,14230.0,5664.0,1.0
feature_deviation_bmi_raw[52],-0.201,0.962,-1.946,1.636,0.008,0.012,15169.0,5809.0,1.0
feature_deviation_bmi_raw[53],0.293,0.944,-1.529,1.978,0.008,0.012,14078.0,6218.0,1.0
feature_deviation_bmi_raw[54],-0.044,0.901,-1.681,1.775,0.011,0.01,6843.0,6482.0,1.0
feature_deviation_bmi_raw[55],-0.004,0.9,-1.686,1.687,0.009,0.011,10656.0,5897.0,1.0
feature_deviation_bmi_raw[56],0.018,0.801,-1.433,1.558,0.01,0.008,6563.0,6541.0,1.0
feature_deviation_bmi_raw[57],0.007,0.818,-1.563,1.547,0.011,0.009,5808.0,6063.0,1.0
feature_sigma_bmi[0],0.142,0.111,0.0,0.347,0.001,0.001,5371.0,3604.0,1.0
feature_sigma_bmi[1],0.051,0.057,0.0,0.155,0.001,0.001,3106.0,4009.0,1.0
feature_sigma_bmi[2],0.027,0.02,0.0,0.062,0.0,0.0,2893.0,3280.0,1.0
feature_sigma_bmi[3],0.148,0.112,0.0,0.345,0.001,0.001,5586.0,3881.0,1.0
feature_sigma_bmi[4],0.009,0.006,0.0,0.02,0.0,0.0,5186.0,3895.0,1.0
feature_sigma_bmi[5],0.014,0.011,0.0,0.033,0.0,0.0,4395.0,3306.0,1.0
feature_sigma_bmi[6],0.144,0.111,0.0,0.347,0.001,0.001,5018.0,3514.0,1.0
feature_sigma_bmi[7],0.142,0.111,0.0,0.35,0.001,0.001,5512.0,3989.0,1.0
feature_sigma_bmi[8],0.085,0.083,0.0,0.243,0.001,0.001,3413.0,4034.0,1.0
mu[0],0.026,0.042,-0.052,0.105,0.0,0.0,11758.0,6716.0,1.0
mu[1],0.004,0.038,-0.07,0.072,0.0,0.0,13181.0,5895.0,1.0
mu[2],0.118,0.079,-0.031,0.262,0.001,0.001,8848.0,6334.0,1.0
mu[3],-0.041,0.041,-0.114,0.039,0.0,0.0,11120.0,6210.0,1.0
mu[4],-0.066,0.048,-0.158,0.02,0.0,0.001,9581.0,6668.0,1.0
mu[5],0.012,0.039,-0.065,0.081,0.0,0.0,12827.0,6137.0,1.0
mu[6],-0.025,0.038,-0.096,0.046,0.0,0.0,12477.0,5954.0,1.0
mu[7],0.032,0.044,-0.049,0.114,0.0,0.0,11458.0,6877.0,1.0
mu[8],-0.069,0.049,-0.163,0.018,0.001,0.001,9442.0,6638.0,1.0
mu[9],-0.109,0.064,-0.226,0.017,0.001,0.001,8352.0,6474.0,1.0
mu[10],0.05,0.049,-0.045,0.139,0.0,0.001,10897.0,6901.0,1.0
mu[11],0.046,0.048,-0.046,0.133,0.0,0.001,10957.0,6905.0,1.0
mu[12],0.298,0.17,-0.041,0.596,0.002,0.002,7872.0,5609.0,1.0
mu[13],0.021,0.041,-0.056,0.096,0.0,0.0,12147.0,6505.0,1.0
mu[14],-0.022,0.038,-0.092,0.049,0.0,0.0,12724.0,6019.0,1.0
mu[15],-0.002,0.037,-0.074,0.065,0.0,0.0,13309.0,5498.0,1.0
mu[16],0.012,0.039,-0.064,0.083,0.0,0.0,12785.0,6089.0,1.0
mu[17],-0.089,0.056,-0.191,0.02,0.001,0.001,8764.0,6580.0,1.0
mu[18],0.089,0.065,-0.037,0.206,0.001,0.001,9434.0,6492.0,1.0
mu[19],-0.092,0.057,-0.196,0.019,0.001,0.001,8694.0,6515.0,1.0
mu[20],0.025,0.042,-0.053,0.103,0.0,0.0,11870.0,6719.0,1.0
mu[21],0.003,0.038,-0.07,0.07,0.0,0.0,13223.0,5703.0,1.0
mu[22],0.024,0.042,-0.053,0.103,0.0,0.0,11881.0,6719.0,1.0
mu[23],0.173,0.105,-0.019,0.374,0.001,0.001,8299.0,5851.0,1.0
mu[24],-0.01,0.037,-0.079,0.059,0.0,0.0,13308.0,5457.0,1.0
mu[25],0.023,0.041,-0.054,0.1,0.0,0.0,12013.0,6632.0,1.0
mu[26],0.068,0.056,-0.039,0.172,0.001,0.001,10113.0,6634.0,1.0
mu[27],0.022,0.041,-0.055,0.099,0.0,0.0,12068.0,6633.0,1.0
mu[28],0.005,0.038,-0.069,0.073,0.0,0.0,13123.0,6013.0,1.0
mu[29],-0.02,0.038,-0.09,0.05,0.0,0.0,12841.0,5964.0,1.0
mu[30],0.083,0.063,-0.039,0.196,0.001,0.001,9578.0,6606.0,1.0
mu[31],-0.078,0.052,-0.173,0.021,0.001,0.001,9092.0,6725.0,1.0
mu[32],-0.049,0.042,-0.13,0.029,0.0,0.0,10585.0,6255.0,1.0
mu[33],-0.006,0.037,-0.077,0.061,0.0,0.0,13329.0,5481.0,1.0
mu[34],-0.003,0.037,-0.075,0.063,0.0,0.0,13320.0,5401.0,1.0
mu[35],-0.069,0.049,-0.163,0.018,0.001,0.001,9437.0,6638.0,1.0
mu[36],-0.038,0.04,-0.11,0.04,0.0,0.0,11390.0,6009.0,1.0
mu[37],-0.104,0.062,-0.218,0.017,0.001,0.001,8446.0,6395.0,1.0
mu[38],-0.078,0.052,-0.175,0.02,0.001,0.001,9072.0,6725.0,1.0
mu[39],0.003,0.038,-0.07,0.07,0.0,0.0,13227.0,5725.0,1.0
mu[40],0.022,0.041,-0.055,0.098,0.0,0.0,12075.0,6661.0,1.0
mu[41],0.109,0.074,-0.033,0.243,0.001,0.001,9003.0,6499.0,1.0
mu[42],-0.07,0.049,-0.165,0.018,0.001,0.001,9389.0,6638.0,1.0
mu[43],0.045,0.048,-0.046,0.132,0.0,0.0,10969.0,6905.0,1.0
mu[44],-0.115,0.067,-0.241,0.013,0.001,0.001,8244.0,6313.0,1.0
mu[45],0.162,0.1,-0.02,0.353,0.001,0.001,8372.0,5881.0,1.0
mu[46],0.032,0.044,-0.049,0.113,0.0,0.0,11479.0,6786.0,1.0
mu[47],-0.004,0.037,-0.076,0.063,0.0,0.0,13327.0,5382.0,1.0
mu[48],-0.019,0.037,-0.089,0.05,0.0,0.0,12947.0,5930.0,1.0
mu[49],-0.041,0.041,-0.113,0.039,0.0,0.0,11156.0,6235.0,1.0
mu[50],-0.105,0.063,-0.221,0.016,0.001,0.001,8421.0,6420.0,1.0
mu[51],0.127,0.083,-0.031,0.279,0.001,0.001,8723.0,6278.0,1.0
mu[52],-0.01,0.037,-0.079,0.059,0.0,0.0,13304.0,5498.0,1.0
mu[53],-0.011,0.037,-0.085,0.054,0.0,0.0,13383.0,5683.0,1.0
mu[54],-0.01,0.037,-0.079,0.059,0.0,0.0,13304.0,5498.0,1.0
mu[55],-0.1,0.061,-0.215,0.015,0.001,0.001,8507.0,6590.0,1.0
mu[56],-0.055,0.044,-0.141,0.023,0.0,0.0,10184.0,6469.0,1.0
mu[57],0.03,0.043,-0.05,0.111,0.0,0.0,11540.0,6781.0,1.0
mu[58],-0.048,0.042,-0.13,0.029,0.0,0.0,10651.0,6229.0,1.0
mu[59],-0.064,0.047,-0.153,0.022,0.0,0.0,9671.0,6633.0,1.0
mu[60],0.04,0.046,-0.048,0.125,0.0,0.0,11182.0,6720.0,1.0
mu[61],-0.027,0.038,-0.095,0.047,0.0,0.0,12296.0,6107.0,1.0
mu[62],0.054,0.051,-0.044,0.146,0.0,0.001,10812.0,6840.0,1.0
mu[63],-0.105,0.063,-0.222,0.016,0.001,0.001,8412.0,6420.0,1.0
mu[64],0.082,0.062,-0.031,0.201,0.001,0.001,9638.0,6605.0,1.0
mu[65],0.017,0.04,-0.058,0.092,0.0,0.0,12374.0,6478.0,1.0
mu[66],0.021,0.041,-0.056,0.096,0.0,0.0,12136.0,6533.0,1.0
mu[67],-0.026,0.038,-0.097,0.045,0.0,0.0,12416.0,6034.0,1.0
mu[68],0.036,0.045,-0.048,0.12,0.0,0.0,11294.0,6965.0,1.0
mu[69],-0.026,0.038,-0.097,0.045,0.0,0.0,12416.0,6034.0,1.0
mu[70],0.021,0.041,-0.056,0.096,0.0,0.0,12136.0,6533.0,1.0
mu[71],0.083,0.062,-0.037,0.197,0.001,0.001,9597.0,6606.0,1.0
mu[72],-0.072,0.05,-0.169,0.018,0.001,0.001,9291.0,6725.0,1.0
mu[73],-0.072,0.05,-0.169,0.018,0.001,0.001,9291.0,6725.0,1.0
mu[74],-0.01,0.037,-0.083,0.055,0.0,0.0,13293.0,5578.0,1.0
mu[75],-0.015,0.037,-0.084,0.055,0.0,0.0,13196.0,5815.0,1.0
mu[76],0.012,0.039,-0.066,0.08,0.0,0.0,12851.0,6244.0,1.0
mu[77],0.012,0.039,-0.065,0.081,0.0,0.0,12827.0,6137.0,1.0
mu[78],-0.057,0.045,-0.144,0.023,0.0,0.0,10037.0,6441.0,1.0
mu[79],-0.005,0.037,-0.075,0.063,0.0,0.0,13327.0,5391.0,1.0
mu[80],-0.104,0.062,-0.218,0.017,0.001,0.001,8446.0,6395.0,1.0
mu[81],-0.072,0.05,-0.169,0.018,0.001,0.001,9291.0,6725.0,1.0
mu[82],-0.026,0.038,-0.097,0.045,0.0,0.0,12416.0,6034.0,1.0
mu[83],-0.086,0.055,-0.186,0.02,0.001,0.001,8842.0,6666.0,1.0
mu[84],0.052,0.05,-0.045,0.143,0.0,0.001,10859.0,6810.0,1.0
mu[85],0.067,0.056,-0.041,0.169,0.001,0.001,10143.0,6634.0,1.0
mu[86],-0.044,0.041,-0.121,0.035,0.0,0.0,10907.0,6286.0,1.0
mu[87],-0.041,0.041,-0.114,0.039,0.0,0.0,11120.0,6210.0,1.0
mu[88],0.005,0.038,-0.067,0.075,0.0,0.0,13135.0,6036.0,1.0
mu[89],0.021,0.041,-0.056,0.096,0.0,0.0,12136.0,6533.0,1.0
mu[90],-0.104,0.062,-0.218,0.017,0.001,0.001,8446.0,6395.0,1.0
mu[91],-0.1,0.061,-0.215,0.015,0.001,0.001,8507.0,6590.0,1.0
mu[92],0.172,0.105,-0.018,0.373,0.001,0.001,8305.0,5847.0,1.0
mu[93],0.021,0.041,-0.056,0.096,0.0,0.0,12136.0,6533.0,1.0
mu[94],-0.093,0.058,-0.198,0.019,0.001,0.001,8670.0,6473.0,1.0
mu[95],-0.063,0.047,-0.152,0.022,0.0,0.0,9707.0,6666.0,1.0
mu[96],-0.123,0.071,-0.256,0.011,0.001,0.001,8135.0,6037.0,1.0
mu[97],-0.057,0.045,-0.144,0.023,0.0,0.0,10037.0,6441.0,1.0
mu[98],0.098,0.069,-0.033,0.226,0.001,0.001,9208.0,6501.0,1.0
mu[99],-0.0,0.038,-0.074,0.066,0.0,0.0,13285.0,5725.0,1.0
mu[100],-0.016,0.037,-0.085,0.055,0.0,0.0,13173.0,5770.0,1.0
mu[101],-0.084,0.054,-0.184,0.02,0.001,0.001,8880.0,6827.0,1.0
mu[102],0.05,0.049,-0.045,0.14,0.0,0.001,10900.0,6902.0,1.0
mu[103],0.021,0.041,-0.056,0.096,0.0,0.0,12136.0,6533.0,1.0
mu[104],0.005,0.038,-0.067,0.075,0.0,0.0,13135.0,6036.0,1.0
mu[105],-0.072,0.05,-0.169,0.018,0.001,0.001,9291.0,6725.0,1.0
mu[106],-0.117,0.068,-0.246,0.012,0.001,0.001,8212.0,6210.0,1.0
mu[107],-0.095,0.058,-0.203,0.018,0.001,0.001,8624.0,6539.0,1.0
mu[108],0.053,0.051,-0.044,0.146,0.0,0.001,10811.0,6871.0,1.0
mu[109],-0.113,0.067,-0.238,0.013,0.001,0.001,8267.0,6366.0,1.0
mu[110],-0.043,0.041,-0.12,0.035,0.0,0.0,10974.0,6272.0,1.0
mu[111],0.019,0.04,-0.057,0.094,0.0,0.0,12258.0,6424.0,1.0
mu[112],-0.057,0.045,-0.144,0.023,0.0,0.0,10037.0,6441.0,1.0
mu[113],-0.072,0.05,-0.169,0.018,0.001,0.001,9291.0,6725.0,1.0
mu[114],-0.026,0.038,-0.097,0.045,0.0,0.0,12416.0,6034.0,1.0
mu[115],-0.01,0.037,-0.083,0.055,0.0,0.0,13293.0,5578.0,1.0
mu[116],-0.041,0.041,-0.114,0.039,0.0,0.0,11120.0,6210.0,1.0
mu[117],-0.026,0.038,-0.097,0.045,0.0,0.0,12416.0,6034.0,1.0
mu[118],0.052,0.05,-0.045,0.143,0.0,0.001,10859.0,6810.0,1.0
mu[119],-0.051,0.043,-0.134,0.027,0.0,0.0,10422.0,6442.0,1.0
mu[120],-0.028,0.038,-0.097,0.046,0.0,0.0,12198.0,6083.0,1.0
mu[121],0.016,0.04,-0.06,0.089,0.0,0.0,12495.0,6189.0,1.0
mu[122],-0.097,0.06,-0.208,0.017,0.001,0.001,8568.0,6567.0,1.0
mu[123],-0.047,0.042,-0.127,0.031,0.0,0.0,10727.0,6279.0,1.0
mu[124],-0.036,0.04,-0.108,0.04,0.0,0.0,11601.0,5986.0,1.0
mu[125],-0.119,0.069,-0.249,0.011,0.001,0.001,8188.0,6085.0,1.0
mu[126],-0.057,0.045,-0.144,0.023,0.0,0.0,10037.0,6441.0,1.0
mu[127],0.105,0.04,0.026,0.179,0.0,0.001,16435.0,6051.0,1.0
mu[128],0.034,0.038,-0.036,0.105,0.0,0.0,18129.0,5895.0,1.0
mu[129],0.4,0.067,0.272,0.525,0.001,0.001,10846.0,7051.0,1.0
mu[130],-0.112,0.039,-0.186,-0.037,0.0,0.001,15504.0,5854.0,1.0
mu[131],-0.191,0.044,-0.272,-0.105,0.0,0.001,12954.0,6127.0,1.0
mu[132],0.059,0.038,-0.014,0.13,0.0,0.0,17666.0,5876.0,1.0
mu[133],-0.06,0.038,-0.13,0.013,0.0,0.001,17391.0,5785.0,1.0
mu[134],0.124,0.041,0.047,0.204,0.0,0.001,15852.0,6221.0,1.0
mu[135],-0.2,0.045,-0.282,-0.112,0.0,0.001,12719.0,6179.0,1.0
mu[136],-0.327,0.057,-0.434,-0.22,0.001,0.001,10542.0,6665.0,1.0
mu[137],0.18,0.045,0.097,0.268,0.0,0.001,14274.0,6689.0,1.0
mu[138],0.167,0.044,0.086,0.253,0.0,0.001,14615.0,6621.0,1.0
mu[139],0.975,0.14,0.695,1.222,0.001,0.001,9288.0,7250.0,1.0
mu[140],0.087,0.039,0.011,0.161,0.0,0.0,16950.0,5877.0,1.0
mu[141],-0.05,0.037,-0.12,0.022,0.0,0.001,17718.0,5676.0,1.0
mu[142],0.013,0.037,-0.06,0.08,0.0,0.0,18324.0,5867.0,1.0
mu[143],0.06,0.038,-0.012,0.132,0.0,0.0,17629.0,5854.0,1.0
mu[144],-0.264,0.051,-0.358,-0.167,0.0,0.001,11383.0,6123.0,1.0
mu[145],0.306,0.057,0.2,0.414,0.001,0.001,11806.0,7115.0,1.0
mu[146],-0.273,0.052,-0.37,-0.176,0.0,0.001,11238.0,6437.0,1.0
mu[147],0.1,0.04,0.021,0.173,0.0,0.001,16591.0,5980.0,1.0
mu[148],0.03,0.037,-0.04,0.101,0.0,0.0,18182.0,5941.0,1.0
mu[149],0.099,0.04,0.02,0.172,0.0,0.001,16607.0,5980.0,1.0
mu[150],0.574,0.088,0.401,0.733,0.001,0.001,9968.0,7388.0,1.0
mu[151],-0.01,0.037,-0.081,0.059,0.0,0.0,18237.0,5790.0,1.0
mu[152],0.094,0.04,0.021,0.172,0.0,0.0,16770.0,6076.0,1.0
mu[153],0.239,0.05,0.146,0.335,0.0,0.001,12856.0,6826.0,1.0
mu[154],0.091,0.04,0.017,0.168,0.0,0.0,16835.0,5992.0,1.0
mu[155],0.038,0.038,-0.032,0.109,0.0,0.0,18073.0,5918.0,1.0
mu[156],-0.044,0.037,-0.118,0.023,0.0,0.001,17889.0,5633.0,1.0
mu[157],0.288,0.055,0.184,0.391,0.001,0.001,12047.0,7145.0,1.0
mu[158],-0.228,0.047,-0.315,-0.136,0.0,0.001,12069.0,6197.0,1.0
mu[159],-0.135,0.041,-0.213,-0.059,0.0,0.001,14647.0,5897.0,1.0
mu[160],0.003,0.037,-0.071,0.07,0.0,0.0,18319.0,5712.0,1.0
mu[161],0.01,0.037,-0.063,0.077,0.0,0.0,18345.0,5856.0,1.0
mu[162],-0.201,0.045,-0.283,-0.112,0.0,0.001,12708.0,6229.0,1.0
mu[163],-0.101,0.039,-0.174,-0.027,0.0,0.001,15911.0,5754.0,1.0
mu[164],-0.311,0.055,-0.416,-0.209,0.001,0.001,10723.0,6493.0,1.0
mu[165],-0.23,0.048,-0.318,-0.138,0.0,0.001,12027.0,6223.0,1.0
mu[166],0.029,0.037,-0.042,0.099,0.0,0.0,18188.0,5911.0,1.0
mu[167],0.09,0.04,0.017,0.167,0.0,0.0,16859.0,5993.0,1.0
mu[168],0.369,0.064,0.252,0.492,0.001,0.001,11096.0,7050.0,1.0
mu[169],-0.204,0.045,-0.287,-0.116,0.0,0.001,12616.0,6172.0,1.0
mu[170],0.164,0.044,0.083,0.25,0.0,0.001,14684.0,6579.0,1.0
mu[171],-0.348,0.059,-0.458,-0.235,0.001,0.001,10355.0,6311.0,1.0
mu[172],0.54,0.084,0.377,0.694,0.001,0.001,10086.0,7316.0,1.0
mu[173],0.122,0.041,0.045,0.202,0.0,0.001,15901.0,6247.0,1.0
mu[174],0.008,0.037,-0.065,0.075,0.0,0.0,18341.0,5864.0,1.0
mu[175],-0.039,0.037,-0.112,0.028,0.0,0.0,18065.0,5588.0,1.0
mu[176],-0.11,0.039,-0.185,-0.035,0.0,0.001,15557.0,5878.0,1.0
mu[177],-0.315,0.056,-0.418,-0.209,0.001,0.001,10671.0,6549.0,1.0
mu[178],0.428,0.071,0.294,0.56,0.001,0.001,10649.0,7052.0,1.0
mu[179],-0.011,0.037,-0.082,0.058,0.0,0.0,18227.0,5801.0,1.0
mu[180],-0.015,0.037,-0.087,0.053,0.0,0.0,18718.0,5801.0,1.0
mu[181],-0.011,0.037,-0.082,0.058,0.0,0.0,18227.0,5801.0,1.0
mu[182],-0.301,0.054,-0.403,-0.199,0.001,0.001,10847.0,6463.0,1.0
mu[183],-0.154,0.042,-0.231,-0.072,0.0,0.001,14014.0,5850.0,1.0
mu[184],0.118,0.041,0.039,0.195,0.0,0.001,16023.0,6186.0,1.0
mu[185],-0.132,0.041,-0.21,-0.057,0.0,0.001,14752.0,5943.0,1.0
mu[186],-0.184,0.044,-0.264,-0.098,0.0,0.001,13126.0,6079.0,1.0
mu[187],0.148,0.043,0.066,0.229,0.0,0.001,15133.0,6258.0,1.0
mu[188],-0.067,0.038,-0.138,0.005,0.0,0.001,17150.0,5807.0,1.0
mu[189],0.193,0.046,0.108,0.283,0.0,0.001,13911.0,6826.0,1.0
mu[190],-0.317,0.056,-0.42,-0.21,0.001,0.001,10656.0,6606.0,1.0
mu[191],0.282,0.055,0.179,0.383,0.0,0.001,12135.0,6990.0,1.0
mu[192],0.077,0.039,0.003,0.15,0.0,0.0,17229.0,5877.0,1.0
mu[193],0.087,0.039,0.014,0.163,0.0,0.0,16932.0,5877.0,1.0
mu[194],-0.062,0.038,-0.133,0.01,0.0,0.001,17291.0,5785.0,1.0
mu[195],0.137,0.042,0.058,0.217,0.0,0.001,15472.0,6226.0,1.0
mu[196],-0.062,0.038,-0.133,0.01,0.0,0.001,17291.0,5785.0,1.0
mu[197],0.087,0.039,0.014,0.163,0.0,0.0,16932.0,5877.0,1.0
mu[198],0.286,0.055,0.183,0.389,0.001,0.001,12077.0,7092.0,1.0
mu[199],-0.212,0.046,-0.297,-0.123,0.0,0.001,12437.0,6172.0,1.0
mu[200],-0.212,0.046,-0.297,-0.123,0.0,0.001,12437.0,6172.0,1.0
mu[201],-0.012,0.037,-0.084,0.056,0.0,0.0,18793.0,5823.0,1.0
mu[202],-0.028,0.037,-0.101,0.039,0.0,0.0,18388.0,5563.0,1.0
mu[203],0.058,0.038,-0.015,0.129,0.0,0.0,17689.0,5876.0,1.0
mu[204],0.059,0.038,-0.014,0.13,0.0,0.0,17666.0,5876.0,1.0
mu[205],-0.162,0.042,-0.238,-0.078,0.0,0.001,13772.0,5941.0,1.0
mu[206],0.005,0.037,-0.068,0.073,0.0,0.0,18335.0,5777.0,1.0
mu[207],-0.311,0.055,-0.416,-0.209,0.001,0.001,10723.0,6493.0,1.0
mu[208],-0.212,0.046,-0.297,-0.123,0.0,0.001,12437.0,6172.0,1.0
mu[209],-0.062,0.038,-0.133,0.01,0.0,0.001,17291.0,5785.0,1.0
mu[210],-0.254,0.05,-0.347,-0.16,0.0,0.001,11555.0,6073.0,1.0
mu[211],0.187,0.046,0.105,0.277,0.0,0.001,14069.0,6734.0,1.0
mu[212],0.236,0.05,0.144,0.332,0.0,0.001,12907.0,6826.0,1.0
mu[213],-0.121,0.04,-0.197,-0.046,0.0,0.001,15158.0,5875.0,1.0
mu[214],-0.112,0.039,-0.186,-0.037,0.0,0.001,15504.0,5854.0,1.0
mu[215],0.037,0.038,-0.033,0.108,0.0,0.0,18086.0,5918.0,1.0
mu[216],0.087,0.039,0.014,0.163,0.0,0.0,16932.0,5877.0,1.0
mu[217],-0.311,0.055,-0.416,-0.209,0.001,0.001,10723.0,6493.0,1.0
mu[218],-0.301,0.054,-0.403,-0.199,0.001,0.001,10847.0,6463.0,1.0
mu[219],0.571,0.088,0.398,0.729,0.001,0.001,9979.0,7352.0,1.0
mu[220],0.087,0.039,0.014,0.163,0.0,0.0,16932.0,5877.0,1.0
mu[221],-0.276,0.052,-0.373,-0.178,0.0,0.001,11188.0,6435.0,1.0
mu[222],-0.182,0.044,-0.261,-0.097,0.0,0.001,13196.0,6031.0,1.0
mu[223],-0.373,0.062,-0.488,-0.255,0.001,0.001,10172.0,6455.0,1.0
mu[224],-0.162,0.042,-0.238,-0.078,0.0,0.001,13772.0,5941.0,1.0
mu[225],0.336,0.06,0.223,0.449,0.001,0.001,11440.0,7016.0,1.0
mu[226],0.019,0.037,-0.053,0.088,0.0,0.0,18284.0,5909.0,1.0
mu[227],-0.029,0.037,-0.104,0.037,0.0,0.0,18347.0,5610.0,1.0
mu[228],-0.25,0.049,-0.342,-0.157,0.0,0.001,11635.0,6049.0,1.0
mu[229],0.181,0.045,0.1,0.271,0.0,0.001,14243.0,6689.0,1.0
mu[230],0.087,0.039,0.014,0.163,0.0,0.0,16932.0,5877.0,1.0
mu[231],0.037,0.038,-0.033,0.108,0.0,0.0,18086.0,5918.0,1.0
mu[232],-0.212,0.046,-0.297,-0.123,0.0,0.001,12437.0,6172.0,1.0
mu[233],-0.355,0.06,-0.468,-0.242,0.001,0.001,10302.0,6286.0,1.0
mu[234],-0.283,0.052,-0.381,-0.184,0.0,0.001,11087.0,6380.0,1.0
mu[235],0.192,0.046,0.108,0.282,0.0,0.001,13927.0,6813.0,1.0
mu[236],-0.343,0.059,-0.451,-0.23,0.001,0.001,10403.0,6326.0,1.0
mu[237],-0.118,0.04,-0.194,-0.043,0.0,0.001,15270.0,5829.0,1.0
mu[238],0.082,0.039,0.007,0.155,0.0,0.0,17102.0,5877.0,1.0
mu[239],-0.162,0.042,-0.238,-0.078,0.0,0.001,13772.0,5941.0,1.0
mu[240],-0.212,0.046,-0.297,-0.123,0.0,0.001,12437.0,6172.0,1.0
mu[241],-0.062,0.038,-0.133,0.01,0.0,0.001,17291.0,5785.0,1.0
mu[242],-0.012,0.037,-0.084,0.056,0.0,0.0,18793.0,5823.0,1.0
mu[243],-0.112,0.039,-0.186,-0.037,0.0,0.001,15504.0,5854.0,1.0
mu[244],-0.062,0.038,-0.133,0.01,0.0,0.001,17291.0,5785.0,1.0
mu[245],0.187,0.046,0.105,0.277,0.0,0.001,14069.0,6734.0,1.0
mu[246],-0.143,0.041,-0.221,-0.065,0.0,0.001,14402.0,5919.0,1.0
mu[247],-0.07,0.038,-0.141,0.003,0.0,0.001,17035.0,5763.0,1.0
mu[248],0.071,0.039,-0.003,0.143,0.0,0.0,17375.0,5843.0,1.0
mu[249],-0.291,0.053,-0.39,-0.19,0.001,0.001,10970.0,6463.0,1.0
mu[250],-0.129,0.04,-0.207,-0.054,0.0,0.001,14873.0,5896.0,1.0
mu[251],-0.093,0.039,-0.167,-0.021,0.0,0.001,16229.0,5770.0,1.0
mu[252],-0.361,0.061,-0.474,-0.246,0.001,0.001,10259.0,6221.0,1.0
mu[253],-0.162,0.042,-0.238,-0.078,0.0,0.001,13772.0,5941.0,1.0
mu[254],0.11,0.04,0.039,0.192,0.0,0.0,15477.0,6268.0,1.0
mu[255],0.034,0.037,-0.034,0.107,0.0,0.0,17074.0,6113.0,1.0
mu[256],0.422,0.068,0.29,0.546,0.001,0.001,11265.0,7304.0,1.0
mu[257],-0.121,0.039,-0.194,-0.046,0.0,0.0,15518.0,5904.0,1.0
mu[258],-0.204,0.044,-0.288,-0.122,0.0,0.001,13573.0,6539.0,1.0
mu[259],0.061,0.038,-0.014,0.131,0.0,0.0,16601.0,6193.0,1.0
mu[260],-0.065,0.037,-0.134,0.007,0.0,0.0,17035.0,5722.0,1.0
mu[261],0.13,0.041,0.051,0.208,0.0,0.0,15012.0,6643.0,1.0
mu[262],-0.214,0.045,-0.299,-0.131,0.0,0.001,13406.0,6510.0,1.0
mu[263],-0.349,0.057,-0.46,-0.248,0.001,0.001,11941.0,6871.0,1.0
mu[264],0.189,0.045,0.106,0.278,0.0,0.0,13814.0,6817.0,1.0
mu[265],0.175,0.044,0.091,0.259,0.0,0.0,14074.0,6847.0,1.0
mu[266],1.032,0.141,0.768,1.302,0.001,0.001,9884.0,7418.0,1.0
mu[267],0.09,0.039,0.018,0.168,0.0,0.0,15926.0,6270.0,1.0
mu[268],-0.055,0.037,-0.123,0.018,0.0,0.0,17265.0,5759.0,1.0
mu[269],0.012,0.037,-0.059,0.08,0.0,0.0,17372.0,5973.0,1.0
mu[270],0.062,0.038,-0.012,0.133,0.0,0.0,16569.0,6193.0,1.0
mu[271],-0.282,0.05,-0.38,-0.191,0.0,0.001,12556.0,6898.0,1.0
mu[272],0.323,0.057,0.219,0.434,0.001,0.001,11997.0,7471.0,1.0
mu[273],-0.292,0.051,-0.387,-0.195,0.0,0.001,12462.0,6867.0,1.0
mu[274],0.104,0.04,0.033,0.184,0.0,0.0,15616.0,6208.0,1.0
mu[275],0.03,0.037,-0.038,0.102,0.0,0.0,17133.0,6138.0,1.0
mu[276],0.103,0.04,0.032,0.184,0.0,0.0,15630.0,6208.0,1.0
mu[277],0.608,0.089,0.436,0.773,0.001,0.001,10483.0,7494.0,1.0
mu[278],-0.012,0.037,-0.083,0.056,0.0,0.0,17528.0,5714.0,1.0
mu[279],0.098,0.04,0.028,0.179,0.0,0.0,15757.0,6235.0,1.0
mu[280],0.252,0.051,0.16,0.35,0.0,0.001,12810.0,7086.0,1.0
mu[281],0.095,0.04,0.023,0.173,0.0,0.0,15811.0,6218.0,1.0
mu[282],0.039,0.038,-0.03,0.112,0.0,0.0,16976.0,6016.0,1.0
mu[283],-0.049,0.037,-0.117,0.023,0.0,0.0,17386.0,5768.0,1.0
mu[284],0.304,0.055,0.203,0.412,0.001,0.001,12176.0,7435.0,1.0
mu[285],-0.244,0.047,-0.334,-0.158,0.0,0.001,13003.0,6707.0,1.0
mu[286],-0.145,0.041,-0.222,-0.07,0.0,0.0,14855.0,5946.0,1.0
mu[287],0.001,0.037,-0.067,0.073,0.0,0.0,17461.0,5872.0,1.0
mu[288],0.009,0.037,-0.061,0.078,0.0,0.0,17408.0,5900.0,1.0
mu[289],-0.215,0.045,-0.299,-0.131,0.0,0.001,13398.0,6510.0,1.0
mu[290],-0.109,0.039,-0.182,-0.035,0.0,0.0,15859.0,5762.0,1.0
mu[291],-0.332,0.055,-0.435,-0.229,0.0,0.001,12082.0,6961.0,1.0
mu[292],-0.246,0.047,-0.337,-0.159,0.0,0.001,12977.0,6745.0,1.0
mu[293],0.029,0.037,-0.039,0.102,0.0,0.0,17138.0,6138.0,1.0
mu[294],0.094,0.04,0.022,0.171,0.0,0.0,15828.0,6269.0,1.0
mu[295],0.39,0.064,0.267,0.51,0.001,0.001,11463.0,7433.0,1.0
mu[296],-0.218,0.045,-0.305,-0.136,0.0,0.001,13344.0,6566.0,1.0
mu[297],0.173,0.044,0.088,0.256,0.0,0.0,14113.0,6847.0,1.0
mu[298],-0.371,0.059,-0.487,-0.266,0.001,0.001,11779.0,7002.0,1.0
mu[299],0.571,0.084,0.405,0.725,0.001,0.001,10589.0,7461.0,1.0
mu[300],0.128,0.041,0.05,0.206,0.0,0.0,15047.0,6614.0,1.0
mu[301],0.007,0.037,-0.062,0.077,0.0,0.0,17417.0,5870.0,1.0
mu[302],-0.043,0.037,-0.113,0.027,0.0,0.0,17455.0,5738.0,1.0
mu[303],-0.119,0.039,-0.193,-0.045,0.0,0.0,15567.0,5872.0,1.0
mu[304],-0.336,0.055,-0.44,-0.233,0.001,0.001,12043.0,6928.0,1.0
mu[305],0.452,0.071,0.316,0.585,0.001,0.001,11085.0,7303.0,1.0
mu[306],-0.013,0.037,-0.084,0.055,0.0,0.0,17516.0,5714.0,1.0
mu[307],-0.018,0.037,-0.087,0.052,0.0,0.0,17524.0,5673.0,1.0
mu[308],-0.013,0.037,-0.084,0.055,0.0,0.0,17516.0,5714.0,1.0
mu[309],-0.321,0.054,-0.424,-0.222,0.0,0.001,12175.0,7078.0,1.0
mu[310],-0.165,0.042,-0.244,-0.088,0.0,0.0,14326.0,6383.0,1.0
mu[311],0.124,0.041,0.051,0.206,0.0,0.0,15148.0,6511.0,1.0
mu[312],-0.142,0.04,-0.222,-0.071,0.0,0.0,14941.0,5897.0,1.0
mu[313],-0.197,0.044,-0.28,-0.117,0.0,0.001,13682.0,6484.0,1.0
mu[314],0.156,0.043,0.075,0.238,0.0,0.0,14470.0,7054.0,1.0
mu[315],-0.073,0.038,-0.143,-0.001,0.0,0.0,16851.0,5786.0,1.0
mu[316],0.203,0.047,0.115,0.29,0.0,0.0,13556.0,6771.0,1.0
mu[317],-0.338,0.056,-0.442,-0.234,0.001,0.001,12027.0,6928.0,1.0
mu[318],0.298,0.055,0.198,0.405,0.0,0.001,12242.0,7511.0,1.0
mu[319],0.08,0.039,0.003,0.15,0.0,0.0,16204.0,6243.0,1.0
mu[320],0.091,0.039,0.019,0.168,0.0,0.0,15915.0,6270.0,1.0
mu[321],-0.068,0.038,-0.138,0.004,0.0,0.0,16965.0,5700.0,1.0
mu[322],0.143,0.042,0.064,0.223,0.0,0.0,14723.0,6898.0,1.0
mu[323],-0.068,0.038,-0.138,0.004,0.0,0.0,16965.0,5700.0,1.0
mu[324],0.091,0.039,0.019,0.168,0.0,0.0,15915.0,6270.0,1.0
mu[325],0.302,0.055,0.202,0.41,0.001,0.001,12197.0,7551.0,1.0
mu[326],-0.226,0.046,-0.314,-0.142,0.0,0.001,13240.0,6565.0,1.0
mu[327],-0.226,0.046,-0.314,-0.142,0.0,0.001,13240.0,6565.0,1.0
mu[328],-0.015,0.037,-0.084,0.055,0.0,0.0,17512.0,5694.0,1.0
mu[329],-0.031,0.037,-0.101,0.039,0.0,0.0,17526.0,5623.0,1.0
mu[330],0.06,0.038,-0.014,0.13,0.0,0.0,16614.0,6193.0,1.0
mu[331],0.061,0.038,-0.014,0.131,0.0,0.0,16601.0,6193.0,1.0
mu[332],-0.173,0.042,-0.253,-0.095,0.0,0.0,14122.0,6545.0,1.0
mu[333],0.004,0.037,-0.066,0.073,0.0,0.0,17437.0,5892.0,1.0
mu[334],-0.332,0.055,-0.435,-0.229,0.0,0.001,12082.0,6961.0,1.0
mu[335],-0.226,0.046,-0.314,-0.142,0.0,0.001,13240.0,6565.0,1.0
mu[336],-0.068,0.038,-0.138,0.004,0.0,0.0,16965.0,5700.0,1.0
mu[337],-0.272,0.05,-0.367,-0.182,0.0,0.001,12665.0,6867.0,1.0
mu[338],0.196,0.046,0.113,0.286,0.0,0.0,13670.0,6848.0,1.0
mu[339],0.249,0.05,0.155,0.344,0.0,0.001,12841.0,7037.0,1.0
mu[340],-0.13,0.04,-0.206,-0.057,0.0,0.0,15275.0,5898.0,1.0
mu[341],-0.121,0.039,-0.194,-0.046,0.0,0.0,15518.0,5904.0,1.0
mu[342],0.038,0.038,-0.031,0.11,0.0,0.0,16990.0,6016.0,1.0
mu[343],0.091,0.039,0.019,0.168,0.0,0.0,15915.0,6270.0,1.0
mu[344],-0.332,0.055,-0.435,-0.229,0.0,0.001,12082.0,6961.0,1.0
mu[345],-0.321,0.054,-0.424,-0.222,0.0,0.001,12175.0,7078.0,1.0
mu[346],0.605,0.088,0.434,0.769,0.001,0.001,10491.0,7494.0,1.0
mu[347],0.091,0.039,0.019,0.168,0.0,0.0,15915.0,6270.0,1.0
mu[348],-0.295,0.052,-0.395,-0.202,0.0,0.001,12426.0,6867.0,1.0
mu[349],-0.195,0.044,-0.277,-0.114,0.0,0.0,13730.0,6544.0,1.0
mu[350],-0.398,0.062,-0.521,-0.29,0.001,0.001,11609.0,7536.0,1.0
mu[351],-0.173,0.042,-0.253,-0.095,0.0,0.0,14122.0,6545.0,1.0
mu[352],0.355,0.061,0.244,0.472,0.001,0.001,11713.0,7472.0,1.0
mu[353],0.019,0.037,-0.052,0.088,0.0,0.0,17286.0,5961.0,1.0
mu[354],-0.033,0.037,-0.101,0.039,0.0,0.0,17525.0,5623.0,1.0
mu[355],-0.267,0.049,-0.361,-0.177,0.0,0.001,12716.0,6775.0,1.0
mu[356],0.19,0.046,0.107,0.279,0.0,0.0,13792.0,6816.0,1.0
mu[357],0.091,0.039,0.019,0.168,0.0,0.0,15915.0,6270.0,1.0
mu[358],0.038,0.038,-0.031,0.11,0.0,0.0,16990.0,6016.0,1.0
mu[359],-0.226,0.046,-0.314,-0.142,0.0,0.001,13240.0,6565.0,1.0
mu[360],-0.379,0.06,-0.495,-0.271,0.001,0.001,11731.0,7272.0,1.0
mu[361],-0.302,0.052,-0.403,-0.208,0.0,0.001,12362.0,6930.0,1.0
mu[362],0.202,0.046,0.115,0.29,0.0,0.0,13565.0,6801.0,1.0
mu[363],-0.366,0.058,-0.479,-0.261,0.001,0.001,11818.0,6842.0,1.0
mu[364],-0.127,0.04,-0.203,-0.054,0.0,0.0,15354.0,5990.0,1.0
mu[365],0.085,0.039,0.01,0.158,0.0,0.0,16055.0,6295.0,1.0
mu[366],-0.173,0.042,-0.253,-0.095,0.0,0.0,14122.0,6545.0,1.0
mu[367],-0.226,0.046,-0.314,-0.142,0.0,0.001,13240.0,6565.0,1.0
mu[368],-0.068,0.038,-0.138,0.004,0.0,0.0,16965.0,5700.0,1.0
mu[369],-0.015,0.037,-0.084,0.055,0.0,0.0,17512.0,5694.0,1.0
mu[370],-0.121,0.039,-0.194,-0.046,0.0,0.0,15518.0,5904.0,1.0
mu[371],-0.068,0.038,-0.138,0.004,0.0,0.0,16965.0,5700.0,1.0
mu[372],0.196,0.046,0.113,0.286,0.0,0.0,13670.0,6848.0,1.0
mu[373],-0.153,0.041,-0.231,-0.078,0.0,0.0,14655.0,6101.0,1.0
mu[374],-0.076,0.038,-0.147,-0.005,0.0,0.0,16757.0,5677.0,1.0
mu[375],0.074,0.039,-0.001,0.145,0.0,0.0,16325.0,6294.0,1.0
mu[376],-0.311,0.053,-0.413,-0.214,0.0,0.001,12273.0,6962.0,1.0
mu[377],-0.139,0.04,-0.218,-0.067,0.0,0.0,15038.0,5920.0,1.0
mu[378],-0.101,0.038,-0.173,-0.028,0.0,0.0,16100.0,5612.0,1.0
mu[379],-0.385,0.06,-0.504,-0.278,0.001,0.001,11698.0,7168.0,1.0
mu[380],-0.173,0.042,-0.253,-0.095,0.0,0.0,14122.0,6545.0,1.0
mu[381],0.105,0.04,0.029,0.181,0.0,0.0,14048.0,5879.0,1.0
mu[382],0.03,0.038,-0.04,0.101,0.0,0.0,14985.0,5848.0,1.0
mu[383],0.413,0.067,0.29,0.54,0.001,0.001,11302.0,7834.0,1.0
mu[384],-0.122,0.039,-0.194,-0.047,0.0,0.0,14035.0,6494.0,1.0
mu[385],-0.205,0.044,-0.284,-0.12,0.0,0.001,13481.0,6711.0,1.0
mu[386],0.056,0.038,-0.017,0.126,0.0,0.0,14707.0,5829.0,1.0
mu[387],-0.068,0.037,-0.136,0.005,0.0,0.0,14945.0,6227.0,1.0
mu[388],0.124,0.042,0.044,0.2,0.0,0.0,13781.0,5914.0,1.0
mu[389],-0.215,0.044,-0.296,-0.129,0.0,0.001,13330.0,6740.0,1.0
mu[390],-0.348,0.056,-0.448,-0.24,0.001,0.001,11841.0,7405.0,1.0
mu[391],0.183,0.045,0.094,0.264,0.0,0.0,13011.0,6454.0,1.0
mu[392],0.169,0.044,0.086,0.252,0.0,0.0,13177.0,6242.0,1.0
mu[393],1.015,0.138,0.761,1.276,0.001,0.001,10325.0,7827.0,1.0
mu[394],0.085,0.04,0.013,0.161,0.0,0.0,14327.0,5888.0,1.0
mu[395],-0.057,0.037,-0.128,0.012,0.0,0.0,15158.0,6152.0,1.0
mu[396],0.008,0.037,-0.062,0.077,0.0,0.0,15152.0,5835.0,1.0
mu[397],0.058,0.038,-0.016,0.127,0.0,0.0,14693.0,5851.0,1.0
mu[398],-0.282,0.05,-0.38,-0.194,0.0,0.001,12454.0,7152.0,1.0
mu[399],0.315,0.057,0.206,0.417,0.001,0.001,11810.0,7361.0,1.0
mu[400],-0.291,0.05,-0.389,-0.201,0.0,0.001,12358.0,7152.0,1.0
mu[401],0.099,0.04,0.023,0.173,0.0,0.0,14127.0,5946.0,1.0
mu[402],0.026,0.038,-0.047,0.093,0.0,0.0,15024.0,5854.0,1.0
mu[403],0.098,0.04,0.023,0.173,0.0,0.0,14138.0,5946.0,1.0
mu[404],0.596,0.087,0.438,0.764,0.001,0.001,10765.0,7802.0,1.0
mu[405],-0.016,0.037,-0.085,0.054,0.0,0.0,15255.0,6009.0,1.0
mu[406],0.093,0.04,0.019,0.167,0.0,0.0,14218.0,5899.0,1.0
mu[407],0.245,0.05,0.153,0.342,0.0,0.001,12363.0,7219.0,1.0
mu[408],0.09,0.04,0.017,0.165,0.0,0.0,14255.0,5865.0,1.0
mu[409],0.035,0.038,-0.035,0.106,0.0,0.0,14935.0,5835.0,1.0
mu[410],-0.052,0.037,-0.122,0.018,0.0,0.0,15142.0,6227.0,1.0
mu[411],0.296,0.055,0.19,0.395,0.001,0.001,11939.0,7308.0,1.0
mu[412],-0.244,0.047,-0.33,-0.156,0.0,0.001,12920.0,6894.0,1.0
mu[413],-0.147,0.04,-0.222,-0.071,0.0,0.0,13953.0,6580.0,1.0
mu[414],-0.003,0.037,-0.071,0.067,0.0,0.0,15226.0,5832.0,1.0
mu[415],0.005,0.037,-0.065,0.074,0.0,0.0,15181.0,5835.0,1.0
mu[416],-0.215,0.044,-0.297,-0.13,0.0,0.001,13322.0,6740.0,1.0
mu[417],-0.111,0.039,-0.183,-0.038,0.0,0.0,14075.0,6522.0,1.0
mu[418],-0.331,0.054,-0.43,-0.228,0.0,0.001,11982.0,7228.0,1.0
mu[419],-0.246,0.047,-0.331,-0.157,0.0,0.001,12894.0,6863.0,1.0
mu[420],0.025,0.038,-0.047,0.093,0.0,0.0,15028.0,5854.0,1.0
mu[421],0.089,0.04,0.016,0.164,0.0,0.0,14271.0,5865.0,1.0
mu[422],0.381,0.063,0.262,0.499,0.001,0.001,11430.0,7638.0,1.0
mu[423],-0.219,0.045,-0.3,-0.133,0.0,0.001,13265.0,6741.0,1.0
mu[424],0.167,0.044,0.083,0.249,0.0,0.0,13212.0,6268.0,1.0
mu[425],-0.37,0.058,-0.478,-0.262,0.001,0.001,11668.0,7159.0,1.0
mu[426],0.56,0.083,0.409,0.72,0.001,0.001,10835.0,7841.0,1.0
mu[427],0.123,0.041,0.043,0.198,0.0,0.0,13799.0,5891.0,1.0
mu[428],0.004,0.037,-0.066,0.073,0.0,0.0,15193.0,5813.0,1.0
mu[429],-0.046,0.037,-0.117,0.023,0.0,0.0,15186.0,6201.0,1.0
mu[430],-0.121,0.039,-0.194,-0.048,0.0,0.0,14045.0,6522.0,1.0
mu[431],-0.335,0.054,-0.435,-0.231,0.0,0.001,11949.0,7298.0,1.0
mu[432],0.443,0.07,0.314,0.576,0.001,0.001,11186.0,7883.0,1.0
mu[433],-0.017,0.037,-0.086,0.053,0.0,0.0,15257.0,6033.0,1.0
mu[434],-0.021,0.037,-0.093,0.046,0.0,0.0,15249.0,6092.0,1.0
mu[435],-0.017,0.037,-0.086,0.053,0.0,0.0,15257.0,6033.0,1.0
mu[436],-0.32,0.053,-0.42,-0.221,0.0,0.001,12071.0,7228.0,1.0
mu[437],-0.167,0.041,-0.242,-0.086,0.0,0.0,13812.0,6747.0,1.0
mu[438],0.119,0.041,0.042,0.196,0.0,0.0,13853.0,5949.0,1.0
mu[439],-0.144,0.04,-0.219,-0.069,0.0,0.0,13963.0,6551.0,1.0
mu[440],-0.198,0.043,-0.28,-0.117,0.0,0.0,13589.0,6656.0,1.0
mu[441],0.15,0.043,0.068,0.23,0.0,0.0,13430.0,6022.0,1.0
mu[442],-0.075,0.038,-0.149,-0.007,0.0,0.0,14814.0,6325.0,1.0
mu[443],0.196,0.046,0.109,0.283,0.0,0.0,12858.0,6537.0,1.0
mu[444],-0.337,0.055,-0.437,-0.232,0.0,0.001,11937.0,7298.0,1.0
mu[445],0.29,0.054,0.191,0.395,0.0,0.001,11988.0,7308.0,1.0
mu[446],0.075,0.039,0.006,0.151,0.0,0.0,14461.0,5887.0,1.0
mu[447],0.086,0.04,0.014,0.162,0.0,0.0,14321.0,5911.0,1.0
mu[448],-0.07,0.038,-0.142,-0.001,0.0,0.0,14893.0,6275.0,1.0
mu[449],0.138,0.042,0.058,0.217,0.0,0.0,13588.0,5986.0,1.0
mu[450],-0.07,0.038,-0.142,-0.001,0.0,0.0,14893.0,6275.0,1.0
mu[451],0.086,0.04,0.014,0.162,0.0,0.0,14321.0,5911.0,1.0
mu[452],0.294,0.055,0.188,0.393,0.001,0.001,11956.0,7308.0,1.0
mu[453],-0.227,0.045,-0.309,-0.139,0.0,0.001,13152.0,6830.0,1.0
mu[454],-0.227,0.045,-0.309,-0.139,0.0,0.001,13152.0,6830.0,1.0
mu[455],-0.018,0.037,-0.088,0.051,0.0,0.0,15256.0,6057.0,1.0
mu[456],-0.034,0.037,-0.107,0.032,0.0,0.0,15238.0,6143.0,1.0
mu[457],0.055,0.038,-0.016,0.127,0.0,0.0,14719.0,5763.0,1.0
mu[458],0.056,0.038,-0.017,0.126,0.0,0.0,14707.0,5829.0,1.0
mu[459],-0.175,0.042,-0.252,-0.095,0.0,0.0,13738.0,6658.0,1.0
mu[460],-0.0,0.037,-0.069,0.07,0.0,0.0,15214.0,5947.0,1.0
mu[461],-0.331,0.054,-0.43,-0.228,0.0,0.001,11982.0,7228.0,1.0
mu[462],-0.227,0.045,-0.309,-0.139,0.0,0.001,13152.0,6830.0,1.0
mu[463],-0.07,0.038,-0.142,-0.001,0.0,0.0,14893.0,6275.0,1.0
mu[464],-0.272,0.049,-0.367,-0.184,0.0,0.001,12575.0,7054.0,1.0
mu[465],0.19,0.046,0.099,0.272,0.0,0.0,12928.0,6537.0,1.0
mu[466],0.242,0.05,0.151,0.339,0.0,0.001,12383.0,7152.0,1.0
mu[467],-0.132,0.04,-0.205,-0.057,0.0,0.0,14014.0,6626.0,1.0
mu[468],-0.122,0.039,-0.194,-0.047,0.0,0.0,14035.0,6494.0,1.0
mu[469],0.034,0.038,-0.036,0.105,0.0,0.0,14946.0,5790.0,1.0
mu[470],0.086,0.04,0.014,0.162,0.0,0.0,14321.0,5911.0,1.0
mu[471],-0.331,0.054,-0.43,-0.228,0.0,0.001,11982.0,7228.0,1.0
mu[472],-0.32,0.053,-0.42,-0.221,0.0,0.001,12071.0,7228.0,1.0
mu[473],0.593,0.087,0.435,0.761,0.001,0.001,10771.0,7802.0,1.0
mu[474],0.086,0.04,0.014,0.162,0.0,0.0,14321.0,5911.0,1.0
mu[475],-0.294,0.051,-0.392,-0.203,0.0,0.001,12327.0,7152.0,1.0
mu[476],-0.195,0.043,-0.275,-0.113,0.0,0.0,13630.0,6656.0,1.0
mu[477],-0.396,0.06,-0.51,-0.285,0.001,0.001,11499.0,7262.0,1.0
mu[478],-0.175,0.042,-0.252,-0.095,0.0,0.0,13738.0,6658.0,1.0
mu[479],0.346,0.06,0.233,0.456,0.001,0.001,11618.0,7439.0,1.0
mu[480],0.015,0.037,-0.055,0.085,0.0,0.0,15108.0,5848.0,1.0
mu[481],-0.036,0.037,-0.109,0.031,0.0,0.0,15233.0,6117.0,1.0
mu[482],-0.267,0.048,-0.357,-0.176,0.0,0.001,12629.0,6956.0,1.0
mu[483],0.184,0.045,0.095,0.265,0.0,0.0,12999.0,6481.0,1.0
mu[484],0.086,0.04,0.014,0.162,0.0,0.0,14321.0,5911.0,1.0
mu[485],0.034,0.038,-0.036,0.105,0.0,0.0,14946.0,5790.0,1.0
mu[486],-0.227,0.045,-0.309,-0.139,0.0,0.001,13152.0,6830.0,1.0
mu[487],-0.377,0.058,-0.486,-0.268,0.001,0.001,11615.0,7227.0,1.0
mu[488],-0.301,0.051,-0.398,-0.206,0.0,0.001,12259.0,7119.0,1.0
mu[489],0.196,0.046,0.108,0.283,0.0,0.0,12863.0,6537.0,1.0
mu[490],-0.364,0.057,-0.471,-0.257,0.001,0.001,11705.0,7160.0,1.0
mu[491],-0.129,0.039,-0.201,-0.054,0.0,0.0,14025.0,6597.0,1.0
mu[492],0.08,0.039,0.01,0.156,0.0,0.0,14405.0,5854.0,1.0
mu[493],-0.175,0.042,-0.252,-0.095,0.0,0.0,13738.0,6658.0,1.0
mu[494],-0.227,0.045,-0.309,-0.139,0.0,0.001,13152.0,6830.0,1.0
mu[495],-0.07,0.038,-0.142,-0.001,0.0,0.0,14893.0,6275.0,1.0
mu[496],-0.018,0.037,-0.088,0.051,0.0,0.0,15256.0,6057.0,1.0
mu[497],-0.122,0.039,-0.194,-0.047,0.0,0.0,14035.0,6494.0,1.0
mu[498],-0.07,0.038,-0.142,-0.001,0.0,0.0,14893.0,6275.0,1.0
mu[499],0.19,0.046,0.099,0.272,0.0,0.0,12928.0,6537.0,1.0
mu[500],-0.155,0.041,-0.229,-0.077,0.0,0.0,13910.0,6695.0,1.0
mu[501],-0.079,0.038,-0.153,-0.011,0.0,0.0,14738.0,6380.0,1.0
mu[502],0.069,0.039,-0.001,0.144,0.0,0.0,14542.0,5909.0,1.0
mu[503],-0.31,0.052,-0.408,-0.213,0.0,0.001,12175.0,7085.0,1.0
mu[504],-0.14,0.04,-0.216,-0.066,0.0,0.0,13988.0,6569.0,1.0
mu[505],-0.103,0.038,-0.177,-0.033,0.0,0.0,14201.0,6549.0,1.0
mu[506],-0.383,0.059,-0.493,-0.273,0.001,0.001,11576.0,7193.0,1.0
mu[507],-0.175,0.042,-0.252,-0.095,0.0,0.0,13738.0,6658.0,1.0
mu[508],-0.013,0.04,-0.088,0.06,0.0,0.0,16989.0,6012.0,1.0
mu[509],-0.02,0.038,-0.093,0.048,0.0,0.0,17660.0,6181.0,1.0
mu[510],0.014,0.059,-0.094,0.128,0.001,0.001,14082.0,7239.0,1.0
mu[511],-0.034,0.039,-0.109,0.037,0.0,0.0,17224.0,5688.0,1.0
mu[512],-0.041,0.042,-0.118,0.039,0.0,0.0,15706.0,6148.0,1.0
mu[513],-0.018,0.038,-0.089,0.054,0.0,0.0,17485.0,6206.0,1.0
mu[514],-0.029,0.038,-0.097,0.045,0.0,0.0,18250.0,5857.0,1.0
mu[515],-0.012,0.04,-0.086,0.066,0.0,0.0,16730.0,6015.0,1.0
mu[516],-0.042,0.042,-0.12,0.039,0.0,0.0,15533.0,6118.0,1.0
mu[517],-0.054,0.051,-0.15,0.041,0.0,0.001,13774.0,6847.0,1.0
mu[518],-0.006,0.043,-0.084,0.079,0.0,0.0,16050.0,6556.0,1.0
mu[519],-0.008,0.042,-0.085,0.074,0.0,0.0,16209.0,6498.0,1.0
mu[520],0.068,0.116,-0.136,0.298,0.001,0.001,12469.0,7111.0,1.0
mu[521],-0.015,0.039,-0.085,0.061,0.0,0.0,17209.0,6357.0,1.0
mu[522],-0.028,0.037,-0.096,0.046,0.0,0.0,18346.0,5881.0,1.0
mu[523],-0.022,0.037,-0.094,0.046,0.0,0.0,17719.0,5947.0,1.0
mu[524],-0.018,0.038,-0.089,0.054,0.0,0.0,17474.0,6141.0,1.0
mu[525],-0.048,0.046,-0.134,0.04,0.0,0.001,14497.0,6428.0,1.0
mu[526],0.005,0.051,-0.091,0.102,0.0,0.001,14765.0,7079.0,1.0
mu[527],-0.049,0.047,-0.137,0.039,0.0,0.001,14378.0,6456.0,1.0
mu[528],-0.014,0.039,-0.088,0.059,0.0,0.0,17064.0,6264.0,1.0
mu[529],-0.021,0.038,-0.093,0.047,0.0,0.0,17683.0,6182.0,1.0
mu[530],-0.014,0.039,-0.088,0.059,0.0,0.0,17071.0,6264.0,1.0
mu[531],0.031,0.075,-0.107,0.175,0.001,0.001,13219.0,7211.0,1.0
mu[532],-0.024,0.037,-0.095,0.045,0.0,0.0,17724.0,6042.0,1.0
mu[533],-0.015,0.039,-0.089,0.058,0.0,0.0,17128.0,6451.0,1.0
mu[534],-0.001,0.047,-0.09,0.086,0.0,0.001,15387.0,6679.0,1.0
mu[535],-0.015,0.039,-0.085,0.062,0.0,0.0,17155.0,6451.0,1.0
mu[536],-0.02,0.038,-0.092,0.05,0.0,0.0,17632.0,6144.0,1.0
mu[537],-0.027,0.037,-0.095,0.046,0.0,0.0,18383.0,5792.0,1.0
mu[538],0.004,0.05,-0.093,0.095,0.0,0.001,14916.0,7094.0,1.0
mu[539],-0.045,0.044,-0.127,0.039,0.0,0.001,15068.0,6167.0,1.0
mu[540],-0.036,0.04,-0.11,0.039,0.0,0.0,16785.0,5777.0,1.0
mu[541],-0.023,0.037,-0.093,0.048,0.0,0.0,17730.0,5969.0,1.0
mu[542],-0.022,0.037,-0.094,0.046,0.0,0.0,17724.0,5991.0,1.0
mu[543],-0.042,0.043,-0.12,0.039,0.0,0.0,15524.0,6094.0,1.0
mu[544],-0.033,0.038,-0.107,0.038,0.0,0.0,17450.0,5517.0,1.0
mu[545],-0.053,0.05,-0.142,0.044,0.0,0.001,13938.0,6754.0,1.0
mu[546],-0.045,0.044,-0.127,0.039,0.0,0.001,15036.0,6193.0,1.0
mu[547],-0.021,0.038,-0.093,0.047,0.0,0.0,17684.0,6182.0,1.0
mu[548],-0.015,0.039,-0.085,0.061,0.0,0.0,17164.0,6424.0,1.0
mu[549],0.011,0.057,-0.093,0.119,0.0,0.001,14313.0,7272.0,1.0
mu[550],-0.043,0.043,-0.121,0.039,0.0,0.0,15464.0,6129.0,1.0
mu[551],-0.008,0.042,-0.085,0.074,0.0,0.0,16245.0,6444.0,1.0
mu[552],-0.056,0.052,-0.155,0.041,0.0,0.001,13576.0,6676.0,1.0
mu[553],0.028,0.072,-0.098,0.172,0.001,0.001,13338.0,7058.0,1.0
mu[554],-0.012,0.04,-0.085,0.066,0.0,0.0,16748.0,6088.0,1.0
mu[555],-0.023,0.037,-0.094,0.046,0.0,0.0,17731.0,5968.0,1.0
mu[556],-0.027,0.037,-0.094,0.047,0.0,0.0,17616.0,5814.0,1.0
mu[557],-0.034,0.039,-0.109,0.037,0.0,0.0,17255.0,5688.0,1.0
mu[558],-0.053,0.05,-0.144,0.044,0.0,0.001,13898.0,6814.0,1.0
mu[559],0.017,0.062,-0.091,0.14,0.001,0.001,13896.0,7170.0,1.0
mu[560],-0.024,0.037,-0.095,0.045,0.0,0.0,17719.0,6032.0,1.0
mu[561],-0.025,0.037,-0.093,0.047,0.0,0.0,17713.0,6113.0,1.0
mu[562],-0.024,0.037,-0.095,0.045,0.0,0.0,17719.0,6032.0,1.0
mu[563],-0.052,0.049,-0.14,0.044,0.0,0.001,14057.0,6738.0,1.0
mu[564],-0.038,0.04,-0.112,0.04,0.0,0.0,16426.0,6065.0,1.0
mu[565],-0.012,0.04,-0.084,0.066,0.0,0.0,16809.0,6227.0,1.0
mu[566],-0.036,0.039,-0.11,0.039,0.0,0.0,16831.0,5777.0,1.0
mu[567],-0.041,0.042,-0.116,0.04,0.0,0.0,15842.0,6187.0,1.0
mu[568],-0.009,0.041,-0.083,0.073,0.0,0.0,16436.0,6650.0,1.0
mu[569],-0.03,0.038,-0.097,0.045,0.0,0.0,18180.0,5736.0,1.0
mu[570],-0.005,0.044,-0.086,0.079,0.0,0.001,15899.0,6657.0,1.0
mu[571],-0.053,0.05,-0.144,0.044,0.0,0.001,13882.0,6814.0,1.0
mu[572],0.003,0.05,-0.093,0.094,0.0,0.001,14973.0,6986.0,1.0
mu[573],-0.016,0.039,-0.086,0.059,0.0,0.0,17345.0,6091.0,1.0
mu[574],-0.015,0.039,-0.085,0.061,0.0,0.0,17203.0,6357.0,1.0
mu[575],-0.029,0.038,-0.097,0.045,0.0,0.0,18214.0,5834.0,1.0
mu[576],-0.01,0.041,-0.088,0.066,0.0,0.0,16569.0,6444.0,1.0
mu[577],-0.029,0.038,-0.097,0.045,0.0,0.0,18214.0,5834.0,1.0
mu[578],-0.015,0.039,-0.085,0.061,0.0,0.0,17203.0,6357.0,1.0
mu[579],0.004,0.05,-0.093,0.095,0.0,0.001,14932.0,7077.0,1.0
mu[580],-0.043,0.043,-0.122,0.039,0.0,0.001,15353.0,6167.0,1.0
mu[581],-0.043,0.043,-0.122,0.039,0.0,0.001,15353.0,6167.0,1.0
mu[582],-0.024,0.037,-0.093,0.047,0.0,0.0,17721.0,6032.0,1.0
mu[583],-0.026,0.037,-0.093,0.048,0.0,0.0,17660.0,5903.0,1.0
mu[584],-0.018,0.038,-0.089,0.054,0.0,0.0,17496.0,6156.0,1.0
mu[585],-0.018,0.038,-0.089,0.054,0.0,0.0,17485.0,6206.0,1.0
mu[586],-0.039,0.041,-0.114,0.039,0.0,0.0,16307.0,6139.0,1.0
mu[587],-0.023,0.037,-0.094,0.046,0.0,0.0,17731.0,5994.0,1.0
mu[588],-0.053,0.05,-0.142,0.044,0.0,0.001,13938.0,6754.0,1.0
mu[589],-0.043,0.043,-0.122,0.039,0.0,0.001,15353.0,6167.0,1.0
mu[590],-0.029,0.038,-0.097,0.045,0.0,0.0,18214.0,5834.0,1.0
mu[591],-0.047,0.046,-0.132,0.041,0.0,0.001,14649.0,6426.0,1.0
mu[592],-0.006,0.043,-0.087,0.077,0.0,0.001,15967.0,6651.0,1.0
mu[593],-0.001,0.047,-0.088,0.088,0.0,0.001,15411.0,6852.0,1.0
mu[594],-0.035,0.039,-0.11,0.037,0.0,0.0,17035.0,5820.0,1.0
mu[595],-0.034,0.039,-0.109,0.037,0.0,0.0,17224.0,5688.0,1.0
mu[596],-0.02,0.038,-0.092,0.049,0.0,0.0,17639.0,6169.0,1.0
mu[597],-0.015,0.039,-0.085,0.061,0.0,0.0,17203.0,6357.0,1.0
mu[598],-0.053,0.05,-0.142,0.044,0.0,0.001,13938.0,6754.0,1.0
mu[599],-0.052,0.049,-0.14,0.044,0.0,0.001,14057.0,6738.0,1.0
mu[600],0.031,0.075,-0.107,0.174,0.001,0.001,13230.0,7211.0,1.0
mu[601],-0.015,0.039,-0.085,0.061,0.0,0.0,17203.0,6357.0,1.0
mu[602],-0.049,0.047,-0.139,0.038,0.0,0.001,14337.0,6567.0,1.0
mu[603],-0.04,0.042,-0.116,0.04,0.0,0.0,15894.0,6240.0,1.0
mu[604],-0.058,0.054,-0.165,0.039,0.0,0.001,13379.0,6731.0,1.0
mu[605],-0.039,0.041,-0.114,0.039,0.0,0.0,16307.0,6139.0,1.0
mu[606],0.008,0.054,-0.093,0.109,0.0,0.001,14576.0,6981.0,1.0
mu[607],-0.021,0.037,-0.094,0.046,0.0,0.0,17713.0,5996.0,1.0
mu[608],-0.026,0.037,-0.093,0.047,0.0,0.0,17659.0,5926.0,1.0
mu[609],-0.047,0.045,-0.131,0.041,0.0,0.001,14718.0,6388.0,1.0
mu[610],-0.006,0.043,-0.084,0.079,0.0,0.0,16038.0,6556.0,1.0
mu[611],-0.015,0.039,-0.085,0.061,0.0,0.0,17203.0,6357.0,1.0
mu[612],-0.02,0.038,-0.092,0.049,0.0,0.0,17639.0,6169.0,1.0
mu[613],-0.043,0.043,-0.122,0.039,0.0,0.001,15353.0,6167.0,1.0
mu[614],-0.057,0.053,-0.158,0.041,0.0,0.001,13509.0,6531.0,1.0
mu[615],-0.05,0.048,-0.135,0.044,0.0,0.001,14259.0,6682.0,1.0
mu[616],-0.005,0.044,-0.087,0.079,0.0,0.001,15903.0,6657.0,1.0
mu[617],-0.056,0.052,-0.154,0.041,0.0,0.001,13634.0,6721.0,1.0
mu[618],-0.034,0.039,-0.11,0.037,0.0,0.0,17096.0,5731.0,1.0
mu[619],-0.016,0.039,-0.085,0.06,0.0,0.0,17276.0,6292.0,1.0
mu[620],-0.039,0.041,-0.114,0.039,0.0,0.0,16307.0,6139.0,1.0
mu[621],-0.043,0.043,-0.122,0.039,0.0,0.001,15353.0,6167.0,1.0
mu[622],-0.029,0.038,-0.097,0.045,0.0,0.0,18214.0,5834.0,1.0
mu[623],-0.024,0.037,-0.093,0.047,0.0,0.0,17721.0,6032.0,1.0
mu[624],-0.034,0.039,-0.109,0.037,0.0,0.0,17224.0,5688.0,1.0
mu[625],-0.029,0.038,-0.097,0.045,0.0,0.0,18214.0,5834.0,1.0
mu[626],-0.006,0.043,-0.087,0.077,0.0,0.001,15967.0,6651.0,1.0
mu[627],-0.037,0.04,-0.114,0.037,0.0,0.0,16648.0,5867.0,1.0
mu[628],-0.03,0.038,-0.097,0.046,0.0,0.0,18143.0,5630.0,1.0
mu[629],-0.017,0.039,-0.091,0.053,0.0,0.0,17395.0,6102.0,1.0
mu[630],-0.051,0.048,-0.137,0.044,0.0,0.001,14163.0,6710.0,1.0
mu[631],-0.035,0.039,-0.109,0.039,0.0,0.0,16905.0,5755.0,1.0
mu[632],-0.032,0.038,-0.104,0.04,0.0,0.0,17661.0,5477.0,1.0
mu[633],-0.057,0.053,-0.159,0.041,0.0,0.001,13471.0,6703.0,1.0
mu[634],-0.039,0.041,-0.114,0.039,0.0,0.0,16307.0,6139.0,1.0
mu[635],-0.006,0.04,-0.08,0.071,0.0,0.001,16245.0,5662.0,1.0
mu[636],-0.015,0.038,-0.087,0.056,0.0,0.001,19836.0,5420.0,1.0
mu[637],0.031,0.061,-0.084,0.148,0.001,0.001,9660.0,6668.0,1.0
mu[638],-0.034,0.04,-0.11,0.041,0.0,0.001,17916.0,4669.0,1.0
mu[639],-0.044,0.044,-0.125,0.039,0.0,0.001,14576.0,5120.0,1.0
mu[640],-0.012,0.039,-0.083,0.062,0.0,0.001,18645.0,5574.0,1.0
mu[641],-0.027,0.039,-0.102,0.044,0.0,0.001,19866.0,4985.0,1.0
mu[642],-0.004,0.041,-0.082,0.072,0.0,0.001,15311.0,6127.0,1.0
mu[643],-0.045,0.045,-0.127,0.038,0.0,0.001,14280.0,5246.0,1.0
mu[644],-0.061,0.054,-0.161,0.042,0.001,0.001,11332.0,5995.0,1.0
mu[645],0.003,0.044,-0.081,0.085,0.0,0.001,13379.0,6464.0,1.0
mu[646],0.001,0.043,-0.081,0.082,0.0,0.001,13788.0,6169.0,1.0
mu[647],0.104,0.123,-0.11,0.346,0.001,0.001,8037.0,6856.0,1.0
mu[648],-0.009,0.039,-0.085,0.063,0.0,0.001,17179.0,5517.0,1.0
mu[649],-0.026,0.038,-0.094,0.051,0.0,0.001,20129.0,5122.0,1.0
mu[650],-0.018,0.038,-0.088,0.054,0.0,0.001,20521.0,5459.0,1.0
mu[651],-0.012,0.039,-0.083,0.062,0.0,0.001,18568.0,5556.0,1.0
mu[652],-0.053,0.049,-0.145,0.039,0.0,0.001,12576.0,5585.0,1.0
mu[653],0.019,0.053,-0.079,0.121,0.001,0.001,10717.0,6135.0,1.0
mu[654],-0.054,0.05,-0.143,0.043,0.0,0.001,12377.0,5286.0,1.0
mu[655],-0.007,0.04,-0.082,0.069,0.0,0.001,16535.0,5662.0,1.0
mu[656],-0.016,0.038,-0.085,0.058,0.0,0.001,19987.0,5459.0,1.0
mu[657],-0.007,0.04,-0.082,0.068,0.0,0.001,16559.0,5618.0,1.0
mu[658],0.053,0.079,-0.094,0.202,0.001,0.001,8720.0,6868.0,1.0
mu[659],-0.021,0.038,-0.094,0.049,0.0,0.001,20902.0,5017.0,1.0
mu[660],-0.008,0.04,-0.085,0.065,0.0,0.001,16839.0,5468.0,1.0
mu[661],0.011,0.048,-0.081,0.1,0.0,0.001,11864.0,6547.0,1.0
mu[662],-0.008,0.04,-0.085,0.064,0.0,0.001,16968.0,5582.0,1.0
mu[663],-0.015,0.038,-0.087,0.057,0.0,0.001,19660.0,5421.0,1.0
mu[664],-0.025,0.038,-0.093,0.051,0.0,0.001,20220.0,5021.0,1.0
mu[665],0.017,0.052,-0.078,0.116,0.0,0.001,10958.0,6031.0,1.0
mu[666],-0.049,0.047,-0.136,0.038,0.0,0.001,13460.0,5286.0,1.0
mu[667],-0.037,0.041,-0.112,0.042,0.0,0.001,16747.0,4867.0,1.0
mu[668],-0.019,0.038,-0.09,0.052,0.0,0.001,20733.0,5313.0,1.0
mu[669],-0.019,0.038,-0.089,0.054,0.0,0.001,20600.0,5470.0,1.0
mu[670],-0.045,0.045,-0.127,0.039,0.0,0.001,14265.0,5246.0,1.0
mu[671],-0.033,0.04,-0.105,0.044,0.0,0.001,18219.0,4856.0,1.0
mu[672],-0.059,0.053,-0.158,0.039,0.0,0.001,11657.0,5910.0,1.0
mu[673],-0.049,0.047,-0.136,0.038,0.0,0.001,13408.0,5286.0,1.0
mu[674],-0.016,0.038,-0.088,0.055,0.0,0.001,20000.0,5478.0,1.0
mu[675],-0.008,0.04,-0.085,0.064,0.0,0.001,17013.0,5582.0,1.0
mu[676],0.027,0.059,-0.079,0.142,0.001,0.001,9973.0,6587.0,1.0
mu[677],-0.046,0.045,-0.129,0.037,0.0,0.001,14157.0,5415.0,1.0
mu[678],0.001,0.043,-0.08,0.082,0.0,0.001,13866.0,6268.0,1.0
mu[679],-0.064,0.056,-0.167,0.043,0.001,0.001,11023.0,6138.0,1.0
mu[680],0.049,0.075,-0.08,0.203,0.001,0.001,8850.0,6760.0,1.0
mu[681],-0.004,0.041,-0.081,0.073,0.0,0.001,15373.0,6129.0,1.0
mu[682],-0.019,0.038,-0.089,0.053,0.0,0.001,20619.0,5451.0,1.0
mu[683],-0.025,0.038,-0.093,0.052,0.0,0.001,20298.0,4957.0,1.0
mu[684],-0.034,0.04,-0.11,0.041,0.0,0.001,17994.0,4625.0,1.0
mu[685],-0.06,0.053,-0.159,0.04,0.0,0.001,11585.0,5911.0,1.0
mu[686],0.034,0.064,-0.083,0.16,0.001,0.001,9445.0,6886.0,1.0
mu[687],-0.021,0.038,-0.094,0.049,0.0,0.001,20906.0,5034.0,1.0
mu[688],-0.022,0.038,-0.094,0.049,0.0,0.001,20916.0,5052.0,1.0
mu[689],-0.021,0.038,-0.094,0.049,0.0,0.001,20906.0,5034.0,1.0
mu[690],-0.058,0.052,-0.154,0.041,0.0,0.001,11830.0,5482.0,1.0
mu[691],-0.039,0.042,-0.116,0.041,0.0,0.001,15821.0,4807.0,1.0
mu[692],-0.005,0.041,-0.082,0.071,0.0,0.001,15565.0,5872.0,1.0
mu[693],-0.037,0.041,-0.111,0.043,0.0,0.001,16894.0,4852.0,1.0
mu[694],-0.043,0.044,-0.123,0.039,0.0,0.001,14794.0,5037.0,1.0
mu[695],-0.001,0.042,-0.079,0.079,0.0,0.001,14395.0,6156.0,1.0
mu[696],-0.028,0.039,-0.104,0.042,0.0,0.001,19642.0,4983.0,1.0
mu[697],0.005,0.045,-0.077,0.092,0.0,0.001,12999.0,6383.0,1.0
mu[698],-0.06,0.053,-0.16,0.039,0.0,0.001,11561.0,5925.0,1.0
mu[699],0.016,0.051,-0.079,0.114,0.0,0.001,11052.0,6055.0,1.0
mu[700],-0.01,0.039,-0.083,0.064,0.0,0.001,17719.0,5721.0,1.0
mu[701],-0.009,0.039,-0.085,0.063,0.0,0.001,17154.0,5517.0,1.0
mu[702],-0.028,0.039,-0.102,0.043,0.0,0.001,19782.0,4984.0,1.0
mu[703],-0.002,0.042,-0.08,0.077,0.0,0.001,14808.0,6233.0,1.0
mu[704],-0.028,0.039,-0.102,0.043,0.0,0.001,19782.0,4984.0,1.0
mu[705],-0.009,0.039,-0.085,0.063,0.0,0.001,17154.0,5517.0,1.0
mu[706],0.017,0.051,-0.078,0.116,0.0,0.001,10991.0,6031.0,1.0
mu[707],-0.047,0.045,-0.131,0.037,0.0,0.001,13930.0,5353.0,1.0
mu[708],-0.047,0.045,-0.131,0.037,0.0,0.001,13930.0,5353.0,1.0
mu[709],-0.021,0.038,-0.094,0.049,0.0,0.001,20907.0,5034.0,1.0
mu[710],-0.023,0.038,-0.093,0.051,0.0,0.001,20430.0,4877.0,1.0
mu[711],-0.012,0.039,-0.084,0.061,0.0,0.001,18697.0,5574.0,1.0
mu[712],-0.012,0.039,-0.083,0.062,0.0,0.001,18645.0,5574.0,1.0
mu[713],-0.04,0.042,-0.118,0.041,0.0,0.001,15562.0,4933.0,1.0
mu[714],-0.019,0.038,-0.089,0.053,0.0,0.001,20690.0,5430.0,1.0
mu[715],-0.059,0.053,-0.158,0.039,0.0,0.001,11657.0,5910.0,1.0
mu[716],-0.047,0.045,-0.131,0.037,0.0,0.001,13930.0,5353.0,1.0
mu[717],-0.028,0.039,-0.102,0.043,0.0,0.001,19782.0,4984.0,1.0
mu[718],-0.052,0.048,-0.145,0.036,0.0,0.001,12808.0,5367.0,1.0
mu[719],0.004,0.044,-0.077,0.091,0.0,0.001,13170.0,6426.0,1.0
mu[720],0.01,0.048,-0.081,0.099,0.0,0.001,11920.0,6547.0,1.0
mu[721],-0.035,0.041,-0.108,0.044,0.0,0.001,17482.0,4735.0,1.0
mu[722],-0.034,0.04,-0.11,0.041,0.0,0.001,17916.0,4669.0,1.0
mu[723],-0.015,0.038,-0.087,0.056,0.0,0.001,19698.0,5320.0,1.0
mu[724],-0.009,0.039,-0.085,0.063,0.0,0.001,17154.0,5517.0,1.0
mu[725],-0.059,0.053,-0.158,0.039,0.0,0.001,11657.0,5910.0,1.0
mu[726],-0.058,0.052,-0.154,0.041,0.0,0.001,11830.0,5482.0,1.0
mu[727],0.053,0.079,-0.094,0.201,0.001,0.001,8732.0,6869.0,1.0
mu[728],-0.009,0.039,-0.085,0.063,0.0,0.001,17154.0,5517.0,1.0
mu[729],-0.055,0.05,-0.147,0.04,0.0,0.001,12312.0,5250.0,1.0
mu[730],-0.043,0.044,-0.124,0.038,0.0,0.001,14876.0,5054.0,1.0
mu[731],-0.067,0.058,-0.175,0.042,0.001,0.001,10698.0,6088.0,1.0
mu[732],-0.04,0.042,-0.118,0.041,0.0,0.001,15562.0,4933.0,1.0
mu[733],0.023,0.056,-0.078,0.132,0.001,0.001,10327.0,5987.0,1.0
mu[734],-0.017,0.038,-0.088,0.055,0.0,0.001,20337.0,5442.0,1.0
mu[735],-0.024,0.038,-0.093,0.05,0.0,0.001,20411.0,4877.0,1.0
mu[736],-0.051,0.048,-0.142,0.037,0.0,0.001,12913.0,5348.0,1.0
mu[737],0.003,0.044,-0.081,0.086,0.0,0.001,13349.0,6494.0,1.0
mu[738],-0.009,0.039,-0.085,0.063,0.0,0.001,17154.0,5517.0,1.0
mu[739],-0.015,0.038,-0.087,0.056,0.0,0.001,19698.0,5320.0,1.0
mu[740],-0.047,0.045,-0.131,0.037,0.0,0.001,13930.0,5353.0,1.0
mu[741],-0.065,0.057,-0.169,0.042,0.001,0.001,10928.0,6155.0,1.0
mu[742],-0.056,0.051,-0.148,0.041,0.0,0.001,12181.0,5253.0,1.0
mu[743],0.005,0.045,-0.079,0.09,0.0,0.001,13015.0,6383.0,1.0
mu[744],-0.063,0.056,-0.165,0.043,0.001,0.001,11095.0,5898.0,1.0
mu[745],-0.035,0.04,-0.111,0.041,0.0,0.001,17636.0,4592.0,1.0
mu[746],-0.009,0.039,-0.082,0.065,0.0,0.001,17439.0,5632.0,1.0
mu[747],-0.04,0.042,-0.118,0.041,0.0,0.001,15562.0,4933.0,1.0
mu[748],-0.047,0.045,-0.131,0.037,0.0,0.001,13930.0,5353.0,1.0
mu[749],-0.028,0.039,-0.102,0.043,0.0,0.001,19782.0,4984.0,1.0
mu[750],-0.021,0.038,-0.094,0.049,0.0,0.001,20907.0,5034.0,1.0
mu[751],-0.034,0.04,-0.11,0.041,0.0,0.001,17916.0,4669.0,1.0
mu[752],-0.028,0.039,-0.102,0.043,0.0,0.001,19782.0,4984.0,1.0
mu[753],0.004,0.044,-0.077,0.091,0.0,0.001,13170.0,6426.0,1.0
mu[754],-0.038,0.042,-0.112,0.043,0.0,0.001,16380.0,4837.0,1.0
mu[755],-0.029,0.039,-0.105,0.041,0.0,0.001,19516.0,4841.0,1.0
mu[756],-0.011,0.039,-0.082,0.064,0.0,0.001,18018.0,5587.0,1.0
mu[757],-0.057,0.051,-0.151,0.04,0.0,0.001,12020.0,5385.0,1.0
mu[758],-0.036,0.041,-0.114,0.039,0.0,0.001,17074.0,4606.0,1.0
mu[759],-0.032,0.039,-0.105,0.043,0.0,0.001,18600.0,4849.0,1.0
mu[760],-0.066,0.057,-0.17,0.043,0.001,0.001,10854.0,6081.0,1.0
mu[761],-0.04,0.042,-0.118,0.041,0.0,0.001,15562.0,4933.0,1.0
mu[762],-0.013,0.04,-0.09,0.06,0.0,0.0,15666.0,5998.0,1.0
mu[763],-0.021,0.038,-0.095,0.047,0.0,0.0,17130.0,5605.0,1.0
mu[764],0.022,0.061,-0.085,0.144,0.001,0.001,10765.0,6535.0,1.0
mu[765],-0.038,0.039,-0.114,0.033,0.0,0.0,15758.0,5951.0,1.0
mu[766],-0.047,0.043,-0.128,0.033,0.0,0.001,13265.0,6089.0,1.0
mu[767],-0.018,0.039,-0.094,0.05,0.0,0.0,16700.0,5672.0,1.0
mu[768],-0.032,0.038,-0.108,0.035,0.0,0.0,17147.0,5577.0,1.0
mu[769],-0.01,0.041,-0.092,0.062,0.0,0.0,15206.0,5836.0,1.0
mu[770],-0.048,0.043,-0.13,0.033,0.0,0.001,13040.0,6088.0,1.0
mu[771],-0.063,0.052,-0.167,0.03,0.0,0.001,10997.0,6329.0,1.0
mu[772],-0.004,0.044,-0.082,0.082,0.0,0.001,13876.0,6130.0,1.0
mu[773],-0.005,0.043,-0.088,0.074,0.0,0.001,14175.0,6146.0,1.0
mu[774],0.09,0.119,-0.123,0.327,0.001,0.001,9086.0,7372.0,1.0
mu[775],-0.015,0.039,-0.092,0.056,0.0,0.0,16098.0,5806.0,1.0
mu[776],-0.031,0.038,-0.106,0.036,0.0,0.0,17282.0,5420.0,1.0
mu[777],-0.023,0.038,-0.094,0.047,0.0,0.0,17378.0,5463.0,1.0
mu[778],-0.018,0.039,-0.093,0.051,0.0,0.0,16673.0,5672.0,1.0
mu[779],-0.056,0.047,-0.142,0.036,0.0,0.001,11834.0,6138.0,1.0
mu[780],0.011,0.053,-0.091,0.108,0.0,0.001,11725.0,6364.0,1.0
mu[781],-0.057,0.048,-0.146,0.035,0.0,0.001,11699.0,6161.0,1.0
mu[782],-0.013,0.04,-0.09,0.059,0.0,0.0,15804.0,5974.0,1.0
mu[783],-0.021,0.038,-0.092,0.05,0.0,0.0,17180.0,5584.0,1.0
mu[784],-0.013,0.04,-0.09,0.059,0.0,0.0,15814.0,5974.0,1.0
mu[785],0.043,0.077,-0.102,0.189,0.001,0.001,9803.0,7132.0,1.0
mu[786],-0.026,0.038,-0.096,0.045,0.0,0.0,17516.0,5308.0,1.0
mu[787],-0.014,0.04,-0.09,0.059,0.0,0.0,15937.0,5974.0,1.0
mu[788],0.003,0.048,-0.085,0.094,0.0,0.001,12714.0,6160.0,1.0
mu[789],-0.014,0.04,-0.091,0.058,0.0,0.0,15999.0,5927.0,1.0
mu[790],-0.02,0.038,-0.095,0.048,0.0,0.0,17059.0,5625.0,1.0
mu[791],-0.03,0.038,-0.104,0.037,0.0,0.0,17340.0,5438.0,1.0
mu[792],0.009,0.051,-0.09,0.103,0.0,0.001,11961.0,6134.0,1.0
mu[793],-0.052,0.045,-0.139,0.03,0.0,0.001,12445.0,6170.0,1.0
mu[794],-0.041,0.04,-0.118,0.032,0.0,0.0,14948.0,5843.0,1.0
mu[795],-0.025,0.038,-0.094,0.047,0.0,0.0,17461.0,5252.0,1.0
mu[796],-0.024,0.038,-0.094,0.047,0.0,0.0,17405.0,5404.0,1.0
mu[797],-0.048,0.043,-0.13,0.033,0.0,0.001,13026.0,6088.0,1.0
mu[798],-0.037,0.039,-0.111,0.035,0.0,0.0,16126.0,5859.0,1.0
mu[799],-0.061,0.051,-0.159,0.033,0.0,0.001,11178.0,6304.0,1.0
mu[800],-0.052,0.045,-0.14,0.03,0.0,0.001,12406.0,6171.0,1.0
mu[801],-0.021,0.038,-0.092,0.05,0.0,0.0,17187.0,5584.0,1.0
mu[802],-0.014,0.04,-0.092,0.056,0.0,0.0,16024.0,5904.0,1.0
mu[803],0.019,0.058,-0.085,0.135,0.001,0.001,11025.0,6548.0,1.0
mu[804],-0.049,0.044,-0.131,0.033,0.0,0.001,12946.0,6077.0,1.0
mu[805],-0.006,0.043,-0.088,0.073,0.0,0.001,14228.0,6097.0,1.0
mu[806],-0.066,0.054,-0.173,0.031,0.001,0.001,10774.0,6384.0,1.0
mu[807],0.039,0.074,-0.091,0.187,0.001,0.001,9934.0,6988.0,1.0
mu[808],-0.01,0.041,-0.089,0.064,0.0,0.0,15244.0,5927.0,1.0
mu[809],-0.024,0.038,-0.093,0.047,0.0,0.0,17418.0,5365.0,1.0
mu[810],-0.03,0.038,-0.102,0.039,0.0,0.0,17383.0,5420.0,1.0
mu[811],-0.038,0.039,-0.114,0.032,0.0,0.0,15801.0,5904.0,1.0
mu[812],-0.062,0.051,-0.162,0.031,0.0,0.001,11131.0,6330.0,1.0
mu[813],0.025,0.063,-0.09,0.148,0.001,0.001,10547.0,6521.0,1.0
mu[814],-0.026,0.038,-0.096,0.044,0.0,0.0,17519.0,5346.0,1.0
mu[815],-0.027,0.038,-0.097,0.044,0.0,0.0,17511.0,5315.0,1.0
mu[816],-0.026,0.038,-0.096,0.044,0.0,0.0,17519.0,5346.0,1.0
mu[817],-0.06,0.05,-0.156,0.033,0.0,0.001,11308.0,6411.0,1.0
mu[818],-0.043,0.041,-0.118,0.036,0.0,0.0,14327.0,5990.0,1.0
mu[819],-0.011,0.041,-0.09,0.062,0.0,0.0,15338.0,5927.0,1.0
mu[820],-0.04,0.04,-0.119,0.032,0.0,0.0,15044.0,5843.0,1.0
mu[821],-0.047,0.042,-0.125,0.035,0.0,0.0,13446.0,6014.0,1.0
mu[822],-0.007,0.042,-0.089,0.069,0.0,0.0,14613.0,5884.0,1.0
mu[823],-0.033,0.038,-0.106,0.038,0.0,0.0,17261.0,5702.0,1.0
mu[824],-0.002,0.045,-0.082,0.085,0.0,0.001,13603.0,6116.0,1.0
mu[825],-0.062,0.051,-0.161,0.033,0.0,0.001,11114.0,6330.0,1.0
mu[826],0.008,0.051,-0.091,0.101,0.0,0.001,12045.0,6196.0,1.0
mu[827],-0.016,0.039,-0.092,0.054,0.0,0.0,16326.0,5783.0,1.0
mu[828],-0.015,0.04,-0.092,0.056,0.0,0.0,16089.0,5881.0,1.0
mu[829],-0.032,0.038,-0.108,0.036,0.0,0.0,17105.0,5639.0,1.0
mu[830],-0.009,0.042,-0.087,0.068,0.0,0.0,14891.0,5883.0,1.0
mu[831],-0.032,0.038,-0.108,0.036,0.0,0.0,17105.0,5639.0,1.0
mu[832],-0.015,0.04,-0.092,0.056,0.0,0.0,16089.0,5881.0,1.0
mu[833],0.009,0.051,-0.091,0.102,0.0,0.001,11987.0,6197.0,1.0
mu[834],-0.05,0.044,-0.134,0.031,0.0,0.001,12777.0,6188.0,1.0
mu[835],-0.05,0.044,-0.134,0.031,0.0,0.001,12777.0,6188.0,1.0
mu[836],-0.026,0.038,-0.096,0.044,0.0,0.0,17521.0,5334.0,1.0
mu[837],-0.028,0.038,-0.103,0.038,0.0,0.0,17467.0,5381.0,1.0
mu[838],-0.018,0.039,-0.094,0.05,0.0,0.0,16720.0,5651.0,1.0
mu[839],-0.018,0.039,-0.094,0.05,0.0,0.0,16700.0,5672.0,1.0
mu[840],-0.044,0.041,-0.119,0.036,0.0,0.0,14095.0,6015.0,1.0
mu[841],-0.024,0.038,-0.094,0.047,0.0,0.0,17450.0,5289.0,1.0
mu[842],-0.061,0.051,-0.159,0.033,0.0,0.001,11178.0,6304.0,1.0
mu[843],-0.05,0.044,-0.134,0.031,0.0,0.001,12777.0,6188.0,1.0
mu[844],-0.032,0.038,-0.108,0.036,0.0,0.0,17105.0,5639.0,1.0
mu[845],-0.055,0.047,-0.14,0.036,0.0,0.001,11980.0,6161.0,1.0
mu[846],-0.003,0.044,-0.082,0.084,0.0,0.001,13720.0,6093.0,1.0
mu[847],0.003,0.047,-0.086,0.092,0.0,0.001,12757.0,6185.0,1.0
mu[848],-0.039,0.04,-0.116,0.032,0.0,0.0,15443.0,6007.0,1.0
mu[849],-0.038,0.039,-0.114,0.033,0.0,0.0,15758.0,5951.0,1.0
mu[850],-0.021,0.038,-0.095,0.048,0.0,0.0,17078.0,5605.0,1.0
mu[851],-0.015,0.04,-0.092,0.056,0.0,0.0,16089.0,5881.0,1.0
mu[852],-0.061,0.051,-0.159,0.033,0.0,0.001,11178.0,6304.0,1.0
mu[853],-0.06,0.05,-0.156,0.033,0.0,0.001,11308.0,6411.0,1.0
mu[854],0.042,0.077,-0.102,0.188,0.001,0.001,9814.0,7099.0,1.0
mu[855],-0.015,0.04,-0.092,0.056,0.0,0.0,16089.0,5881.0,1.0
mu[856],-0.057,0.048,-0.148,0.034,0.0,0.001,11652.0,6176.0,1.0
mu[857],-0.046,0.042,-0.124,0.035,0.0,0.0,13516.0,5989.0,1.0
mu[858],-0.069,0.056,-0.178,0.033,0.001,0.001,10539.0,6495.0,1.0
mu[859],-0.044,0.041,-0.119,0.036,0.0,0.0,14095.0,6015.0,1.0
mu[860],0.015,0.055,-0.09,0.118,0.001,0.001,11367.0,6430.0,1.0
mu[861],-0.023,0.038,-0.093,0.047,0.0,0.0,17303.0,5562.0,1.0
mu[862],-0.028,0.038,-0.103,0.038,0.0,0.0,17463.0,5421.0,1.0
mu[863],-0.054,0.046,-0.141,0.033,0.0,0.001,12052.0,6161.0,1.0
mu[864],-0.004,0.044,-0.082,0.083,0.0,0.001,13854.0,6130.0,1.0
mu[865],-0.015,0.04,-0.092,0.056,0.0,0.0,16089.0,5881.0,1.0
mu[866],-0.021,0.038,-0.095,0.048,0.0,0.0,17078.0,5605.0,1.0
mu[867],-0.05,0.044,-0.134,0.031,0.0,0.001,12777.0,6188.0,1.0
mu[868],-0.067,0.054,-0.172,0.033,0.001,0.001,10703.0,6437.0,1.0
mu[869],-0.058,0.049,-0.15,0.033,0.0,0.001,11559.0,6201.0,1.0
mu[870],-0.002,0.045,-0.082,0.085,0.0,0.001,13612.0,6116.0,1.0
mu[871],-0.065,0.053,-0.172,0.03,0.001,0.001,10827.0,6358.0,1.0
mu[872],-0.039,0.04,-0.116,0.032,0.0,0.0,15549.0,5960.0,1.0
mu[873],-0.015,0.039,-0.092,0.054,0.0,0.0,16215.0,5804.0,1.0
mu[874],-0.044,0.041,-0.119,0.036,0.0,0.0,14095.0,6015.0,1.0
mu[875],-0.05,0.044,-0.134,0.031,0.0,0.001,12777.0,6188.0,1.0
mu[876],-0.032,0.038,-0.108,0.036,0.0,0.0,17105.0,5639.0,1.0
mu[877],-0.026,0.038,-0.096,0.044,0.0,0.0,17521.0,5334.0,1.0
mu[878],-0.038,0.039,-0.114,0.033,0.0,0.0,15758.0,5951.0,1.0
mu[879],-0.032,0.038,-0.108,0.036,0.0,0.0,17105.0,5639.0,1.0
mu[880],-0.003,0.044,-0.082,0.084,0.0,0.001,13720.0,6093.0,1.0
mu[881],-0.042,0.041,-0.117,0.035,0.0,0.0,14694.0,5959.0,1.0
mu[882],-0.033,0.038,-0.106,0.037,0.0,0.0,17168.0,5724.0,1.0
mu[883],-0.017,0.039,-0.092,0.053,0.0,0.0,16439.0,5759.0,1.0
mu[884],-0.059,0.049,-0.153,0.033,0.0,0.001,11436.0,6227.0,1.0
mu[885],-0.04,0.04,-0.118,0.032,0.0,0.0,15172.0,5866.0,1.0
mu[886],-0.036,0.039,-0.108,0.037,0.0,0.0,16420.0,5801.0,1.0
mu[887],-0.067,0.055,-0.171,0.036,0.001,0.001,10656.0,6412.0,1.0
mu[888],-0.044,0.041,-0.119,0.036,0.0,0.0,14095.0,6015.0,1.0
mu[889],-0.016,0.04,-0.087,0.062,0.0,0.0,17245.0,6606.0,1.0
mu[890],-0.016,0.037,-0.087,0.054,0.0,0.0,19369.0,6277.0,1.0
mu[891],-0.016,0.061,-0.14,0.092,0.001,0.001,11573.0,6373.0,1.0
mu[892],-0.016,0.039,-0.091,0.055,0.0,0.001,16873.0,6154.0,1.0
mu[893],-0.016,0.043,-0.098,0.061,0.0,0.001,14335.0,6280.0,1.0
mu[894],-0.016,0.038,-0.089,0.055,0.0,0.0,18540.0,6305.0,1.0
mu[895],-0.016,0.037,-0.086,0.055,0.0,0.0,18563.0,6257.0,1.0
mu[896],-0.016,0.04,-0.091,0.061,0.0,0.0,16652.0,6658.0,1.0
mu[897],-0.016,0.043,-0.099,0.063,0.0,0.001,14078.0,6304.0,1.0
mu[898],-0.016,0.053,-0.115,0.083,0.0,0.001,11576.0,5801.0,1.0
mu[899],-0.016,0.044,-0.095,0.069,0.0,0.0,15058.0,6451.0,1.0
mu[900],-0.016,0.043,-0.096,0.065,0.0,0.0,15412.0,6481.0,1.0
mu[901],-0.016,0.123,-0.259,0.206,0.001,0.001,9459.0,6622.0,1.0
mu[902],-0.016,0.039,-0.088,0.058,0.0,0.0,17781.0,6465.0,1.0
mu[903],-0.016,0.037,-0.086,0.054,0.0,0.0,18811.0,6231.0,1.0
mu[904],-0.016,0.037,-0.086,0.054,0.0,0.0,19532.0,6330.0,1.0
mu[905],-0.016,0.038,-0.089,0.055,0.0,0.0,18501.0,6306.0,1.0
mu[906],-0.016,0.048,-0.102,0.077,0.0,0.001,12589.0,5749.0,1.0
mu[907],-0.016,0.053,-0.112,0.088,0.0,0.001,12564.0,6482.0,1.0
mu[908],-0.016,0.048,-0.113,0.069,0.0,0.001,12419.0,5683.0,1.0
mu[909],-0.016,0.039,-0.089,0.059,0.0,0.0,17396.0,6576.0,1.0
mu[910],-0.016,0.037,-0.085,0.055,0.0,0.0,19412.0,6252.0,1.0
mu[911],-0.016,0.039,-0.089,0.06,0.0,0.0,17411.0,6520.0,1.0
mu[912],-0.016,0.079,-0.169,0.129,0.001,0.001,10383.0,6532.0,1.0
mu[913],-0.016,0.037,-0.086,0.053,0.0,0.0,19481.0,6180.0,1.0
mu[914],-0.016,0.039,-0.089,0.058,0.0,0.0,17583.0,6465.0,1.0
mu[915],-0.016,0.048,-0.107,0.073,0.0,0.001,13677.0,6450.0,1.0
mu[916],-0.016,0.039,-0.089,0.058,0.0,0.0,17649.0,6492.0,1.0
mu[917],-0.016,0.038,-0.088,0.053,0.0,0.0,19332.0,6331.0,1.0
mu[918],-0.016,0.037,-0.086,0.055,0.0,0.0,18941.0,6255.0,1.0
mu[919],-0.016,0.051,-0.112,0.082,0.0,0.001,12817.0,6453.0,1.0
mu[920],-0.016,0.045,-0.098,0.07,0.0,0.001,13367.0,5800.0,1.0
mu[921],-0.016,0.04,-0.09,0.059,0.0,0.001,16056.0,6185.0,1.0
mu[922],-0.016,0.037,-0.084,0.055,0.0,0.0,19551.0,6226.0,1.0
mu[923],-0.016,0.037,-0.087,0.053,0.0,0.0,19545.0,6277.0,1.0
mu[924],-0.016,0.043,-0.099,0.063,0.0,0.001,14065.0,6304.0,1.0
mu[925],-0.016,0.039,-0.089,0.056,0.0,0.001,17255.0,5869.0,1.0
mu[926],-0.016,0.051,-0.106,0.086,0.0,0.001,11800.0,5855.0,1.0
mu[927],-0.016,0.045,-0.098,0.071,0.0,0.001,13320.0,5800.0,1.0
mu[928],-0.016,0.037,-0.085,0.055,0.0,0.0,19416.0,6278.0,1.0
mu[929],-0.016,0.039,-0.089,0.058,0.0,0.0,17677.0,6493.0,1.0
mu[930],-0.016,0.059,-0.132,0.089,0.001,0.001,11918.0,6537.0,1.0
mu[931],-0.016,0.043,-0.094,0.068,0.0,0.001,13967.0,6360.0,1.0
mu[932],-0.016,0.043,-0.094,0.066,0.0,0.0,15482.0,6478.0,1.0
mu[933],-0.016,0.054,-0.119,0.085,0.001,0.001,11318.0,5985.0,1.0
mu[934],-0.016,0.075,-0.163,0.121,0.001,0.001,10546.0,6477.0,1.0
mu[935],-0.016,0.04,-0.091,0.061,0.0,0.0,16700.0,6692.0,1.0
mu[936],-0.016,0.037,-0.085,0.054,0.0,0.0,19544.0,6252.0,1.0
mu[937],-0.016,0.037,-0.087,0.053,0.0,0.0,19064.0,6308.0,1.0
mu[938],-0.016,0.039,-0.091,0.054,0.0,0.001,16921.0,6033.0,1.0
mu[939],-0.016,0.052,-0.112,0.082,0.0,0.001,11740.0,5878.0,1.0
mu[940],-0.016,0.064,-0.139,0.103,0.001,0.001,11315.0,6413.0,1.0
mu[941],-0.016,0.037,-0.085,0.054,0.0,0.0,19479.0,6180.0,1.0
mu[942],-0.016,0.037,-0.085,0.054,0.0,0.0,19438.0,6205.0,1.0
mu[943],-0.016,0.037,-0.085,0.054,0.0,0.0,19479.0,6180.0,1.0
mu[944],-0.016,0.05,-0.115,0.074,0.0,0.001,11947.0,5701.0,1.0
mu[945],-0.016,0.041,-0.094,0.058,0.0,0.001,15426.0,6138.0,1.0
mu[946],-0.016,0.04,-0.091,0.061,0.0,0.0,16834.0,6651.0,1.0
mu[947],-0.016,0.04,-0.089,0.059,0.0,0.001,16158.0,6110.0,1.0
mu[948],-0.016,0.042,-0.09,0.068,0.0,0.001,14522.0,6332.0,1.0
mu[949],-0.016,0.042,-0.096,0.061,0.0,0.0,15939.0,6682.0,1.0
mu[950],-0.016,0.038,-0.086,0.055,0.0,0.0,18374.0,6180.0,1.0
mu[951],-0.016,0.044,-0.099,0.068,0.0,0.0,14716.0,6480.0,1.0
mu[952],-0.016,0.052,-0.113,0.082,0.0,0.001,11720.0,5615.0,1.0
mu[953],-0.016,0.051,-0.11,0.083,0.0,0.001,12910.0,6481.0,1.0
mu[954],-0.016,0.039,-0.086,0.059,0.0,0.0,18067.0,6306.0,1.0
mu[955],-0.016,0.039,-0.088,0.058,0.0,0.0,17767.0,6465.0,1.0
mu[956],-0.016,0.038,-0.085,0.055,0.0,0.0,18498.0,6257.0,1.0
mu[957],-0.016,0.041,-0.094,0.061,0.0,0.0,16262.0,6569.0,1.0
mu[958],-0.016,0.038,-0.085,0.055,0.0,0.0,18498.0,6257.0,1.0
mu[959],-0.016,0.039,-0.088,0.058,0.0,0.0,17767.0,6465.0,1.0
mu[960],-0.016,0.051,-0.112,0.082,0.0,0.001,12847.0,6453.0,1.0
mu[961],-0.016,0.044,-0.095,0.07,0.0,0.001,13770.0,6358.0,1.0
mu[962],-0.016,0.044,-0.095,0.07,0.0,0.001,13770.0,6358.0,1.0
mu[963],-0.016,0.037,-0.085,0.054,0.0,0.0,19462.0,6155.0,1.0
mu[964],-0.016,0.037,-0.087,0.052,0.0,0.0,19278.0,6257.0,1.0
mu[965],-0.016,0.038,-0.088,0.055,0.0,0.0,18555.0,6306.0,1.0
mu[966],-0.016,0.038,-0.089,0.055,0.0,0.0,18540.0,6305.0,1.0
mu[967],-0.016,0.041,-0.095,0.058,0.0,0.001,15188.0,6205.0,1.0
mu[968],-0.016,0.037,-0.087,0.052,0.0,0.0,19554.0,6201.0,1.0
mu[969],-0.016,0.051,-0.106,0.086,0.0,0.001,11800.0,5855.0,1.0
mu[970],-0.016,0.044,-0.095,0.07,0.0,0.001,13770.0,6358.0,1.0
mu[971],-0.016,0.038,-0.085,0.055,0.0,0.0,18498.0,6257.0,1.0
mu[972],-0.016,0.047,-0.1,0.076,0.0,0.001,12792.0,5803.0,1.0
mu[973],-0.016,0.044,-0.096,0.069,0.0,0.0,14874.0,6507.0,1.0
mu[974],-0.016,0.047,-0.107,0.072,0.0,0.001,13728.0,6477.0,1.0
mu[975],-0.016,0.039,-0.088,0.058,0.0,0.001,16558.0,6128.0,1.0
mu[976],-0.016,0.039,-0.091,0.055,0.0,0.001,16873.0,6154.0,1.0
mu[977],-0.016,0.038,-0.088,0.053,0.0,0.0,19342.0,6278.0,1.0
mu[978],-0.016,0.039,-0.088,0.058,0.0,0.0,17767.0,6465.0,1.0
mu[979],-0.016,0.051,-0.106,0.086,0.0,0.001,11800.0,5855.0,1.0
mu[980],-0.016,0.05,-0.115,0.074,0.0,0.001,11947.0,5701.0,1.0
mu[981],-0.016,0.079,-0.171,0.125,0.001,0.001,10396.0,6532.0,1.0
mu[982],-0.016,0.039,-0.088,0.058,0.0,0.0,17767.0,6465.0,1.0
mu[983],-0.016,0.048,-0.107,0.075,0.0,0.001,12368.0,5685.0,1.0
mu[984],-0.016,0.042,-0.098,0.059,0.0,0.001,14595.0,6306.0,1.0
mu[985],-0.016,0.057,-0.122,0.091,0.001,0.001,11055.0,5992.0,1.0
mu[986],-0.016,0.041,-0.095,0.058,0.0,0.001,15188.0,6205.0,1.0
mu[987],-0.016,0.056,-0.124,0.085,0.001,0.001,12363.0,6508.0,1.0
mu[988],-0.016,0.037,-0.086,0.054,0.0,0.0,19503.0,6357.0,1.0
mu[989],-0.016,0.037,-0.087,0.052,0.0,0.0,19257.0,6257.0,1.0
mu[990],-0.016,0.047,-0.098,0.076,0.0,0.001,12882.0,5625.0,1.0
mu[991],-0.016,0.044,-0.095,0.069,0.0,0.0,15030.0,6451.0,1.0
mu[992],-0.016,0.039,-0.088,0.058,0.0,0.0,17767.0,6465.0,1.0
mu[993],-0.016,0.038,-0.088,0.053,0.0,0.0,19342.0,6278.0,1.0
mu[994],-0.016,0.044,-0.095,0.07,0.0,0.001,13770.0,6358.0,1.0
mu[995],-0.016,0.055,-0.121,0.086,0.001,0.001,11247.0,5972.0,1.0
mu[996],-0.016,0.049,-0.112,0.072,0.0,0.001,12254.0,5798.0,1.0
mu[997],-0.016,0.044,-0.099,0.068,0.0,0.0,14732.0,6480.0,1.0
mu[998],-0.016,0.054,-0.117,0.085,0.001,0.001,11378.0,6050.0,1.0
mu[999],-0.016,0.039,-0.089,0.057,0.0,0.001,16657.0,6178.0,1.0
mu[1000],-0.016,0.039,-0.086,0.059,0.0,0.0,17924.0,6437.0,1.0
mu[1001],-0.016,0.041,-0.095,0.058,0.0,0.001,15188.0,6205.0,1.0
mu[1002],-0.016,0.044,-0.095,0.07,0.0,0.001,13770.0,6358.0,1.0
mu[1003],-0.016,0.038,-0.085,0.055,0.0,0.0,18498.0,6257.0,1.0
mu[1004],-0.016,0.037,-0.085,0.054,0.0,0.0,19462.0,6155.0,1.0
mu[1005],-0.016,0.039,-0.091,0.055,0.0,0.001,16873.0,6154.0,1.0
mu[1006],-0.016,0.038,-0.085,0.055,0.0,0.0,18498.0,6257.0,1.0
mu[1007],-0.016,0.044,-0.096,0.069,0.0,0.0,14874.0,6507.0,1.0
mu[1008],-0.016,0.04,-0.091,0.059,0.0,0.001,15801.0,6135.0,1.0
mu[1009],-0.016,0.038,-0.086,0.055,0.0,0.0,18265.0,6159.0,1.0
mu[1010],-0.016,0.038,-0.086,0.058,0.0,0.0,18211.0,6229.0,1.0
mu[1011],-0.016,0.05,-0.114,0.072,0.0,0.001,12116.0,5632.0,1.0
mu[1012],-0.016,0.04,-0.089,0.058,0.0,0.001,16276.0,6262.0,1.0
mu[1013],-0.016,0.038,-0.085,0.058,0.0,0.0,17544.0,5954.0,1.0
mu[1014],-0.016,0.056,-0.118,0.09,0.001,0.001,11184.0,6070.0,1.0
mu[1015],-0.016,0.041,-0.095,0.058,0.0,0.001,15188.0,6205.0,1.0
mu[1016],-0.015,0.039,-0.088,0.059,0.0,0.0,16078.0,5984.0,1.0
mu[1017],-0.022,0.037,-0.092,0.048,0.0,0.0,17028.0,5593.0,1.0
mu[1018],0.013,0.059,-0.093,0.128,0.001,0.001,12350.0,6861.0,1.0
mu[1019],-0.036,0.039,-0.109,0.035,0.0,0.0,17362.0,5370.0,1.0
mu[1020],-0.044,0.042,-0.12,0.037,0.0,0.001,16575.0,5966.0,1.0
mu[1021],-0.02,0.038,-0.087,0.055,0.0,0.0,16720.0,5765.0,1.0
mu[1022],-0.031,0.037,-0.1,0.04,0.0,0.0,17595.0,5497.0,1.0
mu[1023],-0.013,0.04,-0.088,0.061,0.0,0.0,16681.0,6039.0,1.0
mu[1024],-0.045,0.042,-0.122,0.037,0.0,0.001,16463.0,6038.0,1.0
mu[1025],-0.057,0.051,-0.156,0.036,0.0,0.001,14825.0,6418.0,1.0
mu[1026],-0.008,0.043,-0.085,0.072,0.0,0.0,15317.0,6491.0,1.0
mu[1027],-0.009,0.042,-0.086,0.069,0.0,0.0,15615.0,6150.0,1.0
mu[1028],0.068,0.115,-0.137,0.3,0.001,0.001,10779.0,6964.0,1.0
mu[1029],-0.017,0.039,-0.089,0.056,0.0,0.0,16358.0,5935.0,1.0
mu[1030],-0.03,0.037,-0.099,0.04,0.0,0.0,17586.0,5491.0,1.0
mu[1031],-0.024,0.037,-0.095,0.044,0.0,0.0,17230.0,5763.0,1.0
mu[1032],-0.019,0.038,-0.087,0.055,0.0,0.0,16699.0,5777.0,1.0
mu[1033],-0.051,0.046,-0.135,0.041,0.0,0.001,16233.0,6228.0,1.0
mu[1034],0.004,0.051,-0.092,0.1,0.0,0.001,13126.0,6859.0,1.0
mu[1035],-0.052,0.047,-0.138,0.04,0.0,0.001,15973.0,6225.0,1.0
mu[1036],-0.016,0.039,-0.092,0.055,0.0,0.0,16168.0,6056.0,1.0
mu[1037],-0.022,0.037,-0.093,0.047,0.0,0.0,17067.0,5615.0,1.0
mu[1038],-0.016,0.039,-0.092,0.055,0.0,0.0,16178.0,6056.0,1.0
mu[1039],0.03,0.075,-0.106,0.175,0.001,0.001,11596.0,7068.0,1.0
mu[1040],-0.026,0.037,-0.097,0.042,0.0,0.0,17413.0,5497.0,1.0
mu[1041],-0.016,0.039,-0.092,0.054,0.0,0.0,16258.0,5984.0,1.0
mu[1042],-0.002,0.046,-0.086,0.086,0.0,0.001,14049.0,6554.0,1.0
mu[1043],-0.017,0.039,-0.092,0.054,0.0,0.0,16297.0,5937.0,1.0
mu[1044],-0.022,0.037,-0.092,0.049,0.0,0.0,16976.0,5524.0,1.0
mu[1045],-0.03,0.037,-0.099,0.04,0.0,0.0,17579.0,5438.0,1.0
mu[1046],0.002,0.05,-0.095,0.091,0.0,0.001,13325.0,6880.0,1.0
mu[1047],-0.047,0.044,-0.132,0.034,0.0,0.001,16108.0,5978.0,1.0
mu[1048],-0.038,0.039,-0.112,0.035,0.0,0.001,17170.0,5442.0,1.0
mu[1049],-0.025,0.037,-0.096,0.043,0.0,0.0,17328.0,5533.0,1.0
mu[1050],-0.024,0.037,-0.095,0.044,0.0,0.0,17260.0,5719.0,1.0
mu[1051],-0.045,0.043,-0.122,0.037,0.0,0.001,16455.0,6038.0,1.0
mu[1052],-0.035,0.038,-0.108,0.035,0.0,0.0,17437.0,5468.0,1.0
mu[1053],-0.055,0.05,-0.149,0.039,0.0,0.001,15159.0,6329.0,1.0
mu[1054],-0.047,0.044,-0.135,0.032,0.0,0.001,16086.0,5979.0,1.0
mu[1055],-0.022,0.037,-0.093,0.047,0.0,0.0,17070.0,5636.0,1.0
mu[1056],-0.017,0.039,-0.085,0.06,0.0,0.0,16314.0,5961.0,1.0
mu[1057],0.01,0.056,-0.092,0.12,0.001,0.001,12551.0,6607.0,1.0
mu[1058],-0.045,0.043,-0.123,0.037,0.0,0.001,16402.0,6102.0,1.0
mu[1059],-0.009,0.042,-0.086,0.068,0.0,0.0,15666.0,6199.0,1.0
mu[1060],-0.059,0.053,-0.163,0.036,0.0,0.001,14418.0,6398.0,1.0
mu[1061],0.027,0.071,-0.099,0.171,0.001,0.001,11716.0,7036.0,1.0
mu[1062],-0.014,0.04,-0.088,0.061,0.0,0.0,16718.0,6014.0,1.0
mu[1063],-0.024,0.037,-0.095,0.044,0.0,0.0,17274.0,5699.0,1.0
mu[1064],-0.029,0.037,-0.099,0.041,0.0,0.0,17566.0,5482.0,1.0
mu[1065],-0.036,0.039,-0.108,0.035,0.0,0.0,17369.0,5457.0,1.0
mu[1066],-0.056,0.05,-0.15,0.039,0.0,0.001,15063.0,6329.0,1.0
mu[1067],0.016,0.061,-0.097,0.134,0.001,0.001,12177.0,7037.0,1.0
mu[1068],-0.026,0.037,-0.097,0.042,0.0,0.0,17425.0,5456.0,1.0
mu[1069],-0.027,0.037,-0.098,0.042,0.0,0.0,17459.0,5361.0,1.0
mu[1070],-0.026,0.037,-0.097,0.042,0.0,0.0,17425.0,5456.0,1.0
mu[1071],-0.054,0.049,-0.148,0.037,0.0,0.001,15362.0,6359.0,1.0
mu[1072],-0.04,0.04,-0.116,0.035,0.0,0.001,16983.0,5579.0,1.0
mu[1073],-0.014,0.04,-0.088,0.06,0.0,0.0,16842.0,6063.0,1.0
mu[1074],-0.038,0.039,-0.11,0.037,0.0,0.0,17186.0,5422.0,1.0
mu[1075],-0.043,0.042,-0.119,0.037,0.0,0.001,16646.0,5956.0,1.0
mu[1076],-0.011,0.041,-0.083,0.069,0.0,0.0,16044.0,6152.0,1.0
mu[1077],-0.032,0.038,-0.101,0.04,0.0,0.0,17585.0,5492.0,1.0
mu[1078],-0.007,0.043,-0.086,0.075,0.0,0.0,15016.0,6647.0,1.0
mu[1079],-0.056,0.05,-0.153,0.036,0.0,0.001,15032.0,6464.0,1.0
mu[1080],0.002,0.049,-0.093,0.092,0.0,0.001,13394.0,6907.0,1.0
mu[1081],-0.018,0.038,-0.085,0.059,0.0,0.0,16493.0,5880.0,1.0
mu[1082],-0.017,0.039,-0.085,0.06,0.0,0.0,16352.0,5935.0,1.0
mu[1083],-0.031,0.037,-0.101,0.04,0.0,0.0,17592.0,5549.0,1.0
mu[1084],-0.012,0.041,-0.085,0.066,0.0,0.0,16331.0,6223.0,1.0
mu[1085],-0.031,0.037,-0.101,0.04,0.0,0.0,17592.0,5549.0,1.0
mu[1086],-0.017,0.039,-0.085,0.06,0.0,0.0,16352.0,5935.0,1.0
mu[1087],0.002,0.05,-0.093,0.093,0.0,0.001,13349.0,6876.0,1.0
mu[1088],-0.046,0.043,-0.125,0.038,0.0,0.001,16290.0,6066.0,1.0
mu[1089],-0.046,0.043,-0.125,0.038,0.0,0.001,16290.0,6066.0,1.0
mu[1090],-0.026,0.037,-0.097,0.042,0.0,0.0,17437.0,5498.0,1.0
mu[1091],-0.028,0.037,-0.098,0.042,0.0,0.0,17528.0,5302.0,1.0
mu[1092],-0.02,0.038,-0.087,0.055,0.0,0.0,16731.0,5764.0,1.0
mu[1093],-0.02,0.038,-0.087,0.055,0.0,0.0,16720.0,5765.0,1.0
mu[1094],-0.041,0.041,-0.118,0.034,0.0,0.001,16893.0,5600.0,1.0
mu[1095],-0.025,0.037,-0.095,0.044,0.0,0.0,17304.0,5637.0,1.0
mu[1096],-0.055,0.05,-0.149,0.039,0.0,0.001,15159.0,6329.0,1.0
mu[1097],-0.046,0.043,-0.125,0.038,0.0,0.001,16290.0,6066.0,1.0
mu[1098],-0.031,0.037,-0.101,0.04,0.0,0.0,17592.0,5549.0,1.0
mu[1099],-0.05,0.046,-0.134,0.039,0.0,0.001,16514.0,6296.0,1.0
mu[1100],-0.007,0.043,-0.085,0.074,0.0,0.0,15150.0,6534.0,1.0
mu[1101],-0.003,0.046,-0.085,0.086,0.0,0.001,14090.0,6582.0,1.0
mu[1102],-0.037,0.039,-0.11,0.035,0.0,0.0,17284.0,5370.0,1.0
mu[1103],-0.036,0.039,-0.109,0.035,0.0,0.0,17362.0,5370.0,1.0
mu[1104],-0.022,0.037,-0.089,0.052,0.0,0.0,16987.0,5512.0,1.0
mu[1105],-0.017,0.039,-0.085,0.06,0.0,0.0,16352.0,5935.0,1.0
mu[1106],-0.055,0.05,-0.149,0.039,0.0,0.001,15159.0,6329.0,1.0
mu[1107],-0.054,0.049,-0.148,0.037,0.0,0.001,15362.0,6359.0,1.0
mu[1108],0.03,0.074,-0.107,0.174,0.001,0.001,11609.0,7068.0,1.0
mu[1109],-0.017,0.039,-0.085,0.06,0.0,0.0,16352.0,5935.0,1.0
mu[1110],-0.052,0.047,-0.138,0.04,0.0,0.001,15901.0,6276.0,1.0
mu[1111],-0.043,0.042,-0.119,0.037,0.0,0.001,16669.0,5911.0,1.0
mu[1112],-0.061,0.054,-0.17,0.035,0.0,0.001,13942.0,6344.0,1.0
mu[1113],-0.041,0.041,-0.118,0.034,0.0,0.001,16893.0,5600.0,1.0
mu[1114],0.007,0.053,-0.095,0.107,0.0,0.001,12847.0,6744.0,1.0
mu[1115],-0.023,0.037,-0.093,0.046,0.0,0.0,17165.0,5792.0,1.0
mu[1116],-0.028,0.037,-0.098,0.042,0.0,0.0,17531.0,5320.0,1.0
mu[1117],-0.049,0.045,-0.132,0.04,0.0,0.001,16621.0,6348.0,1.0
mu[1118],-0.008,0.043,-0.085,0.072,0.0,0.0,15292.0,6491.0,1.0
mu[1119],-0.017,0.039,-0.085,0.06,0.0,0.0,16352.0,5935.0,1.0
mu[1120],-0.022,0.037,-0.089,0.052,0.0,0.0,16987.0,5512.0,1.0
mu[1121],-0.046,0.043,-0.125,0.038,0.0,0.001,16290.0,6066.0,1.0
mu[1122],-0.059,0.053,-0.165,0.035,0.0,0.001,14258.0,6413.0,1.0
mu[1123],-0.052,0.048,-0.142,0.038,0.0,0.001,15770.0,6332.0,1.0
mu[1124],-0.007,0.043,-0.086,0.074,0.0,0.0,15029.0,6650.0,1.0
mu[1125],-0.058,0.052,-0.161,0.036,0.0,0.001,14517.0,6430.0,1.0
mu[1126],-0.037,0.039,-0.109,0.036,0.0,0.0,17311.0,5428.0,1.0
mu[1127],-0.017,0.038,-0.086,0.059,0.0,0.0,16422.0,5890.0,1.0
mu[1128],-0.041,0.041,-0.118,0.034,0.0,0.001,16893.0,5600.0,1.0
mu[1129],-0.046,0.043,-0.125,0.038,0.0,0.001,16290.0,6066.0,1.0
mu[1130],-0.031,0.037,-0.101,0.04,0.0,0.0,17592.0,5549.0,1.0
mu[1131],-0.026,0.037,-0.097,0.042,0.0,0.0,17437.0,5498.0,1.0
mu[1132],-0.036,0.039,-0.109,0.035,0.0,0.0,17362.0,5370.0,1.0
mu[1133],-0.031,0.037,-0.101,0.04,0.0,0.0,17592.0,5549.0,1.0
mu[1134],-0.007,0.043,-0.085,0.074,0.0,0.0,15150.0,6534.0,1.0
mu[1135],-0.039,0.04,-0.113,0.035,0.0,0.001,17096.0,5539.0,1.0
mu[1136],-0.032,0.038,-0.101,0.04,0.0,0.0,17571.0,5523.0,1.0
mu[1137],-0.018,0.038,-0.085,0.058,0.0,0.0,16568.0,5776.0,1.0
mu[1138],-0.053,0.048,-0.145,0.037,0.0,0.001,15583.0,6385.0,1.0
mu[1139],-0.038,0.039,-0.11,0.036,0.0,0.0,17221.0,5444.0,1.0
mu[1140],-0.034,0.038,-0.106,0.036,0.0,0.0,17480.0,5525.0,1.0
mu[1141],-0.06,0.053,-0.166,0.035,0.0,0.001,14157.0,6467.0,1.0
mu[1142],-0.041,0.041,-0.118,0.034,0.0,0.001,16893.0,5600.0,1.0
mu[1143],-0.006,0.04,-0.078,0.074,0.0,0.001,17323.0,5759.0,1.0
mu[1144],-0.01,0.038,-0.081,0.064,0.0,0.001,17300.0,5740.0,1.0
mu[1145],0.01,0.059,-0.101,0.122,0.0,0.001,15405.0,6709.0,1.0
mu[1146],-0.018,0.039,-0.09,0.056,0.0,0.0,16190.0,6049.0,1.0
mu[1147],-0.022,0.042,-0.101,0.057,0.0,0.001,15440.0,6361.0,1.0
mu[1148],-0.009,0.039,-0.078,0.069,0.0,0.001,17338.0,5665.0,1.0
mu[1149],-0.015,0.038,-0.087,0.056,0.0,0.0,16726.0,5600.0,1.0
mu[1150],-0.005,0.041,-0.078,0.077,0.0,0.001,17314.0,5911.0,1.0
mu[1151],-0.022,0.042,-0.102,0.059,0.0,0.001,15332.0,6330.0,1.0
mu[1152],-0.029,0.05,-0.123,0.065,0.0,0.001,14459.0,6487.0,1.0
mu[1153],-0.002,0.043,-0.085,0.079,0.0,0.001,16633.0,6150.0,1.0
mu[1154],-0.003,0.043,-0.083,0.079,0.0,0.001,16721.0,6157.0,1.0
mu[1155],0.04,0.112,-0.164,0.269,0.001,0.001,14429.0,6541.0,1.0
mu[1156],-0.007,0.04,-0.078,0.072,0.0,0.001,17331.0,5634.0,1.0
mu[1157],-0.014,0.038,-0.085,0.057,0.0,0.0,16796.0,5705.0,1.0
mu[1158],-0.011,0.038,-0.082,0.061,0.0,0.001,17211.0,5806.0,1.0
mu[1159],-0.009,0.039,-0.078,0.069,0.0,0.001,17331.0,5707.0,1.0
mu[1160],-0.026,0.046,-0.113,0.061,0.0,0.001,14821.0,6360.0,1.0
mu[1161],0.005,0.051,-0.093,0.101,0.0,0.001,15857.0,6282.0,1.0
mu[1162],-0.026,0.046,-0.116,0.06,0.0,0.001,14757.0,6380.0,1.0
mu[1163],-0.006,0.04,-0.078,0.073,0.0,0.001,17342.0,5673.0,1.0
mu[1164],-0.01,0.038,-0.081,0.063,0.0,0.001,17283.0,5761.0,1.0
mu[1165],-0.006,0.04,-0.078,0.073,0.0,0.001,17340.0,5673.0,1.0
mu[1166],0.019,0.074,-0.123,0.157,0.001,0.001,14894.0,6394.0,1.0
mu[1167],-0.012,0.038,-0.084,0.059,0.0,0.001,17071.0,5825.0,1.0
mu[1168],-0.007,0.04,-0.079,0.071,0.0,0.001,17344.0,5713.0,1.0
mu[1169],0.001,0.047,-0.091,0.087,0.0,0.001,16262.0,6330.0,1.0
mu[1170],-0.007,0.04,-0.079,0.071,0.0,0.001,17338.0,5674.0,1.0
mu[1171],-0.01,0.038,-0.082,0.063,0.0,0.001,17315.0,5781.0,1.0
mu[1172],-0.014,0.038,-0.086,0.056,0.0,0.0,16853.0,5662.0,1.0
mu[1173],0.004,0.05,-0.091,0.099,0.0,0.001,15957.0,6283.0,1.0
mu[1174],-0.024,0.044,-0.109,0.057,0.0,0.001,15096.0,6730.0,1.0
mu[1175],-0.019,0.04,-0.094,0.055,0.0,0.001,15966.0,6215.0,1.0
mu[1176],-0.012,0.038,-0.082,0.061,0.0,0.001,17134.0,5801.0,1.0
mu[1177],-0.011,0.038,-0.081,0.062,0.0,0.001,17193.0,5807.0,1.0
mu[1178],-0.022,0.042,-0.102,0.059,0.0,0.001,15325.0,6329.0,1.0
mu[1179],-0.017,0.039,-0.087,0.058,0.0,0.0,16307.0,5954.0,1.0
mu[1180],-0.028,0.049,-0.119,0.065,0.0,0.001,14534.0,6618.0,1.0
mu[1181],-0.024,0.044,-0.109,0.058,0.0,0.001,15080.0,6640.0,1.0
mu[1182],-0.01,0.038,-0.081,0.063,0.0,0.001,17285.0,5739.0,1.0
mu[1183],-0.007,0.04,-0.08,0.071,0.0,0.001,17339.0,5652.0,1.0
mu[1184],0.008,0.056,-0.097,0.117,0.0,0.001,15527.0,6545.0,1.0
mu[1185],-0.023,0.043,-0.106,0.055,0.0,0.001,15300.0,6475.0,1.0
mu[1186],-0.003,0.043,-0.084,0.078,0.0,0.001,16742.0,6171.0,1.0
mu[1187],-0.03,0.051,-0.128,0.066,0.0,0.001,14355.0,6689.0,1.0
mu[1188],0.017,0.071,-0.116,0.153,0.001,0.001,14975.0,6533.0,1.0
mu[1189],-0.005,0.041,-0.078,0.076,0.0,0.001,17324.0,5911.0,1.0
mu[1190],-0.011,0.038,-0.081,0.062,0.0,0.001,17183.0,5807.0,1.0
mu[1191],-0.014,0.038,-0.086,0.056,0.0,0.0,16905.0,5683.0,1.0
mu[1192],-0.018,0.039,-0.091,0.056,0.0,0.0,16210.0,6086.0,1.0
mu[1193],-0.029,0.049,-0.122,0.063,0.0,0.001,14513.0,6618.0,1.0
mu[1194],0.011,0.061,-0.105,0.127,0.0,0.001,15297.0,6621.0,1.0
mu[1195],-0.012,0.038,-0.084,0.059,0.0,0.001,17068.0,5825.0,1.0
mu[1196],-0.013,0.038,-0.082,0.06,0.0,0.0,17060.0,5843.0,1.0
mu[1197],-0.012,0.038,-0.084,0.059,0.0,0.001,17068.0,5825.0,1.0
mu[1198],-0.028,0.048,-0.119,0.062,0.0,0.001,14583.0,6874.0,1.0
mu[1199],-0.02,0.04,-0.097,0.055,0.0,0.001,15772.0,6240.0,1.0
mu[1200],-0.005,0.041,-0.079,0.076,0.0,0.001,17332.0,6031.0,1.0
mu[1201],-0.019,0.04,-0.094,0.055,0.0,0.001,15982.0,6172.0,1.0
mu[1202],-0.022,0.042,-0.102,0.056,0.0,0.001,15489.0,6335.0,1.0
mu[1203],-0.004,0.042,-0.082,0.077,0.0,0.001,16859.0,6047.0,1.0
mu[1204],-0.015,0.038,-0.087,0.056,0.0,0.0,16660.0,5669.0,1.0
mu[1205],-0.001,0.044,-0.086,0.081,0.0,0.001,16538.0,6207.0,1.0
mu[1206],-0.029,0.049,-0.122,0.063,0.0,0.001,14507.0,6618.0,1.0
mu[1207],0.003,0.05,-0.093,0.095,0.0,0.001,15996.0,6257.0,1.0
mu[1208],-0.008,0.039,-0.078,0.071,0.0,0.001,17344.0,5769.0,1.0
mu[1209],-0.007,0.04,-0.077,0.073,0.0,0.001,17330.0,5621.0,1.0
mu[1210],-0.015,0.038,-0.087,0.056,0.0,0.0,16697.0,5690.0,1.0
mu[1211],-0.004,0.041,-0.08,0.077,0.0,0.001,16938.0,6054.0,1.0
mu[1212],-0.015,0.038,-0.087,0.056,0.0,0.0,16697.0,5690.0,1.0
mu[1213],-0.007,0.04,-0.077,0.073,0.0,0.001,17330.0,5621.0,1.0
mu[1214],0.004,0.05,-0.093,0.097,0.0,0.001,15969.0,6282.0,1.0
mu[1215],-0.023,0.043,-0.106,0.057,0.0,0.001,15239.0,6590.0,1.0
mu[1216],-0.023,0.043,-0.106,0.057,0.0,0.001,15239.0,6590.0,1.0
mu[1217],-0.012,0.038,-0.082,0.06,0.0,0.001,17062.0,5825.0,1.0
mu[1218],-0.013,0.038,-0.085,0.057,0.0,0.0,16970.0,5848.0,1.0
mu[1219],-0.009,0.039,-0.077,0.069,0.0,0.001,17334.0,5603.0,1.0
mu[1220],-0.009,0.039,-0.078,0.069,0.0,0.001,17338.0,5665.0,1.0
mu[1221],-0.02,0.041,-0.098,0.055,0.0,0.001,15695.0,6180.0,1.0
mu[1222],-0.011,0.038,-0.081,0.061,0.0,0.001,17149.0,5801.0,1.0
mu[1223],-0.028,0.049,-0.119,0.065,0.0,0.001,14534.0,6618.0,1.0
mu[1224],-0.023,0.043,-0.106,0.057,0.0,0.001,15239.0,6590.0,1.0
mu[1225],-0.015,0.038,-0.087,0.056,0.0,0.0,16697.0,5690.0,1.0
mu[1226],-0.025,0.045,-0.116,0.056,0.0,0.001,14902.0,6305.0,1.0
mu[1227],-0.002,0.044,-0.086,0.08,0.0,0.001,16584.0,6146.0,1.0
mu[1228],0.001,0.047,-0.089,0.088,0.0,0.001,16282.0,6277.0,1.0
mu[1229],-0.018,0.039,-0.092,0.056,0.0,0.001,16094.0,6110.0,1.0
mu[1230],-0.018,0.039,-0.09,0.056,0.0,0.0,16190.0,6049.0,1.0
mu[1231],-0.01,0.038,-0.082,0.063,0.0,0.001,17308.0,5784.0,1.0
mu[1232],-0.007,0.04,-0.077,0.073,0.0,0.001,17330.0,5621.0,1.0
mu[1233],-0.028,0.049,-0.119,0.065,0.0,0.001,14534.0,6618.0,1.0
mu[1234],-0.028,0.048,-0.119,0.062,0.0,0.001,14583.0,6874.0,1.0
mu[1235],0.019,0.073,-0.122,0.158,0.001,0.001,14899.0,6394.0,1.0
mu[1236],-0.007,0.04,-0.077,0.073,0.0,0.001,17330.0,5621.0,1.0
mu[1237],-0.026,0.047,-0.116,0.06,0.0,0.001,14740.0,6304.0,1.0
mu[1238],-0.021,0.042,-0.101,0.056,0.0,0.001,15504.0,6338.0,1.0
mu[1239],-0.032,0.053,-0.13,0.071,0.0,0.001,14277.0,6602.0,1.0
mu[1240],-0.02,0.041,-0.098,0.055,0.0,0.001,15695.0,6180.0,1.0
mu[1241],0.006,0.054,-0.098,0.106,0.0,0.001,15683.0,6428.0,1.0
mu[1242],-0.011,0.038,-0.083,0.06,0.0,0.001,17235.0,5806.0,1.0
mu[1243],-0.013,0.038,-0.083,0.059,0.0,0.0,16956.0,5847.0,1.0
mu[1244],-0.025,0.045,-0.115,0.056,0.0,0.001,14943.0,6387.0,1.0
mu[1245],-0.002,0.044,-0.085,0.079,0.0,0.001,16627.0,6150.0,1.0
mu[1246],-0.007,0.04,-0.077,0.073,0.0,0.001,17330.0,5621.0,1.0
mu[1247],-0.01,0.038,-0.082,0.063,0.0,0.001,17308.0,5784.0,1.0
mu[1248],-0.023,0.043,-0.106,0.057,0.0,0.001,15239.0,6590.0,1.0
mu[1249],-0.031,0.052,-0.131,0.065,0.0,0.001,14333.0,6452.0,1.0
mu[1250],-0.027,0.047,-0.117,0.06,0.0,0.001,14700.0,6380.0,1.0
mu[1251],-0.001,0.044,-0.086,0.081,0.0,0.001,16544.0,6207.0,1.0
mu[1252],-0.03,0.051,-0.127,0.066,0.0,0.001,14388.0,6487.0,1.0
mu[1253],-0.018,0.039,-0.09,0.057,0.0,0.001,16122.0,6025.0,1.0
mu[1254],-0.007,0.039,-0.078,0.072,0.0,0.001,17338.0,5720.0,1.0
mu[1255],-0.02,0.041,-0.098,0.055,0.0,0.001,15695.0,6180.0,1.0
mu[1256],-0.023,0.043,-0.106,0.057,0.0,0.001,15239.0,6590.0,1.0
mu[1257],-0.015,0.038,-0.087,0.056,0.0,0.0,16697.0,5690.0,1.0
mu[1258],-0.012,0.038,-0.082,0.06,0.0,0.001,17062.0,5825.0,1.0
mu[1259],-0.018,0.039,-0.09,0.056,0.0,0.0,16190.0,6049.0,1.0
mu[1260],-0.015,0.038,-0.087,0.056,0.0,0.0,16697.0,5690.0,1.0
mu[1261],-0.002,0.044,-0.086,0.08,0.0,0.001,16584.0,6146.0,1.0
mu[1262],-0.019,0.04,-0.095,0.055,0.0,0.001,15888.0,6203.0,1.0
mu[1263],-0.015,0.038,-0.087,0.056,0.0,0.0,16640.0,5669.0,1.0
mu[1264],-0.008,0.039,-0.077,0.071,0.0,0.001,17350.0,5600.0,1.0
mu[1265],-0.027,0.048,-0.118,0.061,0.0,0.001,14649.0,6504.0,1.0
mu[1266],-0.019,0.04,-0.093,0.055,0.0,0.001,16016.0,6147.0,1.0
mu[1267],-0.017,0.039,-0.09,0.055,0.0,0.0,16408.0,5903.0,1.0
mu[1268],-0.031,0.052,-0.132,0.066,0.0,0.001,14315.0,6459.0,1.0
mu[1269],-0.02,0.041,-0.098,0.055,0.0,0.001,15695.0,6180.0,1.0
mu[1270],-0.031,0.04,-0.105,0.047,0.0,0.001,18279.0,5443.0,1.0
mu[1271],-0.031,0.038,-0.1,0.044,0.0,0.001,19462.0,5360.0,1.0
mu[1272],-0.031,0.063,-0.154,0.08,0.001,0.001,12140.0,5718.0,1.0
mu[1273],-0.03,0.039,-0.105,0.045,0.0,0.001,18627.0,5502.0,1.0
mu[1274],-0.03,0.043,-0.111,0.053,0.0,0.001,16085.0,6078.0,1.0
mu[1275],-0.031,0.039,-0.104,0.043,0.0,0.001,19047.0,5126.0,1.0
mu[1276],-0.03,0.038,-0.101,0.044,0.0,0.001,19677.0,5359.0,1.0
mu[1277],-0.031,0.041,-0.108,0.047,0.0,0.001,17626.0,5467.0,1.0
mu[1278],-0.03,0.044,-0.113,0.054,0.0,0.001,15789.0,6152.0,1.0
mu[1279],-0.03,0.053,-0.128,0.072,0.0,0.001,12803.0,6434.0,1.0
mu[1280],-0.031,0.044,-0.112,0.055,0.0,0.001,15853.0,5620.0,1.0
mu[1281],-0.031,0.044,-0.11,0.054,0.0,0.001,16236.0,5626.0,1.0
mu[1282],-0.032,0.125,-0.269,0.19,0.001,0.001,10344.0,6325.0,1.0
mu[1283],-0.031,0.04,-0.106,0.044,0.0,0.001,18910.0,5309.0,1.0
mu[1284],-0.03,0.038,-0.1,0.045,0.0,0.001,19734.0,5215.0,1.0
mu[1285],-0.03,0.038,-0.1,0.043,0.0,0.001,19710.0,5287.0,1.0
mu[1286],-0.031,0.039,-0.104,0.044,0.0,0.001,19044.0,5107.0,1.0
mu[1287],-0.03,0.048,-0.118,0.062,0.0,0.001,14046.0,6251.0,1.0
mu[1288],-0.031,0.054,-0.132,0.072,0.0,0.001,13188.0,5656.0,1.0
mu[1289],-0.03,0.049,-0.119,0.064,0.0,0.001,13837.0,6251.0,1.0
mu[1290],-0.031,0.04,-0.104,0.046,0.0,0.001,18482.0,5441.0,1.0
mu[1291],-0.031,0.038,-0.1,0.043,0.0,0.001,19506.0,5322.0,1.0
mu[1292],-0.031,0.04,-0.104,0.046,0.0,0.001,18500.0,5441.0,1.0
mu[1293],-0.031,0.08,-0.185,0.113,0.001,0.001,11147.0,6134.0,1.0
mu[1294],-0.03,0.038,-0.101,0.042,0.0,0.001,19783.0,5300.0,1.0
mu[1295],-0.031,0.04,-0.104,0.047,0.0,0.001,18685.0,5482.0,1.0
mu[1296],-0.031,0.049,-0.123,0.061,0.0,0.001,14371.0,5662.0,1.0
mu[1297],-0.031,0.04,-0.107,0.043,0.0,0.001,18761.0,5327.0,1.0
mu[1298],-0.031,0.038,-0.1,0.045,0.0,0.001,19421.0,5379.0,1.0
mu[1299],-0.03,0.038,-0.102,0.042,0.0,0.001,19794.0,5323.0,1.0
mu[1300],-0.031,0.053,-0.129,0.069,0.0,0.001,13453.0,5723.0,1.0
mu[1301],-0.03,0.045,-0.114,0.058,0.0,0.001,14986.0,6115.0,1.0
mu[1302],-0.03,0.04,-0.109,0.045,0.0,0.001,17889.0,5547.0,1.0
mu[1303],-0.03,0.038,-0.098,0.045,0.0,0.001,19763.0,5191.0,1.0
mu[1304],-0.03,0.038,-0.1,0.043,0.0,0.001,19713.0,5159.0,1.0
mu[1305],-0.03,0.044,-0.113,0.053,0.0,0.001,15773.0,6152.0,1.0
mu[1306],-0.03,0.039,-0.104,0.044,0.0,0.001,18903.0,5411.0,1.0
mu[1307],-0.03,0.052,-0.122,0.073,0.0,0.001,13100.0,6465.0,1.0
mu[1308],-0.03,0.046,-0.113,0.06,0.0,0.001,14934.0,6115.0,1.0
mu[1309],-0.031,0.038,-0.1,0.043,0.0,0.001,19515.0,5322.0,1.0
mu[1310],-0.031,0.04,-0.107,0.043,0.0,0.001,18789.0,5327.0,1.0
mu[1311],-0.031,0.06,-0.145,0.078,0.001,0.001,12417.0,5720.0,1.0
mu[1312],-0.03,0.044,-0.112,0.055,0.0,0.001,15674.0,6191.0,1.0
mu[1313],-0.031,0.044,-0.109,0.054,0.0,0.001,16305.0,5627.0,1.0
mu[1314],-0.03,0.055,-0.131,0.075,0.0,0.001,12461.0,6437.0,1.0
mu[1315],-0.031,0.077,-0.18,0.104,0.001,0.001,11282.0,6110.0,1.0
mu[1316],-0.031,0.041,-0.108,0.047,0.0,0.001,17671.0,5506.0,1.0
mu[1317],-0.03,0.038,-0.1,0.043,0.0,0.001,19750.0,5194.0,1.0
mu[1318],-0.03,0.038,-0.101,0.043,0.0,0.001,19799.0,5285.0,1.0
mu[1319],-0.03,0.039,-0.104,0.045,0.0,0.001,18667.0,5461.0,1.0
mu[1320],-0.03,0.052,-0.127,0.069,0.0,0.001,13033.0,6545.0,1.0
mu[1321],-0.031,0.065,-0.159,0.085,0.001,0.001,11913.0,5899.0,1.0
mu[1322],-0.03,0.038,-0.103,0.04,0.0,0.001,19778.0,5301.0,1.0
mu[1323],-0.03,0.038,-0.103,0.04,0.0,0.001,19743.0,5373.0,1.0
mu[1324],-0.03,0.038,-0.103,0.04,0.0,0.001,19778.0,5301.0,1.0
mu[1325],-0.03,0.051,-0.124,0.068,0.0,0.001,13279.0,6411.0,1.0
mu[1326],-0.03,0.041,-0.105,0.051,0.0,0.001,17286.0,5987.0,1.0
mu[1327],-0.031,0.041,-0.107,0.047,0.0,0.001,17809.0,5466.0,1.0
mu[1328],-0.03,0.04,-0.108,0.045,0.0,0.001,17989.0,5536.0,1.0
mu[1329],-0.03,0.043,-0.109,0.053,0.0,0.001,16284.0,6025.0,1.0
mu[1330],-0.031,0.043,-0.11,0.05,0.0,0.001,16814.0,5545.0,1.0
mu[1331],-0.03,0.038,-0.101,0.044,0.0,0.001,19625.0,5358.0,1.0
mu[1332],-0.031,0.045,-0.118,0.053,0.0,0.001,15500.0,5599.0,1.0
mu[1333],-0.03,0.052,-0.128,0.069,0.0,0.001,13002.0,6631.0,1.0
mu[1334],-0.031,0.052,-0.128,0.069,0.0,0.001,13551.0,5659.0,1.0
mu[1335],-0.031,0.039,-0.105,0.043,0.0,0.001,19113.0,5197.0,1.0
mu[1336],-0.031,0.04,-0.106,0.044,0.0,0.001,18896.0,5309.0,1.0
mu[1337],-0.03,0.038,-0.101,0.044,0.0,0.001,19664.0,5319.0,1.0
mu[1338],-0.031,0.042,-0.107,0.051,0.0,0.001,17183.0,5523.0,1.0
mu[1339],-0.03,0.038,-0.101,0.044,0.0,0.001,19664.0,5319.0,1.0
mu[1340],-0.031,0.04,-0.106,0.044,0.0,0.001,18896.0,5309.0,1.0
mu[1341],-0.031,0.052,-0.129,0.069,0.0,0.001,13486.0,5723.0,1.0
mu[1342],-0.03,0.044,-0.112,0.056,0.0,0.001,15451.0,5892.0,1.0
mu[1343],-0.03,0.044,-0.112,0.056,0.0,0.001,15451.0,5892.0,1.0
mu[1344],-0.03,0.038,-0.102,0.042,0.0,0.001,19762.0,5337.0,1.0
mu[1345],-0.03,0.038,-0.104,0.039,0.0,0.001,19777.0,5284.0,1.0
mu[1346],-0.031,0.039,-0.104,0.043,0.0,0.001,19065.0,5125.0,1.0
mu[1347],-0.031,0.039,-0.104,0.043,0.0,0.001,19047.0,5126.0,1.0
mu[1348],-0.03,0.042,-0.106,0.052,0.0,0.001,17045.0,6009.0,1.0
mu[1349],-0.03,0.038,-0.1,0.044,0.0,0.001,19756.0,5192.0,1.0
mu[1350],-0.03,0.052,-0.122,0.073,0.0,0.001,13100.0,6465.0,1.0
mu[1351],-0.03,0.044,-0.112,0.056,0.0,0.001,15451.0,5892.0,1.0
mu[1352],-0.03,0.038,-0.101,0.044,0.0,0.001,19664.0,5319.0,1.0
mu[1353],-0.03,0.047,-0.117,0.061,0.0,0.001,14291.0,6176.0,1.0
mu[1354],-0.031,0.045,-0.117,0.053,0.0,0.001,15663.0,5599.0,1.0
mu[1355],-0.031,0.048,-0.123,0.06,0.0,0.001,14427.0,5705.0,1.0
mu[1356],-0.03,0.04,-0.106,0.045,0.0,0.001,18375.0,5602.0,1.0
mu[1357],-0.03,0.039,-0.105,0.045,0.0,0.001,18627.0,5502.0,1.0
mu[1358],-0.031,0.038,-0.101,0.043,0.0,0.001,19428.0,5361.0,1.0
mu[1359],-0.031,0.04,-0.106,0.044,0.0,0.001,18896.0,5309.0,1.0
mu[1360],-0.03,0.052,-0.122,0.073,0.0,0.001,13100.0,6465.0,1.0
mu[1361],-0.03,0.051,-0.124,0.068,0.0,0.001,13279.0,6411.0,1.0
mu[1362],-0.031,0.08,-0.184,0.113,0.001,0.001,11158.0,6134.0,1.0
mu[1363],-0.031,0.04,-0.106,0.044,0.0,0.001,18896.0,5309.0,1.0
mu[1364],-0.03,0.049,-0.118,0.066,0.0,0.001,13775.0,6250.0,1.0
mu[1365],-0.03,0.043,-0.109,0.053,0.0,0.001,16371.0,5933.0,1.0
mu[1366],-0.03,0.057,-0.134,0.08,0.001,0.001,12114.0,6547.0,1.0
mu[1367],-0.03,0.042,-0.106,0.052,0.0,0.001,17045.0,6009.0,1.0
mu[1368],-0.031,0.057,-0.138,0.075,0.001,0.001,12791.0,5677.0,1.0
mu[1369],-0.031,0.038,-0.1,0.043,0.0,0.001,19641.0,5284.0,1.0
mu[1370],-0.03,0.038,-0.103,0.04,0.0,0.001,19793.0,5284.0,1.0
mu[1371],-0.03,0.047,-0.115,0.062,0.0,0.001,14403.0,6177.0,1.0
mu[1372],-0.031,0.045,-0.112,0.056,0.0,0.001,15829.0,5641.0,1.0
mu[1373],-0.031,0.04,-0.106,0.044,0.0,0.001,18896.0,5309.0,1.0
mu[1374],-0.031,0.038,-0.101,0.043,0.0,0.001,19428.0,5361.0,1.0
mu[1375],-0.03,0.044,-0.112,0.056,0.0,0.001,15451.0,5892.0,1.0
mu[1376],-0.03,0.055,-0.131,0.076,0.0,0.001,12355.0,6591.0,1.0
mu[1377],-0.03,0.049,-0.121,0.065,0.0,0.001,13641.0,6226.0,1.0
mu[1378],-0.031,0.045,-0.118,0.053,0.0,0.001,15514.0,5599.0,1.0
mu[1379],-0.03,0.054,-0.129,0.075,0.0,0.001,12543.0,6468.0,1.0
mu[1380],-0.03,0.04,-0.105,0.045,0.0,0.001,18464.0,5498.0,1.0
mu[1381],-0.031,0.04,-0.106,0.043,0.0,0.001,19076.0,5235.0,1.0
mu[1382],-0.03,0.042,-0.106,0.052,0.0,0.001,17045.0,6009.0,1.0
mu[1383],-0.03,0.044,-0.112,0.056,0.0,0.001,15451.0,5892.0,1.0
mu[1384],-0.03,0.038,-0.101,0.044,0.0,0.001,19664.0,5319.0,1.0
mu[1385],-0.03,0.038,-0.102,0.042,0.0,0.001,19762.0,5337.0,1.0
mu[1386],-0.03,0.039,-0.105,0.045,0.0,0.001,18627.0,5502.0,1.0
mu[1387],-0.03,0.038,-0.101,0.044,0.0,0.001,19664.0,5319.0,1.0
mu[1388],-0.031,0.045,-0.117,0.053,0.0,0.001,15663.0,5599.0,1.0
mu[1389],-0.03,0.041,-0.11,0.045,0.0,0.001,17646.0,5661.0,1.0
mu[1390],-0.03,0.038,-0.1,0.045,0.0,0.001,19562.0,5374.0,1.0
mu[1391],-0.031,0.039,-0.106,0.042,0.0,0.001,19088.0,5126.0,1.0
mu[1392],-0.03,0.05,-0.122,0.067,0.0,0.001,13470.0,6383.0,1.0
mu[1393],-0.03,0.04,-0.108,0.045,0.0,0.001,18105.0,5529.0,1.0
mu[1394],-0.03,0.039,-0.103,0.044,0.0,0.001,19098.0,5302.0,1.0
mu[1395],-0.03,0.056,-0.133,0.077,0.001,0.001,12282.0,6547.0,1.0
mu[1396],-0.03,0.042,-0.106,0.052,0.0,0.001,17045.0,6009.0,1.0
mu[1397],-0.015,0.04,-0.094,0.058,0.0,0.001,16801.0,5582.0,1.0
mu[1398],-0.015,0.038,-0.084,0.06,0.0,0.001,18567.0,5667.0,1.0
mu[1399],-0.015,0.062,-0.136,0.097,0.001,0.001,11675.0,5953.0,1.0
mu[1400],-0.015,0.039,-0.088,0.058,0.0,0.001,17339.0,5653.0,1.0
mu[1401],-0.015,0.042,-0.091,0.068,0.0,0.001,15166.0,5618.0,1.0
mu[1402],-0.015,0.039,-0.091,0.055,0.0,0.001,18030.0,5775.0,1.0
mu[1403],-0.015,0.038,-0.087,0.054,0.0,0.001,18325.0,5454.0,1.0
mu[1404],-0.015,0.041,-0.097,0.059,0.0,0.001,16274.0,5649.0,1.0
mu[1405],-0.015,0.043,-0.093,0.068,0.0,0.001,14899.0,5683.0,1.0
mu[1406],-0.015,0.051,-0.114,0.08,0.0,0.001,12325.0,6192.0,1.0
mu[1407],-0.015,0.044,-0.1,0.067,0.0,0.001,14829.0,5609.0,1.0
mu[1408],-0.015,0.043,-0.099,0.066,0.0,0.001,15139.0,5609.0,1.0
mu[1409],-0.016,0.121,-0.25,0.206,0.001,0.001,9844.0,6873.0,1.0
mu[1410],-0.015,0.04,-0.093,0.056,0.0,0.001,17300.0,5689.0,1.0
mu[1411],-0.015,0.038,-0.085,0.056,0.0,0.001,18429.0,5434.0,1.0
mu[1412],-0.015,0.038,-0.086,0.055,0.0,0.001,19234.0,5634.0,1.0
mu[1413],-0.015,0.039,-0.091,0.054,0.0,0.001,18001.0,5775.0,1.0
mu[1414],-0.015,0.047,-0.101,0.075,0.0,0.001,13380.0,5703.0,1.0
mu[1415],-0.015,0.053,-0.117,0.084,0.0,0.001,12585.0,5778.0,1.0
mu[1416],-0.015,0.047,-0.103,0.075,0.0,0.001,13195.0,5811.0,1.0
mu[1417],-0.015,0.04,-0.095,0.056,0.0,0.001,16952.0,5582.0,1.0
mu[1418],-0.015,0.038,-0.084,0.059,0.0,0.001,18650.0,5630.0,1.0
mu[1419],-0.015,0.04,-0.095,0.056,0.0,0.001,16964.0,5582.0,1.0
mu[1420],-0.016,0.079,-0.172,0.126,0.001,0.001,10722.0,6445.0,1.0
mu[1421],-0.015,0.037,-0.086,0.054,0.0,0.001,18585.0,5624.0,1.0
mu[1422],-0.015,0.04,-0.093,0.057,0.0,0.001,17097.0,5603.0,1.0
mu[1423],-0.015,0.048,-0.109,0.073,0.0,0.001,13584.0,5735.0,1.0
mu[1424],-0.015,0.04,-0.093,0.057,0.0,0.001,17167.0,5603.0,1.0
mu[1425],-0.015,0.038,-0.088,0.056,0.0,0.001,18475.0,5710.0,1.0
mu[1426],-0.015,0.038,-0.084,0.057,0.0,0.001,18476.0,5513.0,1.0
mu[1427],-0.015,0.052,-0.115,0.081,0.0,0.001,12813.0,5757.0,1.0
mu[1428],-0.015,0.044,-0.095,0.072,0.0,0.001,14173.0,5647.0,1.0
mu[1429],-0.015,0.04,-0.09,0.059,0.0,0.001,16782.0,5644.0,1.0
mu[1430],-0.015,0.038,-0.085,0.056,0.0,0.001,18516.0,5594.0,1.0
mu[1431],-0.015,0.038,-0.086,0.055,0.0,0.001,19266.0,5594.0,1.0
mu[1432],-0.015,0.043,-0.093,0.068,0.0,0.001,14886.0,5683.0,1.0
mu[1433],-0.015,0.038,-0.087,0.056,0.0,0.001,17580.0,5701.0,1.0
mu[1434],-0.015,0.05,-0.11,0.079,0.0,0.001,12555.0,6092.0,1.0
mu[1435],-0.015,0.044,-0.095,0.073,0.0,0.001,14126.0,5647.0,1.0
mu[1436],-0.015,0.038,-0.084,0.059,0.0,0.001,18659.0,5630.0,1.0
mu[1437],-0.015,0.04,-0.093,0.057,0.0,0.001,17200.0,5623.0,1.0
mu[1438],-0.015,0.059,-0.131,0.092,0.001,0.001,11928.0,5907.0,1.0
mu[1439],-0.015,0.043,-0.093,0.068,0.0,0.001,14788.0,5618.0,1.0
mu[1440],-0.015,0.043,-0.101,0.063,0.0,0.001,15202.0,5588.0,1.0
mu[1441],-0.015,0.053,-0.118,0.083,0.0,0.001,12061.0,6243.0,1.0
mu[1442],-0.016,0.075,-0.162,0.122,0.001,0.001,10958.0,6340.0,1.0
mu[1443],-0.015,0.041,-0.096,0.059,0.0,0.001,16316.0,5649.0,1.0
mu[1444],-0.015,0.038,-0.086,0.055,0.0,0.001,19286.0,5573.0,1.0
mu[1445],-0.015,0.037,-0.084,0.057,0.0,0.001,18516.0,5568.0,1.0
mu[1446],-0.015,0.039,-0.088,0.057,0.0,0.001,17369.0,5695.0,1.0
mu[1447],-0.015,0.05,-0.111,0.079,0.0,0.001,12491.0,6191.0,1.0
mu[1448],-0.015,0.064,-0.142,0.101,0.001,0.001,11469.0,6096.0,1.0
mu[1449],-0.015,0.037,-0.088,0.053,0.0,0.001,18590.0,5604.0,1.0
mu[1450],-0.015,0.037,-0.088,0.053,0.0,0.001,18594.0,5572.0,1.0
mu[1451],-0.015,0.037,-0.088,0.053,0.0,0.001,18590.0,5604.0,1.0
mu[1452],-0.015,0.049,-0.109,0.078,0.0,0.001,12709.0,6020.0,1.0
mu[1453],-0.015,0.04,-0.092,0.06,0.0,0.001,16237.0,5723.0,1.0
mu[1454],-0.015,0.041,-0.095,0.059,0.0,0.001,16420.0,5604.0,1.0
mu[1455],-0.015,0.039,-0.09,0.059,0.0,0.001,16847.0,5696.0,1.0
mu[1456],-0.015,0.042,-0.09,0.067,0.0,0.001,15355.0,5626.0,1.0
mu[1457],-0.015,0.042,-0.099,0.061,0.0,0.001,15613.0,5526.0,1.0
mu[1458],-0.015,0.038,-0.089,0.053,0.0,0.001,18234.0,5574.0,1.0
mu[1459],-0.015,0.045,-0.101,0.069,0.0,0.001,14524.0,5651.0,1.0
mu[1460],-0.015,0.05,-0.111,0.08,0.0,0.001,12470.0,6191.0,1.0
mu[1461],-0.015,0.051,-0.113,0.081,0.0,0.001,12905.0,5692.0,1.0
mu[1462],-0.015,0.039,-0.092,0.055,0.0,0.001,17580.0,5753.0,1.0
mu[1463],-0.015,0.04,-0.093,0.056,0.0,0.001,17283.0,5665.0,1.0
mu[1464],-0.015,0.038,-0.088,0.054,0.0,0.001,18295.0,5595.0,1.0
mu[1465],-0.015,0.042,-0.098,0.06,0.0,0.001,15916.0,5608.0,1.0
mu[1466],-0.015,0.038,-0.088,0.054,0.0,0.001,18295.0,5595.0,1.0
mu[1467],-0.015,0.04,-0.093,0.056,0.0,0.001,17283.0,5665.0,1.0
mu[1468],-0.015,0.052,-0.114,0.081,0.0,0.001,12843.0,5756.0,1.0
mu[1469],-0.015,0.043,-0.094,0.069,0.0,0.001,14589.0,5627.0,1.0
mu[1470],-0.015,0.043,-0.094,0.069,0.0,0.001,14589.0,5627.0,1.0
mu[1471],-0.015,0.037,-0.088,0.053,0.0,0.001,18590.0,5624.0,1.0
mu[1472],-0.015,0.037,-0.084,0.057,0.0,0.001,18561.0,5531.0,1.0
mu[1473],-0.015,0.039,-0.09,0.055,0.0,0.001,18057.0,5774.0,1.0
mu[1474],-0.015,0.039,-0.091,0.055,0.0,0.001,18030.0,5775.0,1.0
mu[1475],-0.015,0.041,-0.092,0.061,0.0,0.001,16012.0,5638.0,1.0
mu[1476],-0.015,0.038,-0.085,0.056,0.0,0.001,18488.0,5533.0,1.0
mu[1477],-0.015,0.05,-0.11,0.079,0.0,0.001,12555.0,6092.0,1.0
mu[1478],-0.015,0.043,-0.094,0.069,0.0,0.001,14589.0,5627.0,1.0
mu[1479],-0.015,0.038,-0.088,0.054,0.0,0.001,18295.0,5595.0,1.0
mu[1480],-0.015,0.046,-0.1,0.073,0.0,0.001,13576.0,5691.0,1.0
mu[1481],-0.015,0.045,-0.103,0.066,0.0,0.001,14667.0,5693.0,1.0
mu[1482],-0.015,0.048,-0.107,0.074,0.0,0.001,13633.0,5735.0,1.0
mu[1483],-0.015,0.039,-0.088,0.058,0.0,0.001,17109.0,5635.0,1.0
mu[1484],-0.015,0.039,-0.088,0.058,0.0,0.001,17339.0,5653.0,1.0
mu[1485],-0.015,0.038,-0.088,0.056,0.0,0.001,18496.0,5688.0,1.0
mu[1486],-0.015,0.04,-0.093,0.056,0.0,0.001,17283.0,5665.0,1.0
mu[1487],-0.015,0.05,-0.11,0.079,0.0,0.001,12555.0,6092.0,1.0
mu[1488],-0.015,0.049,-0.109,0.078,0.0,0.001,12709.0,6020.0,1.0
mu[1489],-0.016,0.078,-0.171,0.125,0.001,0.001,10733.0,6445.0,1.0
mu[1490],-0.015,0.04,-0.093,0.056,0.0,0.001,17283.0,5665.0,1.0
mu[1491],-0.015,0.047,-0.103,0.076,0.0,0.001,13142.0,5812.0,1.0
mu[1492],-0.015,0.042,-0.092,0.065,0.0,0.001,15425.0,5544.0,1.0
mu[1493],-0.015,0.055,-0.12,0.089,0.001,0.001,11775.0,6374.0,1.0
mu[1494],-0.015,0.041,-0.092,0.061,0.0,0.001,16012.0,5638.0,1.0
mu[1495],-0.015,0.056,-0.123,0.088,0.001,0.001,12246.0,5930.0,1.0
mu[1496],-0.015,0.038,-0.085,0.058,0.0,0.001,18834.0,5570.0,1.0
mu[1497],-0.015,0.037,-0.084,0.057,0.0,0.001,18553.0,5521.0,1.0
mu[1498],-0.015,0.046,-0.098,0.074,0.0,0.001,13668.0,5544.0,1.0
mu[1499],-0.015,0.044,-0.1,0.067,0.0,0.001,14805.0,5672.0,1.0
mu[1500],-0.015,0.04,-0.093,0.056,0.0,0.001,17283.0,5665.0,1.0
mu[1501],-0.015,0.038,-0.088,0.056,0.0,0.001,18496.0,5688.0,1.0
mu[1502],-0.015,0.043,-0.094,0.069,0.0,0.001,14589.0,5627.0,1.0
mu[1503],-0.015,0.054,-0.119,0.084,0.0,0.001,11980.0,6244.0,1.0
mu[1504],-0.015,0.048,-0.105,0.076,0.0,0.001,13025.0,5950.0,1.0
mu[1505],-0.015,0.045,-0.101,0.069,0.0,0.001,14537.0,5651.0,1.0
mu[1506],-0.015,0.053,-0.115,0.084,0.0,0.001,12125.0,6193.0,1.0
mu[1507],-0.015,0.039,-0.088,0.058,0.0,0.001,17189.0,5658.0,1.0
mu[1508],-0.015,0.039,-0.092,0.056,0.0,0.001,17445.0,5819.0,1.0
mu[1509],-0.015,0.041,-0.092,0.061,0.0,0.001,16012.0,5638.0,1.0
mu[1510],-0.015,0.043,-0.094,0.069,0.0,0.001,14589.0,5627.0,1.0
mu[1511],-0.015,0.038,-0.088,0.054,0.0,0.001,18295.0,5595.0,1.0
mu[1512],-0.015,0.037,-0.088,0.053,0.0,0.001,18590.0,5624.0,1.0
mu[1513],-0.015,0.039,-0.088,0.058,0.0,0.001,17339.0,5653.0,1.0
mu[1514],-0.015,0.038,-0.088,0.054,0.0,0.001,18295.0,5595.0,1.0
mu[1515],-0.015,0.045,-0.103,0.066,0.0,0.001,14667.0,5693.0,1.0
mu[1516],-0.015,0.04,-0.089,0.061,0.0,0.001,16591.0,5723.0,1.0
mu[1517],-0.015,0.038,-0.085,0.057,0.0,0.001,18188.0,5594.0,1.0
mu[1518],-0.015,0.039,-0.092,0.055,0.0,0.001,17725.0,5797.0,1.0
mu[1519],-0.015,0.049,-0.107,0.077,0.0,0.001,12876.0,5996.0,1.0
mu[1520],-0.015,0.039,-0.089,0.059,0.0,0.001,16932.0,5654.0,1.0
mu[1521],-0.015,0.038,-0.087,0.056,0.0,0.001,17760.0,5555.0,1.0
mu[1522],-0.015,0.054,-0.119,0.087,0.0,0.001,11914.0,6296.0,1.0
mu[1523],-0.015,0.041,-0.092,0.061,0.0,0.001,16012.0,5638.0,1.0
mu[1524],-0.121,0.042,-0.198,-0.04,0.0,0.0,14202.0,6017.0,1.0
mu[1525],-0.078,0.038,-0.149,-0.008,0.0,0.0,15349.0,5738.0,1.0
mu[1526],-0.3,0.077,-0.44,-0.15,0.001,0.001,9858.0,6316.0,1.0
mu[1527],0.011,0.04,-0.065,0.083,0.0,0.0,14452.0,6202.0,1.0
mu[1528],0.058,0.046,-0.032,0.14,0.0,0.001,12183.0,6777.0,1.0
mu[1529],-0.093,0.039,-0.164,-0.018,0.0,0.0,14998.0,5621.0,1.0
mu[1530],-0.021,0.037,-0.091,0.048,0.0,0.0,15605.0,5917.0,1.0
mu[1531],-0.132,0.043,-0.217,-0.053,0.0,0.0,13409.0,6213.0,1.0
mu[1532],0.064,0.047,-0.025,0.152,0.0,0.001,11966.0,6786.0,1.0
mu[1533],0.141,0.062,0.027,0.262,0.001,0.001,10133.0,6359.0,1.0
mu[1534],-0.166,0.049,-0.257,-0.074,0.0,0.001,12098.0,6475.0,1.0
mu[1535],-0.158,0.047,-0.244,-0.065,0.0,0.001,12373.0,6420.0,1.0
mu[1536],-0.648,0.166,-0.966,-0.344,0.002,0.002,8890.0,5551.0,1.0
mu[1537],-0.11,0.04,-0.19,-0.037,0.0,0.0,14517.0,5898.0,1.0
mu[1538],-0.027,0.037,-0.098,0.04,0.0,0.0,15861.0,5783.0,1.0
mu[1539],-0.065,0.037,-0.133,0.005,0.0,0.0,15582.0,5760.0,1.0
mu[1540],-0.094,0.039,-0.168,-0.021,0.0,0.0,14973.0,5600.0,1.0
mu[1541],0.103,0.055,0.007,0.212,0.001,0.001,10829.0,6668.0,1.0
mu[1542],-0.243,0.064,-0.358,-0.117,0.001,0.001,10441.0,6677.0,1.0
mu[1543],0.108,0.056,0.009,0.218,0.001,0.001,10689.0,6624.0,1.0
mu[1544],-0.118,0.041,-0.195,-0.038,0.0,0.0,14298.0,6005.0,1.0
mu[1545],-0.075,0.038,-0.145,-0.005,0.0,0.0,15383.0,5761.0,1.0
mu[1546],-0.117,0.041,-0.194,-0.038,0.0,0.0,14309.0,5981.0,1.0
mu[1547],-0.405,0.103,-0.599,-0.212,0.001,0.001,9304.0,5878.0,1.0
mu[1548],-0.051,0.037,-0.118,0.019,0.0,0.0,15856.0,5780.0,1.0
mu[1549],-0.114,0.041,-0.189,-0.035,0.0,0.0,14425.0,5922.0,1.0
mu[1550],-0.202,0.056,-0.307,-0.097,0.001,0.001,11125.0,6609.0,1.0
mu[1551],-0.112,0.041,-0.188,-0.034,0.0,0.0,14461.0,5922.0,1.0
mu[1552],-0.08,0.038,-0.152,-0.01,0.0,0.0,15286.0,5676.0,1.0
mu[1553],-0.03,0.037,-0.1,0.038,0.0,0.0,15902.0,5728.0,1.0
mu[1554],-0.232,0.062,-0.344,-0.112,0.001,0.001,10589.0,6705.0,1.0
mu[1555],0.081,0.05,-0.01,0.178,0.0,0.001,11396.0,6663.0,1.0
mu[1556],0.025,0.041,-0.052,0.103,0.0,0.0,13781.0,6582.0,1.0
mu[1557],-0.059,0.037,-0.127,0.01,0.0,0.0,15755.0,5696.0,1.0
mu[1558],-0.063,0.037,-0.13,0.007,0.0,0.0,15633.0,5716.0,1.0
mu[1559],0.064,0.047,-0.024,0.152,0.0,0.001,11954.0,6786.0,1.0
mu[1560],0.004,0.039,-0.071,0.074,0.0,0.0,14727.0,6231.0,1.0
mu[1561],0.131,0.06,0.022,0.249,0.001,0.001,10277.0,6332.0,1.0
mu[1562],0.082,0.051,-0.01,0.179,0.0,0.001,11360.0,6634.0,1.0
mu[1563],-0.075,0.037,-0.145,-0.005,0.0,0.0,15389.0,5761.0,1.0
mu[1564],-0.112,0.041,-0.187,-0.033,0.0,0.0,14475.0,5922.0,1.0
mu[1565],-0.281,0.073,-0.417,-0.143,0.001,0.001,10012.0,6424.0,1.0
mu[1566],0.066,0.048,-0.022,0.156,0.0,0.001,11878.0,6787.0,1.0
mu[1567],-0.157,0.047,-0.247,-0.069,0.0,0.0,12425.0,6448.0,1.0
mu[1568],0.154,0.065,0.033,0.279,0.001,0.001,9961.0,6372.0,1.0
mu[1569],-0.385,0.098,-0.567,-0.199,0.001,0.001,9381.0,5833.0,1.0
mu[1570],-0.131,0.043,-0.217,-0.053,0.0,0.0,13454.0,6172.0,1.0
mu[1571],-0.062,0.037,-0.13,0.008,0.0,0.0,15659.0,5782.0,1.0
mu[1572],-0.033,0.037,-0.103,0.034,0.0,0.0,15931.0,5628.0,1.0
mu[1573],0.01,0.04,-0.066,0.082,0.0,0.0,14488.0,6202.0,1.0
mu[1574],0.134,0.061,0.023,0.252,0.001,0.001,10241.0,6306.0,1.0
mu[1575],-0.317,0.082,-0.467,-0.163,0.001,0.001,9733.0,6210.0,1.0
mu[1576],-0.051,0.037,-0.117,0.019,0.0,0.0,15867.0,5781.0,1.0
mu[1577],-0.048,0.037,-0.114,0.023,0.0,0.0,15919.0,5737.0,1.0
mu[1578],-0.051,0.037,-0.117,0.019,0.0,0.0,15867.0,5781.0,1.0
mu[1579],0.125,0.059,0.017,0.239,0.001,0.001,10372.0,6318.0,1.0
mu[1580],0.036,0.043,-0.044,0.116,0.0,0.0,13178.0,6868.0,1.0
mu[1581],-0.129,0.043,-0.21,-0.048,0.0,0.0,13568.0,6061.0,1.0
mu[1582],0.023,0.041,-0.057,0.097,0.0,0.0,13884.0,6581.0,1.0
mu[1583],0.054,0.046,-0.035,0.135,0.0,0.001,12345.0,6901.0,1.0
mu[1584],-0.147,0.046,-0.238,-0.066,0.0,0.0,12790.0,6396.0,1.0
mu[1585],-0.017,0.038,-0.086,0.054,0.0,0.0,15478.0,6082.0,1.0
mu[1586],-0.174,0.05,-0.268,-0.079,0.0,0.001,11847.0,6393.0,1.0
mu[1587],0.135,0.061,0.023,0.253,0.001,0.001,10226.0,6306.0,1.0
mu[1588],-0.228,0.061,-0.341,-0.111,0.001,0.001,10644.0,6675.0,1.0
mu[1589],-0.104,0.04,-0.181,-0.031,0.0,0.0,14669.0,5910.0,1.0
mu[1590],-0.11,0.04,-0.191,-0.038,0.0,0.0,14511.0,5899.0,1.0
mu[1591],-0.02,0.037,-0.089,0.051,0.0,0.0,15555.0,6034.0,1.0
mu[1592],-0.14,0.045,-0.229,-0.06,0.0,0.0,13071.0,6329.0,1.0
mu[1593],-0.02,0.037,-0.089,0.051,0.0,0.0,15555.0,6034.0,1.0
mu[1594],-0.11,0.04,-0.191,-0.038,0.0,0.0,14511.0,5899.0,1.0
mu[1595],-0.231,0.062,-0.344,-0.113,0.001,0.001,10608.0,6705.0,1.0
mu[1596],0.071,0.048,-0.019,0.162,0.0,0.001,11717.0,6727.0,1.0
mu[1597],0.071,0.048,-0.019,0.162,0.0,0.001,11717.0,6727.0,1.0
mu[1598],-0.05,0.037,-0.116,0.02,0.0,0.0,15884.0,5825.0,1.0
mu[1599],-0.04,0.037,-0.109,0.028,0.0,0.0,15956.0,5619.0,1.0
mu[1600],-0.092,0.039,-0.165,-0.019,0.0,0.0,15003.0,5621.0,1.0
mu[1601],-0.093,0.039,-0.164,-0.018,0.0,0.0,14998.0,5621.0,1.0
mu[1602],0.041,0.044,-0.04,0.122,0.0,0.0,12956.0,6865.0,1.0
mu[1603],-0.06,0.037,-0.127,0.011,0.0,0.0,15712.0,5827.0,1.0
mu[1604],0.131,0.06,0.022,0.249,0.001,0.001,10277.0,6332.0,1.0
mu[1605],0.071,0.048,-0.019,0.162,0.0,0.001,11717.0,6727.0,1.0
mu[1606],-0.02,0.037,-0.089,0.051,0.0,0.0,15555.0,6034.0,1.0
mu[1607],0.097,0.053,0.001,0.201,0.001,0.001,10966.0,6683.0,1.0
mu[1608],-0.17,0.05,-0.263,-0.076,0.0,0.001,11957.0,6329.0,1.0
mu[1609],-0.201,0.055,-0.305,-0.097,0.001,0.001,11158.0,6552.0,1.0
mu[1610],0.016,0.04,-0.06,0.09,0.0,0.0,14219.0,6395.0,1.0
mu[1611],0.011,0.04,-0.065,0.083,0.0,0.0,14452.0,6202.0,1.0
mu[1612],-0.08,0.038,-0.152,-0.01,0.0,0.0,15302.0,5676.0,1.0
mu[1613],-0.11,0.04,-0.191,-0.038,0.0,0.0,14511.0,5899.0,1.0
mu[1614],0.131,0.06,0.022,0.249,0.001,0.001,10277.0,6332.0,1.0
mu[1615],0.125,0.059,0.017,0.239,0.001,0.001,10372.0,6318.0,1.0
mu[1616],-0.404,0.103,-0.595,-0.209,0.001,0.001,9310.0,5838.0,1.0
mu[1617],-0.11,0.04,-0.191,-0.038,0.0,0.0,14511.0,5899.0,1.0
mu[1618],0.11,0.056,0.008,0.218,0.001,0.001,10650.0,6567.0,1.0
mu[1619],0.053,0.045,-0.035,0.134,0.0,0.0,12412.0,6839.0,1.0
mu[1620],0.169,0.069,0.035,0.294,0.001,0.001,9798.0,6292.0,1.0
mu[1621],0.041,0.044,-0.04,0.122,0.0,0.0,12956.0,6865.0,1.0
mu[1622],-0.261,0.068,-0.384,-0.128,0.001,0.001,10223.0,6632.0,1.0
mu[1623],-0.069,0.037,-0.137,0.001,0.0,0.0,15498.0,5718.0,1.0
mu[1624],-0.039,0.037,-0.108,0.029,0.0,0.0,15959.0,5619.0,1.0
mu[1625],0.094,0.053,-0.0,0.198,0.001,0.001,11032.0,6653.0,1.0
mu[1626],-0.167,0.049,-0.258,-0.074,0.0,0.001,12077.0,6503.0,1.0
mu[1627],-0.11,0.04,-0.191,-0.038,0.0,0.0,14511.0,5899.0,1.0
mu[1628],-0.08,0.038,-0.152,-0.01,0.0,0.0,15302.0,5676.0,1.0
mu[1629],0.071,0.048,-0.019,0.162,0.0,0.001,11717.0,6727.0,1.0
mu[1630],0.158,0.066,0.035,0.284,0.001,0.001,9913.0,6371.0,1.0
mu[1631],0.114,0.057,0.011,0.224,0.001,0.001,10576.0,6553.0,1.0
mu[1632],-0.174,0.05,-0.266,-0.078,0.0,0.001,11855.0,6420.0,1.0
mu[1633],0.151,0.065,0.032,0.275,0.001,0.001,10003.0,6333.0,1.0
mu[1634],0.014,0.04,-0.062,0.088,0.0,0.0,14297.0,6395.0,1.0
mu[1635],-0.107,0.04,-0.186,-0.035,0.0,0.0,14589.0,5910.0,1.0
mu[1636],0.041,0.044,-0.04,0.122,0.0,0.0,12956.0,6865.0,1.0
mu[1637],0.071,0.048,-0.019,0.162,0.0,0.001,11717.0,6727.0,1.0
mu[1638],-0.02,0.037,-0.089,0.051,0.0,0.0,15555.0,6034.0,1.0
mu[1639],-0.05,0.037,-0.116,0.02,0.0,0.0,15884.0,5825.0,1.0
mu[1640],0.011,0.04,-0.065,0.083,0.0,0.0,14452.0,6202.0,1.0
mu[1641],-0.02,0.037,-0.089,0.051,0.0,0.0,15555.0,6034.0,1.0
mu[1642],-0.17,0.05,-0.263,-0.076,0.0,0.001,11957.0,6329.0,1.0
mu[1643],0.029,0.042,-0.048,0.108,0.0,0.0,13536.0,6723.0,1.0
mu[1644],-0.015,0.038,-0.084,0.056,0.0,0.0,15434.0,6156.0,1.0
mu[1645],-0.1,0.039,-0.173,-0.025,0.0,0.0,14765.0,5802.0,1.0
mu[1646],0.119,0.058,0.014,0.231,0.001,0.001,10483.0,6415.0,1.0
mu[1647],0.021,0.041,-0.057,0.096,0.0,0.0,14009.0,6554.0,1.0
mu[1648],-0.001,0.039,-0.072,0.073,0.0,0.0,14926.0,6234.0,1.0
mu[1649],0.161,0.067,0.028,0.281,0.001,0.001,9877.0,6292.0,1.0
mu[1650],0.041,0.044,-0.04,0.122,0.0,0.0,12956.0,6865.0,1.0
mu[1651],-0.037,0.039,-0.108,0.038,0.0,0.001,17299.0,5641.0,1.0
mu[1652],-0.038,0.038,-0.109,0.035,0.0,0.001,17465.0,5594.0,1.0
mu[1653],-0.035,0.044,-0.117,0.05,0.0,0.001,15789.0,5961.0,1.0
mu[1654],-0.038,0.038,-0.112,0.034,0.0,0.001,17524.0,5596.0,1.0
mu[1655],-0.039,0.039,-0.112,0.037,0.0,0.001,17329.0,5844.0,1.0
mu[1656],-0.037,0.038,-0.111,0.035,0.0,0.001,17431.0,5596.0,1.0
mu[1657],-0.038,0.038,-0.111,0.034,0.0,0.001,17540.0,5729.0,1.0
mu[1658],-0.037,0.039,-0.107,0.039,0.0,0.001,17275.0,5537.0,1.0
mu[1659],-0.039,0.039,-0.113,0.037,0.0,0.001,17295.0,5879.0,1.0
mu[1660],-0.04,0.042,-0.122,0.035,0.0,0.001,16813.0,5653.0,1.0
mu[1661],-0.037,0.039,-0.108,0.041,0.0,0.001,17081.0,5716.0,1.0
mu[1662],-0.037,0.039,-0.108,0.04,0.0,0.001,17133.0,5687.0,1.0
mu[1663],-0.032,0.066,-0.161,0.088,0.001,0.001,14205.0,6341.0,1.0
mu[1664],-0.037,0.038,-0.111,0.035,0.0,0.001,17354.0,5686.0,1.0
mu[1665],-0.038,0.038,-0.112,0.033,0.0,0.001,17534.0,5724.0,1.0
mu[1666],-0.038,0.038,-0.109,0.035,0.0,0.001,17485.0,5682.0,1.0
mu[1667],-0.037,0.038,-0.11,0.035,0.0,0.001,17428.0,5637.0,1.0
mu[1668],-0.039,0.04,-0.116,0.037,0.0,0.001,17047.0,5770.0,1.0
mu[1669],-0.036,0.042,-0.113,0.044,0.0,0.001,16621.0,5905.0,1.0
mu[1670],-0.039,0.04,-0.117,0.036,0.0,0.001,17003.0,5784.0,1.0
mu[1671],-0.037,0.038,-0.109,0.037,0.0,0.001,17325.0,5749.0,1.0
mu[1672],-0.038,0.038,-0.11,0.035,0.0,0.001,17482.0,5635.0,1.0
mu[1673],-0.037,0.038,-0.109,0.037,0.0,0.001,17327.0,5749.0,1.0
mu[1674],-0.034,0.05,-0.131,0.057,0.0,0.001,15020.0,6216.0,1.0
mu[1675],-0.038,0.038,-0.112,0.032,0.0,0.001,17515.0,5763.0,1.0
mu[1676],-0.037,0.038,-0.109,0.037,0.0,0.001,17333.0,5712.0,1.0
mu[1677],-0.036,0.04,-0.109,0.043,0.0,0.001,16879.0,5916.0,1.0
mu[1678],-0.037,0.038,-0.109,0.037,0.0,0.001,17341.0,5685.0,1.0
mu[1679],-0.038,0.038,-0.109,0.035,0.0,0.001,17460.0,5656.0,1.0
mu[1680],-0.038,0.038,-0.112,0.033,0.0,0.001,17540.0,5744.0,1.0
mu[1681],-0.036,0.041,-0.112,0.043,0.0,0.001,16692.0,5814.0,1.0
mu[1682],-0.039,0.04,-0.114,0.037,0.0,0.001,17217.0,5964.0,1.0
mu[1683],-0.039,0.039,-0.111,0.036,0.0,0.001,17472.0,5598.0,1.0
mu[1684],-0.038,0.038,-0.109,0.035,0.0,0.001,17492.0,5650.0,1.0
mu[1685],-0.038,0.038,-0.109,0.035,0.0,0.001,17489.0,5682.0,1.0
mu[1686],-0.039,0.039,-0.113,0.037,0.0,0.001,17293.0,5879.0,1.0
mu[1687],-0.038,0.038,-0.112,0.034,0.0,0.001,17530.0,5674.0,1.0
mu[1688],-0.04,0.041,-0.121,0.035,0.0,0.001,16873.0,5608.0,1.0
mu[1689],-0.039,0.04,-0.114,0.037,0.0,0.001,17207.0,5940.0,1.0
mu[1690],-0.038,0.038,-0.11,0.035,0.0,0.001,17485.0,5635.0,1.0
mu[1691],-0.037,0.038,-0.109,0.037,0.0,0.001,17342.0,5685.0,1.0
mu[1692],-0.036,0.043,-0.114,0.049,0.0,0.001,16322.0,5903.0,1.0
mu[1693],-0.039,0.039,-0.113,0.037,0.0,0.001,17277.0,5845.0,1.0
mu[1694],-0.037,0.039,-0.108,0.04,0.0,0.001,17150.0,5644.0,1.0
mu[1695],-0.04,0.042,-0.118,0.041,0.0,0.001,16702.0,5551.0,1.0
mu[1696],-0.035,0.049,-0.131,0.052,0.0,0.001,15135.0,6128.0,1.0
mu[1697],-0.037,0.039,-0.107,0.039,0.0,0.001,17283.0,5537.0,1.0
mu[1698],-0.038,0.038,-0.109,0.035,0.0,0.001,17488.0,5651.0,1.0
mu[1699],-0.038,0.038,-0.112,0.032,0.0,0.001,17546.0,5776.0,1.0
mu[1700],-0.038,0.038,-0.112,0.034,0.0,0.001,17520.0,5596.0,1.0
mu[1701],-0.04,0.041,-0.121,0.035,0.0,0.001,16854.0,5672.0,1.0
mu[1702],-0.035,0.045,-0.118,0.052,0.0,0.001,15643.0,6056.0,1.0
mu[1703],-0.038,0.038,-0.112,0.032,0.0,0.001,17519.0,5763.0,1.0
mu[1704],-0.038,0.038,-0.112,0.032,0.0,0.001,17526.0,5808.0,1.0
mu[1705],-0.038,0.038,-0.112,0.032,0.0,0.001,17519.0,5763.0,1.0
mu[1706],-0.04,0.041,-0.119,0.036,0.0,0.001,16905.0,5656.0,1.0
mu[1707],-0.039,0.039,-0.111,0.037,0.0,0.001,17425.0,5464.0,1.0
mu[1708],-0.037,0.039,-0.107,0.039,0.0,0.001,17283.0,5578.0,1.0
mu[1709],-0.039,0.038,-0.111,0.036,0.0,0.001,17482.0,5628.0,1.0
mu[1710],-0.039,0.039,-0.112,0.037,0.0,0.001,17354.0,5790.0,1.0
mu[1711],-0.037,0.039,-0.108,0.039,0.0,0.001,17196.0,5520.0,1.0
mu[1712],-0.038,0.038,-0.111,0.034,0.0,0.001,17549.0,5705.0,1.0
mu[1713],-0.037,0.04,-0.108,0.041,0.0,0.001,17051.0,5774.0,1.0
mu[1714],-0.04,0.041,-0.121,0.035,0.0,0.001,16852.0,5779.0,1.0
mu[1715],-0.036,0.041,-0.112,0.043,0.0,0.001,16708.0,5836.0,1.0
mu[1716],-0.037,0.038,-0.111,0.035,0.0,0.001,17381.0,5611.0,1.0
mu[1717],-0.037,0.038,-0.111,0.035,0.0,0.001,17352.0,5686.0,1.0
mu[1718],-0.038,0.038,-0.111,0.034,0.0,0.001,17544.0,5729.0,1.0
mu[1719],-0.037,0.039,-0.108,0.039,0.0,0.001,17244.0,5569.0,1.0
mu[1720],-0.038,0.038,-0.111,0.034,0.0,0.001,17544.0,5729.0,1.0
mu[1721],-0.037,0.038,-0.111,0.035,0.0,0.001,17352.0,5686.0,1.0
mu[1722],-0.036,0.041,-0.112,0.043,0.0,0.001,16696.0,5814.0,1.0
mu[1723],-0.039,0.039,-0.113,0.037,0.0,0.001,17248.0,5651.0,1.0
mu[1724],-0.039,0.039,-0.113,0.037,0.0,0.001,17248.0,5651.0,1.0
mu[1725],-0.038,0.038,-0.112,0.032,0.0,0.001,17521.0,5763.0,1.0
mu[1726],-0.038,0.038,-0.113,0.032,0.0,0.001,17536.0,5843.0,1.0
mu[1727],-0.037,0.038,-0.111,0.035,0.0,0.001,17428.0,5595.0,1.0
mu[1728],-0.037,0.038,-0.111,0.035,0.0,0.001,17431.0,5596.0,1.0
mu[1729],-0.039,0.039,-0.11,0.037,0.0,0.001,17408.0,5597.0,1.0
mu[1730],-0.038,0.038,-0.108,0.036,0.0,0.001,17490.0,5650.0,1.0
mu[1731],-0.04,0.041,-0.121,0.035,0.0,0.001,16873.0,5608.0,1.0
mu[1732],-0.039,0.039,-0.113,0.037,0.0,0.001,17248.0,5651.0,1.0
mu[1733],-0.038,0.038,-0.111,0.034,0.0,0.001,17544.0,5729.0,1.0
mu[1734],-0.039,0.04,-0.116,0.036,0.0,0.001,17089.0,5907.0,1.0
mu[1735],-0.037,0.04,-0.108,0.041,0.0,0.001,17066.0,5749.0,1.0
mu[1736],-0.036,0.04,-0.108,0.044,0.0,0.001,16894.0,5916.0,1.0
mu[1737],-0.038,0.038,-0.112,0.034,0.0,0.001,17494.0,5617.0,1.0
mu[1738],-0.038,0.038,-0.112,0.034,0.0,0.001,17524.0,5596.0,1.0
mu[1739],-0.038,0.038,-0.109,0.036,0.0,0.001,17463.0,5656.0,1.0
mu[1740],-0.037,0.038,-0.111,0.035,0.0,0.001,17352.0,5686.0,1.0
mu[1741],-0.04,0.041,-0.121,0.035,0.0,0.001,16873.0,5608.0,1.0
mu[1742],-0.04,0.041,-0.119,0.036,0.0,0.001,16905.0,5656.0,1.0
mu[1743],-0.034,0.05,-0.131,0.057,0.0,0.001,15030.0,6190.0,1.0
mu[1744],-0.037,0.038,-0.111,0.035,0.0,0.001,17352.0,5686.0,1.0
mu[1745],-0.039,0.041,-0.117,0.036,0.0,0.001,16995.0,5729.0,1.0
mu[1746],-0.039,0.039,-0.112,0.037,0.0,0.001,17366.0,5735.0,1.0
mu[1747],-0.04,0.043,-0.119,0.041,0.0,0.001,16570.0,5492.0,1.0
mu[1748],-0.039,0.039,-0.11,0.037,0.0,0.001,17408.0,5597.0,1.0
mu[1749],-0.036,0.043,-0.114,0.046,0.0,0.001,16473.0,5916.0,1.0
mu[1750],-0.038,0.038,-0.109,0.035,0.0,0.001,17486.0,5704.0,1.0
mu[1751],-0.038,0.038,-0.112,0.032,0.0,0.001,17541.0,5820.0,1.0
mu[1752],-0.039,0.04,-0.115,0.037,0.0,0.001,17104.0,5908.0,1.0
mu[1753],-0.037,0.039,-0.108,0.041,0.0,0.001,17079.0,5716.0,1.0
mu[1754],-0.037,0.038,-0.111,0.035,0.0,0.001,17352.0,5686.0,1.0
mu[1755],-0.038,0.038,-0.109,0.036,0.0,0.001,17463.0,5656.0,1.0
mu[1756],-0.039,0.039,-0.113,0.037,0.0,0.001,17248.0,5651.0,1.0
mu[1757],-0.04,0.042,-0.118,0.041,0.0,0.001,16671.0,5548.0,1.0
mu[1758],-0.039,0.041,-0.118,0.035,0.0,0.001,16966.0,5943.0,1.0
mu[1759],-0.037,0.04,-0.108,0.042,0.0,0.001,17052.0,5774.0,1.0
mu[1760],-0.04,0.042,-0.122,0.036,0.0,0.001,16735.0,5779.0,1.0
mu[1761],-0.038,0.038,-0.112,0.034,0.0,0.001,17506.0,5576.0,1.0
mu[1762],-0.037,0.038,-0.111,0.035,0.0,0.001,17366.0,5645.0,1.0
mu[1763],-0.039,0.039,-0.11,0.037,0.0,0.001,17408.0,5597.0,1.0
mu[1764],-0.039,0.039,-0.113,0.037,0.0,0.001,17248.0,5651.0,1.0
mu[1765],-0.038,0.038,-0.111,0.034,0.0,0.001,17544.0,5729.0,1.0
mu[1766],-0.038,0.038,-0.112,0.032,0.0,0.001,17521.0,5763.0,1.0
mu[1767],-0.038,0.038,-0.112,0.034,0.0,0.001,17524.0,5596.0,1.0
mu[1768],-0.038,0.038,-0.111,0.034,0.0,0.001,17544.0,5729.0,1.0
mu[1769],-0.037,0.04,-0.108,0.041,0.0,0.001,17066.0,5749.0,1.0
mu[1770],-0.039,0.039,-0.111,0.036,0.0,0.001,17444.0,5510.0,1.0
mu[1771],-0.038,0.038,-0.11,0.035,0.0,0.001,17544.0,5792.0,1.0
mu[1772],-0.037,0.038,-0.111,0.035,0.0,0.001,17394.0,5570.0,1.0
mu[1773],-0.039,0.041,-0.119,0.035,0.0,0.001,16939.0,5807.0,1.0
mu[1774],-0.039,0.038,-0.11,0.037,0.0,0.001,17488.0,5621.0,1.0
mu[1775],-0.038,0.038,-0.112,0.033,0.0,0.001,17544.0,5706.0,1.0
mu[1776],-0.04,0.042,-0.118,0.042,0.0,0.001,16635.0,5488.0,1.0
mu[1777],-0.039,0.039,-0.11,0.037,0.0,0.001,17408.0,5597.0,1.0
mu[1778],-0.033,0.037,-0.103,0.036,0.0,0.0,16328.0,6276.0,1.0
mu[1779],-0.034,0.037,-0.101,0.036,0.0,0.0,16376.0,6226.0,1.0
mu[1780],-0.031,0.043,-0.106,0.054,0.0,0.0,15209.0,6422.0,1.0
mu[1781],-0.035,0.037,-0.104,0.035,0.0,0.0,16829.0,5920.0,1.0
mu[1782],-0.036,0.038,-0.105,0.038,0.0,0.0,16295.0,6112.0,1.0
mu[1783],-0.034,0.037,-0.103,0.035,0.0,0.0,16387.0,6277.0,1.0
mu[1784],-0.035,0.037,-0.104,0.035,0.0,0.0,17146.0,5717.0,1.0
mu[1785],-0.033,0.037,-0.102,0.038,0.0,0.0,16292.0,6352.0,1.0
mu[1786],-0.036,0.039,-0.106,0.038,0.0,0.0,16213.0,6172.0,1.0
mu[1787],-0.037,0.041,-0.112,0.042,0.0,0.001,15373.0,5865.0,1.0
mu[1788],-0.033,0.038,-0.105,0.037,0.0,0.0,16139.0,5989.0,1.0
mu[1789],-0.033,0.038,-0.105,0.037,0.0,0.0,16174.0,6273.0,1.0
mu[1790],-0.026,0.064,-0.151,0.092,0.001,0.001,13489.0,6442.0,1.0
mu[1791],-0.033,0.037,-0.103,0.036,0.0,0.0,16345.0,6138.0,1.0
mu[1792],-0.034,0.037,-0.103,0.035,0.0,0.0,17196.0,5741.0,1.0
mu[1793],-0.034,0.037,-0.102,0.036,0.0,0.0,16363.0,6123.0,1.0
mu[1794],-0.034,0.037,-0.103,0.035,0.0,0.0,16387.0,6329.0,1.0
mu[1795],-0.036,0.04,-0.112,0.037,0.0,0.0,15796.0,6004.0,1.0
mu[1796],-0.032,0.04,-0.106,0.047,0.0,0.0,15617.0,6566.0,1.0
mu[1797],-0.036,0.04,-0.112,0.037,0.0,0.0,15741.0,6028.0,1.0
mu[1798],-0.033,0.037,-0.103,0.036,0.0,0.0,16330.0,6250.0,1.0
mu[1799],-0.034,0.037,-0.101,0.036,0.0,0.0,16372.0,6202.0,1.0
mu[1800],-0.033,0.037,-0.103,0.036,0.0,0.0,16327.0,6262.0,1.0
mu[1801],-0.03,0.048,-0.12,0.061,0.0,0.001,14484.0,6280.0,1.0
mu[1802],-0.034,0.037,-0.102,0.035,0.0,0.0,16310.0,6164.0,1.0
mu[1803],-0.033,0.037,-0.103,0.036,0.0,0.0,16335.0,6237.0,1.0
mu[1804],-0.032,0.039,-0.108,0.039,0.0,0.0,15917.0,6286.0,1.0
mu[1805],-0.033,0.037,-0.103,0.036,0.0,0.0,16337.0,6161.0,1.0
mu[1806],-0.034,0.037,-0.101,0.037,0.0,0.0,16381.0,6226.0,1.0
mu[1807],-0.034,0.037,-0.104,0.035,0.0,0.0,17232.0,5987.0,1.0
mu[1808],-0.032,0.04,-0.106,0.046,0.0,0.0,15711.0,6311.0,1.0
mu[1809],-0.036,0.039,-0.107,0.039,0.0,0.0,16017.0,6117.0,1.0
mu[1810],-0.035,0.038,-0.104,0.037,0.0,0.0,16683.0,5885.0,1.0
mu[1811],-0.034,0.037,-0.102,0.036,0.0,0.0,16330.0,6148.0,1.0
mu[1812],-0.034,0.037,-0.102,0.035,0.0,0.0,16355.0,6123.0,1.0
mu[1813],-0.036,0.039,-0.106,0.038,0.0,0.0,16207.0,6172.0,1.0
mu[1814],-0.035,0.037,-0.104,0.035,0.0,0.0,16891.0,5777.0,1.0
mu[1815],-0.037,0.041,-0.111,0.041,0.0,0.001,15493.0,5889.0,1.0
mu[1816],-0.036,0.039,-0.107,0.039,0.0,0.0,15999.0,6093.0,1.0
mu[1817],-0.034,0.037,-0.101,0.036,0.0,0.0,16371.0,6202.0,1.0
mu[1818],-0.033,0.037,-0.103,0.036,0.0,0.0,16339.0,6161.0,1.0
mu[1819],-0.031,0.042,-0.107,0.05,0.0,0.0,15339.0,6463.0,1.0
mu[1820],-0.036,0.039,-0.106,0.039,0.0,0.0,16180.0,6147.0,1.0
mu[1821],-0.033,0.038,-0.103,0.039,0.0,0.0,16184.0,6313.0,1.0
mu[1822],-0.037,0.042,-0.113,0.043,0.0,0.001,15218.0,5682.0,1.0
mu[1823],-0.03,0.047,-0.117,0.059,0.0,0.001,14608.0,6490.0,1.0
mu[1824],-0.033,0.037,-0.102,0.038,0.0,0.0,16296.0,6352.0,1.0
mu[1825],-0.034,0.037,-0.102,0.035,0.0,0.0,16348.0,6123.0,1.0
mu[1826],-0.034,0.037,-0.104,0.034,0.0,0.0,16238.0,6078.0,1.0
mu[1827],-0.035,0.037,-0.104,0.035,0.0,0.0,16839.0,5931.0,1.0
mu[1828],-0.037,0.041,-0.111,0.042,0.0,0.001,15458.0,5843.0,1.0
mu[1829],-0.031,0.043,-0.11,0.053,0.0,0.0,15079.0,6638.0,1.0
mu[1830],-0.034,0.037,-0.102,0.035,0.0,0.0,16309.0,6164.0,1.0
mu[1831],-0.034,0.037,-0.102,0.035,0.0,0.0,16296.0,6140.0,1.0
mu[1832],-0.034,0.037,-0.102,0.035,0.0,0.0,16309.0,6164.0,1.0
mu[1833],-0.036,0.041,-0.111,0.041,0.0,0.001,15561.0,5912.0,1.0
mu[1834],-0.035,0.038,-0.105,0.037,0.0,0.0,16546.0,6134.0,1.0
mu[1835],-0.033,0.037,-0.102,0.038,0.0,0.0,16305.0,6326.0,1.0
mu[1836],-0.035,0.038,-0.104,0.037,0.0,0.0,16698.0,5863.0,1.0
mu[1837],-0.036,0.038,-0.105,0.038,0.0,0.0,16343.0,6072.0,1.0
mu[1838],-0.033,0.038,-0.104,0.037,0.0,0.0,16238.0,6274.0,1.0
mu[1839],-0.035,0.037,-0.104,0.035,0.0,0.0,17111.0,5669.0,1.0
mu[1840],-0.033,0.038,-0.104,0.04,0.0,0.0,16097.0,6160.0,1.0
mu[1841],-0.037,0.041,-0.111,0.042,0.0,0.001,15446.0,5843.0,1.0
mu[1842],-0.032,0.04,-0.104,0.046,0.0,0.0,15734.0,6337.0,1.0
mu[1843],-0.033,0.037,-0.103,0.035,0.0,0.0,16369.0,6302.0,1.0
mu[1844],-0.033,0.037,-0.103,0.036,0.0,0.0,16344.0,6138.0,1.0
mu[1845],-0.035,0.037,-0.103,0.035,0.0,0.0,17135.0,5640.0,1.0
mu[1846],-0.033,0.037,-0.103,0.038,0.0,0.0,16257.0,6222.0,1.0
mu[1847],-0.035,0.037,-0.103,0.035,0.0,0.0,17135.0,5640.0,1.0
mu[1848],-0.033,0.037,-0.103,0.036,0.0,0.0,16344.0,6138.0,1.0
mu[1849],-0.032,0.04,-0.104,0.047,0.0,0.0,15719.0,6337.0,1.0
mu[1850],-0.036,0.039,-0.106,0.039,0.0,0.0,16128.0,6175.0,1.0
mu[1851],-0.036,0.039,-0.106,0.039,0.0,0.0,16128.0,6175.0,1.0
mu[1852],-0.034,0.037,-0.102,0.035,0.0,0.0,16304.0,6164.0,1.0
mu[1853],-0.034,0.037,-0.104,0.034,0.0,0.0,16270.0,6139.0,1.0
mu[1854],-0.034,0.037,-0.103,0.034,0.0,0.0,16383.0,6277.0,1.0
mu[1855],-0.034,0.037,-0.103,0.035,0.0,0.0,16387.0,6277.0,1.0
mu[1856],-0.035,0.038,-0.104,0.038,0.0,0.0,16499.0,5983.0,1.0
mu[1857],-0.034,0.037,-0.102,0.036,0.0,0.0,16342.0,6148.0,1.0
mu[1858],-0.037,0.041,-0.111,0.041,0.0,0.001,15493.0,5889.0,1.0
mu[1859],-0.036,0.039,-0.106,0.039,0.0,0.0,16128.0,6175.0,1.0
mu[1860],-0.035,0.037,-0.103,0.035,0.0,0.0,17135.0,5640.0,1.0
mu[1861],-0.036,0.04,-0.113,0.036,0.0,0.0,15857.0,6077.0,1.0
mu[1862],-0.033,0.038,-0.103,0.04,0.0,0.0,16121.0,6061.0,1.0
mu[1863],-0.032,0.039,-0.105,0.041,0.0,0.0,15926.0,6279.0,1.0
mu[1864],-0.035,0.037,-0.104,0.036,0.0,0.0,16777.0,5885.0,1.0
mu[1865],-0.035,0.037,-0.104,0.035,0.0,0.0,16829.0,5920.0,1.0
mu[1866],-0.034,0.037,-0.101,0.036,0.0,0.0,16380.0,6226.0,1.0
mu[1867],-0.033,0.037,-0.103,0.036,0.0,0.0,16344.0,6138.0,1.0
mu[1868],-0.037,0.041,-0.111,0.041,0.0,0.001,15493.0,5889.0,1.0
mu[1869],-0.036,0.041,-0.111,0.041,0.0,0.001,15561.0,5912.0,1.0
mu[1870],-0.03,0.048,-0.118,0.062,0.0,0.001,14493.0,6280.0,1.0
mu[1871],-0.033,0.037,-0.103,0.036,0.0,0.0,16344.0,6138.0,1.0
mu[1872],-0.036,0.04,-0.112,0.038,0.0,0.0,15719.0,6029.0,1.0
mu[1873],-0.036,0.038,-0.105,0.038,0.0,0.0,16354.0,6072.0,1.0
mu[1874],-0.037,0.042,-0.115,0.044,0.0,0.001,15063.0,5802.0,1.0
mu[1875],-0.035,0.038,-0.104,0.038,0.0,0.0,16499.0,5983.0,1.0
mu[1876],-0.031,0.041,-0.105,0.05,0.0,0.0,15487.0,6411.0,1.0
mu[1877],-0.034,0.037,-0.102,0.036,0.0,0.0,16370.0,6046.0,1.0
mu[1878],-0.034,0.037,-0.104,0.034,0.0,0.0,16263.0,6102.0,1.0
mu[1879],-0.036,0.039,-0.109,0.039,0.0,0.0,15886.0,6084.0,1.0
mu[1880],-0.033,0.038,-0.105,0.037,0.0,0.0,16134.0,5989.0,1.0
mu[1881],-0.033,0.037,-0.103,0.036,0.0,0.0,16344.0,6138.0,1.0
mu[1882],-0.034,0.037,-0.101,0.036,0.0,0.0,16380.0,6226.0,1.0
mu[1883],-0.036,0.039,-0.106,0.039,0.0,0.0,16128.0,6175.0,1.0
mu[1884],-0.037,0.042,-0.114,0.043,0.0,0.001,15161.0,5660.0,1.0
mu[1885],-0.036,0.04,-0.111,0.04,0.0,0.0,15672.0,5959.0,1.0
mu[1886],-0.033,0.038,-0.104,0.04,0.0,0.0,16103.0,6061.0,1.0
mu[1887],-0.037,0.042,-0.112,0.043,0.0,0.001,15266.0,5702.0,1.0
mu[1888],-0.035,0.037,-0.104,0.036,0.0,0.0,16797.0,5908.0,1.0
mu[1889],-0.033,0.037,-0.103,0.036,0.0,0.0,16357.0,6289.0,1.0
mu[1890],-0.035,0.038,-0.104,0.038,0.0,0.0,16499.0,5983.0,1.0
mu[1891],-0.036,0.039,-0.106,0.039,0.0,0.0,16128.0,6175.0,1.0
mu[1892],-0.035,0.037,-0.103,0.035,0.0,0.0,17135.0,5640.0,1.0
mu[1893],-0.034,0.037,-0.102,0.035,0.0,0.0,16304.0,6164.0,1.0
mu[1894],-0.035,0.037,-0.104,0.035,0.0,0.0,16829.0,5920.0,1.0
mu[1895],-0.035,0.037,-0.103,0.035,0.0,0.0,17135.0,5640.0,1.0
mu[1896],-0.033,0.038,-0.103,0.04,0.0,0.0,16121.0,6061.0,1.0
mu[1897],-0.035,0.038,-0.108,0.034,0.0,0.0,16641.0,5878.0,1.0
mu[1898],-0.035,0.037,-0.105,0.034,0.0,0.0,17095.0,5669.0,1.0
mu[1899],-0.034,0.037,-0.104,0.035,0.0,0.0,16382.0,6302.0,1.0
mu[1900],-0.036,0.04,-0.11,0.041,0.0,0.001,15625.0,5959.0,1.0
mu[1901],-0.035,0.038,-0.104,0.036,0.0,0.0,16725.0,5851.0,1.0
mu[1902],-0.035,0.037,-0.105,0.034,0.0,0.0,16944.0,5739.0,1.0
mu[1903],-0.037,0.042,-0.114,0.043,0.0,0.001,15135.0,5682.0,1.0
mu[1904],-0.035,0.038,-0.104,0.038,0.0,0.0,16499.0,5983.0,1.0
mu[1905],-0.025,0.038,-0.093,0.049,0.0,0.0,17936.0,5791.0,1.0
mu[1906],-0.025,0.038,-0.095,0.045,0.0,0.0,17984.0,5611.0,1.0
mu[1907],-0.024,0.044,-0.107,0.06,0.0,0.001,16787.0,5838.0,1.0
mu[1908],-0.025,0.038,-0.096,0.045,0.0,0.0,17580.0,5600.0,1.0
mu[1909],-0.026,0.039,-0.098,0.047,0.0,0.001,17171.0,5295.0,1.0
mu[1910],-0.025,0.038,-0.095,0.046,0.0,0.0,18006.0,5647.0,1.0
mu[1911],-0.025,0.038,-0.095,0.045,0.0,0.0,17775.0,5457.0,1.0
mu[1912],-0.025,0.039,-0.094,0.049,0.0,0.0,17911.0,5774.0,1.0
mu[1913],-0.026,0.039,-0.098,0.047,0.0,0.001,17117.0,5295.0,1.0
mu[1914],-0.026,0.041,-0.102,0.053,0.0,0.001,16412.0,4976.0,1.0
mu[1915],-0.025,0.039,-0.098,0.049,0.0,0.0,17759.0,5757.0,1.0
mu[1916],-0.025,0.039,-0.098,0.048,0.0,0.0,17798.0,5736.0,1.0
mu[1917],-0.022,0.066,-0.146,0.102,0.001,0.001,14619.0,6597.0,1.0
mu[1918],-0.025,0.038,-0.093,0.048,0.0,0.0,17969.0,5633.0,1.0
mu[1919],-0.025,0.038,-0.096,0.045,0.0,0.0,17811.0,5512.0,1.0
mu[1920],-0.025,0.038,-0.094,0.046,0.0,0.0,17972.0,5520.0,1.0
mu[1921],-0.025,0.038,-0.094,0.047,0.0,0.0,18010.0,5710.0,1.0
mu[1922],-0.026,0.04,-0.102,0.048,0.0,0.001,16771.0,5168.0,1.0
mu[1923],-0.024,0.042,-0.102,0.054,0.0,0.001,17277.0,5703.0,1.0
mu[1924],-0.026,0.04,-0.102,0.049,0.0,0.001,16724.0,5151.0,1.0
mu[1925],-0.025,0.038,-0.093,0.049,0.0,0.0,17946.0,5579.0,1.0
mu[1926],-0.025,0.038,-0.095,0.046,0.0,0.0,17979.0,5549.0,1.0
mu[1927],-0.025,0.038,-0.093,0.049,0.0,0.0,17946.0,5579.0,1.0
mu[1928],-0.024,0.05,-0.119,0.069,0.0,0.001,15936.0,6075.0,1.0
mu[1929],-0.025,0.038,-0.095,0.045,0.0,0.0,17921.0,5507.0,1.0
mu[1930],-0.025,0.038,-0.093,0.048,0.0,0.0,17956.0,5579.0,1.0
mu[1931],-0.024,0.04,-0.099,0.052,0.0,0.001,17546.0,5787.0,1.0
mu[1932],-0.025,0.038,-0.093,0.048,0.0,0.0,17961.0,5579.0,1.0
mu[1933],-0.025,0.038,-0.095,0.046,0.0,0.0,17996.0,5557.0,1.0
mu[1934],-0.025,0.038,-0.096,0.044,0.0,0.0,17831.0,5491.0,1.0
mu[1935],-0.024,0.041,-0.102,0.053,0.0,0.001,17347.0,5724.0,1.0
mu[1936],-0.026,0.039,-0.1,0.047,0.0,0.001,16984.0,5239.0,1.0
mu[1937],-0.025,0.038,-0.097,0.046,0.0,0.0,17475.0,5289.0,1.0
mu[1938],-0.025,0.038,-0.094,0.045,0.0,0.0,17947.0,5527.0,1.0
mu[1939],-0.025,0.038,-0.094,0.046,0.0,0.0,17968.0,5470.0,1.0
mu[1940],-0.026,0.039,-0.098,0.047,0.0,0.001,17115.0,5294.0,1.0
mu[1941],-0.025,0.038,-0.097,0.044,0.0,0.0,17629.0,5600.0,1.0
mu[1942],-0.026,0.041,-0.101,0.053,0.0,0.001,16498.0,4913.0,1.0
mu[1943],-0.026,0.039,-0.099,0.048,0.0,0.001,16973.0,5239.0,1.0
mu[1944],-0.025,0.038,-0.095,0.046,0.0,0.0,17977.0,5549.0,1.0
mu[1945],-0.025,0.038,-0.093,0.048,0.0,0.0,17965.0,5579.0,1.0
mu[1946],-0.024,0.044,-0.105,0.058,0.0,0.001,16939.0,5643.0,1.0
mu[1947],-0.026,0.039,-0.098,0.047,0.0,0.001,17127.0,5259.0,1.0
mu[1948],-0.025,0.039,-0.098,0.048,0.0,0.0,17806.0,5736.0,1.0
mu[1949],-0.026,0.042,-0.102,0.056,0.0,0.001,16288.0,4831.0,1.0
mu[1950],-0.024,0.049,-0.114,0.069,0.0,0.001,16142.0,6173.0,1.0
mu[1951],-0.025,0.039,-0.095,0.048,0.0,0.0,17912.0,5774.0,1.0
mu[1952],-0.025,0.038,-0.094,0.046,0.0,0.0,17970.0,5530.0,1.0
mu[1953],-0.025,0.038,-0.096,0.044,0.0,0.0,17842.0,5502.0,1.0
mu[1954],-0.025,0.038,-0.096,0.045,0.0,0.0,17590.0,5600.0,1.0
mu[1955],-0.026,0.041,-0.102,0.052,0.0,0.001,16470.0,4977.0,1.0
mu[1956],-0.024,0.045,-0.11,0.061,0.0,0.001,16653.0,5767.0,1.0
mu[1957],-0.025,0.038,-0.095,0.045,0.0,0.0,17921.0,5507.0,1.0
mu[1958],-0.025,0.038,-0.095,0.045,0.0,0.0,17902.0,5487.0,1.0
mu[1959],-0.025,0.038,-0.095,0.045,0.0,0.0,17921.0,5507.0,1.0
mu[1960],-0.026,0.041,-0.1,0.053,0.0,0.001,16557.0,5009.0,1.0
mu[1961],-0.025,0.038,-0.097,0.047,0.0,0.0,17385.0,5224.0,1.0
mu[1962],-0.025,0.039,-0.094,0.049,0.0,0.0,17913.0,5804.0,1.0
mu[1963],-0.025,0.038,-0.096,0.046,0.0,0.0,17480.0,5288.0,1.0
mu[1964],-0.025,0.039,-0.098,0.047,0.0,0.001,17207.0,5191.0,1.0
mu[1965],-0.025,0.039,-0.096,0.049,0.0,0.0,17834.0,5811.0,1.0
mu[1966],-0.025,0.038,-0.094,0.047,0.0,0.0,17750.0,5477.0,1.0
mu[1967],-0.025,0.04,-0.097,0.051,0.0,0.001,17719.0,5743.0,1.0
mu[1968],-0.026,0.041,-0.102,0.052,0.0,0.001,16468.0,4993.0,1.0
mu[1969],-0.024,0.041,-0.102,0.053,0.0,0.001,17377.0,5661.0,1.0
mu[1970],-0.025,0.038,-0.093,0.048,0.0,0.0,17981.0,5679.0,1.0
mu[1971],-0.025,0.038,-0.093,0.048,0.0,0.0,17969.0,5633.0,1.0
mu[1972],-0.025,0.038,-0.094,0.047,0.0,0.0,17766.0,5527.0,1.0
mu[1973],-0.025,0.039,-0.096,0.048,0.0,0.0,17860.0,5781.0,1.0
mu[1974],-0.025,0.038,-0.094,0.047,0.0,0.0,17766.0,5527.0,1.0
mu[1975],-0.025,0.038,-0.093,0.048,0.0,0.0,17969.0,5633.0,1.0
mu[1976],-0.024,0.041,-0.101,0.054,0.0,0.001,17359.0,5725.0,1.0
mu[1977],-0.026,0.039,-0.099,0.047,0.0,0.001,17083.0,5276.0,1.0
mu[1978],-0.026,0.039,-0.099,0.047,0.0,0.001,17083.0,5276.0,1.0
mu[1979],-0.025,0.038,-0.095,0.045,0.0,0.0,17918.0,5506.0,1.0
mu[1980],-0.025,0.038,-0.095,0.045,0.0,0.0,17872.0,5485.0,1.0
mu[1981],-0.025,0.038,-0.095,0.046,0.0,0.0,18006.0,5647.0,1.0
mu[1982],-0.025,0.038,-0.095,0.046,0.0,0.0,18006.0,5647.0,1.0
mu[1983],-0.025,0.039,-0.097,0.047,0.0,0.0,17336.0,5229.0,1.0
mu[1984],-0.025,0.038,-0.094,0.046,0.0,0.0,17951.0,5539.0,1.0
mu[1985],-0.026,0.041,-0.101,0.053,0.0,0.001,16498.0,4913.0,1.0
mu[1986],-0.026,0.039,-0.099,0.047,0.0,0.001,17083.0,5276.0,1.0
mu[1987],-0.025,0.038,-0.094,0.047,0.0,0.0,17766.0,5527.0,1.0
mu[1988],-0.026,0.04,-0.101,0.048,0.0,0.001,16833.0,5258.0,1.0
mu[1989],-0.025,0.04,-0.099,0.049,0.0,0.001,17737.0,5671.0,1.0
mu[1990],-0.024,0.04,-0.099,0.052,0.0,0.001,17553.0,5787.0,1.0
mu[1991],-0.025,0.038,-0.096,0.046,0.0,0.0,17538.0,5484.0,1.0
mu[1992],-0.025,0.038,-0.096,0.045,0.0,0.0,17580.0,5600.0,1.0
mu[1993],-0.025,0.038,-0.095,0.046,0.0,0.0,17995.0,5557.0,1.0
mu[1994],-0.025,0.038,-0.093,0.048,0.0,0.0,17969.0,5633.0,1.0
mu[1995],-0.026,0.041,-0.101,0.053,0.0,0.001,16498.0,4913.0,1.0
mu[1996],-0.026,0.041,-0.1,0.053,0.0,0.001,16557.0,5009.0,1.0
mu[1997],-0.024,0.05,-0.119,0.069,0.0,0.001,15959.0,6075.0,1.0
mu[1998],-0.025,0.038,-0.093,0.048,0.0,0.0,17969.0,5633.0,1.0
mu[1999],-0.026,0.04,-0.101,0.051,0.0,0.001,16710.0,5199.0,1.0
mu[2000],-0.025,0.039,-0.098,0.047,0.0,0.001,17224.0,5210.0,1.0
mu[2001],-0.026,0.042,-0.108,0.052,0.0,0.001,16132.0,4926.0,1.0
mu[2002],-0.025,0.039,-0.097,0.047,0.0,0.0,17336.0,5229.0,1.0
mu[2003],-0.024,0.043,-0.103,0.057,0.0,0.001,17141.0,5681.0,1.0
mu[2004],-0.025,0.038,-0.094,0.046,0.0,0.0,17965.0,5551.0,1.0
mu[2005],-0.025,0.038,-0.096,0.044,0.0,0.0,17868.0,5485.0,1.0
mu[2006],-0.026,0.04,-0.101,0.048,0.0,0.001,16860.0,5240.0,1.0
mu[2007],-0.025,0.039,-0.097,0.05,0.0,0.0,17754.0,5757.0,1.0
mu[2008],-0.025,0.038,-0.093,0.048,0.0,0.0,17969.0,5633.0,1.0
mu[2009],-0.025,0.038,-0.095,0.046,0.0,0.0,17995.0,5557.0,1.0
mu[2010],-0.026,0.039,-0.099,0.047,0.0,0.001,17083.0,5276.0,1.0
mu[2011],-0.026,0.042,-0.102,0.056,0.0,0.001,16226.0,4862.0,1.0
mu[2012],-0.026,0.04,-0.101,0.05,0.0,0.001,16661.0,5180.0,1.0
mu[2013],-0.025,0.04,-0.097,0.05,0.0,0.001,17719.0,5743.0,1.0
mu[2014],-0.026,0.042,-0.102,0.055,0.0,0.001,16319.0,4831.0,1.0
mu[2015],-0.025,0.038,-0.097,0.045,0.0,0.0,17556.0,5484.0,1.0
mu[2016],-0.025,0.038,-0.093,0.048,0.0,0.0,17979.0,5690.0,1.0
mu[2017],-0.025,0.039,-0.097,0.047,0.0,0.0,17336.0,5229.0,1.0
mu[2018],-0.026,0.039,-0.099,0.047,0.0,0.001,17083.0,5276.0,1.0
mu[2019],-0.025,0.038,-0.094,0.047,0.0,0.0,17766.0,5527.0,1.0
mu[2020],-0.025,0.038,-0.095,0.045,0.0,0.0,17918.0,5506.0,1.0
mu[2021],-0.025,0.038,-0.096,0.045,0.0,0.0,17580.0,5600.0,1.0
mu[2022],-0.025,0.038,-0.094,0.047,0.0,0.0,17766.0,5527.0,1.0
mu[2023],-0.025,0.04,-0.099,0.049,0.0,0.001,17737.0,5671.0,1.0
mu[2024],-0.025,0.038,-0.096,0.047,0.0,0.0,17429.0,5254.0,1.0
mu[2025],-0.025,0.038,-0.094,0.047,0.0,0.0,17734.0,5526.0,1.0
mu[2026],-0.025,0.038,-0.093,0.048,0.0,0.0,17984.0,5709.0,1.0
mu[2027],-0.026,0.041,-0.101,0.051,0.0,0.001,16617.0,5092.0,1.0
mu[2028],-0.025,0.038,-0.096,0.046,0.0,0.0,17496.0,5288.0,1.0
mu[2029],-0.025,0.038,-0.096,0.045,0.0,0.0,17647.0,5623.0,1.0
mu[2030],-0.026,0.042,-0.102,0.056,0.0,0.001,16198.0,4846.0,1.0
mu[2031],-0.025,0.039,-0.097,0.047,0.0,0.0,17336.0,5229.0,1.0
mu[2032],-0.034,0.039,-0.107,0.037,0.0,0.001,16506.0,4787.0,1.0
mu[2033],-0.034,0.038,-0.106,0.037,0.0,0.001,16792.0,4745.0,1.0
mu[2034],-0.033,0.045,-0.118,0.05,0.0,0.001,14954.0,5061.0,1.0
mu[2035],-0.034,0.038,-0.106,0.037,0.0,0.001,17289.0,4843.0,1.0
mu[2036],-0.034,0.039,-0.107,0.038,0.0,0.001,16709.0,5033.0,1.0
mu[2037],-0.034,0.038,-0.106,0.037,0.0,0.001,16714.0,4664.0,1.0
mu[2038],-0.034,0.038,-0.106,0.036,0.0,0.001,17118.0,4838.0,1.0
mu[2039],-0.033,0.039,-0.107,0.037,0.0,0.001,16429.0,4774.0,1.0
mu[2040],-0.034,0.039,-0.107,0.038,0.0,0.001,16713.0,5126.0,1.0
mu[2041],-0.034,0.041,-0.11,0.045,0.0,0.001,16494.0,5592.0,1.0
mu[2042],-0.033,0.04,-0.106,0.042,0.0,0.001,15938.0,4938.0,1.0
mu[2043],-0.033,0.039,-0.108,0.039,0.0,0.001,16425.0,4952.0,1.0
mu[2044],-0.032,0.067,-0.155,0.094,0.001,0.001,13773.0,5612.0,1.0
mu[2045],-0.034,0.038,-0.107,0.037,0.0,0.001,16607.0,4614.0,1.0
mu[2046],-0.034,0.038,-0.106,0.036,0.0,0.001,17106.0,4808.0,1.0
mu[2047],-0.034,0.038,-0.105,0.037,0.0,0.001,16892.0,4662.0,1.0
mu[2048],-0.034,0.038,-0.106,0.037,0.0,0.001,16712.0,4657.0,1.0
mu[2049],-0.034,0.04,-0.11,0.039,0.0,0.001,16614.0,5166.0,1.0
mu[2050],-0.033,0.042,-0.112,0.046,0.0,0.001,15317.0,4796.0,1.0
mu[2051],-0.034,0.04,-0.11,0.04,0.0,0.001,16600.0,5403.0,1.0
mu[2052],-0.034,0.039,-0.107,0.037,0.0,0.001,16531.0,4545.0,1.0
mu[2053],-0.034,0.038,-0.106,0.036,0.0,0.001,16807.0,4774.0,1.0
mu[2054],-0.034,0.038,-0.107,0.037,0.0,0.001,16533.0,4545.0,1.0
mu[2055],-0.033,0.05,-0.129,0.06,0.0,0.001,14426.0,5210.0,1.0
mu[2056],-0.034,0.038,-0.103,0.039,0.0,0.001,17000.0,4770.0,1.0
mu[2057],-0.034,0.038,-0.107,0.037,0.0,0.001,16571.0,4628.0,1.0
mu[2058],-0.033,0.041,-0.111,0.041,0.0,0.001,15688.0,4992.0,1.0
mu[2059],-0.034,0.038,-0.107,0.037,0.0,0.001,16581.0,4571.0,1.0
mu[2060],-0.034,0.038,-0.106,0.037,0.0,0.001,16782.0,4760.0,1.0
mu[2061],-0.034,0.038,-0.105,0.036,0.0,0.001,17116.0,4817.0,1.0
mu[2062],-0.033,0.042,-0.113,0.043,0.0,0.001,15517.0,4749.0,1.0
mu[2063],-0.034,0.039,-0.108,0.039,0.0,0.001,16685.0,5144.0,1.0
mu[2064],-0.034,0.038,-0.105,0.038,0.0,0.001,16729.0,4922.0,1.0
mu[2065],-0.034,0.038,-0.106,0.037,0.0,0.001,16948.0,4709.0,1.0
mu[2066],-0.034,0.038,-0.105,0.037,0.0,0.001,16903.0,4676.0,1.0
mu[2067],-0.034,0.039,-0.107,0.038,0.0,0.001,16712.0,5126.0,1.0
mu[2068],-0.034,0.038,-0.105,0.037,0.0,0.001,17242.0,4923.0,1.0
mu[2069],-0.034,0.041,-0.11,0.044,0.0,0.001,16553.0,5433.0,1.0
mu[2070],-0.034,0.039,-0.108,0.039,0.0,0.001,16681.0,5178.0,1.0
mu[2071],-0.034,0.038,-0.106,0.036,0.0,0.001,16806.0,4774.0,1.0
mu[2072],-0.034,0.038,-0.107,0.037,0.0,0.001,16602.0,4576.0,1.0
mu[2073],-0.033,0.044,-0.113,0.051,0.0,0.001,15063.0,4884.0,1.0
mu[2074],-0.034,0.039,-0.108,0.038,0.0,0.001,16709.0,5126.0,1.0
mu[2075],-0.033,0.039,-0.108,0.039,0.0,0.001,16428.0,4953.0,1.0
mu[2076],-0.034,0.042,-0.11,0.047,0.0,0.001,16460.0,5472.0,1.0
mu[2077],-0.033,0.049,-0.128,0.056,0.0,0.001,14518.0,4949.0,1.0
mu[2078],-0.033,0.039,-0.107,0.037,0.0,0.001,16446.0,4730.0,1.0
mu[2079],-0.034,0.038,-0.105,0.037,0.0,0.001,16916.0,4696.0,1.0
mu[2080],-0.034,0.038,-0.106,0.036,0.0,0.001,17113.0,4831.0,1.0
mu[2081],-0.034,0.038,-0.106,0.037,0.0,0.001,17282.0,4844.0,1.0
mu[2082],-0.034,0.041,-0.11,0.044,0.0,0.001,16542.0,5512.0,1.0
mu[2083],-0.033,0.045,-0.116,0.055,0.0,0.001,14849.0,5179.0,1.0
mu[2084],-0.034,0.038,-0.103,0.039,0.0,0.001,16999.0,4799.0,1.0
mu[2085],-0.034,0.038,-0.104,0.038,0.0,0.001,17022.0,4794.0,1.0
mu[2086],-0.034,0.038,-0.103,0.039,0.0,0.001,16999.0,4799.0,1.0
mu[2087],-0.034,0.041,-0.112,0.041,0.0,0.001,16561.0,5405.0,1.0
mu[2088],-0.034,0.038,-0.104,0.039,0.0,0.001,16726.0,4930.0,1.0
mu[2089],-0.033,0.039,-0.107,0.037,0.0,0.001,16467.0,4730.0,1.0
mu[2090],-0.034,0.038,-0.105,0.038,0.0,0.001,16726.0,4954.0,1.0
mu[2091],-0.034,0.039,-0.108,0.037,0.0,0.001,16719.0,4982.0,1.0
mu[2092],-0.033,0.039,-0.109,0.038,0.0,0.001,16444.0,4836.0,1.0
mu[2093],-0.034,0.038,-0.106,0.036,0.0,0.001,17144.0,4852.0,1.0
mu[2094],-0.033,0.04,-0.107,0.042,0.0,0.001,15888.0,4993.0,1.0
mu[2095],-0.034,0.041,-0.11,0.044,0.0,0.001,16540.0,5512.0,1.0
mu[2096],-0.033,0.042,-0.112,0.044,0.0,0.001,15530.0,4748.0,1.0
mu[2097],-0.034,0.038,-0.106,0.037,0.0,0.001,16636.0,4743.0,1.0
mu[2098],-0.034,0.038,-0.107,0.037,0.0,0.001,16604.0,4614.0,1.0
mu[2099],-0.034,0.038,-0.106,0.036,0.0,0.001,17137.0,4852.0,1.0
mu[2100],-0.033,0.039,-0.108,0.037,0.0,0.001,16440.0,4882.0,1.0
mu[2101],-0.034,0.038,-0.106,0.036,0.0,0.001,17137.0,4852.0,1.0
mu[2102],-0.034,0.038,-0.107,0.037,0.0,0.001,16604.0,4614.0,1.0
mu[2103],-0.033,0.042,-0.113,0.043,0.0,0.001,15527.0,4749.0,1.0
mu[2104],-0.034,0.039,-0.107,0.039,0.0,0.001,16700.0,5233.0,1.0
mu[2105],-0.034,0.039,-0.107,0.039,0.0,0.001,16700.0,5233.0,1.0
mu[2106],-0.034,0.038,-0.103,0.039,0.0,0.001,17020.0,4799.0,1.0
mu[2107],-0.034,0.038,-0.104,0.038,0.0,0.001,17090.0,4831.0,1.0
mu[2108],-0.034,0.038,-0.106,0.037,0.0,0.001,16720.0,4664.0,1.0
mu[2109],-0.034,0.038,-0.106,0.037,0.0,0.001,16714.0,4664.0,1.0
mu[2110],-0.034,0.038,-0.105,0.039,0.0,0.001,16729.0,4930.0,1.0
mu[2111],-0.034,0.038,-0.105,0.037,0.0,0.001,16935.0,4725.0,1.0
mu[2112],-0.034,0.041,-0.11,0.044,0.0,0.001,16553.0,5433.0,1.0
mu[2113],-0.034,0.039,-0.107,0.039,0.0,0.001,16700.0,5233.0,1.0
mu[2114],-0.034,0.038,-0.106,0.036,0.0,0.001,17137.0,4852.0,1.0
mu[2115],-0.034,0.04,-0.109,0.039,0.0,0.001,16633.0,5075.0,1.0
mu[2116],-0.033,0.04,-0.108,0.041,0.0,0.001,15907.0,4973.0,1.0
mu[2117],-0.033,0.041,-0.111,0.041,0.0,0.001,15700.0,4960.0,1.0
mu[2118],-0.034,0.038,-0.105,0.038,0.0,0.001,17310.0,4844.0,1.0
mu[2119],-0.034,0.038,-0.106,0.037,0.0,0.001,17289.0,4843.0,1.0
mu[2120],-0.034,0.038,-0.106,0.037,0.0,0.001,16781.0,4760.0,1.0
mu[2121],-0.034,0.038,-0.107,0.037,0.0,0.001,16604.0,4614.0,1.0
mu[2122],-0.034,0.041,-0.11,0.044,0.0,0.001,16553.0,5433.0,1.0
mu[2123],-0.034,0.041,-0.112,0.041,0.0,0.001,16561.0,5405.0,1.0
mu[2124],-0.033,0.05,-0.128,0.06,0.0,0.001,14433.0,5193.0,1.0
mu[2125],-0.034,0.038,-0.107,0.037,0.0,0.001,16604.0,4614.0,1.0
mu[2126],-0.034,0.04,-0.11,0.04,0.0,0.001,16595.0,5441.0,1.0
mu[2127],-0.034,0.039,-0.107,0.038,0.0,0.001,16717.0,4951.0,1.0
mu[2128],-0.034,0.042,-0.111,0.049,0.0,0.001,16399.0,5531.0,1.0
mu[2129],-0.034,0.038,-0.105,0.039,0.0,0.001,16729.0,4930.0,1.0
mu[2130],-0.033,0.043,-0.111,0.05,0.0,0.001,15205.0,4849.0,1.0
mu[2131],-0.034,0.038,-0.106,0.036,0.0,0.001,16870.0,4662.0,1.0
mu[2132],-0.034,0.038,-0.104,0.038,0.0,0.001,17088.0,4941.0,1.0
mu[2133],-0.034,0.04,-0.109,0.039,0.0,0.001,16636.0,5074.0,1.0
mu[2134],-0.033,0.04,-0.106,0.042,0.0,0.001,15931.0,4938.0,1.0
mu[2135],-0.034,0.038,-0.107,0.037,0.0,0.001,16604.0,4614.0,1.0
mu[2136],-0.034,0.038,-0.106,0.037,0.0,0.001,16781.0,4760.0,1.0
mu[2137],-0.034,0.039,-0.107,0.039,0.0,0.001,16700.0,5233.0,1.0
mu[2138],-0.034,0.042,-0.111,0.047,0.0,0.001,16439.0,5432.0,1.0
mu[2139],-0.034,0.04,-0.111,0.041,0.0,0.001,16587.0,5412.0,1.0
mu[2140],-0.033,0.04,-0.108,0.041,0.0,0.001,15890.0,4993.0,1.0
mu[2141],-0.034,0.042,-0.11,0.046,0.0,0.001,16471.0,5511.0,1.0
mu[2142],-0.034,0.038,-0.105,0.038,0.0,0.001,17296.0,4860.0,1.0
mu[2143],-0.034,0.038,-0.106,0.038,0.0,0.001,16636.0,4626.0,1.0
mu[2144],-0.034,0.038,-0.105,0.039,0.0,0.001,16729.0,4930.0,1.0
mu[2145],-0.034,0.039,-0.107,0.039,0.0,0.001,16700.0,5233.0,1.0
mu[2146],-0.034,0.038,-0.106,0.036,0.0,0.001,17137.0,4852.0,1.0
mu[2147],-0.034,0.038,-0.103,0.039,0.0,0.001,17020.0,4799.0,1.0
mu[2148],-0.034,0.038,-0.106,0.037,0.0,0.001,17289.0,4843.0,1.0
mu[2149],-0.034,0.038,-0.106,0.036,0.0,0.001,17137.0,4852.0,1.0
mu[2150],-0.033,0.04,-0.108,0.041,0.0,0.001,15907.0,4973.0,1.0
mu[2151],-0.034,0.038,-0.106,0.038,0.0,0.001,16734.0,4988.0,1.0
mu[2152],-0.034,0.038,-0.107,0.035,0.0,0.001,17153.0,4774.0,1.0
mu[2153],-0.034,0.038,-0.106,0.037,0.0,0.001,16655.0,4728.0,1.0
mu[2154],-0.034,0.04,-0.111,0.041,0.0,0.001,16567.0,5328.0,1.0
mu[2155],-0.034,0.038,-0.105,0.038,0.0,0.001,16720.0,4954.0,1.0
mu[2156],-0.034,0.038,-0.106,0.037,0.0,0.001,17234.0,4892.0,1.0
mu[2157],-0.034,0.042,-0.111,0.047,0.0,0.001,16427.0,5420.0,1.0
mu[2158],-0.034,0.038,-0.105,0.039,0.0,0.001,16729.0,4930.0,1.0
mu[2159],-0.016,0.038,-0.088,0.055,0.0,0.0,16458.0,5360.0,1.0
mu[2160],-0.016,0.038,-0.085,0.057,0.0,0.0,16541.0,5107.0,1.0
mu[2161],-0.014,0.044,-0.096,0.07,0.0,0.001,15434.0,5758.0,1.0
mu[2162],-0.017,0.038,-0.085,0.057,0.0,0.0,16527.0,5409.0,1.0
mu[2163],-0.018,0.039,-0.087,0.057,0.0,0.0,16397.0,5628.0,1.0
mu[2164],-0.016,0.038,-0.085,0.056,0.0,0.0,16539.0,5181.0,1.0
mu[2165],-0.017,0.038,-0.082,0.059,0.0,0.0,16568.0,5744.0,1.0
mu[2166],-0.016,0.039,-0.088,0.055,0.0,0.0,16400.0,5483.0,1.0
mu[2167],-0.018,0.039,-0.088,0.057,0.0,0.0,16365.0,5691.0,1.0
mu[2168],-0.018,0.041,-0.095,0.058,0.0,0.0,16029.0,5506.0,1.0
mu[2169],-0.015,0.039,-0.088,0.059,0.0,0.0,16251.0,5298.0,1.0
mu[2170],-0.015,0.039,-0.089,0.058,0.0,0.0,16286.0,5411.0,1.0
mu[2171],-0.01,0.067,-0.137,0.116,0.001,0.001,13830.0,6106.0,1.0
mu[2172],-0.016,0.038,-0.086,0.057,0.0,0.0,16495.0,5219.0,1.0
mu[2173],-0.017,0.038,-0.082,0.059,0.0,0.0,16564.0,5727.0,1.0
mu[2174],-0.016,0.038,-0.082,0.058,0.0,0.0,16576.0,5185.0,1.0
mu[2175],-0.016,0.038,-0.085,0.056,0.0,0.0,16535.0,5181.0,1.0
mu[2176],-0.018,0.04,-0.091,0.057,0.0,0.0,16194.0,5613.0,1.0
mu[2177],-0.014,0.042,-0.09,0.066,0.0,0.001,15788.0,5494.0,1.0
mu[2178],-0.018,0.04,-0.092,0.057,0.0,0.0,16186.0,5512.0,1.0
mu[2179],-0.016,0.038,-0.087,0.056,0.0,0.0,16470.0,5385.0,1.0
mu[2180],-0.016,0.038,-0.082,0.059,0.0,0.0,16551.0,5088.0,1.0
mu[2181],-0.016,0.038,-0.087,0.056,0.0,0.0,16468.0,5385.0,1.0
mu[2182],-0.013,0.05,-0.106,0.082,0.0,0.001,14842.0,6152.0,1.0
mu[2183],-0.016,0.038,-0.083,0.058,0.0,0.0,16587.0,5394.0,1.0
mu[2184],-0.016,0.038,-0.087,0.055,0.0,0.0,16480.0,5237.0,1.0
mu[2185],-0.015,0.04,-0.088,0.063,0.0,0.0,16057.0,5622.0,1.0
mu[2186],-0.016,0.038,-0.087,0.055,0.0,0.0,16488.0,5237.0,1.0
mu[2187],-0.016,0.038,-0.084,0.057,0.0,0.0,16534.0,5072.0,1.0
mu[2188],-0.017,0.038,-0.082,0.059,0.0,0.0,16579.0,5727.0,1.0
mu[2189],-0.015,0.041,-0.091,0.064,0.0,0.001,15859.0,5638.0,1.0
mu[2190],-0.018,0.04,-0.088,0.058,0.0,0.0,16312.0,5822.0,1.0
mu[2191],-0.017,0.038,-0.087,0.056,0.0,0.0,16497.0,5658.0,1.0
mu[2192],-0.016,0.038,-0.082,0.059,0.0,0.0,16569.0,5220.0,1.0
mu[2193],-0.016,0.038,-0.082,0.058,0.0,0.0,16565.0,5185.0,1.0
mu[2194],-0.018,0.039,-0.088,0.057,0.0,0.0,16362.0,5670.0,1.0
mu[2195],-0.017,0.038,-0.084,0.057,0.0,0.0,16530.0,5447.0,1.0
mu[2196],-0.018,0.041,-0.094,0.057,0.0,0.0,16090.0,5477.0,1.0
mu[2197],-0.018,0.04,-0.088,0.059,0.0,0.0,16306.0,5822.0,1.0
mu[2198],-0.016,0.038,-0.082,0.059,0.0,0.0,16552.0,5088.0,1.0
mu[2199],-0.016,0.038,-0.088,0.055,0.0,0.0,16491.0,5184.0,1.0
mu[2200],-0.014,0.043,-0.095,0.067,0.0,0.001,15548.0,5629.0,1.0
mu[2201],-0.018,0.039,-0.087,0.058,0.0,0.0,16361.0,5691.0,1.0
mu[2202],-0.015,0.039,-0.088,0.058,0.0,0.0,16292.0,5430.0,1.0
mu[2203],-0.019,0.042,-0.095,0.06,0.0,0.001,15959.0,5619.0,1.0
mu[2204],-0.013,0.049,-0.102,0.081,0.0,0.001,14925.0,6215.0,1.0
mu[2205],-0.016,0.039,-0.088,0.055,0.0,0.0,16404.0,5483.0,1.0
mu[2206],-0.016,0.038,-0.082,0.059,0.0,0.0,16568.0,5185.0,1.0
mu[2207],-0.017,0.038,-0.081,0.059,0.0,0.0,16581.0,5569.0,1.0
mu[2208],-0.017,0.038,-0.085,0.057,0.0,0.0,16529.0,5428.0,1.0
mu[2209],-0.018,0.041,-0.094,0.057,0.0,0.0,16078.0,5437.0,1.0
mu[2210],-0.014,0.045,-0.093,0.076,0.0,0.001,15332.0,5869.0,1.0
mu[2211],-0.016,0.038,-0.083,0.058,0.0,0.0,16575.0,5394.0,1.0
mu[2212],-0.016,0.038,-0.083,0.058,0.0,0.0,16576.0,5413.0,1.0
mu[2213],-0.016,0.038,-0.083,0.058,0.0,0.0,16575.0,5394.0,1.0
mu[2214],-0.018,0.041,-0.093,0.058,0.0,0.0,16100.0,5367.0,1.0
mu[2215],-0.017,0.039,-0.087,0.056,0.0,0.0,16442.0,5518.0,1.0
mu[2216],-0.016,0.039,-0.088,0.055,0.0,0.0,16408.0,5502.0,1.0
mu[2217],-0.017,0.038,-0.086,0.056,0.0,0.0,16496.0,5534.0,1.0
mu[2218],-0.018,0.039,-0.087,0.057,0.0,0.0,16404.0,5649.0,1.0
mu[2219],-0.015,0.039,-0.085,0.06,0.0,0.0,16351.0,5254.0,1.0
mu[2220],-0.017,0.038,-0.083,0.058,0.0,0.0,16576.0,5659.0,1.0
mu[2221],-0.015,0.04,-0.088,0.06,0.0,0.0,16207.0,5334.0,1.0
mu[2222],-0.018,0.041,-0.094,0.058,0.0,0.0,16077.0,5437.0,1.0
mu[2223],-0.015,0.041,-0.09,0.064,0.0,0.001,15882.0,5565.0,1.0
mu[2224],-0.016,0.038,-0.086,0.057,0.0,0.0,16508.0,5147.0,1.0
mu[2225],-0.016,0.038,-0.086,0.057,0.0,0.0,16497.0,5166.0,1.0
mu[2226],-0.017,0.038,-0.083,0.058,0.0,0.0,16570.0,5727.0,1.0
mu[2227],-0.015,0.039,-0.089,0.056,0.0,0.0,16373.0,5358.0,1.0
mu[2228],-0.017,0.038,-0.083,0.058,0.0,0.0,16570.0,5727.0,1.0
mu[2229],-0.016,0.038,-0.086,0.057,0.0,0.0,16497.0,5166.0,1.0
mu[2230],-0.015,0.041,-0.091,0.064,0.0,0.001,15872.0,5596.0,1.0
mu[2231],-0.018,0.039,-0.088,0.058,0.0,0.0,16343.0,5822.0,1.0
mu[2232],-0.018,0.039,-0.088,0.058,0.0,0.0,16343.0,5822.0,1.0
mu[2233],-0.016,0.038,-0.083,0.058,0.0,0.0,16577.0,5394.0,1.0
mu[2234],-0.017,0.038,-0.083,0.058,0.0,0.0,16580.0,5621.0,1.0
mu[2235],-0.016,0.038,-0.085,0.057,0.0,0.0,16537.0,5164.0,1.0
mu[2236],-0.016,0.038,-0.085,0.056,0.0,0.0,16539.0,5181.0,1.0
mu[2237],-0.017,0.039,-0.087,0.056,0.0,0.0,16437.0,5526.0,1.0
mu[2238],-0.016,0.038,-0.082,0.059,0.0,0.0,16569.0,5184.0,1.0
mu[2239],-0.018,0.041,-0.094,0.057,0.0,0.0,16090.0,5477.0,1.0
mu[2240],-0.018,0.039,-0.088,0.058,0.0,0.0,16343.0,5822.0,1.0
mu[2241],-0.017,0.038,-0.083,0.058,0.0,0.0,16570.0,5727.0,1.0
mu[2242],-0.018,0.04,-0.092,0.056,0.0,0.0,16227.0,5754.0,1.0
mu[2243],-0.015,0.039,-0.088,0.06,0.0,0.0,16231.0,5279.0,1.0
mu[2244],-0.015,0.04,-0.088,0.063,0.0,0.0,16063.0,5632.0,1.0
mu[2245],-0.017,0.038,-0.085,0.057,0.0,0.0,16508.0,5543.0,1.0
mu[2246],-0.017,0.038,-0.085,0.057,0.0,0.0,16527.0,5409.0,1.0
mu[2247],-0.016,0.038,-0.084,0.057,0.0,0.0,16540.0,5107.0,1.0
mu[2248],-0.016,0.038,-0.086,0.057,0.0,0.0,16497.0,5166.0,1.0
mu[2249],-0.018,0.041,-0.094,0.057,0.0,0.0,16090.0,5477.0,1.0
mu[2250],-0.018,0.041,-0.093,0.058,0.0,0.0,16100.0,5367.0,1.0
mu[2251],-0.013,0.05,-0.105,0.082,0.0,0.001,14847.0,6152.0,1.0
mu[2252],-0.016,0.038,-0.086,0.057,0.0,0.0,16497.0,5166.0,1.0
mu[2253],-0.018,0.04,-0.092,0.057,0.0,0.0,16180.0,5543.0,1.0
mu[2254],-0.017,0.039,-0.089,0.056,0.0,0.0,16405.0,5627.0,1.0
mu[2255],-0.019,0.043,-0.096,0.061,0.0,0.001,15815.0,5815.0,1.0
mu[2256],-0.017,0.039,-0.087,0.056,0.0,0.0,16437.0,5526.0,1.0
mu[2257],-0.014,0.043,-0.092,0.067,0.0,0.001,15676.0,5658.0,1.0
mu[2258],-0.016,0.038,-0.082,0.059,0.0,0.0,16564.0,5219.0,1.0
mu[2259],-0.017,0.038,-0.082,0.059,0.0,0.0,16579.0,5611.0,1.0
mu[2260],-0.018,0.04,-0.089,0.058,0.0,0.0,16247.0,5755.0,1.0
mu[2261],-0.015,0.039,-0.088,0.059,0.0,0.0,16252.0,5298.0,1.0
mu[2262],-0.016,0.038,-0.086,0.057,0.0,0.0,16497.0,5166.0,1.0
mu[2263],-0.016,0.038,-0.084,0.057,0.0,0.0,16540.0,5107.0,1.0
mu[2264],-0.018,0.039,-0.088,0.058,0.0,0.0,16343.0,5822.0,1.0
mu[2265],-0.019,0.042,-0.096,0.06,0.0,0.001,15938.0,5727.0,1.0
mu[2266],-0.018,0.04,-0.092,0.057,0.0,0.0,16162.0,5522.0,1.0
mu[2267],-0.015,0.04,-0.088,0.06,0.0,0.0,16209.0,5334.0,1.0
mu[2268],-0.019,0.042,-0.097,0.058,0.0,0.001,15971.0,5558.0,1.0
mu[2269],-0.017,0.038,-0.085,0.057,0.0,0.0,16516.0,5527.0,1.0
mu[2270],-0.016,0.038,-0.085,0.057,0.0,0.0,16499.0,5219.0,1.0
mu[2271],-0.017,0.039,-0.087,0.056,0.0,0.0,16437.0,5526.0,1.0
mu[2272],-0.018,0.039,-0.088,0.058,0.0,0.0,16343.0,5822.0,1.0
mu[2273],-0.017,0.038,-0.083,0.058,0.0,0.0,16570.0,5727.0,1.0
mu[2274],-0.016,0.038,-0.083,0.058,0.0,0.0,16577.0,5394.0,1.0
mu[2275],-0.017,0.038,-0.085,0.057,0.0,0.0,16527.0,5409.0,1.0
mu[2276],-0.017,0.038,-0.083,0.058,0.0,0.0,16570.0,5727.0,1.0
mu[2277],-0.015,0.039,-0.088,0.06,0.0,0.0,16231.0,5279.0,1.0
mu[2278],-0.017,0.038,-0.087,0.056,0.0,0.0,16473.0,5607.0,1.0
mu[2279],-0.017,0.038,-0.083,0.059,0.0,0.0,16575.0,5595.0,1.0
mu[2280],-0.016,0.038,-0.085,0.057,0.0,0.0,16516.0,5199.0,1.0
mu[2281],-0.018,0.041,-0.092,0.058,0.0,0.0,16135.0,5453.0,1.0
mu[2282],-0.017,0.038,-0.086,0.056,0.0,0.0,16501.0,5523.0,1.0
mu[2283],-0.017,0.038,-0.084,0.057,0.0,0.0,16555.0,5570.0,1.0
mu[2284],-0.019,0.042,-0.096,0.06,0.0,0.001,15895.0,5815.0,1.0
mu[2285],-0.017,0.039,-0.087,0.056,0.0,0.0,16437.0,5526.0,1.0
mu[2286],-0.013,0.038,-0.086,0.056,0.0,0.001,16672.0,5578.0,1.0
mu[2287],-0.013,0.037,-0.083,0.057,0.0,0.001,16846.0,5648.0,1.0
mu[2288],-0.016,0.044,-0.101,0.065,0.0,0.001,15389.0,5635.0,1.0
mu[2289],-0.011,0.038,-0.081,0.062,0.0,0.001,16897.0,5539.0,1.0
mu[2290],-0.011,0.039,-0.085,0.061,0.0,0.001,16739.0,5670.0,1.0
mu[2291],-0.013,0.038,-0.084,0.055,0.0,0.001,16798.0,5670.0,1.0
mu[2292],-0.012,0.037,-0.082,0.059,0.0,0.001,16913.0,5557.0,1.0
mu[2293],-0.014,0.038,-0.086,0.057,0.0,0.001,16613.0,5476.0,1.0
mu[2294],-0.01,0.039,-0.084,0.062,0.0,0.001,16706.0,5588.0,1.0
mu[2295],-0.009,0.041,-0.091,0.065,0.0,0.001,16210.0,5594.0,1.0
mu[2296],-0.014,0.039,-0.087,0.059,0.0,0.001,16433.0,5556.0,1.0
mu[2297],-0.014,0.039,-0.087,0.057,0.0,0.001,16488.0,5556.0,1.0
mu[2298],-0.022,0.067,-0.148,0.103,0.001,0.001,13914.0,5881.0,1.0
mu[2299],-0.013,0.038,-0.086,0.055,0.0,0.001,16721.0,5525.0,1.0
mu[2300],-0.012,0.037,-0.082,0.06,0.0,0.001,16912.0,5502.0,1.0
mu[2301],-0.012,0.037,-0.082,0.058,0.0,0.001,16873.0,5683.0,1.0
mu[2302],-0.013,0.038,-0.085,0.055,0.0,0.001,16794.0,5649.0,1.0
mu[2303],-0.01,0.04,-0.085,0.065,0.0,0.001,16469.0,5465.0,1.0
mu[2304],-0.015,0.042,-0.093,0.064,0.0,0.001,15836.0,5514.0,1.0
mu[2305],-0.01,0.04,-0.087,0.064,0.0,0.001,16440.0,5448.0,1.0
mu[2306],-0.013,0.038,-0.086,0.056,0.0,0.001,16685.0,5516.0,1.0
mu[2307],-0.013,0.037,-0.086,0.054,0.0,0.001,16850.0,5669.0,1.0
mu[2308],-0.013,0.038,-0.085,0.056,0.0,0.001,16683.0,5537.0,1.0
mu[2309],-0.018,0.05,-0.112,0.078,0.0,0.001,14699.0,5644.0,1.0
mu[2310],-0.012,0.037,-0.081,0.059,0.0,0.001,16889.0,5668.0,1.0
mu[2311],-0.013,0.038,-0.085,0.056,0.0,0.001,16699.0,5565.0,1.0
mu[2312],-0.015,0.04,-0.091,0.06,0.0,0.001,16162.0,5454.0,1.0
mu[2313],-0.013,0.038,-0.086,0.055,0.0,0.001,16709.0,5537.0,1.0
mu[2314],-0.013,0.038,-0.083,0.057,0.0,0.001,16835.0,5648.0,1.0
mu[2315],-0.012,0.037,-0.082,0.059,0.0,0.001,16913.0,5543.0,1.0
mu[2316],-0.015,0.041,-0.093,0.062,0.0,0.001,15913.0,5513.0,1.0
mu[2317],-0.01,0.039,-0.083,0.064,0.0,0.001,16607.0,5629.0,1.0
mu[2318],-0.011,0.038,-0.082,0.061,0.0,0.001,16854.0,5545.0,1.0
mu[2319],-0.012,0.037,-0.081,0.059,0.0,0.001,16893.0,5640.0,1.0
mu[2320],-0.012,0.037,-0.081,0.059,0.0,0.001,16882.0,5662.0,1.0
mu[2321],-0.01,0.039,-0.084,0.062,0.0,0.001,16706.0,5588.0,1.0
mu[2322],-0.011,0.038,-0.081,0.061,0.0,0.001,16904.0,5565.0,1.0
mu[2323],-0.009,0.041,-0.086,0.068,0.0,0.001,16270.0,5508.0,1.0
mu[2324],-0.01,0.039,-0.083,0.064,0.0,0.001,16596.0,5589.0,1.0
mu[2325],-0.013,0.037,-0.086,0.054,0.0,0.001,16852.0,5669.0,1.0
mu[2326],-0.013,0.038,-0.086,0.055,0.0,0.001,16713.0,5537.0,1.0
mu[2327],-0.016,0.043,-0.099,0.065,0.0,0.001,15528.0,5553.0,1.0
mu[2328],-0.01,0.039,-0.083,0.063,0.0,0.001,16692.0,5588.0,1.0
mu[2329],-0.014,0.039,-0.087,0.057,0.0,0.001,16499.0,5556.0,1.0
mu[2330],-0.009,0.042,-0.085,0.072,0.0,0.001,16126.0,5596.0,1.0
mu[2331],-0.018,0.049,-0.113,0.073,0.0,0.001,14817.0,5606.0,1.0
mu[2332],-0.014,0.038,-0.086,0.057,0.0,0.001,16614.0,5496.0,1.0
mu[2333],-0.012,0.037,-0.081,0.059,0.0,0.001,16881.0,5669.0,1.0
mu[2334],-0.012,0.037,-0.082,0.059,0.0,0.001,16913.0,5646.0,1.0
mu[2335],-0.011,0.038,-0.081,0.061,0.0,0.001,16898.0,5560.0,1.0
mu[2336],-0.009,0.041,-0.088,0.067,0.0,0.001,16254.0,5612.0,1.0
mu[2337],-0.016,0.045,-0.102,0.068,0.0,0.001,15255.0,5612.0,1.0
mu[2338],-0.012,0.037,-0.088,0.053,0.0,0.001,16891.0,5626.0,1.0
mu[2339],-0.012,0.037,-0.082,0.059,0.0,0.001,16894.0,5585.0,1.0
mu[2340],-0.012,0.037,-0.088,0.053,0.0,0.001,16891.0,5626.0,1.0
mu[2341],-0.009,0.041,-0.086,0.068,0.0,0.001,16308.0,5510.0,1.0
mu[2342],-0.011,0.038,-0.082,0.061,0.0,0.001,16831.0,5679.0,1.0
mu[2343],-0.014,0.038,-0.085,0.057,0.0,0.001,16625.0,5457.0,1.0
mu[2344],-0.011,0.038,-0.083,0.061,0.0,0.001,16859.0,5540.0,1.0
mu[2345],-0.011,0.038,-0.083,0.062,0.0,0.001,16759.0,5670.0,1.0
mu[2346],-0.014,0.039,-0.087,0.057,0.0,0.001,16541.0,5474.0,1.0
mu[2347],-0.012,0.037,-0.082,0.06,0.0,0.001,16923.0,5604.0,1.0
mu[2348],-0.014,0.039,-0.09,0.057,0.0,0.001,16393.0,5554.0,1.0
mu[2349],-0.009,0.041,-0.088,0.067,0.0,0.001,16247.0,5612.0,1.0
mu[2350],-0.015,0.041,-0.092,0.062,0.0,0.001,15940.0,5534.0,1.0
mu[2351],-0.013,0.038,-0.085,0.055,0.0,0.001,16762.0,5545.0,1.0
mu[2352],-0.013,0.038,-0.086,0.055,0.0,0.001,16722.0,5525.0,1.0
mu[2353],-0.012,0.037,-0.083,0.059,0.0,0.001,16917.0,5584.0,1.0
mu[2354],-0.014,0.038,-0.086,0.057,0.0,0.001,16582.0,5475.0,1.0
mu[2355],-0.012,0.037,-0.083,0.059,0.0,0.001,16917.0,5584.0,1.0
mu[2356],-0.013,0.038,-0.086,0.055,0.0,0.001,16722.0,5525.0,1.0
mu[2357],-0.015,0.041,-0.092,0.063,0.0,0.001,15923.0,5555.0,1.0
mu[2358],-0.01,0.039,-0.084,0.063,0.0,0.001,16666.0,5630.0,1.0
mu[2359],-0.01,0.039,-0.084,0.063,0.0,0.001,16666.0,5630.0,1.0
mu[2360],-0.012,0.037,-0.088,0.053,0.0,0.001,16893.0,5626.0,1.0
mu[2361],-0.012,0.037,-0.082,0.059,0.0,0.001,16899.0,5558.0,1.0
mu[2362],-0.013,0.038,-0.084,0.055,0.0,0.001,16803.0,5670.0,1.0
mu[2363],-0.013,0.038,-0.084,0.055,0.0,0.001,16798.0,5670.0,1.0
mu[2364],-0.011,0.038,-0.082,0.061,0.0,0.001,16818.0,5638.0,1.0
mu[2365],-0.012,0.037,-0.081,0.059,0.0,0.001,16883.0,5661.0,1.0
mu[2366],-0.009,0.041,-0.086,0.068,0.0,0.001,16270.0,5508.0,1.0
mu[2367],-0.01,0.039,-0.084,0.063,0.0,0.001,16666.0,5630.0,1.0
mu[2368],-0.012,0.037,-0.083,0.059,0.0,0.001,16917.0,5584.0,1.0
mu[2369],-0.01,0.04,-0.085,0.065,0.0,0.001,16510.0,5507.0,1.0
mu[2370],-0.014,0.039,-0.09,0.056,0.0,0.001,16411.0,5555.0,1.0
mu[2371],-0.015,0.04,-0.092,0.059,0.0,0.001,16176.0,5455.0,1.0
mu[2372],-0.011,0.038,-0.083,0.06,0.0,0.001,16877.0,5560.0,1.0
mu[2373],-0.011,0.038,-0.081,0.062,0.0,0.001,16897.0,5539.0,1.0
mu[2374],-0.013,0.038,-0.083,0.056,0.0,0.001,16838.0,5648.0,1.0
mu[2375],-0.013,0.038,-0.086,0.055,0.0,0.001,16722.0,5525.0,1.0
mu[2376],-0.009,0.041,-0.086,0.068,0.0,0.001,16270.0,5508.0,1.0
mu[2377],-0.009,0.041,-0.086,0.068,0.0,0.001,16308.0,5510.0,1.0
mu[2378],-0.018,0.05,-0.112,0.078,0.0,0.001,14703.0,5644.0,1.0
mu[2379],-0.013,0.038,-0.086,0.055,0.0,0.001,16722.0,5525.0,1.0
mu[2380],-0.01,0.04,-0.086,0.065,0.0,0.001,16429.0,5429.0,1.0
mu[2381],-0.011,0.038,-0.083,0.062,0.0,0.001,16766.0,5732.0,1.0
mu[2382],-0.009,0.042,-0.087,0.073,0.0,0.001,16015.0,5615.0,1.0
mu[2383],-0.011,0.038,-0.082,0.061,0.0,0.001,16818.0,5638.0,1.0
mu[2384],-0.016,0.042,-0.092,0.068,0.0,0.001,15683.0,5494.0,1.0
mu[2385],-0.013,0.037,-0.086,0.054,0.0,0.001,16864.0,5690.0,1.0
mu[2386],-0.012,0.037,-0.082,0.059,0.0,0.001,16901.0,5537.0,1.0
mu[2387],-0.01,0.04,-0.085,0.065,0.0,0.001,16533.0,5548.0,1.0
mu[2388],-0.014,0.039,-0.088,0.058,0.0,0.001,16425.0,5556.0,1.0
mu[2389],-0.013,0.038,-0.086,0.055,0.0,0.001,16722.0,5525.0,1.0
mu[2390],-0.013,0.038,-0.083,0.056,0.0,0.001,16838.0,5648.0,1.0
mu[2391],-0.01,0.039,-0.084,0.063,0.0,0.001,16666.0,5630.0,1.0
mu[2392],-0.009,0.042,-0.087,0.072,0.0,0.001,16097.0,5554.0,1.0
mu[2393],-0.01,0.04,-0.086,0.065,0.0,0.001,16393.0,5469.0,1.0
mu[2394],-0.014,0.039,-0.091,0.056,0.0,0.001,16394.0,5554.0,1.0
mu[2395],-0.009,0.042,-0.085,0.072,0.0,0.001,16151.0,5595.0,1.0
mu[2396],-0.011,0.038,-0.082,0.061,0.0,0.001,16888.0,5519.0,1.0
mu[2397],-0.013,0.038,-0.085,0.056,0.0,0.001,16739.0,5565.0,1.0
mu[2398],-0.011,0.038,-0.082,0.061,0.0,0.001,16818.0,5638.0,1.0
mu[2399],-0.01,0.039,-0.084,0.063,0.0,0.001,16666.0,5630.0,1.0
mu[2400],-0.012,0.037,-0.083,0.059,0.0,0.001,16917.0,5584.0,1.0
mu[2401],-0.012,0.037,-0.088,0.053,0.0,0.001,16893.0,5626.0,1.0
mu[2402],-0.011,0.038,-0.081,0.062,0.0,0.001,16897.0,5539.0,1.0
mu[2403],-0.012,0.037,-0.083,0.059,0.0,0.001,16917.0,5584.0,1.0
mu[2404],-0.014,0.039,-0.09,0.056,0.0,0.001,16411.0,5555.0,1.0
mu[2405],-0.011,0.038,-0.082,0.061,0.0,0.001,16846.0,5575.0,1.0
mu[2406],-0.012,0.037,-0.081,0.06,0.0,0.001,16924.0,5625.0,1.0
mu[2407],-0.013,0.038,-0.084,0.056,0.0,0.001,16773.0,5586.0,1.0
mu[2408],-0.01,0.04,-0.088,0.065,0.0,0.001,16351.0,5534.0,1.0
mu[2409],-0.011,0.038,-0.084,0.06,0.0,0.001,16868.0,5520.0,1.0
mu[2410],-0.011,0.038,-0.081,0.061,0.0,0.001,16916.0,5524.0,1.0
mu[2411],-0.009,0.042,-0.086,0.072,0.0,0.001,16076.0,5594.0,1.0
mu[2412],-0.011,0.038,-0.082,0.061,0.0,0.001,16818.0,5638.0,1.0
mu[2413],-0.029,0.039,-0.101,0.046,0.0,0.001,18621.0,5165.0,1.0
mu[2414],-0.029,0.038,-0.101,0.045,0.0,0.001,19077.0,5204.0,1.0
mu[2415],-0.03,0.045,-0.113,0.055,0.0,0.001,16011.0,5412.0,1.0
mu[2416],-0.029,0.039,-0.102,0.044,0.0,0.001,19346.0,5524.0,1.0
mu[2417],-0.029,0.039,-0.104,0.045,0.0,0.001,18613.0,5473.0,1.0
mu[2418],-0.029,0.039,-0.099,0.047,0.0,0.001,18917.0,5212.0,1.0
mu[2419],-0.029,0.038,-0.1,0.045,0.0,0.001,19360.0,5395.0,1.0
mu[2420],-0.029,0.039,-0.101,0.047,0.0,0.001,18477.0,5197.0,1.0
mu[2421],-0.029,0.039,-0.101,0.049,0.0,0.001,18551.0,5593.0,1.0
mu[2422],-0.029,0.042,-0.107,0.051,0.0,0.001,17634.0,5494.0,1.0
mu[2423],-0.029,0.04,-0.107,0.045,0.0,0.001,18009.0,5107.0,1.0
mu[2424],-0.029,0.04,-0.1,0.05,0.0,0.001,18127.0,4924.0,1.0
mu[2425],-0.03,0.067,-0.157,0.096,0.001,0.001,13432.0,5973.0,1.0
mu[2426],-0.029,0.039,-0.099,0.048,0.0,0.001,18747.0,5228.0,1.0
mu[2427],-0.029,0.038,-0.101,0.044,0.0,0.001,19357.0,5443.0,1.0
mu[2428],-0.029,0.038,-0.098,0.047,0.0,0.001,19173.0,5249.0,1.0
mu[2429],-0.029,0.039,-0.098,0.048,0.0,0.001,18908.0,5212.0,1.0
mu[2430],-0.029,0.04,-0.103,0.051,0.0,0.001,18107.0,5540.0,1.0
mu[2431],-0.029,0.042,-0.111,0.048,0.0,0.001,16885.0,5298.0,1.0
mu[2432],-0.029,0.041,-0.103,0.052,0.0,0.001,18046.0,5535.0,1.0
mu[2433],-0.029,0.039,-0.1,0.047,0.0,0.001,18666.0,5153.0,1.0
mu[2434],-0.029,0.038,-0.1,0.045,0.0,0.001,19108.0,5221.0,1.0
mu[2435],-0.029,0.039,-0.1,0.047,0.0,0.001,18671.0,5153.0,1.0
mu[2436],-0.03,0.051,-0.123,0.066,0.0,0.001,14828.0,6094.0,1.0
mu[2437],-0.029,0.038,-0.101,0.043,0.0,0.001,19261.0,5276.0,1.0
mu[2438],-0.029,0.039,-0.1,0.047,0.0,0.001,18716.0,5190.0,1.0
mu[2439],-0.029,0.041,-0.107,0.048,0.0,0.001,17459.0,5330.0,1.0
mu[2440],-0.029,0.039,-0.099,0.047,0.0,0.001,18730.0,5190.0,1.0
mu[2441],-0.029,0.038,-0.098,0.048,0.0,0.001,19025.0,5203.0,1.0
mu[2442],-0.029,0.038,-0.1,0.044,0.0,0.001,19348.0,5444.0,1.0
mu[2443],-0.029,0.042,-0.108,0.05,0.0,0.001,17036.0,5123.0,1.0
mu[2444],-0.029,0.04,-0.101,0.05,0.0,0.001,18383.0,5501.0,1.0
mu[2445],-0.029,0.039,-0.102,0.045,0.0,0.001,19293.0,5458.0,1.0
mu[2446],-0.029,0.038,-0.098,0.047,0.0,0.001,19218.0,5295.0,1.0
mu[2447],-0.029,0.038,-0.098,0.047,0.0,0.001,19184.0,5277.0,1.0
mu[2448],-0.029,0.039,-0.101,0.049,0.0,0.001,18545.0,5593.0,1.0
mu[2449],-0.029,0.038,-0.101,0.045,0.0,0.001,19371.0,5596.0,1.0
mu[2450],-0.029,0.041,-0.106,0.051,0.0,0.001,17742.0,5425.0,1.0
mu[2451],-0.029,0.04,-0.107,0.044,0.0,0.001,18369.0,5501.0,1.0
mu[2452],-0.029,0.038,-0.1,0.046,0.0,0.001,19111.0,5221.0,1.0
mu[2453],-0.029,0.039,-0.099,0.047,0.0,0.001,18738.0,5190.0,1.0
mu[2454],-0.029,0.044,-0.11,0.055,0.0,0.001,16270.0,5389.0,1.0
mu[2455],-0.029,0.039,-0.101,0.049,0.0,0.001,18521.0,5593.0,1.0
mu[2456],-0.029,0.04,-0.1,0.051,0.0,0.001,18149.0,4955.0,1.0
mu[2457],-0.028,0.042,-0.105,0.055,0.0,0.001,17471.0,5462.0,1.0
mu[2458],-0.03,0.049,-0.124,0.06,0.0,0.001,15026.0,5977.0,1.0
mu[2459],-0.029,0.039,-0.101,0.047,0.0,0.001,18490.0,5197.0,1.0
mu[2460],-0.029,0.038,-0.099,0.047,0.0,0.001,19191.0,5277.0,1.0
mu[2461],-0.029,0.038,-0.101,0.043,0.0,0.001,19346.0,5424.0,1.0
mu[2462],-0.029,0.039,-0.101,0.045,0.0,0.001,19351.0,5505.0,1.0
mu[2463],-0.029,0.041,-0.107,0.05,0.0,0.001,17707.0,5425.0,1.0
mu[2464],-0.03,0.046,-0.116,0.055,0.0,0.001,15787.0,5582.0,1.0
mu[2465],-0.029,0.038,-0.101,0.043,0.0,0.001,19269.0,5295.0,1.0
mu[2466],-0.029,0.038,-0.101,0.043,0.0,0.001,19277.0,5350.0,1.0
mu[2467],-0.029,0.038,-0.101,0.043,0.0,0.001,19269.0,5295.0,1.0
mu[2468],-0.029,0.041,-0.106,0.05,0.0,0.001,17830.0,5555.0,1.0
mu[2469],-0.029,0.039,-0.102,0.046,0.0,0.001,18801.0,5576.0,1.0
mu[2470],-0.029,0.039,-0.101,0.047,0.0,0.001,18521.0,5179.0,1.0
mu[2471],-0.029,0.039,-0.101,0.046,0.0,0.001,19317.0,5496.0,1.0
mu[2472],-0.029,0.039,-0.103,0.046,0.0,0.001,18646.0,5473.0,1.0
mu[2473],-0.029,0.039,-0.101,0.049,0.0,0.001,18289.0,5141.0,1.0
mu[2474],-0.029,0.038,-0.1,0.045,0.0,0.001,19366.0,5339.0,1.0
mu[2475],-0.029,0.04,-0.107,0.045,0.0,0.001,17887.0,5185.0,1.0
mu[2476],-0.029,0.041,-0.107,0.05,0.0,0.001,17695.0,5474.0,1.0
mu[2477],-0.029,0.042,-0.108,0.05,0.0,0.001,17099.0,5103.0,1.0
mu[2478],-0.029,0.039,-0.1,0.046,0.0,0.001,18799.0,5211.0,1.0
mu[2479],-0.029,0.039,-0.099,0.047,0.0,0.001,18743.0,5228.0,1.0
mu[2480],-0.029,0.038,-0.1,0.045,0.0,0.001,19366.0,5376.0,1.0
mu[2481],-0.029,0.039,-0.101,0.048,0.0,0.001,18370.0,5059.0,1.0
mu[2482],-0.029,0.038,-0.1,0.045,0.0,0.001,19366.0,5376.0,1.0
mu[2483],-0.029,0.039,-0.099,0.047,0.0,0.001,18743.0,5228.0,1.0
mu[2484],-0.029,0.042,-0.108,0.05,0.0,0.001,17056.0,5124.0,1.0
mu[2485],-0.029,0.04,-0.104,0.046,0.0,0.001,18471.0,5490.0,1.0
mu[2486],-0.029,0.04,-0.104,0.046,0.0,0.001,18471.0,5490.0,1.0
mu[2487],-0.029,0.038,-0.101,0.043,0.0,0.001,19272.0,5295.0,1.0
mu[2488],-0.029,0.038,-0.101,0.043,0.0,0.001,19326.0,5445.0,1.0
mu[2489],-0.029,0.039,-0.099,0.047,0.0,0.001,18919.0,5212.0,1.0
mu[2490],-0.029,0.039,-0.099,0.047,0.0,0.001,18917.0,5212.0,1.0
mu[2491],-0.029,0.039,-0.102,0.045,0.0,0.001,18764.0,5564.0,1.0
mu[2492],-0.029,0.038,-0.099,0.047,0.0,0.001,19204.0,5276.0,1.0
mu[2493],-0.029,0.041,-0.106,0.051,0.0,0.001,17742.0,5425.0,1.0
mu[2494],-0.029,0.04,-0.104,0.046,0.0,0.001,18471.0,5490.0,1.0
mu[2495],-0.029,0.038,-0.1,0.045,0.0,0.001,19366.0,5376.0,1.0
mu[2496],-0.029,0.04,-0.109,0.045,0.0,0.001,18174.0,5557.0,1.0
mu[2497],-0.029,0.04,-0.107,0.045,0.0,0.001,17940.0,5189.0,1.0
mu[2498],-0.029,0.041,-0.102,0.053,0.0,0.001,17490.0,5330.0,1.0
mu[2499],-0.029,0.039,-0.1,0.046,0.0,0.001,19329.0,5595.0,1.0
mu[2500],-0.029,0.039,-0.102,0.044,0.0,0.001,19346.0,5524.0,1.0
mu[2501],-0.029,0.038,-0.098,0.048,0.0,0.001,19029.0,5186.0,1.0
mu[2502],-0.029,0.039,-0.099,0.047,0.0,0.001,18743.0,5228.0,1.0
mu[2503],-0.029,0.041,-0.106,0.051,0.0,0.001,17742.0,5425.0,1.0
mu[2504],-0.029,0.041,-0.106,0.05,0.0,0.001,17830.0,5555.0,1.0
mu[2505],-0.03,0.05,-0.122,0.067,0.0,0.001,14846.0,6058.0,1.0
mu[2506],-0.029,0.039,-0.099,0.047,0.0,0.001,18743.0,5228.0,1.0
mu[2507],-0.029,0.041,-0.108,0.046,0.0,0.001,18024.0,5402.0,1.0
mu[2508],-0.029,0.039,-0.103,0.046,0.0,0.001,18654.0,5483.0,1.0
mu[2509],-0.028,0.043,-0.108,0.054,0.0,0.001,17283.0,5380.0,1.0
mu[2510],-0.029,0.039,-0.102,0.045,0.0,0.001,18764.0,5564.0,1.0
mu[2511],-0.029,0.043,-0.107,0.055,0.0,0.001,16586.0,5381.0,1.0
mu[2512],-0.029,0.038,-0.1,0.046,0.0,0.001,19144.0,5212.0,1.0
mu[2513],-0.029,0.038,-0.101,0.043,0.0,0.001,19331.0,5445.0,1.0
mu[2514],-0.029,0.04,-0.108,0.044,0.0,0.001,18204.0,5547.0,1.0
mu[2515],-0.029,0.04,-0.107,0.045,0.0,0.001,17998.0,5107.0,1.0
mu[2516],-0.029,0.039,-0.099,0.047,0.0,0.001,18743.0,5228.0,1.0
mu[2517],-0.029,0.038,-0.098,0.048,0.0,0.001,19029.0,5186.0,1.0
mu[2518],-0.029,0.04,-0.104,0.046,0.0,0.001,18471.0,5490.0,1.0
mu[2519],-0.028,0.042,-0.105,0.056,0.0,0.001,17419.0,5498.0,1.0
mu[2520],-0.029,0.041,-0.105,0.05,0.0,0.001,17971.0,5570.0,1.0
mu[2521],-0.029,0.04,-0.106,0.045,0.0,0.001,17889.0,5185.0,1.0
mu[2522],-0.028,0.042,-0.103,0.056,0.0,0.001,17517.0,5463.0,1.0
mu[2523],-0.029,0.039,-0.101,0.045,0.0,0.001,19333.0,5575.0,1.0
mu[2524],-0.029,0.039,-0.1,0.047,0.0,0.001,18779.0,5211.0,1.0
mu[2525],-0.029,0.039,-0.102,0.045,0.0,0.001,18764.0,5564.0,1.0
mu[2526],-0.029,0.04,-0.104,0.046,0.0,0.001,18471.0,5490.0,1.0
mu[2527],-0.029,0.038,-0.1,0.045,0.0,0.001,19366.0,5376.0,1.0
mu[2528],-0.029,0.038,-0.101,0.043,0.0,0.001,19272.0,5295.0,1.0
mu[2529],-0.029,0.039,-0.102,0.044,0.0,0.001,19346.0,5524.0,1.0
mu[2530],-0.029,0.038,-0.1,0.045,0.0,0.001,19366.0,5376.0,1.0
mu[2531],-0.029,0.04,-0.107,0.045,0.0,0.001,17940.0,5189.0,1.0
mu[2532],-0.029,0.039,-0.103,0.044,0.0,0.001,18856.0,5496.0,1.0
mu[2533],-0.029,0.038,-0.1,0.045,0.0,0.001,19365.0,5366.0,1.0
mu[2534],-0.029,0.039,-0.1,0.047,0.0,0.001,18830.0,5211.0,1.0
mu[2535],-0.029,0.041,-0.105,0.05,0.0,0.001,17909.0,5596.0,1.0
mu[2536],-0.029,0.039,-0.101,0.046,0.0,0.001,19328.0,5401.0,1.0
mu[2537],-0.029,0.038,-0.1,0.045,0.0,0.001,19372.0,5515.0,1.0
mu[2538],-0.028,0.042,-0.108,0.053,0.0,0.001,17374.0,5400.0,1.0
mu[2539],-0.029,0.039,-0.102,0.045,0.0,0.001,18764.0,5564.0,1.0
mu[2540],-0.009,0.037,-0.076,0.062,0.0,0.0,18523.0,5865.0,1.0
mu[2541],-0.009,0.037,-0.077,0.06,0.0,0.0,18670.0,5537.0,1.0
mu[2542],-0.009,0.043,-0.087,0.072,0.0,0.001,17011.0,6407.0,1.0
mu[2543],-0.009,0.037,-0.077,0.064,0.0,0.0,18474.0,5544.0,1.0
mu[2544],-0.009,0.038,-0.08,0.063,0.0,0.001,18148.0,5687.0,1.0
mu[2545],-0.009,0.037,-0.077,0.061,0.0,0.0,18640.0,5579.0,1.0
mu[2546],-0.009,0.037,-0.078,0.06,0.0,0.0,18596.0,5327.0,1.0
mu[2547],-0.009,0.038,-0.077,0.062,0.0,0.0,18455.0,6005.0,1.0
mu[2548],-0.009,0.039,-0.081,0.063,0.0,0.001,18118.0,5646.0,1.0
mu[2549],-0.009,0.041,-0.085,0.069,0.0,0.001,17300.0,5898.0,1.0
mu[2550],-0.009,0.038,-0.078,0.064,0.0,0.001,18238.0,5940.0,1.0
mu[2551],-0.009,0.038,-0.077,0.064,0.0,0.001,18292.0,5939.0,1.0
mu[2552],-0.008,0.064,-0.127,0.114,0.001,0.001,15356.0,6342.0,1.0
mu[2553],-0.009,0.037,-0.076,0.062,0.0,0.0,18573.0,5732.0,1.0
mu[2554],-0.009,0.037,-0.079,0.06,0.0,0.0,18619.0,5366.0,1.0
mu[2555],-0.009,0.037,-0.077,0.061,0.0,0.0,18663.0,5461.0,1.0
mu[2556],-0.009,0.037,-0.077,0.06,0.0,0.0,18635.0,5579.0,1.0
mu[2557],-0.009,0.04,-0.084,0.064,0.0,0.001,17747.0,5943.0,1.0
mu[2558],-0.009,0.04,-0.083,0.068,0.0,0.001,17540.0,6173.0,1.0
mu[2559],-0.009,0.04,-0.084,0.065,0.0,0.001,17686.0,5836.0,1.0
mu[2560],-0.009,0.037,-0.075,0.063,0.0,0.0,18543.0,5798.0,1.0
mu[2561],-0.009,0.037,-0.077,0.06,0.0,0.0,18667.0,5500.0,1.0
mu[2562],-0.009,0.037,-0.076,0.063,0.0,0.0,18546.0,5798.0,1.0
mu[2563],-0.008,0.048,-0.095,0.084,0.0,0.001,16041.0,6272.0,1.0
mu[2564],-0.009,0.037,-0.078,0.06,0.0,0.0,18651.0,5534.0,1.0
mu[2565],-0.009,0.037,-0.076,0.063,0.0,0.0,18555.0,5754.0,1.0
mu[2566],-0.009,0.039,-0.08,0.066,0.0,0.001,17979.0,5897.0,1.0
mu[2567],-0.009,0.037,-0.076,0.062,0.0,0.0,18563.0,5754.0,1.0
mu[2568],-0.009,0.037,-0.077,0.06,0.0,0.0,18656.0,5497.0,1.0
mu[2569],-0.009,0.037,-0.078,0.06,0.0,0.0,18618.0,5340.0,1.0
mu[2570],-0.009,0.04,-0.086,0.064,0.0,0.001,17665.0,6125.0,1.0
mu[2571],-0.009,0.039,-0.081,0.064,0.0,0.001,17969.0,5745.0,1.0
mu[2572],-0.009,0.038,-0.079,0.062,0.0,0.0,18401.0,5583.0,1.0
mu[2573],-0.009,0.037,-0.077,0.06,0.0,0.0,18661.0,5497.0,1.0
mu[2574],-0.009,0.037,-0.077,0.061,0.0,0.0,18661.0,5441.0,1.0
mu[2575],-0.009,0.039,-0.081,0.063,0.0,0.001,18115.0,5646.0,1.0
mu[2576],-0.009,0.037,-0.076,0.064,0.0,0.0,18499.0,5559.0,1.0
mu[2577],-0.009,0.041,-0.083,0.069,0.0,0.001,17429.0,5874.0,1.0
mu[2578],-0.009,0.039,-0.082,0.064,0.0,0.001,17957.0,5745.0,1.0
mu[2579],-0.009,0.037,-0.077,0.06,0.0,0.0,18666.0,5481.0,1.0
mu[2580],-0.009,0.037,-0.076,0.062,0.0,0.0,18564.0,5754.0,1.0
mu[2581],-0.009,0.042,-0.086,0.07,0.0,0.001,17184.0,6342.0,1.0
mu[2582],-0.009,0.039,-0.081,0.063,0.0,0.001,18092.0,5709.0,1.0
mu[2583],-0.009,0.038,-0.077,0.064,0.0,0.001,18304.0,5939.0,1.0
mu[2584],-0.009,0.042,-0.084,0.073,0.0,0.001,17148.0,5951.0,1.0
mu[2585],-0.009,0.047,-0.094,0.081,0.0,0.001,16221.0,6046.0,1.0
mu[2586],-0.009,0.038,-0.077,0.062,0.0,0.0,18463.0,6005.0,1.0
mu[2587],-0.009,0.037,-0.077,0.06,0.0,0.0,18662.0,5440.0,1.0
mu[2588],-0.009,0.037,-0.078,0.06,0.0,0.0,18627.0,5341.0,1.0
mu[2589],-0.009,0.037,-0.077,0.063,0.0,0.0,18479.0,5541.0,1.0
mu[2590],-0.009,0.041,-0.084,0.069,0.0,0.001,17400.0,5878.0,1.0
mu[2591],-0.009,0.044,-0.087,0.075,0.0,0.001,16823.0,6238.0,1.0
mu[2592],-0.009,0.037,-0.076,0.062,0.0,0.0,18651.0,5517.0,1.0
mu[2593],-0.009,0.037,-0.078,0.059,0.0,0.0,18649.0,5478.0,1.0
mu[2594],-0.009,0.037,-0.076,0.062,0.0,0.0,18651.0,5517.0,1.0
mu[2595],-0.009,0.041,-0.082,0.069,0.0,0.001,17489.0,5941.0,1.0
mu[2596],-0.009,0.038,-0.079,0.063,0.0,0.0,18335.0,5602.0,1.0
mu[2597],-0.009,0.037,-0.077,0.062,0.0,0.0,18474.0,5980.0,1.0
mu[2598],-0.009,0.038,-0.079,0.062,0.0,0.0,18415.0,5583.0,1.0
mu[2599],-0.009,0.038,-0.08,0.063,0.0,0.001,18192.0,5730.0,1.0
mu[2600],-0.009,0.038,-0.077,0.063,0.0,0.0,18359.0,6008.0,1.0
mu[2601],-0.009,0.037,-0.078,0.061,0.0,0.0,18573.0,5310.0,1.0
mu[2602],-0.009,0.038,-0.078,0.064,0.0,0.001,18186.0,5893.0,1.0
mu[2603],-0.009,0.041,-0.084,0.069,0.0,0.001,17383.0,5811.0,1.0
mu[2604],-0.009,0.04,-0.085,0.064,0.0,0.001,17697.0,6053.0,1.0
mu[2605],-0.009,0.037,-0.076,0.062,0.0,0.0,18589.0,5776.0,1.0
mu[2606],-0.009,0.037,-0.076,0.062,0.0,0.0,18569.0,5732.0,1.0
mu[2607],-0.009,0.037,-0.078,0.061,0.0,0.0,18592.0,5291.0,1.0
mu[2608],-0.009,0.038,-0.077,0.062,0.0,0.0,18395.0,6030.0,1.0
mu[2609],-0.009,0.037,-0.078,0.061,0.0,0.0,18592.0,5291.0,1.0
mu[2610],-0.009,0.037,-0.076,0.062,0.0,0.0,18569.0,5732.0,1.0
mu[2611],-0.009,0.04,-0.086,0.064,0.0,0.001,17677.0,6125.0,1.0
mu[2612],-0.009,0.039,-0.082,0.063,0.0,0.001,18051.0,5628.0,1.0
mu[2613],-0.009,0.039,-0.082,0.063,0.0,0.001,18051.0,5628.0,1.0
mu[2614],-0.009,0.037,-0.078,0.06,0.0,0.0,18649.0,5517.0,1.0
mu[2615],-0.009,0.037,-0.078,0.06,0.0,0.0,18646.0,5398.0,1.0
mu[2616],-0.009,0.037,-0.077,0.061,0.0,0.0,18642.0,5579.0,1.0
mu[2617],-0.009,0.037,-0.077,0.061,0.0,0.0,18640.0,5579.0,1.0
mu[2618],-0.009,0.038,-0.078,0.065,0.0,0.001,18297.0,5685.0,1.0
mu[2619],-0.009,0.037,-0.077,0.06,0.0,0.0,18660.0,5497.0,1.0
mu[2620],-0.009,0.041,-0.083,0.069,0.0,0.001,17429.0,5874.0,1.0
mu[2621],-0.009,0.039,-0.082,0.063,0.0,0.001,18051.0,5628.0,1.0
mu[2622],-0.009,0.037,-0.078,0.061,0.0,0.0,18592.0,5291.0,1.0
mu[2623],-0.009,0.04,-0.083,0.064,0.0,0.001,17818.0,5856.0,1.0
mu[2624],-0.009,0.038,-0.078,0.064,0.0,0.001,18212.0,5894.0,1.0
mu[2625],-0.009,0.039,-0.08,0.066,0.0,0.001,17995.0,5893.0,1.0
mu[2626],-0.009,0.038,-0.075,0.066,0.0,0.0,18444.0,5544.0,1.0
mu[2627],-0.009,0.037,-0.077,0.064,0.0,0.0,18474.0,5544.0,1.0
mu[2628],-0.009,0.037,-0.077,0.06,0.0,0.0,18655.0,5497.0,1.0
mu[2629],-0.009,0.037,-0.076,0.062,0.0,0.0,18569.0,5732.0,1.0
mu[2630],-0.009,0.041,-0.083,0.069,0.0,0.001,17429.0,5874.0,1.0
mu[2631],-0.009,0.041,-0.082,0.069,0.0,0.001,17489.0,5941.0,1.0
mu[2632],-0.008,0.048,-0.095,0.084,0.0,0.001,16057.0,6272.0,1.0
mu[2633],-0.009,0.037,-0.076,0.062,0.0,0.0,18569.0,5732.0,1.0
mu[2634],-0.009,0.04,-0.083,0.067,0.0,0.001,17665.0,5903.0,1.0
mu[2635],-0.009,0.038,-0.079,0.063,0.0,0.001,18208.0,5796.0,1.0
mu[2636],-0.009,0.042,-0.086,0.074,0.0,0.001,16996.0,5995.0,1.0
mu[2637],-0.009,0.038,-0.078,0.065,0.0,0.001,18297.0,5685.0,1.0
mu[2638],-0.009,0.041,-0.084,0.069,0.0,0.001,17353.0,6353.0,1.0
mu[2639],-0.009,0.037,-0.077,0.06,0.0,0.0,18669.0,5403.0,1.0
mu[2640],-0.009,0.037,-0.078,0.06,0.0,0.0,18645.0,5379.0,1.0
mu[2641],-0.009,0.039,-0.083,0.064,0.0,0.001,17850.0,5834.0,1.0
mu[2642],-0.009,0.038,-0.078,0.064,0.0,0.001,18237.0,5916.0,1.0
mu[2643],-0.009,0.037,-0.076,0.062,0.0,0.0,18569.0,5732.0,1.0
mu[2644],-0.009,0.037,-0.077,0.06,0.0,0.0,18655.0,5497.0,1.0
mu[2645],-0.009,0.039,-0.082,0.063,0.0,0.001,18051.0,5628.0,1.0
mu[2646],-0.009,0.042,-0.084,0.073,0.0,0.001,17093.0,5998.0,1.0
mu[2647],-0.009,0.04,-0.083,0.067,0.0,0.001,17617.0,5950.0,1.0
mu[2648],-0.009,0.038,-0.078,0.064,0.0,0.001,18192.0,5893.0,1.0
mu[2649],-0.009,0.041,-0.083,0.073,0.0,0.001,17185.0,5926.0,1.0
mu[2650],-0.009,0.038,-0.075,0.066,0.0,0.0,18456.0,5545.0,1.0
mu[2651],-0.009,0.037,-0.076,0.062,0.0,0.0,18582.0,5755.0,1.0
mu[2652],-0.009,0.038,-0.078,0.065,0.0,0.001,18297.0,5685.0,1.0
mu[2653],-0.009,0.039,-0.082,0.063,0.0,0.001,18051.0,5628.0,1.0
mu[2654],-0.009,0.037,-0.078,0.061,0.0,0.0,18592.0,5291.0,1.0
mu[2655],-0.009,0.037,-0.078,0.06,0.0,0.0,18649.0,5517.0,1.0
mu[2656],-0.009,0.037,-0.077,0.064,0.0,0.0,18474.0,5544.0,1.0
mu[2657],-0.009,0.037,-0.078,0.061,0.0,0.0,18592.0,5291.0,1.0
mu[2658],-0.009,0.038,-0.078,0.064,0.0,0.001,18212.0,5894.0,1.0
mu[2659],-0.009,0.038,-0.078,0.063,0.0,0.0,18378.0,5603.0,1.0
mu[2660],-0.009,0.037,-0.078,0.061,0.0,0.0,18571.0,5273.0,1.0
mu[2661],-0.009,0.037,-0.076,0.062,0.0,0.0,18600.0,5703.0,1.0
mu[2662],-0.009,0.04,-0.082,0.069,0.0,0.001,17569.0,6063.0,1.0
mu[2663],-0.009,0.038,-0.079,0.062,0.0,0.0,18423.0,5584.0,1.0
mu[2664],-0.009,0.037,-0.078,0.061,0.0,0.0,18522.0,5479.0,1.0
mu[2665],-0.009,0.042,-0.085,0.073,0.0,0.001,17059.0,5995.0,1.0
mu[2666],-0.009,0.038,-0.078,0.065,0.0,0.001,18297.0,5685.0,1.0
mu[2667],-0.023,0.038,-0.093,0.047,0.0,0.001,17783.0,5072.0,1.0
mu[2668],-0.023,0.037,-0.091,0.047,0.0,0.001,18109.0,5109.0,1.0
mu[2669],-0.022,0.043,-0.105,0.056,0.0,0.001,15412.0,5250.0,1.0
mu[2670],-0.023,0.038,-0.093,0.045,0.0,0.001,18205.0,5048.0,1.0
mu[2671],-0.023,0.038,-0.096,0.046,0.0,0.001,17930.0,5432.0,1.0
mu[2672],-0.023,0.037,-0.092,0.047,0.0,0.001,18017.0,5142.0,1.0
mu[2673],-0.023,0.037,-0.094,0.044,0.0,0.001,18330.0,5194.0,1.0
mu[2674],-0.023,0.038,-0.092,0.05,0.0,0.001,17645.0,4965.0,1.0
mu[2675],-0.023,0.038,-0.097,0.045,0.0,0.001,17875.0,5354.0,1.0
mu[2676],-0.024,0.041,-0.1,0.053,0.0,0.001,16652.0,5733.0,1.0
mu[2677],-0.022,0.038,-0.094,0.049,0.0,0.001,17214.0,4887.0,1.0
mu[2678],-0.022,0.038,-0.094,0.049,0.0,0.001,17315.0,4952.0,1.0
mu[2679],-0.02,0.065,-0.136,0.105,0.001,0.001,13371.0,5936.0,1.0
mu[2680],-0.023,0.037,-0.09,0.049,0.0,0.001,17893.0,5281.0,1.0
mu[2681],-0.023,0.037,-0.093,0.044,0.0,0.001,18318.0,5195.0,1.0
mu[2682],-0.023,0.037,-0.09,0.048,0.0,0.001,18185.0,5247.0,1.0
mu[2683],-0.023,0.037,-0.092,0.047,0.0,0.001,18017.0,5121.0,1.0
mu[2684],-0.024,0.04,-0.099,0.049,0.0,0.001,17296.0,5724.0,1.0
mu[2685],-0.022,0.041,-0.097,0.055,0.0,0.001,16186.0,5072.0,1.0
mu[2686],-0.024,0.04,-0.098,0.05,0.0,0.001,17201.0,5668.0,1.0
mu[2687],-0.023,0.038,-0.09,0.051,0.0,0.001,17826.0,5126.0,1.0
mu[2688],-0.023,0.037,-0.091,0.047,0.0,0.001,18131.0,5125.0,1.0
mu[2689],-0.023,0.038,-0.09,0.051,0.0,0.001,17829.0,5126.0,1.0
mu[2690],-0.021,0.049,-0.11,0.073,0.0,0.001,14306.0,5640.0,1.0
mu[2691],-0.023,0.037,-0.09,0.047,0.0,0.001,18234.0,5230.0,1.0
mu[2692],-0.023,0.037,-0.093,0.047,0.0,0.001,17863.0,5213.0,1.0
mu[2693],-0.022,0.039,-0.098,0.049,0.0,0.001,16729.0,5166.0,1.0
mu[2694],-0.023,0.037,-0.09,0.05,0.0,0.001,17875.0,5248.0,1.0
mu[2695],-0.023,0.037,-0.091,0.047,0.0,0.001,18111.0,5075.0,1.0
mu[2696],-0.023,0.037,-0.093,0.044,0.0,0.001,18319.0,5248.0,1.0
mu[2697],-0.022,0.04,-0.099,0.052,0.0,0.001,16315.0,5106.0,1.0
mu[2698],-0.024,0.039,-0.098,0.047,0.0,0.001,17686.0,5474.0,1.0
mu[2699],-0.023,0.038,-0.093,0.046,0.0,0.001,18132.0,5132.0,1.0
mu[2700],-0.023,0.037,-0.089,0.048,0.0,0.001,18220.0,5283.0,1.0
mu[2701],-0.023,0.037,-0.09,0.048,0.0,0.001,18195.0,5212.0,1.0
mu[2702],-0.023,0.039,-0.097,0.045,0.0,0.001,17874.0,5354.0,1.0
mu[2703],-0.023,0.037,-0.093,0.045,0.0,0.001,18251.0,5049.0,1.0
mu[2704],-0.024,0.041,-0.099,0.052,0.0,0.001,16824.0,5866.0,1.0
mu[2705],-0.024,0.039,-0.098,0.047,0.0,0.001,17668.0,5474.0,1.0
mu[2706],-0.023,0.037,-0.091,0.047,0.0,0.001,18133.0,5123.0,1.0
mu[2707],-0.023,0.037,-0.09,0.05,0.0,0.001,17881.0,5248.0,1.0
mu[2708],-0.022,0.042,-0.101,0.057,0.0,0.001,15663.0,5047.0,1.0
mu[2709],-0.023,0.039,-0.095,0.048,0.0,0.001,17856.0,5328.0,1.0
mu[2710],-0.022,0.038,-0.093,0.049,0.0,0.001,17328.0,5011.0,1.0
mu[2711],-0.024,0.041,-0.101,0.053,0.0,0.001,16465.0,5734.0,1.0
mu[2712],-0.021,0.047,-0.114,0.064,0.0,0.001,14489.0,5634.0,1.0
mu[2713],-0.023,0.038,-0.092,0.05,0.0,0.001,17657.0,5030.0,1.0
mu[2714],-0.023,0.037,-0.09,0.048,0.0,0.001,18198.0,5211.0,1.0
mu[2715],-0.023,0.037,-0.09,0.047,0.0,0.001,18318.0,5194.0,1.0
mu[2716],-0.023,0.037,-0.093,0.045,0.0,0.001,18211.0,4983.0,1.0
mu[2717],-0.024,0.041,-0.1,0.052,0.0,0.001,16782.0,5867.0,1.0
mu[2718],-0.022,0.044,-0.103,0.061,0.0,0.001,15191.0,5433.0,1.0
mu[2719],-0.023,0.037,-0.09,0.047,0.0,0.001,18232.0,5282.0,1.0
mu[2720],-0.023,0.037,-0.09,0.047,0.0,0.001,18252.0,5304.0,1.0
mu[2721],-0.023,0.037,-0.09,0.047,0.0,0.001,18232.0,5282.0,1.0
mu[2722],-0.024,0.04,-0.098,0.052,0.0,0.001,16949.0,5866.0,1.0
mu[2723],-0.023,0.038,-0.094,0.046,0.0,0.001,18100.0,5186.0,1.0
mu[2724],-0.023,0.038,-0.092,0.049,0.0,0.001,17684.0,5049.0,1.0
mu[2725],-0.023,0.038,-0.093,0.046,0.0,0.001,18132.0,5151.0,1.0
mu[2726],-0.023,0.038,-0.096,0.046,0.0,0.001,17958.0,5412.0,1.0
mu[2727],-0.022,0.038,-0.093,0.049,0.0,0.001,17439.0,5001.0,1.0
mu[2728],-0.023,0.037,-0.093,0.044,0.0,0.001,18331.0,5138.0,1.0
mu[2729],-0.022,0.039,-0.094,0.05,0.0,0.001,17127.0,5107.0,1.0
mu[2730],-0.024,0.041,-0.1,0.052,0.0,0.001,16771.0,5808.0,1.0
mu[2731],-0.022,0.04,-0.099,0.051,0.0,0.001,16368.0,5140.0,1.0
mu[2732],-0.023,0.037,-0.09,0.049,0.0,0.001,17945.0,5115.0,1.0
mu[2733],-0.023,0.037,-0.09,0.049,0.0,0.001,17890.0,5281.0,1.0
mu[2734],-0.023,0.037,-0.093,0.044,0.0,0.001,18326.0,5210.0,1.0
mu[2735],-0.022,0.038,-0.093,0.049,0.0,0.001,17539.0,4989.0,1.0
mu[2736],-0.023,0.037,-0.093,0.044,0.0,0.001,18326.0,5210.0,1.0
mu[2737],-0.023,0.037,-0.09,0.049,0.0,0.001,17890.0,5281.0,1.0
mu[2738],-0.022,0.04,-0.099,0.051,0.0,0.001,16334.0,5106.0,1.0
mu[2739],-0.023,0.039,-0.098,0.046,0.0,0.001,17823.0,5323.0,1.0
mu[2740],-0.023,0.039,-0.098,0.046,0.0,0.001,17823.0,5323.0,1.0
mu[2741],-0.023,0.037,-0.09,0.047,0.0,0.001,18236.0,5282.0,1.0
mu[2742],-0.023,0.037,-0.09,0.047,0.0,0.001,18299.0,5303.0,1.0
mu[2743],-0.023,0.037,-0.092,0.047,0.0,0.001,18025.0,5142.0,1.0
mu[2744],-0.023,0.037,-0.092,0.047,0.0,0.001,18017.0,5142.0,1.0
mu[2745],-0.023,0.038,-0.094,0.047,0.0,0.001,18063.0,5192.0,1.0
mu[2746],-0.023,0.037,-0.089,0.048,0.0,0.001,18209.0,5266.0,1.0
mu[2747],-0.024,0.041,-0.099,0.052,0.0,0.001,16824.0,5866.0,1.0
mu[2748],-0.023,0.039,-0.098,0.046,0.0,0.001,17823.0,5323.0,1.0
mu[2749],-0.023,0.037,-0.093,0.044,0.0,0.001,18326.0,5210.0,1.0
mu[2750],-0.024,0.039,-0.099,0.048,0.0,0.001,17421.0,5703.0,1.0
mu[2751],-0.022,0.039,-0.094,0.05,0.0,0.001,17161.0,5084.0,1.0
mu[2752],-0.022,0.039,-0.095,0.051,0.0,0.001,16755.0,5158.0,1.0
mu[2753],-0.023,0.038,-0.092,0.046,0.0,0.001,18176.0,5152.0,1.0
mu[2754],-0.023,0.038,-0.093,0.045,0.0,0.001,18205.0,5048.0,1.0
mu[2755],-0.023,0.037,-0.091,0.047,0.0,0.001,18111.0,5075.0,1.0
mu[2756],-0.023,0.037,-0.09,0.049,0.0,0.001,17890.0,5281.0,1.0
mu[2757],-0.024,0.041,-0.099,0.052,0.0,0.001,16824.0,5866.0,1.0
mu[2758],-0.024,0.04,-0.098,0.052,0.0,0.001,16949.0,5866.0,1.0
mu[2759],-0.021,0.048,-0.111,0.072,0.0,0.001,14322.0,5619.0,1.0
mu[2760],-0.023,0.037,-0.09,0.049,0.0,0.001,17890.0,5281.0,1.0
mu[2761],-0.024,0.04,-0.098,0.05,0.0,0.001,17169.0,5647.0,1.0
mu[2762],-0.023,0.038,-0.094,0.048,0.0,0.001,17966.0,5412.0,1.0
mu[2763],-0.024,0.042,-0.103,0.054,0.0,0.001,16175.0,5549.0,1.0
mu[2764],-0.023,0.038,-0.094,0.047,0.0,0.001,18063.0,5192.0,1.0
mu[2765],-0.022,0.041,-0.1,0.055,0.0,0.001,15933.0,5062.0,1.0
mu[2766],-0.023,0.037,-0.09,0.047,0.0,0.001,18161.0,5194.0,1.0
mu[2767],-0.023,0.037,-0.09,0.047,0.0,0.001,18303.0,5303.0,1.0
mu[2768],-0.024,0.039,-0.099,0.048,0.0,0.001,17463.0,5703.0,1.0
mu[2769],-0.022,0.038,-0.095,0.049,0.0,0.001,17211.0,4975.0,1.0
mu[2770],-0.023,0.037,-0.09,0.049,0.0,0.001,17890.0,5281.0,1.0
mu[2771],-0.023,0.037,-0.091,0.047,0.0,0.001,18111.0,5075.0,1.0
mu[2772],-0.023,0.039,-0.098,0.046,0.0,0.001,17823.0,5323.0,1.0
mu[2773],-0.024,0.042,-0.101,0.054,0.0,0.001,16407.0,5642.0,1.0
mu[2774],-0.024,0.04,-0.099,0.05,0.0,0.001,17119.0,5711.0,1.0
mu[2775],-0.022,0.039,-0.094,0.05,0.0,0.001,17127.0,5090.0,1.0
mu[2776],-0.024,0.041,-0.1,0.054,0.0,0.001,16524.0,5670.0,1.0
mu[2777],-0.023,0.038,-0.092,0.046,0.0,0.001,18189.0,5015.0,1.0
mu[2778],-0.023,0.037,-0.091,0.049,0.0,0.001,17926.0,5271.0,1.0
mu[2779],-0.023,0.038,-0.094,0.047,0.0,0.001,18063.0,5192.0,1.0
mu[2780],-0.023,0.039,-0.098,0.046,0.0,0.001,17823.0,5323.0,1.0
mu[2781],-0.023,0.037,-0.093,0.044,0.0,0.001,18326.0,5210.0,1.0
mu[2782],-0.023,0.037,-0.09,0.047,0.0,0.001,18236.0,5282.0,1.0
mu[2783],-0.023,0.038,-0.093,0.045,0.0,0.001,18205.0,5048.0,1.0
mu[2784],-0.023,0.037,-0.093,0.044,0.0,0.001,18326.0,5210.0,1.0
mu[2785],-0.022,0.039,-0.094,0.05,0.0,0.001,17161.0,5084.0,1.0
mu[2786],-0.023,0.038,-0.094,0.046,0.0,0.001,18143.0,5098.0,1.0
mu[2787],-0.023,0.037,-0.093,0.044,0.0,0.001,18329.0,5207.0,1.0
mu[2788],-0.023,0.037,-0.09,0.049,0.0,0.001,17965.0,5132.0,1.0
mu[2789],-0.024,0.04,-0.098,0.052,0.0,0.001,17042.0,5821.0,1.0
mu[2790],-0.023,0.038,-0.093,0.046,0.0,0.001,18148.0,5167.0,1.0
mu[2791],-0.023,0.037,-0.091,0.046,0.0,0.001,18271.0,4999.0,1.0
mu[2792],-0.024,0.042,-0.102,0.054,0.0,0.001,16335.0,5572.0,1.0
mu[2793],-0.023,0.038,-0.094,0.047,0.0,0.001,18063.0,5192.0,1.0
mu[2794],-0.036,0.038,-0.106,0.039,0.0,0.0,18643.0,5634.0,1.0
mu[2795],-0.036,0.037,-0.109,0.033,0.0,0.0,19415.0,5589.0,1.0
mu[2796],-0.035,0.044,-0.122,0.043,0.0,0.001,17197.0,6032.0,1.0
mu[2797],-0.037,0.038,-0.108,0.035,0.0,0.0,17679.0,5978.0,1.0
mu[2798],-0.037,0.039,-0.109,0.037,0.0,0.0,16784.0,6492.0,1.0
mu[2799],-0.036,0.038,-0.109,0.034,0.0,0.0,18695.0,5549.0,1.0
mu[2800],-0.037,0.037,-0.107,0.035,0.0,0.0,18343.0,5667.0,1.0
mu[2801],-0.036,0.038,-0.105,0.039,0.0,0.0,18600.0,5742.0,1.0
mu[2802],-0.037,0.039,-0.11,0.036,0.0,0.0,16678.0,6472.0,1.0
mu[2803],-0.038,0.041,-0.114,0.041,0.0,0.0,15612.0,6321.0,1.0
mu[2804],-0.036,0.039,-0.107,0.04,0.0,0.0,18413.0,5702.0,1.0
mu[2805],-0.036,0.039,-0.108,0.038,0.0,0.0,18460.0,5618.0,1.0
mu[2806],-0.033,0.066,-0.153,0.096,0.001,0.001,15035.0,6328.0,1.0
mu[2807],-0.036,0.038,-0.111,0.033,0.0,0.0,18677.0,5718.0,1.0
mu[2808],-0.037,0.037,-0.106,0.036,0.0,0.0,18439.0,5629.0,1.0
mu[2809],-0.037,0.037,-0.108,0.034,0.0,0.0,19169.0,5521.0,1.0
mu[2810],-0.036,0.038,-0.109,0.034,0.0,0.0,18694.0,5572.0,1.0
mu[2811],-0.038,0.04,-0.111,0.04,0.0,0.0,16008.0,6347.0,1.0
mu[2812],-0.035,0.041,-0.113,0.043,0.0,0.001,17780.0,5798.0,1.0
mu[2813],-0.038,0.04,-0.111,0.04,0.0,0.0,15931.0,6321.0,1.0
mu[2814],-0.036,0.038,-0.105,0.039,0.0,0.0,18654.0,5634.0,1.0
mu[2815],-0.036,0.037,-0.109,0.033,0.0,0.0,19369.0,5551.0,1.0
mu[2816],-0.036,0.038,-0.105,0.039,0.0,0.0,18651.0,5634.0,1.0
mu[2817],-0.034,0.05,-0.13,0.056,0.0,0.001,16279.0,6207.0,1.0
mu[2818],-0.037,0.037,-0.107,0.034,0.0,0.0,18930.0,5645.0,1.0
mu[2819],-0.036,0.038,-0.111,0.033,0.0,0.0,18667.0,5718.0,1.0
mu[2820],-0.036,0.04,-0.111,0.04,0.0,0.001,18155.0,5596.0,1.0
mu[2821],-0.036,0.038,-0.111,0.033,0.0,0.0,18667.0,5718.0,1.0
mu[2822],-0.036,0.037,-0.109,0.034,0.0,0.0,19479.0,5589.0,1.0
mu[2823],-0.037,0.037,-0.106,0.035,0.0,0.0,18515.0,5670.0,1.0
mu[2824],-0.036,0.041,-0.112,0.042,0.0,0.001,17879.0,5734.0,1.0
mu[2825],-0.037,0.039,-0.114,0.035,0.0,0.0,16389.0,6400.0,1.0
mu[2826],-0.037,0.038,-0.11,0.033,0.0,0.0,17437.0,6125.0,1.0
mu[2827],-0.037,0.037,-0.107,0.034,0.0,0.0,19062.0,5667.0,1.0
mu[2828],-0.037,0.037,-0.107,0.034,0.0,0.0,19136.0,5541.0,1.0
mu[2829],-0.037,0.039,-0.11,0.036,0.0,0.0,16673.0,6472.0,1.0
mu[2830],-0.037,0.038,-0.107,0.035,0.0,0.0,17808.0,6025.0,1.0
mu[2831],-0.038,0.041,-0.112,0.04,0.0,0.0,15714.0,6375.0,1.0
mu[2832],-0.037,0.039,-0.114,0.034,0.0,0.0,16366.0,6427.0,1.0
mu[2833],-0.036,0.037,-0.109,0.033,0.0,0.0,19371.0,5551.0,1.0
mu[2834],-0.036,0.038,-0.111,0.033,0.0,0.0,18668.0,5676.0,1.0
mu[2835],-0.035,0.043,-0.118,0.044,0.0,0.001,17392.0,6106.0,1.0
mu[2836],-0.037,0.039,-0.11,0.037,0.0,0.0,16642.0,6455.0,1.0
mu[2837],-0.036,0.039,-0.108,0.038,0.0,0.0,18474.0,5577.0,1.0
mu[2838],-0.038,0.042,-0.118,0.038,0.0,0.0,15496.0,6325.0,1.0
mu[2839],-0.035,0.048,-0.129,0.053,0.0,0.001,16430.0,6076.0,1.0
mu[2840],-0.036,0.038,-0.105,0.039,0.0,0.0,18608.0,5742.0,1.0
mu[2841],-0.037,0.037,-0.107,0.035,0.0,0.0,19119.0,5566.0,1.0
mu[2842],-0.037,0.037,-0.107,0.035,0.0,0.0,18565.0,5670.0,1.0
mu[2843],-0.037,0.038,-0.108,0.035,0.0,0.0,17701.0,5977.0,1.0
mu[2844],-0.038,0.041,-0.113,0.04,0.0,0.0,15686.0,6375.0,1.0
mu[2845],-0.035,0.045,-0.124,0.044,0.0,0.001,17016.0,5847.0,1.0
mu[2846],-0.037,0.037,-0.107,0.034,0.0,0.0,18909.0,5645.0,1.0
mu[2847],-0.037,0.037,-0.107,0.034,0.0,0.0,18858.0,5561.0,1.0
mu[2848],-0.037,0.037,-0.107,0.034,0.0,0.0,18909.0,5645.0,1.0
mu[2849],-0.038,0.041,-0.113,0.04,0.0,0.0,15776.0,6349.0,1.0
mu[2850],-0.037,0.038,-0.111,0.033,0.0,0.0,17228.0,6125.0,1.0
mu[2851],-0.036,0.038,-0.105,0.039,0.0,0.0,18614.0,5699.0,1.0
mu[2852],-0.037,0.038,-0.111,0.033,0.0,0.0,17462.0,6201.0,1.0
mu[2853],-0.037,0.039,-0.109,0.036,0.0,0.0,16853.0,6406.0,1.0
mu[2854],-0.036,0.038,-0.107,0.039,0.0,0.0,18528.0,5598.0,1.0
mu[2855],-0.037,0.037,-0.106,0.036,0.0,0.0,18243.0,5642.0,1.0
mu[2856],-0.036,0.039,-0.108,0.04,0.0,0.0,18360.0,5743.0,1.0
mu[2857],-0.038,0.041,-0.113,0.04,0.0,0.0,15676.0,6376.0,1.0
mu[2858],-0.036,0.041,-0.113,0.041,0.0,0.001,17917.0,5735.0,1.0
mu[2859],-0.036,0.038,-0.11,0.034,0.0,0.0,18686.0,5719.0,1.0
mu[2860],-0.036,0.038,-0.111,0.033,0.0,0.0,18679.0,5718.0,1.0
mu[2861],-0.037,0.037,-0.107,0.035,0.0,0.0,18308.0,5664.0,1.0
mu[2862],-0.036,0.038,-0.106,0.038,0.0,0.0,18554.0,5700.0,1.0
mu[2863],-0.037,0.037,-0.107,0.035,0.0,0.0,18308.0,5664.0,1.0
mu[2864],-0.036,0.038,-0.111,0.033,0.0,0.0,18679.0,5718.0,1.0
mu[2865],-0.036,0.041,-0.112,0.042,0.0,0.001,17890.0,5734.0,1.0
mu[2866],-0.037,0.039,-0.11,0.037,0.0,0.0,16552.0,6482.0,1.0
mu[2867],-0.037,0.039,-0.11,0.037,0.0,0.0,16552.0,6482.0,1.0
mu[2868],-0.037,0.037,-0.107,0.034,0.0,0.0,18897.0,5583.0,1.0
mu[2869],-0.037,0.037,-0.107,0.034,0.0,0.0,18700.0,5583.0,1.0
mu[2870],-0.036,0.038,-0.109,0.034,0.0,0.0,18702.0,5549.0,1.0
mu[2871],-0.036,0.038,-0.109,0.034,0.0,0.0,18695.0,5549.0,1.0
mu[2872],-0.037,0.038,-0.109,0.036,0.0,0.0,17125.0,6203.0,1.0
mu[2873],-0.037,0.037,-0.107,0.034,0.0,0.0,19091.0,5604.0,1.0
mu[2874],-0.038,0.041,-0.112,0.04,0.0,0.0,15714.0,6375.0,1.0
mu[2875],-0.037,0.039,-0.11,0.037,0.0,0.0,16552.0,6482.0,1.0
mu[2876],-0.037,0.037,-0.107,0.035,0.0,0.0,18308.0,5664.0,1.0
mu[2877],-0.038,0.04,-0.117,0.033,0.0,0.0,16108.0,6374.0,1.0
mu[2878],-0.036,0.039,-0.108,0.039,0.0,0.0,18392.0,5744.0,1.0
mu[2879],-0.036,0.04,-0.111,0.04,0.0,0.001,18161.0,5596.0,1.0
mu[2880],-0.037,0.038,-0.109,0.035,0.0,0.0,17577.0,6009.0,1.0
mu[2881],-0.037,0.038,-0.108,0.035,0.0,0.0,17679.0,5978.0,1.0
mu[2882],-0.036,0.037,-0.109,0.034,0.0,0.0,19465.0,5589.0,1.0
mu[2883],-0.036,0.038,-0.111,0.033,0.0,0.0,18679.0,5718.0,1.0
mu[2884],-0.038,0.041,-0.112,0.04,0.0,0.0,15714.0,6375.0,1.0
mu[2885],-0.038,0.041,-0.113,0.04,0.0,0.0,15776.0,6349.0,1.0
mu[2886],-0.034,0.049,-0.13,0.056,0.0,0.001,16291.0,6107.0,1.0
mu[2887],-0.036,0.038,-0.111,0.033,0.0,0.0,18679.0,5718.0,1.0
mu[2888],-0.038,0.04,-0.11,0.041,0.0,0.0,15914.0,6268.0,1.0
mu[2889],-0.037,0.038,-0.113,0.033,0.0,0.0,16882.0,6433.0,1.0
mu[2890],-0.038,0.042,-0.119,0.039,0.0,0.0,15325.0,6386.0,1.0
mu[2891],-0.037,0.038,-0.109,0.036,0.0,0.0,17125.0,6203.0,1.0
mu[2892],-0.035,0.042,-0.116,0.043,0.0,0.001,17604.0,5865.0,1.0
mu[2893],-0.037,0.037,-0.108,0.034,0.0,0.0,19248.0,5626.0,1.0
mu[2894],-0.037,0.037,-0.107,0.034,0.0,0.0,18675.0,5603.0,1.0
mu[2895],-0.038,0.04,-0.111,0.039,0.0,0.0,16151.0,6443.0,1.0
mu[2896],-0.036,0.039,-0.107,0.04,0.0,0.0,18408.0,5723.0,1.0
mu[2897],-0.036,0.038,-0.111,0.033,0.0,0.0,18679.0,5718.0,1.0
mu[2898],-0.036,0.037,-0.109,0.034,0.0,0.0,19465.0,5589.0,1.0
mu[2899],-0.037,0.039,-0.11,0.037,0.0,0.0,16552.0,6482.0,1.0
mu[2900],-0.038,0.042,-0.115,0.042,0.0,0.0,15448.0,6297.0,1.0
mu[2901],-0.038,0.04,-0.111,0.041,0.0,0.0,15878.0,6347.0,1.0
mu[2902],-0.036,0.039,-0.108,0.04,0.0,0.0,18359.0,5743.0,1.0
mu[2903],-0.038,0.042,-0.117,0.038,0.0,0.0,15528.0,6378.0,1.0
mu[2904],-0.037,0.038,-0.108,0.035,0.0,0.0,17604.0,6009.0,1.0
mu[2905],-0.036,0.038,-0.11,0.033,0.0,0.0,18681.0,5718.0,1.0
mu[2906],-0.037,0.038,-0.109,0.036,0.0,0.0,17125.0,6203.0,1.0
mu[2907],-0.037,0.039,-0.11,0.037,0.0,0.0,16552.0,6482.0,1.0
mu[2908],-0.037,0.037,-0.107,0.035,0.0,0.0,18308.0,5664.0,1.0
mu[2909],-0.037,0.037,-0.107,0.034,0.0,0.0,18897.0,5583.0,1.0
mu[2910],-0.037,0.038,-0.108,0.035,0.0,0.0,17679.0,5978.0,1.0
mu[2911],-0.037,0.037,-0.107,0.035,0.0,0.0,18308.0,5664.0,1.0
mu[2912],-0.036,0.039,-0.108,0.039,0.0,0.0,18392.0,5744.0,1.0
mu[2913],-0.037,0.038,-0.11,0.033,0.0,0.0,17363.0,6151.0,1.0
mu[2914],-0.037,0.037,-0.106,0.036,0.0,0.0,18195.0,5563.0,1.0
mu[2915],-0.036,0.038,-0.111,0.032,0.0,0.0,18691.0,5697.0,1.0
mu[2916],-0.038,0.04,-0.111,0.04,0.0,0.0,15841.0,6428.0,1.0
mu[2917],-0.037,0.038,-0.111,0.033,0.0,0.0,17505.0,6131.0,1.0
mu[2918],-0.037,0.038,-0.106,0.036,0.0,0.0,17917.0,5905.0,1.0
mu[2919],-0.038,0.042,-0.115,0.042,0.0,0.0,15409.0,6297.0,1.0
mu[2920],-0.037,0.038,-0.109,0.036,0.0,0.0,17125.0,6203.0,1.0
mu[2921],-0.023,0.038,-0.092,0.051,0.0,0.0,15854.0,5455.0,1.0
mu[2922],-0.024,0.038,-0.092,0.049,0.0,0.0,16118.0,5518.0,1.0
mu[2923],-0.018,0.044,-0.1,0.066,0.0,0.001,14377.0,6423.0,1.0
mu[2924],-0.026,0.038,-0.098,0.043,0.0,0.0,16296.0,5834.0,1.0
mu[2925],-0.027,0.039,-0.1,0.046,0.0,0.0,16144.0,5857.0,1.0
mu[2926],-0.023,0.038,-0.094,0.047,0.0,0.0,16039.0,5302.0,1.0
mu[2927],-0.025,0.038,-0.097,0.044,0.0,0.0,16290.0,5596.0,1.0
mu[2928],-0.022,0.038,-0.092,0.051,0.0,0.0,15783.0,5613.0,1.0
mu[2929],-0.027,0.039,-0.1,0.045,0.0,0.0,16129.0,5879.0,1.0
mu[2930],-0.029,0.042,-0.107,0.049,0.0,0.0,15276.0,6088.0,1.0
mu[2931],-0.022,0.039,-0.095,0.052,0.0,0.0,15510.0,5591.0,1.0
mu[2932],-0.022,0.039,-0.092,0.053,0.0,0.0,15580.0,5610.0,1.0
mu[2933],-0.01,0.067,-0.129,0.12,0.001,0.001,13064.0,6361.0,1.0
mu[2934],-0.023,0.038,-0.093,0.049,0.0,0.0,15924.0,5475.0,1.0
mu[2935],-0.025,0.038,-0.093,0.048,0.0,0.0,16273.0,5575.0,1.0
mu[2936],-0.024,0.038,-0.095,0.046,0.0,0.0,16184.0,5508.0,1.0
mu[2937],-0.023,0.038,-0.094,0.047,0.0,0.0,16038.0,5302.0,1.0
mu[2938],-0.028,0.04,-0.102,0.049,0.0,0.0,15594.0,5852.0,1.0
mu[2939],-0.02,0.042,-0.094,0.062,0.0,0.0,14828.0,6187.0,1.0
mu[2940],-0.028,0.04,-0.103,0.049,0.0,0.0,15553.0,5944.0,1.0
mu[2941],-0.023,0.038,-0.094,0.049,0.0,0.0,15873.0,5436.0,1.0
mu[2942],-0.024,0.038,-0.094,0.047,0.0,0.0,16139.0,5537.0,1.0
mu[2943],-0.023,0.038,-0.094,0.049,0.0,0.0,15875.0,5436.0,1.0
mu[2944],-0.016,0.05,-0.108,0.078,0.0,0.001,13747.0,6286.0,1.0
mu[2945],-0.024,0.038,-0.096,0.045,0.0,0.0,16229.0,5631.0,1.0
mu[2946],-0.023,0.038,-0.094,0.049,0.0,0.0,15893.0,5494.0,1.0
mu[2947],-0.021,0.04,-0.094,0.056,0.0,0.0,15172.0,5599.0,1.0
mu[2948],-0.023,0.038,-0.093,0.049,0.0,0.0,15907.0,5475.0,1.0
mu[2949],-0.024,0.038,-0.094,0.047,0.0,0.0,16094.0,5497.0,1.0
mu[2950],-0.025,0.038,-0.096,0.045,0.0,0.0,16267.0,5576.0,1.0
mu[2951],-0.02,0.041,-0.094,0.06,0.0,0.0,14911.0,6067.0,1.0
mu[2952],-0.027,0.04,-0.101,0.047,0.0,0.0,16062.0,5853.0,1.0
mu[2953],-0.026,0.038,-0.097,0.045,0.0,0.0,16275.0,5790.0,1.0
mu[2954],-0.024,0.038,-0.094,0.047,0.0,0.0,16211.0,5548.0,1.0
mu[2955],-0.024,0.038,-0.095,0.046,0.0,0.0,16190.0,5508.0,1.0
mu[2956],-0.027,0.039,-0.1,0.045,0.0,0.0,16126.0,5880.0,1.0
mu[2957],-0.026,0.038,-0.097,0.044,0.0,0.0,16292.0,5790.0,1.0
mu[2958],-0.029,0.041,-0.106,0.049,0.0,0.0,15364.0,6016.0,1.0
mu[2959],-0.027,0.04,-0.101,0.047,0.0,0.0,16056.0,5898.0,1.0
mu[2960],-0.024,0.038,-0.094,0.047,0.0,0.0,16140.0,5537.0,1.0
mu[2961],-0.023,0.038,-0.093,0.049,0.0,0.0,15911.0,5475.0,1.0
mu[2962],-0.019,0.043,-0.098,0.065,0.0,0.001,14514.0,6289.0,1.0
mu[2963],-0.027,0.039,-0.101,0.045,0.0,0.0,16117.0,5857.0,1.0
mu[2964],-0.022,0.039,-0.092,0.053,0.0,0.0,15592.0,5570.0,1.0
mu[2965],-0.029,0.042,-0.106,0.052,0.0,0.0,15164.0,6040.0,1.0
mu[2966],-0.016,0.049,-0.106,0.076,0.0,0.001,13858.0,6448.0,1.0
mu[2967],-0.022,0.038,-0.091,0.052,0.0,0.0,15788.0,5593.0,1.0
mu[2968],-0.024,0.038,-0.095,0.046,0.0,0.0,16193.0,5508.0,1.0
mu[2969],-0.025,0.038,-0.096,0.045,0.0,0.0,16263.0,5638.0,1.0
mu[2970],-0.026,0.038,-0.098,0.043,0.0,0.0,16292.0,5812.0,1.0
mu[2971],-0.029,0.041,-0.106,0.049,0.0,0.0,15342.0,6039.0,1.0
mu[2972],-0.018,0.045,-0.102,0.067,0.0,0.001,14252.0,6371.0,1.0
mu[2973],-0.024,0.038,-0.096,0.045,0.0,0.0,16230.0,5631.0,1.0
mu[2974],-0.024,0.038,-0.096,0.045,0.0,0.0,16238.0,5638.0,1.0
mu[2975],-0.024,0.038,-0.096,0.045,0.0,0.0,16230.0,5631.0,1.0
mu[2976],-0.028,0.041,-0.106,0.048,0.0,0.0,15415.0,5922.0,1.0
mu[2977],-0.026,0.038,-0.098,0.045,0.0,0.0,16230.0,5746.0,1.0
mu[2978],-0.022,0.038,-0.092,0.051,0.0,0.0,15806.0,5655.0,1.0
mu[2979],-0.026,0.038,-0.097,0.045,0.0,0.0,16280.0,5811.0,1.0
mu[2980],-0.027,0.039,-0.1,0.045,0.0,0.0,16165.0,5811.0,1.0
mu[2981],-0.022,0.039,-0.092,0.053,0.0,0.0,15678.0,5570.0,1.0
mu[2982],-0.025,0.038,-0.098,0.043,0.0,0.0,16288.0,5574.0,1.0
mu[2983],-0.021,0.039,-0.095,0.052,0.0,0.0,15429.0,5551.0,1.0
mu[2984],-0.029,0.041,-0.107,0.049,0.0,0.0,15333.0,6064.0,1.0
mu[2985],-0.02,0.041,-0.094,0.059,0.0,0.0,14941.0,6042.0,1.0
mu[2986],-0.023,0.038,-0.094,0.048,0.0,0.0,15963.0,5415.0,1.0
mu[2987],-0.023,0.038,-0.093,0.049,0.0,0.0,15924.0,5475.0,1.0
mu[2988],-0.025,0.038,-0.098,0.043,0.0,0.0,16290.0,5575.0,1.0
mu[2989],-0.022,0.038,-0.092,0.052,0.0,0.0,15706.0,5529.0,1.0
mu[2990],-0.025,0.038,-0.098,0.043,0.0,0.0,16290.0,5575.0,1.0
mu[2991],-0.023,0.038,-0.093,0.049,0.0,0.0,15924.0,5475.0,1.0
mu[2992],-0.02,0.041,-0.094,0.059,0.0,0.0,14923.0,6068.0,1.0
mu[2993],-0.027,0.039,-0.101,0.046,0.0,0.0,16115.0,5875.0,1.0
mu[2994],-0.027,0.039,-0.101,0.046,0.0,0.0,16115.0,5875.0,1.0
mu[2995],-0.024,0.038,-0.096,0.045,0.0,0.0,16230.0,5631.0,1.0
mu[2996],-0.025,0.038,-0.093,0.047,0.0,0.0,16251.0,5637.0,1.0
mu[2997],-0.023,0.038,-0.094,0.047,0.0,0.0,16042.0,5302.0,1.0
mu[2998],-0.023,0.038,-0.094,0.047,0.0,0.0,16039.0,5302.0,1.0
mu[2999],-0.026,0.039,-0.098,0.045,0.0,0.0,16206.0,5788.0,1.0
mu[3000],-0.024,0.038,-0.095,0.046,0.0,0.0,16203.0,5568.0,1.0
mu[3001],-0.029,0.041,-0.106,0.049,0.0,0.0,15364.0,6016.0,1.0
mu[3002],-0.027,0.039,-0.101,0.046,0.0,0.0,16115.0,5875.0,1.0
mu[3003],-0.025,0.038,-0.098,0.043,0.0,0.0,16290.0,5575.0,1.0
mu[3004],-0.028,0.04,-0.102,0.048,0.0,0.0,15982.0,5830.0,1.0
mu[3005],-0.021,0.039,-0.094,0.053,0.0,0.0,15458.0,5591.0,1.0
mu[3006],-0.021,0.04,-0.095,0.055,0.0,0.0,15189.0,5717.0,1.0
mu[3007],-0.026,0.038,-0.097,0.045,0.0,0.0,16285.0,5879.0,1.0
mu[3008],-0.026,0.038,-0.098,0.043,0.0,0.0,16296.0,5834.0,1.0
mu[3009],-0.024,0.038,-0.095,0.046,0.0,0.0,16100.0,5497.0,1.0
mu[3010],-0.023,0.038,-0.093,0.049,0.0,0.0,15924.0,5475.0,1.0
mu[3011],-0.029,0.041,-0.106,0.049,0.0,0.0,15364.0,6016.0,1.0
mu[3012],-0.028,0.041,-0.106,0.048,0.0,0.0,15415.0,5922.0,1.0
mu[3013],-0.016,0.05,-0.106,0.08,0.0,0.001,13754.0,6286.0,1.0
mu[3014],-0.023,0.038,-0.093,0.049,0.0,0.0,15924.0,5475.0,1.0
mu[3015],-0.028,0.041,-0.102,0.05,0.0,0.0,15539.0,5944.0,1.0
mu[3016],-0.027,0.039,-0.1,0.045,0.0,0.0,16170.0,5879.0,1.0
mu[3017],-0.029,0.043,-0.108,0.052,0.0,0.001,15050.0,6070.0,1.0
mu[3018],-0.026,0.039,-0.098,0.045,0.0,0.0,16206.0,5788.0,1.0
mu[3019],-0.019,0.042,-0.096,0.062,0.0,0.001,14676.0,6087.0,1.0
mu[3020],-0.024,0.038,-0.094,0.046,0.0,0.0,16166.0,5558.0,1.0
mu[3021],-0.025,0.038,-0.096,0.045,0.0,0.0,16249.0,5638.0,1.0
mu[3022],-0.028,0.04,-0.102,0.048,0.0,0.0,15996.0,5808.0,1.0
mu[3023],-0.022,0.039,-0.094,0.052,0.0,0.0,15505.0,5591.0,1.0
mu[3024],-0.023,0.038,-0.093,0.049,0.0,0.0,15924.0,5475.0,1.0
mu[3025],-0.024,0.038,-0.095,0.046,0.0,0.0,16100.0,5497.0,1.0
mu[3026],-0.027,0.039,-0.101,0.046,0.0,0.0,16115.0,5875.0,1.0
mu[3027],-0.029,0.042,-0.107,0.052,0.0,0.0,15128.0,6064.0,1.0
mu[3028],-0.028,0.041,-0.103,0.049,0.0,0.0,15504.0,5992.0,1.0
mu[3029],-0.021,0.039,-0.095,0.052,0.0,0.0,15431.0,5551.0,1.0
mu[3030],-0.029,0.042,-0.105,0.052,0.0,0.0,15190.0,6064.0,1.0
mu[3031],-0.026,0.038,-0.099,0.044,0.0,0.0,16289.0,5833.0,1.0
mu[3032],-0.023,0.038,-0.093,0.049,0.0,0.0,15947.0,5494.0,1.0
mu[3033],-0.026,0.039,-0.098,0.045,0.0,0.0,16206.0,5788.0,1.0
mu[3034],-0.027,0.039,-0.101,0.046,0.0,0.0,16115.0,5875.0,1.0
mu[3035],-0.025,0.038,-0.098,0.043,0.0,0.0,16290.0,5575.0,1.0
mu[3036],-0.024,0.038,-0.096,0.045,0.0,0.0,16230.0,5631.0,1.0
mu[3037],-0.026,0.038,-0.098,0.043,0.0,0.0,16296.0,5834.0,1.0
mu[3038],-0.025,0.038,-0.098,0.043,0.0,0.0,16290.0,5575.0,1.0
mu[3039],-0.021,0.039,-0.094,0.053,0.0,0.0,15458.0,5591.0,1.0
mu[3040],-0.026,0.038,-0.099,0.044,0.0,0.0,16256.0,5725.0,1.0
mu[3041],-0.025,0.038,-0.098,0.043,0.0,0.0,16297.0,5617.0,1.0
mu[3042],-0.023,0.038,-0.094,0.048,0.0,0.0,15983.0,5434.0,1.0
mu[3043],-0.028,0.041,-0.103,0.05,0.0,0.0,15463.0,6039.0,1.0
mu[3044],-0.026,0.038,-0.096,0.046,0.0,0.0,16285.0,5834.0,1.0
mu[3045],-0.025,0.038,-0.097,0.044,0.0,0.0,16297.0,5743.0,1.0
mu[3046],-0.029,0.043,-0.107,0.052,0.0,0.0,15103.0,6088.0,1.0
mu[3047],-0.026,0.039,-0.098,0.045,0.0,0.0,16206.0,5788.0,1.0
mu[3048],0.0,0.038,-0.071,0.071,0.0,0.001,14335.0,4943.0,1.0
mu[3049],0.0,0.038,-0.068,0.072,0.0,0.001,14462.0,5318.0,1.0
mu[3050],0.0,0.044,-0.081,0.083,0.0,0.001,13839.0,5359.0,1.0
mu[3051],0.0,0.038,-0.075,0.067,0.0,0.001,14576.0,5477.0,1.0
mu[3052],0.0,0.039,-0.073,0.071,0.0,0.001,14545.0,5519.0,1.0
mu[3053],0.0,0.038,-0.067,0.073,0.0,0.001,14425.0,5093.0,1.0
mu[3054],0.0,0.038,-0.072,0.067,0.0,0.001,14541.0,5586.0,1.0
mu[3055],0.0,0.038,-0.072,0.071,0.0,0.001,14320.0,4973.0,1.0
mu[3056],0.0,0.039,-0.073,0.072,0.0,0.001,14544.0,5581.0,1.0
mu[3057],0.0,0.041,-0.079,0.076,0.0,0.001,14476.0,5835.0,1.0
mu[3058],0.0,0.039,-0.075,0.07,0.0,0.001,14203.0,4825.0,1.0
mu[3059],0.0,0.039,-0.074,0.071,0.0,0.001,14242.0,4912.0,1.0
mu[3060],0.001,0.066,-0.117,0.13,0.001,0.001,13039.0,6194.0,1.0
mu[3061],0.0,0.038,-0.068,0.073,0.0,0.001,14382.0,5033.0,1.0
mu[3062],0.0,0.038,-0.072,0.068,0.0,0.001,14542.0,5544.0,1.0
mu[3063],0.0,0.038,-0.071,0.068,0.0,0.001,14478.0,5238.0,1.0
mu[3064],0.0,0.038,-0.067,0.073,0.0,0.001,14421.0,5093.0,1.0
mu[3065],0.0,0.04,-0.074,0.076,0.0,0.001,14488.0,5838.0,1.0
mu[3066],0.0,0.041,-0.075,0.08,0.0,0.001,13973.0,5173.0,1.0
mu[3067],0.0,0.04,-0.075,0.076,0.0,0.001,14488.0,5862.0,1.0
mu[3068],0.0,0.038,-0.071,0.071,0.0,0.001,14348.0,4943.0,1.0
mu[3069],0.0,0.038,-0.068,0.072,0.0,0.001,14470.0,5293.0,1.0
mu[3070],0.0,0.038,-0.071,0.071,0.0,0.001,14349.0,4943.0,1.0
mu[3071],0.0,0.049,-0.09,0.095,0.0,0.001,13549.0,5687.0,1.0
mu[3072],0.0,0.037,-0.072,0.067,0.0,0.001,14497.0,5348.0,1.0
mu[3073],0.0,0.038,-0.068,0.074,0.0,0.001,14347.0,4959.0,1.0
mu[3074],0.0,0.04,-0.073,0.075,0.0,0.001,14082.0,4889.0,1.0
mu[3075],0.0,0.038,-0.068,0.073,0.0,0.001,14354.0,5016.0,1.0
mu[3076],0.0,0.038,-0.067,0.073,0.0,0.001,14454.0,5290.0,1.0
mu[3077],0.0,0.038,-0.072,0.068,0.0,0.001,14532.0,5484.0,1.0
mu[3078],0.0,0.041,-0.076,0.077,0.0,0.001,13988.0,5137.0,1.0
mu[3079],0.0,0.039,-0.074,0.072,0.0,0.001,14511.0,5765.0,1.0
mu[3080],0.0,0.038,-0.073,0.069,0.0,0.001,14556.0,5382.0,1.0
mu[3081],0.0,0.038,-0.071,0.068,0.0,0.001,14487.0,5289.0,1.0
mu[3082],0.0,0.038,-0.071,0.068,0.0,0.001,14474.0,5292.0,1.0
mu[3083],0.0,0.039,-0.073,0.072,0.0,0.001,14529.0,5581.0,1.0
mu[3084],0.0,0.038,-0.074,0.067,0.0,0.001,14564.0,5539.0,1.0
mu[3085],0.0,0.041,-0.076,0.077,0.0,0.001,14473.0,5863.0,1.0
mu[3086],0.0,0.039,-0.074,0.072,0.0,0.001,14512.0,5765.0,1.0
mu[3087],0.0,0.038,-0.068,0.072,0.0,0.001,14471.0,5293.0,1.0
mu[3088],0.0,0.038,-0.068,0.073,0.0,0.001,14358.0,5033.0,1.0
mu[3089],0.0,0.043,-0.079,0.081,0.0,0.001,13895.0,5264.0,1.0
mu[3090],0.0,0.039,-0.073,0.072,0.0,0.001,14532.0,5603.0,1.0
mu[3091],0.0,0.039,-0.074,0.07,0.0,0.001,14247.0,4897.0,1.0
mu[3092],0.0,0.042,-0.079,0.078,0.0,0.001,14464.0,5866.0,1.0
mu[3093],0.0,0.048,-0.093,0.087,0.0,0.001,13628.0,5644.0,1.0
mu[3094],0.0,0.038,-0.072,0.071,0.0,0.001,14321.0,4941.0,1.0
mu[3095],0.0,0.038,-0.071,0.068,0.0,0.001,14478.0,5307.0,1.0
mu[3096],0.0,0.038,-0.071,0.069,0.0,0.001,14529.0,5483.0,1.0
mu[3097],0.0,0.038,-0.075,0.067,0.0,0.001,14571.0,5477.0,1.0
mu[3098],0.0,0.041,-0.077,0.077,0.0,0.001,14478.0,5864.0,1.0
mu[3099],0.0,0.045,-0.081,0.086,0.0,0.001,13786.0,5324.0,1.0
mu[3100],0.0,0.037,-0.071,0.068,0.0,0.001,14496.0,5348.0,1.0
mu[3101],0.0,0.037,-0.072,0.067,0.0,0.001,14498.0,5349.0,1.0
mu[3102],0.0,0.037,-0.071,0.068,0.0,0.001,14496.0,5348.0,1.0
mu[3103],0.0,0.041,-0.076,0.077,0.0,0.001,14470.0,5863.0,1.0
mu[3104],0.0,0.038,-0.073,0.07,0.0,0.001,14564.0,5304.0,1.0
mu[3105],0.0,0.038,-0.072,0.071,0.0,0.001,14321.0,4941.0,1.0
mu[3106],0.0,0.038,-0.071,0.071,0.0,0.001,14559.0,5381.0,1.0
mu[3107],0.0,0.039,-0.073,0.071,0.0,0.001,14549.0,5382.0,1.0
mu[3108],0.0,0.038,-0.071,0.073,0.0,0.001,14279.0,4956.0,1.0
mu[3109],0.0,0.038,-0.072,0.068,0.0,0.001,14542.0,5608.0,1.0
mu[3110],0.0,0.039,-0.075,0.07,0.0,0.001,14180.0,4795.0,1.0
mu[3111],0.0,0.041,-0.077,0.077,0.0,0.001,14473.0,5886.0,1.0
mu[3112],0.0,0.041,-0.076,0.077,0.0,0.001,13993.0,5079.0,1.0
mu[3113],0.0,0.038,-0.069,0.072,0.0,0.001,14397.0,5025.0,1.0
mu[3114],0.0,0.038,-0.068,0.073,0.0,0.001,14362.0,5033.0,1.0
mu[3115],0.0,0.038,-0.073,0.067,0.0,0.001,14537.0,5586.0,1.0
mu[3116],0.0,0.038,-0.071,0.073,0.0,0.001,14304.0,4923.0,1.0
mu[3117],0.0,0.038,-0.073,0.067,0.0,0.001,14537.0,5586.0,1.0
mu[3118],0.0,0.038,-0.068,0.073,0.0,0.001,14362.0,5033.0,1.0
mu[3119],0.0,0.041,-0.076,0.077,0.0,0.001,13983.0,5137.0,1.0
mu[3120],0.0,0.039,-0.073,0.072,0.0,0.001,14529.0,5730.0,1.0
mu[3121],0.0,0.039,-0.073,0.072,0.0,0.001,14529.0,5730.0,1.0
mu[3122],0.0,0.037,-0.072,0.068,0.0,0.001,14498.0,5350.0,1.0
mu[3123],0.0,0.038,-0.072,0.068,0.0,0.001,14502.0,5468.0,1.0
mu[3124],0.0,0.038,-0.067,0.073,0.0,0.001,14426.0,5093.0,1.0
mu[3125],0.0,0.038,-0.067,0.073,0.0,0.001,14425.0,5093.0,1.0
mu[3126],0.0,0.038,-0.072,0.071,0.0,0.001,14558.0,5400.0,1.0
mu[3127],0.0,0.038,-0.071,0.068,0.0,0.001,14482.0,5289.0,1.0
mu[3128],0.0,0.041,-0.076,0.077,0.0,0.001,14473.0,5863.0,1.0
mu[3129],0.0,0.039,-0.073,0.072,0.0,0.001,14529.0,5730.0,1.0
mu[3130],0.0,0.038,-0.073,0.067,0.0,0.001,14537.0,5586.0,1.0
mu[3131],0.0,0.04,-0.078,0.071,0.0,0.001,14492.0,5781.0,1.0
mu[3132],0.0,0.039,-0.075,0.07,0.0,0.001,14191.0,4871.0,1.0
mu[3133],0.0,0.04,-0.073,0.075,0.0,0.001,14082.0,4873.0,1.0
mu[3134],0.0,0.038,-0.075,0.067,0.0,0.001,14569.0,5440.0,1.0
mu[3135],0.0,0.038,-0.075,0.067,0.0,0.001,14576.0,5477.0,1.0
mu[3136],0.0,0.038,-0.068,0.072,0.0,0.001,14454.0,5290.0,1.0
mu[3137],0.0,0.038,-0.068,0.073,0.0,0.001,14362.0,5033.0,1.0
mu[3138],0.0,0.041,-0.076,0.077,0.0,0.001,14473.0,5863.0,1.0
mu[3139],0.0,0.041,-0.076,0.077,0.0,0.001,14470.0,5863.0,1.0
mu[3140],0.0,0.049,-0.09,0.095,0.0,0.001,13554.0,5687.0,1.0
mu[3141],0.0,0.038,-0.068,0.073,0.0,0.001,14362.0,5033.0,1.0
mu[3142],0.0,0.04,-0.078,0.073,0.0,0.001,14482.0,5772.0,1.0
mu[3143],0.0,0.039,-0.073,0.07,0.0,0.001,14545.0,5380.0,1.0
mu[3144],0.0,0.043,-0.081,0.078,0.0,0.001,14471.0,5984.0,1.0
mu[3145],0.0,0.038,-0.072,0.071,0.0,0.001,14558.0,5400.0,1.0
mu[3146],0.0,0.042,-0.078,0.08,0.0,0.001,13935.0,5210.0,1.0
mu[3147],0.0,0.038,-0.068,0.071,0.0,0.001,14466.0,5212.0,1.0
mu[3148],0.0,0.038,-0.072,0.068,0.0,0.001,14504.0,5429.0,1.0
mu[3149],0.0,0.04,-0.077,0.072,0.0,0.001,14489.0,5776.0,1.0
mu[3150],0.0,0.039,-0.075,0.07,0.0,0.001,14203.0,4825.0,1.0
mu[3151],0.0,0.038,-0.068,0.073,0.0,0.001,14362.0,5033.0,1.0
mu[3152],0.0,0.038,-0.068,0.072,0.0,0.001,14454.0,5290.0,1.0
mu[3153],0.0,0.039,-0.073,0.072,0.0,0.001,14529.0,5730.0,1.0
mu[3154],0.0,0.042,-0.08,0.078,0.0,0.001,14464.0,5933.0,1.0
mu[3155],0.0,0.04,-0.075,0.077,0.0,0.001,14469.0,5817.0,1.0
mu[3156],0.0,0.039,-0.075,0.07,0.0,0.001,14180.0,4795.0,1.0
mu[3157],0.0,0.042,-0.079,0.077,0.0,0.001,14463.0,5932.0,1.0
mu[3158],0.0,0.038,-0.074,0.067,0.0,0.001,14566.0,5421.0,1.0
mu[3159],0.0,0.038,-0.071,0.071,0.0,0.001,14394.0,5009.0,1.0
mu[3160],0.0,0.038,-0.072,0.071,0.0,0.001,14558.0,5400.0,1.0
mu[3161],0.0,0.039,-0.073,0.072,0.0,0.001,14529.0,5730.0,1.0
mu[3162],0.0,0.038,-0.073,0.067,0.0,0.001,14537.0,5586.0,1.0
mu[3163],0.0,0.037,-0.072,0.068,0.0,0.001,14498.0,5350.0,1.0
mu[3164],0.0,0.038,-0.075,0.067,0.0,0.001,14576.0,5477.0,1.0
mu[3165],0.0,0.038,-0.073,0.067,0.0,0.001,14537.0,5586.0,1.0
mu[3166],0.0,0.039,-0.075,0.07,0.0,0.001,14191.0,4871.0,1.0
mu[3167],0.0,0.038,-0.071,0.072,0.0,0.001,14556.0,5288.0,1.0
mu[3168],0.0,0.038,-0.072,0.068,0.0,0.001,14538.0,5608.0,1.0
mu[3169],0.0,0.038,-0.068,0.073,0.0,0.001,14403.0,5000.0,1.0
mu[3170],0.0,0.041,-0.075,0.077,0.0,0.001,14463.0,5839.0,1.0
mu[3171],0.0,0.038,-0.073,0.069,0.0,0.001,14562.0,5382.0,1.0
mu[3172],0.0,0.038,-0.071,0.069,0.0,0.001,14564.0,5549.0,1.0
mu[3173],0.0,0.042,-0.08,0.077,0.0,0.001,14463.0,5936.0,1.0
mu[3174],0.0,0.038,-0.072,0.071,0.0,0.001,14558.0,5400.0,1.0
mu[3175],-0.032,0.038,-0.103,0.037,0.0,0.0,15725.0,5710.0,1.0
mu[3176],-0.031,0.037,-0.101,0.037,0.0,0.0,15699.0,5685.0,1.0
mu[3177],-0.033,0.044,-0.115,0.047,0.0,0.001,15432.0,5805.0,1.0
mu[3178],-0.031,0.037,-0.101,0.039,0.0,0.0,15278.0,5464.0,1.0
mu[3179],-0.031,0.038,-0.102,0.041,0.0,0.0,14931.0,5575.0,1.0
mu[3180],-0.032,0.037,-0.101,0.037,0.0,0.0,15716.0,5752.0,1.0
mu[3181],-0.031,0.037,-0.099,0.039,0.0,0.0,15542.0,5602.0,1.0
mu[3182],-0.032,0.038,-0.102,0.039,0.0,0.0,15714.0,5689.0,1.0
mu[3183],-0.031,0.038,-0.102,0.04,0.0,0.0,14893.0,5620.0,1.0
mu[3184],-0.03,0.04,-0.105,0.046,0.0,0.001,14418.0,6059.0,1.0
mu[3185],-0.032,0.039,-0.104,0.04,0.0,0.0,15750.0,5629.0,1.0
mu[3186],-0.032,0.038,-0.104,0.04,0.0,0.0,15743.0,5799.0,1.0
mu[3187],-0.035,0.066,-0.16,0.089,0.001,0.001,14842.0,5509.0,1.0
mu[3188],-0.032,0.037,-0.102,0.037,0.0,0.0,15727.0,5862.0,1.0
mu[3189],-0.031,0.037,-0.099,0.039,0.0,0.0,15609.0,5632.0,1.0
mu[3190],-0.031,0.037,-0.101,0.037,0.0,0.0,15699.0,5582.0,1.0
mu[3191],-0.032,0.037,-0.101,0.037,0.0,0.0,15715.0,5752.0,1.0
mu[3192],-0.03,0.039,-0.104,0.043,0.0,0.0,14625.0,5883.0,1.0
mu[3193],-0.033,0.041,-0.111,0.042,0.0,0.001,15602.0,5626.0,1.0
mu[3194],-0.03,0.039,-0.104,0.043,0.0,0.0,14580.0,5905.0,1.0
mu[3195],-0.032,0.037,-0.103,0.037,0.0,0.0,15728.0,5711.0,1.0
mu[3196],-0.031,0.037,-0.102,0.036,0.0,0.0,15695.0,5643.0,1.0
mu[3197],-0.032,0.037,-0.103,0.037,0.0,0.0,15729.0,5711.0,1.0
mu[3198],-0.034,0.049,-0.127,0.057,0.0,0.001,15265.0,6127.0,1.0
mu[3199],-0.031,0.037,-0.1,0.038,0.0,0.0,15703.0,5546.0,1.0
mu[3200],-0.032,0.037,-0.103,0.037,0.0,0.0,15727.0,5754.0,1.0
mu[3201],-0.032,0.04,-0.108,0.04,0.0,0.001,15716.0,5588.0,1.0
mu[3202],-0.032,0.037,-0.103,0.037,0.0,0.0,15729.0,5839.0,1.0
mu[3203],-0.032,0.037,-0.101,0.037,0.0,0.0,15704.0,5728.0,1.0
mu[3204],-0.031,0.037,-0.1,0.038,0.0,0.0,15638.0,5633.0,1.0
mu[3205],-0.033,0.041,-0.11,0.042,0.0,0.001,15647.0,5631.0,1.0
mu[3206],-0.03,0.038,-0.101,0.043,0.0,0.0,14746.0,5707.0,1.0
mu[3207],-0.031,0.037,-0.104,0.037,0.0,0.0,15172.0,5584.0,1.0
mu[3208],-0.031,0.037,-0.101,0.037,0.0,0.0,15703.0,5638.0,1.0
mu[3209],-0.031,0.037,-0.101,0.037,0.0,0.0,15703.0,5602.0,1.0
mu[3210],-0.031,0.038,-0.102,0.041,0.0,0.0,14888.0,5620.0,1.0
mu[3211],-0.031,0.037,-0.099,0.04,0.0,0.0,15321.0,5515.0,1.0
mu[3212],-0.03,0.04,-0.108,0.042,0.0,0.0,14456.0,6095.0,1.0
mu[3213],-0.03,0.038,-0.102,0.042,0.0,0.0,14737.0,5707.0,1.0
mu[3214],-0.031,0.037,-0.102,0.036,0.0,0.0,15694.0,5643.0,1.0
mu[3215],-0.032,0.037,-0.102,0.037,0.0,0.0,15730.0,5862.0,1.0
mu[3216],-0.033,0.043,-0.111,0.048,0.0,0.001,15487.0,5760.0,1.0
mu[3217],-0.031,0.038,-0.103,0.041,0.0,0.0,14871.0,5577.0,1.0
mu[3218],-0.032,0.038,-0.104,0.04,0.0,0.0,15742.0,5820.0,1.0
mu[3219],-0.03,0.041,-0.109,0.044,0.0,0.001,14345.0,6010.0,1.0
mu[3220],-0.034,0.048,-0.126,0.053,0.0,0.001,15356.0,6145.0,1.0
mu[3221],-0.032,0.038,-0.102,0.038,0.0,0.0,15714.0,5689.0,1.0
mu[3222],-0.031,0.037,-0.101,0.037,0.0,0.0,15702.0,5601.0,1.0
mu[3223],-0.031,0.037,-0.1,0.038,0.0,0.0,15654.0,5621.0,1.0
mu[3224],-0.031,0.037,-0.101,0.039,0.0,0.0,15286.0,5494.0,1.0
mu[3225],-0.03,0.04,-0.108,0.042,0.0,0.0,14445.0,6095.0,1.0
mu[3226],-0.033,0.045,-0.117,0.05,0.0,0.001,15349.0,5882.0,1.0
mu[3227],-0.031,0.037,-0.1,0.038,0.0,0.0,15707.0,5546.0,1.0
mu[3228],-0.031,0.037,-0.1,0.038,0.0,0.0,15706.0,5575.0,1.0
mu[3229],-0.031,0.037,-0.1,0.038,0.0,0.0,15707.0,5546.0,1.0
mu[3230],-0.03,0.04,-0.106,0.043,0.0,0.0,14478.0,6095.0,1.0
mu[3231],-0.031,0.037,-0.105,0.036,0.0,0.0,15079.0,5513.0,1.0
mu[3232],-0.032,0.038,-0.103,0.037,0.0,0.0,15719.0,5689.0,1.0
mu[3233],-0.031,0.037,-0.103,0.037,0.0,0.0,15186.0,5584.0,1.0
mu[3234],-0.031,0.038,-0.102,0.04,0.0,0.0,14967.0,5494.0,1.0
mu[3235],-0.032,0.038,-0.102,0.04,0.0,0.0,15725.0,5842.0,1.0
mu[3236],-0.031,0.037,-0.099,0.039,0.0,0.0,15501.0,5639.0,1.0
mu[3237],-0.032,0.039,-0.104,0.04,0.0,0.0,15749.0,5673.0,1.0
mu[3238],-0.03,0.04,-0.108,0.042,0.0,0.001,14439.0,6094.0,1.0
mu[3239],-0.033,0.041,-0.109,0.043,0.0,0.001,15662.0,5588.0,1.0
mu[3240],-0.032,0.037,-0.102,0.037,0.0,0.0,15702.0,5838.0,1.0
mu[3241],-0.032,0.037,-0.102,0.037,0.0,0.0,15727.0,5862.0,1.0
mu[3242],-0.031,0.037,-0.099,0.039,0.0,0.0,15527.0,5639.0,1.0
mu[3243],-0.032,0.038,-0.102,0.039,0.0,0.0,15713.0,5667.0,1.0
mu[3244],-0.031,0.037,-0.099,0.039,0.0,0.0,15527.0,5639.0,1.0
mu[3245],-0.032,0.037,-0.102,0.037,0.0,0.0,15727.0,5862.0,1.0
mu[3246],-0.033,0.041,-0.11,0.042,0.0,0.001,15654.0,5631.0,1.0
mu[3247],-0.03,0.038,-0.101,0.043,0.0,0.0,14830.0,5551.0,1.0
mu[3248],-0.03,0.038,-0.101,0.043,0.0,0.0,14830.0,5551.0,1.0
mu[3249],-0.031,0.037,-0.1,0.038,0.0,0.0,15706.0,5556.0,1.0
mu[3250],-0.031,0.037,-0.1,0.038,0.0,0.0,15705.0,5621.0,1.0
mu[3251],-0.032,0.037,-0.101,0.038,0.0,0.0,15714.0,5690.0,1.0
mu[3252],-0.032,0.037,-0.101,0.037,0.0,0.0,15716.0,5752.0,1.0
mu[3253],-0.031,0.037,-0.104,0.037,0.0,0.0,15037.0,5532.0,1.0
mu[3254],-0.031,0.037,-0.101,0.037,0.0,0.0,15704.0,5638.0,1.0
mu[3255],-0.03,0.04,-0.108,0.042,0.0,0.0,14456.0,6095.0,1.0
mu[3256],-0.03,0.038,-0.101,0.043,0.0,0.0,14830.0,5551.0,1.0
mu[3257],-0.031,0.037,-0.099,0.039,0.0,0.0,15527.0,5639.0,1.0
mu[3258],-0.03,0.039,-0.103,0.043,0.0,0.0,14655.0,5860.0,1.0
mu[3259],-0.032,0.039,-0.105,0.04,0.0,0.0,15749.0,5650.0,1.0
mu[3260],-0.032,0.04,-0.107,0.041,0.0,0.001,15719.0,5609.0,1.0
mu[3261],-0.031,0.037,-0.101,0.039,0.0,0.0,15229.0,5543.0,1.0
mu[3262],-0.031,0.037,-0.101,0.039,0.0,0.0,15278.0,5464.0,1.0
mu[3263],-0.032,0.037,-0.101,0.037,0.0,0.0,15703.0,5728.0,1.0
mu[3264],-0.032,0.037,-0.102,0.037,0.0,0.0,15727.0,5862.0,1.0
mu[3265],-0.03,0.04,-0.108,0.042,0.0,0.0,14456.0,6095.0,1.0
mu[3266],-0.03,0.04,-0.106,0.043,0.0,0.0,14478.0,6095.0,1.0
mu[3267],-0.034,0.049,-0.127,0.057,0.0,0.001,15273.0,6151.0,1.0
mu[3268],-0.032,0.037,-0.102,0.037,0.0,0.0,15727.0,5862.0,1.0
mu[3269],-0.03,0.039,-0.104,0.043,0.0,0.0,14571.0,5952.0,1.0
mu[3270],-0.031,0.038,-0.102,0.041,0.0,0.0,14958.0,5474.0,1.0
mu[3271],-0.03,0.041,-0.111,0.045,0.0,0.001,14330.0,5904.0,1.0
mu[3272],-0.031,0.037,-0.104,0.037,0.0,0.0,15037.0,5532.0,1.0
mu[3273],-0.033,0.042,-0.113,0.043,0.0,0.001,15547.0,5584.0,1.0
mu[3274],-0.031,0.037,-0.101,0.037,0.0,0.0,15697.0,5624.0,1.0
mu[3275],-0.031,0.037,-0.1,0.038,0.0,0.0,15697.0,5601.0,1.0
mu[3276],-0.03,0.039,-0.104,0.042,0.0,0.0,14678.0,5815.0,1.0
mu[3277],-0.032,0.039,-0.104,0.04,0.0,0.0,15748.0,5629.0,1.0
mu[3278],-0.032,0.037,-0.102,0.037,0.0,0.0,15727.0,5862.0,1.0
mu[3279],-0.032,0.037,-0.101,0.037,0.0,0.0,15703.0,5728.0,1.0
mu[3280],-0.03,0.038,-0.101,0.043,0.0,0.0,14830.0,5551.0,1.0
mu[3281],-0.03,0.041,-0.105,0.049,0.0,0.001,14315.0,6010.0,1.0
mu[3282],-0.03,0.039,-0.105,0.043,0.0,0.0,14534.0,6047.0,1.0
mu[3283],-0.032,0.039,-0.104,0.04,0.0,0.0,15749.0,5673.0,1.0
mu[3284],-0.03,0.041,-0.109,0.044,0.0,0.001,14362.0,6034.0,1.0
mu[3285],-0.031,0.037,-0.101,0.039,0.0,0.0,15251.0,5532.0,1.0
mu[3286],-0.032,0.037,-0.102,0.037,0.0,0.0,15704.0,5816.0,1.0
mu[3287],-0.031,0.037,-0.104,0.037,0.0,0.0,15037.0,5532.0,1.0
mu[3288],-0.03,0.038,-0.101,0.043,0.0,0.0,14830.0,5551.0,1.0
mu[3289],-0.031,0.037,-0.099,0.039,0.0,0.0,15527.0,5639.0,1.0
mu[3290],-0.031,0.037,-0.1,0.038,0.0,0.0,15706.0,5556.0,1.0
mu[3291],-0.031,0.037,-0.101,0.039,0.0,0.0,15278.0,5464.0,1.0
mu[3292],-0.031,0.037,-0.099,0.039,0.0,0.0,15527.0,5639.0,1.0
mu[3293],-0.032,0.039,-0.105,0.04,0.0,0.0,15749.0,5650.0,1.0
mu[3294],-0.031,0.037,-0.103,0.038,0.0,0.0,15131.0,5512.0,1.0
mu[3295],-0.031,0.037,-0.099,0.039,0.0,0.0,15491.0,5618.0,1.0
mu[3296],-0.032,0.037,-0.101,0.037,0.0,0.0,15697.0,5820.0,1.0
mu[3297],-0.03,0.039,-0.105,0.043,0.0,0.0,14507.0,6071.0,1.0
mu[3298],-0.031,0.037,-0.103,0.037,0.0,0.0,15204.0,5624.0,1.0
mu[3299],-0.031,0.037,-0.099,0.04,0.0,0.0,15395.0,5512.0,1.0
mu[3300],-0.03,0.041,-0.105,0.05,0.0,0.001,14302.0,5938.0,1.0
mu[3301],-0.031,0.037,-0.104,0.037,0.0,0.0,15037.0,5532.0,1.0
mu[3302],-0.014,0.038,-0.088,0.056,0.0,0.0,17401.0,5878.0,1.0
mu[3303],-0.014,0.038,-0.086,0.055,0.0,0.0,17539.0,5778.0,1.0
mu[3304],-0.016,0.044,-0.1,0.066,0.0,0.001,16123.0,6454.0,1.0
mu[3305],-0.013,0.038,-0.086,0.055,0.0,0.0,17533.0,5861.0,1.0
mu[3306],-0.013,0.039,-0.087,0.056,0.0,0.0,17532.0,6056.0,1.0
mu[3307],-0.014,0.038,-0.085,0.057,0.0,0.0,17489.0,5725.0,1.0
mu[3308],-0.014,0.038,-0.083,0.058,0.0,0.0,17553.0,5753.0,1.0
mu[3309],-0.015,0.039,-0.086,0.059,0.0,0.0,17332.0,5990.0,1.0
mu[3310],-0.013,0.039,-0.083,0.06,0.0,0.0,17554.0,6080.0,1.0
mu[3311],-0.012,0.041,-0.087,0.064,0.0,0.0,16443.0,5943.0,1.0
mu[3312],-0.015,0.039,-0.091,0.057,0.0,0.0,17079.0,6184.0,1.0
mu[3313],-0.015,0.039,-0.087,0.06,0.0,0.0,17140.0,6110.0,1.0
mu[3314],-0.019,0.067,-0.149,0.102,0.001,0.001,15062.0,6763.0,1.0
mu[3315],-0.014,0.038,-0.086,0.057,0.0,0.0,17443.0,5869.0,1.0
mu[3316],-0.014,0.038,-0.083,0.057,0.0,0.0,17558.0,5771.0,1.0
mu[3317],-0.014,0.038,-0.084,0.057,0.0,0.0,17542.0,5789.0,1.0
mu[3318],-0.014,0.038,-0.085,0.057,0.0,0.0,17491.0,5725.0,1.0
mu[3319],-0.013,0.04,-0.086,0.061,0.0,0.0,17660.0,6120.0,1.0
mu[3320],-0.015,0.042,-0.091,0.066,0.0,0.0,16558.0,6190.0,1.0
mu[3321],-0.013,0.04,-0.086,0.062,0.0,0.0,17669.0,6096.0,1.0
mu[3322],-0.014,0.038,-0.087,0.056,0.0,0.0,17405.0,5856.0,1.0
mu[3323],-0.014,0.038,-0.086,0.055,0.0,0.0,17541.0,5778.0,1.0
mu[3324],-0.014,0.038,-0.087,0.056,0.0,0.0,17409.0,5856.0,1.0
mu[3325],-0.017,0.05,-0.114,0.073,0.0,0.001,15611.0,6609.0,1.0
mu[3326],-0.014,0.038,-0.084,0.057,0.0,0.0,17572.0,5756.0,1.0
mu[3327],-0.014,0.038,-0.087,0.056,0.0,0.0,17423.0,5869.0,1.0
mu[3328],-0.015,0.04,-0.092,0.061,0.0,0.0,16829.0,6187.0,1.0
mu[3329],-0.014,0.038,-0.087,0.056,0.0,0.0,17426.0,5846.0,1.0
mu[3330],-0.014,0.038,-0.085,0.057,0.0,0.0,17533.0,5745.0,1.0
mu[3331],-0.014,0.038,-0.084,0.057,0.0,0.0,17562.0,5771.0,1.0
mu[3332],-0.015,0.042,-0.092,0.064,0.0,0.0,16629.0,6267.0,1.0
mu[3333],-0.013,0.039,-0.084,0.061,0.0,0.0,17633.0,6090.0,1.0
mu[3334],-0.013,0.038,-0.082,0.06,0.0,0.0,17512.0,5794.0,1.0
mu[3335],-0.014,0.038,-0.085,0.056,0.0,0.0,17559.0,5800.0,1.0
mu[3336],-0.014,0.038,-0.085,0.057,0.0,0.0,17544.0,5789.0,1.0
mu[3337],-0.013,0.039,-0.083,0.06,0.0,0.0,17558.0,6080.0,1.0
mu[3338],-0.013,0.038,-0.088,0.053,0.0,0.0,17533.0,5816.0,1.0
mu[3339],-0.012,0.041,-0.09,0.06,0.0,0.0,17705.0,6095.0,1.0
mu[3340],-0.013,0.039,-0.084,0.061,0.0,0.0,17641.0,6024.0,1.0
mu[3341],-0.014,0.038,-0.084,0.057,0.0,0.0,17545.0,5811.0,1.0
mu[3342],-0.014,0.038,-0.086,0.057,0.0,0.0,17426.0,5846.0,1.0
mu[3343],-0.016,0.044,-0.095,0.069,0.0,0.001,16307.0,6446.0,1.0
mu[3344],-0.013,0.039,-0.083,0.06,0.0,0.0,17565.0,6068.0,1.0
mu[3345],-0.015,0.039,-0.088,0.059,0.0,0.0,17158.0,6135.0,1.0
mu[3346],-0.012,0.042,-0.088,0.065,0.0,0.0,16352.0,5791.0,1.0
mu[3347],-0.017,0.049,-0.109,0.074,0.0,0.001,15682.0,6559.0,1.0
mu[3348],-0.015,0.039,-0.086,0.059,0.0,0.0,17345.0,5943.0,1.0
mu[3349],-0.014,0.038,-0.085,0.057,0.0,0.0,17549.0,5811.0,1.0
mu[3350],-0.014,0.038,-0.084,0.057,0.0,0.0,17570.0,5792.0,1.0
mu[3351],-0.013,0.038,-0.086,0.055,0.0,0.0,17536.0,5804.0,1.0
mu[3352],-0.012,0.041,-0.09,0.06,0.0,0.0,16499.0,5974.0,1.0
mu[3353],-0.016,0.045,-0.101,0.068,0.0,0.001,16045.0,6399.0,1.0
mu[3354],-0.014,0.038,-0.084,0.057,0.0,0.0,17570.0,5715.0,1.0
mu[3355],-0.014,0.038,-0.085,0.057,0.0,0.0,17577.0,5736.0,1.0
mu[3356],-0.014,0.038,-0.084,0.057,0.0,0.0,17570.0,5715.0,1.0
mu[3357],-0.012,0.04,-0.09,0.06,0.0,0.0,17691.0,5942.0,1.0
mu[3358],-0.013,0.038,-0.083,0.059,0.0,0.0,17477.0,5851.0,1.0
mu[3359],-0.014,0.039,-0.088,0.056,0.0,0.0,17351.0,5901.0,1.0
mu[3360],-0.013,0.038,-0.082,0.06,0.0,0.0,17524.0,5816.0,1.0
mu[3361],-0.013,0.039,-0.086,0.057,0.0,0.0,17522.0,5937.0,1.0
mu[3362],-0.015,0.039,-0.086,0.06,0.0,0.0,17242.0,6037.0,1.0
mu[3363],-0.014,0.038,-0.083,0.058,0.0,0.0,17554.0,5757.0,1.0
mu[3364],-0.015,0.04,-0.091,0.058,0.0,0.0,17039.0,6159.0,1.0
mu[3365],-0.012,0.041,-0.09,0.06,0.0,0.0,16495.0,5974.0,1.0
mu[3366],-0.015,0.041,-0.091,0.065,0.0,0.0,16654.0,6216.0,1.0
mu[3367],-0.014,0.038,-0.086,0.056,0.0,0.0,17461.0,5823.0,1.0
mu[3368],-0.014,0.038,-0.086,0.057,0.0,0.0,17444.0,5846.0,1.0
mu[3369],-0.014,0.038,-0.084,0.058,0.0,0.0,17559.0,5752.0,1.0
mu[3370],-0.015,0.039,-0.087,0.059,0.0,0.0,17289.0,6012.0,1.0
mu[3371],-0.014,0.038,-0.084,0.058,0.0,0.0,17559.0,5752.0,1.0
mu[3372],-0.014,0.038,-0.086,0.057,0.0,0.0,17444.0,5846.0,1.0
mu[3373],-0.015,0.041,-0.092,0.064,0.0,0.0,16635.0,6267.0,1.0
mu[3374],-0.013,0.039,-0.084,0.06,0.0,0.0,17592.0,6091.0,1.0
mu[3375],-0.013,0.039,-0.084,0.06,0.0,0.0,17592.0,6091.0,1.0
mu[3376],-0.014,0.038,-0.084,0.057,0.0,0.0,17571.0,5715.0,1.0
mu[3377],-0.014,0.038,-0.084,0.057,0.0,0.0,17571.0,5694.0,1.0
mu[3378],-0.014,0.038,-0.085,0.057,0.0,0.0,17493.0,5712.0,1.0
mu[3379],-0.014,0.038,-0.085,0.057,0.0,0.0,17489.0,5725.0,1.0
mu[3380],-0.013,0.038,-0.085,0.057,0.0,0.0,17461.0,5857.0,1.0
mu[3381],-0.014,0.038,-0.085,0.057,0.0,0.0,17552.0,5800.0,1.0
mu[3382],-0.012,0.041,-0.09,0.06,0.0,0.0,17705.0,6095.0,1.0
mu[3383],-0.013,0.039,-0.084,0.06,0.0,0.0,17592.0,6091.0,1.0
mu[3384],-0.014,0.038,-0.084,0.058,0.0,0.0,17559.0,5752.0,1.0
mu[3385],-0.013,0.04,-0.085,0.062,0.0,0.0,17639.0,6096.0,1.0
mu[3386],-0.015,0.04,-0.091,0.057,0.0,0.0,17056.0,6184.0,1.0
mu[3387],-0.015,0.04,-0.092,0.061,0.0,0.0,16840.0,6214.0,1.0
mu[3388],-0.013,0.038,-0.081,0.06,0.0,0.0,17523.0,5893.0,1.0
mu[3389],-0.013,0.038,-0.086,0.055,0.0,0.0,17533.0,5861.0,1.0
mu[3390],-0.014,0.038,-0.085,0.057,0.0,0.0,17537.0,5756.0,1.0
mu[3391],-0.014,0.038,-0.086,0.057,0.0,0.0,17444.0,5846.0,1.0
mu[3392],-0.012,0.041,-0.09,0.06,0.0,0.0,17705.0,6095.0,1.0
mu[3393],-0.012,0.04,-0.09,0.06,0.0,0.0,17691.0,5942.0,1.0
mu[3394],-0.017,0.05,-0.114,0.073,0.0,0.001,15616.0,6638.0,1.0
mu[3395],-0.014,0.038,-0.086,0.057,0.0,0.0,17444.0,5846.0,1.0
mu[3396],-0.013,0.04,-0.087,0.062,0.0,0.0,17662.0,6039.0,1.0
mu[3397],-0.013,0.039,-0.086,0.057,0.0,0.0,17515.0,5914.0,1.0
mu[3398],-0.012,0.042,-0.09,0.066,0.0,0.0,16236.0,5936.0,1.0
mu[3399],-0.013,0.038,-0.085,0.057,0.0,0.0,17461.0,5857.0,1.0
mu[3400],-0.016,0.043,-0.092,0.068,0.0,0.001,16423.0,6372.0,1.0
mu[3401],-0.014,0.038,-0.084,0.057,0.0,0.0,17548.0,5746.0,1.0
mu[3402],-0.014,0.038,-0.084,0.057,0.0,0.0,17571.0,5694.0,1.0
mu[3403],-0.013,0.04,-0.083,0.063,0.0,0.0,17652.0,6049.0,1.0
mu[3404],-0.015,0.039,-0.091,0.057,0.0,0.0,17074.0,6159.0,1.0
mu[3405],-0.014,0.038,-0.086,0.057,0.0,0.0,17444.0,5846.0,1.0
mu[3406],-0.014,0.038,-0.085,0.057,0.0,0.0,17537.0,5756.0,1.0
mu[3407],-0.013,0.039,-0.084,0.06,0.0,0.0,17592.0,6091.0,1.0
mu[3408],-0.012,0.042,-0.088,0.066,0.0,0.0,16321.0,5770.0,1.0
mu[3409],-0.013,0.04,-0.087,0.062,0.0,0.0,17674.0,6088.0,1.0
mu[3410],-0.015,0.04,-0.091,0.058,0.0,0.0,17041.0,6159.0,1.0
mu[3411],-0.012,0.041,-0.088,0.065,0.0,0.0,16374.0,5823.0,1.0
mu[3412],-0.013,0.038,-0.086,0.055,0.0,0.0,17522.0,5871.0,1.0
mu[3413],-0.014,0.038,-0.086,0.057,0.0,0.0,17453.0,5869.0,1.0
mu[3414],-0.013,0.038,-0.085,0.057,0.0,0.0,17461.0,5857.0,1.0
mu[3415],-0.013,0.039,-0.084,0.06,0.0,0.0,17592.0,6091.0,1.0
mu[3416],-0.014,0.038,-0.084,0.058,0.0,0.0,17559.0,5752.0,1.0
mu[3417],-0.014,0.038,-0.084,0.057,0.0,0.0,17571.0,5715.0,1.0
mu[3418],-0.013,0.038,-0.086,0.055,0.0,0.0,17533.0,5861.0,1.0
mu[3419],-0.014,0.038,-0.084,0.058,0.0,0.0,17559.0,5752.0,1.0
mu[3420],-0.015,0.04,-0.091,0.057,0.0,0.0,17056.0,6184.0,1.0
mu[3421],-0.013,0.038,-0.083,0.059,0.0,0.0,17491.0,5793.0,1.0
mu[3422],-0.014,0.038,-0.083,0.058,0.0,0.0,17561.0,5757.0,1.0
mu[3423],-0.014,0.038,-0.086,0.056,0.0,0.0,17469.0,5768.0,1.0
mu[3424],-0.012,0.04,-0.088,0.061,0.0,0.0,17673.0,5966.0,1.0
mu[3425],-0.013,0.038,-0.082,0.06,0.0,0.0,17522.0,5838.0,1.0
mu[3426],-0.013,0.038,-0.087,0.054,0.0,0.0,17542.0,5845.0,1.0
mu[3427],-0.012,0.042,-0.088,0.066,0.0,0.0,16290.0,5856.0,1.0
mu[3428],-0.013,0.038,-0.085,0.057,0.0,0.0,17461.0,5857.0,1.0
mu[3429],-0.013,0.038,-0.088,0.058,0.0,0.001,17365.0,5484.0,1.0
mu[3430],-0.014,0.038,-0.09,0.055,0.0,0.001,17642.0,5425.0,1.0
mu[3431],-0.01,0.044,-0.095,0.072,0.0,0.001,15537.0,5900.0,1.0
mu[3432],-0.016,0.038,-0.09,0.058,0.0,0.001,17631.0,5540.0,1.0
mu[3433],-0.017,0.039,-0.091,0.059,0.0,0.001,17302.0,5689.0,1.0
mu[3434],-0.014,0.038,-0.087,0.059,0.0,0.001,17574.0,5424.0,1.0
mu[3435],-0.015,0.038,-0.087,0.059,0.0,0.001,17724.0,5391.0,1.0
mu[3436],-0.013,0.039,-0.088,0.058,0.0,0.001,17330.0,5576.0,1.0
mu[3437],-0.017,0.04,-0.092,0.06,0.0,0.001,17260.0,5706.0,1.0
mu[3438],-0.019,0.042,-0.097,0.063,0.0,0.001,16512.0,5904.0,1.0
mu[3439],-0.013,0.039,-0.089,0.06,0.0,0.001,17002.0,5680.0,1.0
mu[3440],-0.013,0.039,-0.089,0.059,0.0,0.001,17082.0,5648.0,1.0
mu[3441],-0.003,0.067,-0.136,0.117,0.001,0.001,13363.0,6295.0,1.0
mu[3442],-0.014,0.038,-0.087,0.058,0.0,0.001,17446.0,5493.0,1.0
mu[3443],-0.015,0.038,-0.088,0.059,0.0,0.001,17735.0,5422.0,1.0
mu[3444],-0.015,0.038,-0.092,0.054,0.0,0.001,17708.0,5402.0,1.0
mu[3445],-0.014,0.038,-0.087,0.059,0.0,0.001,17569.0,5443.0,1.0
mu[3446],-0.018,0.041,-0.094,0.061,0.0,0.001,16899.0,5746.0,1.0
mu[3447],-0.011,0.042,-0.092,0.065,0.0,0.001,16136.0,5835.0,1.0
mu[3448],-0.018,0.041,-0.095,0.061,0.0,0.001,16846.0,5704.0,1.0
mu[3449],-0.014,0.038,-0.087,0.058,0.0,0.001,17387.0,5555.0,1.0
mu[3450],-0.014,0.038,-0.09,0.055,0.0,0.001,17661.0,5404.0,1.0
mu[3451],-0.014,0.038,-0.087,0.058,0.0,0.001,17389.0,5555.0,1.0
mu[3452],-0.008,0.05,-0.103,0.084,0.0,0.001,14567.0,6045.0,1.0
mu[3453],-0.015,0.038,-0.09,0.056,0.0,0.001,17737.0,5530.0,1.0
mu[3454],-0.014,0.038,-0.087,0.059,0.0,0.001,17423.0,5523.0,1.0
mu[3455],-0.012,0.04,-0.089,0.063,0.0,0.001,16576.0,5916.0,1.0
mu[3456],-0.014,0.038,-0.087,0.058,0.0,0.001,17431.0,5523.0,1.0
mu[3457],-0.014,0.038,-0.091,0.055,0.0,0.001,17638.0,5402.0,1.0
mu[3458],-0.015,0.038,-0.092,0.055,0.0,0.001,17741.0,5462.0,1.0
mu[3459],-0.011,0.041,-0.093,0.063,0.0,0.001,16246.0,5880.0,1.0
mu[3460],-0.017,0.04,-0.09,0.063,0.0,0.001,17106.0,5730.0,1.0
mu[3461],-0.016,0.039,-0.092,0.057,0.0,0.001,17559.0,5673.0,1.0
mu[3462],-0.015,0.038,-0.091,0.055,0.0,0.001,17720.0,5550.0,1.0
mu[3463],-0.015,0.038,-0.092,0.054,0.0,0.001,17711.0,5459.0,1.0
mu[3464],-0.017,0.04,-0.091,0.06,0.0,0.001,17259.0,5706.0,1.0
mu[3465],-0.016,0.038,-0.089,0.058,0.0,0.001,17659.0,5541.0,1.0
mu[3466],-0.018,0.042,-0.097,0.061,0.0,0.001,16605.0,5796.0,1.0
mu[3467],-0.017,0.04,-0.091,0.062,0.0,0.001,17100.0,5730.0,1.0
mu[3468],-0.014,0.038,-0.09,0.055,0.0,0.001,17660.0,5404.0,1.0
mu[3469],-0.014,0.038,-0.087,0.058,0.0,0.001,17434.0,5522.0,1.0
mu[3470],-0.01,0.043,-0.095,0.069,0.0,0.001,15713.0,5946.0,1.0
mu[3471],-0.017,0.04,-0.091,0.06,0.0,0.001,17239.0,5647.0,1.0
mu[3472],-0.013,0.039,-0.091,0.058,0.0,0.001,17086.0,5647.0,1.0
mu[3473],-0.019,0.043,-0.099,0.063,0.0,0.001,16371.0,5836.0,1.0
mu[3474],-0.008,0.049,-0.102,0.081,0.0,0.001,14733.0,6022.0,1.0
mu[3475],-0.013,0.039,-0.087,0.059,0.0,0.001,17330.0,5556.0,1.0
mu[3476],-0.015,0.038,-0.091,0.055,0.0,0.001,17711.0,5490.0,1.0
mu[3477],-0.015,0.038,-0.092,0.054,0.0,0.001,17738.0,5471.0,1.0
mu[3478],-0.016,0.038,-0.09,0.057,0.0,0.001,17635.0,5540.0,1.0
mu[3479],-0.018,0.042,-0.097,0.061,0.0,0.001,16587.0,5862.0,1.0
mu[3480],-0.01,0.045,-0.093,0.077,0.0,0.001,15357.0,5924.0,1.0
mu[3481],-0.015,0.038,-0.09,0.056,0.0,0.001,17739.0,5530.0,1.0
mu[3482],-0.015,0.038,-0.09,0.056,0.0,0.001,17733.0,5431.0,1.0
mu[3483],-0.015,0.038,-0.09,0.056,0.0,0.001,17739.0,5530.0,1.0
mu[3484],-0.018,0.042,-0.097,0.06,0.0,0.001,16667.0,5729.0,1.0
mu[3485],-0.017,0.039,-0.088,0.061,0.0,0.001,17467.0,5736.0,1.0
mu[3486],-0.013,0.038,-0.087,0.059,0.0,0.001,17351.0,5544.0,1.0
mu[3487],-0.016,0.039,-0.09,0.059,0.0,0.001,17567.0,5651.0,1.0
mu[3488],-0.017,0.039,-0.091,0.059,0.0,0.001,17340.0,5688.0,1.0
mu[3489],-0.013,0.039,-0.09,0.058,0.0,0.001,17196.0,5637.0,1.0
mu[3490],-0.016,0.038,-0.087,0.06,0.0,0.001,17714.0,5467.0,1.0
mu[3491],-0.012,0.039,-0.089,0.061,0.0,0.001,16913.0,5864.0,1.0
mu[3492],-0.019,0.042,-0.097,0.061,0.0,0.001,16580.0,5862.0,1.0
mu[3493],-0.011,0.041,-0.09,0.065,0.0,0.001,16289.0,5904.0,1.0
mu[3494],-0.014,0.038,-0.087,0.059,0.0,0.001,17501.0,5414.0,1.0
mu[3495],-0.014,0.038,-0.087,0.058,0.0,0.001,17441.0,5493.0,1.0
mu[3496],-0.015,0.038,-0.087,0.059,0.0,0.001,17720.0,5391.0,1.0
mu[3497],-0.013,0.039,-0.089,0.058,0.0,0.001,17270.0,5683.0,1.0
mu[3498],-0.015,0.038,-0.087,0.059,0.0,0.001,17720.0,5391.0,1.0
mu[3499],-0.014,0.038,-0.087,0.058,0.0,0.001,17441.0,5493.0,1.0
mu[3500],-0.011,0.041,-0.093,0.063,0.0,0.001,16261.0,5881.0,1.0
mu[3501],-0.017,0.04,-0.09,0.062,0.0,0.001,17206.0,5688.0,1.0
mu[3502],-0.017,0.04,-0.09,0.062,0.0,0.001,17206.0,5688.0,1.0
mu[3503],-0.015,0.038,-0.09,0.056,0.0,0.001,17738.0,5470.0,1.0
mu[3504],-0.015,0.038,-0.09,0.056,0.0,0.001,17739.0,5399.0,1.0
mu[3505],-0.014,0.038,-0.086,0.059,0.0,0.001,17575.0,5445.0,1.0
mu[3506],-0.014,0.038,-0.087,0.059,0.0,0.001,17574.0,5424.0,1.0
mu[3507],-0.017,0.039,-0.087,0.063,0.0,0.001,17440.0,5763.0,1.0
mu[3508],-0.015,0.038,-0.091,0.055,0.0,0.001,17714.0,5539.0,1.0
mu[3509],-0.018,0.042,-0.097,0.061,0.0,0.001,16605.0,5796.0,1.0
mu[3510],-0.017,0.04,-0.09,0.062,0.0,0.001,17206.0,5688.0,1.0
mu[3511],-0.015,0.038,-0.087,0.059,0.0,0.001,17720.0,5391.0,1.0
mu[3512],-0.018,0.041,-0.093,0.061,0.0,0.001,16959.0,5724.0,1.0
mu[3513],-0.012,0.039,-0.089,0.06,0.0,0.001,16954.0,5812.0,1.0
mu[3514],-0.012,0.04,-0.089,0.063,0.0,0.001,16584.0,5917.0,1.0
mu[3515],-0.016,0.039,-0.09,0.058,0.0,0.001,17613.0,5601.0,1.0
mu[3516],-0.016,0.038,-0.09,0.058,0.0,0.001,17631.0,5540.0,1.0
mu[3517],-0.014,0.038,-0.09,0.055,0.0,0.001,17638.0,5402.0,1.0
mu[3518],-0.014,0.038,-0.087,0.058,0.0,0.001,17441.0,5493.0,1.0
mu[3519],-0.018,0.042,-0.097,0.061,0.0,0.001,16605.0,5796.0,1.0
mu[3520],-0.018,0.042,-0.097,0.06,0.0,0.001,16667.0,5729.0,1.0
mu[3521],-0.008,0.05,-0.103,0.084,0.0,0.001,14580.0,6045.0,1.0
mu[3522],-0.014,0.038,-0.087,0.058,0.0,0.001,17441.0,5493.0,1.0
mu[3523],-0.018,0.041,-0.096,0.06,0.0,0.001,16826.0,5726.0,1.0
mu[3524],-0.017,0.039,-0.09,0.059,0.0,0.001,17350.0,5677.0,1.0
mu[3525],-0.019,0.043,-0.1,0.066,0.0,0.001,16198.0,5854.0,1.0
mu[3526],-0.017,0.039,-0.087,0.063,0.0,0.001,17440.0,5763.0,1.0
mu[3527],-0.011,0.042,-0.096,0.064,0.0,0.001,15934.0,5921.0,1.0
mu[3528],-0.014,0.038,-0.091,0.054,0.0,0.001,17684.0,5420.0,1.0
mu[3529],-0.015,0.038,-0.09,0.056,0.0,0.001,17737.0,5399.0,1.0
mu[3530],-0.018,0.04,-0.093,0.061,0.0,0.001,16986.0,5746.0,1.0
mu[3531],-0.013,0.039,-0.089,0.06,0.0,0.001,16996.0,5755.0,1.0
mu[3532],-0.014,0.038,-0.087,0.058,0.0,0.001,17441.0,5493.0,1.0
mu[3533],-0.014,0.038,-0.09,0.055,0.0,0.001,17638.0,5402.0,1.0
mu[3534],-0.017,0.04,-0.09,0.062,0.0,0.001,17206.0,5688.0,1.0
mu[3535],-0.019,0.043,-0.1,0.063,0.0,0.001,16321.0,5828.0,1.0
mu[3536],-0.018,0.041,-0.096,0.06,0.0,0.001,16778.0,5747.0,1.0
mu[3537],-0.012,0.039,-0.089,0.061,0.0,0.001,16916.0,5864.0,1.0
mu[3538],-0.019,0.043,-0.098,0.063,0.0,0.001,16409.0,5881.0,1.0
mu[3539],-0.016,0.039,-0.09,0.057,0.0,0.001,17624.0,5621.0,1.0
mu[3540],-0.014,0.038,-0.087,0.058,0.0,0.001,17476.0,5405.0,1.0
mu[3541],-0.017,0.039,-0.087,0.063,0.0,0.001,17440.0,5763.0,1.0
mu[3542],-0.017,0.04,-0.09,0.062,0.0,0.001,17206.0,5688.0,1.0
mu[3543],-0.015,0.038,-0.087,0.059,0.0,0.001,17720.0,5391.0,1.0
mu[3544],-0.015,0.038,-0.09,0.056,0.0,0.001,17738.0,5470.0,1.0
mu[3545],-0.016,0.038,-0.09,0.058,0.0,0.001,17631.0,5540.0,1.0
mu[3546],-0.015,0.038,-0.087,0.059,0.0,0.001,17720.0,5391.0,1.0
mu[3547],-0.012,0.039,-0.089,0.06,0.0,0.001,16954.0,5812.0,1.0
mu[3548],-0.016,0.039,-0.088,0.061,0.0,0.001,17529.0,5610.0,1.0
mu[3549],-0.016,0.038,-0.089,0.058,0.0,0.001,17716.0,5467.0,1.0
mu[3550],-0.014,0.038,-0.087,0.059,0.0,0.001,17532.0,5389.0,1.0
mu[3551],-0.018,0.041,-0.096,0.061,0.0,0.001,16722.0,5726.0,1.0
mu[3552],-0.016,0.039,-0.091,0.057,0.0,0.001,17579.0,5622.0,1.0
mu[3553],-0.016,0.038,-0.088,0.059,0.0,0.001,17674.0,5524.0,1.0
mu[3554],-0.019,0.043,-0.1,0.064,0.0,0.001,16279.0,5828.0,1.0
mu[3555],-0.017,0.039,-0.087,0.063,0.0,0.001,17440.0,5763.0,1.0
mu[3556],-0.034,0.038,-0.105,0.038,0.0,0.001,20629.0,5826.0,1.0
mu[3557],-0.033,0.037,-0.099,0.041,0.0,0.001,20875.0,5518.0,1.0
mu[3558],-0.039,0.045,-0.121,0.047,0.0,0.001,16105.0,6035.0,1.0
mu[3559],-0.03,0.038,-0.097,0.041,0.0,0.001,19574.0,5946.0,1.0
mu[3560],-0.029,0.039,-0.1,0.043,0.0,0.001,18349.0,5980.0,1.0
mu[3561],-0.033,0.038,-0.099,0.041,0.0,0.001,20845.0,5559.0,1.0
mu[3562],-0.031,0.037,-0.102,0.037,0.0,0.001,20180.0,5877.0,1.0
mu[3563],-0.035,0.038,-0.105,0.038,0.0,0.001,20449.0,5919.0,1.0
mu[3564],-0.029,0.039,-0.099,0.044,0.0,0.001,18194.0,6039.0,1.0
mu[3565],-0.027,0.041,-0.102,0.053,0.0,0.001,16210.0,6124.0,1.0
mu[3566],-0.036,0.039,-0.112,0.035,0.0,0.001,19694.0,5787.0,1.0
mu[3567],-0.035,0.039,-0.111,0.035,0.0,0.001,19909.0,5701.0,1.0
mu[3568],-0.05,0.069,-0.172,0.081,0.001,0.001,11928.0,6502.0,1.0
mu[3569],-0.034,0.038,-0.103,0.039,0.0,0.001,20742.0,5734.0,1.0
mu[3570],-0.031,0.037,-0.102,0.037,0.0,0.001,20262.0,5855.0,1.0
mu[3571],-0.033,0.037,-0.098,0.041,0.0,0.001,20770.0,5695.0,1.0
mu[3572],-0.033,0.038,-0.102,0.039,0.0,0.001,20848.0,5559.0,1.0
mu[3573],-0.028,0.04,-0.102,0.046,0.0,0.001,17163.0,6136.0,1.0
mu[3574],-0.038,0.042,-0.117,0.041,0.0,0.001,17610.0,5855.0,1.0
mu[3575],-0.028,0.04,-0.103,0.047,0.0,0.001,17023.0,6086.0,1.0
mu[3576],-0.034,0.038,-0.105,0.037,0.0,0.001,20697.0,5823.0,1.0
mu[3577],-0.033,0.037,-0.098,0.041,0.0,0.001,20856.0,5499.0,1.0
mu[3578],-0.034,0.038,-0.105,0.037,0.0,0.001,20699.0,5823.0,1.0
mu[3579],-0.043,0.051,-0.131,0.059,0.0,0.001,14118.0,6220.0,1.0
mu[3580],-0.032,0.037,-0.1,0.039,0.0,0.001,20658.0,5814.0,1.0
mu[3581],-0.034,0.038,-0.101,0.041,0.0,0.001,20726.0,5778.0,1.0
mu[3582],-0.037,0.04,-0.114,0.037,0.0,0.001,18758.0,5711.0,1.0
mu[3583],-0.034,0.038,-0.101,0.041,0.0,0.001,20725.0,5756.0,1.0
mu[3584],-0.033,0.037,-0.099,0.041,0.0,0.001,20882.0,5538.0,1.0
mu[3585],-0.032,0.037,-0.102,0.037,0.0,0.001,20322.0,5901.0,1.0
mu[3586],-0.037,0.041,-0.117,0.04,0.0,0.001,17908.0,5865.0,1.0
mu[3587],-0.028,0.039,-0.1,0.045,0.0,0.001,17746.0,6155.0,1.0
mu[3588],-0.03,0.038,-0.096,0.044,0.0,0.001,19163.0,5895.0,1.0
mu[3589],-0.032,0.037,-0.099,0.04,0.0,0.001,20725.0,5792.0,1.0
mu[3590],-0.033,0.037,-0.099,0.04,0.0,0.001,20744.0,5738.0,1.0
mu[3591],-0.029,0.039,-0.099,0.044,0.0,0.001,18185.0,6039.0,1.0
mu[3592],-0.031,0.038,-0.1,0.039,0.0,0.001,19667.0,5923.0,1.0
mu[3593],-0.027,0.041,-0.101,0.052,0.0,0.001,16451.0,6199.0,1.0
mu[3594],-0.028,0.039,-0.1,0.045,0.0,0.001,17714.0,6159.0,1.0
mu[3595],-0.033,0.037,-0.098,0.041,0.0,0.001,20851.0,5499.0,1.0
mu[3596],-0.034,0.038,-0.101,0.041,0.0,0.001,20721.0,5756.0,1.0
mu[3597],-0.039,0.044,-0.121,0.044,0.0,0.001,16546.0,6056.0,1.0
mu[3598],-0.029,0.039,-0.1,0.044,0.0,0.001,18139.0,6064.0,1.0
mu[3599],-0.035,0.039,-0.11,0.035,0.0,0.001,19964.0,5680.0,1.0
mu[3600],-0.026,0.042,-0.102,0.054,0.0,0.001,15890.0,5971.0,1.0
mu[3601],-0.042,0.05,-0.131,0.055,0.0,0.001,14448.0,6157.0,1.0
mu[3602],-0.035,0.038,-0.105,0.038,0.0,0.001,20454.0,5919.0,1.0
mu[3603],-0.033,0.037,-0.1,0.04,0.0,0.001,20730.0,5770.0,1.0
mu[3604],-0.032,0.037,-0.104,0.035,0.0,0.001,20370.0,5905.0,1.0
mu[3605],-0.03,0.038,-0.097,0.041,0.0,0.001,19584.0,5946.0,1.0
mu[3606],-0.027,0.041,-0.1,0.053,0.0,0.001,16397.0,6199.0,1.0
mu[3607],-0.04,0.046,-0.127,0.045,0.0,0.001,15727.0,6096.0,1.0
mu[3608],-0.032,0.037,-0.1,0.039,0.0,0.001,20644.0,5835.0,1.0
mu[3609],-0.032,0.037,-0.106,0.034,0.0,0.001,20616.0,5815.0,1.0
mu[3610],-0.032,0.037,-0.1,0.039,0.0,0.001,20644.0,5835.0,1.0
mu[3611],-0.027,0.041,-0.1,0.053,0.0,0.001,16596.0,6148.0,1.0
mu[3612],-0.03,0.038,-0.1,0.041,0.0,0.001,18911.0,6010.0,1.0
mu[3613],-0.034,0.038,-0.105,0.038,0.0,0.001,20501.0,5917.0,1.0
mu[3614],-0.03,0.038,-0.096,0.044,0.0,0.001,19214.0,5942.0,1.0
mu[3615],-0.029,0.038,-0.1,0.042,0.0,0.001,18450.0,5963.0,1.0
mu[3616],-0.035,0.039,-0.109,0.036,0.0,0.001,20184.0,5715.0,1.0
mu[3617],-0.031,0.037,-0.101,0.038,0.0,0.001,20084.0,5877.0,1.0
mu[3618],-0.036,0.039,-0.113,0.035,0.0,0.001,19542.0,5786.0,1.0
mu[3619],-0.027,0.041,-0.1,0.053,0.0,0.001,16373.0,6199.0,1.0
mu[3620],-0.037,0.041,-0.116,0.04,0.0,0.001,17998.0,5776.0,1.0
mu[3621],-0.034,0.038,-0.101,0.04,0.0,0.001,20784.0,5662.0,1.0
mu[3622],-0.034,0.038,-0.103,0.039,0.0,0.001,20739.0,5734.0,1.0
mu[3623],-0.031,0.037,-0.101,0.038,0.0,0.001,20150.0,5878.0,1.0
mu[3624],-0.035,0.038,-0.106,0.038,0.0,0.001,20320.0,5760.0,1.0
mu[3625],-0.031,0.037,-0.101,0.038,0.0,0.001,20150.0,5878.0,1.0
mu[3626],-0.034,0.038,-0.103,0.039,0.0,0.001,20739.0,5734.0,1.0
mu[3627],-0.037,0.041,-0.116,0.04,0.0,0.001,17944.0,5776.0,1.0
mu[3628],-0.029,0.039,-0.1,0.044,0.0,0.001,18015.0,6063.0,1.0
mu[3629],-0.029,0.039,-0.1,0.044,0.0,0.001,18015.0,6063.0,1.0
mu[3630],-0.032,0.037,-0.1,0.039,0.0,0.001,20634.0,5814.0,1.0
mu[3631],-0.032,0.037,-0.105,0.035,0.0,0.001,20507.0,5905.0,1.0
mu[3632],-0.033,0.038,-0.1,0.041,0.0,0.001,20847.0,5559.0,1.0
mu[3633],-0.033,0.038,-0.099,0.041,0.0,0.001,20845.0,5559.0,1.0
mu[3634],-0.029,0.038,-0.099,0.042,0.0,0.001,18806.0,5963.0,1.0
mu[3635],-0.032,0.037,-0.1,0.04,0.0,0.001,20723.0,5770.0,1.0
mu[3636],-0.027,0.041,-0.101,0.052,0.0,0.001,16451.0,6199.0,1.0
mu[3637],-0.029,0.039,-0.1,0.044,0.0,0.001,18015.0,6063.0,1.0
mu[3638],-0.031,0.037,-0.101,0.038,0.0,0.001,20150.0,5878.0,1.0
mu[3639],-0.028,0.04,-0.102,0.046,0.0,0.001,17321.0,6137.0,1.0
mu[3640],-0.036,0.039,-0.111,0.037,0.0,0.001,19605.0,5786.0,1.0
mu[3641],-0.037,0.04,-0.114,0.037,0.0,0.001,18803.0,5712.0,1.0
mu[3642],-0.03,0.038,-0.097,0.042,0.0,0.001,19729.0,5884.0,1.0
mu[3643],-0.03,0.038,-0.097,0.041,0.0,0.001,19574.0,5946.0,1.0
mu[3644],-0.033,0.037,-0.099,0.041,0.0,0.001,20873.0,5538.0,1.0
mu[3645],-0.034,0.038,-0.103,0.039,0.0,0.001,20739.0,5734.0,1.0
mu[3646],-0.027,0.041,-0.101,0.052,0.0,0.001,16451.0,6199.0,1.0
mu[3647],-0.027,0.041,-0.1,0.053,0.0,0.001,16596.0,6148.0,1.0
mu[3648],-0.042,0.051,-0.131,0.059,0.0,0.001,14148.0,6220.0,1.0
mu[3649],-0.034,0.038,-0.103,0.039,0.0,0.001,20739.0,5734.0,1.0
mu[3650],-0.027,0.04,-0.103,0.047,0.0,0.001,16987.0,6111.0,1.0
mu[3651],-0.029,0.038,-0.1,0.042,0.0,0.001,18495.0,5885.0,1.0
mu[3652],-0.026,0.042,-0.104,0.056,0.0,0.001,15538.0,5902.0,1.0
mu[3653],-0.029,0.038,-0.099,0.042,0.0,0.001,18806.0,5963.0,1.0
mu[3654],-0.038,0.043,-0.118,0.043,0.0,0.001,17098.0,5942.0,1.0
mu[3655],-0.033,0.037,-0.098,0.041,0.0,0.001,20812.0,5611.0,1.0
mu[3656],-0.032,0.037,-0.104,0.035,0.0,0.001,20499.0,5905.0,1.0
mu[3657],-0.028,0.039,-0.101,0.046,0.0,0.001,17395.0,6088.0,1.0
mu[3658],-0.036,0.039,-0.112,0.035,0.0,0.001,19676.0,5787.0,1.0
mu[3659],-0.034,0.038,-0.103,0.039,0.0,0.001,20739.0,5734.0,1.0
mu[3660],-0.033,0.037,-0.099,0.041,0.0,0.001,20873.0,5538.0,1.0
mu[3661],-0.029,0.039,-0.1,0.044,0.0,0.001,18015.0,6063.0,1.0
mu[3662],-0.026,0.042,-0.103,0.054,0.0,0.001,15793.0,6019.0,1.0
mu[3663],-0.027,0.04,-0.103,0.047,0.0,0.001,16886.0,6160.0,1.0
mu[3664],-0.036,0.039,-0.114,0.034,0.0,0.001,19549.0,5786.0,1.0
mu[3665],-0.026,0.042,-0.102,0.054,0.0,0.001,15967.0,5958.0,1.0
mu[3666],-0.03,0.038,-0.097,0.042,0.0,0.001,19756.0,5919.0,1.0
mu[3667],-0.034,0.038,-0.102,0.039,0.0,0.001,20767.0,5734.0,1.0
mu[3668],-0.029,0.038,-0.099,0.042,0.0,0.001,18806.0,5963.0,1.0
mu[3669],-0.029,0.039,-0.1,0.044,0.0,0.001,18015.0,6063.0,1.0
mu[3670],-0.031,0.037,-0.101,0.038,0.0,0.001,20150.0,5878.0,1.0
mu[3671],-0.032,0.037,-0.1,0.039,0.0,0.001,20634.0,5814.0,1.0
mu[3672],-0.03,0.038,-0.097,0.041,0.0,0.001,19574.0,5946.0,1.0
mu[3673],-0.031,0.037,-0.101,0.038,0.0,0.001,20150.0,5878.0,1.0
mu[3674],-0.036,0.039,-0.111,0.037,0.0,0.001,19605.0,5786.0,1.0
mu[3675],-0.03,0.038,-0.096,0.044,0.0,0.001,19075.0,5954.0,1.0
mu[3676],-0.031,0.037,-0.101,0.038,0.0,0.001,20020.0,5877.0,1.0
mu[3677],-0.034,0.038,-0.101,0.04,0.0,0.001,20796.0,5599.0,1.0
mu[3678],-0.027,0.04,-0.103,0.049,0.0,0.001,16750.0,6124.0,1.0
mu[3679],-0.03,0.038,-0.097,0.043,0.0,0.001,19270.0,5941.0,1.0
mu[3680],-0.031,0.037,-0.1,0.039,0.0,0.001,19715.0,5897.0,1.0
mu[3681],-0.026,0.042,-0.103,0.055,0.0,0.001,15719.0,5948.0,1.0
mu[3682],-0.029,0.038,-0.099,0.042,0.0,0.001,18806.0,5963.0,1.0
mu[3683],-0.02,0.038,-0.093,0.051,0.0,0.001,18303.0,5979.0,1.0
mu[3684],-0.02,0.038,-0.09,0.052,0.0,0.001,18335.0,5988.0,1.0
mu[3685],-0.022,0.045,-0.107,0.061,0.0,0.001,16968.0,5846.0,1.0
mu[3686],-0.019,0.038,-0.092,0.05,0.0,0.0,17838.0,5969.0,1.0
mu[3687],-0.018,0.039,-0.093,0.051,0.0,0.0,17320.0,5978.0,1.0
mu[3688],-0.02,0.038,-0.09,0.054,0.0,0.001,18343.0,5885.0,1.0
mu[3689],-0.019,0.038,-0.089,0.054,0.0,0.0,18087.0,6021.0,1.0
mu[3690],-0.02,0.039,-0.094,0.051,0.0,0.001,18283.0,5978.0,1.0
mu[3691],-0.018,0.039,-0.094,0.052,0.0,0.0,17249.0,5919.0,1.0
mu[3692],-0.018,0.041,-0.1,0.054,0.0,0.001,16768.0,5800.0,1.0
mu[3693],-0.021,0.04,-0.096,0.053,0.0,0.001,18129.0,5935.0,1.0
mu[3694],-0.02,0.039,-0.094,0.054,0.0,0.001,18183.0,5913.0,1.0
mu[3695],-0.025,0.067,-0.145,0.108,0.001,0.001,13712.0,5925.0,1.0
mu[3696],-0.02,0.038,-0.09,0.054,0.0,0.001,18331.0,5830.0,1.0
mu[3697],-0.019,0.038,-0.089,0.053,0.0,0.0,18130.0,5973.0,1.0
mu[3698],-0.02,0.038,-0.09,0.052,0.0,0.001,18307.0,5855.0,1.0
mu[3699],-0.02,0.038,-0.09,0.053,0.0,0.001,18345.0,5885.0,1.0
mu[3700],-0.018,0.04,-0.093,0.056,0.0,0.0,17574.0,6020.0,1.0
mu[3701],-0.021,0.042,-0.101,0.057,0.0,0.001,17507.0,6129.0,1.0
mu[3702],-0.018,0.04,-0.093,0.056,0.0,0.0,17464.0,6022.0,1.0
mu[3703],-0.02,0.038,-0.093,0.051,0.0,0.001,18322.0,5956.0,1.0
mu[3704],-0.02,0.038,-0.09,0.053,0.0,0.001,18336.0,5988.0,1.0
mu[3705],-0.02,0.038,-0.093,0.051,0.0,0.001,18319.0,5921.0,1.0
mu[3706],-0.023,0.051,-0.118,0.073,0.0,0.001,16317.0,5979.0,1.0
mu[3707],-0.019,0.038,-0.092,0.05,0.0,0.001,18265.0,5892.0,1.0
mu[3708],-0.02,0.038,-0.092,0.053,0.0,0.001,18324.0,5908.0,1.0
mu[3709],-0.021,0.041,-0.096,0.057,0.0,0.001,17892.0,5979.0,1.0
mu[3710],-0.02,0.038,-0.092,0.053,0.0,0.001,18321.0,5863.0,1.0
mu[3711],-0.02,0.038,-0.09,0.052,0.0,0.001,18338.0,6011.0,1.0
mu[3712],-0.019,0.038,-0.089,0.053,0.0,0.0,18150.0,5971.0,1.0
mu[3713],-0.021,0.042,-0.098,0.058,0.0,0.001,17591.0,6078.0,1.0
mu[3714],-0.018,0.039,-0.092,0.055,0.0,0.0,18064.0,5944.0,1.0
mu[3715],-0.019,0.038,-0.091,0.052,0.0,0.0,17722.0,5934.0,1.0
mu[3716],-0.019,0.038,-0.09,0.052,0.0,0.001,18294.0,5879.0,1.0
mu[3717],-0.02,0.038,-0.09,0.052,0.0,0.001,18304.0,5855.0,1.0
mu[3718],-0.018,0.039,-0.094,0.052,0.0,0.0,17245.0,5964.0,1.0
mu[3719],-0.019,0.038,-0.092,0.05,0.0,0.0,17900.0,6005.0,1.0
mu[3720],-0.018,0.041,-0.095,0.058,0.0,0.001,17000.0,5857.0,1.0
mu[3721],-0.018,0.039,-0.094,0.053,0.0,0.0,18041.0,5921.0,1.0
mu[3722],-0.02,0.038,-0.09,0.053,0.0,0.001,18331.0,5988.0,1.0
mu[3723],-0.02,0.038,-0.092,0.053,0.0,0.001,18322.0,5807.0,1.0
mu[3724],-0.022,0.044,-0.104,0.061,0.0,0.001,17155.0,5825.0,1.0
mu[3725],-0.018,0.039,-0.094,0.052,0.0,0.0,17219.0,5917.0,1.0
mu[3726],-0.02,0.039,-0.094,0.054,0.0,0.001,18193.0,5912.0,1.0
mu[3727],-0.017,0.041,-0.094,0.061,0.0,0.001,16601.0,6115.0,1.0
mu[3728],-0.023,0.049,-0.114,0.072,0.0,0.001,16271.0,5753.0,1.0
mu[3729],-0.02,0.039,-0.094,0.051,0.0,0.001,18284.0,5955.0,1.0
mu[3730],-0.02,0.038,-0.091,0.051,0.0,0.001,18305.0,5855.0,1.0
mu[3731],-0.019,0.038,-0.092,0.05,0.0,0.0,18166.0,5971.0,1.0
mu[3732],-0.019,0.038,-0.092,0.05,0.0,0.0,17843.0,6052.0,1.0
mu[3733],-0.018,0.041,-0.095,0.058,0.0,0.001,16947.0,5784.0,1.0
mu[3734],-0.022,0.046,-0.11,0.062,0.0,0.001,16822.0,5892.0,1.0
mu[3735],-0.019,0.038,-0.091,0.051,0.0,0.001,18263.0,5892.0,1.0
mu[3736],-0.019,0.038,-0.09,0.052,0.0,0.001,18253.0,5961.0,1.0
mu[3737],-0.019,0.038,-0.091,0.051,0.0,0.001,18263.0,5892.0,1.0
mu[3738],-0.018,0.04,-0.094,0.058,0.0,0.001,17112.0,5903.0,1.0
mu[3739],-0.019,0.038,-0.094,0.05,0.0,0.0,17593.0,5955.0,1.0
mu[3740],-0.02,0.039,-0.095,0.05,0.0,0.001,18278.0,5955.0,1.0
mu[3741],-0.019,0.038,-0.091,0.052,0.0,0.0,17730.0,5911.0,1.0
mu[3742],-0.018,0.039,-0.092,0.052,0.0,0.0,17380.0,5967.0,1.0
mu[3743],-0.02,0.039,-0.094,0.053,0.0,0.001,18233.0,5923.0,1.0
mu[3744],-0.019,0.038,-0.089,0.053,0.0,0.0,18058.0,6006.0,1.0
mu[3745],-0.021,0.04,-0.095,0.054,0.0,0.001,18067.0,5936.0,1.0
mu[3746],-0.018,0.041,-0.095,0.058,0.0,0.001,16925.0,5741.0,1.0
mu[3747],-0.021,0.042,-0.098,0.058,0.0,0.001,17625.0,6066.0,1.0
mu[3748],-0.02,0.038,-0.092,0.052,0.0,0.001,18338.0,5876.0,1.0
mu[3749],-0.02,0.038,-0.09,0.054,0.0,0.001,18332.0,5829.0,1.0
mu[3750],-0.019,0.038,-0.089,0.053,0.0,0.0,18075.0,6021.0,1.0
mu[3751],-0.02,0.039,-0.093,0.054,0.0,0.001,18246.0,5922.0,1.0
mu[3752],-0.019,0.038,-0.089,0.053,0.0,0.0,18075.0,6021.0,1.0
mu[3753],-0.02,0.038,-0.09,0.054,0.0,0.001,18332.0,5829.0,1.0
mu[3754],-0.021,0.042,-0.098,0.058,0.0,0.001,17606.0,6065.0,1.0
mu[3755],-0.018,0.039,-0.094,0.052,0.0,0.0,17158.0,5873.0,1.0
mu[3756],-0.018,0.039,-0.094,0.052,0.0,0.0,17158.0,5873.0,1.0
mu[3757],-0.019,0.038,-0.091,0.051,0.0,0.001,18259.0,5892.0,1.0
mu[3758],-0.019,0.038,-0.09,0.052,0.0,0.0,18212.0,5985.0,1.0
mu[3759],-0.02,0.038,-0.089,0.054,0.0,0.001,18341.0,5884.0,1.0
mu[3760],-0.02,0.038,-0.09,0.054,0.0,0.001,18343.0,5885.0,1.0
mu[3761],-0.019,0.038,-0.092,0.051,0.0,0.0,17535.0,5954.0,1.0
mu[3762],-0.019,0.038,-0.09,0.052,0.0,0.001,18296.0,5879.0,1.0
mu[3763],-0.018,0.041,-0.095,0.058,0.0,0.001,17000.0,5857.0,1.0
mu[3764],-0.018,0.039,-0.094,0.052,0.0,0.0,17158.0,5873.0,1.0
mu[3765],-0.019,0.038,-0.089,0.053,0.0,0.0,18075.0,6021.0,1.0
mu[3766],-0.018,0.04,-0.094,0.054,0.0,0.0,17730.0,5960.0,1.0
mu[3767],-0.021,0.04,-0.095,0.054,0.0,0.001,18099.0,5890.0,1.0
mu[3768],-0.021,0.041,-0.101,0.052,0.0,0.001,17899.0,5980.0,1.0
mu[3769],-0.019,0.038,-0.093,0.05,0.0,0.0,17791.0,6002.0,1.0
mu[3770],-0.019,0.038,-0.092,0.05,0.0,0.0,17838.0,5969.0,1.0
mu[3771],-0.02,0.038,-0.09,0.053,0.0,0.001,18340.0,6011.0,1.0
mu[3772],-0.02,0.038,-0.09,0.054,0.0,0.001,18332.0,5829.0,1.0
mu[3773],-0.018,0.041,-0.095,0.058,0.0,0.001,17000.0,5857.0,1.0
mu[3774],-0.018,0.04,-0.094,0.058,0.0,0.001,17112.0,5903.0,1.0
mu[3775],-0.023,0.051,-0.118,0.072,0.0,0.001,16347.0,5932.0,1.0
mu[3776],-0.02,0.038,-0.09,0.054,0.0,0.001,18332.0,5829.0,1.0
mu[3777],-0.018,0.04,-0.093,0.056,0.0,0.0,17430.0,6022.0,1.0
mu[3778],-0.018,0.039,-0.092,0.052,0.0,0.0,17400.0,5943.0,1.0
mu[3779],-0.017,0.042,-0.095,0.062,0.0,0.001,16407.0,6134.0,1.0
mu[3780],-0.019,0.038,-0.092,0.051,0.0,0.0,17535.0,5954.0,1.0
mu[3781],-0.021,0.043,-0.104,0.057,0.0,0.001,17364.0,6056.0,1.0
mu[3782],-0.02,0.038,-0.089,0.053,0.0,0.001,18314.0,5839.0,1.0
mu[3783],-0.019,0.038,-0.09,0.052,0.0,0.0,18203.0,5985.0,1.0
mu[3784],-0.018,0.039,-0.093,0.055,0.0,0.0,17791.0,5968.0,1.0
mu[3785],-0.021,0.04,-0.096,0.053,0.0,0.001,18127.0,5936.0,1.0
mu[3786],-0.02,0.038,-0.09,0.054,0.0,0.001,18332.0,5829.0,1.0
mu[3787],-0.02,0.038,-0.09,0.053,0.0,0.001,18340.0,6011.0,1.0
mu[3788],-0.018,0.039,-0.094,0.052,0.0,0.0,17158.0,5873.0,1.0
mu[3789],-0.017,0.042,-0.094,0.061,0.0,0.001,16546.0,6068.0,1.0
mu[3790],-0.018,0.04,-0.094,0.056,0.0,0.001,17341.0,6024.0,1.0
mu[3791],-0.021,0.04,-0.095,0.054,0.0,0.001,18071.0,5936.0,1.0
mu[3792],-0.017,0.041,-0.094,0.061,0.0,0.001,16644.0,5940.0,1.0
mu[3793],-0.019,0.038,-0.092,0.05,0.0,0.0,17812.0,6001.0,1.0
mu[3794],-0.02,0.038,-0.091,0.053,0.0,0.001,18332.0,5853.0,1.0
mu[3795],-0.019,0.038,-0.092,0.051,0.0,0.0,17535.0,5954.0,1.0
mu[3796],-0.018,0.039,-0.094,0.052,0.0,0.0,17158.0,5873.0,1.0
mu[3797],-0.019,0.038,-0.089,0.053,0.0,0.0,18075.0,6021.0,1.0
mu[3798],-0.019,0.038,-0.091,0.051,0.0,0.001,18259.0,5892.0,1.0
mu[3799],-0.019,0.038,-0.092,0.05,0.0,0.0,17838.0,5969.0,1.0
mu[3800],-0.019,0.038,-0.089,0.053,0.0,0.0,18075.0,6021.0,1.0
mu[3801],-0.021,0.04,-0.095,0.054,0.0,0.001,18099.0,5890.0,1.0
mu[3802],-0.019,0.038,-0.091,0.052,0.0,0.0,17664.0,5901.0,1.0
mu[3803],-0.019,0.038,-0.089,0.053,0.0,0.0,18057.0,6006.0,1.0
mu[3804],-0.02,0.038,-0.091,0.052,0.0,0.001,18339.0,5875.0,1.0
mu[3805],-0.018,0.04,-0.094,0.057,0.0,0.001,17236.0,6025.0,1.0
mu[3806],-0.019,0.038,-0.091,0.052,0.0,0.0,17747.0,5911.0,1.0
mu[3807],-0.019,0.038,-0.089,0.054,0.0,0.0,17930.0,6029.0,1.0
mu[3808],-0.017,0.042,-0.094,0.062,0.0,0.001,16513.0,6093.0,1.0
mu[3809],-0.019,0.038,-0.092,0.051,0.0,0.0,17535.0,5954.0,1.0
mu[3810],-0.036,0.038,-0.107,0.035,0.0,0.001,17470.0,5491.0,1.0
mu[3811],-0.036,0.038,-0.108,0.033,0.0,0.001,17764.0,5268.0,1.0
mu[3812],-0.036,0.044,-0.117,0.048,0.0,0.001,15935.0,5701.0,1.0
mu[3813],-0.036,0.038,-0.105,0.037,0.0,0.001,17506.0,5111.0,1.0
mu[3814],-0.036,0.038,-0.11,0.035,0.0,0.001,17418.0,5066.0,1.0
mu[3815],-0.036,0.038,-0.107,0.034,0.0,0.001,17683.0,5343.0,1.0
mu[3816],-0.036,0.037,-0.106,0.034,0.0,0.001,17521.0,5034.0,1.0
mu[3817],-0.036,0.038,-0.107,0.035,0.0,0.001,17363.0,5594.0,1.0
mu[3818],-0.036,0.039,-0.111,0.034,0.0,0.001,17408.0,5134.0,1.0
mu[3819],-0.036,0.041,-0.114,0.04,0.0,0.001,17079.0,5308.0,1.0
mu[3820],-0.036,0.039,-0.111,0.035,0.0,0.001,17092.0,5618.0,1.0
mu[3821],-0.036,0.039,-0.109,0.036,0.0,0.001,17153.0,5533.0,1.0
mu[3822],-0.036,0.066,-0.161,0.086,0.001,0.001,14397.0,6072.0,1.0
mu[3823],-0.036,0.038,-0.107,0.035,0.0,0.001,17562.0,5540.0,1.0
mu[3824],-0.036,0.037,-0.107,0.034,0.0,0.001,17524.0,5000.0,1.0
mu[3825],-0.036,0.038,-0.108,0.033,0.0,0.001,17815.0,5251.0,1.0
mu[3826],-0.036,0.038,-0.107,0.034,0.0,0.001,17676.0,5343.0,1.0
mu[3827],-0.036,0.04,-0.115,0.035,0.0,0.001,17278.0,5149.0,1.0
mu[3828],-0.036,0.042,-0.113,0.043,0.0,0.001,16400.0,5774.0,1.0
mu[3829],-0.036,0.04,-0.112,0.038,0.0,0.001,17264.0,5185.0,1.0
mu[3830],-0.036,0.038,-0.107,0.035,0.0,0.001,17493.0,5488.0,1.0
mu[3831],-0.036,0.038,-0.108,0.032,0.0,0.001,17773.0,5286.0,1.0
mu[3832],-0.036,0.038,-0.107,0.035,0.0,0.001,17492.0,5451.0,1.0
mu[3833],-0.036,0.05,-0.13,0.057,0.0,0.001,15173.0,6095.0,1.0
mu[3834],-0.036,0.037,-0.107,0.033,0.0,0.001,17892.0,5249.0,1.0
mu[3835],-0.036,0.038,-0.106,0.035,0.0,0.001,17519.0,5492.0,1.0
mu[3836],-0.036,0.04,-0.113,0.036,0.0,0.001,16807.0,5650.0,1.0
mu[3837],-0.036,0.038,-0.106,0.035,0.0,0.001,17529.0,5553.0,1.0
mu[3838],-0.036,0.038,-0.108,0.033,0.0,0.001,17752.0,5250.0,1.0
mu[3839],-0.036,0.037,-0.107,0.033,0.0,0.001,17511.0,5050.0,1.0
mu[3840],-0.036,0.041,-0.114,0.04,0.0,0.001,16510.0,5847.0,1.0
mu[3841],-0.036,0.039,-0.111,0.036,0.0,0.001,17368.0,5082.0,1.0
mu[3842],-0.036,0.038,-0.107,0.036,0.0,0.001,17491.0,5091.0,1.0
mu[3843],-0.036,0.037,-0.108,0.033,0.0,0.001,17866.0,5251.0,1.0
mu[3844],-0.036,0.038,-0.108,0.033,0.0,0.001,17831.0,5251.0,1.0
mu[3845],-0.036,0.039,-0.111,0.034,0.0,0.001,17410.0,5099.0,1.0
mu[3846],-0.036,0.038,-0.105,0.037,0.0,0.001,17515.0,5108.0,1.0
mu[3847],-0.036,0.04,-0.113,0.039,0.0,0.001,17128.0,5342.0,1.0
mu[3848],-0.036,0.039,-0.112,0.036,0.0,0.001,17356.0,5064.0,1.0
mu[3849],-0.036,0.038,-0.108,0.032,0.0,0.001,17772.0,5268.0,1.0
mu[3850],-0.036,0.038,-0.106,0.035,0.0,0.001,17536.0,5553.0,1.0
mu[3851],-0.036,0.043,-0.116,0.046,0.0,0.001,16065.0,5679.0,1.0
mu[3852],-0.036,0.039,-0.112,0.034,0.0,0.001,17407.0,5099.0,1.0
mu[3853],-0.036,0.039,-0.109,0.035,0.0,0.001,17159.0,5556.0,1.0
mu[3854],-0.036,0.041,-0.114,0.042,0.0,0.001,17011.0,5251.0,1.0
mu[3855],-0.036,0.049,-0.124,0.058,0.0,0.001,15280.0,5951.0,1.0
mu[3856],-0.036,0.038,-0.108,0.035,0.0,0.001,17377.0,5573.0,1.0
mu[3857],-0.036,0.037,-0.108,0.033,0.0,0.001,17839.0,5251.0,1.0
mu[3858],-0.036,0.037,-0.106,0.034,0.0,0.001,17514.0,5085.0,1.0
mu[3859],-0.036,0.038,-0.105,0.037,0.0,0.001,17507.0,5110.0,1.0
mu[3860],-0.036,0.04,-0.113,0.039,0.0,0.001,17114.0,5361.0,1.0
mu[3861],-0.036,0.045,-0.124,0.045,0.0,0.001,15778.0,5674.0,1.0
mu[3862],-0.036,0.037,-0.107,0.033,0.0,0.001,17893.0,5249.0,1.0
mu[3863],-0.036,0.037,-0.106,0.034,0.0,0.001,17489.0,5213.0,1.0
mu[3864],-0.036,0.037,-0.107,0.033,0.0,0.001,17893.0,5249.0,1.0
mu[3865],-0.036,0.04,-0.113,0.039,0.0,0.001,17162.0,5268.0,1.0
mu[3866],-0.036,0.038,-0.109,0.035,0.0,0.001,17472.0,5077.0,1.0
mu[3867],-0.036,0.038,-0.108,0.035,0.0,0.001,17393.0,5572.0,1.0
mu[3868],-0.036,0.038,-0.107,0.036,0.0,0.001,17498.0,5126.0,1.0
mu[3869],-0.036,0.038,-0.11,0.035,0.0,0.001,17432.0,4965.0,1.0
mu[3870],-0.036,0.039,-0.108,0.036,0.0,0.001,17249.0,5678.0,1.0
mu[3871],-0.036,0.037,-0.106,0.034,0.0,0.001,17521.0,4984.0,1.0
mu[3872],-0.036,0.039,-0.108,0.038,0.0,0.001,17031.0,5671.0,1.0
mu[3873],-0.036,0.041,-0.114,0.039,0.0,0.001,17111.0,5324.0,1.0
mu[3874],-0.036,0.041,-0.114,0.039,0.0,0.001,16548.0,5823.0,1.0
mu[3875],-0.036,0.038,-0.107,0.034,0.0,0.001,17608.0,5557.0,1.0
mu[3876],-0.036,0.038,-0.106,0.035,0.0,0.001,17559.0,5553.0,1.0
mu[3877],-0.036,0.037,-0.106,0.034,0.0,0.001,17521.0,5017.0,1.0
mu[3878],-0.036,0.039,-0.107,0.036,0.0,0.001,17305.0,5658.0,1.0
mu[3879],-0.036,0.037,-0.106,0.034,0.0,0.001,17521.0,5017.0,1.0
mu[3880],-0.036,0.038,-0.106,0.035,0.0,0.001,17559.0,5553.0,1.0
mu[3881],-0.036,0.041,-0.114,0.039,0.0,0.001,16525.0,5800.0,1.0
mu[3882],-0.036,0.039,-0.112,0.034,0.0,0.001,17387.0,5117.0,1.0
mu[3883],-0.036,0.039,-0.112,0.034,0.0,0.001,17387.0,5117.0,1.0
mu[3884],-0.036,0.037,-0.107,0.033,0.0,0.001,17492.0,5213.0,1.0
mu[3885],-0.036,0.037,-0.106,0.034,0.0,0.001,17511.0,5052.0,1.0
mu[3886],-0.036,0.038,-0.107,0.034,0.0,0.001,17685.0,5343.0,1.0
mu[3887],-0.036,0.038,-0.107,0.034,0.0,0.001,17683.0,5343.0,1.0
mu[3888],-0.036,0.038,-0.108,0.035,0.0,0.001,17459.0,5060.0,1.0
mu[3889],-0.036,0.037,-0.108,0.033,0.0,0.001,17856.0,5251.0,1.0
mu[3890],-0.036,0.04,-0.113,0.039,0.0,0.001,17128.0,5342.0,1.0
mu[3891],-0.036,0.039,-0.112,0.034,0.0,0.001,17387.0,5117.0,1.0
mu[3892],-0.036,0.037,-0.106,0.034,0.0,0.001,17521.0,5017.0,1.0
mu[3893],-0.036,0.039,-0.114,0.035,0.0,0.001,17321.0,5113.0,1.0
mu[3894],-0.036,0.039,-0.11,0.036,0.0,0.001,17048.0,5566.0,1.0
mu[3895],-0.036,0.04,-0.114,0.036,0.0,0.001,16824.0,5671.0,1.0
mu[3896],-0.036,0.038,-0.106,0.036,0.0,0.001,17500.0,5110.0,1.0
mu[3897],-0.036,0.038,-0.105,0.037,0.0,0.001,17506.0,5111.0,1.0
mu[3898],-0.036,0.038,-0.108,0.033,0.0,0.001,17756.0,5250.0,1.0
mu[3899],-0.036,0.038,-0.106,0.035,0.0,0.001,17559.0,5553.0,1.0
mu[3900],-0.036,0.04,-0.113,0.039,0.0,0.001,17128.0,5342.0,1.0
mu[3901],-0.036,0.04,-0.113,0.039,0.0,0.001,17162.0,5268.0,1.0
mu[3902],-0.036,0.05,-0.13,0.058,0.0,0.001,15184.0,5998.0,1.0
mu[3903],-0.036,0.038,-0.106,0.035,0.0,0.001,17559.0,5553.0,1.0
mu[3904],-0.036,0.04,-0.114,0.036,0.0,0.001,17253.0,5184.0,1.0
mu[3905],-0.036,0.038,-0.109,0.035,0.0,0.001,17434.0,5044.0,1.0
mu[3906],-0.036,0.042,-0.116,0.042,0.0,0.001,16934.0,5305.0,1.0
mu[3907],-0.036,0.038,-0.108,0.035,0.0,0.001,17459.0,5060.0,1.0
mu[3908],-0.036,0.042,-0.115,0.043,0.0,0.001,16239.0,5638.0,1.0
mu[3909],-0.036,0.038,-0.108,0.032,0.0,0.001,17799.0,5269.0,1.0
mu[3910],-0.036,0.037,-0.107,0.033,0.0,0.001,17513.0,5035.0,1.0
mu[3911],-0.036,0.039,-0.113,0.036,0.0,0.001,17324.0,5113.0,1.0
mu[3912],-0.036,0.039,-0.111,0.035,0.0,0.001,17086.0,5618.0,1.0
mu[3913],-0.036,0.038,-0.106,0.035,0.0,0.001,17559.0,5553.0,1.0
mu[3914],-0.036,0.038,-0.108,0.033,0.0,0.001,17756.0,5250.0,1.0
mu[3915],-0.036,0.039,-0.112,0.034,0.0,0.001,17387.0,5117.0,1.0
mu[3916],-0.036,0.041,-0.115,0.042,0.0,0.001,16987.0,5342.0,1.0
mu[3917],-0.036,0.04,-0.113,0.038,0.0,0.001,17210.0,5222.0,1.0
mu[3918],-0.036,0.039,-0.108,0.038,0.0,0.001,17035.0,5736.0,1.0
mu[3919],-0.036,0.041,-0.115,0.04,0.0,0.001,17020.0,5288.0,1.0
mu[3920],-0.036,0.038,-0.106,0.037,0.0,0.001,17509.0,5127.0,1.0
mu[3921],-0.036,0.038,-0.106,0.035,0.0,0.001,17587.0,5497.0,1.0
mu[3922],-0.036,0.038,-0.108,0.035,0.0,0.001,17459.0,5060.0,1.0
mu[3923],-0.036,0.039,-0.112,0.034,0.0,0.001,17387.0,5117.0,1.0
mu[3924],-0.036,0.037,-0.106,0.034,0.0,0.001,17521.0,5017.0,1.0
mu[3925],-0.036,0.037,-0.107,0.033,0.0,0.001,17492.0,5213.0,1.0
mu[3926],-0.036,0.038,-0.105,0.037,0.0,0.001,17506.0,5111.0,1.0
mu[3927],-0.036,0.037,-0.106,0.034,0.0,0.001,17521.0,5017.0,1.0
mu[3928],-0.036,0.039,-0.11,0.036,0.0,0.001,17048.0,5566.0,1.0
mu[3929],-0.036,0.038,-0.109,0.034,0.0,0.001,17489.0,5197.0,1.0
mu[3930],-0.036,0.037,-0.106,0.034,0.0,0.001,17518.0,5050.0,1.0
mu[3931],-0.036,0.038,-0.107,0.033,0.0,0.001,17638.0,5557.0,1.0
mu[3932],-0.036,0.04,-0.115,0.036,0.0,0.001,17178.0,5254.0,1.0
mu[3933],-0.036,0.038,-0.105,0.038,0.0,0.001,17496.0,5144.0,1.0
mu[3934],-0.036,0.038,-0.105,0.037,0.0,0.001,17526.0,5110.0,1.0
mu[3935],-0.036,0.042,-0.115,0.042,0.0,0.001,16975.0,5342.0,1.0
mu[3936],-0.036,0.038,-0.108,0.035,0.0,0.001,17459.0,5060.0,1.0
mu[3937],-0.008,0.037,-0.079,0.06,0.0,0.0,17708.0,6071.0,1.0
mu[3938],-0.008,0.037,-0.081,0.056,0.0,0.0,17793.0,5947.0,1.0
mu[3939],-0.007,0.043,-0.085,0.074,0.0,0.001,16353.0,6084.0,1.0
mu[3940],-0.008,0.037,-0.078,0.06,0.0,0.0,17641.0,6116.0,1.0
mu[3941],-0.009,0.038,-0.08,0.062,0.0,0.0,17341.0,6030.0,1.0
mu[3942],-0.008,0.037,-0.081,0.056,0.0,0.0,17770.0,6010.0,1.0
mu[3943],-0.008,0.037,-0.078,0.059,0.0,0.0,17746.0,5974.0,1.0
mu[3944],-0.008,0.037,-0.079,0.061,0.0,0.0,17660.0,6055.0,1.0
mu[3945],-0.009,0.038,-0.082,0.06,0.0,0.0,17293.0,6078.0,1.0
mu[3946],-0.009,0.04,-0.084,0.067,0.0,0.001,16599.0,6105.0,1.0
mu[3947],-0.007,0.038,-0.079,0.063,0.0,0.0,17431.0,6144.0,1.0
mu[3948],-0.007,0.038,-0.078,0.063,0.0,0.0,17484.0,6221.0,1.0
mu[3949],-0.005,0.064,-0.124,0.113,0.001,0.001,14518.0,6270.0,1.0
mu[3950],-0.008,0.037,-0.079,0.06,0.0,0.0,17695.0,6023.0,1.0
mu[3951],-0.008,0.037,-0.077,0.06,0.0,0.0,17770.0,5962.0,1.0
mu[3952],-0.008,0.037,-0.079,0.058,0.0,0.0,17803.0,5946.0,1.0
mu[3953],-0.008,0.037,-0.081,0.056,0.0,0.0,17770.0,6034.0,1.0
mu[3954],-0.009,0.039,-0.084,0.062,0.0,0.0,16971.0,6069.0,1.0
mu[3955],-0.007,0.04,-0.08,0.07,0.0,0.001,16803.0,6210.0,1.0
mu[3956],-0.009,0.039,-0.085,0.062,0.0,0.0,16923.0,6151.0,1.0
mu[3957],-0.008,0.037,-0.079,0.059,0.0,0.0,17719.0,6071.0,1.0
mu[3958],-0.008,0.037,-0.079,0.058,0.0,0.0,17797.0,5947.0,1.0
mu[3959],-0.008,0.037,-0.079,0.059,0.0,0.0,17720.0,6071.0,1.0
mu[3960],-0.006,0.048,-0.094,0.084,0.0,0.001,15618.0,6357.0,1.0
mu[3961],-0.008,0.037,-0.08,0.057,0.0,0.0,17816.0,5923.0,1.0
mu[3962],-0.008,0.037,-0.079,0.06,0.0,0.0,17702.0,6071.0,1.0
mu[3963],-0.007,0.039,-0.078,0.067,0.0,0.001,17151.0,6268.0,1.0
mu[3964],-0.008,0.037,-0.079,0.06,0.0,0.0,17707.0,6071.0,1.0
mu[3965],-0.008,0.037,-0.079,0.059,0.0,0.0,17783.0,5901.0,1.0
mu[3966],-0.008,0.037,-0.078,0.059,0.0,0.0,17780.0,5938.0,1.0
mu[3967],-0.007,0.04,-0.079,0.069,0.0,0.001,16901.0,6254.0,1.0
mu[3968],-0.009,0.038,-0.084,0.06,0.0,0.0,17143.0,6057.0,1.0
mu[3969],-0.008,0.037,-0.08,0.06,0.0,0.0,17556.0,6007.0,1.0
mu[3970],-0.008,0.037,-0.08,0.057,0.0,0.0,17815.0,5969.0,1.0
mu[3971],-0.008,0.037,-0.08,0.057,0.0,0.0,17819.0,5923.0,1.0
mu[3972],-0.009,0.038,-0.082,0.061,0.0,0.0,17289.0,6078.0,1.0
mu[3973],-0.008,0.037,-0.079,0.058,0.0,0.0,17663.0,6080.0,1.0
mu[3974],-0.009,0.04,-0.084,0.066,0.0,0.0,16691.0,6096.0,1.0
mu[3975],-0.009,0.038,-0.083,0.061,0.0,0.0,17135.0,6045.0,1.0
mu[3976],-0.008,0.037,-0.08,0.058,0.0,0.0,17797.0,5947.0,1.0
mu[3977],-0.008,0.037,-0.079,0.06,0.0,0.0,17709.0,6047.0,1.0
mu[3978],-0.007,0.042,-0.081,0.074,0.0,0.001,16495.0,6141.0,1.0
mu[3979],-0.009,0.038,-0.082,0.06,0.0,0.0,17271.0,6054.0,1.0
mu[3980],-0.007,0.038,-0.078,0.063,0.0,0.0,17493.0,6220.0,1.0
mu[3981],-0.009,0.041,-0.087,0.066,0.0,0.001,16471.0,6093.0,1.0
mu[3982],-0.006,0.047,-0.093,0.081,0.0,0.001,15738.0,6238.0,1.0
mu[3983],-0.008,0.037,-0.079,0.061,0.0,0.0,17666.0,6055.0,1.0
mu[3984],-0.008,0.037,-0.08,0.057,0.0,0.0,17819.0,5923.0,1.0
mu[3985],-0.008,0.037,-0.077,0.059,0.0,0.0,17797.0,6017.0,1.0
mu[3986],-0.008,0.037,-0.078,0.059,0.0,0.0,17646.0,6116.0,1.0
mu[3987],-0.009,0.04,-0.084,0.066,0.0,0.0,16670.0,6096.0,1.0
mu[3988],-0.007,0.043,-0.085,0.076,0.0,0.001,16222.0,6189.0,1.0
mu[3989],-0.008,0.037,-0.08,0.057,0.0,0.0,17821.0,5923.0,1.0
mu[3990],-0.008,0.037,-0.08,0.057,0.0,0.0,17813.0,5969.0,1.0
mu[3991],-0.008,0.037,-0.08,0.057,0.0,0.0,17821.0,5923.0,1.0
mu[3992],-0.009,0.04,-0.084,0.065,0.0,0.0,16752.0,6176.0,1.0
mu[3993],-0.008,0.037,-0.079,0.061,0.0,0.0,17489.0,6080.0,1.0
mu[3994],-0.008,0.037,-0.08,0.059,0.0,0.0,17677.0,6055.0,1.0
mu[3995],-0.008,0.037,-0.08,0.059,0.0,0.0,17563.0,5984.0,1.0
mu[3996],-0.009,0.038,-0.08,0.062,0.0,0.0,17370.0,6018.0,1.0
mu[3997],-0.007,0.038,-0.076,0.064,0.0,0.0,17563.0,6120.0,1.0
mu[3998],-0.008,0.037,-0.078,0.059,0.0,0.0,17730.0,5974.0,1.0
mu[3999],-0.007,0.038,-0.079,0.063,0.0,0.001,17371.0,6108.0,1.0
mu[4000],-0.009,0.04,-0.084,0.066,0.0,0.0,16664.0,6070.0,1.0
mu[4001],-0.007,0.04,-0.079,0.069,0.0,0.001,16928.0,6254.0,1.0
mu[4002],-0.008,0.037,-0.081,0.058,0.0,0.0,17739.0,6056.0,1.0
mu[4003],-0.008,0.037,-0.079,0.06,0.0,0.0,17709.0,6023.0,1.0
mu[4004],-0.008,0.037,-0.078,0.059,0.0,0.0,17743.0,5974.0,1.0
mu[4005],-0.007,0.037,-0.078,0.062,0.0,0.0,17600.0,6130.0,1.0
mu[4006],-0.008,0.037,-0.078,0.059,0.0,0.0,17743.0,5974.0,1.0
mu[4007],-0.008,0.037,-0.079,0.06,0.0,0.0,17709.0,6023.0,1.0
mu[4008],-0.007,0.04,-0.079,0.069,0.0,0.001,16911.0,6228.0,1.0
mu[4009],-0.009,0.038,-0.082,0.061,0.0,0.0,17228.0,6097.0,1.0
mu[4010],-0.009,0.038,-0.082,0.061,0.0,0.0,17228.0,6097.0,1.0
mu[4011],-0.008,0.037,-0.08,0.057,0.0,0.0,17821.0,5923.0,1.0
mu[4012],-0.008,0.037,-0.08,0.057,0.0,0.0,17794.0,5970.0,1.0
mu[4013],-0.008,0.037,-0.081,0.056,0.0,0.0,17770.0,6010.0,1.0
mu[4014],-0.008,0.037,-0.081,0.056,0.0,0.0,17770.0,6010.0,1.0
mu[4015],-0.008,0.037,-0.079,0.061,0.0,0.0,17462.0,6092.0,1.0
mu[4016],-0.008,0.037,-0.08,0.057,0.0,0.0,17819.0,5970.0,1.0
mu[4017],-0.009,0.04,-0.084,0.066,0.0,0.0,16691.0,6096.0,1.0
mu[4018],-0.009,0.038,-0.082,0.061,0.0,0.0,17228.0,6097.0,1.0
mu[4019],-0.008,0.037,-0.078,0.059,0.0,0.0,17743.0,5974.0,1.0
mu[4020],-0.009,0.039,-0.084,0.062,0.0,0.0,17012.0,6045.0,1.0
mu[4021],-0.007,0.038,-0.079,0.064,0.0,0.001,17397.0,6084.0,1.0
mu[4022],-0.007,0.039,-0.078,0.067,0.0,0.001,17165.0,6216.0,1.0
mu[4023],-0.008,0.037,-0.079,0.059,0.0,0.0,17608.0,6153.0,1.0
mu[4024],-0.008,0.037,-0.078,0.06,0.0,0.0,17641.0,6116.0,1.0
mu[4025],-0.008,0.037,-0.081,0.057,0.0,0.0,17784.0,5924.0,1.0
mu[4026],-0.008,0.037,-0.079,0.06,0.0,0.0,17709.0,6023.0,1.0
mu[4027],-0.009,0.04,-0.084,0.066,0.0,0.0,16691.0,6096.0,1.0
mu[4028],-0.009,0.04,-0.084,0.065,0.0,0.0,16752.0,6176.0,1.0
mu[4029],-0.006,0.048,-0.094,0.084,0.0,0.001,15629.0,6357.0,1.0
mu[4030],-0.008,0.037,-0.079,0.06,0.0,0.0,17709.0,6023.0,1.0
mu[4031],-0.009,0.039,-0.084,0.063,0.0,0.0,16905.0,6126.0,1.0
mu[4032],-0.009,0.038,-0.082,0.06,0.0,0.0,17375.0,6067.0,1.0
mu[4033],-0.009,0.041,-0.087,0.067,0.0,0.001,16328.0,6054.0,1.0
mu[4034],-0.008,0.037,-0.079,0.061,0.0,0.0,17462.0,6092.0,1.0
mu[4035],-0.007,0.041,-0.081,0.071,0.0,0.001,16653.0,6136.0,1.0
mu[4036],-0.008,0.037,-0.079,0.058,0.0,0.0,17809.0,5970.0,1.0
mu[4037],-0.008,0.037,-0.08,0.057,0.0,0.0,17796.0,5970.0,1.0
mu[4038],-0.009,0.039,-0.085,0.061,0.0,0.0,17033.0,6045.0,1.0
mu[4039],-0.007,0.038,-0.08,0.062,0.0,0.0,17425.0,6144.0,1.0
mu[4040],-0.008,0.037,-0.079,0.06,0.0,0.0,17709.0,6023.0,1.0
mu[4041],-0.008,0.037,-0.081,0.057,0.0,0.0,17784.0,5924.0,1.0
mu[4042],-0.009,0.038,-0.082,0.061,0.0,0.0,17228.0,6097.0,1.0
mu[4043],-0.009,0.041,-0.087,0.066,0.0,0.001,16437.0,6078.0,1.0
mu[4044],-0.009,0.039,-0.084,0.063,0.0,0.0,16869.0,5983.0,1.0
mu[4045],-0.007,0.038,-0.079,0.063,0.0,0.001,17376.0,6084.0,1.0
mu[4046],-0.009,0.041,-0.086,0.066,0.0,0.001,16492.0,6102.0,1.0
mu[4047],-0.008,0.037,-0.079,0.059,0.0,0.0,17624.0,6178.0,1.0
mu[4048],-0.008,0.037,-0.079,0.059,0.0,0.0,17718.0,6031.0,1.0
mu[4049],-0.008,0.037,-0.079,0.061,0.0,0.0,17462.0,6092.0,1.0
mu[4050],-0.009,0.038,-0.082,0.061,0.0,0.0,17228.0,6097.0,1.0
mu[4051],-0.008,0.037,-0.078,0.059,0.0,0.0,17743.0,5974.0,1.0
mu[4052],-0.008,0.037,-0.08,0.057,0.0,0.0,17821.0,5923.0,1.0
mu[4053],-0.008,0.037,-0.078,0.06,0.0,0.0,17641.0,6116.0,1.0
mu[4054],-0.008,0.037,-0.078,0.059,0.0,0.0,17743.0,5974.0,1.0
mu[4055],-0.007,0.038,-0.079,0.064,0.0,0.001,17397.0,6084.0,1.0
mu[4056],-0.008,0.037,-0.079,0.061,0.0,0.0,17523.0,6129.0,1.0
mu[4057],-0.008,0.037,-0.078,0.059,0.0,0.0,17719.0,6033.0,1.0
mu[4058],-0.008,0.037,-0.081,0.057,0.0,0.0,17761.0,6080.0,1.0
mu[4059],-0.009,0.039,-0.084,0.064,0.0,0.0,16805.0,6030.0,1.0
mu[4060],-0.008,0.037,-0.079,0.059,0.0,0.0,17575.0,5996.0,1.0
mu[4061],-0.008,0.037,-0.078,0.059,0.0,0.0,17684.0,6044.0,1.0
mu[4062],-0.009,0.041,-0.088,0.066,0.0,0.001,16405.0,6079.0,1.0
mu[4063],-0.008,0.037,-0.079,0.061,0.0,0.0,17462.0,6092.0,1.0
mu[4064],-0.023,0.037,-0.091,0.048,0.0,0.0,14916.0,6257.0,1.0
mu[4065],-0.022,0.037,-0.09,0.047,0.0,0.0,15059.0,6385.0,1.0
mu[4066],-0.026,0.044,-0.106,0.057,0.0,0.001,14036.0,5975.0,1.0
mu[4067],-0.02,0.037,-0.088,0.05,0.0,0.0,15080.0,6245.0,1.0
mu[4068],-0.019,0.038,-0.088,0.054,0.0,0.0,14957.0,6504.0,1.0
mu[4069],-0.022,0.037,-0.09,0.047,0.0,0.0,15020.0,6130.0,1.0
mu[4070],-0.021,0.037,-0.09,0.047,0.0,0.0,15103.0,6289.0,1.0
mu[4071],-0.023,0.038,-0.091,0.049,0.0,0.0,14870.0,6437.0,1.0
mu[4072],-0.019,0.039,-0.092,0.051,0.0,0.0,14936.0,6441.0,1.0
mu[4073],-0.018,0.041,-0.095,0.058,0.0,0.0,14598.0,5933.0,1.0
mu[4074],-0.023,0.038,-0.096,0.047,0.0,0.0,14706.0,6305.0,1.0
mu[4075],-0.023,0.038,-0.094,0.048,0.0,0.0,14744.0,6304.0,1.0
mu[4076],-0.032,0.068,-0.163,0.089,0.001,0.001,13250.0,6415.0,1.0
mu[4077],-0.022,0.037,-0.091,0.047,0.0,0.0,14954.0,6105.0,1.0
mu[4078],-0.021,0.037,-0.088,0.049,0.0,0.0,15097.0,6237.0,1.0
mu[4079],-0.022,0.037,-0.088,0.048,0.0,0.0,15086.0,6112.0,1.0
mu[4080],-0.022,0.037,-0.091,0.047,0.0,0.0,15018.0,6130.0,1.0
mu[4081],-0.018,0.04,-0.089,0.059,0.0,0.0,14792.0,6261.0,1.0
mu[4082],-0.025,0.041,-0.098,0.054,0.0,0.001,14303.0,6326.0,1.0
mu[4083],-0.018,0.04,-0.091,0.058,0.0,0.0,14764.0,6207.0,1.0
mu[4084],-0.023,0.037,-0.091,0.048,0.0,0.0,14932.0,6282.0,1.0
mu[4085],-0.022,0.037,-0.09,0.047,0.0,0.0,15073.0,6345.0,1.0
mu[4086],-0.023,0.037,-0.091,0.048,0.0,0.0,14933.0,6309.0,1.0
mu[4087],-0.028,0.05,-0.121,0.065,0.0,0.001,13694.0,6152.0,1.0
mu[4088],-0.021,0.037,-0.088,0.049,0.0,0.0,15094.0,6138.0,1.0
mu[4089],-0.022,0.037,-0.091,0.047,0.0,0.0,14945.0,6205.0,1.0
mu[4090],-0.024,0.04,-0.096,0.051,0.0,0.0,14514.0,6251.0,1.0
mu[4091],-0.022,0.037,-0.091,0.047,0.0,0.0,14948.0,6205.0,1.0
mu[4092],-0.022,0.037,-0.09,0.047,0.0,0.0,15046.0,6395.0,1.0
mu[4093],-0.021,0.037,-0.088,0.049,0.0,0.0,15095.0,6262.0,1.0
mu[4094],-0.025,0.041,-0.099,0.052,0.0,0.0,14352.0,6249.0,1.0
mu[4095],-0.019,0.039,-0.088,0.057,0.0,0.0,14862.0,6472.0,1.0
mu[4096],-0.02,0.038,-0.087,0.052,0.0,0.0,15031.0,6268.0,1.0
mu[4097],-0.021,0.037,-0.09,0.047,0.0,0.0,15093.0,6115.0,1.0
mu[4098],-0.022,0.037,-0.09,0.047,0.0,0.0,15086.0,6189.0,1.0
mu[4099],-0.019,0.039,-0.091,0.052,0.0,0.0,14935.0,6441.0,1.0
mu[4100],-0.02,0.037,-0.088,0.05,0.0,0.0,15098.0,6141.0,1.0
mu[4101],-0.018,0.041,-0.094,0.058,0.0,0.0,14637.0,6010.0,1.0
mu[4102],-0.019,0.039,-0.088,0.057,0.0,0.0,14862.0,6445.0,1.0
mu[4103],-0.022,0.037,-0.09,0.047,0.0,0.0,15073.0,6345.0,1.0
mu[4104],-0.022,0.037,-0.091,0.047,0.0,0.0,14948.0,6205.0,1.0
mu[4105],-0.026,0.043,-0.107,0.052,0.0,0.001,14117.0,6194.0,1.0
mu[4106],-0.019,0.039,-0.091,0.052,0.0,0.0,14929.0,6441.0,1.0
mu[4107],-0.023,0.038,-0.094,0.048,0.0,0.0,14752.0,6304.0,1.0
mu[4108],-0.017,0.042,-0.095,0.06,0.0,0.001,14527.0,6022.0,1.0
mu[4109],-0.028,0.049,-0.119,0.062,0.0,0.001,13745.0,6250.0,1.0
mu[4110],-0.023,0.038,-0.091,0.049,0.0,0.0,14876.0,6437.0,1.0
mu[4111],-0.022,0.037,-0.09,0.047,0.0,0.0,15092.0,6164.0,1.0
mu[4112],-0.021,0.037,-0.087,0.049,0.0,0.0,15101.0,6234.0,1.0
mu[4113],-0.02,0.037,-0.088,0.05,0.0,0.0,15084.0,6245.0,1.0
mu[4114],-0.018,0.041,-0.094,0.058,0.0,0.0,14633.0,5916.0,1.0
mu[4115],-0.026,0.045,-0.108,0.058,0.0,0.001,13971.0,6122.0,1.0
mu[4116],-0.021,0.037,-0.088,0.049,0.0,0.0,15097.0,6155.0,1.0
mu[4117],-0.021,0.037,-0.088,0.049,0.0,0.0,15105.0,6155.0,1.0
mu[4118],-0.021,0.037,-0.088,0.049,0.0,0.0,15097.0,6155.0,1.0
mu[4119],-0.018,0.041,-0.092,0.059,0.0,0.0,14672.0,6024.0,1.0
mu[4120],-0.02,0.038,-0.093,0.048,0.0,0.0,15012.0,6268.0,1.0
mu[4121],-0.023,0.038,-0.092,0.048,0.0,0.0,14885.0,6437.0,1.0
mu[4122],-0.02,0.038,-0.091,0.048,0.0,0.0,15035.0,6269.0,1.0
mu[4123],-0.019,0.038,-0.094,0.048,0.0,0.0,14965.0,6505.0,1.0
mu[4124],-0.023,0.038,-0.092,0.049,0.0,0.0,14798.0,6410.0,1.0
mu[4125],-0.021,0.037,-0.09,0.047,0.0,0.0,15116.0,6486.0,1.0
mu[4126],-0.024,0.039,-0.095,0.049,0.0,0.0,14674.0,6438.0,1.0
mu[4127],-0.018,0.041,-0.094,0.058,0.0,0.0,14626.0,5909.0,1.0
mu[4128],-0.025,0.041,-0.103,0.047,0.0,0.0,14361.0,6250.0,1.0
mu[4129],-0.022,0.037,-0.091,0.047,0.0,0.0,14981.0,6032.0,1.0
mu[4130],-0.022,0.037,-0.091,0.047,0.0,0.0,14951.0,6130.0,1.0
mu[4131],-0.021,0.037,-0.09,0.047,0.0,0.0,15112.0,6464.0,1.0
mu[4132],-0.023,0.038,-0.092,0.049,0.0,0.0,14840.0,6464.0,1.0
mu[4133],-0.021,0.037,-0.09,0.047,0.0,0.0,15112.0,6464.0,1.0
mu[4134],-0.022,0.037,-0.091,0.047,0.0,0.0,14951.0,6130.0,1.0
mu[4135],-0.025,0.041,-0.103,0.048,0.0,0.0,14351.0,6276.0,1.0
mu[4136],-0.019,0.039,-0.093,0.051,0.0,0.0,14916.0,6418.0,1.0
mu[4137],-0.019,0.039,-0.093,0.051,0.0,0.0,14916.0,6418.0,1.0
mu[4138],-0.021,0.037,-0.088,0.048,0.0,0.0,15099.0,6155.0,1.0
mu[4139],-0.021,0.037,-0.088,0.049,0.0,0.0,15108.0,6233.0,1.0
mu[4140],-0.022,0.037,-0.09,0.047,0.0,0.0,15021.0,6106.0,1.0
mu[4141],-0.022,0.037,-0.09,0.047,0.0,0.0,15020.0,6130.0,1.0
mu[4142],-0.02,0.038,-0.093,0.048,0.0,0.0,14996.0,6320.0,1.0
mu[4143],-0.021,0.037,-0.089,0.047,0.0,0.0,15094.0,6139.0,1.0
mu[4144],-0.018,0.041,-0.094,0.058,0.0,0.0,14637.0,6010.0,1.0
mu[4145],-0.019,0.039,-0.093,0.051,0.0,0.0,14916.0,6418.0,1.0
mu[4146],-0.021,0.037,-0.09,0.047,0.0,0.0,15112.0,6464.0,1.0
mu[4147],-0.019,0.04,-0.089,0.057,0.0,0.0,14810.0,6267.0,1.0
mu[4148],-0.024,0.039,-0.097,0.047,0.0,0.0,14683.0,6331.0,1.0
mu[4149],-0.024,0.039,-0.096,0.05,0.0,0.0,14520.0,6226.0,1.0
mu[4150],-0.02,0.037,-0.091,0.048,0.0,0.0,15053.0,6270.0,1.0
mu[4151],-0.02,0.037,-0.088,0.05,0.0,0.0,15080.0,6245.0,1.0
mu[4152],-0.022,0.037,-0.09,0.047,0.0,0.0,15048.0,6341.0,1.0
mu[4153],-0.022,0.037,-0.091,0.047,0.0,0.0,14951.0,6130.0,1.0
mu[4154],-0.018,0.041,-0.094,0.058,0.0,0.0,14637.0,6010.0,1.0
mu[4155],-0.018,0.041,-0.092,0.059,0.0,0.0,14672.0,6024.0,1.0
mu[4156],-0.028,0.05,-0.121,0.064,0.0,0.001,13694.0,6152.0,1.0
mu[4157],-0.022,0.037,-0.091,0.047,0.0,0.0,14951.0,6130.0,1.0
mu[4158],-0.018,0.04,-0.091,0.058,0.0,0.0,14756.0,6156.0,1.0
mu[4159],-0.019,0.038,-0.088,0.054,0.0,0.0,14972.0,6440.0,1.0
mu[4160],-0.017,0.042,-0.096,0.062,0.0,0.001,14464.0,5972.0,1.0
mu[4161],-0.02,0.038,-0.093,0.048,0.0,0.0,14996.0,6320.0,1.0
mu[4162],-0.025,0.042,-0.103,0.053,0.0,0.001,14213.0,6327.0,1.0
mu[4163],-0.022,0.037,-0.088,0.048,0.0,0.0,15079.0,6163.0,1.0
mu[4164],-0.021,0.037,-0.087,0.049,0.0,0.0,15109.0,6207.0,1.0
mu[4165],-0.019,0.039,-0.089,0.057,0.0,0.0,14823.0,6265.0,1.0
mu[4166],-0.023,0.038,-0.096,0.047,0.0,0.0,14703.0,6330.0,1.0
mu[4167],-0.022,0.037,-0.091,0.047,0.0,0.0,14951.0,6130.0,1.0
mu[4168],-0.022,0.037,-0.09,0.047,0.0,0.0,15048.0,6341.0,1.0
mu[4169],-0.019,0.039,-0.093,0.051,0.0,0.0,14916.0,6418.0,1.0
mu[4170],-0.017,0.042,-0.095,0.061,0.0,0.001,14511.0,6020.0,1.0
mu[4171],-0.018,0.04,-0.091,0.059,0.0,0.0,14736.0,6156.0,1.0
mu[4172],-0.024,0.039,-0.095,0.049,0.0,0.0,14676.0,6438.0,1.0
mu[4173],-0.018,0.042,-0.095,0.06,0.0,0.001,14544.0,6076.0,1.0
mu[4174],-0.02,0.037,-0.09,0.048,0.0,0.0,15066.0,6242.0,1.0
mu[4175],-0.022,0.037,-0.091,0.047,0.0,0.0,14972.0,6032.0,1.0
mu[4176],-0.02,0.038,-0.093,0.048,0.0,0.0,14996.0,6320.0,1.0
mu[4177],-0.019,0.039,-0.093,0.051,0.0,0.0,14916.0,6418.0,1.0
mu[4178],-0.021,0.037,-0.09,0.047,0.0,0.0,15112.0,6464.0,1.0
mu[4179],-0.021,0.037,-0.088,0.048,0.0,0.0,15099.0,6155.0,1.0
mu[4180],-0.02,0.037,-0.088,0.05,0.0,0.0,15080.0,6245.0,1.0
mu[4181],-0.021,0.037,-0.09,0.047,0.0,0.0,15112.0,6464.0,1.0
mu[4182],-0.024,0.039,-0.097,0.047,0.0,0.0,14683.0,6331.0,1.0
mu[4183],-0.02,0.038,-0.087,0.053,0.0,0.0,15038.0,6322.0,1.0
mu[4184],-0.021,0.037,-0.088,0.049,0.0,0.0,15112.0,6297.0,1.0
mu[4185],-0.022,0.037,-0.09,0.047,0.0,0.0,14989.0,6081.0,1.0
mu[4186],-0.018,0.04,-0.091,0.059,0.0,0.0,14700.0,6058.0,1.0
mu[4187],-0.02,0.038,-0.087,0.053,0.0,0.0,15041.0,6269.0,1.0
mu[4188],-0.02,0.037,-0.088,0.049,0.0,0.0,15098.0,6141.0,1.0
mu[4189],-0.017,0.042,-0.095,0.061,0.0,0.001,14498.0,5971.0,1.0
mu[4190],-0.02,0.038,-0.093,0.048,0.0,0.0,14996.0,6320.0,1.0
mu[4191],-0.01,0.038,-0.082,0.06,0.0,0.001,13391.0,5281.0,1.0
mu[4192],-0.009,0.038,-0.08,0.06,0.0,0.0,13569.0,4980.0,1.0
mu[4193],-0.012,0.044,-0.096,0.066,0.0,0.001,13247.0,5936.0,1.0
mu[4194],-0.008,0.038,-0.078,0.064,0.0,0.001,13869.0,5369.0,1.0
mu[4195],-0.007,0.039,-0.081,0.065,0.0,0.001,13991.0,5356.0,1.0
mu[4196],-0.01,0.038,-0.078,0.063,0.0,0.0,13489.0,5046.0,1.0
mu[4197],-0.009,0.038,-0.079,0.061,0.0,0.0,13734.0,5193.0,1.0
mu[4198],-0.01,0.038,-0.083,0.059,0.0,0.001,13409.0,5318.0,1.0
mu[4199],-0.007,0.039,-0.081,0.065,0.0,0.001,14001.0,5374.0,1.0
mu[4200],-0.006,0.041,-0.084,0.073,0.0,0.001,14025.0,5324.0,1.0
mu[4201],-0.011,0.039,-0.085,0.06,0.0,0.001,13403.0,5470.0,1.0
mu[4202],-0.01,0.039,-0.084,0.06,0.0,0.001,13386.0,5351.0,1.0
mu[4203],-0.017,0.066,-0.147,0.101,0.001,0.001,12787.0,5935.0,1.0
mu[4204],-0.01,0.038,-0.079,0.062,0.0,0.001,13427.0,5261.0,1.0
mu[4205],-0.009,0.038,-0.079,0.061,0.0,0.0,13717.0,5205.0,1.0
mu[4206],-0.009,0.037,-0.08,0.06,0.0,0.0,13638.0,5149.0,1.0
mu[4207],-0.01,0.038,-0.081,0.06,0.0,0.0,13490.0,5080.0,1.0
mu[4208],-0.007,0.04,-0.082,0.069,0.0,0.001,14034.0,5150.0,1.0
mu[4209],-0.012,0.041,-0.089,0.064,0.0,0.001,13376.0,5666.0,1.0
mu[4210],-0.007,0.04,-0.082,0.07,0.0,0.001,14045.0,5133.0,1.0
mu[4211],-0.01,0.038,-0.079,0.062,0.0,0.001,13399.0,5273.0,1.0
mu[4212],-0.009,0.038,-0.081,0.059,0.0,0.0,13587.0,5046.0,1.0
mu[4213],-0.01,0.038,-0.079,0.062,0.0,0.001,13399.0,5273.0,1.0
mu[4214],-0.014,0.049,-0.109,0.076,0.0,0.001,13032.0,5593.0,1.0
mu[4215],-0.009,0.037,-0.081,0.058,0.0,0.0,13684.0,5047.0,1.0
mu[4216],-0.01,0.038,-0.08,0.061,0.0,0.001,13414.0,5367.0,1.0
mu[4217],-0.011,0.04,-0.087,0.062,0.0,0.001,13451.0,5451.0,1.0
mu[4218],-0.01,0.038,-0.08,0.061,0.0,0.001,13418.0,5279.0,1.0
mu[4219],-0.009,0.038,-0.081,0.06,0.0,0.0,13547.0,5030.0,1.0
mu[4220],-0.009,0.038,-0.079,0.061,0.0,0.0,13701.0,5152.0,1.0
mu[4221],-0.011,0.041,-0.088,0.064,0.0,0.001,13399.0,5645.0,1.0
mu[4222],-0.007,0.039,-0.081,0.067,0.0,0.001,14008.0,5282.0,1.0
mu[4223],-0.008,0.038,-0.079,0.063,0.0,0.001,13917.0,5372.0,1.0
mu[4224],-0.009,0.037,-0.081,0.059,0.0,0.0,13647.0,5149.0,1.0
mu[4225],-0.009,0.037,-0.081,0.059,0.0,0.0,13625.0,5167.0,1.0
mu[4226],-0.007,0.039,-0.081,0.065,0.0,0.001,14000.0,5374.0,1.0
mu[4227],-0.008,0.038,-0.079,0.061,0.0,0.001,13842.0,5353.0,1.0
mu[4228],-0.006,0.041,-0.082,0.073,0.0,0.001,14024.0,5253.0,1.0
mu[4229],-0.007,0.039,-0.081,0.067,0.0,0.001,14010.0,5123.0,1.0
mu[4230],-0.009,0.038,-0.081,0.059,0.0,0.0,13588.0,5046.0,1.0
mu[4231],-0.01,0.038,-0.08,0.061,0.0,0.001,13421.0,5279.0,1.0
mu[4232],-0.012,0.043,-0.092,0.067,0.0,0.001,13292.0,5767.0,1.0
mu[4233],-0.007,0.039,-0.081,0.066,0.0,0.001,14000.0,5375.0,1.0
mu[4234],-0.01,0.039,-0.084,0.06,0.0,0.001,13379.0,5335.0,1.0
mu[4235],-0.006,0.042,-0.085,0.073,0.0,0.001,14022.0,5257.0,1.0
mu[4236],-0.014,0.048,-0.106,0.074,0.0,0.001,13066.0,5628.0,1.0
mu[4237],-0.01,0.038,-0.083,0.059,0.0,0.001,13407.0,5318.0,1.0
mu[4238],-0.009,0.037,-0.081,0.059,0.0,0.0,13627.0,5150.0,1.0
mu[4239],-0.009,0.038,-0.079,0.06,0.0,0.0,13706.0,5135.0,1.0
mu[4240],-0.008,0.038,-0.078,0.063,0.0,0.001,13862.0,5388.0,1.0
mu[4241],-0.006,0.041,-0.082,0.073,0.0,0.001,14025.0,5271.0,1.0
mu[4242],-0.013,0.045,-0.1,0.066,0.0,0.001,13207.0,5857.0,1.0
mu[4243],-0.009,0.037,-0.079,0.06,0.0,0.0,13687.0,5030.0,1.0
mu[4244],-0.009,0.037,-0.079,0.06,0.0,0.0,13675.0,5062.0,1.0
mu[4245],-0.009,0.037,-0.079,0.06,0.0,0.0,13687.0,5030.0,1.0
mu[4246],-0.007,0.041,-0.081,0.073,0.0,0.001,14030.0,5260.0,1.0
mu[4247],-0.008,0.038,-0.079,0.064,0.0,0.001,13926.0,5338.0,1.0
mu[4248],-0.01,0.038,-0.082,0.06,0.0,0.001,13405.0,5299.0,1.0
mu[4249],-0.008,0.038,-0.079,0.063,0.0,0.001,13908.0,5297.0,1.0
mu[4250],-0.007,0.039,-0.082,0.063,0.0,0.001,13995.0,5375.0,1.0
mu[4251],-0.01,0.038,-0.084,0.059,0.0,0.001,13378.0,5392.0,1.0
mu[4252],-0.008,0.038,-0.078,0.062,0.0,0.0,13763.0,5223.0,1.0
mu[4253],-0.011,0.039,-0.084,0.062,0.0,0.001,13433.0,5472.0,1.0
mu[4254],-0.006,0.041,-0.082,0.073,0.0,0.001,14016.0,5271.0,1.0
mu[4255],-0.011,0.041,-0.087,0.065,0.0,0.001,13406.0,5650.0,1.0
mu[4256],-0.01,0.038,-0.079,0.061,0.0,0.001,13457.0,5281.0,1.0
mu[4257],-0.01,0.038,-0.079,0.062,0.0,0.001,13426.0,5328.0,1.0
mu[4258],-0.009,0.038,-0.079,0.061,0.0,0.0,13749.0,5211.0,1.0
mu[4259],-0.01,0.038,-0.084,0.059,0.0,0.001,13386.0,5394.0,1.0
mu[4260],-0.009,0.038,-0.079,0.061,0.0,0.0,13749.0,5211.0,1.0
mu[4261],-0.01,0.038,-0.079,0.062,0.0,0.001,13426.0,5328.0,1.0
mu[4262],-0.011,0.041,-0.088,0.064,0.0,0.001,13401.0,5650.0,1.0
mu[4263],-0.007,0.039,-0.082,0.065,0.0,0.001,13995.0,5396.0,1.0
mu[4264],-0.007,0.039,-0.082,0.065,0.0,0.001,13995.0,5396.0,1.0
mu[4265],-0.009,0.037,-0.079,0.06,0.0,0.0,13690.0,5030.0,1.0
mu[4266],-0.009,0.037,-0.08,0.06,0.0,0.0,13684.0,5151.0,1.0
mu[4267],-0.01,0.038,-0.08,0.061,0.0,0.0,13493.0,5047.0,1.0
mu[4268],-0.01,0.038,-0.078,0.063,0.0,0.0,13489.0,5046.0,1.0
mu[4269],-0.008,0.038,-0.079,0.065,0.0,0.001,13945.0,5263.0,1.0
mu[4270],-0.009,0.037,-0.081,0.059,0.0,0.0,13637.0,5132.0,1.0
mu[4271],-0.006,0.041,-0.082,0.073,0.0,0.001,14024.0,5253.0,1.0
mu[4272],-0.007,0.039,-0.082,0.065,0.0,0.001,13995.0,5396.0,1.0
mu[4273],-0.009,0.038,-0.079,0.061,0.0,0.0,13749.0,5211.0,1.0
mu[4274],-0.007,0.04,-0.081,0.069,0.0,0.001,14027.0,5186.0,1.0
mu[4275],-0.011,0.039,-0.084,0.061,0.0,0.001,13413.0,5470.0,1.0
mu[4276],-0.011,0.04,-0.088,0.061,0.0,0.001,13450.0,5511.0,1.0
mu[4277],-0.008,0.038,-0.079,0.062,0.0,0.001,13887.0,5389.0,1.0
mu[4278],-0.008,0.038,-0.078,0.064,0.0,0.001,13869.0,5369.0,1.0
mu[4279],-0.009,0.038,-0.081,0.06,0.0,0.0,13555.0,5029.0,1.0
mu[4280],-0.01,0.038,-0.079,0.062,0.0,0.001,13426.0,5328.0,1.0
mu[4281],-0.006,0.041,-0.082,0.073,0.0,0.001,14024.0,5253.0,1.0
mu[4282],-0.007,0.041,-0.081,0.073,0.0,0.001,14030.0,5260.0,1.0
mu[4283],-0.014,0.049,-0.109,0.076,0.0,0.001,13034.0,5613.0,1.0
mu[4284],-0.01,0.038,-0.079,0.062,0.0,0.001,13426.0,5328.0,1.0
mu[4285],-0.007,0.04,-0.082,0.07,0.0,0.001,14050.0,5134.0,1.0
mu[4286],-0.008,0.039,-0.081,0.064,0.0,0.001,13977.0,5300.0,1.0
mu[4287],-0.006,0.043,-0.087,0.074,0.0,0.001,13998.0,5307.0,1.0
mu[4288],-0.008,0.038,-0.079,0.065,0.0,0.001,13945.0,5263.0,1.0
mu[4289],-0.012,0.042,-0.09,0.066,0.0,0.001,13332.0,5681.0,1.0
mu[4290],-0.009,0.037,-0.08,0.06,0.0,0.0,13623.0,5097.0,1.0
mu[4291],-0.009,0.037,-0.079,0.06,0.0,0.0,13697.0,5169.0,1.0
mu[4292],-0.007,0.04,-0.08,0.069,0.0,0.001,14019.0,5205.0,1.0
mu[4293],-0.011,0.039,-0.085,0.06,0.0,0.001,13407.0,5470.0,1.0
mu[4294],-0.01,0.038,-0.079,0.062,0.0,0.001,13426.0,5328.0,1.0
mu[4295],-0.009,0.038,-0.081,0.06,0.0,0.0,13555.0,5029.0,1.0
mu[4296],-0.007,0.039,-0.082,0.065,0.0,0.001,13995.0,5396.0,1.0
mu[4297],-0.006,0.042,-0.086,0.073,0.0,0.001,14011.0,5226.0,1.0
mu[4298],-0.007,0.04,-0.082,0.07,0.0,0.001,14038.0,5186.0,1.0
mu[4299],-0.011,0.039,-0.084,0.062,0.0,0.001,13432.0,5472.0,1.0
mu[4300],-0.006,0.042,-0.085,0.073,0.0,0.001,14017.0,5293.0,1.0
mu[4301],-0.008,0.038,-0.079,0.063,0.0,0.001,13882.0,5332.0,1.0
mu[4302],-0.01,0.038,-0.079,0.061,0.0,0.001,13447.0,5297.0,1.0
mu[4303],-0.008,0.038,-0.079,0.065,0.0,0.001,13945.0,5263.0,1.0
mu[4304],-0.007,0.039,-0.082,0.065,0.0,0.001,13995.0,5396.0,1.0
mu[4305],-0.009,0.038,-0.079,0.061,0.0,0.0,13749.0,5211.0,1.0
mu[4306],-0.009,0.037,-0.079,0.06,0.0,0.0,13690.0,5030.0,1.0
mu[4307],-0.008,0.038,-0.078,0.064,0.0,0.001,13869.0,5369.0,1.0
mu[4308],-0.009,0.038,-0.079,0.061,0.0,0.0,13749.0,5211.0,1.0
mu[4309],-0.011,0.039,-0.084,0.061,0.0,0.001,13413.0,5470.0,1.0
mu[4310],-0.008,0.038,-0.079,0.064,0.0,0.001,13924.0,5299.0,1.0
mu[4311],-0.008,0.038,-0.079,0.061,0.0,0.001,13770.0,5241.0,1.0
mu[4312],-0.01,0.038,-0.079,0.061,0.0,0.001,13473.0,5209.0,1.0
mu[4313],-0.007,0.041,-0.083,0.07,0.0,0.001,14043.0,5258.0,1.0
mu[4314],-0.008,0.038,-0.079,0.063,0.0,0.001,13911.0,5333.0,1.0
mu[4315],-0.008,0.038,-0.08,0.061,0.0,0.001,13826.0,5352.0,1.0
mu[4316],-0.006,0.042,-0.087,0.072,0.0,0.001,14004.0,5245.0,1.0
mu[4317],-0.008,0.038,-0.079,0.065,0.0,0.001,13945.0,5263.0,1.0
mu[4318],-0.025,0.038,-0.097,0.046,0.0,0.0,19916.0,5549.0,1.0
mu[4319],-0.025,0.038,-0.093,0.049,0.0,0.0,20079.0,5584.0,1.0
mu[4320],-0.027,0.043,-0.109,0.053,0.0,0.001,16984.0,5831.0,1.0
mu[4321],-0.024,0.038,-0.094,0.048,0.0,0.001,19474.0,5397.0,1.0
mu[4322],-0.023,0.039,-0.095,0.05,0.0,0.001,18916.0,4962.0,1.0
mu[4323],-0.025,0.038,-0.093,0.05,0.0,0.0,20061.0,5547.0,1.0
mu[4324],-0.024,0.038,-0.096,0.046,0.0,0.001,19784.0,5556.0,1.0
mu[4325],-0.025,0.038,-0.097,0.046,0.0,0.0,19826.0,5490.0,1.0
mu[4326],-0.023,0.039,-0.094,0.052,0.0,0.001,18825.0,5033.0,1.0
mu[4327],-0.023,0.041,-0.1,0.056,0.0,0.001,17824.0,5050.0,1.0
mu[4328],-0.025,0.039,-0.098,0.047,0.0,0.0,19553.0,5764.0,1.0
mu[4329],-0.025,0.039,-0.096,0.049,0.0,0.0,19629.0,5704.0,1.0
mu[4330],-0.03,0.065,-0.162,0.084,0.001,0.001,13918.0,6094.0,1.0
mu[4331],-0.025,0.038,-0.098,0.045,0.0,0.0,19995.0,5546.0,1.0
mu[4332],-0.024,0.038,-0.096,0.046,0.0,0.001,19846.0,5534.0,1.0
mu[4333],-0.024,0.038,-0.091,0.05,0.0,0.0,20095.0,5667.0,1.0
mu[4334],-0.025,0.038,-0.093,0.05,0.0,0.0,20052.0,5507.0,1.0
mu[4335],-0.023,0.04,-0.098,0.052,0.0,0.001,18419.0,5032.0,1.0
mu[4336],-0.026,0.041,-0.105,0.048,0.0,0.001,18574.0,5860.0,1.0
mu[4337],-0.023,0.04,-0.098,0.053,0.0,0.001,18288.0,5011.0,1.0
mu[4338],-0.025,0.038,-0.098,0.046,0.0,0.0,19929.0,5598.0,1.0
mu[4339],-0.025,0.038,-0.093,0.049,0.0,0.0,20058.0,5605.0,1.0
mu[4340],-0.025,0.038,-0.098,0.045,0.0,0.0,19928.0,5556.0,1.0
mu[4341],-0.028,0.049,-0.121,0.062,0.0,0.001,15594.0,6069.0,1.0
mu[4342],-0.024,0.038,-0.094,0.048,0.0,0.0,20036.0,5579.0,1.0
mu[4343],-0.025,0.038,-0.098,0.045,0.0,0.0,19973.0,5527.0,1.0
mu[4344],-0.026,0.04,-0.099,0.049,0.0,0.0,19171.0,5998.0,1.0
mu[4345],-0.025,0.038,-0.098,0.045,0.0,0.0,19984.0,5527.0,1.0
mu[4346],-0.025,0.038,-0.092,0.05,0.0,0.0,20087.0,5584.0,1.0
mu[4347],-0.024,0.038,-0.094,0.047,0.0,0.001,19854.0,5596.0,1.0
mu[4348],-0.026,0.041,-0.104,0.048,0.0,0.001,18737.0,5882.0,1.0
mu[4349],-0.023,0.04,-0.096,0.051,0.0,0.001,18652.0,5053.0,1.0
mu[4350],-0.024,0.038,-0.096,0.047,0.0,0.001,19298.0,5342.0,1.0
mu[4351],-0.024,0.038,-0.092,0.05,0.0,0.0,20070.0,5722.0,1.0
mu[4352],-0.024,0.038,-0.092,0.05,0.0,0.0,20085.0,5666.0,1.0
mu[4353],-0.023,0.039,-0.094,0.052,0.0,0.001,18813.0,5033.0,1.0
mu[4354],-0.024,0.038,-0.095,0.047,0.0,0.001,19554.0,5417.0,1.0
mu[4355],-0.023,0.041,-0.099,0.055,0.0,0.001,17944.0,5091.0,1.0
mu[4356],-0.023,0.04,-0.096,0.051,0.0,0.001,18630.0,5053.0,1.0
mu[4357],-0.025,0.038,-0.093,0.049,0.0,0.0,20063.0,5605.0,1.0
mu[4358],-0.025,0.038,-0.098,0.045,0.0,0.0,19980.0,5527.0,1.0
mu[4359],-0.027,0.043,-0.107,0.052,0.0,0.001,17291.0,5976.0,1.0
mu[4360],-0.023,0.039,-0.094,0.052,0.0,0.001,18779.0,5045.0,1.0
mu[4361],-0.025,0.039,-0.096,0.049,0.0,0.0,19661.0,5705.0,1.0
mu[4362],-0.022,0.042,-0.101,0.057,0.0,0.001,17587.0,5015.0,1.0
mu[4363],-0.028,0.048,-0.119,0.06,0.0,0.001,15828.0,6044.0,1.0
mu[4364],-0.025,0.038,-0.097,0.046,0.0,0.0,19843.0,5480.0,1.0
mu[4365],-0.024,0.038,-0.092,0.05,0.0,0.0,20075.0,5667.0,1.0
mu[4366],-0.024,0.038,-0.095,0.047,0.0,0.001,19891.0,5596.0,1.0
mu[4367],-0.024,0.038,-0.094,0.048,0.0,0.001,19486.0,5397.0,1.0
mu[4368],-0.023,0.041,-0.099,0.055,0.0,0.001,17919.0,5091.0,1.0
mu[4369],-0.027,0.044,-0.109,0.056,0.0,0.001,16732.0,5832.0,1.0
mu[4370],-0.024,0.038,-0.094,0.048,0.0,0.0,20030.0,5579.0,1.0
mu[4371],-0.024,0.038,-0.093,0.048,0.0,0.0,20000.0,5624.0,1.0
mu[4372],-0.024,0.038,-0.094,0.048,0.0,0.0,20030.0,5579.0,1.0
mu[4373],-0.023,0.041,-0.098,0.055,0.0,0.001,18036.0,5187.0,1.0
mu[4374],-0.024,0.039,-0.096,0.047,0.0,0.001,19172.0,5336.0,1.0
mu[4375],-0.025,0.038,-0.098,0.046,0.0,0.0,19866.0,5470.0,1.0
mu[4376],-0.024,0.038,-0.096,0.047,0.0,0.001,19326.0,5361.0,1.0
mu[4377],-0.023,0.039,-0.095,0.05,0.0,0.001,18972.0,5045.0,1.0
mu[4378],-0.025,0.039,-0.097,0.047,0.0,0.0,19732.0,5592.0,1.0
mu[4379],-0.024,0.038,-0.095,0.047,0.0,0.001,19745.0,5537.0,1.0
mu[4380],-0.026,0.039,-0.098,0.047,0.0,0.0,19467.0,5854.0,1.0
mu[4381],-0.023,0.041,-0.099,0.055,0.0,0.001,17917.0,5074.0,1.0
mu[4382],-0.026,0.041,-0.104,0.048,0.0,0.001,18801.0,5929.0,1.0
mu[4383],-0.025,0.038,-0.098,0.045,0.0,0.0,20025.0,5478.0,1.0
mu[4384],-0.025,0.038,-0.098,0.045,0.0,0.0,19993.0,5546.0,1.0
mu[4385],-0.024,0.038,-0.096,0.046,0.0,0.001,19768.0,5536.0,1.0
mu[4386],-0.025,0.038,-0.097,0.047,0.0,0.0,19778.0,5553.0,1.0
mu[4387],-0.024,0.038,-0.096,0.046,0.0,0.001,19768.0,5536.0,1.0
mu[4388],-0.025,0.038,-0.098,0.045,0.0,0.0,19993.0,5546.0,1.0
mu[4389],-0.026,0.041,-0.104,0.048,0.0,0.001,18755.0,5929.0,1.0
mu[4390],-0.023,0.039,-0.096,0.05,0.0,0.001,18758.0,5120.0,1.0
mu[4391],-0.023,0.039,-0.096,0.05,0.0,0.001,18758.0,5120.0,1.0
mu[4392],-0.024,0.038,-0.093,0.048,0.0,0.0,20026.0,5557.0,1.0
mu[4393],-0.024,0.038,-0.094,0.048,0.0,0.0,19922.0,5594.0,1.0
mu[4394],-0.025,0.038,-0.093,0.05,0.0,0.0,20063.0,5505.0,1.0
mu[4395],-0.025,0.038,-0.093,0.05,0.0,0.0,20061.0,5547.0,1.0
mu[4396],-0.023,0.039,-0.097,0.047,0.0,0.001,19108.0,5296.0,1.0
mu[4397],-0.024,0.038,-0.091,0.05,0.0,0.0,20076.0,5710.0,1.0
mu[4398],-0.023,0.041,-0.099,0.055,0.0,0.001,17944.0,5091.0,1.0
mu[4399],-0.023,0.039,-0.096,0.05,0.0,0.001,18758.0,5120.0,1.0
mu[4400],-0.024,0.038,-0.096,0.046,0.0,0.001,19768.0,5536.0,1.0
mu[4401],-0.023,0.04,-0.096,0.053,0.0,0.001,18494.0,5063.0,1.0
mu[4402],-0.025,0.039,-0.098,0.047,0.0,0.0,19499.0,5854.0,1.0
mu[4403],-0.026,0.04,-0.099,0.049,0.0,0.0,19184.0,6041.0,1.0
mu[4404],-0.024,0.038,-0.095,0.048,0.0,0.001,19411.0,5379.0,1.0
mu[4405],-0.024,0.038,-0.094,0.048,0.0,0.001,19474.0,5397.0,1.0
mu[4406],-0.025,0.038,-0.092,0.05,0.0,0.0,20078.0,5584.0,1.0
mu[4407],-0.025,0.038,-0.098,0.045,0.0,0.0,19993.0,5546.0,1.0
mu[4408],-0.023,0.041,-0.099,0.055,0.0,0.001,17944.0,5091.0,1.0
mu[4409],-0.023,0.041,-0.098,0.055,0.0,0.001,18036.0,5187.0,1.0
mu[4410],-0.028,0.049,-0.119,0.064,0.0,0.001,15612.0,6069.0,1.0
mu[4411],-0.025,0.038,-0.098,0.045,0.0,0.0,19993.0,5546.0,1.0
mu[4412],-0.023,0.04,-0.098,0.053,0.0,0.001,18260.0,5079.0,1.0
mu[4413],-0.023,0.039,-0.095,0.05,0.0,0.001,18988.0,5164.0,1.0
mu[4414],-0.022,0.043,-0.097,0.063,0.0,0.001,17340.0,4900.0,1.0
mu[4415],-0.023,0.039,-0.097,0.047,0.0,0.001,19108.0,5296.0,1.0
mu[4416],-0.026,0.042,-0.106,0.05,0.0,0.001,18301.0,5929.0,1.0
mu[4417],-0.025,0.038,-0.093,0.049,0.0,0.0,20078.0,5583.0,1.0
mu[4418],-0.024,0.038,-0.094,0.048,0.0,0.0,19929.0,5574.0,1.0
mu[4419],-0.023,0.04,-0.096,0.052,0.0,0.001,18501.0,5080.0,1.0
mu[4420],-0.025,0.039,-0.098,0.047,0.0,0.0,19555.0,5764.0,1.0
mu[4421],-0.025,0.038,-0.098,0.045,0.0,0.0,19993.0,5546.0,1.0
mu[4422],-0.025,0.038,-0.092,0.05,0.0,0.0,20078.0,5584.0,1.0
mu[4423],-0.023,0.039,-0.096,0.05,0.0,0.001,18758.0,5120.0,1.0
mu[4424],-0.022,0.042,-0.1,0.058,0.0,0.001,17518.0,5032.0,1.0
mu[4425],-0.023,0.041,-0.098,0.054,0.0,0.001,18196.0,5129.0,1.0
mu[4426],-0.026,0.039,-0.098,0.047,0.0,0.0,19473.0,5854.0,1.0
mu[4427],-0.022,0.042,-0.1,0.057,0.0,0.001,17646.0,5031.0,1.0
mu[4428],-0.024,0.038,-0.095,0.048,0.0,0.001,19445.0,5322.0,1.0
mu[4429],-0.025,0.038,-0.098,0.045,0.0,0.0,20019.0,5546.0,1.0
mu[4430],-0.023,0.039,-0.097,0.047,0.0,0.001,19108.0,5296.0,1.0
mu[4431],-0.023,0.039,-0.096,0.05,0.0,0.001,18758.0,5120.0,1.0
mu[4432],-0.024,0.038,-0.096,0.046,0.0,0.001,19768.0,5536.0,1.0
mu[4433],-0.024,0.038,-0.093,0.048,0.0,0.0,20026.0,5557.0,1.0
mu[4434],-0.024,0.038,-0.094,0.048,0.0,0.001,19474.0,5397.0,1.0
mu[4435],-0.024,0.038,-0.096,0.046,0.0,0.001,19768.0,5536.0,1.0
mu[4436],-0.025,0.039,-0.098,0.047,0.0,0.0,19499.0,5854.0,1.0
mu[4437],-0.024,0.038,-0.096,0.047,0.0,0.001,19252.0,5397.0,1.0
mu[4438],-0.024,0.038,-0.095,0.047,0.0,0.001,19726.0,5556.0,1.0
mu[4439],-0.025,0.038,-0.1,0.042,0.0,0.0,20056.0,5439.0,1.0
mu[4440],-0.023,0.041,-0.098,0.055,0.0,0.001,18123.0,5180.0,1.0
mu[4441],-0.024,0.038,-0.094,0.048,0.0,0.001,19355.0,5340.0,1.0
mu[4442],-0.024,0.038,-0.095,0.047,0.0,0.001,19639.0,5418.0,1.0
mu[4443],-0.022,0.042,-0.098,0.061,0.0,0.001,17470.0,5014.0,1.0
mu[4444],-0.023,0.039,-0.097,0.047,0.0,0.001,19108.0,5296.0,1.0
mu[4445],-0.03,0.038,-0.105,0.038,0.0,0.0,16327.0,5532.0,1.0
mu[4446],-0.03,0.038,-0.102,0.039,0.0,0.0,16640.0,5615.0,1.0
mu[4447],-0.03,0.044,-0.115,0.05,0.0,0.001,14905.0,5893.0,1.0
mu[4448],-0.03,0.038,-0.101,0.042,0.0,0.0,16940.0,5746.0,1.0
mu[4449],-0.03,0.039,-0.107,0.039,0.0,0.0,16834.0,5820.0,1.0
mu[4450],-0.03,0.038,-0.106,0.036,0.0,0.0,16548.0,5442.0,1.0
mu[4451],-0.03,0.038,-0.099,0.042,0.0,0.0,16938.0,5720.0,1.0
mu[4452],-0.03,0.038,-0.105,0.039,0.0,0.0,16230.0,5478.0,1.0
mu[4453],-0.03,0.039,-0.105,0.041,0.0,0.0,16649.0,5820.0,1.0
mu[4454],-0.031,0.041,-0.109,0.045,0.0,0.001,16102.0,6011.0,1.0
mu[4455],-0.03,0.039,-0.105,0.041,0.0,0.0,15969.0,5595.0,1.0
mu[4456],-0.03,0.039,-0.105,0.041,0.0,0.0,16043.0,5687.0,1.0
mu[4457],-0.029,0.065,-0.153,0.093,0.001,0.001,13451.0,6330.0,1.0
mu[4458],-0.03,0.038,-0.107,0.035,0.0,0.0,16411.0,5356.0,1.0
mu[4459],-0.03,0.038,-0.1,0.041,0.0,0.0,16921.0,5955.0,1.0
mu[4460],-0.03,0.038,-0.104,0.037,0.0,0.0,16738.0,5616.0,1.0
mu[4461],-0.03,0.038,-0.106,0.036,0.0,0.0,16541.0,5442.0,1.0
mu[4462],-0.03,0.04,-0.107,0.043,0.0,0.0,16378.0,5843.0,1.0
mu[4463],-0.03,0.041,-0.105,0.05,0.0,0.001,15362.0,5511.0,1.0
mu[4464],-0.03,0.04,-0.108,0.043,0.0,0.0,16351.0,5798.0,1.0
mu[4465],-0.03,0.038,-0.108,0.035,0.0,0.0,16355.0,5551.0,1.0
mu[4466],-0.03,0.038,-0.102,0.039,0.0,0.0,16655.0,5647.0,1.0
mu[4467],-0.03,0.038,-0.108,0.035,0.0,0.0,16358.0,5551.0,1.0
mu[4468],-0.03,0.049,-0.121,0.063,0.0,0.001,14245.0,5938.0,1.0
mu[4469],-0.03,0.037,-0.103,0.038,0.0,0.0,16808.0,5606.0,1.0
mu[4470],-0.03,0.038,-0.108,0.035,0.0,0.0,16381.0,5246.0,1.0
mu[4471],-0.03,0.04,-0.106,0.044,0.0,0.0,15690.0,5697.0,1.0
mu[4472],-0.03,0.038,-0.108,0.035,0.0,0.0,16393.0,5237.0,1.0
mu[4473],-0.03,0.038,-0.103,0.039,0.0,0.0,16629.0,5679.0,1.0
mu[4474],-0.03,0.038,-0.099,0.042,0.0,0.0,16906.0,5910.0,1.0
mu[4475],-0.03,0.041,-0.105,0.049,0.0,0.001,15442.0,5818.0,1.0
mu[4476],-0.03,0.039,-0.106,0.041,0.0,0.0,16559.0,5887.0,1.0
mu[4477],-0.03,0.038,-0.102,0.042,0.0,0.0,16918.0,5842.0,1.0
mu[4478],-0.03,0.038,-0.104,0.037,0.0,0.0,16779.0,5595.0,1.0
mu[4479],-0.03,0.038,-0.104,0.037,0.0,0.0,16752.0,5680.0,1.0
mu[4480],-0.03,0.039,-0.105,0.041,0.0,0.0,16652.0,5820.0,1.0
mu[4481],-0.03,0.038,-0.101,0.041,0.0,0.0,16947.0,5739.0,1.0
mu[4482],-0.031,0.041,-0.108,0.045,0.0,0.001,16179.0,5955.0,1.0
mu[4483],-0.03,0.039,-0.106,0.041,0.0,0.0,16550.0,5865.0,1.0
mu[4484],-0.03,0.038,-0.102,0.039,0.0,0.0,16657.0,5647.0,1.0
mu[4485],-0.03,0.038,-0.103,0.04,0.0,0.0,16395.0,5237.0,1.0
mu[4486],-0.03,0.043,-0.109,0.053,0.0,0.001,15050.0,5956.0,1.0
mu[4487],-0.03,0.039,-0.105,0.041,0.0,0.0,16640.0,5819.0,1.0
mu[4488],-0.03,0.039,-0.105,0.041,0.0,0.0,16057.0,5602.0,1.0
mu[4489],-0.031,0.042,-0.108,0.048,0.0,0.001,16006.0,6035.0,1.0
mu[4490],-0.03,0.048,-0.123,0.057,0.0,0.001,14356.0,6043.0,1.0
mu[4491],-0.03,0.038,-0.105,0.039,0.0,0.0,16238.0,5509.0,1.0
mu[4492],-0.03,0.038,-0.104,0.037,0.0,0.0,16759.0,5617.0,1.0
mu[4493],-0.03,0.038,-0.099,0.042,0.0,0.0,16896.0,5811.0,1.0
mu[4494],-0.03,0.038,-0.101,0.042,0.0,0.0,16936.0,5819.0,1.0
mu[4495],-0.031,0.041,-0.109,0.044,0.0,0.001,16160.0,6050.0,1.0
mu[4496],-0.03,0.045,-0.114,0.053,0.0,0.001,14786.0,5964.0,1.0
mu[4497],-0.03,0.037,-0.103,0.038,0.0,0.0,16812.0,5606.0,1.0
mu[4498],-0.03,0.037,-0.103,0.038,0.0,0.0,16831.0,5666.0,1.0
mu[4499],-0.03,0.037,-0.103,0.038,0.0,0.0,16812.0,5606.0,1.0
mu[4500],-0.03,0.041,-0.107,0.045,0.0,0.001,16225.0,5886.0,1.0
mu[4501],-0.03,0.038,-0.105,0.04,0.0,0.0,16901.0,5796.0,1.0
mu[4502],-0.03,0.038,-0.104,0.04,0.0,0.0,16261.0,5507.0,1.0
mu[4503],-0.03,0.038,-0.101,0.042,0.0,0.0,16916.0,5865.0,1.0
mu[4504],-0.03,0.039,-0.102,0.043,0.0,0.0,16853.0,5798.0,1.0
mu[4505],-0.03,0.039,-0.104,0.042,0.0,0.0,16122.0,5415.0,1.0
mu[4506],-0.03,0.038,-0.1,0.042,0.0,0.0,16945.0,5785.0,1.0
mu[4507],-0.03,0.039,-0.106,0.042,0.0,0.0,15914.0,5603.0,1.0
mu[4508],-0.031,0.041,-0.108,0.045,0.0,0.001,16153.0,6026.0,1.0
mu[4509],-0.03,0.041,-0.104,0.049,0.0,0.001,15469.0,5639.0,1.0
mu[4510],-0.03,0.038,-0.107,0.035,0.0,0.0,16465.0,5396.0,1.0
mu[4511],-0.03,0.038,-0.107,0.035,0.0,0.0,16409.0,5330.0,1.0
mu[4512],-0.03,0.038,-0.1,0.042,0.0,0.0,16945.0,5741.0,1.0
mu[4513],-0.03,0.038,-0.104,0.041,0.0,0.0,16172.0,5277.0,1.0
mu[4514],-0.03,0.038,-0.1,0.042,0.0,0.0,16945.0,5741.0,1.0
mu[4515],-0.03,0.038,-0.107,0.035,0.0,0.0,16409.0,5330.0,1.0
mu[4516],-0.03,0.041,-0.105,0.049,0.0,0.001,15452.0,5818.0,1.0
mu[4517],-0.03,0.039,-0.106,0.041,0.0,0.0,16619.0,5820.0,1.0
mu[4518],-0.03,0.039,-0.106,0.041,0.0,0.0,16619.0,5820.0,1.0
mu[4519],-0.03,0.037,-0.103,0.038,0.0,0.0,16818.0,5665.0,1.0
mu[4520],-0.03,0.037,-0.099,0.042,0.0,0.0,16862.0,5664.0,1.0
mu[4521],-0.03,0.038,-0.106,0.036,0.0,0.0,16552.0,5385.0,1.0
mu[4522],-0.03,0.038,-0.106,0.036,0.0,0.0,16548.0,5442.0,1.0
mu[4523],-0.03,0.038,-0.106,0.038,0.0,0.0,16897.0,5775.0,1.0
mu[4524],-0.03,0.038,-0.104,0.037,0.0,0.0,16771.0,5514.0,1.0
mu[4525],-0.031,0.041,-0.108,0.045,0.0,0.001,16179.0,5955.0,1.0
mu[4526],-0.03,0.039,-0.106,0.041,0.0,0.0,16619.0,5820.0,1.0
mu[4527],-0.03,0.038,-0.1,0.042,0.0,0.0,16945.0,5741.0,1.0
mu[4528],-0.03,0.04,-0.107,0.042,0.0,0.0,16434.0,5934.0,1.0
mu[4529],-0.03,0.039,-0.106,0.041,0.0,0.0,15943.0,5625.0,1.0
mu[4530],-0.03,0.04,-0.106,0.044,0.0,0.0,15699.0,5676.0,1.0
mu[4531],-0.03,0.038,-0.1,0.043,0.0,0.0,16934.0,5753.0,1.0
mu[4532],-0.03,0.038,-0.101,0.042,0.0,0.0,16940.0,5746.0,1.0
mu[4533],-0.03,0.038,-0.104,0.037,0.0,0.0,16630.0,5679.0,1.0
mu[4534],-0.03,0.038,-0.107,0.035,0.0,0.0,16409.0,5330.0,1.0
mu[4535],-0.031,0.041,-0.108,0.045,0.0,0.001,16179.0,5955.0,1.0
mu[4536],-0.03,0.041,-0.107,0.045,0.0,0.001,16225.0,5886.0,1.0
mu[4537],-0.03,0.049,-0.12,0.064,0.0,0.001,14255.0,5972.0,1.0
mu[4538],-0.03,0.038,-0.107,0.035,0.0,0.0,16409.0,5330.0,1.0
mu[4539],-0.03,0.04,-0.108,0.043,0.0,0.0,16340.0,5865.0,1.0
mu[4540],-0.03,0.039,-0.102,0.043,0.0,0.0,16856.0,5798.0,1.0
mu[4541],-0.031,0.042,-0.109,0.049,0.0,0.001,15916.0,5969.0,1.0
mu[4542],-0.03,0.038,-0.106,0.038,0.0,0.0,16897.0,5775.0,1.0
mu[4543],-0.03,0.042,-0.107,0.051,0.0,0.001,15206.0,5711.0,1.0
mu[4544],-0.03,0.038,-0.103,0.038,0.0,0.0,16710.0,5635.0,1.0
mu[4545],-0.03,0.037,-0.099,0.042,0.0,0.0,16862.0,5664.0,1.0
mu[4546],-0.03,0.04,-0.108,0.041,0.0,0.0,16465.0,5957.0,1.0
mu[4547],-0.03,0.039,-0.105,0.041,0.0,0.0,15967.0,5698.0,1.0
mu[4548],-0.03,0.038,-0.107,0.035,0.0,0.0,16409.0,5330.0,1.0
mu[4549],-0.03,0.038,-0.104,0.037,0.0,0.0,16630.0,5679.0,1.0
mu[4550],-0.03,0.039,-0.106,0.041,0.0,0.0,16619.0,5820.0,1.0
mu[4551],-0.031,0.042,-0.108,0.048,0.0,0.001,15990.0,6059.0,1.0
mu[4552],-0.03,0.04,-0.108,0.043,0.0,0.0,16306.0,5957.0,1.0
mu[4553],-0.03,0.039,-0.106,0.042,0.0,0.0,15916.0,5603.0,1.0
mu[4554],-0.031,0.041,-0.109,0.047,0.0,0.001,16035.0,5963.0,1.0
mu[4555],-0.03,0.038,-0.1,0.042,0.0,0.0,16936.0,5753.0,1.0
mu[4556],-0.03,0.038,-0.107,0.035,0.0,0.0,16435.0,5395.0,1.0
mu[4557],-0.03,0.038,-0.106,0.038,0.0,0.0,16897.0,5775.0,1.0
mu[4558],-0.03,0.039,-0.106,0.041,0.0,0.0,16619.0,5820.0,1.0
mu[4559],-0.03,0.038,-0.1,0.042,0.0,0.0,16945.0,5741.0,1.0
mu[4560],-0.03,0.037,-0.103,0.038,0.0,0.0,16818.0,5665.0,1.0
mu[4561],-0.03,0.038,-0.101,0.042,0.0,0.0,16940.0,5746.0,1.0
mu[4562],-0.03,0.038,-0.1,0.042,0.0,0.0,16945.0,5741.0,1.0
mu[4563],-0.03,0.039,-0.106,0.041,0.0,0.0,15943.0,5625.0,1.0
mu[4564],-0.03,0.038,-0.104,0.04,0.0,0.0,16916.0,5709.0,1.0
mu[4565],-0.03,0.038,-0.099,0.042,0.0,0.0,16942.0,5745.0,1.0
mu[4566],-0.03,0.038,-0.107,0.035,0.0,0.0,16482.0,5396.0,1.0
mu[4567],-0.03,0.04,-0.107,0.044,0.0,0.0,16270.0,5980.0,1.0
mu[4568],-0.03,0.038,-0.101,0.042,0.0,0.0,16924.0,5865.0,1.0
mu[4569],-0.03,0.038,-0.101,0.04,0.0,0.0,16947.0,5782.0,1.0
mu[4570],-0.031,0.042,-0.108,0.049,0.0,0.001,15968.0,5993.0,1.0
mu[4571],-0.03,0.038,-0.106,0.038,0.0,0.0,16897.0,5775.0,1.0
mu[4572],-0.005,0.038,-0.075,0.067,0.0,0.0,13794.0,5717.0,1.0
mu[4573],-0.006,0.037,-0.076,0.064,0.0,0.0,14036.0,5919.0,1.0
mu[4574],-0.0,0.044,-0.086,0.081,0.0,0.001,12405.0,5530.0,1.0
mu[4575],-0.008,0.037,-0.08,0.061,0.0,0.0,14159.0,6070.0,1.0
mu[4576],-0.009,0.038,-0.084,0.061,0.0,0.0,14002.0,6225.0,1.0
mu[4577],-0.005,0.037,-0.073,0.067,0.0,0.0,13950.0,5849.0,1.0
mu[4578],-0.007,0.037,-0.077,0.062,0.0,0.0,14210.0,6023.0,1.0
mu[4579],-0.004,0.038,-0.078,0.065,0.0,0.0,13723.0,5965.0,1.0
mu[4580],-0.009,0.038,-0.086,0.059,0.0,0.0,13980.0,6194.0,1.0
mu[4581],-0.011,0.041,-0.093,0.063,0.0,0.0,13652.0,5975.0,1.0
mu[4582],-0.003,0.039,-0.079,0.067,0.0,0.0,13478.0,5630.0,1.0
mu[4583],-0.004,0.039,-0.08,0.065,0.0,0.0,13525.0,5653.0,1.0
mu[4584],0.009,0.068,-0.122,0.135,0.001,0.001,11494.0,5779.0,1.0
mu[4585],-0.005,0.038,-0.074,0.067,0.0,0.0,13857.0,5804.0,1.0
mu[4586],-0.007,0.037,-0.077,0.061,0.0,0.0,14216.0,6072.0,1.0
mu[4587],-0.006,0.037,-0.076,0.063,0.0,0.0,14084.0,6039.0,1.0
mu[4588],-0.005,0.037,-0.073,0.067,0.0,0.0,13947.0,5804.0,1.0
mu[4589],-0.01,0.039,-0.086,0.063,0.0,0.0,13839.0,5701.0,1.0
mu[4590],-0.001,0.042,-0.08,0.076,0.0,0.0,12819.0,5484.0,1.0
mu[4591],-0.011,0.04,-0.086,0.064,0.0,0.0,13806.0,5973.0,1.0
mu[4592],-0.005,0.038,-0.075,0.067,0.0,0.0,13806.0,5717.0,1.0
mu[4593],-0.006,0.037,-0.073,0.067,0.0,0.0,14042.0,5991.0,1.0
mu[4594],-0.005,0.038,-0.075,0.067,0.0,0.0,13810.0,5717.0,1.0
mu[4595],0.003,0.05,-0.09,0.101,0.0,0.001,11927.0,5654.0,1.0
mu[4596],-0.006,0.037,-0.08,0.059,0.0,0.0,14146.0,6070.0,1.0
mu[4597],-0.005,0.038,-0.074,0.067,0.0,0.0,13826.0,5782.0,1.0
mu[4598],-0.003,0.04,-0.081,0.069,0.0,0.0,13137.0,5585.0,1.0
mu[4599],-0.005,0.038,-0.074,0.067,0.0,0.0,13835.0,5825.0,1.0
mu[4600],-0.006,0.037,-0.076,0.064,0.0,0.0,14020.0,5943.0,1.0
mu[4601],-0.007,0.037,-0.077,0.062,0.0,0.0,14213.0,6071.0,1.0
mu[4602],-0.002,0.041,-0.08,0.074,0.0,0.0,12897.0,5414.0,1.0
mu[4603],-0.01,0.039,-0.085,0.062,0.0,0.0,13918.0,5753.0,1.0
mu[4604],-0.008,0.038,-0.081,0.06,0.0,0.0,14140.0,6123.0,1.0
mu[4605],-0.006,0.037,-0.076,0.063,0.0,0.0,14108.0,6060.0,1.0
mu[4606],-0.006,0.037,-0.076,0.063,0.0,0.0,14091.0,6060.0,1.0
mu[4607],-0.009,0.038,-0.086,0.059,0.0,0.0,13977.0,6194.0,1.0
mu[4608],-0.008,0.037,-0.08,0.06,0.0,0.0,14177.0,6070.0,1.0
mu[4609],-0.011,0.04,-0.091,0.062,0.0,0.0,13709.0,5846.0,1.0
mu[4610],-0.01,0.039,-0.085,0.062,0.0,0.0,13917.0,5753.0,1.0
mu[4611],-0.006,0.037,-0.072,0.067,0.0,0.0,14044.0,5991.0,1.0
mu[4612],-0.005,0.038,-0.075,0.067,0.0,0.0,13845.0,5804.0,1.0
mu[4613],-0.001,0.043,-0.085,0.078,0.0,0.001,12528.0,5491.0,1.0
mu[4614],-0.009,0.038,-0.086,0.059,0.0,0.0,13973.0,6194.0,1.0
mu[4615],-0.004,0.039,-0.079,0.066,0.0,0.0,13535.0,5675.0,1.0
mu[4616],-0.012,0.041,-0.093,0.065,0.0,0.001,13591.0,5799.0,1.0
mu[4617],0.002,0.049,-0.089,0.098,0.0,0.001,12017.0,5543.0,1.0
mu[4618],-0.004,0.038,-0.078,0.065,0.0,0.0,13729.0,5965.0,1.0
mu[4619],-0.006,0.037,-0.077,0.063,0.0,0.0,14099.0,6083.0,1.0
mu[4620],-0.007,0.037,-0.075,0.064,0.0,0.0,14198.0,6071.0,1.0
mu[4621],-0.008,0.037,-0.08,0.06,0.0,0.0,14164.0,6070.0,1.0
mu[4622],-0.011,0.041,-0.092,0.062,0.0,0.0,13696.0,5820.0,1.0
mu[4623],0.0,0.045,-0.088,0.083,0.0,0.001,12307.0,5650.0,1.0
mu[4624],-0.006,0.037,-0.08,0.059,0.0,0.0,14143.0,6071.0,1.0
mu[4625],-0.007,0.037,-0.08,0.059,0.0,0.0,14164.0,6070.0,1.0
mu[4626],-0.006,0.037,-0.08,0.059,0.0,0.0,14143.0,6071.0,1.0
mu[4627],-0.011,0.04,-0.091,0.061,0.0,0.0,13728.0,5768.0,1.0
mu[4628],-0.009,0.038,-0.083,0.059,0.0,0.0,14088.0,6100.0,1.0
mu[4629],-0.004,0.038,-0.078,0.065,0.0,0.0,13746.0,5941.0,1.0
mu[4630],-0.008,0.037,-0.08,0.06,0.0,0.0,14139.0,6148.0,1.0
mu[4631],-0.009,0.038,-0.082,0.061,0.0,0.0,14018.0,6199.0,1.0
mu[4632],-0.004,0.038,-0.08,0.064,0.0,0.0,13614.0,5739.0,1.0
mu[4633],-0.007,0.037,-0.077,0.061,0.0,0.0,14206.0,6023.0,1.0
mu[4634],-0.003,0.039,-0.078,0.069,0.0,0.0,13397.0,5630.0,1.0
mu[4635],-0.011,0.041,-0.092,0.062,0.0,0.0,13691.0,5820.0,1.0
mu[4636],-0.002,0.041,-0.081,0.073,0.0,0.0,12934.0,5412.0,1.0
mu[4637],-0.005,0.037,-0.075,0.066,0.0,0.0,13890.0,5827.0,1.0
mu[4638],-0.005,0.038,-0.074,0.067,0.0,0.0,13857.0,5804.0,1.0
mu[4639],-0.007,0.037,-0.077,0.062,0.0,0.0,14207.0,5999.0,1.0
mu[4640],-0.004,0.038,-0.078,0.065,0.0,0.0,13661.0,5828.0,1.0
mu[4641],-0.007,0.037,-0.077,0.062,0.0,0.0,14207.0,5999.0,1.0
mu[4642],-0.005,0.038,-0.074,0.067,0.0,0.0,13857.0,5804.0,1.0
mu[4643],-0.002,0.041,-0.081,0.074,0.0,0.0,12908.0,5431.0,1.0
mu[4644],-0.01,0.038,-0.084,0.062,0.0,0.0,13955.0,6049.0,1.0
mu[4645],-0.01,0.038,-0.084,0.062,0.0,0.0,13955.0,6049.0,1.0
mu[4646],-0.006,0.037,-0.08,0.059,0.0,0.0,14148.0,6095.0,1.0
mu[4647],-0.007,0.037,-0.078,0.061,0.0,0.0,14171.0,6022.0,1.0
mu[4648],-0.005,0.037,-0.073,0.067,0.0,0.0,13950.0,5849.0,1.0
mu[4649],-0.005,0.037,-0.073,0.067,0.0,0.0,13950.0,5849.0,1.0
mu[4650],-0.009,0.038,-0.083,0.06,0.0,0.0,14074.0,6125.0,1.0
mu[4651],-0.006,0.037,-0.076,0.063,0.0,0.0,14103.0,6059.0,1.0
mu[4652],-0.011,0.04,-0.091,0.062,0.0,0.0,13709.0,5846.0,1.0
mu[4653],-0.01,0.038,-0.084,0.062,0.0,0.0,13955.0,6049.0,1.0
mu[4654],-0.007,0.037,-0.077,0.062,0.0,0.0,14207.0,5999.0,1.0
mu[4655],-0.01,0.039,-0.087,0.062,0.0,0.0,13863.0,5638.0,1.0
mu[4656],-0.003,0.039,-0.079,0.068,0.0,0.0,13428.0,5609.0,1.0
mu[4657],-0.003,0.04,-0.081,0.069,0.0,0.0,13153.0,5606.0,1.0
mu[4658],-0.008,0.037,-0.08,0.061,0.0,0.0,14153.0,6147.0,1.0
mu[4659],-0.008,0.037,-0.08,0.061,0.0,0.0,14159.0,6070.0,1.0
mu[4660],-0.006,0.037,-0.076,0.064,0.0,0.0,14022.0,5943.0,1.0
mu[4661],-0.005,0.038,-0.074,0.067,0.0,0.0,13857.0,5804.0,1.0
mu[4662],-0.011,0.04,-0.091,0.062,0.0,0.0,13709.0,5846.0,1.0
mu[4663],-0.011,0.04,-0.091,0.061,0.0,0.0,13728.0,5768.0,1.0
mu[4664],0.003,0.05,-0.09,0.1,0.0,0.001,11930.0,5675.0,1.0
mu[4665],-0.005,0.038,-0.074,0.067,0.0,0.0,13857.0,5804.0,1.0
mu[4666],-0.011,0.04,-0.087,0.064,0.0,0.0,13799.0,5973.0,1.0
mu[4667],-0.009,0.038,-0.085,0.059,0.0,0.0,14021.0,6199.0,1.0
mu[4668],-0.012,0.042,-0.094,0.066,0.0,0.001,13511.0,5850.0,1.0
mu[4669],-0.009,0.038,-0.083,0.06,0.0,0.0,14074.0,6125.0,1.0
mu[4670],-0.001,0.042,-0.083,0.076,0.0,0.0,12686.0,5547.0,1.0
mu[4671],-0.006,0.037,-0.076,0.063,0.0,0.0,14075.0,5991.0,1.0
mu[4672],-0.007,0.037,-0.078,0.061,0.0,0.0,14177.0,6022.0,1.0
mu[4673],-0.01,0.039,-0.084,0.064,0.0,0.0,13873.0,5455.0,1.0
mu[4674],-0.003,0.039,-0.079,0.067,0.0,0.0,13473.0,5630.0,1.0
mu[4675],-0.005,0.038,-0.074,0.067,0.0,0.0,13857.0,5804.0,1.0
mu[4676],-0.006,0.037,-0.076,0.064,0.0,0.0,14022.0,5943.0,1.0
mu[4677],-0.01,0.038,-0.084,0.062,0.0,0.0,13955.0,6049.0,1.0
mu[4678],-0.012,0.042,-0.093,0.065,0.0,0.001,13569.0,5915.0,1.0
mu[4679],-0.011,0.04,-0.086,0.064,0.0,0.0,13781.0,5998.0,1.0
mu[4680],-0.003,0.039,-0.078,0.069,0.0,0.0,13399.0,5630.0,1.0
mu[4681],-0.012,0.041,-0.092,0.065,0.0,0.001,13606.0,6022.0,1.0
mu[4682],-0.008,0.037,-0.08,0.061,0.0,0.0,14152.0,6096.0,1.0
mu[4683],-0.005,0.037,-0.074,0.066,0.0,0.0,13868.0,5782.0,1.0
mu[4684],-0.009,0.038,-0.083,0.06,0.0,0.0,14074.0,6125.0,1.0
mu[4685],-0.01,0.038,-0.084,0.062,0.0,0.0,13955.0,6049.0,1.0
mu[4686],-0.007,0.037,-0.077,0.062,0.0,0.0,14207.0,5999.0,1.0
mu[4687],-0.006,0.037,-0.08,0.059,0.0,0.0,14148.0,6095.0,1.0
mu[4688],-0.008,0.037,-0.08,0.061,0.0,0.0,14159.0,6070.0,1.0
mu[4689],-0.007,0.037,-0.077,0.062,0.0,0.0,14207.0,5999.0,1.0
mu[4690],-0.003,0.039,-0.079,0.068,0.0,0.0,13428.0,5609.0,1.0
mu[4691],-0.008,0.038,-0.082,0.059,0.0,0.0,14123.0,6100.0,1.0
mu[4692],-0.007,0.037,-0.078,0.061,0.0,0.0,14205.0,6047.0,1.0
mu[4693],-0.005,0.037,-0.075,0.066,0.0,0.0,13907.0,5827.0,1.0
mu[4694],-0.011,0.04,-0.087,0.065,0.0,0.0,13758.0,5827.0,1.0
mu[4695],-0.008,0.037,-0.08,0.061,0.0,0.0,14146.0,6148.0,1.0
mu[4696],-0.008,0.037,-0.079,0.061,0.0,0.0,14184.0,6070.0,1.0
mu[4697],-0.012,0.042,-0.094,0.065,0.0,0.001,13551.0,5712.0,1.0
mu[4698],-0.009,0.038,-0.083,0.06,0.0,0.0,14074.0,6125.0,1.0
mu[4699],-0.006,0.037,-0.074,0.067,0.0,0.0,15955.0,5513.0,1.0
mu[4700],-0.006,0.037,-0.075,0.064,0.0,0.0,16142.0,5493.0,1.0
mu[4701],-0.004,0.043,-0.081,0.08,0.0,0.001,14802.0,6026.0,1.0
mu[4702],-0.007,0.037,-0.075,0.063,0.0,0.0,15898.0,5505.0,1.0
mu[4703],-0.007,0.038,-0.078,0.062,0.0,0.0,15644.0,5550.0,1.0
mu[4704],-0.006,0.037,-0.075,0.065,0.0,0.0,16131.0,5552.0,1.0
mu[4705],-0.007,0.037,-0.075,0.062,0.0,0.0,16024.0,5682.0,1.0
mu[4706],-0.006,0.038,-0.074,0.067,0.0,0.0,15888.0,5534.0,1.0
mu[4707],-0.008,0.038,-0.079,0.062,0.0,0.0,15602.0,5736.0,1.0
mu[4708],-0.008,0.04,-0.084,0.066,0.0,0.001,15091.0,5610.0,1.0
mu[4709],-0.006,0.038,-0.076,0.068,0.0,0.001,15642.0,5644.0,1.0
mu[4710],-0.006,0.038,-0.076,0.068,0.0,0.001,15703.0,5623.0,1.0
mu[4711],-0.001,0.064,-0.121,0.117,0.001,0.001,13607.0,6783.0,1.0
mu[4712],-0.006,0.037,-0.074,0.067,0.0,0.0,16028.0,5428.0,1.0
mu[4713],-0.007,0.037,-0.078,0.06,0.0,0.0,16027.0,5596.0,1.0
mu[4714],-0.006,0.037,-0.076,0.062,0.0,0.0,16139.0,5615.0,1.0
mu[4715],-0.006,0.037,-0.075,0.065,0.0,0.0,16121.0,5552.0,1.0
mu[4716],-0.008,0.039,-0.081,0.064,0.0,0.0,15363.0,5549.0,1.0
mu[4717],-0.005,0.041,-0.076,0.077,0.0,0.001,15176.0,5863.0,1.0
mu[4718],-0.008,0.039,-0.081,0.064,0.0,0.0,15326.0,5512.0,1.0
mu[4719],-0.006,0.037,-0.074,0.068,0.0,0.0,15974.0,5469.0,1.0
mu[4720],-0.006,0.037,-0.075,0.063,0.0,0.0,16137.0,5532.0,1.0
mu[4721],-0.006,0.037,-0.074,0.068,0.0,0.0,15977.0,5469.0,1.0
mu[4722],-0.003,0.048,-0.092,0.089,0.0,0.001,14277.0,6258.0,1.0
mu[4723],-0.007,0.037,-0.075,0.063,0.0,0.0,16094.0,5612.0,1.0
mu[4724],-0.006,0.037,-0.074,0.067,0.0,0.0,16006.0,5401.0,1.0
mu[4725],-0.005,0.039,-0.078,0.07,0.0,0.001,15410.0,5494.0,1.0
mu[4726],-0.006,0.037,-0.074,0.067,0.0,0.0,16013.0,5400.0,1.0
mu[4727],-0.006,0.037,-0.075,0.064,0.0,0.0,16147.0,5573.0,1.0
mu[4728],-0.007,0.037,-0.078,0.06,0.0,0.0,16037.0,5638.0,1.0
mu[4729],-0.005,0.04,-0.075,0.077,0.0,0.001,15231.0,5800.0,1.0
mu[4730],-0.008,0.039,-0.079,0.064,0.0,0.0,15493.0,5674.0,1.0
mu[4731],-0.007,0.037,-0.077,0.062,0.0,0.0,15816.0,5690.0,1.0
mu[4732],-0.006,0.037,-0.075,0.063,0.0,0.0,16123.0,5514.0,1.0
mu[4733],-0.006,0.037,-0.075,0.063,0.0,0.0,16134.0,5554.0,1.0
mu[4734],-0.008,0.038,-0.079,0.062,0.0,0.0,15602.0,5736.0,1.0
mu[4735],-0.007,0.037,-0.077,0.061,0.0,0.0,15928.0,5605.0,1.0
mu[4736],-0.008,0.04,-0.083,0.066,0.0,0.001,15165.0,5637.0,1.0
mu[4737],-0.008,0.039,-0.079,0.064,0.0,0.0,15486.0,5674.0,1.0
mu[4738],-0.006,0.037,-0.075,0.063,0.0,0.0,16136.0,5532.0,1.0
mu[4739],-0.006,0.037,-0.074,0.067,0.0,0.0,16011.0,5381.0,1.0
mu[4740],-0.005,0.042,-0.081,0.078,0.0,0.001,14924.0,5955.0,1.0
mu[4741],-0.008,0.038,-0.079,0.062,0.0,0.0,15584.0,5764.0,1.0
mu[4742],-0.006,0.038,-0.076,0.068,0.0,0.001,15693.0,5636.0,1.0
mu[4743],-0.008,0.041,-0.085,0.067,0.0,0.001,15020.0,5695.0,1.0
mu[4744],-0.004,0.047,-0.093,0.085,0.0,0.001,14354.0,6417.0,1.0
mu[4745],-0.006,0.038,-0.075,0.067,0.0,0.0,15898.0,5534.0,1.0
mu[4746],-0.006,0.037,-0.076,0.062,0.0,0.0,16130.0,5555.0,1.0
mu[4747],-0.007,0.037,-0.077,0.061,0.0,0.0,16050.0,5575.0,1.0
mu[4748],-0.007,0.037,-0.077,0.061,0.0,0.0,15905.0,5505.0,1.0
mu[4749],-0.008,0.04,-0.083,0.066,0.0,0.001,15154.0,5630.0,1.0
mu[4750],-0.004,0.044,-0.083,0.082,0.0,0.001,14701.0,6050.0,1.0
mu[4751],-0.007,0.037,-0.075,0.063,0.0,0.0,16091.0,5614.0,1.0
mu[4752],-0.007,0.037,-0.076,0.062,0.0,0.0,16089.0,5634.0,1.0
mu[4753],-0.007,0.037,-0.075,0.063,0.0,0.0,16091.0,5614.0,1.0
mu[4754],-0.008,0.04,-0.083,0.065,0.0,0.0,15199.0,5613.0,1.0
mu[4755],-0.007,0.038,-0.078,0.061,0.0,0.0,15765.0,5711.0,1.0
mu[4756],-0.006,0.038,-0.075,0.067,0.0,0.0,15914.0,5534.0,1.0
mu[4757],-0.007,0.037,-0.078,0.061,0.0,0.0,15823.0,5647.0,1.0
mu[4758],-0.007,0.038,-0.079,0.062,0.0,0.0,15666.0,5571.0,1.0
mu[4759],-0.006,0.038,-0.075,0.068,0.0,0.0,15775.0,5617.0,1.0
mu[4760],-0.007,0.037,-0.077,0.061,0.0,0.0,16016.0,5725.0,1.0
mu[4761],-0.005,0.039,-0.077,0.068,0.0,0.001,15592.0,5619.0,1.0
mu[4762],-0.008,0.04,-0.083,0.066,0.0,0.001,15145.0,5630.0,1.0
mu[4763],-0.005,0.04,-0.078,0.073,0.0,0.001,15254.0,5825.0,1.0
mu[4764],-0.006,0.037,-0.075,0.065,0.0,0.0,16062.0,5472.0,1.0
mu[4765],-0.006,0.037,-0.074,0.067,0.0,0.0,16023.0,5428.0,1.0
mu[4766],-0.007,0.037,-0.077,0.061,0.0,0.0,16033.0,5724.0,1.0
mu[4767],-0.006,0.038,-0.074,0.068,0.0,0.0,15828.0,5575.0,1.0
mu[4768],-0.007,0.037,-0.077,0.061,0.0,0.0,16033.0,5724.0,1.0
mu[4769],-0.006,0.037,-0.074,0.067,0.0,0.0,16023.0,5428.0,1.0
mu[4770],-0.005,0.04,-0.079,0.073,0.0,0.001,15241.0,5800.0,1.0
mu[4771],-0.008,0.038,-0.079,0.063,0.0,0.0,15564.0,5741.0,1.0
mu[4772],-0.008,0.038,-0.079,0.063,0.0,0.0,15564.0,5741.0,1.0
mu[4773],-0.007,0.037,-0.076,0.062,0.0,0.0,16086.0,5615.0,1.0
mu[4774],-0.007,0.037,-0.076,0.061,0.0,0.0,16077.0,5615.0,1.0
mu[4775],-0.006,0.037,-0.075,0.065,0.0,0.0,16132.0,5552.0,1.0
mu[4776],-0.006,0.037,-0.075,0.065,0.0,0.0,16131.0,5552.0,1.0
mu[4777],-0.007,0.038,-0.078,0.062,0.0,0.0,15743.0,5612.0,1.0
mu[4778],-0.006,0.037,-0.075,0.063,0.0,0.0,16126.0,5555.0,1.0
mu[4779],-0.008,0.04,-0.083,0.066,0.0,0.001,15165.0,5637.0,1.0
mu[4780],-0.008,0.038,-0.079,0.063,0.0,0.0,15564.0,5741.0,1.0
mu[4781],-0.007,0.037,-0.077,0.061,0.0,0.0,16033.0,5724.0,1.0
mu[4782],-0.008,0.039,-0.08,0.064,0.0,0.0,15401.0,5563.0,1.0
mu[4783],-0.005,0.038,-0.077,0.068,0.0,0.001,15626.0,5636.0,1.0
mu[4784],-0.005,0.039,-0.078,0.07,0.0,0.001,15424.0,5494.0,1.0
mu[4785],-0.007,0.037,-0.075,0.063,0.0,0.0,15869.0,5566.0,1.0
mu[4786],-0.007,0.037,-0.075,0.063,0.0,0.0,15898.0,5505.0,1.0
mu[4787],-0.006,0.037,-0.075,0.064,0.0,0.0,16146.0,5594.0,1.0
mu[4788],-0.006,0.037,-0.074,0.067,0.0,0.0,16023.0,5428.0,1.0
mu[4789],-0.008,0.04,-0.083,0.066,0.0,0.001,15165.0,5637.0,1.0
mu[4790],-0.008,0.04,-0.083,0.065,0.0,0.0,15199.0,5613.0,1.0
mu[4791],-0.003,0.048,-0.092,0.089,0.0,0.001,14279.0,6284.0,1.0
mu[4792],-0.006,0.037,-0.074,0.067,0.0,0.0,16023.0,5428.0,1.0
mu[4793],-0.008,0.039,-0.081,0.065,0.0,0.0,15317.0,5550.0,1.0
mu[4794],-0.007,0.038,-0.079,0.062,0.0,0.0,15674.0,5609.0,1.0
mu[4795],-0.008,0.041,-0.086,0.067,0.0,0.001,14912.0,5742.0,1.0
mu[4796],-0.007,0.038,-0.078,0.062,0.0,0.0,15743.0,5612.0,1.0
mu[4797],-0.005,0.041,-0.079,0.077,0.0,0.001,15070.0,5885.0,1.0
mu[4798],-0.006,0.037,-0.076,0.063,0.0,0.0,16148.0,5595.0,1.0
mu[4799],-0.007,0.037,-0.076,0.062,0.0,0.0,16075.0,5584.0,1.0
mu[4800],-0.008,0.039,-0.08,0.064,0.0,0.0,15417.0,5644.0,1.0
mu[4801],-0.006,0.038,-0.076,0.069,0.0,0.001,15650.0,5687.0,1.0
mu[4802],-0.006,0.037,-0.074,0.067,0.0,0.0,16023.0,5428.0,1.0
mu[4803],-0.006,0.037,-0.075,0.064,0.0,0.0,16146.0,5594.0,1.0
mu[4804],-0.008,0.038,-0.079,0.063,0.0,0.0,15564.0,5741.0,1.0
mu[4805],-0.008,0.041,-0.084,0.068,0.0,0.001,14988.0,5725.0,1.0
mu[4806],-0.008,0.039,-0.081,0.065,0.0,0.0,15288.0,5633.0,1.0
mu[4807],-0.005,0.039,-0.077,0.068,0.0,0.001,15594.0,5619.0,1.0
mu[4808],-0.008,0.041,-0.085,0.066,0.0,0.001,15043.0,5610.0,1.0
mu[4809],-0.007,0.037,-0.075,0.063,0.0,0.0,15880.0,5566.0,1.0
mu[4810],-0.006,0.037,-0.077,0.064,0.0,0.0,16044.0,5549.0,1.0
mu[4811],-0.007,0.038,-0.078,0.062,0.0,0.0,15743.0,5612.0,1.0
mu[4812],-0.008,0.038,-0.079,0.063,0.0,0.0,15564.0,5741.0,1.0
mu[4813],-0.007,0.037,-0.077,0.061,0.0,0.0,16033.0,5724.0,1.0
mu[4814],-0.007,0.037,-0.076,0.062,0.0,0.0,16086.0,5615.0,1.0
mu[4815],-0.007,0.037,-0.075,0.063,0.0,0.0,15898.0,5505.0,1.0
mu[4816],-0.007,0.037,-0.077,0.061,0.0,0.0,16033.0,5724.0,1.0
mu[4817],-0.005,0.038,-0.077,0.068,0.0,0.001,15626.0,5636.0,1.0
mu[4818],-0.007,0.037,-0.078,0.061,0.0,0.0,15795.0,5669.0,1.0
mu[4819],-0.007,0.037,-0.077,0.061,0.0,0.0,16007.0,5747.0,1.0
mu[4820],-0.006,0.037,-0.075,0.065,0.0,0.0,16080.0,5414.0,1.0
mu[4821],-0.008,0.04,-0.081,0.066,0.0,0.0,15246.0,5697.0,1.0
mu[4822],-0.007,0.037,-0.075,0.064,0.0,0.0,15840.0,5647.0,1.0
mu[4823],-0.007,0.037,-0.077,0.061,0.0,0.0,15952.0,5770.0,1.0
mu[4824],-0.008,0.041,-0.084,0.068,0.0,0.001,14962.0,5704.0,1.0
mu[4825],-0.007,0.038,-0.078,0.062,0.0,0.0,15743.0,5612.0,1.0
mu[4826],-0.022,0.038,-0.098,0.048,0.0,0.001,16243.0,5607.0,1.0
mu[4827],-0.022,0.038,-0.094,0.05,0.0,0.001,16572.0,5459.0,1.0
mu[4828],-0.024,0.044,-0.106,0.059,0.0,0.001,15285.0,5815.0,1.0
mu[4829],-0.021,0.038,-0.093,0.053,0.0,0.001,17426.0,5382.0,1.0
mu[4830],-0.021,0.039,-0.094,0.055,0.0,0.001,17991.0,5352.0,1.0
mu[4831],-0.022,0.038,-0.094,0.051,0.0,0.001,16462.0,5362.0,1.0
mu[4832],-0.021,0.038,-0.092,0.052,0.0,0.001,17053.0,5292.0,1.0
mu[4833],-0.022,0.039,-0.096,0.051,0.0,0.001,16158.0,5641.0,1.0
mu[4834],-0.021,0.039,-0.093,0.056,0.0,0.001,18088.0,5344.0,1.0
mu[4835],-0.02,0.042,-0.101,0.057,0.0,0.001,18837.0,5556.0,1.0
mu[4836],-0.023,0.039,-0.101,0.049,0.0,0.001,15921.0,5756.0,1.0
mu[4837],-0.023,0.039,-0.098,0.051,0.0,0.001,15957.0,5672.0,1.0
mu[4838],-0.027,0.065,-0.159,0.087,0.001,0.001,14386.0,5522.0,1.0
mu[4839],-0.022,0.038,-0.095,0.05,0.0,0.001,16343.0,5359.0,1.0
mu[4840],-0.021,0.038,-0.092,0.052,0.0,0.001,16977.0,5310.0,1.0
mu[4841],-0.022,0.038,-0.097,0.047,0.0,0.001,16691.0,5342.0,1.0
mu[4842],-0.022,0.038,-0.094,0.051,0.0,0.001,16452.0,5388.0,1.0
mu[4843],-0.02,0.04,-0.099,0.055,0.0,0.001,18428.0,5479.0,1.0
mu[4844],-0.023,0.042,-0.104,0.053,0.0,0.001,15481.0,5792.0,1.0
mu[4845],-0.02,0.04,-0.098,0.056,0.0,0.001,18460.0,5470.0,1.0
mu[4846],-0.022,0.038,-0.097,0.048,0.0,0.001,16273.0,5586.0,1.0
mu[4847],-0.022,0.038,-0.096,0.048,0.0,0.001,16596.0,5465.0,1.0
mu[4848],-0.022,0.038,-0.098,0.048,0.0,0.001,16273.0,5538.0,1.0
mu[4849],-0.025,0.049,-0.115,0.069,0.0,0.001,14900.0,6027.0,1.0
mu[4850],-0.022,0.038,-0.092,0.052,0.0,0.001,16793.0,5304.0,1.0
mu[4851],-0.022,0.038,-0.097,0.049,0.0,0.001,16298.0,5541.0,1.0
mu[4852],-0.023,0.04,-0.101,0.051,0.0,0.001,15722.0,5804.0,1.0
mu[4853],-0.022,0.038,-0.096,0.049,0.0,0.001,16316.0,5383.0,1.0
mu[4854],-0.022,0.038,-0.093,0.051,0.0,0.001,16551.0,5508.0,1.0
mu[4855],-0.022,0.038,-0.092,0.052,0.0,0.001,16954.0,5291.0,1.0
mu[4856],-0.023,0.041,-0.103,0.052,0.0,0.001,15562.0,5791.0,1.0
mu[4857],-0.021,0.04,-0.095,0.056,0.0,0.001,18257.0,5508.0,1.0
mu[4858],-0.021,0.039,-0.093,0.054,0.0,0.001,17580.0,5392.0,1.0
mu[4859],-0.022,0.038,-0.095,0.049,0.0,0.001,16735.0,5352.0,1.0
mu[4860],-0.022,0.038,-0.097,0.047,0.0,0.001,16706.0,5338.0,1.0
mu[4861],-0.021,0.039,-0.093,0.056,0.0,0.001,18093.0,5344.0,1.0
mu[4862],-0.021,0.038,-0.092,0.053,0.0,0.001,17329.0,5478.0,1.0
mu[4863],-0.02,0.041,-0.099,0.058,0.0,0.001,18727.0,5414.0,1.0
mu[4864],-0.021,0.04,-0.095,0.056,0.0,0.001,18268.0,5508.0,1.0
mu[4865],-0.022,0.038,-0.096,0.048,0.0,0.001,16599.0,5465.0,1.0
mu[4866],-0.022,0.038,-0.096,0.049,0.0,0.001,16318.0,5402.0,1.0
mu[4867],-0.024,0.043,-0.102,0.06,0.0,0.001,15340.0,5972.0,1.0
mu[4868],-0.021,0.039,-0.094,0.056,0.0,0.001,18106.0,5362.0,1.0
mu[4869],-0.023,0.039,-0.098,0.051,0.0,0.001,15973.0,5672.0,1.0
mu[4870],-0.02,0.042,-0.101,0.059,0.0,0.001,18710.0,5501.0,1.0
mu[4871],-0.024,0.048,-0.112,0.068,0.0,0.001,14992.0,5940.0,1.0
mu[4872],-0.022,0.039,-0.096,0.051,0.0,0.001,16158.0,5641.0,1.0
mu[4873],-0.022,0.038,-0.097,0.048,0.0,0.001,16715.0,5330.0,1.0
mu[4874],-0.022,0.038,-0.093,0.051,0.0,0.001,16933.0,5271.0,1.0
mu[4875],-0.021,0.038,-0.093,0.053,0.0,0.001,17411.0,5382.0,1.0
mu[4876],-0.02,0.041,-0.1,0.058,0.0,0.001,18750.0,5465.0,1.0
mu[4877],-0.024,0.045,-0.107,0.06,0.0,0.001,15234.0,5892.0,1.0
mu[4878],-0.022,0.038,-0.092,0.052,0.0,0.001,16795.0,5211.0,1.0
mu[4879],-0.022,0.038,-0.092,0.052,0.0,0.001,16821.0,5174.0,1.0
mu[4880],-0.022,0.038,-0.092,0.052,0.0,0.001,16795.0,5211.0,1.0
mu[4881],-0.02,0.041,-0.099,0.057,0.0,0.001,18624.0,5365.0,1.0
mu[4882],-0.021,0.039,-0.094,0.054,0.0,0.001,17724.0,5383.0,1.0
mu[4883],-0.022,0.039,-0.098,0.048,0.0,0.001,16173.0,5625.0,1.0
mu[4884],-0.021,0.038,-0.093,0.054,0.0,0.001,17550.0,5470.0,1.0
mu[4885],-0.021,0.039,-0.094,0.055,0.0,0.001,17933.0,5352.0,1.0
mu[4886],-0.022,0.039,-0.1,0.048,0.0,0.001,16040.0,5651.0,1.0
mu[4887],-0.021,0.038,-0.092,0.052,0.0,0.001,17106.0,5293.0,1.0
mu[4888],-0.023,0.04,-0.098,0.052,0.0,0.001,15883.0,5801.0,1.0
mu[4889],-0.02,0.041,-0.1,0.058,0.0,0.001,18768.0,5465.0,1.0
mu[4890],-0.023,0.041,-0.103,0.052,0.0,0.001,15565.0,5813.0,1.0
mu[4891],-0.022,0.038,-0.095,0.049,0.0,0.001,16387.0,5438.0,1.0
mu[4892],-0.022,0.038,-0.096,0.049,0.0,0.001,16342.0,5359.0,1.0
mu[4893],-0.021,0.038,-0.092,0.052,0.0,0.001,17071.0,5292.0,1.0
mu[4894],-0.022,0.039,-0.096,0.051,0.0,0.001,16098.0,5662.0,1.0
mu[4895],-0.021,0.038,-0.092,0.052,0.0,0.001,17071.0,5292.0,1.0
mu[4896],-0.022,0.038,-0.096,0.049,0.0,0.001,16342.0,5359.0,1.0
mu[4897],-0.023,0.041,-0.103,0.052,0.0,0.001,15565.0,5835.0,1.0
mu[4898],-0.021,0.039,-0.096,0.054,0.0,0.001,18149.0,5372.0,1.0
mu[4899],-0.021,0.039,-0.096,0.054,0.0,0.001,18149.0,5372.0,1.0
mu[4900],-0.022,0.038,-0.092,0.052,0.0,0.001,16805.0,5228.0,1.0
mu[4901],-0.022,0.038,-0.094,0.05,0.0,0.001,16880.0,5270.0,1.0
mu[4902],-0.022,0.038,-0.093,0.051,0.0,0.001,16459.0,5362.0,1.0
mu[4903],-0.022,0.038,-0.094,0.051,0.0,0.001,16462.0,5362.0,1.0
mu[4904],-0.021,0.039,-0.094,0.054,0.0,0.001,17779.0,5401.0,1.0
mu[4905],-0.022,0.038,-0.095,0.049,0.0,0.001,16725.0,5332.0,1.0
mu[4906],-0.02,0.041,-0.099,0.058,0.0,0.001,18727.0,5414.0,1.0
mu[4907],-0.021,0.039,-0.096,0.054,0.0,0.001,18149.0,5372.0,1.0
mu[4908],-0.021,0.038,-0.092,0.052,0.0,0.001,17071.0,5292.0,1.0
mu[4909],-0.02,0.04,-0.096,0.057,0.0,0.001,18397.0,5499.0,1.0
mu[4910],-0.023,0.039,-0.098,0.052,0.0,0.001,15904.0,5736.0,1.0
mu[4911],-0.023,0.04,-0.101,0.051,0.0,0.001,15733.0,5782.0,1.0
mu[4912],-0.021,0.038,-0.093,0.053,0.0,0.001,17496.0,5548.0,1.0
mu[4913],-0.021,0.038,-0.093,0.053,0.0,0.001,17426.0,5382.0,1.0
mu[4914],-0.022,0.038,-0.094,0.05,0.0,0.001,16549.0,5508.0,1.0
mu[4915],-0.022,0.038,-0.096,0.049,0.0,0.001,16342.0,5359.0,1.0
mu[4916],-0.02,0.041,-0.099,0.058,0.0,0.001,18727.0,5414.0,1.0
mu[4917],-0.02,0.041,-0.099,0.057,0.0,0.001,18624.0,5365.0,1.0
mu[4918],-0.025,0.049,-0.115,0.069,0.0,0.001,14905.0,6083.0,1.0
mu[4919],-0.022,0.038,-0.096,0.049,0.0,0.001,16342.0,5359.0,1.0
mu[4920],-0.02,0.041,-0.098,0.056,0.0,0.001,18481.0,5430.0,1.0
mu[4921],-0.021,0.039,-0.093,0.056,0.0,0.001,17920.0,5372.0,1.0
mu[4922],-0.02,0.043,-0.1,0.063,0.0,0.001,18594.0,5538.0,1.0
mu[4923],-0.021,0.039,-0.094,0.054,0.0,0.001,17779.0,5401.0,1.0
mu[4924],-0.023,0.042,-0.104,0.056,0.0,0.001,15426.0,5813.0,1.0
mu[4925],-0.022,0.038,-0.097,0.047,0.0,0.001,16656.0,5477.0,1.0
mu[4926],-0.022,0.038,-0.093,0.051,0.0,0.001,16893.0,5270.0,1.0
mu[4927],-0.02,0.04,-0.096,0.057,0.0,0.001,18387.0,5462.0,1.0
mu[4928],-0.023,0.039,-0.101,0.049,0.0,0.001,15919.0,5736.0,1.0
mu[4929],-0.022,0.038,-0.096,0.049,0.0,0.001,16342.0,5359.0,1.0
mu[4930],-0.022,0.038,-0.094,0.05,0.0,0.001,16549.0,5508.0,1.0
mu[4931],-0.021,0.039,-0.096,0.054,0.0,0.001,18149.0,5372.0,1.0
mu[4932],-0.02,0.042,-0.099,0.062,0.0,0.001,18674.0,5501.0,1.0
mu[4933],-0.02,0.041,-0.099,0.056,0.0,0.001,18497.0,5422.0,1.0
mu[4934],-0.023,0.04,-0.098,0.052,0.0,0.001,15883.0,5801.0,1.0
mu[4935],-0.02,0.042,-0.099,0.061,0.0,0.001,18720.0,5471.0,1.0
mu[4936],-0.021,0.038,-0.093,0.053,0.0,0.001,17477.0,5441.0,1.0
mu[4937],-0.022,0.038,-0.095,0.05,0.0,0.001,16359.0,5405.0,1.0
mu[4938],-0.021,0.039,-0.094,0.054,0.0,0.001,17779.0,5401.0,1.0
mu[4939],-0.021,0.039,-0.096,0.054,0.0,0.001,18149.0,5372.0,1.0
mu[4940],-0.021,0.038,-0.092,0.052,0.0,0.001,17071.0,5292.0,1.0
mu[4941],-0.022,0.038,-0.092,0.052,0.0,0.001,16805.0,5228.0,1.0
mu[4942],-0.021,0.038,-0.093,0.053,0.0,0.001,17426.0,5382.0,1.0
mu[4943],-0.021,0.038,-0.092,0.052,0.0,0.001,17071.0,5292.0,1.0
mu[4944],-0.023,0.039,-0.098,0.052,0.0,0.001,15904.0,5736.0,1.0
mu[4945],-0.021,0.039,-0.094,0.053,0.0,0.001,17637.0,5442.0,1.0
mu[4946],-0.021,0.038,-0.092,0.052,0.0,0.001,17129.0,5330.0,1.0
mu[4947],-0.022,0.038,-0.093,0.051,0.0,0.001,16405.0,5478.0,1.0
mu[4948],-0.02,0.041,-0.101,0.055,0.0,0.001,18543.0,5346.0,1.0
mu[4949],-0.021,0.038,-0.094,0.053,0.0,0.001,17532.0,5529.0,1.0
mu[4950],-0.021,0.038,-0.092,0.053,0.0,0.001,17285.0,5404.0,1.0
mu[4951],-0.02,0.042,-0.099,0.063,0.0,0.001,18656.0,5481.0,1.0
mu[4952],-0.021,0.039,-0.094,0.054,0.0,0.001,17779.0,5401.0,1.0
mu[4953],-0.006,0.039,-0.082,0.064,0.0,0.001,17109.0,5901.0,1.0
mu[4954],-0.014,0.038,-0.083,0.058,0.0,0.001,17136.0,5274.0,1.0
mu[4955],0.026,0.05,-0.067,0.119,0.0,0.001,16206.0,5925.0,1.0
mu[4956],-0.03,0.038,-0.103,0.04,0.0,0.001,16614.0,5387.0,1.0
mu[4957],-0.039,0.04,-0.113,0.038,0.0,0.001,15964.0,5651.0,1.0
mu[4958],-0.011,0.038,-0.08,0.062,0.0,0.001,17163.0,5580.0,1.0
mu[4959],-0.024,0.038,-0.095,0.047,0.0,0.001,16894.0,5360.0,1.0
mu[4960],-0.004,0.039,-0.074,0.074,0.0,0.001,17105.0,5828.0,1.0
mu[4961],-0.04,0.04,-0.114,0.037,0.0,0.001,15878.0,5715.0,1.0
mu[4962],-0.053,0.045,-0.136,0.031,0.0,0.001,14888.0,5789.0,1.0
mu[4963],0.002,0.041,-0.074,0.079,0.0,0.001,16953.0,6097.0,1.0
mu[4964],0.001,0.04,-0.076,0.076,0.0,0.001,16987.0,6098.0,1.0
mu[4965],0.089,0.086,-0.074,0.251,0.001,0.001,14925.0,6325.0,1.0
mu[4966],-0.008,0.039,-0.079,0.065,0.0,0.001,17162.0,5707.0,1.0
mu[4967],-0.023,0.038,-0.094,0.048,0.0,0.001,16945.0,5320.0,1.0
mu[4968],-0.016,0.038,-0.087,0.055,0.0,0.001,17128.0,5390.0,1.0
mu[4969],-0.011,0.038,-0.08,0.063,0.0,0.001,17167.0,5600.0,1.0
mu[4970],-0.047,0.042,-0.125,0.033,0.0,0.001,15344.0,5737.0,1.0
mu[4971],0.016,0.046,-0.07,0.1,0.0,0.001,16499.0,6241.0,1.0
mu[4972],-0.048,0.043,-0.127,0.033,0.0,0.001,15279.0,5826.0,1.0
mu[4973],-0.007,0.039,-0.081,0.064,0.0,0.001,17121.0,5787.0,1.0
mu[4974],-0.014,0.038,-0.084,0.057,0.0,0.001,17134.0,5340.0,1.0
mu[4975],-0.007,0.039,-0.081,0.064,0.0,0.001,17123.0,5787.0,1.0
mu[4976],0.045,0.06,-0.07,0.153,0.0,0.001,15752.0,6088.0,1.0
mu[4977],-0.019,0.038,-0.093,0.049,0.0,0.001,17056.0,5411.0,1.0
mu[4978],-0.007,0.039,-0.08,0.065,0.0,0.001,17148.0,5788.0,1.0
mu[4979],0.008,0.043,-0.072,0.088,0.0,0.001,16738.0,6132.0,1.0
mu[4980],-0.008,0.039,-0.08,0.065,0.0,0.001,17157.0,5767.0,1.0
mu[4981],-0.014,0.038,-0.084,0.058,0.0,0.001,17142.0,5378.0,1.0
mu[4982],-0.023,0.038,-0.095,0.047,0.0,0.001,16962.0,5358.0,1.0
mu[4983],0.014,0.045,-0.073,0.094,0.0,0.001,16516.0,6190.0,1.0
mu[4984],-0.043,0.041,-0.119,0.036,0.0,0.001,15646.0,5778.0,1.0
mu[4985],-0.032,0.039,-0.106,0.04,0.0,0.001,16421.0,5447.0,1.0
mu[4986],-0.017,0.038,-0.089,0.053,0.0,0.001,17098.0,5390.0,1.0
mu[4987],-0.017,0.038,-0.087,0.055,0.0,0.001,17111.0,5428.0,1.0
mu[4988],-0.04,0.04,-0.114,0.037,0.0,0.001,15876.0,5715.0,1.0
mu[4989],-0.029,0.038,-0.102,0.041,0.0,0.001,16670.0,5422.0,1.0
mu[4990],-0.052,0.044,-0.137,0.028,0.0,0.001,15002.0,5805.0,1.0
mu[4991],-0.043,0.041,-0.12,0.035,0.0,0.001,15623.0,5770.0,1.0
mu[4992],-0.014,0.038,-0.085,0.057,0.0,0.001,17132.0,5318.0,1.0
mu[4993],-0.008,0.039,-0.079,0.066,0.0,0.001,17158.0,5702.0,1.0
mu[4994],0.023,0.048,-0.063,0.118,0.0,0.001,16299.0,6109.0,1.0
mu[4995],-0.04,0.04,-0.115,0.037,0.0,0.001,15844.0,5714.0,1.0
mu[4996],0.0,0.04,-0.074,0.078,0.0,0.001,16997.0,6015.0,1.0
mu[4997],-0.056,0.046,-0.143,0.027,0.0,0.001,14759.0,5932.0,1.0
mu[4998],0.041,0.058,-0.069,0.146,0.0,0.001,15837.0,6094.0,1.0
mu[4999],-0.004,0.039,-0.074,0.074,0.0,0.001,17111.0,5841.0,1.0
mu[5000],-0.017,0.038,-0.087,0.055,0.0,0.001,17113.0,5429.0,1.0
mu[5001],-0.022,0.038,-0.095,0.047,0.0,0.001,16983.0,5356.0,1.0
mu[5002],-0.03,0.038,-0.103,0.04,0.0,0.001,16617.0,5388.0,1.0
mu[5003],-0.052,0.044,-0.13,0.036,0.0,0.001,14971.0,5761.0,1.0
mu[5004],0.029,0.051,-0.067,0.124,0.0,0.001,16100.0,6105.0,1.0
mu[5005],-0.019,0.038,-0.091,0.051,0.0,0.001,17054.0,5411.0,1.0
mu[5006],-0.019,0.038,-0.091,0.05,0.0,0.001,17051.0,5412.0,1.0
mu[5007],-0.019,0.038,-0.091,0.051,0.0,0.001,17054.0,5411.0,1.0
mu[5008],-0.051,0.044,-0.13,0.033,0.0,0.001,15078.0,5804.0,1.0
mu[5009],-0.035,0.039,-0.11,0.037,0.0,0.001,16250.0,5464.0,1.0
mu[5010],-0.005,0.039,-0.077,0.07,0.0,0.001,17104.0,5818.0,1.0
mu[5011],-0.032,0.039,-0.105,0.04,0.0,0.001,16456.0,5423.0,1.0
mu[5012],-0.038,0.04,-0.113,0.037,0.0,0.001,16012.0,5568.0,1.0
mu[5013],-0.002,0.04,-0.075,0.075,0.0,0.001,17057.0,5865.0,1.0
mu[5014],-0.025,0.038,-0.096,0.046,0.0,0.001,16856.0,5398.0,1.0
mu[5015],0.003,0.041,-0.074,0.081,0.0,0.001,16903.0,6000.0,1.0
mu[5016],-0.052,0.044,-0.133,0.033,0.0,0.001,14961.0,5761.0,1.0
mu[5017],0.013,0.045,-0.072,0.094,0.0,0.001,16539.0,6216.0,1.0
mu[5018],-0.009,0.038,-0.08,0.064,0.0,0.001,17170.0,5734.0,1.0
mu[5019],-0.008,0.039,-0.079,0.065,0.0,0.001,17162.0,5707.0,1.0
mu[5020],-0.024,0.038,-0.096,0.046,0.0,0.001,16877.0,5398.0,1.0
mu[5021],-0.003,0.04,-0.076,0.073,0.0,0.001,17074.0,5817.0,1.0
mu[5022],-0.024,0.038,-0.096,0.046,0.0,0.001,16877.0,5398.0,1.0
mu[5023],-0.008,0.039,-0.079,0.065,0.0,0.001,17162.0,5707.0,1.0
mu[5024],0.014,0.045,-0.073,0.093,0.0,0.001,16521.0,6190.0,1.0
mu[5025],-0.041,0.041,-0.115,0.038,0.0,0.001,15785.0,5651.0,1.0
mu[5026],-0.041,0.041,-0.115,0.038,0.0,0.001,15785.0,5651.0,1.0
mu[5027],-0.019,0.038,-0.091,0.051,0.0,0.001,17051.0,5450.0,1.0
mu[5028],-0.021,0.038,-0.093,0.048,0.0,0.001,17017.0,5374.0,1.0
mu[5029],-0.011,0.038,-0.08,0.062,0.0,0.001,17164.0,5579.0,1.0
mu[5030],-0.011,0.038,-0.08,0.062,0.0,0.001,17163.0,5580.0,1.0
mu[5031],-0.035,0.039,-0.11,0.038,0.0,0.001,16179.0,5524.0,1.0
mu[5032],-0.017,0.038,-0.088,0.054,0.0,0.001,17107.0,5410.0,1.0
mu[5033],-0.052,0.044,-0.137,0.028,0.0,0.001,15002.0,5805.0,1.0
mu[5034],-0.041,0.041,-0.115,0.038,0.0,0.001,15785.0,5651.0,1.0
mu[5035],-0.024,0.038,-0.096,0.046,0.0,0.001,16877.0,5398.0,1.0
mu[5036],-0.045,0.042,-0.123,0.034,0.0,0.001,15424.0,5736.0,1.0
mu[5037],0.003,0.041,-0.074,0.08,0.0,0.001,16928.0,6048.0,1.0
mu[5038],0.008,0.043,-0.072,0.087,0.0,0.001,16770.0,6109.0,1.0
mu[5039],-0.031,0.039,-0.104,0.04,0.0,0.001,16556.0,5330.0,1.0
mu[5040],-0.03,0.038,-0.103,0.04,0.0,0.001,16614.0,5387.0,1.0
mu[5041],-0.014,0.038,-0.083,0.058,0.0,0.001,17143.0,5359.0,1.0
mu[5042],-0.008,0.039,-0.079,0.065,0.0,0.001,17162.0,5707.0,1.0
mu[5043],-0.052,0.044,-0.137,0.028,0.0,0.001,15002.0,5805.0,1.0
mu[5044],-0.051,0.044,-0.13,0.033,0.0,0.001,15078.0,5804.0,1.0
mu[5045],0.045,0.06,-0.069,0.152,0.0,0.001,15757.0,6074.0,1.0
mu[5046],-0.008,0.039,-0.079,0.065,0.0,0.001,17162.0,5707.0,1.0
mu[5047],-0.048,0.043,-0.127,0.033,0.0,0.001,15247.0,5825.0,1.0
mu[5048],-0.038,0.04,-0.112,0.038,0.0,0.001,16030.0,5610.0,1.0
mu[5049],-0.058,0.047,-0.149,0.026,0.0,0.001,14616.0,6063.0,1.0
mu[5050],-0.035,0.039,-0.11,0.038,0.0,0.001,16179.0,5524.0,1.0
mu[5051],0.019,0.047,-0.068,0.107,0.0,0.001,16406.0,6212.0,1.0
mu[5052],-0.016,0.038,-0.085,0.056,0.0,0.001,17120.0,5392.0,1.0
mu[5053],-0.021,0.038,-0.093,0.048,0.0,0.001,17022.0,5374.0,1.0
mu[5054],-0.045,0.042,-0.122,0.034,0.0,0.001,15454.0,5780.0,1.0
mu[5055],0.002,0.041,-0.074,0.079,0.0,0.001,16951.0,6122.0,1.0
mu[5056],-0.008,0.039,-0.079,0.065,0.0,0.001,17162.0,5707.0,1.0
mu[5057],-0.014,0.038,-0.083,0.058,0.0,0.001,17143.0,5359.0,1.0
mu[5058],-0.041,0.041,-0.115,0.038,0.0,0.001,15785.0,5651.0,1.0
mu[5059],-0.057,0.046,-0.145,0.027,0.0,0.001,14722.0,5979.0,1.0
mu[5060],-0.049,0.043,-0.128,0.032,0.0,0.001,15197.0,5847.0,1.0
mu[5061],0.003,0.041,-0.074,0.081,0.0,0.001,16903.0,6000.0,1.0
mu[5062],-0.055,0.045,-0.142,0.028,0.0,0.001,14787.0,5896.0,1.0
mu[5063],-0.031,0.039,-0.104,0.04,0.0,0.001,16571.0,5368.0,1.0
mu[5064],-0.009,0.039,-0.079,0.064,0.0,0.001,17158.0,5795.0,1.0
mu[5065],-0.035,0.039,-0.11,0.038,0.0,0.001,16179.0,5524.0,1.0
mu[5066],-0.041,0.041,-0.115,0.038,0.0,0.001,15785.0,5651.0,1.0
mu[5067],-0.024,0.038,-0.096,0.046,0.0,0.001,16877.0,5398.0,1.0
mu[5068],-0.019,0.038,-0.091,0.051,0.0,0.001,17051.0,5450.0,1.0
mu[5069],-0.03,0.038,-0.103,0.04,0.0,0.001,16614.0,5387.0,1.0
mu[5070],-0.024,0.038,-0.096,0.046,0.0,0.001,16877.0,5398.0,1.0
mu[5071],0.003,0.041,-0.074,0.08,0.0,0.001,16928.0,6048.0,1.0
mu[5072],-0.033,0.039,-0.107,0.04,0.0,0.001,16360.0,5410.0,1.0
mu[5073],-0.025,0.038,-0.097,0.045,0.0,0.001,16845.0,5342.0,1.0
mu[5074],-0.01,0.038,-0.081,0.062,0.0,0.001,17185.0,5712.0,1.0
mu[5075],-0.05,0.043,-0.128,0.034,0.0,0.001,15141.0,5848.0,1.0
mu[5076],-0.032,0.039,-0.105,0.04,0.0,0.001,16496.0,5333.0,1.0
mu[5077],-0.028,0.038,-0.101,0.042,0.0,0.001,16710.0,5483.0,1.0
mu[5078],-0.057,0.046,-0.146,0.027,0.0,0.001,14692.0,6003.0,1.0
mu[5079],-0.035,0.039,-0.11,0.038,0.0,0.001,16179.0,5524.0,1.0
mu[5080],-0.017,0.038,-0.09,0.053,0.0,0.0,15815.0,6200.0,1.0
mu[5081],-0.025,0.037,-0.096,0.042,0.0,0.0,16105.0,6222.0,1.0
mu[5082],0.016,0.049,-0.073,0.109,0.0,0.001,14085.0,6309.0,1.0
mu[5083],-0.041,0.038,-0.111,0.028,0.0,0.0,16193.0,6185.0,1.0
mu[5084],-0.05,0.039,-0.125,0.021,0.0,0.0,15882.0,6523.0,1.0
mu[5085],-0.022,0.037,-0.094,0.046,0.0,0.0,16011.0,6274.0,1.0
mu[5086],-0.035,0.037,-0.107,0.031,0.0,0.0,16294.0,6310.0,1.0
mu[5087],-0.015,0.039,-0.085,0.059,0.0,0.0,15728.0,6195.0,1.0
mu[5088],-0.051,0.039,-0.127,0.019,0.0,0.0,15830.0,6550.0,1.0
mu[5089],-0.065,0.044,-0.147,0.018,0.0,0.0,15166.0,6542.0,1.0
mu[5090],-0.008,0.04,-0.082,0.067,0.0,0.001,15428.0,6223.0,1.0
mu[5091],-0.01,0.04,-0.081,0.067,0.0,0.0,15486.0,6248.0,1.0
mu[5092],0.08,0.085,-0.093,0.226,0.001,0.001,13022.0,6691.0,1.0
mu[5093],-0.019,0.038,-0.091,0.051,0.0,0.0,15908.0,6276.0,1.0
mu[5094],-0.034,0.037,-0.106,0.032,0.0,0.0,16311.0,6283.0,1.0
mu[5095],-0.027,0.037,-0.097,0.041,0.0,0.0,16192.0,6329.0,1.0
mu[5096],-0.022,0.037,-0.094,0.046,0.0,0.0,16000.0,6274.0,1.0
mu[5097],-0.058,0.041,-0.135,0.02,0.0,0.0,15505.0,6713.0,1.0
mu[5098],0.006,0.045,-0.076,0.089,0.0,0.001,14512.0,6023.0,1.0
mu[5099],-0.059,0.042,-0.137,0.019,0.0,0.0,15448.0,6654.0,1.0
mu[5100],-0.017,0.038,-0.09,0.053,0.0,0.0,15835.0,6227.0,1.0
mu[5101],-0.025,0.037,-0.097,0.042,0.0,0.0,16128.0,6231.0,1.0
mu[5102],-0.017,0.038,-0.09,0.053,0.0,0.0,15840.0,6227.0,1.0
mu[5103],0.036,0.059,-0.078,0.14,0.001,0.001,13546.0,6418.0,1.0
mu[5104],-0.03,0.037,-0.097,0.041,0.0,0.0,16267.0,6303.0,1.0
mu[5105],-0.018,0.038,-0.091,0.051,0.0,0.0,15871.0,6201.0,1.0
mu[5106],-0.002,0.042,-0.079,0.076,0.0,0.001,15240.0,6141.0,1.0
mu[5107],-0.018,0.038,-0.088,0.054,0.0,0.0,15885.0,6200.0,1.0
mu[5108],-0.024,0.037,-0.096,0.043,0.0,0.0,16104.0,6196.0,1.0
mu[5109],-0.033,0.037,-0.105,0.034,0.0,0.0,16323.0,6204.0,1.0
mu[5110],0.004,0.044,-0.078,0.084,0.0,0.001,15082.0,6007.0,1.0
mu[5111],-0.054,0.04,-0.13,0.021,0.0,0.0,15686.0,6682.0,1.0
mu[5112],-0.044,0.038,-0.114,0.027,0.0,0.0,16127.0,6293.0,1.0
mu[5113],-0.028,0.037,-0.098,0.04,0.0,0.0,16218.0,6303.0,1.0
mu[5114],-0.027,0.037,-0.098,0.041,0.0,0.0,16204.0,6330.0,1.0
mu[5115],-0.051,0.039,-0.127,0.019,0.0,0.0,15825.0,6550.0,1.0
mu[5116],-0.04,0.037,-0.109,0.03,0.0,0.0,16209.0,6256.0,1.0
mu[5117],-0.063,0.043,-0.143,0.02,0.0,0.0,15250.0,6608.0,1.0
mu[5118],-0.054,0.04,-0.13,0.021,0.0,0.0,15676.0,6711.0,1.0
mu[5119],-0.025,0.037,-0.097,0.042,0.0,0.0,16128.0,6206.0,1.0
mu[5120],-0.018,0.038,-0.088,0.054,0.0,0.0,15890.0,6200.0,1.0
mu[5121],0.013,0.048,-0.077,0.099,0.0,0.001,14214.0,6472.0,1.0
mu[5122],-0.051,0.039,-0.127,0.02,0.0,0.0,15804.0,6497.0,1.0
mu[5123],-0.01,0.04,-0.081,0.066,0.0,0.0,15505.0,6197.0,1.0
mu[5124],-0.067,0.045,-0.149,0.02,0.0,0.0,15057.0,6666.0,1.0
mu[5125],0.032,0.057,-0.073,0.137,0.0,0.001,13636.0,6372.0,1.0
mu[5126],-0.015,0.039,-0.085,0.059,0.0,0.0,15737.0,6195.0,1.0
mu[5127],-0.028,0.037,-0.098,0.04,0.0,0.0,16203.0,6357.0,1.0
mu[5128],-0.033,0.037,-0.104,0.034,0.0,0.0,16326.0,6255.0,1.0
mu[5129],-0.041,0.038,-0.111,0.028,0.0,0.0,16192.0,6186.0,1.0
mu[5130],-0.064,0.043,-0.145,0.018,0.0,0.0,15235.0,6608.0,1.0
mu[5131],0.019,0.051,-0.076,0.111,0.0,0.001,13979.0,6259.0,1.0
mu[5132],-0.03,0.037,-0.097,0.041,0.0,0.0,16270.0,6330.0,1.0
mu[5133],-0.03,0.037,-0.098,0.041,0.0,0.0,16280.0,6331.0,1.0
mu[5134],-0.03,0.037,-0.097,0.041,0.0,0.0,16270.0,6330.0,1.0
mu[5135],-0.062,0.043,-0.143,0.018,0.0,0.0,15299.0,6608.0,1.0
mu[5136],-0.046,0.038,-0.119,0.023,0.0,0.0,16052.0,6467.0,1.0
mu[5137],-0.015,0.038,-0.085,0.058,0.0,0.0,15741.0,6298.0,1.0
mu[5138],-0.043,0.038,-0.113,0.028,0.0,0.0,16141.0,6340.0,1.0
mu[5139],-0.049,0.039,-0.124,0.021,0.0,0.0,15900.0,6537.0,1.0
mu[5140],-0.012,0.039,-0.082,0.063,0.0,0.0,15593.0,6269.0,1.0
mu[5141],-0.036,0.037,-0.108,0.03,0.0,0.0,16276.0,6284.0,1.0
mu[5142],-0.007,0.04,-0.081,0.069,0.0,0.001,15376.0,6348.0,1.0
mu[5143],-0.064,0.043,-0.145,0.018,0.0,0.0,15228.0,6608.0,1.0
mu[5144],0.003,0.044,-0.078,0.082,0.0,0.001,15098.0,6140.0,1.0
mu[5145],-0.02,0.038,-0.092,0.049,0.0,0.0,15926.0,6149.0,1.0
mu[5146],-0.019,0.038,-0.091,0.051,0.0,0.0,15907.0,6276.0,1.0
mu[5147],-0.035,0.037,-0.107,0.031,0.0,0.0,16286.0,6284.0,1.0
mu[5148],-0.013,0.039,-0.084,0.061,0.0,0.0,15660.0,6168.0,1.0
mu[5149],-0.035,0.037,-0.107,0.031,0.0,0.0,16286.0,6284.0,1.0
mu[5150],-0.019,0.038,-0.091,0.051,0.0,0.0,15907.0,6276.0,1.0
mu[5151],0.003,0.044,-0.078,0.084,0.0,0.001,15088.0,6141.0,1.0
mu[5152],-0.052,0.04,-0.128,0.02,0.0,0.0,15775.0,6470.0,1.0
mu[5153],-0.052,0.04,-0.128,0.02,0.0,0.0,15775.0,6470.0,1.0
mu[5154],-0.03,0.037,-0.098,0.041,0.0,0.0,16269.0,6388.0,1.0
mu[5155],-0.032,0.037,-0.102,0.036,0.0,0.0,16315.0,6254.0,1.0
mu[5156],-0.022,0.037,-0.094,0.046,0.0,0.0,16014.0,6288.0,1.0
mu[5157],-0.022,0.037,-0.094,0.046,0.0,0.0,16011.0,6274.0,1.0
mu[5158],-0.047,0.038,-0.119,0.023,0.0,0.0,16013.0,6467.0,1.0
mu[5159],-0.028,0.037,-0.098,0.041,0.0,0.0,16209.0,6329.0,1.0
mu[5160],-0.063,0.043,-0.143,0.02,0.0,0.0,15250.0,6608.0,1.0
mu[5161],-0.052,0.04,-0.128,0.02,0.0,0.0,15775.0,6470.0,1.0
mu[5162],-0.035,0.037,-0.107,0.031,0.0,0.0,16286.0,6284.0,1.0
mu[5163],-0.057,0.041,-0.131,0.023,0.0,0.0,15552.0,6683.0,1.0
mu[5164],-0.008,0.04,-0.081,0.068,0.0,0.001,15385.0,6268.0,1.0
mu[5165],-0.002,0.042,-0.082,0.073,0.0,0.001,15236.0,6157.0,1.0
mu[5166],-0.042,0.038,-0.111,0.029,0.0,0.0,16171.0,6256.0,1.0
mu[5167],-0.041,0.038,-0.111,0.028,0.0,0.0,16193.0,6185.0,1.0
mu[5168],-0.024,0.037,-0.096,0.043,0.0,0.0,16104.0,6196.0,1.0
mu[5169],-0.019,0.038,-0.091,0.051,0.0,0.0,15907.0,6276.0,1.0
mu[5170],-0.063,0.043,-0.143,0.02,0.0,0.0,15250.0,6608.0,1.0
mu[5171],-0.062,0.043,-0.143,0.018,0.0,0.0,15299.0,6608.0,1.0
mu[5172],0.035,0.059,-0.078,0.139,0.001,0.001,13555.0,6418.0,1.0
mu[5173],-0.019,0.038,-0.091,0.051,0.0,0.0,15907.0,6276.0,1.0
mu[5174],-0.059,0.042,-0.139,0.018,0.0,0.0,15433.0,6684.0,1.0
mu[5175],-0.049,0.039,-0.123,0.022,0.0,0.0,15911.0,6537.0,1.0
mu[5176],-0.07,0.046,-0.154,0.019,0.0,0.001,14943.0,6667.0,1.0
mu[5177],-0.047,0.038,-0.119,0.023,0.0,0.0,16013.0,6467.0,1.0
mu[5178],0.009,0.046,-0.079,0.09,0.0,0.001,14364.0,6228.0,1.0
mu[5179],-0.026,0.037,-0.097,0.042,0.0,0.0,16169.0,6331.0,1.0
mu[5180],-0.032,0.037,-0.103,0.035,0.0,0.0,16317.0,6204.0,1.0
mu[5181],-0.056,0.041,-0.131,0.023,0.0,0.0,15574.0,6698.0,1.0
mu[5182],-0.008,0.04,-0.082,0.067,0.0,0.001,15420.0,6174.0,1.0
mu[5183],-0.019,0.038,-0.091,0.051,0.0,0.0,15907.0,6276.0,1.0
mu[5184],-0.024,0.037,-0.096,0.043,0.0,0.0,16104.0,6196.0,1.0
mu[5185],-0.052,0.04,-0.128,0.02,0.0,0.0,15775.0,6470.0,1.0
mu[5186],-0.068,0.045,-0.15,0.02,0.0,0.0,15026.0,6667.0,1.0
mu[5187],-0.06,0.042,-0.14,0.018,0.0,0.0,15397.0,6695.0,1.0
mu[5188],-0.007,0.04,-0.081,0.068,0.0,0.001,15377.0,6348.0,1.0
mu[5189],-0.067,0.044,-0.147,0.02,0.0,0.0,15081.0,6637.0,1.0
mu[5190],-0.042,0.038,-0.111,0.029,0.0,0.0,16184.0,6261.0,1.0
mu[5191],-0.019,0.038,-0.091,0.05,0.0,0.0,15922.0,6328.0,1.0
mu[5192],-0.047,0.038,-0.119,0.023,0.0,0.0,16013.0,6467.0,1.0
mu[5193],-0.052,0.04,-0.128,0.02,0.0,0.0,15775.0,6470.0,1.0
mu[5194],-0.035,0.037,-0.107,0.031,0.0,0.0,16286.0,6284.0,1.0
mu[5195],-0.03,0.037,-0.098,0.041,0.0,0.0,16269.0,6388.0,1.0
mu[5196],-0.041,0.038,-0.111,0.028,0.0,0.0,16193.0,6185.0,1.0
mu[5197],-0.035,0.037,-0.107,0.031,0.0,0.0,16286.0,6284.0,1.0
mu[5198],-0.008,0.04,-0.081,0.068,0.0,0.001,15385.0,6268.0,1.0
mu[5199],-0.044,0.038,-0.117,0.025,0.0,0.0,16101.0,6319.0,1.0
mu[5200],-0.036,0.037,-0.108,0.03,0.0,0.0,16269.0,6284.0,1.0
mu[5201],-0.021,0.038,-0.092,0.048,0.0,0.0,15948.0,6123.0,1.0
mu[5202],-0.061,0.042,-0.141,0.018,0.0,0.0,15354.0,6665.0,1.0
mu[5203],-0.043,0.038,-0.113,0.028,0.0,0.0,16148.0,6287.0,1.0
mu[5204],-0.039,0.037,-0.109,0.03,0.0,0.0,16217.0,6231.0,1.0
mu[5205],-0.069,0.045,-0.151,0.02,0.0,0.001,14997.0,6667.0,1.0
mu[5206],-0.047,0.038,-0.119,0.023,0.0,0.0,16013.0,6467.0,1.0
mu[5207],-0.002,0.039,-0.076,0.071,0.0,0.001,17695.0,5357.0,1.0
mu[5208],-0.011,0.038,-0.083,0.061,0.0,0.001,17533.0,4963.0,1.0
mu[5209],0.034,0.049,-0.053,0.132,0.0,0.001,17184.0,6095.0,1.0
mu[5210],-0.028,0.039,-0.102,0.045,0.0,0.001,16907.0,5276.0,1.0
mu[5211],-0.038,0.04,-0.113,0.039,0.0,0.001,16415.0,5707.0,1.0
mu[5212],-0.008,0.038,-0.082,0.063,0.0,0.001,17618.0,5156.0,1.0
mu[5213],-0.022,0.038,-0.095,0.05,0.0,0.001,17147.0,5395.0,1.0
mu[5214],0.0,0.039,-0.074,0.074,0.0,0.001,17701.0,5322.0,1.0
mu[5215],-0.039,0.04,-0.114,0.039,0.0,0.001,16355.0,5770.0,1.0
mu[5216],-0.055,0.045,-0.136,0.033,0.0,0.001,15688.0,6047.0,1.0
mu[5217],0.007,0.041,-0.071,0.083,0.0,0.001,17693.0,5171.0,1.0
mu[5218],0.006,0.04,-0.073,0.079,0.0,0.001,17701.0,5164.0,1.0
mu[5219],0.105,0.084,-0.063,0.253,0.001,0.001,16150.0,6508.0,1.0
mu[5220],-0.004,0.039,-0.077,0.068,0.0,0.001,17668.0,5301.0,1.0
mu[5221],-0.021,0.038,-0.097,0.047,0.0,0.001,17188.0,5452.0,1.0
mu[5222],-0.013,0.038,-0.086,0.058,0.0,0.001,17464.0,5009.0,1.0
mu[5223],-0.007,0.038,-0.082,0.063,0.0,0.001,17616.0,5156.0,1.0
mu[5224],-0.047,0.042,-0.127,0.032,0.0,0.001,15988.0,5806.0,1.0
mu[5225],0.023,0.045,-0.066,0.102,0.0,0.001,17442.0,5816.0,1.0
mu[5226],-0.048,0.043,-0.128,0.033,0.0,0.001,15953.0,5739.0,1.0
mu[5227],-0.003,0.039,-0.076,0.07,0.0,0.001,17681.0,5338.0,1.0
mu[5228],-0.011,0.038,-0.084,0.06,0.0,0.001,17522.0,4963.0,1.0
mu[5229],-0.003,0.039,-0.076,0.07,0.0,0.001,17682.0,5338.0,1.0
mu[5230],0.056,0.058,-0.055,0.164,0.0,0.001,16740.0,6598.0,1.0
mu[5231],-0.016,0.038,-0.089,0.055,0.0,0.001,17372.0,5213.0,1.0
mu[5232],-0.003,0.039,-0.076,0.069,0.0,0.001,17676.0,5319.0,1.0
mu[5233],0.015,0.042,-0.066,0.092,0.0,0.001,17609.0,5711.0,1.0
mu[5234],-0.004,0.039,-0.076,0.069,0.0,0.001,17674.0,5301.0,1.0
mu[5235],-0.01,0.038,-0.08,0.064,0.0,0.001,17545.0,5027.0,1.0
mu[5236],-0.02,0.038,-0.097,0.047,0.0,0.001,17209.0,5357.0,1.0
mu[5237],0.021,0.044,-0.066,0.099,0.0,0.001,17490.0,5772.0,1.0
mu[5238],-0.043,0.041,-0.119,0.036,0.0,0.001,16184.0,5852.0,1.0
mu[5239],-0.031,0.039,-0.108,0.04,0.0,0.001,16741.0,5379.0,1.0
mu[5240],-0.014,0.038,-0.088,0.055,0.0,0.001,17428.0,5146.0,1.0
mu[5241],-0.014,0.038,-0.087,0.057,0.0,0.001,17458.0,5043.0,1.0
mu[5242],-0.039,0.04,-0.114,0.038,0.0,0.001,16349.0,5770.0,1.0
mu[5243],-0.027,0.039,-0.101,0.045,0.0,0.001,16972.0,5351.0,1.0
mu[5244],-0.053,0.044,-0.134,0.032,0.0,0.001,15758.0,6133.0,1.0
mu[5245],-0.043,0.041,-0.12,0.035,0.0,0.001,16168.0,5875.0,1.0
mu[5246],-0.011,0.038,-0.083,0.061,0.0,0.001,17521.0,4915.0,1.0
mu[5247],-0.004,0.039,-0.077,0.069,0.0,0.001,17673.0,5301.0,1.0
mu[5248],0.031,0.048,-0.055,0.124,0.0,0.001,17278.0,6043.0,1.0
mu[5249],-0.04,0.041,-0.115,0.038,0.0,0.001,16327.0,5748.0,1.0
mu[5250],0.005,0.04,-0.072,0.08,0.0,0.001,17705.0,5165.0,1.0
mu[5251],-0.057,0.046,-0.142,0.03,0.0,0.001,15603.0,6095.0,1.0
mu[5252],0.051,0.056,-0.055,0.156,0.0,0.001,16812.0,6500.0,1.0
mu[5253],0.0,0.039,-0.073,0.074,0.0,0.001,17707.0,5267.0,1.0
mu[5254],-0.014,0.038,-0.087,0.057,0.0,0.001,17449.0,5043.0,1.0
mu[5255],-0.02,0.038,-0.094,0.05,0.0,0.001,17230.0,5301.0,1.0
mu[5256],-0.028,0.039,-0.102,0.045,0.0,0.001,16919.0,5351.0,1.0
mu[5257],-0.053,0.044,-0.134,0.032,0.0,0.001,15744.0,6108.0,1.0
mu[5258],0.038,0.05,-0.059,0.131,0.0,0.001,17100.0,6272.0,1.0
mu[5259],-0.016,0.038,-0.089,0.055,0.0,0.001,17366.0,5249.0,1.0
mu[5260],-0.017,0.038,-0.09,0.054,0.0,0.001,17343.0,5322.0,1.0
mu[5261],-0.016,0.038,-0.089,0.055,0.0,0.001,17366.0,5249.0,1.0
mu[5262],-0.052,0.044,-0.131,0.033,0.0,0.001,15804.0,6046.0,1.0
mu[5263],-0.034,0.039,-0.109,0.041,0.0,0.001,16646.0,5463.0,1.0
mu[5264],-0.0,0.039,-0.073,0.074,0.0,0.001,17711.0,5312.0,1.0
mu[5265],-0.031,0.039,-0.103,0.045,0.0,0.001,16760.0,5379.0,1.0
mu[5266],-0.037,0.04,-0.112,0.04,0.0,0.001,16458.0,5681.0,1.0
mu[5267],0.003,0.04,-0.072,0.078,0.0,0.001,17700.0,5173.0,1.0
mu[5268],-0.023,0.038,-0.095,0.049,0.0,0.001,17125.0,5433.0,1.0
mu[5269],0.009,0.041,-0.068,0.086,0.0,0.001,17687.0,5224.0,1.0
mu[5270],-0.054,0.044,-0.135,0.032,0.0,0.001,15742.0,6120.0,1.0
mu[5271],0.02,0.044,-0.065,0.099,0.0,0.001,17504.0,5775.0,1.0
mu[5272],-0.005,0.039,-0.079,0.066,0.0,0.001,17646.0,5319.0,1.0
mu[5273],-0.004,0.039,-0.077,0.068,0.0,0.001,17667.0,5283.0,1.0
mu[5274],-0.022,0.038,-0.095,0.05,0.0,0.001,17134.0,5433.0,1.0
mu[5275],0.002,0.04,-0.074,0.075,0.0,0.001,17708.0,5256.0,1.0
mu[5276],-0.022,0.038,-0.095,0.05,0.0,0.001,17134.0,5433.0,1.0
mu[5277],-0.004,0.039,-0.077,0.068,0.0,0.001,17667.0,5283.0,1.0
mu[5278],0.02,0.044,-0.066,0.099,0.0,0.001,17490.0,5753.0,1.0
mu[5279],-0.041,0.041,-0.117,0.037,0.0,0.001,16277.0,5793.0,1.0
mu[5280],-0.041,0.041,-0.117,0.037,0.0,0.001,16277.0,5793.0,1.0
mu[5281],-0.016,0.038,-0.089,0.055,0.0,0.001,17359.0,5249.0,1.0
mu[5282],-0.018,0.038,-0.092,0.052,0.0,0.001,17279.0,5265.0,1.0
mu[5283],-0.008,0.038,-0.082,0.063,0.0,0.001,17611.0,5156.0,1.0
mu[5284],-0.008,0.038,-0.082,0.063,0.0,0.001,17618.0,5156.0,1.0
mu[5285],-0.035,0.04,-0.109,0.042,0.0,0.001,16596.0,5408.0,1.0
mu[5286],-0.014,0.038,-0.087,0.057,0.0,0.001,17435.0,5128.0,1.0
mu[5287],-0.053,0.044,-0.134,0.032,0.0,0.001,15758.0,6133.0,1.0
mu[5288],-0.041,0.041,-0.117,0.037,0.0,0.001,16277.0,5793.0,1.0
mu[5289],-0.022,0.038,-0.095,0.05,0.0,0.001,17134.0,5433.0,1.0
mu[5290],-0.046,0.042,-0.126,0.032,0.0,0.001,16044.0,5919.0,1.0
mu[5291],0.008,0.041,-0.069,0.085,0.0,0.001,17694.0,5119.0,1.0
mu[5292],0.014,0.042,-0.066,0.092,0.0,0.001,17617.0,5710.0,1.0
mu[5293],-0.03,0.039,-0.104,0.044,0.0,0.001,16847.0,5331.0,1.0
mu[5294],-0.028,0.039,-0.102,0.045,0.0,0.001,16907.0,5276.0,1.0
mu[5295],-0.01,0.038,-0.083,0.062,0.0,0.001,17544.0,4995.0,1.0
mu[5296],-0.004,0.039,-0.077,0.068,0.0,0.001,17667.0,5283.0,1.0
mu[5297],-0.053,0.044,-0.134,0.032,0.0,0.001,15758.0,6133.0,1.0
mu[5298],-0.052,0.044,-0.131,0.033,0.0,0.001,15804.0,6046.0,1.0
mu[5299],0.055,0.058,-0.055,0.163,0.0,0.001,16748.0,6541.0,1.0
mu[5300],-0.004,0.039,-0.077,0.068,0.0,0.001,17667.0,5283.0,1.0
mu[5301],-0.049,0.043,-0.128,0.033,0.0,0.001,15936.0,5722.0,1.0
mu[5302],-0.037,0.04,-0.111,0.041,0.0,0.001,16472.0,5660.0,1.0
mu[5303],-0.061,0.047,-0.143,0.032,0.0,0.001,15508.0,6159.0,1.0
mu[5304],-0.035,0.04,-0.109,0.042,0.0,0.001,16596.0,5408.0,1.0
mu[5305],0.026,0.046,-0.063,0.109,0.0,0.001,17356.0,5719.0,1.0
mu[5306],-0.012,0.038,-0.084,0.06,0.0,0.001,17493.0,4980.0,1.0
mu[5307],-0.018,0.038,-0.092,0.052,0.0,0.001,17273.0,5283.0,1.0
mu[5308],-0.045,0.042,-0.125,0.032,0.0,0.001,16071.0,5907.0,1.0
mu[5309],0.007,0.041,-0.069,0.084,0.0,0.001,17690.0,5171.0,1.0
mu[5310],-0.004,0.039,-0.077,0.068,0.0,0.001,17667.0,5283.0,1.0
mu[5311],-0.01,0.038,-0.083,0.062,0.0,0.001,17544.0,4995.0,1.0
mu[5312],-0.041,0.041,-0.117,0.037,0.0,0.001,16277.0,5793.0,1.0
mu[5313],-0.058,0.046,-0.142,0.031,0.0,0.001,15578.0,6145.0,1.0
mu[5314],-0.049,0.043,-0.132,0.03,0.0,0.001,15907.0,5789.0,1.0
mu[5315],0.009,0.041,-0.068,0.086,0.0,0.001,17690.0,5224.0,1.0
mu[5316],-0.057,0.045,-0.141,0.03,0.0,0.001,15627.0,6122.0,1.0
mu[5317],-0.029,0.039,-0.103,0.044,0.0,0.001,16863.0,5295.0,1.0
mu[5318],-0.005,0.039,-0.078,0.067,0.0,0.001,17659.0,5301.0,1.0
mu[5319],-0.035,0.04,-0.109,0.042,0.0,0.001,16596.0,5408.0,1.0
mu[5320],-0.041,0.041,-0.117,0.037,0.0,0.001,16277.0,5793.0,1.0
mu[5321],-0.022,0.038,-0.095,0.05,0.0,0.001,17134.0,5433.0,1.0
mu[5322],-0.016,0.038,-0.089,0.055,0.0,0.001,17359.0,5249.0,1.0
mu[5323],-0.028,0.039,-0.102,0.045,0.0,0.001,16907.0,5276.0,1.0
mu[5324],-0.022,0.038,-0.095,0.05,0.0,0.001,17134.0,5433.0,1.0
mu[5325],0.008,0.041,-0.069,0.085,0.0,0.001,17694.0,5119.0,1.0
mu[5326],-0.032,0.039,-0.108,0.041,0.0,0.001,16702.0,5437.0,1.0
mu[5327],-0.023,0.038,-0.096,0.048,0.0,0.001,17108.0,5395.0,1.0
mu[5328],-0.006,0.038,-0.081,0.064,0.0,0.001,17637.0,5264.0,1.0
mu[5329],-0.05,0.043,-0.131,0.033,0.0,0.001,15858.0,5976.0,1.0
mu[5330],-0.031,0.039,-0.105,0.043,0.0,0.001,16790.0,5388.0,1.0
mu[5331],-0.026,0.038,-0.1,0.046,0.0,0.001,17010.0,5413.0,1.0
mu[5332],-0.059,0.046,-0.143,0.031,0.0,0.001,15558.0,6218.0,1.0
mu[5333],-0.035,0.04,-0.109,0.042,0.0,0.001,16596.0,5408.0,1.0
mu[5334],-0.002,0.038,-0.074,0.068,0.0,0.0,17106.0,5601.0,1.0
mu[5335],-0.013,0.037,-0.081,0.058,0.0,0.0,17751.0,5509.0,1.0
mu[5336],0.042,0.049,-0.043,0.139,0.0,0.001,14250.0,6274.0,1.0
mu[5337],-0.035,0.038,-0.108,0.034,0.0,0.0,18285.0,5621.0,1.0
mu[5338],-0.047,0.04,-0.121,0.027,0.0,0.0,17735.0,6132.0,1.0
mu[5339],-0.009,0.037,-0.079,0.06,0.0,0.0,17539.0,5434.0,1.0
mu[5340],-0.027,0.037,-0.096,0.043,0.0,0.0,18215.0,5585.0,1.0
mu[5341],0.001,0.038,-0.073,0.071,0.0,0.0,16922.0,5736.0,1.0
mu[5342],-0.048,0.04,-0.122,0.028,0.0,0.0,17664.0,6233.0,1.0
mu[5343],-0.067,0.045,-0.152,0.016,0.0,0.001,16775.0,6282.0,1.0
mu[5344],0.009,0.04,-0.068,0.082,0.0,0.0,16341.0,5456.0,1.0
mu[5345],0.007,0.04,-0.068,0.08,0.0,0.0,16454.0,5455.0,1.0
mu[5346],0.129,0.087,-0.026,0.303,0.001,0.001,12819.0,6500.0,1.0
mu[5347],-0.005,0.038,-0.076,0.064,0.0,0.0,17277.0,5657.0,1.0
mu[5348],-0.025,0.037,-0.093,0.045,0.0,0.0,18215.0,5546.0,1.0
mu[5349],-0.016,0.037,-0.083,0.055,0.0,0.0,17900.0,5607.0,1.0
mu[5350],-0.009,0.037,-0.079,0.06,0.0,0.0,17523.0,5434.0,1.0
mu[5351],-0.058,0.042,-0.138,0.021,0.0,0.001,17235.0,6267.0,1.0
mu[5352],0.028,0.045,-0.052,0.114,0.0,0.001,14871.0,6191.0,1.0
mu[5353],-0.059,0.043,-0.136,0.024,0.0,0.001,17173.0,6281.0,1.0
mu[5354],-0.003,0.038,-0.075,0.067,0.0,0.0,17157.0,5677.0,1.0
mu[5355],-0.013,0.037,-0.08,0.059,0.0,0.0,17778.0,5588.0,1.0
mu[5356],-0.003,0.038,-0.075,0.067,0.0,0.0,17164.0,5677.0,1.0
mu[5357],0.069,0.059,-0.042,0.179,0.001,0.001,13471.0,6526.0,1.0
mu[5358],-0.019,0.037,-0.089,0.049,0.0,0.0,18018.0,5607.0,1.0
mu[5359],-0.004,0.038,-0.075,0.066,0.0,0.0,17194.0,5600.0,1.0
mu[5360],0.018,0.042,-0.062,0.094,0.0,0.001,15438.0,5919.0,1.0
mu[5361],-0.004,0.038,-0.075,0.066,0.0,0.0,17226.0,5600.0,1.0
mu[5362],-0.012,0.037,-0.08,0.059,0.0,0.0,17703.0,5431.0,1.0
mu[5363],-0.025,0.037,-0.092,0.046,0.0,0.0,18179.0,5468.0,1.0
mu[5364],0.025,0.044,-0.056,0.107,0.0,0.001,15013.0,6215.0,1.0
mu[5365],-0.052,0.041,-0.129,0.024,0.0,0.0,17495.0,6293.0,1.0
mu[5366],-0.038,0.038,-0.112,0.031,0.0,0.0,18026.0,5925.0,1.0
mu[5367],-0.018,0.037,-0.086,0.052,0.0,0.0,17973.0,5650.0,1.0
mu[5368],-0.016,0.037,-0.082,0.055,0.0,0.0,17925.0,5607.0,1.0
mu[5369],-0.048,0.04,-0.122,0.028,0.0,0.0,17665.0,6233.0,1.0
mu[5370],-0.033,0.038,-0.105,0.036,0.0,0.0,18296.0,5707.0,1.0
mu[5371],-0.065,0.044,-0.149,0.017,0.0,0.001,16903.0,6255.0,1.0
mu[5372],-0.053,0.041,-0.13,0.024,0.0,0.001,17480.0,6283.0,1.0
mu[5373],-0.014,0.037,-0.08,0.059,0.0,0.0,17782.0,5588.0,1.0
mu[5374],-0.004,0.038,-0.076,0.065,0.0,0.0,17239.0,5600.0,1.0
mu[5375],0.038,0.048,-0.045,0.131,0.0,0.001,14439.0,6235.0,1.0
mu[5376],-0.049,0.04,-0.125,0.025,0.0,0.0,17637.0,6259.0,1.0
mu[5377],0.007,0.039,-0.07,0.078,0.0,0.0,16475.0,5465.0,1.0
mu[5378],-0.07,0.046,-0.158,0.014,0.0,0.001,16601.0,6243.0,1.0
mu[5379],0.063,0.057,-0.042,0.172,0.0,0.001,13583.0,6561.0,1.0
mu[5380],0.001,0.038,-0.073,0.071,0.0,0.0,16934.0,5698.0,1.0
mu[5381],-0.017,0.037,-0.082,0.055,0.0,0.0,17930.0,5607.0,1.0
mu[5382],-0.024,0.037,-0.092,0.046,0.0,0.0,18168.0,5526.0,1.0
mu[5383],-0.035,0.038,-0.108,0.034,0.0,0.0,18287.0,5621.0,1.0
mu[5384],-0.065,0.045,-0.149,0.017,0.0,0.001,16867.0,6256.0,1.0
mu[5385],0.047,0.051,-0.047,0.141,0.0,0.001,14088.0,6267.0,1.0
mu[5386],-0.02,0.037,-0.088,0.049,0.0,0.0,18026.0,5586.0,1.0
mu[5387],-0.02,0.037,-0.089,0.048,0.0,0.0,18055.0,5649.0,1.0
mu[5388],-0.02,0.037,-0.088,0.049,0.0,0.0,18026.0,5586.0,1.0
mu[5389],-0.063,0.044,-0.147,0.017,0.0,0.001,16968.0,6325.0,1.0
mu[5390],-0.041,0.039,-0.114,0.031,0.0,0.0,17939.0,6024.0,1.0
mu[5391],-0.0,0.038,-0.074,0.069,0.0,0.0,16975.0,5614.0,1.0
mu[5392],-0.038,0.038,-0.111,0.031,0.0,0.0,18033.0,5919.0,1.0
mu[5393],-0.046,0.04,-0.12,0.027,0.0,0.0,17777.0,6156.0,1.0
mu[5394],0.004,0.039,-0.071,0.075,0.0,0.0,16676.0,5464.0,1.0
mu[5395],-0.028,0.037,-0.094,0.045,0.0,0.0,18245.0,5584.0,1.0
mu[5396],0.011,0.04,-0.064,0.086,0.0,0.001,16204.0,5550.0,1.0
mu[5397],-0.066,0.045,-0.149,0.017,0.0,0.001,16855.0,6283.0,1.0
mu[5398],0.025,0.044,-0.056,0.106,0.0,0.001,15059.0,6088.0,1.0
mu[5399],-0.006,0.038,-0.077,0.064,0.0,0.0,17367.0,5594.0,1.0
mu[5400],-0.005,0.038,-0.076,0.064,0.0,0.0,17273.0,5657.0,1.0
mu[5401],-0.027,0.037,-0.097,0.042,0.0,0.0,18221.0,5575.0,1.0
mu[5402],0.003,0.039,-0.072,0.072,0.0,0.0,16814.0,5402.0,1.0
mu[5403],-0.027,0.037,-0.097,0.042,0.0,0.0,18221.0,5575.0,1.0
mu[5404],-0.005,0.038,-0.076,0.064,0.0,0.0,17273.0,5657.0,1.0
mu[5405],0.025,0.044,-0.056,0.106,0.0,0.001,15028.0,6215.0,1.0
mu[5406],-0.05,0.041,-0.127,0.024,0.0,0.0,17598.0,6234.0,1.0
mu[5407],-0.05,0.041,-0.127,0.024,0.0,0.0,17598.0,6234.0,1.0
mu[5408],-0.02,0.037,-0.089,0.048,0.0,0.0,18039.0,5649.0,1.0
mu[5409],-0.022,0.037,-0.091,0.047,0.0,0.0,18108.0,5464.0,1.0
mu[5410],-0.009,0.037,-0.079,0.06,0.0,0.0,17523.0,5434.0,1.0
mu[5411],-0.009,0.037,-0.079,0.06,0.0,0.0,17539.0,5434.0,1.0
mu[5412],-0.042,0.039,-0.115,0.03,0.0,0.0,17899.0,6051.0,1.0
mu[5413],-0.017,0.037,-0.085,0.053,0.0,0.0,17958.0,5629.0,1.0
mu[5414],-0.065,0.044,-0.149,0.017,0.0,0.001,16903.0,6255.0,1.0
mu[5415],-0.05,0.041,-0.127,0.024,0.0,0.0,17598.0,6234.0,1.0
mu[5416],-0.027,0.037,-0.097,0.042,0.0,0.0,18221.0,5575.0,1.0
mu[5417],-0.056,0.042,-0.135,0.022,0.0,0.001,17296.0,6242.0,1.0
mu[5418],0.01,0.04,-0.066,0.084,0.0,0.001,15972.0,5581.0,1.0
mu[5419],0.018,0.042,-0.062,0.093,0.0,0.001,15459.0,5919.0,1.0
mu[5420],-0.036,0.038,-0.109,0.033,0.0,0.0,18079.0,5748.0,1.0
mu[5421],-0.035,0.038,-0.108,0.034,0.0,0.0,18285.0,5621.0,1.0
mu[5422],-0.012,0.037,-0.08,0.058,0.0,0.0,17708.0,5490.0,1.0
mu[5423],-0.005,0.038,-0.076,0.064,0.0,0.0,17273.0,5657.0,1.0
mu[5424],-0.065,0.044,-0.149,0.017,0.0,0.001,16903.0,6255.0,1.0
mu[5425],-0.063,0.044,-0.147,0.017,0.0,0.001,16968.0,6325.0,1.0
mu[5426],0.068,0.059,-0.042,0.179,0.001,0.001,13480.0,6526.0,1.0
mu[5427],-0.005,0.038,-0.076,0.064,0.0,0.0,17273.0,5657.0,1.0
mu[5428],-0.06,0.043,-0.136,0.024,0.0,0.001,17152.0,6272.0,1.0
mu[5429],-0.045,0.04,-0.12,0.028,0.0,0.0,17789.0,6130.0,1.0
mu[5430],-0.074,0.047,-0.165,0.011,0.0,0.001,16425.0,6276.0,1.0
mu[5431],-0.042,0.039,-0.115,0.03,0.0,0.0,17899.0,6051.0,1.0
mu[5432],0.033,0.046,-0.049,0.121,0.0,0.001,14658.0,6200.0,1.0
mu[5433],-0.015,0.037,-0.081,0.057,0.0,0.0,17850.0,5627.0,1.0
mu[5434],-0.022,0.037,-0.091,0.046,0.0,0.0,18123.0,5504.0,1.0
mu[5435],-0.056,0.042,-0.135,0.021,0.0,0.001,17332.0,6217.0,1.0
mu[5436],0.009,0.04,-0.067,0.082,0.0,0.0,16328.0,5456.0,1.0
mu[5437],-0.005,0.038,-0.076,0.064,0.0,0.0,17273.0,5657.0,1.0
mu[5438],-0.012,0.037,-0.08,0.058,0.0,0.0,17708.0,5490.0,1.0
mu[5439],-0.05,0.041,-0.127,0.024,0.0,0.0,17598.0,6234.0,1.0
mu[5440],-0.071,0.046,-0.16,0.013,0.0,0.001,16556.0,6248.0,1.0
mu[5441],-0.061,0.043,-0.138,0.023,0.0,0.001,17106.0,6350.0,1.0
mu[5442],0.011,0.04,-0.064,0.086,0.0,0.001,16210.0,5550.0,1.0
mu[5443],-0.07,0.046,-0.155,0.016,0.0,0.001,16657.0,6186.0,1.0
mu[5444],-0.036,0.038,-0.109,0.033,0.0,0.0,18087.0,5704.0,1.0
mu[5445],-0.006,0.038,-0.077,0.064,0.0,0.0,17323.0,5657.0,1.0
mu[5446],-0.042,0.039,-0.115,0.03,0.0,0.0,17899.0,6051.0,1.0
mu[5447],-0.05,0.041,-0.127,0.024,0.0,0.0,17598.0,6234.0,1.0
mu[5448],-0.027,0.037,-0.097,0.042,0.0,0.0,18221.0,5575.0,1.0
mu[5449],-0.02,0.037,-0.089,0.048,0.0,0.0,18039.0,5649.0,1.0
mu[5450],-0.035,0.038,-0.108,0.034,0.0,0.0,18285.0,5621.0,1.0
mu[5451],-0.027,0.037,-0.097,0.042,0.0,0.0,18221.0,5575.0,1.0
mu[5452],0.01,0.04,-0.066,0.084,0.0,0.001,15972.0,5581.0,1.0
mu[5453],-0.039,0.039,-0.112,0.031,0.0,0.0,17996.0,5961.0,1.0
mu[5454],-0.028,0.037,-0.095,0.044,0.0,0.0,18261.0,5626.0,1.0
mu[5455],-0.007,0.038,-0.078,0.062,0.0,0.0,17422.0,5553.0,1.0
mu[5456],-0.062,0.044,-0.143,0.02,0.0,0.001,17057.0,6377.0,1.0
mu[5457],-0.037,0.038,-0.111,0.032,0.0,0.0,18048.0,5889.0,1.0
mu[5458],-0.032,0.038,-0.103,0.037,0.0,0.0,18295.0,5686.0,1.0
mu[5459],-0.072,0.047,-0.161,0.013,0.0,0.001,16513.0,6274.0,1.0
mu[5460],-0.042,0.039,-0.115,0.03,0.0,0.0,17899.0,6051.0,1.0
mu[5461],0.001,0.039,-0.075,0.072,0.0,0.0,16224.0,6095.0,1.0
mu[5462],-0.005,0.038,-0.076,0.065,0.0,0.0,17343.0,6192.0,1.0
mu[5463],0.027,0.052,-0.072,0.122,0.0,0.001,11921.0,5542.0,1.0
mu[5464],-0.018,0.038,-0.09,0.054,0.0,0.0,17540.0,5737.0,1.0
mu[5465],-0.025,0.04,-0.103,0.048,0.0,0.0,16495.0,5930.0,1.0
mu[5466],-0.003,0.038,-0.074,0.068,0.0,0.0,16994.0,5996.0,1.0
mu[5467],-0.014,0.038,-0.083,0.058,0.0,0.0,17858.0,5872.0,1.0
mu[5468],0.003,0.039,-0.07,0.078,0.0,0.0,15881.0,6095.0,1.0
mu[5469],-0.026,0.041,-0.106,0.047,0.0,0.0,16335.0,5972.0,1.0
mu[5470],-0.038,0.046,-0.127,0.046,0.0,0.001,14277.0,6127.0,1.0
mu[5471],0.008,0.041,-0.073,0.082,0.0,0.0,14799.0,6167.0,1.0
mu[5472],0.007,0.04,-0.07,0.084,0.0,0.0,15037.0,6168.0,1.0
mu[5473],0.079,0.093,-0.103,0.242,0.001,0.001,10074.0,6529.0,1.0
mu[5474],-0.001,0.038,-0.076,0.069,0.0,0.0,16541.0,5998.0,1.0
mu[5475],-0.013,0.037,-0.082,0.059,0.0,0.0,17858.0,5873.0,1.0
mu[5476],-0.007,0.037,-0.076,0.065,0.0,0.0,17569.0,5988.0,1.0
mu[5477],-0.003,0.038,-0.074,0.068,0.0,0.0,16970.0,6044.0,1.0
mu[5478],-0.032,0.043,-0.114,0.047,0.0,0.001,15306.0,6148.0,1.0
mu[5479],0.019,0.046,-0.07,0.105,0.0,0.001,12897.0,5598.0,1.0
mu[5480],-0.033,0.044,-0.114,0.048,0.0,0.001,15144.0,6174.0,1.0
mu[5481],0.001,0.039,-0.075,0.071,0.0,0.0,16314.0,6095.0,1.0
mu[5482],-0.006,0.038,-0.076,0.065,0.0,0.0,17390.0,6193.0,1.0
mu[5483],0.0,0.039,-0.075,0.071,0.0,0.0,16322.0,6094.0,1.0
mu[5484],0.043,0.063,-0.077,0.158,0.001,0.001,10901.0,5934.0,1.0
mu[5485],-0.009,0.037,-0.078,0.063,0.0,0.0,17742.0,5696.0,1.0
mu[5486],0.0,0.038,-0.075,0.07,0.0,0.0,16426.0,6070.0,1.0
mu[5487],0.013,0.043,-0.07,0.094,0.0,0.001,13817.0,5727.0,1.0
mu[5488],-0.0,0.038,-0.075,0.07,0.0,0.0,16465.0,5974.0,1.0
mu[5489],-0.005,0.038,-0.076,0.065,0.0,0.0,17282.0,6093.0,1.0
mu[5490],-0.012,0.037,-0.081,0.06,0.0,0.0,17854.0,5850.0,1.0
mu[5491],0.017,0.045,-0.07,0.102,0.0,0.001,13124.0,5559.0,1.0
mu[5492],-0.029,0.042,-0.109,0.046,0.0,0.0,15880.0,6073.0,1.0
mu[5493],-0.02,0.039,-0.095,0.05,0.0,0.0,17289.0,5734.0,1.0
mu[5494],-0.008,0.037,-0.078,0.063,0.0,0.0,17658.0,5918.0,1.0
mu[5495],-0.007,0.037,-0.075,0.066,0.0,0.0,17598.0,5964.0,1.0
mu[5496],-0.026,0.041,-0.105,0.048,0.0,0.0,16327.0,5972.0,1.0
mu[5497],-0.017,0.038,-0.089,0.054,0.0,0.0,17655.0,5782.0,1.0
mu[5498],-0.036,0.046,-0.119,0.051,0.0,0.001,14503.0,6128.0,1.0
mu[5499],-0.029,0.042,-0.109,0.047,0.0,0.0,15845.0,6122.0,1.0
mu[5500],-0.006,0.038,-0.076,0.065,0.0,0.0,17397.0,6193.0,1.0
mu[5501],-0.0,0.038,-0.075,0.07,0.0,0.0,16482.0,5974.0,1.0
mu[5502],0.025,0.05,-0.07,0.117,0.0,0.001,12189.0,5586.0,1.0
mu[5503],-0.027,0.041,-0.106,0.047,0.0,0.0,16268.0,5948.0,1.0
mu[5504],0.006,0.04,-0.07,0.083,0.0,0.0,15083.0,6144.0,1.0
mu[5505],-0.04,0.047,-0.13,0.047,0.0,0.001,13967.0,6225.0,1.0
mu[5506],0.04,0.061,-0.074,0.152,0.001,0.001,11039.0,5610.0,1.0
mu[5507],0.003,0.039,-0.07,0.078,0.0,0.0,15908.0,6095.0,1.0
mu[5508],-0.008,0.037,-0.075,0.066,0.0,0.0,17612.0,5988.0,1.0
mu[5509],-0.012,0.037,-0.079,0.062,0.0,0.0,17850.0,5851.0,1.0
mu[5510],-0.018,0.038,-0.09,0.054,0.0,0.0,17557.0,5737.0,1.0
mu[5511],-0.037,0.046,-0.124,0.047,0.0,0.001,14441.0,6128.0,1.0
mu[5512],0.03,0.053,-0.068,0.131,0.0,0.001,11689.0,5687.0,1.0
mu[5513],-0.009,0.037,-0.079,0.062,0.0,0.0,17747.0,5696.0,1.0
mu[5514],-0.01,0.037,-0.082,0.059,0.0,0.0,17769.0,5761.0,1.0
mu[5515],-0.009,0.037,-0.079,0.062,0.0,0.0,17747.0,5696.0,1.0
mu[5516],-0.035,0.045,-0.117,0.051,0.0,0.001,14654.0,6177.0,1.0
mu[5517],-0.022,0.039,-0.099,0.048,0.0,0.0,17053.0,5865.0,1.0
mu[5518],0.002,0.039,-0.071,0.077,0.0,0.0,15974.0,6144.0,1.0
mu[5519],-0.02,0.039,-0.096,0.049,0.0,0.0,17330.0,5734.0,1.0
mu[5520],-0.025,0.04,-0.102,0.048,0.0,0.0,16601.0,5934.0,1.0
mu[5521],0.005,0.04,-0.07,0.081,0.0,0.0,15412.0,6121.0,1.0
mu[5522],-0.014,0.038,-0.085,0.057,0.0,0.0,17832.0,5850.0,1.0
mu[5523],0.009,0.041,-0.072,0.085,0.0,0.001,14573.0,6244.0,1.0
mu[5524],-0.037,0.046,-0.126,0.045,0.0,0.001,14422.0,6128.0,1.0
mu[5525],0.017,0.045,-0.069,0.102,0.0,0.001,13195.0,5601.0,1.0
mu[5526],-0.002,0.038,-0.075,0.069,0.0,0.0,16703.0,5997.0,1.0
mu[5527],-0.001,0.038,-0.076,0.069,0.0,0.0,16536.0,5998.0,1.0
mu[5528],-0.014,0.038,-0.084,0.058,0.0,0.0,17852.0,5872.0,1.0
mu[5529],0.004,0.039,-0.07,0.079,0.0,0.0,15628.0,6169.0,1.0
mu[5530],-0.014,0.038,-0.084,0.058,0.0,0.0,17852.0,5872.0,1.0
mu[5531],-0.001,0.038,-0.076,0.069,0.0,0.0,16536.0,5998.0,1.0
mu[5532],0.017,0.045,-0.068,0.103,0.0,0.001,13150.0,5520.0,1.0
mu[5533],-0.027,0.041,-0.106,0.047,0.0,0.0,16144.0,6043.0,1.0
mu[5534],-0.027,0.041,-0.106,0.047,0.0,0.0,16144.0,6043.0,1.0
mu[5535],-0.009,0.037,-0.079,0.062,0.0,0.0,17754.0,5696.0,1.0
mu[5536],-0.011,0.037,-0.077,0.064,0.0,0.0,17827.0,5783.0,1.0
mu[5537],-0.003,0.038,-0.074,0.068,0.0,0.0,17011.0,6020.0,1.0
mu[5538],-0.003,0.038,-0.074,0.068,0.0,0.0,16994.0,5996.0,1.0
mu[5539],-0.023,0.04,-0.099,0.049,0.0,0.0,16942.0,5910.0,1.0
mu[5540],-0.008,0.037,-0.076,0.065,0.0,0.0,17640.0,5895.0,1.0
mu[5541],-0.036,0.046,-0.119,0.051,0.0,0.001,14503.0,6128.0,1.0
mu[5542],-0.027,0.041,-0.106,0.047,0.0,0.0,16144.0,6043.0,1.0
mu[5543],-0.014,0.038,-0.084,0.058,0.0,0.0,17852.0,5872.0,1.0
mu[5544],-0.031,0.043,-0.113,0.046,0.0,0.001,15466.0,6195.0,1.0
mu[5545],0.008,0.041,-0.073,0.083,0.0,0.0,14676.0,6295.0,1.0
mu[5546],0.013,0.043,-0.07,0.094,0.0,0.001,13859.0,5727.0,1.0
mu[5547],-0.019,0.039,-0.093,0.052,0.0,0.0,17461.0,5651.0,1.0
mu[5548],-0.018,0.038,-0.09,0.054,0.0,0.0,17540.0,5737.0,1.0
mu[5549],-0.005,0.038,-0.076,0.065,0.0,0.0,17298.0,6093.0,1.0
mu[5550],-0.001,0.038,-0.076,0.069,0.0,0.0,16536.0,5998.0,1.0
mu[5551],-0.036,0.046,-0.119,0.051,0.0,0.001,14503.0,6128.0,1.0
mu[5552],-0.035,0.045,-0.117,0.051,0.0,0.001,14654.0,6177.0,1.0
mu[5553],0.043,0.063,-0.077,0.157,0.001,0.001,10913.0,5911.0,1.0
mu[5554],-0.001,0.038,-0.076,0.069,0.0,0.0,16536.0,5998.0,1.0
mu[5555],-0.033,0.044,-0.114,0.049,0.0,0.001,15085.0,6200.0,1.0
mu[5556],-0.025,0.04,-0.102,0.048,0.0,0.0,16640.0,5912.0,1.0
mu[5557],-0.042,0.049,-0.136,0.047,0.0,0.001,13629.0,6224.0,1.0
mu[5558],-0.023,0.04,-0.099,0.049,0.0,0.0,16942.0,5910.0,1.0
mu[5559],0.022,0.048,-0.069,0.112,0.0,0.001,12539.0,5722.0,1.0
mu[5560],-0.007,0.037,-0.075,0.066,0.0,0.0,17511.0,6084.0,1.0
mu[5561],-0.011,0.037,-0.077,0.064,0.0,0.0,17827.0,5784.0,1.0
mu[5562],-0.031,0.043,-0.112,0.046,0.0,0.001,15536.0,6196.0,1.0
mu[5563],0.008,0.041,-0.073,0.082,0.0,0.0,14780.0,6167.0,1.0
mu[5564],-0.001,0.038,-0.076,0.069,0.0,0.0,16536.0,5998.0,1.0
mu[5565],-0.005,0.038,-0.076,0.065,0.0,0.0,17298.0,6093.0,1.0
mu[5566],-0.027,0.041,-0.106,0.047,0.0,0.0,16144.0,6043.0,1.0
mu[5567],-0.04,0.048,-0.131,0.047,0.0,0.001,13874.0,6201.0,1.0
mu[5568],-0.034,0.044,-0.116,0.048,0.0,0.001,14973.0,6176.0,1.0
mu[5569],0.009,0.041,-0.072,0.085,0.0,0.001,14582.0,6244.0,1.0
mu[5570],-0.039,0.047,-0.132,0.045,0.0,0.001,14045.0,6150.0,1.0
mu[5571],-0.019,0.038,-0.092,0.052,0.0,0.0,17484.0,5693.0,1.0
mu[5572],-0.001,0.038,-0.075,0.07,0.0,0.0,16616.0,5998.0,1.0
mu[5573],-0.023,0.04,-0.099,0.049,0.0,0.0,16942.0,5910.0,1.0
mu[5574],-0.027,0.041,-0.106,0.047,0.0,0.0,16144.0,6043.0,1.0
mu[5575],-0.014,0.038,-0.084,0.058,0.0,0.0,17852.0,5872.0,1.0
mu[5576],-0.009,0.037,-0.079,0.062,0.0,0.0,17754.0,5696.0,1.0
mu[5577],-0.018,0.038,-0.09,0.054,0.0,0.0,17540.0,5737.0,1.0
mu[5578],-0.014,0.038,-0.084,0.058,0.0,0.0,17852.0,5872.0,1.0
mu[5579],0.008,0.041,-0.073,0.083,0.0,0.0,14676.0,6295.0,1.0
mu[5580],-0.021,0.039,-0.097,0.049,0.0,0.0,17195.0,5754.0,1.0
mu[5581],-0.015,0.038,-0.085,0.057,0.0,0.0,17818.0,5918.0,1.0
mu[5582],-0.002,0.038,-0.075,0.068,0.0,0.0,16806.0,6038.0,1.0
mu[5583],-0.034,0.045,-0.114,0.052,0.0,0.001,14824.0,6202.0,1.0
mu[5584],-0.02,0.039,-0.095,0.05,0.0,0.0,17373.0,5713.0,1.0
mu[5585],-0.017,0.038,-0.086,0.057,0.0,0.0,17696.0,5760.0,1.0
mu[5586],-0.041,0.048,-0.133,0.047,0.0,0.001,13795.0,6277.0,1.0
mu[5587],-0.023,0.04,-0.099,0.049,0.0,0.0,16942.0,5910.0,1.0
mu[5588],0.002,0.039,-0.071,0.076,0.0,0.001,20599.0,5734.0,1.0
mu[5589],-0.006,0.038,-0.077,0.066,0.0,0.001,21169.0,5446.0,1.0
mu[5590],0.035,0.05,-0.056,0.131,0.0,0.001,18299.0,5515.0,1.0
mu[5591],-0.023,0.039,-0.094,0.053,0.0,0.001,19931.0,5371.0,1.0
mu[5592],-0.032,0.041,-0.108,0.046,0.0,0.001,18989.0,5657.0,1.0
mu[5593],-0.004,0.039,-0.076,0.068,0.0,0.001,20735.0,5434.0,1.0
mu[5594],-0.017,0.038,-0.086,0.057,0.0,0.001,20522.0,5511.0,1.0
mu[5595],0.004,0.04,-0.07,0.079,0.0,0.001,20517.0,5761.0,1.0
mu[5596],-0.033,0.041,-0.109,0.045,0.0,0.001,18896.0,5676.0,1.0
mu[5597],-0.048,0.045,-0.133,0.038,0.0,0.001,17720.0,6112.0,1.0
mu[5598],0.01,0.041,-0.067,0.087,0.0,0.001,20150.0,5674.0,1.0
mu[5599],0.009,0.041,-0.07,0.082,0.0,0.001,20240.0,5719.0,1.0
mu[5600],0.101,0.085,-0.06,0.265,0.001,0.001,15900.0,6047.0,1.0
mu[5601],-0.0,0.039,-0.076,0.07,0.0,0.001,20684.0,5566.0,1.0
mu[5602],-0.016,0.038,-0.086,0.057,0.0,0.001,20609.0,5538.0,1.0
mu[5603],-0.009,0.038,-0.08,0.063,0.0,0.001,21047.0,5460.0,1.0
mu[5604],-0.003,0.039,-0.077,0.068,0.0,0.001,20738.0,5473.0,1.0
mu[5605],-0.041,0.043,-0.119,0.043,0.0,0.001,18231.0,5883.0,1.0
mu[5606],0.025,0.045,-0.06,0.112,0.0,0.001,19105.0,5697.0,1.0
mu[5607],-0.042,0.043,-0.12,0.042,0.0,0.001,18150.0,5963.0,1.0
mu[5608],0.001,0.039,-0.072,0.075,0.0,0.001,20644.0,5669.0,1.0
mu[5609],-0.007,0.038,-0.078,0.065,0.0,0.001,21153.0,5505.0,1.0
mu[5610],0.001,0.039,-0.07,0.076,0.0,0.001,20643.0,5669.0,1.0
mu[5611],0.055,0.059,-0.054,0.168,0.0,0.001,17195.0,5665.0,1.0
mu[5612],-0.011,0.038,-0.081,0.062,0.0,0.001,20924.0,5570.0,1.0
mu[5613],0.0,0.039,-0.075,0.071,0.0,0.001,20661.0,5670.0,1.0
mu[5614],0.017,0.043,-0.069,0.092,0.0,0.001,19675.0,5496.0,1.0
mu[5615],0.0,0.039,-0.076,0.071,0.0,0.001,20676.0,5556.0,1.0
mu[5616],-0.006,0.038,-0.077,0.066,0.0,0.001,21190.0,5367.0,1.0
mu[5617],-0.015,0.038,-0.086,0.057,0.0,0.001,20659.0,5538.0,1.0
mu[5618],0.023,0.045,-0.068,0.102,0.0,0.001,19261.0,5657.0,1.0
mu[5619],-0.036,0.042,-0.115,0.041,0.0,0.001,18583.0,5749.0,1.0
mu[5620],-0.026,0.039,-0.098,0.05,0.0,0.001,19662.0,5391.0,1.0
mu[5621],-0.01,0.038,-0.08,0.063,0.0,0.001,21003.0,5401.0,1.0
mu[5622],-0.009,0.038,-0.079,0.064,0.0,0.001,21034.0,5440.0,1.0
mu[5623],-0.033,0.041,-0.109,0.045,0.0,0.001,18894.0,5676.0,1.0
mu[5624],-0.022,0.039,-0.097,0.049,0.0,0.001,20088.0,5488.0,1.0
mu[5625],-0.046,0.045,-0.127,0.042,0.0,0.001,17822.0,6014.0,1.0
mu[5626],-0.037,0.042,-0.116,0.041,0.0,0.001,18559.0,5706.0,1.0
mu[5627],-0.007,0.038,-0.078,0.065,0.0,0.001,21150.0,5505.0,1.0
mu[5628],0.0,0.039,-0.076,0.071,0.0,0.001,20680.0,5566.0,1.0
mu[5629],0.032,0.048,-0.056,0.126,0.0,0.001,18548.0,5554.0,1.0
mu[5630],-0.034,0.041,-0.109,0.045,0.0,0.001,18857.0,5766.0,1.0
mu[5631],0.008,0.041,-0.067,0.086,0.0,0.001,20250.0,5719.0,1.0
mu[5632],-0.05,0.046,-0.137,0.038,0.0,0.001,17557.0,6149.0,1.0
mu[5633],0.051,0.057,-0.055,0.16,0.0,0.001,17379.0,5829.0,1.0
mu[5634],0.004,0.04,-0.071,0.077,0.0,0.001,20521.0,5805.0,1.0
mu[5635],-0.009,0.038,-0.079,0.064,0.0,0.001,21028.0,5448.0,1.0
mu[5636],-0.015,0.038,-0.086,0.057,0.0,0.001,20699.0,5551.0,1.0
mu[5637],-0.023,0.039,-0.093,0.053,0.0,0.001,19977.0,5371.0,1.0
mu[5638],-0.046,0.045,-0.127,0.042,0.0,0.001,17797.0,6060.0,1.0
mu[5639],0.039,0.051,-0.06,0.133,0.0,0.001,18107.0,5437.0,1.0
mu[5640],-0.012,0.038,-0.081,0.062,0.0,0.001,20917.0,5570.0,1.0
mu[5641],-0.012,0.038,-0.082,0.061,0.0,0.001,20895.0,5591.0,1.0
mu[5642],-0.012,0.038,-0.081,0.062,0.0,0.001,20917.0,5570.0,1.0
mu[5643],-0.045,0.044,-0.125,0.042,0.0,0.001,17899.0,5944.0,1.0
mu[5644],-0.028,0.04,-0.104,0.046,0.0,0.001,19387.0,5412.0,1.0
mu[5645],0.003,0.04,-0.072,0.077,0.0,0.001,20546.0,5786.0,1.0
mu[5646],-0.025,0.039,-0.097,0.051,0.0,0.001,19692.0,5371.0,1.0
mu[5647],-0.031,0.04,-0.107,0.046,0.0,0.001,19062.0,5650.0,1.0
mu[5648],0.007,0.04,-0.067,0.083,0.0,0.001,20371.0,5782.0,1.0
mu[5649],-0.018,0.038,-0.087,0.057,0.0,0.001,20453.0,5569.0,1.0
mu[5650],0.012,0.041,-0.067,0.088,0.0,0.001,20062.0,5649.0,1.0
mu[5651],-0.047,0.045,-0.128,0.042,0.0,0.001,17779.0,6060.0,1.0
mu[5652],0.022,0.045,-0.067,0.101,0.0,0.001,19300.0,5593.0,1.0
mu[5653],-0.002,0.039,-0.076,0.07,0.0,0.001,20709.0,5573.0,1.0
mu[5654],-0.0,0.039,-0.076,0.07,0.0,0.001,20686.0,5566.0,1.0
mu[5655],-0.017,0.038,-0.087,0.057,0.0,0.001,20501.0,5531.0,1.0
mu[5656],0.005,0.04,-0.069,0.081,0.0,0.001,20453.0,5806.0,1.0
mu[5657],-0.017,0.038,-0.087,0.057,0.0,0.001,20501.0,5531.0,1.0
mu[5658],-0.0,0.039,-0.076,0.07,0.0,0.001,20686.0,5566.0,1.0
mu[5659],0.022,0.045,-0.067,0.102,0.0,0.001,19281.0,5621.0,1.0
mu[5660],-0.034,0.041,-0.114,0.042,0.0,0.001,18762.0,5765.0,1.0
mu[5661],-0.034,0.041,-0.114,0.042,0.0,0.001,18762.0,5765.0,1.0
mu[5662],-0.012,0.038,-0.081,0.062,0.0,0.001,20910.0,5529.0,1.0
mu[5663],-0.013,0.038,-0.082,0.06,0.0,0.001,20800.0,5551.0,1.0
mu[5664],-0.004,0.039,-0.076,0.068,0.0,0.001,20730.0,5454.0,1.0
mu[5665],-0.004,0.039,-0.076,0.068,0.0,0.001,20735.0,5434.0,1.0
mu[5666],-0.029,0.04,-0.105,0.046,0.0,0.001,19298.0,5490.0,1.0
mu[5667],-0.01,0.038,-0.079,0.063,0.0,0.001,21019.0,5403.0,1.0
mu[5668],-0.046,0.045,-0.127,0.042,0.0,0.001,17822.0,6014.0,1.0
mu[5669],-0.034,0.041,-0.114,0.042,0.0,0.001,18762.0,5765.0,1.0
mu[5670],-0.017,0.038,-0.087,0.057,0.0,0.001,20501.0,5531.0,1.0
mu[5671],-0.039,0.042,-0.118,0.042,0.0,0.001,18316.0,5804.0,1.0
mu[5672],0.011,0.041,-0.067,0.088,0.0,0.001,20110.0,5692.0,1.0
mu[5673],0.017,0.043,-0.068,0.093,0.0,0.001,19695.0,5516.0,1.0
mu[5674],-0.024,0.039,-0.095,0.052,0.0,0.001,19832.0,5333.0,1.0
mu[5675],-0.023,0.039,-0.094,0.053,0.0,0.001,19931.0,5371.0,1.0
mu[5676],-0.006,0.038,-0.077,0.066,0.0,0.001,21187.0,5367.0,1.0
mu[5677],-0.0,0.039,-0.076,0.07,0.0,0.001,20686.0,5566.0,1.0
mu[5678],-0.046,0.045,-0.127,0.042,0.0,0.001,17822.0,6014.0,1.0
mu[5679],-0.045,0.044,-0.125,0.042,0.0,0.001,17899.0,5944.0,1.0
mu[5680],0.055,0.059,-0.054,0.167,0.0,0.001,17209.0,5665.0,1.0
mu[5681],-0.0,0.039,-0.076,0.07,0.0,0.001,20686.0,5566.0,1.0
mu[5682],-0.042,0.043,-0.12,0.043,0.0,0.001,18118.0,5975.0,1.0
mu[5683],-0.031,0.04,-0.106,0.046,0.0,0.001,19091.0,5614.0,1.0
mu[5684],-0.053,0.047,-0.145,0.033,0.0,0.001,17366.0,6022.0,1.0
mu[5685],-0.029,0.04,-0.105,0.046,0.0,0.001,19298.0,5490.0,1.0
mu[5686],0.028,0.047,-0.057,0.12,0.0,0.001,18858.0,5787.0,1.0
mu[5687],-0.008,0.038,-0.079,0.065,0.0,0.001,21093.0,5506.0,1.0
mu[5688],-0.014,0.038,-0.084,0.058,0.0,0.001,20780.0,5592.0,1.0
mu[5689],-0.039,0.042,-0.118,0.042,0.0,0.001,18371.0,5815.0,1.0
mu[5690],0.01,0.041,-0.067,0.087,0.0,0.001,20139.0,5674.0,1.0
mu[5691],-0.0,0.039,-0.076,0.07,0.0,0.001,20686.0,5566.0,1.0
mu[5692],-0.006,0.038,-0.077,0.066,0.0,0.001,21187.0,5367.0,1.0
mu[5693],-0.034,0.041,-0.114,0.042,0.0,0.001,18762.0,5765.0,1.0
mu[5694],-0.051,0.046,-0.141,0.034,0.0,0.001,17505.0,6076.0,1.0
mu[5695],-0.043,0.043,-0.122,0.042,0.0,0.001,18058.0,5974.0,1.0
mu[5696],0.012,0.041,-0.067,0.088,0.0,0.001,20068.0,5649.0,1.0
mu[5697],-0.05,0.046,-0.136,0.038,0.0,0.001,17592.0,6150.0,1.0
mu[5698],-0.024,0.039,-0.096,0.051,0.0,0.001,19856.0,5390.0,1.0
mu[5699],-0.001,0.039,-0.076,0.07,0.0,0.001,20689.0,5574.0,1.0
mu[5700],-0.029,0.04,-0.105,0.046,0.0,0.001,19298.0,5490.0,1.0
mu[5701],-0.034,0.041,-0.114,0.042,0.0,0.001,18762.0,5765.0,1.0
mu[5702],-0.017,0.038,-0.087,0.057,0.0,0.001,20501.0,5531.0,1.0
mu[5703],-0.012,0.038,-0.081,0.062,0.0,0.001,20910.0,5529.0,1.0
mu[5704],-0.023,0.039,-0.094,0.053,0.0,0.001,19931.0,5371.0,1.0
mu[5705],-0.017,0.038,-0.087,0.057,0.0,0.001,20501.0,5531.0,1.0
mu[5706],0.011,0.041,-0.067,0.088,0.0,0.001,20110.0,5692.0,1.0
mu[5707],-0.027,0.039,-0.1,0.049,0.0,0.001,19562.0,5392.0,1.0
mu[5708],-0.018,0.038,-0.087,0.057,0.0,0.001,20424.0,5569.0,1.0
mu[5709],-0.002,0.039,-0.076,0.069,0.0,0.001,20707.0,5573.0,1.0
mu[5710],-0.044,0.044,-0.123,0.042,0.0,0.001,17979.0,5930.0,1.0
mu[5711],-0.025,0.039,-0.097,0.05,0.0,0.001,19733.0,5334.0,1.0
mu[5712],-0.021,0.039,-0.095,0.051,0.0,0.001,20194.0,5528.0,1.0
mu[5713],-0.052,0.047,-0.142,0.034,0.0,0.001,17463.0,5981.0,1.0
mu[5714],-0.029,0.04,-0.105,0.046,0.0,0.001,19298.0,5490.0,1.0
mu[5715],-0.029,0.039,-0.1,0.045,0.0,0.001,18646.0,6075.0,1.0
mu[5716],-0.038,0.038,-0.105,0.037,0.0,0.001,18531.0,5862.0,1.0
mu[5717],0.009,0.049,-0.085,0.102,0.0,0.001,17826.0,5818.0,1.0
mu[5718],-0.057,0.038,-0.125,0.017,0.0,0.001,18145.0,5764.0,1.0
mu[5719],-0.067,0.04,-0.138,0.01,0.0,0.001,17028.0,5448.0,1.0
mu[5720],-0.035,0.038,-0.105,0.038,0.0,0.001,18611.0,5771.0,1.0
mu[5721],-0.05,0.038,-0.119,0.021,0.0,0.001,18327.0,5515.0,1.0
mu[5722],-0.026,0.039,-0.099,0.048,0.0,0.001,18669.0,6055.0,1.0
mu[5723],-0.068,0.04,-0.139,0.01,0.0,0.001,16963.0,5428.0,1.0
mu[5724],-0.084,0.045,-0.168,-0.001,0.0,0.001,16250.0,5602.0,1.0
mu[5725],-0.019,0.04,-0.096,0.055,0.0,0.001,18709.0,6013.0,1.0
mu[5726],-0.021,0.04,-0.098,0.052,0.0,0.001,18706.0,6032.0,1.0
mu[5727],0.082,0.085,-0.081,0.242,0.001,0.001,16663.0,6815.0,1.0
mu[5728],-0.031,0.038,-0.102,0.042,0.0,0.001,18622.0,6008.0,1.0
mu[5729],-0.049,0.038,-0.118,0.022,0.0,0.001,18350.0,5516.0,1.0
mu[5730],-0.041,0.038,-0.106,0.035,0.0,0.001,18485.0,5772.0,1.0
mu[5731],-0.035,0.038,-0.105,0.038,0.0,0.001,18621.0,5793.0,1.0
mu[5732],-0.076,0.042,-0.154,0.003,0.0,0.001,16563.0,5297.0,1.0
mu[5733],-0.003,0.045,-0.09,0.079,0.0,0.001,18203.0,5873.0,1.0
mu[5734],-0.077,0.042,-0.156,0.002,0.0,0.001,16511.0,5371.0,1.0
mu[5735],-0.03,0.038,-0.1,0.045,0.0,0.001,18628.0,6008.0,1.0
mu[5736],-0.039,0.038,-0.105,0.036,0.0,0.001,18525.0,5840.0,1.0
mu[5737],-0.03,0.038,-0.1,0.045,0.0,0.001,18626.0,6008.0,1.0
mu[5738],0.031,0.059,-0.081,0.143,0.0,0.001,17310.0,6151.0,1.0
mu[5739],-0.044,0.037,-0.111,0.03,0.0,0.001,18434.0,5664.0,1.0
mu[5740],-0.03,0.038,-0.1,0.044,0.0,0.001,18630.0,6003.0,1.0
mu[5741],-0.012,0.042,-0.09,0.068,0.0,0.001,18487.0,5835.0,1.0
mu[5742],-0.031,0.038,-0.101,0.043,0.0,0.001,18642.0,6003.0,1.0
mu[5743],-0.037,0.038,-0.109,0.033,0.0,0.001,18548.0,5862.0,1.0
mu[5744],-0.048,0.038,-0.116,0.024,0.0,0.001,18365.0,5516.0,1.0
mu[5745],-0.005,0.044,-0.091,0.075,0.0,0.001,18281.0,5811.0,1.0
mu[5746],-0.072,0.041,-0.145,0.007,0.0,0.001,16783.0,5298.0,1.0
mu[5747],-0.06,0.039,-0.129,0.015,0.0,0.001,17391.0,5530.0,1.0
mu[5748],-0.042,0.038,-0.108,0.033,0.0,0.001,18481.0,5859.0,1.0
mu[5749],-0.041,0.038,-0.107,0.034,0.0,0.001,18476.0,5813.0,1.0
mu[5750],-0.068,0.04,-0.14,0.009,0.0,0.001,16961.0,5427.0,1.0
mu[5751],-0.055,0.038,-0.123,0.018,0.0,0.001,18237.0,5580.0,1.0
mu[5752],-0.082,0.044,-0.165,-0.0,0.0,0.001,16322.0,5643.0,1.0
mu[5753],-0.072,0.041,-0.146,0.006,0.0,0.001,16771.0,5372.0,1.0
mu[5754],-0.039,0.038,-0.105,0.036,0.0,0.001,18523.0,5840.0,1.0
mu[5755],-0.031,0.038,-0.101,0.043,0.0,0.001,18637.0,6003.0,1.0
mu[5756],0.005,0.048,-0.083,0.098,0.0,0.001,17950.0,5816.0,1.0
mu[5757],-0.068,0.04,-0.14,0.009,0.0,0.001,16937.0,5427.0,1.0
mu[5758],-0.021,0.04,-0.1,0.05,0.0,0.001,18701.0,6032.0,1.0
mu[5759],-0.087,0.045,-0.171,-0.0,0.0,0.001,16161.0,5718.0,1.0
mu[5760],0.027,0.057,-0.083,0.134,0.0,0.001,17390.0,6228.0,1.0
mu[5761],-0.027,0.039,-0.099,0.047,0.0,0.001,18670.0,6031.0,1.0
mu[5762],-0.041,0.038,-0.108,0.034,0.0,0.001,18475.0,5772.0,1.0
mu[5763],-0.047,0.038,-0.115,0.026,0.0,0.001,18374.0,5475.0,1.0
mu[5764],-0.056,0.038,-0.127,0.016,0.0,0.001,18172.0,5764.0,1.0
mu[5765],-0.083,0.044,-0.166,-0.0,0.0,0.001,16309.0,5601.0,1.0
mu[5766],0.012,0.051,-0.087,0.106,0.0,0.001,17728.0,5856.0,1.0
mu[5767],-0.044,0.037,-0.111,0.03,0.0,0.001,18431.0,5664.0,1.0
mu[5768],-0.044,0.037,-0.111,0.029,0.0,0.001,18417.0,5574.0,1.0
mu[5769],-0.044,0.037,-0.111,0.03,0.0,0.001,18431.0,5664.0,1.0
mu[5770],-0.081,0.043,-0.16,0.003,0.0,0.001,16370.0,5501.0,1.0
mu[5771],-0.062,0.039,-0.13,0.015,0.0,0.001,17272.0,5646.0,1.0
mu[5772],-0.027,0.039,-0.1,0.047,0.0,0.001,18673.0,6031.0,1.0
mu[5773],-0.059,0.039,-0.128,0.015,0.0,0.001,18022.0,5690.0,1.0
mu[5774],-0.066,0.04,-0.137,0.01,0.0,0.001,17089.0,5461.0,1.0
mu[5775],-0.023,0.04,-0.098,0.051,0.0,0.001,18657.0,6079.0,1.0
mu[5776],-0.051,0.038,-0.12,0.021,0.0,0.001,18301.0,5637.0,1.0
mu[5777],-0.018,0.041,-0.094,0.059,0.0,0.001,18677.0,6024.0,1.0
mu[5778],-0.083,0.044,-0.166,-0.0,0.0,0.001,16296.0,5602.0,1.0
mu[5779],-0.006,0.044,-0.091,0.074,0.0,0.001,18295.0,5833.0,1.0
mu[5780],-0.033,0.038,-0.103,0.041,0.0,0.001,18624.0,5848.0,1.0
mu[5781],-0.031,0.038,-0.102,0.042,0.0,0.001,18630.0,6056.0,1.0
mu[5782],-0.05,0.038,-0.119,0.021,0.0,0.001,18320.0,5435.0,1.0
mu[5783],-0.025,0.039,-0.098,0.05,0.0,0.001,18666.0,6055.0,1.0
mu[5784],-0.05,0.038,-0.119,0.021,0.0,0.001,18320.0,5435.0,1.0
mu[5785],-0.031,0.038,-0.102,0.042,0.0,0.001,18630.0,6056.0,1.0
mu[5786],-0.006,0.044,-0.091,0.074,0.0,0.001,18290.0,5833.0,1.0
mu[5787],-0.069,0.04,-0.142,0.008,0.0,0.001,16884.0,5389.0,1.0
mu[5788],-0.069,0.04,-0.142,0.008,0.0,0.001,16884.0,5389.0,1.0
mu[5789],-0.044,0.037,-0.111,0.03,0.0,0.001,18424.0,5637.0,1.0
mu[5790],-0.046,0.037,-0.114,0.027,0.0,0.001,18395.0,5534.0,1.0
mu[5791],-0.035,0.038,-0.105,0.037,0.0,0.001,18612.0,5749.0,1.0
mu[5792],-0.035,0.038,-0.105,0.038,0.0,0.001,18611.0,5771.0,1.0
mu[5793],-0.063,0.039,-0.132,0.013,0.0,0.001,17227.0,5600.0,1.0
mu[5794],-0.042,0.038,-0.108,0.033,0.0,0.001,18473.0,5794.0,1.0
mu[5795],-0.082,0.044,-0.165,-0.0,0.0,0.001,16322.0,5643.0,1.0
mu[5796],-0.069,0.04,-0.142,0.008,0.0,0.001,16884.0,5389.0,1.0
mu[5797],-0.05,0.038,-0.119,0.021,0.0,0.001,18320.0,5435.0,1.0
mu[5798],-0.075,0.042,-0.151,0.004,0.0,0.001,16619.0,5277.0,1.0
mu[5799],-0.018,0.041,-0.096,0.056,0.0,0.001,18713.0,5953.0,1.0
mu[5800],-0.012,0.042,-0.09,0.068,0.0,0.001,18498.0,5857.0,1.0
mu[5801],-0.058,0.038,-0.127,0.016,0.0,0.001,18089.0,5769.0,1.0
mu[5802],-0.057,0.038,-0.125,0.017,0.0,0.001,18145.0,5764.0,1.0
mu[5803],-0.038,0.038,-0.108,0.034,0.0,0.001,18544.0,5862.0,1.0
mu[5804],-0.031,0.038,-0.102,0.042,0.0,0.001,18630.0,6056.0,1.0
mu[5805],-0.082,0.044,-0.165,-0.0,0.0,0.001,16322.0,5643.0,1.0
mu[5806],-0.081,0.043,-0.16,0.003,0.0,0.001,16370.0,5501.0,1.0
mu[5807],0.031,0.059,-0.081,0.142,0.0,0.001,17317.0,6152.0,1.0
mu[5808],-0.031,0.038,-0.102,0.042,0.0,0.001,18630.0,6056.0,1.0
mu[5809],-0.078,0.043,-0.155,0.004,0.0,0.001,16486.0,5429.0,1.0
mu[5810],-0.066,0.04,-0.137,0.01,0.0,0.001,17106.0,5461.0,1.0
mu[5811],-0.09,0.047,-0.177,-0.002,0.0,0.001,16078.0,5739.0,1.0
mu[5812],-0.063,0.039,-0.132,0.013,0.0,0.001,17227.0,5600.0,1.0
mu[5813],0.001,0.046,-0.083,0.091,0.0,0.001,18065.0,5706.0,1.0
mu[5814],-0.04,0.038,-0.105,0.036,0.0,0.001,18499.0,5817.0,1.0
mu[5815],-0.046,0.037,-0.114,0.027,0.0,0.001,18390.0,5513.0,1.0
mu[5816],-0.074,0.042,-0.151,0.004,0.0,0.001,16649.0,5222.0,1.0
mu[5817],-0.019,0.04,-0.096,0.056,0.0,0.001,18708.0,5978.0,1.0
mu[5818],-0.031,0.038,-0.102,0.042,0.0,0.001,18630.0,6056.0,1.0
mu[5819],-0.038,0.038,-0.108,0.034,0.0,0.001,18544.0,5862.0,1.0
mu[5820],-0.069,0.04,-0.142,0.008,0.0,0.001,16884.0,5389.0,1.0
mu[5821],-0.088,0.046,-0.173,-0.001,0.0,0.001,16136.0,5795.0,1.0
mu[5822],-0.079,0.043,-0.156,0.003,0.0,0.001,16460.0,5530.0,1.0
mu[5823],-0.018,0.041,-0.094,0.059,0.0,0.001,18680.0,6024.0,1.0
mu[5824],-0.086,0.045,-0.172,-0.002,0.0,0.001,16183.0,5664.0,1.0
mu[5825],-0.057,0.038,-0.126,0.016,0.0,0.001,18106.0,5740.0,1.0
mu[5826],-0.032,0.038,-0.103,0.041,0.0,0.001,18616.0,5976.0,1.0
mu[5827],-0.063,0.039,-0.132,0.013,0.0,0.001,17227.0,5600.0,1.0
mu[5828],-0.069,0.04,-0.142,0.008,0.0,0.001,16884.0,5389.0,1.0
mu[5829],-0.05,0.038,-0.119,0.021,0.0,0.001,18320.0,5435.0,1.0
mu[5830],-0.044,0.037,-0.111,0.03,0.0,0.001,18424.0,5637.0,1.0
mu[5831],-0.057,0.038,-0.125,0.017,0.0,0.001,18145.0,5764.0,1.0
mu[5832],-0.05,0.038,-0.119,0.021,0.0,0.001,18320.0,5435.0,1.0
mu[5833],-0.018,0.041,-0.096,0.056,0.0,0.001,18713.0,5953.0,1.0
mu[5834],-0.061,0.039,-0.129,0.015,0.0,0.001,17342.0,5531.0,1.0
mu[5835],-0.051,0.038,-0.121,0.019,0.0,0.001,18310.0,5595.0,1.0
mu[5836],-0.033,0.038,-0.106,0.037,0.0,0.001,18616.0,5848.0,1.0
mu[5837],-0.08,0.043,-0.159,0.002,0.0,0.001,16424.0,5570.0,1.0
mu[5838],-0.059,0.039,-0.128,0.016,0.0,0.001,18048.0,5784.0,1.0
mu[5839],-0.054,0.038,-0.122,0.019,0.0,0.001,18251.0,5580.0,1.0
mu[5840],-0.089,0.046,-0.174,-0.001,0.0,0.001,16114.0,5729.0,1.0
mu[5841],-0.063,0.039,-0.132,0.013,0.0,0.001,17227.0,5600.0,1.0
mu[5842],-0.009,0.038,-0.085,0.058,0.0,0.0,18752.0,5810.0,1.0
mu[5843],-0.019,0.037,-0.088,0.052,0.0,0.0,18940.0,5914.0,1.0
mu[5844],0.029,0.048,-0.066,0.113,0.0,0.001,17769.0,6103.0,1.0
mu[5845],-0.038,0.038,-0.106,0.033,0.0,0.0,18785.0,6534.0,1.0
mu[5846],-0.048,0.039,-0.119,0.025,0.0,0.0,18415.0,6631.0,1.0
mu[5847],-0.015,0.037,-0.084,0.056,0.0,0.0,18867.0,5915.0,1.0
mu[5848],-0.031,0.037,-0.101,0.038,0.0,0.0,18945.0,6236.0,1.0
mu[5849],-0.007,0.038,-0.083,0.061,0.0,0.0,18716.0,5786.0,1.0
mu[5850],-0.049,0.039,-0.121,0.025,0.0,0.0,18361.0,6633.0,1.0
mu[5851],-0.066,0.043,-0.144,0.018,0.0,0.001,17650.0,6033.0,1.0
mu[5852],0.001,0.04,-0.074,0.074,0.0,0.0,18540.0,5920.0,1.0
mu[5853],-0.001,0.039,-0.075,0.072,0.0,0.0,18576.0,5742.0,1.0
mu[5854],0.105,0.082,-0.048,0.259,0.001,0.001,16438.0,6591.0,1.0
mu[5855],-0.012,0.038,-0.084,0.058,0.0,0.0,18808.0,5869.0,1.0
mu[5856],-0.029,0.037,-0.1,0.039,0.0,0.0,18962.0,6356.0,1.0
mu[5857],-0.021,0.037,-0.093,0.046,0.0,0.0,18975.0,6079.0,1.0
mu[5858],-0.015,0.037,-0.084,0.057,0.0,0.0,18866.0,5947.0,1.0
mu[5859],-0.058,0.041,-0.134,0.019,0.0,0.0,17979.0,6335.0,1.0
mu[5860],0.017,0.044,-0.068,0.096,0.0,0.001,18078.0,5823.0,1.0
mu[5861],-0.059,0.042,-0.136,0.019,0.0,0.0,17926.0,6075.0,1.0
mu[5862],-0.01,0.038,-0.085,0.057,0.0,0.0,18775.0,5854.0,1.0
mu[5863],-0.019,0.037,-0.088,0.051,0.0,0.0,18949.0,5937.0,1.0
mu[5864],-0.01,0.038,-0.086,0.057,0.0,0.0,18778.0,5832.0,1.0
mu[5865],0.052,0.057,-0.051,0.164,0.0,0.001,17276.0,6312.0,1.0
mu[5866],-0.024,0.037,-0.093,0.046,0.0,0.0,18998.0,6243.0,1.0
mu[5867],-0.011,0.038,-0.086,0.056,0.0,0.0,18789.0,5832.0,1.0
mu[5868],0.008,0.041,-0.067,0.087,0.0,0.001,18313.0,5917.0,1.0
mu[5869],-0.011,0.038,-0.086,0.056,0.0,0.0,18794.0,5869.0,1.0
mu[5870],-0.018,0.037,-0.087,0.053,0.0,0.0,18926.0,5891.0,1.0
mu[5871],-0.029,0.037,-0.098,0.041,0.0,0.0,18965.0,6346.0,1.0
mu[5872],0.015,0.043,-0.07,0.091,0.0,0.001,18161.0,5845.0,1.0
mu[5873],-0.053,0.04,-0.126,0.024,0.0,0.0,18198.0,6599.0,1.0
mu[5874],-0.041,0.038,-0.112,0.029,0.0,0.0,18676.0,6439.0,1.0
mu[5875],-0.023,0.037,-0.092,0.046,0.0,0.0,18988.0,6127.0,1.0
mu[5876],-0.022,0.037,-0.093,0.046,0.0,0.0,18972.0,6111.0,1.0
mu[5877],-0.049,0.039,-0.121,0.025,0.0,0.0,18357.0,6633.0,1.0
mu[5878],-0.036,0.037,-0.106,0.032,0.0,0.0,18815.0,6468.0,1.0
mu[5879],-0.064,0.043,-0.144,0.016,0.0,0.001,17735.0,6033.0,1.0
mu[5880],-0.053,0.04,-0.126,0.023,0.0,0.0,18183.0,6543.0,1.0
mu[5881],-0.019,0.037,-0.088,0.051,0.0,0.0,18949.0,5960.0,1.0
mu[5882],-0.011,0.038,-0.083,0.059,0.0,0.0,18799.0,5870.0,1.0
mu[5883],0.025,0.046,-0.066,0.108,0.0,0.001,17872.0,6032.0,1.0
mu[5884],-0.05,0.039,-0.122,0.025,0.0,0.0,18338.0,6632.0,1.0
mu[5885],-0.001,0.039,-0.077,0.07,0.0,0.0,18587.0,5764.0,1.0
mu[5886],-0.069,0.044,-0.149,0.017,0.0,0.001,17553.0,6181.0,1.0
mu[5887],0.048,0.055,-0.053,0.154,0.0,0.001,17349.0,5943.0,1.0
mu[5888],-0.007,0.038,-0.076,0.067,0.0,0.0,18715.0,5787.0,1.0
mu[5889],-0.022,0.037,-0.093,0.046,0.0,0.0,18976.0,6136.0,1.0
mu[5890],-0.028,0.037,-0.097,0.042,0.0,0.0,18978.0,6346.0,1.0
mu[5891],-0.037,0.038,-0.107,0.032,0.0,0.0,18796.0,6534.0,1.0
mu[5892],-0.064,0.043,-0.145,0.016,0.0,0.001,17712.0,5985.0,1.0
mu[5893],0.033,0.049,-0.063,0.121,0.0,0.001,17673.0,6127.0,1.0
mu[5894],-0.024,0.037,-0.093,0.046,0.0,0.0,18999.0,6294.0,1.0
mu[5895],-0.025,0.037,-0.093,0.045,0.0,0.0,19006.0,6255.0,1.0
mu[5896],-0.024,0.037,-0.093,0.046,0.0,0.0,18999.0,6294.0,1.0
mu[5897],-0.062,0.042,-0.142,0.016,0.0,0.001,17790.0,6157.0,1.0
mu[5898],-0.043,0.038,-0.114,0.028,0.0,0.0,18582.0,6495.0,1.0
mu[5899],-0.007,0.038,-0.084,0.06,0.0,0.0,18720.0,5832.0,1.0
mu[5900],-0.04,0.038,-0.111,0.029,0.0,0.0,18688.0,6425.0,1.0
mu[5901],-0.047,0.039,-0.118,0.027,0.0,0.0,18464.0,6626.0,1.0
mu[5902],-0.004,0.039,-0.077,0.068,0.0,0.0,18644.0,5809.0,1.0
mu[5903],-0.032,0.037,-0.102,0.037,0.0,0.0,18935.0,6274.0,1.0
mu[5904],0.002,0.04,-0.075,0.075,0.0,0.0,18497.0,5944.0,1.0
mu[5905],-0.064,0.043,-0.145,0.016,0.0,0.001,17707.0,6008.0,1.0
mu[5906],0.014,0.043,-0.07,0.091,0.0,0.001,18183.0,5895.0,1.0
mu[5907],-0.013,0.037,-0.084,0.058,0.0,0.0,18834.0,5961.0,1.0
mu[5908],-0.012,0.038,-0.084,0.058,0.0,0.0,18806.0,5892.0,1.0
mu[5909],-0.031,0.037,-0.101,0.038,0.0,0.0,18939.0,6274.0,1.0
mu[5910],-0.005,0.038,-0.081,0.064,0.0,0.0,18680.0,5832.0,1.0
mu[5911],-0.031,0.037,-0.101,0.038,0.0,0.0,18939.0,6274.0,1.0
mu[5912],-0.012,0.038,-0.084,0.058,0.0,0.0,18806.0,5892.0,1.0
mu[5913],0.014,0.043,-0.07,0.091,0.0,0.001,18167.0,5801.0,1.0
mu[5914],-0.051,0.04,-0.122,0.025,0.0,0.0,18296.0,6512.0,1.0
mu[5915],-0.051,0.04,-0.122,0.025,0.0,0.0,18296.0,6512.0,1.0
mu[5916],-0.025,0.037,-0.093,0.045,0.0,0.0,19007.0,6294.0,1.0
mu[5917],-0.027,0.037,-0.095,0.043,0.0,0.0,19000.0,6373.0,1.0
mu[5918],-0.015,0.037,-0.084,0.056,0.0,0.0,18866.0,5938.0,1.0
mu[5919],-0.015,0.037,-0.084,0.056,0.0,0.0,18867.0,5915.0,1.0
mu[5920],-0.044,0.038,-0.114,0.028,0.0,0.0,18561.0,6467.0,1.0
mu[5921],-0.022,0.037,-0.092,0.047,0.0,0.0,18983.0,6103.0,1.0
mu[5922],-0.064,0.043,-0.144,0.016,0.0,0.001,17735.0,6033.0,1.0
mu[5923],-0.051,0.04,-0.122,0.025,0.0,0.0,18296.0,6512.0,1.0
mu[5924],-0.031,0.037,-0.101,0.038,0.0,0.0,18939.0,6274.0,1.0
mu[5925],-0.056,0.041,-0.132,0.02,0.0,0.0,18047.0,6295.0,1.0
mu[5926],0.001,0.04,-0.075,0.074,0.0,0.0,18513.0,5874.0,1.0
mu[5927],0.008,0.041,-0.068,0.086,0.0,0.001,18321.0,5940.0,1.0
mu[5928],-0.039,0.038,-0.108,0.032,0.0,0.0,18739.0,6551.0,1.0
mu[5929],-0.038,0.038,-0.106,0.033,0.0,0.0,18785.0,6534.0,1.0
mu[5930],-0.018,0.037,-0.087,0.053,0.0,0.0,18931.0,5891.0,1.0
mu[5931],-0.012,0.038,-0.084,0.058,0.0,0.0,18806.0,5892.0,1.0
mu[5932],-0.064,0.043,-0.144,0.016,0.0,0.001,17735.0,6033.0,1.0
mu[5933],-0.062,0.042,-0.142,0.016,0.0,0.001,17790.0,6157.0,1.0
mu[5934],0.052,0.057,-0.051,0.163,0.0,0.001,17281.0,6311.0,1.0
mu[5935],-0.012,0.038,-0.084,0.058,0.0,0.0,18806.0,5892.0,1.0
mu[5936],-0.059,0.042,-0.137,0.018,0.0,0.0,17924.0,6131.0,1.0
mu[5937],-0.047,0.039,-0.117,0.027,0.0,0.0,18479.0,6606.0,1.0
mu[5938],-0.072,0.045,-0.155,0.014,0.0,0.001,17416.0,6105.0,1.0
mu[5939],-0.044,0.038,-0.114,0.028,0.0,0.0,18561.0,6467.0,1.0
mu[5940],0.021,0.045,-0.068,0.1,0.0,0.001,17962.0,5758.0,1.0
mu[5941],-0.02,0.037,-0.091,0.048,0.0,0.0,18962.0,6063.0,1.0
mu[5942],-0.027,0.037,-0.095,0.043,0.0,0.0,18991.0,6373.0,1.0
mu[5943],-0.056,0.041,-0.131,0.021,0.0,0.0,18071.0,6412.0,1.0
mu[5944],0.001,0.04,-0.074,0.074,0.0,0.0,18539.0,5920.0,1.0
mu[5945],-0.012,0.038,-0.084,0.058,0.0,0.0,18806.0,5892.0,1.0
mu[5946],-0.018,0.037,-0.087,0.053,0.0,0.0,18931.0,5891.0,1.0
mu[5947],-0.051,0.04,-0.122,0.025,0.0,0.0,18296.0,6512.0,1.0
mu[5948],-0.069,0.045,-0.15,0.017,0.0,0.001,17516.0,6180.0,1.0
mu[5949],-0.06,0.042,-0.139,0.018,0.0,0.001,17898.0,6131.0,1.0
mu[5950],0.002,0.04,-0.075,0.075,0.0,0.0,18500.0,5944.0,1.0
mu[5951],-0.068,0.044,-0.148,0.017,0.0,0.001,17573.0,6034.0,1.0
mu[5952],-0.038,0.038,-0.107,0.032,0.0,0.0,18758.0,6551.0,1.0
mu[5953],-0.012,0.038,-0.084,0.058,0.0,0.0,18836.0,5970.0,1.0
mu[5954],-0.044,0.038,-0.114,0.028,0.0,0.0,18561.0,6467.0,1.0
mu[5955],-0.051,0.04,-0.122,0.025,0.0,0.0,18296.0,6512.0,1.0
mu[5956],-0.031,0.037,-0.101,0.038,0.0,0.0,18939.0,6274.0,1.0
mu[5957],-0.025,0.037,-0.093,0.045,0.0,0.0,19007.0,6294.0,1.0
mu[5958],-0.038,0.038,-0.106,0.033,0.0,0.0,18785.0,6534.0,1.0
mu[5959],-0.031,0.037,-0.101,0.038,0.0,0.0,18939.0,6274.0,1.0
mu[5960],0.001,0.04,-0.075,0.074,0.0,0.0,18513.0,5874.0,1.0
mu[5961],-0.042,0.038,-0.112,0.029,0.0,0.0,18651.0,6522.0,1.0
mu[5962],-0.032,0.037,-0.102,0.037,0.0,0.0,18931.0,6274.0,1.0
mu[5963],-0.014,0.037,-0.082,0.059,0.0,0.0,18838.0,5961.0,1.0
mu[5964],-0.061,0.042,-0.14,0.017,0.0,0.001,17862.0,6309.0,1.0
mu[5965],-0.04,0.038,-0.111,0.029,0.0,0.0,18704.0,6481.0,1.0
mu[5966],-0.035,0.037,-0.105,0.033,0.0,0.0,18851.0,6311.0,1.0
mu[5967],-0.07,0.045,-0.15,0.017,0.0,0.001,17491.0,6129.0,1.0
mu[5968],-0.044,0.038,-0.114,0.028,0.0,0.0,18561.0,6467.0,1.0
mu[5969],-0.005,0.038,-0.075,0.066,0.0,0.0,15669.0,5784.0,1.0
mu[5970],-0.015,0.037,-0.085,0.053,0.0,0.0,15700.0,5755.0,1.0
mu[5971],0.038,0.049,-0.057,0.128,0.0,0.001,14728.0,6545.0,1.0
mu[5972],-0.036,0.037,-0.105,0.035,0.0,0.0,14845.0,5977.0,1.0
mu[5973],-0.047,0.039,-0.122,0.026,0.0,0.0,14558.0,5684.0,1.0
mu[5974],-0.011,0.037,-0.079,0.06,0.0,0.0,15706.0,5979.0,1.0
mu[5975],-0.028,0.037,-0.099,0.039,0.0,0.0,15246.0,5780.0,1.0
mu[5976],-0.002,0.038,-0.073,0.069,0.0,0.0,15652.0,6174.0,1.0
mu[5977],-0.049,0.039,-0.124,0.025,0.0,0.001,14556.0,5641.0,1.0
mu[5978],-0.067,0.044,-0.151,0.016,0.0,0.001,14659.0,5933.0,1.0
mu[5979],0.006,0.039,-0.069,0.08,0.0,0.001,15454.0,6238.0,1.0
mu[5980],0.004,0.039,-0.07,0.077,0.0,0.001,15517.0,6318.0,1.0
mu[5981],0.12,0.086,-0.044,0.278,0.001,0.001,13907.0,6478.0,1.0
mu[5982],-0.007,0.037,-0.076,0.064,0.0,0.0,15689.0,5896.0,1.0
mu[5983],-0.027,0.037,-0.097,0.04,0.0,0.0,15342.0,5783.0,1.0
mu[5984],-0.018,0.037,-0.087,0.05,0.0,0.0,15696.0,5607.0,1.0
mu[5985],-0.011,0.037,-0.079,0.06,0.0,0.0,15700.0,5991.0,1.0
mu[5986],-0.058,0.041,-0.134,0.022,0.0,0.001,14640.0,5865.0,1.0
mu[5987],0.024,0.044,-0.058,0.109,0.0,0.001,15036.0,6352.0,1.0
mu[5988],-0.059,0.042,-0.137,0.021,0.0,0.001,14642.0,5820.0,1.0
mu[5989],-0.005,0.038,-0.076,0.065,0.0,0.0,15675.0,5873.0,1.0
mu[5990],-0.015,0.037,-0.088,0.05,0.0,0.0,15695.0,5777.0,1.0
mu[5991],-0.006,0.038,-0.076,0.065,0.0,0.0,15677.0,5873.0,1.0
mu[5992],0.063,0.059,-0.054,0.169,0.0,0.001,14326.0,6405.0,1.0
mu[5993],-0.021,0.036,-0.091,0.046,0.0,0.0,15664.0,5645.0,1.0
mu[5994],-0.006,0.037,-0.077,0.063,0.0,0.0,15676.0,5828.0,1.0
mu[5995],0.015,0.041,-0.064,0.092,0.0,0.001,15240.0,6395.0,1.0
mu[5996],-0.007,0.037,-0.076,0.064,0.0,0.0,15666.0,5828.0,1.0
mu[5997],-0.014,0.037,-0.085,0.053,0.0,0.0,15693.0,5670.0,1.0
mu[5998],-0.026,0.037,-0.096,0.042,0.0,0.0,15392.0,5809.0,1.0
mu[5999],0.022,0.043,-0.06,0.104,0.0,0.001,15095.0,6324.0,1.0
mu[6000],-0.053,0.04,-0.126,0.025,0.0,0.001,14590.0,5668.0,1.0
mu[6001],-0.039,0.038,-0.11,0.032,0.0,0.0,14644.0,5954.0,1.0
mu[6002],-0.019,0.037,-0.088,0.049,0.0,0.0,15673.0,5767.0,1.0
mu[6003],-0.018,0.037,-0.088,0.05,0.0,0.0,15687.0,5648.0,1.0
mu[6004],-0.049,0.039,-0.124,0.025,0.0,0.001,14560.0,5641.0,1.0
mu[6005],-0.034,0.037,-0.104,0.036,0.0,0.0,14966.0,5911.0,1.0
mu[6006],-0.064,0.043,-0.147,0.017,0.0,0.001,14677.0,5956.0,1.0
mu[6007],-0.053,0.04,-0.126,0.025,0.0,0.001,14601.0,5710.0,1.0
mu[6008],-0.016,0.037,-0.088,0.05,0.0,0.0,15694.0,5777.0,1.0
mu[6009],-0.007,0.037,-0.077,0.063,0.0,0.0,15668.0,5966.0,1.0
mu[6010],0.033,0.047,-0.053,0.126,0.0,0.001,14866.0,6354.0,1.0
mu[6011],-0.049,0.039,-0.124,0.025,0.0,0.001,14573.0,5645.0,1.0
mu[6012],0.004,0.039,-0.07,0.076,0.0,0.001,15505.0,6367.0,1.0
mu[6013],-0.07,0.045,-0.156,0.015,0.0,0.001,14592.0,5842.0,1.0
mu[6014],0.058,0.057,-0.051,0.164,0.0,0.001,14392.0,6278.0,1.0
mu[6015],-0.002,0.038,-0.075,0.067,0.0,0.0,15654.0,6241.0,1.0
mu[6016],-0.019,0.037,-0.088,0.049,0.0,0.0,15680.0,5648.0,1.0
mu[6017],-0.025,0.037,-0.095,0.042,0.0,0.0,15433.0,5829.0,1.0
mu[6018],-0.036,0.037,-0.105,0.035,0.0,0.0,14861.0,5864.0,1.0
mu[6019],-0.065,0.044,-0.148,0.017,0.0,0.001,14671.0,5887.0,1.0
mu[6020],0.042,0.05,-0.056,0.136,0.0,0.001,14674.0,6325.0,1.0
mu[6021],-0.021,0.036,-0.091,0.046,0.0,0.0,15660.0,5624.0,1.0
mu[6022],-0.022,0.036,-0.092,0.045,0.0,0.0,15652.0,5686.0,1.0
mu[6023],-0.021,0.036,-0.091,0.046,0.0,0.0,15660.0,5624.0,1.0
mu[6024],-0.063,0.043,-0.146,0.017,0.0,0.001,14672.0,5933.0,1.0
mu[6025],-0.042,0.038,-0.112,0.031,0.0,0.0,14523.0,5750.0,1.0
mu[6026],-0.003,0.038,-0.075,0.067,0.0,0.0,15667.0,6190.0,1.0
mu[6027],-0.039,0.038,-0.109,0.032,0.0,0.0,14676.0,5960.0,1.0
mu[6028],-0.046,0.039,-0.119,0.028,0.0,0.0,14566.0,5655.0,1.0
mu[6029],0.002,0.039,-0.07,0.074,0.0,0.001,15559.0,6215.0,1.0
mu[6030],-0.029,0.037,-0.1,0.038,0.0,0.0,15207.0,5785.0,1.0
mu[6031],0.008,0.04,-0.069,0.081,0.0,0.001,15413.0,6213.0,1.0
mu[6032],-0.065,0.044,-0.149,0.016,0.0,0.001,14677.0,5842.0,1.0
mu[6033],0.021,0.043,-0.06,0.103,0.0,0.001,15102.0,6272.0,1.0
mu[6034],-0.009,0.037,-0.077,0.063,0.0,0.0,15675.0,5943.0,1.0
mu[6035],-0.007,0.037,-0.076,0.064,0.0,0.0,15686.0,5896.0,1.0
mu[6036],-0.029,0.037,-0.1,0.038,0.0,0.0,15232.0,5740.0,1.0
mu[6037],-0.0,0.038,-0.071,0.072,0.0,0.0,15607.0,6247.0,1.0
mu[6038],-0.029,0.037,-0.1,0.038,0.0,0.0,15232.0,5740.0,1.0
mu[6039],-0.007,0.037,-0.076,0.064,0.0,0.0,15686.0,5896.0,1.0
mu[6040],0.021,0.043,-0.06,0.104,0.0,0.001,15089.0,6324.0,1.0
mu[6041],-0.05,0.04,-0.125,0.024,0.0,0.001,14571.0,5605.0,1.0
mu[6042],-0.05,0.04,-0.125,0.024,0.0,0.001,14571.0,5605.0,1.0
mu[6043],-0.022,0.036,-0.092,0.046,0.0,0.0,15661.0,5644.0,1.0
mu[6044],-0.024,0.037,-0.095,0.042,0.0,0.0,15520.0,5633.0,1.0
mu[6045],-0.011,0.037,-0.079,0.06,0.0,0.0,15709.0,5909.0,1.0
mu[6046],-0.011,0.037,-0.079,0.06,0.0,0.0,15706.0,5979.0,1.0
mu[6047],-0.043,0.038,-0.114,0.031,0.0,0.0,14518.0,5792.0,1.0
mu[6048],-0.019,0.037,-0.088,0.049,0.0,0.0,15692.0,5732.0,1.0
mu[6049],-0.064,0.043,-0.147,0.017,0.0,0.001,14677.0,5956.0,1.0
mu[6050],-0.05,0.04,-0.125,0.024,0.0,0.001,14571.0,5605.0,1.0
mu[6051],-0.029,0.037,-0.1,0.038,0.0,0.0,15232.0,5740.0,1.0
mu[6052],-0.056,0.041,-0.133,0.023,0.0,0.001,14634.0,5843.0,1.0
mu[6053],0.007,0.04,-0.069,0.08,0.0,0.001,15429.0,6213.0,1.0
mu[6054],0.014,0.041,-0.063,0.094,0.0,0.001,15257.0,6341.0,1.0
mu[6055],-0.037,0.037,-0.108,0.033,0.0,0.0,14771.0,5935.0,1.0
mu[6056],-0.036,0.037,-0.105,0.035,0.0,0.0,14845.0,5977.0,1.0
mu[6057],-0.014,0.037,-0.085,0.053,0.0,0.0,15694.0,5670.0,1.0
mu[6058],-0.007,0.037,-0.076,0.064,0.0,0.0,15686.0,5896.0,1.0
mu[6059],-0.064,0.043,-0.147,0.017,0.0,0.001,14677.0,5956.0,1.0
mu[6060],-0.063,0.043,-0.146,0.017,0.0,0.001,14672.0,5933.0,1.0
mu[6061],0.062,0.059,-0.053,0.169,0.0,0.001,14327.0,6433.0,1.0
mu[6062],-0.007,0.037,-0.076,0.064,0.0,0.0,15686.0,5896.0,1.0
mu[6063],-0.059,0.042,-0.138,0.021,0.0,0.001,14632.0,5776.0,1.0
mu[6064],-0.046,0.039,-0.118,0.028,0.0,0.0,14551.0,5655.0,1.0
mu[6065],-0.073,0.046,-0.16,0.014,0.0,0.001,14599.0,5798.0,1.0
mu[6066],-0.043,0.038,-0.114,0.031,0.0,0.0,14518.0,5792.0,1.0
mu[6067],0.028,0.046,-0.054,0.118,0.0,0.001,14949.0,6468.0,1.0
mu[6068],-0.017,0.037,-0.088,0.049,0.0,0.0,15691.0,5669.0,1.0
mu[6069],-0.024,0.037,-0.095,0.042,0.0,0.0,15511.0,5592.0,1.0
mu[6070],-0.056,0.041,-0.131,0.023,0.0,0.001,14645.0,5820.0,1.0
mu[6071],0.006,0.04,-0.069,0.08,0.0,0.001,15456.0,6161.0,1.0
mu[6072],-0.007,0.037,-0.076,0.064,0.0,0.0,15686.0,5896.0,1.0
mu[6073],-0.014,0.037,-0.085,0.053,0.0,0.0,15694.0,5670.0,1.0
mu[6074],-0.05,0.04,-0.125,0.024,0.0,0.001,14571.0,5605.0,1.0
mu[6075],-0.071,0.045,-0.154,0.017,0.0,0.001,14600.0,5864.0,1.0
mu[6076],-0.06,0.042,-0.143,0.018,0.0,0.001,14650.0,5842.0,1.0
mu[6077],0.008,0.04,-0.069,0.081,0.0,0.001,15419.0,6213.0,1.0
mu[6078],-0.069,0.045,-0.154,0.015,0.0,0.001,14626.0,5864.0,1.0
mu[6079],-0.037,0.037,-0.106,0.034,0.0,0.0,14792.0,5953.0,1.0
mu[6080],-0.008,0.037,-0.077,0.063,0.0,0.0,15668.0,5966.0,1.0
mu[6081],-0.043,0.038,-0.114,0.031,0.0,0.0,14518.0,5792.0,1.0
mu[6082],-0.05,0.04,-0.125,0.024,0.0,0.001,14571.0,5605.0,1.0
mu[6083],-0.029,0.037,-0.1,0.038,0.0,0.0,15232.0,5740.0,1.0
mu[6084],-0.022,0.036,-0.092,0.046,0.0,0.0,15661.0,5644.0,1.0
mu[6085],-0.036,0.037,-0.105,0.035,0.0,0.0,14845.0,5977.0,1.0
mu[6086],-0.029,0.037,-0.1,0.038,0.0,0.0,15232.0,5740.0,1.0
mu[6087],0.007,0.04,-0.069,0.08,0.0,0.001,15429.0,6213.0,1.0
mu[6088],-0.04,0.038,-0.111,0.031,0.0,0.0,14600.0,5816.0,1.0
mu[6089],-0.03,0.037,-0.101,0.037,0.0,0.0,15185.0,5785.0,1.0
mu[6090],-0.01,0.037,-0.077,0.062,0.0,0.0,15687.0,6039.0,1.0
mu[6091],-0.062,0.043,-0.144,0.017,0.0,0.001,14657.0,5888.0,1.0
mu[6092],-0.038,0.038,-0.108,0.034,0.0,0.0,14713.0,5960.0,1.0
mu[6093],-0.033,0.037,-0.103,0.036,0.0,0.0,15040.0,6000.0,1.0
mu[6094],-0.072,0.046,-0.156,0.017,0.0,0.001,14609.0,5911.0,1.0
mu[6095],-0.043,0.038,-0.114,0.031,0.0,0.0,14518.0,5792.0,1.0
mu[6096],0.001,0.039,-0.069,0.076,0.0,0.001,17219.0,5277.0,1.0
mu[6097],-0.006,0.038,-0.076,0.065,0.0,0.001,17570.0,5233.0,1.0
mu[6098],0.031,0.051,-0.062,0.127,0.0,0.001,14866.0,6229.0,1.0
mu[6099],-0.02,0.039,-0.098,0.049,0.0,0.001,17331.0,5312.0,1.0
mu[6100],-0.028,0.041,-0.103,0.052,0.0,0.001,16659.0,5510.0,1.0
mu[6101],-0.003,0.038,-0.076,0.066,0.0,0.001,17479.0,5286.0,1.0
mu[6102],-0.015,0.038,-0.09,0.053,0.0,0.001,17699.0,5231.0,1.0
mu[6103],0.003,0.039,-0.07,0.077,0.0,0.001,17079.0,5507.0,1.0
mu[6104],-0.029,0.041,-0.105,0.051,0.0,0.001,16581.0,5557.0,1.0
mu[6105],-0.042,0.046,-0.13,0.044,0.0,0.001,15376.0,6060.0,1.0
mu[6106],0.009,0.041,-0.067,0.085,0.0,0.001,16590.0,5528.0,1.0
mu[6107],0.007,0.04,-0.067,0.084,0.0,0.001,16700.0,5447.0,1.0
mu[6108],0.088,0.09,-0.091,0.25,0.001,0.001,13269.0,6237.0,1.0
mu[6109],-0.001,0.039,-0.071,0.073,0.0,0.001,17333.0,5268.0,1.0
mu[6110],-0.014,0.038,-0.089,0.054,0.0,0.001,17761.0,5231.0,1.0
mu[6111],-0.008,0.038,-0.079,0.063,0.0,0.001,17621.0,5173.0,1.0
mu[6112],-0.003,0.038,-0.076,0.067,0.0,0.001,17474.0,5267.0,1.0
mu[6113],-0.036,0.044,-0.118,0.045,0.0,0.001,15977.0,5696.0,1.0
mu[6114],0.021,0.046,-0.061,0.11,0.0,0.001,15492.0,5923.0,1.0
mu[6115],-0.036,0.044,-0.12,0.044,0.0,0.001,15897.0,5728.0,1.0
mu[6116],0.001,0.039,-0.07,0.075,0.0,0.001,17256.0,5259.0,1.0
mu[6117],-0.006,0.038,-0.077,0.065,0.0,0.001,17575.0,5246.0,1.0
mu[6118],0.001,0.039,-0.07,0.075,0.0,0.001,17258.0,5259.0,1.0
mu[6119],0.048,0.061,-0.066,0.164,0.001,0.001,14102.0,6350.0,1.0
mu[6120],-0.01,0.038,-0.08,0.061,0.0,0.001,17620.0,5106.0,1.0
mu[6121],0.0,0.039,-0.07,0.074,0.0,0.001,17294.0,5240.0,1.0
mu[6122],0.015,0.043,-0.064,0.096,0.0,0.001,16061.0,5757.0,1.0
mu[6123],-0.0,0.039,-0.07,0.074,0.0,0.001,17307.0,5240.0,1.0
mu[6124],-0.005,0.038,-0.077,0.065,0.0,0.001,17553.0,5107.0,1.0
mu[6125],-0.014,0.038,-0.09,0.053,0.0,0.001,17820.0,5087.0,1.0
mu[6126],0.02,0.045,-0.062,0.106,0.0,0.001,15617.0,5876.0,1.0
mu[6127],-0.032,0.042,-0.112,0.047,0.0,0.001,16320.0,5590.0,1.0
mu[6128],-0.023,0.039,-0.103,0.046,0.0,0.001,17142.0,5343.0,1.0
mu[6129],-0.009,0.038,-0.079,0.063,0.0,0.001,17623.0,5188.0,1.0
mu[6130],-0.008,0.038,-0.079,0.062,0.0,0.001,17618.0,5208.0,1.0
mu[6131],-0.029,0.041,-0.105,0.051,0.0,0.001,16576.0,5557.0,1.0
mu[6132],-0.019,0.039,-0.096,0.05,0.0,0.001,17114.0,5387.0,1.0
mu[6133],-0.04,0.046,-0.127,0.045,0.0,0.001,15514.0,5933.0,1.0
mu[6134],-0.032,0.042,-0.112,0.047,0.0,0.001,16304.0,5607.0,1.0
mu[6135],-0.006,0.038,-0.077,0.064,0.0,0.001,17576.0,5246.0,1.0
mu[6136],-0.0,0.039,-0.071,0.074,0.0,0.001,17316.0,5240.0,1.0
mu[6137],0.028,0.049,-0.065,0.118,0.0,0.001,15050.0,5903.0,1.0
mu[6138],-0.03,0.041,-0.107,0.049,0.0,0.001,16539.0,5721.0,1.0
mu[6139],0.007,0.04,-0.07,0.08,0.0,0.001,16722.0,5469.0,1.0
mu[6140],-0.044,0.048,-0.132,0.046,0.0,0.001,15200.0,6140.0,1.0
mu[6141],0.045,0.059,-0.065,0.156,0.0,0.001,14231.0,6322.0,1.0
mu[6142],0.003,0.039,-0.07,0.077,0.0,0.001,17091.0,5507.0,1.0
mu[6143],-0.008,0.038,-0.079,0.062,0.0,0.001,17622.0,5208.0,1.0
mu[6144],-0.013,0.038,-0.089,0.054,0.0,0.001,17560.0,5083.0,1.0
mu[6145],-0.02,0.039,-0.097,0.049,0.0,0.001,17341.0,5312.0,1.0
mu[6146],-0.041,0.046,-0.128,0.044,0.0,0.001,15487.0,5909.0,1.0
mu[6147],0.034,0.052,-0.061,0.134,0.0,0.001,14719.0,6438.0,1.0
mu[6148],-0.01,0.038,-0.081,0.061,0.0,0.001,17616.0,5107.0,1.0
mu[6149],-0.011,0.038,-0.081,0.061,0.0,0.001,17615.0,5160.0,1.0
mu[6150],-0.01,0.038,-0.081,0.061,0.0,0.001,17616.0,5107.0,1.0
mu[6151],-0.039,0.045,-0.125,0.044,0.0,0.001,15611.0,5872.0,1.0
mu[6152],-0.025,0.04,-0.102,0.049,0.0,0.001,16993.0,5453.0,1.0
mu[6153],0.003,0.039,-0.072,0.074,0.0,0.001,17120.0,5409.0,1.0
mu[6154],-0.022,0.039,-0.1,0.049,0.0,0.001,17167.0,5306.0,1.0
mu[6155],-0.028,0.041,-0.102,0.052,0.0,0.001,16714.0,5469.0,1.0
mu[6156],0.006,0.04,-0.071,0.077,0.0,0.001,16870.0,5586.0,1.0
mu[6157],-0.016,0.038,-0.092,0.051,0.0,0.001,17649.0,5227.0,1.0
mu[6158],0.01,0.041,-0.065,0.089,0.0,0.001,16467.0,5619.0,1.0
mu[6159],-0.041,0.046,-0.128,0.044,0.0,0.001,15477.0,5909.0,1.0
mu[6160],0.019,0.045,-0.062,0.104,0.0,0.001,15668.0,5870.0,1.0
mu[6161],-0.002,0.038,-0.073,0.07,0.0,0.001,17396.0,5286.0,1.0
mu[6162],-0.001,0.039,-0.071,0.073,0.0,0.001,17330.0,5268.0,1.0
mu[6163],-0.015,0.038,-0.092,0.052,0.0,0.001,17685.0,5302.0,1.0
mu[6164],0.004,0.04,-0.071,0.077,0.0,0.001,16982.0,5528.0,1.0
mu[6165],-0.015,0.038,-0.092,0.052,0.0,0.001,17685.0,5302.0,1.0
mu[6166],-0.001,0.039,-0.071,0.073,0.0,0.001,17330.0,5268.0,1.0
mu[6167],0.019,0.045,-0.062,0.105,0.0,0.001,15633.0,5876.0,1.0
mu[6168],-0.03,0.042,-0.108,0.048,0.0,0.001,16475.0,5593.0,1.0
mu[6169],-0.03,0.042,-0.108,0.048,0.0,0.001,16475.0,5593.0,1.0
mu[6170],-0.01,0.038,-0.081,0.061,0.0,0.001,17618.0,5159.0,1.0
mu[6171],-0.012,0.038,-0.088,0.055,0.0,0.001,17591.0,5102.0,1.0
mu[6172],-0.003,0.038,-0.076,0.066,0.0,0.001,17481.0,5323.0,1.0
mu[6173],-0.003,0.038,-0.076,0.066,0.0,0.001,17479.0,5286.0,1.0
mu[6174],-0.025,0.04,-0.101,0.051,0.0,0.001,16914.0,5397.0,1.0
mu[6175],-0.009,0.038,-0.078,0.063,0.0,0.001,17621.0,5207.0,1.0
mu[6176],-0.04,0.046,-0.127,0.045,0.0,0.001,15514.0,5933.0,1.0
mu[6177],-0.03,0.042,-0.108,0.048,0.0,0.001,16475.0,5593.0,1.0
mu[6178],-0.015,0.038,-0.092,0.052,0.0,0.001,17685.0,5302.0,1.0
mu[6179],-0.035,0.043,-0.116,0.046,0.0,0.001,16069.0,5569.0,1.0
mu[6180],0.009,0.041,-0.065,0.088,0.0,0.001,16525.0,5598.0,1.0
mu[6181],0.014,0.043,-0.064,0.096,0.0,0.001,16080.0,5811.0,1.0
mu[6182],-0.021,0.039,-0.099,0.049,0.0,0.001,17255.0,5287.0,1.0
mu[6183],-0.02,0.039,-0.098,0.049,0.0,0.001,17331.0,5312.0,1.0
mu[6184],-0.005,0.038,-0.077,0.065,0.0,0.001,17556.0,5107.0,1.0
mu[6185],-0.001,0.039,-0.071,0.073,0.0,0.001,17330.0,5268.0,1.0
mu[6186],-0.04,0.046,-0.127,0.045,0.0,0.001,15514.0,5933.0,1.0
mu[6187],-0.039,0.045,-0.125,0.044,0.0,0.001,15611.0,5872.0,1.0
mu[6188],0.048,0.061,-0.066,0.163,0.001,0.001,14113.0,6377.0,1.0
mu[6189],-0.001,0.039,-0.071,0.073,0.0,0.001,17330.0,5268.0,1.0
mu[6190],-0.037,0.044,-0.121,0.044,0.0,0.001,15867.0,5795.0,1.0
mu[6191],-0.027,0.041,-0.101,0.052,0.0,0.001,16729.0,5448.0,1.0
mu[6192],-0.046,0.049,-0.14,0.044,0.0,0.001,15018.0,6179.0,1.0
mu[6193],-0.025,0.04,-0.101,0.051,0.0,0.001,16914.0,5397.0,1.0
mu[6194],0.024,0.047,-0.064,0.112,0.0,0.001,15272.0,5902.0,1.0
mu[6195],-0.007,0.038,-0.078,0.063,0.0,0.001,17598.0,5182.0,1.0
mu[6196],-0.012,0.038,-0.088,0.055,0.0,0.001,17588.0,5043.0,1.0
mu[6197],-0.034,0.043,-0.115,0.046,0.0,0.001,16112.0,5528.0,1.0
mu[6198],0.009,0.041,-0.067,0.085,0.0,0.001,16584.0,5549.0,1.0
mu[6199],-0.001,0.039,-0.071,0.073,0.0,0.001,17330.0,5268.0,1.0
mu[6200],-0.005,0.038,-0.077,0.065,0.0,0.001,17556.0,5107.0,1.0
mu[6201],-0.03,0.042,-0.108,0.048,0.0,0.001,16475.0,5593.0,1.0
mu[6202],-0.045,0.048,-0.135,0.045,0.0,0.001,15154.0,6165.0,1.0
mu[6203],-0.037,0.044,-0.123,0.044,0.0,0.001,15811.0,5730.0,1.0
mu[6204],0.01,0.041,-0.065,0.089,0.0,0.001,16468.0,5599.0,1.0
mu[6205],-0.043,0.047,-0.132,0.045,0.0,0.001,15243.0,6115.0,1.0
mu[6206],-0.021,0.039,-0.1,0.047,0.0,0.001,17286.0,5330.0,1.0
mu[6207],-0.001,0.038,-0.072,0.072,0.0,0.001,17365.0,5305.0,1.0
mu[6208],-0.025,0.04,-0.101,0.051,0.0,0.001,16914.0,5397.0,1.0
mu[6209],-0.03,0.042,-0.108,0.048,0.0,0.001,16475.0,5593.0,1.0
mu[6210],-0.015,0.038,-0.092,0.052,0.0,0.001,17685.0,5302.0,1.0
mu[6211],-0.01,0.038,-0.081,0.061,0.0,0.001,17618.0,5159.0,1.0
mu[6212],-0.02,0.039,-0.098,0.049,0.0,0.001,17331.0,5312.0,1.0
mu[6213],-0.015,0.038,-0.092,0.052,0.0,0.001,17685.0,5302.0,1.0
mu[6214],0.009,0.041,-0.065,0.088,0.0,0.001,16525.0,5598.0,1.0
mu[6215],-0.023,0.04,-0.098,0.052,0.0,0.001,17092.0,5362.0,1.0
mu[6216],-0.016,0.038,-0.093,0.051,0.0,0.001,17617.0,5211.0,1.0
mu[6217],-0.002,0.038,-0.074,0.069,0.0,0.001,17417.0,5195.0,1.0
mu[6218],-0.038,0.045,-0.123,0.045,0.0,0.001,15710.0,5886.0,1.0
mu[6219],-0.022,0.039,-0.101,0.047,0.0,0.001,17188.0,5381.0,1.0
mu[6220],-0.019,0.039,-0.096,0.049,0.0,0.001,17163.0,5399.0,1.0
mu[6221],-0.045,0.048,-0.135,0.045,0.0,0.001,15111.0,6204.0,1.0
mu[6222],-0.025,0.04,-0.101,0.051,0.0,0.001,16914.0,5397.0,1.0
mu[6223],-0.003,0.038,-0.078,0.067,0.0,0.0,15708.0,6019.0,1.0
mu[6224],-0.013,0.037,-0.087,0.054,0.0,0.0,15947.0,5801.0,1.0
mu[6225],0.039,0.049,-0.055,0.131,0.0,0.001,14767.0,6431.0,1.0
mu[6226],-0.034,0.038,-0.105,0.038,0.0,0.0,15755.0,5650.0,1.0
mu[6227],-0.045,0.04,-0.119,0.029,0.0,0.0,15381.0,6076.0,1.0
mu[6228],-0.01,0.038,-0.082,0.059,0.0,0.0,15867.0,5765.0,1.0
mu[6229],-0.026,0.037,-0.097,0.044,0.0,0.0,15914.0,5765.0,1.0
mu[6230],-0.0,0.039,-0.074,0.072,0.0,0.0,15630.0,6055.0,1.0
mu[6231],-0.046,0.04,-0.122,0.027,0.0,0.0,15319.0,6161.0,1.0
mu[6232],-0.064,0.045,-0.149,0.019,0.0,0.001,14621.0,6311.0,1.0
mu[6233],0.008,0.04,-0.066,0.085,0.0,0.0,15397.0,6138.0,1.0
mu[6234],0.006,0.04,-0.068,0.082,0.0,0.0,15451.0,6054.0,1.0
mu[6235],0.121,0.087,-0.039,0.286,0.001,0.001,14120.0,6621.0,1.0
mu[6236],-0.006,0.038,-0.08,0.064,0.0,0.0,15770.0,5983.0,1.0
mu[6237],-0.025,0.037,-0.094,0.047,0.0,0.0,15934.0,5695.0,1.0
mu[6238],-0.016,0.037,-0.088,0.052,0.0,0.0,16014.0,5630.0,1.0
mu[6239],-0.009,0.038,-0.082,0.059,0.0,0.0,15863.0,5765.0,1.0
mu[6240],-0.056,0.042,-0.137,0.02,0.0,0.001,14963.0,6435.0,1.0
mu[6241],0.025,0.045,-0.056,0.113,0.0,0.001,14972.0,6576.0,1.0
mu[6242],-0.057,0.042,-0.139,0.019,0.0,0.001,14909.0,6382.0,1.0
mu[6243],-0.004,0.038,-0.078,0.066,0.0,0.0,15726.0,6042.0,1.0
mu[6244],-0.014,0.037,-0.088,0.053,0.0,0.0,15958.0,5801.0,1.0
mu[6245],-0.004,0.038,-0.078,0.066,0.0,0.0,15728.0,6018.0,1.0
mu[6246],0.064,0.059,-0.04,0.183,0.001,0.001,14497.0,6350.0,1.0
mu[6247],-0.019,0.037,-0.09,0.05,0.0,0.0,16002.0,5672.0,1.0
mu[6248],-0.005,0.038,-0.079,0.065,0.0,0.0,15744.0,6018.0,1.0
mu[6249],0.016,0.042,-0.061,0.097,0.0,0.0,15178.0,6547.0,1.0
mu[6250],-0.005,0.038,-0.079,0.065,0.0,0.0,15755.0,5983.0,1.0
mu[6251],-0.013,0.037,-0.086,0.055,0.0,0.0,15931.0,5790.0,1.0
mu[6252],-0.024,0.037,-0.096,0.044,0.0,0.0,15940.0,5580.0,1.0
mu[6253],0.023,0.044,-0.056,0.11,0.0,0.001,15024.0,6662.0,1.0
mu[6254],-0.05,0.041,-0.127,0.026,0.0,0.001,15185.0,6414.0,1.0
mu[6255],-0.037,0.038,-0.111,0.034,0.0,0.0,15647.0,5812.0,1.0
mu[6256],-0.018,0.037,-0.088,0.052,0.0,0.0,16014.0,5736.0,1.0
mu[6257],-0.017,0.037,-0.087,0.053,0.0,0.0,16012.0,5693.0,1.0
mu[6258],-0.046,0.04,-0.122,0.028,0.0,0.0,15317.0,6161.0,1.0
mu[6259],-0.032,0.038,-0.103,0.039,0.0,0.0,15800.0,5588.0,1.0
mu[6260],-0.062,0.044,-0.146,0.02,0.0,0.001,14698.0,6322.0,1.0
mu[6261],-0.051,0.041,-0.127,0.026,0.0,0.001,15174.0,6414.0,1.0
mu[6262],-0.014,0.037,-0.088,0.053,0.0,0.0,15957.0,5775.0,1.0
mu[6263],-0.005,0.038,-0.081,0.062,0.0,0.0,15760.0,5983.0,1.0
mu[6264],0.035,0.048,-0.058,0.121,0.0,0.001,14829.0,6379.0,1.0
mu[6265],-0.047,0.04,-0.123,0.027,0.0,0.0,15294.0,6354.0,1.0
mu[6266],0.005,0.04,-0.068,0.081,0.0,0.0,15464.0,6054.0,1.0
mu[6267],-0.067,0.046,-0.152,0.019,0.0,0.001,14520.0,6178.0,1.0
mu[6268],0.059,0.057,-0.05,0.165,0.0,0.001,14556.0,6442.0,1.0
mu[6269],-0.001,0.039,-0.074,0.072,0.0,0.0,15635.0,6055.0,1.0
mu[6270],-0.017,0.037,-0.087,0.053,0.0,0.0,16017.0,5736.0,1.0
mu[6271],-0.024,0.037,-0.095,0.045,0.0,0.0,15947.0,5662.0,1.0
mu[6272],-0.034,0.038,-0.104,0.039,0.0,0.0,15762.0,5650.0,1.0
mu[6273],-0.063,0.044,-0.147,0.019,0.0,0.001,14677.0,6269.0,1.0
mu[6274],0.043,0.051,-0.052,0.139,0.0,0.001,14721.0,6378.0,1.0
mu[6275],-0.02,0.037,-0.09,0.05,0.0,0.0,16001.0,5651.0,1.0
mu[6276],-0.02,0.037,-0.09,0.05,0.0,0.0,16003.0,5759.0,1.0
mu[6277],-0.02,0.037,-0.09,0.05,0.0,0.0,16001.0,5651.0,1.0
mu[6278],-0.061,0.044,-0.146,0.018,0.0,0.001,14757.0,6218.0,1.0
mu[6279],-0.04,0.039,-0.115,0.031,0.0,0.0,15568.0,5974.0,1.0
mu[6280],-0.001,0.039,-0.074,0.071,0.0,0.0,15653.0,6055.0,1.0
mu[6281],-0.037,0.038,-0.111,0.033,0.0,0.0,15662.0,5834.0,1.0
mu[6282],-0.044,0.04,-0.12,0.028,0.0,0.0,15415.0,6051.0,1.0
mu[6283],0.003,0.039,-0.07,0.078,0.0,0.0,15522.0,6030.0,1.0
mu[6284],-0.027,0.037,-0.099,0.042,0.0,0.0,15912.0,5788.0,1.0
mu[6285],0.009,0.041,-0.066,0.087,0.0,0.0,15340.0,6186.0,1.0
mu[6286],-0.063,0.044,-0.147,0.019,0.0,0.001,14669.0,6295.0,1.0
mu[6287],0.022,0.044,-0.057,0.108,0.0,0.001,15050.0,6633.0,1.0
mu[6288],-0.007,0.038,-0.081,0.061,0.0,0.0,15800.0,5854.0,1.0
mu[6289],-0.006,0.038,-0.08,0.064,0.0,0.0,15769.0,5983.0,1.0
mu[6290],-0.027,0.037,-0.096,0.046,0.0,0.0,15910.0,5766.0,1.0
mu[6291],0.001,0.039,-0.072,0.075,0.0,0.0,15584.0,6066.0,1.0
mu[6292],-0.027,0.037,-0.096,0.046,0.0,0.0,15910.0,5766.0,1.0
mu[6293],-0.006,0.038,-0.08,0.064,0.0,0.0,15769.0,5983.0,1.0
mu[6294],0.023,0.044,-0.056,0.11,0.0,0.001,15030.0,6661.0,1.0
mu[6295],-0.048,0.04,-0.122,0.029,0.0,0.0,15258.0,6408.0,1.0
mu[6296],-0.048,0.04,-0.122,0.029,0.0,0.0,15258.0,6408.0,1.0
mu[6297],-0.02,0.037,-0.09,0.05,0.0,0.0,16000.0,5673.0,1.0
mu[6298],-0.022,0.037,-0.093,0.047,0.0,0.0,15970.0,5527.0,1.0
mu[6299],-0.01,0.038,-0.083,0.059,0.0,0.0,15870.0,5732.0,1.0
mu[6300],-0.01,0.038,-0.082,0.059,0.0,0.0,15867.0,5765.0,1.0
mu[6301],-0.041,0.039,-0.116,0.03,0.0,0.0,15525.0,6010.0,1.0
mu[6302],-0.017,0.037,-0.088,0.052,0.0,0.0,16016.0,5735.0,1.0
mu[6303],-0.062,0.044,-0.146,0.02,0.0,0.001,14698.0,6322.0,1.0
mu[6304],-0.048,0.04,-0.122,0.029,0.0,0.0,15258.0,6408.0,1.0
mu[6305],-0.027,0.037,-0.096,0.046,0.0,0.0,15910.0,5766.0,1.0
mu[6306],-0.054,0.042,-0.13,0.026,0.0,0.001,15006.0,6490.0,1.0
mu[6307],0.009,0.04,-0.066,0.086,0.0,0.0,15369.0,6262.0,1.0
mu[6308],0.016,0.042,-0.061,0.098,0.0,0.0,15186.0,6518.0,1.0
mu[6309],-0.035,0.038,-0.108,0.036,0.0,0.0,15717.0,5691.0,1.0
mu[6310],-0.034,0.038,-0.105,0.038,0.0,0.0,15755.0,5650.0,1.0
mu[6311],-0.013,0.037,-0.085,0.056,0.0,0.0,15930.0,5779.0,1.0
mu[6312],-0.006,0.038,-0.08,0.064,0.0,0.0,15769.0,5983.0,1.0
mu[6313],-0.062,0.044,-0.146,0.02,0.0,0.001,14698.0,6322.0,1.0
mu[6314],-0.061,0.044,-0.146,0.018,0.0,0.001,14757.0,6218.0,1.0
mu[6315],0.063,0.059,-0.048,0.174,0.001,0.001,14503.0,6360.0,1.0
mu[6316],-0.006,0.038,-0.08,0.064,0.0,0.0,15769.0,5983.0,1.0
mu[6317],-0.057,0.043,-0.14,0.019,0.0,0.001,14896.0,6382.0,1.0
mu[6318],-0.044,0.039,-0.12,0.028,0.0,0.0,15432.0,5977.0,1.0
mu[6319],-0.071,0.047,-0.157,0.019,0.0,0.001,14424.0,6168.0,1.0
mu[6320],-0.041,0.039,-0.116,0.03,0.0,0.0,15525.0,6010.0,1.0
mu[6321],0.03,0.046,-0.057,0.117,0.0,0.001,14890.0,6382.0,1.0
mu[6322],-0.015,0.037,-0.088,0.053,0.0,0.0,15993.0,5737.0,1.0
mu[6323],-0.022,0.037,-0.093,0.047,0.0,0.0,15970.0,5548.0,1.0
mu[6324],-0.053,0.042,-0.132,0.023,0.0,0.001,15034.0,6518.0,1.0
mu[6325],0.008,0.04,-0.066,0.086,0.0,0.0,15391.0,6163.0,1.0
mu[6326],-0.006,0.038,-0.08,0.064,0.0,0.0,15769.0,5983.0,1.0
mu[6327],-0.013,0.037,-0.085,0.056,0.0,0.0,15930.0,5779.0,1.0
mu[6328],-0.048,0.04,-0.122,0.029,0.0,0.0,15258.0,6408.0,1.0
mu[6329],-0.068,0.046,-0.155,0.017,0.0,0.001,14489.0,6124.0,1.0
mu[6330],-0.058,0.043,-0.141,0.02,0.0,0.001,14861.0,6354.0,1.0
mu[6331],0.009,0.04,-0.066,0.087,0.0,0.0,15343.0,6187.0,1.0
mu[6332],-0.067,0.045,-0.15,0.02,0.0,0.001,14545.0,6178.0,1.0
mu[6333],-0.035,0.038,-0.107,0.036,0.0,0.0,15731.0,5713.0,1.0
mu[6334],-0.006,0.038,-0.08,0.063,0.0,0.0,15779.0,5934.0,1.0
mu[6335],-0.041,0.039,-0.116,0.03,0.0,0.0,15525.0,6010.0,1.0
mu[6336],-0.048,0.04,-0.122,0.029,0.0,0.0,15258.0,6408.0,1.0
mu[6337],-0.027,0.037,-0.096,0.046,0.0,0.0,15910.0,5766.0,1.0
mu[6338],-0.02,0.037,-0.09,0.05,0.0,0.0,16000.0,5673.0,1.0
mu[6339],-0.034,0.038,-0.105,0.038,0.0,0.0,15755.0,5650.0,1.0
mu[6340],-0.027,0.037,-0.096,0.046,0.0,0.0,15910.0,5766.0,1.0
mu[6341],0.009,0.04,-0.066,0.086,0.0,0.0,15369.0,6262.0,1.0
mu[6342],-0.038,0.039,-0.113,0.032,0.0,0.0,15621.0,6008.0,1.0
mu[6343],-0.028,0.037,-0.1,0.041,0.0,0.0,15900.0,5810.0,1.0
mu[6344],-0.008,0.038,-0.081,0.061,0.0,0.0,15826.0,5766.0,1.0
mu[6345],-0.059,0.043,-0.144,0.018,0.0,0.001,14817.0,6402.0,1.0
mu[6346],-0.036,0.038,-0.11,0.034,0.0,0.0,15681.0,5759.0,1.0
mu[6347],-0.031,0.038,-0.103,0.039,0.0,0.0,15831.0,5695.0,1.0
mu[6348],-0.069,0.046,-0.156,0.017,0.0,0.001,14468.0,6194.0,1.0
mu[6349],-0.041,0.039,-0.116,0.03,0.0,0.0,15525.0,6010.0,1.0
mu[6350],-0.003,0.038,-0.076,0.068,0.0,0.0,17027.0,6166.0,1.0
mu[6351],-0.013,0.037,-0.086,0.055,0.0,0.0,17227.0,6002.0,1.0
mu[6352],0.039,0.05,-0.052,0.135,0.0,0.001,14702.0,6345.0,1.0
mu[6353],-0.034,0.038,-0.104,0.04,0.0,0.0,17097.0,5431.0,1.0
mu[6354],-0.046,0.04,-0.119,0.031,0.0,0.0,16800.0,5507.0,1.0
mu[6355],-0.01,0.038,-0.081,0.061,0.0,0.0,17167.0,6002.0,1.0
mu[6356],-0.027,0.037,-0.097,0.044,0.0,0.0,17247.0,5764.0,1.0
mu[6357],-0.0,0.039,-0.076,0.071,0.0,0.0,16939.0,6097.0,1.0
mu[6358],-0.047,0.04,-0.121,0.03,0.0,0.0,16761.0,5570.0,1.0
mu[6359],-0.065,0.045,-0.154,0.016,0.0,0.001,16246.0,5906.0,1.0
mu[6360],0.008,0.04,-0.069,0.082,0.0,0.0,16676.0,6269.0,1.0
mu[6361],0.006,0.04,-0.068,0.082,0.0,0.0,16839.0,6269.0,1.0
mu[6362],0.122,0.088,-0.044,0.291,0.001,0.001,14038.0,6023.0,1.0
mu[6363],-0.006,0.038,-0.078,0.065,0.0,0.0,17087.0,6216.0,1.0
mu[6364],-0.026,0.037,-0.098,0.043,0.0,0.0,17265.0,5750.0,1.0
mu[6365],-0.016,0.037,-0.087,0.054,0.0,0.0,17269.0,6048.0,1.0
mu[6366],-0.01,0.038,-0.081,0.061,0.0,0.0,17159.0,6002.0,1.0
mu[6367],-0.056,0.042,-0.135,0.025,0.0,0.001,16497.0,5713.0,1.0
mu[6368],0.026,0.045,-0.062,0.108,0.0,0.001,15264.0,6272.0,1.0
mu[6369],-0.058,0.043,-0.138,0.023,0.0,0.001,16467.0,5795.0,1.0
mu[6370],-0.004,0.038,-0.077,0.067,0.0,0.0,17041.0,6131.0,1.0
mu[6371],-0.014,0.037,-0.087,0.054,0.0,0.0,17234.0,6000.0,1.0
mu[6372],-0.004,0.038,-0.077,0.067,0.0,0.0,17043.0,6131.0,1.0
mu[6373],0.064,0.06,-0.046,0.181,0.001,0.001,14282.0,6343.0,1.0
mu[6374],-0.02,0.037,-0.093,0.047,0.0,0.0,17293.0,5905.0,1.0
mu[6375],-0.005,0.038,-0.077,0.066,0.0,0.0,17063.0,6157.0,1.0
mu[6376],0.016,0.042,-0.063,0.096,0.0,0.001,15943.0,6402.0,1.0
mu[6377],-0.005,0.038,-0.077,0.067,0.0,0.0,17072.0,6216.0,1.0
mu[6378],-0.013,0.037,-0.083,0.059,0.0,0.0,17216.0,6003.0,1.0
mu[6379],-0.025,0.037,-0.097,0.043,0.0,0.0,17263.0,5682.0,1.0
mu[6380],0.023,0.044,-0.062,0.104,0.0,0.001,15418.0,6272.0,1.0
mu[6381],-0.051,0.041,-0.126,0.028,0.0,0.0,16673.0,5674.0,1.0
mu[6382],-0.038,0.038,-0.108,0.037,0.0,0.0,17044.0,5300.0,1.0
mu[6383],-0.018,0.037,-0.089,0.052,0.0,0.0,17291.0,5975.0,1.0
mu[6384],-0.017,0.037,-0.09,0.051,0.0,0.0,17275.0,6001.0,1.0
mu[6385],-0.047,0.04,-0.119,0.031,0.0,0.0,16760.0,5551.0,1.0
mu[6386],-0.033,0.038,-0.103,0.04,0.0,0.0,17142.0,5450.0,1.0
mu[6387],-0.063,0.044,-0.151,0.016,0.0,0.001,16301.0,5904.0,1.0
mu[6388],-0.051,0.041,-0.126,0.028,0.0,0.0,16660.0,5674.0,1.0
mu[6389],-0.014,0.037,-0.087,0.054,0.0,0.0,17235.0,6000.0,1.0
mu[6390],-0.005,0.038,-0.077,0.067,0.0,0.0,17073.0,6232.0,1.0
mu[6391],0.035,0.048,-0.052,0.129,0.0,0.001,14825.0,6345.0,1.0
mu[6392],-0.048,0.04,-0.12,0.031,0.0,0.0,16749.0,5578.0,1.0
mu[6393],0.005,0.04,-0.068,0.082,0.0,0.0,16866.0,6244.0,1.0
mu[6394],-0.069,0.046,-0.158,0.016,0.0,0.001,16170.0,5961.0,1.0
mu[6395],0.06,0.058,-0.046,0.172,0.0,0.001,14348.0,6245.0,1.0
mu[6396],-0.001,0.039,-0.076,0.07,0.0,0.0,16942.0,6147.0,1.0
mu[6397],-0.017,0.037,-0.088,0.052,0.0,0.0,17276.0,5955.0,1.0
mu[6398],-0.024,0.037,-0.096,0.045,0.0,0.0,17272.0,5620.0,1.0
mu[6399],-0.034,0.038,-0.105,0.038,0.0,0.0,17104.0,5431.0,1.0
mu[6400],-0.064,0.044,-0.15,0.018,0.0,0.001,16293.0,5882.0,1.0
mu[6401],0.043,0.051,-0.052,0.141,0.0,0.001,14606.0,6292.0,1.0
mu[6402],-0.02,0.037,-0.091,0.049,0.0,0.0,17295.0,5905.0,1.0
mu[6403],-0.021,0.037,-0.091,0.049,0.0,0.0,17296.0,5905.0,1.0
mu[6404],-0.02,0.037,-0.091,0.049,0.0,0.0,17295.0,5905.0,1.0
mu[6405],-0.062,0.044,-0.148,0.017,0.0,0.001,16346.0,5834.0,1.0
mu[6406],-0.041,0.039,-0.111,0.036,0.0,0.0,16979.0,5270.0,1.0
mu[6407],-0.001,0.039,-0.076,0.07,0.0,0.0,16964.0,6156.0,1.0
mu[6408],-0.037,0.038,-0.108,0.037,0.0,0.0,17051.0,5301.0,1.0
mu[6409],-0.045,0.04,-0.117,0.032,0.0,0.0,16828.0,5475.0,1.0
mu[6410],0.003,0.039,-0.07,0.078,0.0,0.0,16819.0,6244.0,1.0
mu[6411],-0.028,0.037,-0.097,0.044,0.0,0.0,17225.0,5614.0,1.0
mu[6412],0.009,0.041,-0.068,0.085,0.0,0.0,16517.0,6271.0,1.0
mu[6413],-0.064,0.044,-0.151,0.018,0.0,0.001,16290.0,5882.0,1.0
mu[6414],0.022,0.044,-0.062,0.103,0.0,0.001,15484.0,6272.0,1.0
mu[6415],-0.007,0.038,-0.079,0.064,0.0,0.0,17119.0,6140.0,1.0
mu[6416],-0.006,0.038,-0.078,0.066,0.0,0.0,17087.0,6216.0,1.0
mu[6417],-0.027,0.037,-0.097,0.044,0.0,0.0,17239.0,5634.0,1.0
mu[6418],0.001,0.039,-0.072,0.075,0.0,0.0,16879.0,6194.0,1.0
mu[6419],-0.027,0.037,-0.097,0.044,0.0,0.0,17239.0,5634.0,1.0
mu[6420],-0.006,0.038,-0.078,0.066,0.0,0.0,17087.0,6216.0,1.0
mu[6421],0.023,0.044,-0.062,0.104,0.0,0.001,15443.0,6246.0,1.0
mu[6422],-0.049,0.04,-0.122,0.03,0.0,0.0,16729.0,5634.0,1.0
mu[6423],-0.049,0.04,-0.122,0.03,0.0,0.0,16729.0,5634.0,1.0
mu[6424],-0.02,0.037,-0.091,0.049,0.0,0.0,17292.0,5905.0,1.0
mu[6425],-0.022,0.037,-0.093,0.046,0.0,0.0,17287.0,5621.0,1.0
mu[6426],-0.01,0.038,-0.081,0.06,0.0,0.0,17173.0,5908.0,1.0
mu[6427],-0.01,0.038,-0.081,0.061,0.0,0.0,17167.0,6002.0,1.0
mu[6428],-0.042,0.039,-0.113,0.034,0.0,0.0,16940.0,5344.0,1.0
mu[6429],-0.018,0.037,-0.089,0.052,0.0,0.0,17282.0,5952.0,1.0
mu[6430],-0.063,0.044,-0.151,0.016,0.0,0.001,16301.0,5904.0,1.0
mu[6431],-0.049,0.04,-0.122,0.03,0.0,0.0,16729.0,5634.0,1.0
mu[6432],-0.027,0.037,-0.097,0.044,0.0,0.0,17239.0,5634.0,1.0
mu[6433],-0.055,0.042,-0.131,0.027,0.0,0.0,16542.0,5619.0,1.0
mu[6434],0.009,0.041,-0.068,0.085,0.0,0.0,16589.0,6352.0,1.0
mu[6435],0.016,0.042,-0.063,0.095,0.0,0.001,15968.0,6348.0,1.0
mu[6436],-0.036,0.038,-0.105,0.039,0.0,0.0,17069.0,5431.0,1.0
mu[6437],-0.034,0.038,-0.104,0.04,0.0,0.0,17097.0,5431.0,1.0
mu[6438],-0.013,0.037,-0.085,0.056,0.0,0.0,17218.0,6027.0,1.0
mu[6439],-0.006,0.038,-0.078,0.066,0.0,0.0,17087.0,6216.0,1.0
mu[6440],-0.063,0.044,-0.151,0.016,0.0,0.001,16301.0,5904.0,1.0
mu[6441],-0.062,0.044,-0.148,0.017,0.0,0.001,16346.0,5834.0,1.0
mu[6442],0.064,0.06,-0.046,0.179,0.001,0.001,14283.0,6316.0,1.0
mu[6443],-0.006,0.038,-0.078,0.066,0.0,0.0,17087.0,6216.0,1.0
mu[6444],-0.058,0.043,-0.142,0.02,0.0,0.001,16456.0,5816.0,1.0
mu[6445],-0.045,0.04,-0.117,0.032,0.0,0.0,16841.0,5475.0,1.0
mu[6446],-0.072,0.047,-0.164,0.014,0.0,0.001,16082.0,6048.0,1.0
mu[6447],-0.042,0.039,-0.113,0.034,0.0,0.0,16940.0,5344.0,1.0
mu[6448],0.03,0.047,-0.059,0.115,0.0,0.001,14986.0,6380.0,1.0
mu[6449],-0.016,0.037,-0.087,0.053,0.0,0.0,17249.0,6146.0,1.0
mu[6450],-0.023,0.037,-0.094,0.046,0.0,0.0,17285.0,5621.0,1.0
mu[6451],-0.054,0.042,-0.131,0.027,0.0,0.0,16566.0,5734.0,1.0
mu[6452],0.008,0.04,-0.069,0.083,0.0,0.0,16660.0,6296.0,1.0
mu[6453],-0.006,0.038,-0.078,0.066,0.0,0.0,17087.0,6216.0,1.0
mu[6454],-0.013,0.037,-0.085,0.056,0.0,0.0,17218.0,6027.0,1.0
mu[6455],-0.049,0.04,-0.122,0.03,0.0,0.0,16729.0,5634.0,1.0
mu[6456],-0.07,0.046,-0.155,0.02,0.0,0.001,16155.0,5916.0,1.0
mu[6457],-0.059,0.043,-0.143,0.02,0.0,0.001,16430.0,5816.0,1.0
mu[6458],0.009,0.041,-0.068,0.085,0.0,0.0,16525.0,6271.0,1.0
mu[6459],-0.068,0.046,-0.157,0.016,0.0,0.001,16186.0,5977.0,1.0
mu[6460],-0.035,0.038,-0.105,0.039,0.0,0.0,17078.0,5470.0,1.0
mu[6461],-0.007,0.038,-0.078,0.065,0.0,0.0,17099.0,6140.0,1.0
mu[6462],-0.042,0.039,-0.113,0.034,0.0,0.0,16940.0,5344.0,1.0
mu[6463],-0.049,0.04,-0.122,0.03,0.0,0.0,16729.0,5634.0,1.0
mu[6464],-0.027,0.037,-0.097,0.044,0.0,0.0,17239.0,5634.0,1.0
mu[6465],-0.02,0.037,-0.091,0.049,0.0,0.0,17292.0,5905.0,1.0
mu[6466],-0.034,0.038,-0.104,0.04,0.0,0.0,17097.0,5431.0,1.0
mu[6467],-0.027,0.037,-0.097,0.044,0.0,0.0,17239.0,5634.0,1.0
mu[6468],0.009,0.041,-0.068,0.085,0.0,0.0,16589.0,6352.0,1.0
mu[6469],-0.039,0.039,-0.109,0.036,0.0,0.0,17026.0,5337.0,1.0
mu[6470],-0.028,0.038,-0.098,0.043,0.0,0.0,17212.0,5615.0,1.0
mu[6471],-0.008,0.038,-0.08,0.062,0.0,0.0,17130.0,5994.0,1.0
mu[6472],-0.06,0.043,-0.145,0.019,0.0,0.001,16388.0,5707.0,1.0
mu[6473],-0.037,0.038,-0.107,0.038,0.0,0.0,17055.0,5319.0,1.0
mu[6474],-0.032,0.038,-0.102,0.041,0.0,0.0,17165.0,5392.0,1.0
mu[6475],-0.07,0.046,-0.156,0.02,0.0,0.001,16123.0,5916.0,1.0
mu[6476],-0.042,0.039,-0.113,0.034,0.0,0.0,16940.0,5344.0,1.0
mu[6477],0.004,0.038,-0.07,0.073,0.0,0.001,16386.0,5661.0,1.0
mu[6478],-0.007,0.037,-0.076,0.064,0.0,0.0,16872.0,5670.0,1.0
mu[6479],0.049,0.05,-0.046,0.143,0.0,0.001,14188.0,6050.0,1.0
mu[6480],-0.029,0.037,-0.1,0.042,0.0,0.001,17092.0,5641.0,1.0
mu[6481],-0.041,0.039,-0.114,0.034,0.0,0.001,16444.0,5771.0,1.0
mu[6482],-0.003,0.037,-0.074,0.066,0.0,0.0,16722.0,5832.0,1.0
mu[6483],-0.021,0.037,-0.09,0.049,0.0,0.0,17257.0,5688.0,1.0
mu[6484],0.007,0.039,-0.068,0.077,0.0,0.001,16224.0,5672.0,1.0
mu[6485],-0.042,0.039,-0.116,0.033,0.0,0.001,16347.0,5685.0,1.0
mu[6486],-0.062,0.044,-0.144,0.021,0.0,0.001,15348.0,5503.0,1.0
mu[6487],0.015,0.04,-0.06,0.09,0.0,0.001,15787.0,5748.0,1.0
mu[6488],0.013,0.04,-0.059,0.09,0.0,0.001,15886.0,5750.0,1.0
mu[6489],0.136,0.088,-0.025,0.306,0.001,0.001,12752.0,6920.0,1.0
mu[6490],0.001,0.038,-0.071,0.071,0.0,0.0,16555.0,5557.0,1.0
mu[6491],-0.02,0.037,-0.09,0.049,0.0,0.0,17245.0,5603.0,1.0
mu[6492],-0.01,0.037,-0.077,0.062,0.0,0.0,16991.0,5636.0,1.0
mu[6493],-0.003,0.037,-0.074,0.066,0.0,0.0,16711.0,5831.0,1.0
mu[6494],-0.052,0.042,-0.132,0.024,0.0,0.001,15720.0,5459.0,1.0
mu[6495],0.034,0.045,-0.052,0.118,0.0,0.001,14768.0,6226.0,1.0
mu[6496],-0.054,0.042,-0.135,0.023,0.0,0.001,15636.0,5402.0,1.0
mu[6497],0.003,0.038,-0.071,0.072,0.0,0.0,16437.0,5660.0,1.0
mu[6498],-0.008,0.037,-0.076,0.064,0.0,0.0,16914.0,5607.0,1.0
mu[6499],0.003,0.038,-0.071,0.072,0.0,0.0,16442.0,5618.0,1.0
mu[6500],0.075,0.061,-0.036,0.191,0.001,0.001,13487.0,6760.0,1.0
mu[6501],-0.014,0.037,-0.081,0.058,0.0,0.0,17102.0,5617.0,1.0
mu[6502],0.002,0.038,-0.071,0.071,0.0,0.0,16489.0,5619.0,1.0
mu[6503],0.024,0.042,-0.056,0.102,0.0,0.001,15298.0,5945.0,1.0
mu[6504],0.002,0.038,-0.072,0.071,0.0,0.0,16522.0,5598.0,1.0
mu[6505],-0.006,0.037,-0.077,0.063,0.0,0.0,16842.0,5666.0,1.0
mu[6506],-0.019,0.037,-0.089,0.05,0.0,0.0,17229.0,5563.0,1.0
mu[6507],0.032,0.045,-0.053,0.114,0.0,0.001,14898.0,5994.0,1.0
mu[6508],-0.047,0.04,-0.125,0.027,0.0,0.001,16049.0,5479.0,1.0
mu[6509],-0.033,0.038,-0.103,0.04,0.0,0.001,16943.0,5580.0,1.0
mu[6510],-0.012,0.037,-0.08,0.059,0.0,0.0,17040.0,5575.0,1.0
mu[6511],-0.011,0.037,-0.078,0.061,0.0,0.0,17002.0,5574.0,1.0
mu[6512],-0.043,0.039,-0.116,0.033,0.0,0.001,16344.0,5685.0,1.0
mu[6513],-0.027,0.037,-0.096,0.045,0.0,0.001,17150.0,5676.0,1.0
mu[6514],-0.059,0.043,-0.143,0.02,0.0,0.001,15438.0,5329.0,1.0
mu[6515],-0.047,0.04,-0.125,0.027,0.0,0.001,16027.0,5490.0,1.0
mu[6516],-0.008,0.037,-0.076,0.064,0.0,0.0,16920.0,5607.0,1.0
mu[6517],0.002,0.038,-0.072,0.07,0.0,0.0,16527.0,5598.0,1.0
mu[6518],0.044,0.049,-0.05,0.133,0.0,0.001,14354.0,6176.0,1.0
mu[6519],-0.043,0.04,-0.117,0.032,0.0,0.001,16312.0,5685.0,1.0
mu[6520],0.013,0.04,-0.059,0.09,0.0,0.001,15905.0,5730.0,1.0
mu[6521],-0.065,0.045,-0.154,0.015,0.0,0.001,15244.0,5464.0,1.0
mu[6522],0.07,0.058,-0.038,0.18,0.001,0.001,13588.0,6403.0,1.0
mu[6523],0.007,0.039,-0.069,0.076,0.0,0.001,16236.0,5673.0,1.0
mu[6524],-0.011,0.037,-0.079,0.061,0.0,0.0,17010.0,5574.0,1.0
mu[6525],-0.018,0.037,-0.088,0.051,0.0,0.0,17208.0,5584.0,1.0
mu[6526],-0.029,0.037,-0.1,0.042,0.0,0.001,17101.0,5683.0,1.0
mu[6527],-0.06,0.044,-0.14,0.023,0.0,0.001,15414.0,5443.0,1.0
mu[6528],0.053,0.052,-0.042,0.151,0.0,0.001,14032.0,6201.0,1.0
mu[6529],-0.014,0.037,-0.081,0.058,0.0,0.0,17123.0,5617.0,1.0
mu[6530],-0.014,0.037,-0.084,0.055,0.0,0.0,17144.0,5616.0,1.0
mu[6531],-0.014,0.037,-0.081,0.058,0.0,0.0,17123.0,5617.0,1.0
mu[6532],-0.058,0.043,-0.141,0.02,0.0,0.001,15499.0,5484.0,1.0
mu[6533],-0.035,0.038,-0.107,0.038,0.0,0.001,16789.0,5642.0,1.0
mu[6534],0.006,0.039,-0.069,0.075,0.0,0.001,16263.0,5672.0,1.0
mu[6535],-0.032,0.038,-0.103,0.04,0.0,0.001,16951.0,5581.0,1.0
mu[6536],-0.04,0.039,-0.112,0.034,0.0,0.001,16531.0,5730.0,1.0
mu[6537],0.01,0.039,-0.061,0.087,0.0,0.001,16021.0,5707.0,1.0
mu[6538],-0.022,0.037,-0.091,0.048,0.0,0.0,17247.0,5707.0,1.0
mu[6539],0.017,0.041,-0.056,0.096,0.0,0.001,15678.0,5706.0,1.0
mu[6540],-0.06,0.044,-0.141,0.023,0.0,0.001,15409.0,5443.0,1.0
mu[6541],0.031,0.044,-0.053,0.112,0.0,0.001,14947.0,6018.0,1.0
mu[6542],-0.0,0.038,-0.071,0.07,0.0,0.0,16609.0,5623.0,1.0
mu[6543],0.001,0.038,-0.071,0.071,0.0,0.0,16552.0,5557.0,1.0
mu[6544],-0.022,0.037,-0.09,0.049,0.0,0.0,17251.0,5658.0,1.0
mu[6545],0.009,0.039,-0.067,0.079,0.0,0.001,16115.0,5729.0,1.0
mu[6546],-0.022,0.037,-0.09,0.049,0.0,0.0,17251.0,5658.0,1.0
mu[6547],0.001,0.038,-0.071,0.071,0.0,0.0,16552.0,5557.0,1.0
mu[6548],0.031,0.044,-0.053,0.113,0.0,0.001,14914.0,5972.0,1.0
mu[6549],-0.044,0.04,-0.119,0.031,0.0,0.001,16213.0,5601.0,1.0
mu[6550],-0.044,0.04,-0.119,0.031,0.0,0.001,16213.0,5601.0,1.0
mu[6551],-0.014,0.037,-0.081,0.058,0.0,0.0,17132.0,5596.0,1.0
mu[6552],-0.016,0.037,-0.084,0.054,0.0,0.0,17187.0,5625.0,1.0
mu[6553],-0.003,0.037,-0.074,0.066,0.0,0.0,16728.0,5832.0,1.0
mu[6554],-0.003,0.037,-0.074,0.066,0.0,0.0,16722.0,5832.0,1.0
mu[6555],-0.037,0.038,-0.108,0.037,0.0,0.001,16710.0,5773.0,1.0
mu[6556],-0.011,0.037,-0.079,0.06,0.0,0.0,17029.0,5576.0,1.0
mu[6557],-0.059,0.043,-0.143,0.02,0.0,0.001,15438.0,5329.0,1.0
mu[6558],-0.044,0.04,-0.119,0.031,0.0,0.001,16213.0,5601.0,1.0
mu[6559],-0.022,0.037,-0.09,0.049,0.0,0.0,17251.0,5658.0,1.0
mu[6560],-0.051,0.041,-0.132,0.023,0.0,0.001,15812.0,5473.0,1.0
mu[6561],0.016,0.041,-0.061,0.091,0.0,0.001,15729.0,5683.0,1.0
mu[6562],0.024,0.042,-0.056,0.102,0.0,0.001,15320.0,5897.0,1.0
mu[6563],-0.03,0.038,-0.101,0.042,0.0,0.001,17009.0,5664.0,1.0
mu[6564],-0.029,0.037,-0.1,0.042,0.0,0.001,17092.0,5641.0,1.0
mu[6565],-0.006,0.037,-0.077,0.063,0.0,0.0,16852.0,5666.0,1.0
mu[6566],0.001,0.038,-0.071,0.071,0.0,0.0,16552.0,5557.0,1.0
mu[6567],-0.059,0.043,-0.143,0.02,0.0,0.001,15438.0,5329.0,1.0
mu[6568],-0.058,0.043,-0.141,0.02,0.0,0.001,15499.0,5484.0,1.0
mu[6569],0.075,0.06,-0.037,0.19,0.001,0.001,13496.0,6672.0,1.0
mu[6570],0.001,0.038,-0.071,0.071,0.0,0.0,16552.0,5557.0,1.0
mu[6571],-0.054,0.042,-0.135,0.023,0.0,0.001,15619.0,5441.0,1.0
mu[6572],-0.04,0.039,-0.113,0.034,0.0,0.001,16553.0,5817.0,1.0
mu[6573],-0.069,0.046,-0.159,0.015,0.0,0.001,15081.0,5500.0,1.0
mu[6574],-0.037,0.038,-0.108,0.037,0.0,0.001,16710.0,5773.0,1.0
mu[6575],0.039,0.047,-0.051,0.125,0.0,0.001,14567.0,6097.0,1.0
mu[6576],-0.009,0.037,-0.076,0.063,0.0,0.0,16968.0,5656.0,1.0
mu[6577],-0.017,0.037,-0.086,0.052,0.0,0.0,17183.0,5625.0,1.0
mu[6578],-0.05,0.041,-0.129,0.025,0.0,0.001,15844.0,5472.0,1.0
mu[6579],0.015,0.04,-0.06,0.091,0.0,0.001,15776.0,5748.0,1.0
mu[6580],0.001,0.038,-0.071,0.071,0.0,0.0,16552.0,5557.0,1.0
mu[6581],-0.006,0.037,-0.077,0.063,0.0,0.0,16852.0,5666.0,1.0
mu[6582],-0.044,0.04,-0.119,0.031,0.0,0.001,16213.0,5601.0,1.0
mu[6583],-0.066,0.045,-0.155,0.015,0.0,0.001,15197.0,5464.0,1.0
mu[6584],-0.055,0.042,-0.134,0.025,0.0,0.001,15580.0,5523.0,1.0
mu[6585],0.017,0.041,-0.056,0.096,0.0,0.001,15682.0,5685.0,1.0
mu[6586],-0.064,0.045,-0.149,0.019,0.0,0.001,15277.0,5544.0,1.0
mu[6587],-0.03,0.038,-0.101,0.041,0.0,0.001,17035.0,5600.0,1.0
mu[6588],0.0,0.038,-0.072,0.069,0.0,0.0,16578.0,5554.0,1.0
mu[6589],-0.037,0.038,-0.108,0.037,0.0,0.001,16710.0,5773.0,1.0
mu[6590],-0.044,0.04,-0.119,0.031,0.0,0.001,16213.0,5601.0,1.0
mu[6591],-0.022,0.037,-0.09,0.049,0.0,0.0,17251.0,5658.0,1.0
mu[6592],-0.014,0.037,-0.081,0.058,0.0,0.0,17132.0,5596.0,1.0
mu[6593],-0.029,0.037,-0.1,0.042,0.0,0.001,17092.0,5641.0,1.0
mu[6594],-0.022,0.037,-0.09,0.049,0.0,0.0,17251.0,5658.0,1.0
mu[6595],0.016,0.041,-0.061,0.091,0.0,0.001,15729.0,5683.0,1.0
mu[6596],-0.034,0.038,-0.104,0.04,0.0,0.001,16886.0,5540.0,1.0
mu[6597],-0.023,0.037,-0.092,0.047,0.0,0.0,17236.0,5707.0,1.0
mu[6598],-0.001,0.038,-0.072,0.069,0.0,0.0,16658.0,5666.0,1.0
mu[6599],-0.056,0.043,-0.14,0.02,0.0,0.001,15531.0,5504.0,1.0
mu[6600],-0.032,0.038,-0.102,0.041,0.0,0.001,16983.0,5581.0,1.0
mu[6601],-0.026,0.037,-0.095,0.046,0.0,0.0,17180.0,5719.0,1.0
mu[6602],-0.067,0.046,-0.157,0.014,0.0,0.001,15155.0,5425.0,1.0
mu[6603],-0.037,0.038,-0.108,0.037,0.0,0.001,16710.0,5773.0,1.0
mu[6604],-0.033,0.039,-0.105,0.041,0.0,0.001,16259.0,5921.0,1.0
mu[6605],-0.041,0.038,-0.115,0.027,0.0,0.0,16272.0,5854.0,1.0
mu[6606],-0.001,0.051,-0.102,0.088,0.0,0.001,15550.0,6392.0,1.0
mu[6607],-0.057,0.039,-0.129,0.016,0.0,0.0,15933.0,5409.0,1.0
mu[6608],-0.065,0.04,-0.14,0.012,0.0,0.0,15617.0,5928.0,1.0
mu[6609],-0.038,0.038,-0.108,0.035,0.0,0.0,16278.0,6023.0,1.0
mu[6610],-0.051,0.038,-0.125,0.018,0.0,0.0,16132.0,5915.0,1.0
mu[6611],-0.031,0.04,-0.104,0.044,0.0,0.001,16235.0,6241.0,1.0
mu[6612],-0.066,0.041,-0.142,0.011,0.0,0.0,15577.0,5997.0,1.0
mu[6613],-0.08,0.045,-0.165,0.005,0.0,0.001,15058.0,6301.0,1.0
mu[6614],-0.025,0.041,-0.099,0.055,0.0,0.001,16116.0,6347.0,1.0
mu[6615],-0.026,0.041,-0.099,0.053,0.0,0.001,16147.0,6357.0,1.0
mu[6616],0.061,0.088,-0.109,0.222,0.001,0.001,14769.0,6737.0,1.0
mu[6617],-0.035,0.039,-0.107,0.038,0.0,0.0,16277.0,6008.0,1.0
mu[6618],-0.05,0.038,-0.124,0.018,0.0,0.0,16174.0,6015.0,1.0
mu[6619],-0.043,0.038,-0.118,0.024,0.0,0.0,16269.0,5867.0,1.0
mu[6620],-0.038,0.038,-0.111,0.032,0.0,0.0,16281.0,5963.0,1.0
mu[6621],-0.073,0.043,-0.153,0.008,0.0,0.001,15319.0,6175.0,1.0
mu[6622],-0.011,0.046,-0.098,0.074,0.0,0.001,15763.0,6628.0,1.0
mu[6623],-0.074,0.043,-0.153,0.009,0.0,0.001,15285.0,6200.0,1.0
mu[6624],-0.034,0.039,-0.108,0.038,0.0,0.0,16260.0,5896.0,1.0
mu[6625],-0.041,0.038,-0.114,0.028,0.0,0.0,16276.0,5921.0,1.0
mu[6626],-0.034,0.039,-0.108,0.038,0.0,0.0,16265.0,5896.0,1.0
mu[6627],0.018,0.061,-0.092,0.136,0.0,0.001,15161.0,6619.0,1.0
mu[6628],-0.046,0.038,-0.119,0.023,0.0,0.0,16243.0,5869.0,1.0
mu[6629],-0.034,0.039,-0.108,0.038,0.0,0.0,16274.0,6053.0,1.0
mu[6630],-0.019,0.043,-0.098,0.064,0.0,0.001,15969.0,6388.0,1.0
mu[6631],-0.035,0.039,-0.108,0.037,0.0,0.0,16275.0,6081.0,1.0
mu[6632],-0.04,0.038,-0.114,0.028,0.0,0.0,16269.0,5901.0,1.0
mu[6633],-0.049,0.038,-0.122,0.02,0.0,0.0,16188.0,5979.0,1.0
mu[6634],-0.013,0.045,-0.097,0.072,0.0,0.001,15820.0,6642.0,1.0
mu[6635],-0.069,0.042,-0.143,0.014,0.0,0.0,15461.0,6039.0,1.0
mu[6636],-0.059,0.039,-0.133,0.014,0.0,0.0,15858.0,5425.0,1.0
mu[6637],-0.044,0.038,-0.118,0.023,0.0,0.0,16276.0,5866.0,1.0
mu[6638],-0.043,0.038,-0.118,0.024,0.0,0.0,16271.0,5822.0,1.0
mu[6639],-0.066,0.041,-0.142,0.011,0.0,0.0,15575.0,5997.0,1.0
mu[6640],-0.055,0.039,-0.128,0.017,0.0,0.0,15991.0,5591.0,1.0
mu[6641],-0.078,0.045,-0.162,0.005,0.0,0.001,15127.0,6205.0,1.0
mu[6642],-0.069,0.042,-0.143,0.013,0.0,0.0,15447.0,6039.0,1.0
mu[6643],-0.041,0.038,-0.115,0.028,0.0,0.0,16274.0,5921.0,1.0
mu[6644],-0.035,0.039,-0.107,0.038,0.0,0.0,16276.0,6081.0,1.0
mu[6645],-0.005,0.049,-0.1,0.083,0.0,0.001,15629.0,6529.0,1.0
mu[6646],-0.067,0.041,-0.142,0.011,0.0,0.0,15555.0,6094.0,1.0
mu[6647],-0.027,0.041,-0.101,0.051,0.0,0.001,16152.0,6331.0,1.0
mu[6648],-0.082,0.046,-0.165,0.009,0.0,0.001,14977.0,6199.0,1.0
mu[6649],0.014,0.059,-0.1,0.12,0.0,0.001,15217.0,6561.0,1.0
mu[6650],-0.031,0.039,-0.104,0.043,0.0,0.001,16237.0,6298.0,1.0
mu[6651],-0.044,0.038,-0.118,0.024,0.0,0.0,16274.0,5822.0,1.0
mu[6652],-0.049,0.038,-0.123,0.019,0.0,0.0,16200.0,6097.0,1.0
mu[6653],-0.056,0.039,-0.129,0.017,0.0,0.0,15940.0,5467.0,1.0
mu[6654],-0.079,0.045,-0.161,0.007,0.0,0.001,15110.0,6248.0,1.0
mu[6655],0.002,0.052,-0.101,0.094,0.0,0.001,15476.0,6424.0,1.0
mu[6656],-0.046,0.038,-0.12,0.023,0.0,0.0,16242.0,5831.0,1.0
mu[6657],-0.046,0.038,-0.12,0.022,0.0,0.0,16245.0,5894.0,1.0
mu[6658],-0.046,0.038,-0.12,0.023,0.0,0.0,16242.0,5831.0,1.0
mu[6659],-0.077,0.044,-0.16,0.006,0.0,0.001,15157.0,6187.0,1.0
mu[6660],-0.061,0.04,-0.137,0.012,0.0,0.0,15789.0,5385.0,1.0
mu[6661],-0.032,0.039,-0.103,0.044,0.0,0.001,16245.0,6240.0,1.0
mu[6662],-0.059,0.039,-0.132,0.015,0.0,0.0,15869.0,5472.0,1.0
mu[6663],-0.064,0.04,-0.139,0.012,0.0,0.0,15650.0,5802.0,1.0
mu[6664],-0.028,0.04,-0.103,0.047,0.0,0.001,16194.0,6296.0,1.0
mu[6665],-0.052,0.038,-0.122,0.021,0.0,0.0,16110.0,5968.0,1.0
mu[6666],-0.024,0.041,-0.099,0.055,0.0,0.001,16092.0,6296.0,1.0
mu[6667],-0.079,0.045,-0.162,0.007,0.0,0.001,15100.0,6274.0,1.0
mu[6668],-0.014,0.045,-0.098,0.07,0.0,0.001,15835.0,6670.0,1.0
mu[6669],-0.036,0.039,-0.11,0.034,0.0,0.0,16288.0,6022.0,1.0
mu[6670],-0.035,0.039,-0.107,0.038,0.0,0.0,16278.0,6008.0,1.0
mu[6671],-0.051,0.038,-0.125,0.018,0.0,0.0,16121.0,5945.0,1.0
mu[6672],-0.03,0.04,-0.103,0.046,0.0,0.001,16203.0,6218.0,1.0
mu[6673],-0.051,0.038,-0.125,0.018,0.0,0.0,16121.0,5945.0,1.0
mu[6674],-0.035,0.039,-0.107,0.038,0.0,0.0,16278.0,6008.0,1.0
mu[6675],-0.014,0.045,-0.098,0.07,0.0,0.001,15825.0,6626.0,1.0
mu[6676],-0.067,0.041,-0.141,0.014,0.0,0.0,15522.0,6066.0,1.0
mu[6677],-0.067,0.041,-0.141,0.014,0.0,0.0,15522.0,6066.0,1.0
mu[6678],-0.046,0.038,-0.12,0.022,0.0,0.0,16241.0,5848.0,1.0
mu[6679],-0.047,0.038,-0.122,0.02,0.0,0.0,16224.0,6051.0,1.0
mu[6680],-0.038,0.038,-0.112,0.031,0.0,0.0,16278.0,6023.0,1.0
mu[6681],-0.038,0.038,-0.108,0.035,0.0,0.0,16278.0,6023.0,1.0
mu[6682],-0.062,0.04,-0.137,0.012,0.0,0.0,15762.0,5608.0,1.0
mu[6683],-0.044,0.038,-0.118,0.023,0.0,0.0,16272.0,5821.0,1.0
mu[6684],-0.078,0.045,-0.162,0.005,0.0,0.001,15127.0,6205.0,1.0
mu[6685],-0.067,0.041,-0.141,0.014,0.0,0.0,15522.0,6066.0,1.0
mu[6686],-0.051,0.038,-0.125,0.018,0.0,0.0,16121.0,5945.0,1.0
mu[6687],-0.072,0.042,-0.149,0.011,0.0,0.001,15356.0,6199.0,1.0
mu[6688],-0.024,0.041,-0.099,0.055,0.0,0.001,16108.0,6322.0,1.0
mu[6689],-0.019,0.043,-0.098,0.063,0.0,0.001,15971.0,6417.0,1.0
mu[6690],-0.058,0.039,-0.13,0.016,0.0,0.0,15914.0,5384.0,1.0
mu[6691],-0.057,0.039,-0.129,0.016,0.0,0.0,15933.0,5409.0,1.0
mu[6692],-0.04,0.038,-0.114,0.028,0.0,0.0,16272.0,5832.0,1.0
mu[6693],-0.035,0.039,-0.107,0.038,0.0,0.0,16278.0,6008.0,1.0
mu[6694],-0.078,0.045,-0.162,0.005,0.0,0.001,15127.0,6205.0,1.0
mu[6695],-0.077,0.044,-0.16,0.006,0.0,0.001,15157.0,6187.0,1.0
mu[6696],0.017,0.061,-0.094,0.133,0.0,0.001,15165.0,6590.0,1.0
mu[6697],-0.035,0.039,-0.107,0.038,0.0,0.0,16278.0,6008.0,1.0
mu[6698],-0.074,0.043,-0.155,0.006,0.0,0.001,15262.0,6137.0,1.0
mu[6699],-0.064,0.04,-0.139,0.012,0.0,0.0,15664.0,5802.0,1.0
mu[6700],-0.085,0.048,-0.169,0.01,0.0,0.001,14878.0,6338.0,1.0
mu[6701],-0.062,0.04,-0.137,0.012,0.0,0.0,15762.0,5608.0,1.0
mu[6702],-0.008,0.047,-0.096,0.081,0.0,0.001,15692.0,6491.0,1.0
mu[6703],-0.042,0.038,-0.116,0.026,0.0,0.0,16273.0,5975.0,1.0
mu[6704],-0.048,0.038,-0.122,0.02,0.0,0.0,16221.0,6023.0,1.0
mu[6705],-0.071,0.042,-0.148,0.011,0.0,0.001,15382.0,6120.0,1.0
mu[6706],-0.025,0.041,-0.099,0.054,0.0,0.001,16116.0,6347.0,1.0
mu[6707],-0.035,0.039,-0.107,0.038,0.0,0.0,16278.0,6008.0,1.0
mu[6708],-0.04,0.038,-0.114,0.028,0.0,0.0,16272.0,5832.0,1.0
mu[6709],-0.067,0.041,-0.141,0.014,0.0,0.0,15522.0,6066.0,1.0
mu[6710],-0.083,0.047,-0.165,0.01,0.0,0.001,14943.0,6225.0,1.0
mu[6711],-0.075,0.044,-0.156,0.007,0.0,0.001,15234.0,6138.0,1.0
mu[6712],-0.024,0.041,-0.1,0.055,0.0,0.001,16094.0,6295.0,1.0
mu[6713],-0.082,0.046,-0.164,0.009,0.0,0.001,14997.0,6224.0,1.0
mu[6714],-0.057,0.039,-0.13,0.016,0.0,0.0,15916.0,5366.0,1.0
mu[6715],-0.036,0.039,-0.109,0.035,0.0,0.0,16292.0,6033.0,1.0
mu[6716],-0.062,0.04,-0.137,0.012,0.0,0.0,15762.0,5608.0,1.0
mu[6717],-0.067,0.041,-0.141,0.014,0.0,0.0,15522.0,6066.0,1.0
mu[6718],-0.051,0.038,-0.125,0.018,0.0,0.0,16121.0,5945.0,1.0
mu[6719],-0.046,0.038,-0.12,0.022,0.0,0.0,16241.0,5848.0,1.0
mu[6720],-0.057,0.039,-0.129,0.016,0.0,0.0,15933.0,5409.0,1.0
mu[6721],-0.051,0.038,-0.125,0.018,0.0,0.0,16121.0,5945.0,1.0
mu[6722],-0.024,0.041,-0.099,0.055,0.0,0.001,16108.0,6322.0,1.0
mu[6723],-0.06,0.039,-0.132,0.016,0.0,0.0,15830.0,5366.0,1.0
mu[6724],-0.052,0.038,-0.123,0.021,0.0,0.0,16100.0,5938.0,1.0
mu[6725],-0.037,0.039,-0.11,0.034,0.0,0.0,16290.0,6066.0,1.0
mu[6726],-0.076,0.044,-0.158,0.006,0.0,0.001,15203.0,6137.0,1.0
mu[6727],-0.058,0.039,-0.131,0.016,0.0,0.0,15887.0,5356.0,1.0
mu[6728],-0.055,0.038,-0.126,0.019,0.0,0.0,16028.0,5849.0,1.0
mu[6729],-0.083,0.047,-0.167,0.01,0.0,0.001,14922.0,6284.0,1.0
mu[6730],-0.062,0.04,-0.137,0.012,0.0,0.0,15762.0,5608.0,1.0
mu[6731],0.002,0.039,-0.073,0.074,0.0,0.0,15863.0,5896.0,1.0
mu[6732],-0.009,0.038,-0.08,0.063,0.0,0.0,16395.0,5785.0,1.0
mu[6733],0.046,0.051,-0.05,0.141,0.0,0.001,13578.0,6617.0,1.0
mu[6734],-0.031,0.039,-0.102,0.042,0.0,0.0,16509.0,5969.0,1.0
mu[6735],-0.043,0.04,-0.121,0.029,0.0,0.001,15473.0,6011.0,1.0
mu[6736],-0.005,0.038,-0.08,0.064,0.0,0.0,16212.0,5711.0,1.0
mu[6737],-0.023,0.038,-0.094,0.048,0.0,0.0,16660.0,5823.0,1.0
mu[6738],0.005,0.04,-0.072,0.077,0.0,0.0,15690.0,5830.0,1.0
mu[6739],-0.044,0.041,-0.123,0.028,0.0,0.001,15395.0,6011.0,1.0
mu[6740],-0.063,0.045,-0.149,0.018,0.0,0.001,14199.0,5638.0,1.0
mu[6741],0.013,0.041,-0.066,0.088,0.0,0.001,15203.0,6190.0,1.0
mu[6742],0.011,0.041,-0.068,0.085,0.0,0.001,15317.0,6018.0,1.0
mu[6743],0.133,0.088,-0.023,0.308,0.001,0.001,12022.0,6211.0,1.0
mu[6744],-0.001,0.039,-0.075,0.071,0.0,0.0,16018.0,5759.0,1.0
mu[6745],-0.022,0.038,-0.093,0.049,0.0,0.0,16648.0,5735.0,1.0
mu[6746],-0.012,0.038,-0.082,0.06,0.0,0.0,16512.0,5783.0,1.0
mu[6747],-0.005,0.038,-0.08,0.065,0.0,0.0,16203.0,5711.0,1.0
mu[6748],-0.054,0.043,-0.137,0.021,0.0,0.001,14787.0,5837.0,1.0
mu[6749],0.032,0.046,-0.053,0.119,0.0,0.001,14165.0,6317.0,1.0
mu[6750],-0.055,0.043,-0.139,0.02,0.0,0.001,14700.0,5791.0,1.0
mu[6751],0.001,0.039,-0.074,0.073,0.0,0.0,15905.0,5919.0,1.0
mu[6752],-0.01,0.038,-0.081,0.062,0.0,0.0,16409.0,5830.0,1.0
mu[6753],0.001,0.039,-0.074,0.073,0.0,0.0,15910.0,5919.0,1.0
mu[6754],0.073,0.061,-0.042,0.187,0.001,0.001,12912.0,6470.0,1.0
mu[6755],-0.016,0.038,-0.086,0.056,0.0,0.0,16608.0,5821.0,1.0
mu[6756],0.0,0.039,-0.075,0.072,0.0,0.0,15954.0,5848.0,1.0
mu[6757],0.022,0.043,-0.06,0.103,0.0,0.001,14662.0,6212.0,1.0
mu[6758],-0.0,0.039,-0.074,0.072,0.0,0.0,15986.0,5804.0,1.0
mu[6759],-0.008,0.038,-0.08,0.064,0.0,0.0,16362.0,5760.0,1.0
mu[6760],-0.021,0.038,-0.091,0.05,0.0,0.0,16639.0,5800.0,1.0
mu[6761],0.029,0.045,-0.055,0.115,0.0,0.001,14281.0,6318.0,1.0
mu[6762],-0.048,0.041,-0.128,0.025,0.0,0.001,15141.0,5983.0,1.0
mu[6763],-0.035,0.039,-0.109,0.037,0.0,0.0,16191.0,5875.0,1.0
mu[6764],-0.014,0.038,-0.083,0.059,0.0,0.0,16575.0,5804.0,1.0
mu[6765],-0.013,0.038,-0.083,0.06,0.0,0.0,16531.0,5783.0,1.0
mu[6766],-0.044,0.041,-0.123,0.028,0.0,0.001,15388.0,6011.0,1.0
mu[6767],-0.029,0.038,-0.103,0.04,0.0,0.0,16547.0,5957.0,1.0
mu[6768],-0.061,0.045,-0.145,0.02,0.0,0.001,14350.0,5701.0,1.0
mu[6769],-0.049,0.041,-0.129,0.025,0.0,0.001,15123.0,5983.0,1.0
mu[6770],-0.01,0.038,-0.081,0.062,0.0,0.0,16410.0,5830.0,1.0
mu[6771],-0.001,0.039,-0.074,0.072,0.0,0.0,15994.0,5803.0,1.0
mu[6772],0.042,0.049,-0.049,0.135,0.0,0.001,13756.0,6560.0,1.0
mu[6773],-0.045,0.041,-0.124,0.027,0.0,0.001,15351.0,5988.0,1.0
mu[6774],0.011,0.041,-0.069,0.084,0.0,0.001,15338.0,5994.0,1.0
mu[6775],-0.067,0.046,-0.152,0.018,0.0,0.001,14005.0,5637.0,1.0
mu[6776],0.067,0.059,-0.037,0.183,0.001,0.001,13016.0,6226.0,1.0
mu[6777],0.004,0.04,-0.072,0.076,0.0,0.0,15699.0,5785.0,1.0
mu[6778],-0.013,0.038,-0.086,0.057,0.0,0.0,16538.0,5783.0,1.0
mu[6779],-0.02,0.038,-0.09,0.051,0.0,0.0,16627.0,5800.0,1.0
mu[6780],-0.031,0.039,-0.104,0.04,0.0,0.0,16514.0,5969.0,1.0
mu[6781],-0.062,0.045,-0.146,0.019,0.0,0.001,14307.0,5670.0,1.0
mu[6782],0.05,0.052,-0.046,0.151,0.0,0.001,13433.0,6535.0,1.0
mu[6783],-0.016,0.038,-0.086,0.056,0.0,0.0,16607.0,5821.0,1.0
mu[6784],-0.016,0.038,-0.087,0.055,0.0,0.0,16616.0,5845.0,1.0
mu[6785],-0.016,0.038,-0.086,0.056,0.0,0.0,16607.0,5821.0,1.0
mu[6786],-0.06,0.044,-0.143,0.02,0.0,0.001,14447.0,5659.0,1.0
mu[6787],-0.037,0.039,-0.111,0.036,0.0,0.001,15920.0,6000.0,1.0
mu[6788],0.004,0.04,-0.072,0.076,0.0,0.0,15738.0,5763.0,1.0
mu[6789],-0.034,0.039,-0.108,0.037,0.0,0.0,16227.0,5853.0,1.0
mu[6790],-0.042,0.04,-0.12,0.029,0.0,0.001,15533.0,6121.0,1.0
mu[6791],0.008,0.04,-0.069,0.081,0.0,0.001,15489.0,5906.0,1.0
mu[6792],-0.024,0.038,-0.094,0.048,0.0,0.0,16644.0,5936.0,1.0
mu[6793],0.015,0.042,-0.064,0.091,0.0,0.001,15080.0,6241.0,1.0
mu[6794],-0.062,0.045,-0.147,0.019,0.0,0.001,14295.0,5670.0,1.0
mu[6795],0.028,0.045,-0.055,0.114,0.0,0.001,14318.0,6239.0,1.0
mu[6796],-0.003,0.039,-0.076,0.069,0.0,0.0,16082.0,5776.0,1.0
mu[6797],-0.001,0.039,-0.075,0.071,0.0,0.0,16010.0,5759.0,1.0
mu[6798],-0.023,0.038,-0.093,0.049,0.0,0.0,16654.0,5823.0,1.0
mu[6799],0.007,0.04,-0.07,0.079,0.0,0.001,15571.0,5830.0,1.0
mu[6800],-0.023,0.038,-0.093,0.049,0.0,0.0,16654.0,5823.0,1.0
mu[6801],-0.001,0.039,-0.075,0.071,0.0,0.0,16010.0,5759.0,1.0
mu[6802],0.029,0.045,-0.054,0.115,0.0,0.001,14291.0,6291.0,1.0
mu[6803],-0.046,0.041,-0.125,0.027,0.0,0.001,15274.0,6036.0,1.0
mu[6804],-0.046,0.041,-0.125,0.027,0.0,0.001,15274.0,6036.0,1.0
mu[6805],-0.016,0.038,-0.086,0.056,0.0,0.0,16612.0,5844.0,1.0
mu[6806],-0.018,0.038,-0.088,0.053,0.0,0.0,16630.0,5801.0,1.0
mu[6807],-0.005,0.038,-0.079,0.066,0.0,0.0,16222.0,5732.0,1.0
mu[6808],-0.005,0.038,-0.08,0.064,0.0,0.0,16212.0,5711.0,1.0
mu[6809],-0.038,0.04,-0.114,0.034,0.0,0.001,15808.0,6000.0,1.0
mu[6810],-0.013,0.038,-0.086,0.056,0.0,0.0,16558.0,5805.0,1.0
mu[6811],-0.061,0.045,-0.145,0.02,0.0,0.001,14350.0,5701.0,1.0
mu[6812],-0.046,0.041,-0.125,0.027,0.0,0.001,15274.0,6036.0,1.0
mu[6813],-0.023,0.038,-0.093,0.049,0.0,0.0,16654.0,5823.0,1.0
mu[6814],-0.052,0.042,-0.135,0.022,0.0,0.001,14876.0,5814.0,1.0
mu[6815],0.014,0.041,-0.064,0.09,0.0,0.001,15136.0,6190.0,1.0
mu[6816],0.022,0.043,-0.061,0.102,0.0,0.001,14682.0,6212.0,1.0
mu[6817],-0.032,0.039,-0.104,0.04,0.0,0.0,16411.0,5877.0,1.0
mu[6818],-0.031,0.039,-0.102,0.042,0.0,0.0,16509.0,5969.0,1.0
mu[6819],-0.008,0.038,-0.08,0.064,0.0,0.0,16373.0,5805.0,1.0
mu[6820],-0.001,0.039,-0.075,0.071,0.0,0.0,16010.0,5759.0,1.0
mu[6821],-0.061,0.045,-0.145,0.02,0.0,0.001,14350.0,5701.0,1.0
mu[6822],-0.06,0.044,-0.143,0.02,0.0,0.001,14447.0,5659.0,1.0
mu[6823],0.072,0.061,-0.035,0.193,0.001,0.001,12919.0,6447.0,1.0
mu[6824],-0.001,0.039,-0.075,0.071,0.0,0.0,16010.0,5759.0,1.0
mu[6825],-0.056,0.043,-0.14,0.02,0.0,0.001,14674.0,5813.0,1.0
mu[6826],-0.041,0.04,-0.119,0.03,0.0,0.001,15567.0,6079.0,1.0
mu[6827],-0.07,0.047,-0.157,0.018,0.0,0.001,13783.0,5785.0,1.0
mu[6828],-0.038,0.04,-0.114,0.034,0.0,0.001,15808.0,6000.0,1.0
mu[6829],0.037,0.047,-0.05,0.128,0.0,0.001,13963.0,6505.0,1.0
mu[6830],-0.011,0.038,-0.083,0.06,0.0,0.0,16476.0,5827.0,1.0
mu[6831],-0.019,0.038,-0.089,0.053,0.0,0.0,16630.0,5800.0,1.0
mu[6832],-0.052,0.042,-0.134,0.022,0.0,0.001,14918.0,5792.0,1.0
mu[6833],0.013,0.041,-0.065,0.089,0.0,0.001,15194.0,6165.0,1.0
mu[6834],-0.001,0.039,-0.075,0.071,0.0,0.0,16010.0,5759.0,1.0
mu[6835],-0.008,0.038,-0.08,0.064,0.0,0.0,16373.0,5805.0,1.0
mu[6836],-0.046,0.041,-0.125,0.027,0.0,0.001,15274.0,6036.0,1.0
mu[6837],-0.068,0.047,-0.154,0.018,0.0,0.001,13935.0,5682.0,1.0
mu[6838],-0.057,0.043,-0.142,0.019,0.0,0.001,14614.0,5790.0,1.0
mu[6839],0.015,0.042,-0.065,0.091,0.0,0.001,15082.0,6241.0,1.0
mu[6840],-0.066,0.046,-0.149,0.021,0.0,0.001,14049.0,5680.0,1.0
mu[6841],-0.032,0.039,-0.103,0.041,0.0,0.0,16455.0,5969.0,1.0
mu[6842],-0.002,0.039,-0.075,0.07,0.0,0.0,16045.0,5738.0,1.0
mu[6843],-0.038,0.04,-0.114,0.034,0.0,0.001,15808.0,6000.0,1.0
mu[6844],-0.046,0.041,-0.125,0.027,0.0,0.001,15274.0,6036.0,1.0
mu[6845],-0.023,0.038,-0.093,0.049,0.0,0.0,16654.0,5823.0,1.0
mu[6846],-0.016,0.038,-0.086,0.056,0.0,0.0,16612.0,5844.0,1.0
mu[6847],-0.031,0.039,-0.102,0.042,0.0,0.0,16509.0,5969.0,1.0
mu[6848],-0.023,0.038,-0.093,0.049,0.0,0.0,16654.0,5823.0,1.0
mu[6849],0.014,0.041,-0.064,0.09,0.0,0.001,15136.0,6190.0,1.0
mu[6850],-0.036,0.039,-0.109,0.037,0.0,0.0,16087.0,6042.0,1.0
mu[6851],-0.025,0.038,-0.097,0.045,0.0,0.0,16653.0,5982.0,1.0
mu[6852],-0.003,0.039,-0.076,0.069,0.0,0.0,16124.0,5799.0,1.0
mu[6853],-0.058,0.044,-0.142,0.021,0.0,0.001,14548.0,5659.0,1.0
mu[6854],-0.034,0.039,-0.108,0.037,0.0,0.0,16288.0,5854.0,1.0
mu[6855],-0.028,0.038,-0.102,0.04,0.0,0.0,16574.0,5979.0,1.0
mu[6856],-0.069,0.047,-0.156,0.017,0.0,0.001,13890.0,5667.0,1.0
mu[6857],-0.038,0.04,-0.114,0.034,0.0,0.001,15808.0,6000.0,1.0
mu[6858],-0.045,0.042,-0.123,0.035,0.0,0.001,15799.0,6604.0,1.0
mu[6859],-0.031,0.038,-0.101,0.041,0.0,0.001,19526.0,5905.0,1.0
mu[6860],-0.105,0.078,-0.248,0.043,0.001,0.001,9384.0,6125.0,1.0
mu[6861],-0.002,0.04,-0.078,0.072,0.0,0.0,17127.0,5781.0,1.0
mu[6862],0.014,0.047,-0.074,0.101,0.0,0.001,13354.0,6833.0,1.0
mu[6863],-0.036,0.039,-0.107,0.04,0.0,0.001,18288.0,6308.0,1.0
mu[6864],-0.012,0.038,-0.086,0.055,0.0,0.001,20047.0,5432.0,1.0
mu[6865],-0.049,0.044,-0.135,0.029,0.0,0.001,14810.0,7217.0,1.0
mu[6866],0.016,0.048,-0.074,0.104,0.0,0.001,13035.0,6832.0,1.0
mu[6867],0.042,0.063,-0.079,0.157,0.001,0.001,10391.0,6518.0,1.0
mu[6868],-0.06,0.049,-0.155,0.029,0.0,0.001,12578.0,7245.0,1.0
mu[6869],-0.058,0.048,-0.147,0.032,0.0,0.001,12997.0,7261.0,1.0
mu[6870],-0.22,0.166,-0.527,0.096,0.002,0.002,8268.0,5364.0,1.0
mu[6871],-0.042,0.041,-0.116,0.036,0.0,0.001,16749.0,6577.0,1.0
mu[6872],-0.014,0.038,-0.085,0.055,0.0,0.001,20390.0,5471.0,1.0
mu[6873],-0.027,0.038,-0.097,0.042,0.0,0.001,20319.0,5613.0,1.0
mu[6874],-0.036,0.039,-0.107,0.04,0.0,0.001,18210.0,6282.0,1.0
mu[6875],0.029,0.055,-0.072,0.133,0.001,0.001,11382.0,6720.0,1.0
mu[6876],-0.086,0.065,-0.209,0.033,0.001,0.001,10147.0,6815.0,1.0
mu[6877],0.031,0.056,-0.074,0.136,0.001,0.001,11213.0,6634.0,1.0
mu[6878],-0.044,0.042,-0.121,0.035,0.0,0.001,16004.0,6762.0,1.0
mu[6879],-0.03,0.038,-0.101,0.041,0.0,0.001,19699.0,5727.0,1.0
mu[6880],-0.044,0.042,-0.121,0.035,0.0,0.001,16025.0,6762.0,1.0
mu[6881],-0.14,0.104,-0.329,0.06,0.001,0.001,8897.0,5420.0,1.0
mu[6882],-0.022,0.037,-0.088,0.051,0.0,0.001,20825.0,5598.0,1.0
mu[6883],-0.043,0.041,-0.12,0.035,0.0,0.001,16296.0,6636.0,1.0
mu[6884],-0.072,0.056,-0.176,0.033,0.001,0.001,11131.0,6840.0,1.0
mu[6885],-0.043,0.041,-0.118,0.035,0.0,0.001,16457.0,6635.0,1.0
mu[6886],-0.032,0.038,-0.101,0.041,0.0,0.001,19342.0,5916.0,1.0
mu[6887],-0.015,0.037,-0.085,0.054,0.0,0.001,20567.0,5493.0,1.0
mu[6888],-0.082,0.062,-0.2,0.033,0.001,0.001,10359.0,6812.0,1.0
mu[6889],0.022,0.051,-0.071,0.118,0.0,0.001,12247.0,6992.0,1.0
mu[6890],0.003,0.042,-0.078,0.079,0.0,0.0,15851.0,6280.0,1.0
mu[6891],-0.025,0.037,-0.093,0.046,0.0,0.001,20595.0,5563.0,1.0
mu[6892],-0.026,0.037,-0.097,0.042,0.0,0.001,20418.0,5688.0,1.0
mu[6893],0.016,0.048,-0.074,0.104,0.0,0.001,13020.0,6832.0,1.0
mu[6894],-0.004,0.04,-0.079,0.068,0.0,0.0,17788.0,5649.0,1.0
mu[6895],0.038,0.061,-0.077,0.151,0.001,0.001,10601.0,6550.0,1.0
mu[6896],0.022,0.051,-0.071,0.119,0.0,0.001,12202.0,6992.0,1.0
mu[6897],-0.03,0.038,-0.101,0.041,0.0,0.001,19721.0,5663.0,1.0
mu[6898],-0.042,0.041,-0.119,0.034,0.0,0.001,16523.0,6606.0,1.0
mu[6899],-0.098,0.073,-0.233,0.042,0.001,0.001,9578.0,6101.0,1.0
mu[6900],0.017,0.048,-0.076,0.104,0.0,0.001,12919.0,6714.0,1.0
mu[6901],-0.057,0.048,-0.146,0.032,0.0,0.001,13084.0,7317.0,1.0
mu[6902],0.046,0.065,-0.077,0.169,0.001,0.001,10148.0,6294.0,1.0
mu[6903],-0.133,0.098,-0.315,0.055,0.001,0.001,8963.0,5458.0,1.0
mu[6904],-0.049,0.044,-0.134,0.029,0.0,0.001,14881.0,7321.0,1.0
mu[6905],-0.026,0.037,-0.094,0.045,0.0,0.001,20467.0,5667.0,1.0
mu[6906],-0.016,0.037,-0.088,0.05,0.0,0.001,20652.0,5578.0,1.0
mu[6907],-0.002,0.04,-0.078,0.072,0.0,0.0,17240.0,5825.0,1.0
mu[6908],0.039,0.061,-0.077,0.153,0.001,0.001,10544.0,6607.0,1.0
mu[6909],-0.11,0.082,-0.26,0.045,0.001,0.001,9269.0,6098.0,1.0
mu[6910],-0.022,0.037,-0.088,0.051,0.0,0.001,20857.0,5619.0,1.0
mu[6911],-0.021,0.037,-0.087,0.051,0.0,0.001,20892.0,5577.0,1.0
mu[6912],-0.022,0.037,-0.088,0.051,0.0,0.001,20857.0,5619.0,1.0
mu[6913],0.036,0.059,-0.074,0.149,0.001,0.001,10746.0,6578.0,1.0
mu[6914],0.007,0.043,-0.078,0.084,0.0,0.001,14862.0,6384.0,1.0
mu[6915],-0.048,0.043,-0.132,0.03,0.0,0.001,15083.0,7219.0,1.0
mu[6916],0.002,0.042,-0.077,0.079,0.0,0.0,15999.0,6188.0,1.0
mu[6917],0.013,0.046,-0.075,0.097,0.0,0.001,13587.0,6800.0,1.0
mu[6918],-0.054,0.046,-0.14,0.032,0.0,0.001,13701.0,7304.0,1.0
mu[6919],-0.011,0.038,-0.082,0.059,0.0,0.001,19735.0,5455.0,1.0
mu[6920],-0.063,0.051,-0.16,0.029,0.0,0.001,12189.0,7177.0,1.0
mu[6921],0.04,0.061,-0.075,0.155,0.001,0.001,10525.0,6512.0,1.0
mu[6922],-0.081,0.062,-0.198,0.032,0.001,0.001,10437.0,6922.0,1.0
mu[6923],-0.04,0.04,-0.111,0.039,0.0,0.001,17325.0,6485.0,1.0
mu[6924],-0.042,0.041,-0.117,0.036,0.0,0.001,16719.0,6550.0,1.0
mu[6925],-0.012,0.038,-0.085,0.055,0.0,0.001,19950.0,5471.0,1.0
mu[6926],-0.052,0.045,-0.135,0.033,0.0,0.001,14196.0,7057.0,1.0
mu[6927],-0.012,0.038,-0.085,0.055,0.0,0.001,19950.0,5471.0,1.0
mu[6928],-0.042,0.041,-0.117,0.036,0.0,0.001,16719.0,6550.0,1.0
mu[6929],-0.082,0.062,-0.199,0.033,0.001,0.001,10383.0,6931.0,1.0
mu[6930],0.018,0.049,-0.075,0.108,0.0,0.001,12701.0,6866.0,1.0
mu[6931],0.018,0.049,-0.075,0.108,0.0,0.001,12701.0,6866.0,1.0
mu[6932],-0.022,0.037,-0.088,0.051,0.0,0.001,20874.0,5654.0,1.0
mu[6933],-0.019,0.037,-0.086,0.052,0.0,0.001,20872.0,5579.0,1.0
mu[6934],-0.036,0.039,-0.108,0.039,0.0,0.001,18343.0,6334.0,1.0
mu[6935],-0.036,0.039,-0.107,0.04,0.0,0.001,18288.0,6308.0,1.0
mu[6936],0.008,0.044,-0.077,0.088,0.0,0.001,14514.0,6553.0,1.0
mu[6937],-0.025,0.037,-0.093,0.046,0.0,0.001,20547.0,5604.0,1.0
mu[6938],0.038,0.061,-0.077,0.151,0.001,0.001,10601.0,6550.0,1.0
mu[6939],0.018,0.049,-0.075,0.108,0.0,0.001,12701.0,6866.0,1.0
mu[6940],-0.012,0.038,-0.085,0.055,0.0,0.001,19950.0,5471.0,1.0
mu[6941],0.027,0.054,-0.073,0.128,0.0,0.001,11594.0,6749.0,1.0
mu[6942],-0.062,0.05,-0.157,0.029,0.0,0.001,12365.0,7211.0,1.0
mu[6943],-0.072,0.056,-0.175,0.033,0.001,0.001,11174.0,6750.0,1.0
mu[6944],0.0,0.041,-0.078,0.075,0.0,0.0,16598.0,5918.0,1.0
mu[6945],-0.002,0.04,-0.078,0.072,0.0,0.0,17127.0,5781.0,1.0
mu[6946],-0.032,0.038,-0.101,0.041,0.0,0.001,19379.0,5917.0,1.0
mu[6947],-0.042,0.041,-0.117,0.036,0.0,0.001,16719.0,6550.0,1.0
mu[6948],0.038,0.061,-0.077,0.151,0.001,0.001,10601.0,6550.0,1.0
mu[6949],0.036,0.059,-0.074,0.149,0.001,0.001,10746.0,6578.0,1.0
mu[6950],-0.139,0.103,-0.327,0.061,0.001,0.001,8902.0,5420.0,1.0
mu[6951],-0.042,0.041,-0.117,0.036,0.0,0.001,16719.0,6550.0,1.0
mu[6952],0.031,0.056,-0.073,0.138,0.001,0.001,11158.0,6754.0,1.0
mu[6953],0.012,0.046,-0.075,0.097,0.0,0.001,13675.0,6744.0,1.0
mu[6954],0.051,0.069,-0.076,0.182,0.001,0.001,9914.0,6363.0,1.0
mu[6955],0.008,0.044,-0.077,0.088,0.0,0.001,14514.0,6553.0,1.0
mu[6956],-0.092,0.069,-0.221,0.036,0.001,0.001,9842.0,6386.0,1.0
mu[6957],-0.028,0.038,-0.098,0.042,0.0,0.001,20109.0,5676.0,1.0
mu[6958],-0.018,0.037,-0.088,0.051,0.0,0.001,20856.0,5559.0,1.0
mu[6959],0.026,0.053,-0.069,0.13,0.0,0.001,11771.0,6690.0,1.0
mu[6960],-0.061,0.049,-0.154,0.03,0.0,0.001,12545.0,7245.0,1.0
mu[6961],-0.042,0.041,-0.117,0.036,0.0,0.001,16719.0,6550.0,1.0
mu[6962],-0.032,0.038,-0.101,0.041,0.0,0.001,19379.0,5917.0,1.0
mu[6963],0.018,0.049,-0.075,0.108,0.0,0.001,12701.0,6866.0,1.0
mu[6964],0.047,0.066,-0.077,0.172,0.001,0.001,10078.0,6294.0,1.0
mu[6965],0.033,0.057,-0.073,0.141,0.001,0.001,11040.0,6756.0,1.0
mu[6966],-0.063,0.051,-0.16,0.029,0.0,0.001,12204.0,7212.0,1.0
mu[6967],0.045,0.065,-0.078,0.165,0.001,0.001,10209.0,6218.0,1.0
mu[6968],-0.0,0.041,-0.08,0.072,0.0,0.0,16780.0,5916.0,1.0
mu[6969],-0.041,0.041,-0.113,0.038,0.0,0.001,17074.0,6505.0,1.0
mu[6970],0.008,0.044,-0.077,0.088,0.0,0.001,14514.0,6553.0,1.0
mu[6971],0.018,0.049,-0.075,0.108,0.0,0.001,12701.0,6866.0,1.0
mu[6972],-0.012,0.038,-0.085,0.055,0.0,0.001,19950.0,5471.0,1.0
mu[6973],-0.022,0.037,-0.088,0.051,0.0,0.001,20874.0,5654.0,1.0
mu[6974],-0.002,0.04,-0.078,0.072,0.0,0.0,17127.0,5781.0,1.0
mu[6975],-0.012,0.038,-0.085,0.055,0.0,0.001,19950.0,5471.0,1.0
mu[6976],-0.062,0.05,-0.157,0.029,0.0,0.001,12365.0,7211.0,1.0
mu[6977],0.005,0.042,-0.078,0.081,0.0,0.001,15440.0,6384.0,1.0
mu[6978],-0.01,0.038,-0.083,0.059,0.0,0.001,19565.0,5522.0,1.0
mu[6979],-0.039,0.04,-0.11,0.04,0.0,0.001,17623.0,6400.0,1.0
mu[6980],0.034,0.058,-0.073,0.145,0.001,0.001,10899.0,6727.0,1.0
mu[6981],0.002,0.041,-0.077,0.077,0.0,0.0,16179.0,6183.0,1.0
mu[6982],-0.005,0.039,-0.081,0.065,0.0,0.0,18318.0,5488.0,1.0
mu[6983],0.048,0.067,-0.076,0.175,0.001,0.001,10020.0,6266.0,1.0
mu[6984],0.008,0.044,-0.077,0.088,0.0,0.001,14514.0,6553.0,1.0
mu[6985],-0.046,0.042,-0.127,0.032,0.0,0.001,13171.0,6286.0,1.0
mu[6986],-0.04,0.038,-0.11,0.033,0.0,0.001,15583.0,5810.0,1.0
mu[6987],-0.073,0.079,-0.224,0.069,0.001,0.001,9487.0,5837.0,1.0
mu[6988],-0.027,0.041,-0.106,0.046,0.0,0.0,15530.0,6116.0,1.0
mu[6989],-0.02,0.048,-0.106,0.072,0.0,0.001,12899.0,6807.0,1.0
mu[6990],-0.042,0.039,-0.113,0.034,0.0,0.001,14627.0,5978.0,1.0
mu[6991],-0.031,0.038,-0.103,0.041,0.0,0.0,17172.0,5837.0,1.0
mu[6992],-0.048,0.044,-0.129,0.036,0.0,0.001,12714.0,6280.0,1.0
mu[6993],-0.019,0.049,-0.11,0.072,0.0,0.001,12654.0,6829.0,1.0
mu[6994],-0.007,0.064,-0.13,0.111,0.001,0.001,10512.0,6946.0,1.0
mu[6995],-0.053,0.049,-0.149,0.036,0.0,0.001,11636.0,6122.0,1.0
mu[6996],-0.052,0.048,-0.145,0.035,0.0,0.001,11866.0,6173.0,1.0
mu[6997],-0.125,0.169,-0.451,0.182,0.002,0.002,8633.0,5678.0,1.0
mu[6998],-0.045,0.041,-0.121,0.032,0.0,0.001,13595.0,6210.0,1.0
mu[6999],-0.032,0.038,-0.104,0.039,0.0,0.0,17397.0,5703.0,1.0
mu[7000],-0.038,0.038,-0.105,0.037,0.0,0.001,16339.0,5827.0,1.0
mu[7001],-0.042,0.039,-0.113,0.034,0.0,0.001,14566.0,5955.0,1.0
mu[7002],-0.013,0.056,-0.12,0.09,0.001,0.001,11292.0,6884.0,1.0
mu[7003],-0.064,0.065,-0.188,0.054,0.001,0.001,10125.0,6580.0,1.0
mu[7004],-0.012,0.057,-0.125,0.09,0.001,0.001,11162.0,6946.0,1.0
mu[7005],-0.046,0.042,-0.125,0.032,0.0,0.001,13302.0,6076.0,1.0
mu[7006],-0.04,0.038,-0.109,0.034,0.0,0.001,15742.0,5923.0,1.0
mu[7007],-0.046,0.042,-0.125,0.032,0.0,0.001,13305.0,6076.0,1.0
mu[7008],-0.089,0.105,-0.291,0.101,0.001,0.001,8970.0,5600.0,1.0
mu[7009],-0.036,0.037,-0.105,0.036,0.0,0.001,17501.0,5756.0,1.0
mu[7010],-0.045,0.041,-0.12,0.035,0.0,0.001,13434.0,6208.0,1.0
mu[7011],-0.058,0.056,-0.164,0.046,0.001,0.001,10803.0,6725.0,1.0
mu[7012],-0.045,0.041,-0.12,0.035,0.0,0.001,13489.0,6209.0,1.0
mu[7013],-0.04,0.038,-0.111,0.033,0.0,0.001,15432.0,5830.0,1.0
mu[7014],-0.033,0.038,-0.106,0.037,0.0,0.0,17471.0,5595.0,1.0
mu[7015],-0.063,0.063,-0.182,0.051,0.001,0.001,10311.0,6530.0,1.0
mu[7016],-0.016,0.052,-0.114,0.08,0.0,0.001,12027.0,6825.0,1.0
mu[7017],-0.025,0.043,-0.102,0.056,0.0,0.0,14668.0,6245.0,1.0
mu[7018],-0.037,0.037,-0.105,0.036,0.0,0.001,17257.0,5837.0,1.0
mu[7019],-0.038,0.038,-0.104,0.037,0.0,0.001,16423.0,5856.0,1.0
mu[7020],-0.019,0.049,-0.11,0.072,0.0,0.001,12642.0,6829.0,1.0
mu[7021],-0.028,0.04,-0.104,0.046,0.0,0.0,15946.0,6016.0,1.0
mu[7022],-0.009,0.062,-0.128,0.105,0.001,0.001,10672.0,6759.0,1.0
mu[7023],-0.016,0.052,-0.114,0.08,0.0,0.001,11983.0,6886.0,1.0
mu[7024],-0.039,0.038,-0.109,0.034,0.0,0.001,15760.0,5946.0,1.0
mu[7025],-0.045,0.041,-0.122,0.033,0.0,0.001,13509.0,6186.0,1.0
mu[7026],-0.07,0.074,-0.211,0.065,0.001,0.001,9654.0,6047.0,1.0
mu[7027],-0.018,0.049,-0.111,0.073,0.0,0.001,12559.0,6891.0,1.0
mu[7028],-0.052,0.048,-0.144,0.035,0.0,0.001,11918.0,6198.0,1.0
mu[7029],-0.005,0.067,-0.133,0.118,0.001,0.001,10310.0,6733.0,1.0
mu[7030],-0.086,0.1,-0.271,0.101,0.001,0.001,9033.0,5538.0,1.0
mu[7031],-0.048,0.044,-0.129,0.036,0.0,0.001,12750.0,6279.0,1.0
mu[7032],-0.038,0.038,-0.104,0.038,0.0,0.001,17111.0,5849.0,1.0
mu[7033],-0.033,0.038,-0.109,0.033,0.0,0.001,17525.0,5636.0,1.0
mu[7034],-0.027,0.041,-0.106,0.046,0.0,0.0,15578.0,6092.0,1.0
mu[7035],-0.008,0.063,-0.13,0.105,0.001,0.001,10632.0,6790.0,1.0
mu[7036],-0.075,0.083,-0.23,0.079,0.001,0.001,9364.0,5631.0,1.0
mu[7037],-0.036,0.037,-0.105,0.036,0.0,0.001,17508.0,5756.0,1.0
mu[7038],-0.035,0.037,-0.104,0.037,0.0,0.001,17538.0,5733.0,1.0
mu[7039],-0.036,0.037,-0.105,0.036,0.0,0.001,17508.0,5756.0,1.0
mu[7040],-0.01,0.061,-0.125,0.104,0.001,0.001,10783.0,6914.0,1.0
mu[7041],-0.023,0.044,-0.104,0.061,0.0,0.0,14013.0,6644.0,1.0
mu[7042],-0.048,0.043,-0.128,0.035,0.0,0.001,12851.0,6289.0,1.0
mu[7043],-0.025,0.042,-0.102,0.055,0.0,0.0,14777.0,6310.0,1.0
mu[7044],-0.02,0.047,-0.108,0.068,0.0,0.001,13078.0,6838.0,1.0
mu[7045],-0.05,0.046,-0.141,0.032,0.0,0.001,12196.0,6094.0,1.0
mu[7046],-0.031,0.038,-0.103,0.042,0.0,0.0,17020.0,5907.0,1.0
mu[7047],-0.054,0.051,-0.152,0.038,0.0,0.001,11420.0,6225.0,1.0
mu[7048],-0.008,0.063,-0.13,0.106,0.001,0.001,10616.0,6820.0,1.0
mu[7049],-0.062,0.062,-0.18,0.05,0.001,0.001,10355.0,6523.0,1.0
mu[7050],-0.044,0.04,-0.119,0.032,0.0,0.001,13922.0,6122.0,1.0
mu[7051],-0.045,0.041,-0.121,0.032,0.0,0.001,13582.0,6184.0,1.0
mu[7052],-0.031,0.038,-0.103,0.041,0.0,0.0,17114.0,5906.0,1.0
mu[7053],-0.049,0.045,-0.136,0.033,0.0,0.001,12421.0,6073.0,1.0
mu[7054],-0.031,0.038,-0.103,0.041,0.0,0.0,17114.0,5906.0,1.0
mu[7055],-0.045,0.041,-0.121,0.032,0.0,0.001,13582.0,6184.0,1.0
mu[7056],-0.063,0.063,-0.181,0.051,0.001,0.001,10326.0,6530.0,1.0
mu[7057],-0.018,0.05,-0.111,0.075,0.0,0.001,12377.0,6818.0,1.0
mu[7058],-0.018,0.05,-0.111,0.075,0.0,0.001,12377.0,6818.0,1.0
mu[7059],-0.036,0.037,-0.105,0.037,0.0,0.001,17525.0,5754.0,1.0
mu[7060],-0.034,0.037,-0.105,0.037,0.0,0.001,17584.0,5592.0,1.0
mu[7061],-0.042,0.039,-0.112,0.034,0.0,0.001,14668.0,5978.0,1.0
mu[7062],-0.042,0.039,-0.113,0.034,0.0,0.001,14627.0,5978.0,1.0
mu[7063],-0.022,0.045,-0.105,0.062,0.0,0.0,13760.0,6706.0,1.0
mu[7064],-0.037,0.038,-0.108,0.034,0.0,0.001,17211.0,5837.0,1.0
mu[7065],-0.009,0.062,-0.128,0.105,0.001,0.001,10672.0,6759.0,1.0
mu[7066],-0.018,0.05,-0.111,0.075,0.0,0.001,12377.0,6818.0,1.0
mu[7067],-0.031,0.038,-0.103,0.041,0.0,0.0,17114.0,5906.0,1.0
mu[7068],-0.014,0.055,-0.12,0.085,0.001,0.001,11443.0,6822.0,1.0
mu[7069],-0.054,0.05,-0.151,0.037,0.0,0.001,11517.0,6174.0,1.0
mu[7070],-0.058,0.056,-0.164,0.045,0.001,0.001,10827.0,6683.0,1.0
mu[7071],-0.026,0.042,-0.104,0.051,0.0,0.0,15188.0,6342.0,1.0
mu[7072],-0.027,0.041,-0.106,0.046,0.0,0.0,15530.0,6116.0,1.0
mu[7073],-0.04,0.038,-0.11,0.034,0.0,0.001,15465.0,5830.0,1.0
mu[7074],-0.045,0.041,-0.121,0.032,0.0,0.001,13582.0,6184.0,1.0
mu[7075],-0.009,0.062,-0.128,0.105,0.001,0.001,10672.0,6759.0,1.0
mu[7076],-0.01,0.061,-0.125,0.104,0.001,0.001,10783.0,6914.0,1.0
mu[7077],-0.088,0.105,-0.288,0.102,0.001,0.001,8975.0,5706.0,1.0
mu[7078],-0.045,0.041,-0.121,0.032,0.0,0.001,13582.0,6184.0,1.0
mu[7079],-0.012,0.058,-0.12,0.096,0.001,0.001,11117.0,6946.0,1.0
mu[7080],-0.02,0.047,-0.107,0.068,0.0,0.001,13157.0,6747.0,1.0
mu[7081],-0.003,0.071,-0.138,0.126,0.001,0.001,10155.0,6294.0,1.0
mu[7082],-0.022,0.045,-0.105,0.062,0.0,0.0,13760.0,6706.0,1.0
mu[7083],-0.067,0.069,-0.197,0.061,0.001,0.001,9881.0,6637.0,1.0
mu[7084],-0.039,0.038,-0.106,0.036,0.0,0.001,16116.0,5876.0,1.0
mu[7085],-0.034,0.037,-0.104,0.038,0.0,0.001,17577.0,5581.0,1.0
mu[7086],-0.014,0.054,-0.116,0.087,0.001,0.001,11636.0,6762.0,1.0
mu[7087],-0.053,0.05,-0.149,0.036,0.0,0.001,11618.0,6123.0,1.0
mu[7088],-0.045,0.041,-0.121,0.032,0.0,0.001,13582.0,6184.0,1.0
mu[7089],-0.04,0.038,-0.11,0.034,0.0,0.001,15465.0,5830.0,1.0
mu[7090],-0.018,0.05,-0.111,0.075,0.0,0.001,12377.0,6818.0,1.0
mu[7091],-0.005,0.068,-0.134,0.121,0.001,0.001,10259.0,6700.0,1.0
mu[7092],-0.011,0.059,-0.121,0.098,0.001,0.001,11025.0,6915.0,1.0
mu[7093],-0.054,0.051,-0.152,0.038,0.0,0.001,11426.0,6247.0,1.0
mu[7094],-0.006,0.067,-0.132,0.116,0.001,0.001,10354.0,6887.0,1.0
mu[7095],-0.026,0.041,-0.105,0.049,0.0,0.0,15296.0,6185.0,1.0
mu[7096],-0.044,0.041,-0.12,0.032,0.0,0.001,13748.0,6171.0,1.0
mu[7097],-0.022,0.045,-0.105,0.062,0.0,0.0,13760.0,6706.0,1.0
mu[7098],-0.018,0.05,-0.111,0.075,0.0,0.001,12377.0,6818.0,1.0
mu[7099],-0.031,0.038,-0.103,0.041,0.0,0.0,17114.0,5906.0,1.0
mu[7100],-0.036,0.037,-0.105,0.037,0.0,0.001,17525.0,5754.0,1.0
mu[7101],-0.027,0.041,-0.106,0.046,0.0,0.0,15530.0,6116.0,1.0
mu[7102],-0.031,0.038,-0.103,0.041,0.0,0.0,17114.0,5906.0,1.0
mu[7103],-0.054,0.05,-0.151,0.037,0.0,0.001,11517.0,6174.0,1.0
mu[7104],-0.024,0.043,-0.102,0.058,0.0,0.0,14396.0,6393.0,1.0
mu[7105],-0.03,0.039,-0.104,0.042,0.0,0.0,16929.0,5993.0,1.0
mu[7106],-0.043,0.04,-0.117,0.032,0.0,0.001,14119.0,6040.0,1.0
mu[7107],-0.011,0.06,-0.123,0.101,0.001,0.001,10910.0,6857.0,1.0
mu[7108],-0.025,0.042,-0.102,0.055,0.0,0.0,14917.0,6364.0,1.0
mu[7109],-0.028,0.04,-0.104,0.045,0.0,0.0,16199.0,5944.0,1.0
mu[7110],-0.004,0.069,-0.136,0.122,0.001,0.001,10230.0,6615.0,1.0
mu[7111],-0.022,0.045,-0.105,0.062,0.0,0.0,13760.0,6706.0,1.0
mu[7112],0.008,0.042,-0.071,0.087,0.0,0.0,13669.0,6410.0,1.0
mu[7113],-0.008,0.038,-0.081,0.065,0.0,0.0,16702.0,6252.0,1.0
mu[7114],0.072,0.073,-0.064,0.208,0.001,0.001,9301.0,7077.0,1.0
mu[7115],-0.04,0.04,-0.114,0.037,0.0,0.0,17043.0,6691.0,1.0
mu[7116],-0.057,0.046,-0.145,0.026,0.0,0.0,14039.0,6980.0,1.0
mu[7117],-0.002,0.039,-0.077,0.072,0.0,0.0,15557.0,6300.0,1.0
mu[7118],-0.028,0.038,-0.099,0.045,0.0,0.0,18847.0,6197.0,1.0
mu[7119],0.012,0.043,-0.069,0.094,0.0,0.0,13018.0,6663.0,1.0
mu[7120],-0.059,0.047,-0.147,0.027,0.0,0.0,13732.0,7110.0,1.0
mu[7121],-0.087,0.06,-0.193,0.029,0.001,0.001,11087.0,7668.0,1.0
mu[7122],0.024,0.048,-0.069,0.111,0.0,0.0,11606.0,6829.0,1.0
mu[7123],0.021,0.047,-0.067,0.11,0.0,0.0,11886.0,6750.0,1.0
mu[7124],0.198,0.152,-0.096,0.479,0.002,0.001,8341.0,7537.0,1.0
mu[7125],0.004,0.041,-0.073,0.081,0.0,0.0,14421.0,6265.0,1.0
mu[7126],-0.026,0.038,-0.097,0.046,0.0,0.0,18784.0,5991.0,1.0
mu[7127],-0.012,0.038,-0.085,0.059,0.0,0.0,17468.0,5970.0,1.0
mu[7128],-0.002,0.039,-0.077,0.072,0.0,0.0,15497.0,6301.0,1.0
mu[7129],-0.073,0.053,-0.168,0.028,0.0,0.0,12121.0,7684.0,1.0
mu[7130],0.052,0.061,-0.068,0.161,0.001,0.001,9926.0,7296.0,1.0
mu[7131],-0.075,0.054,-0.172,0.028,0.0,0.0,11942.0,7682.0,1.0
mu[7132],0.007,0.042,-0.07,0.088,0.0,0.0,13893.0,6384.0,1.0
mu[7133],-0.009,0.038,-0.082,0.063,0.0,0.0,16886.0,6202.0,1.0
mu[7134],0.006,0.041,-0.07,0.088,0.0,0.0,13908.0,6411.0,1.0
mu[7135],0.11,0.096,-0.072,0.285,0.001,0.001,8730.0,7219.0,1.0
mu[7136],-0.017,0.038,-0.087,0.056,0.0,0.0,17989.0,5881.0,1.0
mu[7137],0.005,0.041,-0.071,0.085,0.0,0.0,14132.0,6301.0,1.0
mu[7138],0.037,0.054,-0.066,0.135,0.001,0.001,10619.0,7113.0,1.0
mu[7139],0.005,0.041,-0.073,0.083,0.0,0.0,14235.0,6327.0,1.0
mu[7140],-0.007,0.039,-0.08,0.066,0.0,0.0,16502.0,6301.0,1.0
mu[7141],-0.025,0.038,-0.096,0.046,0.0,0.0,18725.0,6088.0,1.0
mu[7142],0.048,0.059,-0.068,0.153,0.001,0.001,10087.0,7380.0,1.0
mu[7143],-0.065,0.049,-0.158,0.025,0.0,0.0,12934.0,7459.0,1.0
mu[7144],-0.045,0.042,-0.12,0.036,0.0,0.0,16108.0,6843.0,1.0
mu[7145],-0.015,0.038,-0.087,0.055,0.0,0.0,17750.0,6021.0,1.0
mu[7146],-0.013,0.038,-0.085,0.057,0.0,0.0,17551.0,5986.0,1.0
mu[7147],-0.059,0.047,-0.144,0.03,0.0,0.0,13721.0,7143.0,1.0
mu[7148],-0.037,0.04,-0.109,0.04,0.0,0.0,17463.0,6451.0,1.0
mu[7149],-0.083,0.058,-0.187,0.029,0.001,0.001,11310.0,7564.0,1.0
mu[7150],-0.065,0.049,-0.156,0.027,0.0,0.0,12886.0,7494.0,1.0
mu[7151],-0.009,0.038,-0.082,0.063,0.0,0.0,16911.0,6202.0,1.0
mu[7152],0.005,0.041,-0.073,0.082,0.0,0.0,14282.0,6291.0,1.0
mu[7153],0.065,0.069,-0.069,0.189,0.001,0.001,9457.0,7243.0,1.0
mu[7154],-0.06,0.047,-0.146,0.029,0.0,0.0,13616.0,7211.0,1.0
mu[7155],0.021,0.046,-0.067,0.11,0.0,0.0,11936.0,6819.0,1.0
mu[7156],-0.091,0.062,-0.201,0.03,0.001,0.001,10832.0,7573.0,1.0
mu[7157],0.103,0.091,-0.071,0.27,0.001,0.001,8804.0,7229.0,1.0
mu[7158],0.012,0.043,-0.069,0.094,0.0,0.0,13062.0,6663.0,1.0
mu[7159],-0.013,0.038,-0.086,0.057,0.0,0.0,17590.0,5963.0,1.0
mu[7160],-0.024,0.038,-0.095,0.048,0.0,0.0,18632.0,6029.0,1.0
mu[7161],-0.039,0.04,-0.111,0.04,0.0,0.0,17104.0,6662.0,1.0
mu[7162],-0.084,0.058,-0.189,0.028,0.001,0.001,11256.0,7679.0,1.0
mu[7163],0.078,0.076,-0.068,0.216,0.001,0.001,9167.0,7316.0,1.0
mu[7164],-0.018,0.038,-0.086,0.056,0.0,0.0,18006.0,5881.0,1.0
mu[7165],-0.019,0.038,-0.087,0.055,0.0,0.0,18097.0,5847.0,1.0
mu[7166],-0.018,0.038,-0.086,0.056,0.0,0.0,18006.0,5881.0,1.0
mu[7167],-0.081,0.057,-0.183,0.028,0.001,0.001,11461.0,7383.0,1.0
mu[7168],-0.049,0.043,-0.127,0.035,0.0,0.0,15349.0,7062.0,1.0
mu[7169],0.011,0.043,-0.068,0.093,0.0,0.0,13185.0,6634.0,1.0
mu[7170],-0.044,0.042,-0.119,0.037,0.0,0.0,16235.0,6826.0,1.0
mu[7171],-0.055,0.045,-0.136,0.032,0.0,0.0,14263.0,7144.0,1.0
mu[7172],0.017,0.045,-0.069,0.102,0.0,0.0,12315.0,6739.0,1.0
mu[7173],-0.03,0.038,-0.102,0.042,0.0,0.0,18892.0,6250.0,1.0
mu[7174],0.027,0.049,-0.068,0.117,0.0,0.001,11358.0,6922.0,1.0
mu[7175],-0.084,0.059,-0.19,0.028,0.001,0.001,11235.0,7632.0,1.0
mu[7176],0.046,0.058,-0.069,0.15,0.001,0.001,10141.0,7240.0,1.0
mu[7177],0.002,0.04,-0.073,0.079,0.0,0.0,14802.0,6275.0,1.0
mu[7178],0.004,0.041,-0.073,0.081,0.0,0.0,14400.0,6265.0,1.0
mu[7179],-0.029,0.038,-0.1,0.045,0.0,0.0,18879.0,6251.0,1.0
mu[7180],0.015,0.044,-0.068,0.099,0.0,0.0,12637.0,6708.0,1.0
mu[7181],-0.029,0.038,-0.1,0.045,0.0,0.0,18879.0,6251.0,1.0
mu[7182],0.004,0.041,-0.073,0.081,0.0,0.0,14400.0,6265.0,1.0
mu[7183],0.047,0.059,-0.068,0.152,0.001,0.001,10108.0,7309.0,1.0
mu[7184],-0.061,0.048,-0.149,0.028,0.0,0.0,13400.0,7177.0,1.0
mu[7185],-0.061,0.048,-0.149,0.028,0.0,0.0,13400.0,7177.0,1.0
mu[7186],-0.018,0.038,-0.086,0.056,0.0,0.0,18040.0,5881.0,1.0
mu[7187],-0.021,0.038,-0.091,0.051,0.0,0.0,18435.0,5937.0,1.0
mu[7188],-0.003,0.039,-0.077,0.071,0.0,0.0,15598.0,6274.0,1.0
mu[7189],-0.002,0.039,-0.077,0.072,0.0,0.0,15557.0,6300.0,1.0
mu[7190],-0.05,0.044,-0.128,0.035,0.0,0.0,15061.0,6985.0,1.0
mu[7191],-0.014,0.038,-0.086,0.057,0.0,0.0,17680.0,5915.0,1.0
mu[7192],-0.083,0.058,-0.187,0.029,0.001,0.001,11310.0,7564.0,1.0
mu[7193],-0.061,0.048,-0.149,0.028,0.0,0.0,13400.0,7177.0,1.0
mu[7194],-0.029,0.038,-0.1,0.045,0.0,0.0,18879.0,6251.0,1.0
mu[7195],-0.071,0.052,-0.169,0.023,0.0,0.0,12324.0,7762.0,1.0
mu[7196],0.026,0.048,-0.068,0.115,0.0,0.0,11471.0,6954.0,1.0
mu[7197],0.036,0.053,-0.066,0.135,0.001,0.001,10652.0,7114.0,1.0
mu[7198],-0.042,0.041,-0.115,0.038,0.0,0.0,16696.0,6737.0,1.0
mu[7199],-0.04,0.04,-0.114,0.037,0.0,0.0,17043.0,6691.0,1.0
mu[7200],-0.007,0.039,-0.08,0.066,0.0,0.0,16542.0,6253.0,1.0
mu[7201],0.004,0.041,-0.073,0.081,0.0,0.0,14400.0,6265.0,1.0
mu[7202],-0.083,0.058,-0.187,0.029,0.001,0.001,11310.0,7564.0,1.0
mu[7203],-0.081,0.057,-0.183,0.028,0.001,0.001,11461.0,7383.0,1.0
mu[7204],0.11,0.095,-0.072,0.284,0.001,0.001,8736.0,7219.0,1.0
mu[7205],0.004,0.041,-0.073,0.081,0.0,0.0,14400.0,6265.0,1.0
mu[7206],-0.075,0.054,-0.173,0.028,0.0,0.001,11883.0,7643.0,1.0
mu[7207],-0.055,0.045,-0.135,0.033,0.0,0.0,14344.0,7178.0,1.0
mu[7208],-0.097,0.065,-0.211,0.032,0.001,0.001,10561.0,7489.0,1.0
mu[7209],-0.05,0.044,-0.128,0.035,0.0,0.0,15061.0,6985.0,1.0
mu[7210],0.058,0.065,-0.072,0.17,0.001,0.001,9680.0,7275.0,1.0
mu[7211],-0.011,0.038,-0.083,0.06,0.0,0.0,17240.0,5995.0,1.0
mu[7212],-0.022,0.038,-0.09,0.052,0.0,0.0,18473.0,5937.0,1.0
mu[7213],-0.07,0.051,-0.167,0.024,0.0,0.0,12420.0,7643.0,1.0
mu[7214],0.024,0.048,-0.07,0.112,0.0,0.0,11586.0,6829.0,1.0
mu[7215],0.004,0.041,-0.073,0.081,0.0,0.0,14400.0,6265.0,1.0
mu[7216],-0.007,0.039,-0.08,0.066,0.0,0.0,16542.0,6253.0,1.0
mu[7217],-0.061,0.048,-0.149,0.028,0.0,0.0,13400.0,7177.0,1.0
mu[7218],-0.093,0.063,-0.203,0.032,0.001,0.001,10753.0,7537.0,1.0
mu[7219],-0.077,0.055,-0.175,0.028,0.001,0.001,11769.0,7529.0,1.0
mu[7220],0.027,0.049,-0.068,0.117,0.0,0.001,11370.0,6889.0,1.0
mu[7221],-0.09,0.062,-0.199,0.03,0.001,0.001,10895.0,7573.0,1.0
mu[7222],-0.041,0.041,-0.114,0.038,0.0,0.0,16803.0,6648.0,1.0
mu[7223],0.003,0.04,-0.074,0.079,0.0,0.0,14603.0,6265.0,1.0
mu[7224],-0.05,0.044,-0.128,0.035,0.0,0.0,15061.0,6985.0,1.0
mu[7225],-0.061,0.048,-0.149,0.028,0.0,0.0,13400.0,7177.0,1.0
mu[7226],-0.029,0.038,-0.1,0.045,0.0,0.0,18879.0,6251.0,1.0
mu[7227],-0.018,0.038,-0.086,0.056,0.0,0.0,18040.0,5881.0,1.0
mu[7228],-0.04,0.04,-0.114,0.037,0.0,0.0,17043.0,6691.0,1.0
mu[7229],-0.029,0.038,-0.1,0.045,0.0,0.0,18879.0,6251.0,1.0
mu[7230],0.026,0.048,-0.068,0.115,0.0,0.0,11471.0,6954.0,1.0
mu[7231],-0.046,0.042,-0.12,0.038,0.0,0.0,15802.0,6934.0,1.0
mu[7232],-0.03,0.039,-0.104,0.041,0.0,0.0,18438.0,6277.0,1.0
mu[7233],0.0,0.04,-0.073,0.078,0.0,0.0,15032.0,6301.0,1.0
mu[7234],-0.079,0.056,-0.178,0.029,0.001,0.001,11621.0,7456.0,1.0
mu[7235],-0.043,0.041,-0.117,0.037,0.0,0.0,16372.0,6811.0,1.0
mu[7236],-0.035,0.039,-0.109,0.039,0.0,0.0,17740.0,6424.0,1.0
mu[7237],-0.094,0.064,-0.206,0.031,0.001,0.001,10692.0,7563.0,1.0
mu[7238],-0.05,0.044,-0.128,0.035,0.0,0.0,15061.0,6985.0,1.0
mu[7239],0.007,0.041,-0.07,0.084,0.0,0.0,16561.0,6580.0,1.0
mu[7240],-0.008,0.038,-0.079,0.063,0.0,0.0,20065.0,6004.0,1.0
mu[7241],0.071,0.073,-0.065,0.211,0.001,0.001,10493.0,6477.0,1.0
mu[7242],-0.04,0.04,-0.111,0.039,0.0,0.0,17052.0,6214.0,1.0
mu[7243],-0.057,0.046,-0.141,0.029,0.0,0.0,13806.0,6864.0,1.0
mu[7244],-0.003,0.039,-0.075,0.069,0.0,0.0,19002.0,6313.0,1.0
mu[7245],-0.028,0.038,-0.096,0.046,0.0,0.0,19459.0,5905.0,1.0
mu[7246],0.011,0.043,-0.069,0.09,0.0,0.0,15636.0,6816.0,1.0
mu[7247],-0.059,0.047,-0.149,0.024,0.0,0.0,13517.0,7022.0,1.0
mu[7248],-0.086,0.06,-0.205,0.021,0.001,0.001,10957.0,6723.0,1.0
mu[7249],0.023,0.047,-0.069,0.111,0.0,0.0,13680.0,7059.0,1.0
mu[7250],0.021,0.046,-0.068,0.106,0.0,0.0,14070.0,7058.0,1.0
mu[7251],0.196,0.155,-0.084,0.505,0.002,0.002,9213.0,7067.0,1.0
mu[7252],0.003,0.04,-0.073,0.077,0.0,0.0,17344.0,6311.0,1.0
mu[7253],-0.026,0.037,-0.1,0.041,0.0,0.0,19796.0,6022.0,1.0
mu[7254],-0.013,0.037,-0.08,0.06,0.0,0.0,20123.0,5954.0,1.0
mu[7255],-0.002,0.039,-0.075,0.07,0.0,0.0,18924.0,6366.0,1.0
mu[7256],-0.073,0.053,-0.172,0.026,0.0,0.001,11862.0,7332.0,1.0
mu[7257],0.051,0.061,-0.06,0.172,0.001,0.001,11295.0,7325.0,1.0
mu[7258],-0.075,0.054,-0.176,0.026,0.001,0.001,11708.0,7332.0,1.0
mu[7259],0.006,0.041,-0.07,0.083,0.0,0.0,16788.0,6469.0,1.0
mu[7260],-0.009,0.038,-0.079,0.062,0.0,0.0,20207.0,6064.0,1.0
mu[7261],0.006,0.041,-0.071,0.082,0.0,0.0,16806.0,6469.0,1.0
mu[7262],0.109,0.097,-0.067,0.301,0.001,0.001,9778.0,6552.0,1.0
mu[7263],-0.018,0.037,-0.084,0.056,0.0,0.0,20385.0,5977.0,1.0
mu[7264],0.005,0.04,-0.071,0.08,0.0,0.0,17030.0,6418.0,1.0
mu[7265],0.036,0.053,-0.067,0.136,0.0,0.001,12289.0,6635.0,1.0
mu[7266],0.004,0.04,-0.072,0.079,0.0,0.0,17147.0,6471.0,1.0
mu[7267],-0.007,0.038,-0.076,0.066,0.0,0.0,19873.0,5956.0,1.0
mu[7268],-0.025,0.037,-0.097,0.044,0.0,0.0,19950.0,6010.0,1.0
mu[7269],0.047,0.059,-0.063,0.162,0.001,0.001,11507.0,7289.0,1.0
mu[7270],-0.065,0.049,-0.159,0.025,0.0,0.0,12767.0,7230.0,1.0
mu[7271],-0.045,0.041,-0.119,0.035,0.0,0.0,15945.0,6291.0,1.0
mu[7272],-0.015,0.037,-0.083,0.058,0.0,0.0,20299.0,5907.0,1.0
mu[7273],-0.013,0.037,-0.081,0.06,0.0,0.0,20186.0,5931.0,1.0
mu[7274],-0.059,0.047,-0.149,0.024,0.0,0.0,13502.0,7055.0,1.0
mu[7275],-0.037,0.039,-0.107,0.041,0.0,0.0,17590.0,6313.0,1.0
mu[7276],-0.083,0.059,-0.192,0.027,0.001,0.001,11150.0,6957.0,1.0
mu[7277],-0.065,0.05,-0.159,0.025,0.0,0.0,12717.0,7265.0,1.0
mu[7278],-0.009,0.038,-0.079,0.062,0.0,0.0,20236.0,6015.0,1.0
mu[7279],0.004,0.04,-0.071,0.08,0.0,0.0,17184.0,6445.0,1.0
mu[7280],0.065,0.069,-0.063,0.198,0.001,0.001,10704.0,6691.0,1.0
mu[7281],-0.06,0.047,-0.15,0.025,0.0,0.0,13398.0,7023.0,1.0
mu[7282],0.02,0.046,-0.068,0.105,0.0,0.0,14147.0,7053.0,1.0
mu[7283],-0.091,0.063,-0.213,0.022,0.001,0.001,10731.0,6526.0,1.0
mu[7284],0.102,0.092,-0.066,0.284,0.001,0.001,9874.0,6379.0,1.0
mu[7285],0.011,0.042,-0.069,0.09,0.0,0.0,15693.0,6879.0,1.0
mu[7286],-0.014,0.037,-0.082,0.059,0.0,0.0,20215.0,5884.0,1.0
mu[7287],-0.024,0.037,-0.096,0.045,0.0,0.0,20077.0,5987.0,1.0
mu[7288],-0.039,0.04,-0.11,0.039,0.0,0.0,17132.0,6239.0,1.0
mu[7289],-0.084,0.059,-0.199,0.022,0.001,0.001,11100.0,6906.0,1.0
mu[7290],0.077,0.077,-0.066,0.225,0.001,0.001,10328.0,6855.0,1.0
mu[7291],-0.018,0.037,-0.084,0.056,0.0,0.0,20384.0,5977.0,1.0
mu[7292],-0.019,0.037,-0.086,0.054,0.0,0.0,20394.0,5943.0,1.0
mu[7293],-0.018,0.037,-0.084,0.056,0.0,0.0,20384.0,5977.0,1.0
mu[7294],-0.081,0.057,-0.194,0.02,0.001,0.001,11284.0,7088.0,1.0
mu[7295],-0.049,0.043,-0.127,0.031,0.0,0.0,15135.0,6564.0,1.0
mu[7296],0.01,0.042,-0.069,0.089,0.0,0.0,15867.0,6816.0,1.0
mu[7297],-0.044,0.041,-0.119,0.035,0.0,0.0,16087.0,6318.0,1.0
mu[7298],-0.055,0.045,-0.139,0.028,0.0,0.0,14024.0,6863.0,1.0
mu[7299],0.017,0.044,-0.068,0.1,0.0,0.0,14681.0,6911.0,1.0
mu[7300],-0.03,0.038,-0.098,0.044,0.0,0.0,19178.0,5993.0,1.0
mu[7301],0.026,0.049,-0.07,0.115,0.0,0.001,13322.0,7242.0,1.0
mu[7302],-0.084,0.059,-0.2,0.022,0.001,0.001,11081.0,6812.0,1.0
mu[7303],0.046,0.058,-0.066,0.156,0.001,0.001,11582.0,7388.0,1.0
mu[7304],0.001,0.039,-0.072,0.076,0.0,0.0,18226.0,6208.0,1.0
mu[7305],0.003,0.04,-0.073,0.078,0.0,0.0,17329.0,6311.0,1.0
mu[7306],-0.029,0.038,-0.097,0.046,0.0,0.0,19355.0,5928.0,1.0
mu[7307],0.014,0.044,-0.067,0.096,0.0,0.0,15121.0,6788.0,1.0
mu[7308],-0.029,0.038,-0.097,0.046,0.0,0.0,19355.0,5928.0,1.0
mu[7309],0.003,0.04,-0.073,0.078,0.0,0.0,17329.0,6311.0,1.0
mu[7310],0.047,0.059,-0.071,0.152,0.001,0.001,11532.0,7289.0,1.0
mu[7311],-0.061,0.048,-0.148,0.029,0.0,0.0,13187.0,7093.0,1.0
mu[7312],-0.061,0.048,-0.148,0.029,0.0,0.0,13187.0,7093.0,1.0
mu[7313],-0.018,0.037,-0.084,0.056,0.0,0.0,20393.0,5977.0,1.0
mu[7314],-0.022,0.037,-0.089,0.052,0.0,0.0,20269.0,5907.0,1.0
mu[7315],-0.003,0.039,-0.076,0.069,0.0,0.0,19041.0,6313.0,1.0
mu[7316],-0.003,0.039,-0.075,0.069,0.0,0.0,19002.0,6313.0,1.0
mu[7317],-0.051,0.043,-0.13,0.03,0.0,0.0,14838.0,6769.0,1.0
mu[7318],-0.014,0.037,-0.081,0.059,0.0,0.0,20263.0,5907.0,1.0
mu[7319],-0.083,0.059,-0.192,0.027,0.001,0.001,11150.0,6957.0,1.0
mu[7320],-0.061,0.048,-0.148,0.029,0.0,0.0,13187.0,7093.0,1.0
mu[7321],-0.029,0.038,-0.097,0.046,0.0,0.0,19355.0,5928.0,1.0
mu[7322],-0.071,0.052,-0.167,0.026,0.0,0.001,12048.0,7297.0,1.0
mu[7323],0.025,0.048,-0.069,0.113,0.0,0.001,13477.0,7209.0,1.0
mu[7324],0.036,0.053,-0.066,0.136,0.0,0.001,12332.0,6766.0,1.0
mu[7325],-0.042,0.04,-0.115,0.036,0.0,0.0,16618.0,6168.0,1.0
mu[7326],-0.04,0.04,-0.111,0.039,0.0,0.0,17052.0,6214.0,1.0
mu[7327],-0.007,0.038,-0.078,0.064,0.0,0.0,19932.0,5955.0,1.0
mu[7328],0.003,0.04,-0.073,0.078,0.0,0.0,17329.0,6311.0,1.0
mu[7329],-0.083,0.059,-0.192,0.027,0.001,0.001,11150.0,6957.0,1.0
mu[7330],-0.081,0.057,-0.194,0.02,0.001,0.001,11284.0,7088.0,1.0
mu[7331],0.108,0.097,-0.068,0.298,0.001,0.001,9785.0,6552.0,1.0
mu[7332],0.003,0.04,-0.073,0.078,0.0,0.0,17329.0,6311.0,1.0
mu[7333],-0.075,0.055,-0.178,0.025,0.001,0.001,11659.0,7332.0,1.0
mu[7334],-0.055,0.045,-0.138,0.029,0.0,0.0,14103.0,6864.0,1.0
mu[7335],-0.096,0.066,-0.221,0.026,0.001,0.001,10514.0,6703.0,1.0
mu[7336],-0.051,0.043,-0.13,0.03,0.0,0.0,14838.0,6769.0,1.0
mu[7337],0.057,0.065,-0.063,0.182,0.001,0.001,10979.0,7010.0,1.0
mu[7338],-0.011,0.037,-0.08,0.061,0.0,0.0,20540.0,6000.0,1.0
mu[7339],-0.022,0.037,-0.094,0.047,0.0,0.0,20253.0,5941.0,1.0
mu[7340],-0.07,0.052,-0.165,0.026,0.0,0.001,12126.0,7368.0,1.0
mu[7341],0.024,0.047,-0.069,0.111,0.0,0.0,13653.0,7125.0,1.0
mu[7342],0.003,0.04,-0.073,0.078,0.0,0.0,17329.0,6311.0,1.0
mu[7343],-0.007,0.038,-0.078,0.064,0.0,0.0,19932.0,5955.0,1.0
mu[7344],-0.061,0.048,-0.148,0.029,0.0,0.0,13187.0,7093.0,1.0
mu[7345],-0.093,0.064,-0.215,0.024,0.001,0.001,10668.0,6527.0,1.0
mu[7346],-0.077,0.055,-0.18,0.026,0.001,0.001,11558.0,7262.0,1.0
mu[7347],0.026,0.048,-0.069,0.115,0.0,0.001,13334.0,7242.0,1.0
mu[7348],-0.09,0.062,-0.211,0.022,0.001,0.001,10783.0,6847.0,1.0
mu[7349],-0.041,0.04,-0.113,0.037,0.0,0.0,16756.0,6140.0,1.0
mu[7350],0.002,0.04,-0.071,0.078,0.0,0.0,17559.0,6258.0,1.0
mu[7351],-0.051,0.043,-0.13,0.03,0.0,0.0,14838.0,6769.0,1.0
mu[7352],-0.061,0.048,-0.148,0.029,0.0,0.0,13187.0,7093.0,1.0
mu[7353],-0.029,0.038,-0.097,0.046,0.0,0.0,19355.0,5928.0,1.0
mu[7354],-0.018,0.037,-0.084,0.056,0.0,0.0,20393.0,5977.0,1.0
mu[7355],-0.04,0.04,-0.111,0.039,0.0,0.0,17052.0,6214.0,1.0
mu[7356],-0.029,0.038,-0.097,0.046,0.0,0.0,19355.0,5928.0,1.0
mu[7357],0.025,0.048,-0.069,0.113,0.0,0.001,13477.0,7209.0,1.0
mu[7358],-0.046,0.042,-0.123,0.033,0.0,0.0,15600.0,6371.0,1.0
mu[7359],-0.031,0.038,-0.099,0.044,0.0,0.0,19051.0,5992.0,1.0
mu[7360],-0.0,0.039,-0.073,0.074,0.0,0.0,18440.0,6285.0,1.0
mu[7361],-0.079,0.056,-0.184,0.026,0.001,0.001,11428.0,7332.0,1.0
mu[7362],-0.043,0.041,-0.117,0.035,0.0,0.0,16255.0,6322.0,1.0
mu[7363],-0.036,0.039,-0.104,0.042,0.0,0.0,18002.0,6164.0,1.0
mu[7364],-0.094,0.065,-0.218,0.024,0.001,0.001,10621.0,6499.0,1.0
mu[7365],-0.051,0.043,-0.13,0.03,0.0,0.0,14838.0,6769.0,1.0
sigma_obs,0.422,0.003,0.415,0.428,0.0,0.0,15267.0,5729.0,1.0
