chain,draw,energy
0,0,27365.31465215323
0,1,27392.409794170602
0,2,27331.327112140243
0,3,27329.62644181261
0,4,27289.219417494434
0,5,27295.498691619607
0,6,27311.93367331051
0,7,27354.533005572874
0,8,27312.570597462505
0,9,27330.02260409592
0,10,27303.01961696784
0,11,27328.970657753543
0,12,27331.040359776238
0,13,27319.619909515455
0,14,27307.176386577466
0,15,27313.285681424015
0,16,27354.380198666033
0,17,27338.17742410373
0,18,27318.157137929964
0,19,27355.921362542118
0,20,27364.114281521524
0,21,27365.019356645782
0,22,27346.77754158592
0,23,27308.101027212728
0,24,27336.642307029037
0,25,27325.968061127034
0,26,27364.005030884375
0,27,27346.639785094165
0,28,27325.42955386598
0,29,27354.767027201982
0,30,27331.710317418387
0,31,27334.83524564704
0,32,27346.3903052024
0,33,27336.449209930543
0,34,27370.946349913298
0,35,27333.215139965116
0,36,27366.120828931143
0,37,27388.217103950952
0,38,27393.225372814348
0,39,27359.852344735325
0,40,27329.966275977407
0,41,27315.505819922553
0,42,27373.56018565622
0,43,27370.202687039215
0,44,27385.89417774086
0,45,27346.95806736802
0,46,27363.679708118052
0,47,27345.613279940826
0,48,27315.970734693125
0,49,27337.594980337202
0,50,27317.25761527786
0,51,27353.957177079777
0,52,27344.72268732693
0,53,27344.52377311644
0,54,27335.57978823193
0,55,27325.52550667351
0,56,27315.960855500256
0,57,27292.136154041164
0,58,27292.89671902037
0,59,27279.543374076664
0,60,27317.00754006046
0,61,27313.613912865552
0,62,27339.51054857096
0,63,27321.335464268905
0,64,27335.69760595889
0,65,27326.4413374903
0,66,27335.12035202971
0,67,27365.177529768447
0,68,27362.264531951205
0,69,27343.09977198774
0,70,27375.460686200753
0,71,27360.100121870368
0,72,27370.51725526497
0,73,27366.34321635702
0,74,27333.504424248382
0,75,27314.464404681024
0,76,27289.19111785254
0,77,27322.896413933056
0,78,27318.493857510115
0,79,27315.616052333193
0,80,27315.73578593598
0,81,27314.613364507662
0,82,27333.79521950602
0,83,27305.892935514818
0,84,27326.848511647306
0,85,27379.994829272215
0,86,27348.82774513399
0,87,27344.196717373747
0,88,27370.480392005185
0,89,27369.793069817068
0,90,27330.541669910133
0,91,27300.825305785063
0,92,27261.697230284426
0,93,27295.12350062345
0,94,27287.046466498767
0,95,27280.86115998708
0,96,27277.318679063756
0,97,27328.557074838514
0,98,27362.018470375333
0,99,27348.84092972434
0,100,27331.68560505792
0,101,27338.917149189983
0,102,27333.716336187048
0,103,27322.921460286725
0,104,27329.43115069699
0,105,27306.194041167495
0,106,27336.23480030184
0,107,27366.480901721723
0,108,27329.862361166517
0,109,27278.10345101176
0,110,27277.451169763623
0,111,27303.495034547672
0,112,27342.805303025776
0,113,27359.76649542399
0,114,27390.539684820094
0,115,27384.708233348487
0,116,27421.164684401305
0,117,27409.711994075784
0,118,27392.931729190164
0,119,27418.86182837063
0,120,27353.587857892984
0,121,27314.07575289873
0,122,27282.624774748987
0,123,27334.340456284444
0,124,27325.4243377915
0,125,27346.83463368402
0,126,27350.37584004408
0,127,27324.395639612525
0,128,27356.801881090574
0,129,27324.20567572611
0,130,27332.45359494474
0,131,27334.135768877364
0,132,27341.13517440948
0,133,27314.30535705366
0,134,27378.292032921698
0,135,27415.351871687686
0,136,27372.810688150075
0,137,27355.059530383496
0,138,27385.75905594096
0,139,27333.5185665927
0,140,27329.44579663798
0,141,27336.190460661106
0,142,27308.54777655983
0,143,27349.5192793568
0,144,27357.715140140284
0,145,27349.734247195072
0,146,27343.066469329806
0,147,27318.774860891663
0,148,27308.972034267554
0,149,27325.39895803991
0,150,27342.463313150758
0,151,27339.42764583392
0,152,27339.528795904855
0,153,27342.086051506307
0,154,27334.24491223785
0,155,27304.027483934846
0,156,27307.43536968743
0,157,27283.327718427005
0,158,27303.006487173716
0,159,27283.882797341146
0,160,27278.814420598766
0,161,27311.646761652697
0,162,27322.353146819532
0,163,27345.851015123615
0,164,27314.025698821617
0,165,27280.41200598323
0,166,27288.403149574995
0,167,27303.209188789508
0,168,27328.011501070236
0,169,27345.592048975115
0,170,27379.878241658997
0,171,27376.55447317548
0,172,27374.92047659767
0,173,27371.688697139125
0,174,27345.66735003719
0,175,27357.446932481635
0,176,27357.34218073646
0,177,27376.666884048514
0,178,27334.71367518602
0,179,27341.29990437975
0,180,27351.350010221315
0,181,27355.989507674796
0,182,27371.22672179134
0,183,27383.62038404519
0,184,27355.137523322122
0,185,27289.71507747464
0,186,27334.832247054957
0,187,27330.522818339712
0,188,27329.0367541106
0,189,27346.864293715866
0,190,27345.561836907626
0,191,27357.06200944404
0,192,27326.21183860609
0,193,27345.432571769234
0,194,27360.01317376671
0,195,27347.094102702267
0,196,27322.604867272716
0,197,27350.19580389121
0,198,27397.47724262527
0,199,27322.48585376245
0,200,27368.225855876484
0,201,27341.44237984526
0,202,27370.532995736092
0,203,27332.832633406862
0,204,27354.213813475413
0,205,27343.5629703281
0,206,27382.51918933427
0,207,27390.839173861663
0,208,27380.596190949156
0,209,27328.89401490574
0,210,27350.832438981033
0,211,27337.327861360434
0,212,27355.12298739943
0,213,27400.27364952054
0,214,27377.86222515277
0,215,27357.419798575604
0,216,27342.870469950856
0,217,27351.877981377704
0,218,27347.236307363553
0,219,27337.682903836336
0,220,27323.218294005328
0,221,27342.948221431863
0,222,27339.693826605213
0,223,27332.663959707283
0,224,27346.81257595525
0,225,27331.834457783294
0,226,27302.207000229784
0,227,27325.907375964816
0,228,27317.801170399714
0,229,27342.457550535666
0,230,27337.20566711791
0,231,27325.002887281866
0,232,27314.326846009368
0,233,27327.270484068864
0,234,27322.049937518324
0,235,27332.632007729062
0,236,27334.327512255244
0,237,27330.444223817736
0,238,27358.385800614054
0,239,27325.999127204297
0,240,27321.621204175313
0,241,27366.558490277515
0,242,27349.961040068658
0,243,27341.7680514556
0,244,27315.692328426776
0,245,27336.937452957154
0,246,27322.734392279275
0,247,27339.608836604195
0,248,27338.222698528814
0,249,27387.74658781204
0,250,27400.912662759863
0,251,27368.737076153895
0,252,27378.066729313778
0,253,27334.38625786533
0,254,27358.459841309577
0,255,27346.538662034945
0,256,27340.68622577747
0,257,27302.75667995851
0,258,27325.21190700348
0,259,27321.14411802479
0,260,27357.87422984743
0,261,27364.76666787747
0,262,27403.26538387867
0,263,27374.887833154688
0,264,27377.863094219912
0,265,27394.913052397354
0,266,27345.297797968567
0,267,27348.561475321752
0,268,27328.966040575477
0,269,27339.999362178536
0,270,27329.271318342777
0,271,27317.692063598755
0,272,27360.714234962747
0,273,27302.016822901158
0,274,27273.98489828824
0,275,27298.445915970668
0,276,27258.570883861314
0,277,27298.320178552916
0,278,27357.14308208655
0,279,27322.6617244261
0,280,27327.47081759096
0,281,27300.545852850602
0,282,27306.027448072695
0,283,27306.19923806663
0,284,27285.319887321566
0,285,27326.789844012197
0,286,27327.49857262533
0,287,27342.671345173014
0,288,27342.44732940735
0,289,27287.969676070166
0,290,27331.892078364992
0,291,27304.95857233472
0,292,27317.07188952557
0,293,27325.580372600143
0,294,27343.41071311995
0,295,27371.339416950254
0,296,27320.64035990154
0,297,27353.934970708433
0,298,27372.04446266368
0,299,27335.791551251474
0,300,27352.95111418866
0,301,27341.155356421998
0,302,27364.781355842944
0,303,27368.328020022564
0,304,27393.79850057366
0,305,27354.971143612904
0,306,27324.689733093317
0,307,27293.695044570635
0,308,27294.723205964496
0,309,27299.928076184704
0,310,27280.073868277683
0,311,27279.385357513962
0,312,27295.571357187113
0,313,27329.474710208797
0,314,27330.173347429434
0,315,27327.886017895155
0,316,27334.63379133968
0,317,27299.035496670836
0,318,27243.381079955816
0,319,27292.359609237
0,320,27287.72997091552
0,321,27291.163570102264
0,322,27338.019617430517
0,323,27316.525437540313
0,324,27316.14339362551
0,325,27335.5984899269
0,326,27332.659368326847
0,327,27366.836048429264
0,328,27343.328312109777
0,329,27335.833849937884
0,330,27312.875581898334
0,331,27346.025547479974
0,332,27386.877316126876
0,333,27372.872863601286
0,334,27379.6504223941
0,335,27378.939466701846
0,336,27331.242842041833
0,337,27306.185016038584
0,338,27322.30265759789
0,339,27302.68985736448
0,340,27280.337880474508
0,341,27275.619918266144
0,342,27299.16784331759
0,343,27302.79248441268
0,344,27318.63318894566
0,345,27332.886630565656
0,346,27380.407678845208
0,347,27394.46163268423
0,348,27361.24268452844
0,349,27352.776612386082
0,350,27327.234124123705
0,351,27336.334779761743
0,352,27338.296516823055
0,353,27324.008176450618
0,354,27326.764353491115
0,355,27345.809469071926
0,356,27322.508580788504
0,357,27310.089767557853
0,358,27316.392979905482
0,359,27351.263447672143
0,360,27362.92161996026
0,361,27343.04925477963
0,362,27348.302489024867
0,363,27368.6289890026
0,364,27335.457519368283
0,365,27323.332630968955
0,366,27328.7520378999
0,367,27327.731684942544
0,368,27297.918869623863
0,369,27323.66178290797
0,370,27325.579481061628
0,371,27348.902632905054
0,372,27325.034652538863
0,373,27322.895656932684
0,374,27328.60733985981
0,375,27318.904410043717
0,376,27305.524564837648
0,377,27300.281186188524
0,378,27347.1126710801
0,379,27373.825759382475
0,380,27343.95934581018
0,381,27386.53813882439
0,382,27353.07714866485
0,383,27343.071952806484
0,384,27358.158070797366
0,385,27330.502474113804
0,386,27316.66396664601
0,387,27341.262179238453
0,388,27304.118196451574
0,389,27311.78211380119
0,390,27353.06918179966
0,391,27349.143119396125
0,392,27329.940703953478
0,393,27330.23112411651
0,394,27299.63463680398
0,395,27314.832262142645
0,396,27342.540922034048
0,397,27321.057124068207
0,398,27306.356873779085
0,399,27324.305201680894
0,400,27309.89926524569
0,401,27368.2842936132
0,402,27368.594694110736
0,403,27364.317720041083
0,404,27358.072304805446
0,405,27374.375356782195
0,406,27358.79958141578
0,407,27355.474643954105
0,408,27396.00299239839
0,409,27346.048615089723
0,410,27335.350641235244
0,411,27305.30666509521
0,412,27344.284083676008
0,413,27349.431278314012
0,414,27335.50842601818
0,415,27357.046920531287
0,416,27362.137302942687
0,417,27362.612446919593
0,418,27312.02885618542
0,419,27331.583458902736
0,420,27349.042234251912
0,421,27372.74355818658
0,422,27353.456799244785
0,423,27331.28411920257
0,424,27357.257214443383
0,425,27347.832667354436
0,426,27372.700056088735
0,427,27387.051976119237
0,428,27368.802804288014
0,429,27327.965408531363
0,430,27364.3614838556
0,431,27361.309879056913
0,432,27364.89890358919
0,433,27332.203923727924
0,434,27319.862806011413
0,435,27307.15817442668
0,436,27338.274914123973
0,437,27332.269172921944
0,438,27354.62761280411
0,439,27324.451725744257
0,440,27408.33888305832
0,441,27397.058055257992
0,442,27397.387401345666
0,443,27384.53231486528
0,444,27347.00454016878
0,445,27309.911950226346
0,446,27324.474662515946
0,447,27345.608228674082
0,448,27338.284491552116
0,449,27371.61401482792
0,450,27306.715293837697
0,451,27338.14318042241
0,452,27301.708025438827
0,453,27337.45305428949
0,454,27309.681729275224
0,455,27297.38334870848
0,456,27288.215744310102
0,457,27309.731095175815
0,458,27322.4398698104
0,459,27320.12529632712
0,460,27322.860735049057
0,461,27322.258016303207
0,462,27298.86470301456
0,463,27282.479497834815
0,464,27328.07333084169
0,465,27410.641236143158
0,466,27399.32576217032
0,467,27395.575991052374
0,468,27419.287808117835
0,469,27370.254357572074
0,470,27306.266520157034
0,471,27314.50082817052
0,472,27298.668564611653
0,473,27347.702231064748
0,474,27348.735538266144
0,475,27336.01276377252
0,476,27340.846372716984
0,477,27309.315501613575
0,478,27332.408591663105
0,479,27314.994993704684
0,480,27306.02103304183
0,481,27337.13044422366
0,482,27299.64830131388
0,483,27300.336824545448
0,484,27316.34439745444
0,485,27324.93320295762
0,486,27319.9704296436
0,487,27314.12330267946
0,488,27293.87465940263
0,489,27321.83666690395
0,490,27290.382562881285
0,491,27292.68029183469
0,492,27304.75563462362
0,493,27339.423560341216
0,494,27338.68513752522
0,495,27355.970582902533
0,496,27340.21412164931
0,497,27371.34708108694
0,498,27341.276531778818
0,499,27337.830046666928
0,500,27367.178775987846
0,501,27355.75012259469
0,502,27347.240732306425
0,503,27376.4505701086
0,504,27368.10824371153
0,505,27360.14441595672
0,506,27365.207249257575
0,507,27381.815890405374
0,508,27394.280353216684
0,509,27390.370000751765
0,510,27345.217697292133
0,511,27339.853489618385
0,512,27361.181265969368
0,513,27351.66726885429
0,514,27357.63929716216
0,515,27368.690862948075
0,516,27360.276201051238
0,517,27381.194689595985
0,518,27367.88484997305
0,519,27340.144705997838
0,520,27339.078845510674
0,521,27347.076174864807
0,522,27357.575232907035
0,523,27322.857920859577
0,524,27318.195681987283
0,525,27338.53544229974
0,526,27348.0762152197
0,527,27350.164486022633
0,528,27312.413630035655
0,529,27281.903242700886
0,530,27315.850560947983
0,531,27334.42904731672
0,532,27288.291349471932
0,533,27299.720378389637
0,534,27276.03560105122
0,535,27252.035894766184
0,536,27243.64143624986
0,537,27275.073468400355
0,538,27335.097152222592
0,539,27291.26664052622
0,540,27292.388535538485
0,541,27341.038123157174
0,542,27345.700139641765
0,543,27377.5801039465
0,544,27359.613298447897
0,545,27386.063954865444
0,546,27361.007929259227
0,547,27391.053961549584
0,548,27367.756833286254
0,549,27362.45238225057
0,550,27360.638933237555
0,551,27357.151993399017
0,552,27352.22248938709
0,553,27361.745059483877
0,554,27330.27453438002
0,555,27354.149848566067
0,556,27337.968489183615
0,557,27360.79085520021
0,558,27330.674680823216
0,559,27328.785564539186
0,560,27329.353717281607
0,561,27330.73900594332
0,562,27307.91038412742
0,563,27288.015009446164
0,564,27294.98517730041
0,565,27324.304958411954
0,566,27312.266121082353
0,567,27363.072416158393
0,568,27337.54103194396
0,569,27342.146909879233
0,570,27323.329681313666
0,571,27307.763726124856
0,572,27292.834368054475
0,573,27274.85692223063
0,574,27341.414719160188
0,575,27383.01590426184
0,576,27369.79824348405
0,577,27372.63475107423
0,578,27359.054843116515
0,579,27380.53969197612
0,580,27362.606416793005
0,581,27361.07670324485
0,582,27331.106299410254
0,583,27308.761027817356
0,584,27292.319330338574
0,585,27312.324528006695
0,586,27360.151905553077
0,587,27319.88934435494
0,588,27305.293279998346
0,589,27335.311583731334
0,590,27341.56052049279
0,591,27323.86139929863
0,592,27349.596311619312
0,593,27368.057752540204
0,594,27379.482936507553
0,595,27346.388205635812
0,596,27351.43672255914
0,597,27343.547260335807
0,598,27387.3595819704
0,599,27351.059502427546
0,600,27320.320070372643
0,601,27317.50422889593
0,602,27333.691174547756
0,603,27345.334880590362
0,604,27341.020980776168
0,605,27322.36289980111
0,606,27315.83276968594
0,607,27260.651671357795
0,608,27297.91619682356
0,609,27320.0657341554
0,610,27316.923255214082
0,611,27320.702826604087
0,612,27343.46884396815
0,613,27286.209663062265
0,614,27285.617141293777
0,615,27300.52991851436
0,616,27369.30485145258
0,617,27386.344570503297
0,618,27370.51242849857
0,619,27329.698287874628
0,620,27332.338858805433
0,621,27323.59496322773
0,622,27319.23423924831
0,623,27323.47202806673
0,624,27334.929375933847
0,625,27352.705713711985
0,626,27330.597740613295
0,627,27347.150791939403
0,628,27346.37338055196
0,629,27325.05592406279
0,630,27318.161385758194
0,631,27296.066173647207
0,632,27320.43702001456
0,633,27292.8287887692
0,634,27335.73125434425
0,635,27335.802631757382
0,636,27318.46386424918
0,637,27330.602040867856
0,638,27341.920755930525
0,639,27333.545427579727
0,640,27342.099873471663
0,641,27295.54718657765
0,642,27297.53013129133
0,643,27314.71543727824
0,644,27353.452418325964
0,645,27350.62652111978
0,646,27342.629699474113
0,647,27321.123332389354
0,648,27312.38082602712
0,649,27340.05266263561
0,650,27320.427005106514
0,651,27304.805808873763
0,652,27286.99404863827
0,653,27293.713755159435
0,654,27327.59369378978
0,655,27295.2495236295
0,656,27323.185629736752
0,657,27330.900383068176
0,658,27324.1710934715
0,659,27309.817589523795
0,660,27343.817785616484
0,661,27337.381406800512
0,662,27320.685047663002
0,663,27320.42224457553
0,664,27350.50912025562
0,665,27312.74764692177
0,666,27283.54460672227
0,667,27296.996622233284
0,668,27326.952851594935
0,669,27320.8764262661
0,670,27387.337487099656
0,671,27385.803910547824
0,672,27354.359449723503
0,673,27305.62373890066
0,674,27318.337469910213
0,675,27361.18560041243
0,676,27329.430808905938
0,677,27338.542454696402
0,678,27320.83336766331
0,679,27324.65156063038
0,680,27288.627745015965
0,681,27252.46792075019
0,682,27264.91003896295
0,683,27300.43347541652
0,684,27269.502209677197
0,685,27317.98623795621
0,686,27285.802001642445
0,687,27308.000173283093
0,688,27364.700294354298
0,689,27349.76517876306
0,690,27346.35422196395
0,691,27367.51296282345
0,692,27396.34641201259
0,693,27319.53470827212
0,694,27332.623810839574
0,695,27375.025573753825
0,696,27309.363624307975
0,697,27327.853341321377
0,698,27331.362930639138
0,699,27342.835797007257
0,700,27342.130400043963
0,701,27394.6735548491
0,702,27358.094509400747
0,703,27318.792672899384
0,704,27282.63387661829
0,705,27304.91026380502
0,706,27314.436058325216
0,707,27353.306610599735
0,708,27334.344277286786
0,709,27349.878620863437
0,710,27337.32985966729
0,711,27303.00705977296
0,712,27334.975996250803
0,713,27350.135718587808
0,714,27342.041736217845
0,715,27359.64508986231
0,716,27360.80239557124
0,717,27305.48283245156
0,718,27319.525602318106
0,719,27312.91685611744
0,720,27291.40685021455
0,721,27348.92136837399
0,722,27317.488992624854
0,723,27338.009457803182
0,724,27298.91682092452
0,725,27327.411545734594
0,726,27351.968879899665
0,727,27333.024788894734
0,728,27362.57538974555
0,729,27336.74778281551
0,730,27310.099699554055
0,731,27337.71005110596
0,732,27330.779491076475
0,733,27326.844934924593
0,734,27327.275139732374
0,735,27333.875568193995
0,736,27356.14151122846
0,737,27309.658256259674
0,738,27303.852443515218
0,739,27327.761595773107
0,740,27289.129912942626
0,741,27344.72835375411
0,742,27340.723155084208
0,743,27336.620335368534
0,744,27322.515149889598
0,745,27320.526631122837
0,746,27294.39161784165
0,747,27331.439322976526
0,748,27317.40263793814
0,749,27329.13615053297
0,750,27327.50539183297
0,751,27332.728864681136
0,752,27294.28644461948
0,753,27316.72228956472
0,754,27342.263658898988
0,755,27337.101254986184
0,756,27361.15343883632
0,757,27350.20753612491
0,758,27328.632638631054
0,759,27305.231430271266
0,760,27367.052432183747
0,761,27376.29983156592
0,762,27395.35546064425
0,763,27402.075839991983
0,764,27361.776548780075
0,765,27322.211941153662
0,766,27352.335230783683
0,767,27347.230518984557
0,768,27355.01484731495
0,769,27348.32031059119
0,770,27304.23698188264
0,771,27313.868111742755
0,772,27344.22179178483
0,773,27323.126651160936
0,774,27339.550029625585
0,775,27362.29445079109
0,776,27356.014044344392
0,777,27360.920931880984
0,778,27370.416951929255
0,779,27343.358798318764
0,780,27363.136185964857
0,781,27336.640129624786
0,782,27335.39349502931
0,783,27358.70613998009
0,784,27337.80873551931
0,785,27362.522036595095
0,786,27354.3732674214
0,787,27375.753219276372
0,788,27364.66953041403
0,789,27401.617012766346
0,790,27380.65111804406
0,791,27396.312780359563
0,792,27389.747250328048
0,793,27381.569411132197
0,794,27362.934591847246
0,795,27317.735359824095
0,796,27337.90764583289
0,797,27369.949224128028
0,798,27377.491140627495
0,799,27349.329325667066
0,800,27339.095448844328
0,801,27379.443429261053
0,802,27375.91705904994
0,803,27353.24746234337
0,804,27353.934533857042
0,805,27319.384400142335
0,806,27349.224816536753
0,807,27349.87050848013
0,808,27323.745181131973
0,809,27366.29351385193
0,810,27355.799086185016
0,811,27338.446311690917
0,812,27325.70495562099
0,813,27357.56705642312
0,814,27338.059451037916
0,815,27336.00132689923
0,816,27351.40639888606
0,817,27340.65764449889
0,818,27329.147129724264
0,819,27350.53676148478
0,820,27326.620677828607
0,821,27351.060751389854
0,822,27348.621369741435
0,823,27327.204113961816
0,824,27304.673333884184
0,825,27303.87492038784
0,826,27285.12808231245
0,827,27271.225937523748
0,828,27317.77502328926
0,829,27311.723581711838
0,830,27340.670300819
0,831,27351.73689926583
0,832,27320.270267559343
0,833,27284.354182504485
0,834,27295.440835064805
0,835,27323.919395813813
0,836,27361.847813285487
0,837,27345.27154844336
0,838,27326.657823090063
0,839,27323.459708125323
0,840,27270.68864527148
0,841,27286.429825439187
0,842,27361.54933788963
0,843,27349.327393693926
0,844,27314.791618673342
0,845,27342.565445437573
0,846,27343.04101036532
0,847,27362.647873690104
0,848,27314.585760582893
0,849,27317.55674783632
0,850,27329.84989128332
0,851,27317.955690208637
0,852,27345.321569195872
0,853,27384.762706553734
0,854,27338.62865016819
0,855,27305.56106425527
0,856,27321.380709874793
0,857,27296.68553892697
0,858,27308.369954796344
0,859,27310.32402637899
0,860,27329.71716280694
0,861,27318.70002913626
0,862,27323.286662893956
0,863,27319.45310020814
0,864,27384.794418615875
0,865,27351.321717021016
0,866,27322.747898441023
0,867,27346.33887349319
0,868,27371.673897913242
0,869,27377.062279516274
0,870,27384.744398253482
0,871,27346.818478130077
0,872,27317.20711272321
0,873,27288.89519315147
0,874,27320.624720871936
0,875,27265.71041115483
0,876,27284.523578400032
0,877,27285.715163393048
0,878,27321.837029572802
0,879,27351.09721020865
0,880,27304.95071629324
0,881,27351.05613345869
0,882,27347.216205480017
0,883,27345.188643045338
0,884,27325.326710559646
0,885,27336.228834945945
0,886,27341.625600744093
0,887,27358.857861610446
0,888,27368.375386294345
0,889,27357.676876924263
0,890,27360.54792695528
0,891,27363.65631618487
0,892,27357.079808870236
0,893,27280.63231663748
0,894,27314.553506881897
0,895,27340.110172419176
0,896,27347.906864581368
0,897,27318.70201074788
0,898,27289.17205914576
0,899,27304.476523660553
0,900,27313.40523271907
0,901,27325.107198988422
0,902,27344.75466304837
0,903,27355.273146995616
0,904,27373.870103938305
0,905,27360.50059189487
0,906,27363.826777722395
0,907,27360.899659326584
0,908,27387.50356087838
0,909,27319.614828733607
0,910,27362.313938571282
0,911,27361.952530372233
0,912,27375.176276178765
0,913,27365.510528195555
0,914,27382.736200508658
0,915,27362.222924289486
0,916,27326.827248777365
0,917,27307.111109000776
0,918,27337.28817025808
0,919,27316.490362813067
0,920,27346.528551872165
0,921,27380.931515897097
0,922,27328.253796114226
0,923,27329.14297521976
0,924,27343.602644850624
0,925,27320.68166331199
0,926,27302.489506039063
0,927,27315.122346654545
0,928,27301.74875087465
0,929,27331.689947245242
0,930,27339.269254019106
0,931,27316.179543352613
0,932,27334.643490170158
0,933,27344.650780571075
0,934,27323.782094071586
0,935,27304.752464487847
0,936,27325.18900543956
0,937,27330.35535867869
0,938,27351.18864889281
0,939,27359.483614519057
0,940,27329.79622565669
0,941,27325.36706787592
0,942,27314.96133869386
0,943,27320.580592522438
0,944,27335.453553953197
0,945,27328.368507274805
0,946,27310.122004046487
0,947,27359.489213495246
0,948,27316.712369547015
0,949,27322.475061256366
0,950,27317.649768873354
0,951,27304.569867962513
0,952,27326.670820593907
0,953,27341.57836379531
0,954,27347.312940166496
0,955,27349.44851071285
0,956,27298.904345524705
0,957,27315.334866739657
0,958,27318.28901826847
0,959,27305.735571937534
0,960,27297.747741779003
0,961,27305.391709052237
0,962,27323.476643571794
0,963,27310.120616362696
0,964,27291.921753353596
0,965,27326.59374147349
0,966,27342.907168732694
0,967,27361.98851541718
0,968,27344.66986666
0,969,27359.450616052458
0,970,27336.391407624462
0,971,27331.430377588942
0,972,27351.18825893732
0,973,27310.211643450162
0,974,27315.833093720692
0,975,27331.451809396065
0,976,27356.01825291701
0,977,27354.315784879636
0,978,27384.046699913106
0,979,27362.4251532161
0,980,27396.72020118504
0,981,27374.119193915638
0,982,27400.278741478574
0,983,27385.443343260686
0,984,27323.025134206095
0,985,27331.031722389944
0,986,27327.085797756423
0,987,27337.67120968995
0,988,27301.247889346476
0,989,27308.88097480973
0,990,27248.98535647818
0,991,27237.36166770802
0,992,27271.86124827638
0,993,27276.150588396198
0,994,27303.21435712451
0,995,27314.80898075927
0,996,27345.498395752216
0,997,27357.147741776604
0,998,27322.71397223684
0,999,27340.489753790924
0,1000,27342.073142878882
0,1001,27356.249113768456
0,1002,27371.142899651553
0,1003,27341.840112298556
0,1004,27299.237373585092
0,1005,27276.629560262412
0,1006,27311.44995582385
0,1007,27338.46649650653
0,1008,27335.529174640196
0,1009,27370.61341390747
0,1010,27376.777609569785
0,1011,27343.012513043097
0,1012,27337.949991304085
0,1013,27326.375916155434
0,1014,27314.57732521806
0,1015,27346.091250949987
0,1016,27352.679074128668
0,1017,27339.079900487
0,1018,27323.843345426696
0,1019,27327.2858407974
0,1020,27345.94671089099
0,1021,27330.305317129423
0,1022,27321.523815735385
0,1023,27334.55405424412
0,1024,27344.563376238802
0,1025,27342.35121885332
0,1026,27362.695699100615
0,1027,27392.650697679004
0,1028,27406.36016119812
0,1029,27382.540425048825
0,1030,27344.735796200675
0,1031,27332.81373999852
0,1032,27315.270936588837
0,1033,27273.624890709747
0,1034,27314.998531204874
0,1035,27327.19674224815
0,1036,27296.68641931923
0,1037,27297.765964804268
0,1038,27305.268608853756
0,1039,27281.977015755907
0,1040,27261.66210129797
0,1041,27320.799302805684
0,1042,27276.99628288253
0,1043,27230.196684154722
0,1044,27272.289120609432
0,1045,27359.3109722481
0,1046,27343.775697701072
0,1047,27305.353974636375
0,1048,27342.670659642034
0,1049,27347.47104520255
0,1050,27325.278772053687
0,1051,27290.480884579803
0,1052,27323.903913672566
0,1053,27312.460600693114
0,1054,27355.32710234124
0,1055,27367.440917327185
0,1056,27368.432105013682
0,1057,27354.20818116696
0,1058,27363.865496934646
0,1059,27373.374236063995
0,1060,27354.279981655145
0,1061,27335.389150006067
0,1062,27368.25124520185
0,1063,27373.350419403952
0,1064,27362.84218149593
0,1065,27282.380058565603
0,1066,27334.99233836306
0,1067,27333.174528888638
0,1068,27335.24389974164
0,1069,27325.100721629948
0,1070,27390.490591890997
0,1071,27362.226844467426
0,1072,27364.263846190326
0,1073,27325.74338246735
0,1074,27355.185686998746
0,1075,27342.88726324304
0,1076,27345.68325174857
0,1077,27323.124949828965
0,1078,27364.420263386794
0,1079,27365.85157723586
0,1080,27387.047560545983
0,1081,27350.14601814912
0,1082,27333.751984919287
0,1083,27345.73636825901
0,1084,27340.3518195412
0,1085,27325.065866071185
0,1086,27331.921216228307
0,1087,27295.942584455384
0,1088,27284.08535207109
0,1089,27292.719669293987
0,1090,27335.67637219466
0,1091,27316.062729757745
0,1092,27311.789563914233
0,1093,27320.327686241362
0,1094,27375.98506360671
0,1095,27326.905352639045
0,1096,27324.424766293334
0,1097,27345.703265812623
0,1098,27313.713876748112
0,1099,27297.93428287188
0,1100,27331.400156284446
0,1101,27350.185151008805
0,1102,27355.99003875377
0,1103,27333.74548409232
0,1104,27343.455386188372
0,1105,27377.5940467338
0,1106,27342.623170152277
0,1107,27341.548856218862
0,1108,27344.998308472503
0,1109,27333.323457718565
0,1110,27305.185613048332
0,1111,27320.639917009776
0,1112,27330.250389183962
0,1113,27343.463688670738
0,1114,27390.636557573227
0,1115,27351.752416011375
0,1116,27330.546011203536
0,1117,27317.92397262895
0,1118,27302.835244470436
0,1119,27315.025259795628
0,1120,27360.1395206203
0,1121,27364.739110082493
0,1122,27321.817202259124
0,1123,27338.21939985974
0,1124,27351.754438305787
0,1125,27362.64716020533
0,1126,27382.2696031069
0,1127,27377.83891269803
0,1128,27326.287660692444
0,1129,27334.110605929007
0,1130,27293.437910436045
0,1131,27344.233785675366
0,1132,27321.77215412461
0,1133,27367.144042405893
0,1134,27331.92587119366
0,1135,27365.93489750083
0,1136,27350.691827160423
0,1137,27340.565324329502
0,1138,27291.076456592127
0,1139,27356.501860771208
0,1140,27332.525347908322
0,1141,27320.395491574836
0,1142,27346.409056540957
0,1143,27335.363198605828
0,1144,27360.07351755695
0,1145,27337.120466880056
0,1146,27327.83089781209
0,1147,27340.22975819619
0,1148,27356.521183487315
0,1149,27352.89919184299
0,1150,27366.429770892373
0,1151,27401.780802710655
0,1152,27390.35419692629
0,1153,27349.80851688636
0,1154,27390.419310410693
0,1155,27398.91293999365
0,1156,27360.837730423333
0,1157,27352.03883494542
0,1158,27362.515962399866
0,1159,27374.363168741922
0,1160,27367.080203440368
0,1161,27370.79904786112
0,1162,27379.972873380804
0,1163,27397.59598631235
0,1164,27404.386745071177
0,1165,27410.485606619328
0,1166,27359.073861706867
0,1167,27355.241386272053
0,1168,27318.921433746873
0,1169,27360.666191487744
0,1170,27347.722783479738
0,1171,27336.263716632362
0,1172,27360.71426694805
0,1173,27409.841314545632
0,1174,27393.426446454385
0,1175,27354.02756764218
0,1176,27372.175793891634
0,1177,27353.02083774804
0,1178,27336.56375633993
0,1179,27325.049418887862
0,1180,27364.38529361586
0,1181,27408.64409023484
0,1182,27342.143762765838
0,1183,27346.268149097934
0,1184,27380.56198511059
0,1185,27347.75567263635
0,1186,27349.502253269602
0,1187,27314.471636741993
0,1188,27310.802954289575
0,1189,27333.368188638196
0,1190,27366.442944406503
0,1191,27299.40499108753
0,1192,27310.04940268525
0,1193,27321.45931004591
0,1194,27314.695938472738
0,1195,27280.96336038477
0,1196,27284.80884278715
0,1197,27296.03232703997
0,1198,27297.14292693141
0,1199,27361.65437180092
0,1200,27351.25183013876
0,1201,27336.6463348156
0,1202,27333.007993367773
0,1203,27359.35251211048
0,1204,27316.839663148017
0,1205,27335.89472100308
0,1206,27351.131675913937
0,1207,27377.24831995193
0,1208,27384.467359278813
0,1209,27374.247784923144
0,1210,27338.544103342792
0,1211,27347.734712449503
0,1212,27396.099018777255
0,1213,27385.45922333642
0,1214,27361.887015601296
0,1215,27318.44679742079
0,1216,27351.872305446326
0,1217,27371.451247813115
0,1218,27333.663406101205
0,1219,27355.873903078344
0,1220,27346.00520085396
0,1221,27361.15422318823
0,1222,27335.619236856346
0,1223,27358.003653678014
0,1224,27371.24464347819
0,1225,27349.700322709457
0,1226,27318.225241959
0,1227,27314.838430470267
0,1228,27323.264097949173
0,1229,27335.219769922744
0,1230,27305.191263237215
0,1231,27325.78750250832
0,1232,27310.71310259175
0,1233,27345.46304706273
0,1234,27326.20732291878
0,1235,27341.022417829652
0,1236,27315.087927773307
0,1237,27318.844672033872
0,1238,27334.96183433489
0,1239,27351.088597181464
0,1240,27330.281441908697
0,1241,27384.712737873742
0,1242,27389.272051756598
0,1243,27321.749949742298
0,1244,27357.90369579024
0,1245,27373.67271259282
0,1246,27340.179091552174
0,1247,27379.120180697962
0,1248,27380.24897310749
0,1249,27340.001223552365
0,1250,27345.86557446162
0,1251,27345.17933374711
0,1252,27318.674374177805
0,1253,27311.51985943347
0,1254,27307.14364304141
0,1255,27342.407061680777
0,1256,27380.336537345134
0,1257,27374.079709617814
0,1258,27351.750955255615
0,1259,27356.099180293244
0,1260,27365.808119602414
0,1261,27348.244382360313
0,1262,27364.86862809581
0,1263,27356.820416130464
0,1264,27334.96449718239
0,1265,27331.70775094801
0,1266,27348.214563519836
0,1267,27310.514045992077
0,1268,27304.235115342744
0,1269,27314.849801065786
0,1270,27354.200303096182
0,1271,27353.256443567625
0,1272,27353.42835537573
0,1273,27350.656145230172
0,1274,27348.410095324864
0,1275,27364.76511355176
0,1276,27350.78951246519
0,1277,27345.435459735294
0,1278,27319.03047897295
0,1279,27350.23851993143
0,1280,27338.170434621632
0,1281,27338.285317832764
0,1282,27402.47478007577
0,1283,27360.44336662306
0,1284,27304.42610211489
0,1285,27292.60042537944
0,1286,27283.74547969598
0,1287,27318.843097284363
0,1288,27347.907135250374
0,1289,27351.3368940629
0,1290,27351.037055622415
0,1291,27348.526500662054
0,1292,27300.67740009091
0,1293,27322.783215157393
0,1294,27305.383214264788
0,1295,27353.668827030622
0,1296,27337.14718530126
0,1297,27323.324587879586
0,1298,27353.39143452632
0,1299,27374.099071819815
0,1300,27308.13306918195
0,1301,27320.465812487113
0,1302,27310.92566295734
0,1303,27305.47494556254
0,1304,27327.966878500807
0,1305,27336.07299943246
0,1306,27367.787042493073
0,1307,27365.909090085064
0,1308,27331.338957609198
0,1309,27340.799865633766
0,1310,27363.63970959648
0,1311,27354.586232874317
0,1312,27373.925684891852
0,1313,27362.4164073321
0,1314,27334.926414139692
0,1315,27339.183739854972
0,1316,27364.59121158271
0,1317,27355.541950690975
0,1318,27376.73267522031
0,1319,27354.330724345047
0,1320,27360.774939423412
0,1321,27319.35104237531
0,1322,27319.207773706876
0,1323,27343.68252665583
0,1324,27352.470767590698
0,1325,27368.014506512787
0,1326,27348.42243297227
0,1327,27376.616133014344
0,1328,27378.979744105025
0,1329,27391.437900077362
0,1330,27374.06642518299
0,1331,27342.66313167139
0,1332,27346.153764764716
0,1333,27300.280183982602
0,1334,27327.612679307138
0,1335,27364.450065632056
0,1336,27333.970932634882
0,1337,27329.995799158627
0,1338,27303.527066469906
0,1339,27337.205637006668
0,1340,27370.455127530007
0,1341,27306.47045568872
0,1342,27337.73352045322
0,1343,27332.451711153608
0,1344,27324.34238670101
0,1345,27344.1173736004
0,1346,27316.584190794838
0,1347,27334.047964372636
0,1348,27325.40614508976
0,1349,27305.31849999385
0,1350,27320.63110088474
0,1351,27316.237965625107
0,1352,27321.060699718175
0,1353,27302.385166596763
0,1354,27351.640230527
0,1355,27330.960279853396
0,1356,27334.372269105846
0,1357,27364.70096989564
0,1358,27378.40396298041
0,1359,27378.805366906694
0,1360,27346.02208255402
0,1361,27348.153327156928
0,1362,27357.81041292218
0,1363,27352.377055711855
0,1364,27341.67446386164
0,1365,27318.308679663944
0,1366,27318.182481849803
0,1367,27334.25968746485
0,1368,27339.193773688792
0,1369,27340.05066920055
0,1370,27348.184364513807
0,1371,27351.103758511505
0,1372,27334.849789277396
0,1373,27314.87329128992
0,1374,27328.148179268712
0,1375,27318.268126343097
0,1376,27310.9275254922
0,1377,27297.578677340352
0,1378,27357.856300786698
0,1379,27372.32137824082
0,1380,27384.790335090976
0,1381,27374.29760889746
0,1382,27381.07475131208
0,1383,27387.45128334444
0,1384,27376.194951140722
0,1385,27364.348232733686
0,1386,27352.432007856954
0,1387,27321.10403874406
0,1388,27342.305364209453
0,1389,27312.692709845116
0,1390,27320.99974650879
0,1391,27323.50498597008
0,1392,27329.55267034822
0,1393,27289.391600763272
0,1394,27315.828782089626
0,1395,27322.270661333987
0,1396,27359.061809458723
0,1397,27324.220876436928
0,1398,27337.665578346678
0,1399,27351.89218860962
0,1400,27381.776161917518
0,1401,27354.726764428935
0,1402,27288.028377544677
0,1403,27325.62382914293
0,1404,27350.470777420618
0,1405,27294.8021651748
0,1406,27287.629760195883
0,1407,27331.16130523103
0,1408,27301.085184212192
0,1409,27313.367053734128
0,1410,27304.26863726025
0,1411,27366.997890311704
0,1412,27378.61451661273
0,1413,27335.023871659545
0,1414,27332.200567927746
0,1415,27309.28819067804
0,1416,27301.50106604925
0,1417,27278.79531309351
0,1418,27280.93610874608
0,1419,27282.098425650463
0,1420,27316.590247878525
0,1421,27338.02855131276
0,1422,27342.587737606904
0,1423,27315.45509150634
0,1424,27336.451522432377
0,1425,27299.481898468348
0,1426,27333.443082171594
0,1427,27268.184777073333
0,1428,27276.54952766453
0,1429,27353.276329983957
0,1430,27337.63584739033
0,1431,27317.400397966758
0,1432,27361.419813560504
0,1433,27334.754455042454
0,1434,27315.762214838534
0,1435,27284.14937663492
0,1436,27321.420953028017
0,1437,27326.167151765214
0,1438,27361.959192412578
0,1439,27369.94176464368
0,1440,27354.36912459425
0,1441,27309.375995328486
0,1442,27318.79980210516
0,1443,27379.47464265228
0,1444,27328.488864968505
0,1445,27306.282003492328
0,1446,27319.119590000868
0,1447,27349.56338392297
0,1448,27343.51055487195
0,1449,27313.598062376448
0,1450,27350.15286809001
0,1451,27354.122548749467
0,1452,27368.789863628266
0,1453,27361.6713320242
0,1454,27330.863662438915
0,1455,27354.80494499717
0,1456,27342.649308742173
0,1457,27351.89693433763
0,1458,27349.33336250823
0,1459,27322.500691559988
0,1460,27336.304981835132
0,1461,27327.286601103682
0,1462,27328.675736014004
0,1463,27362.53602346191
0,1464,27382.279676381764
0,1465,27386.722505440153
0,1466,27375.685871892878
0,1467,27371.202701899794
0,1468,27331.761755966716
0,1469,27372.652908055443
0,1470,27362.502850437664
0,1471,27344.304588522755
0,1472,27340.60093705844
0,1473,27344.27046734315
0,1474,27357.322292255336
0,1475,27330.11988780257
0,1476,27360.21757776696
0,1477,27371.822209702925
0,1478,27307.978052965875
0,1479,27314.690188390963
0,1480,27342.300465842458
0,1481,27326.34699107434
0,1482,27327.209118783587
0,1483,27332.23949824042
0,1484,27324.591750100255
0,1485,27328.30326359484
0,1486,27328.682298531934
0,1487,27309.63814420192
0,1488,27309.774532581934
0,1489,27280.48318926306
0,1490,27288.96345924834
0,1491,27319.382973875494
0,1492,27298.427657649365
0,1493,27301.096372780034
0,1494,27305.730734027842
0,1495,27373.783192409228
0,1496,27384.437987974325
0,1497,27334.95624111674
0,1498,27359.626803348172
0,1499,27378.992307842982
0,1500,27351.639941607857
0,1501,27349.55507420704
0,1502,27381.213080156507
0,1503,27409.810607625877
0,1504,27368.293953412503
0,1505,27377.965104267667
0,1506,27365.263596601424
0,1507,27374.660286816514
0,1508,27340.88779342303
0,1509,27337.758634623457
0,1510,27311.365921441076
0,1511,27320.110792863168
0,1512,27350.054469407234
0,1513,27347.02320310093
0,1514,27364.37425450774
0,1515,27323.62460174444
0,1516,27305.44167008129
0,1517,27295.799447065583
0,1518,27327.70289477923
0,1519,27363.012332379563
0,1520,27332.08630992893
0,1521,27315.891137315575
0,1522,27313.233148885774
0,1523,27305.259464036342
0,1524,27301.401186802104
0,1525,27367.281146947156
0,1526,27343.52294646422
0,1527,27354.12487928746
0,1528,27369.876500409267
0,1529,27341.654987671533
0,1530,27326.775090666073
0,1531,27337.749927282748
0,1532,27327.712092629903
0,1533,27326.371824140602
0,1534,27332.278178961133
0,1535,27312.165411736456
0,1536,27313.180977892505
0,1537,27339.40808879109
0,1538,27346.078387519683
0,1539,27279.420331098398
0,1540,27254.673962076904
0,1541,27273.942916895012
0,1542,27288.213377367512
0,1543,27323.345821482537
0,1544,27318.5939241368
0,1545,27316.41302313643
0,1546,27286.858044878034
0,1547,27329.864240639796
0,1548,27375.19814256437
0,1549,27318.03227582823
0,1550,27352.767309568822
0,1551,27333.884264368095
0,1552,27340.225737870864
0,1553,27327.197110154273
0,1554,27344.413805495282
0,1555,27309.996373148315
0,1556,27318.086624492058
0,1557,27305.236111830396
0,1558,27329.608368786437
0,1559,27309.346983616266
0,1560,27309.85753204743
0,1561,27311.26775332528
0,1562,27359.304394266757
0,1563,27393.680736314338
0,1564,27380.03361695979
0,1565,27341.345295735722
0,1566,27329.132228033992
0,1567,27329.18036842044
0,1568,27319.375484423366
0,1569,27302.23474402242
0,1570,27342.56507412406
0,1571,27308.935553092037
0,1572,27295.278795864855
0,1573,27281.786400050994
0,1574,27316.42179307465
0,1575,27346.37717193924
0,1576,27374.762571822463
0,1577,27354.636497746786
0,1578,27325.10038681545
0,1579,27328.745743685286
0,1580,27355.5772953156
0,1581,27342.02111525184
0,1582,27367.48400450926
0,1583,27323.1742537103
0,1584,27282.966181677984
0,1585,27320.997702023204
0,1586,27316.368686100097
0,1587,27294.915479862364
0,1588,27312.599602329497
0,1589,27338.140294847948
0,1590,27290.2338173533
0,1591,27331.195146919017
0,1592,27371.344245444194
0,1593,27355.047403085984
0,1594,27373.365588227
0,1595,27337.871297270678
0,1596,27325.912464087884
0,1597,27276.09474313696
0,1598,27269.21081506695
0,1599,27332.36542015154
0,1600,27380.402256370944
0,1601,27341.372458843784
0,1602,27320.977089926495
0,1603,27340.122140356765
0,1604,27325.870554203928
0,1605,27305.968959073158
0,1606,27310.003356572215
0,1607,27333.802420934117
0,1608,27320.72656186257
0,1609,27347.256142052356
0,1610,27366.823064727236
0,1611,27353.520099574456
0,1612,27358.5501744888
0,1613,27383.715301939512
0,1614,27375.24497451676
0,1615,27335.525758859687
0,1616,27342.14110547159
0,1617,27384.3276346152
0,1618,27403.276723375675
0,1619,27398.74632862608
0,1620,27422.189127349764
0,1621,27447.20987683674
0,1622,27370.258419343518
0,1623,27364.3737928065
0,1624,27364.7591393108
0,1625,27376.88808936815
0,1626,27383.653064965943
0,1627,27398.55783619576
0,1628,27352.849556283032
0,1629,27379.422232473506
0,1630,27343.69719326712
0,1631,27373.349266929643
0,1632,27327.598412724077
0,1633,27337.60118062132
0,1634,27318.446984132188
0,1635,27321.53925593263
0,1636,27340.152609245986
0,1637,27302.11110968637
0,1638,27334.10097432706
0,1639,27357.172830083375
0,1640,27339.18151313046
0,1641,27333.16045809697
0,1642,27332.82508940994
0,1643,27341.126446349277
0,1644,27374.318267152365
0,1645,27393.74906239442
0,1646,27379.07185545391
0,1647,27407.91916476578
0,1648,27388.098042041787
0,1649,27362.973310500736
0,1650,27395.683069822575
0,1651,27392.865904137558
0,1652,27336.325738622396
0,1653,27363.437390612366
0,1654,27358.341417512158
0,1655,27391.2900310329
0,1656,27343.526328081003
0,1657,27331.140834462007
0,1658,27335.39876819826
0,1659,27362.27726731103
0,1660,27384.231576977585
0,1661,27369.5066641028
0,1662,27316.22197591426
0,1663,27314.36153128725
0,1664,27348.651644152025
0,1665,27336.67916027886
0,1666,27365.17354439636
0,1667,27352.317461860337
0,1668,27355.839073552503
0,1669,27313.87488782396
0,1670,27345.024839576865
0,1671,27324.71457189568
0,1672,27361.293485017708
0,1673,27311.427719642656
0,1674,27312.377363528823
0,1675,27274.06500491272
0,1676,27313.26503557403
0,1677,27359.50964349587
0,1678,27367.729258796368
0,1679,27316.43671195024
0,1680,27301.65030126536
0,1681,27296.59096151954
0,1682,27311.402659075284
0,1683,27257.267830051478
0,1684,27300.814738468278
0,1685,27323.512024903273
0,1686,27327.91518277562
0,1687,27337.228465195923
0,1688,27348.336425716356
0,1689,27344.115256190107
0,1690,27325.91479832612
0,1691,27337.752405776566
0,1692,27334.629025921895
0,1693,27347.881225870606
0,1694,27385.398657577025
0,1695,27379.30663487053
0,1696,27330.969833079005
0,1697,27373.179119598506
0,1698,27355.04598442744
0,1699,27354.906260979686
0,1700,27312.733800454575
0,1701,27304.632332543773
0,1702,27321.343635941586
0,1703,27304.16252270333
0,1704,27294.694335025753
0,1705,27310.31740276984
0,1706,27338.705215072463
0,1707,27371.36073408039
0,1708,27355.856521515285
0,1709,27347.7661250135
0,1710,27356.756281276022
0,1711,27326.825069731567
0,1712,27297.18390340495
0,1713,27338.148240762872
0,1714,27349.81601174493
0,1715,27365.774220910607
0,1716,27372.153232414254
0,1717,27394.965622293534
0,1718,27392.02686782488
0,1719,27385.48570178207
0,1720,27330.453384673972
0,1721,27406.825002074616
0,1722,27326.535504720185
0,1723,27299.136370663215
0,1724,27292.54479536052
0,1725,27298.66599702296
0,1726,27329.95318800128
0,1727,27300.830857379948
0,1728,27304.43604006468
0,1729,27316.57646419828
0,1730,27368.47520427416
0,1731,27347.4490053652
0,1732,27343.137359553893
0,1733,27318.04011164801
0,1734,27337.192308617065
0,1735,27348.97634914186
0,1736,27349.384532913118
0,1737,27349.387467605156
0,1738,27311.85404316827
0,1739,27316.5801843479
0,1740,27318.405689515028
0,1741,27334.28504680687
0,1742,27319.57982807148
0,1743,27345.273302492424
0,1744,27307.561424727042
0,1745,27331.74539690386
0,1746,27348.933348078088
0,1747,27329.430768326383
0,1748,27310.98008675019
0,1749,27313.64000348413
0,1750,27306.602297289664
0,1751,27313.56829445976
0,1752,27317.23497792572
0,1753,27308.137196172465
0,1754,27342.92603948293
0,1755,27310.776627561398
0,1756,27340.568190623966
0,1757,27356.074691873102
0,1758,27357.018907525893
0,1759,27346.360085377808
0,1760,27351.077617796647
0,1761,27333.176075874828
0,1762,27367.10810676219
0,1763,27372.31089183914
0,1764,27329.92312826185
0,1765,27380.84055351311
0,1766,27373.793527924463
0,1767,27342.289359900555
0,1768,27331.760819587395
0,1769,27307.968886163617
0,1770,27329.58558609672
0,1771,27366.010951689816
0,1772,27339.373915375927
0,1773,27336.39510030304
0,1774,27379.57656718604
0,1775,27362.160127278843
0,1776,27343.403699202012
0,1777,27281.066550525065
0,1778,27334.68307542955
0,1779,27333.737978019464
0,1780,27332.569113392852
0,1781,27310.61260028555
0,1782,27327.613805846067
0,1783,27372.105752494797
0,1784,27360.856203563486
0,1785,27388.510431592305
0,1786,27379.27271685144
0,1787,27371.64141117608
0,1788,27320.421184837724
0,1789,27339.211922639763
0,1790,27344.113598729105
0,1791,27360.116486242554
0,1792,27343.18837580002
0,1793,27301.50629941974
0,1794,27295.47362228901
0,1795,27309.11959387217
0,1796,27337.82465878543
0,1797,27334.05367185256
0,1798,27280.344325128866
0,1799,27310.155856882833
0,1800,27339.43650473244
0,1801,27350.232257315576
0,1802,27324.89692660106
0,1803,27340.33946762326
0,1804,27334.715661452592
0,1805,27319.692807907795
0,1806,27355.50771481809
0,1807,27346.375610213778
0,1808,27348.452789433595
0,1809,27355.42660599923
0,1810,27352.23164544133
0,1811,27369.60747137606
0,1812,27375.16308371866
0,1813,27357.234160099975
0,1814,27344.039426261195
0,1815,27359.600925521932
0,1816,27314.44365687675
0,1817,27316.614942428372
0,1818,27330.01459323641
0,1819,27364.96936221493
0,1820,27346.787642727086
0,1821,27326.733884597103
0,1822,27347.29817517491
0,1823,27313.14202999316
0,1824,27338.058055483645
0,1825,27385.493156467797
0,1826,27385.908334941207
0,1827,27388.944914501513
0,1828,27378.65394417833
0,1829,27375.05379242735
0,1830,27381.43630595728
0,1831,27298.735106911226
0,1832,27345.382084738398
0,1833,27290.687565676926
0,1834,27294.15087664595
0,1835,27282.020472159526
0,1836,27295.461439028375
0,1837,27324.65881222946
0,1838,27324.721389138937
0,1839,27381.61540314781
0,1840,27385.51146327259
0,1841,27330.920448327233
0,1842,27337.494704165918
0,1843,27309.6839318896
0,1844,27322.003387170873
0,1845,27351.84181075156
0,1846,27388.97811033793
0,1847,27354.359347924328
0,1848,27307.24746721814
0,1849,27317.465016383638
0,1850,27348.837694076254
0,1851,27346.87556094716
0,1852,27282.10854438769
0,1853,27283.981202837975
0,1854,27285.781460037775
0,1855,27287.5051370629
0,1856,27280.607397589753
0,1857,27285.745100679247
0,1858,27337.601133230844
0,1859,27327.035403133123
0,1860,27318.462817861564
0,1861,27363.678141398963
0,1862,27370.65631860496
0,1863,27348.301111040117
0,1864,27346.0448188022
0,1865,27332.69985474599
0,1866,27335.97978220329
0,1867,27357.72604749059
0,1868,27378.87250780804
0,1869,27316.777815267124
0,1870,27274.46235310803
0,1871,27279.60888693936
0,1872,27305.698354235963
0,1873,27355.703850667327
0,1874,27355.241962725635
0,1875,27296.805076039665
0,1876,27296.109321353586
0,1877,27287.896410766156
0,1878,27316.423948420346
0,1879,27340.473616867886
0,1880,27318.35770577709
0,1881,27334.3865702366
0,1882,27341.331161275153
0,1883,27314.96025037402
0,1884,27362.151325385592
0,1885,27351.406820862565
0,1886,27345.52386889054
0,1887,27342.377154288126
0,1888,27361.289269581877
0,1889,27337.148435553154
0,1890,27323.405154596192
0,1891,27312.820991650777
0,1892,27327.27737836101
0,1893,27329.73546862259
0,1894,27350.383790382297
0,1895,27360.828766007457
0,1896,27355.719541200306
0,1897,27363.777951343218
0,1898,27330.1256644402
0,1899,27339.61425697075
0,1900,27306.421348744872
0,1901,27341.514989283092
0,1902,27394.947333208474
0,1903,27338.93891345155
0,1904,27319.172376218434
0,1905,27320.340387530316
0,1906,27348.196059005957
0,1907,27329.042706882447
0,1908,27351.55886265841
0,1909,27352.13606934313
0,1910,27367.841541884336
0,1911,27336.415832888044
0,1912,27328.03205579187
0,1913,27326.71232654301
0,1914,27311.761275553214
0,1915,27330.112882648165
0,1916,27294.47713239114
0,1917,27288.071218844732
0,1918,27330.18709771527
0,1919,27342.954499081705
0,1920,27328.24811108968
0,1921,27373.018876420374
0,1922,27348.70423552492
0,1923,27330.198298952633
0,1924,27321.604627338515
0,1925,27354.14432076265
0,1926,27340.810207353752
0,1927,27355.240679319562
0,1928,27356.619069188113
0,1929,27375.647342732213
0,1930,27369.83497441578
0,1931,27353.28764422905
0,1932,27312.021739532247
0,1933,27330.88481742234
0,1934,27356.486288080938
0,1935,27356.18960836948
0,1936,27321.515980686145
0,1937,27325.97431835996
0,1938,27332.911416371844
0,1939,27315.41336727257
0,1940,27292.657619313635
0,1941,27292.824724186834
0,1942,27317.44214569461
0,1943,27329.896115895655
0,1944,27349.698201313233
0,1945,27336.767891831238
0,1946,27345.22437459194
0,1947,27328.931826213713
0,1948,27343.661452054734
0,1949,27324.942017922935
0,1950,27332.515827865773
0,1951,27301.888821214434
0,1952,27320.414762736156
0,1953,27335.985952465267
0,1954,27339.440603122326
0,1955,27304.99717326485
0,1956,27318.86764718316
0,1957,27319.110210140105
0,1958,27320.86206709477
0,1959,27323.15893111017
0,1960,27334.142516673855
0,1961,27357.915032288656
0,1962,27348.750454951485
0,1963,27386.458149304162
0,1964,27365.852391384848
0,1965,27345.103777386426
0,1966,27345.364463567807
0,1967,27390.7559386018
0,1968,27378.38465514034
0,1969,27361.15464084874
0,1970,27422.450325262387
0,1971,27378.130606560408
0,1972,27349.68465936486
0,1973,27331.401104770415
0,1974,27294.670539378425
0,1975,27332.258550416453
0,1976,27401.329498793682
0,1977,27390.649863208713
0,1978,27372.21772951973
0,1979,27367.35733088547
0,1980,27325.789260162677
0,1981,27344.03242020896
0,1982,27382.706162143724
0,1983,27360.94493421527
0,1984,27351.87936341145
0,1985,27312.80969269525
0,1986,27298.55950571362
0,1987,27335.551297532973
0,1988,27286.18007280135
0,1989,27320.953403083608
0,1990,27322.11935580907
0,1991,27338.885575627595
0,1992,27308.91463684002
0,1993,27332.81838216916
0,1994,27359.956966461727
0,1995,27347.905502112793
0,1996,27365.120918698405
0,1997,27361.45261052936
0,1998,27309.97576024195
0,1999,27310.47484289855
1,0,27335.284004966645
1,1,27371.65327345106
1,2,27390.423791340585
1,3,27377.824925682242
1,4,27331.427294961923
1,5,27300.88745993566
1,6,27330.65931674906
1,7,27331.36395757596
1,8,27329.669673492244
1,9,27348.78269357444
1,10,27357.107491878523
1,11,27340.164515990113
1,12,27325.04697188765
1,13,27316.087699364743
1,14,27347.663884825928
1,15,27381.731712834775
1,16,27381.79354486609
1,17,27352.013990345775
1,18,27306.667773976755
1,19,27355.004028592222
1,20,27373.134301434737
1,21,27365.410698950946
1,22,27352.309591961606
1,23,27356.89480049306
1,24,27357.506590459165
1,25,27367.787003986334
1,26,27363.15017813443
1,27,27331.026125293905
1,28,27285.978886677225
1,29,27332.813817386643
1,30,27305.815154937536
1,31,27323.052418419367
1,32,27335.580346219085
1,33,27347.424597829282
1,34,27346.034573824265
1,35,27302.727685354603
1,36,27288.631883302336
1,37,27295.24173016078
1,38,27282.3686696099
1,39,27352.567958731317
1,40,27332.905693584547
1,41,27341.16188888237
1,42,27320.530113144854
1,43,27311.61216233108
1,44,27335.07942435184
1,45,27374.692910212325
1,46,27374.406813886962
1,47,27324.050528120733
1,48,27365.186935725713
1,49,27391.897849490746
1,50,27389.200169257656
1,51,27373.56215854531
1,52,27378.687860583414
1,53,27320.323571453988
1,54,27316.65880435139
1,55,27309.1341327233
1,56,27327.132664266603
1,57,27316.825024666974
1,58,27338.165395385757
1,59,27335.4426197744
1,60,27311.070349719364
1,61,27349.21394661922
1,62,27328.28031015392
1,63,27336.908581624164
1,64,27314.912675327265
1,65,27307.117969921022
1,66,27342.72796978495
1,67,27317.99667920073
1,68,27321.043031365833
1,69,27311.783039702805
1,70,27334.92969375172
1,71,27326.955674600948
1,72,27377.82708704854
1,73,27340.5509958041
1,74,27291.835223565176
1,75,27327.182957081062
1,76,27320.621108837135
1,77,27347.67206611952
1,78,27323.680291594224
1,79,27275.654447631005
1,80,27313.480443784156
1,81,27336.373205960175
1,82,27299.917260663282
1,83,27341.553896067384
1,84,27365.834397646053
1,85,27380.910173155044
1,86,27379.06291990152
1,87,27414.292648127244
1,88,27438.787479266186
1,89,27347.135910934725
1,90,27349.43917731444
1,91,27335.221677180576
1,92,27364.94851383209
1,93,27316.976619850546
1,94,27285.09725780652
1,95,27349.416889578693
1,96,27364.72491432897
1,97,27329.956833090746
1,98,27299.088309325936
1,99,27291.545976387893
1,100,27351.43173995673
1,101,27313.713765197066
1,102,27318.553675006915
1,103,27310.537069850896
1,104,27344.5292716051
1,105,27319.67587710407
1,106,27276.496787470045
1,107,27324.97287590799
1,108,27300.527081922904
1,109,27296.361528067515
1,110,27289.543657712562
1,111,27327.972902009817
1,112,27356.565887456694
1,113,27360.967466878767
1,114,27364.83102445284
1,115,27387.18685145536
1,116,27352.933421623995
1,117,27350.558302798767
1,118,27355.3169680109
1,119,27351.256591048957
1,120,27322.29711387273
1,121,27336.849361443885
1,122,27336.71428539766
1,123,27361.31042184359
1,124,27380.41406200538
1,125,27329.621317865738
1,126,27360.42391773913
1,127,27354.41046059336
1,128,27389.547567050275
1,129,27394.281939733544
1,130,27350.498266368504
1,131,27397.90197400954
1,132,27368.265288477505
1,133,27372.813738172463
1,134,27360.305403290084
1,135,27395.98327931053
1,136,27397.512559091403
1,137,27380.72517345903
1,138,27372.065207885942
1,139,27333.545623777743
1,140,27332.27780982018
1,141,27311.589666794283
1,142,27342.6865990254
1,143,27370.266102748476
1,144,27347.862593251593
1,145,27355.05671188696
1,146,27298.882486751452
1,147,27357.324296001232
1,148,27356.555192134456
1,149,27314.51124866374
1,150,27305.994026242417
1,151,27315.373822627087
1,152,27336.06971107201
1,153,27346.798035442192
1,154,27286.638413884953
1,155,27309.316375877162
1,156,27344.345924648256
1,157,27327.027987478676
1,158,27365.811162948416
1,159,27343.972400241553
1,160,27368.88174573163
1,161,27350.204380777013
1,162,27347.70095593787
1,163,27340.424519425032
1,164,27357.59572258418
1,165,27387.61807973071
1,166,27362.967866043804
1,167,27323.545999991355
1,168,27308.412417449148
1,169,27289.91317957272
1,170,27314.54188845036
1,171,27280.41570985219
1,172,27278.594160166245
1,173,27327.558900959808
1,174,27366.70242082021
1,175,27365.44184820588
1,176,27330.062361966033
1,177,27316.26320705358
1,178,27318.550650922432
1,179,27340.02203673871
1,180,27350.42565117754
1,181,27335.652309530433
1,182,27316.70152190322
1,183,27296.804055409346
1,184,27360.210859620827
1,185,27386.730621538958
1,186,27384.812664378318
1,187,27331.582900081303
1,188,27353.154869631275
1,189,27351.589203314248
1,190,27335.003141935736
1,191,27352.172511467452
1,192,27366.8397399896
1,193,27367.75586345494
1,194,27343.201885849277
1,195,27372.672887357432
1,196,27384.846782738685
1,197,27378.81898002016
1,198,27321.696097565375
1,199,27328.757646736995
1,200,27314.80425747796
1,201,27330.049213698087
1,202,27335.345956044453
1,203,27318.322626075642
1,204,27374.438014067775
1,205,27390.23348646926
1,206,27390.991617254742
1,207,27401.91217299131
1,208,27328.95305646584
1,209,27321.22044623994
1,210,27341.396746264763
1,211,27330.39869970834
1,212,27334.776042549216
1,213,27294.967613139244
1,214,27331.28980160871
1,215,27370.258048174786
1,216,27385.50282824914
1,217,27350.18566762278
1,218,27328.226459848735
1,219,27342.772937475343
1,220,27340.29308382355
1,221,27312.075357363425
1,222,27343.97794070044
1,223,27317.88195898992
1,224,27293.759806224287
1,225,27346.353207527776
1,226,27327.260928458207
1,227,27319.12271362655
1,228,27292.907490068617
1,229,27291.159661590773
1,230,27336.811243582317
1,231,27367.312003528077
1,232,27372.16043571979
1,233,27324.15562869738
1,234,27322.286809554123
1,235,27332.88914451106
1,236,27318.446762854637
1,237,27333.77103484762
1,238,27314.35959592307
1,239,27294.340539942612
1,240,27332.727853530632
1,241,27307.660748765124
1,242,27337.490177740507
1,243,27346.304753366534
1,244,27344.23265357305
1,245,27339.05551541867
1,246,27363.836153298493
1,247,27335.547171760518
1,248,27299.481889232145
1,249,27337.375631576426
1,250,27343.598840340208
1,251,27335.26421972762
1,252,27359.425931273418
1,253,27386.688953927736
1,254,27331.784025413115
1,255,27362.753883291356
1,256,27339.709101453893
1,257,27354.677235266914
1,258,27362.45319413594
1,259,27385.605821007135
1,260,27344.994917259617
1,261,27362.894031997977
1,262,27366.03564166202
1,263,27330.555792130126
1,264,27366.949021978366
1,265,27385.331494673723
1,266,27367.779490935798
1,267,27364.116399846756
1,268,27370.512996076428
1,269,27354.584565126173
1,270,27350.75748726324
1,271,27334.104313714342
1,272,27359.172032064485
1,273,27343.443273695062
1,274,27294.69109294923
1,275,27340.62867993283
1,276,27322.676793107195
1,277,27324.1519026714
1,278,27342.34814856032
1,279,27299.278080878925
1,280,27340.36246715948
1,281,27350.98776891187
1,282,27345.309791813033
1,283,27317.97746329252
1,284,27339.31393629487
1,285,27331.27815536916
1,286,27332.829369435658
1,287,27316.845916410643
1,288,27346.074386343396
1,289,27324.48505476973
1,290,27338.551399357824
1,291,27334.825126500593
1,292,27304.679902104814
1,293,27317.605512192924
1,294,27309.003829136138
1,295,27309.803923737418
1,296,27316.530260653442
1,297,27322.266390792836
1,298,27301.161272500423
1,299,27338.860551437727
1,300,27343.82416935108
1,301,27347.829278158864
1,302,27320.494412337008
1,303,27297.942424558267
1,304,27308.30787749007
1,305,27341.581364871527
1,306,27337.901454418752
1,307,27319.725630980432
1,308,27365.70981259933
1,309,27389.785589585877
1,310,27389.014130901134
1,311,27351.803668481145
1,312,27334.20909335014
1,313,27291.48424630619
1,314,27299.230603576314
1,315,27332.98742411808
1,316,27314.177788815534
1,317,27302.819321345203
1,318,27344.47446979917
1,319,27330.018162514578
1,320,27384.095843815525
1,321,27383.814887766646
1,322,27339.58245628398
1,323,27316.398286404838
1,324,27346.758378530343
1,325,27316.461759834467
1,326,27287.946552523554
1,327,27285.482303452034
1,328,27310.780045019277
1,329,27279.923648201457
1,330,27295.017692540383
1,331,27342.15856300909
1,332,27304.89723085975
1,333,27305.74583847615
1,334,27309.32919423661
1,335,27348.509672492695
1,336,27360.376309685205
1,337,27366.549432863827
1,338,27324.254516092293
1,339,27334.354753101048
1,340,27333.37101568379
1,341,27286.531361475805
1,342,27341.15721698599
1,343,27353.566597134795
1,344,27364.214385586867
1,345,27384.141491422506
1,346,27341.093355746023
1,347,27354.350273894022
1,348,27350.4166300625
1,349,27342.75926290147
1,350,27322.15916453096
1,351,27368.964462527612
1,352,27361.1073352216
1,353,27341.43926439389
1,354,27378.529829967058
1,355,27354.785119757427
1,356,27399.49860966823
1,357,27354.24341135305
1,358,27336.89782554339
1,359,27370.45906830789
1,360,27336.074686821757
1,361,27366.84449858247
1,362,27330.46785731643
1,363,27325.411199886
1,364,27337.06070436916
1,365,27327.817887590314
1,366,27336.115724949093
1,367,27370.87003347167
1,368,27327.21669984711
1,369,27347.198780573017
1,370,27351.352351831727
1,371,27330.84517636897
1,372,27329.853212113892
1,373,27358.238500018593
1,374,27346.966149007592
1,375,27314.052695881604
1,376,27335.476342947735
1,377,27319.395090461854
1,378,27359.900386218782
1,379,27346.067472588824
1,380,27382.6193798856
1,381,27366.84191653633
1,382,27338.38142917708
1,383,27356.59147792352
1,384,27369.776882867453
1,385,27363.52147195242
1,386,27373.013287884613
1,387,27366.060495788268
1,388,27366.47292816761
1,389,27366.87422359816
1,390,27319.372824661765
1,391,27360.695617521254
1,392,27355.812200247747
1,393,27265.102837171904
1,394,27289.46632985191
1,395,27332.48006969673
1,396,27323.431171296997
1,397,27357.053167106897
1,398,27364.138947376534
1,399,27364.729493764742
1,400,27363.554539972498
1,401,27339.313558626505
1,402,27320.29463821847
1,403,27320.150819788207
1,404,27312.124630381306
1,405,27335.424465515993
1,406,27314.792748945554
1,407,27325.288959395053
1,408,27303.431463035777
1,409,27338.976103587527
1,410,27315.730374834005
1,411,27311.88288243797
1,412,27311.74685939737
1,413,27312.39461440611
1,414,27333.592037655868
1,415,27335.56185852514
1,416,27326.889465512257
1,417,27323.025084138237
1,418,27321.962683460326
1,419,27350.27964647285
1,420,27375.945611697094
1,421,27377.025740954363
1,422,27298.224854293047
1,423,27347.308228195943
1,424,27353.50410750933
1,425,27341.094161465324
1,426,27349.28380288337
1,427,27278.819627224624
1,428,27302.305133063037
1,429,27275.712321915085
1,430,27313.34215647337
1,431,27316.869801621346
1,432,27315.726637448723
1,433,27304.08510229806
1,434,27314.77078016974
1,435,27315.6049937247
1,436,27320.18411048477
1,437,27346.178721453485
1,438,27371.746481687747
1,439,27347.80356557876
1,440,27358.509250148323
1,441,27333.4224374753
1,442,27347.579261011877
1,443,27331.546076064413
1,444,27341.895686355234
1,445,27308.07178519485
1,446,27306.97746163572
1,447,27310.522505035613
1,448,27321.89388668461
1,449,27326.044720370057
1,450,27354.221744862174
1,451,27344.932011334255
1,452,27355.165055399477
1,453,27338.457687200716
1,454,27322.709423824876
1,455,27318.378680663525
1,456,27323.72043137548
1,457,27348.600991396346
1,458,27349.557336051683
1,459,27353.95398065732
1,460,27296.276496798022
1,461,27318.881414906526
1,462,27312.61009358726
1,463,27345.602780165944
1,464,27308.04984477047
1,465,27350.09652694999
1,466,27319.013841838238
1,467,27288.58043791783
1,468,27321.068532771405
1,469,27345.41085820517
1,470,27325.51118137325
1,471,27345.943795816143
1,472,27355.72875383137
1,473,27302.109738620962
1,474,27299.035620275106
1,475,27301.20470257551
1,476,27332.47568249881
1,477,27323.488151274094
1,478,27327.46409214625
1,479,27303.572935856573
1,480,27277.467360736075
1,481,27277.32553486309
1,482,27299.67183997853
1,483,27313.66607408637
1,484,27309.626014582376
1,485,27334.586447554328
1,486,27339.56196991113
1,487,27328.982442036948
1,488,27316.421557485344
1,489,27339.83664416994
1,490,27329.612763492652
1,491,27329.119749451806
1,492,27310.648527105976
1,493,27317.09705461267
1,494,27317.814154883046
1,495,27320.100175893913
1,496,27328.077168024294
1,497,27283.509295246527
1,498,27309.98638860511
1,499,27352.429271415465
1,500,27346.313407433146
1,501,27320.493748857403
1,502,27326.629752831403
1,503,27304.472350543016
1,504,27269.36200473308
1,505,27312.062776872197
1,506,27318.32058742094
1,507,27345.877062665073
1,508,27336.608536630836
1,509,27363.086122471996
1,510,27388.06734963131
1,511,27370.01079021678
1,512,27335.919487767012
1,513,27318.430316461447
1,514,27313.00069620314
1,515,27321.51189878963
1,516,27315.935944184308
1,517,27299.857030681535
1,518,27328.44850998848
1,519,27362.516743668857
1,520,27355.52491783196
1,521,27348.18027532805
1,522,27370.684866088483
1,523,27352.070585962465
1,524,27341.58721132605
1,525,27337.612462702273
1,526,27335.181218611033
1,527,27326.590219220223
1,528,27376.968094514097
1,529,27372.416200101732
1,530,27366.46277571436
1,531,27342.631761378103
1,532,27351.194310032155
1,533,27357.80463062041
1,534,27328.487477593946
1,535,27328.506913438057
1,536,27335.175661332432
1,537,27339.146871070607
1,538,27376.990453115908
1,539,27326.007689858412
1,540,27341.150173137274
1,541,27333.033216299867
1,542,27357.902299327965
1,543,27403.207321963062
1,544,27375.237440830824
1,545,27352.20599942789
1,546,27346.772723617436
1,547,27344.0883712583
1,548,27354.900660780502
1,549,27362.79515103907
1,550,27375.392628993308
1,551,27334.733608532704
1,552,27351.79392862835
1,553,27332.16781021338
1,554,27318.417606080915
1,555,27297.04239481944
1,556,27299.686321481702
1,557,27343.158757459187
1,558,27353.56846606413
1,559,27354.124854210597
1,560,27365.7890599376
1,561,27379.163047067603
1,562,27358.86667982333
1,563,27341.11569107831
1,564,27354.73450626238
1,565,27324.33750370842
1,566,27321.28595830786
1,567,27297.33158891376
1,568,27302.88703738578
1,569,27331.662533121922
1,570,27309.483537329383
1,571,27341.465344012013
1,572,27291.789522795087
1,573,27336.82246992593
1,574,27320.194557821047
1,575,27304.970521956184
1,576,27297.06000167087
1,577,27328.807544410218
1,578,27350.351485444622
1,579,27314.579086611862
1,580,27337.245287298618
1,581,27384.1615234145
1,582,27376.909289916355
1,583,27365.26892177988
1,584,27346.828393268177
1,585,27355.70412305248
1,586,27327.562711121675
1,587,27345.228544531106
1,588,27304.377337499012
1,589,27294.24912096695
1,590,27276.988638986917
1,591,27303.121146544927
1,592,27351.126893981444
1,593,27393.477129689072
1,594,27373.29011530443
1,595,27328.085902428596
1,596,27312.413284521033
1,597,27320.879069743223
1,598,27382.672355698825
1,599,27353.769848326065
1,600,27383.76555807427
1,601,27340.577607637715
1,602,27312.01132800315
1,603,27303.67454837949
1,604,27313.263378340103
1,605,27322.268273888032
1,606,27371.89340633597
1,607,27334.840264916726
1,608,27329.502980025747
1,609,27344.25081044062
1,610,27356.97599808839
1,611,27328.780351930207
1,612,27316.670300763188
1,613,27313.127905096044
1,614,27322.19400289546
1,615,27302.626433529997
1,616,27316.292637552764
1,617,27374.811986110773
1,618,27344.993262713426
1,619,27317.17244724412
1,620,27310.41482315143
1,621,27296.356283584355
1,622,27333.709050618672
1,623,27308.58556256873
1,624,27304.307985352436
1,625,27280.516283565878
1,626,27266.334271340773
1,627,27306.839164949706
1,628,27328.96867519366
1,629,27325.58626873796
1,630,27316.61534497721
1,631,27305.66985434772
1,632,27291.84685223895
1,633,27299.270054723584
1,634,27299.335375869014
1,635,27308.71517041353
1,636,27352.43719574146
1,637,27307.928546307423
1,638,27304.474536602345
1,639,27302.534424602607
1,640,27306.61970524811
1,641,27290.369602348434
1,642,27338.868423435244
1,643,27357.42827403267
1,644,27343.99249113997
1,645,27347.192884914206
1,646,27321.251879496078
1,647,27342.59076667887
1,648,27333.646817435652
1,649,27321.21515981146
1,650,27270.87116028478
1,651,27311.032193402534
1,652,27306.250128031537
1,653,27275.370693514014
1,654,27278.118579938917
1,655,27333.394857788924
1,656,27333.777884404877
1,657,27315.9510175272
1,658,27321.557961039725
1,659,27283.383101000414
1,660,27301.215968253444
1,661,27303.5594656587
1,662,27308.34008068462
1,663,27343.89555046101
1,664,27377.946914769855
1,665,27397.904849096863
1,666,27354.204561506016
1,667,27323.43017803015
1,668,27355.80118377228
1,669,27350.627515916978
1,670,27309.84710156018
1,671,27304.087737395184
1,672,27325.011063144968
1,673,27334.325423405164
1,674,27328.108216349763
1,675,27347.005863022092
1,676,27354.18273101348
1,677,27359.775289257774
1,678,27390.714817952412
1,679,27375.372797540647
1,680,27369.50254632537
1,681,27343.764115063448
1,682,27337.13862311752
1,683,27325.393783204734
1,684,27333.463669556895
1,685,27315.279008596845
1,686,27288.33898823454
1,687,27279.863341112054
1,688,27251.26325564886
1,689,27322.927048918405
1,690,27336.12131753033
1,691,27383.63066082134
1,692,27336.704952330307
1,693,27329.67698200755
1,694,27334.796195791903
1,695,27319.78316215259
1,696,27337.222596284962
1,697,27365.522624630463
1,698,27301.03070935613
1,699,27324.541308579202
1,700,27336.50292997817
1,701,27347.512996528814
1,702,27328.421127712933
1,703,27363.829271930183
1,704,27367.74588336948
1,705,27345.159290027565
1,706,27327.84825766826
1,707,27321.47964745329
1,708,27319.673749265694
1,709,27328.750096665404
1,710,27322.24142772009
1,711,27312.402855056014
1,712,27329.148692571292
1,713,27331.172823788307
1,714,27380.542867808363
1,715,27366.953064021345
1,716,27333.796285574896
1,717,27331.181117122345
1,718,27314.202653339693
1,719,27353.081779868622
1,720,27316.052434401216
1,721,27299.4268312229
1,722,27304.92170137229
1,723,27260.849574002154
1,724,27287.063455791616
1,725,27329.41851648821
1,726,27337.273033866517
1,727,27301.434840176946
1,728,27338.737618365823
1,729,27355.045259496703
1,730,27352.382911209337
1,731,27353.742554731496
1,732,27342.376465078083
1,733,27296.055862748446
1,734,27285.37464624909
1,735,27380.36458400686
1,736,27374.746906634668
1,737,27374.098239420495
1,738,27335.624307739265
1,739,27305.192830661654
1,740,27284.978925729363
1,741,27304.600485063474
1,742,27313.77609083143
1,743,27306.520576375264
1,744,27350.455363822028
1,745,27311.305861940353
1,746,27297.467509751466
1,747,27305.321074557927
1,748,27329.368874801607
1,749,27314.860745603994
1,750,27319.36336201611
1,751,27341.814836807687
1,752,27346.93325952234
1,753,27297.672838631555
1,754,27327.452346498383
1,755,27344.750670713314
1,756,27311.946899886814
1,757,27357.754116825483
1,758,27355.721594538052
1,759,27346.691438154998
1,760,27333.23488948661
1,761,27302.98052249641
1,762,27282.08408705595
1,763,27289.759957153517
1,764,27317.336968026455
1,765,27336.26725707068
1,766,27313.791798568265
1,767,27338.835480684735
1,768,27341.165447474294
1,769,27275.348562677125
1,770,27274.70555788951
1,771,27304.15180965832
1,772,27301.170982039457
1,773,27286.248817687803
1,774,27308.667181866913
1,775,27352.578926818907
1,776,27358.521965155036
1,777,27346.81188582319
1,778,27360.993272179654
1,779,27395.066619472924
1,780,27356.395973264585
1,781,27343.508006267497
1,782,27306.39003189311
1,783,27352.718091448878
1,784,27379.676174694494
1,785,27366.264250477925
1,786,27333.0367329462
1,787,27288.856467410787
1,788,27298.804378897777
1,789,27314.84832334989
1,790,27342.975564377193
1,791,27340.742938157837
1,792,27309.717185992442
1,793,27341.076347198898
1,794,27317.123667904452
1,795,27282.28705630597
1,796,27309.080403742875
1,797,27333.749250972778
1,798,27330.42735314493
1,799,27296.482756528305
1,800,27297.686572835806
1,801,27306.407602640964
1,802,27338.993860023787
1,803,27367.739646754213
1,804,27361.801403458063
1,805,27352.7763417726
1,806,27322.39856555064
1,807,27329.311917168852
1,808,27322.22029812926
1,809,27319.352940776207
1,810,27328.8069620868
1,811,27350.233070956456
1,812,27345.850949388678
1,813,27281.84412789324
1,814,27335.508658108643
1,815,27328.246098111147
1,816,27307.358659494043
1,817,27300.691285108245
1,818,27317.278244706828
1,819,27343.840088322657
1,820,27317.10485505302
1,821,27327.77957997726
1,822,27366.54580574138
1,823,27321.91253561943
1,824,27346.927657934266
1,825,27356.32471764443
1,826,27360.578018640237
1,827,27327.78597833605
1,828,27310.91803190171
1,829,27339.262329053865
1,830,27350.668164380386
1,831,27349.839873950736
1,832,27317.82891009058
1,833,27346.151183224894
1,834,27302.286185166857
1,835,27296.507730159752
1,836,27292.241175831794
1,837,27308.539410297675
1,838,27299.48910518806
1,839,27359.005843801482
1,840,27312.564587825225
1,841,27273.992981470357
1,842,27352.97668980757
1,843,27343.031060793375
1,844,27333.584188616624
1,845,27323.972079688072
1,846,27319.14233928579
1,847,27323.694537337793
1,848,27369.243253592354
1,849,27341.232687327185
1,850,27288.372676628587
1,851,27298.644379568163
1,852,27355.075818707544
1,853,27326.097317082127
1,854,27334.73014461593
1,855,27382.24630816969
1,856,27328.236450745848
1,857,27364.144465871286
1,858,27338.151983296124
1,859,27356.057223047497
1,860,27340.88388263063
1,861,27427.608281658486
1,862,27404.00604567247
1,863,27384.213701795816
1,864,27407.820903607553
1,865,27334.181562754653
1,866,27315.31642456809
1,867,27326.51836243919
1,868,27326.995652176458
1,869,27350.955074030517
1,870,27336.63870970797
1,871,27326.602402133398
1,872,27324.702391832383
1,873,27304.928161782645
1,874,27321.601463064275
1,875,27354.559274519575
1,876,27324.309281422036
1,877,27324.03081917659
1,878,27308.197402210866
1,879,27330.549393282643
1,880,27315.150322181096
1,881,27283.3527955572
1,882,27333.178529095516
1,883,27350.47678646956
1,884,27372.16996501722
1,885,27305.195559711443
1,886,27300.32000634924
1,887,27279.59061170218
1,888,27318.823830943722
1,889,27383.1638980287
1,890,27361.613929057436
1,891,27373.33245250672
1,892,27313.823398174296
1,893,27283.003611173823
1,894,27332.73251049474
1,895,27327.718734838607
1,896,27312.888346549324
1,897,27362.09065396595
1,898,27343.635539123607
1,899,27357.014303840504
1,900,27363.201002852053
1,901,27378.205320927947
1,902,27383.47731490681
1,903,27384.836915856
1,904,27386.253089602473
1,905,27314.211739320486
1,906,27287.384362285913
1,907,27290.04200230167
1,908,27325.644455715315
1,909,27346.521749054984
1,910,27349.384690688938
1,911,27348.257494251236
1,912,27315.319375557898
1,913,27314.411649471967
1,914,27317.6537957444
1,915,27277.893728830586
1,916,27302.523516119054
1,917,27342.044117859143
1,918,27351.501066875808
1,919,27394.735858407854
1,920,27356.87904777183
1,921,27299.66068491176
1,922,27309.369275183708
1,923,27322.2710753098
1,924,27333.426797802138
1,925,27333.182344536195
1,926,27332.966384385043
1,927,27338.932492512657
1,928,27354.632689610753
1,929,27372.217867653664
1,930,27334.435141326714
1,931,27295.769254837498
1,932,27276.879705125204
1,933,27279.311462304053
1,934,27300.273898328396
1,935,27279.465161590684
1,936,27305.277433804367
1,937,27309.719744125334
1,938,27313.049021233197
1,939,27312.051888366717
1,940,27335.69449935759
1,941,27310.792113170595
1,942,27351.6080276892
1,943,27308.348417196572
1,944,27338.07696163409
1,945,27318.710859670166
1,946,27293.71467033569
1,947,27310.12350934608
1,948,27326.008733128947
1,949,27381.772633645403
1,950,27336.4663964392
1,951,27382.61538984979
1,952,27297.72236607746
1,953,27299.69415221537
1,954,27307.142007054877
1,955,27377.81538581121
1,956,27322.700781752723
1,957,27362.94167668374
1,958,27342.913207796006
1,959,27366.5137882033
1,960,27354.649347323582
1,961,27350.908221803908
1,962,27298.01185894513
1,963,27351.412625265697
1,964,27349.011043565675
1,965,27371.342509586757
1,966,27319.15522769839
1,967,27350.43205659994
1,968,27380.519852831465
1,969,27377.199213533488
1,970,27349.506694751304
1,971,27312.03832904457
1,972,27343.004415125582
1,973,27356.527233053897
1,974,27352.956589541398
1,975,27367.499939747868
1,976,27356.425567609396
1,977,27311.116788836956
1,978,27312.43320990824
1,979,27303.019237809614
1,980,27332.339625149732
1,981,27365.916697127694
1,982,27371.421869701593
1,983,27332.682838697627
1,984,27316.065922209153
1,985,27324.43266234819
1,986,27347.165981433183
1,987,27332.36857993496
1,988,27352.211089566346
1,989,27351.115949672912
1,990,27334.623958696237
1,991,27387.1009958774
1,992,27351.600932329464
1,993,27336.963513342016
1,994,27279.138308847578
1,995,27309.93431007568
1,996,27350.670234552494
1,997,27351.39355520006
1,998,27314.39350938846
1,999,27322.123913900992
1,1000,27347.84058131467
1,1001,27345.3762766349
1,1002,27355.016796815282
1,1003,27329.472529096125
1,1004,27329.68760801545
1,1005,27356.32008861163
1,1006,27371.30407647411
1,1007,27324.33921833253
1,1008,27323.79901324335
1,1009,27341.134963778524
1,1010,27337.418176395768
1,1011,27325.79057209312
1,1012,27324.982511342016
1,1013,27321.23408454681
1,1014,27310.481438762516
1,1015,27305.80305930818
1,1016,27323.4113758264
1,1017,27344.087831220844
1,1018,27304.638164050448
1,1019,27346.730816179883
1,1020,27352.861370390732
1,1021,27392.005397573943
1,1022,27344.013382738885
1,1023,27329.487675008717
1,1024,27339.72945122146
1,1025,27338.713680292247
1,1026,27341.292985395503
1,1027,27333.284960235545
1,1028,27329.170011973376
1,1029,27334.18422305661
1,1030,27302.459677806288
1,1031,27302.172005961187
1,1032,27297.317909388403
1,1033,27306.538212955867
1,1034,27337.453726250445
1,1035,27357.979351665366
1,1036,27331.113713732462
1,1037,27281.56475828035
1,1038,27318.695256642757
1,1039,27340.8063003677
1,1040,27365.70336678477
1,1041,27384.42690291035
1,1042,27359.844191448003
1,1043,27307.794535971763
1,1044,27284.77176833946
1,1045,27342.42897903099
1,1046,27335.90474374639
1,1047,27356.463788863843
1,1048,27322.343264977142
1,1049,27318.921375370162
1,1050,27295.290753306053
1,1051,27280.75183222163
1,1052,27318.990994601543
1,1053,27353.547557940146
1,1054,27340.09346834356
1,1055,27326.710118579467
1,1056,27313.721170555145
1,1057,27336.012959211814
1,1058,27309.96516577532
1,1059,27281.363746128383
1,1060,27340.75869896699
1,1061,27357.281556167978
1,1062,27351.233163817495
1,1063,27316.64093984687
1,1064,27332.39614598511
1,1065,27337.436553924013
1,1066,27333.703458110005
1,1067,27328.87424664677
1,1068,27336.64115643058
1,1069,27360.74740034779
1,1070,27349.39091605767
1,1071,27335.9398115294
1,1072,27341.366789745814
1,1073,27368.232208929934
1,1074,27353.460170309216
1,1075,27372.35166147195
1,1076,27394.816797676096
1,1077,27362.394879791813
1,1078,27357.9304434514
1,1079,27364.980967162235
1,1080,27319.030346129304
1,1081,27366.388398671334
1,1082,27380.684619596275
1,1083,27388.19196022351
1,1084,27371.554054089687
1,1085,27347.92769857915
1,1086,27291.120733635973
1,1087,27302.449288276486
1,1088,27289.333745655887
1,1089,27290.995700940683
1,1090,27289.91100434262
1,1091,27304.251427583367
1,1092,27352.659268184518
1,1093,27347.715918301223
1,1094,27351.810101659827
1,1095,27334.21167972077
1,1096,27330.52097068603
1,1097,27317.386674425215
1,1098,27301.263432253312
1,1099,27283.324942528994
1,1100,27306.64211897833
1,1101,27330.083641056273
1,1102,27347.591394325824
1,1103,27337.90876129562
1,1104,27353.426358609697
1,1105,27304.935738849304
1,1106,27290.389160030136
1,1107,27270.72341630032
1,1108,27294.939491204175
1,1109,27321.596456364423
1,1110,27303.55498920438
1,1111,27310.783953388833
1,1112,27327.974033260387
1,1113,27367.336401778673
1,1114,27353.281462062085
1,1115,27353.508779192507
1,1116,27373.843365495995
1,1117,27347.888783197348
1,1118,27339.29725647528
1,1119,27327.864623772817
1,1120,27359.971395381683
1,1121,27355.660245251172
1,1122,27329.074242993094
1,1123,27345.388752899402
1,1124,27321.54122338603
1,1125,27306.626204258453
1,1126,27279.165847815806
1,1127,27324.204075112786
1,1128,27368.99467279305
1,1129,27374.482112139664
1,1130,27357.909139739586
1,1131,27322.980190182534
1,1132,27364.760444085594
1,1133,27354.05216273574
1,1134,27319.36543994372
1,1135,27389.830317919575
1,1136,27351.64066945133
1,1137,27349.039008373275
1,1138,27362.91691228882
1,1139,27381.154527098843
1,1140,27355.182715941868
1,1141,27350.973570786227
1,1142,27357.960073169786
1,1143,27336.777996672205
1,1144,27362.515496993452
1,1145,27342.393022120028
1,1146,27358.798427711674
1,1147,27376.662858971755
1,1148,27399.385343451944
1,1149,27378.25575975144
1,1150,27395.9087502122
1,1151,27379.78165257373
1,1152,27344.358493116262
1,1153,27345.22460467859
1,1154,27327.884656426253
1,1155,27317.638666519466
1,1156,27303.621760237627
1,1157,27306.88562077194
1,1158,27296.44132328575
1,1159,27336.201984778712
1,1160,27307.129361183874
1,1161,27333.07457352063
1,1162,27374.498983151712
1,1163,27389.502598058818
1,1164,27424.426315411547
1,1165,27371.04213009774
1,1166,27342.99800934996
1,1167,27362.886046540552
1,1168,27361.02483509556
1,1169,27342.292502056487
1,1170,27350.30244471984
1,1171,27349.98614412347
1,1172,27300.648434317292
1,1173,27296.968438297867
1,1174,27321.384483025384
1,1175,27299.880745481554
1,1176,27313.52176834182
1,1177,27305.08378127722
1,1178,27363.099786603932
1,1179,27369.946487714275
1,1180,27363.400235504432
1,1181,27354.14047673353
1,1182,27354.124872463515
1,1183,27308.610325991034
1,1184,27275.625465673595
1,1185,27348.15714832491
1,1186,27339.38800134637
1,1187,27329.625315632078
1,1188,27322.100727752386
1,1189,27332.853279940467
1,1190,27333.718584062568
1,1191,27305.519425248844
1,1192,27297.106221464663
1,1193,27295.29709876566
1,1194,27324.250187911715
1,1195,27342.12827905065
1,1196,27361.642768658407
1,1197,27337.72807207183
1,1198,27349.665224393888
1,1199,27308.637416627153
1,1200,27342.780673695437
1,1201,27335.880486239043
1,1202,27330.78471473313
1,1203,27347.265139185703
1,1204,27329.719172740275
1,1205,27309.466145205883
1,1206,27346.73060650993
1,1207,27338.720111765524
1,1208,27338.046984108703
1,1209,27339.34266291194
1,1210,27373.72432440487
1,1211,27339.228470714093
1,1212,27409.245503186627
1,1213,27360.443881766383
1,1214,27352.800351897804
1,1215,27372.971686273173
1,1216,27324.660389782133
1,1217,27362.21600019493
1,1218,27346.9577356078
1,1219,27325.11890274641
1,1220,27332.89408159905
1,1221,27335.14998312598
1,1222,27356.701579253728
1,1223,27309.465382476676
1,1224,27278.579781493852
1,1225,27327.02692640425
1,1226,27334.861003468497
1,1227,27313.349421984607
1,1228,27319.304323701042
1,1229,27300.08074657473
1,1230,27335.36645595837
1,1231,27316.54110526092
1,1232,27351.328442208927
1,1233,27323.80321061264
1,1234,27328.87767391465
1,1235,27328.492900085275
1,1236,27294.475911720496
1,1237,27315.16209096702
1,1238,27329.68843368268
1,1239,27307.187049195174
1,1240,27303.91339431655
1,1241,27270.1191614612
1,1242,27272.042924019148
1,1243,27300.137268905513
1,1244,27310.795991262676
1,1245,27332.056076512716
1,1246,27360.660689620334
1,1247,27344.44839984327
1,1248,27313.438874429015
1,1249,27366.63828026563
1,1250,27357.885648986354
1,1251,27398.621194231157
1,1252,27392.174274338304
1,1253,27349.16019096592
1,1254,27341.410215302123
1,1255,27367.759970892213
1,1256,27322.21055338027
1,1257,27367.484794646763
1,1258,27333.514162278545
1,1259,27387.873016790123
1,1260,27367.425288304898
1,1261,27335.68750299949
1,1262,27331.586899246806
1,1263,27302.752815925323
1,1264,27320.5717653245
1,1265,27344.406458207406
1,1266,27311.05762525858
1,1267,27293.455917963627
1,1268,27275.49234920367
1,1269,27300.778612250106
1,1270,27371.54366665215
1,1271,27362.787128906282
1,1272,27397.269468082053
1,1273,27412.392968662214
1,1274,27369.36441159033
1,1275,27376.309124229603
1,1276,27349.84524168302
1,1277,27344.108115530104
1,1278,27360.75059579696
1,1279,27368.958319329548
1,1280,27388.995288910697
1,1281,27357.607235367937
1,1282,27366.356045636305
1,1283,27359.010071696965
1,1284,27321.782821945242
1,1285,27326.52499320299
1,1286,27343.951563706392
1,1287,27341.128835280088
1,1288,27332.267914417924
1,1289,27344.368253282133
1,1290,27390.74571454155
1,1291,27352.533537869524
1,1292,27337.4249723106
1,1293,27324.042887266503
1,1294,27321.29829673616
1,1295,27290.139005445297
1,1296,27286.45183639902
1,1297,27262.079110740964
1,1298,27319.43917252704
1,1299,27315.378023515572
1,1300,27312.863079781175
1,1301,27312.204744668237
1,1302,27326.00660748467
1,1303,27301.694424270834
1,1304,27311.03683215616
1,1305,27330.899527348025
1,1306,27341.609137399893
1,1307,27314.836698997715
1,1308,27303.927107355797
1,1309,27311.005972336792
1,1310,27375.127966383756
1,1311,27353.385899212342
1,1312,27349.27514190516
1,1313,27360.27656646398
1,1314,27347.062974587327
1,1315,27347.810033254038
1,1316,27343.1268935964
1,1317,27355.376619135834
1,1318,27320.157076076226
1,1319,27319.513038529043
1,1320,27330.88649904333
1,1321,27330.706320339745
1,1322,27296.290193585828
1,1323,27294.96157294074
1,1324,27302.276381631575
1,1325,27312.416464974493
1,1326,27326.531905438147
1,1327,27280.638737332003
1,1328,27310.8780035405
1,1329,27316.081771648875
1,1330,27348.323345331584
1,1331,27347.174059998586
1,1332,27346.1914247642
1,1333,27333.8043939041
1,1334,27315.18488681767
1,1335,27336.60511845118
1,1336,27369.84110431755
1,1337,27390.453970221595
1,1338,27391.500013925546
1,1339,27406.338700465098
1,1340,27359.77728222233
1,1341,27350.30307782926
1,1342,27340.189095457004
1,1343,27334.023781225045
1,1344,27319.69084266365
1,1345,27320.756030389326
1,1346,27318.666237918293
1,1347,27330.812751062862
1,1348,27337.294175070896
1,1349,27334.14770886498
1,1350,27302.694641373033
1,1351,27321.49259794818
1,1352,27302.070084199655
1,1353,27331.282088051677
1,1354,27362.395323634013
1,1355,27339.89464973309
1,1356,27376.3157311458
1,1357,27341.025699973
1,1358,27317.347031543006
1,1359,27300.93437196088
1,1360,27316.208153561118
1,1361,27298.265151581887
1,1362,27313.43923478747
1,1363,27321.91821072368
1,1364,27286.239135932203
1,1365,27280.78126254248
1,1366,27339.050090661767
1,1367,27323.14366925863
1,1368,27356.50803222425
1,1369,27300.720551942693
1,1370,27341.28104178335
1,1371,27352.058147834192
1,1372,27387.0862494766
1,1373,27401.13886697695
1,1374,27374.562122530377
1,1375,27398.581527309583
1,1376,27382.03378566405
1,1377,27363.835846736252
1,1378,27333.612937476104
1,1379,27386.82203730881
1,1380,27350.977889068425
1,1381,27342.34976591073
1,1382,27372.78399828866
1,1383,27328.76012108006
1,1384,27353.492092619577
1,1385,27378.160502701186
1,1386,27348.117620412722
1,1387,27316.362757558345
1,1388,27326.333742859366
1,1389,27343.789118481785
1,1390,27313.747394792423
1,1391,27353.104413425226
1,1392,27312.276534068442
1,1393,27309.117313782328
1,1394,27325.615120758874
1,1395,27318.530391414293
1,1396,27333.535264774953
1,1397,27385.04953467051
1,1398,27345.337976266368
1,1399,27356.568326045464
1,1400,27351.82372634151
1,1401,27318.85453635778
1,1402,27334.437305371426
1,1403,27323.9517105248
1,1404,27303.04819346373
1,1405,27322.974053963662
1,1406,27307.703772882298
1,1407,27370.241656300186
1,1408,27333.405577282345
1,1409,27324.315777056476
1,1410,27325.590129340606
1,1411,27346.67134613404
1,1412,27322.94931869752
1,1413,27352.304915678986
1,1414,27338.093808697642
1,1415,27322.565700958097
1,1416,27317.928126725594
1,1417,27332.980214261428
1,1418,27367.296704076063
1,1419,27343.028084883925
1,1420,27329.63991051188
1,1421,27354.33444651547
1,1422,27334.805460903408
1,1423,27303.72473555276
1,1424,27345.91394381966
1,1425,27305.228215563857
1,1426,27329.065364717768
1,1427,27322.87154749437
1,1428,27332.032544682195
1,1429,27344.921504719743
1,1430,27361.796475396794
1,1431,27382.579587715165
1,1432,27316.734053155942
1,1433,27316.81870805975
1,1434,27339.79081397405
1,1435,27349.162717502084
1,1436,27323.59369286307
1,1437,27323.68852006246
1,1438,27343.553176052457
1,1439,27355.859030147123
1,1440,27337.685984571497
1,1441,27321.105276632665
1,1442,27343.943720314615
1,1443,27322.76624088
1,1444,27363.492931087796
1,1445,27341.93629105605
1,1446,27320.240710647962
1,1447,27325.85287395828
1,1448,27327.433007939486
1,1449,27338.469170160446
1,1450,27351.056293209997
1,1451,27344.516933842322
1,1452,27315.07333696572
1,1453,27316.716696317173
1,1454,27353.411498052632
1,1455,27335.198323208402
1,1456,27347.404687096874
1,1457,27338.349970875308
1,1458,27315.322837540312
1,1459,27321.997410535863
1,1460,27353.246207579898
1,1461,27348.232367626122
1,1462,27342.133014784413
1,1463,27339.936754664483
1,1464,27329.945486896468
1,1465,27323.1092731539
1,1466,27326.45965156781
1,1467,27329.555683443024
1,1468,27320.88520942744
1,1469,27358.972743648017
1,1470,27326.511502992085
1,1471,27326.08992463241
1,1472,27357.686371665248
1,1473,27335.581884950745
1,1474,27343.113961290615
1,1475,27335.20206517335
1,1476,27305.41631814197
1,1477,27333.441018924128
1,1478,27323.781806959425
1,1479,27372.56700200414
1,1480,27347.03292952258
1,1481,27362.546761927435
1,1482,27347.774451908554
1,1483,27375.419112138916
1,1484,27345.076220150524
1,1485,27338.59419408896
1,1486,27358.06877593963
1,1487,27318.40856313601
1,1488,27315.345516788
1,1489,27306.310837536035
1,1490,27306.834735586956
1,1491,27332.712967433996
1,1492,27348.03740352505
1,1493,27340.008779385404
1,1494,27358.21012873291
1,1495,27398.679404533406
1,1496,27400.74022232655
1,1497,27366.415708807806
1,1498,27348.722785991788
1,1499,27322.22609629289
1,1500,27321.786586982806
1,1501,27341.01951862398
1,1502,27317.1778085577
1,1503,27394.7058240267
1,1504,27361.033572259865
1,1505,27363.859488991613
1,1506,27369.286426190112
1,1507,27366.836532147143
1,1508,27388.97393437663
1,1509,27380.28740402292
1,1510,27338.90758500243
1,1511,27320.028776097224
1,1512,27320.683280301997
1,1513,27316.056873416623
1,1514,27337.83059457586
1,1515,27352.69505052206
1,1516,27335.235942784202
1,1517,27311.940853143078
1,1518,27321.792225577705
1,1519,27313.79392927952
1,1520,27314.170757986856
1,1521,27331.64397250761
1,1522,27332.555282011846
1,1523,27316.410020085135
1,1524,27363.75993911497
1,1525,27334.07337493742
1,1526,27354.669994733616
1,1527,27329.706326916097
1,1528,27321.559722716356
1,1529,27336.35171603718
1,1530,27322.32683153421
1,1531,27337.46062380568
1,1532,27356.17118634961
1,1533,27371.824407901368
1,1534,27342.041500821415
1,1535,27363.398627752333
1,1536,27353.630361056497
1,1537,27310.5931293978
1,1538,27350.32865868567
1,1539,27330.994963902674
1,1540,27315.359209493097
1,1541,27338.981242554484
1,1542,27328.35913584267
1,1543,27313.597043822083
1,1544,27316.660812079703
1,1545,27380.449317222632
1,1546,27396.805429380736
1,1547,27329.02714327464
1,1548,27324.252293020814
1,1549,27332.861012087862
1,1550,27313.161099501256
1,1551,27339.25199131574
1,1552,27341.522475321188
1,1553,27331.748035642304
1,1554,27287.43769759136
1,1555,27301.01423134751
1,1556,27333.207968550665
1,1557,27325.725051151978
1,1558,27372.77795664875
1,1559,27362.59692962348
1,1560,27349.218959361944
1,1561,27348.371248732503
1,1562,27356.142029178016
1,1563,27355.320901366176
1,1564,27348.77322175167
1,1565,27311.80846872233
1,1566,27330.933112034832
1,1567,27333.008139740516
1,1568,27361.320297743332
1,1569,27360.51125860828
1,1570,27326.809947433343
1,1571,27331.522724835235
1,1572,27303.223264053075
1,1573,27348.071341588875
1,1574,27353.875163442874
1,1575,27364.321293482113
1,1576,27303.874415461232
1,1577,27328.52877926789
1,1578,27311.888528343254
1,1579,27274.93101735372
1,1580,27285.498966773714
1,1581,27285.336710787673
1,1582,27304.401433725645
1,1583,27370.872945068113
1,1584,27369.867399207913
1,1585,27318.056851826022
1,1586,27325.735965435382
1,1587,27276.22630564757
1,1588,27349.41729413684
1,1589,27338.02067628618
1,1590,27337.492322461854
1,1591,27351.294130098257
1,1592,27388.83574918541
1,1593,27359.444325388482
1,1594,27317.192282625736
1,1595,27304.799461193517
1,1596,27303.297281039955
1,1597,27320.56447099095
1,1598,27361.560537212277
1,1599,27338.861132903552
1,1600,27364.64702196214
1,1601,27392.978884548593
1,1602,27363.752187243204
1,1603,27343.893667301705
1,1604,27360.657028151996
1,1605,27314.760340449317
1,1606,27295.495479518002
1,1607,27317.058829080564
1,1608,27343.947210799994
1,1609,27343.595438051336
1,1610,27352.96052726577
1,1611,27311.95336508797
1,1612,27321.875762091913
1,1613,27325.36964763286
1,1614,27289.163476588394
1,1615,27338.51049918838
1,1616,27350.934412658833
1,1617,27327.12605522319
1,1618,27343.98120284446
1,1619,27364.06459907694
1,1620,27349.53380120177
1,1621,27328.061206432354
1,1622,27357.527278946724
1,1623,27349.586588315706
1,1624,27332.74849634126
1,1625,27350.501476361886
1,1626,27345.97584799397
1,1627,27354.19688537486
1,1628,27342.961082527974
1,1629,27341.948302539644
1,1630,27334.390084435283
1,1631,27337.923559085146
1,1632,27355.37098185817
1,1633,27381.372793154158
1,1634,27344.64781171463
1,1635,27316.062187163756
1,1636,27339.559245326815
1,1637,27344.429213154872
1,1638,27287.70554730712
1,1639,27300.28912600914
1,1640,27284.3528791543
1,1641,27308.809715641844
1,1642,27299.184756650728
1,1643,27295.734057841117
1,1644,27267.940476395375
1,1645,27282.22825660236
1,1646,27326.090819874527
1,1647,27334.541046290527
1,1648,27316.053834617524
1,1649,27331.449983395178
1,1650,27359.699200787785
1,1651,27331.819200458172
1,1652,27297.499390898498
1,1653,27295.646575894654
1,1654,27332.61470778384
1,1655,27314.563795024165
1,1656,27323.837693604197
1,1657,27348.773619818174
1,1658,27311.20276145006
1,1659,27320.474813292418
1,1660,27332.696868725023
1,1661,27318.60624745377
1,1662,27345.087957791024
1,1663,27297.641525324998
1,1664,27360.66571749702
1,1665,27355.100682697437
1,1666,27351.286479917606
1,1667,27359.17313914672
1,1668,27353.679155219328
1,1669,27395.81164265677
1,1670,27387.21488890318
1,1671,27355.299532711495
1,1672,27323.56579844993
1,1673,27330.04173001658
1,1674,27332.344868066473
1,1675,27287.4899569921
1,1676,27333.439242064895
1,1677,27359.019357371522
1,1678,27338.493383243724
1,1679,27295.963918601625
1,1680,27289.86241352845
1,1681,27307.411727422215
1,1682,27303.258203192367
1,1683,27334.70379087833
1,1684,27330.78243444373
1,1685,27341.497587192407
1,1686,27335.074296130886
1,1687,27352.485963283263
1,1688,27336.566132100557
1,1689,27335.972559227015
1,1690,27339.080566449134
1,1691,27299.27725830837
1,1692,27259.204848364105
1,1693,27300.846642927227
1,1694,27317.104928374807
1,1695,27338.144615097746
1,1696,27359.56185558217
1,1697,27356.125835550847
1,1698,27368.890701797267
1,1699,27339.791277303502
1,1700,27326.533845635957
1,1701,27291.167695760232
1,1702,27321.208441850617
1,1703,27398.113064448724
1,1704,27368.294868666642
1,1705,27352.927182587424
1,1706,27342.59051339328
1,1707,27340.612934294877
1,1708,27324.24737160819
1,1709,27324.045192782665
1,1710,27339.35297777299
1,1711,27306.571789752074
1,1712,27314.74894294434
1,1713,27326.261511981193
1,1714,27333.005206635364
1,1715,27363.94268078777
1,1716,27325.65970372595
1,1717,27298.382649024985
1,1718,27285.075289166645
1,1719,27295.788227350306
1,1720,27312.61895139595
1,1721,27326.43552679978
1,1722,27290.126820539997
1,1723,27296.577094222313
1,1724,27297.78857295275
1,1725,27310.637174565476
1,1726,27316.07020727295
1,1727,27359.190693507895
1,1728,27373.00812927711
1,1729,27334.10077280273
1,1730,27354.387151402352
1,1731,27362.42396719908
1,1732,27338.7835621033
1,1733,27359.20886863398
1,1734,27312.798346220115
1,1735,27329.20750031608
1,1736,27359.779468936693
1,1737,27358.206785458446
1,1738,27370.732751645108
1,1739,27370.89574499279
1,1740,27351.55054011303
1,1741,27323.57547342733
1,1742,27317.70919197789
1,1743,27313.098076920276
1,1744,27294.34968917874
1,1745,27322.55615087225
1,1746,27309.942865360394
1,1747,27315.817377116102
1,1748,27330.43846316381
1,1749,27351.86344738742
1,1750,27344.334884741776
1,1751,27361.272536136403
1,1752,27347.06021424307
1,1753,27341.131722660917
1,1754,27348.862204822384
1,1755,27328.935461658846
1,1756,27330.24278540029
1,1757,27344.99700023134
1,1758,27352.59768050641
1,1759,27319.630660756793
1,1760,27314.304781334406
1,1761,27290.550770329028
1,1762,27302.081667491388
1,1763,27306.759530563904
1,1764,27345.208428916172
1,1765,27319.776242702916
1,1766,27326.809421403177
1,1767,27333.30824377924
1,1768,27326.371829369582
1,1769,27324.94873930055
1,1770,27289.117746736156
1,1771,27305.478116905517
1,1772,27309.89553528445
1,1773,27321.851945613325
1,1774,27346.18204214221
1,1775,27352.445018871967
1,1776,27334.37256732662
1,1777,27324.881244133645
1,1778,27340.126009576074
1,1779,27395.427336468518
1,1780,27381.569049834634
1,1781,27384.69233064906
1,1782,27346.117374403497
1,1783,27348.198850763565
1,1784,27348.732901028456
1,1785,27333.42013576785
1,1786,27305.13738347846
1,1787,27347.793452564507
1,1788,27339.871755525943
1,1789,27345.636489412518
1,1790,27361.238198703875
1,1791,27382.74186341694
1,1792,27356.60530163317
1,1793,27365.19258975367
1,1794,27361.20607957136
1,1795,27347.158183826614
1,1796,27355.018617157075
1,1797,27364.788104208255
1,1798,27348.377777862283
1,1799,27329.0169506847
1,1800,27334.0956683446
1,1801,27365.71438497239
1,1802,27362.07451969893
1,1803,27368.346997949822
1,1804,27325.547463886942
1,1805,27308.335718754144
1,1806,27315.612322503683
1,1807,27312.297920703524
1,1808,27328.427419239793
1,1809,27308.8943680713
1,1810,27342.94720448484
1,1811,27362.547833042692
1,1812,27344.25018722271
1,1813,27387.041786810805
1,1814,27347.947087277105
1,1815,27385.061667625545
1,1816,27370.368747137203
1,1817,27334.803170453804
1,1818,27386.981652326573
1,1819,27354.080348645693
1,1820,27348.335615102224
1,1821,27367.59308442045
1,1822,27373.3187140601
1,1823,27356.104390854463
1,1824,27333.264094215683
1,1825,27316.38862816439
1,1826,27374.384761322675
1,1827,27386.522143872986
1,1828,27378.68250648831
1,1829,27385.475903758477
1,1830,27371.967240481317
1,1831,27323.738433898954
1,1832,27313.31174806712
1,1833,27313.712160097097
1,1834,27323.51068646344
1,1835,27331.59535450401
1,1836,27325.404391768083
1,1837,27304.86346592066
1,1838,27312.724443542655
1,1839,27351.524340655957
1,1840,27343.149103574957
1,1841,27295.16210657917
1,1842,27317.22698702963
1,1843,27357.482462536518
1,1844,27362.968194249992
1,1845,27359.9379887837
1,1846,27319.049038663507
1,1847,27356.749261530018
1,1848,27350.353611153576
1,1849,27350.649248653466
1,1850,27375.992195733405
1,1851,27396.175900308677
1,1852,27364.48094068453
1,1853,27343.080303290553
1,1854,27317.22481032632
1,1855,27302.08144270478
1,1856,27298.496286187295
1,1857,27319.27601648923
1,1858,27344.375137748404
1,1859,27338.668296144035
1,1860,27383.720941600688
1,1861,27406.443388611682
1,1862,27400.90209203378
1,1863,27345.092665100765
1,1864,27317.618564860335
1,1865,27280.347151810383
1,1866,27284.314944111695
1,1867,27272.868857508314
1,1868,27322.421528660576
1,1869,27324.770633839573
1,1870,27368.93126474464
1,1871,27376.097366745944
1,1872,27343.111824445194
1,1873,27351.264225326264
1,1874,27350.08010893842
1,1875,27287.34191084447
1,1876,27286.53434272521
1,1877,27320.41912718915
1,1878,27330.963475829696
1,1879,27384.08836752593
1,1880,27323.602908303863
1,1881,27308.797460547463
1,1882,27346.290720765213
1,1883,27314.2903582619
1,1884,27321.131099849787
1,1885,27350.66367497876
1,1886,27347.928778778085
1,1887,27404.623094087077
1,1888,27391.090504900116
1,1889,27345.292308387245
1,1890,27392.124466859244
1,1891,27414.863170707365
1,1892,27323.343181759556
1,1893,27346.436801900356
1,1894,27322.13971244218
1,1895,27305.38985827614
1,1896,27294.92682129551
1,1897,27290.00665472329
1,1898,27291.814357129453
1,1899,27312.63514673219
1,1900,27294.326159978766
1,1901,27320.14234146524
1,1902,27288.903710012495
1,1903,27355.628619655512
1,1904,27374.125049948365
1,1905,27312.72915640576
1,1906,27320.314007056913
1,1907,27317.608886196107
1,1908,27276.62534596107
1,1909,27307.074366097462
1,1910,27336.518228762354
1,1911,27336.30228172796
1,1912,27387.920658479205
1,1913,27328.685524203163
1,1914,27327.57104922181
1,1915,27382.942184974043
1,1916,27395.701337462182
1,1917,27407.58512064406
1,1918,27334.46770132771
1,1919,27337.51558468029
1,1920,27310.62721697223
1,1921,27342.362374187054
1,1922,27334.204704330878
1,1923,27292.651681719057
1,1924,27338.459868416146
1,1925,27375.275113956228
1,1926,27354.908221979917
1,1927,27330.113047938623
1,1928,27347.536707472656
1,1929,27365.72052348534
1,1930,27354.42629044743
1,1931,27318.110379912116
1,1932,27334.13311561632
1,1933,27327.126816788143
1,1934,27350.361580948123
1,1935,27377.220089395003
1,1936,27399.443155975103
1,1937,27372.38842256922
1,1938,27405.243333351278
1,1939,27353.59778167689
1,1940,27327.99523992044
1,1941,27298.388121530654
1,1942,27346.604078131215
1,1943,27380.527398162998
1,1944,27373.21124761348
1,1945,27374.601229341763
1,1946,27393.672866486926
1,1947,27360.677338248992
1,1948,27304.36851458674
1,1949,27343.831967871716
1,1950,27336.64119130668
1,1951,27345.708568446244
1,1952,27340.04484729222
1,1953,27301.468600019285
1,1954,27324.187061717646
1,1955,27312.920759151613
1,1956,27325.07479358448
1,1957,27334.572543520135
1,1958,27342.86107856526
1,1959,27363.484757669004
1,1960,27407.692156815716
1,1961,27412.527814349993
1,1962,27378.61378059214
1,1963,27349.679558634096
1,1964,27357.24807629081
1,1965,27335.443509791035
1,1966,27339.228171776478
1,1967,27345.971049618904
1,1968,27347.38729053918
1,1969,27331.11332854479
1,1970,27320.94217740866
1,1971,27362.395852836045
1,1972,27371.760730312984
1,1973,27382.38036092688
1,1974,27382.355651901315
1,1975,27390.620877143545
1,1976,27359.03249137712
1,1977,27332.507814454322
1,1978,27367.772805295568
1,1979,27367.520818513072
1,1980,27412.45185767741
1,1981,27398.137531410204
1,1982,27347.98838923826
1,1983,27328.29290736991
1,1984,27286.129119996018
1,1985,27284.53952247994
1,1986,27292.25577393585
1,1987,27340.801735128636
1,1988,27336.1417067479
1,1989,27333.58497557164
1,1990,27340.00263887512
1,1991,27328.304474434204
1,1992,27298.96387257868
1,1993,27309.27302005746
1,1994,27323.454022232938
1,1995,27349.0883032353
1,1996,27340.586088769283
1,1997,27280.974760201425
1,1998,27280.10556451429
1,1999,27317.23862245643
2,0,27338.262139213537
2,1,27353.099429903843
2,2,27329.801173430464
2,3,27316.20355985104
2,4,27367.763903243802
2,5,27356.194982698762
2,6,27356.525704807733
2,7,27315.874982099733
2,8,27316.958077974752
2,9,27335.58520981126
2,10,27322.912077575664
2,11,27298.14182574848
2,12,27346.728028337864
2,13,27353.915093280382
2,14,27368.202612401863
2,15,27359.6380909043
2,16,27378.699885938306
2,17,27327.173322080933
2,18,27370.979399495052
2,19,27370.25633812264
2,20,27383.094870066405
2,21,27351.989461592446
2,22,27380.6575782351
2,23,27349.982199393467
2,24,27346.228535845028
2,25,27351.09825023662
2,26,27356.021061452226
2,27,27270.037127024898
2,28,27280.26837289803
2,29,27255.715646686025
2,30,27249.434077992355
2,31,27274.418649629566
2,32,27287.493801350407
2,33,27297.04560275045
2,34,27330.996017015474
2,35,27324.65288498518
2,36,27316.528730814785
2,37,27334.748776901695
2,38,27306.80003236711
2,39,27345.612623396657
2,40,27344.79250360424
2,41,27289.80907960428
2,42,27328.094971761013
2,43,27318.10835706979
2,44,27305.44439346035
2,45,27348.424651099846
2,46,27377.658084837094
2,47,27355.754880489367
2,48,27335.5271072303
2,49,27311.201500176216
2,50,27355.94350531967
2,51,27371.550133661174
2,52,27369.012975080284
2,53,27336.410386208245
2,54,27302.26397163875
2,55,27335.047011251023
2,56,27325.274655458612
2,57,27322.390833424168
2,58,27340.688846197536
2,59,27304.135291812327
2,60,27376.63952397598
2,61,27362.339154427573
2,62,27289.20397393835
2,63,27296.937927901363
2,64,27328.026896058276
2,65,27328.447335209476
2,66,27254.73282939443
2,67,27288.148241062918
2,68,27329.146950462502
2,69,27341.260242759345
2,70,27327.514510444667
2,71,27345.382718523695
2,72,27308.2547609414
2,73,27313.326474607304
2,74,27289.868847807764
2,75,27316.27197986087
2,76,27301.630122119328
2,77,27315.168067071172
2,78,27355.83213633269
2,79,27351.027630982542
2,80,27320.429467534817
2,81,27361.74002462594
2,82,27384.70236896227
2,83,27341.236696260235
2,84,27341.032840695643
2,85,27332.899435549618
2,86,27354.85416486253
2,87,27334.87459271921
2,88,27315.607800774313
2,89,27378.01325688741
2,90,27320.411474394226
2,91,27352.94488032634
2,92,27288.809158711516
2,93,27291.399712762945
2,94,27302.21974984369
2,95,27303.974631851393
2,96,27316.037694834467
2,97,27345.926243851798
2,98,27321.50319606199
2,99,27309.635062527865
2,100,27340.398969684862
2,101,27352.952488468716
2,102,27332.103027726283
2,103,27348.048093111345
2,104,27362.855059350786
2,105,27347.13099811487
2,106,27283.230997991497
2,107,27278.15260734548
2,108,27309.41085010611
2,109,27325.22977786872
2,110,27344.20461535769
2,111,27329.816071142766
2,112,27317.56400730043
2,113,27314.380095623597
2,114,27304.799787224543
2,115,27326.33064259721
2,116,27348.9366673837
2,117,27313.67331104576
2,118,27302.683583604743
2,119,27304.094933224846
2,120,27317.21960550413
2,121,27337.951060276457
2,122,27367.69998232038
2,123,27355.6012311515
2,124,27322.73608636984
2,125,27353.017230240894
2,126,27346.617559361857
2,127,27319.33253400262
2,128,27324.51933002473
2,129,27325.001523128674
2,130,27295.08856111953
2,131,27298.830797632603
2,132,27283.762389333046
2,133,27295.57892489202
2,134,27308.41653633962
2,135,27289.781509249573
2,136,27319.744678884257
2,137,27339.478193376373
2,138,27372.88567993409
2,139,27341.065009667378
2,140,27299.374865417256
2,141,27273.92582558159
2,142,27315.708707658465
2,143,27320.200990515517
2,144,27335.209638343542
2,145,27348.537666619257
2,146,27337.434096490008
2,147,27291.5876145495
2,148,27325.91867084231
2,149,27369.08969900264
2,150,27382.624257333762
2,151,27399.115344894904
2,152,27384.259263910997
2,153,27375.83774698147
2,154,27345.16052791018
2,155,27344.829442931714
2,156,27333.710853174904
2,157,27317.61576187134
2,158,27362.82530404464
2,159,27375.44916313578
2,160,27369.29759922645
2,161,27351.873239096636
2,162,27327.303175413643
2,163,27366.577238044803
2,164,27368.079972886066
2,165,27332.40730727841
2,166,27335.402251330976
2,167,27325.431591916724
2,168,27315.14435507304
2,169,27306.031417822884
2,170,27317.407420601277
2,171,27295.903005098782
2,172,27303.783429420993
2,173,27351.663619479707
2,174,27353.26017232762
2,175,27333.332946956998
2,176,27330.36519285711
2,177,27333.33433776029
2,178,27320.38672430132
2,179,27312.94195671075
2,180,27314.21195892555
2,181,27355.139917876462
2,182,27346.1730939826
2,183,27341.95895611296
2,184,27387.312001062943
2,185,27329.960650548368
2,186,27342.070233076432
2,187,27304.859752736415
2,188,27268.122916093227
2,189,27278.713189700542
2,190,27310.942780643465
2,191,27332.24059707805
2,192,27320.188091897875
2,193,27343.480491999697
2,194,27350.60451027481
2,195,27366.724772235026
2,196,27341.458477096454
2,197,27358.272299590382
2,198,27356.291606964776
2,199,27360.5862245355
2,200,27372.32415203135
2,201,27403.105508468627
2,202,27378.622823929174
2,203,27352.749742616605
2,204,27289.730886196172
2,205,27284.859584239908
2,206,27321.383240865332
2,207,27359.25798469337
2,208,27292.238669601495
2,209,27272.93219686261
2,210,27250.215471842428
2,211,27301.71883872927
2,212,27350.66176639921
2,213,27376.404374629066
2,214,27326.94165217113
2,215,27348.174058799283
2,216,27326.848858107933
2,217,27320.877313849494
2,218,27289.60311594872
2,219,27285.090063920896
2,220,27317.51856819872
2,221,27323.681996435953
2,222,27338.44243013599
2,223,27344.695096480827
2,224,27328.69865094045
2,225,27337.53695246822
2,226,27331.383437621666
2,227,27302.09892999641
2,228,27331.608486452984
2,229,27308.849122936594
2,230,27325.44432504119
2,231,27304.202177331284
2,232,27304.479081039288
2,233,27296.36132514466
2,234,27355.39386101543
2,235,27347.020266239368
2,236,27358.61544127522
2,237,27334.249496123175
2,238,27307.234350409635
2,239,27303.50683986393
2,240,27333.528898316094
2,241,27329.028687164657
2,242,27351.66121464762
2,243,27380.28292759984
2,244,27334.92460112012
2,245,27280.67037913498
2,246,27283.28683237759
2,247,27279.381432009017
2,248,27306.326679365055
2,249,27278.763098109426
2,250,27298.31806516832
2,251,27299.921115525965
2,252,27298.924420999017
2,253,27327.327172990048
2,254,27317.46329711891
2,255,27327.61678262818
2,256,27343.976033729774
2,257,27307.131963383195
2,258,27335.93214344144
2,259,27334.625962830978
2,260,27324.415193116554
2,261,27302.634847730427
2,262,27283.149104753436
2,263,27309.362983047402
2,264,27359.82421052534
2,265,27336.575453299793
2,266,27383.88167110351
2,267,27385.29675557103
2,268,27347.1546518371
2,269,27315.289816067274
2,270,27333.445156208163
2,271,27300.748429189178
2,272,27304.176972883935
2,273,27316.918431706476
2,274,27316.991778948122
2,275,27358.166842050323
2,276,27330.8654332119
2,277,27335.370779252684
2,278,27321.41323724548
2,279,27331.807224220644
2,280,27364.791682315135
2,281,27382.904778224893
2,282,27374.180671467122
2,283,27400.814888884248
2,284,27350.21268094187
2,285,27321.69546780389
2,286,27330.75752240484
2,287,27361.076658453978
2,288,27334.77204172844
2,289,27276.678383857783
2,290,27279.94871422378
2,291,27293.069765107684
2,292,27379.558513642154
2,293,27312.451305854178
2,294,27331.2983268358
2,295,27327.149062189634
2,296,27313.527951559987
2,297,27342.877481162934
2,298,27329.548259599946
2,299,27356.792611377703
2,300,27326.76510479706
2,301,27346.56910281993
2,302,27345.573278077587
2,303,27351.439313961328
2,304,27311.197034200533
2,305,27304.767082486625
2,306,27349.84493559463
2,307,27343.327447862
2,308,27357.671224715545
2,309,27388.428470718078
2,310,27360.810977916903
2,311,27352.392564912887
2,312,27365.471174421094
2,313,27390.16010681282
2,314,27368.298398339633
2,315,27363.371450474893
2,316,27361.58516172288
2,317,27337.02911296851
2,318,27330.593853212173
2,319,27308.89135797347
2,320,27330.941304216285
2,321,27313.422367551088
2,322,27303.779561674026
2,323,27297.431923259093
2,324,27310.62628361799
2,325,27327.078471316414
2,326,27307.934801409603
2,327,27337.463430453492
2,328,27320.692495906296
2,329,27313.41425633979
2,330,27352.69065890877
2,331,27345.914420661215
2,332,27359.556924106044
2,333,27328.81110305358
2,334,27308.868275799854
2,335,27289.34064226053
2,336,27278.103174104497
2,337,27323.39949047494
2,338,27313.51432482284
2,339,27298.188893744915
2,340,27310.54239662044
2,341,27337.751287166735
2,342,27357.65877357324
2,343,27353.48524150483
2,344,27300.082175271607
2,345,27344.231334297867
2,346,27373.920161436094
2,347,27349.591357238154
2,348,27325.911867386432
2,349,27346.42403479512
2,350,27375.176728439637
2,351,27360.387043120143
2,352,27344.78608453427
2,353,27332.569219540022
2,354,27384.237756108516
2,355,27350.42595884502
2,356,27335.265483983007
2,357,27336.46682359833
2,358,27341.059027719362
2,359,27335.346183077836
2,360,27317.480447793274
2,361,27307.81033525699
2,362,27319.520225933466
2,363,27369.04637829066
2,364,27352.280335654305
2,365,27363.333964452544
2,366,27401.433089238824
2,367,27424.489443098326
2,368,27348.78346001604
2,369,27353.511086212235
2,370,27341.657469080317
2,371,27334.367539360977
2,372,27330.301247890882
2,373,27337.608167463408
2,374,27336.7542657615
2,375,27355.30040354054
2,376,27357.226891963768
2,377,27356.46645409843
2,378,27384.910604346253
2,379,27335.85203107729
2,380,27332.969922480443
2,381,27332.32377193065
2,382,27344.048297172627
2,383,27335.014599037622
2,384,27303.758431158305
2,385,27324.323617698763
2,386,27370.002487521564
2,387,27381.815556613343
2,388,27370.539440890956
2,389,27343.036381845577
2,390,27349.73324151916
2,391,27335.63431821969
2,392,27354.055051957097
2,393,27381.0646470801
2,394,27377.35178656718
2,395,27324.051366884232
2,396,27320.846431544658
2,397,27355.741550727405
2,398,27335.475966685746
2,399,27350.921345270734
2,400,27350.21042023646
2,401,27331.539113810682
2,402,27318.505193924837
2,403,27335.28134950024
2,404,27337.95903183714
2,405,27343.540627540737
2,406,27356.507400812494
2,407,27344.828410948805
2,408,27310.424577298254
2,409,27335.703068822153
2,410,27342.356257305353
2,411,27315.025834855227
2,412,27337.225201953966
2,413,27354.432969536127
2,414,27344.507417816007
2,415,27297.490954272
2,416,27298.59053922348
2,417,27275.27781527915
2,418,27335.07096597214
2,419,27325.52350176087
2,420,27331.9568570518
2,421,27327.43225128013
2,422,27341.759288631954
2,423,27313.859631063653
2,424,27322.062730909827
2,425,27287.206134425196
2,426,27253.139782921306
2,427,27287.93508360983
2,428,27317.114575927666
2,429,27363.888015168875
2,430,27351.71330276266
2,431,27350.977451990093
2,432,27346.688571874103
2,433,27343.89502213593
2,434,27347.118956255654
2,435,27325.771083088097
2,436,27338.076885000482
2,437,27363.671361261368
2,438,27364.83904829057
2,439,27353.051983856927
2,440,27357.876754759487
2,441,27349.016406953575
2,442,27344.065211842553
2,443,27319.975312380673
2,444,27350.93820075729
2,445,27363.337274615376
2,446,27376.78456651194
2,447,27348.755483470173
2,448,27368.176451592895
2,449,27354.66280217512
2,450,27348.82928778661
2,451,27333.839082865637
2,452,27344.29671439077
2,453,27334.20730681836
2,454,27298.14701896201
2,455,27325.225244922905
2,456,27304.30119841947
2,457,27265.78127761607
2,458,27335.545320492325
2,459,27306.4185480685
2,460,27304.34124068684
2,461,27341.395589684624
2,462,27341.117469854315
2,463,27336.413756861544
2,464,27345.99370464817
2,465,27342.324174380265
2,466,27401.198057862835
2,467,27373.95149589267
2,468,27376.222749676566
2,469,27369.231496568827
2,470,27405.102701015374
2,471,27392.87926440732
2,472,27357.04760391005
2,473,27318.414993839277
2,474,27337.153155468546
2,475,27344.32082201644
2,476,27332.516276987106
2,477,27307.580943882185
2,478,27304.33922368785
2,479,27291.751143118105
2,480,27327.486101245664
2,481,27318.946689532415
2,482,27315.28444733215
2,483,27271.954122044135
2,484,27296.172072679332
2,485,27284.519234411448
2,486,27349.194696924053
2,487,27338.487025794235
2,488,27342.777420748404
2,489,27355.637001130628
2,490,27331.638749164562
2,491,27325.669789911102
2,492,27341.843690658523
2,493,27353.67775315307
2,494,27314.87307183292
2,495,27356.89351317707
2,496,27317.87693347874
2,497,27310.693499546796
2,498,27311.65190459256
2,499,27297.793156427728
2,500,27318.882486539005
2,501,27302.47347176988
2,502,27353.049472101655
2,503,27322.860479819057
2,504,27312.371333770403
2,505,27314.132187649928
2,506,27352.554372251518
2,507,27346.72825311369
2,508,27327.719526625027
2,509,27315.40127435689
2,510,27343.605346351065
2,511,27332.00066074649
2,512,27348.745277655533
2,513,27343.168378142935
2,514,27346.749880270563
2,515,27354.287269771572
2,516,27342.235798338756
2,517,27349.678445223104
2,518,27331.429033896824
2,519,27358.10008885283
2,520,27339.567925442345
2,521,27344.080248081293
2,522,27355.645361063405
2,523,27399.63729706668
2,524,27388.411073841686
2,525,27384.841657136014
2,526,27369.280792238384
2,527,27313.555959481546
2,528,27313.22337678047
2,529,27356.30145903356
2,530,27370.78559402459
2,531,27387.23049656968
2,532,27364.23483676476
2,533,27360.69032999758
2,534,27338.53147566129
2,535,27354.163602778866
2,536,27319.992093375316
2,537,27313.867588418205
2,538,27331.72768527798
2,539,27296.56112662649
2,540,27342.616189083154
2,541,27332.315896435757
2,542,27327.681388801473
2,543,27315.975677409195
2,544,27312.38509950774
2,545,27333.466636371442
2,546,27322.90812061008
2,547,27351.443013946184
2,548,27344.36280329927
2,549,27346.405126147863
2,550,27320.05948332778
2,551,27356.065580553906
2,552,27324.55729104759
2,553,27318.865552011855
2,554,27295.901770975433
2,555,27302.385067659667
2,556,27288.819433071687
2,557,27269.19998053495
2,558,27277.05593428362
2,559,27275.317892679577
2,560,27315.01659977471
2,561,27321.306876123697
2,562,27338.839553952537
2,563,27327.721314965784
2,564,27300.2675597611
2,565,27305.379050906886
2,566,27313.1779938979
2,567,27336.217215663615
2,568,27348.397785190966
2,569,27373.166278164885
2,570,27346.677150525793
2,571,27315.326973878015
2,572,27322.01006125715
2,573,27314.496110818134
2,574,27290.694960627763
2,575,27310.822351406456
2,576,27349.60599201832
2,577,27310.940395333033
2,578,27347.28388567188
2,579,27310.562546019763
2,580,27326.323935462082
2,581,27347.456571337247
2,582,27327.634549913935
2,583,27373.078877926815
2,584,27408.338918007365
2,585,27383.80537634022
2,586,27332.680960004644
2,587,27339.429337761387
2,588,27323.08590693379
2,589,27370.45233460268
2,590,27352.561530812858
2,591,27338.610474189063
2,592,27320.09189314133
2,593,27295.872067971733
2,594,27310.06558031173
2,595,27302.371857661215
2,596,27294.779802353474
2,597,27321.018023371584
2,598,27369.743119211347
2,599,27362.660630927585
2,600,27366.394853805232
2,601,27334.238338153562
2,602,27370.648053358844
2,603,27362.893441281303
2,604,27346.11802685947
2,605,27362.224748833178
2,606,27343.843050217256
2,607,27281.181311336608
2,608,27307.063266915604
2,609,27340.863567018452
2,610,27384.265781822614
2,611,27357.406191546765
2,612,27350.448942087103
2,613,27349.862205714864
2,614,27341.02867706399
2,615,27310.3800592839
2,616,27313.497425255755
2,617,27352.28572522706
2,618,27347.340703899004
2,619,27355.185329842483
2,620,27331.371001989537
2,621,27363.594718883156
2,622,27335.347284034702
2,623,27310.84118508828
2,624,27303.826205143654
2,625,27312.181578921805
2,626,27344.472106044857
2,627,27382.441752965857
2,628,27325.964714221165
2,629,27353.37557339321
2,630,27330.750889535906
2,631,27347.24232047778
2,632,27336.491105241304
2,633,27328.665456600076
2,634,27337.77541228873
2,635,27336.018280613738
2,636,27315.138484140236
2,637,27316.956910031196
2,638,27329.632419560803
2,639,27349.115896193205
2,640,27354.26156218944
2,641,27334.517143289526
2,642,27272.829780356715
2,643,27308.77566907983
2,644,27273.678075694406
2,645,27301.144571833498
2,646,27286.592021282224
2,647,27292.884110600844
2,648,27325.730595200912
2,649,27365.506279254543
2,650,27336.101205946958
2,651,27327.061905573828
2,652,27361.418835196164
2,653,27360.6984222764
2,654,27395.311611178062
2,655,27347.574408800672
2,656,27356.189302115134
2,657,27321.1180343869
2,658,27345.142007543418
2,659,27330.901693025146
2,660,27326.175216000716
2,661,27345.593464739493
2,662,27304.390552042027
2,663,27288.282164104574
2,664,27318.433565618412
2,665,27277.50046014506
2,666,27290.549929841185
2,667,27308.194686869974
2,668,27322.333246085363
2,669,27349.049972396697
2,670,27316.13139129416
2,671,27295.276352748893
2,672,27296.432516804874
2,673,27331.423588165602
2,674,27332.293407861347
2,675,27374.706882706163
2,676,27385.990701983137
2,677,27346.66488648514
2,678,27339.47287678012
2,679,27344.049525470957
2,680,27333.556609839954
2,681,27326.65808394701
2,682,27367.208104230762
2,683,27357.541976364955
2,684,27334.380659076076
2,685,27316.726073640682
2,686,27297.61475505538
2,687,27338.89020402093
2,688,27352.67619962175
2,689,27369.262826066748
2,690,27381.317010180177
2,691,27341.396929470902
2,692,27403.155725471785
2,693,27380.411479984676
2,694,27378.04080726447
2,695,27372.783076025396
2,696,27404.362503829343
2,697,27342.423786082338
2,698,27306.55699799927
2,699,27354.434592625596
2,700,27366.217481300453
2,701,27350.546108417988
2,702,27337.383268142545
2,703,27325.976414848254
2,704,27315.093417444627
2,705,27339.739886850013
2,706,27295.614598909106
2,707,27284.45578424364
2,708,27305.060315014285
2,709,27328.089303318447
2,710,27333.089054389227
2,711,27320.836947607968
2,712,27333.977538338488
2,713,27367.667623570473
2,714,27362.597341686534
2,715,27296.012077057305
2,716,27310.637128400234
2,717,27337.83410573327
2,718,27301.75336270862
2,719,27316.78547717515
2,720,27342.163486114274
2,721,27298.90467739702
2,722,27299.902468896715
2,723,27319.469328234412
2,724,27346.218639361545
2,725,27356.598448046167
2,726,27344.647993887036
2,727,27344.09870399798
2,728,27340.131285554333
2,729,27346.730309993152
2,730,27351.413826898442
2,731,27324.74768733528
2,732,27351.16236137418
2,733,27395.478971445897
2,734,27356.66885893945
2,735,27335.47605297657
2,736,27316.873011682594
2,737,27377.742562169056
2,738,27359.31663683386
2,739,27345.173491660196
2,740,27345.5867162955
2,741,27328.321145988328
2,742,27333.05994158574
2,743,27334.779231946606
2,744,27345.45571486386
2,745,27371.379294197923
2,746,27344.895892639106
2,747,27368.00725621298
2,748,27370.493011533155
2,749,27368.36987995599
2,750,27327.949987876706
2,751,27310.576444333492
2,752,27298.841874705104
2,753,27327.682928063896
2,754,27308.4522147095
2,755,27281.304187495065
2,756,27346.717570816294
2,757,27393.318410390868
2,758,27344.712052907937
2,759,27347.133755249906
2,760,27331.116387468915
2,761,27346.722302370687
2,762,27365.882431116363
2,763,27331.144985859013
2,764,27327.785344161446
2,765,27370.786997213218
2,766,27330.49860898258
2,767,27334.98002813107
2,768,27351.43258249689
2,769,27347.972883131904
2,770,27332.36133071754
2,771,27336.38843436811
2,772,27330.073170890006
2,773,27319.725746910583
2,774,27304.497615898785
2,775,27331.407567288617
2,776,27295.461839098334
2,777,27318.927918029374
2,778,27310.845560579663
2,779,27320.54459659629
2,780,27323.457083578225
2,781,27327.116833718585
2,782,27326.496561455053
2,783,27311.281962611334
2,784,27312.90082802714
2,785,27293.04176632175
2,786,27311.681706615218
2,787,27363.684755775
2,788,27353.754844735005
2,789,27329.829883842605
2,790,27323.344329330004
2,791,27333.177806330263
2,792,27357.921380406067
2,793,27383.138294369015
2,794,27408.859191397012
2,795,27398.054116982068
2,796,27429.26045826522
2,797,27361.416740828423
2,798,27353.19325741424
2,799,27297.92094686533
2,800,27331.667870974725
2,801,27356.759810598953
2,802,27347.457833012897
2,803,27299.413800426017
2,804,27331.116122786956
2,805,27313.708574673736
2,806,27318.88751768758
2,807,27306.73007680997
2,808,27350.20732290756
2,809,27350.70986734851
2,810,27336.801629258138
2,811,27336.02404561537
2,812,27340.320847800354
2,813,27319.376164963112
2,814,27345.10978912517
2,815,27328.10231880616
2,816,27344.187880219262
2,817,27333.590211912695
2,818,27328.35370026417
2,819,27339.314434886302
2,820,27351.746681138604
2,821,27358.85567010488
2,822,27341.560409620033
2,823,27306.50674695709
2,824,27310.491861956074
2,825,27314.216092852246
2,826,27308.83509832188
2,827,27302.295952764354
2,828,27281.84860417146
2,829,27304.57257035913
2,830,27256.184418392157
2,831,27325.18298778923
2,832,27303.322509411344
2,833,27313.443430125437
2,834,27329.744129806215
2,835,27326.619005832883
2,836,27332.247443563436
2,837,27346.42155901915
2,838,27363.40522641365
2,839,27378.97168777504
2,840,27373.781405809576
2,841,27348.73332860524
2,842,27347.173007455138
2,843,27361.74060057792
2,844,27393.50640828268
2,845,27410.063516973183
2,846,27347.210366998195
2,847,27381.207129393493
2,848,27349.338290376505
2,849,27356.50275699309
2,850,27389.201612697092
2,851,27315.94571300997
2,852,27319.911365734777
2,853,27319.568212420225
2,854,27376.007676852227
2,855,27347.37630416857
2,856,27346.220769465996
2,857,27332.13048756676
2,858,27329.91921803369
2,859,27362.176314528
2,860,27314.518093306557
2,861,27374.48148841662
2,862,27360.105626484827
2,863,27362.216886789378
2,864,27331.0552958396
2,865,27372.83431476504
2,866,27336.478794275736
2,867,27300.839410191627
2,868,27340.659360028712
2,869,27352.481619267313
2,870,27344.591336137193
2,871,27341.81466971694
2,872,27365.916342866996
2,873,27330.91570547109
2,874,27303.7668585648
2,875,27380.770703268194
2,876,27338.343152786365
2,877,27313.056290555673
2,878,27340.821567513747
2,879,27326.228904251755
2,880,27360.692883554686
2,881,27324.196706244253
2,882,27299.989991344093
2,883,27320.56122611322
2,884,27288.17869177724
2,885,27311.602194663526
2,886,27311.802315154786
2,887,27310.230797645017
2,888,27339.88689769212
2,889,27352.442838848572
2,890,27336.516362989656
2,891,27333.18704381167
2,892,27339.465204991142
2,893,27347.745804926933
2,894,27322.62424067246
2,895,27319.702197976083
2,896,27336.162733106063
2,897,27333.751839639484
2,898,27306.390916522687
2,899,27280.26367853819
2,900,27296.388453842737
2,901,27318.53701116847
2,902,27341.38252965398
2,903,27318.788800055965
2,904,27305.131946197023
2,905,27332.431523777515
2,906,27371.465621357893
2,907,27385.91762701625
2,908,27347.86569272825
2,909,27350.04524711918
2,910,27345.648347467817
2,911,27314.25645019764
2,912,27305.714521165944
2,913,27290.180914235993
2,914,27296.518237996963
2,915,27318.846141533864
2,916,27355.62171576057
2,917,27347.14997550909
2,918,27328.891661592912
2,919,27351.70810437783
2,920,27325.531915815267
2,921,27324.00072140503
2,922,27330.395017747713
2,923,27332.296209197742
2,924,27343.668406556902
2,925,27313.42479259332
2,926,27341.64976849888
2,927,27325.856424156642
2,928,27377.306433598285
2,929,27343.390330704526
2,930,27324.864052806228
2,931,27292.301440919196
2,932,27332.359465825786
2,933,27313.05334348
2,934,27291.58738415554
2,935,27301.450495676934
2,936,27322.019589705917
2,937,27305.133181143698
2,938,27347.105983371166
2,939,27361.888085587314
2,940,27340.950314488808
2,941,27304.542780880227
2,942,27300.713715841794
2,943,27317.512209532444
2,944,27287.908557230512
2,945,27334.68519910675
2,946,27344.016595620364
2,947,27392.481319345345
2,948,27401.270096390344
2,949,27369.244664326994
2,950,27353.378599067055
2,951,27321.45538549261
2,952,27351.484870829165
2,953,27343.490646997714
2,954,27331.737365359404
2,955,27362.331302353778
2,956,27286.95484461635
2,957,27323.332906599437
2,958,27304.463558872063
2,959,27327.166755486225
2,960,27377.088860182164
2,961,27354.91370565328
2,962,27359.591493752112
2,963,27335.06416422049
2,964,27348.409933588948
2,965,27328.830368141167
2,966,27345.895897857117
2,967,27333.87494176832
2,968,27327.450818472265
2,969,27303.542204852547
2,970,27323.333537587165
2,971,27298.66976063052
2,972,27345.021817067307
2,973,27338.556251790265
2,974,27332.453435454987
2,975,27331.46950804486
2,976,27317.90287822375
2,977,27301.333402254866
2,978,27345.609444841797
2,979,27359.566597368394
2,980,27340.493192845657
2,981,27306.169149905323
2,982,27337.044942058183
2,983,27339.916051021293
2,984,27363.527143290594
2,985,27384.019013610996
2,986,27364.161043501186
2,987,27344.899276941374
2,988,27327.50698467017
2,989,27298.501656028562
2,990,27327.693595478064
2,991,27343.036578416253
2,992,27319.51862327873
2,993,27321.47839574421
2,994,27341.118523063058
2,995,27327.85496935295
2,996,27334.8406361418
2,997,27312.455006964206
2,998,27336.56010966972
2,999,27302.651330578366
2,1000,27283.869570032744
2,1001,27293.557487129678
2,1002,27332.86366828107
2,1003,27319.41847051523
2,1004,27313.096694172815
2,1005,27278.449249802645
2,1006,27345.731447531485
2,1007,27315.20212763329
2,1008,27320.098638165324
2,1009,27299.652021742062
2,1010,27299.950285263192
2,1011,27287.288798874648
2,1012,27311.346905359605
2,1013,27343.821886211288
2,1014,27389.846651689433
2,1015,27345.147251563714
2,1016,27309.699699889523
2,1017,27330.484195149893
2,1018,27377.116146097986
2,1019,27349.88467817762
2,1020,27339.186588393764
2,1021,27360.16620669192
2,1022,27321.536530679587
2,1023,27331.853681931785
2,1024,27344.037787001853
2,1025,27328.1948747509
2,1026,27295.464148128187
2,1027,27297.47051844134
2,1028,27353.9045629947
2,1029,27321.922051960886
2,1030,27367.98366953879
2,1031,27327.388792284622
2,1032,27279.678040171555
2,1033,27314.849504965325
2,1034,27331.704505284222
2,1035,27343.75516797422
2,1036,27304.16444239642
2,1037,27377.475512657336
2,1038,27335.4022650721
2,1039,27321.12095056091
2,1040,27329.603469519385
2,1041,27345.461947808002
2,1042,27376.162217689736
2,1043,27362.628586083014
2,1044,27373.525236217156
2,1045,27287.831293385112
2,1046,27316.258635307233
2,1047,27334.594605913797
2,1048,27335.61332955167
2,1049,27292.6772333788
2,1050,27313.511504368693
2,1051,27366.170858198653
2,1052,27348.230674381797
2,1053,27309.81016441504
2,1054,27355.635220285618
2,1055,27383.725886818735
2,1056,27353.7852263577
2,1057,27336.939269946575
2,1058,27336.72269694593
2,1059,27324.638152407097
2,1060,27352.562360531247
2,1061,27335.617438810907
2,1062,27320.438702007094
2,1063,27331.152909516837
2,1064,27352.218039989824
2,1065,27309.64038060817
2,1066,27344.078999315596
2,1067,27350.101454950956
2,1068,27323.328931178305
2,1069,27356.144077327084
2,1070,27336.84256609475
2,1071,27362.570744180994
2,1072,27367.46598285425
2,1073,27369.691479654288
2,1074,27356.401364721623
2,1075,27377.540620230324
2,1076,27341.466767285467
2,1077,27339.38746810029
2,1078,27288.21820278605
2,1079,27330.36815456014
2,1080,27301.191260528187
2,1081,27305.950079884293
2,1082,27326.22208714735
2,1083,27319.445759687434
2,1084,27335.94679020774
2,1085,27314.663236743978
2,1086,27298.690495870393
2,1087,27299.145436041174
2,1088,27342.758426156648
2,1089,27316.294437301218
2,1090,27276.896148580665
2,1091,27288.864362316617
2,1092,27283.844667071928
2,1093,27326.996240469274
2,1094,27300.278509165382
2,1095,27308.337916840843
2,1096,27297.946875258334
2,1097,27329.771865323026
2,1098,27357.099768192416
2,1099,27302.28431712176
2,1100,27330.04310589553
2,1101,27320.53162445923
2,1102,27322.63078498395
2,1103,27357.944257916854
2,1104,27388.509971262647
2,1105,27348.77313725442
2,1106,27387.575420130433
2,1107,27395.92585610377
2,1108,27351.022100027814
2,1109,27312.78223963449
2,1110,27321.37379473349
2,1111,27323.90500814104
2,1112,27337.141587522223
2,1113,27302.345235515695
2,1114,27350.599845785568
2,1115,27300.193553075263
2,1116,27319.73325374133
2,1117,27345.531911413385
2,1118,27355.470398681737
2,1119,27371.595908028106
2,1120,27378.009832884996
2,1121,27344.575120077283
2,1122,27355.724519295967
2,1123,27334.084758463465
2,1124,27335.18022030494
2,1125,27294.423717697075
2,1126,27305.291571561258
2,1127,27291.7146960953
2,1128,27319.37972850572
2,1129,27341.196449554955
2,1130,27358.954359904103
2,1131,27357.28771832864
2,1132,27347.92893880253
2,1133,27324.422830505428
2,1134,27339.72017463065
2,1135,27374.156799698427
2,1136,27349.20677069094
2,1137,27329.02358011961
2,1138,27334.286712493325
2,1139,27361.47659342278
2,1140,27381.661044358534
2,1141,27364.453376726113
2,1142,27344.638869524042
2,1143,27361.15328029395
2,1144,27371.373080805723
2,1145,27323.36205936707
2,1146,27308.820795699376
2,1147,27305.3104673876
2,1148,27343.423724307577
2,1149,27338.519405987096
2,1150,27337.291912082328
2,1151,27326.582842646563
2,1152,27327.55865117417
2,1153,27336.249980063436
2,1154,27285.02133888505
2,1155,27308.189278362268
2,1156,27326.088272143188
2,1157,27316.551674526538
2,1158,27342.800449136197
2,1159,27390.736509434828
2,1160,27354.215973345137
2,1161,27374.36716203895
2,1162,27308.73821893296
2,1163,27346.592377103636
2,1164,27365.299703658362
2,1165,27335.227634101062
2,1166,27352.842399495003
2,1167,27312.29228565154
2,1168,27347.793830504845
2,1169,27316.858681683054
2,1170,27327.287998535397
2,1171,27331.202189061358
2,1172,27342.600854069766
2,1173,27279.652017331777
2,1174,27310.289481638865
2,1175,27310.70176186538
2,1176,27324.57897649774
2,1177,27320.37940748594
2,1178,27362.875751766638
2,1179,27409.287187463793
2,1180,27377.52805713343
2,1181,27415.80723061691
2,1182,27356.214275070226
2,1183,27352.05689850019
2,1184,27357.23754528753
2,1185,27340.5340581995
2,1186,27313.225016828594
2,1187,27322.789515964498
2,1188,27317.24072477714
2,1189,27289.86065821188
2,1190,27306.049811468383
2,1191,27315.76963828103
2,1192,27325.93035947398
2,1193,27327.390652206406
2,1194,27290.256481839813
2,1195,27310.450664656288
2,1196,27288.780049319248
2,1197,27308.906126766873
2,1198,27351.26779759977
2,1199,27372.42251119332
2,1200,27320.88521069291
2,1201,27359.200623525558
2,1202,27335.96400333807
2,1203,27320.697829413923
2,1204,27310.313710989296
2,1205,27321.642105698225
2,1206,27380.257287662647
2,1207,27377.12908033608
2,1208,27367.300340769543
2,1209,27367.041650323423
2,1210,27329.89167583567
2,1211,27295.31060242627
2,1212,27323.411463601504
2,1213,27300.89990154253
2,1214,27298.713393396054
2,1215,27298.890750209182
2,1216,27286.424586071193
2,1217,27307.35065733788
2,1218,27302.20242602356
2,1219,27325.066869234168
2,1220,27332.4952840262
2,1221,27357.46527288987
2,1222,27350.14832274337
2,1223,27349.60460164859
2,1224,27347.520526552657
2,1225,27310.784100725552
2,1226,27332.885372674387
2,1227,27327.704413523912
2,1228,27330.820174676326
2,1229,27306.148757637806
2,1230,27319.339857767263
2,1231,27353.78278276
2,1232,27367.35782974057
2,1233,27360.38263117692
2,1234,27368.979310218416
2,1235,27346.24924539681
2,1236,27307.621812972047
2,1237,27321.511811250763
2,1238,27338.61875025542
2,1239,27339.74317601532
2,1240,27308.20212732099
2,1241,27326.44424091413
2,1242,27316.165928133174
2,1243,27297.618340344427
2,1244,27338.510582395804
2,1245,27367.126641019695
2,1246,27374.56552235979
2,1247,27373.63429059925
2,1248,27386.985889392814
2,1249,27373.638625101074
2,1250,27339.43086553087
2,1251,27362.079932882945
2,1252,27356.801245675826
2,1253,27342.584499762335
2,1254,27336.139493712326
2,1255,27332.916461170975
2,1256,27374.279478847737
2,1257,27371.01224399781
2,1258,27388.093951413386
2,1259,27358.887547121696
2,1260,27356.489693601514
2,1261,27383.206325695115
2,1262,27362.43656718247
2,1263,27361.56902957033
2,1264,27348.2965938241
2,1265,27338.27668567025
2,1266,27358.70107834208
2,1267,27354.816955701262
2,1268,27333.580932957484
2,1269,27333.97523670833
2,1270,27365.422953550627
2,1271,27396.451525827353
2,1272,27372.374900630733
2,1273,27369.617859677073
2,1274,27335.081264059052
2,1275,27333.15567688119
2,1276,27356.94874324788
2,1277,27371.489695081025
2,1278,27395.750098588578
2,1279,27390.41700653767
2,1280,27348.405983566263
2,1281,27347.433456386945
2,1282,27311.88831653587
2,1283,27332.96474289227
2,1284,27354.762159408703
2,1285,27379.78171260982
2,1286,27352.656338359713
2,1287,27346.094656880385
2,1288,27377.19856930841
2,1289,27359.495260509946
2,1290,27371.858955392345
2,1291,27356.267706734165
2,1292,27333.62459687715
2,1293,27338.018055009557
2,1294,27331.858764708813
2,1295,27343.901512203312
2,1296,27335.82856752796
2,1297,27319.485600379827
2,1298,27304.128751226628
2,1299,27309.546880241138
2,1300,27287.85908133222
2,1301,27291.931040161086
2,1302,27326.058866956857
2,1303,27319.540588642176
2,1304,27342.919526165853
2,1305,27320.593548116005
2,1306,27348.93315960185
2,1307,27324.95464035686
2,1308,27410.31916723431
2,1309,27366.2327948964
2,1310,27348.1586937538
2,1311,27362.786748967104
2,1312,27337.8537096824
2,1313,27301.392591001415
2,1314,27297.975059583983
2,1315,27284.693354248106
2,1316,27321.48731075107
2,1317,27312.723945734444
2,1318,27313.25464383963
2,1319,27335.910508343015
2,1320,27329.181191182626
2,1321,27294.53098216273
2,1322,27324.640188219757
2,1323,27319.886126641748
2,1324,27300.170517989256
2,1325,27302.62195483285
2,1326,27304.805636490513
2,1327,27326.22378836067
2,1328,27372.254598202577
2,1329,27335.17073762499
2,1330,27323.381677619873
2,1331,27366.270601290977
2,1332,27392.824125448416
2,1333,27421.035068039644
2,1334,27405.034716706938
2,1335,27379.197441879773
2,1336,27354.886276241454
2,1337,27330.919508372845
2,1338,27322.064714483415
2,1339,27362.592123418395
2,1340,27307.52626716616
2,1341,27308.010689112587
2,1342,27330.30511620492
2,1343,27341.66429735467
2,1344,27351.489511181262
2,1345,27342.904601976752
2,1346,27287.23611012472
2,1347,27343.162686568226
2,1348,27336.688612194263
2,1349,27376.397003156242
2,1350,27349.000008108585
2,1351,27388.271725930554
2,1352,27331.271383923005
2,1353,27342.61820584993
2,1354,27346.29350252341
2,1355,27346.095668956845
2,1356,27369.65418697967
2,1357,27363.791295639014
2,1358,27309.70296504296
2,1359,27322.186626747793
2,1360,27311.46718359443
2,1361,27322.61103202578
2,1362,27297.934914926373
2,1363,27333.24921980894
2,1364,27357.461570312604
2,1365,27325.794764188795
2,1366,27345.731066661298
2,1367,27360.355531988025
2,1368,27357.717324553338
2,1369,27359.925633499075
2,1370,27386.00439477235
2,1371,27369.296962549553
2,1372,27346.634916500403
2,1373,27324.44257288525
2,1374,27308.91140133158
2,1375,27324.274789893894
2,1376,27327.995432698877
2,1377,27307.690236095954
2,1378,27350.595011402478
2,1379,27365.58551574727
2,1380,27343.032667391417
2,1381,27323.836767639685
2,1382,27350.820060619604
2,1383,27351.698628289476
2,1384,27353.022256998607
2,1385,27340.768715483977
2,1386,27309.307232898158
2,1387,27347.75471823084
2,1388,27377.252328404807
2,1389,27389.968591154713
2,1390,27380.747718598373
2,1391,27355.935633345973
2,1392,27354.24176219649
2,1393,27354.466276900803
2,1394,27342.656626457425
2,1395,27321.125499211666
2,1396,27329.05157753274
2,1397,27371.150296866566
2,1398,27332.040543989508
2,1399,27342.29144777061
2,1400,27335.833198673427
2,1401,27345.197398532124
2,1402,27327.50203261282
2,1403,27335.936801346026
2,1404,27328.166057925864
2,1405,27335.84128910412
2,1406,27362.17297389085
2,1407,27313.781372930818
2,1408,27364.043991390194
2,1409,27323.335546504924
2,1410,27314.71574837514
2,1411,27323.970744099886
2,1412,27354.157019905644
2,1413,27332.502787510486
2,1414,27381.202092387124
2,1415,27379.704302780578
2,1416,27330.070697188596
2,1417,27326.83456392452
2,1418,27341.88072605945
2,1419,27365.036983836497
2,1420,27364.43053574946
2,1421,27316.608345701
2,1422,27363.846035226114
2,1423,27318.43272190885
2,1424,27344.835680409324
2,1425,27323.51567714513
2,1426,27362.285184794426
2,1427,27367.46364256834
2,1428,27350.711089162123
2,1429,27327.97699837175
2,1430,27324.170016084692
2,1431,27329.267520717898
2,1432,27316.651362177323
2,1433,27323.817947235704
2,1434,27343.884831483152
2,1435,27361.065669342966
2,1436,27353.814785713337
2,1437,27377.72617307577
2,1438,27362.511695884
2,1439,27323.471945900154
2,1440,27329.481682413458
2,1441,27384.55771718405
2,1442,27322.283310334424
2,1443,27337.55072502221
2,1444,27351.00818689975
2,1445,27328.658465403485
2,1446,27351.045499465996
2,1447,27340.022767679384
2,1448,27364.296934156322
2,1449,27367.27816234301
2,1450,27334.948683664443
2,1451,27327.073750574782
2,1452,27334.839292208373
2,1453,27330.783331542363
2,1454,27326.02272994387
2,1455,27369.53633232112
2,1456,27315.789925176323
2,1457,27351.42227647413
2,1458,27358.022381714087
2,1459,27356.333061253867
2,1460,27327.81567173326
2,1461,27317.704594230785
2,1462,27350.287584975667
2,1463,27344.695563827794
2,1464,27349.028677371825
2,1465,27368.44654698964
2,1466,27314.86449568596
2,1467,27347.599332390877
2,1468,27368.69559711591
2,1469,27363.552823060527
2,1470,27360.084862901753
2,1471,27294.137826549704
2,1472,27316.574605822956
2,1473,27349.01576993843
2,1474,27363.13918155383
2,1475,27328.892178981616
2,1476,27313.223480695757
2,1477,27312.258748840042
2,1478,27320.056225839668
2,1479,27285.867899019482
2,1480,27389.397518186484
2,1481,27378.281436226294
2,1482,27335.974414775817
2,1483,27312.991942536173
2,1484,27342.435932962188
2,1485,27368.34517610075
2,1486,27366.969510149225
2,1487,27310.694973269234
2,1488,27266.30519943399
2,1489,27273.590090220463
2,1490,27335.64619158333
2,1491,27347.44655640242
2,1492,27341.77765170876
2,1493,27320.10964273497
2,1494,27333.087830703455
2,1495,27306.795047065614
2,1496,27316.932379116475
2,1497,27326.28002508545
2,1498,27334.383160242294
2,1499,27342.112740739612
2,1500,27304.103930069305
2,1501,27264.461448571386
2,1502,27298.46588480541
2,1503,27299.548702385815
2,1504,27331.346031084948
2,1505,27288.98725376458
2,1506,27306.44440247803
2,1507,27302.60618939738
2,1508,27326.260321413723
2,1509,27314.99567409276
2,1510,27307.304238546814
2,1511,27294.30843920367
2,1512,27322.551665512186
2,1513,27302.024181194614
2,1514,27291.549521266934
2,1515,27325.468814471053
2,1516,27324.11139889445
2,1517,27324.388524054903
2,1518,27349.056064191285
2,1519,27377.07741873672
2,1520,27381.458339467063
2,1521,27321.700664528176
2,1522,27317.64313731651
2,1523,27322.842966241536
2,1524,27344.92466599282
2,1525,27394.64390892843
2,1526,27385.837443470195
2,1527,27359.295181886337
2,1528,27371.438559129758
2,1529,27362.32504063275
2,1530,27348.477929089517
2,1531,27349.931833659022
2,1532,27359.20277367731
2,1533,27313.507658120656
2,1534,27293.561700952498
2,1535,27281.74670309179
2,1536,27314.16220450631
2,1537,27308.43222149106
2,1538,27311.538277792817
2,1539,27326.46226142241
2,1540,27348.12002873343
2,1541,27378.277903498114
2,1542,27367.304686817708
2,1543,27444.123830462104
2,1544,27364.418004412495
2,1545,27379.867386719798
2,1546,27376.724239924995
2,1547,27325.44035423395
2,1548,27328.972374053174
2,1549,27328.413967002056
2,1550,27378.58550800288
2,1551,27376.751109598135
2,1552,27353.118665828446
2,1553,27343.618402805798
2,1554,27350.439037934848
2,1555,27334.451172430337
2,1556,27338.204641570752
2,1557,27332.26913650257
2,1558,27313.42570661412
2,1559,27304.961660680656
2,1560,27314.66317807562
2,1561,27305.43418397618
2,1562,27307.003340407933
2,1563,27319.457732777475
2,1564,27355.42010928317
2,1565,27326.98497994866
2,1566,27354.81750287654
2,1567,27298.36193301355
2,1568,27337.096662555592
2,1569,27363.413072048355
2,1570,27348.519695959032
2,1571,27343.66118878968
2,1572,27368.376565299328
2,1573,27371.602681737557
2,1574,27363.204720457667
2,1575,27352.328142690094
2,1576,27370.41693557133
2,1577,27340.043889324108
2,1578,27308.07887910884
2,1579,27315.406670473032
2,1580,27316.500902847187
2,1581,27319.922707566868
2,1582,27316.75719578858
2,1583,27304.131417499277
2,1584,27319.82186621197
2,1585,27334.250026477934
2,1586,27324.752671341925
2,1587,27341.463617946596
2,1588,27331.86213487853
2,1589,27370.26676436796
2,1590,27361.72981209016
2,1591,27321.451996198535
2,1592,27336.682795097197
2,1593,27315.583632425038
2,1594,27337.214110545312
2,1595,27332.043458117958
2,1596,27321.9216105797
2,1597,27356.412384241412
2,1598,27338.061772047346
2,1599,27342.681043283475
2,1600,27346.434739377728
2,1601,27315.83867461462
2,1602,27318.58600844723
2,1603,27307.668398190195
2,1604,27270.026561654933
2,1605,27252.736457587805
2,1606,27283.84273306919
2,1607,27271.610561786205
2,1608,27291.99408871486
2,1609,27285.304986162497
2,1610,27294.54417632024
2,1611,27292.962341402574
2,1612,27337.353343913623
2,1613,27354.864772461875
2,1614,27330.972757787255
2,1615,27350.922120781117
2,1616,27357.696391593305
2,1617,27361.85595644298
2,1618,27329.266691730754
2,1619,27304.884120529165
2,1620,27346.133310908277
2,1621,27329.50436676336
2,1622,27346.241642693574
2,1623,27355.909801350284
2,1624,27359.564865602046
2,1625,27316.203321461417
2,1626,27311.443547476945
2,1627,27330.344028996926
2,1628,27323.568658068492
2,1629,27335.675170036193
2,1630,27356.537149275304
2,1631,27337.356292664885
2,1632,27334.948030630283
2,1633,27348.075209249706
2,1634,27341.050912621322
2,1635,27306.538590357646
2,1636,27324.22996713797
2,1637,27332.058813816846
2,1638,27353.593226469566
2,1639,27391.20241425873
2,1640,27366.590823155384
2,1641,27330.463706496656
2,1642,27347.607368332105
2,1643,27308.35674040143
2,1644,27306.357634792752
2,1645,27300.76550597865
2,1646,27320.28064394048
2,1647,27342.14620404434
2,1648,27350.420890334837
2,1649,27320.109973787454
2,1650,27315.831972158325
2,1651,27392.926550769662
2,1652,27381.017264031958
2,1653,27343.066935285653
2,1654,27325.72097966568
2,1655,27318.541295586474
2,1656,27303.910685618517
2,1657,27288.458625992676
2,1658,27287.085769847992
2,1659,27303.97313869596
2,1660,27313.116514621146
2,1661,27306.51656398073
2,1662,27355.083618645487
2,1663,27327.7186732924
2,1664,27345.598746571115
2,1665,27376.80028714677
2,1666,27319.61744199579
2,1667,27326.682984412666
2,1668,27340.368509230488
2,1669,27327.766582194567
2,1670,27378.504510566636
2,1671,27360.412885147627
2,1672,27384.432334622343
2,1673,27434.583938683736
2,1674,27352.43205527404
2,1675,27340.561694118183
2,1676,27345.18077240667
2,1677,27365.416687978774
2,1678,27377.99043559659
2,1679,27358.865048776697
2,1680,27350.11424075388
2,1681,27367.86707705086
2,1682,27349.72892036394
2,1683,27340.80872094594
2,1684,27346.717355059645
2,1685,27330.066007396363
2,1686,27334.506565544598
2,1687,27343.513591780295
2,1688,27339.620401128326
2,1689,27331.835824190603
2,1690,27290.581657352337
2,1691,27304.5535431913
2,1692,27315.138433352557
2,1693,27345.315623982555
2,1694,27319.8325274906
2,1695,27331.672438172554
2,1696,27329.823572812285
2,1697,27368.091637728132
2,1698,27348.811246314475
2,1699,27323.430943240437
2,1700,27295.740038120657
2,1701,27331.963833438153
2,1702,27329.211807804255
2,1703,27353.092725771512
2,1704,27346.98170161446
2,1705,27363.095755348357
2,1706,27330.62809656338
2,1707,27324.27122478202
2,1708,27304.162730420525
2,1709,27323.00040649451
2,1710,27321.151567956767
2,1711,27325.475744100764
2,1712,27327.284115946903
2,1713,27333.918473328027
2,1714,27309.373485103708
2,1715,27333.22717105132
2,1716,27304.38909721106
2,1717,27314.710671716915
2,1718,27375.69512472708
2,1719,27405.798010313254
2,1720,27394.874038830505
2,1721,27389.786130688197
2,1722,27357.18595291017
2,1723,27338.273150033252
2,1724,27319.49151689553
2,1725,27347.448115544976
2,1726,27319.04960148937
2,1727,27337.53499093066
2,1728,27357.44444616592
2,1729,27348.977589622842
2,1730,27332.966027837247
2,1731,27324.37910886075
2,1732,27335.18211753085
2,1733,27288.97521608917
2,1734,27312.15473465895
2,1735,27326.84118436082
2,1736,27312.339317826256
2,1737,27313.928253594037
2,1738,27342.35299103663
2,1739,27318.8105712407
2,1740,27325.263306509405
2,1741,27327.84371008625
2,1742,27265.68272140957
2,1743,27318.541995929205
2,1744,27330.7758746676
2,1745,27321.636996394867
2,1746,27322.003249849568
2,1747,27346.107574896578
2,1748,27341.71492578365
2,1749,27336.564588363002
2,1750,27346.74748519926
2,1751,27386.947576653452
2,1752,27365.33350460316
2,1753,27314.039462366287
2,1754,27325.47638695274
2,1755,27322.853441001356
2,1756,27307.4530927349
2,1757,27294.22467492825
2,1758,27329.01426114095
2,1759,27354.418883911843
2,1760,27348.771057768412
2,1761,27325.515406092625
2,1762,27302.456648355845
2,1763,27362.949829190875
2,1764,27366.151657825027
2,1765,27391.761606492695
2,1766,27356.52327708907
2,1767,27364.23470391791
2,1768,27314.187172651546
2,1769,27277.912940730712
2,1770,27302.385504912298
2,1771,27351.56384665465
2,1772,27321.40136915554
2,1773,27342.770155054328
2,1774,27344.43635028317
2,1775,27306.816446068326
2,1776,27307.213995959337
2,1777,27339.539023689016
2,1778,27321.081201796
2,1779,27282.721193576483
2,1780,27343.63354080663
2,1781,27348.881866535932
2,1782,27361.418779767508
2,1783,27346.62683350206
2,1784,27328.563174662435
2,1785,27310.41697861151
2,1786,27319.90337588308
2,1787,27346.316831354005
2,1788,27351.486527977646
2,1789,27339.594192051944
2,1790,27322.79979635546
2,1791,27334.641750685936
2,1792,27307.385818926075
2,1793,27309.109762296226
2,1794,27333.519342898428
2,1795,27328.46087248628
2,1796,27301.140721014883
2,1797,27330.81829471947
2,1798,27310.913332780394
2,1799,27345.267487281948
2,1800,27334.045858442387
2,1801,27339.69044058579
2,1802,27335.607921262876
2,1803,27315.235544188636
2,1804,27325.642419208943
2,1805,27317.94608663022
2,1806,27344.15887892381
2,1807,27338.20658711322
2,1808,27319.815054771796
2,1809,27381.349377228857
2,1810,27345.000398870347
2,1811,27329.789210866114
2,1812,27367.19920513759
2,1813,27383.017124811075
2,1814,27354.78715361358
2,1815,27388.18791967739
2,1816,27318.7571655242
2,1817,27321.50193563813
2,1818,27363.388996816124
2,1819,27341.70680507239
2,1820,27337.324644413806
2,1821,27323.40017993364
2,1822,27341.37308717453
2,1823,27337.048964260153
2,1824,27358.698888188632
2,1825,27332.047202910057
2,1826,27336.198300773925
2,1827,27344.29513079163
2,1828,27357.93329245076
2,1829,27374.247871351436
2,1830,27379.577019830092
2,1831,27339.56797656099
2,1832,27354.25436466649
2,1833,27353.97450972386
2,1834,27353.258670106225
2,1835,27337.4628699826
2,1836,27315.936986861914
2,1837,27310.91744366419
2,1838,27309.330031098016
2,1839,27302.312745714724
2,1840,27311.201043747053
2,1841,27334.247174571246
2,1842,27348.903903426963
2,1843,27358.929314915127
2,1844,27341.019321932967
2,1845,27328.935018071134
2,1846,27328.68323791027
2,1847,27318.788968010842
2,1848,27311.719475575814
2,1849,27313.32621281083
2,1850,27325.766591031297
2,1851,27341.913950761897
2,1852,27346.867608671255
2,1853,27317.39238586878
2,1854,27320.566651446472
2,1855,27336.60843280394
2,1856,27327.08105272615
2,1857,27319.41337009702
2,1858,27290.706883899413
2,1859,27342.945287728766
2,1860,27366.648424832747
2,1861,27361.72639406967
2,1862,27322.37964749557
2,1863,27359.692423610082
2,1864,27347.863468737425
2,1865,27356.268500105016
2,1866,27362.45195853663
2,1867,27338.14781194015
2,1868,27342.406286702993
2,1869,27380.552732042706
2,1870,27334.91215680631
2,1871,27342.574543670456
2,1872,27294.50262582883
2,1873,27319.652987256515
2,1874,27324.04675818691
2,1875,27335.92524328972
2,1876,27335.516920517268
2,1877,27345.090705293525
2,1878,27366.63401040235
2,1879,27351.684262662042
2,1880,27359.862744401587
2,1881,27386.83535376032
2,1882,27372.73983529181
2,1883,27371.704440321773
2,1884,27345.606083602113
2,1885,27338.156364512033
2,1886,27337.86170308961
2,1887,27298.77139283221
2,1888,27325.451236067358
2,1889,27319.228294250708
2,1890,27287.927233797447
2,1891,27306.103521921028
2,1892,27293.139685408645
2,1893,27294.674449925205
2,1894,27327.75212815303
2,1895,27335.056409648
2,1896,27365.175161204985
2,1897,27387.084558387178
2,1898,27368.47900776599
2,1899,27339.47664040509
2,1900,27298.427125525806
2,1901,27282.695654773248
2,1902,27317.496811183562
2,1903,27311.60480392067
2,1904,27341.118121764604
2,1905,27323.603653321825
2,1906,27343.225023615225
2,1907,27382.856062232873
2,1908,27367.34593802101
2,1909,27352.837406879033
2,1910,27340.297881218303
2,1911,27359.39140436393
2,1912,27354.347380044394
2,1913,27363.73917821643
2,1914,27302.058032752655
2,1915,27317.954991590574
2,1916,27344.562552696978
2,1917,27332.360673849438
2,1918,27352.13937316309
2,1919,27361.813173297163
2,1920,27349.376777443493
2,1921,27347.426170466435
2,1922,27394.92181499254
2,1923,27398.279259794424
2,1924,27362.507433721636
2,1925,27357.460395182505
2,1926,27343.206309309287
2,1927,27363.403776491617
2,1928,27324.839658788467
2,1929,27333.411760242474
2,1930,27334.312686608264
2,1931,27338.55299912732
2,1932,27340.034415435417
2,1933,27326.497362312068
2,1934,27298.99304831539
2,1935,27309.651818591377
2,1936,27330.65546892615
2,1937,27299.259184302904
2,1938,27301.70231939334
2,1939,27301.82345059136
2,1940,27287.684479843694
2,1941,27260.241217618284
2,1942,27297.59592495159
2,1943,27309.697374133073
2,1944,27301.76722234778
2,1945,27329.533268417188
2,1946,27318.785215986067
2,1947,27350.26573014689
2,1948,27362.119727195615
2,1949,27393.819300482643
2,1950,27361.747958717322
2,1951,27318.130070534095
2,1952,27354.126936173165
2,1953,27348.76000891902
2,1954,27325.011759480258
2,1955,27340.52523209272
2,1956,27360.163890968448
2,1957,27355.33804206264
2,1958,27366.43412993166
2,1959,27340.938331700527
2,1960,27372.529950946348
2,1961,27356.385338800228
2,1962,27328.55276882704
2,1963,27329.54543444864
2,1964,27346.81851599577
2,1965,27328.58927528131
2,1966,27341.045612914182
2,1967,27314.93093312895
2,1968,27322.119891738712
2,1969,27382.21882722358
2,1970,27364.150480925422
2,1971,27381.751692587986
2,1972,27369.10908486574
2,1973,27371.421914047718
2,1974,27348.597449458648
2,1975,27391.478707583126
2,1976,27358.1767996251
2,1977,27340.02505664837
2,1978,27314.371073705304
2,1979,27333.903118880953
2,1980,27361.21756172542
2,1981,27334.848911581408
2,1982,27348.239087731767
2,1983,27337.52182066619
2,1984,27349.806302258836
2,1985,27330.56409896545
2,1986,27303.866405295805
2,1987,27327.40958753151
2,1988,27365.600360918557
2,1989,27344.665470802996
2,1990,27363.719770361702
2,1991,27337.31790219679
2,1992,27335.149445887666
2,1993,27300.50684967973
2,1994,27299.09068406654
2,1995,27317.756205092905
2,1996,27353.765878264778
2,1997,27342.637969113093
2,1998,27365.8861792392
2,1999,27368.81176737035
3,0,27353.987508911676
3,1,27320.832220776727
3,2,27309.753958077134
3,3,27360.567404751888
3,4,27380.908532151334
3,5,27360.030694728703
3,6,27311.88062802776
3,7,27318.09968555709
3,8,27364.598935823327
3,9,27340.137979993986
3,10,27395.493271897616
3,11,27394.197020245458
3,12,27407.19288184846
3,13,27366.611615963586
3,14,27359.26645067762
3,15,27357.26023687756
3,16,27364.29517669175
3,17,27339.23687629591
3,18,27356.04261558405
3,19,27337.722486119314
3,20,27373.25320400495
3,21,27361.381449978715
3,22,27336.278224239417
3,23,27326.606269441403
3,24,27309.852646064523
3,25,27307.578961089595
3,26,27298.687761873025
3,27,27310.12966789188
3,28,27309.99351289439
3,29,27321.45597013521
3,30,27360.80468655038
3,31,27343.82181330827
3,32,27321.11576123701
3,33,27297.63965131824
3,34,27312.81812574777
3,35,27334.893225444728
3,36,27331.99932895973
3,37,27321.32309360386
3,38,27314.687673359836
3,39,27342.60362964556
3,40,27360.221908545565
3,41,27331.13606440467
3,42,27349.008463563532
3,43,27371.473085022826
3,44,27348.12110743273
3,45,27317.851574329492
3,46,27309.743010544866
3,47,27288.969363578934
3,48,27298.8006511772
3,49,27278.124855461298
3,50,27312.477424207984
3,51,27333.446894088644
3,52,27330.083624133375
3,53,27349.948643975444
3,54,27325.92894919156
3,55,27338.445882479715
3,56,27353.550031564515
3,57,27342.701085911252
3,58,27324.48167367747
3,59,27333.203758599673
3,60,27301.523974893673
3,61,27339.365145997777
3,62,27308.16799252718
3,63,27308.78846434993
3,64,27341.948313449575
3,65,27341.76667274037
3,66,27331.575414788498
3,67,27335.129758242318
3,68,27349.44466856114
3,69,27317.344723834478
3,70,27364.626195675184
3,71,27332.324716357576
3,72,27361.080064157763
3,73,27379.56055310992
3,74,27321.224294066786
3,75,27324.13949713849
3,76,27372.784297806025
3,77,27342.636073767557
3,78,27338.0411793793
3,79,27352.470602015714
3,80,27348.09729039316
3,81,27331.21809363859
3,82,27365.94660604231
3,83,27329.654476054748
3,84,27337.080318889606
3,85,27355.172275439385
3,86,27364.31971810859
3,87,27376.25691713137
3,88,27325.743552956406
3,89,27376.569447409205
3,90,27370.647156689687
3,91,27331.60444476452
3,92,27317.722816557023
3,93,27318.066200399997
3,94,27333.54655599149
3,95,27302.247446173566
3,96,27295.54273272218
3,97,27297.15952801207
3,98,27296.477284555036
3,99,27357.57604369263
3,100,27347.343946007375
3,101,27345.184606104627
3,102,27370.358435345242
3,103,27389.730690616547
3,104,27389.16232357881
3,105,27405.277100193867
3,106,27353.045524948862
3,107,27318.73258293941
3,108,27328.17895280602
3,109,27317.31568205606
3,110,27320.469541761417
3,111,27295.747859317486
3,112,27302.838866460228
3,113,27341.4449820589
3,114,27340.165154542414
3,115,27363.687875170344
3,116,27362.760773784365
3,117,27351.298873645654
3,118,27365.80779553738
3,119,27308.88871061631
3,120,27331.198144843318
3,121,27340.892573146306
3,122,27355.065526716568
3,123,27365.907994848723
3,124,27322.684502642955
3,125,27308.817194037263
3,126,27329.627662195493
3,127,27364.384584942203
3,128,27291.056896986076
3,129,27302.71254399953
3,130,27291.847440030688
3,131,27299.81558594832
3,132,27356.173839277373
3,133,27342.26609780436
3,134,27351.423761821887
3,135,27362.701082754047
3,136,27323.838488317222
3,137,27341.05351667139
3,138,27296.698701589732
3,139,27263.754028493007
3,140,27276.882303560946
3,141,27285.785418557927
3,142,27270.064627196003
3,143,27290.219386762594
3,144,27354.861023328387
3,145,27336.739620123237
3,146,27337.061017978893
3,147,27313.559975500546
3,148,27304.863664830154
3,149,27360.489189836415
3,150,27339.522621131367
3,151,27320.334331816135
3,152,27356.760702937194
3,153,27318.75603393922
3,154,27282.17995770429
3,155,27282.337996932685
3,156,27347.995914893527
3,157,27394.53882349853
3,158,27388.385405288325
3,159,27373.808810813065
3,160,27391.717840135636
3,161,27342.957410486066
3,162,27319.374216254822
3,163,27291.98541078878
3,164,27332.768478358328
3,165,27360.639700575943
3,166,27367.02154490591
3,167,27347.244837215112
3,168,27343.053979592536
3,169,27348.561692488624
3,170,27309.01395298509
3,171,27300.934397941768
3,172,27311.041321703564
3,173,27325.617700947616
3,174,27288.774663840963
3,175,27274.321356037
3,176,27292.480330581227
3,177,27340.048829071002
3,178,27331.274806649195
3,179,27344.63786537894
3,180,27363.049522543104
3,181,27391.08728204132
3,182,27340.925617275483
3,183,27382.069036824043
3,184,27349.3358247274
3,185,27324.62894459863
3,186,27331.437427265544
3,187,27330.445150918586
3,188,27336.655921256934
3,189,27339.607770826868
3,190,27292.468168832595
3,191,27335.730411559212
3,192,27314.475956490056
3,193,27322.367290069375
3,194,27358.87172200531
3,195,27355.616890676927
3,196,27347.723608795455
3,197,27298.25166602431
3,198,27308.14956192065
3,199,27341.830304974716
3,200,27351.188964470693
3,201,27365.21203445186
3,202,27334.94384636069
3,203,27307.958636357514
3,204,27332.621833015237
3,205,27305.38614378559
3,206,27300.09868186742
3,207,27328.211873322613
3,208,27291.407632176997
3,209,27321.941540330135
3,210,27347.560459748784
3,211,27313.913397840373
3,212,27318.5226909331
3,213,27315.5154987007
3,214,27299.825886706327
3,215,27275.262612286304
3,216,27294.651857335244
3,217,27283.941288985567
3,218,27334.05951374268
3,219,27334.479817077245
3,220,27330.41391405962
3,221,27323.558312576206
3,222,27262.036898034155
3,223,27322.680980941725
3,224,27344.95698976424
3,225,27326.40131866636
3,226,27316.020778338538
3,227,27300.0418291624
3,228,27291.239737950586
3,229,27319.24744937134
3,230,27319.08951125545
3,231,27315.61218526581
3,232,27317.030366601255
3,233,27315.025532763237
3,234,27319.939582928757
3,235,27298.259032266968
3,236,27318.67131535853
3,237,27372.747282082408
3,238,27342.33244213653
3,239,27334.47357195252
3,240,27339.324137982352
3,241,27335.560573351904
3,242,27327.92474867452
3,243,27334.520229585276
3,244,27362.528794713326
3,245,27349.50750587014
3,246,27386.1223328141
3,247,27378.961296724927
3,248,27377.27258651301
3,249,27386.482956305706
3,250,27392.895354512766
3,251,27391.321605210927
3,252,27348.29699878214
3,253,27314.056836559856
3,254,27344.14832305937
3,255,27320.395390974223
3,256,27325.94084521808
3,257,27349.045894282128
3,258,27297.44585899438
3,259,27351.14116688904
3,260,27343.158406902847
3,261,27329.54702081244
3,262,27296.12644953364
3,263,27292.953695835684
3,264,27334.12036401063
3,265,27327.58321128992
3,266,27316.348345503946
3,267,27298.938922732046
3,268,27321.617064853286
3,269,27313.321727475934
3,270,27344.7076781645
3,271,27324.484222662115
3,272,27357.25446151635
3,273,27337.082473857245
3,274,27316.962792874856
3,275,27300.97313558484
3,276,27298.680297994502
3,277,27317.049932432004
3,278,27330.280766236872
3,279,27294.10328003919
3,280,27296.430980379308
3,281,27330.847342049812
3,282,27329.56217622144
3,283,27322.57999922228
3,284,27322.722777614854
3,285,27322.835206943113
3,286,27330.254951762166
3,287,27298.584524002938
3,288,27357.57318647464
3,289,27328.526598157347
3,290,27298.328919348623
3,291,27321.327890144978
3,292,27287.134718832465
3,293,27325.543050172848
3,294,27295.5096945141
3,295,27364.616320772675
3,296,27377.46039562166
3,297,27355.397329182855
3,298,27321.537533019196
3,299,27322.50909945891
3,300,27325.535388783504
3,301,27338.800049659872
3,302,27320.876582272504
3,303,27332.790745263093
3,304,27366.807234819313
3,305,27382.227839769737
3,306,27377.239506924205
3,307,27317.85856197278
3,308,27353.147215950386
3,309,27364.61677537087
3,310,27382.524772230146
3,311,27321.426508968445
3,312,27312.55190959063
3,313,27345.832165151365
3,314,27312.829910968165
3,315,27325.84843045216
3,316,27321.510011244103
3,317,27308.437061798704
3,318,27352.59639018209
3,319,27335.24950094534
3,320,27365.734563522852
3,321,27298.226365519287
3,322,27305.68908124813
3,323,27285.243112083055
3,324,27312.209050171285
3,325,27331.797629407283
3,326,27341.541771158783
3,327,27342.030029378733
3,328,27321.925822465237
3,329,27301.458278578662
3,330,27327.40762408153
3,331,27291.55437290489
3,332,27273.957762043818
3,333,27333.627373769494
3,334,27344.876799405407
3,335,27327.93006289064
3,336,27330.564123803128
3,337,27313.592551376205
3,338,27335.245849543324
3,339,27333.272763119257
3,340,27349.95708553254
3,341,27349.29098592494
3,342,27326.588978440417
3,343,27335.979640724698
3,344,27364.047159680696
3,345,27327.583989898056
3,346,27323.92641746772
3,347,27330.712407147825
3,348,27339.504795656445
3,349,27337.55951559104
3,350,27339.036775237597
3,351,27338.11307661479
3,352,27335.81413059006
3,353,27296.378420167755
3,354,27285.867223988473
3,355,27317.30327027365
3,356,27335.89030997492
3,357,27313.85196410313
3,358,27352.323092344683
3,359,27312.72550064606
3,360,27315.07014222317
3,361,27370.546642343623
3,362,27356.769655535878
3,363,27324.50609171695
3,364,27328.654069739412
3,365,27305.522048450013
3,366,27328.57461982348
3,367,27334.99572059063
3,368,27367.13798965238
3,369,27322.89249029757
3,370,27308.970633376284
3,371,27285.874180184022
3,372,27279.21989029767
3,373,27327.19046345066
3,374,27330.232236745032
3,375,27322.6517770612
3,376,27324.812129368056
3,377,27296.218782035867
3,378,27288.074649331887
3,379,27297.309186373168
3,380,27295.9963307842
3,381,27335.56333918079
3,382,27336.948325179375
3,383,27344.785004286543
3,384,27370.95590693545
3,385,27356.654598500532
3,386,27320.849657666982
3,387,27288.00202649992
3,388,27329.720868699955
3,389,27296.965846930183
3,390,27313.542431798305
3,391,27320.65426102621
3,392,27295.394269761084
3,393,27349.237137415832
3,394,27377.18278383148
3,395,27360.22267670115
3,396,27333.191016773584
3,397,27304.45852918926
3,398,27327.326562514525
3,399,27359.12619533129
3,400,27354.801344253512
3,401,27346.688256287194
3,402,27323.494381584755
3,403,27304.19755291788
3,404,27311.120318510417
3,405,27336.50846095992
3,406,27360.427718938336
3,407,27344.293996752705
3,408,27317.763861991767
3,409,27325.16352317759
3,410,27339.863084842294
3,411,27341.7118791921
3,412,27324.912677708766
3,413,27318.62519517886
3,414,27340.984431087563
3,415,27309.335400548916
3,416,27342.353508739932
3,417,27329.747011441985
3,418,27373.39929925827
3,419,27359.075824416446
3,420,27403.6567039125
3,421,27371.43582384591
3,422,27368.645580568285
3,423,27359.987077532514
3,424,27340.619822138156
3,425,27319.541740636047
3,426,27359.490481390563
3,427,27371.138366408853
3,428,27348.079033366408
3,429,27403.341596670078
3,430,27332.541766849907
3,431,27303.932000789126
3,432,27282.210804908806
3,433,27291.541336439015
3,434,27329.215135457947
3,435,27351.40842691376
3,436,27338.239030247565
3,437,27336.195363036702
3,438,27331.767143177476
3,439,27356.800161125964
3,440,27360.764778311648
3,441,27358.522705010913
3,442,27348.313318034136
3,443,27333.484457205122
3,444,27323.0396431957
3,445,27321.089732197997
3,446,27327.04736341971
3,447,27346.570406078463
3,448,27325.16015089277
3,449,27334.024434630566
3,450,27341.970862895912
3,451,27334.802721226566
3,452,27332.199441958095
3,453,27313.562742761183
3,454,27305.88178259424
3,455,27342.361182204382
3,456,27312.770358881626
3,457,27320.590551987654
3,458,27293.626935795648
3,459,27339.860510079434
3,460,27372.27430104911
3,461,27408.062301034763
3,462,27339.211367420383
3,463,27328.486451941717
3,464,27316.8206380117
3,465,27319.228449809427
3,466,27346.42576598508
3,467,27328.35645188336
3,468,27320.00166296366
3,469,27302.21081460881
3,470,27319.464732585882
3,471,27319.411744105273
3,472,27339.698628583177
3,473,27334.565898027384
3,474,27298.171545320878
3,475,27357.107724764133
3,476,27362.98916211909
3,477,27378.938878849436
3,478,27344.085748600228
3,479,27348.490180633027
3,480,27318.9184616055
3,481,27325.88252792012
3,482,27306.04717357806
3,483,27309.575611057
3,484,27316.33569790908
3,485,27316.585436753685
3,486,27320.397093299263
3,487,27339.820917814905
3,488,27356.208158585294
3,489,27308.15494956367
3,490,27346.50639291809
3,491,27336.343189657808
3,492,27360.133183538743
3,493,27336.751553599126
3,494,27346.368912826376
3,495,27347.35622231387
3,496,27362.465667801676
3,497,27358.734550273333
3,498,27339.37399191227
3,499,27372.283990284126
3,500,27343.79179182783
3,501,27355.002051556945
3,502,27331.180055714834
3,503,27293.82587542661
3,504,27278.129729690765
3,505,27258.24084293307
3,506,27343.68140155157
3,507,27386.140770870865
3,508,27393.765078810986
3,509,27377.63770336221
3,510,27358.695498350076
3,511,27342.053829884324
3,512,27371.9591433625
3,513,27407.383072138808
3,514,27380.75785191445
3,515,27383.594552816267
3,516,27384.362268692283
3,517,27376.241764266135
3,518,27308.641869338
3,519,27287.97830522873
3,520,27305.668072276447
3,521,27320.038226750537
3,522,27349.574256818207
3,523,27322.23106768799
3,524,27295.2073471944
3,525,27330.924299043614
3,526,27318.310832746312
3,527,27342.762040154827
3,528,27311.092007838346
3,529,27347.966419749817
3,530,27340.488945582376
3,531,27385.22341769276
3,532,27378.489285310487
3,533,27389.5434713402
3,534,27364.27608276844
3,535,27380.130629036674
3,536,27366.73126343573
3,537,27351.310522677002
3,538,27375.650083854413
3,539,27363.48420370734
3,540,27312.430512045426
3,541,27313.70883307764
3,542,27353.58957651787
3,543,27347.498012393058
3,544,27342.298747146597
3,545,27368.401195012088
3,546,27345.796070339456
3,547,27296.661549897664
3,548,27302.221338137675
3,549,27297.82810987821
3,550,27309.220632042172
3,551,27313.305179537634
3,552,27323.256234848366
3,553,27327.913758804803
3,554,27338.721115967408
3,555,27372.255787074926
3,556,27327.48958473685
3,557,27323.870279227784
3,558,27333.630668936636
3,559,27360.74070092734
3,560,27348.00883979202
3,561,27339.664774890687
3,562,27368.820615825793
3,563,27324.898286724558
3,564,27335.75485334755
3,565,27334.64732543379
3,566,27364.663934567954
3,567,27345.864453301838
3,568,27337.320931152848
3,569,27319.885665544134
3,570,27342.088228701126
3,571,27350.346377169473
3,572,27356.57151338996
3,573,27350.74156314577
3,574,27336.07428198998
3,575,27333.220487920596
3,576,27349.760062640544
3,577,27335.833559377046
3,578,27341.69098744002
3,579,27336.56244600268
3,580,27380.02626242132
3,581,27366.197791187693
3,582,27305.25733885872
3,583,27321.96007043577
3,584,27310.471241054616
3,585,27325.033135401158
3,586,27360.920153902323
3,587,27349.54363485102
3,588,27331.994462170973
3,589,27321.217461593154
3,590,27284.189729993006
3,591,27294.45086395904
3,592,27330.569421040673
3,593,27352.697589932563
3,594,27378.08078836763
3,595,27358.09337045897
3,596,27363.67319873611
3,597,27336.680335527926
3,598,27334.73938953377
3,599,27327.45480504727
3,600,27327.107296438357
3,601,27307.560608676944
3,602,27310.333755073272
3,603,27331.463742864165
3,604,27330.66059322968
3,605,27375.918257115736
3,606,27338.179606123653
3,607,27338.548754433472
3,608,27369.6054772715
3,609,27346.631532518644
3,610,27320.082936429637
3,611,27351.23702063785
3,612,27358.325284368446
3,613,27362.600978284714
3,614,27346.350713440628
3,615,27335.512502229027
3,616,27320.336624122334
3,617,27345.864186714814
3,618,27340.67302969359
3,619,27322.22629297475
3,620,27343.70983708376
3,621,27312.356829782402
3,622,27338.624342946172
3,623,27309.314612679293
3,624,27356.794285659158
3,625,27360.82748555144
3,626,27308.69979628161
3,627,27316.438167525987
3,628,27326.593485112142
3,629,27359.922688200357
3,630,27333.65766945266
3,631,27308.495151860578
3,632,27332.159732942393
3,633,27303.086048699013
3,634,27333.64631977304
3,635,27305.788825500447
3,636,27350.94411847947
3,637,27304.967960800568
3,638,27310.61301308298
3,639,27310.446989340042
3,640,27300.216071096584
3,641,27328.79500699591
3,642,27312.335087473555
3,643,27339.9096039815
3,644,27351.231220734313
3,645,27316.317493458093
3,646,27351.18117775054
3,647,27355.73497007335
3,648,27369.82630038993
3,649,27376.467143479353
3,650,27328.631213102177
3,651,27295.635020911708
3,652,27289.132117852365
3,653,27287.583389793697
3,654,27336.57727848823
3,655,27336.783194799835
3,656,27359.956376679685
3,657,27346.79751693465
3,658,27347.319100365687
3,659,27328.512055262265
3,660,27320.61851274143
3,661,27325.999245985367
3,662,27313.451886264807
3,663,27328.936387001686
3,664,27376.986325449645
3,665,27353.772606109094
3,666,27295.33908511269
3,667,27305.79438317139
3,668,27300.963518150187
3,669,27288.46655887234
3,670,27326.429963558014
3,671,27282.59368262511
3,672,27291.466714535338
3,673,27311.36740233018
3,674,27315.14578604805
3,675,27344.022044131652
3,676,27311.019145332833
3,677,27303.75959819923
3,678,27287.899147198652
3,679,27317.075349200397
3,680,27284.69356915478
3,681,27290.14181773845
3,682,27320.452502837994
3,683,27334.9441262002
3,684,27308.42908374732
3,685,27289.13753074178
3,686,27341.100504318907
3,687,27333.943869675444
3,688,27336.85699899638
3,689,27313.48745925965
3,690,27325.860411633814
3,691,27335.414952120092
3,692,27309.515699578522
3,693,27317.26406079491
3,694,27340.99768947405
3,695,27356.741927445935
3,696,27319.027935774113
3,697,27327.865057364368
3,698,27327.016120487242
3,699,27340.188790537253
3,700,27322.75718946511
3,701,27365.099701569634
3,702,27388.27588105148
3,703,27365.69103306541
3,704,27348.460926921278
3,705,27333.871661548328
3,706,27281.34182277252
3,707,27293.99208421321
3,708,27319.235034428813
3,709,27327.952000103884
3,710,27317.254405685326
3,711,27313.365239594932
3,712,27321.08371173621
3,713,27338.85448993138
3,714,27370.669825546
3,715,27331.865169577683
3,716,27310.527834650864
3,717,27356.698855164457
3,718,27315.988890542136
3,719,27358.463747250134
3,720,27351.660527751792
3,721,27317.190567176272
3,722,27340.16941950408
3,723,27332.310438393433
3,724,27322.124123201644
3,725,27288.830256117
3,726,27257.54804106642
3,727,27301.816213999256
3,728,27283.830850626284
3,729,27314.586374067352
3,730,27337.97070339935
3,731,27321.914697589466
3,732,27311.43235281495
3,733,27302.265303344884
3,734,27299.838954595038
3,735,27311.704589220557
3,736,27299.640447609418
3,737,27356.7440888292
3,738,27338.98410266247
3,739,27327.939005706612
3,740,27329.480180617596
3,741,27302.74811165398
3,742,27295.37897328212
3,743,27289.270312967066
3,744,27319.536292717043
3,745,27330.508000587644
3,746,27368.101208426993
3,747,27354.30047120361
3,748,27410.23692581463
3,749,27414.602566293983
3,750,27363.70791906364
3,751,27373.507800639596
3,752,27391.34203766603
3,753,27326.102595969256
3,754,27310.606390373185
3,755,27286.54531636651
3,756,27314.998943755305
3,757,27295.29728168984
3,758,27286.811077135415
3,759,27293.754131099842
3,760,27297.31643247467
3,761,27308.72006650228
3,762,27332.61159365153
3,763,27326.427353467945
3,764,27362.080968019098
3,765,27322.8942285294
3,766,27318.071766591383
3,767,27321.50892400039
3,768,27329.236382855226
3,769,27341.875730841257
3,770,27289.859691274185
3,771,27360.037033132336
3,772,27331.05196840146
3,773,27301.990462759135
3,774,27323.575104735624
3,775,27335.056677550863
3,776,27304.08723687324
3,777,27319.95662138081
3,778,27318.530865742796
3,779,27351.284236604988
3,780,27284.418618452208
3,781,27303.758012751663
3,782,27325.477802881534
3,783,27306.639710394586
3,784,27301.81728021398
3,785,27342.42461008131
3,786,27345.156850121675
3,787,27336.987570689555
3,788,27334.250788004265
3,789,27333.355327141715
3,790,27313.73911750986
3,791,27351.546270808136
3,792,27303.90744288192
3,793,27375.615806370282
3,794,27345.693380828692
3,795,27326.256370756575
3,796,27347.330033143444
3,797,27393.008984699027
3,798,27372.2595230491
3,799,27376.27349808941
3,800,27343.242132180003
3,801,27355.087533787082
3,802,27336.263622917173
3,803,27381.696112159665
3,804,27364.341566819112
3,805,27328.652567897883
3,806,27363.399490547432
3,807,27327.557003329042
3,808,27317.793752338854
3,809,27345.8373353124
3,810,27373.26997627818
3,811,27349.04059135395
3,812,27351.13460328903
3,813,27364.28900771788
3,814,27341.95563875591
3,815,27356.73880710926
3,816,27360.237880797
3,817,27358.1249745271
3,818,27373.64582005532
3,819,27345.56038268394
3,820,27328.65193904934
3,821,27329.423381362667
3,822,27313.661367098863
3,823,27295.97644379205
3,824,27319.921246316586
3,825,27363.83062838724
3,826,27363.32001545921
3,827,27333.890770040915
3,828,27327.00910748416
3,829,27316.721405705735
3,830,27316.349026324013
3,831,27307.733435317517
3,832,27318.984573424594
3,833,27327.189177808676
3,834,27351.15409524175
3,835,27343.163599480835
3,836,27356.80465859695
3,837,27337.048610182876
3,838,27313.889382299
3,839,27280.295486414045
3,840,27333.14623663426
3,841,27363.55552241874
3,842,27347.090997042244
3,843,27332.496351704816
3,844,27334.789405712385
3,845,27323.05571152289
3,846,27353.129249515918
3,847,27331.865956591093
3,848,27336.68983630361
3,849,27338.767821701633
3,850,27350.809829133683
3,851,27411.576203589393
3,852,27362.987319915457
3,853,27338.30109130508
3,854,27298.744492398848
3,855,27253.79759117141
3,856,27307.837788856406
3,857,27347.149036326828
3,858,27343.798700049258
3,859,27322.50262225668
3,860,27316.907605751996
3,861,27366.730937061922
3,862,27365.046254829183
3,863,27328.75521008686
3,864,27306.27351929027
3,865,27344.630459309654
3,866,27334.35681785931
3,867,27318.042524141572
3,868,27332.09706041808
3,869,27362.64194923393
3,870,27376.957153371928
3,871,27362.944287702485
3,872,27340.90835360179
3,873,27383.75599141891
3,874,27369.13750401176
3,875,27325.9090681113
3,876,27356.033478746576
3,877,27321.35022014044
3,878,27325.519147821426
3,879,27323.070989414795
3,880,27386.01622785887
3,881,27322.973647046303
3,882,27317.864689352253
3,883,27325.250386449836
3,884,27316.68957904504
3,885,27317.51711117453
3,886,27356.14192915681
3,887,27374.772840611644
3,888,27368.47319465595
3,889,27387.656371456407
3,890,27378.942076701056
3,891,27363.519521263737
3,892,27359.63373553415
3,893,27336.84633026545
3,894,27322.789006765524
3,895,27376.5186276271
3,896,27373.716946558794
3,897,27365.59464314866
3,898,27367.41332571241
3,899,27368.36669161691
3,900,27387.86628911586
3,901,27333.5540693126
3,902,27358.663648744154
3,903,27368.81112508318
3,904,27353.298994605313
3,905,27325.07607073021
3,906,27338.86149982086
3,907,27354.619712181648
3,908,27351.80986246891
3,909,27339.05548919829
3,910,27296.26281444597
3,911,27362.412469962746
3,912,27300.438600085436
3,913,27350.394427342577
3,914,27333.33157575692
3,915,27339.750034507404
3,916,27347.505177554583
3,917,27304.55378985642
3,918,27335.43135713256
3,919,27314.073572458106
3,920,27315.830601250967
3,921,27315.937330711222
3,922,27304.637983633165
3,923,27340.420279484082
3,924,27363.754355217523
3,925,27324.355691575503
3,926,27342.045873030587
3,927,27347.252748044175
3,928,27346.631583236223
3,929,27340.905205631727
3,930,27383.25283909212
3,931,27315.839547175976
3,932,27347.62357253062
3,933,27326.066996305817
3,934,27321.661759140417
3,935,27331.191567337082
3,936,27296.071584179383
3,937,27289.87489808382
3,938,27332.34551500054
3,939,27358.03486913465
3,940,27370.082637674237
3,941,27341.62357609985
3,942,27338.78237583035
3,943,27387.187305980493
3,944,27318.482876542337
3,945,27364.394911589894
3,946,27384.89014048864
3,947,27382.3790687809
3,948,27374.988350563566
3,949,27389.35396866981
3,950,27354.441736441826
3,951,27319.471809550334
3,952,27310.144112189704
3,953,27310.20608240561
3,954,27350.816997901013
3,955,27349.031681567056
3,956,27341.80462837246
3,957,27304.28825809355
3,958,27361.430639367292
3,959,27343.463752734166
3,960,27301.20453541539
3,961,27317.40212428814
3,962,27331.008115652487
3,963,27328.646341856846
3,964,27331.18219289298
3,965,27349.05197407274
3,966,27344.219875242095
3,967,27345.242583358042
3,968,27362.46784180631
3,969,27339.344306170056
3,970,27394.406373645343
3,971,27364.226281309377
3,972,27327.749008034738
3,973,27307.516556822513
3,974,27312.09351337716
3,975,27317.961622793915
3,976,27322.66085703554
3,977,27306.928232575374
3,978,27275.219401854807
3,979,27286.12128851359
3,980,27344.879209385927
3,981,27312.252164495912
3,982,27329.11883428633
3,983,27308.56099924069
3,984,27311.439231469336
3,985,27343.138465242333
3,986,27353.89218292406
3,987,27327.073305048267
3,988,27332.675030428494
3,989,27365.749956400945
3,990,27377.29704320377
3,991,27386.762248168794
3,992,27331.650570403664
3,993,27335.874240712343
3,994,27313.502231355615
3,995,27272.140604619457
3,996,27275.73958594598
3,997,27316.998015647237
3,998,27304.838604949982
3,999,27284.651883100887
3,1000,27315.505203573066
3,1001,27256.115738412256
3,1002,27282.94557741317
3,1003,27300.74608335618
3,1004,27300.195312973872
3,1005,27324.57482719058
3,1006,27324.573287101586
3,1007,27325.71318698825
3,1008,27339.509695040684
3,1009,27360.686980493025
3,1010,27356.66909929602
3,1011,27359.17702048931
3,1012,27326.780926033003
3,1013,27359.027872561903
3,1014,27351.167042168767
3,1015,27342.563962796616
3,1016,27345.00545985737
3,1017,27342.913965833945
3,1018,27314.883309788333
3,1019,27304.148557819877
3,1020,27331.67140942194
3,1021,27325.536768455837
3,1022,27316.411125529303
3,1023,27335.063517628507
3,1024,27333.292027765052
3,1025,27325.110687821172
3,1026,27306.382686452755
3,1027,27300.446939492544
3,1028,27321.947465068148
3,1029,27313.86690761698
3,1030,27320.921123653596
3,1031,27329.98591193145
3,1032,27328.75383237354
3,1033,27316.44870534954
3,1034,27315.569040311708
3,1035,27335.373229794033
3,1036,27357.862922027107
3,1037,27395.220500633193
3,1038,27412.31126098582
3,1039,27383.259409912767
3,1040,27329.351509427343
3,1041,27377.361633644334
3,1042,27354.222881371425
3,1043,27341.71445644219
3,1044,27358.277689756993
3,1045,27347.16795594769
3,1046,27365.244796207036
3,1047,27302.92970161251
3,1048,27278.964410400735
3,1049,27297.068333669973
3,1050,27289.4931607768
3,1051,27305.211578972594
3,1052,27323.531715617846
3,1053,27355.80239601957
3,1054,27366.542152533773
3,1055,27334.984534857354
3,1056,27351.364368415245
3,1057,27354.283880743922
3,1058,27382.33271151052
3,1059,27360.75112959318
3,1060,27291.672220843855
3,1061,27294.221786155656
3,1062,27294.785645929875
3,1063,27327.947095211402
3,1064,27330.86223878968
3,1065,27389.878185446043
3,1066,27422.985863966063
3,1067,27397.716953767063
3,1068,27373.586750818347
3,1069,27318.870186556327
3,1070,27351.101964143516
3,1071,27392.785831193807
3,1072,27361.08363113689
3,1073,27361.586668208598
3,1074,27326.151950367515
3,1075,27341.7754294531
3,1076,27339.761714682623
3,1077,27326.53465420463
3,1078,27313.15575980278
3,1079,27333.816733249027
3,1080,27380.12304980942
3,1081,27344.526976330566
3,1082,27340.708263290035
3,1083,27344.756521461157
3,1084,27315.05035468639
3,1085,27326.78361328675
3,1086,27313.46534540273
3,1087,27323.340523515835
3,1088,27342.97371747072
3,1089,27310.203197903964
3,1090,27263.93393427851
3,1091,27298.91936370322
3,1092,27302.945925620854
3,1093,27307.921002144172
3,1094,27331.283464774355
3,1095,27311.531917908487
3,1096,27316.979558096773
3,1097,27333.771328263098
3,1098,27374.837521689282
3,1099,27365.34962754804
3,1100,27391.23577735625
3,1101,27384.605394545437
3,1102,27327.110352972803
3,1103,27341.419081854612
3,1104,27342.7516225132
3,1105,27358.390552769357
3,1106,27328.88405176658
3,1107,27316.447833951548
3,1108,27292.91864704008
3,1109,27291.002519121834
3,1110,27267.922708125825
3,1111,27291.808855326155
3,1112,27290.57061168344
3,1113,27314.26548574172
3,1114,27309.453879961628
3,1115,27349.37819979518
3,1116,27363.870658630945
3,1117,27355.99352130045
3,1118,27361.43448802683
3,1119,27392.153569012462
3,1120,27418.25766686881
3,1121,27372.509694470104
3,1122,27380.59847848178
3,1123,27362.29487422928
3,1124,27337.783322338477
3,1125,27311.0755112431
3,1126,27345.927016997906
3,1127,27339.23181028374
3,1128,27350.17634412898
3,1129,27372.333123660508
3,1130,27329.904423842876
3,1131,27341.59809258791
3,1132,27354.861694760628
3,1133,27332.631902907393
3,1134,27305.883582961684
3,1135,27349.487083912823
3,1136,27377.945931966737
3,1137,27381.843066319616
3,1138,27363.666152516027
3,1139,27347.33243830746
3,1140,27353.046919714307
3,1141,27320.407029013608
3,1142,27288.4366802514
3,1143,27292.185164936876
3,1144,27311.69279449425
3,1145,27305.916186926763
3,1146,27352.852452127518
3,1147,27367.51942703687
3,1148,27329.64856087565
3,1149,27344.008126089717
3,1150,27319.80173882094
3,1151,27354.58834859723
3,1152,27378.66758107983
3,1153,27353.52159423877
3,1154,27318.34857537773
3,1155,27319.590636356425
3,1156,27338.86155617757
3,1157,27356.862727152125
3,1158,27333.76766242183
3,1159,27338.251049908107
3,1160,27353.41409104103
3,1161,27328.9087944944
3,1162,27338.375989773915
3,1163,27337.88003959632
3,1164,27347.316068980446
3,1165,27363.881730266912
3,1166,27360.886609484303
3,1167,27376.98653475179
3,1168,27342.341358402984
3,1169,27351.00746656967
3,1170,27294.368062561174
3,1171,27270.956947000668
3,1172,27312.045134420892
3,1173,27323.201237556706
3,1174,27283.364239979885
3,1175,27323.854672813806
3,1176,27314.299650398712
3,1177,27356.66940498267
3,1178,27351.661967690612
3,1179,27370.95307868186
3,1180,27387.761271377247
3,1181,27343.44190006706
3,1182,27328.881875820476
3,1183,27343.457208587246
3,1184,27327.55403409612
3,1185,27253.847908996016
3,1186,27335.067434502267
3,1187,27363.730934983654
3,1188,27350.698225257125
3,1189,27342.764008642927
3,1190,27357.1153897457
3,1191,27343.148448972064
3,1192,27355.340858051342
3,1193,27312.3741128198
3,1194,27338.19211494026
3,1195,27353.503079634378
3,1196,27297.230386519157
3,1197,27288.304373650877
3,1198,27298.01317013666
3,1199,27351.163815687207
3,1200,27291.230365561038
3,1201,27339.980012252567
3,1202,27330.29712971212
3,1203,27280.23505348131
3,1204,27329.254441810626
3,1205,27328.233882333097
3,1206,27388.00159653068
3,1207,27353.048947338797
3,1208,27322.54428610049
3,1209,27336.431646976635
3,1210,27312.135997725047
3,1211,27362.667207668972
3,1212,27327.147366936326
3,1213,27301.944637441826
3,1214,27299.07130840796
3,1215,27316.94057955565
3,1216,27335.558961328403
3,1217,27290.786730483862
3,1218,27289.3596482131
3,1219,27318.90834629539
3,1220,27331.668517853937
3,1221,27312.046520884007
3,1222,27303.506943139575
3,1223,27354.791468115065
3,1224,27301.617506909253
3,1225,27293.83562440197
3,1226,27283.36217020563
3,1227,27303.657227669974
3,1228,27317.354017039765
3,1229,27315.40188584222
3,1230,27346.85098199324
3,1231,27310.073838504723
3,1232,27381.82150867025
3,1233,27398.964795844113
3,1234,27377.625183268934
3,1235,27353.27496340254
3,1236,27385.312015393294
3,1237,27378.13385077563
3,1238,27339.163986339598
3,1239,27348.343990660887
3,1240,27306.55191736399
3,1241,27338.12947647999
3,1242,27343.85617475597
3,1243,27355.203170768727
3,1244,27342.032724491928
3,1245,27358.099111499465
3,1246,27369.28687244254
3,1247,27347.00266265464
3,1248,27343.59679505556
3,1249,27311.820092462956
3,1250,27319.214513107883
3,1251,27316.171233891546
3,1252,27326.92034724375
3,1253,27363.891762050727
3,1254,27358.357469134124
3,1255,27303.053193599822
3,1256,27318.393462069824
3,1257,27349.158917214456
3,1258,27315.72808138178
3,1259,27338.029259002567
3,1260,27320.421602219856
3,1261,27326.92675415812
3,1262,27349.262872386444
3,1263,27321.796790125114
3,1264,27317.267358517685
3,1265,27323.23997444473
3,1266,27283.697568033742
3,1267,27322.247974844595
3,1268,27296.359149992106
3,1269,27297.714343776173
3,1270,27372.567110342665
3,1271,27317.50294798855
3,1272,27315.868119397863
3,1273,27335.4454356227
3,1274,27357.268469831808
3,1275,27390.172727582772
3,1276,27338.44169809994
3,1277,27352.39608968936
3,1278,27313.48069814807
3,1279,27313.897213333945
3,1280,27326.044238275234
3,1281,27319.56127248923
3,1282,27296.298388695843
3,1283,27355.45243478102
3,1284,27375.401961223884
3,1285,27362.489408986195
3,1286,27353.293933676465
3,1287,27332.461484818898
3,1288,27329.637373669197
3,1289,27325.53541782159
3,1290,27350.898505485737
3,1291,27367.97062320973
3,1292,27374.402614367842
3,1293,27305.711932918402
3,1294,27336.39625942564
3,1295,27350.993927365824
3,1296,27364.38631957132
3,1297,27360.63358938713
3,1298,27360.356622173083
3,1299,27367.118806207345
3,1300,27312.760187825286
3,1301,27347.865190643715
3,1302,27345.70349921662
3,1303,27342.249289361636
3,1304,27301.29082776998
3,1305,27310.01117697203
3,1306,27316.30074569013
3,1307,27340.421314723382
3,1308,27334.530305065156
3,1309,27322.981098640736
3,1310,27368.46575709748
3,1311,27387.02583139652
3,1312,27389.64511639483
3,1313,27379.664203996104
3,1314,27360.363923366716
3,1315,27333.97952735282
3,1316,27330.255059429433
3,1317,27323.99865885883
3,1318,27294.87191986341
3,1319,27328.278604874504
3,1320,27335.5998315015
3,1321,27365.647307525564
3,1322,27337.36582565367
3,1323,27318.717121814392
3,1324,27299.924715434478
3,1325,27305.654326620122
3,1326,27311.050660353765
3,1327,27313.070438108723
3,1328,27302.90596866516
3,1329,27297.944864414672
3,1330,27284.814165226293
3,1331,27274.83178129144
3,1332,27309.900490752236
3,1333,27330.983409364093
3,1334,27328.928139491116
3,1335,27321.231312392672
3,1336,27332.04162873164
3,1337,27346.761387631283
3,1338,27345.21970609296
3,1339,27358.920280252845
3,1340,27357.077571467118
3,1341,27392.65170710936
3,1342,27355.6967881774
3,1343,27371.791937912167
3,1344,27358.251808757577
3,1345,27341.19791389025
3,1346,27323.947391358783
3,1347,27359.962317628982
3,1348,27371.163193536147
3,1349,27333.2377373359
3,1350,27317.03587372773
3,1351,27299.136771282436
3,1352,27278.498018633534
3,1353,27278.383870900765
3,1354,27295.609587177427
3,1355,27325.843305818325
3,1356,27357.35159891841
3,1357,27388.54014444292
3,1358,27350.384269072416
3,1359,27349.753554265037
3,1360,27311.47192187451
3,1361,27330.201128322802
3,1362,27312.695343126896
3,1363,27307.32900314254
3,1364,27277.82811077702
3,1365,27313.594641977408
3,1366,27327.5781014072
3,1367,27359.051480377984
3,1368,27374.250182931402
3,1369,27371.077619739488
3,1370,27313.601312782004
3,1371,27344.86998892351
3,1372,27306.45807923573
3,1373,27322.59527340541
3,1374,27313.01346505184
3,1375,27313.930744805264
3,1376,27298.212640252303
3,1377,27337.049348782457
3,1378,27354.69810169693
3,1379,27285.977454636235
3,1380,27310.64248092263
3,1381,27321.926511756
3,1382,27375.580778601932
3,1383,27380.18929972563
3,1384,27348.986653728363
3,1385,27335.014606209133
3,1386,27389.413744420548
3,1387,27385.943309796414
3,1388,27404.48402295362
3,1389,27330.541313342375
3,1390,27326.784259934015
3,1391,27345.77317850125
3,1392,27355.170777269086
3,1393,27316.9851804807
3,1394,27323.615984357606
3,1395,27334.67293568233
3,1396,27332.362120373175
3,1397,27347.10673054683
3,1398,27363.20392388205
3,1399,27364.73758095726
3,1400,27331.714415001792
3,1401,27385.390724328405
3,1402,27379.44304018499
3,1403,27360.957329030985
3,1404,27367.17813935537
3,1405,27368.392858502026
3,1406,27344.636049242046
3,1407,27331.051750017185
3,1408,27332.944541672183
3,1409,27329.367273490185
3,1410,27328.17929374254
3,1411,27362.29862940065
3,1412,27345.089623783115
3,1413,27320.5777508058
3,1414,27354.269297904662
3,1415,27360.01077194512
3,1416,27362.824355118883
3,1417,27350.21299713539
3,1418,27346.440901070473
3,1419,27339.07174810206
3,1420,27341.441371684705
3,1421,27348.36473336665
3,1422,27323.69524362064
3,1423,27338.372828051615
3,1424,27328.579597550615
3,1425,27307.880700575246
3,1426,27336.035039527313
3,1427,27388.755765608126
3,1428,27362.512796685816
3,1429,27337.84334742853
3,1430,27344.05569044329
3,1431,27321.70642439263
3,1432,27358.641103638147
3,1433,27344.59222147842
3,1434,27317.61321157005
3,1435,27340.64868727485
3,1436,27336.557868675478
3,1437,27329.687782182584
3,1438,27323.774942705637
3,1439,27315.63161361377
3,1440,27302.37992711813
3,1441,27306.933657537593
3,1442,27318.8149740536
3,1443,27307.401456467644
3,1444,27342.369862373092
3,1445,27346.82338310899
3,1446,27338.417838692574
3,1447,27349.808586417515
3,1448,27323.47648738354
3,1449,27310.99206649053
3,1450,27325.320105220908
3,1451,27331.83666905334
3,1452,27350.290748450203
3,1453,27343.965684556
3,1454,27353.86191165662
3,1455,27344.182300593955
3,1456,27350.56272619547
3,1457,27345.615017500568
3,1458,27314.793611993162
3,1459,27325.816537207404
3,1460,27342.892523685474
3,1461,27322.727030364535
3,1462,27355.933862722766
3,1463,27325.74379357276
3,1464,27371.681926305213
3,1465,27391.98598433932
3,1466,27401.310450787325
3,1467,27404.567567792852
3,1468,27390.841479183295
3,1469,27386.718541566323
3,1470,27376.183062730706
3,1471,27336.716285819268
3,1472,27339.057522761017
3,1473,27322.28840888044
3,1474,27327.788438444484
3,1475,27366.51753029036
3,1476,27392.36266346941
3,1477,27365.976528194853
3,1478,27376.432801680323
3,1479,27350.388450665847
3,1480,27329.57967325144
3,1481,27338.86028291195
3,1482,27299.499321848485
3,1483,27346.00063480672
3,1484,27355.921510007774
3,1485,27335.00706160632
3,1486,27327.29001596865
3,1487,27327.28951972636
3,1488,27305.938985468347
3,1489,27292.223794981644
3,1490,27294.279726515117
3,1491,27365.251233040693
3,1492,27367.257232219126
3,1493,27373.24640419561
3,1494,27315.70414800803
3,1495,27322.93675045875
3,1496,27306.742695223515
3,1497,27305.367358492313
3,1498,27289.193985439542
3,1499,27275.804080696314
3,1500,27296.904276682457
3,1501,27312.11696423513
3,1502,27320.468118006735
3,1503,27352.92466624621
3,1504,27332.93345344632
3,1505,27398.02889728936
3,1506,27403.816779891276
3,1507,27338.62179762841
3,1508,27369.92535709004
3,1509,27319.712365142135
3,1510,27328.77665380843
3,1511,27341.712036985686
3,1512,27305.014866177353
3,1513,27298.12593324046
3,1514,27295.010364856418
3,1515,27341.979195021206
3,1516,27345.082554772474
3,1517,27299.29360217423
3,1518,27299.351326606287
3,1519,27319.815794665104
3,1520,27360.548835868918
3,1521,27376.951963743304
3,1522,27353.334357447526
3,1523,27360.679793641113
3,1524,27415.427330698334
3,1525,27379.707996555902
3,1526,27380.11635159201
3,1527,27382.086116146056
3,1528,27380.105246785544
3,1529,27377.463733708624
3,1530,27309.680680792488
3,1531,27350.6654675325
3,1532,27338.61601517162
3,1533,27316.358518737634
3,1534,27283.348688392587
3,1535,27304.63938283656
3,1536,27337.279467782486
3,1537,27360.257646766626
3,1538,27343.879241280538
3,1539,27321.168962491527
3,1540,27323.75626490193
3,1541,27317.3781340567
3,1542,27332.213423692978
3,1543,27363.437214919435
3,1544,27364.00819500456
3,1545,27349.772321266704
3,1546,27306.260056988292
3,1547,27334.950112244096
3,1548,27337.493758047236
3,1549,27346.090816761694
3,1550,27363.275677744023
3,1551,27324.209528086063
3,1552,27340.026069115425
3,1553,27350.258900107285
3,1554,27325.773424397787
3,1555,27345.76125641186
3,1556,27343.25574163322
3,1557,27326.497502915336
3,1558,27361.420824242123
3,1559,27389.264333175106
3,1560,27353.046067942647
3,1561,27346.492269181534
3,1562,27318.163592987185
3,1563,27339.90496199503
3,1564,27307.08820827578
3,1565,27329.615300508558
3,1566,27337.85507929729
3,1567,27328.98107058921
3,1568,27304.442706047157
3,1569,27324.526488402447
3,1570,27323.288598140076
3,1571,27345.20447901341
3,1572,27353.99631547063
3,1573,27368.734091217815
3,1574,27341.0541769243
3,1575,27333.121014296874
3,1576,27430.137684213758
3,1577,27378.907375752657
3,1578,27390.99250530382
3,1579,27363.630551950817
3,1580,27308.965602226468
3,1581,27312.23196255507
3,1582,27302.011239668627
3,1583,27285.688539049926
3,1584,27315.13072046453
3,1585,27321.771526870194
3,1586,27332.45581261022
3,1587,27314.974119032024
3,1588,27310.95619245172
3,1589,27316.89135042462
3,1590,27324.408885658875
3,1591,27319.131582915812
3,1592,27321.223400919753
3,1593,27300.364483918187
3,1594,27331.57060376293
3,1595,27327.467958630376
3,1596,27317.709486520034
3,1597,27312.391562675195
3,1598,27297.256679966096
3,1599,27317.564742618164
3,1600,27377.42783679048
3,1601,27399.152682749107
3,1602,27380.853489564714
3,1603,27356.398655300192
3,1604,27343.75624335856
3,1605,27345.081452340673
3,1606,27328.695342554354
3,1607,27345.284931878636
3,1608,27368.135321561273
3,1609,27335.327371573167
3,1610,27356.823872840647
3,1611,27354.807287206833
3,1612,27369.86450727749
3,1613,27372.098789636577
3,1614,27401.18783934444
3,1615,27355.334231099274
3,1616,27333.288368375208
3,1617,27346.09728794124
3,1618,27341.73113471647
3,1619,27371.728467001423
3,1620,27342.473747235552
3,1621,27333.404638157997
3,1622,27349.38282056761
3,1623,27303.20014987256
3,1624,27308.34040905104
3,1625,27312.373654194053
3,1626,27341.59183531421
3,1627,27334.377163904148
3,1628,27335.21769924538
3,1629,27323.59915364014
3,1630,27304.641309675157
3,1631,27289.899028881682
3,1632,27310.764426142567
3,1633,27332.541825820932
3,1634,27356.936520325275
3,1635,27356.34529904106
3,1636,27361.604134896887
3,1637,27327.234062239335
3,1638,27388.299979399886
3,1639,27344.58932984289
3,1640,27409.247069137095
3,1641,27365.878193755492
3,1642,27368.155189996913
3,1643,27347.091576161365
3,1644,27314.02938585992
3,1645,27334.276517507184
3,1646,27339.984153702615
3,1647,27349.97946863078
3,1648,27344.78360068557
3,1649,27346.60179999497
3,1650,27373.152735057593
3,1651,27395.327578269415
3,1652,27382.291492015716
3,1653,27345.831564271546
3,1654,27315.818711870565
3,1655,27310.78775128956
3,1656,27326.75302675379
3,1657,27361.150862747618
3,1658,27365.6735267657
3,1659,27367.658549512245
3,1660,27396.679085119773
3,1661,27413.686480418033
3,1662,27393.58339472241
3,1663,27347.37078305336
3,1664,27344.225334059618
3,1665,27317.811304550556
3,1666,27279.115561182636
3,1667,27267.36211071806
3,1668,27317.499728288436
3,1669,27357.62829503011
3,1670,27340.70900206
3,1671,27337.511666649316
3,1672,27352.044206010232
3,1673,27353.477528117255
3,1674,27357.852357577776
3,1675,27364.904993839133
3,1676,27383.6229654546
3,1677,27340.170155792424
3,1678,27338.206889286645
3,1679,27353.239937058923
3,1680,27348.98427785948
3,1681,27327.289029112882
3,1682,27320.657216417036
3,1683,27312.511718030222
3,1684,27332.315697477567
3,1685,27361.107950559846
3,1686,27386.215559976477
3,1687,27340.02225829911
3,1688,27348.845772056142
3,1689,27332.92404137172
3,1690,27350.83413974771
3,1691,27398.03586954561
3,1692,27410.677124101436
3,1693,27362.42934026698
3,1694,27357.5736693538
3,1695,27401.53056771763
3,1696,27415.10345587892
3,1697,27374.40277888384
3,1698,27349.300981121516
3,1699,27361.39780201776
3,1700,27334.238231927226
3,1701,27341.595328489475
3,1702,27365.331876733348
3,1703,27326.097275851043
3,1704,27351.57240786247
3,1705,27350.522919724797
3,1706,27361.405764679293
3,1707,27383.70319686217
3,1708,27351.465104091018
3,1709,27335.484683357558
3,1710,27341.502818354733
3,1711,27360.627819847912
3,1712,27325.492620241206
3,1713,27341.55650442075
3,1714,27348.274471318793
3,1715,27334.278101773867
3,1716,27347.457172395174
3,1717,27328.753413418028
3,1718,27363.8484529543
3,1719,27362.2534632861
3,1720,27329.706548049864
3,1721,27329.006967587018
3,1722,27319.09822517309
3,1723,27323.981175072302
3,1724,27346.09124550081
3,1725,27309.93242207407
3,1726,27336.19288841211
3,1727,27332.96077315582
3,1728,27343.54775180873
3,1729,27356.797103256737
3,1730,27354.141615873144
3,1731,27327.660963681035
3,1732,27306.67467247791
3,1733,27315.029445473247
3,1734,27282.269170804986
3,1735,27315.84006656868
3,1736,27330.648601713703
3,1737,27327.12474874318
3,1738,27326.589799754696
3,1739,27320.55823321147
3,1740,27347.94976462899
3,1741,27378.022027518764
3,1742,27381.86623266116
3,1743,27372.194177116937
3,1744,27335.45700259632
3,1745,27341.157471000308
3,1746,27322.36890337185
3,1747,27312.315130957315
3,1748,27278.40805772302
3,1749,27298.832053561226
3,1750,27277.551755051813
3,1751,27268.35782326071
3,1752,27303.78346155177
3,1753,27320.259559454717
3,1754,27316.451129105328
3,1755,27342.6244724108
3,1756,27373.418879138953
3,1757,27360.28607929958
3,1758,27379.340765049194
3,1759,27355.325404671596
3,1760,27301.58373372518
3,1761,27325.340474304707
3,1762,27306.47118424127
3,1763,27342.801278274415
3,1764,27321.967215847573
3,1765,27304.881101962048
3,1766,27311.733727739098
3,1767,27294.31861607556
3,1768,27332.14183228923
3,1769,27342.16331844233
3,1770,27361.847850574013
3,1771,27334.698103146104
3,1772,27343.417825446442
3,1773,27380.120603604886
3,1774,27380.063498123032
3,1775,27349.446071934875
3,1776,27347.38953838512
3,1777,27354.90430712004
3,1778,27360.024705895983
3,1779,27369.120600678973
3,1780,27361.983586190836
3,1781,27375.672440197075
3,1782,27352.99787892457
3,1783,27329.444526428335
3,1784,27358.860729892494
3,1785,27339.84009657478
3,1786,27322.55046782446
3,1787,27319.62594471359
3,1788,27344.120352290833
3,1789,27318.592156846727
3,1790,27320.688420452654
3,1791,27326.927056258963
3,1792,27355.436946869177
3,1793,27364.89072791944
3,1794,27335.171472380756
3,1795,27319.1551617125
3,1796,27292.705697017256
3,1797,27273.97695197319
3,1798,27311.556299189186
3,1799,27346.367217230414
3,1800,27356.934998038974
3,1801,27370.791258144804
3,1802,27351.07059004031
3,1803,27325.560594570798
3,1804,27310.798085249575
3,1805,27254.792503079
3,1806,27261.399414414303
3,1807,27305.80046956792
3,1808,27291.505469572607
3,1809,27313.83973955107
3,1810,27310.509331628768
3,1811,27321.027814683457
3,1812,27299.648527180452
3,1813,27297.502617790386
3,1814,27357.51528945667
3,1815,27361.770724943013
3,1816,27364.151530397747
3,1817,27332.33840703326
3,1818,27333.607357478515
3,1819,27343.933171876095
3,1820,27313.736167984112
3,1821,27275.268297638224
3,1822,27282.841585372378
3,1823,27302.34794881706
3,1824,27287.54121008291
3,1825,27295.8101582437
3,1826,27291.5869966505
3,1827,27306.694414718324
3,1828,27290.50338547854
3,1829,27308.89223798088
3,1830,27306.117907066317
3,1831,27328.74597653575
3,1832,27348.070999011557
3,1833,27366.204947551756
3,1834,27350.731473258944
3,1835,27375.196476957473
3,1836,27355.378446597693
3,1837,27343.47035829775
3,1838,27378.539244728014
3,1839,27354.25346700131
3,1840,27352.394334945424
3,1841,27352.998782742085
3,1842,27370.22253627622
3,1843,27375.978431286654
3,1844,27371.26324831602
3,1845,27328.503862256595
3,1846,27331.79822565797
3,1847,27305.574115150182
3,1848,27307.056620901316
3,1849,27289.523683613243
3,1850,27313.116563268697
3,1851,27277.337933721858
3,1852,27296.38254339804
3,1853,27344.84068769633
3,1854,27326.80600901923
3,1855,27321.712246925923
3,1856,27355.034772201685
3,1857,27351.98781127979
3,1858,27312.821764205513
3,1859,27323.78589577479
3,1860,27331.507669945608
3,1861,27347.950367342568
3,1862,27364.245179625614
3,1863,27336.32418395083
3,1864,27348.941270116986
3,1865,27340.04844462861
3,1866,27324.292695845164
3,1867,27332.644604569494
3,1868,27348.762105897233
3,1869,27323.128523185285
3,1870,27339.581041747188
3,1871,27366.779115961323
3,1872,27386.106124404912
3,1873,27388.65702900102
3,1874,27358.654474905998
3,1875,27322.086966724804
3,1876,27308.893951905884
3,1877,27323.793662984324
3,1878,27313.936767352232
3,1879,27351.72952582992
3,1880,27353.5788527283
3,1881,27370.173864943903
3,1882,27333.81627574304
3,1883,27343.57695159104
3,1884,27299.16566732146
3,1885,27352.367578514975
3,1886,27355.812023716102
3,1887,27367.101423620537
3,1888,27389.17665924448
3,1889,27375.734890415366
3,1890,27372.471490789583
3,1891,27367.989745123698
3,1892,27302.820401732744
3,1893,27291.899994053267
3,1894,27295.7596090033
3,1895,27313.452666637688
3,1896,27306.732135542257
3,1897,27289.790848117787
3,1898,27322.04470640996
3,1899,27308.03693398995
3,1900,27337.20435738684
3,1901,27316.038373094965
3,1902,27328.46495845697
3,1903,27371.38696929939
3,1904,27340.350581284194
3,1905,27317.270304786387
3,1906,27324.934017813288
3,1907,27320.560476291877
3,1908,27335.174153500877
3,1909,27312.82337101136
3,1910,27317.38475309636
3,1911,27324.21226207202
3,1912,27339.87908773694
3,1913,27339.066127108355
3,1914,27351.328181864785
3,1915,27340.822776852438
3,1916,27366.18523555895
3,1917,27337.423383342764
3,1918,27321.354257709805
3,1919,27340.90982085357
3,1920,27357.374588627477
3,1921,27382.201552197024
3,1922,27329.68819714793
3,1923,27329.705568865338
3,1924,27300.023286453878
3,1925,27283.558591977708
3,1926,27300.396388946127
3,1927,27349.03686987666
3,1928,27366.72905055983
3,1929,27364.353500968682
3,1930,27342.484286512557
3,1931,27327.21193472196
3,1932,27307.62011962258
3,1933,27302.176002462813
3,1934,27288.38701995446
3,1935,27312.048527299197
3,1936,27303.394498989466
3,1937,27320.105888111673
3,1938,27308.493305650874
3,1939,27346.653438605666
3,1940,27347.4872520906
3,1941,27343.5653953135
3,1942,27309.011788637537
3,1943,27343.822920582
3,1944,27335.767239538447
3,1945,27346.851258907653
3,1946,27334.915939156373
3,1947,27328.253610872012
3,1948,27347.39377330807
3,1949,27330.943445486864
3,1950,27356.151744482537
3,1951,27368.26735700394
3,1952,27390.655256137186
3,1953,27363.39502608994
3,1954,27324.22393082053
3,1955,27316.576274249317
3,1956,27317.96033803187
3,1957,27333.463204299012
3,1958,27315.23211440392
3,1959,27284.57332441909
3,1960,27279.904886688168
3,1961,27290.045287296016
3,1962,27309.41305226109
3,1963,27308.1102427664
3,1964,27359.372518881286
3,1965,27342.756121787403
3,1966,27363.5711917695
3,1967,27346.491021797116
3,1968,27311.38487615006
3,1969,27345.038617525697
3,1970,27331.804543177666
3,1971,27308.83441203586
3,1972,27324.001271036956
3,1973,27293.776906871222
3,1974,27329.3924096719
3,1975,27346.135631104153
3,1976,27343.868157237226
3,1977,27346.594181319633
3,1978,27335.631052451452
3,1979,27320.965557668267
3,1980,27325.769083286203
3,1981,27294.942824798258
3,1982,27287.772563557573
3,1983,27358.310680581988
3,1984,27362.872938826218
3,1985,27352.24778387307
3,1986,27335.53974644345
3,1987,27349.94195012091
3,1988,27384.018567399587
3,1989,27398.694867448143
3,1990,27370.312859131685
3,1991,27367.206450049358
3,1992,27372.125712002733
3,1993,27402.358179117717
3,1994,27428.044254748307
3,1995,27401.763141604697
3,1996,27401.369486691627
3,1997,27396.22943370821
3,1998,27373.58574552191
3,1999,27328.23372801956
